config_name,theta_hat,se,true_effect,true_theta,z,run_id,seed_used,n_samples,d_dim,dgp_num,n_runs,nonlinearity,sparse_k,skewness,interaction,heterogeneous,noise_std,rho,s1,a0,a1,b0,b1
0_base,0.9761933564631612,0.037387018431608174,1.0,1.0,-0.6367622917133161,0,60,800,5,3,100,0.0,0,0.3,0.0,0.0,1.0,0.7,1.0,1.0,0.25,1.0,0.25
0_base,0.9665278050192683,0.037476447847942754,1.0,1.0,-0.8931528173785863,1,61,800,5,3,100,0.0,0,0.3,0.0,0.0,1.0,0.7,1.0,1.0,0.25,1.0,0.25
0_base,1.0456226714291725,0.0366916553131182,1.0,1.0,1.2434072826597515,2,62,800,5,3,100,0.0,0,0.3,0.0,0.0,1.0,0.7,1.0,1.0,0.25,1.0,0.25
0_base,0.9807352228758818,0.03498999143069555,1.0,1.0,-0.5505796468191725,3,63,800,5,3,100,0.0,0,0.3,0.0,0.0,1.0,0.7,1.0,1.0,0.25,1.0,0.25
0_base,1.0208295162919971,0.03525196853373086,1.0,1.0,0.5908752662157408,4,64,800,5,3,100,0.0,0,0.3,0.0,0.0,1.0,0.7,1.0,1.0,0.25,1.0,0.25
0_base,0.956897314512465,0.032462668001593434,1.0,1.0,-1.32776164563613,5,65,800,5,3,100,0.0,0,0.3,0.0,0.0,1.0,0.7,1.0,1.0,0.25,1.0,0.25
0_base,1.031859978216794,0.032484389511722736,1.0,1.0,0.980778112062001,6,66,800,5,3,100,0.0,0,0.3,0.0,0.0,1.0,0.7,1.0,1.0,0.25,1.0,0.25
0_base,0.9848532360711013,0.03863974788163106,1.0,1.0,-0.39199955380918267,7,67,800,5,3,100,0.0,0,0.3,0.0,0.0,1.0,0.7,1.0,1.0,0.25,1.0,0.25
0_base,0.9655781874257542,0.03222772971872698,1.0,1.0,-1.068080590059184,8,68,800,5,3,100,0.0,0,0.3,0.0,0.0,1.0,0.7,1.0,1.0,0.25,1.0,0.25
0_base,1.0066317176302257,0.037828568109668,1.0,1.0,0.1753097714668943,9,69,800,5,3,100,0.0,0,0.3,0.0,0.0,1.0,0.7,1.0,1.0,0.25,1.0,0.25
0_base,0.9716930741663992,0.03433983519861164,1.0,1.0,-0.8243174630827956,10,70,800,5,3,100,0.0,0,0.3,0.0,0.0,1.0,0.7,1.0,1.0,0.25,1.0,0.25
0_base,0.9765817128947826,0.03434598202622652,1.0,1.0,-0.6818348384196811,11,71,800,5,3,100,0.0,0,0.3,0.0,0.0,1.0,0.7,1.0,1.0,0.25,1.0,0.25
0_base,1.0137172817445625,0.03734390214067611,1.0,1.0,0.36732320293923626,12,72,800,5,3,100,0.0,0,0.3,0.0,0.0,1.0,0.7,1.0,1.0,0.25,1.0,0.25
0_base,0.9539622308262409,0.037065699415357395,1.0,1.0,-1.2420585581796506,13,73,800,5,3,100,0.0,0,0.3,0.0,0.0,1.0,0.7,1.0,1.0,0.25,1.0,0.25
0_base,0.9904031400377719,0.03481228417342402,1.0,1.0,-0.2756745266820057,14,74,800,5,3,100,0.0,0,0.3,0.0,0.0,1.0,0.7,1.0,1.0,0.25,1.0,0.25
0_base,0.9792806576766062,0.034695553544275164,1.0,1.0,-0.5971757244614568,15,75,800,5,3,100,0.0,0,0.3,0.0,0.0,1.0,0.7,1.0,1.0,0.25,1.0,0.25
0_base,0.973757913352889,0.03347200545650756,1.0,1.0,-0.7840010268045978,16,76,800,5,3,100,0.0,0,0.3,0.0,0.0,1.0,0.7,1.0,1.0,0.25,1.0,0.25
0_base,1.0140568330075683,0.03673655426026288,1.0,1.0,0.3826388536056386,17,77,800,5,3,100,0.0,0,0.3,0.0,0.0,1.0,0.7,1.0,1.0,0.25,1.0,0.25
0_base,1.0029775362820808,0.03552545093511564,1.0,1.0,0.08381417276078999,18,78,800,5,3,100,0.0,0,0.3,0.0,0.0,1.0,0.7,1.0,1.0,0.25,1.0,0.25
0_base,1.0518939564258487,0.034521905047843075,1.0,1.0,1.503218213303412,19,79,800,5,3,100,0.0,0,0.3,0.0,0.0,1.0,0.7,1.0,1.0,0.25,1.0,0.25
0_base,0.9951361947155714,0.035888710553853585,1.0,1.0,-0.13552465968734534,20,80,800,5,3,100,0.0,0,0.3,0.0,0.0,1.0,0.7,1.0,1.0,0.25,1.0,0.25
0_base,0.982716343092137,0.032913641084953385,1.0,1.0,-0.525121388522534,21,81,800,5,3,100,0.0,0,0.3,0.0,0.0,1.0,0.7,1.0,1.0,0.25,1.0,0.25
0_base,1.0002155624224873,0.03388371333815938,1.0,1.0,0.006361829954586527,22,82,800,5,3,100,0.0,0,0.3,0.0,0.0,1.0,0.7,1.0,1.0,0.25,1.0,0.25
0_base,1.0230714875643279,0.03731118876819797,1.0,1.0,0.6183530551026759,23,83,800,5,3,100,0.0,0,0.3,0.0,0.0,1.0,0.7,1.0,1.0,0.25,1.0,0.25
0_base,0.9481319513556216,0.03423484531021179,1.0,1.0,-1.5150659561738085,24,84,800,5,3,100,0.0,0,0.3,0.0,0.0,1.0,0.7,1.0,1.0,0.25,1.0,0.25
0_base,1.0416329296786793,0.03212417119910165,1.0,1.0,1.2960001184355388,25,85,800,5,3,100,0.0,0,0.3,0.0,0.0,1.0,0.7,1.0,1.0,0.25,1.0,0.25
0_base,0.9990217093479115,0.03895923228491826,1.0,1.0,-0.025110624483923788,26,86,800,5,3,100,0.0,0,0.3,0.0,0.0,1.0,0.7,1.0,1.0,0.25,1.0,0.25
0_base,0.9445315844983592,0.03810935662331133,1.0,1.0,-1.455506479679351,27,87,800,5,3,100,0.0,0,0.3,0.0,0.0,1.0,0.7,1.0,1.0,0.25,1.0,0.25
0_base,0.940847814358859,0.0331886351660559,1.0,1.0,-1.7823024461590289,28,88,800,5,3,100,0.0,0,0.3,0.0,0.0,1.0,0.7,1.0,1.0,0.25,1.0,0.25
0_base,1.0258444595958804,0.03663839063483271,1.0,1.0,0.7053928720141354,29,89,800,5,3,100,0.0,0,0.3,0.0,0.0,1.0,0.7,1.0,1.0,0.25,1.0,0.25
0_base,0.9763725925056758,0.03756321446361403,1.0,1.0,-0.6290038760450375,30,90,800,5,3,100,0.0,0,0.3,0.0,0.0,1.0,0.7,1.0,1.0,0.25,1.0,0.25
0_base,0.8850381503844882,0.033892853031219236,1.0,1.0,-3.391920105091733,31,91,800,5,3,100,0.0,0,0.3,0.0,0.0,1.0,0.7,1.0,1.0,0.25,1.0,0.25
0_base,0.9885194344048988,0.03688317632017816,1.0,1.0,-0.3112683543152552,32,92,800,5,3,100,0.0,0,0.3,0.0,0.0,1.0,0.7,1.0,1.0,0.25,1.0,0.25
0_base,0.9694446349953972,0.03831076619214314,1.0,1.0,-0.797566011897437,33,93,800,5,3,100,0.0,0,0.3,0.0,0.0,1.0,0.7,1.0,1.0,0.25,1.0,0.25
0_base,1.0178330687713388,0.036896876009032985,1.0,1.0,0.4833219150307737,34,94,800,5,3,100,0.0,0,0.3,0.0,0.0,1.0,0.7,1.0,1.0,0.25,1.0,0.25
0_base,0.9542395484159055,0.03507106476577218,1.0,1.0,-1.3047921952102997,35,95,800,5,3,100,0.0,0,0.3,0.0,0.0,1.0,0.7,1.0,1.0,0.25,1.0,0.25
0_base,0.9618063920033888,0.038348561980862936,1.0,1.0,-0.9959593273841908,36,96,800,5,3,100,0.0,0,0.3,0.0,0.0,1.0,0.7,1.0,1.0,0.25,1.0,0.25
0_base,0.9767267947462749,0.03574562624148679,1.0,1.0,-0.6510784031729723,37,97,800,5,3,100,0.0,0,0.3,0.0,0.0,1.0,0.7,1.0,1.0,0.25,1.0,0.25
0_base,1.030761453095787,0.03427575748637424,1.0,1.0,0.8974696797879852,38,98,800,5,3,100,0.0,0,0.3,0.0,0.0,1.0,0.7,1.0,1.0,0.25,1.0,0.25
0_base,0.9926678262928437,0.03691956369555463,1.0,1.0,-0.19859860120825792,39,99,800,5,3,100,0.0,0,0.3,0.0,0.0,1.0,0.7,1.0,1.0,0.25,1.0,0.25
0_base,0.9556414914990178,0.03494402258914967,1.0,1.0,-1.2694162038103707,40,100,800,5,3,100,0.0,0,0.3,0.0,0.0,1.0,0.7,1.0,1.0,0.25,1.0,0.25
0_base,0.9810820270970526,0.033486006578898005,1.0,1.0,-0.5649515972701563,41,101,800,5,3,100,0.0,0,0.3,0.0,0.0,1.0,0.7,1.0,1.0,0.25,1.0,0.25
0_base,1.021745571679817,0.0359858125528747,1.0,1.0,0.6042818026650287,42,102,800,5,3,100,0.0,0,0.3,0.0,0.0,1.0,0.7,1.0,1.0,0.25,1.0,0.25
0_base,0.9873856391671018,0.03290074941915977,1.0,1.0,-0.38340648938386374,43,103,800,5,3,100,0.0,0,0.3,0.0,0.0,1.0,0.7,1.0,1.0,0.25,1.0,0.25
0_base,0.9911813447553222,0.03430111555378532,1.0,1.0,-0.25709528982664975,44,104,800,5,3,100,0.0,0,0.3,0.0,0.0,1.0,0.7,1.0,1.0,0.25,1.0,0.25
0_base,0.8991685879336397,0.03561134158933467,1.0,1.0,-2.8314409838622456,45,105,800,5,3,100,0.0,0,0.3,0.0,0.0,1.0,0.7,1.0,1.0,0.25,1.0,0.25
0_base,0.9672882261840233,0.036121752085892106,1.0,1.0,-0.9055976503629444,46,106,800,5,3,100,0.0,0,0.3,0.0,0.0,1.0,0.7,1.0,1.0,0.25,1.0,0.25
0_base,1.0251793856680136,0.03829417792965123,1.0,1.0,0.6575251651640015,47,107,800,5,3,100,0.0,0,0.3,0.0,0.0,1.0,0.7,1.0,1.0,0.25,1.0,0.25
0_base,0.9353075599222088,0.037077034763952306,1.0,1.0,-1.7448115926651075,48,108,800,5,3,100,0.0,0,0.3,0.0,0.0,1.0,0.7,1.0,1.0,0.25,1.0,0.25
0_base,0.9874866684393591,0.03673950794784493,1.0,1.0,-0.34059605747591254,49,109,800,5,3,100,0.0,0,0.3,0.0,0.0,1.0,0.7,1.0,1.0,0.25,1.0,0.25
0_base,1.0080075183966868,0.03533475617022951,1.0,1.0,0.22661875344800983,50,110,800,5,3,100,0.0,0,0.3,0.0,0.0,1.0,0.7,1.0,1.0,0.25,1.0,0.25
0_base,0.8901742696520851,0.03696032614880932,1.0,1.0,-2.971449167026707,51,111,800,5,3,100,0.0,0,0.3,0.0,0.0,1.0,0.7,1.0,1.0,0.25,1.0,0.25
0_base,0.9490580943280984,0.039011897229464784,1.0,1.0,-1.3058043645574446,52,112,800,5,3,100,0.0,0,0.3,0.0,0.0,1.0,0.7,1.0,1.0,0.25,1.0,0.25
0_base,0.966019246424905,0.035029164426761975,1.0,1.0,-0.9700703437029176,53,113,800,5,3,100,0.0,0,0.3,0.0,0.0,1.0,0.7,1.0,1.0,0.25,1.0,0.25
0_base,1.0077963027823214,0.03302356653464204,1.0,1.0,0.23608300375863261,54,114,800,5,3,100,0.0,0,0.3,0.0,0.0,1.0,0.7,1.0,1.0,0.25,1.0,0.25
0_base,1.0382310414584102,0.03542949607684397,1.0,1.0,1.07907381396252,55,115,800,5,3,100,0.0,0,0.3,0.0,0.0,1.0,0.7,1.0,1.0,0.25,1.0,0.25
0_base,0.9753168620258851,0.034488151477014756,1.0,1.0,-0.7156990710437304,56,116,800,5,3,100,0.0,0,0.3,0.0,0.0,1.0,0.7,1.0,1.0,0.25,1.0,0.25
0_base,0.9464055242419069,0.039056188087397144,1.0,1.0,-1.372240312806851,57,117,800,5,3,100,0.0,0,0.3,0.0,0.0,1.0,0.7,1.0,1.0,0.25,1.0,0.25
0_base,0.988011180637003,0.03571600833820868,1.0,1.0,-0.33567075159884174,58,118,800,5,3,100,0.0,0,0.3,0.0,0.0,1.0,0.7,1.0,1.0,0.25,1.0,0.25
0_base,0.9907786081307373,0.039268113495586864,1.0,1.0,-0.23483154774672546,59,119,800,5,3,100,0.0,0,0.3,0.0,0.0,1.0,0.7,1.0,1.0,0.25,1.0,0.25
0_base,0.9951576277674803,0.034451346503058984,1.0,1.0,-0.1405568351904547,60,120,800,5,3,100,0.0,0,0.3,0.0,0.0,1.0,0.7,1.0,1.0,0.25,1.0,0.25
0_base,0.9563684520605975,0.03688179873917373,1.0,1.0,-1.1830103040245585,61,121,800,5,3,100,0.0,0,0.3,0.0,0.0,1.0,0.7,1.0,1.0,0.25,1.0,0.25
0_base,1.057246803282321,0.035330169279130595,1.0,1.0,1.6203376448619649,62,122,800,5,3,100,0.0,0,0.3,0.0,0.0,1.0,0.7,1.0,1.0,0.25,1.0,0.25
0_base,1.0466665231427321,0.03599195510898766,1.0,1.0,1.2965820556682925,63,123,800,5,3,100,0.0,0,0.3,0.0,0.0,1.0,0.7,1.0,1.0,0.25,1.0,0.25
0_base,0.9091130309081711,0.035516647090146326,1.0,1.0,-2.5589963168861294,64,124,800,5,3,100,0.0,0,0.3,0.0,0.0,1.0,0.7,1.0,1.0,0.25,1.0,0.25
0_base,1.017872150591115,0.03502543355477154,1.0,1.0,0.5102620803584681,65,125,800,5,3,100,0.0,0,0.3,0.0,0.0,1.0,0.7,1.0,1.0,0.25,1.0,0.25
0_base,1.005677818346077,0.036330018471190176,1.0,1.0,0.15628448828286684,66,126,800,5,3,100,0.0,0,0.3,0.0,0.0,1.0,0.7,1.0,1.0,0.25,1.0,0.25
0_base,0.9417761373053805,0.03437562546071433,1.0,1.0,-1.6937542783377082,67,127,800,5,3,100,0.0,0,0.3,0.0,0.0,1.0,0.7,1.0,1.0,0.25,1.0,0.25
0_base,0.9699848222289685,0.038375456992597576,1.0,1.0,-0.7821451553481497,68,128,800,5,3,100,0.0,0,0.3,0.0,0.0,1.0,0.7,1.0,1.0,0.25,1.0,0.25
0_base,0.9882552216629483,0.035225113143555815,1.0,1.0,-0.3334205993657766,69,129,800,5,3,100,0.0,0,0.3,0.0,0.0,1.0,0.7,1.0,1.0,0.25,1.0,0.25
0_base,0.971112503363122,0.03512411254953374,1.0,1.0,-0.8224406124464895,70,130,800,5,3,100,0.0,0,0.3,0.0,0.0,1.0,0.7,1.0,1.0,0.25,1.0,0.25
0_base,1.0248558496620925,0.036433230223067485,1.0,1.0,0.6822301923246761,71,131,800,5,3,100,0.0,0,0.3,0.0,0.0,1.0,0.7,1.0,1.0,0.25,1.0,0.25
0_base,0.9377548106251756,0.03572581722661467,1.0,1.0,-1.7423027436991296,72,132,800,5,3,100,0.0,0,0.3,0.0,0.0,1.0,0.7,1.0,1.0,0.25,1.0,0.25
0_base,0.9920979285482724,0.034294843447901166,1.0,1.0,-0.23041573184995,73,133,800,5,3,100,0.0,0,0.3,0.0,0.0,1.0,0.7,1.0,1.0,0.25,1.0,0.25
0_base,0.9725525965082986,0.03519554171439579,1.0,1.0,-0.7798545541486797,74,134,800,5,3,100,0.0,0,0.3,0.0,0.0,1.0,0.7,1.0,1.0,0.25,1.0,0.25
0_base,1.0049698120688295,0.03600821636019797,1.0,1.0,0.1380188348991078,75,135,800,5,3,100,0.0,0,0.3,0.0,0.0,1.0,0.7,1.0,1.0,0.25,1.0,0.25
0_base,0.9907185189062174,0.038853388411835436,1.0,1.0,-0.2388847272572826,76,136,800,5,3,100,0.0,0,0.3,0.0,0.0,1.0,0.7,1.0,1.0,0.25,1.0,0.25
0_base,0.9538642426530174,0.03609766599607831,1.0,1.0,-1.278081451360175,77,137,800,5,3,100,0.0,0,0.3,0.0,0.0,1.0,0.7,1.0,1.0,0.25,1.0,0.25
0_base,0.9945059992647346,0.037803069901756636,1.0,1.0,-0.1453321317433563,78,138,800,5,3,100,0.0,0,0.3,0.0,0.0,1.0,0.7,1.0,1.0,0.25,1.0,0.25
0_base,1.0004377108004356,0.03750488334963516,1.0,1.0,0.011670768213171905,79,139,800,5,3,100,0.0,0,0.3,0.0,0.0,1.0,0.7,1.0,1.0,0.25,1.0,0.25
0_base,0.8962224932669173,0.03769800381073304,1.0,1.0,-2.7528647737983443,80,140,800,5,3,100,0.0,0,0.3,0.0,0.0,1.0,0.7,1.0,1.0,0.25,1.0,0.25
0_base,1.004356801860523,0.03609705185457292,1.0,1.0,0.12069688898903691,81,141,800,5,3,100,0.0,0,0.3,0.0,0.0,1.0,0.7,1.0,1.0,0.25,1.0,0.25
0_base,0.9723513131433795,0.035266714280725565,1.0,1.0,-0.7839881718646924,82,142,800,5,3,100,0.0,0,0.3,0.0,0.0,1.0,0.7,1.0,1.0,0.25,1.0,0.25
0_base,0.9141998929618548,0.038363219922489165,1.0,1.0,-2.236519958739119,83,143,800,5,3,100,0.0,0,0.3,0.0,0.0,1.0,0.7,1.0,1.0,0.25,1.0,0.25
0_base,1.0145258567571716,0.03713918899388311,1.0,1.0,0.39111938495921345,84,144,800,5,3,100,0.0,0,0.3,0.0,0.0,1.0,0.7,1.0,1.0,0.25,1.0,0.25
0_base,0.9560696537671676,0.037660898512438055,1.0,1.0,-1.1664710075444376,85,145,800,5,3,100,0.0,0,0.3,0.0,0.0,1.0,0.7,1.0,1.0,0.25,1.0,0.25
0_base,1.0013093959117114,0.03457662114856999,1.0,1.0,0.03786940042768098,86,146,800,5,3,100,0.0,0,0.3,0.0,0.0,1.0,0.7,1.0,1.0,0.25,1.0,0.25
0_base,1.0325573319823533,0.03495879909246206,1.0,1.0,0.9313057893162429,87,147,800,5,3,100,0.0,0,0.3,0.0,0.0,1.0,0.7,1.0,1.0,0.25,1.0,0.25
0_base,0.9741313800583262,0.03705567201835662,1.0,1.0,-0.6981014925018495,88,148,800,5,3,100,0.0,0,0.3,0.0,0.0,1.0,0.7,1.0,1.0,0.25,1.0,0.25
0_base,1.0238654902751358,0.030964938882829297,1.0,1.0,0.7707262192714922,89,149,800,5,3,100,0.0,0,0.3,0.0,0.0,1.0,0.7,1.0,1.0,0.25,1.0,0.25
0_base,0.9372471830622792,0.03972038454810193,1.0,1.0,-1.579864285093371,90,150,800,5,3,100,0.0,0,0.3,0.0,0.0,1.0,0.7,1.0,1.0,0.25,1.0,0.25
0_base,1.0067746498741659,0.03505639102345033,1.0,1.0,0.193250065862002,91,151,800,5,3,100,0.0,0,0.3,0.0,0.0,1.0,0.7,1.0,1.0,0.25,1.0,0.25
0_base,1.0796676754470844,0.03395302399933489,1.0,1.0,2.346408833824199,92,152,800,5,3,100,0.0,0,0.3,0.0,0.0,1.0,0.7,1.0,1.0,0.25,1.0,0.25
0_base,0.9594096947210947,0.03617232072849707,1.0,1.0,-1.1221371607193469,93,153,800,5,3,100,0.0,0,0.3,0.0,0.0,1.0,0.7,1.0,1.0,0.25,1.0,0.25
0_base,0.9541800042528245,0.03658031470175734,1.0,1.0,-1.2525861551698,94,154,800,5,3,100,0.0,0,0.3,0.0,0.0,1.0,0.7,1.0,1.0,0.25,1.0,0.25
0_base,1.0651364274506139,0.03654973198003872,1.0,1.0,1.7821314664136936,95,155,800,5,3,100,0.0,0,0.3,0.0,0.0,1.0,0.7,1.0,1.0,0.25,1.0,0.25
0_base,1.0147677369043786,0.03976985118559597,1.0,1.0,0.3713299513106363,96,156,800,5,3,100,0.0,0,0.3,0.0,0.0,1.0,0.7,1.0,1.0,0.25,1.0,0.25
0_base,0.9572522516005258,0.0348069622419343,1.0,1.0,-1.2281378680031159,97,157,800,5,3,100,0.0,0,0.3,0.0,0.0,1.0,0.7,1.0,1.0,0.25,1.0,0.25
0_base,0.9894428823055561,0.03767791644230019,1.0,1.0,-0.2801937763891755,98,158,800,5,3,100,0.0,0,0.3,0.0,0.0,1.0,0.7,1.0,1.0,0.25,1.0,0.25
0_base,0.9980122321132006,0.03263433917628024,1.0,1.0,-0.060910315237644494,99,159,800,5,3,100,0.0,0,0.3,0.0,0.0,1.0,0.7,1.0,1.0,0.25,1.0,0.25
inter_0.25,0.955282751002978,0.040481409376553895,1.0,0.989144450938297,-0.8364753218036683,0,61,800,5,3,100,0.0,0,0.3,0.25,0.0,1.0,0.7,1.0,1.0,0.25,1.0,0.25
inter_0.25,1.0334212891691745,0.03701790536205966,1.0,1.0023373697980287,0.8396995742229203,1,62,800,5,3,100,0.0,0,0.3,0.25,0.0,1.0,0.7,1.0,1.0,0.25,1.0,0.25
inter_0.25,0.9798400471936727,0.03753860149513437,1.0,0.9958903421341587,-0.4275677383070978,2,63,800,5,3,100,0.0,0,0.3,0.25,0.0,1.0,0.7,1.0,1.0,0.25,1.0,0.25
inter_0.25,1.0395721012331376,0.03974350773762102,1.0,0.9992489967431459,1.0145834322475265,3,64,800,5,3,100,0.0,0,0.3,0.25,0.0,1.0,0.7,1.0,1.0,0.25,1.0,0.25
inter_0.25,0.9507310832637416,0.037200402197768274,1.0,0.9980939981327789,-1.2731828709066677,4,65,800,5,3,100,0.0,0,0.3,0.25,0.0,1.0,0.7,1.0,1.0,0.25,1.0,0.25
inter_0.25,1.0223384206384065,0.03652429800218599,1.0,1.0023438936181035,0.5474308368392554,5,66,800,5,3,100,0.0,0,0.3,0.25,0.0,1.0,0.7,1.0,1.0,0.25,1.0,0.25
inter_0.25,1.0173018706980081,0.04101729462986619,1.0,1.007178593091991,0.24680510251512391,6,67,800,5,3,100,0.0,0,0.3,0.25,0.0,1.0,0.7,1.0,1.0,0.25,1.0,0.25
inter_0.25,0.9925264333557844,0.03699530415933557,1.0,1.015998434162466,-0.6344589222888849,7,68,800,5,3,100,0.0,0,0.3,0.25,0.0,1.0,0.7,1.0,1.0,0.25,1.0,0.25
inter_0.25,1.0129901448281078,0.03883745607139195,1.0,1.0002277107826527,0.32861148325458955,8,69,800,5,3,100,0.0,0,0.3,0.25,0.0,1.0,0.7,1.0,1.0,0.25,1.0,0.25
inter_0.25,0.948449263212103,0.03742158154777321,1.0,0.986463773273099,-1.0158445605102455,9,70,800,5,3,100,0.0,0,0.3,0.25,0.0,1.0,0.7,1.0,1.0,0.25,1.0,0.25
inter_0.25,0.9705744199790873,0.03775459166277132,1.0,0.99564592685755,-0.6640651050448251,10,71,800,5,3,100,0.0,0,0.3,0.25,0.0,1.0,0.7,1.0,1.0,0.25,1.0,0.25
inter_0.25,1.0307723815959087,0.03903216768924759,1.0,1.0137972625105487,0.434900752131074,11,72,800,5,3,100,0.0,0,0.3,0.25,0.0,1.0,0.7,1.0,1.0,0.25,1.0,0.25
inter_0.25,0.9365544309061667,0.040426249926407386,1.0,0.9925900672138477,-1.3861200682647818,12,73,800,5,3,100,0.0,0,0.3,0.25,0.0,1.0,0.7,1.0,1.0,0.25,1.0,0.25
inter_0.25,1.0025005717414128,0.037933492450718045,1.0,1.0112838419446353,-0.23154393744877,13,74,800,5,3,100,0.0,0,0.3,0.25,0.0,1.0,0.7,1.0,1.0,0.25,1.0,0.25
inter_0.25,0.9642824389465179,0.037877114833520804,1.0,0.9926346036407971,-0.7485302093069646,14,75,800,5,3,100,0.0,0,0.3,0.25,0.0,1.0,0.7,1.0,1.0,0.25,1.0,0.25
inter_0.25,0.946558273702239,0.03678071195000805,1.0,0.9848727022598766,-1.0416989374679348,15,76,800,5,3,100,0.0,0,0.3,0.25,0.0,1.0,0.7,1.0,1.0,0.25,1.0,0.25
inter_0.25,0.9784439245377535,0.03872983553853914,1.0,0.9973155189265458,-0.4872624457703569,16,77,800,5,3,100,0.0,0,0.3,0.25,0.0,1.0,0.7,1.0,1.0,0.25,1.0,0.25
inter_0.25,1.012206341767122,0.039372088385326715,1.0,1.0053330525007507,0.1745726363078313,17,78,800,5,3,100,0.0,0,0.3,0.25,0.0,1.0,0.7,1.0,1.0,0.25,1.0,0.25
inter_0.25,1.0277555976505892,0.03769851609732266,1.0,0.9987952656199368,0.7682088057760226,18,79,800,5,3,100,0.0,0,0.3,0.25,0.0,1.0,0.7,1.0,1.0,0.25,1.0,0.25
inter_0.25,1.0044626189208923,0.037753511987850194,1.0,1.0103592432125028,-0.15618743743650068,19,80,800,5,3,100,0.0,0,0.3,0.25,0.0,1.0,0.7,1.0,1.0,0.25,1.0,0.25
inter_0.25,0.9851960835007741,0.035405700193335825,1.0,1.0027232563996475,-0.49503816626037017,20,81,800,5,3,100,0.0,0,0.3,0.25,0.0,1.0,0.7,1.0,1.0,0.25,1.0,0.25
inter_0.25,0.9968294033737638,0.0361040071193422,1.0,0.9950737992746015,0.04862629495277746,21,82,800,5,3,100,0.0,0,0.3,0.25,0.0,1.0,0.7,1.0,1.0,0.25,1.0,0.25
inter_0.25,1.0173839619341862,0.038949912627512476,1.0,0.9970904863430254,0.5210146627344778,22,83,800,5,3,100,0.0,0,0.3,0.25,0.0,1.0,0.7,1.0,1.0,0.25,1.0,0.25
inter_0.25,0.9394880634187519,0.03832179543021184,1.0,1.006580117488142,-1.7507544549047016,23,84,800,5,3,100,0.0,0,0.3,0.25,0.0,1.0,0.7,1.0,1.0,0.25,1.0,0.25
inter_0.25,1.0728935549348628,0.03530319010709211,1.0,1.0037818022458098,1.957663102949131,24,85,800,5,3,100,0.0,0,0.3,0.25,0.0,1.0,0.7,1.0,1.0,0.25,1.0,0.25
inter_0.25,0.9902359525199361,0.04004807053474931,1.0,0.9904679117812657,-0.00579202089469714,25,86,800,5,3,100,0.0,0,0.3,0.25,0.0,1.0,0.7,1.0,1.0,0.25,1.0,0.25
inter_0.25,0.9580791359826275,0.04161932769784901,1.0,0.9857666476501546,-0.6652561009282738,26,87,800,5,3,100,0.0,0,0.3,0.25,0.0,1.0,0.7,1.0,1.0,0.25,1.0,0.25
inter_0.25,0.9412507471320106,0.03645560025184911,1.0,1.0110882715709886,-1.915687136037093,27,88,800,5,3,100,0.0,0,0.3,0.25,0.0,1.0,0.7,1.0,1.0,0.25,1.0,0.25
inter_0.25,1.02293634419957,0.04087837573953345,1.0,0.9943693815547843,0.6988282222074362,28,89,800,5,3,100,0.0,0,0.3,0.25,0.0,1.0,0.7,1.0,1.0,0.25,1.0,0.25
inter_0.25,0.9767726763335429,0.04169473981207549,1.0,1.001198901043688,-0.5858346837092087,29,90,800,5,3,100,0.0,0,0.3,0.25,0.0,1.0,0.7,1.0,1.0,0.25,1.0,0.25
inter_0.25,0.8729901308997444,0.03509395177096543,1.0,0.9785294771042397,-3.0073371871392376,30,91,800,5,3,100,0.0,0,0.3,0.25,0.0,1.0,0.7,1.0,1.0,0.25,1.0,0.25
inter_0.25,0.9893695905377635,0.042883944746500216,1.0,0.9919335546387944,-0.059788438684622795,31,92,800,5,3,100,0.0,0,0.3,0.25,0.0,1.0,0.7,1.0,1.0,0.25,1.0,0.25
inter_0.25,0.9726059227667164,0.04260447631854152,1.0,1.0128397958649078,-0.9443578838377024,32,93,800,5,3,100,0.0,0,0.3,0.25,0.0,1.0,0.7,1.0,1.0,0.25,1.0,0.25
inter_0.25,1.0062155544615643,0.04122106469679363,1.0,1.0097851811242569,-0.08659714854406035,33,94,800,5,3,100,0.0,0,0.3,0.25,0.0,1.0,0.7,1.0,1.0,0.25,1.0,0.25
inter_0.25,0.9377397915818604,0.03947806898774357,1.0,0.9936626509974095,-1.4165550861393699,34,95,800,5,3,100,0.0,0,0.3,0.25,0.0,1.0,0.7,1.0,1.0,0.25,1.0,0.25
inter_0.25,0.9838931840031765,0.043357761280782114,1.0,1.0100516005355968,-0.6033156639020197,35,96,800,5,3,100,0.0,0,0.3,0.25,0.0,1.0,0.7,1.0,1.0,0.25,1.0,0.25
inter_0.25,0.9799533888778046,0.03725835036658398,1.0,1.0114190574525972,-0.8445266165893732,36,97,800,5,3,100,0.0,0,0.3,0.25,0.0,1.0,0.7,1.0,1.0,0.25,1.0,0.25
inter_0.25,1.0371181726954222,0.04097148931823771,1.0,1.0012800120511145,0.8747097369573766,37,98,800,5,3,100,0.0,0,0.3,0.25,0.0,1.0,0.7,1.0,1.0,0.25,1.0,0.25
inter_0.25,0.9811581863028992,0.040422721010300096,1.0,0.9945329025793928,-0.3308712511729617,38,99,800,5,3,100,0.0,0,0.3,0.25,0.0,1.0,0.7,1.0,1.0,0.25,1.0,0.25
inter_0.25,0.9788917278127006,0.03730884779605129,1.0,1.0170308762670097,-1.022254792289396,39,100,800,5,3,100,0.0,0,0.3,0.25,0.0,1.0,0.7,1.0,1.0,0.25,1.0,0.25
inter_0.25,1.0101297099706634,0.03791611990622755,1.0,1.0069623691414042,0.08353546821490451,40,101,800,5,3,100,0.0,0,0.3,0.25,0.0,1.0,0.7,1.0,1.0,0.25,1.0,0.25
inter_0.25,1.0185047121234718,0.04028221924065759,1.0,0.9965237685481841,0.5456735996586282,41,102,800,5,3,100,0.0,0,0.3,0.25,0.0,1.0,0.7,1.0,1.0,0.25,1.0,0.25
inter_0.25,0.9768257919341314,0.035470659289335515,1.0,1.0062357313950272,-0.8291342774600767,42,103,800,5,3,100,0.0,0,0.3,0.25,0.0,1.0,0.7,1.0,1.0,0.25,1.0,0.25
inter_0.25,0.9931122684529632,0.03891744870458844,1.0,1.0139021634987844,-0.534204983570005,43,104,800,5,3,100,0.0,0,0.3,0.25,0.0,1.0,0.7,1.0,1.0,0.25,1.0,0.25
inter_0.25,0.9289652717170629,0.0401165384482623,1.0,1.0143024075847722,-2.127230792301966,44,105,800,5,3,100,0.0,0,0.3,0.25,0.0,1.0,0.7,1.0,1.0,0.25,1.0,0.25
inter_0.25,0.9655217899830993,0.03786774076556611,1.0,0.9941575295650716,-0.7562040671835206,45,106,800,5,3,100,0.0,0,0.3,0.25,0.0,1.0,0.7,1.0,1.0,0.25,1.0,0.25
inter_0.25,1.0288409702101888,0.040785108134420794,1.0,1.005430858360022,0.5739867545039008,46,107,800,5,3,100,0.0,0,0.3,0.25,0.0,1.0,0.7,1.0,1.0,0.25,1.0,0.25
inter_0.25,0.9575198571811461,0.04019609027833022,1.0,1.011396347571961,-1.3403415610263913,47,108,800,5,3,100,0.0,0,0.3,0.25,0.0,1.0,0.7,1.0,1.0,0.25,1.0,0.25
inter_0.25,1.0162494606381118,0.04000935861241758,1.0,0.9941494647876848,0.5523706606875693,48,109,800,5,3,100,0.0,0,0.3,0.25,0.0,1.0,0.7,1.0,1.0,0.25,1.0,0.25
inter_0.25,0.9950750640497003,0.040783913147203955,1.0,0.9877046866499261,0.18071775930798567,49,110,800,5,3,100,0.0,0,0.3,0.25,0.0,1.0,0.7,1.0,1.0,0.25,1.0,0.25
inter_0.25,0.8948370664264315,0.040018539376922034,1.0,1.00914860319525,-2.856464492423225,50,111,800,5,3,100,0.0,0,0.3,0.25,0.0,1.0,0.7,1.0,1.0,0.25,1.0,0.25
inter_0.25,0.9328811556893138,0.040684227432897194,1.0,0.9843197922305513,-1.2643385357649508,51,112,800,5,3,100,0.0,0,0.3,0.25,0.0,1.0,0.7,1.0,1.0,0.25,1.0,0.25
inter_0.25,0.9528237495517697,0.03812772052300831,1.0,1.0122872993512815,-1.559588377795317,52,113,800,5,3,100,0.0,0,0.3,0.25,0.0,1.0,0.7,1.0,1.0,0.25,1.0,0.25
inter_0.25,1.0036171635214988,0.03695170222974899,1.0,0.994858487278581,0.2370303860011733,53,114,800,5,3,100,0.0,0,0.3,0.25,0.0,1.0,0.7,1.0,1.0,0.25,1.0,0.25
inter_0.25,1.0656529900591403,0.042380386955643855,1.0,1.0064519382283164,1.396897387765357,54,115,800,5,3,100,0.0,0,0.3,0.25,0.0,1.0,0.7,1.0,1.0,0.25,1.0,0.25
inter_0.25,0.963531467425292,0.041760640631173886,1.0,0.9915589163479946,-0.6711450901876345,55,116,800,5,3,100,0.0,0,0.3,0.25,0.0,1.0,0.7,1.0,1.0,0.25,1.0,0.25
inter_0.25,0.9487486078215861,0.04683864390657597,1.0,1.0048560715664283,-1.1978883047244868,56,117,800,5,3,100,0.0,0,0.3,0.25,0.0,1.0,0.7,1.0,1.0,0.25,1.0,0.25
inter_0.25,1.0078639267803915,0.04258170999746143,1.0,1.0091805870705945,-0.03092079416917611,57,118,800,5,3,100,0.0,0,0.3,0.25,0.0,1.0,0.7,1.0,1.0,0.25,1.0,0.25
inter_0.25,1.0034201429515825,0.042321534343443684,1.0,1.0048466973915942,-0.03370753121649533,58,119,800,5,3,100,0.0,0,0.3,0.25,0.0,1.0,0.7,1.0,1.0,0.25,1.0,0.25
inter_0.25,1.04678394161108,0.03835887858764653,1.0,1.011529942554942,0.9190570828494335,59,120,800,5,3,100,0.0,0,0.3,0.25,0.0,1.0,0.7,1.0,1.0,0.25,1.0,0.25
inter_0.25,0.9730928691362453,0.03965204920708795,1.0,1.0162634708281248,-1.0887357035803,60,121,800,5,3,100,0.0,0,0.3,0.25,0.0,1.0,0.7,1.0,1.0,0.25,1.0,0.25
inter_0.25,1.0280244286790128,0.03882668448974637,1.0,1.0026266119787395,0.6541330282007608,61,122,800,5,3,100,0.0,0,0.3,0.25,0.0,1.0,0.7,1.0,1.0,0.25,1.0,0.25
inter_0.25,1.0621020410979207,0.03994304971998459,1.0,1.0004109060603443,1.5444773363589874,62,123,800,5,3,100,0.0,0,0.3,0.25,0.0,1.0,0.7,1.0,1.0,0.25,1.0,0.25
inter_0.25,0.8539271546049484,0.0376200232457334,1.0,0.9727148706134698,-3.1575662575379595,63,124,800,5,3,100,0.0,0,0.3,0.25,0.0,1.0,0.7,1.0,1.0,0.25,1.0,0.25
inter_0.25,0.9795239329945917,0.03962485826427644,1.0,0.9996564073704264,-0.5080768804663452,64,125,800,5,3,100,0.0,0,0.3,0.25,0.0,1.0,0.7,1.0,1.0,0.25,1.0,0.25
inter_0.25,1.0053906358172597,0.03762111068919594,1.0,1.004993768521179,0.01054905846240118,65,126,800,5,3,100,0.0,0,0.3,0.25,0.0,1.0,0.7,1.0,1.0,0.25,1.0,0.25
inter_0.25,0.9387726030948524,0.03870363076278636,1.0,1.0113313096677503,-1.8747260952753626,66,127,800,5,3,100,0.0,0,0.3,0.25,0.0,1.0,0.7,1.0,1.0,0.25,1.0,0.25
inter_0.25,0.9785508141137704,0.040065104773557986,1.0,1.000138997902849,-0.5388275885235236,67,128,800,5,3,100,0.0,0,0.3,0.25,0.0,1.0,0.7,1.0,1.0,0.25,1.0,0.25
inter_0.25,0.9986120831790517,0.037192812599294606,1.0,0.9839181880914524,0.3950735118074402,68,129,800,5,3,100,0.0,0,0.3,0.25,0.0,1.0,0.7,1.0,1.0,0.25,1.0,0.25
inter_0.25,0.9553842288521421,0.03859723030211181,1.0,0.9960617085810622,-1.053896339465956,69,130,800,5,3,100,0.0,0,0.3,0.25,0.0,1.0,0.7,1.0,1.0,0.25,1.0,0.25
inter_0.25,1.036973779376339,0.03829838337134758,1.0,1.0018628001442513,0.916774446891025,70,131,800,5,3,100,0.0,0,0.3,0.25,0.0,1.0,0.7,1.0,1.0,0.25,1.0,0.25
inter_0.25,0.9200526945934716,0.038855614926713966,1.0,0.9911488308219422,-1.8297519254956025,71,132,800,5,3,100,0.0,0,0.3,0.25,0.0,1.0,0.7,1.0,1.0,0.25,1.0,0.25
inter_0.25,1.0074871710884263,0.037912986025208234,1.0,1.0030472977051408,0.11710692954476058,72,133,800,5,3,100,0.0,0,0.3,0.25,0.0,1.0,0.7,1.0,1.0,0.25,1.0,0.25
inter_0.25,0.9842984341631029,0.04020901673527168,1.0,1.00276613532024,-0.4592925332823921,73,134,800,5,3,100,0.0,0,0.3,0.25,0.0,1.0,0.7,1.0,1.0,0.25,1.0,0.25
inter_0.25,0.9937142251121641,0.03783035960671309,1.0,0.9913721448666274,0.061910070902977045,74,135,800,5,3,100,0.0,0,0.3,0.25,0.0,1.0,0.7,1.0,1.0,0.25,1.0,0.25
inter_0.25,0.9626363076932363,0.05014582472015812,1.0,0.9930324690977769,-0.6061553793195796,75,136,800,5,3,100,0.0,0,0.3,0.25,0.0,1.0,0.7,1.0,1.0,0.25,1.0,0.25
inter_0.25,0.9551300932505697,0.03954562935510569,1.0,1.0053868439579654,-1.2708547449354748,76,137,800,5,3,100,0.0,0,0.3,0.25,0.0,1.0,0.7,1.0,1.0,0.25,1.0,0.25
inter_0.25,0.9892292183372868,0.03996866850511734,1.0,0.9975015838647597,-0.20697125615815196,77,138,800,5,3,100,0.0,0,0.3,0.25,0.0,1.0,0.7,1.0,1.0,0.25,1.0,0.25
inter_0.25,0.9695370232189764,0.04084366472693397,1.0,0.9969063179222571,-0.6700988974976168,78,139,800,5,3,100,0.0,0,0.3,0.25,0.0,1.0,0.7,1.0,1.0,0.25,1.0,0.25
inter_0.25,0.8711381464775355,0.04007679079802649,1.0,0.999411397636091,-3.200686696821844,79,140,800,5,3,100,0.0,0,0.3,0.25,0.0,1.0,0.7,1.0,1.0,0.25,1.0,0.25
inter_0.25,0.9979397799361341,0.039467123086105144,1.0,0.998006952348142,-0.001701983999727353,80,141,800,5,3,100,0.0,0,0.3,0.25,0.0,1.0,0.7,1.0,1.0,0.25,1.0,0.25
inter_0.25,0.9696412640129544,0.036863903902578085,1.0,1.0035354090346023,-0.9194399245186156,81,142,800,5,3,100,0.0,0,0.3,0.25,0.0,1.0,0.7,1.0,1.0,0.25,1.0,0.25
inter_0.25,0.8888479280090674,0.043426735628622794,1.0,0.9850203910547539,-2.214591118893558,82,143,800,5,3,100,0.0,0,0.3,0.25,0.0,1.0,0.7,1.0,1.0,0.25,1.0,0.25
inter_0.25,1.0213751453588364,0.04217483497034823,1.0,0.9945750929460176,0.6354512692618964,83,144,800,5,3,100,0.0,0,0.3,0.25,0.0,1.0,0.7,1.0,1.0,0.25,1.0,0.25
inter_0.25,0.9285714619285629,0.040393741840463286,1.0,1.004732659488248,-1.8854702260683551,84,145,800,5,3,100,0.0,0,0.3,0.25,0.0,1.0,0.7,1.0,1.0,0.25,1.0,0.25
inter_0.25,0.9531246508840427,0.036221924402795466,1.0,0.9941695748229985,-1.1331513887149538,85,146,800,5,3,100,0.0,0,0.3,0.25,0.0,1.0,0.7,1.0,1.0,0.25,1.0,0.25
inter_0.25,1.0481397959192673,0.03639332208573868,1.0,1.0077378995437636,1.110145874573398,86,147,800,5,3,100,0.0,0,0.3,0.25,0.0,1.0,0.7,1.0,1.0,0.25,1.0,0.25
inter_0.25,0.9823976951409155,0.038324514244998976,1.0,0.9969792060236567,-0.3804747736533687,87,148,800,5,3,100,0.0,0,0.3,0.25,0.0,1.0,0.7,1.0,1.0,0.25,1.0,0.25
inter_0.25,1.0164805351484445,0.034814209867353785,1.0,1.0074266171600326,0.2600638653845202,88,149,800,5,3,100,0.0,0,0.3,0.25,0.0,1.0,0.7,1.0,1.0,0.25,1.0,0.25
inter_0.25,0.9860803234829222,0.0409512627061198,1.0,1.0197848723186673,-0.8230405269214885,89,150,800,5,3,100,0.0,0,0.3,0.25,0.0,1.0,0.7,1.0,1.0,0.25,1.0,0.25
inter_0.25,1.0143785729831003,0.038579162552049975,1.0,1.0024755028223011,0.30853625048858596,90,151,800,5,3,100,0.0,0,0.3,0.25,0.0,1.0,0.7,1.0,1.0,0.25,1.0,0.25
inter_0.25,1.0695604609132168,0.039039539066737745,1.0,0.9897973811159964,2.0431357978091427,91,152,800,5,3,100,0.0,0,0.3,0.25,0.0,1.0,0.7,1.0,1.0,0.25,1.0,0.25
inter_0.25,0.9607365302358294,0.04081025887967237,1.0,1.0074909173271016,-1.1456527935567844,92,153,800,5,3,100,0.0,0,0.3,0.25,0.0,1.0,0.7,1.0,1.0,0.25,1.0,0.25
inter_0.25,0.9484204334765751,0.039577321037207756,1.0,1.0003056080202648,-1.3109824814800113,93,154,800,5,3,100,0.0,0,0.3,0.25,0.0,1.0,0.7,1.0,1.0,0.25,1.0,0.25
inter_0.25,1.0694440044875635,0.039486359152136066,1.0,1.0133593144985813,1.4203560721537989,94,155,800,5,3,100,0.0,0,0.3,0.25,0.0,1.0,0.7,1.0,1.0,0.25,1.0,0.25
inter_0.25,1.0331483146602536,0.04116895925994771,1.0,1.013778024331918,0.4705071655085625,95,156,800,5,3,100,0.0,0,0.3,0.25,0.0,1.0,0.7,1.0,1.0,0.25,1.0,0.25
inter_0.25,0.9783281638167322,0.03929767377405411,1.0,1.019591298716299,-1.0500146939183548,96,157,800,5,3,100,0.0,0,0.3,0.25,0.0,1.0,0.7,1.0,1.0,0.25,1.0,0.25
inter_0.25,0.9976342599545273,0.04212608848898981,1.0,1.0023196794845268,-0.11122370241481504,97,158,800,5,3,100,0.0,0,0.3,0.25,0.0,1.0,0.7,1.0,1.0,0.25,1.0,0.25
inter_0.25,0.9766160798765657,0.036947139078006355,1.0,0.9928257296964099,-0.43872543921792734,98,159,800,5,3,100,0.0,0,0.3,0.25,0.0,1.0,0.7,1.0,1.0,0.25,1.0,0.25
inter_0.25,0.9955230361786104,0.04622374903743848,1.0,0.9856196675097597,0.2142484950934968,99,160,800,5,3,100,0.0,0,0.3,0.25,0.0,1.0,0.7,1.0,1.0,0.25,1.0,0.25
inter_0.5,1.0205902329230452,0.042296498239814545,1.0,1.0046747395960578,0.3762839475918082,0,62,800,5,3,100,0.0,0,0.3,0.5,0.0,1.0,0.7,1.0,1.0,0.25,1.0,0.25
inter_0.5,0.9837526803472973,0.045214738790155126,1.0,0.9917806842683174,-0.1775528098985299,1,63,800,5,3,100,0.0,0,0.3,0.5,0.0,1.0,0.7,1.0,1.0,0.25,1.0,0.25
inter_0.5,1.072354014694059,0.048903651963552446,1.0,0.9984979934862918,1.5102352941414627,2,64,800,5,3,100,0.0,0,0.3,0.5,0.0,1.0,0.7,1.0,1.0,0.25,1.0,0.25
inter_0.5,0.9304457176234643,0.045997667579450396,1.0,0.996187996265558,-1.4292524404316593,3,65,800,5,3,100,0.0,0,0.3,0.5,0.0,1.0,0.7,1.0,1.0,0.25,1.0,0.25
inter_0.5,0.999743580000323,0.04643074289498982,1.0,1.0046877872362072,-0.10648563705013842,4,66,800,5,3,100,0.0,0,0.3,0.5,0.0,1.0,0.7,1.0,1.0,0.25,1.0,0.25
inter_0.5,1.0554869841362993,0.04860608173455973,1.0,1.014357186183982,0.8461862483984867,5,67,800,5,3,100,0.0,0,0.3,0.5,0.0,1.0,0.7,1.0,1.0,0.25,1.0,0.25
inter_0.5,1.0227306026454355,0.04510635186912089,1.0,1.031996868324932,-0.20543150344730413,6,68,800,5,3,100,0.0,0,0.3,0.5,0.0,1.0,0.7,1.0,1.0,0.25,1.0,0.25
inter_0.5,1.0313590292593033,0.045374275847403715,1.0,1.0004554215653056,0.6810821135290025,7,69,800,5,3,100,0.0,0,0.3,0.5,0.0,1.0,0.7,1.0,1.0,0.25,1.0,0.25
inter_0.5,0.9298350149010184,0.04606530022882854,1.0,0.9729275465461978,-0.935466206257597,8,70,800,5,3,100,0.0,0,0.3,0.5,0.0,1.0,0.7,1.0,1.0,0.25,1.0,0.25
inter_0.5,0.9587841746005944,0.04852464700892214,1.0,0.9912918537150999,-0.6699209807446583,9,71,800,5,3,100,0.0,0,0.3,0.5,0.0,1.0,0.7,1.0,1.0,0.25,1.0,0.25
inter_0.5,1.0495360786558285,0.045651439608568094,1.0,1.0275945250210974,0.480632239045821,10,72,800,5,3,100,0.0,0,0.3,0.5,0.0,1.0,0.7,1.0,1.0,0.25,1.0,0.25
inter_0.5,0.9314350011238048,0.04930958587342754,1.0,0.985180134427695,-1.0899530456785467,11,73,800,5,3,100,0.0,0,0.3,0.5,0.0,1.0,0.7,1.0,1.0,0.25,1.0,0.25
inter_0.5,1.0203329229181255,0.04496490284851291,1.0,1.0225676838892708,-0.04970011786023877,12,74,800,5,3,100,0.0,0,0.3,0.5,0.0,1.0,0.7,1.0,1.0,0.25,1.0,0.25
inter_0.5,0.962930265288681,0.046903313999068025,1.0,0.9852692072815947,-0.4762764096660127,13,75,800,5,3,100,0.0,0,0.3,0.5,0.0,1.0,0.7,1.0,1.0,0.25,1.0,0.25
inter_0.5,0.9254321368930175,0.04569170053909082,1.0,0.9697454045197529,-0.9698318754589546,14,76,800,5,3,100,0.0,0,0.3,0.5,0.0,1.0,0.7,1.0,1.0,0.25,1.0,0.25
inter_0.5,0.9531114733826273,0.04677497361762682,1.0,0.9946310378530913,-0.8876448506390531,15,77,800,5,3,100,0.0,0,0.3,0.5,0.0,1.0,0.7,1.0,1.0,0.25,1.0,0.25
inter_0.5,1.0237799296926178,0.04847084663231845,1.0,1.0106661050015016,0.27055076612531115,16,78,800,5,3,100,0.0,0,0.3,0.5,0.0,1.0,0.7,1.0,1.0,0.25,1.0,0.25
inter_0.5,1.016820061192706,0.04282282094153886,1.0,0.9975905312398737,0.4490486504633647,17,79,800,5,3,100,0.0,0,0.3,0.5,0.0,1.0,0.7,1.0,1.0,0.25,1.0,0.25
inter_0.5,1.0211346247421829,0.04380800160923196,1.0,1.020718486425006,0.00949913946974243,18,80,800,5,3,100,0.0,0,0.3,0.5,0.0,1.0,0.7,1.0,1.0,0.25,1.0,0.25
inter_0.5,0.976877361995143,0.044073213334106076,1.0,1.0054465127992949,-0.6482202826369288,19,81,800,5,3,100,0.0,0,0.3,0.5,0.0,1.0,0.7,1.0,1.0,0.25,1.0,0.25
inter_0.5,0.9782769378794018,0.04551590754760877,1.0,0.990147598549203,-0.260802460269185,20,82,800,5,3,100,0.0,0,0.3,0.5,0.0,1.0,0.7,1.0,1.0,0.25,1.0,0.25
inter_0.5,1.0223314999385176,0.04547437870153917,1.0,0.994180972686051,0.619041492292313,21,83,800,5,3,100,0.0,0,0.3,0.5,0.0,1.0,0.7,1.0,1.0,0.25,1.0,0.25
inter_0.5,0.921209931154828,0.04975209137733157,1.0,1.0131602349762838,-1.8481696201287925,22,84,800,5,3,100,0.0,0,0.3,0.5,0.0,1.0,0.7,1.0,1.0,0.25,1.0,0.25
inter_0.5,1.1045699193738907,0.04734201948796633,1.0,1.0075636044916192,2.0490531652738038,23,85,800,5,3,100,0.0,0,0.3,0.5,0.0,1.0,0.7,1.0,1.0,0.25,1.0,0.25
inter_0.5,0.9892633753799804,0.045912767659403615,1.0,0.9809358235625314,0.1813776916962538,24,86,800,5,3,100,0.0,0,0.3,0.5,0.0,1.0,0.7,1.0,1.0,0.25,1.0,0.25
inter_0.5,0.9737802086155589,0.0499688074468007,1.0,0.9715332953003093,0.04496631859068876,25,87,800,5,3,100,0.0,0,0.3,0.5,0.0,1.0,0.7,1.0,1.0,0.25,1.0,0.25
inter_0.5,0.947553142903921,0.04447920648538468,1.0,1.0221765431419771,-1.6777142879690643,26,88,800,5,3,100,0.0,0,0.3,0.5,0.0,1.0,0.7,1.0,1.0,0.25,1.0,0.25
inter_0.5,1.0151687834686973,0.050140231360847255,1.0,0.988738763109569,0.5271220264006722,27,89,800,5,3,100,0.0,0,0.3,0.5,0.0,1.0,0.7,1.0,1.0,0.25,1.0,0.25
inter_0.5,0.9962404163343949,0.05099487198257114,1.0,1.002397802087376,-0.12074519483224987,28,90,800,5,3,100,0.0,0,0.3,0.5,0.0,1.0,0.7,1.0,1.0,0.25,1.0,0.25
inter_0.5,0.8663750024472383,0.04389994701520737,1.0,0.9570589542084789,-2.0656961551645323,29,91,800,5,3,100,0.0,0,0.3,0.5,0.0,1.0,0.7,1.0,1.0,0.25,1.0,0.25
inter_0.5,0.990670165823814,0.05432034150466411,1.0,0.9838671092775888,0.12523957614738154,30,92,800,5,3,100,0.0,0,0.3,0.5,0.0,1.0,0.7,1.0,1.0,0.25,1.0,0.25
inter_0.5,0.9806697584730263,0.05107102746262059,1.0,1.0256795917298158,-0.8813183421800685,31,93,800,5,3,100,0.0,0,0.3,0.5,0.0,1.0,0.7,1.0,1.0,0.25,1.0,0.25
inter_0.5,1.0109830851159574,0.05085804215215535,1.0,1.0195703622485135,-0.16884796915431813,32,94,800,5,3,100,0.0,0,0.3,0.5,0.0,1.0,0.7,1.0,1.0,0.25,1.0,0.25
inter_0.5,0.9243316173118153,0.04767904726404978,1.0,0.9873253019948188,-1.3212026728248198,33,95,800,5,3,100,0.0,0,0.3,0.5,0.0,1.0,0.7,1.0,1.0,0.25,1.0,0.25
inter_0.5,0.9986362836776524,0.052272283148668885,1.0,1.0201032010711935,-0.41067495239277035,34,96,800,5,3,100,0.0,0,0.3,0.5,0.0,1.0,0.7,1.0,1.0,0.25,1.0,0.25
inter_0.5,0.9807425266708775,0.04394501085506169,1.0,1.0228381149051944,-0.9579150719328642,35,97,800,5,3,100,0.0,0,0.3,0.5,0.0,1.0,0.7,1.0,1.0,0.25,1.0,0.25
inter_0.5,1.0306168696964648,0.05171303220298161,1.0,1.002560024102229,0.5425488392192589,36,98,800,5,3,100,0.0,0,0.3,0.5,0.0,1.0,0.7,1.0,1.0,0.25,1.0,0.25
inter_0.5,0.9807666695075782,0.04938593272119487,1.0,0.9890658051587855,-0.1680465507872366,37,99,800,5,3,100,0.0,0,0.3,0.5,0.0,1.0,0.7,1.0,1.0,0.25,1.0,0.25
inter_0.5,0.9958912021490871,0.045492205753664486,1.0,1.0340617525340199,-0.8390569275014339,38,100,800,5,3,100,0.0,0,0.3,0.5,0.0,1.0,0.7,1.0,1.0,0.25,1.0,0.25
inter_0.5,1.041904517677807,0.04802690688480443,1.0,1.0139247382828083,0.5825854965448848,39,101,800,5,3,100,0.0,0,0.3,0.5,0.0,1.0,0.7,1.0,1.0,0.25,1.0,0.25
inter_0.5,1.0120740555240657,0.048987574117454254,1.0,0.9930475370963684,0.38839478725928933,40,102,800,5,3,100,0.0,0,0.3,0.5,0.0,1.0,0.7,1.0,1.0,0.25,1.0,0.25
inter_0.5,0.9577884285067297,0.043676343907655506,1.0,1.0124714627900544,-1.2520057630954757,41,103,800,5,3,100,0.0,0,0.3,0.5,0.0,1.0,0.7,1.0,1.0,0.25,1.0,0.25
inter_0.5,0.9912086899144198,0.04844634116976036,1.0,1.0278043269975685,-0.7553849516708455,42,104,800,5,3,100,0.0,0,0.3,0.5,0.0,1.0,0.7,1.0,1.0,0.25,1.0,0.25
inter_0.5,0.9435814279395847,0.049646771489580514,1.0,1.0286048151695446,-1.7125662893870954,43,105,800,5,3,100,0.0,0,0.3,0.5,0.0,1.0,0.7,1.0,1.0,0.25,1.0,0.25
inter_0.5,0.975102687534246,0.04498542314456921,1.0,0.9883150591301435,-0.2937033970634672,44,106,800,5,3,100,0.0,0,0.3,0.5,0.0,1.0,0.7,1.0,1.0,0.25,1.0,0.25
inter_0.5,1.0488666290918405,0.04678474719177393,1.0,1.0108617167200438,0.812335529270083,45,107,800,5,3,100,0.0,0,0.3,0.5,0.0,1.0,0.7,1.0,1.0,0.25,1.0,0.25
inter_0.5,0.9798418597496054,0.0477256962311607,1.0,1.022792695143922,-0.899951992031358,46,108,800,5,3,100,0.0,0,0.3,0.5,0.0,1.0,0.7,1.0,1.0,0.25,1.0,0.25
inter_0.5,1.0488652902591753,0.04732066983225362,1.0,0.9882989295753697,1.2799134268070687,47,109,800,5,3,100,0.0,0,0.3,0.5,0.0,1.0,0.7,1.0,1.0,0.25,1.0,0.25
inter_0.5,0.9888340759676851,0.04999832807333621,1.0,0.9754093732998521,0.26850303170422074,48,110,800,5,3,100,0.0,0,0.3,0.5,0.0,1.0,0.7,1.0,1.0,0.25,1.0,0.25
inter_0.5,0.9020215043798216,0.04892082289509178,1.0,1.0182972063905,-2.3768141075636793,49,111,800,5,3,100,0.0,0,0.3,0.5,0.0,1.0,0.7,1.0,1.0,0.25,1.0,0.25
inter_0.5,0.9105139409618644,0.046881261716484685,1.0,0.9686395844611028,-1.2398481050009755,50,112,800,5,3,100,0.0,0,0.3,0.5,0.0,1.0,0.7,1.0,1.0,0.25,1.0,0.25
inter_0.5,0.9547361764955147,0.046780526210437254,1.0,1.024574598702563,-1.4928951823433434,51,113,800,5,3,100,0.0,0,0.3,0.5,0.0,1.0,0.7,1.0,1.0,0.25,1.0,0.25
inter_0.5,0.9770118071785813,0.049757158782279945,1.0,0.9897169745571621,-0.2553435061309319,52,114,800,5,3,100,0.0,0,0.3,0.5,0.0,1.0,0.7,1.0,1.0,0.25,1.0,0.25
inter_0.5,1.0856496272846152,0.05703496899113883,1.0,1.0129038764566325,1.2754587600334244,53,115,800,5,3,100,0.0,0,0.3,0.5,0.0,1.0,0.7,1.0,1.0,0.25,1.0,0.25
inter_0.5,0.9677291491456104,0.05885931826244814,1.0,0.9831178326959892,-0.2614485523220321,54,116,800,5,3,100,0.0,0,0.3,0.5,0.0,1.0,0.7,1.0,1.0,0.25,1.0,0.25
inter_0.5,0.9475058665477567,0.05754745858680252,1.0,1.0097121431328566,-1.0809561032355617,55,117,800,5,3,100,0.0,0,0.3,0.5,0.0,1.0,0.7,1.0,1.0,0.25,1.0,0.25
inter_0.5,1.0288413225725321,0.05522512784833602,1.0,1.0183611741411893,0.18977137472862535,56,118,800,5,3,100,0.0,0,0.3,0.5,0.0,1.0,0.7,1.0,1.0,0.25,1.0,0.25
inter_0.5,1.0204208885180086,0.04907634277158724,1.0,1.0096933947831883,0.2185878802083634,57,119,800,5,3,100,0.0,0,0.3,0.5,0.0,1.0,0.7,1.0,1.0,0.25,1.0,0.25
inter_0.5,1.100725920511693,0.04924402210231113,1.0,1.0230598851098842,1.5771667724550833,58,120,800,5,3,100,0.0,0,0.3,0.5,0.0,1.0,0.7,1.0,1.0,0.25,1.0,0.25
inter_0.5,0.9922988448509504,0.04732176130481414,1.0,1.0325269416562497,-0.8500972004439482,59,121,800,5,3,100,0.0,0,0.3,0.5,0.0,1.0,0.7,1.0,1.0,0.25,1.0,0.25
inter_0.5,1.0103386272853205,0.04902447234035176,1.0,1.0052532239574787,0.10373193397241384,60,122,800,5,3,100,0.0,0,0.3,0.5,0.0,1.0,0.7,1.0,1.0,0.25,1.0,0.25
inter_0.5,1.0597644483466637,0.046930646977345974,1.0,1.0008218121206882,1.2559519210214143,61,123,800,5,3,100,0.0,0,0.3,0.5,0.0,1.0,0.7,1.0,1.0,0.25,1.0,0.25
inter_0.5,0.8028281580875624,0.045056672519660376,1.0,0.9454297412269399,-3.164938180402773,62,124,800,5,3,100,0.0,0,0.3,0.5,0.0,1.0,0.7,1.0,1.0,0.25,1.0,0.25
inter_0.5,0.9593345177973336,0.05084465110542638,1.0,0.9993128147408524,-0.786283238734864,63,125,800,5,3,100,0.0,0,0.3,0.5,0.0,1.0,0.7,1.0,1.0,0.25,1.0,0.25
inter_0.5,0.9883123207110781,0.048103097494537235,1.0,1.0099875370423579,-0.4505991809309431,64,126,800,5,3,100,0.0,0,0.3,0.5,0.0,1.0,0.7,1.0,1.0,0.25,1.0,0.25
inter_0.5,0.9313904437472125,0.04804516977139781,1.0,1.0226626193355006,-1.8997159552680816,65,127,800,5,3,100,0.0,0,0.3,0.5,0.0,1.0,0.7,1.0,1.0,0.25,1.0,0.25
inter_0.5,0.9778666964498955,0.04858723555255942,1.0,1.0002779958056982,-0.46125899325058645,66,128,800,5,3,100,0.0,0,0.3,0.5,0.0,1.0,0.7,1.0,1.0,0.25,1.0,0.25
inter_0.5,1.017119686742477,0.04286475137677945,1.0,0.9678363761829045,1.149739797307446,67,129,800,5,3,100,0.0,0,0.3,0.5,0.0,1.0,0.7,1.0,1.0,0.25,1.0,0.25
inter_0.5,0.9333042338699902,0.04647515719267182,1.0,0.9921234171621245,-1.2656048272905873,68,130,800,5,3,100,0.0,0,0.3,0.5,0.0,1.0,0.7,1.0,1.0,0.25,1.0,0.25
inter_0.5,1.0346870782246413,0.048191671501314225,1.0,1.0037256002885024,0.6424653258871621,69,131,800,5,3,100,0.0,0,0.3,0.5,0.0,1.0,0.7,1.0,1.0,0.25,1.0,0.25
inter_0.5,0.9153110929005436,0.04690980266123036,1.0,0.9822976616438842,-1.4279865815488317,70,132,800,5,3,100,0.0,0,0.3,0.5,0.0,1.0,0.7,1.0,1.0,0.25,1.0,0.25
inter_0.5,1.0182758567390982,0.04653985640318191,1.0,1.0060945954102813,0.26173826629993596,71,133,800,5,3,100,0.0,0,0.3,0.5,0.0,1.0,0.7,1.0,1.0,0.25,1.0,0.25
inter_0.5,0.9984873739704286,0.049766103092306696,1.0,1.0055322706404797,-0.1415601429950038,72,134,800,5,3,100,0.0,0,0.3,0.5,0.0,1.0,0.7,1.0,1.0,0.25,1.0,0.25
inter_0.5,0.9887504672592414,0.044807683548173105,1.0,0.982744289733255,0.13404347313623416,73,135,800,5,3,100,0.0,0,0.3,0.5,0.0,1.0,0.7,1.0,1.0,0.25,1.0,0.25
inter_0.5,0.9254537775044175,0.07401409877980528,1.0,0.9860649381955539,-0.8189137163104133,74,136,800,5,3,100,0.0,0,0.3,0.5,0.0,1.0,0.7,1.0,1.0,0.25,1.0,0.25
inter_0.5,0.9619926294792834,0.047859305448491936,1.0,1.0107736879159308,-1.019259639886489,75,137,800,5,3,100,0.0,0,0.3,0.5,0.0,1.0,0.7,1.0,1.0,0.25,1.0,0.25
inter_0.5,0.9804562988080241,0.04661450646591913,1.0,0.9950031677295195,-0.31206742330589515,76,138,800,5,3,100,0.0,0,0.3,0.5,0.0,1.0,0.7,1.0,1.0,0.25,1.0,0.25
inter_0.5,0.9466353410569563,0.05132380339970691,1.0,0.9938126358445142,-0.9192088594865759,77,139,800,5,3,100,0.0,0,0.3,0.5,0.0,1.0,0.7,1.0,1.0,0.25,1.0,0.25
inter_0.5,0.8574072281595654,0.04771011140824874,1.0,0.998822795272182,-2.964058622763284,78,140,800,5,3,100,0.0,0,0.3,0.5,0.0,1.0,0.7,1.0,1.0,0.25,1.0,0.25
inter_0.5,0.9954771558898202,0.04712506580740404,1.0,0.9960139046962837,-0.011389879192044582,79,141,800,5,3,100,0.0,0,0.3,0.5,0.0,1.0,0.7,1.0,1.0,0.25,1.0,0.25
inter_0.5,0.9710657196052945,0.04302775054033568,1.0,1.0070708180692045,-0.8367878406787167,80,142,800,5,3,100,0.0,0,0.3,0.5,0.0,1.0,0.7,1.0,1.0,0.25,1.0,0.25
inter_0.5,0.8652741699230858,0.05314884220159557,1.0,0.9700407821095078,-1.971192745630061,81,143,800,5,3,100,0.0,0,0.3,0.5,0.0,1.0,0.7,1.0,1.0,0.25,1.0,0.25
inter_0.5,1.0135903274414553,0.05221172157456198,1.0,0.9891501858920351,0.4680968336682401,82,144,800,5,3,100,0.0,0,0.3,0.5,0.0,1.0,0.7,1.0,1.0,0.25,1.0,0.25
inter_0.5,0.9095223178356183,0.047571588024711856,1.0,1.0094653189764962,-2.1008968859513537,83,145,800,5,3,100,0.0,0,0.3,0.5,0.0,1.0,0.7,1.0,1.0,0.25,1.0,0.25
inter_0.5,0.9114548269477718,0.04752301046966595,1.0,0.9883391496459971,-1.6178335913146908,84,146,800,5,3,100,0.0,0,0.3,0.5,0.0,1.0,0.7,1.0,1.0,0.25,1.0,0.25
inter_0.5,1.0609507667411682,0.04412921201585624,1.0,1.0154757990875272,1.0304958003170601,85,147,800,5,3,100,0.0,0,0.3,0.5,0.0,1.0,0.7,1.0,1.0,0.25,1.0,0.25
inter_0.5,1.0033195519338083,0.045238278265689685,1.0,0.9939584120473134,0.2069296234378291,86,148,800,5,3,100,0.0,0,0.3,0.5,0.0,1.0,0.7,1.0,1.0,0.25,1.0,0.25
inter_0.5,1.0181967719126412,0.043263663113789236,1.0,1.0148532343200651,0.07728281314927389,87,149,800,5,3,100,0.0,0,0.3,0.5,0.0,1.0,0.7,1.0,1.0,0.25,1.0,0.25
inter_0.5,1.034376177923074,0.04883818456816463,1.0,1.0395697446373349,-0.10634233766433454,88,150,800,5,3,100,0.0,0,0.3,0.5,0.0,1.0,0.7,1.0,1.0,0.25,1.0,0.25
inter_0.5,1.0211183271786912,0.04769127377543253,1.0,1.0049510056446023,0.3389995748534046,89,151,800,5,3,100,0.0,0,0.3,0.5,0.0,1.0,0.7,1.0,1.0,0.25,1.0,0.25
inter_0.5,1.0808858403434953,0.047906524163804934,1.0,0.9795947622319925,2.1143483039003654,90,152,800,5,3,100,0.0,0,0.3,0.5,0.0,1.0,0.7,1.0,1.0,0.25,1.0,0.25
inter_0.5,0.9641802084613195,0.0517249361788264,1.0,1.0149818346542034,-0.9821496157530228,91,153,800,5,3,100,0.0,0,0.3,0.5,0.0,1.0,0.7,1.0,1.0,0.25,1.0,0.25
inter_0.5,0.957336940229097,0.04872378737377282,1.0,1.0006112160405296,-0.8881550089582407,92,154,800,5,3,100,0.0,0,0.3,0.5,0.0,1.0,0.7,1.0,1.0,0.25,1.0,0.25
inter_0.5,1.0756340989269886,0.0449190855517415,1.0,1.0267186289971628,1.088968515921387,93,155,800,5,3,100,0.0,0,0.3,0.5,0.0,1.0,0.7,1.0,1.0,0.25,1.0,0.25
inter_0.5,1.0477361496833448,0.04796751152176917,1.0,1.0275560486638367,0.42070352159815116,94,156,800,5,3,100,0.0,0,0.3,0.5,0.0,1.0,0.7,1.0,1.0,0.25,1.0,0.25
inter_0.5,1.0049924705839008,0.04831826627627215,1.0,1.0391825974325977,-0.7076025173007233,95,157,800,5,3,100,0.0,0,0.3,0.5,0.0,1.0,0.7,1.0,1.0,0.25,1.0,0.25
inter_0.5,0.9984462234892519,0.050279889424548196,1.0,1.0046393589690539,-0.12317321200746827,96,158,800,5,3,100,0.0,0,0.3,0.5,0.0,1.0,0.7,1.0,1.0,0.25,1.0,0.25
inter_0.5,0.9717978947790366,0.04779432654234751,1.0,0.9856514593928201,-0.2898579311816173,97,159,800,5,3,100,0.0,0,0.3,0.5,0.0,1.0,0.7,1.0,1.0,0.25,1.0,0.25
inter_0.5,0.9956311721123455,0.05489651011148607,1.0,0.9712393350195194,0.44432400244187054,98,160,800,5,3,100,0.0,0,0.3,0.5,0.0,1.0,0.7,1.0,1.0,0.25,1.0,0.25
inter_0.5,1.0212300962922072,0.049816757638138656,1.0,0.9899120783563156,0.6286643174046158,99,161,800,5,3,100,0.0,0,0.3,0.5,0.0,1.0,0.7,1.0,1.0,0.25,1.0,0.25
inter_1.0,0.9913150842232014,0.06828286719969885,1.0,0.9835613685366349,0.1135528721119763,0,63,800,5,3,100,0.0,0,0.3,1.0,0.0,1.0,0.7,1.0,1.0,0.25,1.0,0.25
inter_1.0,1.1286353446385788,0.07358083034198436,1.0,0.9969959869725836,1.7890441987970247,1,64,800,5,3,100,0.0,0,0.3,1.0,0.0,1.0,0.7,1.0,1.0,0.25,1.0,0.25
inter_1.0,0.8980889229806728,0.07028840123009539,1.0,0.992375992531116,-1.3414314154306344,2,65,800,5,3,100,0.0,0,0.3,1.0,0.0,1.0,0.7,1.0,1.0,0.25,1.0,0.25
inter_1.0,0.987911993393751,0.07428351616398983,1.0,1.0093755744724142,-0.28894137201690545,3,66,800,5,3,100,0.0,0,0.3,1.0,0.0,1.0,0.7,1.0,1.0,0.25,1.0,0.25
inter_1.0,1.0896192171136618,0.07129440949612893,1.0,1.0287143723679641,0.8542723781028669,4,67,800,5,3,100,0.0,0,0.3,1.0,0.0,1.0,0.7,1.0,1.0,0.25,1.0,0.25
inter_1.0,1.0763514316797012,0.06876518818469843,1.0,1.063993736649864,0.1797085902920137,5,68,800,5,3,100,0.0,0,0.3,1.0,0.0,1.0,0.7,1.0,1.0,0.25,1.0,0.25
inter_1.0,1.0789024908865508,0.06313019514158692,1.0,1.000910843130611,1.235409578269509,6,69,800,5,3,100,0.0,0,0.3,1.0,0.0,1.0,0.7,1.0,1.0,0.25,1.0,0.25
inter_1.0,0.8922199586269041,0.07248272541355288,1.0,0.9458550930923955,-0.7399712712163367,7,70,800,5,3,100,0.0,0,0.3,1.0,0.0,1.0,0.7,1.0,1.0,0.25,1.0,0.25
inter_1.0,0.9358162228353291,0.0796191682213838,1.0,0.9825837074301998,-0.58738976605272,8,71,800,5,3,100,0.0,0,0.3,1.0,0.0,1.0,0.7,1.0,1.0,0.25,1.0,0.25
inter_1.0,1.082637787432905,0.06635121121244027,1.0,1.0551890500421948,0.41368856557608386,9,72,800,5,3,100,0.0,0,0.3,1.0,0.0,1.0,0.7,1.0,1.0,0.25,1.0,0.25
inter_1.0,0.9038242504657056,0.07778430522296988,1.0,0.9703602688553902,-0.8553913054691187,10,73,800,5,3,100,0.0,0,0.3,1.0,0.0,1.0,0.7,1.0,1.0,0.25,1.0,0.25
inter_1.0,1.071356371196254,0.06594275625424065,1.0,1.0451353677785415,0.39763280922953786,11,74,800,5,3,100,0.0,0,0.3,1.0,0.0,1.0,0.7,1.0,1.0,0.25,1.0,0.25
inter_1.0,0.9388066443706372,0.06979683134863089,1.0,0.970538414563189,-0.45463052662166786,12,75,800,5,3,100,0.0,0,0.3,1.0,0.0,1.0,0.7,1.0,1.0,0.25,1.0,0.25
inter_1.0,0.8746435995780726,0.06980438939843477,1.0,0.9394908090395058,-0.9289846959521899,13,76,800,5,3,100,0.0,0,0.3,1.0,0.0,1.0,0.7,1.0,1.0,0.25,1.0,0.25
inter_1.0,0.9204587059013903,0.07216686842016751,1.0,0.9892620757061826,-0.9533927591842788,14,77,800,5,3,100,0.0,0,0.3,1.0,0.0,1.0,0.7,1.0,1.0,0.25,1.0,0.25
inter_1.0,1.075744818287323,0.07295639834296155,1.0,1.021332210003003,0.7458236634507547,15,78,800,5,3,100,0.0,0,0.3,1.0,0.0,1.0,0.7,1.0,1.0,0.25,1.0,0.25
inter_1.0,0.9780174025540943,0.06406099668835744,1.0,0.9951810624797477,-0.2679268324398821,16,79,800,5,3,100,0.0,0,0.3,1.0,0.0,1.0,0.7,1.0,1.0,0.25,1.0,0.25
inter_1.0,1.0741350251186053,0.0650652407354387,1.0,1.041436972850012,0.5025425541964358,17,80,800,5,3,100,0.0,0,0.3,1.0,0.0,1.0,0.7,1.0,1.0,0.25,1.0,0.25
inter_1.0,0.9675823239860079,0.06913517259076701,1.0,1.01089302559859,-0.6264640701622582,18,81,800,5,3,100,0.0,0,0.3,1.0,0.0,1.0,0.7,1.0,1.0,0.25,1.0,0.25
inter_1.0,0.976070393500199,0.06973379979831375,1.0,0.980295197098406,-0.06058473237405807,19,82,800,5,3,100,0.0,0,0.3,1.0,0.0,1.0,0.7,1.0,1.0,0.25,1.0,0.25
inter_1.0,1.035944340151174,0.0670869873871122,1.0,0.9883619453721019,0.7092641454371384,20,83,800,5,3,100,0.0,0,0.3,1.0,0.0,1.0,0.7,1.0,1.0,0.25,1.0,0.25
inter_1.0,0.9181890968653629,0.08071949040228399,1.0,1.0263204699525676,-1.3395943476390575,21,84,800,5,3,100,0.0,0,0.3,1.0,0.0,1.0,0.7,1.0,1.0,0.25,1.0,0.25
inter_1.0,1.1783414364038773,0.07825454095480697,1.0,1.0151272089832386,2.0856837881765498,22,85,800,5,3,100,0.0,0,0.3,1.0,0.0,1.0,0.7,1.0,1.0,0.25,1.0,0.25
inter_1.0,0.9626982786152247,0.06837547072725082,1.0,0.9618716471250628,0.012089591214067968,23,86,800,5,3,100,0.0,0,0.3,1.0,0.0,1.0,0.7,1.0,1.0,0.25,1.0,0.25
inter_1.0,1.003901464664245,0.07360196601165696,1.0,0.9430665906006186,0.8265387103109649,24,87,800,5,3,100,0.0,0,0.3,1.0,0.0,1.0,0.7,1.0,1.0,0.25,1.0,0.25
inter_1.0,0.9606507077861939,0.06719648627612637,1.0,1.0443530862839545,-1.2456362398743235,25,88,800,5,3,100,0.0,0,0.3,1.0,0.0,1.0,0.7,1.0,1.0,0.25,1.0,0.25
inter_1.0,1.0091190023638967,0.07321333199451904,1.0,0.9774775262191381,0.43218188931938545,26,89,800,5,3,100,0.0,0,0.3,1.0,0.0,1.0,0.7,1.0,1.0,0.25,1.0,0.25
inter_1.0,1.0143024337699527,0.07374788065244652,1.0,1.0047956041747519,0.1289098684747816,27,90,800,5,3,100,0.0,0,0.3,1.0,0.0,1.0,0.7,1.0,1.0,0.25,1.0,0.25
inter_1.0,0.8468939355701479,0.06850696498900342,1.0,0.914117908416958,-0.9812720919340197,28,91,800,5,3,100,0.0,0,0.3,1.0,0.0,1.0,0.7,1.0,1.0,0.25,1.0,0.25
inter_1.0,0.9984341107261164,0.08419805823763196,1.0,0.9677342185551777,0.3646152038838531,29,92,800,5,3,100,0.0,0,0.3,1.0,0.0,1.0,0.7,1.0,1.0,0.25,1.0,0.25
inter_1.0,0.9904044023910514,0.07684850012105307,1.0,1.0513591834596316,-0.7931811417602581,30,93,800,5,3,100,0.0,0,0.3,1.0,0.0,1.0,0.7,1.0,1.0,0.25,1.0,0.25
inter_1.0,1.0250839707369617,0.07728107744545086,1.0,1.0391407244970268,-0.18189127564877847,31,94,800,5,3,100,0.0,0,0.3,1.0,0.0,1.0,0.7,1.0,1.0,0.25,1.0,0.25
inter_1.0,0.8940055206022556,0.07219020511047389,1.0,0.9746506039896379,-1.1171194660545676,32,95,800,5,3,100,0.0,0,0.3,1.0,0.0,1.0,0.7,1.0,1.0,0.25,1.0,0.25
inter_1.0,1.028815350412806,0.0774018067726559,1.0,1.040206402142387,-0.14716777559261268,33,96,800,5,3,100,0.0,0,0.3,1.0,0.0,1.0,0.7,1.0,1.0,0.25,1.0,0.25
inter_1.0,0.9564813896578851,0.06438489527638085,1.0,1.0456762298103888,-1.3853379704917248,34,97,800,5,3,100,0.0,0,0.3,1.0,0.0,1.0,0.7,1.0,1.0,0.25,1.0,0.25
inter_1.0,1.0235261098775534,0.07945309644737941,1.0,1.0051200482044578,0.2316594632065186,35,98,800,5,3,100,0.0,0,0.3,1.0,0.0,1.0,0.7,1.0,1.0,0.25,1.0,0.25
inter_1.0,0.9650841252623034,0.0752977595810256,1.0,0.9781316103175706,-0.17327852950561176,36,99,800,5,3,100,0.0,0,0.3,1.0,0.0,1.0,0.7,1.0,1.0,0.25,1.0,0.25
inter_1.0,1.0297589787683064,0.07134258155536598,1.0,1.0681235050680395,-0.5377507438521845,37,100,800,5,3,100,0.0,0,0.3,1.0,0.0,1.0,0.7,1.0,1.0,0.25,1.0,0.25
inter_1.0,1.0978607959479831,0.07185300203822635,1.0,1.0278494765656165,0.9743687444697167,38,101,800,5,3,100,0.0,0,0.3,1.0,0.0,1.0,0.7,1.0,1.0,0.25,1.0,0.25
inter_1.0,1.0157489803755866,0.07491556511757791,1.0,0.9860950741927368,0.39583104173757233,39,102,800,5,3,100,0.0,0,0.3,1.0,0.0,1.0,0.7,1.0,1.0,0.25,1.0,0.25
inter_1.0,0.9520327954852609,0.06600693198863901,1.0,1.0249429255801088,-1.1045829263416922,40,103,800,5,3,100,0.0,0,0.3,1.0,0.0,1.0,0.7,1.0,1.0,0.25,1.0,0.25
inter_1.0,1.0078000902119368,0.07353549395989586,1.0,1.055608653995137,-0.6501426890431117,41,104,800,5,3,100,0.0,0,0.3,1.0,0.0,1.0,0.7,1.0,1.0,0.25,1.0,0.25
inter_1.0,0.9936100559851293,0.07505780504771775,1.0,1.0572096303390888,-0.8473412500342402,42,105,800,5,3,100,0.0,0,0.3,1.0,0.0,1.0,0.7,1.0,1.0,0.25,1.0,0.25
inter_1.0,0.9909798613135696,0.06545129337395873,1.0,0.9766301182602868,0.21924307853314653,43,106,800,5,3,100,0.0,0,0.3,1.0,0.0,1.0,0.7,1.0,1.0,0.25,1.0,0.25
inter_1.0,1.0696840738492837,0.0659951423500032,1.0,1.0217234334400875,0.7267298577043496,44,107,800,5,3,100,0.0,0,0.3,1.0,0.0,1.0,0.7,1.0,1.0,0.25,1.0,0.25
inter_1.0,1.0272355150752532,0.0712999332690928,1.0,1.0455853902878438,-0.2573617445522197,45,108,800,5,3,100,0.0,0,0.3,1.0,0.0,1.0,0.7,1.0,1.0,0.25,1.0,0.25
inter_1.0,1.0904882679705221,0.06842068190798199,1.0,0.9765978591507397,1.66456114794284,46,109,800,5,3,100,0.0,0,0.3,1.0,0.0,1.0,0.7,1.0,1.0,0.25,1.0,0.25
inter_1.0,0.9781576008131164,0.07291197496089019,1.0,0.9508187465997043,0.37495698378869297,47,110,800,5,3,100,0.0,0,0.3,1.0,0.0,1.0,0.7,1.0,1.0,0.25,1.0,0.25
inter_1.0,0.9151153795414217,0.07509294010501613,1.0,1.0365944127809998,-1.6177157675500764,48,111,800,5,3,100,0.0,0,0.3,1.0,0.0,1.0,0.7,1.0,1.0,0.25,1.0,0.25
inter_1.0,0.9017190911043491,0.06693649653187886,1.0,0.9372791689222055,-0.5312509566574155,49,112,800,5,3,100,0.0,0,0.3,1.0,0.0,1.0,0.7,1.0,1.0,0.25,1.0,0.25
inter_1.0,0.9684328822000148,0.07136364320350987,1.0,1.0491491974051257,-1.1310565377797452,50,113,800,5,3,100,0.0,0,0.3,1.0,0.0,1.0,0.7,1.0,1.0,0.25,1.0,0.25
inter_1.0,0.954545237479052,0.08387121834166718,1.0,0.9794339491143242,-0.2967491366809869,51,114,800,5,3,100,0.0,0,0.3,1.0,0.0,1.0,0.7,1.0,1.0,0.25,1.0,0.25
inter_1.0,1.1662369828942536,0.09106709764283838,1.0,1.0258077529132652,1.542041347707669,52,115,800,5,3,100,0.0,0,0.3,1.0,0.0,1.0,0.7,1.0,1.0,0.25,1.0,0.25
inter_1.0,0.972160644004634,0.10319368131571072,1.0,0.9662356653919782,0.05741609890366108,53,116,800,5,3,100,0.0,0,0.3,1.0,0.0,1.0,0.7,1.0,1.0,0.25,1.0,0.25
inter_1.0,0.9428491054282174,0.08496647985032782,1.0,1.0194242862657132,-0.9012398886288611,54,117,800,5,3,100,0.0,0,0.3,1.0,0.0,1.0,0.7,1.0,1.0,0.25,1.0,0.25
inter_1.0,1.0638910837023372,0.0887703899298354,1.0,1.0367223482823789,0.306056281170249,55,118,800,5,3,100,0.0,0,0.3,1.0,0.0,1.0,0.7,1.0,1.0,0.25,1.0,0.25
inter_1.0,1.0805204601526466,0.06898796343491388,1.0,1.0193867895663766,0.886149808494434,56,119,800,5,3,100,0.0,0,0.3,1.0,0.0,1.0,0.7,1.0,1.0,0.25,1.0,0.25
inter_1.0,1.2022263013340584,0.07805547179440117,1.0,1.0461197702197687,1.9999434700167564,57,120,800,5,3,100,0.0,0,0.3,1.0,0.0,1.0,0.7,1.0,1.0,0.25,1.0,0.25
inter_1.0,1.029519547439308,0.06927922984374617,1.0,1.0650538833124996,-0.5129147069523802,58,121,800,5,3,100,0.0,0,0.3,1.0,0.0,1.0,0.7,1.0,1.0,0.25,1.0,0.25
inter_1.0,0.9953726732224555,0.07533025605134905,1.0,1.0105064479149573,-0.2008990210014127,59,122,800,5,3,100,0.0,0,0.3,1.0,0.0,1.0,0.7,1.0,1.0,0.25,1.0,0.25
inter_1.0,1.0768742369359066,0.06606185870334758,1.0,1.0016436242413769,1.1387904332567242,60,123,800,5,3,100,0.0,0,0.3,1.0,0.0,1.0,0.7,1.0,1.0,0.25,1.0,0.25
inter_1.0,0.6865830043348935,0.06663627924743365,1.0,0.8908594824538798,-3.065544481564876,61,124,800,5,3,100,0.0,0,0.3,1.0,0.0,1.0,0.7,1.0,1.0,0.25,1.0,0.25
inter_1.0,0.924890564966828,0.08153609644500025,1.0,0.9986256294817047,-0.9043241917353055,62,125,800,5,3,100,0.0,0,0.3,1.0,0.0,1.0,0.7,1.0,1.0,0.25,1.0,0.25
inter_1.0,1.036977985140171,0.07500025542097452,1.0,1.0199750740847158,0.22670470867090192,63,126,800,5,3,100,0.0,0,0.3,1.0,0.0,1.0,0.7,1.0,1.0,0.25,1.0,0.25
inter_1.0,0.9395816302603585,0.07670563749245281,1.0,1.0453252386710008,-1.3785637127524901,64,127,800,5,3,100,0.0,0,0.3,1.0,0.0,1.0,0.7,1.0,1.0,0.25,1.0,0.25
inter_1.0,0.9791549851069222,0.07257693283703437,1.0,1.0005559916113964,-0.2948733938995247,65,128,800,5,3,100,0.0,0,0.3,1.0,0.0,1.0,0.7,1.0,1.0,0.25,1.0,0.25
inter_1.0,1.0451963897989176,0.06479740176368978,1.0,0.9356727523658092,1.6902473625799252,66,129,800,5,3,100,0.0,0,0.3,1.0,0.0,1.0,0.7,1.0,1.0,0.25,1.0,0.25
inter_1.0,0.9037657382517792,0.06841427951728571,1.0,0.9842468343242491,-1.1763786250520312,67,130,800,5,3,100,0.0,0,0.3,1.0,0.0,1.0,0.7,1.0,1.0,0.25,1.0,0.25
inter_1.0,1.0687559292920479,0.07596838320234973,1.0,1.0074512005770049,0.8069768781540532,68,131,800,5,3,100,0.0,0,0.3,1.0,0.0,1.0,0.7,1.0,1.0,0.25,1.0,0.25
inter_1.0,0.8903225218898487,0.07141512152677046,1.0,0.9645953232877684,-1.0400150529755525,69,132,800,5,3,100,0.0,0,0.3,1.0,0.0,1.0,0.7,1.0,1.0,0.25,1.0,0.25
inter_1.0,1.052125071744593,0.06930101597026793,1.0,1.0121891908205631,0.5762668896681599,70,133,800,5,3,100,0.0,0,0.3,1.0,0.0,1.0,0.7,1.0,1.0,0.25,1.0,0.25
inter_1.0,1.0249996884955745,0.07684354081600889,1.0,1.0110645412809596,0.18134441836797624,71,134,800,5,3,100,0.0,0,0.3,1.0,0.0,1.0,0.7,1.0,1.0,0.25,1.0,0.25
inter_1.0,0.9718884755473645,0.06489185783209518,1.0,0.96548857946651,0.09862402302325661,72,135,800,5,3,100,0.0,0,0.3,1.0,0.0,1.0,0.7,1.0,1.0,0.25,1.0,0.25
inter_1.0,0.8724949615371934,0.12921879765372477,1.0,0.9721298763911076,-0.7710558886402251,73,136,800,5,3,100,0.0,0,0.3,1.0,0.0,1.0,0.7,1.0,1.0,0.25,1.0,0.25
inter_1.0,0.9718111695647873,0.073158249759213,1.0,1.0215473758318614,-0.6798441246308067,74,137,800,5,3,100,0.0,0,0.3,1.0,0.0,1.0,0.7,1.0,1.0,0.25,1.0,0.25
inter_1.0,0.9617423506478547,0.06589384950295837,1.0,0.990006335459039,-0.42893206307388926,75,138,800,5,3,100,0.0,0,0.3,1.0,0.0,1.0,0.7,1.0,1.0,0.25,1.0,0.25
inter_1.0,0.8673778485963864,0.08077535701692475,1.0,0.9876252716890284,-1.4886647058390177,76,139,800,5,3,100,0.0,0,0.3,1.0,0.0,1.0,0.7,1.0,1.0,0.25,1.0,0.25
inter_1.0,0.8269625234069753,0.07182723915605085,1.0,0.9976455905443641,-2.3762999823307305,77,140,800,5,3,100,0.0,0,0.3,1.0,0.0,1.0,0.7,1.0,1.0,0.25,1.0,0.25
inter_1.0,1.0040680983198758,0.07100079968705544,1.0,0.9920278093925674,0.1695796241785638,78,141,800,5,3,100,0.0,0,0.3,1.0,0.0,1.0,0.7,1.0,1.0,0.25,1.0,0.25
inter_1.0,0.9775078394219175,0.0651725215232048,1.0,1.0141416361384092,-0.562104946383702,79,142,800,5,3,100,0.0,0,0.3,1.0,0.0,1.0,0.7,1.0,1.0,0.25,1.0,0.25
inter_1.0,0.8121066688449161,0.08146503740200378,1.0,0.9400815642190156,-1.5709180214646494,80,143,800,5,3,100,0.0,0,0.3,1.0,0.0,1.0,0.7,1.0,1.0,0.25,1.0,0.25
inter_1.0,1.0348402100162981,0.08115475934298107,1.0,0.9783003717840703,0.6966915888848346,81,144,800,5,3,100,0.0,0,0.3,1.0,0.0,1.0,0.7,1.0,1.0,0.25,1.0,0.25
inter_1.0,0.880672504237495,0.07050763235480688,1.0,1.0189306379529923,-1.9608959923623297,82,145,800,5,3,100,0.0,0,0.3,1.0,0.0,1.0,0.7,1.0,1.0,0.25,1.0,0.25
inter_1.0,0.8326668030984231,0.0780160940813969,1.0,0.9766782992919941,-1.8459203564243913,83,146,800,5,3,100,0.0,0,0.3,1.0,0.0,1.0,0.7,1.0,1.0,0.25,1.0,0.25
inter_1.0,1.1041391548171422,0.06601209867540672,1.0,1.0309515981750546,1.1086991341081873,84,147,800,5,3,100,0.0,0,0.3,1.0,0.0,1.0,0.7,1.0,1.0,0.25,1.0,0.25
inter_1.0,1.0010471097801017,0.06823141069439154,1.0,0.9879168240946266,0.19243755261467016,85,148,800,5,3,100,0.0,0,0.3,1.0,0.0,1.0,0.7,1.0,1.0,0.25,1.0,0.25
inter_1.0,1.0026041382473094,0.06839193646196236,1.0,1.0297064686401303,-0.3962796170846015,86,149,800,5,3,100,0.0,0,0.3,1.0,0.0,1.0,0.7,1.0,1.0,0.25,1.0,0.25
inter_1.0,1.1367239288668611,0.07375515112914192,1.0,1.0791394892746697,0.7807514283492369,87,150,800,5,3,100,0.0,0,0.3,1.0,0.0,1.0,0.7,1.0,1.0,0.25,1.0,0.25
inter_1.0,1.057830669725741,0.07256226892260419,1.0,1.0099020112892043,0.6605176374467824,88,151,800,5,3,100,0.0,0,0.3,1.0,0.0,1.0,0.7,1.0,1.0,0.25,1.0,0.25
inter_1.0,1.1142447895419827,0.07202640428475032,1.0,0.959189524463985,2.1527558763727783,89,152,800,5,3,100,0.0,0,0.3,1.0,0.0,1.0,0.7,1.0,1.0,0.25,1.0,0.25
inter_1.0,0.9718249338775988,0.08122345279209554,1.0,1.0299636693084069,-0.7157875395869155,90,153,800,5,3,100,0.0,0,0.3,1.0,0.0,1.0,0.7,1.0,1.0,0.25,1.0,0.25
inter_1.0,0.9457517291709722,0.07392725563145625,1.0,1.0012224320810592,-0.7503417032903371,91,154,800,5,3,100,0.0,0,0.3,1.0,0.0,1.0,0.7,1.0,1.0,0.25,1.0,0.25
inter_1.0,1.107270382998228,0.062257765434752345,1.0,1.0534372579943254,0.8646812912089016,92,155,800,5,3,100,0.0,0,0.3,1.0,0.0,1.0,0.7,1.0,1.0,0.25,1.0,0.25
inter_1.0,1.0561134620191115,0.07220330804943238,1.0,1.0551120973276733,0.013868681622629078,93,156,800,5,3,100,0.0,0,0.3,1.0,0.0,1.0,0.7,1.0,1.0,0.25,1.0,0.25
inter_1.0,1.0455380875341072,0.07300594489322638,1.0,1.078365194865195,-0.44964978371417136,94,157,800,5,3,100,0.0,0,0.3,1.0,0.0,1.0,0.7,1.0,1.0,0.25,1.0,0.25
inter_1.0,1.0014226143723595,0.07160318775123635,1.0,1.0092787179381075,-0.1097172320461726,95,158,800,5,3,100,0.0,0,0.3,1.0,0.0,1.0,0.7,1.0,1.0,0.25,1.0,0.25
inter_1.0,0.9463679815132741,0.07838130584108861,1.0,0.9713029187856401,-0.3181235245419299,96,159,800,5,3,100,0.0,0,0.3,1.0,0.0,1.0,0.7,1.0,1.0,0.25,1.0,0.25
inter_1.0,1.0136894524012,0.08029747090536768,1.0,0.942478670039039,0.8868371763051467,97,160,800,5,3,100,0.0,0,0.3,1.0,0.0,1.0,0.7,1.0,1.0,0.25,1.0,0.25
inter_1.0,1.0621210902005451,0.08201886722346745,1.0,0.9798241567126308,1.00339027194425,98,161,800,5,3,100,0.0,0,0.3,1.0,0.0,1.0,0.7,1.0,1.0,0.25,1.0,0.25
inter_1.0,1.048514657486377,0.06580002119458055,1.0,1.0185908162823656,0.4547694766772519,99,162,800,5,3,100,0.0,0,0.3,1.0,0.0,1.0,0.7,1.0,1.0,0.25,1.0,0.25
hete_0.15,1.0300344881262355,0.03746356824871061,1.0,0.9995493980458875,0.8137262814360259,0,64,800,5,3,100,0.0,0,0.3,0.0,0.15,1.0,0.7,1.0,1.0,0.25,1.0,0.25
hete_0.15,0.9432258323049687,0.034717309781000606,1.0,0.9988563988796675,-1.602387020354416,1,65,800,5,3,100,0.0,0,0.3,0.0,0.15,1.0,0.7,1.0,1.0,0.25,1.0,0.25
hete_0.15,1.0344008910438558,0.0337955181654955,1.0,1.001406336170862,0.9762997185431669,2,66,800,5,3,100,0.0,0,0.3,0.0,0.15,1.0,0.7,1.0,1.0,0.25,1.0,0.25
hete_0.15,1.0047735871412777,0.03923744640905996,1.0,1.0043071558551946,0.011887401672893962,3,67,800,5,3,100,0.0,0,0.3,0.0,0.15,1.0,0.7,1.0,1.0,0.25,1.0,0.25
hete_0.15,0.9822483258163727,0.03452838427889232,1.0,1.0095990604974796,-0.7921232126064706,4,68,800,5,3,100,0.0,0,0.3,0.0,0.15,1.0,0.7,1.0,1.0,0.25,1.0,0.25
hete_0.15,1.0086891754934146,0.03785490480961259,1.0,1.0001366264695917,0.22592974587671383,5,69,800,5,3,100,0.0,0,0.3,0.0,0.15,1.0,0.7,1.0,1.0,0.25,1.0,0.25
hete_0.15,0.9635637980431352,0.03526839998612578,1.0,0.9918782639638593,-0.8028281955479318,6,70,800,5,3,100,0.0,0,0.3,0.0,0.15,1.0,0.7,1.0,1.0,0.25,1.0,0.25
hete_0.15,0.9709694235849406,0.03502370782256713,1.0,0.99738755611453,-0.7542928539555465,7,71,800,5,3,100,0.0,0,0.3,0.0,0.15,1.0,0.7,1.0,1.0,0.25,1.0,0.25
hete_0.15,1.0149541268181133,0.037245271961128486,1.0,1.0082783575063292,0.17923803372281172,8,72,800,5,3,100,0.0,0,0.3,0.0,0.15,1.0,0.7,1.0,1.0,0.25,1.0,0.25
hete_0.15,0.9376012167200803,0.03810468236391772,1.0,0.9955540403283085,-1.5208845740990917,9,73,800,5,3,100,0.0,0,0.3,0.0,0.15,1.0,0.7,1.0,1.0,0.25,1.0,0.25
hete_0.15,1.0039467497706682,0.0360938973756129,1.0,1.0067703051667813,-0.07822805519530499,10,74,800,5,3,100,0.0,0,0.3,0.0,0.15,1.0,0.7,1.0,1.0,0.25,1.0,0.25
hete_0.15,0.9668626591831515,0.035771249588350866,1.0,0.9955807621844783,-0.802826385206265,11,75,800,5,3,100,0.0,0,0.3,0.0,0.15,1.0,0.7,1.0,1.0,0.25,1.0,0.25
hete_0.15,0.9528884007893923,0.034742335280627944,1.0,0.9909236213559259,-1.094780194230115,12,76,800,5,3,100,0.0,0,0.3,0.0,0.15,1.0,0.7,1.0,1.0,0.25,1.0,0.25
hete_0.15,0.9927519439921915,0.037073765886654377,1.0,0.9983893113559275,-0.15205812597973223,13,77,800,5,3,100,0.0,0,0.3,0.0,0.15,1.0,0.7,1.0,1.0,0.25,1.0,0.25
hete_0.15,1.0021291889497408,0.03714476145181595,1.0,1.0031998315004502,-0.028823513972441758,14,78,800,5,3,100,0.0,0,0.3,0.0,0.15,1.0,0.7,1.0,1.0,0.25,1.0,0.25
hete_0.15,1.0416363019660408,0.03626346819256588,1.0,0.9992771593719622,1.1680940821529708,15,79,800,5,3,100,0.0,0,0.3,0.0,0.15,1.0,0.7,1.0,1.0,0.25,1.0,0.25
hete_0.15,0.9933067336342513,0.035652228809318905,1.0,1.006215545927502,-0.36207588485678466,16,80,800,5,3,100,0.0,0,0.3,0.0,0.15,1.0,0.7,1.0,1.0,0.25,1.0,0.25
hete_0.15,0.9873594077939108,0.03358942840904534,1.0,1.0016339538397885,-0.42497138897527725,17,81,800,5,3,100,0.0,0,0.3,0.0,0.15,1.0,0.7,1.0,1.0,0.25,1.0,0.25
hete_0.15,0.9937917561307018,0.03389961385363707,1.0,0.9970442795647608,-0.09594573696626507,18,82,800,5,3,100,0.0,0,0.3,0.0,0.15,1.0,0.7,1.0,1.0,0.25,1.0,0.25
hete_0.15,1.0186199359415269,0.037143164380808766,1.0,0.9982542918058153,0.5483012682202759,19,83,800,5,3,100,0.0,0,0.3,0.0,0.15,1.0,0.7,1.0,1.0,0.25,1.0,0.25
hete_0.15,0.9458881737868595,0.03559520570856107,1.0,1.0039480704928851,-1.631115639038477,20,84,800,5,3,100,0.0,0,0.3,0.0,0.15,1.0,0.7,1.0,1.0,0.25,1.0,0.25
hete_0.15,1.065936518282409,0.03279351560334325,1.0,1.002269081347486,1.9414642121637073,21,85,800,5,3,100,0.0,0,0.3,0.0,0.15,1.0,0.7,1.0,1.0,0.25,1.0,0.25
hete_0.15,0.999620559489842,0.03894032353624621,1.0,0.9942807470687595,0.13712809592124028,22,86,800,5,3,100,0.0,0,0.3,0.0,0.15,1.0,0.7,1.0,1.0,0.25,1.0,0.25
hete_0.15,0.9565056307663681,0.03904798367267726,1.0,0.9914599885900927,-0.8951642194058516,23,87,800,5,3,100,0.0,0,0.3,0.0,0.15,1.0,0.7,1.0,1.0,0.25,1.0,0.25
hete_0.15,0.9345659828432741,0.033990921355648816,1.0,1.006652962942593,-2.120771583243335,24,88,800,5,3,100,0.0,0,0.3,0.0,0.15,1.0,0.7,1.0,1.0,0.25,1.0,0.25
hete_0.15,1.0290810154141075,0.0385671676518738,1.0,0.9966216289328708,0.8416326232258242,25,89,800,5,3,100,0.0,0,0.3,0.0,0.15,1.0,0.7,1.0,1.0,0.25,1.0,0.25
hete_0.15,0.9770249873696092,0.039419373011044166,1.0,1.0007193406262127,-0.6010839708172184,26,90,800,5,3,100,0.0,0,0.3,0.0,0.15,1.0,0.7,1.0,1.0,0.25,1.0,0.25
hete_0.15,0.8820369578390928,0.03344760403678074,1.0,0.9871176862625437,-3.1416518895613175,27,91,800,5,3,100,0.0,0,0.3,0.0,0.15,1.0,0.7,1.0,1.0,0.25,1.0,0.25
hete_0.15,0.9876396993603106,0.03970105111484329,1.0,0.9951601327832768,-0.1894265570251978,28,92,800,5,3,100,0.0,0,0.3,0.0,0.15,1.0,0.7,1.0,1.0,0.25,1.0,0.25
hete_0.15,0.9655115692421452,0.040445577996696604,1.0,1.0077038775189449,-1.043187175622653,29,93,800,5,3,100,0.0,0,0.3,0.0,0.15,1.0,0.7,1.0,1.0,0.25,1.0,0.25
hete_0.15,1.014654067525398,0.03824671466129947,1.0,1.005871108674554,0.22963956325721482,30,94,800,5,3,100,0.0,0,0.3,0.0,0.15,1.0,0.7,1.0,1.0,0.25,1.0,0.25
hete_0.15,0.9383374448936561,0.03654546129631165,1.0,0.9961975905984457,-1.583237525329284,31,95,800,5,3,100,0.0,0,0.3,0.0,0.15,1.0,0.7,1.0,1.0,0.25,1.0,0.25
hete_0.15,0.9766906511331332,0.04010155306375849,1.0,1.0060309603213582,-0.7316501967286911,32,96,800,5,3,100,0.0,0,0.3,0.0,0.15,1.0,0.7,1.0,1.0,0.25,1.0,0.25
hete_0.15,0.9764076561417884,0.03587599613477581,1.0,1.0068514344715584,-0.8485834989891723,33,97,800,5,3,100,0.0,0,0.3,0.0,0.15,1.0,0.7,1.0,1.0,0.25,1.0,0.25
hete_0.15,1.0325483097554002,0.037165229237586965,1.0,1.0007680072306686,0.8551084757628966,34,98,800,5,3,100,0.0,0,0.3,0.0,0.15,1.0,0.7,1.0,1.0,0.25,1.0,0.25
hete_0.15,0.9874264400814448,0.038376417880833624,1.0,0.9967197415476357,-0.24216177484434415,35,99,800,5,3,100,0.0,0,0.3,0.0,0.15,1.0,0.7,1.0,1.0,0.25,1.0,0.25
hete_0.15,0.9636831937651902,0.03580738380911731,1.0,1.0102185257602059,-1.2996015638307208,36,100,800,5,3,100,0.0,0,0.3,0.0,0.15,1.0,0.7,1.0,1.0,0.25,1.0,0.25
hete_0.15,0.9995249793302509,0.0356310731564856,1.0,1.0041774214848425,-0.13057260818833222,37,101,800,5,3,100,0.0,0,0.3,0.0,0.15,1.0,0.7,1.0,1.0,0.25,1.0,0.25
hete_0.15,1.0147053847298708,0.037996930568098095,1.0,0.9979142611289106,0.4419073685667108,38,102,800,5,3,100,0.0,0,0.3,0.0,0.15,1.0,0.7,1.0,1.0,0.25,1.0,0.25
hete_0.15,0.9787013838074774,0.03346458543942307,1.0,1.0037414388370163,-0.7482553481759362,39,103,800,5,3,100,0.0,0,0.3,0.0,0.15,1.0,0.7,1.0,1.0,0.25,1.0,0.25
hete_0.15,0.9951980811892223,0.03641284446097536,1.0,1.0083412980992705,-0.360950019275045,40,104,800,5,3,100,0.0,0,0.3,0.0,0.15,1.0,0.7,1.0,1.0,0.25,1.0,0.25
hete_0.15,0.9132508821693373,0.03705560145643592,1.0,1.0085814445508634,-2.5726356781335924,41,105,800,5,3,100,0.0,0,0.3,0.0,0.15,1.0,0.7,1.0,1.0,0.25,1.0,0.25
hete_0.15,0.965996271906436,0.036570648692209475,1.0,0.9964945177390431,-0.8339541934104115,42,106,800,5,3,100,0.0,0,0.3,0.0,0.15,1.0,0.7,1.0,1.0,0.25,1.0,0.25
hete_0.15,1.0252741745532812,0.038907811281911425,1.0,1.0032585150160132,0.5658416346720407,43,107,800,5,3,100,0.0,0,0.3,0.0,0.15,1.0,0.7,1.0,1.0,0.25,1.0,0.25
hete_0.15,0.9424623810930378,0.03818252535756611,1.0,1.0068378085431766,-1.6859918731745804,44,108,800,5,3,100,0.0,0,0.3,0.0,0.15,1.0,0.7,1.0,1.0,0.25,1.0,0.25
hete_0.15,1.0056060501963162,0.0380232139929571,1.0,0.996489678872611,0.23975804163724385,45,109,800,5,3,100,0.0,0,0.3,0.0,0.15,1.0,0.7,1.0,1.0,0.25,1.0,0.25
hete_0.15,1.0004781325754233,0.03816052452298854,1.0,0.9926228119899555,0.20584938712610218,46,110,800,5,3,100,0.0,0,0.3,0.0,0.15,1.0,0.7,1.0,1.0,0.25,1.0,0.25
hete_0.15,0.890543268100406,0.03809781135696328,1.0,1.00548916191715,-3.0171259115055418,47,111,800,5,3,100,0.0,0,0.3,0.0,0.15,1.0,0.7,1.0,1.0,0.25,1.0,0.25
hete_0.15,0.943131870543779,0.03942171187205396,1.0,0.9905918753383308,-1.2039052222944229,48,112,800,5,3,100,0.0,0,0.3,0.0,0.15,1.0,0.7,1.0,1.0,0.25,1.0,0.25
hete_0.15,0.9514264779485482,0.036228353455667286,1.0,1.0073723796107688,-1.5442573654549798,49,113,800,5,3,100,0.0,0,0.3,0.0,0.15,1.0,0.7,1.0,1.0,0.25,1.0,0.25
hete_0.15,1.006700811638102,0.03420508580712214,1.0,0.9969150923671486,0.2860895986676878,50,114,800,5,3,100,0.0,0,0.3,0.0,0.15,1.0,0.7,1.0,1.0,0.25,1.0,0.25
hete_0.15,1.0618615634254565,0.03840591831414511,1.0,1.0038711629369896,1.509933964190843,51,115,800,5,3,100,0.0,0,0.3,0.0,0.15,1.0,0.7,1.0,1.0,0.25,1.0,0.25
hete_0.15,0.9685417477409144,0.037154511601552066,1.0,0.9949353498087967,-0.7103740819131041,52,116,800,5,3,100,0.0,0,0.3,0.0,0.15,1.0,0.7,1.0,1.0,0.25,1.0,0.25
hete_0.15,0.946693782907888,0.04306102365783099,1.0,1.002913642939857,-1.3055857770288997,53,117,800,5,3,100,0.0,0,0.3,0.0,0.15,1.0,0.7,1.0,1.0,0.25,1.0,0.25
hete_0.15,1.0044610977948696,0.038682427527312394,1.0,1.0055083522423567,-0.027073131507780072,54,118,800,5,3,100,0.0,0,0.3,0.0,0.15,1.0,0.7,1.0,1.0,0.25,1.0,0.25
hete_0.15,0.9988894646531717,0.04065530584224839,1.0,1.0029080184349564,-0.09884450992393214,55,119,800,5,3,100,0.0,0,0.3,0.0,0.15,1.0,0.7,1.0,1.0,0.25,1.0,0.25
hete_0.15,1.0233272515461949,0.03598553133613977,1.0,1.0069179655329652,0.4559967688110817,56,120,800,5,3,100,0.0,0,0.3,0.0,0.15,1.0,0.7,1.0,1.0,0.25,1.0,0.25
hete_0.15,0.9664262347499649,0.03780268982533007,1.0,1.009758082496875,-1.1462636110585758,57,121,800,5,3,100,0.0,0,0.3,0.0,0.15,1.0,0.7,1.0,1.0,0.25,1.0,0.25
hete_0.15,1.0405130919725885,0.03636874412871726,1.0,1.0015759671872437,1.0706205484450433,58,122,800,5,3,100,0.0,0,0.3,0.0,0.15,1.0,0.7,1.0,1.0,0.25,1.0,0.25
hete_0.15,1.0541054750236125,0.0382816897883039,1.0,1.0002465436362065,1.4069110241800618,59,123,800,5,3,100,0.0,0,0.3,0.0,0.15,1.0,0.7,1.0,1.0,0.25,1.0,0.25
hete_0.15,0.8747860563878742,0.03602580862738485,1.0,0.983628922368082,-3.0212469928425523,60,124,800,5,3,100,0.0,0,0.3,0.0,0.15,1.0,0.7,1.0,1.0,0.25,1.0,0.25
hete_0.15,0.9939929336930835,0.036291324460835835,1.0,0.9997938444222558,-0.1598429050290639,61,125,800,5,3,100,0.0,0,0.3,0.0,0.15,1.0,0.7,1.0,1.0,0.25,1.0,0.25
hete_0.15,1.0057196254878384,0.035984302755904606,1.0,1.0029962611127075,0.07568201039227071,62,126,800,5,3,100,0.0,0,0.3,0.0,0.15,1.0,0.7,1.0,1.0,0.25,1.0,0.25
hete_0.15,0.9378253693466313,0.035613090882552434,1.0,1.0067987858006502,-1.936743336361471,63,127,800,5,3,100,0.0,0,0.3,0.0,0.15,1.0,0.7,1.0,1.0,0.25,1.0,0.25
hete_0.15,0.9719400210035376,0.03846478052752964,1.0,1.0000833987417095,-0.7316661463342908,64,128,800,5,3,100,0.0,0,0.3,0.0,0.15,1.0,0.7,1.0,1.0,0.25,1.0,0.25
hete_0.15,0.9919743413694022,0.0351181837662651,1.0,0.9903509128548714,0.046227576156437564,65,129,800,5,3,100,0.0,0,0.3,0.0,0.15,1.0,0.7,1.0,1.0,0.25,1.0,0.25
hete_0.15,0.9661617521895656,0.03696429896395664,1.0,0.9976370251486374,-0.8515046637233106,66,130,800,5,3,100,0.0,0,0.3,0.0,0.15,1.0,0.7,1.0,1.0,0.25,1.0,0.25
hete_0.15,1.0341128636793833,0.036547192312497256,1.0,1.0011176800865507,0.902810353000768,67,131,800,5,3,100,0.0,0,0.3,0.0,0.15,1.0,0.7,1.0,1.0,0.25,1.0,0.25
hete_0.15,0.9281014112630639,0.036725954458337005,1.0,0.9946892984931653,-1.8131016119850798,68,132,800,5,3,100,0.0,0,0.3,0.0,0.15,1.0,0.7,1.0,1.0,0.25,1.0,0.25
hete_0.15,0.9999692740811602,0.035402004769685524,1.0,1.0018283786230844,-0.05251410348139691,69,133,800,5,3,100,0.0,0,0.3,0.0,0.15,1.0,0.7,1.0,1.0,0.25,1.0,0.25
hete_0.15,0.9857205619070014,0.03698443533031369,1.0,1.0016596811921439,-0.4309683017406576,70,134,800,5,3,100,0.0,0,0.3,0.0,0.15,1.0,0.7,1.0,1.0,0.25,1.0,0.25
hete_0.15,1.0055844092914021,0.03658415464783801,1.0,0.9948232869199765,0.2941470829383131,71,135,800,5,3,100,0.0,0,0.3,0.0,0.15,1.0,0.7,1.0,1.0,0.25,1.0,0.25
hete_0.15,0.9758048950000023,0.04368752325527473,1.0,0.9958194814586662,-0.4581304905227676,72,136,800,5,3,100,0.0,0,0.3,0.0,0.15,1.0,0.7,1.0,1.0,0.25,1.0,0.25
hete_0.15,0.9495526418771255,0.03788585673122862,1.0,1.0032321063747793,-1.41687344906752,73,137,800,5,3,100,0.0,0,0.3,0.0,0.15,1.0,0.7,1.0,1.0,0.25,1.0,0.25
hete_0.15,0.9843421289951719,0.038416351360730495,1.0,0.9985009503188559,-0.36856236529940783,74,138,800,5,3,100,0.0,0,0.3,0.0,0.15,1.0,0.7,1.0,1.0,0.25,1.0,0.25
hete_0.15,0.9931282551238774,0.03857722949351632,1.0,0.9981437907533542,-0.13001285201986412,75,139,800,5,3,100,0.0,0,0.3,0.0,0.15,1.0,0.7,1.0,1.0,0.25,1.0,0.25
hete_0.15,0.8834616072323704,0.038708519890774874,1.0,0.9996468385816545,-3.0015415644185777,76,140,800,5,3,100,0.0,0,0.3,0.0,0.15,1.0,0.7,1.0,1.0,0.25,1.0,0.25
hete_0.15,1.0094610174980663,0.03726465111206733,1.0,0.9988041714088851,0.2859773477318342,77,141,800,5,3,100,0.0,0,0.3,0.0,0.15,1.0,0.7,1.0,1.0,0.25,1.0,0.25
hete_0.15,0.9783165644678485,0.035643093805728714,1.0,1.0021212454207613,-0.6678623657828148,78,142,800,5,3,100,0.0,0,0.3,0.0,0.15,1.0,0.7,1.0,1.0,0.25,1.0,0.25
hete_0.15,0.9065249274105597,0.04008426693947759,1.0,0.9910122346328524,-2.107742355619434,79,143,800,5,3,100,0.0,0,0.3,0.0,0.15,1.0,0.7,1.0,1.0,0.25,1.0,0.25
hete_0.15,1.0122638691873713,0.03930893330356643,1.0,0.9967450557676105,0.3947910084436915,80,144,800,5,3,100,0.0,0,0.3,0.0,0.15,1.0,0.7,1.0,1.0,0.25,1.0,0.25
hete_0.15,0.930067562390314,0.03885211969318319,1.0,1.0028395956929488,-1.8730518148641209,81,145,800,5,3,100,0.0,0,0.3,0.0,0.15,1.0,0.7,1.0,1.0,0.25,1.0,0.25
hete_0.15,0.9690099937806507,0.034536973845168316,1.0,0.9965017448937991,-0.7960092634750179,82,146,800,5,3,100,0.0,0,0.3,0.0,0.15,1.0,0.7,1.0,1.0,0.25,1.0,0.25
hete_0.15,1.04153647900837,0.035180388046321454,1.0,1.0046427397262583,1.0487018856510173,83,147,800,5,3,100,0.0,0,0.3,0.0,0.15,1.0,0.7,1.0,1.0,0.25,1.0,0.25
hete_0.15,0.9721705183511229,0.03689019615200504,1.0,0.9981875236141939,-0.7052552704211354,84,148,800,5,3,100,0.0,0,0.3,0.0,0.15,1.0,0.7,1.0,1.0,0.25,1.0,0.25
hete_0.15,1.0235282290623644,0.03347090117059173,1.0,1.0044559702960194,0.5698161118859357,85,149,800,5,3,100,0.0,0,0.3,0.0,0.15,1.0,0.7,1.0,1.0,0.25,1.0,0.25
hete_0.15,0.9722905864022712,0.039658099910114375,1.0,1.0118709233912007,-0.9980391667437134,86,150,800,5,3,100,0.0,0,0.3,0.0,0.15,1.0,0.7,1.0,1.0,0.25,1.0,0.25
hete_0.15,1.0122230132093892,0.03610194301278232,1.0,1.0014853016933807,0.29742752383733856,87,151,800,5,3,100,0.0,0,0.3,0.0,0.15,1.0,0.7,1.0,1.0,0.25,1.0,0.25
hete_0.15,1.0728654141018716,0.03603172254096604,1.0,0.9938784286695977,2.1921512451276826,88,152,800,5,3,100,0.0,0,0.3,0.0,0.15,1.0,0.7,1.0,1.0,0.25,1.0,0.25
hete_0.15,0.9561245619683623,0.03807687440142908,1.0,1.004494550396261,-1.2703245523241622,89,153,800,5,3,100,0.0,0,0.3,0.0,0.15,1.0,0.7,1.0,1.0,0.25,1.0,0.25
hete_0.15,0.9584685603532883,0.03742455462108066,1.0,1.000183364812159,-1.1146372984589474,90,154,800,5,3,100,0.0,0,0.3,0.0,0.15,1.0,0.7,1.0,1.0,0.25,1.0,0.25
hete_0.15,1.0657129031554182,0.037916626701102206,1.0,1.0080155886991489,1.5216890181476017,91,155,800,5,3,100,0.0,0,0.3,0.0,0.15,1.0,0.7,1.0,1.0,0.25,1.0,0.25
hete_0.15,1.0203646283168455,0.04022331691231023,1.0,1.008266814599151,0.30076618852862635,92,156,800,5,3,100,0.0,0,0.3,0.0,0.15,1.0,0.7,1.0,1.0,0.25,1.0,0.25
hete_0.15,0.9704265196616432,0.03694645552036134,1.0,1.0117547792297794,-1.1185987664056183,93,157,800,5,3,100,0.0,0,0.3,0.0,0.15,1.0,0.7,1.0,1.0,0.25,1.0,0.25
hete_0.15,0.9897360146049591,0.03926727059901171,1.0,1.0013918076907162,-0.2968322704367058,94,158,800,5,3,100,0.0,0,0.3,0.0,0.15,1.0,0.7,1.0,1.0,0.25,1.0,0.25
hete_0.15,0.9914708443682103,0.03419039922678818,1.0,0.995695437817846,-0.1235608107882429,95,159,800,5,3,100,0.0,0,0.3,0.0,0.15,1.0,0.7,1.0,1.0,0.25,1.0,0.25
hete_0.15,0.9922835115832728,0.04334891780507392,1.0,0.9913718005058558,0.021031922446521356,96,160,800,5,3,100,0.0,0,0.3,0.0,0.15,1.0,0.7,1.0,1.0,0.25,1.0,0.25
hete_0.15,0.9792631288527546,0.0364535600212401,1.0,0.9969736235068948,-0.4858371759526635,97,161,800,5,3,100,0.0,0,0.3,0.0,0.15,1.0,0.7,1.0,1.0,0.25,1.0,0.25
hete_0.15,1.0384117905170303,0.038395562678737644,1.0,1.0027886224423548,0.927793880056941,98,162,800,5,3,100,0.0,0,0.3,0.0,0.15,1.0,0.7,1.0,1.0,0.25,1.0,0.25
hete_0.15,1.0142401815064679,0.037036637473798845,1.0,1.0055928400713767,0.2334807375860896,99,163,800,5,3,100,0.0,0,0.3,0.0,0.15,1.0,0.7,1.0,1.0,0.25,1.0,0.25
hete_0.3,0.9495913436824995,0.038188609217491815,1.0,0.9977127977593347,-1.2600996753449136,0,65,800,5,3,100,0.0,0,0.3,0.0,0.3,1.0,0.7,1.0,1.0,0.25,1.0,0.25
hete_0.3,1.010603733345869,0.038778612035420386,1.0,1.002812672341724,0.20091129092058774,1,66,800,5,3,100,0.0,0,0.3,0.0,0.3,1.0,0.7,1.0,1.0,0.25,1.0,0.25
hete_0.3,1.0246603675166037,0.042405746178108876,1.0,1.0086143117103894,0.3783934313717554,2,67,800,5,3,100,0.0,0,0.3,0.0,0.3,1.0,0.7,1.0,1.0,0.25,1.0,0.25
hete_0.3,1.000574139724205,0.038221055852876364,1.0,1.0191981209949592,-0.48727019322656145,3,68,800,5,3,100,0.0,0,0.3,0.0,0.3,1.0,0.7,1.0,1.0,0.25,1.0,0.25
hete_0.3,1.015757351969704,0.03992249588229356,1.0,1.0002732529391833,0.3878539827813781,4,69,800,5,3,100,0.0,0,0.3,0.0,0.3,1.0,0.7,1.0,1.0,0.25,1.0,0.25
hete_0.3,0.9408512077619399,0.038702261203464566,1.0,0.9837565279277186,-1.1085998293541033,5,70,800,5,3,100,0.0,0,0.3,0.0,0.3,1.0,0.7,1.0,1.0,0.25,1.0,0.25
hete_0.3,0.9688701588184606,0.039645574090558765,1.0,0.9947751122290599,-0.653413502133352,6,71,800,5,3,100,0.0,0,0.3,0.0,0.3,1.0,0.7,1.0,1.0,0.25,1.0,0.25
hete_0.3,1.0299512133806858,0.039919973764085855,1.0,1.0165567150126584,0.33553374677008996,7,72,800,5,3,100,0.0,0,0.3,0.0,0.3,1.0,0.7,1.0,1.0,0.25,1.0,0.25
hete_0.3,0.9349044114387457,0.04161518730924085,1.0,0.991108080656617,-1.3505566801904325,8,73,800,5,3,100,0.0,0,0.3,0.0,0.3,1.0,0.7,1.0,1.0,0.25,1.0,0.25
hete_0.3,1.0043681148749066,0.03913513575941936,1.0,1.0135406103335625,-0.23438005977654305,9,74,800,5,3,100,0.0,0,0.3,0.0,0.3,1.0,0.7,1.0,1.0,0.25,1.0,0.25
hete_0.3,0.9691166825974119,0.039060619654237676,1.0,0.9911615243689568,-0.564375116592735,10,75,800,5,3,100,0.0,0,0.3,0.0,0.3,1.0,0.7,1.0,1.0,0.25,1.0,0.25
hete_0.3,0.9444746806451254,0.03804486175495221,1.0,0.9818472427118518,-0.9823287651153482,11,76,800,5,3,100,0.0,0,0.3,0.0,0.3,1.0,0.7,1.0,1.0,0.25,1.0,0.25
hete_0.3,0.9713506625284424,0.039523903696398535,1.0,0.9967786227118549,-0.643356495824312,12,77,800,5,3,100,0.0,0,0.3,0.0,0.3,1.0,0.7,1.0,1.0,0.25,1.0,0.25
hete_0.3,1.01310275560186,0.04118131058208669,1.0,1.006399663000901,0.16277025928054803,13,78,800,5,3,100,0.0,0,0.3,0.0,0.3,1.0,0.7,1.0,1.0,0.25,1.0,0.25
hete_0.3,1.0235560449875114,0.038024602937715056,1.0,0.9985543187439242,0.6575144593762218,14,79,800,5,3,100,0.0,0,0.3,0.0,0.3,1.0,0.7,1.0,1.0,0.25,1.0,0.25
hete_0.3,1.0134104983038925,0.03849143464425338,1.0,1.0124310918550037,0.02544478941719707,15,80,800,5,3,100,0.0,0,0.3,0.0,0.3,1.0,0.7,1.0,1.0,0.25,1.0,0.25
hete_0.3,0.9812151299974329,0.036583091440113825,1.0,1.003267907679577,-0.6028133985954761,16,81,800,5,3,100,0.0,0,0.3,0.0,0.3,1.0,0.7,1.0,1.0,0.25,1.0,0.25
hete_0.3,0.9805484206157735,0.03735146392277274,1.0,0.9940885591295218,-0.3625062338050152,17,82,800,5,3,100,0.0,0,0.3,0.0,0.3,1.0,0.7,1.0,1.0,0.25,1.0,0.25
hete_0.3,1.019605458709438,0.04004961677521134,1.0,0.9965085836116306,0.5767065195016604,18,83,800,5,3,100,0.0,0,0.3,0.0,0.3,1.0,0.7,1.0,1.0,0.25,1.0,0.25
hete_0.3,0.9425932969777697,0.04008854593587862,1.0,1.0078961409857703,-1.6289651441200204,19,84,800,5,3,100,0.0,0,0.3,0.0,0.3,1.0,0.7,1.0,1.0,0.25,1.0,0.25
hete_0.3,1.0761136606236703,0.037710041793772395,1.0,1.0045381626949716,1.898048756353247,20,85,800,5,3,100,0.0,0,0.3,0.0,0.3,1.0,0.7,1.0,1.0,0.25,1.0,0.25
hete_0.3,0.9869787353990767,0.041253953082953765,1.0,0.9885614941375189,-0.03836623208592025,21,86,800,5,3,100,0.0,0,0.3,0.0,0.3,1.0,0.7,1.0,1.0,0.25,1.0,0.25
hete_0.3,0.9641204291219121,0.04285769148674508,1.0,0.9829199771801856,-0.43865050603782124,22,87,800,5,3,100,0.0,0,0.3,0.0,0.3,1.0,0.7,1.0,1.0,0.25,1.0,0.25
hete_0.3,0.9484246945479864,0.03764241446094887,1.0,1.0133059258851864,-1.7236203433366197,23,88,800,5,3,100,0.0,0,0.3,0.0,0.3,1.0,0.7,1.0,1.0,0.25,1.0,0.25
hete_0.3,1.0210399860157842,0.04240148397685946,1.0,0.9932432578657415,0.6555602668343555,24,89,800,5,3,100,0.0,0,0.3,0.0,0.3,1.0,0.7,1.0,1.0,0.25,1.0,0.25
hete_0.3,0.9852154837356919,0.043126819242505374,1.0,1.0014386812524256,-0.37617421830971265,25,90,800,5,3,100,0.0,0,0.3,0.0,0.3,1.0,0.7,1.0,1.0,0.25,1.0,0.25
hete_0.3,0.874048756423601,0.03675795008774194,1.0,0.9742353725250874,-2.7255768034490218,26,91,800,5,3,100,0.0,0,0.3,0.0,0.3,1.0,0.7,1.0,1.0,0.25,1.0,0.25
hete_0.3,0.988603157771899,0.04518523522487877,1.0,0.9903202655665533,-0.03800152386301734,27,92,800,5,3,100,0.0,0,0.3,0.0,0.3,1.0,0.7,1.0,1.0,0.25,1.0,0.25
hete_0.3,0.9731356850881598,0.044009906372707346,1.0,1.0154077550378895,-0.9605126080419155,28,93,800,5,3,100,0.0,0,0.3,0.0,0.3,1.0,0.7,1.0,1.0,0.25,1.0,0.25
hete_0.3,1.0089743815720669,0.04258948410527833,1.0,1.011742217349108,-0.06498871341571527,29,94,800,5,3,100,0.0,0,0.3,0.0,0.3,1.0,0.7,1.0,1.0,0.25,1.0,0.25
hete_0.3,0.9286582339335556,0.040695975751926315,1.0,0.9923951811968914,-1.5661732170242617,30,95,800,5,3,100,0.0,0,0.3,0.0,0.3,1.0,0.7,1.0,1.0,0.25,1.0,0.25
hete_0.3,0.9851236658732179,0.045139633305638936,1.0,1.0120619206427162,-0.5967761099674931,31,96,800,5,3,100,0.0,0,0.3,0.0,0.3,1.0,0.7,1.0,1.0,0.25,1.0,0.25
hete_0.3,0.9708166325256655,0.03799043096508119,1.0,1.0137028689431167,-1.1288694370661374,32,97,800,5,3,100,0.0,0,0.3,0.0,0.3,1.0,0.7,1.0,1.0,0.25,1.0,0.25
hete_0.3,1.041821335823843,0.04250074226680876,1.0,1.0015360144613374,0.9478733597075719,33,98,800,5,3,100,0.0,0,0.3,0.0,0.3,1.0,0.7,1.0,1.0,0.25,1.0,0.25
hete_0.3,0.9855264426804062,0.04169211213698233,1.0,0.9934394830952713,-0.18979706254425838,34,99,800,5,3,100,0.0,0,0.3,0.0,0.3,1.0,0.7,1.0,1.0,0.25,1.0,0.25
hete_0.3,0.9754778417701161,0.03890528611841617,1.0,1.0204370515204118,-1.1556067114749686,35,100,800,5,3,100,0.0,0,0.3,0.0,0.3,1.0,0.7,1.0,1.0,0.25,1.0,0.25
hete_0.3,1.0211402247736971,0.03971974829385904,1.0,1.008354842969685,0.3218897992359368,36,101,800,5,3,100,0.0,0,0.3,0.0,0.3,1.0,0.7,1.0,1.0,0.25,1.0,0.25
hete_0.3,1.0146687807138746,0.04136298275180454,1.0,0.9958285222578211,0.4554859732699396,37,102,800,5,3,100,0.0,0,0.3,0.0,0.3,1.0,0.7,1.0,1.0,0.25,1.0,0.25
hete_0.3,0.9751006130678003,0.037060412389261554,1.0,1.0074828776740328,-0.8737696781705384,38,103,800,5,3,100,0.0,0,0.3,0.0,0.3,1.0,0.7,1.0,1.0,0.25,1.0,0.25
hete_0.3,0.9931381022730675,0.04045929699608147,1.0,1.0166825961985413,-0.5819303762928472,39,104,800,5,3,100,0.0,0,0.3,0.0,0.3,1.0,0.7,1.0,1.0,0.25,1.0,0.25
hete_0.3,0.9351266318683764,0.041703387372363176,1.0,1.0171628891017266,-1.967136542191668,40,105,800,5,3,100,0.0,0,0.3,0.0,0.3,1.0,0.7,1.0,1.0,0.25,1.0,0.25
hete_0.3,0.9619160374703444,0.03878898159238745,1.0,0.992989035478086,-0.8010779538960596,41,106,800,5,3,100,0.0,0,0.3,0.0,0.3,1.0,0.7,1.0,1.0,0.25,1.0,0.25
hete_0.3,1.03258665168869,0.04154757306979689,1.0,1.0065170300320263,0.6274643674822724,42,107,800,5,3,100,0.0,0,0.3,0.0,0.3,1.0,0.7,1.0,1.0,0.25,1.0,0.25
hete_0.3,0.9634480847404605,0.04159531377816654,1.0,1.0136756170863532,-1.207528632041652,43,108,800,5,3,100,0.0,0,0.3,0.0,0.3,1.0,0.7,1.0,1.0,0.25,1.0,0.25
hete_0.3,1.0220882408378964,0.041304416751824946,1.0,0.9929793577452218,0.7047402041184482,44,109,800,5,3,100,0.0,0,0.3,0.0,0.3,1.0,0.7,1.0,1.0,0.25,1.0,0.25
hete_0.3,0.989478296038296,0.042564772141294026,1.0,0.9852456239799113,0.09944073104242734,45,110,800,5,3,100,0.0,0,0.3,0.0,0.3,1.0,0.7,1.0,1.0,0.25,1.0,0.25
hete_0.3,0.8930232257418964,0.041434055109456226,1.0,1.0109783238343,-2.846815205048164,46,111,800,5,3,100,0.0,0,0.3,0.0,0.3,1.0,0.7,1.0,1.0,0.25,1.0,0.25
hete_0.3,0.9286755469779363,0.04154474201114028,1.0,0.9811837506766616,-1.2638952887141575,47,112,800,5,3,100,0.0,0,0.3,0.0,0.3,1.0,0.7,1.0,1.0,0.25,1.0,0.25
hete_0.3,0.9501517933149115,0.03957591130591857,1.0,1.0147447592215377,-1.6321283269342268,48,113,800,5,3,100,0.0,0,0.3,0.0,0.3,1.0,0.7,1.0,1.0,0.25,1.0,0.25
hete_0.3,0.9917615544519685,0.038493879376274284,1.0,0.9938301847342973,-0.05373919999354089,49,114,800,5,3,100,0.0,0,0.3,0.0,0.3,1.0,0.7,1.0,1.0,0.25,1.0,0.25
hete_0.3,1.0790292543341855,0.04551585131489981,1.0,1.0077423258739797,1.5662000468146733,50,115,800,5,3,100,0.0,0,0.3,0.0,0.3,1.0,0.7,1.0,1.0,0.25,1.0,0.25
hete_0.3,0.9650850695537802,0.04493020552769996,1.0,0.9898706996175934,-0.5516473778098495,51,116,800,5,3,100,0.0,0,0.3,0.0,0.3,1.0,0.7,1.0,1.0,0.25,1.0,0.25
hete_0.3,0.9570022719375427,0.048635976939628844,1.0,1.005827285879714,-1.0038867730112013,52,117,800,5,3,100,0.0,0,0.3,0.0,0.3,1.0,0.7,1.0,1.0,0.25,1.0,0.25
hete_0.3,1.0099877468634135,0.04455019954054611,1.0,1.0110167044847136,-0.02309658838595296,53,118,800,5,3,100,0.0,0,0.3,0.0,0.3,1.0,0.7,1.0,1.0,0.25,1.0,0.25
hete_0.3,1.00095267652297,0.04393153852976364,1.0,1.0058160368699132,-0.11070316473547372,54,119,800,5,3,100,0.0,0,0.3,0.0,0.3,1.0,0.7,1.0,1.0,0.25,1.0,0.25
hete_0.3,1.0507494983727417,0.04047002280837678,1.0,1.0138359310659306,0.9121212380233802,55,120,800,5,3,100,0.0,0,0.3,0.0,0.3,1.0,0.7,1.0,1.0,0.25,1.0,0.25
hete_0.3,0.9803414474141298,0.04073547442730217,1.0,1.0195161649937499,-0.9616855610588888,56,121,800,5,3,100,0.0,0,0.3,0.0,0.3,1.0,0.7,1.0,1.0,0.25,1.0,0.25
hete_0.3,1.0218690485278092,0.04012256199489057,1.0,1.0031519343744872,0.466498479227362,57,122,800,5,3,100,0.0,0,0.3,0.0,0.3,1.0,0.7,1.0,1.0,0.25,1.0,0.25
hete_0.3,1.0526276842207838,0.04078695597888191,1.0,1.0004930872724132,1.2782174030188511,58,123,800,5,3,100,0.0,0,0.3,0.0,0.3,1.0,0.7,1.0,1.0,0.25,1.0,0.25
hete_0.3,0.8368234998774179,0.0386185124658322,1.0,0.9672578447361638,-3.3775082604268607,59,124,800,5,3,100,0.0,0,0.3,0.0,0.3,1.0,0.7,1.0,1.0,0.25,1.0,0.25
hete_0.3,0.9734778764822101,0.04130175484727272,1.0,0.9995876888445114,-0.6321719853999248,60,125,800,5,3,100,0.0,0,0.3,0.0,0.3,1.0,0.7,1.0,1.0,0.25,1.0,0.25
hete_0.3,0.9999772409845453,0.0395416041256531,1.0,1.005992522225415,-0.15212537209554172,61,126,800,5,3,100,0.0,0,0.3,0.0,0.3,1.0,0.7,1.0,1.0,0.25,1.0,0.25
hete_0.3,0.9330463580358233,0.040309148309426245,1.0,1.0135975716013004,-1.998335785890081,62,127,800,5,3,100,0.0,0,0.3,0.0,0.3,1.0,0.7,1.0,1.0,0.25,1.0,0.25
hete_0.3,0.9819289081210959,0.041259437152149296,1.0,1.000166797483419,-0.4420295239382105,63,128,800,5,3,100,0.0,0,0.3,0.0,0.3,1.0,0.7,1.0,1.0,0.25,1.0,0.25
hete_0.3,1.0030849379322897,0.03833875729558044,1.0,0.9807018257097426,0.5838246672937237,64,129,800,5,3,100,0.0,0,0.3,0.0,0.3,1.0,0.7,1.0,1.0,0.25,1.0,0.25
hete_0.3,0.9509333007162052,0.04039749192203271,1.0,0.9952740502972748,-1.0976114474296421,65,130,800,5,3,100,0.0,0,0.3,0.0,0.3,1.0,0.7,1.0,1.0,0.25,1.0,0.25
hete_0.3,1.0312381857404829,0.04030931279148619,1.0,1.0022353601731016,0.7195068225898176,66,131,800,5,3,100,0.0,0,0.3,0.0,0.3,1.0,0.7,1.0,1.0,0.25,1.0,0.25
hete_0.3,0.9164902839613149,0.04040841196719341,1.0,0.9893785969863306,-1.8037905841039203,67,132,800,5,3,100,0.0,0,0.3,0.0,0.3,1.0,0.7,1.0,1.0,0.25,1.0,0.25
hete_0.3,1.0110870013804611,0.03877588375313719,1.0,1.003656757246169,0.1916202395694209,68,133,800,5,3,100,0.0,0,0.3,0.0,0.3,1.0,0.7,1.0,1.0,0.25,1.0,0.25
hete_0.3,0.9846277865834482,0.041746710545120407,1.0,1.003319362384288,-0.4477376913478654,69,134,800,5,3,100,0.0,0,0.3,0.0,0.3,1.0,0.7,1.0,1.0,0.25,1.0,0.25
hete_0.3,0.9936119561001971,0.038558691545401376,1.0,0.989646573839953,0.10284016654390454,70,135,800,5,3,100,0.0,0,0.3,0.0,0.3,1.0,0.7,1.0,1.0,0.25,1.0,0.25
hete_0.3,0.9525483561832395,0.05473788445952744,1.0,0.9916389629173323,-0.7141417159261235,71,136,800,5,3,100,0.0,0,0.3,0.0,0.3,1.0,0.7,1.0,1.0,0.25,1.0,0.25
hete_0.3,0.9522386422371495,0.0412260159615744,1.0,1.0064642127495584,-1.3153240556388244,72,137,800,5,3,100,0.0,0,0.3,0.0,0.3,1.0,0.7,1.0,1.0,0.25,1.0,0.25
hete_0.3,0.985246147903107,0.0411947676726683,1.0,0.9970019006377118,-0.2853700457304525,73,138,800,5,3,100,0.0,0,0.3,0.0,0.3,1.0,0.7,1.0,1.0,0.25,1.0,0.25
hete_0.3,0.9714937629636059,0.04243311647471711,1.0,0.9962875815067085,-0.5843035016736389,74,139,800,5,3,100,0.0,0,0.3,0.0,0.3,1.0,0.7,1.0,1.0,0.25,1.0,0.25
hete_0.3,0.8737696677650068,0.040992526452860174,1.0,0.9992936771633092,-3.062119372970344,75,140,800,5,3,100,0.0,0,0.3,0.0,0.3,1.0,0.7,1.0,1.0,0.25,1.0,0.25
hete_0.3,1.0017608038510133,0.040903356099483874,1.0,0.9976083428177702,0.10151883437494919,76,141,800,5,3,100,0.0,0,0.3,0.0,0.3,1.0,0.7,1.0,1.0,0.25,1.0,0.25
hete_0.3,0.9749529875957227,0.03779261864926519,1.0,1.0042424908415228,-0.7750059215960055,77,142,800,5,3,100,0.0,0,0.3,0.0,0.3,1.0,0.7,1.0,1.0,0.25,1.0,0.25
hete_0.3,0.8877304243041015,0.044824820562715736,1.0,0.9820244692657046,-2.1036123241067637,78,143,800,5,3,100,0.0,0,0.3,0.0,0.3,1.0,0.7,1.0,1.0,0.25,1.0,0.25
hete_0.3,1.0184676122755174,0.04403031725047329,1.0,0.993490111535221,0.5672795996042449,79,144,800,5,3,100,0.0,0,0.3,0.0,0.3,1.0,0.7,1.0,1.0,0.25,1.0,0.25
hete_0.3,0.9282256558595751,0.041559067928342006,1.0,1.0056791913858978,-1.863697608903827,80,145,800,5,3,100,0.0,0,0.3,0.0,0.3,1.0,0.7,1.0,1.0,0.25,1.0,0.25
hete_0.3,0.9374083140033702,0.037988130358219366,1.0,0.9930034897875983,-1.4634880753534947,81,146,800,5,3,100,0.0,0,0.3,0.0,0.3,1.0,0.7,1.0,1.0,0.25,1.0,0.25
hete_0.3,1.0511755344511333,0.03759720202261846,1.0,1.0092854794525163,1.1141801183347617,82,147,800,5,3,100,0.0,0,0.3,0.0,0.3,1.0,0.7,1.0,1.0,0.25,1.0,0.25
hete_0.3,0.9838799762838881,0.03948029365554547,1.0,0.996375047228388,-0.3164888046050484,83,148,800,5,3,100,0.0,0,0.3,0.0,0.3,1.0,0.7,1.0,1.0,0.25,1.0,0.25
hete_0.3,1.016914410683084,0.036225878326342546,1.0,1.008911940592039,0.2209047912918608,84,149,800,5,3,100,0.0,0,0.3,0.0,0.3,1.0,0.7,1.0,1.0,0.25,1.0,0.25
hete_0.3,0.9991652813809481,0.04227133152923753,1.0,1.0237418467824009,-0.5814003134595866,85,150,800,5,3,100,0.0,0,0.3,0.0,0.3,1.0,0.7,1.0,1.0,0.25,1.0,0.25
hete_0.3,1.0205677275528555,0.04001045362762692,1.0,1.0029706033867614,0.4398131630765485,86,151,800,5,3,100,0.0,0,0.3,0.0,0.3,1.0,0.7,1.0,1.0,0.25,1.0,0.25
hete_0.3,1.0776117157715943,0.04066762890595454,1.0,0.9877568573391955,2.2094934189596263,87,152,800,5,3,100,0.0,0,0.3,0.0,0.3,1.0,0.7,1.0,1.0,0.25,1.0,0.25
hete_0.3,0.9593441267042793,0.042655288967320085,1.0,1.008989100792522,-1.1638644419049122,88,153,800,5,3,100,0.0,0,0.3,0.0,0.3,1.0,0.7,1.0,1.0,0.25,1.0,0.25
hete_0.3,0.9554529290312298,0.04117798237264503,1.0,1.0003667296243177,-1.0907236830264087,89,154,800,5,3,100,0.0,0,0.3,0.0,0.3,1.0,0.7,1.0,1.0,0.25,1.0,0.25
hete_0.3,1.0674178984704237,0.040500465659582666,1.0,1.0160311773982977,1.2687933394160251,90,155,800,5,3,100,0.0,0,0.3,0.0,0.3,1.0,0.7,1.0,1.0,0.25,1.0,0.25
hete_0.3,1.0307841699796914,0.0423791748494501,1.0,1.016533629198302,0.3362628185190876,91,156,800,5,3,100,0.0,0,0.3,0.0,0.3,1.0,0.7,1.0,1.0,0.25,1.0,0.25
hete_0.3,0.9806412520277975,0.04056571836188659,1.0,1.0235095584595586,-1.056761920233561,92,157,800,5,3,100,0.0,0,0.3,0.0,0.3,1.0,0.7,1.0,1.0,0.25,1.0,0.25
hete_0.3,0.9988037655791154,0.0432587716930868,1.0,1.0027836153814322,-0.09200098954619244,93,158,800,5,3,100,0.0,0,0.3,0.0,0.3,1.0,0.7,1.0,1.0,0.25,1.0,0.25
hete_0.3,0.9803663215983401,0.039054478647239634,1.0,0.991390875635692,-0.2822865499481203,94,159,800,5,3,100,0.0,0,0.3,0.0,0.3,1.0,0.7,1.0,1.0,0.25,1.0,0.25
hete_0.3,0.9889728074676435,0.04733496279484743,1.0,0.9827436010117117,0.13159842298661117,95,160,800,5,3,100,0.0,0,0.3,0.0,0.3,1.0,0.7,1.0,1.0,0.25,1.0,0.25
hete_0.3,1.002705200724453,0.04076869302128705,1.0,0.9939472470137893,0.21482056601840985,96,161,800,5,3,100,0.0,0,0.3,0.0,0.3,1.0,0.7,1.0,1.0,0.25,1.0,0.25
hete_0.3,1.0442655329383408,0.04152230394493925,1.0,1.0055772448847096,0.9317471425702659,97,162,800,5,3,100,0.0,0,0.3,0.0,0.3,1.0,0.7,1.0,1.0,0.25,1.0,0.25
hete_0.3,1.048162106378023,0.040577095728763495,1.0,1.0111856801427535,0.9112634990546779,98,163,800,5,3,100,0.0,0,0.3,0.0,0.3,1.0,0.7,1.0,1.0,0.25,1.0,0.25
hete_0.3,1.0082772945131386,0.036408135026935455,1.0,1.0047460492280067,0.09699055671265362,99,164,800,5,3,100,0.0,0,0.3,0.0,0.3,1.0,0.7,1.0,1.0,0.25,1.0,0.25
hete_0.5,0.999743580000323,0.04643074289498982,1.0,1.0046877872362072,-0.10648563705013842,0,66,800,5,3,100,0.0,0,0.3,0.0,0.5,1.0,0.7,1.0,1.0,0.25,1.0,0.25
hete_0.5,1.0554869841362993,0.04860608173455973,1.0,1.014357186183982,0.8461862483984867,1,67,800,5,3,100,0.0,0,0.3,0.0,0.5,1.0,0.7,1.0,1.0,0.25,1.0,0.25
hete_0.5,1.0227306026454357,0.04510635186912089,1.0,1.031996868324932,-0.2054315034472992,2,68,800,5,3,100,0.0,0,0.3,0.0,0.5,1.0,0.7,1.0,1.0,0.25,1.0,0.25
hete_0.5,1.0313590292593033,0.045374275847403715,1.0,1.0004554215653056,0.6810821135290025,3,69,800,5,3,100,0.0,0,0.3,0.0,0.5,1.0,0.7,1.0,1.0,0.25,1.0,0.25
hete_0.5,0.9298350149010186,0.04606530022882854,1.0,0.9729275465461978,-0.9354662062575922,4,70,800,5,3,100,0.0,0,0.3,0.0,0.5,1.0,0.7,1.0,1.0,0.25,1.0,0.25
hete_0.5,0.9587841746005944,0.04852464700892214,1.0,0.9912918537150999,-0.6699209807446583,5,71,800,5,3,100,0.0,0,0.3,0.0,0.5,1.0,0.7,1.0,1.0,0.25,1.0,0.25
hete_0.5,1.0495360786558285,0.045651439608568094,1.0,1.0275945250210974,0.480632239045821,6,72,800,5,3,100,0.0,0,0.3,0.0,0.5,1.0,0.7,1.0,1.0,0.25,1.0,0.25
hete_0.5,0.9314350011238048,0.04930958587342754,1.0,0.985180134427695,-1.0899530456785467,7,73,800,5,3,100,0.0,0,0.3,0.0,0.5,1.0,0.7,1.0,1.0,0.25,1.0,0.25
hete_0.5,1.0203329229181255,0.04496490284851291,1.0,1.0225676838892708,-0.04970011786023877,8,74,800,5,3,100,0.0,0,0.3,0.0,0.5,1.0,0.7,1.0,1.0,0.25,1.0,0.25
hete_0.5,0.962930265288681,0.046903313999068025,1.0,0.9852692072815947,-0.4762764096660127,9,75,800,5,3,100,0.0,0,0.3,0.0,0.5,1.0,0.7,1.0,1.0,0.25,1.0,0.25
hete_0.5,0.9254321368930175,0.04569170053909082,1.0,0.9697454045197529,-0.9698318754589546,10,76,800,5,3,100,0.0,0,0.3,0.0,0.5,1.0,0.7,1.0,1.0,0.25,1.0,0.25
hete_0.5,0.9531114733826273,0.04677497361762682,1.0,0.9946310378530913,-0.8876448506390531,11,77,800,5,3,100,0.0,0,0.3,0.0,0.5,1.0,0.7,1.0,1.0,0.25,1.0,0.25
hete_0.5,1.023779929692618,0.048470846632318564,1.0,1.0106661050015016,0.27055076612531515,12,78,800,5,3,100,0.0,0,0.3,0.0,0.5,1.0,0.7,1.0,1.0,0.25,1.0,0.25
hete_0.5,1.016820061192706,0.04282282094153886,1.0,0.9975905312398737,0.4490486504633647,13,79,800,5,3,100,0.0,0,0.3,0.0,0.5,1.0,0.7,1.0,1.0,0.25,1.0,0.25
hete_0.5,1.0211346247421829,0.04380800160923196,1.0,1.020718486425006,0.00949913946974243,14,80,800,5,3,100,0.0,0,0.3,0.0,0.5,1.0,0.7,1.0,1.0,0.25,1.0,0.25
hete_0.5,0.9768773619951432,0.044073213334106076,1.0,1.0054465127992949,-0.6482202826369238,15,81,800,5,3,100,0.0,0,0.3,0.0,0.5,1.0,0.7,1.0,1.0,0.25,1.0,0.25
hete_0.5,0.9782769378794018,0.04551590754760877,1.0,0.990147598549203,-0.260802460269185,16,82,800,5,3,100,0.0,0,0.3,0.0,0.5,1.0,0.7,1.0,1.0,0.25,1.0,0.25
hete_0.5,1.0223314999385178,0.04547437870153917,1.0,0.994180972686051,0.6190414922923179,17,83,800,5,3,100,0.0,0,0.3,0.0,0.5,1.0,0.7,1.0,1.0,0.25,1.0,0.25
hete_0.5,0.921209931154828,0.04975209137733157,1.0,1.0131602349762838,-1.8481696201287925,18,84,800,5,3,100,0.0,0,0.3,0.0,0.5,1.0,0.7,1.0,1.0,0.25,1.0,0.25
hete_0.5,1.1045699193738907,0.04734201948796633,1.0,1.0075636044916192,2.0490531652738038,19,85,800,5,3,100,0.0,0,0.3,0.0,0.5,1.0,0.7,1.0,1.0,0.25,1.0,0.25
hete_0.5,0.9892633753799807,0.045912767659403726,1.0,0.9809358235625314,0.1813776916962582,20,86,800,5,3,100,0.0,0,0.3,0.0,0.5,1.0,0.7,1.0,1.0,0.25,1.0,0.25
hete_0.5,0.9737802086155591,0.0499688074468007,1.0,0.9715332953003093,0.04496631859069321,21,87,800,5,3,100,0.0,0,0.3,0.0,0.5,1.0,0.7,1.0,1.0,0.25,1.0,0.25
hete_0.5,0.9475531429039208,0.04447920648538468,1.0,1.0221765431419771,-1.6777142879690692,22,88,800,5,3,100,0.0,0,0.3,0.0,0.5,1.0,0.7,1.0,1.0,0.25,1.0,0.25
hete_0.5,1.015168783468697,0.050140231360847255,1.0,0.988738763109569,0.5271220264006677,23,89,800,5,3,100,0.0,0,0.3,0.0,0.5,1.0,0.7,1.0,1.0,0.25,1.0,0.25
hete_0.5,0.9962404163343949,0.05099487198257114,1.0,1.002397802087376,-0.12074519483224987,24,90,800,5,3,100,0.0,0,0.3,0.0,0.5,1.0,0.7,1.0,1.0,0.25,1.0,0.25
hete_0.5,0.8663750024472383,0.04389994701520737,1.0,0.9570589542084789,-2.0656961551645323,25,91,800,5,3,100,0.0,0,0.3,0.0,0.5,1.0,0.7,1.0,1.0,0.25,1.0,0.25
hete_0.5,0.990670165823814,0.05432034150466411,1.0,0.9838671092775888,0.12523957614738154,26,92,800,5,3,100,0.0,0,0.3,0.0,0.5,1.0,0.7,1.0,1.0,0.25,1.0,0.25
hete_0.5,0.9806697584730263,0.05107102746262059,1.0,1.0256795917298158,-0.8813183421800685,27,93,800,5,3,100,0.0,0,0.3,0.0,0.5,1.0,0.7,1.0,1.0,0.25,1.0,0.25
hete_0.5,1.0109830851159574,0.05085804215215535,1.0,1.0195703622485135,-0.16884796915431813,28,94,800,5,3,100,0.0,0,0.3,0.0,0.5,1.0,0.7,1.0,1.0,0.25,1.0,0.25
hete_0.5,0.9243316173118153,0.04767904726404978,1.0,0.9873253019948188,-1.3212026728248198,29,95,800,5,3,100,0.0,0,0.3,0.0,0.5,1.0,0.7,1.0,1.0,0.25,1.0,0.25
hete_0.5,0.9986362836776522,0.052272283148668885,1.0,1.0201032010711935,-0.41067495239277463,30,96,800,5,3,100,0.0,0,0.3,0.0,0.5,1.0,0.7,1.0,1.0,0.25,1.0,0.25
hete_0.5,0.9807425266708775,0.04394501085506169,1.0,1.0228381149051944,-0.9579150719328642,31,97,800,5,3,100,0.0,0,0.3,0.0,0.5,1.0,0.7,1.0,1.0,0.25,1.0,0.25
hete_0.5,1.0306168696964648,0.05171303220298161,1.0,1.002560024102229,0.5425488392192589,32,98,800,5,3,100,0.0,0,0.3,0.0,0.5,1.0,0.7,1.0,1.0,0.25,1.0,0.25
hete_0.5,0.9807666695075782,0.04938593272119487,1.0,0.9890658051587855,-0.1680465507872366,33,99,800,5,3,100,0.0,0,0.3,0.0,0.5,1.0,0.7,1.0,1.0,0.25,1.0,0.25
hete_0.5,0.9958912021490871,0.045492205753664486,1.0,1.0340617525340199,-0.8390569275014339,34,100,800,5,3,100,0.0,0,0.3,0.0,0.5,1.0,0.7,1.0,1.0,0.25,1.0,0.25
hete_0.5,1.041904517677807,0.04802690688480443,1.0,1.0139247382828083,0.5825854965448848,35,101,800,5,3,100,0.0,0,0.3,0.0,0.5,1.0,0.7,1.0,1.0,0.25,1.0,0.25
hete_0.5,1.0120740555240657,0.048987574117454254,1.0,0.9930475370963684,0.38839478725928933,36,102,800,5,3,100,0.0,0,0.3,0.0,0.5,1.0,0.7,1.0,1.0,0.25,1.0,0.25
hete_0.5,0.9577884285067295,0.043676343907655506,1.0,1.0124714627900544,-1.2520057630954808,37,103,800,5,3,100,0.0,0,0.3,0.0,0.5,1.0,0.7,1.0,1.0,0.25,1.0,0.25
hete_0.5,0.9912086899144198,0.04844634116976036,1.0,1.0278043269975685,-0.7553849516708455,38,104,800,5,3,100,0.0,0,0.3,0.0,0.5,1.0,0.7,1.0,1.0,0.25,1.0,0.25
hete_0.5,0.9435814279395847,0.049646771489580514,1.0,1.0286048151695446,-1.7125662893870954,39,105,800,5,3,100,0.0,0,0.3,0.0,0.5,1.0,0.7,1.0,1.0,0.25,1.0,0.25
hete_0.5,0.9751026875342462,0.04498542314456921,1.0,0.9883150591301435,-0.29370339706346227,40,106,800,5,3,100,0.0,0,0.3,0.0,0.5,1.0,0.7,1.0,1.0,0.25,1.0,0.25
hete_0.5,1.0488666290918407,0.04678474719177393,1.0,1.0108617167200438,0.8123355292700878,41,107,800,5,3,100,0.0,0,0.3,0.0,0.5,1.0,0.7,1.0,1.0,0.25,1.0,0.25
hete_0.5,0.9798418597496054,0.0477256962311607,1.0,1.022792695143922,-0.899951992031358,42,108,800,5,3,100,0.0,0,0.3,0.0,0.5,1.0,0.7,1.0,1.0,0.25,1.0,0.25
hete_0.5,1.048865290259175,0.04732066983225362,1.0,0.9882989295753697,1.279913426807064,43,109,800,5,3,100,0.0,0,0.3,0.0,0.5,1.0,0.7,1.0,1.0,0.25,1.0,0.25
hete_0.5,0.988834075967685,0.04999832807333615,1.0,0.9754093732998521,0.2685030317042188,44,110,800,5,3,100,0.0,0,0.3,0.0,0.5,1.0,0.7,1.0,1.0,0.25,1.0,0.25
hete_0.5,0.9020215043798218,0.04892082289509178,1.0,1.0182972063905,-2.376814107563677,45,111,800,5,3,100,0.0,0,0.3,0.0,0.5,1.0,0.7,1.0,1.0,0.25,1.0,0.25
hete_0.5,0.9105139409618644,0.046881261716484685,1.0,0.9686395844611028,-1.2398481050009755,46,112,800,5,3,100,0.0,0,0.3,0.0,0.5,1.0,0.7,1.0,1.0,0.25,1.0,0.25
hete_0.5,0.9547361764955149,0.046780526210437254,1.0,1.024574598702563,-1.4928951823433387,47,113,800,5,3,100,0.0,0,0.3,0.0,0.5,1.0,0.7,1.0,1.0,0.25,1.0,0.25
hete_0.5,0.9770118071785815,0.049757158782279945,1.0,0.9897169745571621,-0.25534350613092743,48,114,800,5,3,100,0.0,0,0.3,0.0,0.5,1.0,0.7,1.0,1.0,0.25,1.0,0.25
hete_0.5,1.085649627284615,0.05703496899113883,1.0,1.0129038764566325,1.2754587600334204,49,115,800,5,3,100,0.0,0,0.3,0.0,0.5,1.0,0.7,1.0,1.0,0.25,1.0,0.25
hete_0.5,0.9677291491456104,0.05885931826244814,1.0,0.9831178326959892,-0.2614485523220321,50,116,800,5,3,100,0.0,0,0.3,0.0,0.5,1.0,0.7,1.0,1.0,0.25,1.0,0.25
hete_0.5,0.9475058665477568,0.057547458586802575,1.0,1.0097121431328566,-1.0809561032355588,51,117,800,5,3,100,0.0,0,0.3,0.0,0.5,1.0,0.7,1.0,1.0,0.25,1.0,0.25
hete_0.5,1.0288413225725321,0.05522512784833602,1.0,1.0183611741411893,0.18977137472862535,52,118,800,5,3,100,0.0,0,0.3,0.0,0.5,1.0,0.7,1.0,1.0,0.25,1.0,0.25
hete_0.5,1.0204208885180084,0.04907634277158724,1.0,1.0096933947831883,0.21858788020835887,53,119,800,5,3,100,0.0,0,0.3,0.0,0.5,1.0,0.7,1.0,1.0,0.25,1.0,0.25
hete_0.5,1.100725920511693,0.04924402210231113,1.0,1.0230598851098842,1.5771667724550833,54,120,800,5,3,100,0.0,0,0.3,0.0,0.5,1.0,0.7,1.0,1.0,0.25,1.0,0.25
hete_0.5,0.9922988448509504,0.04732176130481414,1.0,1.0325269416562497,-0.8500972004439482,55,121,800,5,3,100,0.0,0,0.3,0.0,0.5,1.0,0.7,1.0,1.0,0.25,1.0,0.25
hete_0.5,1.0103386272853208,0.04902447234035176,1.0,1.0052532239574787,0.10373193397241838,56,122,800,5,3,100,0.0,0,0.3,0.0,0.5,1.0,0.7,1.0,1.0,0.25,1.0,0.25
hete_0.5,1.0597644483466635,0.04693064697734609,1.0,1.0008218121206882,1.2559519210214065,57,123,800,5,3,100,0.0,0,0.3,0.0,0.5,1.0,0.7,1.0,1.0,0.25,1.0,0.25
hete_0.5,0.8028281580875624,0.045056672519660376,1.0,0.9454297412269399,-3.164938180402773,58,124,800,5,3,100,0.0,0,0.3,0.0,0.5,1.0,0.7,1.0,1.0,0.25,1.0,0.25
hete_0.5,0.9593345177973336,0.05084465110542638,1.0,0.9993128147408524,-0.786283238734864,59,125,800,5,3,100,0.0,0,0.3,0.0,0.5,1.0,0.7,1.0,1.0,0.25,1.0,0.25
hete_0.5,0.9883123207110783,0.048103097494537124,1.0,1.0099875370423579,-0.45059918093093954,60,126,800,5,3,100,0.0,0,0.3,0.0,0.5,1.0,0.7,1.0,1.0,0.25,1.0,0.25
hete_0.5,0.9313904437472125,0.04804516977139781,1.0,1.0226626193355006,-1.8997159552680816,61,127,800,5,3,100,0.0,0,0.3,0.0,0.5,1.0,0.7,1.0,1.0,0.25,1.0,0.25
hete_0.5,0.9778666964498953,0.04858723555255942,1.0,1.0002779958056982,-0.46125899325059105,62,128,800,5,3,100,0.0,0,0.3,0.0,0.5,1.0,0.7,1.0,1.0,0.25,1.0,0.25
hete_0.5,1.017119686742477,0.04286475137677945,1.0,0.9678363761829045,1.149739797307446,63,129,800,5,3,100,0.0,0,0.3,0.0,0.5,1.0,0.7,1.0,1.0,0.25,1.0,0.25
hete_0.5,0.9333042338699904,0.04647515719267182,1.0,0.9921234171621245,-1.2656048272905824,64,130,800,5,3,100,0.0,0,0.3,0.0,0.5,1.0,0.7,1.0,1.0,0.25,1.0,0.25
hete_0.5,1.0346870782246416,0.048191671501314225,1.0,1.0037256002885024,0.6424653258871666,65,131,800,5,3,100,0.0,0,0.3,0.0,0.5,1.0,0.7,1.0,1.0,0.25,1.0,0.25
hete_0.5,0.9153110929005437,0.04690980266123042,1.0,0.9822976616438842,-1.4279865815488277,66,132,800,5,3,100,0.0,0,0.3,0.0,0.5,1.0,0.7,1.0,1.0,0.25,1.0,0.25
hete_0.5,1.0182758567390982,0.04653985640318191,1.0,1.0060945954102813,0.26173826629993596,67,133,800,5,3,100,0.0,0,0.3,0.0,0.5,1.0,0.7,1.0,1.0,0.25,1.0,0.25
hete_0.5,0.9984873739704284,0.049766103092306696,1.0,1.0055322706404797,-0.14156014299500827,68,134,800,5,3,100,0.0,0,0.3,0.0,0.5,1.0,0.7,1.0,1.0,0.25,1.0,0.25
hete_0.5,0.9887504672592414,0.044807683548173105,1.0,0.982744289733255,0.13404347313623416,69,135,800,5,3,100,0.0,0,0.3,0.0,0.5,1.0,0.7,1.0,1.0,0.25,1.0,0.25
hete_0.5,0.9254537775044175,0.07401409877980528,1.0,0.9860649381955539,-0.8189137163104133,70,136,800,5,3,100,0.0,0,0.3,0.0,0.5,1.0,0.7,1.0,1.0,0.25,1.0,0.25
hete_0.5,0.9619926294792834,0.047859305448491936,1.0,1.0107736879159308,-1.019259639886489,71,137,800,5,3,100,0.0,0,0.3,0.0,0.5,1.0,0.7,1.0,1.0,0.25,1.0,0.25
hete_0.5,0.9804562988080244,0.046614506465919185,1.0,0.9950031677295195,-0.3120674233058876,72,138,800,5,3,100,0.0,0,0.3,0.0,0.5,1.0,0.7,1.0,1.0,0.25,1.0,0.25
hete_0.5,0.9466353410569563,0.05132380339970691,1.0,0.9938126358445142,-0.9192088594865759,73,139,800,5,3,100,0.0,0,0.3,0.0,0.5,1.0,0.7,1.0,1.0,0.25,1.0,0.25
hete_0.5,0.8574072281595654,0.04771011140824874,1.0,0.998822795272182,-2.964058622763284,74,140,800,5,3,100,0.0,0,0.3,0.0,0.5,1.0,0.7,1.0,1.0,0.25,1.0,0.25
hete_0.5,0.9954771558898202,0.04712506580740404,1.0,0.9960139046962837,-0.011389879192044582,75,141,800,5,3,100,0.0,0,0.3,0.0,0.5,1.0,0.7,1.0,1.0,0.25,1.0,0.25
hete_0.5,0.9710657196052943,0.04302775054033568,1.0,1.0070708180692045,-0.8367878406787218,76,142,800,5,3,100,0.0,0,0.3,0.0,0.5,1.0,0.7,1.0,1.0,0.25,1.0,0.25
hete_0.5,0.8652741699230858,0.05314884220159557,1.0,0.9700407821095078,-1.971192745630061,77,143,800,5,3,100,0.0,0,0.3,0.0,0.5,1.0,0.7,1.0,1.0,0.25,1.0,0.25
hete_0.5,1.013590327441455,0.05221172157456198,1.0,0.9891501858920351,0.4680968336682359,78,144,800,5,3,100,0.0,0,0.3,0.0,0.5,1.0,0.7,1.0,1.0,0.25,1.0,0.25
hete_0.5,0.9095223178356183,0.047571588024711856,1.0,1.0094653189764962,-2.1008968859513537,79,145,800,5,3,100,0.0,0,0.3,0.0,0.5,1.0,0.7,1.0,1.0,0.25,1.0,0.25
hete_0.5,0.9114548269477714,0.04752301046966595,1.0,0.9883391496459971,-1.6178335913147002,80,146,800,5,3,100,0.0,0,0.3,0.0,0.5,1.0,0.7,1.0,1.0,0.25,1.0,0.25
hete_0.5,1.0609507667411684,0.04412921201585635,1.0,1.0154757990875272,1.0304958003170626,81,147,800,5,3,100,0.0,0,0.3,0.0,0.5,1.0,0.7,1.0,1.0,0.25,1.0,0.25
hete_0.5,1.0033195519338083,0.045238278265689685,1.0,0.9939584120473134,0.2069296234378291,82,148,800,5,3,100,0.0,0,0.3,0.0,0.5,1.0,0.7,1.0,1.0,0.25,1.0,0.25
hete_0.5,1.018196771912641,0.043263663113789236,1.0,1.0148532343200651,0.07728281314926877,83,149,800,5,3,100,0.0,0,0.3,0.0,0.5,1.0,0.7,1.0,1.0,0.25,1.0,0.25
hete_0.5,1.0343761779230736,0.04883818456816463,1.0,1.0395697446373349,-0.10634233766434363,84,150,800,5,3,100,0.0,0,0.3,0.0,0.5,1.0,0.7,1.0,1.0,0.25,1.0,0.25
hete_0.5,1.0211183271786914,0.04769127377543253,1.0,1.0049510056446023,0.33899957485340926,85,151,800,5,3,100,0.0,0,0.3,0.0,0.5,1.0,0.7,1.0,1.0,0.25,1.0,0.25
hete_0.5,1.0808858403434953,0.047906524163804934,1.0,0.9795947622319925,2.1143483039003654,86,152,800,5,3,100,0.0,0,0.3,0.0,0.5,1.0,0.7,1.0,1.0,0.25,1.0,0.25
hete_0.5,0.9641802084613195,0.0517249361788264,1.0,1.0149818346542034,-0.9821496157530228,87,153,800,5,3,100,0.0,0,0.3,0.0,0.5,1.0,0.7,1.0,1.0,0.25,1.0,0.25
hete_0.5,0.9573369402290972,0.04872378737377282,1.0,1.0006112160405296,-0.8881550089582362,88,154,800,5,3,100,0.0,0,0.3,0.0,0.5,1.0,0.7,1.0,1.0,0.25,1.0,0.25
hete_0.5,1.0756340989269886,0.0449190855517415,1.0,1.0267186289971628,1.088968515921387,89,155,800,5,3,100,0.0,0,0.3,0.0,0.5,1.0,0.7,1.0,1.0,0.25,1.0,0.25
hete_0.5,1.0477361496833446,0.04796751152176917,1.0,1.0275560486638367,0.4207035215981465,90,156,800,5,3,100,0.0,0,0.3,0.0,0.5,1.0,0.7,1.0,1.0,0.25,1.0,0.25
hete_0.5,1.0049924705839008,0.04831826627627215,1.0,1.0391825974325977,-0.7076025173007233,91,157,800,5,3,100,0.0,0,0.3,0.0,0.5,1.0,0.7,1.0,1.0,0.25,1.0,0.25
hete_0.5,0.9984462234892523,0.05027988942454814,1.0,1.0046393589690539,-0.12317321200746179,92,158,800,5,3,100,0.0,0,0.3,0.0,0.5,1.0,0.7,1.0,1.0,0.25,1.0,0.25
hete_0.5,0.9717978947790363,0.04779432654234751,1.0,0.9856514593928201,-0.2898579311816219,93,159,800,5,3,100,0.0,0,0.3,0.0,0.5,1.0,0.7,1.0,1.0,0.25,1.0,0.25
hete_0.5,0.9956311721123458,0.05489651011148607,1.0,0.9712393350195194,0.4443240024418746,94,160,800,5,3,100,0.0,0,0.3,0.0,0.5,1.0,0.7,1.0,1.0,0.25,1.0,0.25
hete_0.5,1.021230096292207,0.049816757638138656,1.0,0.9899120783563156,0.6286643174046114,95,161,800,5,3,100,0.0,0,0.3,0.0,0.5,1.0,0.7,1.0,1.0,0.25,1.0,0.25
hete_0.5,1.0465010665453358,0.047214864885666785,1.0,1.009295408141183,0.788007304357395,96,162,800,5,3,100,0.0,0,0.3,0.0,0.5,1.0,0.7,1.0,1.0,0.25,1.0,0.25
hete_0.5,1.0811968986051932,0.0473456758441984,1.0,1.0186428002379222,1.3212209404955868,97,163,800,5,3,100,0.0,0,0.3,0.0,0.5,1.0,0.7,1.0,1.0,0.25,1.0,0.25
hete_0.5,1.0256156401191685,0.042927541850892245,1.0,1.007910082046678,0.41245217660005645,98,164,800,5,3,100,0.0,0,0.3,0.0,0.5,1.0,0.7,1.0,1.0,0.25,1.0,0.25
hete_0.5,0.9690313679173175,0.04930101229632542,1.0,0.9881947660385475,-0.3887019196694738,99,165,800,5,3,100,0.0,0,0.3,0.0,0.5,1.0,0.7,1.0,1.0,0.25,1.0,0.25
noise_0.5,0.9848532360711013,0.03863974788163106,1.0,1.0,-0.39199955380918267,0,67,800,5,3,100,0.0,0,0.3,0.0,0.0,0.5,0.7,1.0,1.0,0.25,1.0,0.25
noise_0.5,0.9655781874257542,0.03222772971872698,1.0,1.0,-1.068080590059184,1,68,800,5,3,100,0.0,0,0.3,0.0,0.0,0.5,0.7,1.0,1.0,0.25,1.0,0.25
noise_0.5,1.0066317176302257,0.037828568109668,1.0,1.0,0.1753097714668943,2,69,800,5,3,100,0.0,0,0.3,0.0,0.0,0.5,0.7,1.0,1.0,0.25,1.0,0.25
noise_0.5,0.9716930741663992,0.03433983519861164,1.0,1.0,-0.8243174630827956,3,70,800,5,3,100,0.0,0,0.3,0.0,0.0,0.5,0.7,1.0,1.0,0.25,1.0,0.25
noise_0.5,0.9765817128947826,0.03434598202622652,1.0,1.0,-0.6818348384196811,4,71,800,5,3,100,0.0,0,0.3,0.0,0.0,0.5,0.7,1.0,1.0,0.25,1.0,0.25
noise_0.5,1.0137172817445625,0.03734390214067611,1.0,1.0,0.36732320293923626,5,72,800,5,3,100,0.0,0,0.3,0.0,0.0,0.5,0.7,1.0,1.0,0.25,1.0,0.25
noise_0.5,0.9539622308262404,0.037065699415357395,1.0,1.0,-1.2420585581796626,6,73,800,5,3,100,0.0,0,0.3,0.0,0.0,0.5,0.7,1.0,1.0,0.25,1.0,0.25
noise_0.5,0.9904031400377719,0.03481228417342402,1.0,1.0,-0.2756745266820057,7,74,800,5,3,100,0.0,0,0.3,0.0,0.0,0.5,0.7,1.0,1.0,0.25,1.0,0.25
noise_0.5,0.9792806576766061,0.03469555354427522,1.0,1.0,-0.5971757244614591,8,75,800,5,3,100,0.0,0,0.3,0.0,0.0,0.5,0.7,1.0,1.0,0.25,1.0,0.25
noise_0.5,0.973757913352889,0.03347200545650756,1.0,1.0,-0.7840010268045978,9,76,800,5,3,100,0.0,0,0.3,0.0,0.0,0.5,0.7,1.0,1.0,0.25,1.0,0.25
noise_0.5,1.0140568330075683,0.03673655426026288,1.0,1.0,0.3826388536056386,10,77,800,5,3,100,0.0,0,0.3,0.0,0.0,0.5,0.7,1.0,1.0,0.25,1.0,0.25
noise_0.5,1.0029775362820808,0.03552545093511564,1.0,1.0,0.08381417276078999,11,78,800,5,3,100,0.0,0,0.3,0.0,0.0,0.5,0.7,1.0,1.0,0.25,1.0,0.25
noise_0.5,1.0518939564258485,0.034521905047843075,1.0,1.0,1.5032182133034055,12,79,800,5,3,100,0.0,0,0.3,0.0,0.0,0.5,0.7,1.0,1.0,0.25,1.0,0.25
noise_0.5,0.9951361947155716,0.035888710553853585,1.0,1.0,-0.13552465968733915,13,80,800,5,3,100,0.0,0,0.3,0.0,0.0,0.5,0.7,1.0,1.0,0.25,1.0,0.25
noise_0.5,0.9827163430921368,0.03291364108495344,1.0,1.0,-0.5251213885225364,14,81,800,5,3,100,0.0,0,0.3,0.0,0.0,0.5,0.7,1.0,1.0,0.25,1.0,0.25
noise_0.5,1.0002155624224875,0.03388371333815938,1.0,1.0,0.00636182995459308,15,82,800,5,3,100,0.0,0,0.3,0.0,0.0,0.5,0.7,1.0,1.0,0.25,1.0,0.25
noise_0.5,1.0230714875643276,0.03731118876819797,1.0,1.0,0.61835305510267,16,83,800,5,3,100,0.0,0,0.3,0.0,0.0,0.5,0.7,1.0,1.0,0.25,1.0,0.25
noise_0.5,0.9481319513556218,0.03423484531021179,1.0,1.0,-1.5150659561738018,17,84,800,5,3,100,0.0,0,0.3,0.0,0.0,0.5,0.7,1.0,1.0,0.25,1.0,0.25
noise_0.5,1.0416329296786795,0.03212417119910165,1.0,1.0,1.2960001184355456,18,85,800,5,3,100,0.0,0,0.3,0.0,0.0,0.5,0.7,1.0,1.0,0.25,1.0,0.25
noise_0.5,0.9990217093479116,0.038959232284918204,1.0,1.0,-0.025110624483920974,19,86,800,5,3,100,0.0,0,0.3,0.0,0.0,0.5,0.7,1.0,1.0,0.25,1.0,0.25
noise_0.5,0.9445315844983592,0.03810935662331133,1.0,1.0,-1.455506479679351,20,87,800,5,3,100,0.0,0,0.3,0.0,0.0,0.5,0.7,1.0,1.0,0.25,1.0,0.25
noise_0.5,0.9408478143588591,0.033188635166055844,1.0,1.0,-1.7823024461590284,21,88,800,5,3,100,0.0,0,0.3,0.0,0.0,0.5,0.7,1.0,1.0,0.25,1.0,0.25
noise_0.5,1.0258444595958807,0.03663839063483271,1.0,1.0,0.7053928720141414,22,89,800,5,3,100,0.0,0,0.3,0.0,0.0,0.5,0.7,1.0,1.0,0.25,1.0,0.25
noise_0.5,0.9763725925056757,0.03756321446361408,1.0,1.0,-0.6290038760450395,23,90,800,5,3,100,0.0,0,0.3,0.0,0.0,0.5,0.7,1.0,1.0,0.25,1.0,0.25
noise_0.5,0.8850381503844882,0.033892853031219236,1.0,1.0,-3.391920105091733,24,91,800,5,3,100,0.0,0,0.3,0.0,0.0,0.5,0.7,1.0,1.0,0.25,1.0,0.25
noise_0.5,0.9885194344048988,0.03688317632017816,1.0,1.0,-0.3112683543152552,25,92,800,5,3,100,0.0,0,0.3,0.0,0.0,0.5,0.7,1.0,1.0,0.25,1.0,0.25
noise_0.5,0.9694446349953975,0.03831076619214314,1.0,1.0,-0.7975660118974313,26,93,800,5,3,100,0.0,0,0.3,0.0,0.0,0.5,0.7,1.0,1.0,0.25,1.0,0.25
noise_0.5,1.0178330687713388,0.036896876009032985,1.0,1.0,0.4833219150307737,27,94,800,5,3,100,0.0,0,0.3,0.0,0.0,0.5,0.7,1.0,1.0,0.25,1.0,0.25
noise_0.5,0.9542395484159055,0.03507106476577218,1.0,1.0,-1.3047921952102997,28,95,800,5,3,100,0.0,0,0.3,0.0,0.0,0.5,0.7,1.0,1.0,0.25,1.0,0.25
noise_0.5,0.9618063920033889,0.03834856198086299,1.0,1.0,-0.9959593273841865,29,96,800,5,3,100,0.0,0,0.3,0.0,0.0,0.5,0.7,1.0,1.0,0.25,1.0,0.25
noise_0.5,0.9767267947462748,0.035745626241486854,1.0,1.0,-0.6510784031729743,30,97,800,5,3,100,0.0,0,0.3,0.0,0.0,0.5,0.7,1.0,1.0,0.25,1.0,0.25
noise_0.5,1.030761453095787,0.03427575748637424,1.0,1.0,0.8974696797879852,31,98,800,5,3,100,0.0,0,0.3,0.0,0.0,0.5,0.7,1.0,1.0,0.25,1.0,0.25
noise_0.5,0.9926678262928437,0.03691956369555463,1.0,1.0,-0.19859860120825792,32,99,800,5,3,100,0.0,0,0.3,0.0,0.0,0.5,0.7,1.0,1.0,0.25,1.0,0.25
noise_0.5,0.9556414914990178,0.03494402258914967,1.0,1.0,-1.2694162038103707,33,100,800,5,3,100,0.0,0,0.3,0.0,0.0,0.5,0.7,1.0,1.0,0.25,1.0,0.25
noise_0.5,0.9810820270970525,0.03348600657889795,1.0,1.0,-0.5649515972701605,34,101,800,5,3,100,0.0,0,0.3,0.0,0.0,0.5,0.7,1.0,1.0,0.25,1.0,0.25
noise_0.5,1.021745571679817,0.0359858125528747,1.0,1.0,0.6042818026650287,35,102,800,5,3,100,0.0,0,0.3,0.0,0.0,0.5,0.7,1.0,1.0,0.25,1.0,0.25
noise_0.5,0.9873856391671018,0.03290074941915977,1.0,1.0,-0.38340648938386374,36,103,800,5,3,100,0.0,0,0.3,0.0,0.0,0.5,0.7,1.0,1.0,0.25,1.0,0.25
noise_0.5,0.9911813447553222,0.03430111555378532,1.0,1.0,-0.25709528982664975,37,104,800,5,3,100,0.0,0,0.3,0.0,0.0,0.5,0.7,1.0,1.0,0.25,1.0,0.25
noise_0.5,0.8991685879336399,0.03561134158933467,1.0,1.0,-2.8314409838622425,38,105,800,5,3,100,0.0,0,0.3,0.0,0.0,0.5,0.7,1.0,1.0,0.25,1.0,0.25
noise_0.5,0.9672882261840233,0.036121752085892106,1.0,1.0,-0.9055976503629444,39,106,800,5,3,100,0.0,0,0.3,0.0,0.0,0.5,0.7,1.0,1.0,0.25,1.0,0.25
noise_0.5,1.0251793856680134,0.03829417792965123,1.0,1.0,0.6575251651639957,40,107,800,5,3,100,0.0,0,0.3,0.0,0.0,0.5,0.7,1.0,1.0,0.25,1.0,0.25
noise_0.5,0.9353075599222088,0.037077034763952306,1.0,1.0,-1.7448115926651075,41,108,800,5,3,100,0.0,0,0.3,0.0,0.0,0.5,0.7,1.0,1.0,0.25,1.0,0.25
noise_0.5,0.9874866684393591,0.03673950794784493,1.0,1.0,-0.34059605747591254,42,109,800,5,3,100,0.0,0,0.3,0.0,0.0,0.5,0.7,1.0,1.0,0.25,1.0,0.25
noise_0.5,1.0080075183966868,0.03533475617022951,1.0,1.0,0.22661875344800983,43,110,800,5,3,100,0.0,0,0.3,0.0,0.0,0.5,0.7,1.0,1.0,0.25,1.0,0.25
noise_0.5,0.8901742696520849,0.03696032614880932,1.0,1.0,-2.971449167026713,44,111,800,5,3,100,0.0,0,0.3,0.0,0.0,0.5,0.7,1.0,1.0,0.25,1.0,0.25
noise_0.5,0.9490580943280986,0.039011897229464784,1.0,1.0,-1.305804364557439,45,112,800,5,3,100,0.0,0,0.3,0.0,0.0,0.5,0.7,1.0,1.0,0.25,1.0,0.25
noise_0.5,0.966019246424905,0.035029164426761975,1.0,1.0,-0.9700703437029176,46,113,800,5,3,100,0.0,0,0.3,0.0,0.0,0.5,0.7,1.0,1.0,0.25,1.0,0.25
noise_0.5,1.0077963027823216,0.03302356653464204,1.0,1.0,0.23608300375863933,47,114,800,5,3,100,0.0,0,0.3,0.0,0.0,0.5,0.7,1.0,1.0,0.25,1.0,0.25
noise_0.5,1.0382310414584104,0.03542949607684397,1.0,1.0,1.0790738139625262,48,115,800,5,3,100,0.0,0,0.3,0.0,0.0,0.5,0.7,1.0,1.0,0.25,1.0,0.25
noise_0.5,0.9753168620258851,0.034488151477014756,1.0,1.0,-0.7156990710437304,49,116,800,5,3,100,0.0,0,0.3,0.0,0.0,0.5,0.7,1.0,1.0,0.25,1.0,0.25
noise_0.5,0.9464055242419069,0.039056188087397144,1.0,1.0,-1.372240312806851,50,117,800,5,3,100,0.0,0,0.3,0.0,0.0,0.5,0.7,1.0,1.0,0.25,1.0,0.25
noise_0.5,0.988011180637003,0.03571600833820868,1.0,1.0,-0.33567075159884174,51,118,800,5,3,100,0.0,0,0.3,0.0,0.0,0.5,0.7,1.0,1.0,0.25,1.0,0.25
noise_0.5,0.9907786081307373,0.039268113495586864,1.0,1.0,-0.23483154774672546,52,119,800,5,3,100,0.0,0,0.3,0.0,0.0,0.5,0.7,1.0,1.0,0.25,1.0,0.25
noise_0.5,0.9951576277674803,0.034451346503058984,1.0,1.0,-0.1405568351904547,53,120,800,5,3,100,0.0,0,0.3,0.0,0.0,0.5,0.7,1.0,1.0,0.25,1.0,0.25
noise_0.5,0.9563684520605975,0.03688179873917373,1.0,1.0,-1.1830103040245585,54,121,800,5,3,100,0.0,0,0.3,0.0,0.0,0.5,0.7,1.0,1.0,0.25,1.0,0.25
noise_0.5,1.057246803282321,0.035330169279130595,1.0,1.0,1.6203376448619649,55,122,800,5,3,100,0.0,0,0.3,0.0,0.0,0.5,0.7,1.0,1.0,0.25,1.0,0.25
noise_0.5,1.0466665231427321,0.03599195510898766,1.0,1.0,1.2965820556682925,56,123,800,5,3,100,0.0,0,0.3,0.0,0.0,0.5,0.7,1.0,1.0,0.25,1.0,0.25
noise_0.5,0.9091130309081711,0.035516647090146326,1.0,1.0,-2.5589963168861294,57,124,800,5,3,100,0.0,0,0.3,0.0,0.0,0.5,0.7,1.0,1.0,0.25,1.0,0.25
noise_0.5,1.0178721505911152,0.03502543355477154,1.0,1.0,0.5102620803584744,58,125,800,5,3,100,0.0,0,0.3,0.0,0.0,0.5,0.7,1.0,1.0,0.25,1.0,0.25
noise_0.5,1.0056778183460773,0.036330018471190176,1.0,1.0,0.15628448828287295,59,126,800,5,3,100,0.0,0,0.3,0.0,0.0,0.5,0.7,1.0,1.0,0.25,1.0,0.25
noise_0.5,0.9417761373053805,0.03437562546071433,1.0,1.0,-1.6937542783377082,60,127,800,5,3,100,0.0,0,0.3,0.0,0.0,0.5,0.7,1.0,1.0,0.25,1.0,0.25
noise_0.5,0.9699848222289685,0.038375456992597576,1.0,1.0,-0.7821451553481497,61,128,800,5,3,100,0.0,0,0.3,0.0,0.0,0.5,0.7,1.0,1.0,0.25,1.0,0.25
noise_0.5,0.9882552216629483,0.035225113143555815,1.0,1.0,-0.3334205993657766,62,129,800,5,3,100,0.0,0,0.3,0.0,0.0,0.5,0.7,1.0,1.0,0.25,1.0,0.25
noise_0.5,0.971112503363122,0.03512411254953374,1.0,1.0,-0.8224406124464895,63,130,800,5,3,100,0.0,0,0.3,0.0,0.0,0.5,0.7,1.0,1.0,0.25,1.0,0.25
noise_0.5,1.0248558496620925,0.036433230223067485,1.0,1.0,0.6822301923246761,64,131,800,5,3,100,0.0,0,0.3,0.0,0.0,0.5,0.7,1.0,1.0,0.25,1.0,0.25
noise_0.5,0.9377548106251756,0.03572581722661467,1.0,1.0,-1.7423027436991296,65,132,800,5,3,100,0.0,0,0.3,0.0,0.0,0.5,0.7,1.0,1.0,0.25,1.0,0.25
noise_0.5,0.9920979285482724,0.034294843447901166,1.0,1.0,-0.23041573184995,66,133,800,5,3,100,0.0,0,0.3,0.0,0.0,0.5,0.7,1.0,1.0,0.25,1.0,0.25
noise_0.5,0.9725525965082988,0.03519554171439579,1.0,1.0,-0.7798545541486733,67,134,800,5,3,100,0.0,0,0.3,0.0,0.0,0.5,0.7,1.0,1.0,0.25,1.0,0.25
noise_0.5,1.0049698120688295,0.03600821636019797,1.0,1.0,0.1380188348991078,68,135,800,5,3,100,0.0,0,0.3,0.0,0.0,0.5,0.7,1.0,1.0,0.25,1.0,0.25
noise_0.5,0.9907185189062174,0.038853388411835436,1.0,1.0,-0.2388847272572826,69,136,800,5,3,100,0.0,0,0.3,0.0,0.0,0.5,0.7,1.0,1.0,0.25,1.0,0.25
noise_0.5,0.9538642426530174,0.03609766599607831,1.0,1.0,-1.278081451360175,70,137,800,5,3,100,0.0,0,0.3,0.0,0.0,0.5,0.7,1.0,1.0,0.25,1.0,0.25
noise_0.5,0.9945059992647344,0.037803069901756636,1.0,1.0,-0.14533213174336218,71,138,800,5,3,100,0.0,0,0.3,0.0,0.0,0.5,0.7,1.0,1.0,0.25,1.0,0.25
noise_0.5,1.0004377108004356,0.03750488334963516,1.0,1.0,0.011670768213171905,72,139,800,5,3,100,0.0,0,0.3,0.0,0.0,0.5,0.7,1.0,1.0,0.25,1.0,0.25
noise_0.5,0.8962224932669173,0.03769800381073304,1.0,1.0,-2.7528647737983443,73,140,800,5,3,100,0.0,0,0.3,0.0,0.0,0.5,0.7,1.0,1.0,0.25,1.0,0.25
noise_0.5,1.004356801860523,0.03609705185457292,1.0,1.0,0.12069688898903691,74,141,800,5,3,100,0.0,0,0.3,0.0,0.0,0.5,0.7,1.0,1.0,0.25,1.0,0.25
noise_0.5,0.9723513131433793,0.035266714280725565,1.0,1.0,-0.7839881718646986,75,142,800,5,3,100,0.0,0,0.3,0.0,0.0,0.5,0.7,1.0,1.0,0.25,1.0,0.25
noise_0.5,0.9141998929618547,0.038363219922489165,1.0,1.0,-2.2365199587391222,76,143,800,5,3,100,0.0,0,0.3,0.0,0.0,0.5,0.7,1.0,1.0,0.25,1.0,0.25
noise_0.5,1.0145258567571718,0.03713918899388311,1.0,1.0,0.39111938495921944,77,144,800,5,3,100,0.0,0,0.3,0.0,0.0,0.5,0.7,1.0,1.0,0.25,1.0,0.25
noise_0.5,0.9560696537671678,0.037660898512438055,1.0,1.0,-1.1664710075444318,78,145,800,5,3,100,0.0,0,0.3,0.0,0.0,0.5,0.7,1.0,1.0,0.25,1.0,0.25
noise_0.5,1.0013093959117114,0.03457662114856999,1.0,1.0,0.03786940042768098,79,146,800,5,3,100,0.0,0,0.3,0.0,0.0,0.5,0.7,1.0,1.0,0.25,1.0,0.25
noise_0.5,1.0325573319823533,0.03495879909246206,1.0,1.0,0.9313057893162429,80,147,800,5,3,100,0.0,0,0.3,0.0,0.0,0.5,0.7,1.0,1.0,0.25,1.0,0.25
noise_0.5,0.9741313800583262,0.03705567201835662,1.0,1.0,-0.6981014925018495,81,148,800,5,3,100,0.0,0,0.3,0.0,0.0,0.5,0.7,1.0,1.0,0.25,1.0,0.25
noise_0.5,1.023865490275136,0.030964938882829297,1.0,1.0,0.7707262192714994,82,149,800,5,3,100,0.0,0,0.3,0.0,0.0,0.5,0.7,1.0,1.0,0.25,1.0,0.25
noise_0.5,0.9372471830622794,0.03972038454810193,1.0,1.0,-1.5798642850933653,83,150,800,5,3,100,0.0,0,0.3,0.0,0.0,0.5,0.7,1.0,1.0,0.25,1.0,0.25
noise_0.5,1.0067746498741659,0.03505639102345033,1.0,1.0,0.193250065862002,84,151,800,5,3,100,0.0,0,0.3,0.0,0.0,0.5,0.7,1.0,1.0,0.25,1.0,0.25
noise_0.5,1.0796676754470844,0.03395302399933489,1.0,1.0,2.346408833824199,85,152,800,5,3,100,0.0,0,0.3,0.0,0.0,0.5,0.7,1.0,1.0,0.25,1.0,0.25
noise_0.5,0.9594096947210945,0.03617232072849707,1.0,1.0,-1.122137160719353,86,153,800,5,3,100,0.0,0,0.3,0.0,0.0,0.5,0.7,1.0,1.0,0.25,1.0,0.25
noise_0.5,0.9541800042528245,0.03658031470175734,1.0,1.0,-1.2525861551698,87,154,800,5,3,100,0.0,0,0.3,0.0,0.0,0.5,0.7,1.0,1.0,0.25,1.0,0.25
noise_0.5,1.0651364274506139,0.03654973198003872,1.0,1.0,1.7821314664136936,88,155,800,5,3,100,0.0,0,0.3,0.0,0.0,0.5,0.7,1.0,1.0,0.25,1.0,0.25
noise_0.5,1.0147677369043788,0.03976985118559597,1.0,1.0,0.3713299513106419,89,156,800,5,3,100,0.0,0,0.3,0.0,0.0,0.5,0.7,1.0,1.0,0.25,1.0,0.25
noise_0.5,0.9572522516005258,0.0348069622419343,1.0,1.0,-1.2281378680031159,90,157,800,5,3,100,0.0,0,0.3,0.0,0.0,0.5,0.7,1.0,1.0,0.25,1.0,0.25
noise_0.5,0.9894428823055561,0.03767791644230019,1.0,1.0,-0.2801937763891755,91,158,800,5,3,100,0.0,0,0.3,0.0,0.0,0.5,0.7,1.0,1.0,0.25,1.0,0.25
noise_0.5,0.9980122321132006,0.03263433917628024,1.0,1.0,-0.060910315237644494,92,159,800,5,3,100,0.0,0,0.3,0.0,0.0,0.5,0.7,1.0,1.0,0.25,1.0,0.25
noise_0.5,0.9846850598692655,0.04002523285751813,1.0,1.0,-0.38263213071745705,93,160,800,5,3,100,0.0,0,0.3,0.0,0.0,0.5,0.7,1.0,1.0,0.25,1.0,0.25
noise_0.5,0.9679476854130126,0.03595196902266415,1.0,1.0,-0.891531547737528,94,161,800,5,3,100,0.0,0,0.3,0.0,0.0,0.5,0.7,1.0,1.0,0.25,1.0,0.25
noise_0.5,1.0264662522032255,0.03823804896326538,1.0,1.0,0.6921444195191856,95,162,800,5,3,100,0.0,0,0.3,0.0,0.0,0.5,0.7,1.0,1.0,0.25,1.0,0.25
noise_0.5,0.9917298947237185,0.03608702771921486,1.0,1.0,-0.22917113985195234,96,163,800,5,3,100,0.0,0,0.3,0.0,0.0,0.5,0.7,1.0,1.0,0.25,1.0,0.25
noise_0.5,0.9897064783722791,0.034396821892248394,1.0,1.0,-0.2992579273738261,97,164,800,5,3,100,0.0,0,0.3,0.0,0.0,0.5,0.7,1.0,1.0,0.25,1.0,0.25
noise_0.5,0.9931101328448253,0.03419727300878608,1.0,1.0,-0.20147416881470437,98,165,800,5,3,100,0.0,0,0.3,0.0,0.0,0.5,0.7,1.0,1.0,0.25,1.0,0.25
noise_0.5,0.9825301397949416,0.03660731612341023,1.0,1.0,-0.47722319074591923,99,166,800,5,3,100,0.0,0,0.3,0.0,0.0,0.5,0.7,1.0,1.0,0.25,1.0,0.25
noise_1.0,0.9655781874257541,0.03222772971872692,1.0,1.0,-1.0680805900591894,0,68,800,5,3,100,0.0,0,0.3,0.0,0.0,1.0,0.7,1.0,1.0,0.25,1.0,0.25
noise_1.0,1.0066317176302257,0.037828568109668,1.0,1.0,0.1753097714668943,1,69,800,5,3,100,0.0,0,0.3,0.0,0.0,1.0,0.7,1.0,1.0,0.25,1.0,0.25
noise_1.0,0.971693074166399,0.034339835198611696,1.0,1.0,-0.8243174630827975,2,70,800,5,3,100,0.0,0,0.3,0.0,0.0,1.0,0.7,1.0,1.0,0.25,1.0,0.25
noise_1.0,0.9765817128947826,0.03434598202622652,1.0,1.0,-0.6818348384196811,3,71,800,5,3,100,0.0,0,0.3,0.0,0.0,1.0,0.7,1.0,1.0,0.25,1.0,0.25
noise_1.0,1.0137172817445625,0.03734390214067611,1.0,1.0,0.36732320293923626,4,72,800,5,3,100,0.0,0,0.3,0.0,0.0,1.0,0.7,1.0,1.0,0.25,1.0,0.25
noise_1.0,0.9539622308262407,0.037065699415357395,1.0,1.0,-1.2420585581796566,5,73,800,5,3,100,0.0,0,0.3,0.0,0.0,1.0,0.7,1.0,1.0,0.25,1.0,0.25
noise_1.0,0.9904031400377719,0.03481228417342402,1.0,1.0,-0.2756745266820057,6,74,800,5,3,100,0.0,0,0.3,0.0,0.0,1.0,0.7,1.0,1.0,0.25,1.0,0.25
noise_1.0,0.9792806576766064,0.034695553544275164,1.0,1.0,-0.5971757244614504,7,75,800,5,3,100,0.0,0,0.3,0.0,0.0,1.0,0.7,1.0,1.0,0.25,1.0,0.25
noise_1.0,0.973757913352889,0.03347200545650756,1.0,1.0,-0.7840010268045978,8,76,800,5,3,100,0.0,0,0.3,0.0,0.0,1.0,0.7,1.0,1.0,0.25,1.0,0.25
noise_1.0,1.0140568330075683,0.03673655426026288,1.0,1.0,0.3826388536056386,9,77,800,5,3,100,0.0,0,0.3,0.0,0.0,1.0,0.7,1.0,1.0,0.25,1.0,0.25
noise_1.0,1.0029775362820808,0.03552545093511564,1.0,1.0,0.08381417276078999,10,78,800,5,3,100,0.0,0,0.3,0.0,0.0,1.0,0.7,1.0,1.0,0.25,1.0,0.25
noise_1.0,1.0518939564258487,0.034521905047843075,1.0,1.0,1.503218213303412,11,79,800,5,3,100,0.0,0,0.3,0.0,0.0,1.0,0.7,1.0,1.0,0.25,1.0,0.25
noise_1.0,0.9951361947155718,0.035888710553853585,1.0,1.0,-0.13552465968733296,12,80,800,5,3,100,0.0,0,0.3,0.0,0.0,1.0,0.7,1.0,1.0,0.25,1.0,0.25
noise_1.0,0.9827163430921368,0.03291364108495344,1.0,1.0,-0.5251213885225364,13,81,800,5,3,100,0.0,0,0.3,0.0,0.0,1.0,0.7,1.0,1.0,0.25,1.0,0.25
noise_1.0,1.0002155624224873,0.03388371333815938,1.0,1.0,0.006361829954586527,14,82,800,5,3,100,0.0,0,0.3,0.0,0.0,1.0,0.7,1.0,1.0,0.25,1.0,0.25
noise_1.0,1.0230714875643276,0.03731118876819797,1.0,1.0,0.61835305510267,15,83,800,5,3,100,0.0,0,0.3,0.0,0.0,1.0,0.7,1.0,1.0,0.25,1.0,0.25
noise_1.0,0.948131951355622,0.03423484531021179,1.0,1.0,-1.5150659561737954,16,84,800,5,3,100,0.0,0,0.3,0.0,0.0,1.0,0.7,1.0,1.0,0.25,1.0,0.25
noise_1.0,1.0416329296786793,0.03212417119910165,1.0,1.0,1.2960001184355388,17,85,800,5,3,100,0.0,0,0.3,0.0,0.0,1.0,0.7,1.0,1.0,0.25,1.0,0.25
noise_1.0,0.9990217093479115,0.03895923228491826,1.0,1.0,-0.025110624483923788,18,86,800,5,3,100,0.0,0,0.3,0.0,0.0,1.0,0.7,1.0,1.0,0.25,1.0,0.25
noise_1.0,0.9445315844983594,0.03810935662331133,1.0,1.0,-1.455506479679345,19,87,800,5,3,100,0.0,0,0.3,0.0,0.0,1.0,0.7,1.0,1.0,0.25,1.0,0.25
noise_1.0,0.940847814358859,0.0331886351660559,1.0,1.0,-1.7823024461590289,20,88,800,5,3,100,0.0,0,0.3,0.0,0.0,1.0,0.7,1.0,1.0,0.25,1.0,0.25
noise_1.0,1.0258444595958804,0.03663839063483271,1.0,1.0,0.7053928720141354,21,89,800,5,3,100,0.0,0,0.3,0.0,0.0,1.0,0.7,1.0,1.0,0.25,1.0,0.25
noise_1.0,0.9763725925056757,0.03756321446361408,1.0,1.0,-0.6290038760450395,22,90,800,5,3,100,0.0,0,0.3,0.0,0.0,1.0,0.7,1.0,1.0,0.25,1.0,0.25
noise_1.0,0.8850381503844884,0.033892853031219236,1.0,1.0,-3.3919201050917263,23,91,800,5,3,100,0.0,0,0.3,0.0,0.0,1.0,0.7,1.0,1.0,0.25,1.0,0.25
noise_1.0,0.988519434404899,0.03688317632017816,1.0,1.0,-0.31126835431524913,24,92,800,5,3,100,0.0,0,0.3,0.0,0.0,1.0,0.7,1.0,1.0,0.25,1.0,0.25
noise_1.0,0.9694446349953975,0.03831076619214314,1.0,1.0,-0.7975660118974313,25,93,800,5,3,100,0.0,0,0.3,0.0,0.0,1.0,0.7,1.0,1.0,0.25,1.0,0.25
noise_1.0,1.017833068771339,0.036896876009032985,1.0,1.0,0.48332191503077976,26,94,800,5,3,100,0.0,0,0.3,0.0,0.0,1.0,0.7,1.0,1.0,0.25,1.0,0.25
noise_1.0,0.9542395484159057,0.03507106476577229,1.0,1.0,-1.3047921952102892,27,95,800,5,3,100,0.0,0,0.3,0.0,0.0,1.0,0.7,1.0,1.0,0.25,1.0,0.25
noise_1.0,0.9618063920033888,0.038348561980862936,1.0,1.0,-0.9959593273841908,28,96,800,5,3,100,0.0,0,0.3,0.0,0.0,1.0,0.7,1.0,1.0,0.25,1.0,0.25
noise_1.0,0.9767267947462749,0.03574562624148679,1.0,1.0,-0.6510784031729723,29,97,800,5,3,100,0.0,0,0.3,0.0,0.0,1.0,0.7,1.0,1.0,0.25,1.0,0.25
noise_1.0,1.030761453095787,0.03427575748637424,1.0,1.0,0.8974696797879852,30,98,800,5,3,100,0.0,0,0.3,0.0,0.0,1.0,0.7,1.0,1.0,0.25,1.0,0.25
noise_1.0,0.9926678262928438,0.036919563695554686,1.0,1.0,-0.19859860120825462,31,99,800,5,3,100,0.0,0,0.3,0.0,0.0,1.0,0.7,1.0,1.0,0.25,1.0,0.25
noise_1.0,0.955641491499018,0.03494402258914967,1.0,1.0,-1.2694162038103645,32,100,800,5,3,100,0.0,0,0.3,0.0,0.0,1.0,0.7,1.0,1.0,0.25,1.0,0.25
noise_1.0,0.9810820270970526,0.033486006578898005,1.0,1.0,-0.5649515972701563,33,101,800,5,3,100,0.0,0,0.3,0.0,0.0,1.0,0.7,1.0,1.0,0.25,1.0,0.25
noise_1.0,1.021745571679817,0.0359858125528747,1.0,1.0,0.6042818026650287,34,102,800,5,3,100,0.0,0,0.3,0.0,0.0,1.0,0.7,1.0,1.0,0.25,1.0,0.25
noise_1.0,0.9873856391671018,0.03290074941915977,1.0,1.0,-0.38340648938386374,35,103,800,5,3,100,0.0,0,0.3,0.0,0.0,1.0,0.7,1.0,1.0,0.25,1.0,0.25
noise_1.0,0.9911813447553222,0.03430111555378532,1.0,1.0,-0.25709528982664975,36,104,800,5,3,100,0.0,0,0.3,0.0,0.0,1.0,0.7,1.0,1.0,0.25,1.0,0.25
noise_1.0,0.8991685879336397,0.03561134158933467,1.0,1.0,-2.8314409838622456,37,105,800,5,3,100,0.0,0,0.3,0.0,0.0,1.0,0.7,1.0,1.0,0.25,1.0,0.25
noise_1.0,0.9672882261840235,0.036121752085892106,1.0,1.0,-0.9055976503629382,38,106,800,5,3,100,0.0,0,0.3,0.0,0.0,1.0,0.7,1.0,1.0,0.25,1.0,0.25
noise_1.0,1.0251793856680134,0.03829417792965123,1.0,1.0,0.6575251651639957,39,107,800,5,3,100,0.0,0,0.3,0.0,0.0,1.0,0.7,1.0,1.0,0.25,1.0,0.25
noise_1.0,0.9353075599222088,0.037077034763952306,1.0,1.0,-1.7448115926651075,40,108,800,5,3,100,0.0,0,0.3,0.0,0.0,1.0,0.7,1.0,1.0,0.25,1.0,0.25
noise_1.0,0.9874866684393591,0.03673950794784493,1.0,1.0,-0.34059605747591254,41,109,800,5,3,100,0.0,0,0.3,0.0,0.0,1.0,0.7,1.0,1.0,0.25,1.0,0.25
noise_1.0,1.0080075183966868,0.03533475617022951,1.0,1.0,0.22661875344800983,42,110,800,5,3,100,0.0,0,0.3,0.0,0.0,1.0,0.7,1.0,1.0,0.25,1.0,0.25
noise_1.0,0.8901742696520851,0.03696032614880932,1.0,1.0,-2.971449167026707,43,111,800,5,3,100,0.0,0,0.3,0.0,0.0,1.0,0.7,1.0,1.0,0.25,1.0,0.25
noise_1.0,0.9490580943280986,0.039011897229464784,1.0,1.0,-1.305804364557439,44,112,800,5,3,100,0.0,0,0.3,0.0,0.0,1.0,0.7,1.0,1.0,0.25,1.0,0.25
noise_1.0,0.966019246424905,0.035029164426761975,1.0,1.0,-0.9700703437029176,45,113,800,5,3,100,0.0,0,0.3,0.0,0.0,1.0,0.7,1.0,1.0,0.25,1.0,0.25
noise_1.0,1.0077963027823216,0.03302356653464204,1.0,1.0,0.23608300375863933,46,114,800,5,3,100,0.0,0,0.3,0.0,0.0,1.0,0.7,1.0,1.0,0.25,1.0,0.25
noise_1.0,1.0382310414584102,0.03542949607684397,1.0,1.0,1.07907381396252,47,115,800,5,3,100,0.0,0,0.3,0.0,0.0,1.0,0.7,1.0,1.0,0.25,1.0,0.25
noise_1.0,0.9753168620258853,0.034488151477014756,1.0,1.0,-0.715699071043724,48,116,800,5,3,100,0.0,0,0.3,0.0,0.0,1.0,0.7,1.0,1.0,0.25,1.0,0.25
noise_1.0,0.9464055242419069,0.039056188087397144,1.0,1.0,-1.372240312806851,49,117,800,5,3,100,0.0,0,0.3,0.0,0.0,1.0,0.7,1.0,1.0,0.25,1.0,0.25
noise_1.0,0.988011180637003,0.03571600833820868,1.0,1.0,-0.33567075159884174,50,118,800,5,3,100,0.0,0,0.3,0.0,0.0,1.0,0.7,1.0,1.0,0.25,1.0,0.25
noise_1.0,0.9907786081307373,0.039268113495586864,1.0,1.0,-0.23483154774672546,51,119,800,5,3,100,0.0,0,0.3,0.0,0.0,1.0,0.7,1.0,1.0,0.25,1.0,0.25
noise_1.0,0.9951576277674802,0.03445134650305892,1.0,1.0,-0.14055683519045817,52,120,800,5,3,100,0.0,0,0.3,0.0,0.0,1.0,0.7,1.0,1.0,0.25,1.0,0.25
noise_1.0,0.9563684520605975,0.03688179873917373,1.0,1.0,-1.1830103040245585,53,121,800,5,3,100,0.0,0,0.3,0.0,0.0,1.0,0.7,1.0,1.0,0.25,1.0,0.25
noise_1.0,1.057246803282321,0.035330169279130595,1.0,1.0,1.6203376448619649,54,122,800,5,3,100,0.0,0,0.3,0.0,0.0,1.0,0.7,1.0,1.0,0.25,1.0,0.25
noise_1.0,1.046666523142732,0.03599195510898766,1.0,1.0,1.2965820556682863,55,123,800,5,3,100,0.0,0,0.3,0.0,0.0,1.0,0.7,1.0,1.0,0.25,1.0,0.25
noise_1.0,0.9091130309081711,0.035516647090146326,1.0,1.0,-2.5589963168861294,56,124,800,5,3,100,0.0,0,0.3,0.0,0.0,1.0,0.7,1.0,1.0,0.25,1.0,0.25
noise_1.0,1.0178721505911152,0.03502543355477154,1.0,1.0,0.5102620803584744,57,125,800,5,3,100,0.0,0,0.3,0.0,0.0,1.0,0.7,1.0,1.0,0.25,1.0,0.25
noise_1.0,1.0056778183460773,0.036330018471190176,1.0,1.0,0.15628448828287295,58,126,800,5,3,100,0.0,0,0.3,0.0,0.0,1.0,0.7,1.0,1.0,0.25,1.0,0.25
noise_1.0,0.9417761373053805,0.03437562546071433,1.0,1.0,-1.6937542783377082,59,127,800,5,3,100,0.0,0,0.3,0.0,0.0,1.0,0.7,1.0,1.0,0.25,1.0,0.25
noise_1.0,0.9699848222289683,0.038375456992597576,1.0,1.0,-0.7821451553481554,60,128,800,5,3,100,0.0,0,0.3,0.0,0.0,1.0,0.7,1.0,1.0,0.25,1.0,0.25
noise_1.0,0.9882552216629483,0.035225113143555815,1.0,1.0,-0.3334205993657766,61,129,800,5,3,100,0.0,0,0.3,0.0,0.0,1.0,0.7,1.0,1.0,0.25,1.0,0.25
noise_1.0,0.971112503363122,0.03512411254953374,1.0,1.0,-0.8224406124464895,62,130,800,5,3,100,0.0,0,0.3,0.0,0.0,1.0,0.7,1.0,1.0,0.25,1.0,0.25
noise_1.0,1.0248558496620925,0.036433230223067485,1.0,1.0,0.6822301923246761,63,131,800,5,3,100,0.0,0,0.3,0.0,0.0,1.0,0.7,1.0,1.0,0.25,1.0,0.25
noise_1.0,0.9377548106251756,0.03572581722661467,1.0,1.0,-1.7423027436991296,64,132,800,5,3,100,0.0,0,0.3,0.0,0.0,1.0,0.7,1.0,1.0,0.25,1.0,0.25
noise_1.0,0.9920979285482724,0.034294843447901166,1.0,1.0,-0.23041573184995,65,133,800,5,3,100,0.0,0,0.3,0.0,0.0,1.0,0.7,1.0,1.0,0.25,1.0,0.25
noise_1.0,0.9725525965082988,0.03519554171439579,1.0,1.0,-0.7798545541486733,66,134,800,5,3,100,0.0,0,0.3,0.0,0.0,1.0,0.7,1.0,1.0,0.25,1.0,0.25
noise_1.0,1.0049698120688295,0.03600821636019797,1.0,1.0,0.1380188348991078,67,135,800,5,3,100,0.0,0,0.3,0.0,0.0,1.0,0.7,1.0,1.0,0.25,1.0,0.25
noise_1.0,0.9907185189062172,0.038853388411835436,1.0,1.0,-0.23888472725728832,68,136,800,5,3,100,0.0,0,0.3,0.0,0.0,1.0,0.7,1.0,1.0,0.25,1.0,0.25
noise_1.0,0.9538642426530174,0.03609766599607831,1.0,1.0,-1.278081451360175,69,137,800,5,3,100,0.0,0,0.3,0.0,0.0,1.0,0.7,1.0,1.0,0.25,1.0,0.25
noise_1.0,0.9945059992647344,0.037803069901756636,1.0,1.0,-0.14533213174336218,70,138,800,5,3,100,0.0,0,0.3,0.0,0.0,1.0,0.7,1.0,1.0,0.25,1.0,0.25
noise_1.0,1.0004377108004356,0.03750488334963516,1.0,1.0,0.011670768213171905,71,139,800,5,3,100,0.0,0,0.3,0.0,0.0,1.0,0.7,1.0,1.0,0.25,1.0,0.25
noise_1.0,0.8962224932669173,0.03769800381073304,1.0,1.0,-2.7528647737983443,72,140,800,5,3,100,0.0,0,0.3,0.0,0.0,1.0,0.7,1.0,1.0,0.25,1.0,0.25
noise_1.0,1.004356801860523,0.03609705185457292,1.0,1.0,0.12069688898903691,73,141,800,5,3,100,0.0,0,0.3,0.0,0.0,1.0,0.7,1.0,1.0,0.25,1.0,0.25
noise_1.0,0.9723513131433791,0.035266714280725565,1.0,1.0,-0.7839881718647049,74,142,800,5,3,100,0.0,0,0.3,0.0,0.0,1.0,0.7,1.0,1.0,0.25,1.0,0.25
noise_1.0,0.9141998929618547,0.038363219922489165,1.0,1.0,-2.2365199587391222,75,143,800,5,3,100,0.0,0,0.3,0.0,0.0,1.0,0.7,1.0,1.0,0.25,1.0,0.25
noise_1.0,1.0145258567571716,0.03713918899388311,1.0,1.0,0.39111938495921345,76,144,800,5,3,100,0.0,0,0.3,0.0,0.0,1.0,0.7,1.0,1.0,0.25,1.0,0.25
noise_1.0,0.9560696537671678,0.037660898512438055,1.0,1.0,-1.1664710075444318,77,145,800,5,3,100,0.0,0,0.3,0.0,0.0,1.0,0.7,1.0,1.0,0.25,1.0,0.25
noise_1.0,1.0013093959117116,0.03457662114856999,1.0,1.0,0.0378694004276874,78,146,800,5,3,100,0.0,0,0.3,0.0,0.0,1.0,0.7,1.0,1.0,0.25,1.0,0.25
noise_1.0,1.0325573319823533,0.03495879909246206,1.0,1.0,0.9313057893162429,79,147,800,5,3,100,0.0,0,0.3,0.0,0.0,1.0,0.7,1.0,1.0,0.25,1.0,0.25
noise_1.0,0.9741313800583262,0.03705567201835662,1.0,1.0,-0.6981014925018495,80,148,800,5,3,100,0.0,0,0.3,0.0,0.0,1.0,0.7,1.0,1.0,0.25,1.0,0.25
noise_1.0,1.023865490275136,0.030964938882829297,1.0,1.0,0.7707262192714994,81,149,800,5,3,100,0.0,0,0.3,0.0,0.0,1.0,0.7,1.0,1.0,0.25,1.0,0.25
noise_1.0,0.9372471830622792,0.03972038454810193,1.0,1.0,-1.579864285093371,82,150,800,5,3,100,0.0,0,0.3,0.0,0.0,1.0,0.7,1.0,1.0,0.25,1.0,0.25
noise_1.0,1.0067746498741659,0.03505639102345033,1.0,1.0,0.193250065862002,83,151,800,5,3,100,0.0,0,0.3,0.0,0.0,1.0,0.7,1.0,1.0,0.25,1.0,0.25
noise_1.0,1.0796676754470844,0.03395302399933489,1.0,1.0,2.346408833824199,84,152,800,5,3,100,0.0,0,0.3,0.0,0.0,1.0,0.7,1.0,1.0,0.25,1.0,0.25
noise_1.0,0.9594096947210947,0.03617232072849707,1.0,1.0,-1.1221371607193469,85,153,800,5,3,100,0.0,0,0.3,0.0,0.0,1.0,0.7,1.0,1.0,0.25,1.0,0.25
noise_1.0,0.9541800042528245,0.03658031470175734,1.0,1.0,-1.2525861551698,86,154,800,5,3,100,0.0,0,0.3,0.0,0.0,1.0,0.7,1.0,1.0,0.25,1.0,0.25
noise_1.0,1.0651364274506139,0.03654973198003872,1.0,1.0,1.7821314664136936,87,155,800,5,3,100,0.0,0,0.3,0.0,0.0,1.0,0.7,1.0,1.0,0.25,1.0,0.25
noise_1.0,1.0147677369043788,0.03976985118559597,1.0,1.0,0.3713299513106419,88,156,800,5,3,100,0.0,0,0.3,0.0,0.0,1.0,0.7,1.0,1.0,0.25,1.0,0.25
noise_1.0,0.9572522516005258,0.0348069622419343,1.0,1.0,-1.2281378680031159,89,157,800,5,3,100,0.0,0,0.3,0.0,0.0,1.0,0.7,1.0,1.0,0.25,1.0,0.25
noise_1.0,0.9894428823055561,0.03767791644230019,1.0,1.0,-0.2801937763891755,90,158,800,5,3,100,0.0,0,0.3,0.0,0.0,1.0,0.7,1.0,1.0,0.25,1.0,0.25
noise_1.0,0.9980122321132003,0.03263433917628024,1.0,1.0,-0.060910315237651294,91,159,800,5,3,100,0.0,0,0.3,0.0,0.0,1.0,0.7,1.0,1.0,0.25,1.0,0.25
noise_1.0,0.9846850598692655,0.04002523285751813,1.0,1.0,-0.38263213071745705,92,160,800,5,3,100,0.0,0,0.3,0.0,0.0,1.0,0.7,1.0,1.0,0.25,1.0,0.25
noise_1.0,0.9679476854130126,0.03595196902266415,1.0,1.0,-0.891531547737528,93,161,800,5,3,100,0.0,0,0.3,0.0,0.0,1.0,0.7,1.0,1.0,0.25,1.0,0.25
noise_1.0,1.0264662522032255,0.03823804896326538,1.0,1.0,0.6921444195191856,94,162,800,5,3,100,0.0,0,0.3,0.0,0.0,1.0,0.7,1.0,1.0,0.25,1.0,0.25
noise_1.0,0.9917298947237185,0.03608702771921486,1.0,1.0,-0.22917113985195234,95,163,800,5,3,100,0.0,0,0.3,0.0,0.0,1.0,0.7,1.0,1.0,0.25,1.0,0.25
noise_1.0,0.9897064783722791,0.034396821892248394,1.0,1.0,-0.2992579273738261,96,164,800,5,3,100,0.0,0,0.3,0.0,0.0,1.0,0.7,1.0,1.0,0.25,1.0,0.25
noise_1.0,0.9931101328448253,0.03419727300878608,1.0,1.0,-0.20147416881470437,97,165,800,5,3,100,0.0,0,0.3,0.0,0.0,1.0,0.7,1.0,1.0,0.25,1.0,0.25
noise_1.0,0.9825301397949419,0.03660731612341034,1.0,1.0,-0.4772231907459117,98,166,800,5,3,100,0.0,0,0.3,0.0,0.0,1.0,0.7,1.0,1.0,0.25,1.0,0.25
noise_1.0,0.9847508598222449,0.03765808504361511,1.0,1.0,-0.40493668650686243,99,167,800,5,3,100,0.0,0,0.3,0.0,0.0,1.0,0.7,1.0,1.0,0.25,1.0,0.25
noise_2.0,1.0066317176302257,0.037828568109668,1.0,1.0,0.1753097714668943,0,69,800,5,3,100,0.0,0,0.3,0.0,0.0,2.0,0.7,1.0,1.0,0.25,1.0,0.25
noise_2.0,0.9716930741663992,0.03433983519861164,1.0,1.0,-0.8243174630827956,1,70,800,5,3,100,0.0,0,0.3,0.0,0.0,2.0,0.7,1.0,1.0,0.25,1.0,0.25
noise_2.0,0.9765817128947826,0.03434598202622652,1.0,1.0,-0.6818348384196811,2,71,800,5,3,100,0.0,0,0.3,0.0,0.0,2.0,0.7,1.0,1.0,0.25,1.0,0.25
noise_2.0,1.0137172817445625,0.03734390214067611,1.0,1.0,0.36732320293923626,3,72,800,5,3,100,0.0,0,0.3,0.0,0.0,2.0,0.7,1.0,1.0,0.25,1.0,0.25
noise_2.0,0.9539622308262409,0.037065699415357395,1.0,1.0,-1.2420585581796506,4,73,800,5,3,100,0.0,0,0.3,0.0,0.0,2.0,0.7,1.0,1.0,0.25,1.0,0.25
noise_2.0,0.9904031400377719,0.03481228417342402,1.0,1.0,-0.2756745266820057,5,74,800,5,3,100,0.0,0,0.3,0.0,0.0,2.0,0.7,1.0,1.0,0.25,1.0,0.25
noise_2.0,0.9792806576766064,0.034695553544275164,1.0,1.0,-0.5971757244614504,6,75,800,5,3,100,0.0,0,0.3,0.0,0.0,2.0,0.7,1.0,1.0,0.25,1.0,0.25
noise_2.0,0.973757913352889,0.03347200545650756,1.0,1.0,-0.7840010268045978,7,76,800,5,3,100,0.0,0,0.3,0.0,0.0,2.0,0.7,1.0,1.0,0.25,1.0,0.25
noise_2.0,1.0140568330075683,0.03673655426026288,1.0,1.0,0.3826388536056386,8,77,800,5,3,100,0.0,0,0.3,0.0,0.0,2.0,0.7,1.0,1.0,0.25,1.0,0.25
noise_2.0,1.0029775362820805,0.03552545093511564,1.0,1.0,0.08381417276078375,9,78,800,5,3,100,0.0,0,0.3,0.0,0.0,2.0,0.7,1.0,1.0,0.25,1.0,0.25
noise_2.0,1.0518939564258485,0.034521905047843075,1.0,1.0,1.5032182133034055,10,79,800,5,3,100,0.0,0,0.3,0.0,0.0,2.0,0.7,1.0,1.0,0.25,1.0,0.25
noise_2.0,0.9951361947155712,0.03588871055385353,1.0,1.0,-0.13552465968734864,11,80,800,5,3,100,0.0,0,0.3,0.0,0.0,2.0,0.7,1.0,1.0,0.25,1.0,0.25
noise_2.0,0.982716343092137,0.032913641084953385,1.0,1.0,-0.525121388522534,12,81,800,5,3,100,0.0,0,0.3,0.0,0.0,2.0,0.7,1.0,1.0,0.25,1.0,0.25
noise_2.0,1.0002155624224875,0.03388371333815938,1.0,1.0,0.00636182995459308,13,82,800,5,3,100,0.0,0,0.3,0.0,0.0,2.0,0.7,1.0,1.0,0.25,1.0,0.25
noise_2.0,1.0230714875643276,0.03731118876819797,1.0,1.0,0.61835305510267,14,83,800,5,3,100,0.0,0,0.3,0.0,0.0,2.0,0.7,1.0,1.0,0.25,1.0,0.25
noise_2.0,0.948131951355622,0.03423484531021179,1.0,1.0,-1.5150659561737954,15,84,800,5,3,100,0.0,0,0.3,0.0,0.0,2.0,0.7,1.0,1.0,0.25,1.0,0.25
noise_2.0,1.0416329296786795,0.03212417119910165,1.0,1.0,1.2960001184355456,16,85,800,5,3,100,0.0,0,0.3,0.0,0.0,2.0,0.7,1.0,1.0,0.25,1.0,0.25
noise_2.0,0.9990217093479116,0.038959232284918204,1.0,1.0,-0.025110624483920974,17,86,800,5,3,100,0.0,0,0.3,0.0,0.0,2.0,0.7,1.0,1.0,0.25,1.0,0.25
noise_2.0,0.9445315844983592,0.03810935662331133,1.0,1.0,-1.455506479679351,18,87,800,5,3,100,0.0,0,0.3,0.0,0.0,2.0,0.7,1.0,1.0,0.25,1.0,0.25
noise_2.0,0.9408478143588591,0.033188635166055844,1.0,1.0,-1.7823024461590284,19,88,800,5,3,100,0.0,0,0.3,0.0,0.0,2.0,0.7,1.0,1.0,0.25,1.0,0.25
noise_2.0,1.0258444595958807,0.03663839063483271,1.0,1.0,0.7053928720141414,20,89,800,5,3,100,0.0,0,0.3,0.0,0.0,2.0,0.7,1.0,1.0,0.25,1.0,0.25
noise_2.0,0.9763725925056758,0.03756321446361403,1.0,1.0,-0.6290038760450375,21,90,800,5,3,100,0.0,0,0.3,0.0,0.0,2.0,0.7,1.0,1.0,0.25,1.0,0.25
noise_2.0,0.8850381503844884,0.033892853031219236,1.0,1.0,-3.3919201050917263,22,91,800,5,3,100,0.0,0,0.3,0.0,0.0,2.0,0.7,1.0,1.0,0.25,1.0,0.25
noise_2.0,0.9885194344048988,0.03688317632017816,1.0,1.0,-0.3112683543152552,23,92,800,5,3,100,0.0,0,0.3,0.0,0.0,2.0,0.7,1.0,1.0,0.25,1.0,0.25
noise_2.0,0.9694446349953975,0.03831076619214314,1.0,1.0,-0.7975660118974313,24,93,800,5,3,100,0.0,0,0.3,0.0,0.0,2.0,0.7,1.0,1.0,0.25,1.0,0.25
noise_2.0,1.0178330687713388,0.036896876009032985,1.0,1.0,0.4833219150307737,25,94,800,5,3,100,0.0,0,0.3,0.0,0.0,2.0,0.7,1.0,1.0,0.25,1.0,0.25
noise_2.0,0.9542395484159057,0.03507106476577229,1.0,1.0,-1.3047921952102892,26,95,800,5,3,100,0.0,0,0.3,0.0,0.0,2.0,0.7,1.0,1.0,0.25,1.0,0.25
noise_2.0,0.9618063920033888,0.038348561980862936,1.0,1.0,-0.9959593273841908,27,96,800,5,3,100,0.0,0,0.3,0.0,0.0,2.0,0.7,1.0,1.0,0.25,1.0,0.25
noise_2.0,0.9767267947462748,0.035745626241486854,1.0,1.0,-0.6510784031729743,28,97,800,5,3,100,0.0,0,0.3,0.0,0.0,2.0,0.7,1.0,1.0,0.25,1.0,0.25
noise_2.0,1.030761453095787,0.03427575748637424,1.0,1.0,0.8974696797879852,29,98,800,5,3,100,0.0,0,0.3,0.0,0.0,2.0,0.7,1.0,1.0,0.25,1.0,0.25
noise_2.0,0.9926678262928437,0.03691956369555463,1.0,1.0,-0.19859860120825792,30,99,800,5,3,100,0.0,0,0.3,0.0,0.0,2.0,0.7,1.0,1.0,0.25,1.0,0.25
noise_2.0,0.9556414914990178,0.03494402258914967,1.0,1.0,-1.2694162038103707,31,100,800,5,3,100,0.0,0,0.3,0.0,0.0,2.0,0.7,1.0,1.0,0.25,1.0,0.25
noise_2.0,0.9810820270970526,0.033486006578898005,1.0,1.0,-0.5649515972701563,32,101,800,5,3,100,0.0,0,0.3,0.0,0.0,2.0,0.7,1.0,1.0,0.25,1.0,0.25
noise_2.0,1.021745571679817,0.0359858125528747,1.0,1.0,0.6042818026650287,33,102,800,5,3,100,0.0,0,0.3,0.0,0.0,2.0,0.7,1.0,1.0,0.25,1.0,0.25
noise_2.0,0.9873856391671015,0.03290074941915977,1.0,1.0,-0.3834064893838705,34,103,800,5,3,100,0.0,0,0.3,0.0,0.0,2.0,0.7,1.0,1.0,0.25,1.0,0.25
noise_2.0,0.9911813447553222,0.03430111555378532,1.0,1.0,-0.25709528982664975,35,104,800,5,3,100,0.0,0,0.3,0.0,0.0,2.0,0.7,1.0,1.0,0.25,1.0,0.25
noise_2.0,0.8991685879336397,0.03561134158933467,1.0,1.0,-2.8314409838622456,36,105,800,5,3,100,0.0,0,0.3,0.0,0.0,2.0,0.7,1.0,1.0,0.25,1.0,0.25
noise_2.0,0.9672882261840233,0.036121752085892106,1.0,1.0,-0.9055976503629444,37,106,800,5,3,100,0.0,0,0.3,0.0,0.0,2.0,0.7,1.0,1.0,0.25,1.0,0.25
noise_2.0,1.0251793856680136,0.03829417792965123,1.0,1.0,0.6575251651640015,38,107,800,5,3,100,0.0,0,0.3,0.0,0.0,2.0,0.7,1.0,1.0,0.25,1.0,0.25
noise_2.0,0.9353075599222088,0.037077034763952306,1.0,1.0,-1.7448115926651075,39,108,800,5,3,100,0.0,0,0.3,0.0,0.0,2.0,0.7,1.0,1.0,0.25,1.0,0.25
noise_2.0,0.9874866684393591,0.03673950794784493,1.0,1.0,-0.34059605747591254,40,109,800,5,3,100,0.0,0,0.3,0.0,0.0,2.0,0.7,1.0,1.0,0.25,1.0,0.25
noise_2.0,1.008007518396687,0.03533475617022951,1.0,1.0,0.2266187534480161,41,110,800,5,3,100,0.0,0,0.3,0.0,0.0,2.0,0.7,1.0,1.0,0.25,1.0,0.25
noise_2.0,0.8901742696520851,0.03696032614880932,1.0,1.0,-2.971449167026707,42,111,800,5,3,100,0.0,0,0.3,0.0,0.0,2.0,0.7,1.0,1.0,0.25,1.0,0.25
noise_2.0,0.9490580943280984,0.039011897229464784,1.0,1.0,-1.3058043645574446,43,112,800,5,3,100,0.0,0,0.3,0.0,0.0,2.0,0.7,1.0,1.0,0.25,1.0,0.25
noise_2.0,0.966019246424905,0.035029164426761975,1.0,1.0,-0.9700703437029176,44,113,800,5,3,100,0.0,0,0.3,0.0,0.0,2.0,0.7,1.0,1.0,0.25,1.0,0.25
noise_2.0,1.0077963027823214,0.03302356653464204,1.0,1.0,0.23608300375863261,45,114,800,5,3,100,0.0,0,0.3,0.0,0.0,2.0,0.7,1.0,1.0,0.25,1.0,0.25
noise_2.0,1.0382310414584104,0.03542949607684397,1.0,1.0,1.0790738139625262,46,115,800,5,3,100,0.0,0,0.3,0.0,0.0,2.0,0.7,1.0,1.0,0.25,1.0,0.25
noise_2.0,0.9753168620258851,0.034488151477014756,1.0,1.0,-0.7156990710437304,47,116,800,5,3,100,0.0,0,0.3,0.0,0.0,2.0,0.7,1.0,1.0,0.25,1.0,0.25
noise_2.0,0.9464055242419069,0.039056188087397144,1.0,1.0,-1.372240312806851,48,117,800,5,3,100,0.0,0,0.3,0.0,0.0,2.0,0.7,1.0,1.0,0.25,1.0,0.25
noise_2.0,0.9880111806370032,0.03571600833820868,1.0,1.0,-0.3356707515988355,49,118,800,5,3,100,0.0,0,0.3,0.0,0.0,2.0,0.7,1.0,1.0,0.25,1.0,0.25
noise_2.0,0.9907786081307371,0.03926811349558681,1.0,1.0,-0.2348315477467286,50,119,800,5,3,100,0.0,0,0.3,0.0,0.0,2.0,0.7,1.0,1.0,0.25,1.0,0.25
noise_2.0,0.9951576277674802,0.03445134650305892,1.0,1.0,-0.14055683519045817,51,120,800,5,3,100,0.0,0,0.3,0.0,0.0,2.0,0.7,1.0,1.0,0.25,1.0,0.25
noise_2.0,0.9563684520605975,0.03688179873917373,1.0,1.0,-1.1830103040245585,52,121,800,5,3,100,0.0,0,0.3,0.0,0.0,2.0,0.7,1.0,1.0,0.25,1.0,0.25
noise_2.0,1.057246803282321,0.035330169279130595,1.0,1.0,1.6203376448619649,53,122,800,5,3,100,0.0,0,0.3,0.0,0.0,2.0,0.7,1.0,1.0,0.25,1.0,0.25
noise_2.0,1.0466665231427321,0.03599195510898766,1.0,1.0,1.2965820556682925,54,123,800,5,3,100,0.0,0,0.3,0.0,0.0,2.0,0.7,1.0,1.0,0.25,1.0,0.25
noise_2.0,0.9091130309081713,0.035516647090146326,1.0,1.0,-2.558996316886123,55,124,800,5,3,100,0.0,0,0.3,0.0,0.0,2.0,0.7,1.0,1.0,0.25,1.0,0.25
noise_2.0,1.0178721505911152,0.03502543355477154,1.0,1.0,0.5102620803584744,56,125,800,5,3,100,0.0,0,0.3,0.0,0.0,2.0,0.7,1.0,1.0,0.25,1.0,0.25
noise_2.0,1.005677818346077,0.036330018471190176,1.0,1.0,0.15628448828286684,57,126,800,5,3,100,0.0,0,0.3,0.0,0.0,2.0,0.7,1.0,1.0,0.25,1.0,0.25
noise_2.0,0.9417761373053805,0.03437562546071433,1.0,1.0,-1.6937542783377082,58,127,800,5,3,100,0.0,0,0.3,0.0,0.0,2.0,0.7,1.0,1.0,0.25,1.0,0.25
noise_2.0,0.9699848222289683,0.038375456992597576,1.0,1.0,-0.7821451553481554,59,128,800,5,3,100,0.0,0,0.3,0.0,0.0,2.0,0.7,1.0,1.0,0.25,1.0,0.25
noise_2.0,0.9882552216629483,0.035225113143555815,1.0,1.0,-0.3334205993657766,60,129,800,5,3,100,0.0,0,0.3,0.0,0.0,2.0,0.7,1.0,1.0,0.25,1.0,0.25
noise_2.0,0.971112503363122,0.03512411254953374,1.0,1.0,-0.8224406124464895,61,130,800,5,3,100,0.0,0,0.3,0.0,0.0,2.0,0.7,1.0,1.0,0.25,1.0,0.25
noise_2.0,1.0248558496620925,0.036433230223067485,1.0,1.0,0.6822301923246761,62,131,800,5,3,100,0.0,0,0.3,0.0,0.0,2.0,0.7,1.0,1.0,0.25,1.0,0.25
noise_2.0,0.9377548106251756,0.03572581722661467,1.0,1.0,-1.7423027436991296,63,132,800,5,3,100,0.0,0,0.3,0.0,0.0,2.0,0.7,1.0,1.0,0.25,1.0,0.25
noise_2.0,0.9920979285482724,0.034294843447901166,1.0,1.0,-0.23041573184995,64,133,800,5,3,100,0.0,0,0.3,0.0,0.0,2.0,0.7,1.0,1.0,0.25,1.0,0.25
noise_2.0,0.9725525965082988,0.03519554171439579,1.0,1.0,-0.7798545541486733,65,134,800,5,3,100,0.0,0,0.3,0.0,0.0,2.0,0.7,1.0,1.0,0.25,1.0,0.25
noise_2.0,1.0049698120688295,0.03600821636019797,1.0,1.0,0.1380188348991078,66,135,800,5,3,100,0.0,0,0.3,0.0,0.0,2.0,0.7,1.0,1.0,0.25,1.0,0.25
noise_2.0,0.9907185189062174,0.038853388411835436,1.0,1.0,-0.2388847272572826,67,136,800,5,3,100,0.0,0,0.3,0.0,0.0,2.0,0.7,1.0,1.0,0.25,1.0,0.25
noise_2.0,0.9538642426530174,0.03609766599607831,1.0,1.0,-1.278081451360175,68,137,800,5,3,100,0.0,0,0.3,0.0,0.0,2.0,0.7,1.0,1.0,0.25,1.0,0.25
noise_2.0,0.9945059992647344,0.037803069901756636,1.0,1.0,-0.14533213174336218,69,138,800,5,3,100,0.0,0,0.3,0.0,0.0,2.0,0.7,1.0,1.0,0.25,1.0,0.25
noise_2.0,1.0004377108004359,0.03750488334963516,1.0,1.0,0.011670768213177826,70,139,800,5,3,100,0.0,0,0.3,0.0,0.0,2.0,0.7,1.0,1.0,0.25,1.0,0.25
noise_2.0,0.8962224932669173,0.03769800381073304,1.0,1.0,-2.7528647737983443,71,140,800,5,3,100,0.0,0,0.3,0.0,0.0,2.0,0.7,1.0,1.0,0.25,1.0,0.25
noise_2.0,1.0043568018605231,0.03609705185457292,1.0,1.0,0.12069688898904306,72,141,800,5,3,100,0.0,0,0.3,0.0,0.0,2.0,0.7,1.0,1.0,0.25,1.0,0.25
noise_2.0,0.9723513131433795,0.035266714280725565,1.0,1.0,-0.7839881718646924,73,142,800,5,3,100,0.0,0,0.3,0.0,0.0,2.0,0.7,1.0,1.0,0.25,1.0,0.25
noise_2.0,0.9141998929618547,0.038363219922489165,1.0,1.0,-2.2365199587391222,74,143,800,5,3,100,0.0,0,0.3,0.0,0.0,2.0,0.7,1.0,1.0,0.25,1.0,0.25
noise_2.0,1.0145258567571718,0.03713918899388311,1.0,1.0,0.39111938495921944,75,144,800,5,3,100,0.0,0,0.3,0.0,0.0,2.0,0.7,1.0,1.0,0.25,1.0,0.25
noise_2.0,0.9560696537671676,0.037660898512438055,1.0,1.0,-1.1664710075444376,76,145,800,5,3,100,0.0,0,0.3,0.0,0.0,2.0,0.7,1.0,1.0,0.25,1.0,0.25
noise_2.0,1.0013093959117114,0.03457662114856999,1.0,1.0,0.03786940042768098,77,146,800,5,3,100,0.0,0,0.3,0.0,0.0,2.0,0.7,1.0,1.0,0.25,1.0,0.25
noise_2.0,1.0325573319823533,0.03495879909246206,1.0,1.0,0.9313057893162429,78,147,800,5,3,100,0.0,0,0.3,0.0,0.0,2.0,0.7,1.0,1.0,0.25,1.0,0.25
noise_2.0,0.9741313800583262,0.03705567201835662,1.0,1.0,-0.6981014925018495,79,148,800,5,3,100,0.0,0,0.3,0.0,0.0,2.0,0.7,1.0,1.0,0.25,1.0,0.25
noise_2.0,1.023865490275136,0.030964938882829297,1.0,1.0,0.7707262192714994,80,149,800,5,3,100,0.0,0,0.3,0.0,0.0,2.0,0.7,1.0,1.0,0.25,1.0,0.25
noise_2.0,0.9372471830622792,0.03972038454810193,1.0,1.0,-1.579864285093371,81,150,800,5,3,100,0.0,0,0.3,0.0,0.0,2.0,0.7,1.0,1.0,0.25,1.0,0.25
noise_2.0,1.0067746498741659,0.03505639102345033,1.0,1.0,0.193250065862002,82,151,800,5,3,100,0.0,0,0.3,0.0,0.0,2.0,0.7,1.0,1.0,0.25,1.0,0.25
noise_2.0,1.0796676754470844,0.03395302399933489,1.0,1.0,2.346408833824199,83,152,800,5,3,100,0.0,0,0.3,0.0,0.0,2.0,0.7,1.0,1.0,0.25,1.0,0.25
noise_2.0,0.9594096947210947,0.03617232072849707,1.0,1.0,-1.1221371607193469,84,153,800,5,3,100,0.0,0,0.3,0.0,0.0,2.0,0.7,1.0,1.0,0.25,1.0,0.25
noise_2.0,0.9541800042528245,0.03658031470175734,1.0,1.0,-1.2525861551698,85,154,800,5,3,100,0.0,0,0.3,0.0,0.0,2.0,0.7,1.0,1.0,0.25,1.0,0.25
noise_2.0,1.0651364274506139,0.03654973198003861,1.0,1.0,1.7821314664136991,86,155,800,5,3,100,0.0,0,0.3,0.0,0.0,2.0,0.7,1.0,1.0,0.25,1.0,0.25
noise_2.0,1.0147677369043788,0.03976985118559597,1.0,1.0,0.3713299513106419,87,156,800,5,3,100,0.0,0,0.3,0.0,0.0,2.0,0.7,1.0,1.0,0.25,1.0,0.25
noise_2.0,0.9572522516005258,0.0348069622419343,1.0,1.0,-1.2281378680031159,88,157,800,5,3,100,0.0,0,0.3,0.0,0.0,2.0,0.7,1.0,1.0,0.25,1.0,0.25
noise_2.0,0.9894428823055561,0.03767791644230019,1.0,1.0,-0.2801937763891755,89,158,800,5,3,100,0.0,0,0.3,0.0,0.0,2.0,0.7,1.0,1.0,0.25,1.0,0.25
noise_2.0,0.9980122321132003,0.03263433917628024,1.0,1.0,-0.060910315237651294,90,159,800,5,3,100,0.0,0,0.3,0.0,0.0,2.0,0.7,1.0,1.0,0.25,1.0,0.25
noise_2.0,0.9846850598692655,0.04002523285751813,1.0,1.0,-0.38263213071745705,91,160,800,5,3,100,0.0,0,0.3,0.0,0.0,2.0,0.7,1.0,1.0,0.25,1.0,0.25
noise_2.0,0.9679476854130126,0.03595196902266415,1.0,1.0,-0.891531547737528,92,161,800,5,3,100,0.0,0,0.3,0.0,0.0,2.0,0.7,1.0,1.0,0.25,1.0,0.25
noise_2.0,1.0264662522032255,0.03823804896326538,1.0,1.0,0.6921444195191856,93,162,800,5,3,100,0.0,0,0.3,0.0,0.0,2.0,0.7,1.0,1.0,0.25,1.0,0.25
noise_2.0,0.9917298947237185,0.03608702771921486,1.0,1.0,-0.22917113985195234,94,163,800,5,3,100,0.0,0,0.3,0.0,0.0,2.0,0.7,1.0,1.0,0.25,1.0,0.25
noise_2.0,0.9897064783722791,0.034396821892248394,1.0,1.0,-0.2992579273738261,95,164,800,5,3,100,0.0,0,0.3,0.0,0.0,2.0,0.7,1.0,1.0,0.25,1.0,0.25
noise_2.0,0.9931101328448253,0.03419727300878608,1.0,1.0,-0.20147416881470437,96,165,800,5,3,100,0.0,0,0.3,0.0,0.0,2.0,0.7,1.0,1.0,0.25,1.0,0.25
noise_2.0,0.9825301397949416,0.03660731612341034,1.0,1.0,-0.4772231907459178,97,166,800,5,3,100,0.0,0,0.3,0.0,0.0,2.0,0.7,1.0,1.0,0.25,1.0,0.25
noise_2.0,0.9847508598222448,0.03765808504361506,1.0,1.0,-0.404936686506866,98,167,800,5,3,100,0.0,0,0.3,0.0,0.0,2.0,0.7,1.0,1.0,0.25,1.0,0.25
noise_2.0,0.954988497557489,0.03635110399294753,1.0,1.0,-1.2382430654992933,99,168,800,5,3,100,0.0,0,0.3,0.0,0.0,2.0,0.7,1.0,1.0,0.25,1.0,0.25
s1_0.5,0.9716930741663992,0.03433983519861164,1.0,1.0,-0.8243174630827956,0,70,800,5,3,100,0.0,0,0.3,0.0,0.0,1.0,0.7,0.5,1.0,0.25,1.0,0.25
s1_0.5,0.9765817128947826,0.03434598202622652,1.0,1.0,-0.6818348384196811,1,71,800,5,3,100,0.0,0,0.3,0.0,0.0,1.0,0.7,0.5,1.0,0.25,1.0,0.25
s1_0.5,1.0137172817445625,0.03734390214067611,1.0,1.0,0.36732320293923626,2,72,800,5,3,100,0.0,0,0.3,0.0,0.0,1.0,0.7,0.5,1.0,0.25,1.0,0.25
s1_0.5,0.9539622308262404,0.037065699415357395,1.0,1.0,-1.2420585581796626,3,73,800,5,3,100,0.0,0,0.3,0.0,0.0,1.0,0.7,0.5,1.0,0.25,1.0,0.25
s1_0.5,0.9904031400377719,0.03481228417342402,1.0,1.0,-0.2756745266820057,4,74,800,5,3,100,0.0,0,0.3,0.0,0.0,1.0,0.7,0.5,1.0,0.25,1.0,0.25
s1_0.5,0.9792806576766064,0.034695553544275164,1.0,1.0,-0.5971757244614504,5,75,800,5,3,100,0.0,0,0.3,0.0,0.0,1.0,0.7,0.5,1.0,0.25,1.0,0.25
s1_0.5,0.973757913352889,0.03347200545650756,1.0,1.0,-0.7840010268045978,6,76,800,5,3,100,0.0,0,0.3,0.0,0.0,1.0,0.7,0.5,1.0,0.25,1.0,0.25
s1_0.5,1.0140568330075685,0.03673655426026288,1.0,1.0,0.38263885360564465,7,77,800,5,3,100,0.0,0,0.3,0.0,0.0,1.0,0.7,0.5,1.0,0.25,1.0,0.25
s1_0.5,1.0029775362820805,0.03552545093511564,1.0,1.0,0.08381417276078375,8,78,800,5,3,100,0.0,0,0.3,0.0,0.0,1.0,0.7,0.5,1.0,0.25,1.0,0.25
s1_0.5,1.0518939564258487,0.034521905047843075,1.0,1.0,1.503218213303412,9,79,800,5,3,100,0.0,0,0.3,0.0,0.0,1.0,0.7,0.5,1.0,0.25,1.0,0.25
s1_0.5,0.9951361947155716,0.035888710553853585,1.0,1.0,-0.13552465968733915,10,80,800,5,3,100,0.0,0,0.3,0.0,0.0,1.0,0.7,0.5,1.0,0.25,1.0,0.25
s1_0.5,0.982716343092137,0.032913641084953385,1.0,1.0,-0.525121388522534,11,81,800,5,3,100,0.0,0,0.3,0.0,0.0,1.0,0.7,0.5,1.0,0.25,1.0,0.25
s1_0.5,1.0002155624224875,0.03388371333815938,1.0,1.0,0.00636182995459308,12,82,800,5,3,100,0.0,0,0.3,0.0,0.0,1.0,0.7,0.5,1.0,0.25,1.0,0.25
s1_0.5,1.0230714875643279,0.03731118876819797,1.0,1.0,0.6183530551026759,13,83,800,5,3,100,0.0,0,0.3,0.0,0.0,1.0,0.7,0.5,1.0,0.25,1.0,0.25
s1_0.5,0.9481319513556218,0.03423484531021179,1.0,1.0,-1.5150659561738018,14,84,800,5,3,100,0.0,0,0.3,0.0,0.0,1.0,0.7,0.5,1.0,0.25,1.0,0.25
s1_0.5,1.0416329296786795,0.03212417119910165,1.0,1.0,1.2960001184355456,15,85,800,5,3,100,0.0,0,0.3,0.0,0.0,1.0,0.7,0.5,1.0,0.25,1.0,0.25
s1_0.5,0.9990217093479116,0.038959232284918204,1.0,1.0,-0.025110624483920974,16,86,800,5,3,100,0.0,0,0.3,0.0,0.0,1.0,0.7,0.5,1.0,0.25,1.0,0.25
s1_0.5,0.9445315844983592,0.03810935662331133,1.0,1.0,-1.455506479679351,17,87,800,5,3,100,0.0,0,0.3,0.0,0.0,1.0,0.7,0.5,1.0,0.25,1.0,0.25
s1_0.5,0.9408478143588591,0.033188635166055844,1.0,1.0,-1.7823024461590284,18,88,800,5,3,100,0.0,0,0.3,0.0,0.0,1.0,0.7,0.5,1.0,0.25,1.0,0.25
s1_0.5,1.0258444595958807,0.03663839063483271,1.0,1.0,0.7053928720141414,19,89,800,5,3,100,0.0,0,0.3,0.0,0.0,1.0,0.7,0.5,1.0,0.25,1.0,0.25
s1_0.5,0.9763725925056757,0.03756321446361408,1.0,1.0,-0.6290038760450395,20,90,800,5,3,100,0.0,0,0.3,0.0,0.0,1.0,0.7,0.5,1.0,0.25,1.0,0.25
s1_0.5,0.8850381503844882,0.033892853031219236,1.0,1.0,-3.391920105091733,21,91,800,5,3,100,0.0,0,0.3,0.0,0.0,1.0,0.7,0.5,1.0,0.25,1.0,0.25
s1_0.5,0.9885194344048988,0.03688317632017816,1.0,1.0,-0.3112683543152552,22,92,800,5,3,100,0.0,0,0.3,0.0,0.0,1.0,0.7,0.5,1.0,0.25,1.0,0.25
s1_0.5,0.9694446349953975,0.03831076619214314,1.0,1.0,-0.7975660118974313,23,93,800,5,3,100,0.0,0,0.3,0.0,0.0,1.0,0.7,0.5,1.0,0.25,1.0,0.25
s1_0.5,1.0178330687713388,0.036896876009032985,1.0,1.0,0.4833219150307737,24,94,800,5,3,100,0.0,0,0.3,0.0,0.0,1.0,0.7,0.5,1.0,0.25,1.0,0.25
s1_0.5,0.9542395484159053,0.03507106476577229,1.0,1.0,-1.3047921952103019,25,95,800,5,3,100,0.0,0,0.3,0.0,0.0,1.0,0.7,0.5,1.0,0.25,1.0,0.25
s1_0.5,0.9618063920033889,0.03834856198086299,1.0,1.0,-0.9959593273841865,26,96,800,5,3,100,0.0,0,0.3,0.0,0.0,1.0,0.7,0.5,1.0,0.25,1.0,0.25
s1_0.5,0.9767267947462749,0.03574562624148679,1.0,1.0,-0.6510784031729723,27,97,800,5,3,100,0.0,0,0.3,0.0,0.0,1.0,0.7,0.5,1.0,0.25,1.0,0.25
s1_0.5,1.030761453095787,0.03427575748637424,1.0,1.0,0.8974696797879852,28,98,800,5,3,100,0.0,0,0.3,0.0,0.0,1.0,0.7,0.5,1.0,0.25,1.0,0.25
s1_0.5,0.9926678262928437,0.03691956369555463,1.0,1.0,-0.19859860120825792,29,99,800,5,3,100,0.0,0,0.3,0.0,0.0,1.0,0.7,0.5,1.0,0.25,1.0,0.25
s1_0.5,0.9556414914990178,0.03494402258914967,1.0,1.0,-1.2694162038103707,30,100,800,5,3,100,0.0,0,0.3,0.0,0.0,1.0,0.7,0.5,1.0,0.25,1.0,0.25
s1_0.5,0.9810820270970526,0.033486006578898005,1.0,1.0,-0.5649515972701563,31,101,800,5,3,100,0.0,0,0.3,0.0,0.0,1.0,0.7,0.5,1.0,0.25,1.0,0.25
s1_0.5,1.021745571679817,0.0359858125528747,1.0,1.0,0.6042818026650287,32,102,800,5,3,100,0.0,0,0.3,0.0,0.0,1.0,0.7,0.5,1.0,0.25,1.0,0.25
s1_0.5,0.9873856391671015,0.03290074941915977,1.0,1.0,-0.3834064893838705,33,103,800,5,3,100,0.0,0,0.3,0.0,0.0,1.0,0.7,0.5,1.0,0.25,1.0,0.25
s1_0.5,0.9911813447553222,0.03430111555378532,1.0,1.0,-0.25709528982664975,34,104,800,5,3,100,0.0,0,0.3,0.0,0.0,1.0,0.7,0.5,1.0,0.25,1.0,0.25
s1_0.5,0.8991685879336397,0.03561134158933467,1.0,1.0,-2.8314409838622456,35,105,800,5,3,100,0.0,0,0.3,0.0,0.0,1.0,0.7,0.5,1.0,0.25,1.0,0.25
s1_0.5,0.9672882261840233,0.036121752085892106,1.0,1.0,-0.9055976503629444,36,106,800,5,3,100,0.0,0,0.3,0.0,0.0,1.0,0.7,0.5,1.0,0.25,1.0,0.25
s1_0.5,1.0251793856680134,0.03829417792965123,1.0,1.0,0.6575251651639957,37,107,800,5,3,100,0.0,0,0.3,0.0,0.0,1.0,0.7,0.5,1.0,0.25,1.0,0.25
s1_0.5,0.9353075599222088,0.037077034763952306,1.0,1.0,-1.7448115926651075,38,108,800,5,3,100,0.0,0,0.3,0.0,0.0,1.0,0.7,0.5,1.0,0.25,1.0,0.25
s1_0.5,0.9874866684393591,0.03673950794784493,1.0,1.0,-0.34059605747591254,39,109,800,5,3,100,0.0,0,0.3,0.0,0.0,1.0,0.7,0.5,1.0,0.25,1.0,0.25
s1_0.5,1.0080075183966868,0.03533475617022951,1.0,1.0,0.22661875344800983,40,110,800,5,3,100,0.0,0,0.3,0.0,0.0,1.0,0.7,0.5,1.0,0.25,1.0,0.25
s1_0.5,0.8901742696520851,0.03696032614880932,1.0,1.0,-2.971449167026707,41,111,800,5,3,100,0.0,0,0.3,0.0,0.0,1.0,0.7,0.5,1.0,0.25,1.0,0.25
s1_0.5,0.9490580943280984,0.039011897229464784,1.0,1.0,-1.3058043645574446,42,112,800,5,3,100,0.0,0,0.3,0.0,0.0,1.0,0.7,0.5,1.0,0.25,1.0,0.25
s1_0.5,0.9660192464249051,0.03502916442676203,1.0,1.0,-0.9700703437029129,43,113,800,5,3,100,0.0,0,0.3,0.0,0.0,1.0,0.7,0.5,1.0,0.25,1.0,0.25
s1_0.5,1.0077963027823216,0.03302356653464204,1.0,1.0,0.23608300375863933,44,114,800,5,3,100,0.0,0,0.3,0.0,0.0,1.0,0.7,0.5,1.0,0.25,1.0,0.25
s1_0.5,1.0382310414584102,0.03542949607684397,1.0,1.0,1.07907381396252,45,115,800,5,3,100,0.0,0,0.3,0.0,0.0,1.0,0.7,0.5,1.0,0.25,1.0,0.25
s1_0.5,0.9753168620258853,0.034488151477014756,1.0,1.0,-0.715699071043724,46,116,800,5,3,100,0.0,0,0.3,0.0,0.0,1.0,0.7,0.5,1.0,0.25,1.0,0.25
s1_0.5,0.946405524241907,0.0390561880873972,1.0,1.0,-1.372240312806846,47,117,800,5,3,100,0.0,0,0.3,0.0,0.0,1.0,0.7,0.5,1.0,0.25,1.0,0.25
s1_0.5,0.988011180637003,0.03571600833820868,1.0,1.0,-0.33567075159884174,48,118,800,5,3,100,0.0,0,0.3,0.0,0.0,1.0,0.7,0.5,1.0,0.25,1.0,0.25
s1_0.5,0.9907786081307371,0.03926811349558681,1.0,1.0,-0.2348315477467286,49,119,800,5,3,100,0.0,0,0.3,0.0,0.0,1.0,0.7,0.5,1.0,0.25,1.0,0.25
s1_0.5,0.9951576277674803,0.034451346503058984,1.0,1.0,-0.1405568351904547,50,120,800,5,3,100,0.0,0,0.3,0.0,0.0,1.0,0.7,0.5,1.0,0.25,1.0,0.25
s1_0.5,0.9563684520605975,0.03688179873917373,1.0,1.0,-1.1830103040245585,51,121,800,5,3,100,0.0,0,0.3,0.0,0.0,1.0,0.7,0.5,1.0,0.25,1.0,0.25
s1_0.5,1.057246803282321,0.035330169279130595,1.0,1.0,1.6203376448619649,52,122,800,5,3,100,0.0,0,0.3,0.0,0.0,1.0,0.7,0.5,1.0,0.25,1.0,0.25
s1_0.5,1.0466665231427321,0.03599195510898766,1.0,1.0,1.2965820556682925,53,123,800,5,3,100,0.0,0,0.3,0.0,0.0,1.0,0.7,0.5,1.0,0.25,1.0,0.25
s1_0.5,0.9091130309081713,0.035516647090146326,1.0,1.0,-2.558996316886123,54,124,800,5,3,100,0.0,0,0.3,0.0,0.0,1.0,0.7,0.5,1.0,0.25,1.0,0.25
s1_0.5,1.0178721505911152,0.03502543355477154,1.0,1.0,0.5102620803584744,55,125,800,5,3,100,0.0,0,0.3,0.0,0.0,1.0,0.7,0.5,1.0,0.25,1.0,0.25
s1_0.5,1.005677818346077,0.036330018471190176,1.0,1.0,0.15628448828286684,56,126,800,5,3,100,0.0,0,0.3,0.0,0.0,1.0,0.7,0.5,1.0,0.25,1.0,0.25
s1_0.5,0.9417761373053805,0.03437562546071433,1.0,1.0,-1.6937542783377082,57,127,800,5,3,100,0.0,0,0.3,0.0,0.0,1.0,0.7,0.5,1.0,0.25,1.0,0.25
s1_0.5,0.9699848222289683,0.038375456992597576,1.0,1.0,-0.7821451553481554,58,128,800,5,3,100,0.0,0,0.3,0.0,0.0,1.0,0.7,0.5,1.0,0.25,1.0,0.25
s1_0.5,0.9882552216629483,0.035225113143555815,1.0,1.0,-0.3334205993657766,59,129,800,5,3,100,0.0,0,0.3,0.0,0.0,1.0,0.7,0.5,1.0,0.25,1.0,0.25
s1_0.5,0.971112503363122,0.03512411254953374,1.0,1.0,-0.8224406124464895,60,130,800,5,3,100,0.0,0,0.3,0.0,0.0,1.0,0.7,0.5,1.0,0.25,1.0,0.25
s1_0.5,1.0248558496620925,0.036433230223067485,1.0,1.0,0.6822301923246761,61,131,800,5,3,100,0.0,0,0.3,0.0,0.0,1.0,0.7,0.5,1.0,0.25,1.0,0.25
s1_0.5,0.9377548106251756,0.03572581722661467,1.0,1.0,-1.7423027436991296,62,132,800,5,3,100,0.0,0,0.3,0.0,0.0,1.0,0.7,0.5,1.0,0.25,1.0,0.25
s1_0.5,0.9920979285482722,0.034294843447901166,1.0,1.0,-0.23041573184995648,63,133,800,5,3,100,0.0,0,0.3,0.0,0.0,1.0,0.7,0.5,1.0,0.25,1.0,0.25
s1_0.5,0.9725525965082986,0.03519554171439579,1.0,1.0,-0.7798545541486797,64,134,800,5,3,100,0.0,0,0.3,0.0,0.0,1.0,0.7,0.5,1.0,0.25,1.0,0.25
s1_0.5,1.0049698120688295,0.03600821636019797,1.0,1.0,0.1380188348991078,65,135,800,5,3,100,0.0,0,0.3,0.0,0.0,1.0,0.7,0.5,1.0,0.25,1.0,0.25
s1_0.5,0.9907185189062174,0.038853388411835436,1.0,1.0,-0.2388847272572826,66,136,800,5,3,100,0.0,0,0.3,0.0,0.0,1.0,0.7,0.5,1.0,0.25,1.0,0.25
s1_0.5,0.9538642426530174,0.03609766599607831,1.0,1.0,-1.278081451360175,67,137,800,5,3,100,0.0,0,0.3,0.0,0.0,1.0,0.7,0.5,1.0,0.25,1.0,0.25
s1_0.5,0.9945059992647344,0.037803069901756636,1.0,1.0,-0.14533213174336218,68,138,800,5,3,100,0.0,0,0.3,0.0,0.0,1.0,0.7,0.5,1.0,0.25,1.0,0.25
s1_0.5,1.0004377108004356,0.03750488334963516,1.0,1.0,0.011670768213171905,69,139,800,5,3,100,0.0,0,0.3,0.0,0.0,1.0,0.7,0.5,1.0,0.25,1.0,0.25
s1_0.5,0.8962224932669173,0.03769800381073304,1.0,1.0,-2.7528647737983443,70,140,800,5,3,100,0.0,0,0.3,0.0,0.0,1.0,0.7,0.5,1.0,0.25,1.0,0.25
s1_0.5,1.004356801860523,0.03609705185457292,1.0,1.0,0.12069688898903691,71,141,800,5,3,100,0.0,0,0.3,0.0,0.0,1.0,0.7,0.5,1.0,0.25,1.0,0.25
s1_0.5,0.9723513131433795,0.035266714280725565,1.0,1.0,-0.7839881718646924,72,142,800,5,3,100,0.0,0,0.3,0.0,0.0,1.0,0.7,0.5,1.0,0.25,1.0,0.25
s1_0.5,0.9141998929618548,0.038363219922489165,1.0,1.0,-2.236519958739119,73,143,800,5,3,100,0.0,0,0.3,0.0,0.0,1.0,0.7,0.5,1.0,0.25,1.0,0.25
s1_0.5,1.0145258567571713,0.03713918899388311,1.0,1.0,0.39111938495920745,74,144,800,5,3,100,0.0,0,0.3,0.0,0.0,1.0,0.7,0.5,1.0,0.25,1.0,0.25
s1_0.5,0.9560696537671678,0.037660898512438055,1.0,1.0,-1.1664710075444318,75,145,800,5,3,100,0.0,0,0.3,0.0,0.0,1.0,0.7,0.5,1.0,0.25,1.0,0.25
s1_0.5,1.0013093959117114,0.03457662114856999,1.0,1.0,0.03786940042768098,76,146,800,5,3,100,0.0,0,0.3,0.0,0.0,1.0,0.7,0.5,1.0,0.25,1.0,0.25
s1_0.5,1.0325573319823533,0.03495879909246206,1.0,1.0,0.9313057893162429,77,147,800,5,3,100,0.0,0,0.3,0.0,0.0,1.0,0.7,0.5,1.0,0.25,1.0,0.25
s1_0.5,0.9741313800583262,0.03705567201835662,1.0,1.0,-0.6981014925018495,78,148,800,5,3,100,0.0,0,0.3,0.0,0.0,1.0,0.7,0.5,1.0,0.25,1.0,0.25
s1_0.5,1.0238654902751358,0.030964938882829297,1.0,1.0,0.7707262192714922,79,149,800,5,3,100,0.0,0,0.3,0.0,0.0,1.0,0.7,0.5,1.0,0.25,1.0,0.25
s1_0.5,0.9372471830622794,0.03972038454810193,1.0,1.0,-1.5798642850933653,80,150,800,5,3,100,0.0,0,0.3,0.0,0.0,1.0,0.7,0.5,1.0,0.25,1.0,0.25
s1_0.5,1.0067746498741659,0.03505639102345033,1.0,1.0,0.193250065862002,81,151,800,5,3,100,0.0,0,0.3,0.0,0.0,1.0,0.7,0.5,1.0,0.25,1.0,0.25
s1_0.5,1.0796676754470844,0.03395302399933489,1.0,1.0,2.346408833824199,82,152,800,5,3,100,0.0,0,0.3,0.0,0.0,1.0,0.7,0.5,1.0,0.25,1.0,0.25
s1_0.5,0.9594096947210947,0.03617232072849707,1.0,1.0,-1.1221371607193469,83,153,800,5,3,100,0.0,0,0.3,0.0,0.0,1.0,0.7,0.5,1.0,0.25,1.0,0.25
s1_0.5,0.9541800042528245,0.03658031470175734,1.0,1.0,-1.2525861551698,84,154,800,5,3,100,0.0,0,0.3,0.0,0.0,1.0,0.7,0.5,1.0,0.25,1.0,0.25
s1_0.5,1.0651364274506139,0.03654973198003861,1.0,1.0,1.7821314664136991,85,155,800,5,3,100,0.0,0,0.3,0.0,0.0,1.0,0.7,0.5,1.0,0.25,1.0,0.25
s1_0.5,1.0147677369043788,0.03976985118559597,1.0,1.0,0.3713299513106419,86,156,800,5,3,100,0.0,0,0.3,0.0,0.0,1.0,0.7,0.5,1.0,0.25,1.0,0.25
s1_0.5,0.9572522516005258,0.0348069622419343,1.0,1.0,-1.2281378680031159,87,157,800,5,3,100,0.0,0,0.3,0.0,0.0,1.0,0.7,0.5,1.0,0.25,1.0,0.25
s1_0.5,0.9894428823055561,0.03767791644230019,1.0,1.0,-0.2801937763891755,88,158,800,5,3,100,0.0,0,0.3,0.0,0.0,1.0,0.7,0.5,1.0,0.25,1.0,0.25
s1_0.5,0.9980122321132003,0.03263433917628024,1.0,1.0,-0.060910315237651294,89,159,800,5,3,100,0.0,0,0.3,0.0,0.0,1.0,0.7,0.5,1.0,0.25,1.0,0.25
s1_0.5,0.9846850598692655,0.04002523285751813,1.0,1.0,-0.38263213071745705,90,160,800,5,3,100,0.0,0,0.3,0.0,0.0,1.0,0.7,0.5,1.0,0.25,1.0,0.25
s1_0.5,0.9679476854130126,0.03595196902266415,1.0,1.0,-0.891531547737528,91,161,800,5,3,100,0.0,0,0.3,0.0,0.0,1.0,0.7,0.5,1.0,0.25,1.0,0.25
s1_0.5,1.0264662522032255,0.03823804896326538,1.0,1.0,0.6921444195191856,92,162,800,5,3,100,0.0,0,0.3,0.0,0.0,1.0,0.7,0.5,1.0,0.25,1.0,0.25
s1_0.5,0.9917298947237185,0.03608702771921486,1.0,1.0,-0.22917113985195234,93,163,800,5,3,100,0.0,0,0.3,0.0,0.0,1.0,0.7,0.5,1.0,0.25,1.0,0.25
s1_0.5,0.9897064783722791,0.034396821892248394,1.0,1.0,-0.2992579273738261,94,164,800,5,3,100,0.0,0,0.3,0.0,0.0,1.0,0.7,0.5,1.0,0.25,1.0,0.25
s1_0.5,0.9931101328448253,0.03419727300878608,1.0,1.0,-0.20147416881470437,95,165,800,5,3,100,0.0,0,0.3,0.0,0.0,1.0,0.7,0.5,1.0,0.25,1.0,0.25
s1_0.5,0.9825301397949416,0.03660731612341023,1.0,1.0,-0.47722319074591923,96,166,800,5,3,100,0.0,0,0.3,0.0,0.0,1.0,0.7,0.5,1.0,0.25,1.0,0.25
s1_0.5,0.9847508598222448,0.03765808504361506,1.0,1.0,-0.404936686506866,97,167,800,5,3,100,0.0,0,0.3,0.0,0.0,1.0,0.7,0.5,1.0,0.25,1.0,0.25
s1_0.5,0.9549884975574889,0.03635110399294759,1.0,1.0,-1.2382430654992944,98,168,800,5,3,100,0.0,0,0.3,0.0,0.0,1.0,0.7,0.5,1.0,0.25,1.0,0.25
s1_0.5,1.062691703290354,0.03329663827822699,1.0,1.0,1.8828238084127773,99,169,800,5,3,100,0.0,0,0.3,0.0,0.0,1.0,0.7,0.5,1.0,0.25,1.0,0.25
s1_1.0,0.9765817128947826,0.03434598202622652,1.0,1.0,-0.6818348384196811,0,71,800,5,3,100,0.0,0,0.3,0.0,0.0,1.0,0.7,1.0,1.0,0.25,1.0,0.25
s1_1.0,1.0137172817445625,0.03734390214067611,1.0,1.0,0.36732320293923626,1,72,800,5,3,100,0.0,0,0.3,0.0,0.0,1.0,0.7,1.0,1.0,0.25,1.0,0.25
s1_1.0,0.9539622308262404,0.037065699415357395,1.0,1.0,-1.2420585581796626,2,73,800,5,3,100,0.0,0,0.3,0.0,0.0,1.0,0.7,1.0,1.0,0.25,1.0,0.25
s1_1.0,0.9904031400377717,0.03481228417342396,1.0,1.0,-0.2756745266820093,3,74,800,5,3,100,0.0,0,0.3,0.0,0.0,1.0,0.7,1.0,1.0,0.25,1.0,0.25
s1_1.0,0.9792806576766062,0.034695553544275164,1.0,1.0,-0.5971757244614568,4,75,800,5,3,100,0.0,0,0.3,0.0,0.0,1.0,0.7,1.0,1.0,0.25,1.0,0.25
s1_1.0,0.973757913352889,0.03347200545650756,1.0,1.0,-0.7840010268045978,5,76,800,5,3,100,0.0,0,0.3,0.0,0.0,1.0,0.7,1.0,1.0,0.25,1.0,0.25
s1_1.0,1.0140568330075683,0.03673655426026288,1.0,1.0,0.3826388536056386,6,77,800,5,3,100,0.0,0,0.3,0.0,0.0,1.0,0.7,1.0,1.0,0.25,1.0,0.25
s1_1.0,1.0029775362820805,0.03552545093511564,1.0,1.0,0.08381417276078375,7,78,800,5,3,100,0.0,0,0.3,0.0,0.0,1.0,0.7,1.0,1.0,0.25,1.0,0.25
s1_1.0,1.0518939564258487,0.034521905047843075,1.0,1.0,1.503218213303412,8,79,800,5,3,100,0.0,0,0.3,0.0,0.0,1.0,0.7,1.0,1.0,0.25,1.0,0.25
s1_1.0,0.9951361947155716,0.035888710553853585,1.0,1.0,-0.13552465968733915,9,80,800,5,3,100,0.0,0,0.3,0.0,0.0,1.0,0.7,1.0,1.0,0.25,1.0,0.25
s1_1.0,0.9827163430921368,0.03291364108495344,1.0,1.0,-0.5251213885225364,10,81,800,5,3,100,0.0,0,0.3,0.0,0.0,1.0,0.7,1.0,1.0,0.25,1.0,0.25
s1_1.0,1.0002155624224875,0.03388371333815938,1.0,1.0,0.00636182995459308,11,82,800,5,3,100,0.0,0,0.3,0.0,0.0,1.0,0.7,1.0,1.0,0.25,1.0,0.25
s1_1.0,1.0230714875643276,0.03731118876819797,1.0,1.0,0.61835305510267,12,83,800,5,3,100,0.0,0,0.3,0.0,0.0,1.0,0.7,1.0,1.0,0.25,1.0,0.25
s1_1.0,0.9481319513556218,0.03423484531021179,1.0,1.0,-1.5150659561738018,13,84,800,5,3,100,0.0,0,0.3,0.0,0.0,1.0,0.7,1.0,1.0,0.25,1.0,0.25
s1_1.0,1.0416329296786795,0.03212417119910165,1.0,1.0,1.2960001184355456,14,85,800,5,3,100,0.0,0,0.3,0.0,0.0,1.0,0.7,1.0,1.0,0.25,1.0,0.25
s1_1.0,0.9990217093479115,0.03895923228491826,1.0,1.0,-0.025110624483923788,15,86,800,5,3,100,0.0,0,0.3,0.0,0.0,1.0,0.7,1.0,1.0,0.25,1.0,0.25
s1_1.0,0.9445315844983594,0.03810935662331133,1.0,1.0,-1.455506479679345,16,87,800,5,3,100,0.0,0,0.3,0.0,0.0,1.0,0.7,1.0,1.0,0.25,1.0,0.25
s1_1.0,0.940847814358859,0.0331886351660559,1.0,1.0,-1.7823024461590289,17,88,800,5,3,100,0.0,0,0.3,0.0,0.0,1.0,0.7,1.0,1.0,0.25,1.0,0.25
s1_1.0,1.0258444595958804,0.03663839063483271,1.0,1.0,0.7053928720141354,18,89,800,5,3,100,0.0,0,0.3,0.0,0.0,1.0,0.7,1.0,1.0,0.25,1.0,0.25
s1_1.0,0.9763725925056758,0.03756321446361414,1.0,1.0,-0.6290038760450356,19,90,800,5,3,100,0.0,0,0.3,0.0,0.0,1.0,0.7,1.0,1.0,0.25,1.0,0.25
s1_1.0,0.8850381503844885,0.03389285303121918,1.0,1.0,-3.391920105091729,20,91,800,5,3,100,0.0,0,0.3,0.0,0.0,1.0,0.7,1.0,1.0,0.25,1.0,0.25
s1_1.0,0.9885194344048988,0.03688317632017816,1.0,1.0,-0.3112683543152552,21,92,800,5,3,100,0.0,0,0.3,0.0,0.0,1.0,0.7,1.0,1.0,0.25,1.0,0.25
s1_1.0,0.9694446349953975,0.03831076619214314,1.0,1.0,-0.7975660118974313,22,93,800,5,3,100,0.0,0,0.3,0.0,0.0,1.0,0.7,1.0,1.0,0.25,1.0,0.25
s1_1.0,1.0178330687713388,0.036896876009032985,1.0,1.0,0.4833219150307737,23,94,800,5,3,100,0.0,0,0.3,0.0,0.0,1.0,0.7,1.0,1.0,0.25,1.0,0.25
s1_1.0,0.9542395484159055,0.03507106476577218,1.0,1.0,-1.3047921952102997,24,95,800,5,3,100,0.0,0,0.3,0.0,0.0,1.0,0.7,1.0,1.0,0.25,1.0,0.25
s1_1.0,0.9618063920033888,0.038348561980862936,1.0,1.0,-0.9959593273841908,25,96,800,5,3,100,0.0,0,0.3,0.0,0.0,1.0,0.7,1.0,1.0,0.25,1.0,0.25
s1_1.0,0.9767267947462748,0.035745626241486854,1.0,1.0,-0.6510784031729743,26,97,800,5,3,100,0.0,0,0.3,0.0,0.0,1.0,0.7,1.0,1.0,0.25,1.0,0.25
s1_1.0,1.030761453095787,0.03427575748637424,1.0,1.0,0.8974696797879852,27,98,800,5,3,100,0.0,0,0.3,0.0,0.0,1.0,0.7,1.0,1.0,0.25,1.0,0.25
s1_1.0,0.9926678262928437,0.03691956369555463,1.0,1.0,-0.19859860120825792,28,99,800,5,3,100,0.0,0,0.3,0.0,0.0,1.0,0.7,1.0,1.0,0.25,1.0,0.25
s1_1.0,0.9556414914990178,0.03494402258914967,1.0,1.0,-1.2694162038103707,29,100,800,5,3,100,0.0,0,0.3,0.0,0.0,1.0,0.7,1.0,1.0,0.25,1.0,0.25
s1_1.0,0.9810820270970526,0.033486006578898005,1.0,1.0,-0.5649515972701563,30,101,800,5,3,100,0.0,0,0.3,0.0,0.0,1.0,0.7,1.0,1.0,0.25,1.0,0.25
s1_1.0,1.021745571679817,0.0359858125528747,1.0,1.0,0.6042818026650287,31,102,800,5,3,100,0.0,0,0.3,0.0,0.0,1.0,0.7,1.0,1.0,0.25,1.0,0.25
s1_1.0,0.9873856391671019,0.032900749419159714,1.0,1.0,-0.383406489383861,32,103,800,5,3,100,0.0,0,0.3,0.0,0.0,1.0,0.7,1.0,1.0,0.25,1.0,0.25
s1_1.0,0.9911813447553218,0.03430111555378538,1.0,1.0,-0.2570952898266591,33,104,800,5,3,100,0.0,0,0.3,0.0,0.0,1.0,0.7,1.0,1.0,0.25,1.0,0.25
s1_1.0,0.8991685879336399,0.03561134158933467,1.0,1.0,-2.8314409838622425,34,105,800,5,3,100,0.0,0,0.3,0.0,0.0,1.0,0.7,1.0,1.0,0.25,1.0,0.25
s1_1.0,0.9672882261840231,0.036121752085892106,1.0,1.0,-0.9055976503629505,35,106,800,5,3,100,0.0,0,0.3,0.0,0.0,1.0,0.7,1.0,1.0,0.25,1.0,0.25
s1_1.0,1.0251793856680134,0.03829417792965123,1.0,1.0,0.6575251651639957,36,107,800,5,3,100,0.0,0,0.3,0.0,0.0,1.0,0.7,1.0,1.0,0.25,1.0,0.25
s1_1.0,0.9353075599222088,0.037077034763952306,1.0,1.0,-1.7448115926651075,37,108,800,5,3,100,0.0,0,0.3,0.0,0.0,1.0,0.7,1.0,1.0,0.25,1.0,0.25
s1_1.0,0.9874866684393591,0.03673950794784493,1.0,1.0,-0.34059605747591254,38,109,800,5,3,100,0.0,0,0.3,0.0,0.0,1.0,0.7,1.0,1.0,0.25,1.0,0.25
s1_1.0,1.0080075183966868,0.03533475617022951,1.0,1.0,0.22661875344800983,39,110,800,5,3,100,0.0,0,0.3,0.0,0.0,1.0,0.7,1.0,1.0,0.25,1.0,0.25
s1_1.0,0.8901742696520851,0.03696032614880932,1.0,1.0,-2.971449167026707,40,111,800,5,3,100,0.0,0,0.3,0.0,0.0,1.0,0.7,1.0,1.0,0.25,1.0,0.25
s1_1.0,0.9490580943280984,0.039011897229464784,1.0,1.0,-1.3058043645574446,41,112,800,5,3,100,0.0,0,0.3,0.0,0.0,1.0,0.7,1.0,1.0,0.25,1.0,0.25
s1_1.0,0.966019246424905,0.035029164426761975,1.0,1.0,-0.9700703437029176,42,113,800,5,3,100,0.0,0,0.3,0.0,0.0,1.0,0.7,1.0,1.0,0.25,1.0,0.25
s1_1.0,1.0077963027823216,0.03302356653464204,1.0,1.0,0.23608300375863933,43,114,800,5,3,100,0.0,0,0.3,0.0,0.0,1.0,0.7,1.0,1.0,0.25,1.0,0.25
s1_1.0,1.0382310414584104,0.03542949607684397,1.0,1.0,1.0790738139625262,44,115,800,5,3,100,0.0,0,0.3,0.0,0.0,1.0,0.7,1.0,1.0,0.25,1.0,0.25
s1_1.0,0.9753168620258851,0.034488151477014756,1.0,1.0,-0.7156990710437304,45,116,800,5,3,100,0.0,0,0.3,0.0,0.0,1.0,0.7,1.0,1.0,0.25,1.0,0.25
s1_1.0,0.9464055242419069,0.039056188087397144,1.0,1.0,-1.372240312806851,46,117,800,5,3,100,0.0,0,0.3,0.0,0.0,1.0,0.7,1.0,1.0,0.25,1.0,0.25
s1_1.0,0.9880111806370032,0.03571600833820868,1.0,1.0,-0.3356707515988355,47,118,800,5,3,100,0.0,0,0.3,0.0,0.0,1.0,0.7,1.0,1.0,0.25,1.0,0.25
s1_1.0,0.9907786081307371,0.03926811349558681,1.0,1.0,-0.2348315477467286,48,119,800,5,3,100,0.0,0,0.3,0.0,0.0,1.0,0.7,1.0,1.0,0.25,1.0,0.25
s1_1.0,0.9951576277674803,0.034451346503058984,1.0,1.0,-0.1405568351904547,49,120,800,5,3,100,0.0,0,0.3,0.0,0.0,1.0,0.7,1.0,1.0,0.25,1.0,0.25
s1_1.0,0.9563684520605975,0.03688179873917373,1.0,1.0,-1.1830103040245585,50,121,800,5,3,100,0.0,0,0.3,0.0,0.0,1.0,0.7,1.0,1.0,0.25,1.0,0.25
s1_1.0,1.057246803282321,0.035330169279130595,1.0,1.0,1.6203376448619649,51,122,800,5,3,100,0.0,0,0.3,0.0,0.0,1.0,0.7,1.0,1.0,0.25,1.0,0.25
s1_1.0,1.046666523142732,0.03599195510898766,1.0,1.0,1.2965820556682863,52,123,800,5,3,100,0.0,0,0.3,0.0,0.0,1.0,0.7,1.0,1.0,0.25,1.0,0.25
s1_1.0,0.9091130309081711,0.035516647090146326,1.0,1.0,-2.5589963168861294,53,124,800,5,3,100,0.0,0,0.3,0.0,0.0,1.0,0.7,1.0,1.0,0.25,1.0,0.25
s1_1.0,1.0178721505911152,0.03502543355477154,1.0,1.0,0.5102620803584744,54,125,800,5,3,100,0.0,0,0.3,0.0,0.0,1.0,0.7,1.0,1.0,0.25,1.0,0.25
s1_1.0,1.005677818346077,0.036330018471190176,1.0,1.0,0.15628448828286684,55,126,800,5,3,100,0.0,0,0.3,0.0,0.0,1.0,0.7,1.0,1.0,0.25,1.0,0.25
s1_1.0,0.9417761373053805,0.03437562546071433,1.0,1.0,-1.6937542783377082,56,127,800,5,3,100,0.0,0,0.3,0.0,0.0,1.0,0.7,1.0,1.0,0.25,1.0,0.25
s1_1.0,0.9699848222289683,0.038375456992597576,1.0,1.0,-0.7821451553481554,57,128,800,5,3,100,0.0,0,0.3,0.0,0.0,1.0,0.7,1.0,1.0,0.25,1.0,0.25
s1_1.0,0.9882552216629483,0.035225113143555815,1.0,1.0,-0.3334205993657766,58,129,800,5,3,100,0.0,0,0.3,0.0,0.0,1.0,0.7,1.0,1.0,0.25,1.0,0.25
s1_1.0,0.971112503363122,0.03512411254953374,1.0,1.0,-0.8224406124464895,59,130,800,5,3,100,0.0,0,0.3,0.0,0.0,1.0,0.7,1.0,1.0,0.25,1.0,0.25
s1_1.0,1.0248558496620925,0.036433230223067485,1.0,1.0,0.6822301923246761,60,131,800,5,3,100,0.0,0,0.3,0.0,0.0,1.0,0.7,1.0,1.0,0.25,1.0,0.25
s1_1.0,0.9377548106251756,0.03572581722661467,1.0,1.0,-1.7423027436991296,61,132,800,5,3,100,0.0,0,0.3,0.0,0.0,1.0,0.7,1.0,1.0,0.25,1.0,0.25
s1_1.0,0.9920979285482722,0.034294843447901166,1.0,1.0,-0.23041573184995648,62,133,800,5,3,100,0.0,0,0.3,0.0,0.0,1.0,0.7,1.0,1.0,0.25,1.0,0.25
s1_1.0,0.9725525965082988,0.03519554171439579,1.0,1.0,-0.7798545541486733,63,134,800,5,3,100,0.0,0,0.3,0.0,0.0,1.0,0.7,1.0,1.0,0.25,1.0,0.25
s1_1.0,1.0049698120688295,0.03600821636019797,1.0,1.0,0.1380188348991078,64,135,800,5,3,100,0.0,0,0.3,0.0,0.0,1.0,0.7,1.0,1.0,0.25,1.0,0.25
s1_1.0,0.9907185189062174,0.038853388411835436,1.0,1.0,-0.2388847272572826,65,136,800,5,3,100,0.0,0,0.3,0.0,0.0,1.0,0.7,1.0,1.0,0.25,1.0,0.25
s1_1.0,0.9538642426530174,0.03609766599607831,1.0,1.0,-1.278081451360175,66,137,800,5,3,100,0.0,0,0.3,0.0,0.0,1.0,0.7,1.0,1.0,0.25,1.0,0.25
s1_1.0,0.9945059992647344,0.037803069901756636,1.0,1.0,-0.14533213174336218,67,138,800,5,3,100,0.0,0,0.3,0.0,0.0,1.0,0.7,1.0,1.0,0.25,1.0,0.25
s1_1.0,1.0004377108004356,0.03750488334963516,1.0,1.0,0.011670768213171905,68,139,800,5,3,100,0.0,0,0.3,0.0,0.0,1.0,0.7,1.0,1.0,0.25,1.0,0.25
s1_1.0,0.8962224932669173,0.03769800381073304,1.0,1.0,-2.7528647737983443,69,140,800,5,3,100,0.0,0,0.3,0.0,0.0,1.0,0.7,1.0,1.0,0.25,1.0,0.25
s1_1.0,1.004356801860523,0.03609705185457292,1.0,1.0,0.12069688898903691,70,141,800,5,3,100,0.0,0,0.3,0.0,0.0,1.0,0.7,1.0,1.0,0.25,1.0,0.25
s1_1.0,0.9723513131433795,0.035266714280725565,1.0,1.0,-0.7839881718646924,71,142,800,5,3,100,0.0,0,0.3,0.0,0.0,1.0,0.7,1.0,1.0,0.25,1.0,0.25
s1_1.0,0.9141998929618547,0.038363219922489165,1.0,1.0,-2.2365199587391222,72,143,800,5,3,100,0.0,0,0.3,0.0,0.0,1.0,0.7,1.0,1.0,0.25,1.0,0.25
s1_1.0,1.0145258567571713,0.03713918899388311,1.0,1.0,0.39111938495920745,73,144,800,5,3,100,0.0,0,0.3,0.0,0.0,1.0,0.7,1.0,1.0,0.25,1.0,0.25
s1_1.0,0.9560696537671678,0.037660898512438055,1.0,1.0,-1.1664710075444318,74,145,800,5,3,100,0.0,0,0.3,0.0,0.0,1.0,0.7,1.0,1.0,0.25,1.0,0.25
s1_1.0,1.0013093959117114,0.03457662114856999,1.0,1.0,0.03786940042768098,75,146,800,5,3,100,0.0,0,0.3,0.0,0.0,1.0,0.7,1.0,1.0,0.25,1.0,0.25
s1_1.0,1.0325573319823533,0.03495879909246206,1.0,1.0,0.9313057893162429,76,147,800,5,3,100,0.0,0,0.3,0.0,0.0,1.0,0.7,1.0,1.0,0.25,1.0,0.25
s1_1.0,0.9741313800583262,0.03705567201835662,1.0,1.0,-0.6981014925018495,77,148,800,5,3,100,0.0,0,0.3,0.0,0.0,1.0,0.7,1.0,1.0,0.25,1.0,0.25
s1_1.0,1.0238654902751363,0.030964938882829297,1.0,1.0,0.7707262192715065,78,149,800,5,3,100,0.0,0,0.3,0.0,0.0,1.0,0.7,1.0,1.0,0.25,1.0,0.25
s1_1.0,0.9372471830622794,0.03972038454810193,1.0,1.0,-1.5798642850933653,79,150,800,5,3,100,0.0,0,0.3,0.0,0.0,1.0,0.7,1.0,1.0,0.25,1.0,0.25
s1_1.0,1.0067746498741659,0.03505639102345033,1.0,1.0,0.193250065862002,80,151,800,5,3,100,0.0,0,0.3,0.0,0.0,1.0,0.7,1.0,1.0,0.25,1.0,0.25
s1_1.0,1.0796676754470844,0.03395302399933489,1.0,1.0,2.346408833824199,81,152,800,5,3,100,0.0,0,0.3,0.0,0.0,1.0,0.7,1.0,1.0,0.25,1.0,0.25
s1_1.0,0.9594096947210947,0.03617232072849707,1.0,1.0,-1.1221371607193469,82,153,800,5,3,100,0.0,0,0.3,0.0,0.0,1.0,0.7,1.0,1.0,0.25,1.0,0.25
s1_1.0,0.9541800042528242,0.03658031470175734,1.0,1.0,-1.2525861551698063,83,154,800,5,3,100,0.0,0,0.3,0.0,0.0,1.0,0.7,1.0,1.0,0.25,1.0,0.25
s1_1.0,1.0651364274506139,0.03654973198003861,1.0,1.0,1.7821314664136991,84,155,800,5,3,100,0.0,0,0.3,0.0,0.0,1.0,0.7,1.0,1.0,0.25,1.0,0.25
s1_1.0,1.0147677369043788,0.03976985118559597,1.0,1.0,0.3713299513106419,85,156,800,5,3,100,0.0,0,0.3,0.0,0.0,1.0,0.7,1.0,1.0,0.25,1.0,0.25
s1_1.0,0.9572522516005258,0.0348069622419343,1.0,1.0,-1.2281378680031159,86,157,800,5,3,100,0.0,0,0.3,0.0,0.0,1.0,0.7,1.0,1.0,0.25,1.0,0.25
s1_1.0,0.9894428823055563,0.03767791644230019,1.0,1.0,-0.28019377638916954,87,158,800,5,3,100,0.0,0,0.3,0.0,0.0,1.0,0.7,1.0,1.0,0.25,1.0,0.25
s1_1.0,0.9980122321132003,0.03263433917628024,1.0,1.0,-0.060910315237651294,88,159,800,5,3,100,0.0,0,0.3,0.0,0.0,1.0,0.7,1.0,1.0,0.25,1.0,0.25
s1_1.0,0.9846850598692655,0.04002523285751813,1.0,1.0,-0.38263213071745705,89,160,800,5,3,100,0.0,0,0.3,0.0,0.0,1.0,0.7,1.0,1.0,0.25,1.0,0.25
s1_1.0,0.9679476854130126,0.03595196902266415,1.0,1.0,-0.891531547737528,90,161,800,5,3,100,0.0,0,0.3,0.0,0.0,1.0,0.7,1.0,1.0,0.25,1.0,0.25
s1_1.0,1.0264662522032255,0.03823804896326538,1.0,1.0,0.6921444195191856,91,162,800,5,3,100,0.0,0,0.3,0.0,0.0,1.0,0.7,1.0,1.0,0.25,1.0,0.25
s1_1.0,0.9917298947237185,0.03608702771921486,1.0,1.0,-0.22917113985195234,92,163,800,5,3,100,0.0,0,0.3,0.0,0.0,1.0,0.7,1.0,1.0,0.25,1.0,0.25
s1_1.0,0.9897064783722791,0.034396821892248394,1.0,1.0,-0.2992579273738261,93,164,800,5,3,100,0.0,0,0.3,0.0,0.0,1.0,0.7,1.0,1.0,0.25,1.0,0.25
s1_1.0,0.9931101328448253,0.03419727300878608,1.0,1.0,-0.20147416881470437,94,165,800,5,3,100,0.0,0,0.3,0.0,0.0,1.0,0.7,1.0,1.0,0.25,1.0,0.25
s1_1.0,0.9825301397949416,0.03660731612341023,1.0,1.0,-0.47722319074591923,95,166,800,5,3,100,0.0,0,0.3,0.0,0.0,1.0,0.7,1.0,1.0,0.25,1.0,0.25
s1_1.0,0.9847508598222448,0.03765808504361506,1.0,1.0,-0.404936686506866,96,167,800,5,3,100,0.0,0,0.3,0.0,0.0,1.0,0.7,1.0,1.0,0.25,1.0,0.25
s1_1.0,0.9549884975574889,0.03635110399294759,1.0,1.0,-1.2382430654992944,97,168,800,5,3,100,0.0,0,0.3,0.0,0.0,1.0,0.7,1.0,1.0,0.25,1.0,0.25
s1_1.0,1.062691703290354,0.03329663827822699,1.0,1.0,1.8828238084127773,98,169,800,5,3,100,0.0,0,0.3,0.0,0.0,1.0,0.7,1.0,1.0,0.25,1.0,0.25
s1_1.0,0.9529328993059215,0.037215887618079965,1.0,1.0,-1.2647045040842362,99,170,800,5,3,100,0.0,0,0.3,0.0,0.0,1.0,0.7,1.0,1.0,0.25,1.0,0.25
s1_2.0,1.0137172817445625,0.03734390214067611,1.0,1.0,0.36732320293923626,0,72,800,5,3,100,0.0,0,0.3,0.0,0.0,1.0,0.7,2.0,1.0,0.25,1.0,0.25
s1_2.0,0.9539622308262407,0.037065699415357395,1.0,1.0,-1.2420585581796566,1,73,800,5,3,100,0.0,0,0.3,0.0,0.0,1.0,0.7,2.0,1.0,0.25,1.0,0.25
s1_2.0,0.9904031400377719,0.03481228417342402,1.0,1.0,-0.2756745266820057,2,74,800,5,3,100,0.0,0,0.3,0.0,0.0,1.0,0.7,2.0,1.0,0.25,1.0,0.25
s1_2.0,0.9792806576766064,0.034695553544275164,1.0,1.0,-0.5971757244614504,3,75,800,5,3,100,0.0,0,0.3,0.0,0.0,1.0,0.7,2.0,1.0,0.25,1.0,0.25
s1_2.0,0.973757913352889,0.03347200545650756,1.0,1.0,-0.7840010268045978,4,76,800,5,3,100,0.0,0,0.3,0.0,0.0,1.0,0.7,2.0,1.0,0.25,1.0,0.25
s1_2.0,1.0140568330075683,0.03673655426026288,1.0,1.0,0.3826388536056386,5,77,800,5,3,100,0.0,0,0.3,0.0,0.0,1.0,0.7,2.0,1.0,0.25,1.0,0.25
s1_2.0,1.0029775362820805,0.03552545093511564,1.0,1.0,0.08381417276078375,6,78,800,5,3,100,0.0,0,0.3,0.0,0.0,1.0,0.7,2.0,1.0,0.25,1.0,0.25
s1_2.0,1.0518939564258487,0.034521905047843075,1.0,1.0,1.503218213303412,7,79,800,5,3,100,0.0,0,0.3,0.0,0.0,1.0,0.7,2.0,1.0,0.25,1.0,0.25
s1_2.0,0.9951361947155718,0.035888710553853585,1.0,1.0,-0.13552465968733296,8,80,800,5,3,100,0.0,0,0.3,0.0,0.0,1.0,0.7,2.0,1.0,0.25,1.0,0.25
s1_2.0,0.982716343092137,0.032913641084953385,1.0,1.0,-0.525121388522534,9,81,800,5,3,100,0.0,0,0.3,0.0,0.0,1.0,0.7,2.0,1.0,0.25,1.0,0.25
s1_2.0,1.0002155624224875,0.03388371333815938,1.0,1.0,0.00636182995459308,10,82,800,5,3,100,0.0,0,0.3,0.0,0.0,1.0,0.7,2.0,1.0,0.25,1.0,0.25
s1_2.0,1.0230714875643276,0.03731118876819797,1.0,1.0,0.61835305510267,11,83,800,5,3,100,0.0,0,0.3,0.0,0.0,1.0,0.7,2.0,1.0,0.25,1.0,0.25
s1_2.0,0.948131951355622,0.03423484531021179,1.0,1.0,-1.5150659561737954,12,84,800,5,3,100,0.0,0,0.3,0.0,0.0,1.0,0.7,2.0,1.0,0.25,1.0,0.25
s1_2.0,1.0416329296786795,0.03212417119910165,1.0,1.0,1.2960001184355456,13,85,800,5,3,100,0.0,0,0.3,0.0,0.0,1.0,0.7,2.0,1.0,0.25,1.0,0.25
s1_2.0,0.9990217093479116,0.038959232284918204,1.0,1.0,-0.025110624483920974,14,86,800,5,3,100,0.0,0,0.3,0.0,0.0,1.0,0.7,2.0,1.0,0.25,1.0,0.25
s1_2.0,0.9445315844983592,0.03810935662331133,1.0,1.0,-1.455506479679351,15,87,800,5,3,100,0.0,0,0.3,0.0,0.0,1.0,0.7,2.0,1.0,0.25,1.0,0.25
s1_2.0,0.9408478143588591,0.033188635166055844,1.0,1.0,-1.7823024461590284,16,88,800,5,3,100,0.0,0,0.3,0.0,0.0,1.0,0.7,2.0,1.0,0.25,1.0,0.25
s1_2.0,1.0258444595958807,0.03663839063483271,1.0,1.0,0.7053928720141414,17,89,800,5,3,100,0.0,0,0.3,0.0,0.0,1.0,0.7,2.0,1.0,0.25,1.0,0.25
s1_2.0,0.9763725925056757,0.03756321446361408,1.0,1.0,-0.6290038760450395,18,90,800,5,3,100,0.0,0,0.3,0.0,0.0,1.0,0.7,2.0,1.0,0.25,1.0,0.25
s1_2.0,0.8850381503844884,0.033892853031219236,1.0,1.0,-3.3919201050917263,19,91,800,5,3,100,0.0,0,0.3,0.0,0.0,1.0,0.7,2.0,1.0,0.25,1.0,0.25
s1_2.0,0.9885194344048988,0.03688317632017816,1.0,1.0,-0.3112683543152552,20,92,800,5,3,100,0.0,0,0.3,0.0,0.0,1.0,0.7,2.0,1.0,0.25,1.0,0.25
s1_2.0,0.9694446349953975,0.03831076619214314,1.0,1.0,-0.7975660118974313,21,93,800,5,3,100,0.0,0,0.3,0.0,0.0,1.0,0.7,2.0,1.0,0.25,1.0,0.25
s1_2.0,1.0178330687713388,0.036896876009032985,1.0,1.0,0.4833219150307737,22,94,800,5,3,100,0.0,0,0.3,0.0,0.0,1.0,0.7,2.0,1.0,0.25,1.0,0.25
s1_2.0,0.9542395484159057,0.03507106476577229,1.0,1.0,-1.3047921952102892,23,95,800,5,3,100,0.0,0,0.3,0.0,0.0,1.0,0.7,2.0,1.0,0.25,1.0,0.25
s1_2.0,0.9618063920033889,0.03834856198086299,1.0,1.0,-0.9959593273841865,24,96,800,5,3,100,0.0,0,0.3,0.0,0.0,1.0,0.7,2.0,1.0,0.25,1.0,0.25
s1_2.0,0.9767267947462748,0.035745626241486854,1.0,1.0,-0.6510784031729743,25,97,800,5,3,100,0.0,0,0.3,0.0,0.0,1.0,0.7,2.0,1.0,0.25,1.0,0.25
s1_2.0,1.030761453095787,0.03427575748637424,1.0,1.0,0.8974696797879852,26,98,800,5,3,100,0.0,0,0.3,0.0,0.0,1.0,0.7,2.0,1.0,0.25,1.0,0.25
s1_2.0,0.9926678262928437,0.03691956369555463,1.0,1.0,-0.19859860120825792,27,99,800,5,3,100,0.0,0,0.3,0.0,0.0,1.0,0.7,2.0,1.0,0.25,1.0,0.25
s1_2.0,0.9556414914990178,0.03494402258914967,1.0,1.0,-1.2694162038103707,28,100,800,5,3,100,0.0,0,0.3,0.0,0.0,1.0,0.7,2.0,1.0,0.25,1.0,0.25
s1_2.0,0.9810820270970526,0.033486006578898005,1.0,1.0,-0.5649515972701563,29,101,800,5,3,100,0.0,0,0.3,0.0,0.0,1.0,0.7,2.0,1.0,0.25,1.0,0.25
s1_2.0,1.021745571679817,0.0359858125528747,1.0,1.0,0.6042818026650287,30,102,800,5,3,100,0.0,0,0.3,0.0,0.0,1.0,0.7,2.0,1.0,0.25,1.0,0.25
s1_2.0,0.9873856391671018,0.03290074941915977,1.0,1.0,-0.38340648938386374,31,103,800,5,3,100,0.0,0,0.3,0.0,0.0,1.0,0.7,2.0,1.0,0.25,1.0,0.25
s1_2.0,0.9911813447553218,0.03430111555378538,1.0,1.0,-0.2570952898266591,32,104,800,5,3,100,0.0,0,0.3,0.0,0.0,1.0,0.7,2.0,1.0,0.25,1.0,0.25
s1_2.0,0.8991685879336399,0.03561134158933467,1.0,1.0,-2.8314409838622425,33,105,800,5,3,100,0.0,0,0.3,0.0,0.0,1.0,0.7,2.0,1.0,0.25,1.0,0.25
s1_2.0,0.9672882261840233,0.036121752085892106,1.0,1.0,-0.9055976503629444,34,106,800,5,3,100,0.0,0,0.3,0.0,0.0,1.0,0.7,2.0,1.0,0.25,1.0,0.25
s1_2.0,1.0251793856680136,0.03829417792965123,1.0,1.0,0.6575251651640015,35,107,800,5,3,100,0.0,0,0.3,0.0,0.0,1.0,0.7,2.0,1.0,0.25,1.0,0.25
s1_2.0,0.9353075599222088,0.037077034763952306,1.0,1.0,-1.7448115926651075,36,108,800,5,3,100,0.0,0,0.3,0.0,0.0,1.0,0.7,2.0,1.0,0.25,1.0,0.25
s1_2.0,0.9874866684393591,0.03673950794784493,1.0,1.0,-0.34059605747591254,37,109,800,5,3,100,0.0,0,0.3,0.0,0.0,1.0,0.7,2.0,1.0,0.25,1.0,0.25
s1_2.0,1.008007518396687,0.03533475617022951,1.0,1.0,0.2266187534480161,38,110,800,5,3,100,0.0,0,0.3,0.0,0.0,1.0,0.7,2.0,1.0,0.25,1.0,0.25
s1_2.0,0.8901742696520851,0.03696032614880932,1.0,1.0,-2.971449167026707,39,111,800,5,3,100,0.0,0,0.3,0.0,0.0,1.0,0.7,2.0,1.0,0.25,1.0,0.25
s1_2.0,0.9490580943280986,0.039011897229464784,1.0,1.0,-1.305804364557439,40,112,800,5,3,100,0.0,0,0.3,0.0,0.0,1.0,0.7,2.0,1.0,0.25,1.0,0.25
s1_2.0,0.9660192464249051,0.03502916442676203,1.0,1.0,-0.9700703437029129,41,113,800,5,3,100,0.0,0,0.3,0.0,0.0,1.0,0.7,2.0,1.0,0.25,1.0,0.25
s1_2.0,1.0077963027823214,0.03302356653464204,1.0,1.0,0.23608300375863261,42,114,800,5,3,100,0.0,0,0.3,0.0,0.0,1.0,0.7,2.0,1.0,0.25,1.0,0.25
s1_2.0,1.0382310414584104,0.03542949607684397,1.0,1.0,1.0790738139625262,43,115,800,5,3,100,0.0,0,0.3,0.0,0.0,1.0,0.7,2.0,1.0,0.25,1.0,0.25
s1_2.0,0.9753168620258851,0.034488151477014756,1.0,1.0,-0.7156990710437304,44,116,800,5,3,100,0.0,0,0.3,0.0,0.0,1.0,0.7,2.0,1.0,0.25,1.0,0.25
s1_2.0,0.9464055242419069,0.039056188087397144,1.0,1.0,-1.372240312806851,45,117,800,5,3,100,0.0,0,0.3,0.0,0.0,1.0,0.7,2.0,1.0,0.25,1.0,0.25
s1_2.0,0.9880111806370032,0.03571600833820868,1.0,1.0,-0.3356707515988355,46,118,800,5,3,100,0.0,0,0.3,0.0,0.0,1.0,0.7,2.0,1.0,0.25,1.0,0.25
s1_2.0,0.9907786081307373,0.039268113495586864,1.0,1.0,-0.23483154774672546,47,119,800,5,3,100,0.0,0,0.3,0.0,0.0,1.0,0.7,2.0,1.0,0.25,1.0,0.25
s1_2.0,0.9951576277674803,0.034451346503058984,1.0,1.0,-0.1405568351904547,48,120,800,5,3,100,0.0,0,0.3,0.0,0.0,1.0,0.7,2.0,1.0,0.25,1.0,0.25
s1_2.0,0.9563684520605975,0.03688179873917373,1.0,1.0,-1.1830103040245585,49,121,800,5,3,100,0.0,0,0.3,0.0,0.0,1.0,0.7,2.0,1.0,0.25,1.0,0.25
s1_2.0,1.057246803282321,0.035330169279130595,1.0,1.0,1.6203376448619649,50,122,800,5,3,100,0.0,0,0.3,0.0,0.0,1.0,0.7,2.0,1.0,0.25,1.0,0.25
s1_2.0,1.0466665231427321,0.03599195510898766,1.0,1.0,1.2965820556682925,51,123,800,5,3,100,0.0,0,0.3,0.0,0.0,1.0,0.7,2.0,1.0,0.25,1.0,0.25
s1_2.0,0.9091130309081711,0.035516647090146326,1.0,1.0,-2.5589963168861294,52,124,800,5,3,100,0.0,0,0.3,0.0,0.0,1.0,0.7,2.0,1.0,0.25,1.0,0.25
s1_2.0,1.0178721505911152,0.03502543355477154,1.0,1.0,0.5102620803584744,53,125,800,5,3,100,0.0,0,0.3,0.0,0.0,1.0,0.7,2.0,1.0,0.25,1.0,0.25
s1_2.0,1.005677818346077,0.036330018471190176,1.0,1.0,0.15628448828286684,54,126,800,5,3,100,0.0,0,0.3,0.0,0.0,1.0,0.7,2.0,1.0,0.25,1.0,0.25
s1_2.0,0.9417761373053805,0.03437562546071433,1.0,1.0,-1.6937542783377082,55,127,800,5,3,100,0.0,0,0.3,0.0,0.0,1.0,0.7,2.0,1.0,0.25,1.0,0.25
s1_2.0,0.9699848222289683,0.038375456992597576,1.0,1.0,-0.7821451553481554,56,128,800,5,3,100,0.0,0,0.3,0.0,0.0,1.0,0.7,2.0,1.0,0.25,1.0,0.25
s1_2.0,0.9882552216629483,0.035225113143555815,1.0,1.0,-0.3334205993657766,57,129,800,5,3,100,0.0,0,0.3,0.0,0.0,1.0,0.7,2.0,1.0,0.25,1.0,0.25
s1_2.0,0.971112503363122,0.03512411254953374,1.0,1.0,-0.8224406124464895,58,130,800,5,3,100,0.0,0,0.3,0.0,0.0,1.0,0.7,2.0,1.0,0.25,1.0,0.25
s1_2.0,1.0248558496620923,0.036433230223067485,1.0,1.0,0.68223019232467,59,131,800,5,3,100,0.0,0,0.3,0.0,0.0,1.0,0.7,2.0,1.0,0.25,1.0,0.25
s1_2.0,0.9377548106251756,0.03572581722661467,1.0,1.0,-1.7423027436991296,60,132,800,5,3,100,0.0,0,0.3,0.0,0.0,1.0,0.7,2.0,1.0,0.25,1.0,0.25
s1_2.0,0.9920979285482724,0.034294843447901166,1.0,1.0,-0.23041573184995,61,133,800,5,3,100,0.0,0,0.3,0.0,0.0,1.0,0.7,2.0,1.0,0.25,1.0,0.25
s1_2.0,0.9725525965082988,0.03519554171439579,1.0,1.0,-0.7798545541486733,62,134,800,5,3,100,0.0,0,0.3,0.0,0.0,1.0,0.7,2.0,1.0,0.25,1.0,0.25
s1_2.0,1.0049698120688295,0.03600821636019797,1.0,1.0,0.1380188348991078,63,135,800,5,3,100,0.0,0,0.3,0.0,0.0,1.0,0.7,2.0,1.0,0.25,1.0,0.25
s1_2.0,0.9907185189062174,0.038853388411835436,1.0,1.0,-0.2388847272572826,64,136,800,5,3,100,0.0,0,0.3,0.0,0.0,1.0,0.7,2.0,1.0,0.25,1.0,0.25
s1_2.0,0.9538642426530174,0.03609766599607831,1.0,1.0,-1.278081451360175,65,137,800,5,3,100,0.0,0,0.3,0.0,0.0,1.0,0.7,2.0,1.0,0.25,1.0,0.25
s1_2.0,0.9945059992647344,0.037803069901756636,1.0,1.0,-0.14533213174336218,66,138,800,5,3,100,0.0,0,0.3,0.0,0.0,1.0,0.7,2.0,1.0,0.25,1.0,0.25
s1_2.0,1.0004377108004356,0.03750488334963516,1.0,1.0,0.011670768213171905,67,139,800,5,3,100,0.0,0,0.3,0.0,0.0,1.0,0.7,2.0,1.0,0.25,1.0,0.25
s1_2.0,0.8962224932669173,0.03769800381073304,1.0,1.0,-2.7528647737983443,68,140,800,5,3,100,0.0,0,0.3,0.0,0.0,1.0,0.7,2.0,1.0,0.25,1.0,0.25
s1_2.0,1.0043568018605227,0.03609705185457292,1.0,1.0,0.12069688898903076,69,141,800,5,3,100,0.0,0,0.3,0.0,0.0,1.0,0.7,2.0,1.0,0.25,1.0,0.25
s1_2.0,0.9723513131433795,0.035266714280725565,1.0,1.0,-0.7839881718646924,70,142,800,5,3,100,0.0,0,0.3,0.0,0.0,1.0,0.7,2.0,1.0,0.25,1.0,0.25
s1_2.0,0.9141998929618548,0.038363219922489165,1.0,1.0,-2.236519958739119,71,143,800,5,3,100,0.0,0,0.3,0.0,0.0,1.0,0.7,2.0,1.0,0.25,1.0,0.25
s1_2.0,1.0145258567571718,0.03713918899388311,1.0,1.0,0.39111938495921944,72,144,800,5,3,100,0.0,0,0.3,0.0,0.0,1.0,0.7,2.0,1.0,0.25,1.0,0.25
s1_2.0,0.9560696537671679,0.03766089851243811,1.0,1.0,-1.1664710075444271,73,145,800,5,3,100,0.0,0,0.3,0.0,0.0,1.0,0.7,2.0,1.0,0.25,1.0,0.25
s1_2.0,1.0013093959117116,0.03457662114856999,1.0,1.0,0.0378694004276874,74,146,800,5,3,100,0.0,0,0.3,0.0,0.0,1.0,0.7,2.0,1.0,0.25,1.0,0.25
s1_2.0,1.0325573319823533,0.03495879909246206,1.0,1.0,0.9313057893162429,75,147,800,5,3,100,0.0,0,0.3,0.0,0.0,1.0,0.7,2.0,1.0,0.25,1.0,0.25
s1_2.0,0.9741313800583262,0.03705567201835662,1.0,1.0,-0.6981014925018495,76,148,800,5,3,100,0.0,0,0.3,0.0,0.0,1.0,0.7,2.0,1.0,0.25,1.0,0.25
s1_2.0,1.023865490275136,0.030964938882829297,1.0,1.0,0.7707262192714994,77,149,800,5,3,100,0.0,0,0.3,0.0,0.0,1.0,0.7,2.0,1.0,0.25,1.0,0.25
s1_2.0,0.9372471830622794,0.03972038454810193,1.0,1.0,-1.5798642850933653,78,150,800,5,3,100,0.0,0,0.3,0.0,0.0,1.0,0.7,2.0,1.0,0.25,1.0,0.25
s1_2.0,1.0067746498741659,0.03505639102345033,1.0,1.0,0.193250065862002,79,151,800,5,3,100,0.0,0,0.3,0.0,0.0,1.0,0.7,2.0,1.0,0.25,1.0,0.25
s1_2.0,1.0796676754470844,0.03395302399933489,1.0,1.0,2.346408833824199,80,152,800,5,3,100,0.0,0,0.3,0.0,0.0,1.0,0.7,2.0,1.0,0.25,1.0,0.25
s1_2.0,0.9594096947210945,0.03617232072849707,1.0,1.0,-1.122137160719353,81,153,800,5,3,100,0.0,0,0.3,0.0,0.0,1.0,0.7,2.0,1.0,0.25,1.0,0.25
s1_2.0,0.9541800042528245,0.03658031470175734,1.0,1.0,-1.2525861551698,82,154,800,5,3,100,0.0,0,0.3,0.0,0.0,1.0,0.7,2.0,1.0,0.25,1.0,0.25
s1_2.0,1.0651364274506139,0.03654973198003872,1.0,1.0,1.7821314664136936,83,155,800,5,3,100,0.0,0,0.3,0.0,0.0,1.0,0.7,2.0,1.0,0.25,1.0,0.25
s1_2.0,1.0147677369043788,0.03976985118559597,1.0,1.0,0.3713299513106419,84,156,800,5,3,100,0.0,0,0.3,0.0,0.0,1.0,0.7,2.0,1.0,0.25,1.0,0.25
s1_2.0,0.9572522516005258,0.0348069622419343,1.0,1.0,-1.2281378680031159,85,157,800,5,3,100,0.0,0,0.3,0.0,0.0,1.0,0.7,2.0,1.0,0.25,1.0,0.25
s1_2.0,0.9894428823055563,0.03767791644230019,1.0,1.0,-0.28019377638916954,86,158,800,5,3,100,0.0,0,0.3,0.0,0.0,1.0,0.7,2.0,1.0,0.25,1.0,0.25
s1_2.0,0.9980122321132006,0.03263433917628024,1.0,1.0,-0.060910315237644494,87,159,800,5,3,100,0.0,0,0.3,0.0,0.0,1.0,0.7,2.0,1.0,0.25,1.0,0.25
s1_2.0,0.9846850598692655,0.04002523285751813,1.0,1.0,-0.38263213071745705,88,160,800,5,3,100,0.0,0,0.3,0.0,0.0,1.0,0.7,2.0,1.0,0.25,1.0,0.25
s1_2.0,0.9679476854130126,0.03595196902266415,1.0,1.0,-0.891531547737528,89,161,800,5,3,100,0.0,0,0.3,0.0,0.0,1.0,0.7,2.0,1.0,0.25,1.0,0.25
s1_2.0,1.0264662522032255,0.03823804896326538,1.0,1.0,0.6921444195191856,90,162,800,5,3,100,0.0,0,0.3,0.0,0.0,1.0,0.7,2.0,1.0,0.25,1.0,0.25
s1_2.0,0.9917298947237185,0.03608702771921486,1.0,1.0,-0.22917113985195234,91,163,800,5,3,100,0.0,0,0.3,0.0,0.0,1.0,0.7,2.0,1.0,0.25,1.0,0.25
s1_2.0,0.9897064783722791,0.034396821892248394,1.0,1.0,-0.2992579273738261,92,164,800,5,3,100,0.0,0,0.3,0.0,0.0,1.0,0.7,2.0,1.0,0.25,1.0,0.25
s1_2.0,0.9931101328448254,0.03419727300878603,1.0,1.0,-0.20147416881470145,93,165,800,5,3,100,0.0,0,0.3,0.0,0.0,1.0,0.7,2.0,1.0,0.25,1.0,0.25
s1_2.0,0.9825301397949419,0.03660731612341034,1.0,1.0,-0.4772231907459117,94,166,800,5,3,100,0.0,0,0.3,0.0,0.0,1.0,0.7,2.0,1.0,0.25,1.0,0.25
s1_2.0,0.9847508598222448,0.03765808504361506,1.0,1.0,-0.404936686506866,95,167,800,5,3,100,0.0,0,0.3,0.0,0.0,1.0,0.7,2.0,1.0,0.25,1.0,0.25
s1_2.0,0.9549884975574889,0.03635110399294759,1.0,1.0,-1.2382430654992944,96,168,800,5,3,100,0.0,0,0.3,0.0,0.0,1.0,0.7,2.0,1.0,0.25,1.0,0.25
s1_2.0,1.0626917032903538,0.03329663827822699,1.0,1.0,1.8828238084127706,97,169,800,5,3,100,0.0,0,0.3,0.0,0.0,1.0,0.7,2.0,1.0,0.25,1.0,0.25
s1_2.0,0.9529328993059215,0.037215887618079965,1.0,1.0,-1.2647045040842362,98,170,800,5,3,100,0.0,0,0.3,0.0,0.0,1.0,0.7,2.0,1.0,0.25,1.0,0.25
s1_2.0,0.9645421999325522,0.0369627667586409,1.0,1.0,-0.959284252149732,99,171,800,5,3,100,0.0,0,0.3,0.0,0.0,1.0,0.7,2.0,1.0,0.25,1.0,0.25
ind_nl_mD,0.9539622308262409,0.037065699415357395,1.0,1.0,-1.2420585581796506,0,73,800,5,3,100,0.0,0,0.3,0.0,0.0,1.0,0.7,1.0,0.0,2.0,1.0,0.25
ind_nl_mD,0.9904031400377719,0.03481228417342402,1.0,1.0,-0.2756745266820057,1,74,800,5,3,100,0.0,0,0.3,0.0,0.0,1.0,0.7,1.0,0.0,2.0,1.0,0.25
ind_nl_mD,0.9792806576766061,0.03469555354427522,1.0,1.0,-0.5971757244614591,2,75,800,5,3,100,0.0,0,0.3,0.0,0.0,1.0,0.7,1.0,0.0,2.0,1.0,0.25
ind_nl_mD,0.973757913352889,0.03347200545650756,1.0,1.0,-0.7840010268045978,3,76,800,5,3,100,0.0,0,0.3,0.0,0.0,1.0,0.7,1.0,0.0,2.0,1.0,0.25
ind_nl_mD,1.0140568330075683,0.03673655426026288,1.0,1.0,0.3826388536056386,4,77,800,5,3,100,0.0,0,0.3,0.0,0.0,1.0,0.7,1.0,0.0,2.0,1.0,0.25
ind_nl_mD,1.0029775362820808,0.03552545093511564,1.0,1.0,0.08381417276078999,5,78,800,5,3,100,0.0,0,0.3,0.0,0.0,1.0,0.7,1.0,0.0,2.0,1.0,0.25
ind_nl_mD,1.0518939564258487,0.034521905047843075,1.0,1.0,1.503218213303412,6,79,800,5,3,100,0.0,0,0.3,0.0,0.0,1.0,0.7,1.0,0.0,2.0,1.0,0.25
ind_nl_mD,0.9951361947155716,0.035888710553853585,1.0,1.0,-0.13552465968733915,7,80,800,5,3,100,0.0,0,0.3,0.0,0.0,1.0,0.7,1.0,0.0,2.0,1.0,0.25
ind_nl_mD,0.9827163430921368,0.03291364108495344,1.0,1.0,-0.5251213885225364,8,81,800,5,3,100,0.0,0,0.3,0.0,0.0,1.0,0.7,1.0,0.0,2.0,1.0,0.25
ind_nl_mD,1.0002155624224875,0.03388371333815938,1.0,1.0,0.00636182995459308,9,82,800,5,3,100,0.0,0,0.3,0.0,0.0,1.0,0.7,1.0,0.0,2.0,1.0,0.25
ind_nl_mD,1.0230714875643276,0.03731118876819797,1.0,1.0,0.61835305510267,10,83,800,5,3,100,0.0,0,0.3,0.0,0.0,1.0,0.7,1.0,0.0,2.0,1.0,0.25
ind_nl_mD,0.9481319513556218,0.03423484531021179,1.0,1.0,-1.5150659561738018,11,84,800,5,3,100,0.0,0,0.3,0.0,0.0,1.0,0.7,1.0,0.0,2.0,1.0,0.25
ind_nl_mD,1.0416329296786795,0.03212417119910165,1.0,1.0,1.2960001184355456,12,85,800,5,3,100,0.0,0,0.3,0.0,0.0,1.0,0.7,1.0,0.0,2.0,1.0,0.25
ind_nl_mD,0.9990217093479115,0.03895923228491826,1.0,1.0,-0.025110624483923788,13,86,800,5,3,100,0.0,0,0.3,0.0,0.0,1.0,0.7,1.0,0.0,2.0,1.0,0.25
ind_nl_mD,0.9445315844983594,0.03810935662331133,1.0,1.0,-1.455506479679345,14,87,800,5,3,100,0.0,0,0.3,0.0,0.0,1.0,0.7,1.0,0.0,2.0,1.0,0.25
ind_nl_mD,0.9408478143588591,0.033188635166055844,1.0,1.0,-1.7823024461590284,15,88,800,5,3,100,0.0,0,0.3,0.0,0.0,1.0,0.7,1.0,0.0,2.0,1.0,0.25
ind_nl_mD,1.0258444595958804,0.03663839063483271,1.0,1.0,0.7053928720141354,16,89,800,5,3,100,0.0,0,0.3,0.0,0.0,1.0,0.7,1.0,0.0,2.0,1.0,0.25
ind_nl_mD,0.9763725925056758,0.03756321446361403,1.0,1.0,-0.6290038760450375,17,90,800,5,3,100,0.0,0,0.3,0.0,0.0,1.0,0.7,1.0,0.0,2.0,1.0,0.25
ind_nl_mD,0.8850381503844884,0.033892853031219236,1.0,1.0,-3.3919201050917263,18,91,800,5,3,100,0.0,0,0.3,0.0,0.0,1.0,0.7,1.0,0.0,2.0,1.0,0.25
ind_nl_mD,0.9885194344048988,0.03688317632017816,1.0,1.0,-0.3112683543152552,19,92,800,5,3,100,0.0,0,0.3,0.0,0.0,1.0,0.7,1.0,0.0,2.0,1.0,0.25
ind_nl_mD,0.9694446349953975,0.03831076619214314,1.0,1.0,-0.7975660118974313,20,93,800,5,3,100,0.0,0,0.3,0.0,0.0,1.0,0.7,1.0,0.0,2.0,1.0,0.25
ind_nl_mD,1.0178330687713388,0.036896876009032985,1.0,1.0,0.4833219150307737,21,94,800,5,3,100,0.0,0,0.3,0.0,0.0,1.0,0.7,1.0,0.0,2.0,1.0,0.25
ind_nl_mD,0.9542395484159053,0.03507106476577218,1.0,1.0,-1.3047921952103059,22,95,800,5,3,100,0.0,0,0.3,0.0,0.0,1.0,0.7,1.0,0.0,2.0,1.0,0.25
ind_nl_mD,0.9618063920033889,0.03834856198086299,1.0,1.0,-0.9959593273841865,23,96,800,5,3,100,0.0,0,0.3,0.0,0.0,1.0,0.7,1.0,0.0,2.0,1.0,0.25
ind_nl_mD,0.9767267947462748,0.035745626241486854,1.0,1.0,-0.6510784031729743,24,97,800,5,3,100,0.0,0,0.3,0.0,0.0,1.0,0.7,1.0,0.0,2.0,1.0,0.25
ind_nl_mD,1.030761453095787,0.03427575748637424,1.0,1.0,0.8974696797879852,25,98,800,5,3,100,0.0,0,0.3,0.0,0.0,1.0,0.7,1.0,0.0,2.0,1.0,0.25
ind_nl_mD,0.9926678262928437,0.03691956369555463,1.0,1.0,-0.19859860120825792,26,99,800,5,3,100,0.0,0,0.3,0.0,0.0,1.0,0.7,1.0,0.0,2.0,1.0,0.25
ind_nl_mD,0.955641491499018,0.03494402258914967,1.0,1.0,-1.2694162038103645,27,100,800,5,3,100,0.0,0,0.3,0.0,0.0,1.0,0.7,1.0,0.0,2.0,1.0,0.25
ind_nl_mD,0.9810820270970526,0.033486006578898005,1.0,1.0,-0.5649515972701563,28,101,800,5,3,100,0.0,0,0.3,0.0,0.0,1.0,0.7,1.0,0.0,2.0,1.0,0.25
ind_nl_mD,1.021745571679817,0.0359858125528747,1.0,1.0,0.6042818026650287,29,102,800,5,3,100,0.0,0,0.3,0.0,0.0,1.0,0.7,1.0,0.0,2.0,1.0,0.25
ind_nl_mD,0.9873856391671018,0.03290074941915977,1.0,1.0,-0.38340648938386374,30,103,800,5,3,100,0.0,0,0.3,0.0,0.0,1.0,0.7,1.0,0.0,2.0,1.0,0.25
ind_nl_mD,0.9911813447553222,0.03430111555378532,1.0,1.0,-0.25709528982664975,31,104,800,5,3,100,0.0,0,0.3,0.0,0.0,1.0,0.7,1.0,0.0,2.0,1.0,0.25
ind_nl_mD,0.8991685879336397,0.03561134158933467,1.0,1.0,-2.8314409838622456,32,105,800,5,3,100,0.0,0,0.3,0.0,0.0,1.0,0.7,1.0,0.0,2.0,1.0,0.25
ind_nl_mD,0.9672882261840233,0.036121752085892106,1.0,1.0,-0.9055976503629444,33,106,800,5,3,100,0.0,0,0.3,0.0,0.0,1.0,0.7,1.0,0.0,2.0,1.0,0.25
ind_nl_mD,1.0251793856680134,0.03829417792965123,1.0,1.0,0.6575251651639957,34,107,800,5,3,100,0.0,0,0.3,0.0,0.0,1.0,0.7,1.0,0.0,2.0,1.0,0.25
ind_nl_mD,0.9353075599222088,0.037077034763952306,1.0,1.0,-1.7448115926651075,35,108,800,5,3,100,0.0,0,0.3,0.0,0.0,1.0,0.7,1.0,0.0,2.0,1.0,0.25
ind_nl_mD,0.9874866684393591,0.03673950794784493,1.0,1.0,-0.34059605747591254,36,109,800,5,3,100,0.0,0,0.3,0.0,0.0,1.0,0.7,1.0,0.0,2.0,1.0,0.25
ind_nl_mD,1.0080075183966872,0.03533475617022951,1.0,1.0,0.2266187534480224,37,110,800,5,3,100,0.0,0,0.3,0.0,0.0,1.0,0.7,1.0,0.0,2.0,1.0,0.25
ind_nl_mD,0.8901742696520851,0.03696032614880932,1.0,1.0,-2.971449167026707,38,111,800,5,3,100,0.0,0,0.3,0.0,0.0,1.0,0.7,1.0,0.0,2.0,1.0,0.25
ind_nl_mD,0.9490580943280984,0.039011897229464784,1.0,1.0,-1.3058043645574446,39,112,800,5,3,100,0.0,0,0.3,0.0,0.0,1.0,0.7,1.0,0.0,2.0,1.0,0.25
ind_nl_mD,0.9660192464249051,0.03502916442676203,1.0,1.0,-0.9700703437029129,40,113,800,5,3,100,0.0,0,0.3,0.0,0.0,1.0,0.7,1.0,0.0,2.0,1.0,0.25
ind_nl_mD,1.0077963027823214,0.03302356653464204,1.0,1.0,0.23608300375863261,41,114,800,5,3,100,0.0,0,0.3,0.0,0.0,1.0,0.7,1.0,0.0,2.0,1.0,0.25
ind_nl_mD,1.0382310414584102,0.03542949607684397,1.0,1.0,1.07907381396252,42,115,800,5,3,100,0.0,0,0.3,0.0,0.0,1.0,0.7,1.0,0.0,2.0,1.0,0.25
ind_nl_mD,0.9753168620258851,0.034488151477014756,1.0,1.0,-0.7156990710437304,43,116,800,5,3,100,0.0,0,0.3,0.0,0.0,1.0,0.7,1.0,0.0,2.0,1.0,0.25
ind_nl_mD,0.9464055242419069,0.039056188087397144,1.0,1.0,-1.372240312806851,44,117,800,5,3,100,0.0,0,0.3,0.0,0.0,1.0,0.7,1.0,0.0,2.0,1.0,0.25
ind_nl_mD,0.988011180637003,0.03571600833820868,1.0,1.0,-0.33567075159884174,45,118,800,5,3,100,0.0,0,0.3,0.0,0.0,1.0,0.7,1.0,0.0,2.0,1.0,0.25
ind_nl_mD,0.9907786081307373,0.039268113495586864,1.0,1.0,-0.23483154774672546,46,119,800,5,3,100,0.0,0,0.3,0.0,0.0,1.0,0.7,1.0,0.0,2.0,1.0,0.25
ind_nl_mD,0.9951576277674802,0.03445134650305892,1.0,1.0,-0.14055683519045817,47,120,800,5,3,100,0.0,0,0.3,0.0,0.0,1.0,0.7,1.0,0.0,2.0,1.0,0.25
ind_nl_mD,0.9563684520605975,0.03688179873917373,1.0,1.0,-1.1830103040245585,48,121,800,5,3,100,0.0,0,0.3,0.0,0.0,1.0,0.7,1.0,0.0,2.0,1.0,0.25
ind_nl_mD,1.057246803282321,0.035330169279130595,1.0,1.0,1.6203376448619649,49,122,800,5,3,100,0.0,0,0.3,0.0,0.0,1.0,0.7,1.0,0.0,2.0,1.0,0.25
ind_nl_mD,1.046666523142732,0.03599195510898766,1.0,1.0,1.2965820556682863,50,123,800,5,3,100,0.0,0,0.3,0.0,0.0,1.0,0.7,1.0,0.0,2.0,1.0,0.25
ind_nl_mD,0.9091130309081713,0.035516647090146326,1.0,1.0,-2.558996316886123,51,124,800,5,3,100,0.0,0,0.3,0.0,0.0,1.0,0.7,1.0,0.0,2.0,1.0,0.25
ind_nl_mD,1.017872150591115,0.03502543355477154,1.0,1.0,0.5102620803584681,52,125,800,5,3,100,0.0,0,0.3,0.0,0.0,1.0,0.7,1.0,0.0,2.0,1.0,0.25
ind_nl_mD,1.005677818346077,0.036330018471190176,1.0,1.0,0.15628448828286684,53,126,800,5,3,100,0.0,0,0.3,0.0,0.0,1.0,0.7,1.0,0.0,2.0,1.0,0.25
ind_nl_mD,0.9417761373053805,0.03437562546071433,1.0,1.0,-1.6937542783377082,54,127,800,5,3,100,0.0,0,0.3,0.0,0.0,1.0,0.7,1.0,0.0,2.0,1.0,0.25
ind_nl_mD,0.9699848222289683,0.038375456992597576,1.0,1.0,-0.7821451553481554,55,128,800,5,3,100,0.0,0,0.3,0.0,0.0,1.0,0.7,1.0,0.0,2.0,1.0,0.25
ind_nl_mD,0.9882552216629483,0.035225113143555815,1.0,1.0,-0.3334205993657766,56,129,800,5,3,100,0.0,0,0.3,0.0,0.0,1.0,0.7,1.0,0.0,2.0,1.0,0.25
ind_nl_mD,0.971112503363122,0.03512411254953374,1.0,1.0,-0.8224406124464895,57,130,800,5,3,100,0.0,0,0.3,0.0,0.0,1.0,0.7,1.0,0.0,2.0,1.0,0.25
ind_nl_mD,1.0248558496620925,0.036433230223067485,1.0,1.0,0.6822301923246761,58,131,800,5,3,100,0.0,0,0.3,0.0,0.0,1.0,0.7,1.0,0.0,2.0,1.0,0.25
ind_nl_mD,0.9377548106251757,0.03572581722661473,1.0,1.0,-1.7423027436991239,59,132,800,5,3,100,0.0,0,0.3,0.0,0.0,1.0,0.7,1.0,0.0,2.0,1.0,0.25
ind_nl_mD,0.9920979285482724,0.034294843447901166,1.0,1.0,-0.23041573184995,60,133,800,5,3,100,0.0,0,0.3,0.0,0.0,1.0,0.7,1.0,0.0,2.0,1.0,0.25
ind_nl_mD,0.9725525965082988,0.03519554171439579,1.0,1.0,-0.7798545541486733,61,134,800,5,3,100,0.0,0,0.3,0.0,0.0,1.0,0.7,1.0,0.0,2.0,1.0,0.25
ind_nl_mD,1.0049698120688295,0.03600821636019797,1.0,1.0,0.1380188348991078,62,135,800,5,3,100,0.0,0,0.3,0.0,0.0,1.0,0.7,1.0,0.0,2.0,1.0,0.25
ind_nl_mD,0.9907185189062174,0.038853388411835436,1.0,1.0,-0.2388847272572826,63,136,800,5,3,100,0.0,0,0.3,0.0,0.0,1.0,0.7,1.0,0.0,2.0,1.0,0.25
ind_nl_mD,0.9538642426530174,0.03609766599607831,1.0,1.0,-1.278081451360175,64,137,800,5,3,100,0.0,0,0.3,0.0,0.0,1.0,0.7,1.0,0.0,2.0,1.0,0.25
ind_nl_mD,0.9945059992647344,0.037803069901756636,1.0,1.0,-0.14533213174336218,65,138,800,5,3,100,0.0,0,0.3,0.0,0.0,1.0,0.7,1.0,0.0,2.0,1.0,0.25
ind_nl_mD,1.0004377108004359,0.03750488334963516,1.0,1.0,0.011670768213177826,66,139,800,5,3,100,0.0,0,0.3,0.0,0.0,1.0,0.7,1.0,0.0,2.0,1.0,0.25
ind_nl_mD,0.8962224932669173,0.03769800381073304,1.0,1.0,-2.7528647737983443,67,140,800,5,3,100,0.0,0,0.3,0.0,0.0,1.0,0.7,1.0,0.0,2.0,1.0,0.25
ind_nl_mD,1.0043568018605227,0.03609705185457292,1.0,1.0,0.12069688898903076,68,141,800,5,3,100,0.0,0,0.3,0.0,0.0,1.0,0.7,1.0,0.0,2.0,1.0,0.25
ind_nl_mD,0.9723513131433795,0.035266714280725565,1.0,1.0,-0.7839881718646924,69,142,800,5,3,100,0.0,0,0.3,0.0,0.0,1.0,0.7,1.0,0.0,2.0,1.0,0.25
ind_nl_mD,0.9141998929618548,0.038363219922489165,1.0,1.0,-2.236519958739119,70,143,800,5,3,100,0.0,0,0.3,0.0,0.0,1.0,0.7,1.0,0.0,2.0,1.0,0.25
ind_nl_mD,1.0145258567571718,0.03713918899388311,1.0,1.0,0.39111938495921944,71,144,800,5,3,100,0.0,0,0.3,0.0,0.0,1.0,0.7,1.0,0.0,2.0,1.0,0.25
ind_nl_mD,0.9560696537671678,0.037660898512438055,1.0,1.0,-1.1664710075444318,72,145,800,5,3,100,0.0,0,0.3,0.0,0.0,1.0,0.7,1.0,0.0,2.0,1.0,0.25
ind_nl_mD,1.0013093959117116,0.03457662114856999,1.0,1.0,0.0378694004276874,73,146,800,5,3,100,0.0,0,0.3,0.0,0.0,1.0,0.7,1.0,0.0,2.0,1.0,0.25
ind_nl_mD,1.0325573319823533,0.03495879909246206,1.0,1.0,0.9313057893162429,74,147,800,5,3,100,0.0,0,0.3,0.0,0.0,1.0,0.7,1.0,0.0,2.0,1.0,0.25
ind_nl_mD,0.9741313800583262,0.03705567201835662,1.0,1.0,-0.6981014925018495,75,148,800,5,3,100,0.0,0,0.3,0.0,0.0,1.0,0.7,1.0,0.0,2.0,1.0,0.25
ind_nl_mD,1.023865490275136,0.030964938882829297,1.0,1.0,0.7707262192714994,76,149,800,5,3,100,0.0,0,0.3,0.0,0.0,1.0,0.7,1.0,0.0,2.0,1.0,0.25
ind_nl_mD,0.9372471830622792,0.03972038454810193,1.0,1.0,-1.579864285093371,77,150,800,5,3,100,0.0,0,0.3,0.0,0.0,1.0,0.7,1.0,0.0,2.0,1.0,0.25
ind_nl_mD,1.0067746498741659,0.03505639102345033,1.0,1.0,0.193250065862002,78,151,800,5,3,100,0.0,0,0.3,0.0,0.0,1.0,0.7,1.0,0.0,2.0,1.0,0.25
ind_nl_mD,1.0796676754470844,0.03395302399933489,1.0,1.0,2.346408833824199,79,152,800,5,3,100,0.0,0,0.3,0.0,0.0,1.0,0.7,1.0,0.0,2.0,1.0,0.25
ind_nl_mD,0.9594096947210947,0.03617232072849707,1.0,1.0,-1.1221371607193469,80,153,800,5,3,100,0.0,0,0.3,0.0,0.0,1.0,0.7,1.0,0.0,2.0,1.0,0.25
ind_nl_mD,0.9541800042528245,0.03658031470175734,1.0,1.0,-1.2525861551698,81,154,800,5,3,100,0.0,0,0.3,0.0,0.0,1.0,0.7,1.0,0.0,2.0,1.0,0.25
ind_nl_mD,1.0651364274506139,0.03654973198003872,1.0,1.0,1.7821314664136936,82,155,800,5,3,100,0.0,0,0.3,0.0,0.0,1.0,0.7,1.0,0.0,2.0,1.0,0.25
ind_nl_mD,1.0147677369043788,0.03976985118559597,1.0,1.0,0.3713299513106419,83,156,800,5,3,100,0.0,0,0.3,0.0,0.0,1.0,0.7,1.0,0.0,2.0,1.0,0.25
ind_nl_mD,0.9572522516005258,0.0348069622419343,1.0,1.0,-1.2281378680031159,84,157,800,5,3,100,0.0,0,0.3,0.0,0.0,1.0,0.7,1.0,0.0,2.0,1.0,0.25
ind_nl_mD,0.9894428823055561,0.03767791644230019,1.0,1.0,-0.2801937763891755,85,158,800,5,3,100,0.0,0,0.3,0.0,0.0,1.0,0.7,1.0,0.0,2.0,1.0,0.25
ind_nl_mD,0.9980122321132003,0.03263433917628024,1.0,1.0,-0.060910315237651294,86,159,800,5,3,100,0.0,0,0.3,0.0,0.0,1.0,0.7,1.0,0.0,2.0,1.0,0.25
ind_nl_mD,0.9846850598692655,0.04002523285751813,1.0,1.0,-0.38263213071745705,87,160,800,5,3,100,0.0,0,0.3,0.0,0.0,1.0,0.7,1.0,0.0,2.0,1.0,0.25
ind_nl_mD,0.9679476854130126,0.03595196902266415,1.0,1.0,-0.891531547737528,88,161,800,5,3,100,0.0,0,0.3,0.0,0.0,1.0,0.7,1.0,0.0,2.0,1.0,0.25
ind_nl_mD,1.0264662522032255,0.03823804896326538,1.0,1.0,0.6921444195191856,89,162,800,5,3,100,0.0,0,0.3,0.0,0.0,1.0,0.7,1.0,0.0,2.0,1.0,0.25
ind_nl_mD,0.9917298947237185,0.03608702771921486,1.0,1.0,-0.22917113985195234,90,163,800,5,3,100,0.0,0,0.3,0.0,0.0,1.0,0.7,1.0,0.0,2.0,1.0,0.25
ind_nl_mD,0.9897064783722791,0.034396821892248394,1.0,1.0,-0.2992579273738261,91,164,800,5,3,100,0.0,0,0.3,0.0,0.0,1.0,0.7,1.0,0.0,2.0,1.0,0.25
ind_nl_mD,0.9931101328448253,0.03419727300878608,1.0,1.0,-0.20147416881470437,92,165,800,5,3,100,0.0,0,0.3,0.0,0.0,1.0,0.7,1.0,0.0,2.0,1.0,0.25
ind_nl_mD,0.9825301397949416,0.03660731612341023,1.0,1.0,-0.47722319074591923,93,166,800,5,3,100,0.0,0,0.3,0.0,0.0,1.0,0.7,1.0,0.0,2.0,1.0,0.25
ind_nl_mD,0.9847508598222445,0.03765808504361506,1.0,1.0,-0.40493668650687187,94,167,800,5,3,100,0.0,0,0.3,0.0,0.0,1.0,0.7,1.0,0.0,2.0,1.0,0.25
ind_nl_mD,0.9549884975574889,0.03635110399294759,1.0,1.0,-1.2382430654992944,95,168,800,5,3,100,0.0,0,0.3,0.0,0.0,1.0,0.7,1.0,0.0,2.0,1.0,0.25
ind_nl_mD,1.062691703290354,0.03329663827822699,1.0,1.0,1.8828238084127773,96,169,800,5,3,100,0.0,0,0.3,0.0,0.0,1.0,0.7,1.0,0.0,2.0,1.0,0.25
ind_nl_mD,0.9529328993059217,0.037215887618079965,1.0,1.0,-1.2647045040842302,97,170,800,5,3,100,0.0,0,0.3,0.0,0.0,1.0,0.7,1.0,0.0,2.0,1.0,0.25
ind_nl_mD,0.9645421999325522,0.0369627667586409,1.0,1.0,-0.959284252149732,98,171,800,5,3,100,0.0,0,0.3,0.0,0.0,1.0,0.7,1.0,0.0,2.0,1.0,0.25
ind_nl_mD,0.9746274654444455,0.033831876953954225,1.0,1.0,-0.7499594122456467,99,172,800,5,3,100,0.0,0,0.3,0.0,0.0,1.0,0.7,1.0,0.0,2.0,1.0,0.25
ind_nl_mY,0.9904031400377719,0.03481228417342402,1.0,1.0,-0.2756745266820057,0,74,800,5,3,100,0.0,0,0.3,0.0,0.0,1.0,0.7,1.0,1.0,0.25,2.0,0.0
ind_nl_mY,0.9792806576766062,0.034695553544275164,1.0,1.0,-0.5971757244614568,1,75,800,5,3,100,0.0,0,0.3,0.0,0.0,1.0,0.7,1.0,1.0,0.25,2.0,0.0
ind_nl_mY,0.973757913352889,0.03347200545650756,1.0,1.0,-0.7840010268045978,2,76,800,5,3,100,0.0,0,0.3,0.0,0.0,1.0,0.7,1.0,1.0,0.25,2.0,0.0
ind_nl_mY,1.0140568330075683,0.03673655426026288,1.0,1.0,0.3826388536056386,3,77,800,5,3,100,0.0,0,0.3,0.0,0.0,1.0,0.7,1.0,1.0,0.25,2.0,0.0
ind_nl_mY,1.0029775362820805,0.03552545093511564,1.0,1.0,0.08381417276078375,4,78,800,5,3,100,0.0,0,0.3,0.0,0.0,1.0,0.7,1.0,1.0,0.25,2.0,0.0
ind_nl_mY,1.0518939564258487,0.034521905047843075,1.0,1.0,1.503218213303412,5,79,800,5,3,100,0.0,0,0.3,0.0,0.0,1.0,0.7,1.0,1.0,0.25,2.0,0.0
ind_nl_mY,0.9951361947155714,0.035888710553853585,1.0,1.0,-0.13552465968734534,6,80,800,5,3,100,0.0,0,0.3,0.0,0.0,1.0,0.7,1.0,1.0,0.25,2.0,0.0
ind_nl_mY,0.982716343092137,0.032913641084953385,1.0,1.0,-0.525121388522534,7,81,800,5,3,100,0.0,0,0.3,0.0,0.0,1.0,0.7,1.0,1.0,0.25,2.0,0.0
ind_nl_mY,1.0002155624224875,0.03388371333815938,1.0,1.0,0.00636182995459308,8,82,800,5,3,100,0.0,0,0.3,0.0,0.0,1.0,0.7,1.0,1.0,0.25,2.0,0.0
ind_nl_mY,1.023071487564328,0.03731118876819797,1.0,1.0,0.6183530551026819,9,83,800,5,3,100,0.0,0,0.3,0.0,0.0,1.0,0.7,1.0,1.0,0.25,2.0,0.0
ind_nl_mY,0.9481319513556218,0.03423484531021179,1.0,1.0,-1.5150659561738018,10,84,800,5,3,100,0.0,0,0.3,0.0,0.0,1.0,0.7,1.0,1.0,0.25,2.0,0.0
ind_nl_mY,1.0416329296786795,0.03212417119910165,1.0,1.0,1.2960001184355456,11,85,800,5,3,100,0.0,0,0.3,0.0,0.0,1.0,0.7,1.0,1.0,0.25,2.0,0.0
ind_nl_mY,0.9990217093479116,0.038959232284918204,1.0,1.0,-0.025110624483920974,12,86,800,5,3,100,0.0,0,0.3,0.0,0.0,1.0,0.7,1.0,1.0,0.25,2.0,0.0
ind_nl_mY,0.9445315844983594,0.03810935662331133,1.0,1.0,-1.455506479679345,13,87,800,5,3,100,0.0,0,0.3,0.0,0.0,1.0,0.7,1.0,1.0,0.25,2.0,0.0
ind_nl_mY,0.940847814358859,0.0331886351660559,1.0,1.0,-1.7823024461590289,14,88,800,5,3,100,0.0,0,0.3,0.0,0.0,1.0,0.7,1.0,1.0,0.25,2.0,0.0
ind_nl_mY,1.0258444595958804,0.03663839063483271,1.0,1.0,0.7053928720141354,15,89,800,5,3,100,0.0,0,0.3,0.0,0.0,1.0,0.7,1.0,1.0,0.25,2.0,0.0
ind_nl_mY,0.9763725925056758,0.03756321446361403,1.0,1.0,-0.6290038760450375,16,90,800,5,3,100,0.0,0,0.3,0.0,0.0,1.0,0.7,1.0,1.0,0.25,2.0,0.0
ind_nl_mY,0.8850381503844882,0.033892853031219236,1.0,1.0,-3.391920105091733,17,91,800,5,3,100,0.0,0,0.3,0.0,0.0,1.0,0.7,1.0,1.0,0.25,2.0,0.0
ind_nl_mY,0.988519434404899,0.03688317632017816,1.0,1.0,-0.31126835431524913,18,92,800,5,3,100,0.0,0,0.3,0.0,0.0,1.0,0.7,1.0,1.0,0.25,2.0,0.0
ind_nl_mY,0.9694446349953972,0.03831076619214314,1.0,1.0,-0.797566011897437,19,93,800,5,3,100,0.0,0,0.3,0.0,0.0,1.0,0.7,1.0,1.0,0.25,2.0,0.0
ind_nl_mY,1.017833068771339,0.036896876009032985,1.0,1.0,0.48332191503077976,20,94,800,5,3,100,0.0,0,0.3,0.0,0.0,1.0,0.7,1.0,1.0,0.25,2.0,0.0
ind_nl_mY,0.9542395484159055,0.03507106476577218,1.0,1.0,-1.3047921952102997,21,95,800,5,3,100,0.0,0,0.3,0.0,0.0,1.0,0.7,1.0,1.0,0.25,2.0,0.0
ind_nl_mY,0.9618063920033889,0.03834856198086299,1.0,1.0,-0.9959593273841865,22,96,800,5,3,100,0.0,0,0.3,0.0,0.0,1.0,0.7,1.0,1.0,0.25,2.0,0.0
ind_nl_mY,0.9767267947462748,0.035745626241486854,1.0,1.0,-0.6510784031729743,23,97,800,5,3,100,0.0,0,0.3,0.0,0.0,1.0,0.7,1.0,1.0,0.25,2.0,0.0
ind_nl_mY,1.030761453095787,0.03427575748637424,1.0,1.0,0.8974696797879852,24,98,800,5,3,100,0.0,0,0.3,0.0,0.0,1.0,0.7,1.0,1.0,0.25,2.0,0.0
ind_nl_mY,0.9926678262928437,0.03691956369555463,1.0,1.0,-0.19859860120825792,25,99,800,5,3,100,0.0,0,0.3,0.0,0.0,1.0,0.7,1.0,1.0,0.25,2.0,0.0
ind_nl_mY,0.9556414914990178,0.03494402258914967,1.0,1.0,-1.2694162038103707,26,100,800,5,3,100,0.0,0,0.3,0.0,0.0,1.0,0.7,1.0,1.0,0.25,2.0,0.0
ind_nl_mY,0.9810820270970526,0.033486006578898005,1.0,1.0,-0.5649515972701563,27,101,800,5,3,100,0.0,0,0.3,0.0,0.0,1.0,0.7,1.0,1.0,0.25,2.0,0.0
ind_nl_mY,1.021745571679817,0.0359858125528747,1.0,1.0,0.6042818026650287,28,102,800,5,3,100,0.0,0,0.3,0.0,0.0,1.0,0.7,1.0,1.0,0.25,2.0,0.0
ind_nl_mY,0.9873856391671018,0.03290074941915977,1.0,1.0,-0.38340648938386374,29,103,800,5,3,100,0.0,0,0.3,0.0,0.0,1.0,0.7,1.0,1.0,0.25,2.0,0.0
ind_nl_mY,0.9911813447553218,0.03430111555378538,1.0,1.0,-0.2570952898266591,30,104,800,5,3,100,0.0,0,0.3,0.0,0.0,1.0,0.7,1.0,1.0,0.25,2.0,0.0
ind_nl_mY,0.8991685879336397,0.03561134158933467,1.0,1.0,-2.8314409838622456,31,105,800,5,3,100,0.0,0,0.3,0.0,0.0,1.0,0.7,1.0,1.0,0.25,2.0,0.0
ind_nl_mY,0.9672882261840233,0.036121752085892106,1.0,1.0,-0.9055976503629444,32,106,800,5,3,100,0.0,0,0.3,0.0,0.0,1.0,0.7,1.0,1.0,0.25,2.0,0.0
ind_nl_mY,1.0251793856680134,0.03829417792965123,1.0,1.0,0.6575251651639957,33,107,800,5,3,100,0.0,0,0.3,0.0,0.0,1.0,0.7,1.0,1.0,0.25,2.0,0.0
ind_nl_mY,0.9353075599222088,0.037077034763952306,1.0,1.0,-1.7448115926651075,34,108,800,5,3,100,0.0,0,0.3,0.0,0.0,1.0,0.7,1.0,1.0,0.25,2.0,0.0
ind_nl_mY,0.9874866684393591,0.03673950794784493,1.0,1.0,-0.34059605747591254,35,109,800,5,3,100,0.0,0,0.3,0.0,0.0,1.0,0.7,1.0,1.0,0.25,2.0,0.0
ind_nl_mY,1.0080075183966868,0.03533475617022951,1.0,1.0,0.22661875344800983,36,110,800,5,3,100,0.0,0,0.3,0.0,0.0,1.0,0.7,1.0,1.0,0.25,2.0,0.0
ind_nl_mY,0.8901742696520851,0.03696032614880932,1.0,1.0,-2.971449167026707,37,111,800,5,3,100,0.0,0,0.3,0.0,0.0,1.0,0.7,1.0,1.0,0.25,2.0,0.0
ind_nl_mY,0.9490580943280986,0.039011897229464784,1.0,1.0,-1.305804364557439,38,112,800,5,3,100,0.0,0,0.3,0.0,0.0,1.0,0.7,1.0,1.0,0.25,2.0,0.0
ind_nl_mY,0.9660192464249051,0.03502916442676203,1.0,1.0,-0.9700703437029129,39,113,800,5,3,100,0.0,0,0.3,0.0,0.0,1.0,0.7,1.0,1.0,0.25,2.0,0.0
ind_nl_mY,1.0077963027823216,0.03302356653464204,1.0,1.0,0.23608300375863933,40,114,800,5,3,100,0.0,0,0.3,0.0,0.0,1.0,0.7,1.0,1.0,0.25,2.0,0.0
ind_nl_mY,1.0382310414584104,0.03542949607684397,1.0,1.0,1.0790738139625262,41,115,800,5,3,100,0.0,0,0.3,0.0,0.0,1.0,0.7,1.0,1.0,0.25,2.0,0.0
ind_nl_mY,0.9753168620258851,0.034488151477014756,1.0,1.0,-0.7156990710437304,42,116,800,5,3,100,0.0,0,0.3,0.0,0.0,1.0,0.7,1.0,1.0,0.25,2.0,0.0
ind_nl_mY,0.9464055242419069,0.039056188087397144,1.0,1.0,-1.372240312806851,43,117,800,5,3,100,0.0,0,0.3,0.0,0.0,1.0,0.7,1.0,1.0,0.25,2.0,0.0
ind_nl_mY,0.9880111806370032,0.03571600833820868,1.0,1.0,-0.3356707515988355,44,118,800,5,3,100,0.0,0,0.3,0.0,0.0,1.0,0.7,1.0,1.0,0.25,2.0,0.0
ind_nl_mY,0.9907786081307373,0.039268113495586864,1.0,1.0,-0.23483154774672546,45,119,800,5,3,100,0.0,0,0.3,0.0,0.0,1.0,0.7,1.0,1.0,0.25,2.0,0.0
ind_nl_mY,0.9951576277674802,0.03445134650305892,1.0,1.0,-0.14055683519045817,46,120,800,5,3,100,0.0,0,0.3,0.0,0.0,1.0,0.7,1.0,1.0,0.25,2.0,0.0
ind_nl_mY,0.9563684520605975,0.03688179873917373,1.0,1.0,-1.1830103040245585,47,121,800,5,3,100,0.0,0,0.3,0.0,0.0,1.0,0.7,1.0,1.0,0.25,2.0,0.0
ind_nl_mY,1.057246803282321,0.035330169279130595,1.0,1.0,1.6203376448619649,48,122,800,5,3,100,0.0,0,0.3,0.0,0.0,1.0,0.7,1.0,1.0,0.25,2.0,0.0
ind_nl_mY,1.046666523142732,0.03599195510898766,1.0,1.0,1.2965820556682863,49,123,800,5,3,100,0.0,0,0.3,0.0,0.0,1.0,0.7,1.0,1.0,0.25,2.0,0.0
ind_nl_mY,0.9091130309081711,0.035516647090146326,1.0,1.0,-2.5589963168861294,50,124,800,5,3,100,0.0,0,0.3,0.0,0.0,1.0,0.7,1.0,1.0,0.25,2.0,0.0
ind_nl_mY,1.0178721505911152,0.03502543355477154,1.0,1.0,0.5102620803584744,51,125,800,5,3,100,0.0,0,0.3,0.0,0.0,1.0,0.7,1.0,1.0,0.25,2.0,0.0
ind_nl_mY,1.005677818346077,0.036330018471190176,1.0,1.0,0.15628448828286684,52,126,800,5,3,100,0.0,0,0.3,0.0,0.0,1.0,0.7,1.0,1.0,0.25,2.0,0.0
ind_nl_mY,0.9417761373053805,0.03437562546071433,1.0,1.0,-1.6937542783377082,53,127,800,5,3,100,0.0,0,0.3,0.0,0.0,1.0,0.7,1.0,1.0,0.25,2.0,0.0
ind_nl_mY,0.9699848222289683,0.038375456992597576,1.0,1.0,-0.7821451553481554,54,128,800,5,3,100,0.0,0,0.3,0.0,0.0,1.0,0.7,1.0,1.0,0.25,2.0,0.0
ind_nl_mY,0.9882552216629481,0.035225113143555704,1.0,1.0,-0.33342059936578394,55,129,800,5,3,100,0.0,0,0.3,0.0,0.0,1.0,0.7,1.0,1.0,0.25,2.0,0.0
ind_nl_mY,0.971112503363122,0.03512411254953374,1.0,1.0,-0.8224406124464895,56,130,800,5,3,100,0.0,0,0.3,0.0,0.0,1.0,0.7,1.0,1.0,0.25,2.0,0.0
ind_nl_mY,1.0248558496620923,0.036433230223067485,1.0,1.0,0.68223019232467,57,131,800,5,3,100,0.0,0,0.3,0.0,0.0,1.0,0.7,1.0,1.0,0.25,2.0,0.0
ind_nl_mY,0.9377548106251756,0.03572581722661467,1.0,1.0,-1.7423027436991296,58,132,800,5,3,100,0.0,0,0.3,0.0,0.0,1.0,0.7,1.0,1.0,0.25,2.0,0.0
ind_nl_mY,0.9920979285482724,0.034294843447901166,1.0,1.0,-0.23041573184995,59,133,800,5,3,100,0.0,0,0.3,0.0,0.0,1.0,0.7,1.0,1.0,0.25,2.0,0.0
ind_nl_mY,0.9725525965082986,0.03519554171439579,1.0,1.0,-0.7798545541486797,60,134,800,5,3,100,0.0,0,0.3,0.0,0.0,1.0,0.7,1.0,1.0,0.25,2.0,0.0
ind_nl_mY,1.0049698120688295,0.03600821636019797,1.0,1.0,0.1380188348991078,61,135,800,5,3,100,0.0,0,0.3,0.0,0.0,1.0,0.7,1.0,1.0,0.25,2.0,0.0
ind_nl_mY,0.9907185189062174,0.038853388411835436,1.0,1.0,-0.2388847272572826,62,136,800,5,3,100,0.0,0,0.3,0.0,0.0,1.0,0.7,1.0,1.0,0.25,2.0,0.0
ind_nl_mY,0.9538642426530174,0.03609766599607831,1.0,1.0,-1.278081451360175,63,137,800,5,3,100,0.0,0,0.3,0.0,0.0,1.0,0.7,1.0,1.0,0.25,2.0,0.0
ind_nl_mY,0.9945059992647346,0.037803069901756636,1.0,1.0,-0.1453321317433563,64,138,800,5,3,100,0.0,0,0.3,0.0,0.0,1.0,0.7,1.0,1.0,0.25,2.0,0.0
ind_nl_mY,1.0004377108004356,0.03750488334963516,1.0,1.0,0.011670768213171905,65,139,800,5,3,100,0.0,0,0.3,0.0,0.0,1.0,0.7,1.0,1.0,0.25,2.0,0.0
ind_nl_mY,0.8962224932669173,0.03769800381073304,1.0,1.0,-2.7528647737983443,66,140,800,5,3,100,0.0,0,0.3,0.0,0.0,1.0,0.7,1.0,1.0,0.25,2.0,0.0
ind_nl_mY,1.0043568018605231,0.03609705185457292,1.0,1.0,0.12069688898904306,67,141,800,5,3,100,0.0,0,0.3,0.0,0.0,1.0,0.7,1.0,1.0,0.25,2.0,0.0
ind_nl_mY,0.9723513131433795,0.035266714280725565,1.0,1.0,-0.7839881718646924,68,142,800,5,3,100,0.0,0,0.3,0.0,0.0,1.0,0.7,1.0,1.0,0.25,2.0,0.0
ind_nl_mY,0.9141998929618548,0.038363219922489165,1.0,1.0,-2.236519958739119,69,143,800,5,3,100,0.0,0,0.3,0.0,0.0,1.0,0.7,1.0,1.0,0.25,2.0,0.0
ind_nl_mY,1.0145258567571716,0.03713918899388311,1.0,1.0,0.39111938495921345,70,144,800,5,3,100,0.0,0,0.3,0.0,0.0,1.0,0.7,1.0,1.0,0.25,2.0,0.0
ind_nl_mY,0.9560696537671676,0.037660898512438055,1.0,1.0,-1.1664710075444376,71,145,800,5,3,100,0.0,0,0.3,0.0,0.0,1.0,0.7,1.0,1.0,0.25,2.0,0.0
ind_nl_mY,1.0013093959117116,0.03457662114856999,1.0,1.0,0.0378694004276874,72,146,800,5,3,100,0.0,0,0.3,0.0,0.0,1.0,0.7,1.0,1.0,0.25,2.0,0.0
ind_nl_mY,1.0325573319823533,0.03495879909246206,1.0,1.0,0.9313057893162429,73,147,800,5,3,100,0.0,0,0.3,0.0,0.0,1.0,0.7,1.0,1.0,0.25,2.0,0.0
ind_nl_mY,0.9741313800583262,0.03705567201835662,1.0,1.0,-0.6981014925018495,74,148,800,5,3,100,0.0,0,0.3,0.0,0.0,1.0,0.7,1.0,1.0,0.25,2.0,0.0
ind_nl_mY,1.023865490275136,0.030964938882829297,1.0,1.0,0.7707262192714994,75,149,800,5,3,100,0.0,0,0.3,0.0,0.0,1.0,0.7,1.0,1.0,0.25,2.0,0.0
ind_nl_mY,0.9372471830622794,0.03972038454810193,1.0,1.0,-1.5798642850933653,76,150,800,5,3,100,0.0,0,0.3,0.0,0.0,1.0,0.7,1.0,1.0,0.25,2.0,0.0
ind_nl_mY,1.0067746498741659,0.03505639102345033,1.0,1.0,0.193250065862002,77,151,800,5,3,100,0.0,0,0.3,0.0,0.0,1.0,0.7,1.0,1.0,0.25,2.0,0.0
ind_nl_mY,1.0796676754470844,0.03395302399933489,1.0,1.0,2.346408833824199,78,152,800,5,3,100,0.0,0,0.3,0.0,0.0,1.0,0.7,1.0,1.0,0.25,2.0,0.0
ind_nl_mY,0.9594096947210945,0.03617232072849707,1.0,1.0,-1.122137160719353,79,153,800,5,3,100,0.0,0,0.3,0.0,0.0,1.0,0.7,1.0,1.0,0.25,2.0,0.0
ind_nl_mY,0.9541800042528245,0.03658031470175734,1.0,1.0,-1.2525861551698,80,154,800,5,3,100,0.0,0,0.3,0.0,0.0,1.0,0.7,1.0,1.0,0.25,2.0,0.0
ind_nl_mY,1.0651364274506139,0.03654973198003872,1.0,1.0,1.7821314664136936,81,155,800,5,3,100,0.0,0,0.3,0.0,0.0,1.0,0.7,1.0,1.0,0.25,2.0,0.0
ind_nl_mY,1.0147677369043788,0.03976985118559597,1.0,1.0,0.3713299513106419,82,156,800,5,3,100,0.0,0,0.3,0.0,0.0,1.0,0.7,1.0,1.0,0.25,2.0,0.0
ind_nl_mY,0.9572522516005258,0.0348069622419343,1.0,1.0,-1.2281378680031159,83,157,800,5,3,100,0.0,0,0.3,0.0,0.0,1.0,0.7,1.0,1.0,0.25,2.0,0.0
ind_nl_mY,0.9894428823055563,0.03767791644230019,1.0,1.0,-0.28019377638916954,84,158,800,5,3,100,0.0,0,0.3,0.0,0.0,1.0,0.7,1.0,1.0,0.25,2.0,0.0
ind_nl_mY,0.9980122321132003,0.03263433917628024,1.0,1.0,-0.060910315237651294,85,159,800,5,3,100,0.0,0,0.3,0.0,0.0,1.0,0.7,1.0,1.0,0.25,2.0,0.0
ind_nl_mY,0.9846850598692655,0.04002523285751813,1.0,1.0,-0.38263213071745705,86,160,800,5,3,100,0.0,0,0.3,0.0,0.0,1.0,0.7,1.0,1.0,0.25,2.0,0.0
ind_nl_mY,0.9679476854130126,0.03595196902266415,1.0,1.0,-0.891531547737528,87,161,800,5,3,100,0.0,0,0.3,0.0,0.0,1.0,0.7,1.0,1.0,0.25,2.0,0.0
ind_nl_mY,1.0264662522032255,0.03823804896326538,1.0,1.0,0.6921444195191856,88,162,800,5,3,100,0.0,0,0.3,0.0,0.0,1.0,0.7,1.0,1.0,0.25,2.0,0.0
ind_nl_mY,0.9917298947237185,0.03608702771921486,1.0,1.0,-0.22917113985195234,89,163,800,5,3,100,0.0,0,0.3,0.0,0.0,1.0,0.7,1.0,1.0,0.25,2.0,0.0
ind_nl_mY,0.9897064783722791,0.034396821892248394,1.0,1.0,-0.2992579273738261,90,164,800,5,3,100,0.0,0,0.3,0.0,0.0,1.0,0.7,1.0,1.0,0.25,2.0,0.0
ind_nl_mY,0.9931101328448253,0.03419727300878608,1.0,1.0,-0.20147416881470437,91,165,800,5,3,100,0.0,0,0.3,0.0,0.0,1.0,0.7,1.0,1.0,0.25,2.0,0.0
ind_nl_mY,0.9825301397949419,0.03660731612341034,1.0,1.0,-0.4772231907459117,92,166,800,5,3,100,0.0,0,0.3,0.0,0.0,1.0,0.7,1.0,1.0,0.25,2.0,0.0
ind_nl_mY,0.9847508598222448,0.03765808504361506,1.0,1.0,-0.404936686506866,93,167,800,5,3,100,0.0,0,0.3,0.0,0.0,1.0,0.7,1.0,1.0,0.25,2.0,0.0
ind_nl_mY,0.954988497557489,0.03635110399294753,1.0,1.0,-1.2382430654992933,94,168,800,5,3,100,0.0,0,0.3,0.0,0.0,1.0,0.7,1.0,1.0,0.25,2.0,0.0
ind_nl_mY,1.0626917032903538,0.03329663827822699,1.0,1.0,1.8828238084127706,95,169,800,5,3,100,0.0,0,0.3,0.0,0.0,1.0,0.7,1.0,1.0,0.25,2.0,0.0
ind_nl_mY,0.9529328993059217,0.037215887618079965,1.0,1.0,-1.2647045040842302,96,170,800,5,3,100,0.0,0,0.3,0.0,0.0,1.0,0.7,1.0,1.0,0.25,2.0,0.0
ind_nl_mY,0.9645421999325522,0.0369627667586409,1.0,1.0,-0.959284252149732,97,171,800,5,3,100,0.0,0,0.3,0.0,0.0,1.0,0.7,1.0,1.0,0.25,2.0,0.0
ind_nl_mY,0.9746274654444455,0.033831876953954225,1.0,1.0,-0.7499594122456467,98,172,800,5,3,100,0.0,0,0.3,0.0,0.0,1.0,0.7,1.0,1.0,0.25,2.0,0.0
ind_nl_mY,0.933593534808139,0.035477164251058874,1.0,1.0,-1.8718087139639124,99,173,800,5,3,100,0.0,0,0.3,0.0,0.0,1.0,0.7,1.0,1.0,0.25,2.0,0.0
ind_nl_both,0.9792806576766062,0.034695553544275164,1.0,1.0,-0.5971757244614568,0,75,800,5,3,100,0.0,0,0.3,0.0,0.0,1.0,0.7,1.0,0.0,2.0,2.0,0.0
ind_nl_both,0.973757913352889,0.03347200545650756,1.0,1.0,-0.7840010268045978,1,76,800,5,3,100,0.0,0,0.3,0.0,0.0,1.0,0.7,1.0,0.0,2.0,2.0,0.0
ind_nl_both,1.0140568330075683,0.03673655426026288,1.0,1.0,0.3826388536056386,2,77,800,5,3,100,0.0,0,0.3,0.0,0.0,1.0,0.7,1.0,0.0,2.0,2.0,0.0
ind_nl_both,1.0029775362820805,0.03552545093511564,1.0,1.0,0.08381417276078375,3,78,800,5,3,100,0.0,0,0.3,0.0,0.0,1.0,0.7,1.0,0.0,2.0,2.0,0.0
ind_nl_both,1.0518939564258487,0.034521905047843075,1.0,1.0,1.503218213303412,4,79,800,5,3,100,0.0,0,0.3,0.0,0.0,1.0,0.7,1.0,0.0,2.0,2.0,0.0
ind_nl_both,0.9951361947155716,0.035888710553853585,1.0,1.0,-0.13552465968733915,5,80,800,5,3,100,0.0,0,0.3,0.0,0.0,1.0,0.7,1.0,0.0,2.0,2.0,0.0
ind_nl_both,0.982716343092137,0.032913641084953385,1.0,1.0,-0.525121388522534,6,81,800,5,3,100,0.0,0,0.3,0.0,0.0,1.0,0.7,1.0,0.0,2.0,2.0,0.0
ind_nl_both,1.0002155624224873,0.03388371333815938,1.0,1.0,0.006361829954586527,7,82,800,5,3,100,0.0,0,0.3,0.0,0.0,1.0,0.7,1.0,0.0,2.0,2.0,0.0
ind_nl_both,1.0230714875643276,0.03731118876819797,1.0,1.0,0.61835305510267,8,83,800,5,3,100,0.0,0,0.3,0.0,0.0,1.0,0.7,1.0,0.0,2.0,2.0,0.0
ind_nl_both,0.9481319513556218,0.03423484531021179,1.0,1.0,-1.5150659561738018,9,84,800,5,3,100,0.0,0,0.3,0.0,0.0,1.0,0.7,1.0,0.0,2.0,2.0,0.0
ind_nl_both,1.0416329296786795,0.03212417119910165,1.0,1.0,1.2960001184355456,10,85,800,5,3,100,0.0,0,0.3,0.0,0.0,1.0,0.7,1.0,0.0,2.0,2.0,0.0
ind_nl_both,0.9990217093479118,0.038959232284918204,1.0,1.0,-0.025110624483915277,11,86,800,5,3,100,0.0,0,0.3,0.0,0.0,1.0,0.7,1.0,0.0,2.0,2.0,0.0
ind_nl_both,0.9445315844983592,0.03810935662331133,1.0,1.0,-1.455506479679351,12,87,800,5,3,100,0.0,0,0.3,0.0,0.0,1.0,0.7,1.0,0.0,2.0,2.0,0.0
ind_nl_both,0.9408478143588591,0.033188635166055844,1.0,1.0,-1.7823024461590284,13,88,800,5,3,100,0.0,0,0.3,0.0,0.0,1.0,0.7,1.0,0.0,2.0,2.0,0.0
ind_nl_both,1.0258444595958807,0.03663839063483271,1.0,1.0,0.7053928720141414,14,89,800,5,3,100,0.0,0,0.3,0.0,0.0,1.0,0.7,1.0,0.0,2.0,2.0,0.0
ind_nl_both,0.9763725925056757,0.03756321446361408,1.0,1.0,-0.6290038760450395,15,90,800,5,3,100,0.0,0,0.3,0.0,0.0,1.0,0.7,1.0,0.0,2.0,2.0,0.0
ind_nl_both,0.8850381503844884,0.033892853031219236,1.0,1.0,-3.3919201050917263,16,91,800,5,3,100,0.0,0,0.3,0.0,0.0,1.0,0.7,1.0,0.0,2.0,2.0,0.0
ind_nl_both,0.9885194344048988,0.03688317632017816,1.0,1.0,-0.3112683543152552,17,92,800,5,3,100,0.0,0,0.3,0.0,0.0,1.0,0.7,1.0,0.0,2.0,2.0,0.0
ind_nl_both,0.9694446349953975,0.03831076619214314,1.0,1.0,-0.7975660118974313,18,93,800,5,3,100,0.0,0,0.3,0.0,0.0,1.0,0.7,1.0,0.0,2.0,2.0,0.0
ind_nl_both,1.0178330687713388,0.036896876009032985,1.0,1.0,0.4833219150307737,19,94,800,5,3,100,0.0,0,0.3,0.0,0.0,1.0,0.7,1.0,0.0,2.0,2.0,0.0
ind_nl_both,0.9542395484159053,0.03507106476577218,1.0,1.0,-1.3047921952103059,20,95,800,5,3,100,0.0,0,0.3,0.0,0.0,1.0,0.7,1.0,0.0,2.0,2.0,0.0
ind_nl_both,0.9618063920033888,0.038348561980862936,1.0,1.0,-0.9959593273841908,21,96,800,5,3,100,0.0,0,0.3,0.0,0.0,1.0,0.7,1.0,0.0,2.0,2.0,0.0
ind_nl_both,0.9767267947462749,0.03574562624148679,1.0,1.0,-0.6510784031729723,22,97,800,5,3,100,0.0,0,0.3,0.0,0.0,1.0,0.7,1.0,0.0,2.0,2.0,0.0
ind_nl_both,1.030761453095787,0.03427575748637424,1.0,1.0,0.8974696797879852,23,98,800,5,3,100,0.0,0,0.3,0.0,0.0,1.0,0.7,1.0,0.0,2.0,2.0,0.0
ind_nl_both,0.9926678262928437,0.03691956369555463,1.0,1.0,-0.19859860120825792,24,99,800,5,3,100,0.0,0,0.3,0.0,0.0,1.0,0.7,1.0,0.0,2.0,2.0,0.0
ind_nl_both,0.9556414914990178,0.03494402258914967,1.0,1.0,-1.2694162038103707,25,100,800,5,3,100,0.0,0,0.3,0.0,0.0,1.0,0.7,1.0,0.0,2.0,2.0,0.0
ind_nl_both,0.9810820270970526,0.033486006578898005,1.0,1.0,-0.5649515972701563,26,101,800,5,3,100,0.0,0,0.3,0.0,0.0,1.0,0.7,1.0,0.0,2.0,2.0,0.0
ind_nl_both,1.021745571679817,0.0359858125528747,1.0,1.0,0.6042818026650287,27,102,800,5,3,100,0.0,0,0.3,0.0,0.0,1.0,0.7,1.0,0.0,2.0,2.0,0.0
ind_nl_both,0.9873856391671018,0.03290074941915977,1.0,1.0,-0.38340648938386374,28,103,800,5,3,100,0.0,0,0.3,0.0,0.0,1.0,0.7,1.0,0.0,2.0,2.0,0.0
ind_nl_both,0.9911813447553218,0.03430111555378538,1.0,1.0,-0.2570952898266591,29,104,800,5,3,100,0.0,0,0.3,0.0,0.0,1.0,0.7,1.0,0.0,2.0,2.0,0.0
ind_nl_both,0.8991685879336397,0.03561134158933467,1.0,1.0,-2.8314409838622456,30,105,800,5,3,100,0.0,0,0.3,0.0,0.0,1.0,0.7,1.0,0.0,2.0,2.0,0.0
ind_nl_both,0.9672882261840233,0.036121752085892106,1.0,1.0,-0.9055976503629444,31,106,800,5,3,100,0.0,0,0.3,0.0,0.0,1.0,0.7,1.0,0.0,2.0,2.0,0.0
ind_nl_both,1.0251793856680134,0.03829417792965123,1.0,1.0,0.6575251651639957,32,107,800,5,3,100,0.0,0,0.3,0.0,0.0,1.0,0.7,1.0,0.0,2.0,2.0,0.0
ind_nl_both,0.935307559922209,0.037077034763952306,1.0,1.0,-1.7448115926651016,33,108,800,5,3,100,0.0,0,0.3,0.0,0.0,1.0,0.7,1.0,0.0,2.0,2.0,0.0
ind_nl_both,0.9874866684393591,0.03673950794784493,1.0,1.0,-0.34059605747591254,34,109,800,5,3,100,0.0,0,0.3,0.0,0.0,1.0,0.7,1.0,0.0,2.0,2.0,0.0
ind_nl_both,1.0080075183966868,0.03533475617022951,1.0,1.0,0.22661875344800983,35,110,800,5,3,100,0.0,0,0.3,0.0,0.0,1.0,0.7,1.0,0.0,2.0,2.0,0.0
ind_nl_both,0.8901742696520849,0.03696032614880932,1.0,1.0,-2.971449167026713,36,111,800,5,3,100,0.0,0,0.3,0.0,0.0,1.0,0.7,1.0,0.0,2.0,2.0,0.0
ind_nl_both,0.9490580943280984,0.039011897229464784,1.0,1.0,-1.3058043645574446,37,112,800,5,3,100,0.0,0,0.3,0.0,0.0,1.0,0.7,1.0,0.0,2.0,2.0,0.0
ind_nl_both,0.9660192464249051,0.03502916442676203,1.0,1.0,-0.9700703437029129,38,113,800,5,3,100,0.0,0,0.3,0.0,0.0,1.0,0.7,1.0,0.0,2.0,2.0,0.0
ind_nl_both,1.0077963027823216,0.03302356653464204,1.0,1.0,0.23608300375863933,39,114,800,5,3,100,0.0,0,0.3,0.0,0.0,1.0,0.7,1.0,0.0,2.0,2.0,0.0
ind_nl_both,1.0382310414584102,0.03542949607684397,1.0,1.0,1.07907381396252,40,115,800,5,3,100,0.0,0,0.3,0.0,0.0,1.0,0.7,1.0,0.0,2.0,2.0,0.0
ind_nl_both,0.9753168620258851,0.034488151477014756,1.0,1.0,-0.7156990710437304,41,116,800,5,3,100,0.0,0,0.3,0.0,0.0,1.0,0.7,1.0,0.0,2.0,2.0,0.0
ind_nl_both,0.9464055242419073,0.0390561880873972,1.0,1.0,-1.3722403128068406,42,117,800,5,3,100,0.0,0,0.3,0.0,0.0,1.0,0.7,1.0,0.0,2.0,2.0,0.0
ind_nl_both,0.988011180637003,0.03571600833820868,1.0,1.0,-0.33567075159884174,43,118,800,5,3,100,0.0,0,0.3,0.0,0.0,1.0,0.7,1.0,0.0,2.0,2.0,0.0
ind_nl_both,0.9907786081307373,0.039268113495586864,1.0,1.0,-0.23483154774672546,44,119,800,5,3,100,0.0,0,0.3,0.0,0.0,1.0,0.7,1.0,0.0,2.0,2.0,0.0
ind_nl_both,0.9951576277674803,0.034451346503058984,1.0,1.0,-0.1405568351904547,45,120,800,5,3,100,0.0,0,0.3,0.0,0.0,1.0,0.7,1.0,0.0,2.0,2.0,0.0
ind_nl_both,0.9563684520605975,0.03688179873917373,1.0,1.0,-1.1830103040245585,46,121,800,5,3,100,0.0,0,0.3,0.0,0.0,1.0,0.7,1.0,0.0,2.0,2.0,0.0
ind_nl_both,1.057246803282321,0.035330169279130595,1.0,1.0,1.6203376448619649,47,122,800,5,3,100,0.0,0,0.3,0.0,0.0,1.0,0.7,1.0,0.0,2.0,2.0,0.0
ind_nl_both,1.046666523142732,0.03599195510898766,1.0,1.0,1.2965820556682863,48,123,800,5,3,100,0.0,0,0.3,0.0,0.0,1.0,0.7,1.0,0.0,2.0,2.0,0.0
ind_nl_both,0.9091130309081711,0.035516647090146326,1.0,1.0,-2.5589963168861294,49,124,800,5,3,100,0.0,0,0.3,0.0,0.0,1.0,0.7,1.0,0.0,2.0,2.0,0.0
ind_nl_both,1.0178721505911152,0.03502543355477154,1.0,1.0,0.5102620803584744,50,125,800,5,3,100,0.0,0,0.3,0.0,0.0,1.0,0.7,1.0,0.0,2.0,2.0,0.0
ind_nl_both,1.005677818346077,0.036330018471190176,1.0,1.0,0.15628448828286684,51,126,800,5,3,100,0.0,0,0.3,0.0,0.0,1.0,0.7,1.0,0.0,2.0,2.0,0.0
ind_nl_both,0.9417761373053805,0.03437562546071433,1.0,1.0,-1.6937542783377082,52,127,800,5,3,100,0.0,0,0.3,0.0,0.0,1.0,0.7,1.0,0.0,2.0,2.0,0.0
ind_nl_both,0.9699848222289683,0.038375456992597576,1.0,1.0,-0.7821451553481554,53,128,800,5,3,100,0.0,0,0.3,0.0,0.0,1.0,0.7,1.0,0.0,2.0,2.0,0.0
ind_nl_both,0.9882552216629483,0.035225113143555815,1.0,1.0,-0.3334205993657766,54,129,800,5,3,100,0.0,0,0.3,0.0,0.0,1.0,0.7,1.0,0.0,2.0,2.0,0.0
ind_nl_both,0.971112503363122,0.03512411254953374,1.0,1.0,-0.8224406124464895,55,130,800,5,3,100,0.0,0,0.3,0.0,0.0,1.0,0.7,1.0,0.0,2.0,2.0,0.0
ind_nl_both,1.0248558496620925,0.036433230223067485,1.0,1.0,0.6822301923246761,56,131,800,5,3,100,0.0,0,0.3,0.0,0.0,1.0,0.7,1.0,0.0,2.0,2.0,0.0
ind_nl_both,0.9377548106251756,0.03572581722661467,1.0,1.0,-1.7423027436991296,57,132,800,5,3,100,0.0,0,0.3,0.0,0.0,1.0,0.7,1.0,0.0,2.0,2.0,0.0
ind_nl_both,0.9920979285482724,0.034294843447901166,1.0,1.0,-0.23041573184995,58,133,800,5,3,100,0.0,0,0.3,0.0,0.0,1.0,0.7,1.0,0.0,2.0,2.0,0.0
ind_nl_both,0.9725525965082986,0.03519554171439579,1.0,1.0,-0.7798545541486797,59,134,800,5,3,100,0.0,0,0.3,0.0,0.0,1.0,0.7,1.0,0.0,2.0,2.0,0.0
ind_nl_both,1.0049698120688295,0.03600821636019797,1.0,1.0,0.1380188348991078,60,135,800,5,3,100,0.0,0,0.3,0.0,0.0,1.0,0.7,1.0,0.0,2.0,2.0,0.0
ind_nl_both,0.9907185189062174,0.038853388411835436,1.0,1.0,-0.2388847272572826,61,136,800,5,3,100,0.0,0,0.3,0.0,0.0,1.0,0.7,1.0,0.0,2.0,2.0,0.0
ind_nl_both,0.9538642426530174,0.03609766599607831,1.0,1.0,-1.278081451360175,62,137,800,5,3,100,0.0,0,0.3,0.0,0.0,1.0,0.7,1.0,0.0,2.0,2.0,0.0
ind_nl_both,0.9945059992647344,0.037803069901756636,1.0,1.0,-0.14533213174336218,63,138,800,5,3,100,0.0,0,0.3,0.0,0.0,1.0,0.7,1.0,0.0,2.0,2.0,0.0
ind_nl_both,1.0004377108004356,0.03750488334963516,1.0,1.0,0.011670768213171905,64,139,800,5,3,100,0.0,0,0.3,0.0,0.0,1.0,0.7,1.0,0.0,2.0,2.0,0.0
ind_nl_both,0.8962224932669173,0.03769800381073304,1.0,1.0,-2.7528647737983443,65,140,800,5,3,100,0.0,0,0.3,0.0,0.0,1.0,0.7,1.0,0.0,2.0,2.0,0.0
ind_nl_both,1.004356801860523,0.03609705185457292,1.0,1.0,0.12069688898903691,66,141,800,5,3,100,0.0,0,0.3,0.0,0.0,1.0,0.7,1.0,0.0,2.0,2.0,0.0
ind_nl_both,0.9723513131433791,0.035266714280725565,1.0,1.0,-0.7839881718647049,67,142,800,5,3,100,0.0,0,0.3,0.0,0.0,1.0,0.7,1.0,0.0,2.0,2.0,0.0
ind_nl_both,0.9141998929618547,0.038363219922489165,1.0,1.0,-2.2365199587391222,68,143,800,5,3,100,0.0,0,0.3,0.0,0.0,1.0,0.7,1.0,0.0,2.0,2.0,0.0
ind_nl_both,1.0145258567571716,0.03713918899388311,1.0,1.0,0.39111938495921345,69,144,800,5,3,100,0.0,0,0.3,0.0,0.0,1.0,0.7,1.0,0.0,2.0,2.0,0.0
ind_nl_both,0.9560696537671678,0.037660898512438055,1.0,1.0,-1.1664710075444318,70,145,800,5,3,100,0.0,0,0.3,0.0,0.0,1.0,0.7,1.0,0.0,2.0,2.0,0.0
ind_nl_both,1.0013093959117114,0.03457662114856999,1.0,1.0,0.03786940042768098,71,146,800,5,3,100,0.0,0,0.3,0.0,0.0,1.0,0.7,1.0,0.0,2.0,2.0,0.0
ind_nl_both,1.0325573319823533,0.03495879909246206,1.0,1.0,0.9313057893162429,72,147,800,5,3,100,0.0,0,0.3,0.0,0.0,1.0,0.7,1.0,0.0,2.0,2.0,0.0
ind_nl_both,0.9741313800583262,0.03705567201835662,1.0,1.0,-0.6981014925018495,73,148,800,5,3,100,0.0,0,0.3,0.0,0.0,1.0,0.7,1.0,0.0,2.0,2.0,0.0
ind_nl_both,1.0238654902751358,0.030964938882829297,1.0,1.0,0.7707262192714922,74,149,800,5,3,100,0.0,0,0.3,0.0,0.0,1.0,0.7,1.0,0.0,2.0,2.0,0.0
ind_nl_both,0.9372471830622792,0.03972038454810193,1.0,1.0,-1.579864285093371,75,150,800,5,3,100,0.0,0,0.3,0.0,0.0,1.0,0.7,1.0,0.0,2.0,2.0,0.0
ind_nl_both,1.0067746498741659,0.03505639102345033,1.0,1.0,0.193250065862002,76,151,800,5,3,100,0.0,0,0.3,0.0,0.0,1.0,0.7,1.0,0.0,2.0,2.0,0.0
ind_nl_both,1.0796676754470844,0.03395302399933489,1.0,1.0,2.346408833824199,77,152,800,5,3,100,0.0,0,0.3,0.0,0.0,1.0,0.7,1.0,0.0,2.0,2.0,0.0
ind_nl_both,0.9594096947210945,0.03617232072849707,1.0,1.0,-1.122137160719353,78,153,800,5,3,100,0.0,0,0.3,0.0,0.0,1.0,0.7,1.0,0.0,2.0,2.0,0.0
ind_nl_both,0.9541800042528245,0.03658031470175734,1.0,1.0,-1.2525861551698,79,154,800,5,3,100,0.0,0,0.3,0.0,0.0,1.0,0.7,1.0,0.0,2.0,2.0,0.0
ind_nl_both,1.0651364274506139,0.03654973198003872,1.0,1.0,1.7821314664136936,80,155,800,5,3,100,0.0,0,0.3,0.0,0.0,1.0,0.7,1.0,0.0,2.0,2.0,0.0
ind_nl_both,1.0147677369043788,0.03976985118559597,1.0,1.0,0.3713299513106419,81,156,800,5,3,100,0.0,0,0.3,0.0,0.0,1.0,0.7,1.0,0.0,2.0,2.0,0.0
ind_nl_both,0.9572522516005258,0.0348069622419343,1.0,1.0,-1.2281378680031159,82,157,800,5,3,100,0.0,0,0.3,0.0,0.0,1.0,0.7,1.0,0.0,2.0,2.0,0.0
ind_nl_both,0.9894428823055561,0.03767791644230019,1.0,1.0,-0.2801937763891755,83,158,800,5,3,100,0.0,0,0.3,0.0,0.0,1.0,0.7,1.0,0.0,2.0,2.0,0.0
ind_nl_both,0.9980122321132003,0.03263433917628024,1.0,1.0,-0.060910315237651294,84,159,800,5,3,100,0.0,0,0.3,0.0,0.0,1.0,0.7,1.0,0.0,2.0,2.0,0.0
ind_nl_both,0.9846850598692655,0.04002523285751813,1.0,1.0,-0.38263213071745705,85,160,800,5,3,100,0.0,0,0.3,0.0,0.0,1.0,0.7,1.0,0.0,2.0,2.0,0.0
ind_nl_both,0.9679476854130126,0.03595196902266415,1.0,1.0,-0.891531547737528,86,161,800,5,3,100,0.0,0,0.3,0.0,0.0,1.0,0.7,1.0,0.0,2.0,2.0,0.0
ind_nl_both,1.0264662522032255,0.03823804896326538,1.0,1.0,0.6921444195191856,87,162,800,5,3,100,0.0,0,0.3,0.0,0.0,1.0,0.7,1.0,0.0,2.0,2.0,0.0
ind_nl_both,0.9917298947237185,0.03608702771921486,1.0,1.0,-0.22917113985195234,88,163,800,5,3,100,0.0,0,0.3,0.0,0.0,1.0,0.7,1.0,0.0,2.0,2.0,0.0
ind_nl_both,0.9897064783722791,0.034396821892248394,1.0,1.0,-0.2992579273738261,89,164,800,5,3,100,0.0,0,0.3,0.0,0.0,1.0,0.7,1.0,0.0,2.0,2.0,0.0
ind_nl_both,0.9931101328448253,0.03419727300878608,1.0,1.0,-0.20147416881470437,90,165,800,5,3,100,0.0,0,0.3,0.0,0.0,1.0,0.7,1.0,0.0,2.0,2.0,0.0
ind_nl_both,0.9825301397949416,0.03660731612341023,1.0,1.0,-0.47722319074591923,91,166,800,5,3,100,0.0,0,0.3,0.0,0.0,1.0,0.7,1.0,0.0,2.0,2.0,0.0
ind_nl_both,0.9847508598222445,0.03765808504361506,1.0,1.0,-0.40493668650687187,92,167,800,5,3,100,0.0,0,0.3,0.0,0.0,1.0,0.7,1.0,0.0,2.0,2.0,0.0
ind_nl_both,0.9549884975574889,0.03635110399294759,1.0,1.0,-1.2382430654992944,93,168,800,5,3,100,0.0,0,0.3,0.0,0.0,1.0,0.7,1.0,0.0,2.0,2.0,0.0
ind_nl_both,1.062691703290354,0.03329663827822699,1.0,1.0,1.8828238084127773,94,169,800,5,3,100,0.0,0,0.3,0.0,0.0,1.0,0.7,1.0,0.0,2.0,2.0,0.0
ind_nl_both,0.9529328993059217,0.037215887618079965,1.0,1.0,-1.2647045040842302,95,170,800,5,3,100,0.0,0,0.3,0.0,0.0,1.0,0.7,1.0,0.0,2.0,2.0,0.0
ind_nl_both,0.9645421999325522,0.0369627667586409,1.0,1.0,-0.959284252149732,96,171,800,5,3,100,0.0,0,0.3,0.0,0.0,1.0,0.7,1.0,0.0,2.0,2.0,0.0
ind_nl_both,0.9746274654444455,0.033831876953954225,1.0,1.0,-0.7499594122456467,97,172,800,5,3,100,0.0,0,0.3,0.0,0.0,1.0,0.7,1.0,0.0,2.0,2.0,0.0
ind_nl_both,0.933593534808139,0.035477164251058874,1.0,1.0,-1.8718087139639124,98,173,800,5,3,100,0.0,0,0.3,0.0,0.0,1.0,0.7,1.0,0.0,2.0,2.0,0.0
ind_nl_both,0.955906773581595,0.0374669076612516,1.0,1.0,-1.1768579039685818,99,174,800,5,3,100,0.0,0,0.3,0.0,0.0,1.0,0.7,1.0,0.0,2.0,2.0,0.0
ind_skew_Dpos,0.973757913352889,0.03347200545650756,1.0,1.0,-0.7840010268045978,0,76,800,5,3,100,0.0,0,0.3,0.0,0.0,1.0,0.7,0.2,0.0,4.0,1.0,0.25
ind_skew_Dpos,1.0140568330075685,0.03673655426026288,1.0,1.0,0.38263885360564465,1,77,800,5,3,100,0.0,0,0.3,0.0,0.0,1.0,0.7,0.2,0.0,4.0,1.0,0.25
ind_skew_Dpos,1.0029775362820808,0.03552545093511564,1.0,1.0,0.08381417276078999,2,78,800,5,3,100,0.0,0,0.3,0.0,0.0,1.0,0.7,0.2,0.0,4.0,1.0,0.25
ind_skew_Dpos,1.0518939564258485,0.034521905047843075,1.0,1.0,1.5032182133034055,3,79,800,5,3,100,0.0,0,0.3,0.0,0.0,1.0,0.7,0.2,0.0,4.0,1.0,0.25
ind_skew_Dpos,0.9951361947155716,0.035888710553853585,1.0,1.0,-0.13552465968733915,4,80,800,5,3,100,0.0,0,0.3,0.0,0.0,1.0,0.7,0.2,0.0,4.0,1.0,0.25
ind_skew_Dpos,0.9827163430921368,0.03291364108495332,1.0,1.0,-0.5251213885225383,5,81,800,5,3,100,0.0,0,0.3,0.0,0.0,1.0,0.7,0.2,0.0,4.0,1.0,0.25
ind_skew_Dpos,1.0002155624224873,0.03388371333815938,1.0,1.0,0.006361829954586527,6,82,800,5,3,100,0.0,0,0.3,0.0,0.0,1.0,0.7,0.2,0.0,4.0,1.0,0.25
ind_skew_Dpos,1.0230714875643276,0.03731118876819797,1.0,1.0,0.61835305510267,7,83,800,5,3,100,0.0,0,0.3,0.0,0.0,1.0,0.7,0.2,0.0,4.0,1.0,0.25
ind_skew_Dpos,0.9481319513556216,0.03423484531021179,1.0,1.0,-1.5150659561738085,8,84,800,5,3,100,0.0,0,0.3,0.0,0.0,1.0,0.7,0.2,0.0,4.0,1.0,0.25
ind_skew_Dpos,1.0416329296786795,0.03212417119910165,1.0,1.0,1.2960001184355456,9,85,800,5,3,100,0.0,0,0.3,0.0,0.0,1.0,0.7,0.2,0.0,4.0,1.0,0.25
ind_skew_Dpos,0.9990217093479116,0.038959232284918204,1.0,1.0,-0.025110624483920974,10,86,800,5,3,100,0.0,0,0.3,0.0,0.0,1.0,0.7,0.2,0.0,4.0,1.0,0.25
ind_skew_Dpos,0.9445315844983594,0.03810935662331133,1.0,1.0,-1.455506479679345,11,87,800,5,3,100,0.0,0,0.3,0.0,0.0,1.0,0.7,0.2,0.0,4.0,1.0,0.25
ind_skew_Dpos,0.9408478143588591,0.033188635166055844,1.0,1.0,-1.7823024461590284,12,88,800,5,3,100,0.0,0,0.3,0.0,0.0,1.0,0.7,0.2,0.0,4.0,1.0,0.25
ind_skew_Dpos,1.0258444595958807,0.03663839063483271,1.0,1.0,0.7053928720141414,13,89,800,5,3,100,0.0,0,0.3,0.0,0.0,1.0,0.7,0.2,0.0,4.0,1.0,0.25
ind_skew_Dpos,0.9763725925056758,0.03756321446361414,1.0,1.0,-0.6290038760450356,14,90,800,5,3,100,0.0,0,0.3,0.0,0.0,1.0,0.7,0.2,0.0,4.0,1.0,0.25
ind_skew_Dpos,0.8850381503844884,0.033892853031219236,1.0,1.0,-3.3919201050917263,15,91,800,5,3,100,0.0,0,0.3,0.0,0.0,1.0,0.7,0.2,0.0,4.0,1.0,0.25
ind_skew_Dpos,0.9885194344048988,0.03688317632017816,1.0,1.0,-0.3112683543152552,16,92,800,5,3,100,0.0,0,0.3,0.0,0.0,1.0,0.7,0.2,0.0,4.0,1.0,0.25
ind_skew_Dpos,0.9694446349953975,0.03831076619214314,1.0,1.0,-0.7975660118974313,17,93,800,5,3,100,0.0,0,0.3,0.0,0.0,1.0,0.7,0.2,0.0,4.0,1.0,0.25
ind_skew_Dpos,1.0178330687713388,0.036896876009032985,1.0,1.0,0.4833219150307737,18,94,800,5,3,100,0.0,0,0.3,0.0,0.0,1.0,0.7,0.2,0.0,4.0,1.0,0.25
ind_skew_Dpos,0.9542395484159057,0.03507106476577229,1.0,1.0,-1.3047921952102892,19,95,800,5,3,100,0.0,0,0.3,0.0,0.0,1.0,0.7,0.2,0.0,4.0,1.0,0.25
ind_skew_Dpos,0.9618063920033889,0.03834856198086299,1.0,1.0,-0.9959593273841865,20,96,800,5,3,100,0.0,0,0.3,0.0,0.0,1.0,0.7,0.2,0.0,4.0,1.0,0.25
ind_skew_Dpos,0.9767267947462749,0.03574562624148679,1.0,1.0,-0.6510784031729723,21,97,800,5,3,100,0.0,0,0.3,0.0,0.0,1.0,0.7,0.2,0.0,4.0,1.0,0.25
ind_skew_Dpos,1.030761453095787,0.03427575748637424,1.0,1.0,0.8974696797879852,22,98,800,5,3,100,0.0,0,0.3,0.0,0.0,1.0,0.7,0.2,0.0,4.0,1.0,0.25
ind_skew_Dpos,0.9926678262928437,0.03691956369555463,1.0,1.0,-0.19859860120825792,23,99,800,5,3,100,0.0,0,0.3,0.0,0.0,1.0,0.7,0.2,0.0,4.0,1.0,0.25
ind_skew_Dpos,0.955641491499018,0.03494402258914967,1.0,1.0,-1.2694162038103645,24,100,800,5,3,100,0.0,0,0.3,0.0,0.0,1.0,0.7,0.2,0.0,4.0,1.0,0.25
ind_skew_Dpos,0.9810820270970525,0.03348600657889795,1.0,1.0,-0.5649515972701605,25,101,800,5,3,100,0.0,0,0.3,0.0,0.0,1.0,0.7,0.2,0.0,4.0,1.0,0.25
ind_skew_Dpos,1.021745571679817,0.0359858125528747,1.0,1.0,0.6042818026650287,26,102,800,5,3,100,0.0,0,0.3,0.0,0.0,1.0,0.7,0.2,0.0,4.0,1.0,0.25
ind_skew_Dpos,0.9873856391671018,0.03290074941915977,1.0,1.0,-0.38340648938386374,27,103,800,5,3,100,0.0,0,0.3,0.0,0.0,1.0,0.7,0.2,0.0,4.0,1.0,0.25
ind_skew_Dpos,0.9911813447553222,0.03430111555378532,1.0,1.0,-0.25709528982664975,28,104,800,5,3,100,0.0,0,0.3,0.0,0.0,1.0,0.7,0.2,0.0,4.0,1.0,0.25
ind_skew_Dpos,0.8991685879336397,0.03561134158933467,1.0,1.0,-2.8314409838622456,29,105,800,5,3,100,0.0,0,0.3,0.0,0.0,1.0,0.7,0.2,0.0,4.0,1.0,0.25
ind_skew_Dpos,0.9672882261840233,0.036121752085892106,1.0,1.0,-0.9055976503629444,30,106,800,5,3,100,0.0,0,0.3,0.0,0.0,1.0,0.7,0.2,0.0,4.0,1.0,0.25
ind_skew_Dpos,1.0251793856680134,0.03829417792965123,1.0,1.0,0.6575251651639957,31,107,800,5,3,100,0.0,0,0.3,0.0,0.0,1.0,0.7,0.2,0.0,4.0,1.0,0.25
ind_skew_Dpos,0.9353075599222088,0.037077034763952306,1.0,1.0,-1.7448115926651075,32,108,800,5,3,100,0.0,0,0.3,0.0,0.0,1.0,0.7,0.2,0.0,4.0,1.0,0.25
ind_skew_Dpos,0.9874866684393591,0.03673950794784493,1.0,1.0,-0.34059605747591254,33,109,800,5,3,100,0.0,0,0.3,0.0,0.0,1.0,0.7,0.2,0.0,4.0,1.0,0.25
ind_skew_Dpos,1.0080075183966868,0.03533475617022951,1.0,1.0,0.22661875344800983,34,110,800,5,3,100,0.0,0,0.3,0.0,0.0,1.0,0.7,0.2,0.0,4.0,1.0,0.25
ind_skew_Dpos,0.8901742696520851,0.03696032614880932,1.0,1.0,-2.971449167026707,35,111,800,5,3,100,0.0,0,0.3,0.0,0.0,1.0,0.7,0.2,0.0,4.0,1.0,0.25
ind_skew_Dpos,0.9490580943280984,0.039011897229464784,1.0,1.0,-1.3058043645574446,36,112,800,5,3,100,0.0,0,0.3,0.0,0.0,1.0,0.7,0.2,0.0,4.0,1.0,0.25
ind_skew_Dpos,0.9660192464249048,0.035029164426761975,1.0,1.0,-0.9700703437029239,37,113,800,5,3,100,0.0,0,0.3,0.0,0.0,1.0,0.7,0.2,0.0,4.0,1.0,0.25
ind_skew_Dpos,1.0077963027823216,0.03302356653464204,1.0,1.0,0.23608300375863933,38,114,800,5,3,100,0.0,0,0.3,0.0,0.0,1.0,0.7,0.2,0.0,4.0,1.0,0.25
ind_skew_Dpos,1.0382310414584102,0.03542949607684397,1.0,1.0,1.07907381396252,39,115,800,5,3,100,0.0,0,0.3,0.0,0.0,1.0,0.7,0.2,0.0,4.0,1.0,0.25
ind_skew_Dpos,0.9753168620258851,0.034488151477014756,1.0,1.0,-0.7156990710437304,40,116,800,5,3,100,0.0,0,0.3,0.0,0.0,1.0,0.7,0.2,0.0,4.0,1.0,0.25
ind_skew_Dpos,0.9464055242419069,0.039056188087397144,1.0,1.0,-1.372240312806851,41,117,800,5,3,100,0.0,0,0.3,0.0,0.0,1.0,0.7,0.2,0.0,4.0,1.0,0.25
ind_skew_Dpos,0.9880111806370032,0.03571600833820868,1.0,1.0,-0.3356707515988355,42,118,800,5,3,100,0.0,0,0.3,0.0,0.0,1.0,0.7,0.2,0.0,4.0,1.0,0.25
ind_skew_Dpos,0.9907786081307373,0.039268113495586864,1.0,1.0,-0.23483154774672546,43,119,800,5,3,100,0.0,0,0.3,0.0,0.0,1.0,0.7,0.2,0.0,4.0,1.0,0.25
ind_skew_Dpos,0.9951576277674802,0.03445134650305892,1.0,1.0,-0.14055683519045817,44,120,800,5,3,100,0.0,0,0.3,0.0,0.0,1.0,0.7,0.2,0.0,4.0,1.0,0.25
ind_skew_Dpos,0.9563684520605975,0.03688179873917373,1.0,1.0,-1.1830103040245585,45,121,800,5,3,100,0.0,0,0.3,0.0,0.0,1.0,0.7,0.2,0.0,4.0,1.0,0.25
ind_skew_Dpos,1.057246803282321,0.035330169279130595,1.0,1.0,1.6203376448619649,46,122,800,5,3,100,0.0,0,0.3,0.0,0.0,1.0,0.7,0.2,0.0,4.0,1.0,0.25
ind_skew_Dpos,1.046666523142732,0.03599195510898766,1.0,1.0,1.2965820556682863,47,123,800,5,3,100,0.0,0,0.3,0.0,0.0,1.0,0.7,0.2,0.0,4.0,1.0,0.25
ind_skew_Dpos,0.9091130309081711,0.035516647090146326,1.0,1.0,-2.5589963168861294,48,124,800,5,3,100,0.0,0,0.3,0.0,0.0,1.0,0.7,0.2,0.0,4.0,1.0,0.25
ind_skew_Dpos,1.0178721505911152,0.03502543355477154,1.0,1.0,0.5102620803584744,49,125,800,5,3,100,0.0,0,0.3,0.0,0.0,1.0,0.7,0.2,0.0,4.0,1.0,0.25
ind_skew_Dpos,1.005677818346077,0.036330018471190176,1.0,1.0,0.15628448828286684,50,126,800,5,3,100,0.0,0,0.3,0.0,0.0,1.0,0.7,0.2,0.0,4.0,1.0,0.25
ind_skew_Dpos,0.9417761373053805,0.03437562546071433,1.0,1.0,-1.6937542783377082,51,127,800,5,3,100,0.0,0,0.3,0.0,0.0,1.0,0.7,0.2,0.0,4.0,1.0,0.25
ind_skew_Dpos,0.9699848222289683,0.038375456992597576,1.0,1.0,-0.7821451553481554,52,128,800,5,3,100,0.0,0,0.3,0.0,0.0,1.0,0.7,0.2,0.0,4.0,1.0,0.25
ind_skew_Dpos,0.9882552216629483,0.035225113143555815,1.0,1.0,-0.3334205993657766,53,129,800,5,3,100,0.0,0,0.3,0.0,0.0,1.0,0.7,0.2,0.0,4.0,1.0,0.25
ind_skew_Dpos,0.971112503363122,0.03512411254953374,1.0,1.0,-0.8224406124464895,54,130,800,5,3,100,0.0,0,0.3,0.0,0.0,1.0,0.7,0.2,0.0,4.0,1.0,0.25
ind_skew_Dpos,1.0248558496620925,0.036433230223067485,1.0,1.0,0.6822301923246761,55,131,800,5,3,100,0.0,0,0.3,0.0,0.0,1.0,0.7,0.2,0.0,4.0,1.0,0.25
ind_skew_Dpos,0.9377548106251756,0.03572581722661467,1.0,1.0,-1.7423027436991296,56,132,800,5,3,100,0.0,0,0.3,0.0,0.0,1.0,0.7,0.2,0.0,4.0,1.0,0.25
ind_skew_Dpos,0.9920979285482724,0.034294843447901166,1.0,1.0,-0.23041573184995,57,133,800,5,3,100,0.0,0,0.3,0.0,0.0,1.0,0.7,0.2,0.0,4.0,1.0,0.25
ind_skew_Dpos,0.9725525965082988,0.03519554171439579,1.0,1.0,-0.7798545541486733,58,134,800,5,3,100,0.0,0,0.3,0.0,0.0,1.0,0.7,0.2,0.0,4.0,1.0,0.25
ind_skew_Dpos,1.0049698120688295,0.03600821636019797,1.0,1.0,0.1380188348991078,59,135,800,5,3,100,0.0,0,0.3,0.0,0.0,1.0,0.7,0.2,0.0,4.0,1.0,0.25
ind_skew_Dpos,0.9907185189062174,0.038853388411835436,1.0,1.0,-0.2388847272572826,60,136,800,5,3,100,0.0,0,0.3,0.0,0.0,1.0,0.7,0.2,0.0,4.0,1.0,0.25
ind_skew_Dpos,0.9538642426530174,0.03609766599607831,1.0,1.0,-1.278081451360175,61,137,800,5,3,100,0.0,0,0.3,0.0,0.0,1.0,0.7,0.2,0.0,4.0,1.0,0.25
ind_skew_Dpos,0.9945059992647344,0.037803069901756636,1.0,1.0,-0.14533213174336218,62,138,800,5,3,100,0.0,0,0.3,0.0,0.0,1.0,0.7,0.2,0.0,4.0,1.0,0.25
ind_skew_Dpos,1.0004377108004356,0.03750488334963516,1.0,1.0,0.011670768213171905,63,139,800,5,3,100,0.0,0,0.3,0.0,0.0,1.0,0.7,0.2,0.0,4.0,1.0,0.25
ind_skew_Dpos,0.8962224932669173,0.03769800381073304,1.0,1.0,-2.7528647737983443,64,140,800,5,3,100,0.0,0,0.3,0.0,0.0,1.0,0.7,0.2,0.0,4.0,1.0,0.25
ind_skew_Dpos,1.004356801860523,0.03609705185457292,1.0,1.0,0.12069688898903691,65,141,800,5,3,100,0.0,0,0.3,0.0,0.0,1.0,0.7,0.2,0.0,4.0,1.0,0.25
ind_skew_Dpos,0.9723513131433795,0.035266714280725565,1.0,1.0,-0.7839881718646924,66,142,800,5,3,100,0.0,0,0.3,0.0,0.0,1.0,0.7,0.2,0.0,4.0,1.0,0.25
ind_skew_Dpos,0.9141998929618548,0.038363219922489165,1.0,1.0,-2.236519958739119,67,143,800,5,3,100,0.0,0,0.3,0.0,0.0,1.0,0.7,0.2,0.0,4.0,1.0,0.25
ind_skew_Dpos,1.0145258567571713,0.03713918899388311,1.0,1.0,0.39111938495920745,68,144,800,5,3,100,0.0,0,0.3,0.0,0.0,1.0,0.7,0.2,0.0,4.0,1.0,0.25
ind_skew_Dpos,0.9560696537671676,0.037660898512438055,1.0,1.0,-1.1664710075444376,69,145,800,5,3,100,0.0,0,0.3,0.0,0.0,1.0,0.7,0.2,0.0,4.0,1.0,0.25
ind_skew_Dpos,1.0013093959117116,0.03457662114856999,1.0,1.0,0.0378694004276874,70,146,800,5,3,100,0.0,0,0.3,0.0,0.0,1.0,0.7,0.2,0.0,4.0,1.0,0.25
ind_skew_Dpos,1.0325573319823533,0.03495879909246206,1.0,1.0,0.9313057893162429,71,147,800,5,3,100,0.0,0,0.3,0.0,0.0,1.0,0.7,0.2,0.0,4.0,1.0,0.25
ind_skew_Dpos,0.9741313800583262,0.03705567201835662,1.0,1.0,-0.6981014925018495,72,148,800,5,3,100,0.0,0,0.3,0.0,0.0,1.0,0.7,0.2,0.0,4.0,1.0,0.25
ind_skew_Dpos,1.023865490275136,0.030964938882829297,1.0,1.0,0.7707262192714994,73,149,800,5,3,100,0.0,0,0.3,0.0,0.0,1.0,0.7,0.2,0.0,4.0,1.0,0.25
ind_skew_Dpos,0.9372471830622792,0.03972038454810193,1.0,1.0,-1.579864285093371,74,150,800,5,3,100,0.0,0,0.3,0.0,0.0,1.0,0.7,0.2,0.0,4.0,1.0,0.25
ind_skew_Dpos,1.0067746498741659,0.03505639102345033,1.0,1.0,0.193250065862002,75,151,800,5,3,100,0.0,0,0.3,0.0,0.0,1.0,0.7,0.2,0.0,4.0,1.0,0.25
ind_skew_Dpos,1.0796676754470844,0.03395302399933489,1.0,1.0,2.346408833824199,76,152,800,5,3,100,0.0,0,0.3,0.0,0.0,1.0,0.7,0.2,0.0,4.0,1.0,0.25
ind_skew_Dpos,0.9594096947210945,0.03617232072849707,1.0,1.0,-1.122137160719353,77,153,800,5,3,100,0.0,0,0.3,0.0,0.0,1.0,0.7,0.2,0.0,4.0,1.0,0.25
ind_skew_Dpos,0.9541800042528245,0.03658031470175734,1.0,1.0,-1.2525861551698,78,154,800,5,3,100,0.0,0,0.3,0.0,0.0,1.0,0.7,0.2,0.0,4.0,1.0,0.25
ind_skew_Dpos,1.0651364274506139,0.03654973198003872,1.0,1.0,1.7821314664136936,79,155,800,5,3,100,0.0,0,0.3,0.0,0.0,1.0,0.7,0.2,0.0,4.0,1.0,0.25
ind_skew_Dpos,1.0147677369043788,0.03976985118559597,1.0,1.0,0.3713299513106419,80,156,800,5,3,100,0.0,0,0.3,0.0,0.0,1.0,0.7,0.2,0.0,4.0,1.0,0.25
ind_skew_Dpos,0.9572522516005258,0.0348069622419343,1.0,1.0,-1.2281378680031159,81,157,800,5,3,100,0.0,0,0.3,0.0,0.0,1.0,0.7,0.2,0.0,4.0,1.0,0.25
ind_skew_Dpos,0.9894428823055561,0.03767791644230019,1.0,1.0,-0.2801937763891755,82,158,800,5,3,100,0.0,0,0.3,0.0,0.0,1.0,0.7,0.2,0.0,4.0,1.0,0.25
ind_skew_Dpos,0.9980122321132003,0.03263433917628024,1.0,1.0,-0.060910315237651294,83,159,800,5,3,100,0.0,0,0.3,0.0,0.0,1.0,0.7,0.2,0.0,4.0,1.0,0.25
ind_skew_Dpos,0.9846850598692655,0.04002523285751813,1.0,1.0,-0.38263213071745705,84,160,800,5,3,100,0.0,0,0.3,0.0,0.0,1.0,0.7,0.2,0.0,4.0,1.0,0.25
ind_skew_Dpos,0.9679476854130126,0.03595196902266415,1.0,1.0,-0.891531547737528,85,161,800,5,3,100,0.0,0,0.3,0.0,0.0,1.0,0.7,0.2,0.0,4.0,1.0,0.25
ind_skew_Dpos,1.0264662522032255,0.03823804896326538,1.0,1.0,0.6921444195191856,86,162,800,5,3,100,0.0,0,0.3,0.0,0.0,1.0,0.7,0.2,0.0,4.0,1.0,0.25
ind_skew_Dpos,0.9917298947237185,0.03608702771921486,1.0,1.0,-0.22917113985195234,87,163,800,5,3,100,0.0,0,0.3,0.0,0.0,1.0,0.7,0.2,0.0,4.0,1.0,0.25
ind_skew_Dpos,0.9897064783722791,0.034396821892248394,1.0,1.0,-0.2992579273738261,88,164,800,5,3,100,0.0,0,0.3,0.0,0.0,1.0,0.7,0.2,0.0,4.0,1.0,0.25
ind_skew_Dpos,0.9931101328448253,0.03419727300878608,1.0,1.0,-0.20147416881470437,89,165,800,5,3,100,0.0,0,0.3,0.0,0.0,1.0,0.7,0.2,0.0,4.0,1.0,0.25
ind_skew_Dpos,0.9825301397949416,0.03660731612341023,1.0,1.0,-0.47722319074591923,90,166,800,5,3,100,0.0,0,0.3,0.0,0.0,1.0,0.7,0.2,0.0,4.0,1.0,0.25
ind_skew_Dpos,0.9847508598222445,0.03765808504361506,1.0,1.0,-0.40493668650687187,91,167,800,5,3,100,0.0,0,0.3,0.0,0.0,1.0,0.7,0.2,0.0,4.0,1.0,0.25
ind_skew_Dpos,0.954988497557489,0.03635110399294753,1.0,1.0,-1.2382430654992933,92,168,800,5,3,100,0.0,0,0.3,0.0,0.0,1.0,0.7,0.2,0.0,4.0,1.0,0.25
ind_skew_Dpos,1.062691703290354,0.03329663827822699,1.0,1.0,1.8828238084127773,93,169,800,5,3,100,0.0,0,0.3,0.0,0.0,1.0,0.7,0.2,0.0,4.0,1.0,0.25
ind_skew_Dpos,0.9529328993059215,0.037215887618079965,1.0,1.0,-1.2647045040842362,94,170,800,5,3,100,0.0,0,0.3,0.0,0.0,1.0,0.7,0.2,0.0,4.0,1.0,0.25
ind_skew_Dpos,0.9645421999325522,0.0369627667586409,1.0,1.0,-0.959284252149732,95,171,800,5,3,100,0.0,0,0.3,0.0,0.0,1.0,0.7,0.2,0.0,4.0,1.0,0.25
ind_skew_Dpos,0.9746274654444455,0.033831876953954225,1.0,1.0,-0.7499594122456467,96,172,800,5,3,100,0.0,0,0.3,0.0,0.0,1.0,0.7,0.2,0.0,4.0,1.0,0.25
ind_skew_Dpos,0.933593534808139,0.035477164251058874,1.0,1.0,-1.8718087139639124,97,173,800,5,3,100,0.0,0,0.3,0.0,0.0,1.0,0.7,0.2,0.0,4.0,1.0,0.25
ind_skew_Dpos,0.9559067735815949,0.03746690766125155,1.0,1.0,-1.1768579039685865,98,174,800,5,3,100,0.0,0,0.3,0.0,0.0,1.0,0.7,0.2,0.0,4.0,1.0,0.25
ind_skew_Dpos,0.916079326091067,0.034217319494003695,1.0,1.0,-2.4525788445713697,99,175,800,5,3,100,0.0,0,0.3,0.0,0.0,1.0,0.7,0.2,0.0,4.0,1.0,0.25
ind_skew_Dneg,1.0140568330075683,0.03673655426026288,1.0,1.0,0.3826388536056386,0,77,800,5,3,100,0.0,0,0.3,0.0,0.0,1.0,0.7,0.2,0.0,-4.0,1.0,0.25
ind_skew_Dneg,1.0029775362820808,0.03552545093511564,1.0,1.0,0.08381417276078999,1,78,800,5,3,100,0.0,0,0.3,0.0,0.0,1.0,0.7,0.2,0.0,-4.0,1.0,0.25
ind_skew_Dneg,1.0518939564258487,0.034521905047843075,1.0,1.0,1.503218213303412,2,79,800,5,3,100,0.0,0,0.3,0.0,0.0,1.0,0.7,0.2,0.0,-4.0,1.0,0.25
ind_skew_Dneg,0.9951361947155716,0.035888710553853585,1.0,1.0,-0.13552465968733915,3,80,800,5,3,100,0.0,0,0.3,0.0,0.0,1.0,0.7,0.2,0.0,-4.0,1.0,0.25
ind_skew_Dneg,0.982716343092137,0.032913641084953385,1.0,1.0,-0.525121388522534,4,81,800,5,3,100,0.0,0,0.3,0.0,0.0,1.0,0.7,0.2,0.0,-4.0,1.0,0.25
ind_skew_Dneg,1.0002155624224873,0.03388371333815938,1.0,1.0,0.006361829954586527,5,82,800,5,3,100,0.0,0,0.3,0.0,0.0,1.0,0.7,0.2,0.0,-4.0,1.0,0.25
ind_skew_Dneg,1.0230714875643276,0.03731118876819797,1.0,1.0,0.61835305510267,6,83,800,5,3,100,0.0,0,0.3,0.0,0.0,1.0,0.7,0.2,0.0,-4.0,1.0,0.25
ind_skew_Dneg,0.9481319513556218,0.03423484531021179,1.0,1.0,-1.5150659561738018,7,84,800,5,3,100,0.0,0,0.3,0.0,0.0,1.0,0.7,0.2,0.0,-4.0,1.0,0.25
ind_skew_Dneg,1.0416329296786795,0.03212417119910165,1.0,1.0,1.2960001184355456,8,85,800,5,3,100,0.0,0,0.3,0.0,0.0,1.0,0.7,0.2,0.0,-4.0,1.0,0.25
ind_skew_Dneg,0.9990217093479116,0.038959232284918204,1.0,1.0,-0.025110624483920974,9,86,800,5,3,100,0.0,0,0.3,0.0,0.0,1.0,0.7,0.2,0.0,-4.0,1.0,0.25
ind_skew_Dneg,0.9445315844983592,0.03810935662331133,1.0,1.0,-1.455506479679351,10,87,800,5,3,100,0.0,0,0.3,0.0,0.0,1.0,0.7,0.2,0.0,-4.0,1.0,0.25
ind_skew_Dneg,0.9408478143588591,0.033188635166055844,1.0,1.0,-1.7823024461590284,11,88,800,5,3,100,0.0,0,0.3,0.0,0.0,1.0,0.7,0.2,0.0,-4.0,1.0,0.25
ind_skew_Dneg,1.0258444595958804,0.03663839063483271,1.0,1.0,0.7053928720141354,12,89,800,5,3,100,0.0,0,0.3,0.0,0.0,1.0,0.7,0.2,0.0,-4.0,1.0,0.25
ind_skew_Dneg,0.9763725925056758,0.03756321446361414,1.0,1.0,-0.6290038760450356,13,90,800,5,3,100,0.0,0,0.3,0.0,0.0,1.0,0.7,0.2,0.0,-4.0,1.0,0.25
ind_skew_Dneg,0.8850381503844884,0.033892853031219236,1.0,1.0,-3.3919201050917263,14,91,800,5,3,100,0.0,0,0.3,0.0,0.0,1.0,0.7,0.2,0.0,-4.0,1.0,0.25
ind_skew_Dneg,0.9885194344048988,0.03688317632017816,1.0,1.0,-0.3112683543152552,15,92,800,5,3,100,0.0,0,0.3,0.0,0.0,1.0,0.7,0.2,0.0,-4.0,1.0,0.25
ind_skew_Dneg,0.9694446349953975,0.03831076619214314,1.0,1.0,-0.7975660118974313,16,93,800,5,3,100,0.0,0,0.3,0.0,0.0,1.0,0.7,0.2,0.0,-4.0,1.0,0.25
ind_skew_Dneg,1.0178330687713388,0.036896876009032985,1.0,1.0,0.4833219150307737,17,94,800,5,3,100,0.0,0,0.3,0.0,0.0,1.0,0.7,0.2,0.0,-4.0,1.0,0.25
ind_skew_Dneg,0.9542395484159055,0.03507106476577218,1.0,1.0,-1.3047921952102997,18,95,800,5,3,100,0.0,0,0.3,0.0,0.0,1.0,0.7,0.2,0.0,-4.0,1.0,0.25
ind_skew_Dneg,0.9618063920033889,0.03834856198086299,1.0,1.0,-0.9959593273841865,19,96,800,5,3,100,0.0,0,0.3,0.0,0.0,1.0,0.7,0.2,0.0,-4.0,1.0,0.25
ind_skew_Dneg,0.9767267947462748,0.035745626241486854,1.0,1.0,-0.6510784031729743,20,97,800,5,3,100,0.0,0,0.3,0.0,0.0,1.0,0.7,0.2,0.0,-4.0,1.0,0.25
ind_skew_Dneg,1.0307614530957867,0.03427575748637424,1.0,1.0,0.8974696797879788,21,98,800,5,3,100,0.0,0,0.3,0.0,0.0,1.0,0.7,0.2,0.0,-4.0,1.0,0.25
ind_skew_Dneg,0.9926678262928438,0.036919563695554686,1.0,1.0,-0.19859860120825462,22,99,800,5,3,100,0.0,0,0.3,0.0,0.0,1.0,0.7,0.2,0.0,-4.0,1.0,0.25
ind_skew_Dneg,0.955641491499018,0.03494402258914967,1.0,1.0,-1.2694162038103645,23,100,800,5,3,100,0.0,0,0.3,0.0,0.0,1.0,0.7,0.2,0.0,-4.0,1.0,0.25
ind_skew_Dneg,0.9810820270970525,0.03348600657889795,1.0,1.0,-0.5649515972701605,24,101,800,5,3,100,0.0,0,0.3,0.0,0.0,1.0,0.7,0.2,0.0,-4.0,1.0,0.25
ind_skew_Dneg,1.021745571679817,0.0359858125528747,1.0,1.0,0.6042818026650287,25,102,800,5,3,100,0.0,0,0.3,0.0,0.0,1.0,0.7,0.2,0.0,-4.0,1.0,0.25
ind_skew_Dneg,0.9873856391671018,0.03290074941915977,1.0,1.0,-0.38340648938386374,26,103,800,5,3,100,0.0,0,0.3,0.0,0.0,1.0,0.7,0.2,0.0,-4.0,1.0,0.25
ind_skew_Dneg,0.9911813447553222,0.03430111555378532,1.0,1.0,-0.25709528982664975,27,104,800,5,3,100,0.0,0,0.3,0.0,0.0,1.0,0.7,0.2,0.0,-4.0,1.0,0.25
ind_skew_Dneg,0.8991685879336397,0.03561134158933467,1.0,1.0,-2.8314409838622456,28,105,800,5,3,100,0.0,0,0.3,0.0,0.0,1.0,0.7,0.2,0.0,-4.0,1.0,0.25
ind_skew_Dneg,0.9672882261840233,0.036121752085892106,1.0,1.0,-0.9055976503629444,29,106,800,5,3,100,0.0,0,0.3,0.0,0.0,1.0,0.7,0.2,0.0,-4.0,1.0,0.25
ind_skew_Dneg,1.0251793856680134,0.03829417792965123,1.0,1.0,0.6575251651639957,30,107,800,5,3,100,0.0,0,0.3,0.0,0.0,1.0,0.7,0.2,0.0,-4.0,1.0,0.25
ind_skew_Dneg,0.9353075599222088,0.037077034763952306,1.0,1.0,-1.7448115926651075,31,108,800,5,3,100,0.0,0,0.3,0.0,0.0,1.0,0.7,0.2,0.0,-4.0,1.0,0.25
ind_skew_Dneg,0.9874866684393591,0.03673950794784493,1.0,1.0,-0.34059605747591254,32,109,800,5,3,100,0.0,0,0.3,0.0,0.0,1.0,0.7,0.2,0.0,-4.0,1.0,0.25
ind_skew_Dneg,1.0080075183966868,0.03533475617022951,1.0,1.0,0.22661875344800983,33,110,800,5,3,100,0.0,0,0.3,0.0,0.0,1.0,0.7,0.2,0.0,-4.0,1.0,0.25
ind_skew_Dneg,0.8901742696520851,0.03696032614880932,1.0,1.0,-2.971449167026707,34,111,800,5,3,100,0.0,0,0.3,0.0,0.0,1.0,0.7,0.2,0.0,-4.0,1.0,0.25
ind_skew_Dneg,0.9490580943280984,0.039011897229464784,1.0,1.0,-1.3058043645574446,35,112,800,5,3,100,0.0,0,0.3,0.0,0.0,1.0,0.7,0.2,0.0,-4.0,1.0,0.25
ind_skew_Dneg,0.9660192464249051,0.03502916442676203,1.0,1.0,-0.9700703437029129,36,113,800,5,3,100,0.0,0,0.3,0.0,0.0,1.0,0.7,0.2,0.0,-4.0,1.0,0.25
ind_skew_Dneg,1.0077963027823218,0.03302356653464204,1.0,1.0,0.23608300375864605,37,114,800,5,3,100,0.0,0,0.3,0.0,0.0,1.0,0.7,0.2,0.0,-4.0,1.0,0.25
ind_skew_Dneg,1.0382310414584102,0.03542949607684397,1.0,1.0,1.07907381396252,38,115,800,5,3,100,0.0,0,0.3,0.0,0.0,1.0,0.7,0.2,0.0,-4.0,1.0,0.25
ind_skew_Dneg,0.9753168620258851,0.034488151477014756,1.0,1.0,-0.7156990710437304,39,116,800,5,3,100,0.0,0,0.3,0.0,0.0,1.0,0.7,0.2,0.0,-4.0,1.0,0.25
ind_skew_Dneg,0.9464055242419067,0.039056188087397144,1.0,1.0,-1.3722403128068568,40,117,800,5,3,100,0.0,0,0.3,0.0,0.0,1.0,0.7,0.2,0.0,-4.0,1.0,0.25
ind_skew_Dneg,0.988011180637003,0.03571600833820868,1.0,1.0,-0.33567075159884174,41,118,800,5,3,100,0.0,0,0.3,0.0,0.0,1.0,0.7,0.2,0.0,-4.0,1.0,0.25
ind_skew_Dneg,0.9907786081307373,0.039268113495586864,1.0,1.0,-0.23483154774672546,42,119,800,5,3,100,0.0,0,0.3,0.0,0.0,1.0,0.7,0.2,0.0,-4.0,1.0,0.25
ind_skew_Dneg,0.9951576277674802,0.03445134650305892,1.0,1.0,-0.14055683519045817,43,120,800,5,3,100,0.0,0,0.3,0.0,0.0,1.0,0.7,0.2,0.0,-4.0,1.0,0.25
ind_skew_Dneg,0.9563684520605973,0.03688179873917373,1.0,1.0,-1.1830103040245645,44,121,800,5,3,100,0.0,0,0.3,0.0,0.0,1.0,0.7,0.2,0.0,-4.0,1.0,0.25
ind_skew_Dneg,1.057246803282321,0.035330169279130595,1.0,1.0,1.6203376448619649,45,122,800,5,3,100,0.0,0,0.3,0.0,0.0,1.0,0.7,0.2,0.0,-4.0,1.0,0.25
ind_skew_Dneg,1.046666523142732,0.03599195510898766,1.0,1.0,1.2965820556682863,46,123,800,5,3,100,0.0,0,0.3,0.0,0.0,1.0,0.7,0.2,0.0,-4.0,1.0,0.25
ind_skew_Dneg,0.9091130309081711,0.035516647090146326,1.0,1.0,-2.5589963168861294,47,124,800,5,3,100,0.0,0,0.3,0.0,0.0,1.0,0.7,0.2,0.0,-4.0,1.0,0.25
ind_skew_Dneg,1.0178721505911152,0.03502543355477154,1.0,1.0,0.5102620803584744,48,125,800,5,3,100,0.0,0,0.3,0.0,0.0,1.0,0.7,0.2,0.0,-4.0,1.0,0.25
ind_skew_Dneg,1.005677818346077,0.036330018471190176,1.0,1.0,0.15628448828286684,49,126,800,5,3,100,0.0,0,0.3,0.0,0.0,1.0,0.7,0.2,0.0,-4.0,1.0,0.25
ind_skew_Dneg,0.9417761373053805,0.03437562546071433,1.0,1.0,-1.6937542783377082,50,127,800,5,3,100,0.0,0,0.3,0.0,0.0,1.0,0.7,0.2,0.0,-4.0,1.0,0.25
ind_skew_Dneg,0.9699848222289685,0.038375456992597576,1.0,1.0,-0.7821451553481497,51,128,800,5,3,100,0.0,0,0.3,0.0,0.0,1.0,0.7,0.2,0.0,-4.0,1.0,0.25
ind_skew_Dneg,0.9882552216629483,0.035225113143555815,1.0,1.0,-0.3334205993657766,52,129,800,5,3,100,0.0,0,0.3,0.0,0.0,1.0,0.7,0.2,0.0,-4.0,1.0,0.25
ind_skew_Dneg,0.971112503363122,0.03512411254953374,1.0,1.0,-0.8224406124464895,53,130,800,5,3,100,0.0,0,0.3,0.0,0.0,1.0,0.7,0.2,0.0,-4.0,1.0,0.25
ind_skew_Dneg,1.0248558496620923,0.036433230223067485,1.0,1.0,0.68223019232467,54,131,800,5,3,100,0.0,0,0.3,0.0,0.0,1.0,0.7,0.2,0.0,-4.0,1.0,0.25
ind_skew_Dneg,0.9377548106251756,0.03572581722661467,1.0,1.0,-1.7423027436991296,55,132,800,5,3,100,0.0,0,0.3,0.0,0.0,1.0,0.7,0.2,0.0,-4.0,1.0,0.25
ind_skew_Dneg,0.9920979285482722,0.034294843447901166,1.0,1.0,-0.23041573184995648,56,133,800,5,3,100,0.0,0,0.3,0.0,0.0,1.0,0.7,0.2,0.0,-4.0,1.0,0.25
ind_skew_Dneg,0.9725525965082988,0.03519554171439579,1.0,1.0,-0.7798545541486733,57,134,800,5,3,100,0.0,0,0.3,0.0,0.0,1.0,0.7,0.2,0.0,-4.0,1.0,0.25
ind_skew_Dneg,1.0049698120688295,0.03600821636019797,1.0,1.0,0.1380188348991078,58,135,800,5,3,100,0.0,0,0.3,0.0,0.0,1.0,0.7,0.2,0.0,-4.0,1.0,0.25
ind_skew_Dneg,0.9907185189062174,0.038853388411835436,1.0,1.0,-0.2388847272572826,59,136,800,5,3,100,0.0,0,0.3,0.0,0.0,1.0,0.7,0.2,0.0,-4.0,1.0,0.25
ind_skew_Dneg,0.9538642426530174,0.03609766599607831,1.0,1.0,-1.278081451360175,60,137,800,5,3,100,0.0,0,0.3,0.0,0.0,1.0,0.7,0.2,0.0,-4.0,1.0,0.25
ind_skew_Dneg,0.9945059992647344,0.037803069901756636,1.0,1.0,-0.14533213174336218,61,138,800,5,3,100,0.0,0,0.3,0.0,0.0,1.0,0.7,0.2,0.0,-4.0,1.0,0.25
ind_skew_Dneg,1.0004377108004359,0.03750488334963516,1.0,1.0,0.011670768213177826,62,139,800,5,3,100,0.0,0,0.3,0.0,0.0,1.0,0.7,0.2,0.0,-4.0,1.0,0.25
ind_skew_Dneg,0.8962224932669173,0.03769800381073304,1.0,1.0,-2.7528647737983443,63,140,800,5,3,100,0.0,0,0.3,0.0,0.0,1.0,0.7,0.2,0.0,-4.0,1.0,0.25
ind_skew_Dneg,1.0043568018605227,0.03609705185457292,1.0,1.0,0.12069688898903076,64,141,800,5,3,100,0.0,0,0.3,0.0,0.0,1.0,0.7,0.2,0.0,-4.0,1.0,0.25
ind_skew_Dneg,0.9723513131433795,0.035266714280725565,1.0,1.0,-0.7839881718646924,65,142,800,5,3,100,0.0,0,0.3,0.0,0.0,1.0,0.7,0.2,0.0,-4.0,1.0,0.25
ind_skew_Dneg,0.9141998929618548,0.038363219922489165,1.0,1.0,-2.236519958739119,66,143,800,5,3,100,0.0,0,0.3,0.0,0.0,1.0,0.7,0.2,0.0,-4.0,1.0,0.25
ind_skew_Dneg,1.0145258567571718,0.03713918899388311,1.0,1.0,0.39111938495921944,67,144,800,5,3,100,0.0,0,0.3,0.0,0.0,1.0,0.7,0.2,0.0,-4.0,1.0,0.25
ind_skew_Dneg,0.9560696537671678,0.037660898512438055,1.0,1.0,-1.1664710075444318,68,145,800,5,3,100,0.0,0,0.3,0.0,0.0,1.0,0.7,0.2,0.0,-4.0,1.0,0.25
ind_skew_Dneg,1.0013093959117114,0.03457662114856999,1.0,1.0,0.03786940042768098,69,146,800,5,3,100,0.0,0,0.3,0.0,0.0,1.0,0.7,0.2,0.0,-4.0,1.0,0.25
ind_skew_Dneg,1.0325573319823533,0.03495879909246206,1.0,1.0,0.9313057893162429,70,147,800,5,3,100,0.0,0,0.3,0.0,0.0,1.0,0.7,0.2,0.0,-4.0,1.0,0.25
ind_skew_Dneg,0.9741313800583262,0.03705567201835662,1.0,1.0,-0.6981014925018495,71,148,800,5,3,100,0.0,0,0.3,0.0,0.0,1.0,0.7,0.2,0.0,-4.0,1.0,0.25
ind_skew_Dneg,1.0238654902751358,0.030964938882829297,1.0,1.0,0.7707262192714922,72,149,800,5,3,100,0.0,0,0.3,0.0,0.0,1.0,0.7,0.2,0.0,-4.0,1.0,0.25
ind_skew_Dneg,0.9372471830622792,0.03972038454810193,1.0,1.0,-1.579864285093371,73,150,800,5,3,100,0.0,0,0.3,0.0,0.0,1.0,0.7,0.2,0.0,-4.0,1.0,0.25
ind_skew_Dneg,1.0067746498741659,0.03505639102345033,1.0,1.0,0.193250065862002,74,151,800,5,3,100,0.0,0,0.3,0.0,0.0,1.0,0.7,0.2,0.0,-4.0,1.0,0.25
ind_skew_Dneg,1.0796676754470844,0.03395302399933489,1.0,1.0,2.346408833824199,75,152,800,5,3,100,0.0,0,0.3,0.0,0.0,1.0,0.7,0.2,0.0,-4.0,1.0,0.25
ind_skew_Dneg,0.9594096947210947,0.03617232072849707,1.0,1.0,-1.1221371607193469,76,153,800,5,3,100,0.0,0,0.3,0.0,0.0,1.0,0.7,0.2,0.0,-4.0,1.0,0.25
ind_skew_Dneg,0.9541800042528245,0.03658031470175734,1.0,1.0,-1.2525861551698,77,154,800,5,3,100,0.0,0,0.3,0.0,0.0,1.0,0.7,0.2,0.0,-4.0,1.0,0.25
ind_skew_Dneg,1.0651364274506139,0.03654973198003872,1.0,1.0,1.7821314664136936,78,155,800,5,3,100,0.0,0,0.3,0.0,0.0,1.0,0.7,0.2,0.0,-4.0,1.0,0.25
ind_skew_Dneg,1.0147677369043788,0.03976985118559597,1.0,1.0,0.3713299513106419,79,156,800,5,3,100,0.0,0,0.3,0.0,0.0,1.0,0.7,0.2,0.0,-4.0,1.0,0.25
ind_skew_Dneg,0.9572522516005258,0.0348069622419343,1.0,1.0,-1.2281378680031159,80,157,800,5,3,100,0.0,0,0.3,0.0,0.0,1.0,0.7,0.2,0.0,-4.0,1.0,0.25
ind_skew_Dneg,0.9894428823055561,0.03767791644230019,1.0,1.0,-0.2801937763891755,81,158,800,5,3,100,0.0,0,0.3,0.0,0.0,1.0,0.7,0.2,0.0,-4.0,1.0,0.25
ind_skew_Dneg,0.9980122321132003,0.03263433917628024,1.0,1.0,-0.060910315237651294,82,159,800,5,3,100,0.0,0,0.3,0.0,0.0,1.0,0.7,0.2,0.0,-4.0,1.0,0.25
ind_skew_Dneg,0.9846850598692655,0.04002523285751813,1.0,1.0,-0.38263213071745705,83,160,800,5,3,100,0.0,0,0.3,0.0,0.0,1.0,0.7,0.2,0.0,-4.0,1.0,0.25
ind_skew_Dneg,0.9679476854130126,0.03595196902266415,1.0,1.0,-0.891531547737528,84,161,800,5,3,100,0.0,0,0.3,0.0,0.0,1.0,0.7,0.2,0.0,-4.0,1.0,0.25
ind_skew_Dneg,1.0264662522032255,0.03823804896326538,1.0,1.0,0.6921444195191856,85,162,800,5,3,100,0.0,0,0.3,0.0,0.0,1.0,0.7,0.2,0.0,-4.0,1.0,0.25
ind_skew_Dneg,0.9917298947237185,0.03608702771921486,1.0,1.0,-0.22917113985195234,86,163,800,5,3,100,0.0,0,0.3,0.0,0.0,1.0,0.7,0.2,0.0,-4.0,1.0,0.25
ind_skew_Dneg,0.9897064783722791,0.034396821892248394,1.0,1.0,-0.2992579273738261,87,164,800,5,3,100,0.0,0,0.3,0.0,0.0,1.0,0.7,0.2,0.0,-4.0,1.0,0.25
ind_skew_Dneg,0.9931101328448253,0.03419727300878608,1.0,1.0,-0.20147416881470437,88,165,800,5,3,100,0.0,0,0.3,0.0,0.0,1.0,0.7,0.2,0.0,-4.0,1.0,0.25
ind_skew_Dneg,0.9825301397949419,0.03660731612341034,1.0,1.0,-0.4772231907459117,89,166,800,5,3,100,0.0,0,0.3,0.0,0.0,1.0,0.7,0.2,0.0,-4.0,1.0,0.25
ind_skew_Dneg,0.9847508598222449,0.03765808504361511,1.0,1.0,-0.40493668650686243,90,167,800,5,3,100,0.0,0,0.3,0.0,0.0,1.0,0.7,0.2,0.0,-4.0,1.0,0.25
ind_skew_Dneg,0.9549884975574889,0.03635110399294759,1.0,1.0,-1.2382430654992944,91,168,800,5,3,100,0.0,0,0.3,0.0,0.0,1.0,0.7,0.2,0.0,-4.0,1.0,0.25
ind_skew_Dneg,1.062691703290354,0.03329663827822699,1.0,1.0,1.8828238084127773,92,169,800,5,3,100,0.0,0,0.3,0.0,0.0,1.0,0.7,0.2,0.0,-4.0,1.0,0.25
ind_skew_Dneg,0.9529328993059215,0.037215887618079965,1.0,1.0,-1.2647045040842362,93,170,800,5,3,100,0.0,0,0.3,0.0,0.0,1.0,0.7,0.2,0.0,-4.0,1.0,0.25
ind_skew_Dneg,0.9645421999325522,0.0369627667586409,1.0,1.0,-0.959284252149732,94,171,800,5,3,100,0.0,0,0.3,0.0,0.0,1.0,0.7,0.2,0.0,-4.0,1.0,0.25
ind_skew_Dneg,0.9746274654444455,0.033831876953954225,1.0,1.0,-0.7499594122456467,95,172,800,5,3,100,0.0,0,0.3,0.0,0.0,1.0,0.7,0.2,0.0,-4.0,1.0,0.25
ind_skew_Dneg,0.933593534808139,0.035477164251058874,1.0,1.0,-1.8718087139639124,96,173,800,5,3,100,0.0,0,0.3,0.0,0.0,1.0,0.7,0.2,0.0,-4.0,1.0,0.25
ind_skew_Dneg,0.955906773581595,0.0374669076612516,1.0,1.0,-1.1768579039685818,97,174,800,5,3,100,0.0,0,0.3,0.0,0.0,1.0,0.7,0.2,0.0,-4.0,1.0,0.25
ind_skew_Dneg,0.916079326091067,0.034217319494003695,1.0,1.0,-2.4525788445713697,98,175,800,5,3,100,0.0,0,0.3,0.0,0.0,1.0,0.7,0.2,0.0,-4.0,1.0,0.25
ind_skew_Dneg,0.990482838190748,0.036563331412018917,1.0,1.0,-0.260292523731127,99,176,800,5,3,100,0.0,0,0.3,0.0,0.0,1.0,0.7,0.2,0.0,-4.0,1.0,0.25
ind_skew_Y,1.0029775362820808,0.03552545093511564,1.0,1.0,0.08381417276078999,0,78,800,5,3,100,0.0,0,0.3,0.0,0.0,0.5,0.7,1.0,1.0,0.25,4.0,0.0
ind_skew_Y,1.0518939564258487,0.034521905047843075,1.0,1.0,1.503218213303412,1,79,800,5,3,100,0.0,0,0.3,0.0,0.0,0.5,0.7,1.0,1.0,0.25,4.0,0.0
ind_skew_Y,0.9951361947155716,0.035888710553853585,1.0,1.0,-0.13552465968733915,2,80,800,5,3,100,0.0,0,0.3,0.0,0.0,0.5,0.7,1.0,1.0,0.25,4.0,0.0
ind_skew_Y,0.9827163430921366,0.03291364108495344,1.0,1.0,-0.5251213885225432,3,81,800,5,3,100,0.0,0,0.3,0.0,0.0,0.5,0.7,1.0,1.0,0.25,4.0,0.0
ind_skew_Y,1.000215562422487,0.03388371333815938,1.0,1.0,0.0063618299545799735,4,82,800,5,3,100,0.0,0,0.3,0.0,0.0,0.5,0.7,1.0,1.0,0.25,4.0,0.0
ind_skew_Y,1.0230714875643276,0.03731118876819797,1.0,1.0,0.61835305510267,5,83,800,5,3,100,0.0,0,0.3,0.0,0.0,0.5,0.7,1.0,1.0,0.25,4.0,0.0
ind_skew_Y,0.9481319513556218,0.03423484531021179,1.0,1.0,-1.5150659561738018,6,84,800,5,3,100,0.0,0,0.3,0.0,0.0,0.5,0.7,1.0,1.0,0.25,4.0,0.0
ind_skew_Y,1.0416329296786795,0.03212417119910165,1.0,1.0,1.2960001184355456,7,85,800,5,3,100,0.0,0,0.3,0.0,0.0,0.5,0.7,1.0,1.0,0.25,4.0,0.0
ind_skew_Y,0.9990217093479115,0.03895923228491826,1.0,1.0,-0.025110624483923788,8,86,800,5,3,100,0.0,0,0.3,0.0,0.0,0.5,0.7,1.0,1.0,0.25,4.0,0.0
ind_skew_Y,0.9445315844983594,0.03810935662331133,1.0,1.0,-1.455506479679345,9,87,800,5,3,100,0.0,0,0.3,0.0,0.0,0.5,0.7,1.0,1.0,0.25,4.0,0.0
ind_skew_Y,0.940847814358859,0.0331886351660559,1.0,1.0,-1.7823024461590289,10,88,800,5,3,100,0.0,0,0.3,0.0,0.0,0.5,0.7,1.0,1.0,0.25,4.0,0.0
ind_skew_Y,1.0258444595958804,0.03663839063483271,1.0,1.0,0.7053928720141354,11,89,800,5,3,100,0.0,0,0.3,0.0,0.0,0.5,0.7,1.0,1.0,0.25,4.0,0.0
ind_skew_Y,0.9763725925056757,0.03756321446361408,1.0,1.0,-0.6290038760450395,12,90,800,5,3,100,0.0,0,0.3,0.0,0.0,0.5,0.7,1.0,1.0,0.25,4.0,0.0
ind_skew_Y,0.8850381503844882,0.033892853031219236,1.0,1.0,-3.391920105091733,13,91,800,5,3,100,0.0,0,0.3,0.0,0.0,0.5,0.7,1.0,1.0,0.25,4.0,0.0
ind_skew_Y,0.9885194344048988,0.03688317632017816,1.0,1.0,-0.3112683543152552,14,92,800,5,3,100,0.0,0,0.3,0.0,0.0,0.5,0.7,1.0,1.0,0.25,4.0,0.0
ind_skew_Y,0.9694446349953975,0.03831076619214314,1.0,1.0,-0.7975660118974313,15,93,800,5,3,100,0.0,0,0.3,0.0,0.0,0.5,0.7,1.0,1.0,0.25,4.0,0.0
ind_skew_Y,1.0178330687713388,0.036896876009032985,1.0,1.0,0.4833219150307737,16,94,800,5,3,100,0.0,0,0.3,0.0,0.0,0.5,0.7,1.0,1.0,0.25,4.0,0.0
ind_skew_Y,0.9542395484159057,0.03507106476577229,1.0,1.0,-1.3047921952102892,17,95,800,5,3,100,0.0,0,0.3,0.0,0.0,0.5,0.7,1.0,1.0,0.25,4.0,0.0
ind_skew_Y,0.9618063920033888,0.038348561980862936,1.0,1.0,-0.9959593273841908,18,96,800,5,3,100,0.0,0,0.3,0.0,0.0,0.5,0.7,1.0,1.0,0.25,4.0,0.0
ind_skew_Y,0.9767267947462749,0.03574562624148679,1.0,1.0,-0.6510784031729723,19,97,800,5,3,100,0.0,0,0.3,0.0,0.0,0.5,0.7,1.0,1.0,0.25,4.0,0.0
ind_skew_Y,1.030761453095787,0.03427575748637424,1.0,1.0,0.8974696797879852,20,98,800,5,3,100,0.0,0,0.3,0.0,0.0,0.5,0.7,1.0,1.0,0.25,4.0,0.0
ind_skew_Y,0.9926678262928438,0.036919563695554686,1.0,1.0,-0.19859860120825462,21,99,800,5,3,100,0.0,0,0.3,0.0,0.0,0.5,0.7,1.0,1.0,0.25,4.0,0.0
ind_skew_Y,0.9556414914990178,0.03494402258914967,1.0,1.0,-1.2694162038103707,22,100,800,5,3,100,0.0,0,0.3,0.0,0.0,0.5,0.7,1.0,1.0,0.25,4.0,0.0
ind_skew_Y,0.9810820270970526,0.033486006578898005,1.0,1.0,-0.5649515972701563,23,101,800,5,3,100,0.0,0,0.3,0.0,0.0,0.5,0.7,1.0,1.0,0.25,4.0,0.0
ind_skew_Y,1.021745571679817,0.0359858125528747,1.0,1.0,0.6042818026650287,24,102,800,5,3,100,0.0,0,0.3,0.0,0.0,0.5,0.7,1.0,1.0,0.25,4.0,0.0
ind_skew_Y,0.9873856391671015,0.03290074941915977,1.0,1.0,-0.3834064893838705,25,103,800,5,3,100,0.0,0,0.3,0.0,0.0,0.5,0.7,1.0,1.0,0.25,4.0,0.0
ind_skew_Y,0.9911813447553218,0.03430111555378538,1.0,1.0,-0.2570952898266591,26,104,800,5,3,100,0.0,0,0.3,0.0,0.0,0.5,0.7,1.0,1.0,0.25,4.0,0.0
ind_skew_Y,0.8991685879336397,0.03561134158933467,1.0,1.0,-2.8314409838622456,27,105,800,5,3,100,0.0,0,0.3,0.0,0.0,0.5,0.7,1.0,1.0,0.25,4.0,0.0
ind_skew_Y,0.9672882261840233,0.036121752085892106,1.0,1.0,-0.9055976503629444,28,106,800,5,3,100,0.0,0,0.3,0.0,0.0,0.5,0.7,1.0,1.0,0.25,4.0,0.0
ind_skew_Y,1.0251793856680134,0.03829417792965123,1.0,1.0,0.6575251651639957,29,107,800,5,3,100,0.0,0,0.3,0.0,0.0,0.5,0.7,1.0,1.0,0.25,4.0,0.0
ind_skew_Y,0.9353075599222088,0.037077034763952306,1.0,1.0,-1.7448115926651075,30,108,800,5,3,100,0.0,0,0.3,0.0,0.0,0.5,0.7,1.0,1.0,0.25,4.0,0.0
ind_skew_Y,0.9874866684393591,0.03673950794784493,1.0,1.0,-0.34059605747591254,31,109,800,5,3,100,0.0,0,0.3,0.0,0.0,0.5,0.7,1.0,1.0,0.25,4.0,0.0
ind_skew_Y,1.0080075183966868,0.03533475617022951,1.0,1.0,0.22661875344800983,32,110,800,5,3,100,0.0,0,0.3,0.0,0.0,0.5,0.7,1.0,1.0,0.25,4.0,0.0
ind_skew_Y,0.8901742696520851,0.03696032614880932,1.0,1.0,-2.971449167026707,33,111,800,5,3,100,0.0,0,0.3,0.0,0.0,0.5,0.7,1.0,1.0,0.25,4.0,0.0
ind_skew_Y,0.9490580943280986,0.039011897229464784,1.0,1.0,-1.305804364557439,34,112,800,5,3,100,0.0,0,0.3,0.0,0.0,0.5,0.7,1.0,1.0,0.25,4.0,0.0
ind_skew_Y,0.966019246424905,0.035029164426761975,1.0,1.0,-0.9700703437029176,35,113,800,5,3,100,0.0,0,0.3,0.0,0.0,0.5,0.7,1.0,1.0,0.25,4.0,0.0
ind_skew_Y,1.0077963027823216,0.03302356653464204,1.0,1.0,0.23608300375863933,36,114,800,5,3,100,0.0,0,0.3,0.0,0.0,0.5,0.7,1.0,1.0,0.25,4.0,0.0
ind_skew_Y,1.0382310414584104,0.03542949607684397,1.0,1.0,1.0790738139625262,37,115,800,5,3,100,0.0,0,0.3,0.0,0.0,0.5,0.7,1.0,1.0,0.25,4.0,0.0
ind_skew_Y,0.9753168620258851,0.034488151477014756,1.0,1.0,-0.7156990710437304,38,116,800,5,3,100,0.0,0,0.3,0.0,0.0,0.5,0.7,1.0,1.0,0.25,4.0,0.0
ind_skew_Y,0.946405524241907,0.0390561880873972,1.0,1.0,-1.372240312806846,39,117,800,5,3,100,0.0,0,0.3,0.0,0.0,0.5,0.7,1.0,1.0,0.25,4.0,0.0
ind_skew_Y,0.988011180637003,0.03571600833820868,1.0,1.0,-0.33567075159884174,40,118,800,5,3,100,0.0,0,0.3,0.0,0.0,0.5,0.7,1.0,1.0,0.25,4.0,0.0
ind_skew_Y,0.9907786081307373,0.039268113495586864,1.0,1.0,-0.23483154774672546,41,119,800,5,3,100,0.0,0,0.3,0.0,0.0,0.5,0.7,1.0,1.0,0.25,4.0,0.0
ind_skew_Y,0.9951576277674802,0.03445134650305892,1.0,1.0,-0.14055683519045817,42,120,800,5,3,100,0.0,0,0.3,0.0,0.0,0.5,0.7,1.0,1.0,0.25,4.0,0.0
ind_skew_Y,0.9563684520605975,0.03688179873917373,1.0,1.0,-1.1830103040245585,43,121,800,5,3,100,0.0,0,0.3,0.0,0.0,0.5,0.7,1.0,1.0,0.25,4.0,0.0
ind_skew_Y,1.057246803282321,0.035330169279130595,1.0,1.0,1.6203376448619649,44,122,800,5,3,100,0.0,0,0.3,0.0,0.0,0.5,0.7,1.0,1.0,0.25,4.0,0.0
ind_skew_Y,1.046666523142732,0.03599195510898766,1.0,1.0,1.2965820556682863,45,123,800,5,3,100,0.0,0,0.3,0.0,0.0,0.5,0.7,1.0,1.0,0.25,4.0,0.0
ind_skew_Y,0.9091130309081711,0.035516647090146326,1.0,1.0,-2.5589963168861294,46,124,800,5,3,100,0.0,0,0.3,0.0,0.0,0.5,0.7,1.0,1.0,0.25,4.0,0.0
ind_skew_Y,1.0178721505911152,0.03502543355477154,1.0,1.0,0.5102620803584744,47,125,800,5,3,100,0.0,0,0.3,0.0,0.0,0.5,0.7,1.0,1.0,0.25,4.0,0.0
ind_skew_Y,1.005677818346077,0.036330018471190176,1.0,1.0,0.15628448828286684,48,126,800,5,3,100,0.0,0,0.3,0.0,0.0,0.5,0.7,1.0,1.0,0.25,4.0,0.0
ind_skew_Y,0.9417761373053805,0.03437562546071433,1.0,1.0,-1.6937542783377082,49,127,800,5,3,100,0.0,0,0.3,0.0,0.0,0.5,0.7,1.0,1.0,0.25,4.0,0.0
ind_skew_Y,0.9699848222289683,0.038375456992597576,1.0,1.0,-0.7821451553481554,50,128,800,5,3,100,0.0,0,0.3,0.0,0.0,0.5,0.7,1.0,1.0,0.25,4.0,0.0
ind_skew_Y,0.9882552216629483,0.035225113143555815,1.0,1.0,-0.3334205993657766,51,129,800,5,3,100,0.0,0,0.3,0.0,0.0,0.5,0.7,1.0,1.0,0.25,4.0,0.0
ind_skew_Y,0.971112503363122,0.03512411254953374,1.0,1.0,-0.8224406124464895,52,130,800,5,3,100,0.0,0,0.3,0.0,0.0,0.5,0.7,1.0,1.0,0.25,4.0,0.0
ind_skew_Y,1.0248558496620925,0.036433230223067485,1.0,1.0,0.6822301923246761,53,131,800,5,3,100,0.0,0,0.3,0.0,0.0,0.5,0.7,1.0,1.0,0.25,4.0,0.0
ind_skew_Y,0.9377548106251756,0.03572581722661467,1.0,1.0,-1.7423027436991296,54,132,800,5,3,100,0.0,0,0.3,0.0,0.0,0.5,0.7,1.0,1.0,0.25,4.0,0.0
ind_skew_Y,0.9920979285482722,0.034294843447901166,1.0,1.0,-0.23041573184995648,55,133,800,5,3,100,0.0,0,0.3,0.0,0.0,0.5,0.7,1.0,1.0,0.25,4.0,0.0
ind_skew_Y,0.9725525965082986,0.03519554171439579,1.0,1.0,-0.7798545541486797,56,134,800,5,3,100,0.0,0,0.3,0.0,0.0,0.5,0.7,1.0,1.0,0.25,4.0,0.0
ind_skew_Y,1.0049698120688295,0.03600821636019797,1.0,1.0,0.1380188348991078,57,135,800,5,3,100,0.0,0,0.3,0.0,0.0,0.5,0.7,1.0,1.0,0.25,4.0,0.0
ind_skew_Y,0.9907185189062174,0.038853388411835436,1.0,1.0,-0.2388847272572826,58,136,800,5,3,100,0.0,0,0.3,0.0,0.0,0.5,0.7,1.0,1.0,0.25,4.0,0.0
ind_skew_Y,0.9538642426530174,0.03609766599607831,1.0,1.0,-1.278081451360175,59,137,800,5,3,100,0.0,0,0.3,0.0,0.0,0.5,0.7,1.0,1.0,0.25,4.0,0.0
ind_skew_Y,0.9945059992647346,0.037803069901756636,1.0,1.0,-0.1453321317433563,60,138,800,5,3,100,0.0,0,0.3,0.0,0.0,0.5,0.7,1.0,1.0,0.25,4.0,0.0
ind_skew_Y,1.0004377108004356,0.03750488334963516,1.0,1.0,0.011670768213171905,61,139,800,5,3,100,0.0,0,0.3,0.0,0.0,0.5,0.7,1.0,1.0,0.25,4.0,0.0
ind_skew_Y,0.8962224932669173,0.03769800381073304,1.0,1.0,-2.7528647737983443,62,140,800,5,3,100,0.0,0,0.3,0.0,0.0,0.5,0.7,1.0,1.0,0.25,4.0,0.0
ind_skew_Y,1.0043568018605227,0.03609705185457292,1.0,1.0,0.12069688898903076,63,141,800,5,3,100,0.0,0,0.3,0.0,0.0,0.5,0.7,1.0,1.0,0.25,4.0,0.0
ind_skew_Y,0.9723513131433795,0.035266714280725565,1.0,1.0,-0.7839881718646924,64,142,800,5,3,100,0.0,0,0.3,0.0,0.0,0.5,0.7,1.0,1.0,0.25,4.0,0.0
ind_skew_Y,0.9141998929618548,0.038363219922489165,1.0,1.0,-2.236519958739119,65,143,800,5,3,100,0.0,0,0.3,0.0,0.0,0.5,0.7,1.0,1.0,0.25,4.0,0.0
ind_skew_Y,1.0145258567571716,0.03713918899388311,1.0,1.0,0.39111938495921345,66,144,800,5,3,100,0.0,0,0.3,0.0,0.0,0.5,0.7,1.0,1.0,0.25,4.0,0.0
ind_skew_Y,0.9560696537671678,0.037660898512438055,1.0,1.0,-1.1664710075444318,67,145,800,5,3,100,0.0,0,0.3,0.0,0.0,0.5,0.7,1.0,1.0,0.25,4.0,0.0
ind_skew_Y,1.0013093959117114,0.03457662114856999,1.0,1.0,0.03786940042768098,68,146,800,5,3,100,0.0,0,0.3,0.0,0.0,0.5,0.7,1.0,1.0,0.25,4.0,0.0
ind_skew_Y,1.0325573319823533,0.03495879909246206,1.0,1.0,0.9313057893162429,69,147,800,5,3,100,0.0,0,0.3,0.0,0.0,0.5,0.7,1.0,1.0,0.25,4.0,0.0
ind_skew_Y,0.9741313800583262,0.03705567201835662,1.0,1.0,-0.6981014925018495,70,148,800,5,3,100,0.0,0,0.3,0.0,0.0,0.5,0.7,1.0,1.0,0.25,4.0,0.0
ind_skew_Y,1.0238654902751358,0.030964938882829297,1.0,1.0,0.7707262192714922,71,149,800,5,3,100,0.0,0,0.3,0.0,0.0,0.5,0.7,1.0,1.0,0.25,4.0,0.0
ind_skew_Y,0.9372471830622792,0.03972038454810193,1.0,1.0,-1.579864285093371,72,150,800,5,3,100,0.0,0,0.3,0.0,0.0,0.5,0.7,1.0,1.0,0.25,4.0,0.0
ind_skew_Y,1.0067746498741659,0.03505639102345033,1.0,1.0,0.193250065862002,73,151,800,5,3,100,0.0,0,0.3,0.0,0.0,0.5,0.7,1.0,1.0,0.25,4.0,0.0
ind_skew_Y,1.0796676754470844,0.03395302399933489,1.0,1.0,2.346408833824199,74,152,800,5,3,100,0.0,0,0.3,0.0,0.0,0.5,0.7,1.0,1.0,0.25,4.0,0.0
ind_skew_Y,0.9594096947210947,0.03617232072849707,1.0,1.0,-1.1221371607193469,75,153,800,5,3,100,0.0,0,0.3,0.0,0.0,0.5,0.7,1.0,1.0,0.25,4.0,0.0
ind_skew_Y,0.9541800042528245,0.03658031470175734,1.0,1.0,-1.2525861551698,76,154,800,5,3,100,0.0,0,0.3,0.0,0.0,0.5,0.7,1.0,1.0,0.25,4.0,0.0
ind_skew_Y,1.0651364274506139,0.03654973198003872,1.0,1.0,1.7821314664136936,77,155,800,5,3,100,0.0,0,0.3,0.0,0.0,0.5,0.7,1.0,1.0,0.25,4.0,0.0
ind_skew_Y,1.0147677369043788,0.03976985118559597,1.0,1.0,0.3713299513106419,78,156,800,5,3,100,0.0,0,0.3,0.0,0.0,0.5,0.7,1.0,1.0,0.25,4.0,0.0
ind_skew_Y,0.9572522516005258,0.0348069622419343,1.0,1.0,-1.2281378680031159,79,157,800,5,3,100,0.0,0,0.3,0.0,0.0,0.5,0.7,1.0,1.0,0.25,4.0,0.0
ind_skew_Y,0.9894428823055561,0.03767791644230019,1.0,1.0,-0.2801937763891755,80,158,800,5,3,100,0.0,0,0.3,0.0,0.0,0.5,0.7,1.0,1.0,0.25,4.0,0.0
ind_skew_Y,0.9980122321132006,0.03263433917628024,1.0,1.0,-0.060910315237644494,81,159,800,5,3,100,0.0,0,0.3,0.0,0.0,0.5,0.7,1.0,1.0,0.25,4.0,0.0
ind_skew_Y,0.9846850598692655,0.04002523285751813,1.0,1.0,-0.38263213071745705,82,160,800,5,3,100,0.0,0,0.3,0.0,0.0,0.5,0.7,1.0,1.0,0.25,4.0,0.0
ind_skew_Y,0.9679476854130126,0.03595196902266415,1.0,1.0,-0.891531547737528,83,161,800,5,3,100,0.0,0,0.3,0.0,0.0,0.5,0.7,1.0,1.0,0.25,4.0,0.0
ind_skew_Y,1.0264662522032255,0.03823804896326538,1.0,1.0,0.6921444195191856,84,162,800,5,3,100,0.0,0,0.3,0.0,0.0,0.5,0.7,1.0,1.0,0.25,4.0,0.0
ind_skew_Y,0.9917298947237185,0.03608702771921486,1.0,1.0,-0.22917113985195234,85,163,800,5,3,100,0.0,0,0.3,0.0,0.0,0.5,0.7,1.0,1.0,0.25,4.0,0.0
ind_skew_Y,0.9897064783722791,0.034396821892248394,1.0,1.0,-0.2992579273738261,86,164,800,5,3,100,0.0,0,0.3,0.0,0.0,0.5,0.7,1.0,1.0,0.25,4.0,0.0
ind_skew_Y,0.9931101328448253,0.03419727300878608,1.0,1.0,-0.20147416881470437,87,165,800,5,3,100,0.0,0,0.3,0.0,0.0,0.5,0.7,1.0,1.0,0.25,4.0,0.0
ind_skew_Y,0.9825301397949416,0.03660731612341034,1.0,1.0,-0.4772231907459178,88,166,800,5,3,100,0.0,0,0.3,0.0,0.0,0.5,0.7,1.0,1.0,0.25,4.0,0.0
ind_skew_Y,0.9847508598222448,0.03765808504361506,1.0,1.0,-0.404936686506866,89,167,800,5,3,100,0.0,0,0.3,0.0,0.0,0.5,0.7,1.0,1.0,0.25,4.0,0.0
ind_skew_Y,0.9549884975574889,0.03635110399294759,1.0,1.0,-1.2382430654992944,90,168,800,5,3,100,0.0,0,0.3,0.0,0.0,0.5,0.7,1.0,1.0,0.25,4.0,0.0
ind_skew_Y,1.0626917032903538,0.03329663827822699,1.0,1.0,1.8828238084127706,91,169,800,5,3,100,0.0,0,0.3,0.0,0.0,0.5,0.7,1.0,1.0,0.25,4.0,0.0
ind_skew_Y,0.9529328993059215,0.037215887618079965,1.0,1.0,-1.2647045040842362,92,170,800,5,3,100,0.0,0,0.3,0.0,0.0,0.5,0.7,1.0,1.0,0.25,4.0,0.0
ind_skew_Y,0.9645421999325522,0.0369627667586409,1.0,1.0,-0.959284252149732,93,171,800,5,3,100,0.0,0,0.3,0.0,0.0,0.5,0.7,1.0,1.0,0.25,4.0,0.0
ind_skew_Y,0.9746274654444455,0.033831876953954225,1.0,1.0,-0.7499594122456467,94,172,800,5,3,100,0.0,0,0.3,0.0,0.0,0.5,0.7,1.0,1.0,0.25,4.0,0.0
ind_skew_Y,0.9335935348081389,0.03547716425105882,1.0,1.0,-1.8718087139639183,95,173,800,5,3,100,0.0,0,0.3,0.0,0.0,0.5,0.7,1.0,1.0,0.25,4.0,0.0
ind_skew_Y,0.955906773581595,0.0374669076612516,1.0,1.0,-1.1768579039685818,96,174,800,5,3,100,0.0,0,0.3,0.0,0.0,0.5,0.7,1.0,1.0,0.25,4.0,0.0
ind_skew_Y,0.916079326091067,0.034217319494003695,1.0,1.0,-2.4525788445713697,97,175,800,5,3,100,0.0,0,0.3,0.0,0.0,0.5,0.7,1.0,1.0,0.25,4.0,0.0
ind_skew_Y,0.990482838190748,0.036563331412018917,1.0,1.0,-0.260292523731127,98,176,800,5,3,100,0.0,0,0.3,0.0,0.0,0.5,0.7,1.0,1.0,0.25,4.0,0.0
ind_skew_Y,0.979222349770414,0.03382886952798831,1.0,1.0,-0.614198775173247,99,177,800,5,3,100,0.0,0,0.3,0.0,0.0,0.5,0.7,1.0,1.0,0.25,4.0,0.0
