config_name,theta_hat,se,true_effect,true_theta,z,run_id,seed_used,n_samples,d_dim,dgp_num,n_runs,nonlinearity,sparse_k,skewness,interaction,heterogeneous,noise_std,rho,s1,a0,a1,b0,b1
0_base,1.1270394104468129,0.05724789885707818,1.0,1.0,2.219110447423969,0,60,400,3,3,100,0.0,0,0.3,0.0,0.0,1.0,0.7,1.0,1.0,0.25,1.0,0.25
0_base,1.1303061092376676,0.042754248413120526,1.0,1.0,3.047793238663949,1,61,400,3,3,100,0.0,0,0.3,0.0,0.0,1.0,0.7,1.0,1.0,0.25,1.0,0.25
0_base,0.8155991247426757,0.05232618081353199,1.0,1.0,-3.524065245932045,2,62,400,3,3,100,0.0,0,0.3,0.0,0.0,1.0,0.7,1.0,1.0,0.25,1.0,0.25
0_base,0.9527343259293523,0.04490944649196127,1.0,1.0,-1.0524661905843848,3,63,400,3,3,100,0.0,0,0.3,0.0,0.0,1.0,0.7,1.0,1.0,0.25,1.0,0.25
0_base,0.9344209369683962,0.04771410659322694,1.0,1.0,-1.3744166602694554,4,64,400,3,3,100,0.0,0,0.3,0.0,0.0,1.0,0.7,1.0,1.0,0.25,1.0,0.25
0_base,1.066361245667596,0.05118206632729724,1.0,1.0,1.2965722259674204,5,65,400,3,3,100,0.0,0,0.3,0.0,0.0,1.0,0.7,1.0,1.0,0.25,1.0,0.25
0_base,1.0266772875651275,0.06331550090458976,1.0,1.0,0.4213389641397231,6,66,400,3,3,100,0.0,0,0.3,0.0,0.0,1.0,0.7,1.0,1.0,0.25,1.0,0.25
0_base,0.9418149711030364,0.050565869956403546,1.0,1.0,-1.1506778969120697,7,67,400,3,3,100,0.0,0,0.3,0.0,0.0,1.0,0.7,1.0,1.0,0.25,1.0,0.25
0_base,0.9493277239213891,0.0439115786938928,1.0,1.0,-1.1539616107142692,8,68,400,3,3,100,0.0,0,0.3,0.0,0.0,1.0,0.7,1.0,1.0,0.25,1.0,0.25
0_base,1.026291300968299,0.04382373143921133,1.0,1.0,0.599932961089088,9,69,400,3,3,100,0.0,0,0.3,0.0,0.0,1.0,0.7,1.0,1.0,0.25,1.0,0.25
0_base,0.9883924845648803,0.05035067137540818,1.0,1.0,-0.23053347886020378,10,70,400,3,3,100,0.0,0,0.3,0.0,0.0,1.0,0.7,1.0,1.0,0.25,1.0,0.25
0_base,0.9810495107840956,0.05271092886651792,1.0,1.0,-0.3595172694431828,11,71,400,3,3,100,0.0,0,0.3,0.0,0.0,1.0,0.7,1.0,1.0,0.25,1.0,0.25
0_base,0.9888471148631743,0.05311098713204932,1.0,1.0,-0.20999205134516433,12,72,400,3,3,100,0.0,0,0.3,0.0,0.0,1.0,0.7,1.0,1.0,0.25,1.0,0.25
0_base,1.1039295680570687,0.045541187998356526,1.0,1.0,2.28210050341285,13,73,400,3,3,100,0.0,0,0.3,0.0,0.0,1.0,0.7,1.0,1.0,0.25,1.0,0.25
0_base,1.0097629800763606,0.0485741962124755,1.0,1.0,0.20099107834239563,14,74,400,3,3,100,0.0,0,0.3,0.0,0.0,1.0,0.7,1.0,1.0,0.25,1.0,0.25
0_base,1.0933747522265915,0.050951270929244105,1.0,1.0,1.8326285198314445,15,75,400,3,3,100,0.0,0,0.3,0.0,0.0,1.0,0.7,1.0,1.0,0.25,1.0,0.25
0_base,0.9052189400512567,0.05570776014936473,1.0,1.0,-1.70139778900847,16,76,400,3,3,100,0.0,0,0.3,0.0,0.0,1.0,0.7,1.0,1.0,0.25,1.0,0.25
0_base,1.0848226157642653,0.05146822421938986,1.0,1.0,1.6480579435322678,17,77,400,3,3,100,0.0,0,0.3,0.0,0.0,1.0,0.7,1.0,1.0,0.25,1.0,0.25
0_base,0.9751797421681346,0.053940551722057944,1.0,1.0,-0.4601409707441981,18,78,400,3,3,100,0.0,0,0.3,0.0,0.0,1.0,0.7,1.0,1.0,0.25,1.0,0.25
0_base,0.9634914059647506,0.04388468875689555,1.0,1.0,-0.831920997263832,19,79,400,3,3,100,0.0,0,0.3,0.0,0.0,1.0,0.7,1.0,1.0,0.25,1.0,0.25
0_base,0.9386072805829052,0.05671611408181239,1.0,1.0,-1.0824563778917653,20,80,400,3,3,100,0.0,0,0.3,0.0,0.0,1.0,0.7,1.0,1.0,0.25,1.0,0.25
0_base,1.0244864230110102,0.051413010907169536,1.0,1.0,0.4762689945395826,21,81,400,3,3,100,0.0,0,0.3,0.0,0.0,1.0,0.7,1.0,1.0,0.25,1.0,0.25
0_base,0.9845926065577117,0.04966375693243149,1.0,1.0,-0.31023415049429937,22,82,400,3,3,100,0.0,0,0.3,0.0,0.0,1.0,0.7,1.0,1.0,0.25,1.0,0.25
0_base,0.923979421924996,0.047785847141851585,1.0,1.0,-1.5908596921874794,23,83,400,3,3,100,0.0,0,0.3,0.0,0.0,1.0,0.7,1.0,1.0,0.25,1.0,0.25
0_base,0.9910018086637165,0.046485690583050916,1.0,1.0,-0.19356905799231824,24,84,400,3,3,100,0.0,0,0.3,0.0,0.0,1.0,0.7,1.0,1.0,0.25,1.0,0.25
0_base,0.9392244254334344,0.05101365323568893,1.0,1.0,-1.1913589933615505,25,85,400,3,3,100,0.0,0,0.3,0.0,0.0,1.0,0.7,1.0,1.0,0.25,1.0,0.25
0_base,0.8123626151114273,0.045556113636083084,1.0,1.0,-4.11881896659317,26,86,400,3,3,100,0.0,0,0.3,0.0,0.0,1.0,0.7,1.0,1.0,0.25,1.0,0.25
0_base,0.9442886673190145,0.05201718432606428,1.0,1.0,-1.0710178454059496,27,87,400,3,3,100,0.0,0,0.3,0.0,0.0,1.0,0.7,1.0,1.0,0.25,1.0,0.25
0_base,0.9726362486113097,0.04962343829840783,1.0,1.0,-0.5514279607982798,28,88,400,3,3,100,0.0,0,0.3,0.0,0.0,1.0,0.7,1.0,1.0,0.25,1.0,0.25
0_base,0.9846672906384005,0.058027325813363936,1.0,1.0,-0.2642325688230886,29,89,400,3,3,100,0.0,0,0.3,0.0,0.0,1.0,0.7,1.0,1.0,0.25,1.0,0.25
0_base,0.9850344579774574,0.05387263037174493,1.0,1.0,-0.27779490103367493,30,90,400,3,3,100,0.0,0,0.3,0.0,0.0,1.0,0.7,1.0,1.0,0.25,1.0,0.25
0_base,1.042481284458158,0.044558681656674065,1.0,1.0,0.9533783962792579,31,91,400,3,3,100,0.0,0,0.3,0.0,0.0,1.0,0.7,1.0,1.0,0.25,1.0,0.25
0_base,0.8801000437570716,0.0451114399679095,1.0,1.0,-2.6578614277934927,32,92,400,3,3,100,0.0,0,0.3,0.0,0.0,1.0,0.7,1.0,1.0,0.25,1.0,0.25
0_base,0.9275983362798661,0.05998419549380301,1.0,1.0,-1.2070123325670634,33,93,400,3,3,100,0.0,0,0.3,0.0,0.0,1.0,0.7,1.0,1.0,0.25,1.0,0.25
0_base,0.9784744028058961,0.05735697735829856,1.0,1.0,-0.37529169397538814,34,94,400,3,3,100,0.0,0,0.3,0.0,0.0,1.0,0.7,1.0,1.0,0.25,1.0,0.25
0_base,0.9219691476288325,0.05030431363008584,1.0,1.0,-1.5511761664212238,35,95,400,3,3,100,0.0,0,0.3,0.0,0.0,1.0,0.7,1.0,1.0,0.25,1.0,0.25
0_base,0.9135472716756875,0.045484810527790576,1.0,1.0,-1.900694480666048,36,96,400,3,3,100,0.0,0,0.3,0.0,0.0,1.0,0.7,1.0,1.0,0.25,1.0,0.25
0_base,0.9433296416795972,0.04283455706823365,1.0,1.0,-1.3230055870574147,37,97,400,3,3,100,0.0,0,0.3,0.0,0.0,1.0,0.7,1.0,1.0,0.25,1.0,0.25
0_base,0.9686308882847748,0.050946515153114,1.0,1.0,-0.6157263479346691,38,98,400,3,3,100,0.0,0,0.3,0.0,0.0,1.0,0.7,1.0,1.0,0.25,1.0,0.25
0_base,0.9702354097211605,0.053557265152591946,1.0,1.0,-0.5557526172039613,39,99,400,3,3,100,0.0,0,0.3,0.0,0.0,1.0,0.7,1.0,1.0,0.25,1.0,0.25
0_base,0.9471489575757671,0.046546996776153315,1.0,1.0,-1.1354339932691258,40,100,400,3,3,100,0.0,0,0.3,0.0,0.0,1.0,0.7,1.0,1.0,0.25,1.0,0.25
0_base,0.9475432672947582,0.05369599734018632,1.0,1.0,-0.9769207260069441,41,101,400,3,3,100,0.0,0,0.3,0.0,0.0,1.0,0.7,1.0,1.0,0.25,1.0,0.25
0_base,0.9490314790438463,0.04570337539106823,1.0,1.0,-1.1152025538602648,42,102,400,3,3,100,0.0,0,0.3,0.0,0.0,1.0,0.7,1.0,1.0,0.25,1.0,0.25
0_base,1.0129279939621085,0.041233952125856545,1.0,1.0,0.3135278889263147,43,103,400,3,3,100,0.0,0,0.3,0.0,0.0,1.0,0.7,1.0,1.0,0.25,1.0,0.25
0_base,1.0571205836701327,0.04305696567594221,1.0,1.0,1.326628172083396,44,104,400,3,3,100,0.0,0,0.3,0.0,0.0,1.0,0.7,1.0,1.0,0.25,1.0,0.25
0_base,0.9530201181503769,0.04820319895677521,1.0,1.0,-0.9746216613497148,45,105,400,3,3,100,0.0,0,0.3,0.0,0.0,1.0,0.7,1.0,1.0,0.25,1.0,0.25
0_base,0.957878940116877,0.04386731809218223,1.0,1.0,-0.9601922733140493,46,106,400,3,3,100,0.0,0,0.3,0.0,0.0,1.0,0.7,1.0,1.0,0.25,1.0,0.25
0_base,1.0587903619749777,0.05442328569101092,1.0,1.0,1.080242789984436,47,107,400,3,3,100,0.0,0,0.3,0.0,0.0,1.0,0.7,1.0,1.0,0.25,1.0,0.25
0_base,0.9896390050896307,0.04869728248642998,1.0,1.0,-0.21276330795782186,48,108,400,3,3,100,0.0,0,0.3,0.0,0.0,1.0,0.7,1.0,1.0,0.25,1.0,0.25
0_base,0.9617118570169628,0.04877397878351657,1.0,1.0,-0.7850116791369267,49,109,400,3,3,100,0.0,0,0.3,0.0,0.0,1.0,0.7,1.0,1.0,0.25,1.0,0.25
0_base,0.919706541766014,0.05299636622462472,1.0,1.0,-1.515074786328987,50,110,400,3,3,100,0.0,0,0.3,0.0,0.0,1.0,0.7,1.0,1.0,0.25,1.0,0.25
0_base,0.9802348801112591,0.054540487059026026,1.0,1.0,-0.3623935346846134,51,111,400,3,3,100,0.0,0,0.3,0.0,0.0,1.0,0.7,1.0,1.0,0.25,1.0,0.25
0_base,1.0299863198782937,0.0537607036399916,1.0,1.0,0.5577739472886554,52,112,400,3,3,100,0.0,0,0.3,0.0,0.0,1.0,0.7,1.0,1.0,0.25,1.0,0.25
0_base,1.0325623596025062,0.047752684476820004,1.0,1.0,0.6818958967283304,53,113,400,3,3,100,0.0,0,0.3,0.0,0.0,1.0,0.7,1.0,1.0,0.25,1.0,0.25
0_base,1.0145088585212525,0.04945050498707719,1.0,1.0,0.2934016250196853,54,114,400,3,3,100,0.0,0,0.3,0.0,0.0,1.0,0.7,1.0,1.0,0.25,1.0,0.25
0_base,0.8779995218804003,0.052000635777377346,1.0,1.0,-2.346134355777924,55,115,400,3,3,100,0.0,0,0.3,0.0,0.0,1.0,0.7,1.0,1.0,0.25,1.0,0.25
0_base,0.990435820013841,0.0540272677511426,1.0,1.0,-0.17702505390820406,56,116,400,3,3,100,0.0,0,0.3,0.0,0.0,1.0,0.7,1.0,1.0,0.25,1.0,0.25
0_base,1.0107737168505597,0.04833647230670617,1.0,1.0,0.2228900111327525,57,117,400,3,3,100,0.0,0,0.3,0.0,0.0,1.0,0.7,1.0,1.0,0.25,1.0,0.25
0_base,0.8770514607502908,0.045243267774515004,1.0,1.0,-2.7174990953894937,58,118,400,3,3,100,0.0,0,0.3,0.0,0.0,1.0,0.7,1.0,1.0,0.25,1.0,0.25
0_base,0.9385176268593651,0.051917904191699484,1.0,1.0,-1.1842229400019681,59,119,400,3,3,100,0.0,0,0.3,0.0,0.0,1.0,0.7,1.0,1.0,0.25,1.0,0.25
0_base,1.1144456960944125,0.04923697148648786,1.0,1.0,2.324385368133779,60,120,400,3,3,100,0.0,0,0.3,0.0,0.0,1.0,0.7,1.0,1.0,0.25,1.0,0.25
0_base,0.9376893887951517,0.0496873299856556,1.0,1.0,-1.2540543277901413,61,121,400,3,3,100,0.0,0,0.3,0.0,0.0,1.0,0.7,1.0,1.0,0.25,1.0,0.25
0_base,0.9406814117117911,0.05088701179621341,1.0,1.0,-1.1656921126703474,62,122,400,3,3,100,0.0,0,0.3,0.0,0.0,1.0,0.7,1.0,1.0,0.25,1.0,0.25
0_base,0.9541940424923232,0.05415632272637147,1.0,1.0,-0.8458099664394596,63,123,400,3,3,100,0.0,0,0.3,0.0,0.0,1.0,0.7,1.0,1.0,0.25,1.0,0.25
0_base,0.9336264912548328,0.05417236149091714,1.0,1.0,-1.2252282698862187,64,124,400,3,3,100,0.0,0,0.3,0.0,0.0,1.0,0.7,1.0,1.0,0.25,1.0,0.25
0_base,1.0423458247146762,0.046588946517360195,1.0,1.0,0.9089242809750394,65,125,400,3,3,100,0.0,0,0.3,0.0,0.0,1.0,0.7,1.0,1.0,0.25,1.0,0.25
0_base,1.0517347745828913,0.04574053065433726,1.0,1.0,1.1310488497357578,66,126,400,3,3,100,0.0,0,0.3,0.0,0.0,1.0,0.7,1.0,1.0,0.25,1.0,0.25
0_base,0.9289225674336716,0.05561772823718528,1.0,1.0,-1.277963606553907,67,127,400,3,3,100,0.0,0,0.3,0.0,0.0,1.0,0.7,1.0,1.0,0.25,1.0,0.25
0_base,1.0117815482785144,0.046139927153740774,1.0,1.0,0.2553438855518268,68,128,400,3,3,100,0.0,0,0.3,0.0,0.0,1.0,0.7,1.0,1.0,0.25,1.0,0.25
0_base,1.0191740331387684,0.044412677866438065,1.0,1.0,0.4317243197185803,69,129,400,3,3,100,0.0,0,0.3,0.0,0.0,1.0,0.7,1.0,1.0,0.25,1.0,0.25
0_base,0.9818844319844013,0.054199237435269984,1.0,1.0,-0.3342402748236825,70,130,400,3,3,100,0.0,0,0.3,0.0,0.0,1.0,0.7,1.0,1.0,0.25,1.0,0.25
0_base,1.0545161121090503,0.051697666602562586,1.0,1.0,1.0545178475491963,71,131,400,3,3,100,0.0,0,0.3,0.0,0.0,1.0,0.7,1.0,1.0,0.25,1.0,0.25
0_base,1.0633197503645417,0.053143536621229934,1.0,1.0,1.191485444708747,72,132,400,3,3,100,0.0,0,0.3,0.0,0.0,1.0,0.7,1.0,1.0,0.25,1.0,0.25
0_base,0.991584892189556,0.04805742004727213,1.0,1.0,-0.17510527619182154,73,133,400,3,3,100,0.0,0,0.3,0.0,0.0,1.0,0.7,1.0,1.0,0.25,1.0,0.25
0_base,1.058341950094055,0.050719687989398764,1.0,1.0,1.1502821173949134,74,134,400,3,3,100,0.0,0,0.3,0.0,0.0,1.0,0.7,1.0,1.0,0.25,1.0,0.25
0_base,1.0998552956762615,0.04627587896773889,1.0,1.0,2.1578260187316025,75,135,400,3,3,100,0.0,0,0.3,0.0,0.0,1.0,0.7,1.0,1.0,0.25,1.0,0.25
0_base,0.9867209373312059,0.05243578305012876,1.0,1.0,-0.25324429037512913,76,136,400,3,3,100,0.0,0,0.3,0.0,0.0,1.0,0.7,1.0,1.0,0.25,1.0,0.25
0_base,0.9227460741630844,0.052625262681412696,1.0,1.0,-1.4680007642831543,77,137,400,3,3,100,0.0,0,0.3,0.0,0.0,1.0,0.7,1.0,1.0,0.25,1.0,0.25
0_base,0.989663299034065,0.051876382488369344,1.0,1.0,-0.19925639510913193,78,138,400,3,3,100,0.0,0,0.3,0.0,0.0,1.0,0.7,1.0,1.0,0.25,1.0,0.25
0_base,1.0472127394762731,0.050650408507423514,1.0,1.0,0.9321294905124696,79,139,400,3,3,100,0.0,0,0.3,0.0,0.0,1.0,0.7,1.0,1.0,0.25,1.0,0.25
0_base,1.001443202248879,0.04900266946306676,1.0,1.0,0.02945150263633699,80,140,400,3,3,100,0.0,0,0.3,0.0,0.0,1.0,0.7,1.0,1.0,0.25,1.0,0.25
0_base,1.0364556429099043,0.04842209890115575,1.0,1.0,0.7528720096235687,81,141,400,3,3,100,0.0,0,0.3,0.0,0.0,1.0,0.7,1.0,1.0,0.25,1.0,0.25
0_base,0.9757193049606818,0.045036004718159085,1.0,1.0,-0.5391396326399241,82,142,400,3,3,100,0.0,0,0.3,0.0,0.0,1.0,0.7,1.0,1.0,0.25,1.0,0.25
0_base,1.0044390802701473,0.04886148692945315,1.0,1.0,0.09085029026145847,83,143,400,3,3,100,0.0,0,0.3,0.0,0.0,1.0,0.7,1.0,1.0,0.25,1.0,0.25
0_base,1.028801591119259,0.04459234916359814,1.0,1.0,0.6458863831908281,84,144,400,3,3,100,0.0,0,0.3,0.0,0.0,1.0,0.7,1.0,1.0,0.25,1.0,0.25
0_base,1.001345105507399,0.055611999175381746,1.0,1.0,0.024187325169824483,85,145,400,3,3,100,0.0,0,0.3,0.0,0.0,1.0,0.7,1.0,1.0,0.25,1.0,0.25
0_base,1.0165887712305965,0.049396834220057736,1.0,1.0,0.33582660695815647,86,146,400,3,3,100,0.0,0,0.3,0.0,0.0,1.0,0.7,1.0,1.0,0.25,1.0,0.25
0_base,0.9794431910709203,0.047486713227224316,1.0,1.0,-0.43289601515934023,87,147,400,3,3,100,0.0,0,0.3,0.0,0.0,1.0,0.7,1.0,1.0,0.25,1.0,0.25
0_base,0.9579872960007328,0.04696837174664969,1.0,1.0,-0.8944892581306902,88,148,400,3,3,100,0.0,0,0.3,0.0,0.0,1.0,0.7,1.0,1.0,0.25,1.0,0.25
0_base,0.9718814179000501,0.04723964810339765,1.0,1.0,-0.5952326748582933,89,149,400,3,3,100,0.0,0,0.3,0.0,0.0,1.0,0.7,1.0,1.0,0.25,1.0,0.25
0_base,0.9401403872675538,0.05257077844014112,1.0,1.0,-1.1386480190816353,90,150,400,3,3,100,0.0,0,0.3,0.0,0.0,1.0,0.7,1.0,1.0,0.25,1.0,0.25
0_base,1.0246397208908071,0.05742440649080453,1.0,1.0,0.4290809848379143,91,151,400,3,3,100,0.0,0,0.3,0.0,0.0,1.0,0.7,1.0,1.0,0.25,1.0,0.25
0_base,0.9579148281509026,0.055809632086126444,1.0,1.0,-0.7540843807060191,92,152,400,3,3,100,0.0,0,0.3,0.0,0.0,1.0,0.7,1.0,1.0,0.25,1.0,0.25
0_base,0.9023310829670297,0.05512440494777117,1.0,1.0,-1.7717908633301145,93,153,400,3,3,100,0.0,0,0.3,0.0,0.0,1.0,0.7,1.0,1.0,0.25,1.0,0.25
0_base,0.8674463574804554,0.04789016613366604,1.0,1.0,-2.767867669315965,94,154,400,3,3,100,0.0,0,0.3,0.0,0.0,1.0,0.7,1.0,1.0,0.25,1.0,0.25
0_base,0.968834408534158,0.04780576411029757,1.0,1.0,-0.6519212075333979,95,155,400,3,3,100,0.0,0,0.3,0.0,0.0,1.0,0.7,1.0,1.0,0.25,1.0,0.25
0_base,1.00729562120202,0.05012993890900497,1.0,1.0,0.14553421290345053,96,156,400,3,3,100,0.0,0,0.3,0.0,0.0,1.0,0.7,1.0,1.0,0.25,1.0,0.25
0_base,0.9572126218130762,0.05127970699125414,1.0,1.0,-0.8343920177668189,97,157,400,3,3,100,0.0,0,0.3,0.0,0.0,1.0,0.7,1.0,1.0,0.25,1.0,0.25
0_base,0.9766586365117595,0.05713908575798579,1.0,1.0,-0.40850082178604424,98,158,400,3,3,100,0.0,0,0.3,0.0,0.0,1.0,0.7,1.0,1.0,0.25,1.0,0.25
0_base,1.0350472542261513,0.05120760756464366,1.0,1.0,0.6844149901341945,99,159,400,3,3,100,0.0,0,0.3,0.0,0.0,1.0,0.7,1.0,1.0,0.25,1.0,0.25
inter_0.25,1.0802892490668892,0.04775796685371849,1.0,0.9929029591450049,1.8297740812448393,0,61,400,3,3,100,0.0,0,0.3,0.25,0.0,1.0,0.7,1.0,1.0,0.25,1.0,0.25
inter_0.25,0.8471879527572584,0.05408660504097216,1.0,1.010956917852455,-3.0279024718067764,1,62,400,3,3,100,0.0,0,0.3,0.25,0.0,1.0,0.7,1.0,1.0,0.25,1.0,0.25
inter_0.25,0.9354891656354212,0.05021316421278518,1.0,0.9788182882845378,-0.8629036494394873,2,63,400,3,3,100,0.0,0,0.3,0.25,0.0,1.0,0.7,1.0,1.0,0.25,1.0,0.25
inter_0.25,0.9404990475366933,0.051326037459781995,1.0,1.0082429377096878,-1.319873762436407,3,64,400,3,3,100,0.0,0,0.3,0.25,0.0,1.0,0.7,1.0,1.0,0.25,1.0,0.25
inter_0.25,1.1013348081182768,0.05456139816033726,1.0,1.0207850277846215,1.4763144466523204,4,65,400,3,3,100,0.0,0,0.3,0.25,0.0,1.0,0.7,1.0,1.0,0.25,1.0,0.25
inter_0.25,1.0778269842240977,0.06896415486489567,1.0,1.0180702021448156,0.8664904571998129,5,66,400,3,3,100,0.0,0,0.3,0.25,0.0,1.0,0.7,1.0,1.0,0.25,1.0,0.25
inter_0.25,0.9548444574299328,0.05723638095970037,1.0,0.9884503562108642,-0.587142272405255,6,67,400,3,3,100,0.0,0,0.3,0.25,0.0,1.0,0.7,1.0,1.0,0.25,1.0,0.25
inter_0.25,0.9755085521126394,0.048726296456148815,1.0,0.9933491910279444,-0.3661398508167069,7,68,400,3,3,100,0.0,0,0.3,0.25,0.0,1.0,0.7,1.0,1.0,0.25,1.0,0.25
inter_0.25,1.044163354203257,0.04826091231802325,1.0,1.0177995913346254,0.5462756836195541,8,69,400,3,3,100,0.0,0,0.3,0.25,0.0,1.0,0.7,1.0,1.0,0.25,1.0,0.25
inter_0.25,0.952238047237638,0.050588387226580045,1.0,0.98732887953979,-0.6936539041061697,9,70,400,3,3,100,0.0,0,0.3,0.25,0.0,1.0,0.7,1.0,1.0,0.25,1.0,0.25
inter_0.25,0.9732442692857016,0.055153112899727456,1.0,1.0121179840244374,-0.7048326503240381,10,71,400,3,3,100,0.0,0,0.3,0.25,0.0,1.0,0.7,1.0,1.0,0.25,1.0,0.25
inter_0.25,0.9583308395862099,0.0653566625223163,1.0,1.013941013740523,-0.8508723060227364,11,72,400,3,3,100,0.0,0,0.3,0.25,0.0,1.0,0.7,1.0,1.0,0.25,1.0,0.25
inter_0.25,1.134672738506641,0.04975859713743165,1.0,1.0068474562258038,2.5689084828454445,12,73,400,3,3,100,0.0,0,0.3,0.25,0.0,1.0,0.7,1.0,1.0,0.25,1.0,0.25
inter_0.25,1.0173543327597283,0.05219040629851573,1.0,0.9953938017880727,0.4207771605771188,13,74,400,3,3,100,0.0,0,0.3,0.25,0.0,1.0,0.7,1.0,1.0,0.25,1.0,0.25
inter_0.25,1.066620924833347,0.058307087151359675,1.0,0.9801615980398019,1.4828270630138811,14,75,400,3,3,100,0.0,0,0.3,0.25,0.0,1.0,0.7,1.0,1.0,0.25,1.0,0.25
inter_0.25,0.9291606567507332,0.0690474359895582,1.0,0.981804160688771,-0.7624251818126719,15,76,400,3,3,100,0.0,0,0.3,0.25,0.0,1.0,0.7,1.0,1.0,0.25,1.0,0.25
inter_0.25,1.0611346169670652,0.05181475812226069,1.0,1.0037315648085927,1.107851396758928,16,77,400,3,3,100,0.0,0,0.3,0.25,0.0,1.0,0.7,1.0,1.0,0.25,1.0,0.25
inter_0.25,0.9707241585753692,0.05575930198683748,1.0,0.9943725269201493,-0.42411521489925663,17,78,400,3,3,100,0.0,0,0.3,0.25,0.0,1.0,0.7,1.0,1.0,0.25,1.0,0.25
inter_0.25,0.9301253091070455,0.04680478423569997,1.0,0.9919507971313669,-1.320922402141201,18,79,400,3,3,100,0.0,0,0.3,0.25,0.0,1.0,0.7,1.0,1.0,0.25,1.0,0.25
inter_0.25,0.9549919207104656,0.05969063381022981,1.0,1.000201058415837,-0.7573908135923231,19,80,400,3,3,100,0.0,0,0.3,0.25,0.0,1.0,0.7,1.0,1.0,0.25,1.0,0.25
inter_0.25,1.0087547868845308,0.05581029361239428,1.0,0.9900316746756264,0.3354777586181061,20,81,400,3,3,100,0.0,0,0.3,0.25,0.0,1.0,0.7,1.0,1.0,0.25,1.0,0.25
inter_0.25,1.031163662521517,0.05244670572483275,1.0,1.0204392063481693,0.2044829322477321,21,82,400,3,3,100,0.0,0,0.3,0.25,0.0,1.0,0.7,1.0,1.0,0.25,1.0,0.25
inter_0.25,0.8944115077230826,0.04901677111832846,1.0,1.0081396300960477,-2.3201879637975495,22,83,400,3,3,100,0.0,0,0.3,0.25,0.0,1.0,0.7,1.0,1.0,0.25,1.0,0.25
inter_0.25,0.9770667203774223,0.050524656146916765,1.0,1.004602891777933,-0.5450046274523962,23,84,400,3,3,100,0.0,0,0.3,0.25,0.0,1.0,0.7,1.0,1.0,0.25,1.0,0.25
inter_0.25,0.967332308167136,0.05305629448170741,1.0,1.0092022596614578,-0.7891608696637799,24,85,400,3,3,100,0.0,0,0.3,0.25,0.0,1.0,0.7,1.0,1.0,0.25,1.0,0.25
inter_0.25,0.8222375539404674,0.04946173634123404,1.0,0.9948259281160352,-3.489331085849661,25,86,400,3,3,100,0.0,0,0.3,0.25,0.0,1.0,0.7,1.0,1.0,0.25,1.0,0.25
inter_0.25,0.9929671100220407,0.059006945594549484,1.0,1.0067901541084185,-0.23426130512430127,26,87,400,3,3,100,0.0,0,0.3,0.25,0.0,1.0,0.7,1.0,1.0,0.25,1.0,0.25
inter_0.25,0.937911254198504,0.04998048624301482,1.0,0.9903219075159917,-1.048622317571241,27,88,400,3,3,100,0.0,0,0.3,0.25,0.0,1.0,0.7,1.0,1.0,0.25,1.0,0.25
inter_0.25,0.9927186445759054,0.06483584957945542,1.0,0.9983103288659028,-0.08624371125336787,28,89,400,3,3,100,0.0,0,0.3,0.25,0.0,1.0,0.7,1.0,1.0,0.25,1.0,0.25
inter_0.25,1.0160881881994395,0.05914377281075093,1.0,1.0122887214978311,0.06424119600496138,29,90,400,3,3,100,0.0,0,0.3,0.25,0.0,1.0,0.7,1.0,1.0,0.25,1.0,0.25
inter_0.25,1.064596575253109,0.051438663819507326,1.0,1.0068876977314438,1.1218969008246282,30,91,400,3,3,100,0.0,0,0.3,0.25,0.0,1.0,0.7,1.0,1.0,0.25,1.0,0.25
inter_0.25,0.9010322670498501,0.04970393869750678,1.0,0.9977146089162372,-1.9451645966084548,31,92,400,3,3,100,0.0,0,0.3,0.25,0.0,1.0,0.7,1.0,1.0,0.25,1.0,0.25
inter_0.25,0.972351402785804,0.06913753061814291,1.0,1.0035684714319866,-0.4515213136349804,32,93,400,3,3,100,0.0,0,0.3,0.25,0.0,1.0,0.7,1.0,1.0,0.25,1.0,0.25
inter_0.25,0.9596702614395212,0.05997009060568589,1.0,1.0131478395227402,-0.891737490190631,33,94,400,3,3,100,0.0,0,0.3,0.25,0.0,1.0,0.7,1.0,1.0,0.25,1.0,0.25
inter_0.25,0.899353518926099,0.05479380207759712,1.0,0.9917752926956959,-1.6867194877025005,34,95,400,3,3,100,0.0,0,0.3,0.25,0.0,1.0,0.7,1.0,1.0,0.25,1.0,0.25
inter_0.25,0.8998990937076033,0.04926676063896901,1.0,1.004421781588849,-2.1215660726548826,35,96,400,3,3,100,0.0,0,0.3,0.25,0.0,1.0,0.7,1.0,1.0,0.25,1.0,0.25
inter_0.25,0.9234350255485722,0.04764837636542989,1.0,1.0001736352511323,-1.6105188792589376,36,97,400,3,3,100,0.0,0,0.3,0.25,0.0,1.0,0.7,1.0,1.0,0.25,1.0,0.25
inter_0.25,0.9628382584245238,0.05479445266380283,1.0,0.981547030558403,-0.3414355144428375,37,98,400,3,3,100,0.0,0,0.3,0.25,0.0,1.0,0.7,1.0,1.0,0.25,1.0,0.25
inter_0.25,0.9931351991368733,0.059923935215813684,1.0,0.9955278188073771,-0.03992761259564852,38,99,400,3,3,100,0.0,0,0.3,0.25,0.0,1.0,0.7,1.0,1.0,0.25,1.0,0.25
inter_0.25,0.9379912760458501,0.05415189060150271,1.0,1.0208897223695257,-1.5308504542106454,39,100,400,3,3,100,0.0,0,0.3,0.25,0.0,1.0,0.7,1.0,1.0,0.25,1.0,0.25
inter_0.25,0.9676196238508502,0.04940504195072083,1.0,1.0112510303574842,-0.8831367160897108,40,101,400,3,3,100,0.0,0,0.3,0.25,0.0,1.0,0.7,1.0,1.0,0.25,1.0,0.25
inter_0.25,0.9702103089846967,0.05291161505607222,1.0,0.9855725480377455,-0.29033774600848805,41,102,400,3,3,100,0.0,0,0.3,0.25,0.0,1.0,0.7,1.0,1.0,0.25,1.0,0.25
inter_0.25,1.0106490006939421,0.05080109439029647,1.0,1.0147516111127655,-0.08075830782903284,42,103,400,3,3,100,0.0,0,0.3,0.25,0.0,1.0,0.7,1.0,1.0,0.25,1.0,0.25
inter_0.25,1.0611761594939855,0.051020905752341646,1.0,0.9952272536570059,1.2925859481424977,43,104,400,3,3,100,0.0,0,0.3,0.25,0.0,1.0,0.7,1.0,1.0,0.25,1.0,0.25
inter_0.25,0.9328405380766218,0.05268857507611705,1.0,1.0009345888822967,-1.292387404808389,44,105,400,3,3,100,0.0,0,0.3,0.25,0.0,1.0,0.7,1.0,1.0,0.25,1.0,0.25
inter_0.25,0.9589067247792941,0.048168181246020875,1.0,0.9968513560709859,-0.7877530417411465,45,106,400,3,3,100,0.0,0,0.3,0.25,0.0,1.0,0.7,1.0,1.0,0.25,1.0,0.25
inter_0.25,1.0606151203584755,0.056947593423806744,1.0,1.013524616621935,0.8269094601784267,46,107,400,3,3,100,0.0,0,0.3,0.25,0.0,1.0,0.7,1.0,1.0,0.25,1.0,0.25
inter_0.25,0.9869775179437954,0.055468882385162455,1.0,0.9927183153490337,-0.10349581888770623,47,108,400,3,3,100,0.0,0,0.3,0.25,0.0,1.0,0.7,1.0,1.0,0.25,1.0,0.25
inter_0.25,0.934126315770269,0.054647794007711296,1.0,0.9887238323224454,-0.9990799728251113,48,109,400,3,3,100,0.0,0,0.3,0.25,0.0,1.0,0.7,1.0,1.0,0.25,1.0,0.25
inter_0.25,0.9207566954730644,0.058194838080059395,1.0,0.9972660259580373,-1.3147099125822466,49,110,400,3,3,100,0.0,0,0.3,0.25,0.0,1.0,0.7,1.0,1.0,0.25,1.0,0.25
inter_0.25,1.0198164307850894,0.0660735225331864,1.0,1.0012865363328418,0.2804435686464379,50,111,400,3,3,100,0.0,0,0.3,0.25,0.0,1.0,0.7,1.0,1.0,0.25,1.0,0.25
inter_0.25,0.979019005778869,0.054504461087748146,1.0,1.013304813257879,-0.6290458944968264,51,112,400,3,3,100,0.0,0,0.3,0.25,0.0,1.0,0.7,1.0,1.0,0.25,1.0,0.25
inter_0.25,1.0464052242178494,0.05161704345647272,1.0,0.9788254420691996,1.3092532548021278,52,113,400,3,3,100,0.0,0,0.3,0.25,0.0,1.0,0.7,1.0,1.0,0.25,1.0,0.25
inter_0.25,1.0506577268508597,0.05085135071201844,1.0,1.010777393365508,0.7842531796490942,53,114,400,3,3,100,0.0,0,0.3,0.25,0.0,1.0,0.7,1.0,1.0,0.25,1.0,0.25
inter_0.25,0.8956275143884239,0.053323035524582334,1.0,1.0038182883084887,-2.028968772233307,54,115,400,3,3,100,0.0,0,0.3,0.25,0.0,1.0,0.7,1.0,1.0,0.25,1.0,0.25
inter_0.25,1.0429581652351125,0.05289652467392269,1.0,1.0119881940228113,0.5854821541342029,55,116,400,3,3,100,0.0,0,0.3,0.25,0.0,1.0,0.7,1.0,1.0,0.25,1.0,0.25
inter_0.25,1.0152430390857754,0.057238064351770555,1.0,0.9949684508638823,0.35421512679552974,56,117,400,3,3,100,0.0,0,0.3,0.25,0.0,1.0,0.7,1.0,1.0,0.25,1.0,0.25
inter_0.25,0.877520192166326,0.047971329332210426,1.0,0.9869170085865732,-2.2804624750474125,57,118,400,3,3,100,0.0,0,0.3,0.25,0.0,1.0,0.7,1.0,1.0,0.25,1.0,0.25
inter_0.25,0.938641239743404,0.05584488819713372,1.0,1.0034292402589988,-1.1601420041686135,58,119,400,3,3,100,0.0,0,0.3,0.25,0.0,1.0,0.7,1.0,1.0,0.25,1.0,0.25
inter_0.25,1.0940787387475226,0.05445085080912496,1.0,0.9805259683209916,2.085417743509375,59,120,400,3,3,100,0.0,0,0.3,0.25,0.0,1.0,0.7,1.0,1.0,0.25,1.0,0.25
inter_0.25,0.9457358530656139,0.052722119729091896,1.0,0.9912756941350023,-0.8637710566910233,60,121,400,3,3,100,0.0,0,0.3,0.25,0.0,1.0,0.7,1.0,1.0,0.25,1.0,0.25
inter_0.25,0.9481981150786696,0.056435415003363,1.0,1.010806717389369,-1.1093849900274224,61,122,400,3,3,100,0.0,0,0.3,0.25,0.0,1.0,0.7,1.0,1.0,0.25,1.0,0.25
inter_0.25,0.9573485700761215,0.05850636144846538,1.0,1.0039532030348608,-0.7965737708674707,62,123,400,3,3,100,0.0,0,0.3,0.25,0.0,1.0,0.7,1.0,1.0,0.25,1.0,0.25
inter_0.25,0.8971244456815969,0.058816878464727856,1.0,0.9740334035368972,-1.3076001287865375,63,124,400,3,3,100,0.0,0,0.3,0.25,0.0,1.0,0.7,1.0,1.0,0.25,1.0,0.25
inter_0.25,0.9924721324117445,0.05239659106253001,1.0,1.010665783837536,-0.34722967767271656,64,125,400,3,3,100,0.0,0,0.3,0.25,0.0,1.0,0.7,1.0,1.0,0.25,1.0,0.25
inter_0.25,1.0260203738330513,0.04795420853100306,1.0,1.0026847488996438,0.4866230858198977,65,126,400,3,3,100,0.0,0,0.3,0.25,0.0,1.0,0.7,1.0,1.0,0.25,1.0,0.25
inter_0.25,0.906668994867997,0.05635893121760116,1.0,0.976208574045518,-1.2338697288106737,66,127,400,3,3,100,0.0,0,0.3,0.25,0.0,1.0,0.7,1.0,1.0,0.25,1.0,0.25
inter_0.25,1.0239511754596113,0.04808292231507961,1.0,1.0038540803209763,0.4179674231724517,67,128,400,3,3,100,0.0,0,0.3,0.25,0.0,1.0,0.7,1.0,1.0,0.25,1.0,0.25
inter_0.25,0.9999782491693736,0.048573896210028694,1.0,1.0196756179109436,-0.4055134604891598,68,129,400,3,3,100,0.0,0,0.3,0.25,0.0,1.0,0.7,1.0,1.0,0.25,1.0,0.25
inter_0.25,0.9921486438242884,0.06044770710083818,1.0,0.9890478775941187,0.051296672427904914,69,130,400,3,3,100,0.0,0,0.3,0.25,0.0,1.0,0.7,1.0,1.0,0.25,1.0,0.25
inter_0.25,1.0823729956622399,0.05256483678620162,1.0,1.0214138001875215,1.159695324892939,70,131,400,3,3,100,0.0,0,0.3,0.25,0.0,1.0,0.7,1.0,1.0,0.25,1.0,0.25
inter_0.25,1.0792313179277553,0.06124442133668163,1.0,1.002252971653047,1.2569038060059676,71,132,400,3,3,100,0.0,0,0.3,0.25,0.0,1.0,0.7,1.0,1.0,0.25,1.0,0.25
inter_0.25,1.0402934384111535,0.058739364666054325,1.0,0.9911467942856319,0.8366900868766737,72,133,400,3,3,100,0.0,0,0.3,0.25,0.0,1.0,0.7,1.0,1.0,0.25,1.0,0.25
inter_0.25,1.082026701446741,0.05118911718155291,1.0,1.0095510413880198,1.4158411797115238,73,134,400,3,3,100,0.0,0,0.3,0.25,0.0,1.0,0.7,1.0,1.0,0.25,1.0,0.25
inter_0.25,1.0863255406618553,0.051124870157294645,1.0,1.0081684689526784,1.5287485614870588,74,135,400,3,3,100,0.0,0,0.3,0.25,0.0,1.0,0.7,1.0,1.0,0.25,1.0,0.25
inter_0.25,0.9311785596749117,0.0591898119058649,1.0,0.9819166075166521,-0.8572091413710501,75,136,400,3,3,100,0.0,0,0.3,0.25,0.0,1.0,0.7,1.0,1.0,0.25,1.0,0.25
inter_0.25,0.920111995393674,0.0555867811728357,1.0,0.999183126690149,-1.4224808421739594,76,137,400,3,3,100,0.0,0,0.3,0.25,0.0,1.0,0.7,1.0,1.0,0.25,1.0,0.25
inter_0.25,1.0205870494913445,0.058599091250289746,1.0,1.0068744046046298,0.234007807871028,77,138,400,3,3,100,0.0,0,0.3,0.25,0.0,1.0,0.7,1.0,1.0,0.25,1.0,0.25
inter_0.25,1.0491674899756016,0.05142046969221911,1.0,0.9840474805997252,1.2664219087390065,78,139,400,3,3,100,0.0,0,0.3,0.25,0.0,1.0,0.7,1.0,1.0,0.25,1.0,0.25
inter_0.25,1.0446241032210446,0.054139167418092646,1.0,1.0075297243938497,0.6851671460096821,79,140,400,3,3,100,0.0,0,0.3,0.25,0.0,1.0,0.7,1.0,1.0,0.25,1.0,0.25
inter_0.25,1.0148045587575194,0.053915534266046665,1.0,1.0063719287931772,0.15640445892145588,80,141,400,3,3,100,0.0,0,0.3,0.25,0.0,1.0,0.7,1.0,1.0,0.25,1.0,0.25
inter_0.25,0.9955290163692088,0.0530306326942858,1.0,1.0204624156687676,-0.47016974968592995,81,142,400,3,3,100,0.0,0,0.3,0.25,0.0,1.0,0.7,1.0,1.0,0.25,1.0,0.25
inter_0.25,1.023298120664225,0.04986380792481049,1.0,1.0009979767946096,0.44722103661320595,82,143,400,3,3,100,0.0,0,0.3,0.25,0.0,1.0,0.7,1.0,1.0,0.25,1.0,0.25
inter_0.25,1.0218378715848668,0.05014148710866557,1.0,0.9916990081004863,0.6010763785099601,83,144,400,3,3,100,0.0,0,0.3,0.25,0.0,1.0,0.7,1.0,1.0,0.25,1.0,0.25
inter_0.25,0.9633025072815427,0.05900919652487948,1.0,0.9846848419380165,-0.3623559701826926,84,145,400,3,3,100,0.0,0,0.3,0.25,0.0,1.0,0.7,1.0,1.0,0.25,1.0,0.25
inter_0.25,1.034945903322725,0.05445545249550826,1.0,1.013777541897767,0.38872804200284816,85,146,400,3,3,100,0.0,0,0.3,0.25,0.0,1.0,0.7,1.0,1.0,0.25,1.0,0.25
inter_0.25,0.9599086114800857,0.05294365923814352,1.0,0.9981919368207715,-0.7230955678466663,86,147,400,3,3,100,0.0,0,0.3,0.25,0.0,1.0,0.7,1.0,1.0,0.25,1.0,0.25
inter_0.25,1.0306771212697463,0.059627126890350914,1.0,1.0164966701913185,0.23781878849377425,87,148,400,3,3,100,0.0,0,0.3,0.25,0.0,1.0,0.7,1.0,1.0,0.25,1.0,0.25
inter_0.25,0.9553663548590161,0.050055777556332004,1.0,0.9863780298458694,-0.6195423685498291,88,149,400,3,3,100,0.0,0,0.3,0.25,0.0,1.0,0.7,1.0,1.0,0.25,1.0,0.25
inter_0.25,0.9539712132903783,0.05565955917467892,1.0,0.9962193125467573,-0.7590448052919345,89,150,400,3,3,100,0.0,0,0.3,0.25,0.0,1.0,0.7,1.0,1.0,0.25,1.0,0.25
inter_0.25,0.9598721866844809,0.05815427501362027,1.0,1.0234927191039906,-1.093995796604965,90,151,400,3,3,100,0.0,0,0.3,0.25,0.0,1.0,0.7,1.0,1.0,0.25,1.0,0.25
inter_0.25,0.949255813946684,0.055910733104454075,1.0,0.9982193006730544,-0.8757439584076886,91,152,400,3,3,100,0.0,0,0.3,0.25,0.0,1.0,0.7,1.0,1.0,0.25,1.0,0.25
inter_0.25,0.8988354748443914,0.057861927767498864,1.0,0.9958866671088527,-1.6772892990090635,92,153,400,3,3,100,0.0,0,0.3,0.25,0.0,1.0,0.7,1.0,1.0,0.25,1.0,0.25
inter_0.25,0.8612165379509887,0.052554848705106884,1.0,0.9953785885678045,-2.5528006249170097,93,154,400,3,3,100,0.0,0,0.3,0.25,0.0,1.0,0.7,1.0,1.0,0.25,1.0,0.25
inter_0.25,0.9627874465108319,0.05317172067797437,1.0,1.00415934034175,-0.7780807787184459,94,155,400,3,3,100,0.0,0,0.3,0.25,0.0,1.0,0.7,1.0,1.0,0.25,1.0,0.25
inter_0.25,1.0463966566393224,0.0571885521735104,1.0,1.0028892140904877,0.7607718834502545,95,156,400,3,3,100,0.0,0,0.3,0.25,0.0,1.0,0.7,1.0,1.0,0.25,1.0,0.25
inter_0.25,0.941944275837531,0.0557232750619128,1.0,1.0068288539172705,-1.1644071172709745,96,157,400,3,3,100,0.0,0,0.3,0.25,0.0,1.0,0.7,1.0,1.0,0.25,1.0,0.25
inter_0.25,1.0318477469909502,0.06464771049125143,1.0,1.015404393153726,0.2543532278602411,97,158,400,3,3,100,0.0,0,0.3,0.25,0.0,1.0,0.7,1.0,1.0,0.25,1.0,0.25
inter_0.25,1.0419758527836704,0.055245537010549545,1.0,1.002984346943331,0.7057856245092463,98,159,400,3,3,100,0.0,0,0.3,0.25,0.0,1.0,0.7,1.0,1.0,0.25,1.0,0.25
inter_0.25,1.000915311718996,0.056093410141750184,1.0,0.9934722322110454,0.1326908007400796,99,160,400,3,3,100,0.0,0,0.3,0.25,0.0,1.0,0.7,1.0,1.0,0.25,1.0,0.25
inter_0.5,0.8585450477388978,0.062053242168526736,1.0,1.0219138357049098,-2.6327196171688874,0,62,400,3,3,100,0.0,0,0.3,0.5,0.0,1.0,0.7,1.0,1.0,0.25,1.0,0.25
inter_0.5,0.9238400482975555,0.061774924640343246,1.0,0.9576365765690755,-0.5470913719164391,1,63,400,3,3,100,0.0,0,0.3,0.5,0.0,1.0,0.7,1.0,1.0,0.25,1.0,0.25
inter_0.5,0.955754012432152,0.061998284145791546,1.0,1.0164858754193755,-0.9795732869704917,2,64,400,3,3,100,0.0,0,0.3,0.5,0.0,1.0,0.7,1.0,1.0,0.25,1.0,0.25
inter_0.5,1.1388329278280716,0.06482359211729274,1.0,1.0415700555692433,1.5004239827197388,3,65,400,3,3,100,0.0,0,0.3,0.5,0.0,1.0,0.7,1.0,1.0,0.25,1.0,0.25
inter_0.5,1.1168474469903271,0.07703536822708773,1.0,1.0361404042896314,1.0476621915116249,4,66,400,3,3,100,0.0,0,0.3,0.5,0.0,1.0,0.7,1.0,1.0,0.25,1.0,0.25
inter_0.5,0.9721168756482956,0.07194807085713176,1.0,0.9769007124217285,-0.06649013262540683,5,67,400,3,3,100,0.0,0,0.3,0.5,0.0,1.0,0.7,1.0,1.0,0.25,1.0,0.25
inter_0.5,1.0035096245838857,0.06084029129865525,1.0,0.9866983820558889,0.276317587722799,6,68,400,3,3,100,0.0,0,0.3,0.5,0.0,1.0,0.7,1.0,1.0,0.25,1.0,0.25
inter_0.5,1.076604971463251,0.06099330102572317,1.0,1.0355991826692508,0.6722998772718763,7,69,400,3,3,100,0.0,0,0.3,0.5,0.0,1.0,0.7,1.0,1.0,0.25,1.0,0.25
inter_0.5,0.9192305597276246,0.0593402658232867,1.0,0.9746577590795801,-0.9340571462388764,8,70,400,3,3,100,0.0,0,0.3,0.5,0.0,1.0,0.7,1.0,1.0,0.25,1.0,0.25
inter_0.5,0.9733549794748051,0.06300806135774292,1.0,1.0242359680488748,-0.8075314091189237,9,71,400,3,3,100,0.0,0,0.3,0.5,0.0,1.0,0.7,1.0,1.0,0.25,1.0,0.25
inter_0.5,0.945436692686357,0.08314000421757886,1.0,1.0278820274810458,-0.9916445827802456,10,72,400,3,3,100,0.0,0,0.3,0.5,0.0,1.0,0.7,1.0,1.0,0.25,1.0,0.25
inter_0.5,1.1721632218053615,0.06361239965875833,1.0,1.0136949124516073,2.4911544007746906,11,73,400,3,3,100,0.0,0,0.3,0.5,0.0,1.0,0.7,1.0,1.0,0.25,1.0,0.25
inter_0.5,1.0273434051790875,0.06659625006575592,1.0,0.9907876035761453,0.5489168168905564,12,74,400,3,3,100,0.0,0,0.3,0.5,0.0,1.0,0.7,1.0,1.0,0.25,1.0,0.25
inter_0.5,1.0563603600500735,0.07048741571625215,1.0,0.9603231960796036,1.3624724781664368,13,75,400,3,3,100,0.0,0,0.3,0.5,0.0,1.0,0.7,1.0,1.0,0.25,1.0,0.25
inter_0.5,0.9550656325928515,0.09227148225405643,1.0,0.9636083213775418,-0.09258211286959986,14,76,400,3,3,100,0.0,0,0.3,0.5,0.0,1.0,0.7,1.0,1.0,0.25,1.0,0.25
inter_0.5,1.056473546499091,0.057976136939053353,1.0,1.0074631296171856,0.8453549937869609,15,77,400,3,3,100,0.0,0,0.3,0.5,0.0,1.0,0.7,1.0,1.0,0.25,1.0,0.25
inter_0.5,0.9826661170596058,0.06603248993173384,1.0,0.9887450538402988,-0.0920597843118971,16,78,400,3,3,100,0.0,0,0.3,0.5,0.0,1.0,0.7,1.0,1.0,0.25,1.0,0.25
inter_0.5,0.9078023642440697,0.0613519949293804,1.0,0.9839015942627336,-1.24037091387588,17,79,400,3,3,100,0.0,0,0.3,0.5,0.0,1.0,0.7,1.0,1.0,0.25,1.0,0.25
inter_0.5,0.9845401818180122,0.07088721498989876,1.0,1.0004021168316737,-0.2237629876688172,18,80,400,3,3,100,0.0,0,0.3,0.5,0.0,1.0,0.7,1.0,1.0,0.25,1.0,0.25
inter_0.5,0.9900006289109248,0.06824939504243016,1.0,0.9800633493512528,0.14560245630740032,19,81,400,3,3,100,0.0,0,0.3,0.5,0.0,1.0,0.7,1.0,1.0,0.25,1.0,0.25
inter_0.5,1.0737152333518538,0.0623092961192632,1.0,1.0408784126963389,0.5269971368744657,20,82,400,3,3,100,0.0,0,0.3,0.5,0.0,1.0,0.7,1.0,1.0,0.25,1.0,0.25
inter_0.5,0.8682853389375081,0.061199172018326274,1.0,1.0162792601920954,-2.418234044249324,21,83,400,3,3,100,0.0,0,0.3,0.5,0.0,1.0,0.7,1.0,1.0,0.25,1.0,0.25
inter_0.5,0.9596574095583038,0.06247377441525949,1.0,1.0092057835558657,-0.7931067789856385,22,84,400,3,3,100,0.0,0,0.3,0.5,0.0,1.0,0.7,1.0,1.0,0.25,1.0,0.25
inter_0.5,1.0027744547202568,0.06148556225171119,1.0,1.0184045193229156,-0.25420706959907186,23,85,400,3,3,100,0.0,0,0.3,0.5,0.0,1.0,0.7,1.0,1.0,0.25,1.0,0.25
inter_0.5,0.8291278420538255,0.06201800923586414,1.0,0.9896518562320702,-2.588345162253546,24,86,400,3,3,100,0.0,0,0.3,0.5,0.0,1.0,0.7,1.0,1.0,0.25,1.0,0.25
inter_0.5,1.0300615964535411,0.07569840702818531,1.0,1.013580308216837,0.21772305235653686,25,87,400,3,3,100,0.0,0,0.3,0.5,0.0,1.0,0.7,1.0,1.0,0.25,1.0,0.25
inter_0.5,0.9043977294217691,0.05856647735522375,1.0,0.9806438150319835,-1.3018724883820205,26,88,400,3,3,100,0.0,0,0.3,0.5,0.0,1.0,0.7,1.0,1.0,0.25,1.0,0.25
inter_0.5,1.0291153234915806,0.07688176115218047,1.0,0.9966206577318055,0.42265766643215763,27,89,400,3,3,100,0.0,0,0.3,0.5,0.0,1.0,0.7,1.0,1.0,0.25,1.0,0.25
inter_0.5,1.0483736717327667,0.07183054003479335,1.0,1.0245774429956624,0.3312828878298542,28,90,400,3,3,100,0.0,0,0.3,0.5,0.0,1.0,0.7,1.0,1.0,0.25,1.0,0.25
inter_0.5,1.0797638872025115,0.06294524176956386,1.0,1.0137753954628874,1.0483475777438624,29,91,400,3,3,100,0.0,0,0.3,0.5,0.0,1.0,0.7,1.0,1.0,0.25,1.0,0.25
inter_0.5,0.9012884365525478,0.060189162015684715,1.0,0.9954292178324745,-1.5640819397916617,30,92,400,3,3,100,0.0,0,0.3,0.5,0.0,1.0,0.7,1.0,1.0,0.25,1.0,0.25
inter_0.5,0.9950549799559194,0.08259195478840593,1.0,1.007136942863973,-0.14628498549291585,31,93,400,3,3,100,0.0,0,0.3,0.5,0.0,1.0,0.7,1.0,1.0,0.25,1.0,0.25
inter_0.5,0.9358242561937204,0.07151701683982656,1.0,1.0262956790454805,-1.2650335101977868,32,94,400,3,3,100,0.0,0,0.3,0.5,0.0,1.0,0.7,1.0,1.0,0.25,1.0,0.25
inter_0.5,0.8755218068888208,0.06184882340778465,1.0,0.9835505853913918,-1.7466585870245344,33,95,400,3,3,100,0.0,0,0.3,0.5,0.0,1.0,0.7,1.0,1.0,0.25,1.0,0.25
inter_0.5,0.8820563339792897,0.061324814175133566,1.0,1.008843563177698,-2.067470254966037,34,96,400,3,3,100,0.0,0,0.3,0.5,0.0,1.0,0.7,1.0,1.0,0.25,1.0,0.25
inter_0.5,0.9213387372316391,0.06062876387756119,1.0,1.0003472705022645,-1.3031526328028369,35,97,400,3,3,100,0.0,0,0.3,0.5,0.0,1.0,0.7,1.0,1.0,0.25,1.0,0.25
inter_0.5,0.9351130234205219,0.06605756186526682,1.0,0.9630940611168061,-0.423585686576734,36,98,400,3,3,100,0.0,0,0.3,0.5,0.0,1.0,0.7,1.0,1.0,0.25,1.0,0.25
inter_0.5,1.0132644281089551,0.07517898018261264,1.0,0.9910556376147542,0.29541223411457396,37,99,400,3,3,100,0.0,0,0.3,0.5,0.0,1.0,0.7,1.0,1.0,0.25,1.0,0.25
inter_0.5,0.9536128475545189,0.06673936020588508,1.0,1.0417794447390518,-1.3210584715308429,38,100,400,3,3,100,0.0,0,0.3,0.5,0.0,1.0,0.7,1.0,1.0,0.25,1.0,0.25
inter_0.5,0.9715423375877852,0.05881891271389533,1.0,1.0225020607149682,-0.8663832902702453,39,101,400,3,3,100,0.0,0,0.3,0.5,0.0,1.0,0.7,1.0,1.0,0.25,1.0,0.25
inter_0.5,0.9795657406833664,0.06650460213590667,1.0,0.9711450960754913,0.12661747213624425,40,102,400,3,3,100,0.0,0,0.3,0.5,0.0,1.0,0.7,1.0,1.0,0.25,1.0,0.25
inter_0.5,1.0167214810515626,0.06871024979052041,1.0,1.029503222225531,-0.18602379139846734,41,103,400,3,3,100,0.0,0,0.3,0.5,0.0,1.0,0.7,1.0,1.0,0.25,1.0,0.25
inter_0.5,1.0618241746972832,0.0622480351889103,1.0,0.9904545073140119,1.1465368692630813,42,104,400,3,3,100,0.0,0,0.3,0.5,0.0,1.0,0.7,1.0,1.0,0.25,1.0,0.25
inter_0.5,0.9178928714089436,0.06522930246441393,1.0,1.0018691777645932,-1.2874015692788243,43,105,400,3,3,100,0.0,0,0.3,0.5,0.0,1.0,0.7,1.0,1.0,0.25,1.0,0.25
inter_0.5,0.964620392957623,0.06100168155027612,1.0,0.993702712141972,-0.4767461887157989,44,106,400,3,3,100,0.0,0,0.3,0.5,0.0,1.0,0.7,1.0,1.0,0.25,1.0,0.25
inter_0.5,1.0492831156514855,0.06286140823195097,1.0,1.0270492332438699,0.35369685524026545,45,107,400,3,3,100,0.0,0,0.3,0.5,0.0,1.0,0.7,1.0,1.0,0.25,1.0,0.25
inter_0.5,0.9790103959962221,0.06829808726855782,1.0,0.9854366306980674,-0.09409099081466898,46,108,400,3,3,100,0.0,0,0.3,0.5,0.0,1.0,0.7,1.0,1.0,0.25,1.0,0.25
inter_0.5,0.8997150272432802,0.06633544251809266,1.0,0.9774476646448906,-1.1718115452445985,47,109,400,3,3,100,0.0,0,0.3,0.5,0.0,1.0,0.7,1.0,1.0,0.25,1.0,0.25
inter_0.5,0.9334900993184317,0.06835111318675917,1.0,0.9945320519160745,-0.8930644981721775,48,110,400,3,3,100,0.0,0,0.3,0.5,0.0,1.0,0.7,1.0,1.0,0.25,1.0,0.25
inter_0.5,1.03829171654733,0.08395121888621167,1.0,1.0025730726656839,0.42546903255877144,49,111,400,3,3,100,0.0,0,0.3,0.5,0.0,1.0,0.7,1.0,1.0,0.25,1.0,0.25
inter_0.5,0.9465133418311485,0.062303430307638394,1.0,1.0266096265157578,-1.2855838641486403,50,112,400,3,3,100,0.0,0,0.3,0.5,0.0,1.0,0.7,1.0,1.0,0.25,1.0,0.25
inter_0.5,1.0737762528277557,0.0661781330497059,1.0,0.9576508841383992,1.7547392671554458,51,113,400,3,3,100,0.0,0,0.3,0.5,0.0,1.0,0.7,1.0,1.0,0.25,1.0,0.25
inter_0.5,1.076438596088994,0.059567617644868634,1.0,1.0215547867310157,0.9213698906876813,52,114,400,3,3,100,0.0,0,0.3,0.5,0.0,1.0,0.7,1.0,1.0,0.25,1.0,0.25
inter_0.5,0.9221785492897214,0.0613769336178186,1.0,1.0076365766169775,-1.3923476180707464,53,115,400,3,3,100,0.0,0,0.3,0.5,0.0,1.0,0.7,1.0,1.0,0.25,1.0,0.25
inter_0.5,1.0643612646130074,0.06087615075036555,1.0,1.0239763880456223,0.6633940561220947,54,116,400,3,3,100,0.0,0,0.3,0.5,0.0,1.0,0.7,1.0,1.0,0.25,1.0,0.25
inter_0.5,1.0322811784185237,0.07580531176409504,1.0,0.9899369017277647,0.5585924746610601,55,117,400,3,3,100,0.0,0,0.3,0.5,0.0,1.0,0.7,1.0,1.0,0.25,1.0,0.25
inter_0.5,0.8801489576334631,0.059105314811399,1.0,0.9738340171731464,-1.5850530504511464,56,118,400,3,3,100,0.0,0,0.3,0.5,0.0,1.0,0.7,1.0,1.0,0.25,1.0,0.25
inter_0.5,0.9504293801595998,0.06588138177494143,1.0,1.0068584805179974,-0.8565257564142493,57,119,400,3,3,100,0.0,0,0.3,0.5,0.0,1.0,0.7,1.0,1.0,0.25,1.0,0.25
inter_0.5,1.0742799734694568,0.06945731107246947,1.0,0.9610519366419833,1.6301816911589784,58,120,400,3,3,100,0.0,0,0.3,0.5,0.0,1.0,0.7,1.0,1.0,0.25,1.0,0.25
inter_0.5,0.9318059998537185,0.05980374676763276,1.0,0.9825513882700043,-0.8485319258249298,59,121,400,3,3,100,0.0,0,0.3,0.5,0.0,1.0,0.7,1.0,1.0,0.25,1.0,0.25
inter_0.5,0.9488383970191073,0.06851862885457172,1.0,1.0216134347787382,-1.0621204623649614,60,122,400,3,3,100,0.0,0,0.3,0.5,0.0,1.0,0.7,1.0,1.0,0.25,1.0,0.25
inter_0.5,0.9533979136543066,0.06891879771811896,1.0,1.0079064060697218,-0.7909089279003017,61,123,400,3,3,100,0.0,0,0.3,0.5,0.0,1.0,0.7,1.0,1.0,0.25,1.0,0.25
inter_0.5,0.8769753668578346,0.06671447686200399,1.0,0.9480668070737943,-1.0656073997703568,62,124,400,3,3,100,0.0,0,0.3,0.5,0.0,1.0,0.7,1.0,1.0,0.25,1.0,0.25
inter_0.5,0.9597030038743902,0.06909110259391056,1.0,1.0213315676750718,-0.8919898726021102,63,125,400,3,3,100,0.0,0,0.3,0.5,0.0,1.0,0.7,1.0,1.0,0.25,1.0,0.25
inter_0.5,0.9871176377692938,0.05579309657914277,1.0,1.0053694977992875,-0.3271347379707332,64,126,400,3,3,100,0.0,0,0.3,0.5,0.0,1.0,0.7,1.0,1.0,0.25,1.0,0.25
inter_0.5,0.8950236495477599,0.06214551928937574,1.0,0.9524171480910362,-0.9235339763761232,65,127,400,3,3,100,0.0,0,0.3,0.5,0.0,1.0,0.7,1.0,1.0,0.25,1.0,0.25
inter_0.5,1.0593786917067947,0.05710073878817028,1.0,1.0077081606419527,0.9049012703062734,66,128,400,3,3,100,0.0,0,0.3,0.5,0.0,1.0,0.7,1.0,1.0,0.25,1.0,0.25
inter_0.5,0.9894320988004459,0.07045601435677318,1.0,1.0393512358218873,-0.7085149149746427,67,129,400,3,3,100,0.0,0,0.3,0.5,0.0,1.0,0.7,1.0,1.0,0.25,1.0,0.25
inter_0.5,0.9836831981725617,0.07074373373899455,1.0,0.9780957551882372,0.07898145445558533,68,130,400,3,3,100,0.0,0,0.3,0.5,0.0,1.0,0.7,1.0,1.0,0.25,1.0,0.25
inter_0.5,1.120407988948397,0.06389228232210524,1.0,1.0428276003750434,1.2142372404579558,69,131,400,3,3,100,0.0,0,0.3,0.5,0.0,1.0,0.7,1.0,1.0,0.25,1.0,0.25
inter_0.5,1.088778018624663,0.07334907844147485,1.0,1.0045059433060946,1.1489179838272814,70,132,400,3,3,100,0.0,0,0.3,0.5,0.0,1.0,0.7,1.0,1.0,0.25,1.0,0.25
inter_0.5,1.0902720068846627,0.07975029309655914,1.0,0.9822935885712638,1.353956382112127,71,133,400,3,3,100,0.0,0,0.3,0.5,0.0,1.0,0.7,1.0,1.0,0.25,1.0,0.25
inter_0.5,1.128729399621452,0.05796129148797018,1.0,1.0191020827760395,1.8913884427189747,72,134,400,3,3,100,0.0,0,0.3,0.5,0.0,1.0,0.7,1.0,1.0,0.25,1.0,0.25
inter_0.5,1.0638311782779792,0.06283836257197288,1.0,1.0163369379053566,0.755816008385393,73,135,400,3,3,100,0.0,0,0.3,0.5,0.0,1.0,0.7,1.0,1.0,0.25,1.0,0.25
inter_0.5,0.8864141934363172,0.08652936229369305,1.0,0.9638332150333042,-0.8947138814477303,74,136,400,3,3,100,0.0,0,0.3,0.5,0.0,1.0,0.7,1.0,1.0,0.25,1.0,0.25
inter_0.5,0.889234430862579,0.06574912647482992,1.0,0.9983662533802979,-1.6598216336683462,75,137,400,3,3,100,0.0,0,0.3,0.5,0.0,1.0,0.7,1.0,1.0,0.25,1.0,0.25
inter_0.5,1.0408525614957413,0.07075168656559697,1.0,1.0137488092092597,0.38308277303541854,76,138,400,3,3,100,0.0,0,0.3,0.5,0.0,1.0,0.7,1.0,1.0,0.25,1.0,0.25
inter_0.5,1.055868440979074,0.059972653169491595,1.0,0.9680949611994505,1.4635583910480434,77,139,400,3,3,100,0.0,0,0.3,0.5,0.0,1.0,0.7,1.0,1.0,0.25,1.0,0.25
inter_0.5,1.0984336755179094,0.06440492089637287,1.0,1.0150594487876994,1.294531932806169,78,140,400,3,3,100,0.0,0,0.3,0.5,0.0,1.0,0.7,1.0,1.0,0.25,1.0,0.25
inter_0.5,1.013002778776054,0.06477764437254613,1.0,1.0127438575863543,0.003997076340266839,79,141,400,3,3,100,0.0,0,0.3,0.5,0.0,1.0,0.7,1.0,1.0,0.25,1.0,0.25
inter_0.5,1.0196166720104716,0.0672382624433227,1.0,1.0409248313375352,-0.3169052642463059,80,142,400,3,3,100,0.0,0,0.3,0.5,0.0,1.0,0.7,1.0,1.0,0.25,1.0,0.25
inter_0.5,1.0160237071190863,0.06041494365697797,1.0,1.0019959535892193,0.23219012848068332,81,143,400,3,3,100,0.0,0,0.3,0.5,0.0,1.0,0.7,1.0,1.0,0.25,1.0,0.25
inter_0.5,1.007995512913603,0.0635406463598447,1.0,0.9833980162009727,0.38711436099231944,82,144,400,3,3,100,0.0,0,0.3,0.5,0.0,1.0,0.7,1.0,1.0,0.25,1.0,0.25
inter_0.5,0.9242101857253218,0.07016827588340087,1.0,0.9693696838760333,-0.6435885388683824,83,145,400,3,3,100,0.0,0,0.3,0.5,0.0,1.0,0.7,1.0,1.0,0.25,1.0,0.25
inter_0.5,1.0532381000040363,0.0664630987372359,1.0,1.0275550837955345,0.38642519979455736,84,146,400,3,3,100,0.0,0,0.3,0.5,0.0,1.0,0.7,1.0,1.0,0.25,1.0,0.25
inter_0.5,0.9477933531077274,0.06751741161565714,1.0,0.9963838736415427,-0.7196739236749304,85,147,400,3,3,100,0.0,0,0.3,0.5,0.0,1.0,0.7,1.0,1.0,0.25,1.0,0.25
inter_0.5,1.0954584350946313,0.08331656115183265,1.0,1.0329933403826368,0.7497320322445937,86,148,400,3,3,100,0.0,0,0.3,0.5,0.0,1.0,0.7,1.0,1.0,0.25,1.0,0.25
inter_0.5,0.9333888741777508,0.05967425608067966,1.0,0.9727560596917388,-0.6597013201264463,87,149,400,3,3,100,0.0,0,0.3,0.5,0.0,1.0,0.7,1.0,1.0,0.25,1.0,0.25
inter_0.5,0.9501002245069534,0.06581972656375197,1.0,0.9924386250935145,-0.6432478953790974,88,150,400,3,3,100,0.0,0,0.3,0.5,0.0,1.0,0.7,1.0,1.0,0.25,1.0,0.25
inter_0.5,0.9131715392636324,0.06728348910577454,1.0,1.046985438207981,-1.9888073689814674,89,151,400,3,3,100,0.0,0,0.3,0.5,0.0,1.0,0.7,1.0,1.0,0.25,1.0,0.25
inter_0.5,0.932786208124661,0.06423348598302779,1.0,0.9964386013461088,-0.9909534294661597,90,152,400,3,3,100,0.0,0,0.3,0.5,0.0,1.0,0.7,1.0,1.0,0.25,1.0,0.25
inter_0.5,0.8866094706481946,0.06315853367180381,1.0,0.9917733342177053,-1.6650776618086611,91,153,400,3,3,100,0.0,0,0.3,0.5,0.0,1.0,0.7,1.0,1.0,0.25,1.0,0.25
inter_0.5,0.8710343115959414,0.06444578094346125,1.0,0.9907571771356091,-1.8577300761503914,92,154,400,3,3,100,0.0,0,0.3,0.5,0.0,1.0,0.7,1.0,1.0,0.25,1.0,0.25
inter_0.5,0.949580558278662,0.06582794575160117,1.0,1.0083186806834998,-0.8922976668067933,93,155,400,3,3,100,0.0,0,0.3,0.5,0.0,1.0,0.7,1.0,1.0,0.25,1.0,0.25
inter_0.5,1.081179891139826,0.07282874075115617,1.0,1.0057784281809752,1.035325644534831,94,156,400,3,3,100,0.0,0,0.3,0.5,0.0,1.0,0.7,1.0,1.0,0.25,1.0,0.25
inter_0.5,0.9337071651384369,0.06677385593551109,1.0,1.013657707834541,-1.1973330216742137,95,157,400,3,3,100,0.0,0,0.3,0.5,0.0,1.0,0.7,1.0,1.0,0.25,1.0,0.25
inter_0.5,1.1194520129550833,0.0800389106572336,1.0,1.0308087863074522,1.1075016628755168,96,158,400,3,3,100,0.0,0,0.3,0.5,0.0,1.0,0.7,1.0,1.0,0.25,1.0,0.25
inter_0.5,1.0446629477415261,0.06614633086775681,1.0,1.005968693886662,0.5849795951981613,97,159,400,3,3,100,0.0,0,0.3,0.5,0.0,1.0,0.7,1.0,1.0,0.25,1.0,0.25
inter_0.5,1.0364382206270288,0.06882567186877481,1.0,0.9869444644220908,0.7191176614927111,98,160,400,3,3,100,0.0,0,0.3,0.5,0.0,1.0,0.7,1.0,1.0,0.25,1.0,0.25
inter_0.5,1.1017666265631088,0.06934708673431507,1.0,1.0111962300679913,1.3060447202650898,99,161,400,3,3,100,0.0,0,0.3,0.5,0.0,1.0,0.7,1.0,1.0,0.25,1.0,0.25
inter_1.0,0.9230410036660008,0.09575746204244688,1.0,0.9152731531381513,0.08112005437661107,0,63,400,3,3,100,0.0,0,0.3,1.0,0.0,1.0,0.7,1.0,1.0,0.25,1.0,0.25
inter_1.0,0.9964726645375965,0.0906117688160985,1.0,1.032971750838751,-0.4028073480745242,1,64,400,3,3,100,0.0,0,0.3,1.0,0.0,1.0,0.7,1.0,1.0,0.25,1.0,0.25
inter_1.0,1.243468836036202,0.0960188558217819,1.0,1.0831401111384864,1.6697629181845035,2,65,400,3,3,100,0.0,0,0.3,1.0,0.0,1.0,0.7,1.0,1.0,0.25,1.0,0.25
inter_1.0,1.208521941648495,0.1090374265758503,1.0,1.0722808085792623,1.2494896234042943,3,66,400,3,3,100,0.0,0,0.3,1.0,0.0,1.0,0.7,1.0,1.0,0.25,1.0,0.25
inter_1.0,0.9947539910974224,0.11799738918115336,1.0,0.953801424843457,0.3470633251986083,4,67,400,3,3,100,0.0,0,0.3,1.0,0.0,1.0,0.7,1.0,1.0,0.25,1.0,0.25
inter_1.0,1.0449097417548896,0.09533971237681917,1.0,0.9733967641117779,0.7500859385904685,5,68,400,3,3,100,0.0,0,0.3,1.0,0.0,1.0,0.7,1.0,1.0,0.25,1.0,0.25
inter_1.0,1.1192574242200637,0.10078129488236107,1.0,1.0711983653385013,0.47686486800611405,6,69,400,3,3,100,0.0,0,0.3,1.0,0.0,1.0,0.7,1.0,1.0,0.25,1.0,0.25
inter_1.0,0.8502823883131023,0.09150668492244193,1.0,0.94931551815916,-1.082250219533086,7,70,400,3,3,100,0.0,0,0.3,1.0,0.0,1.0,0.7,1.0,1.0,0.25,1.0,0.25
inter_1.0,0.971211201096636,0.08714319939624171,1.0,1.0484719360977501,-0.8865951162730235,8,71,400,3,3,100,0.0,0,0.3,1.0,0.0,1.0,0.7,1.0,1.0,0.25,1.0,0.25
inter_1.0,0.927293359647673,0.12716010292699642,1.0,1.055764054962092,-1.0103066320115743,9,72,400,3,3,100,0.0,0,0.3,1.0,0.0,1.0,0.7,1.0,1.0,0.25,1.0,0.25
inter_1.0,1.2488435869447245,0.10465025647073854,1.0,1.027389824903215,2.1161320527048177,10,73,400,3,3,100,0.0,0,0.3,1.0,0.0,1.0,0.7,1.0,1.0,0.25,1.0,0.25
inter_1.0,1.0538486847762838,0.10591682473781104,1.0,0.9815752071522905,0.6823606901254896,11,74,400,3,3,100,0.0,0,0.3,1.0,0.0,1.0,0.7,1.0,1.0,0.25,1.0,0.25
inter_1.0,0.992207991478359,0.10205842082088086,1.0,0.9206463921592072,0.7011827024518348,12,75,400,3,3,100,0.0,0,0.3,1.0,0.0,1.0,0.7,1.0,1.0,0.25,1.0,0.25
inter_1.0,1.0425501745628225,0.14946539823741176,1.0,0.9272166427550838,0.7716403473166563,13,76,400,3,3,100,0.0,0,0.3,1.0,0.0,1.0,0.7,1.0,1.0,0.25,1.0,0.25
inter_1.0,1.0411201808588588,0.08293290982680751,1.0,1.0149262592343713,0.315844719294059,14,77,400,3,3,100,0.0,0,0.3,1.0,0.0,1.0,0.7,1.0,1.0,0.25,1.0,0.25
inter_1.0,0.9804476415768519,0.09778607909714872,1.0,0.9774901076805975,0.030244937966233,15,78,400,3,3,100,0.0,0,0.3,1.0,0.0,1.0,0.7,1.0,1.0,0.25,1.0,0.25
inter_1.0,0.8637380997712356,0.10922449954495149,1.0,0.9678031885254671,-0.9527632462294172,16,79,400,3,3,100,0.0,0,0.3,1.0,0.0,1.0,0.7,1.0,1.0,0.25,1.0,0.25
inter_1.0,1.0207813009344953,0.100718036636029,1.0,1.0008042336633478,0.1983464723735612,17,80,400,3,3,100,0.0,0,0.3,1.0,0.0,1.0,0.7,1.0,1.0,0.25,1.0,0.25
inter_1.0,1.0066537762410466,0.10677700088002572,1.0,0.9601266987025057,0.4357406291156143,18,81,400,3,3,100,0.0,0,0.3,1.0,0.0,1.0,0.7,1.0,1.0,0.25,1.0,0.25
inter_1.0,1.1421322139201513,0.09166499091312098,1.0,1.0817568253926777,0.6586526429124582,19,82,400,3,3,100,0.0,0,0.3,1.0,0.0,1.0,0.7,1.0,1.0,0.25,1.0,0.25
inter_1.0,0.8060212395520107,0.09859053728816185,1.0,1.0325585203841907,-2.2977588626995065,20,83,400,3,3,100,0.0,0,0.3,1.0,0.0,1.0,0.7,1.0,1.0,0.25,1.0,0.25
inter_1.0,0.9504754781231796,0.09234977265227937,1.0,1.0184115671117318,-0.7356389413577554,21,84,400,3,3,100,0.0,0,0.3,1.0,0.0,1.0,0.7,1.0,1.0,0.25,1.0,0.25
inter_1.0,1.0598039717467875,0.08909810262786814,1.0,1.036809038645831,0.2580855531458208,22,85,400,3,3,100,0.0,0,0.3,1.0,0.0,1.0,0.7,1.0,1.0,0.25,1.0,0.25
inter_1.0,0.8567482633671671,0.09660795347712059,1.0,0.9793037124641404,-1.2685855013583094,23,86,400,3,3,100,0.0,0,0.3,1.0,0.0,1.0,0.7,1.0,1.0,0.25,1.0,0.25
inter_1.0,1.115291750965818,0.11618078081222948,1.0,1.0271606164336742,0.75856896395438,24,87,400,3,3,100,0.0,0,0.3,1.0,0.0,1.0,0.7,1.0,1.0,0.25,1.0,0.25
inter_1.0,0.847898381596014,0.0902756753548596,1.0,0.961287630063967,-1.256033234005035,25,88,400,3,3,100,0.0,0,0.3,1.0,0.0,1.0,0.7,1.0,1.0,0.25,1.0,0.25
inter_1.0,1.0623146351004276,0.10909463878914613,1.0,0.9932413154636108,0.6331504499530811,26,89,400,3,3,100,0.0,0,0.3,1.0,0.0,1.0,0.7,1.0,1.0,0.25,1.0,0.25
inter_1.0,1.1310957667365549,0.10641664302826725,1.0,1.0491548859913247,0.7700006165714549,27,90,400,3,3,100,0.0,0,0.3,1.0,0.0,1.0,0.7,1.0,1.0,0.25,1.0,0.25
inter_1.0,1.1072215892823516,0.09195301180472913,1.0,1.0275507909257746,0.866429459926396,28,91,400,3,3,100,0.0,0,0.3,1.0,0.0,1.0,0.7,1.0,1.0,0.25,1.0,0.25
inter_1.0,0.9523575801287227,0.09317024096214979,1.0,0.990858435664949,-0.41323125430004176,29,92,400,3,3,100,0.0,0,0.3,1.0,0.0,1.0,0.7,1.0,1.0,0.25,1.0,0.25
inter_1.0,1.0701159222901382,0.11973611243373487,1.0,1.014273885727946,0.46637589468337354,30,93,400,3,3,100,0.0,0,0.3,1.0,0.0,1.0,0.7,1.0,1.0,0.25,1.0,0.25
inter_1.0,0.9291199539394164,0.09584765275543965,1.0,1.0525913580909612,-1.2882047770808598,31,94,400,3,3,100,0.0,0,0.3,1.0,0.0,1.0,0.7,1.0,1.0,0.25,1.0,0.25
inter_1.0,0.8549848507292777,0.08620332136502473,1.0,0.9671011707827837,-1.3006032514542412,32,95,400,3,3,100,0.0,0,0.3,1.0,0.0,1.0,0.7,1.0,1.0,0.25,1.0,0.25
inter_1.0,0.8606611128518865,0.09237661323960725,1.0,1.0176871263553957,-1.6998459674659623,33,96,400,3,3,100,0.0,0,0.3,1.0,0.0,1.0,0.7,1.0,1.0,0.25,1.0,0.25
inter_1.0,0.9040429188578466,0.0955124685337931,1.0,1.000694541004529,-1.0119267529190306,34,97,400,3,3,100,0.0,0,0.3,1.0,0.0,1.0,0.7,1.0,1.0,0.25,1.0,0.25
inter_1.0,0.9268408045956082,0.09560278191093245,1.0,0.9261881222336121,0.00682702269693555,35,98,400,3,3,100,0.0,0,0.3,1.0,0.0,1.0,0.7,1.0,1.0,0.25,1.0,0.25
inter_1.0,1.0379087328220116,0.11363836265735022,1.0,0.9821112752295085,0.49100898928601444,36,99,400,3,3,100,0.0,0,0.3,1.0,0.0,1.0,0.7,1.0,1.0,0.25,1.0,0.25
inter_1.0,0.9904900944468698,0.10242284616570686,1.0,1.083558889478103,-0.908672220264803,37,100,400,3,3,100,0.0,0,0.3,1.0,0.0,1.0,0.7,1.0,1.0,0.25,1.0,0.25
inter_1.0,0.9937676038863775,0.09352790251631757,1.0,1.0450041214299366,-0.547820662765531,38,101,400,3,3,100,0.0,0,0.3,1.0,0.0,1.0,0.7,1.0,1.0,0.25,1.0,0.25
inter_1.0,1.0087657579253924,0.10235907209694797,1.0,0.9422901921509823,0.6494350174594065,39,102,400,3,3,100,0.0,0,0.3,1.0,0.0,1.0,0.7,1.0,1.0,0.25,1.0,0.25
inter_1.0,1.0506685123201558,0.10702356145280904,1.0,1.0590064444510618,-0.0779074440966215,40,103,400,3,3,100,0.0,0,0.3,1.0,0.0,1.0,0.7,1.0,1.0,0.25,1.0,0.25
inter_1.0,1.0760580121315841,0.09298175593629783,1.0,0.9809090146280238,1.0233082452083102,41,104,400,3,3,100,0.0,0,0.3,1.0,0.0,1.0,0.7,1.0,1.0,0.25,1.0,0.25
inter_1.0,0.8805755444937339,0.09989681994869551,1.0,1.0037383555291866,-1.2329002174314057,42,105,400,3,3,100,0.0,0,0.3,1.0,0.0,1.0,0.7,1.0,1.0,0.25,1.0,0.25
inter_1.0,0.954619426394,0.09999913125475564,1.0,0.9874054242839437,-0.32786282719215665,43,106,400,3,3,100,0.0,0,0.3,1.0,0.0,1.0,0.7,1.0,1.0,0.25,1.0,0.25
inter_1.0,1.0643087833516827,0.08191892351030632,1.0,1.05409846648774,0.12463929488353348,44,107,400,3,3,100,0.0,0,0.3,1.0,0.0,1.0,0.7,1.0,1.0,0.25,1.0,0.25
inter_1.0,1.002823489438397,0.10525577583410277,1.0,0.9708732613961346,0.3035484541258826,45,108,400,3,3,100,0.0,0,0.3,1.0,0.0,1.0,0.7,1.0,1.0,0.25,1.0,0.25
inter_1.0,0.8470243736317563,0.09980019364389893,1.0,0.9548953292897815,-1.0808692019468806,46,109,400,3,3,100,0.0,0,0.3,1.0,0.0,1.0,0.7,1.0,1.0,0.25,1.0,0.25
inter_1.0,0.9196004780958646,0.09874882614339574,1.0,0.989064103832149,-0.7034374832508333,47,110,400,3,3,100,0.0,0,0.3,1.0,0.0,1.0,0.7,1.0,1.0,0.25,1.0,0.25
inter_1.0,1.101912120157277,0.12293725218432269,1.0,1.0051461453313677,0.7871167860562381,48,111,400,3,3,100,0.0,0,0.3,1.0,0.0,1.0,0.7,1.0,1.0,0.25,1.0,0.25
inter_1.0,0.8770167040337907,0.08626232824541741,1.0,1.0532192530315156,-2.042636137717341,49,112,400,3,3,100,0.0,0,0.3,1.0,0.0,1.0,0.7,1.0,1.0,0.25,1.0,0.25
inter_1.0,1.1089563614468174,0.1043581579476487,1.0,0.9153017682767984,1.8556727809163311,50,113,400,3,3,100,0.0,0,0.3,1.0,0.0,1.0,0.7,1.0,1.0,0.25,1.0,0.25
inter_1.0,1.1369532429552036,0.08429421917687094,1.0,1.0431095734620317,1.1132871317814068,51,114,400,3,3,100,0.0,0,0.3,1.0,0.0,1.0,0.7,1.0,1.0,0.25,1.0,0.25
inter_1.0,0.9546304446084802,0.08318431090628986,1.0,1.0152731532339552,-0.7290161806328016,52,115,400,3,3,100,0.0,0,0.3,1.0,0.0,1.0,0.7,1.0,1.0,0.25,1.0,0.25
inter_1.0,1.1362018511376244,0.08579093703253024,1.0,1.0479527760912448,1.0286526537519605,53,116,400,3,3,100,0.0,0,0.3,1.0,0.0,1.0,0.7,1.0,1.0,0.25,1.0,0.25
inter_1.0,1.0529219102162517,0.12263060990714394,1.0,0.9798738034555293,0.5956759639052149,54,117,400,3,3,100,0.0,0,0.3,1.0,0.0,1.0,0.7,1.0,1.0,0.25,1.0,0.25
inter_1.0,0.8913837726300732,0.0910876098673935,1.0,0.9476680343462928,-0.6179134769060131,55,118,400,3,3,100,0.0,0,0.3,1.0,0.0,1.0,0.7,1.0,1.0,0.25,1.0,0.25
inter_1.0,0.9676359463830605,0.10167248744588693,1.0,1.0137169610359953,-0.4532299328022289,56,119,400,3,3,100,0.0,0,0.3,1.0,0.0,1.0,0.7,1.0,1.0,0.25,1.0,0.25
inter_1.0,1.057626678830227,0.10723842738128102,1.0,0.9221038732839664,1.263752265448802,57,120,400,3,3,100,0.0,0,0.3,1.0,0.0,1.0,0.7,1.0,1.0,0.25,1.0,0.25
inter_1.0,0.9502572873133702,0.08933006653099149,1.0,0.9651027765400088,-0.16618692678895688,58,121,400,3,3,100,0.0,0,0.3,1.0,0.0,1.0,0.7,1.0,1.0,0.25,1.0,0.25
inter_1.0,0.9757176341820794,0.10313868278314313,1.0,1.0432268695574762,-0.6545481632467631,59,122,400,3,3,100,0.0,0,0.3,1.0,0.0,1.0,0.7,1.0,1.0,0.25,1.0,0.25
inter_1.0,0.9759747616889073,0.10063790320703282,1.0,1.0158128121394432,-0.3958553306558947,60,123,400,3,3,100,0.0,0,0.3,1.0,0.0,1.0,0.7,1.0,1.0,0.25,1.0,0.25
inter_1.0,0.8099403763976109,0.09688839652958685,1.0,0.8961336141475883,-0.8896136259583631,61,124,400,3,3,100,0.0,0,0.3,1.0,0.0,1.0,0.7,1.0,1.0,0.25,1.0,0.25
inter_1.0,0.9467188025414525,0.1128361244596699,1.0,1.0426631353501437,-0.8502980164210071,62,125,400,3,3,100,0.0,0,0.3,1.0,0.0,1.0,0.7,1.0,1.0,0.25,1.0,0.25
inter_1.0,0.948445350653671,0.08411174696425279,1.0,1.0107389955985753,-0.740605767840952,63,126,400,3,3,100,0.0,0,0.3,1.0,0.0,1.0,0.7,1.0,1.0,0.25,1.0,0.25
inter_1.0,0.8555788235037974,0.08466239616293764,1.0,0.9048342961820722,-0.5817868960793385,64,127,400,3,3,100,0.0,0,0.3,1.0,0.0,1.0,0.7,1.0,1.0,0.25,1.0,0.25
inter_1.0,1.1074028186772502,0.08532352896060465,1.0,1.0154163212839054,1.078090633543962,65,128,400,3,3,100,0.0,0,0.3,1.0,0.0,1.0,0.7,1.0,1.0,0.25,1.0,0.25
inter_1.0,0.9557501143849418,0.12726488192850205,1.0,1.0787024716437745,-0.9661137887819504,66,129,400,3,3,100,0.0,0,0.3,1.0,0.0,1.0,0.7,1.0,1.0,0.25,1.0,0.25
inter_1.0,0.9642771667004985,0.09837902451332842,1.0,0.9561915103764747,0.08218882392890933,67,130,400,3,3,100,0.0,0,0.3,1.0,0.0,1.0,0.7,1.0,1.0,0.25,1.0,0.25
inter_1.0,1.211098864249462,0.10342272145119341,1.0,1.0856552007500868,1.2129217036565196,68,131,400,3,3,100,0.0,0,0.3,1.0,0.0,1.0,0.7,1.0,1.0,0.25,1.0,0.25
inter_1.0,1.1260246201200894,0.10601993285910079,1.0,1.0090118866121889,1.1036861687453532,69,132,400,3,3,100,0.0,0,0.3,1.0,0.0,1.0,0.7,1.0,1.0,0.25,1.0,0.25
inter_1.0,1.1489344824473626,0.130682608297239,1.0,0.9645871771425276,1.4106491116670636,70,133,400,3,3,100,0.0,0,0.3,1.0,0.0,1.0,0.7,1.0,1.0,0.25,1.0,0.25
inter_1.0,1.1727892740582053,0.08204199696151736,1.0,1.0382041655520786,1.6404416456276074,71,134,400,3,3,100,0.0,0,0.3,1.0,0.0,1.0,0.7,1.0,1.0,0.25,1.0,0.25
inter_1.0,1.0267046782374984,0.09751612296720433,1.0,1.0326738758107135,-0.06121241689666554,72,135,400,3,3,100,0.0,0,0.3,1.0,0.0,1.0,0.7,1.0,1.0,0.25,1.0,0.25
inter_1.0,0.7674035574009974,0.15629863704270924,1.0,0.9276664300666085,-1.0253632129998589,73,136,400,3,3,100,0.0,0,0.3,1.0,0.0,1.0,0.7,1.0,1.0,0.25,1.0,0.25
inter_1.0,0.8540775967956632,0.09882566309027413,1.0,0.9967325067605958,-1.4435006607000633,74,137,400,3,3,100,0.0,0,0.3,1.0,0.0,1.0,0.7,1.0,1.0,0.25,1.0,0.25
inter_1.0,1.0735005064234577,0.10453362962890386,1.0,1.0274976184185194,0.4400774006245585,75,138,400,3,3,100,0.0,0,0.3,1.0,0.0,1.0,0.7,1.0,1.0,0.25,1.0,0.25
inter_1.0,1.0709751829710157,0.0909703695495875,1.0,0.9361899223989011,1.4816391451355357,76,139,400,3,3,100,0.0,0,0.3,1.0,0.0,1.0,0.7,1.0,1.0,0.25,1.0,0.25
inter_1.0,1.1973700306852921,0.09374508446150531,1.0,1.0301188975753985,1.7841056314645722,77,140,400,3,3,100,0.0,0,0.3,1.0,0.0,1.0,0.7,1.0,1.0,0.25,1.0,0.25
inter_1.0,0.9718566206287669,0.0961575559488014,1.0,1.0254877151727086,-0.5577418645342584,78,141,400,3,3,100,0.0,0,0.3,1.0,0.0,1.0,0.7,1.0,1.0,0.25,1.0,0.25
inter_1.0,1.077939548238929,0.1010601700431657,1.0,1.0818496626750707,-0.038690954452893084,79,142,400,3,3,100,0.0,0,0.3,1.0,0.0,1.0,0.7,1.0,1.0,0.25,1.0,0.25
inter_1.0,1.0293245484340108,0.09578811300278597,1.0,1.0039919071784384,0.2644653961899796,80,143,400,3,3,100,0.0,0,0.3,1.0,0.0,1.0,0.7,1.0,1.0,0.25,1.0,0.25
inter_1.0,0.9822535304133083,0.1041114111560746,1.0,0.9667960324019452,0.14847073764268337,81,144,400,3,3,100,0.0,0,0.3,1.0,0.0,1.0,0.7,1.0,1.0,0.25,1.0,0.25
inter_1.0,0.9105909326374653,0.10290640966150823,1.0,0.9387393677520666,-0.2735343231504278,82,145,400,3,3,100,0.0,0,0.3,1.0,0.0,1.0,0.7,1.0,1.0,0.25,1.0,0.25
inter_1.0,1.0939055735821739,0.10434928310563696,1.0,1.0551101675910686,0.37178411615757023,83,146,400,3,3,100,0.0,0,0.3,1.0,0.0,1.0,0.7,1.0,1.0,0.25,1.0,0.25
inter_1.0,0.936194249700848,0.10708559876047756,1.0,0.9927677472830855,-0.5283016412765045,84,147,400,3,3,100,0.0,0,0.3,1.0,0.0,1.0,0.7,1.0,1.0,0.25,1.0,0.25
inter_1.0,1.2059094684915959,0.13679642410557608,1.0,1.0659866807652738,1.0228541326367795,85,148,400,3,3,100,0.0,0,0.3,1.0,0.0,1.0,0.7,1.0,1.0,0.25,1.0,0.25
inter_1.0,0.8957102594139398,0.08812323623431463,1.0,0.9455121193834773,-0.5651387999087696,86,149,400,3,3,100,0.0,0,0.3,1.0,0.0,1.0,0.7,1.0,1.0,0.25,1.0,0.25
inter_1.0,0.966308437547299,0.09242284301034809,1.0,0.9848772501870292,-0.2009115066677959,87,150,400,3,3,100,0.0,0,0.3,1.0,0.0,1.0,0.7,1.0,1.0,0.25,1.0,0.25
inter_1.0,0.8399848374552115,0.10043134770461876,1.0,1.093970876415962,-2.5289518140068714,88,151,400,3,3,100,0.0,0,0.3,1.0,0.0,1.0,0.7,1.0,1.0,0.25,1.0,0.25
inter_1.0,0.8989592318823747,0.10327566661275837,1.0,0.9928772026922179,-0.9093910878541922,89,152,400,3,3,100,0.0,0,0.3,1.0,0.0,1.0,0.7,1.0,1.0,0.25,1.0,0.25
inter_1.0,0.8953289890244922,0.08199238792004156,1.0,0.9835466684354104,-1.0759252370713668,90,153,400,3,3,100,0.0,0,0.3,1.0,0.0,1.0,0.7,1.0,1.0,0.25,1.0,0.25
inter_1.0,0.8791082823707526,0.1026383448853286,1.0,0.9815143542712181,-0.9977369765157211,91,154,400,3,3,100,0.0,0,0.3,1.0,0.0,1.0,0.7,1.0,1.0,0.25,1.0,0.25
inter_1.0,0.9231873927900784,0.09651553042827746,1.0,1.016637361367,-0.9682376314179396,92,155,400,3,3,100,0.0,0,0.3,1.0,0.0,1.0,0.7,1.0,1.0,0.25,1.0,0.25
inter_1.0,1.1294813477415564,0.1151154051460788,1.0,1.0115568563619501,1.0244023484950844,93,156,400,3,3,100,0.0,0,0.3,1.0,0.0,1.0,0.7,1.0,1.0,0.25,1.0,0.25
inter_1.0,0.9175550421270255,0.10134757842134398,1.0,1.0273154156690822,-1.0830093353166983,94,157,400,3,3,100,0.0,0,0.3,1.0,0.0,1.0,0.7,1.0,1.0,0.25,1.0,0.25
inter_1.0,1.2425148720994899,0.13034393780844938,1.0,1.0616175726149046,1.3878458985214024,95,158,400,3,3,100,0.0,0,0.3,1.0,0.0,1.0,0.7,1.0,1.0,0.25,1.0,0.25
inter_1.0,1.0635972647948864,0.10006108698652472,1.0,1.0119373877733242,0.5162833882518109,96,159,400,3,3,100,0.0,0,0.3,1.0,0.0,1.0,0.7,1.0,1.0,0.25,1.0,0.25
inter_1.0,1.0946202038224329,0.10617896228022101,1.0,0.9738889288441817,1.1370545764011577,97,160,400,3,3,100,0.0,0,0.3,1.0,0.0,1.0,0.7,1.0,1.0,0.25,1.0,0.25
inter_1.0,1.1471783693809434,0.10674630678839296,1.0,1.0223924601359824,1.168995096873268,98,161,400,3,3,100,0.0,0,0.3,1.0,0.0,1.0,0.7,1.0,1.0,0.25,1.0,0.25
inter_1.0,0.9437600050676325,0.08352991200002345,1.0,0.9733433300938613,-0.3541644462192243,99,162,400,3,3,100,0.0,0,0.3,1.0,0.0,1.0,0.7,1.0,1.0,0.25,1.0,0.25
hete_0.15,0.937050575208361,0.04855547319145129,1.0,1.0049457626258127,-1.3983014262829878,0,64,400,3,3,100,0.0,0,0.3,0.0,0.15,1.0,0.7,1.0,1.0,0.25,1.0,0.25
hete_0.15,1.0932054102859992,0.05247834174489125,1.0,1.0124710166707729,1.5384326358423042,1,65,400,3,3,100,0.0,0,0.3,0.0,0.15,1.0,0.7,1.0,1.0,0.25,1.0,0.25
hete_0.15,1.0722234323001194,0.06541483052761554,1.0,1.0108421212868892,0.9383393722516401,2,66,400,3,3,100,0.0,0,0.3,0.0,0.15,1.0,0.7,1.0,1.0,0.25,1.0,0.25
hete_0.15,0.943988283858051,0.05262847241036318,1.0,0.9930702137265186,-0.9326117141641143,3,67,400,3,3,100,0.0,0,0.3,0.0,0.15,1.0,0.7,1.0,1.0,0.25,1.0,0.25
hete_0.15,0.9691018413475999,0.04543036082374955,1.0,0.9960095146167667,-0.5922839436287349,4,68,400,3,3,100,0.0,0,0.3,0.0,0.15,1.0,0.7,1.0,1.0,0.25,1.0,0.25
hete_0.15,1.04189369667554,0.04476900084642129,1.0,1.010679754800775,0.6972222136885183,5,69,400,3,3,100,0.0,0,0.3,0.0,0.15,1.0,0.7,1.0,1.0,0.25,1.0,0.25
hete_0.15,0.9572612483422338,0.04974761651674547,1.0,0.992397327723874,-0.7062866895304041,6,70,400,3,3,100,0.0,0,0.3,0.0,0.15,1.0,0.7,1.0,1.0,0.25,1.0,0.25
hete_0.15,0.9745778821477326,0.0542077406632129,1.0,1.0072707904146625,-0.603104056117144,7,71,400,3,3,100,0.0,0,0.3,0.0,0.15,1.0,0.7,1.0,1.0,0.25,1.0,0.25
hete_0.15,0.9674242854240781,0.059323233576460854,1.0,1.0083646082443138,-0.6901229139417755,8,72,400,3,3,100,0.0,0,0.3,0.0,0.15,1.0,0.7,1.0,1.0,0.25,1.0,0.25
hete_0.15,1.1185042032244745,0.0464681651171963,1.0,1.0041084737354822,2.4618086210307095,9,73,400,3,3,100,0.0,0,0.3,0.0,0.15,1.0,0.7,1.0,1.0,0.25,1.0,0.25
hete_0.15,1.0054918968576485,0.049626565644274735,1.0,0.9972362810728436,0.16635476740384436,10,74,400,3,3,100,0.0,0,0.3,0.0,0.15,1.0,0.7,1.0,1.0,0.25,1.0,0.25
hete_0.15,1.0930427801505174,0.05534079038683861,1.0,0.9880969588238812,1.8963556644755635,11,75,400,3,3,100,0.0,0,0.3,0.0,0.15,1.0,0.7,1.0,1.0,0.25,1.0,0.25
hete_0.15,0.9197011528719276,0.06210795870478899,1.0,0.9890824964132625,-1.1171087407834117,12,76,400,3,3,100,0.0,0,0.3,0.0,0.15,1.0,0.7,1.0,1.0,0.25,1.0,0.25
hete_0.15,1.0772257125565377,0.05070716032924847,1.0,1.0022389388851556,1.4788202136440451,13,77,400,3,3,100,0.0,0,0.3,0.0,0.15,1.0,0.7,1.0,1.0,0.25,1.0,0.25
hete_0.15,0.9755401999271921,0.05437267515167049,1.0,0.9966235161520897,-0.38775572778213435,14,78,400,3,3,100,0.0,0,0.3,0.0,0.15,1.0,0.7,1.0,1.0,0.25,1.0,0.25
hete_0.15,0.9518722984372835,0.04347983945055301,1.0,0.9951704782788201,-0.9958219806854854,15,79,400,3,3,100,0.0,0,0.3,0.0,0.15,1.0,0.7,1.0,1.0,0.25,1.0,0.25
hete_0.15,0.9438335352805604,0.058105967177070145,1.0,1.0001206350495022,-0.9686974075728655,16,80,400,3,3,100,0.0,0,0.3,0.0,0.15,1.0,0.7,1.0,1.0,0.25,1.0,0.25
hete_0.15,1.0147286668240005,0.05262344602480524,1.0,0.9940190048053757,0.3935443910089587,17,81,400,3,3,100,0.0,0,0.3,0.0,0.15,1.0,0.7,1.0,1.0,0.25,1.0,0.25
hete_0.15,1.008162716333591,0.050686549237010874,1.0,1.0122635238089017,-0.08090524087831287,18,82,400,3,3,100,0.0,0,0.3,0.0,0.15,1.0,0.7,1.0,1.0,0.25,1.0,0.25
hete_0.15,0.9014706908766944,0.04709715032051916,1.0,1.0048837780576287,-2.1957397948104647,19,83,400,3,3,100,0.0,0,0.3,0.0,0.15,1.0,0.7,1.0,1.0,0.25,1.0,0.25
hete_0.15,0.9946887311490195,0.04731092028471602,1.0,1.0027617350667597,-0.17063722009965332,20,84,400,3,3,100,0.0,0,0.3,0.0,0.15,1.0,0.7,1.0,1.0,0.25,1.0,0.25
hete_0.15,0.9511239134332615,0.051765650183329105,1.0,1.0055213557968745,-1.0508405124047189,21,85,400,3,3,100,0.0,0,0.3,0.0,0.15,1.0,0.7,1.0,1.0,0.25,1.0,0.25
hete_0.15,0.819193950150411,0.04731358347885001,1.0,0.9968955568696211,-3.755826417135489,22,86,400,3,3,100,0.0,0,0.3,0.0,0.15,1.0,0.7,1.0,1.0,0.25,1.0,0.25
hete_0.15,0.9767785481724978,0.05508299446974652,1.0,1.004074092465051,-0.49553486616536385,23,87,400,3,3,100,0.0,0,0.3,0.0,0.15,1.0,0.7,1.0,1.0,0.25,1.0,0.25
hete_0.15,0.9531747424940925,0.048067782301532164,1.0,0.9941931445095951,-0.853345006811248,24,88,400,3,3,100,0.0,0,0.3,0.0,0.15,1.0,0.7,1.0,1.0,0.25,1.0,0.25
hete_0.15,0.9913717520169116,0.061538208997681164,1.0,0.9989861973195417,-0.12373524395090918,25,89,400,3,3,100,0.0,0,0.3,0.0,0.15,1.0,0.7,1.0,1.0,0.25,1.0,0.25
hete_0.15,1.0032033044323674,0.05564274604921885,1.0,1.0073732328986986,-0.0749410976705342,26,90,400,3,3,100,0.0,0,0.3,0.0,0.15,1.0,0.7,1.0,1.0,0.25,1.0,0.25
hete_0.15,1.0588110783897862,0.04788602933719247,1.0,1.0041326186388662,1.1418457639471047,27,91,400,3,3,100,0.0,0,0.3,0.0,0.15,1.0,0.7,1.0,1.0,0.25,1.0,0.25
hete_0.15,0.8962362897372533,0.04736065315456063,1.0,0.9986287653497423,-2.161973469376214,28,92,400,3,3,100,0.0,0,0.3,0.0,0.15,1.0,0.7,1.0,1.0,0.25,1.0,0.25
hete_0.15,0.9460671950277966,0.06432773171451762,1.0,1.002141082859192,-0.8716907364346014,29,93,400,3,3,100,0.0,0,0.3,0.0,0.15,1.0,0.7,1.0,1.0,0.25,1.0,0.25
hete_0.15,0.9617601966746742,0.058122486785964565,1.0,1.0078887037136441,-0.7936430388609784,30,94,400,3,3,100,0.0,0,0.3,0.0,0.15,1.0,0.7,1.0,1.0,0.25,1.0,0.25
hete_0.15,0.9069969868482544,0.052248306094480126,1.0,0.9950651756174176,-1.6855702194423363,31,95,400,3,3,100,0.0,0,0.3,0.0,0.15,1.0,0.7,1.0,1.0,0.25,1.0,0.25
hete_0.15,0.9024818848451703,0.04668762773146694,1.0,1.0026530689533093,-2.145561661095595,32,96,400,3,3,100,0.0,0,0.3,0.0,0.15,1.0,0.7,1.0,1.0,0.25,1.0,0.25
hete_0.15,0.9303972328391469,0.04477916251298567,1.0,1.0001041811506794,-1.5566827157903633,33,97,400,3,3,100,0.0,0,0.3,0.0,0.15,1.0,0.7,1.0,1.0,0.25,1.0,0.25
hete_0.15,0.9717194247603075,0.052110256050665306,1.0,0.9889282183350419,-0.33023813120401396,34,98,400,3,3,100,0.0,0,0.3,0.0,0.15,1.0,0.7,1.0,1.0,0.25,1.0,0.25
hete_0.15,0.9915959934590955,0.056358325098307516,1.0,0.9973166912844263,-0.10150581684874445,35,99,400,3,3,100,0.0,0,0.3,0.0,0.15,1.0,0.7,1.0,1.0,0.25,1.0,0.25
hete_0.15,0.9465949266962649,0.04963895005163179,1.0,1.0125338334217155,-1.3283702950377583,36,100,400,3,3,100,0.0,0,0.3,0.0,0.15,1.0,0.7,1.0,1.0,0.25,1.0,0.25
hete_0.15,0.957710196563594,0.05077909285876869,1.0,1.0067506182144905,-0.9657600971189475,37,101,400,3,3,100,0.0,0,0.3,0.0,0.15,1.0,0.7,1.0,1.0,0.25,1.0,0.25
hete_0.15,0.9599671034329125,0.0490558820956105,1.0,0.9913435288226473,-0.6396057730361838,38,102,400,3,3,100,0.0,0,0.3,0.0,0.15,1.0,0.7,1.0,1.0,0.25,1.0,0.25
hete_0.15,1.0162023816544348,0.04569726932067006,1.0,1.0088509666676593,0.16087208483265453,39,103,400,3,3,100,0.0,0,0.3,0.0,0.15,1.0,0.7,1.0,1.0,0.25,1.0,0.25
hete_0.15,1.059343686525175,0.04692071629527939,1.0,0.9971363521942035,1.325796774701629,40,104,400,3,3,100,0.0,0,0.3,0.0,0.15,1.0,0.7,1.0,1.0,0.25,1.0,0.25
hete_0.15,0.9457087101104844,0.04944801967200428,1.0,1.000560753329378,-1.109286955933424,41,105,400,3,3,100,0.0,0,0.3,0.0,0.15,1.0,0.7,1.0,1.0,0.25,1.0,0.25
hete_0.15,0.9645229825488556,0.04508851011198246,1.0,0.9981108136425916,-0.7449310480722642,42,106,400,3,3,100,0.0,0,0.3,0.0,0.15,1.0,0.7,1.0,1.0,0.25,1.0,0.25
hete_0.15,1.0581507441061035,0.056011657757057805,1.0,1.008114769973161,0.8933135732201705,43,107,400,3,3,100,0.0,0,0.3,0.0,0.15,1.0,0.7,1.0,1.0,0.25,1.0,0.25
hete_0.15,0.9843886468045849,0.05200221406151911,1.0,0.9956309892094203,-0.21618968745322173,44,108,400,3,3,100,0.0,0,0.3,0.0,0.15,1.0,0.7,1.0,1.0,0.25,1.0,0.25
hete_0.15,0.9446305803257561,0.0518154614638805,1.0,0.9932342993934672,-0.9380157523366219,45,109,400,3,3,100,0.0,0,0.3,0.0,0.15,1.0,0.7,1.0,1.0,0.25,1.0,0.25
hete_0.15,0.9293606386159114,0.054889010106529246,1.0,0.9983596155748222,-1.2570636057199198,46,110,400,3,3,100,0.0,0,0.3,0.0,0.15,1.0,0.7,1.0,1.0,0.25,1.0,0.25
hete_0.15,1.000894422304213,0.060852531448390416,1.0,1.0007719217997053,0.0020130716272943887,47,111,400,3,3,100,0.0,0,0.3,0.0,0.15,1.0,0.7,1.0,1.0,0.25,1.0,0.25
hete_0.15,0.9987440235291103,0.05339696878758009,1.0,1.0079828879547272,-0.1730222639110905,48,112,400,3,3,100,0.0,0,0.3,0.0,0.15,1.0,0.7,1.0,1.0,0.25,1.0,0.25
hete_0.15,1.0516476960117471,0.049229985385950456,1.0,0.9872952652415198,1.3071795627343943,49,113,400,3,3,100,0.0,0,0.3,0.0,0.15,1.0,0.7,1.0,1.0,0.25,1.0,0.25
hete_0.15,1.0346400816372354,0.049959262255109,1.0,1.0064664360193047,0.5639323790264646,50,114,400,3,3,100,0.0,0,0.3,0.0,0.15,1.0,0.7,1.0,1.0,0.25,1.0,0.25
hete_0.15,0.8950826988775373,0.05243803270270557,1.0,1.0022909729850933,-2.0444755186634698,51,115,400,3,3,100,0.0,0,0.3,0.0,0.15,1.0,0.7,1.0,1.0,0.25,1.0,0.25
hete_0.15,1.0194557643449487,0.05250162007217312,1.0,1.0071929164136868,0.23357084818343377,52,116,400,3,3,100,0.0,0,0.3,0.0,0.15,1.0,0.7,1.0,1.0,0.25,1.0,0.25
hete_0.15,1.0080223748537098,0.052300869861001735,1.0,0.9969810705183293,0.21111129441488516,53,117,400,3,3,100,0.0,0,0.3,0.0,0.15,1.0,0.7,1.0,1.0,0.25,1.0,0.25
hete_0.15,0.8836981030452427,0.046370660023750565,1.0,0.992150205151944,-2.3388086788316853,54,118,400,3,3,100,0.0,0,0.3,0.0,0.15,1.0,0.7,1.0,1.0,0.25,1.0,0.25
hete_0.15,0.9436817169078926,0.05282456096852748,1.0,1.0020575441553994,-1.1050887348081646,55,119,400,3,3,100,0.0,0,0.3,0.0,0.15,1.0,0.7,1.0,1.0,0.25,1.0,0.25
hete_0.15,1.1039275860132278,0.050876452347293225,1.0,0.988315580992595,2.2724069719217312,56,120,400,3,3,100,0.0,0,0.3,0.0,0.15,1.0,0.7,1.0,1.0,0.25,1.0,0.25
hete_0.15,0.9398598686368914,0.05059492467317182,1.0,0.9947654164810014,-1.0851987269233716,57,121,400,3,3,100,0.0,0,0.3,0.0,0.15,1.0,0.7,1.0,1.0,0.25,1.0,0.25
hete_0.15,0.949515269814869,0.05382835515339364,1.0,1.0064840304336216,-1.0583411002697327,58,122,400,3,3,100,0.0,0,0.3,0.0,0.15,1.0,0.7,1.0,1.0,0.25,1.0,0.25
hete_0.15,0.9568278461984547,0.05642264577039053,1.0,1.0023719218209166,-0.8071949657908898,59,123,400,3,3,100,0.0,0,0.3,0.0,0.15,1.0,0.7,1.0,1.0,0.25,1.0,0.25
hete_0.15,0.9113929324129975,0.05690622882641019,1.0,0.9844200421221382,-1.283288511911526,60,124,400,3,3,100,0.0,0,0.3,0.0,0.15,1.0,0.7,1.0,1.0,0.25,1.0,0.25
hete_0.15,1.0223630934385577,0.047740085334090104,1.0,1.0063994703025216,0.3343861458210841,61,125,400,3,3,100,0.0,0,0.3,0.0,0.15,1.0,0.7,1.0,1.0,0.25,1.0,0.25
hete_0.15,1.0359455705583664,0.04652045171782608,1.0,1.0016108493397864,0.7380564880762626,62,126,400,3,3,100,0.0,0,0.3,0.0,0.15,1.0,0.7,1.0,1.0,0.25,1.0,0.25
hete_0.15,0.9225360949238037,0.055527978299582954,1.0,0.985725144427311,-1.1379677675745998,63,127,400,3,3,100,0.0,0,0.3,0.0,0.15,1.0,0.7,1.0,1.0,0.25,1.0,0.25
hete_0.15,1.0241571888261083,0.04687385309010547,1.0,1.0023124481925858,0.4660325361247859,64,128,400,3,3,100,0.0,0,0.3,0.0,0.15,1.0,0.7,1.0,1.0,0.25,1.0,0.25
hete_0.15,1.0117616019283266,0.043657086336927525,1.0,1.0118053707465662,-0.001002559307365165,65,129,400,3,3,100,0.0,0,0.3,0.0,0.15,1.0,0.7,1.0,1.0,0.25,1.0,0.25
hete_0.15,0.9920490745078343,0.05658896507009282,1.0,0.9934287265564713,-0.02438023114450164,66,130,400,3,3,100,0.0,0,0.3,0.0,0.15,1.0,0.7,1.0,1.0,0.25,1.0,0.25
hete_0.15,1.0748154791882645,0.05081841997748882,1.0,1.0128482801125132,1.219384607061792,67,131,400,3,3,100,0.0,0,0.3,0.0,0.15,1.0,0.7,1.0,1.0,0.25,1.0,0.25
hete_0.15,1.0793754092343155,0.05690096034813863,1.0,1.0013517829918284,1.3712180913136294,68,132,400,3,3,100,0.0,0,0.3,0.0,0.15,1.0,0.7,1.0,1.0,0.25,1.0,0.25
hete_0.15,1.0126923632997527,0.053733414421165436,1.0,0.9946880765713791,0.3350668652331476,69,133,400,3,3,100,0.0,0,0.3,0.0,0.15,1.0,0.7,1.0,1.0,0.25,1.0,0.25
hete_0.15,1.067034595155863,0.04999741789221939,1.0,1.0057306248328117,1.2261427271145433,70,134,400,3,3,100,0.0,0,0.3,0.0,0.15,1.0,0.7,1.0,1.0,0.25,1.0,0.25
hete_0.15,1.0955662833020254,0.047137744467143194,1.0,1.004901081371607,1.9234098482080637,71,135,400,3,3,100,0.0,0,0.3,0.0,0.15,1.0,0.7,1.0,1.0,0.25,1.0,0.25
hete_0.15,0.9529662480693529,0.053347063981880695,1.0,0.9891499645099913,-0.6782700628647177,72,136,400,3,3,100,0.0,0,0.3,0.0,0.15,1.0,0.7,1.0,1.0,0.25,1.0,0.25
hete_0.15,0.9193646915980703,0.05370167411100289,1.0,0.9995098760140894,-1.4924150083358043,73,137,400,3,3,100,0.0,0,0.3,0.0,0.15,1.0,0.7,1.0,1.0,0.25,1.0,0.25
hete_0.15,1.0072462868996546,0.05457110045779149,1.0,1.004124642762778,0.05720324696935734,74,138,400,3,3,100,0.0,0,0.3,0.0,0.15,1.0,0.7,1.0,1.0,0.25,1.0,0.25
hete_0.15,1.0413563213417654,0.05005554976174858,1.0,0.9904284883598352,1.0174263038630764,75,139,400,3,3,100,0.0,0,0.3,0.0,0.15,1.0,0.7,1.0,1.0,0.25,1.0,0.25
hete_0.15,1.0210117218295998,0.05080725735000003,1.0,1.0045178346363097,0.3246364408074081,76,140,400,3,3,100,0.0,0,0.3,0.0,0.15,1.0,0.7,1.0,1.0,0.25,1.0,0.25
hete_0.15,1.0365721859484252,0.05118894640668542,1.0,1.0038231572759064,0.6397675860005902,77,141,400,3,3,100,0.0,0,0.3,0.0,0.15,1.0,0.7,1.0,1.0,0.25,1.0,0.25
hete_0.15,0.9800141770632014,0.04931243752616586,1.0,1.0122774494012605,-0.6542623718598337,78,142,400,3,3,100,0.0,0,0.3,0.0,0.15,1.0,0.7,1.0,1.0,0.25,1.0,0.25
hete_0.15,1.0233646243452663,0.048794026148457396,1.0,1.0005987860767658,0.46657019445853354,79,143,400,3,3,100,0.0,0,0.3,0.0,0.15,1.0,0.7,1.0,1.0,0.25,1.0,0.25
hete_0.15,1.0252133364155493,0.04700244235635672,1.0,0.9950194048602918,0.6423906937928304,80,144,400,3,3,100,0.0,0,0.3,0.0,0.15,1.0,0.7,1.0,1.0,0.25,1.0,0.25
hete_0.15,0.974132353022351,0.05618007535346367,1.0,0.9908109051628099,-0.296876642395436,81,145,400,3,3,100,0.0,0,0.3,0.0,0.15,1.0,0.7,1.0,1.0,0.25,1.0,0.25
hete_0.15,1.0283363813335538,0.0512202372751509,1.0,1.0082665251386604,0.39183450258302605,82,146,400,3,3,100,0.0,0,0.3,0.0,0.15,1.0,0.7,1.0,1.0,0.25,1.0,0.25
hete_0.15,0.9751718341339147,0.04958844472218517,1.0,0.9989151620924628,-0.4788076756907366,83,147,400,3,3,100,0.0,0,0.3,0.0,0.15,1.0,0.7,1.0,1.0,0.25,1.0,0.25
hete_0.15,1.0092658326220045,0.05288095562239691,1.0,1.009898002114791,-0.01195457769902125,84,148,400,3,3,100,0.0,0,0.3,0.0,0.15,1.0,0.7,1.0,1.0,0.25,1.0,0.25
hete_0.15,0.9584687359706621,0.047960562244664724,1.0,0.9918268179075216,-0.6955315028770408,85,149,400,3,3,100,0.0,0,0.3,0.0,0.15,1.0,0.7,1.0,1.0,0.25,1.0,0.25
hete_0.15,0.9432515988296664,0.05349560848608046,1.0,0.9977315875280545,-1.0184011405826663,86,150,400,3,3,100,0.0,0,0.3,0.0,0.15,1.0,0.7,1.0,1.0,0.25,1.0,0.25
hete_0.15,0.984190097323256,0.05739088210823636,1.0,1.0140956314623943,-0.5210851103967694,87,151,400,3,3,100,0.0,0,0.3,0.0,0.15,1.0,0.7,1.0,1.0,0.25,1.0,0.25
hete_0.15,0.9512451148874415,0.053979692815664164,1.0,0.9989315804038327,-0.8834149108487195,88,152,400,3,3,100,0.0,0,0.3,0.0,0.15,1.0,0.7,1.0,1.0,0.25,1.0,0.25
hete_0.15,0.893737200520148,0.05708489052284548,1.0,0.9975320002653114,-1.8182534606705516,89,153,400,3,3,100,0.0,0,0.3,0.0,0.15,1.0,0.7,1.0,1.0,0.25,1.0,0.25
hete_0.15,0.8569516132943211,0.04970078477843484,1.0,0.9972271531406827,-2.822400903158919,90,154,400,3,3,100,0.0,0,0.3,0.0,0.15,1.0,0.7,1.0,1.0,0.25,1.0,0.25
hete_0.15,0.9692226577926243,0.05050210392056938,1.0,1.00249560420505,-0.6588427774169153,91,155,400,3,3,100,0.0,0,0.3,0.0,0.15,1.0,0.7,1.0,1.0,0.25,1.0,0.25
hete_0.15,1.0342091528379682,0.052434174853835905,1.0,1.0017335284542925,0.6193598826376855,92,156,400,3,3,100,0.0,0,0.3,0.0,0.15,1.0,0.7,1.0,1.0,0.25,1.0,0.25
hete_0.15,0.9475381625399788,0.0523326362589099,1.0,1.0040973123503623,-1.0807624811898133,93,157,400,3,3,100,0.0,0,0.3,0.0,0.15,1.0,0.7,1.0,1.0,0.25,1.0,0.25
hete_0.15,1.0080612819620187,0.06041169221186097,1.0,1.0092426358922355,-0.019555054443332522,94,158,400,3,3,100,0.0,0,0.3,0.0,0.15,1.0,0.7,1.0,1.0,0.25,1.0,0.25
hete_0.15,1.0331620237692891,0.05318923389486762,1.0,1.0017906081659986,0.5898076228226631,95,159,400,3,3,100,0.0,0,0.3,0.0,0.15,1.0,0.7,1.0,1.0,0.25,1.0,0.25
hete_0.15,0.9878290520056995,0.053302221463213555,1.0,0.9960833393266273,-0.1548582234349181,96,160,400,3,3,100,0.0,0,0.3,0.0,0.15,1.0,0.7,1.0,1.0,0.25,1.0,0.25
hete_0.15,1.085576592210739,0.05125237114536222,1.0,1.0033588690203974,1.6041740382538654,97,161,400,3,3,100,0.0,0,0.3,0.0,0.15,1.0,0.7,1.0,1.0,0.25,1.0,0.25
hete_0.15,1.035021444771174,0.04782348943573515,1.0,0.9960014995140792,0.8159158965079191,98,162,400,3,3,100,0.0,0,0.3,0.0,0.15,1.0,0.7,1.0,1.0,0.25,1.0,0.25
hete_0.15,0.9462819521562347,0.05536149514205573,1.0,0.9907031035297308,-0.8023835205229364,99,163,400,3,3,100,0.0,0,0.3,0.0,0.15,1.0,0.7,1.0,1.0,0.25,1.0,0.25
hete_0.3,1.1101938776779228,0.056769510074713356,1.0,1.024942033341546,1.5017188667680648,0,65,400,3,3,100,0.0,0,0.3,0.0,0.3,1.0,0.7,1.0,1.0,0.25,1.0,0.25
hete_0.3,1.0895842757488359,0.0701104351838862,1.0,1.0216842425737787,0.9684725675567193,1,66,400,3,3,100,0.0,0,0.3,0.0,0.3,1.0,0.7,1.0,1.0,0.25,1.0,0.25
hete_0.3,0.9574453763974131,0.05936276522343767,1.0,0.9861404274530371,-0.4833846763643444,2,67,400,3,3,100,0.0,0,0.3,0.0,0.3,1.0,0.7,1.0,1.0,0.25,1.0,0.25
hete_0.3,0.9781470835708925,0.049753802707491177,1.0,0.9920190292335334,-0.2788117672973809,3,68,400,3,3,100,0.0,0,0.3,0.0,0.3,1.0,0.7,1.0,1.0,0.25,1.0,0.25
hete_0.3,1.0534552932702934,0.05031582837340987,1.0,1.0213595096015504,0.6378864207610756,4,69,400,3,3,100,0.0,0,0.3,0.0,0.3,1.0,0.7,1.0,1.0,0.25,1.0,0.25
hete_0.3,0.9459117699859346,0.05283499591338732,1.0,0.984794655447748,-0.7359305094970446,5,70,400,3,3,100,0.0,0,0.3,0.0,0.3,1.0,0.7,1.0,1.0,0.25,1.0,0.25
hete_0.3,0.9784323375809707,0.05678067681616528,1.0,1.014541580829325,-0.6359424591796008,6,71,400,3,3,100,0.0,0,0.3,0.0,0.3,1.0,0.7,1.0,1.0,0.25,1.0,0.25
hete_0.3,0.9552535921195034,0.06851794945020312,1.0,1.0167292164886275,-0.8972192668112863,7,72,400,3,3,100,0.0,0,0.3,0.0,0.3,1.0,0.7,1.0,1.0,0.25,1.0,0.25
hete_0.3,1.1469913532866727,0.05182549123437938,1.0,1.0082169474709644,2.677724851426971,8,73,400,3,3,100,0.0,0,0.3,0.0,0.3,1.0,0.7,1.0,1.0,0.25,1.0,0.25
hete_0.3,1.018130885888412,0.053966964454851434,1.0,0.9944725621456871,0.4383852970369915,9,74,400,3,3,100,0.0,0,0.3,0.0,0.3,1.0,0.7,1.0,1.0,0.25,1.0,0.25
hete_0.3,1.0621971724669168,0.06038284417669248,1.0,0.9761939176477622,1.4242995008233066,10,75,400,3,3,100,0.0,0,0.3,0.0,0.3,1.0,0.7,1.0,1.0,0.25,1.0,0.25
hete_0.3,0.9375876198313139,0.07309042360543053,1.0,0.9781649928265251,-0.555166750903827,11,76,400,3,3,100,0.0,0,0.3,0.0,0.3,1.0,0.7,1.0,1.0,0.25,1.0,0.25
hete_0.3,1.0540038708586768,0.05325976785551596,1.0,1.0044778777703114,0.9298950236268462,12,77,400,3,3,100,0.0,0,0.3,0.0,0.3,1.0,0.7,1.0,1.0,0.25,1.0,0.25
hete_0.3,0.975355047567201,0.05689716792620409,1.0,0.9932470323041792,-0.31446178059660485,13,78,400,3,3,100,0.0,0,0.3,0.0,0.3,1.0,0.7,1.0,1.0,0.25,1.0,0.25
hete_0.3,0.9266267758264973,0.04842573244030213,1.0,0.9903409565576402,-1.3157091802315621,14,79,400,3,3,100,0.0,0,0.3,0.0,0.3,1.0,0.7,1.0,1.0,0.25,1.0,0.25
hete_0.3,0.9564987746422681,0.061242985876657594,1.0,1.0002412700990042,-0.7142449838228468,15,80,400,3,3,100,0.0,0,0.3,0.0,0.3,1.0,0.7,1.0,1.0,0.25,1.0,0.25
hete_0.3,1.0027225844000582,0.057761494516134784,1.0,0.9880380096107518,0.2542277500317187,16,81,400,3,3,100,0.0,0,0.3,0.0,0.3,1.0,0.7,1.0,1.0,0.25,1.0,0.25
hete_0.3,1.0448488879664872,0.05395108030890616,1.0,1.0245270476178032,0.37667161125092996,17,82,400,3,3,100,0.0,0,0.3,0.0,0.3,1.0,0.7,1.0,1.0,0.25,1.0,0.25
hete_0.3,0.894214685491153,0.050295664700372326,1.0,1.009767556115257,-2.2974717863356644,18,83,400,3,3,100,0.0,0,0.3,0.0,0.3,1.0,0.7,1.0,1.0,0.25,1.0,0.25
hete_0.3,0.9809012401571118,0.052678056660861595,1.0,1.0055234701335194,-0.46740961108197604,19,84,400,3,3,100,0.0,0,0.3,0.0,0.3,1.0,0.7,1.0,1.0,0.25,1.0,0.25
hete_0.3,0.9698029526813593,0.05438390614634885,1.0,1.0110427115937495,-0.7583081436153676,20,85,400,3,3,100,0.0,0,0.3,0.0,0.3,1.0,0.7,1.0,1.0,0.25,1.0,0.25
hete_0.3,0.8211112221304843,0.05087512753607416,1.0,0.9937911137392422,-3.394190834928431,21,86,400,3,3,100,0.0,0,0.3,0.0,0.3,1.0,0.7,1.0,1.0,0.25,1.0,0.25
hete_0.3,0.9979749212168787,0.06170013833375864,1.0,1.0081481849301022,-0.16488234853206585,22,87,400,3,3,100,0.0,0,0.3,0.0,0.3,1.0,0.7,1.0,1.0,0.25,1.0,0.25
hete_0.3,0.9285197500707291,0.05091747080646256,1.0,0.9883862890191901,-1.1757563366808599,23,88,400,3,3,100,0.0,0,0.3,0.0,0.3,1.0,0.7,1.0,1.0,0.25,1.0,0.25
hete_0.3,1.00216497300875,0.06707521626503286,1.0,0.9979723946390833,0.06250562582013533,24,89,400,3,3,100,0.0,0,0.3,0.0,0.3,1.0,0.7,1.0,1.0,0.25,1.0,0.25
hete_0.3,1.013189028308817,0.06128779253878178,1.0,1.0147464657973975,-0.025411871174752895,25,90,400,3,3,100,0.0,0,0.3,0.0,0.3,1.0,0.7,1.0,1.0,0.25,1.0,0.25
hete_0.3,1.0713256441373968,0.05355727128971178,1.0,1.0082652372777323,1.1774387555808556,26,91,400,3,3,100,0.0,0,0.3,0.0,0.3,1.0,0.7,1.0,1.0,0.25,1.0,0.25
hete_0.3,0.9007647665134335,0.05169386662338138,1.0,0.9972575306994846,-1.8666192043449696,27,92,400,3,3,100,0.0,0,0.3,0.0,0.3,1.0,0.7,1.0,1.0,0.25,1.0,0.25
hete_0.3,0.9697470189025628,0.07134426177894687,1.0,1.0042821657183838,-0.484063412455297,28,93,400,3,3,100,0.0,0,0.3,0.0,0.3,1.0,0.7,1.0,1.0,0.25,1.0,0.25
hete_0.3,0.9530412425420779,0.06181256453836507,1.0,1.0157774074272883,-1.014941951587724,29,94,400,3,3,100,0.0,0,0.3,0.0,0.3,1.0,0.7,1.0,1.0,0.25,1.0,0.25
hete_0.3,0.8966803425538935,0.05657555059918748,1.0,0.9901303512348352,-1.6517737377934376,30,95,400,3,3,100,0.0,0,0.3,0.0,0.3,1.0,0.7,1.0,1.0,0.25,1.0,0.25
hete_0.3,0.8952023089466824,0.05114588421295796,1.0,1.0053061379066188,-2.1527407464790937,31,96,400,3,3,100,0.0,0,0.3,0.0,0.3,1.0,0.7,1.0,1.0,0.25,1.0,0.25
hete_0.3,0.9202960508898708,0.0496293075962759,1.0,1.0002083623013587,-1.6101838869395066,32,97,400,3,3,100,0.0,0,0.3,0.0,0.3,1.0,0.7,1.0,1.0,0.25,1.0,0.25
hete_0.3,0.9647444047039836,0.05584235986671443,1.0,0.9778564366700837,-0.23480440291914867,33,98,400,3,3,100,0.0,0,0.3,0.0,0.3,1.0,0.7,1.0,1.0,0.25,1.0,0.25
hete_0.3,0.9970370995312325,0.06292726107154231,1.0,0.9946333825688525,0.038198340773917795,34,99,400,3,3,100,0.0,0,0.3,0.0,0.3,1.0,0.7,1.0,1.0,0.25,1.0,0.25
hete_0.3,0.9396625091815599,0.05721905117671821,1.0,1.0250676668434309,-1.4926000327775684,35,100,400,3,3,100,0.0,0,0.3,0.0,0.3,1.0,0.7,1.0,1.0,0.25,1.0,0.25
hete_0.3,0.9703264056881379,0.05056680202664591,1.0,1.013501236428981,-0.8538177027309818,36,101,400,3,3,100,0.0,0,0.3,0.0,0.3,1.0,0.7,1.0,1.0,0.25,1.0,0.25
hete_0.3,0.9753389765343619,0.054578403218765094,1.0,0.9826870576452947,-0.1346334937920366,37,102,400,3,3,100,0.0,0,0.3,0.0,0.3,1.0,0.7,1.0,1.0,0.25,1.0,0.25
hete_0.3,1.015268148338856,0.05388690324694293,1.0,1.0177019333353186,-0.04516468473442479,38,103,400,3,3,100,0.0,0,0.3,0.0,0.3,1.0,0.7,1.0,1.0,0.25,1.0,0.25
hete_0.3,1.0648360776752106,0.052777918441680075,1.0,0.9942727043884071,1.3369866673460507,39,104,400,3,3,100,0.0,0,0.3,0.0,0.3,1.0,0.7,1.0,1.0,0.25,1.0,0.25
hete_0.3,0.9294029503971782,0.054464371225043266,1.0,1.001121506658756,-1.3167976541075137,40,105,400,3,3,100,0.0,0,0.3,0.0,0.3,1.0,0.7,1.0,1.0,0.25,1.0,0.25
hete_0.3,0.9593914208605717,0.04980213276545326,1.0,0.996221627285183,-0.7395307064070095,41,106,400,3,3,100,0.0,0,0.3,0.0,0.3,1.0,0.7,1.0,1.0,0.25,1.0,0.25
hete_0.3,1.0646692511904747,0.05781217841714415,1.0,1.016229539946322,0.8378807471089526,42,107,400,3,3,100,0.0,0,0.3,0.0,0.3,1.0,0.7,1.0,1.0,0.25,1.0,0.25
hete_0.3,0.9927037442711197,0.05831885184432167,1.0,0.9912619784188405,0.024722123407504407,43,108,400,3,3,100,0.0,0,0.3,0.0,0.3,1.0,0.7,1.0,1.0,0.25,1.0,0.25
hete_0.3,0.9299032250966537,0.05657195489046697,1.0,0.9864685987869345,-0.9998836667355953,44,109,400,3,3,100,0.0,0,0.3,0.0,0.3,1.0,0.7,1.0,1.0,0.25,1.0,0.25
hete_0.3,0.9233841252505416,0.059677765163241824,1.0,0.9967192311496447,-1.2288514105463422,45,110,400,3,3,100,0.0,0,0.3,0.0,0.3,1.0,0.7,1.0,1.0,0.25,1.0,0.25
hete_0.3,1.0219339463279085,0.06946032625183166,1.0,1.0015438435994102,0.29355034490585336,46,111,400,3,3,100,0.0,0,0.3,0.0,0.3,1.0,0.7,1.0,1.0,0.25,1.0,0.25
hete_0.3,0.9821672105466822,0.05522962725290699,1.0,1.0159657759094545,-0.6119643938207692,47,112,400,3,3,100,0.0,0,0.3,0.0,0.3,1.0,0.7,1.0,1.0,0.25,1.0,0.25
hete_0.3,1.0570386090441233,0.05445498904623747,1.0,0.9745905304830395,1.5140592258879635,48,113,400,3,3,100,0.0,0,0.3,0.0,0.3,1.0,0.7,1.0,1.0,0.25,1.0,0.25
hete_0.3,1.0554038218178545,0.05231814256388503,1.0,1.0129328720386095,0.811782446736986,49,114,400,3,3,100,0.0,0,0.3,0.0,0.3,1.0,0.7,1.0,1.0,0.25,1.0,0.25
hete_0.3,0.9033124493769784,0.05474547234944519,1.0,1.0045819459701866,-1.8498241452150785,50,115,400,3,3,100,0.0,0,0.3,0.0,0.3,1.0,0.7,1.0,1.0,0.25,1.0,0.25
hete_0.3,1.0523945005588278,0.05434933677454739,1.0,1.0143858328273734,0.6993400469470756,51,116,400,3,3,100,0.0,0,0.3,0.0,0.3,1.0,0.7,1.0,1.0,0.25,1.0,0.25
hete_0.3,1.0146083036493976,0.059641247743202556,1.0,0.9939621410366587,0.34617254658445623,52,117,400,3,3,100,0.0,0,0.3,0.0,0.3,1.0,0.7,1.0,1.0,0.25,1.0,0.25
hete_0.3,0.8692012950075393,0.04934274521744349,1.0,0.9843004103038879,-2.3326451495377922,53,118,400,3,3,100,0.0,0,0.3,0.0,0.3,1.0,0.7,1.0,1.0,0.25,1.0,0.25
hete_0.3,0.9490319976696979,0.05714144848275672,1.0,1.0041150883107985,-0.9639778497691174,54,119,400,3,3,100,0.0,0,0.3,0.0,0.3,1.0,0.7,1.0,1.0,0.25,1.0,0.25
hete_0.3,1.0943506162905523,0.05714491315532416,1.0,0.97663116198519,2.06001633050683,55,120,400,3,3,100,0.0,0,0.3,0.0,0.3,1.0,0.7,1.0,1.0,0.25,1.0,0.25
hete_0.3,0.9462474720013226,0.053851627579285646,1.0,0.9895308329620027,-0.8037521409534758,56,121,400,3,3,100,0.0,0,0.3,0.0,0.3,1.0,0.7,1.0,1.0,0.25,1.0,0.25
hete_0.3,0.9480735314993172,0.05787123136578836,1.0,1.012968060867243,-1.1213607838710913,57,122,400,3,3,100,0.0,0,0.3,0.0,0.3,1.0,0.7,1.0,1.0,0.25,1.0,0.25
hete_0.3,0.9589543700388609,0.059792072328351424,1.0,1.004743843641833,-0.7658117844037375,58,123,400,3,3,100,0.0,0,0.3,0.0,0.3,1.0,0.7,1.0,1.0,0.25,1.0,0.25
hete_0.3,0.8880147222049242,0.05968228397172801,1.0,0.9688400842442765,-1.3542605386489557,59,124,400,3,3,100,0.0,0,0.3,0.0,0.3,1.0,0.7,1.0,1.0,0.25,1.0,0.25
hete_0.3,0.9788215152718898,0.05483711316717335,1.0,1.012798940605043,-0.619606382808147,60,125,400,3,3,100,0.0,0,0.3,0.0,0.3,1.0,0.7,1.0,1.0,0.25,1.0,0.25
hete_0.3,1.009912963711027,0.04937183163201403,1.0,1.0032216986795726,0.13552798853659592,61,126,400,3,3,100,0.0,0,0.3,0.0,0.3,1.0,0.7,1.0,1.0,0.25,1.0,0.25
hete_0.3,0.910009211136356,0.056910954569445185,1.0,0.9714502888546217,-1.0796001961852992,62,127,400,3,3,100,0.0,0,0.3,0.0,0.3,1.0,0.7,1.0,1.0,0.25,1.0,0.25
hete_0.3,1.0253597778149495,0.04967983342517738,1.0,1.0046248963851716,0.41737018826777256,63,128,400,3,3,100,0.0,0,0.3,0.0,0.3,1.0,0.7,1.0,1.0,0.25,1.0,0.25
hete_0.3,0.9909049420258802,0.05243790830863258,1.0,1.0236107414931324,-0.6237052644197094,64,129,400,3,3,100,0.0,0,0.3,0.0,0.3,1.0,0.7,1.0,1.0,0.25,1.0,0.25
hete_0.3,0.9864969496040913,0.06260564762312813,1.0,0.9868574531129423,-0.005758322492263368,65,130,400,3,3,100,0.0,0,0.3,0.0,0.3,1.0,0.7,1.0,1.0,0.25,1.0,0.25
hete_0.3,1.0829873375046752,0.05432430919319037,1.0,1.025696560225026,1.0546066416769204,66,131,400,3,3,100,0.0,0,0.3,0.0,0.3,1.0,0.7,1.0,1.0,0.25,1.0,0.25
hete_0.3,1.0832577850928775,0.0634191131960374,1.0,1.0027035659836567,1.2701883556809817,67,132,400,3,3,100,0.0,0,0.3,0.0,0.3,1.0,0.7,1.0,1.0,0.25,1.0,0.25
hete_0.3,1.05120522575218,0.0627489377445948,1.0,0.9893761531427583,0.9853405464978997,68,133,400,3,3,100,0.0,0,0.3,0.0,0.3,1.0,0.7,1.0,1.0,0.25,1.0,0.25
hete_0.3,1.0839663070798324,0.05218920071364819,1.0,1.0114612496656235,1.3892731910578566,69,134,400,3,3,100,0.0,0,0.3,0.0,0.3,1.0,0.7,1.0,1.0,0.25,1.0,0.25
hete_0.3,1.0801032957054064,0.05260622541561582,1.0,1.009802162743214,1.336365276291499,70,135,400,3,3,100,0.0,0,0.3,0.0,0.3,1.0,0.7,1.0,1.0,0.25,1.0,0.25
hete_0.3,0.9190898728303172,0.06468988955480769,1.0,0.9782999290199825,-0.9152907293109596,71,136,400,3,3,100,0.0,0,0.3,0.0,0.3,1.0,0.7,1.0,1.0,0.25,1.0,0.25
hete_0.3,0.9197078406813081,0.05704586252771168,1.0,0.9990197520281786,-1.3903183830088024,72,137,400,3,3,100,0.0,0,0.3,0.0,0.3,1.0,0.7,1.0,1.0,0.25,1.0,0.25
hete_0.3,1.025927566599673,0.06122465821626809,1.0,1.0082492855255558,0.28874446324667036,73,138,400,3,3,100,0.0,0,0.3,0.0,0.3,1.0,0.7,1.0,1.0,0.25,1.0,0.25
hete_0.3,1.0459407237597869,0.05267275928094422,1.0,0.9808569767196704,1.2356244086810584,74,139,400,3,3,100,0.0,0,0.3,0.0,0.3,1.0,0.7,1.0,1.0,0.25,1.0,0.25
hete_0.3,1.0511696326179019,0.05560316528373272,1.0,1.0090356692726195,0.7577619570806904,75,140,400,3,3,100,0.0,0,0.3,0.0,0.3,1.0,0.7,1.0,1.0,0.25,1.0,0.25
hete_0.3,1.0208641031486938,0.05510410704218105,1.0,1.0076463145518126,0.23986939098320242,76,141,400,3,3,100,0.0,0,0.3,0.0,0.3,1.0,0.7,1.0,1.0,0.25,1.0,0.25
hete_0.3,1.0044262119771254,0.05613243973389624,1.0,1.0245548988025213,-0.3585927659802192,77,142,400,3,3,100,0.0,0,0.3,0.0,0.3,1.0,0.7,1.0,1.0,0.25,1.0,0.25
hete_0.3,1.0289741081706885,0.050851077451000544,1.0,1.0011975721535316,0.5462329887488033,78,143,400,3,3,100,0.0,0,0.3,0.0,0.3,1.0,0.7,1.0,1.0,0.25,1.0,0.25
hete_0.3,1.0123137236320165,0.05193454849512162,1.0,0.9900388097205836,0.4289035826223722,79,144,400,3,3,100,0.0,0,0.3,0.0,0.3,1.0,0.7,1.0,1.0,0.25,1.0,0.25
hete_0.3,0.9505052656325336,0.06068887023680729,1.0,0.98162181032562,-0.512722424584113,80,145,400,3,3,100,0.0,0,0.3,0.0,0.3,1.0,0.7,1.0,1.0,0.25,1.0,0.25
hete_0.3,1.0435599662730137,0.05639044816308514,1.0,1.0165330502773204,0.47928180881857063,81,146,400,3,3,100,0.0,0,0.3,0.0,0.3,1.0,0.7,1.0,1.0,0.25,1.0,0.25
hete_0.3,0.9500407565289166,0.05530057561028763,1.0,0.9978303241849258,-0.8641784850991464,82,147,400,3,3,100,0.0,0,0.3,0.0,0.3,1.0,0.7,1.0,1.0,0.25,1.0,0.25
hete_0.3,1.0533345541311596,0.06301490188298384,1.0,1.0197960042295822,0.5322320419360044,83,148,400,3,3,100,0.0,0,0.3,0.0,0.3,1.0,0.7,1.0,1.0,0.25,1.0,0.25
hete_0.3,0.9529546153145005,0.05136950965284847,1.0,0.9836536358150434,-0.5976117099034947,84,149,400,3,3,100,0.0,0,0.3,0.0,0.3,1.0,0.7,1.0,1.0,0.25,1.0,0.25
hete_0.3,0.9461044057167665,0.05722746625480455,1.0,0.9954631750561087,-0.862501392593077,85,150,400,3,3,100,0.0,0,0.3,0.0,0.3,1.0,0.7,1.0,1.0,0.25,1.0,0.25
hete_0.3,0.9522243088596509,0.059867933830942126,1.0,1.0281912629247885,-1.268908900040823,86,151,400,3,3,100,0.0,0,0.3,0.0,0.3,1.0,0.7,1.0,1.0,0.25,1.0,0.25
hete_0.3,0.9426164093555792,0.05685732842052344,1.0,0.9978631608076654,-0.9716733618483567,87,152,400,3,3,100,0.0,0,0.3,0.0,0.3,1.0,0.7,1.0,1.0,0.25,1.0,0.25
hete_0.3,0.8882245456445321,0.05850189185164722,1.0,0.995064000530623,-1.8262564082033645,88,153,400,3,3,100,0.0,0,0.3,0.0,0.3,1.0,0.7,1.0,1.0,0.25,1.0,0.25
hete_0.3,0.8612176300122318,0.05447152936642817,1.0,0.9944543062813654,-2.44598743267983,89,154,400,3,3,100,0.0,0,0.3,0.0,0.3,1.0,0.7,1.0,1.0,0.25,1.0,0.25
hete_0.3,0.9679405660185069,0.05569528415164665,1.0,1.0049912084100998,-0.6652384121196289,90,155,400,3,3,100,0.0,0,0.3,0.0,0.3,1.0,0.7,1.0,1.0,0.25,1.0,0.25
hete_0.3,1.0457559452247012,0.05917744101723616,1.0,1.003467056908585,0.714611642362145,91,156,400,3,3,100,0.0,0,0.3,0.0,0.3,1.0,0.7,1.0,1.0,0.25,1.0,0.25
hete_0.3,0.9427850154878135,0.058400624889844696,1.0,1.0081946247007247,-1.120015570660193,92,157,400,3,3,100,0.0,0,0.3,0.0,0.3,1.0,0.7,1.0,1.0,0.25,1.0,0.25
hete_0.3,1.0525914242519148,0.06846664930990383,1.0,1.0184852717844715,0.49814256738440665,93,158,400,3,3,100,0.0,0,0.3,0.0,0.3,1.0,0.7,1.0,1.0,0.25,1.0,0.25
hete_0.3,1.0455081808055486,0.05674219461098412,1.0,1.0035812163319973,0.7389027647061641,94,159,400,3,3,100,0.0,0,0.3,0.0,0.3,1.0,0.7,1.0,1.0,0.25,1.0,0.25
hete_0.3,1.008269415991926,0.05805390775633889,1.0,0.9921666786532546,0.2773755972854947,95,160,400,3,3,100,0.0,0,0.3,0.0,0.3,1.0,0.7,1.0,1.0,0.25,1.0,0.25
hete_0.3,1.0887419622311978,0.0577490823443435,1.0,1.0067177380407946,1.4203554560627139,96,161,400,3,3,100,0.0,0,0.3,0.0,0.3,1.0,0.7,1.0,1.0,0.25,1.0,0.25
hete_0.3,1.0070468817431681,0.050958900168644315,1.0,0.9920029990281585,0.2952160008403472,97,162,400,3,3,100,0.0,0,0.3,0.0,0.3,1.0,0.7,1.0,1.0,0.25,1.0,0.25
hete_0.3,0.944813034561928,0.06040025795057368,1.0,0.9814062070594616,-0.60584463939671,98,163,400,3,3,100,0.0,0,0.3,0.0,0.3,1.0,0.7,1.0,1.0,0.25,1.0,0.25
hete_0.3,0.9903378081043309,0.05187740913185176,1.0,0.9659963861675513,0.46921043945956037,99,164,400,3,3,100,0.0,0,0.3,0.0,0.3,1.0,0.7,1.0,1.0,0.25,1.0,0.25
hete_0.5,1.1168474469903271,0.07703536822708773,1.0,1.0361404042896314,1.0476621915116249,0,66,400,3,3,100,0.0,0,0.3,0.0,0.5,1.0,0.7,1.0,1.0,0.25,1.0,0.25
hete_0.5,0.9721168756482959,0.07194807085713176,1.0,0.9769007124217285,-0.06649013262540375,1,67,400,3,3,100,0.0,0,0.3,0.0,0.5,1.0,0.7,1.0,1.0,0.25,1.0,0.25
hete_0.5,1.0035096245838862,0.06084029129865525,1.0,0.9866983820558889,0.2763175877228063,2,68,400,3,3,100,0.0,0,0.3,0.0,0.5,1.0,0.7,1.0,1.0,0.25,1.0,0.25
hete_0.5,1.076604971463251,0.06099330102572317,1.0,1.0355991826692508,0.6722998772718763,3,69,400,3,3,100,0.0,0,0.3,0.0,0.5,1.0,0.7,1.0,1.0,0.25,1.0,0.25
hete_0.5,0.9192305597276244,0.0593402658232867,1.0,0.9746577590795801,-0.9340571462388801,4,70,400,3,3,100,0.0,0,0.3,0.0,0.5,1.0,0.7,1.0,1.0,0.25,1.0,0.25
hete_0.5,0.9733549794748051,0.06300806135774292,1.0,1.0242359680488748,-0.8075314091189237,5,71,400,3,3,100,0.0,0,0.3,0.0,0.5,1.0,0.7,1.0,1.0,0.25,1.0,0.25
hete_0.5,0.9454366926863573,0.0831400042175788,1.0,1.0278820274810458,-0.9916445827802423,6,72,400,3,3,100,0.0,0,0.3,0.0,0.5,1.0,0.7,1.0,1.0,0.25,1.0,0.25
hete_0.5,1.1721632218053615,0.06361239965875833,1.0,1.0136949124516073,2.4911544007746906,7,73,400,3,3,100,0.0,0,0.3,0.0,0.5,1.0,0.7,1.0,1.0,0.25,1.0,0.25
hete_0.5,1.0273434051790875,0.06659625006575592,1.0,0.9907876035761453,0.5489168168905564,8,74,400,3,3,100,0.0,0,0.3,0.0,0.5,1.0,0.7,1.0,1.0,0.25,1.0,0.25
hete_0.5,1.0563603600500735,0.07048741571625215,1.0,0.9603231960796036,1.3624724781664368,9,75,400,3,3,100,0.0,0,0.3,0.0,0.5,1.0,0.7,1.0,1.0,0.25,1.0,0.25
hete_0.5,0.9550656325928515,0.09227148225405643,1.0,0.9636083213775418,-0.09258211286959986,10,76,400,3,3,100,0.0,0,0.3,0.0,0.5,1.0,0.7,1.0,1.0,0.25,1.0,0.25
hete_0.5,1.056473546499091,0.057976136939053353,1.0,1.0074631296171856,0.8453549937869609,11,77,400,3,3,100,0.0,0,0.3,0.0,0.5,1.0,0.7,1.0,1.0,0.25,1.0,0.25
hete_0.5,0.9826661170596056,0.06603248993173384,1.0,0.9887450538402988,-0.09205978431190046,12,78,400,3,3,100,0.0,0,0.3,0.0,0.5,1.0,0.7,1.0,1.0,0.25,1.0,0.25
hete_0.5,0.9078023642440699,0.0613519949293804,1.0,0.9839015942627336,-1.2403709138758763,13,79,400,3,3,100,0.0,0,0.3,0.0,0.5,1.0,0.7,1.0,1.0,0.25,1.0,0.25
hete_0.5,0.9845401818180122,0.07088721498989876,1.0,1.0004021168316737,-0.2237629876688172,14,80,400,3,3,100,0.0,0,0.3,0.0,0.5,1.0,0.7,1.0,1.0,0.25,1.0,0.25
hete_0.5,0.9900006289109248,0.06824939504243016,1.0,0.9800633493512528,0.14560245630740032,15,81,400,3,3,100,0.0,0,0.3,0.0,0.5,1.0,0.7,1.0,1.0,0.25,1.0,0.25
hete_0.5,1.073715233351854,0.0623092961192632,1.0,1.0408784126963389,0.5269971368744694,16,82,400,3,3,100,0.0,0,0.3,0.0,0.5,1.0,0.7,1.0,1.0,0.25,1.0,0.25
hete_0.5,0.8682853389375084,0.061199172018326274,1.0,1.0162792601920954,-2.41823404424932,17,83,400,3,3,100,0.0,0,0.3,0.0,0.5,1.0,0.7,1.0,1.0,0.25,1.0,0.25
hete_0.5,0.9596574095583038,0.06247377441525949,1.0,1.0092057835558657,-0.7931067789856385,18,84,400,3,3,100,0.0,0,0.3,0.0,0.5,1.0,0.7,1.0,1.0,0.25,1.0,0.25
hete_0.5,1.0027744547202568,0.06148556225171119,1.0,1.0184045193229156,-0.25420706959907186,19,85,400,3,3,100,0.0,0,0.3,0.0,0.5,1.0,0.7,1.0,1.0,0.25,1.0,0.25
hete_0.5,0.8291278420538257,0.06201800923586414,1.0,0.9896518562320702,-2.5883451622535425,20,86,400,3,3,100,0.0,0,0.3,0.0,0.5,1.0,0.7,1.0,1.0,0.25,1.0,0.25
hete_0.5,1.0300615964535411,0.07569840702818531,1.0,1.013580308216837,0.21772305235653686,21,87,400,3,3,100,0.0,0,0.3,0.0,0.5,1.0,0.7,1.0,1.0,0.25,1.0,0.25
hete_0.5,0.9043977294217689,0.05856647735522375,1.0,0.9806438150319835,-1.3018724883820243,22,88,400,3,3,100,0.0,0,0.3,0.0,0.5,1.0,0.7,1.0,1.0,0.25,1.0,0.25
hete_0.5,1.0291153234915806,0.07688176115218047,1.0,0.9966206577318055,0.42265766643215763,23,89,400,3,3,100,0.0,0,0.3,0.0,0.5,1.0,0.7,1.0,1.0,0.25,1.0,0.25
hete_0.5,1.0483736717327667,0.07183054003479347,1.0,1.0245774429956624,0.33128288782985366,24,90,400,3,3,100,0.0,0,0.3,0.0,0.5,1.0,0.7,1.0,1.0,0.25,1.0,0.25
hete_0.5,1.0797638872025117,0.06294524176956386,1.0,1.0137753954628874,1.048347577743866,25,91,400,3,3,100,0.0,0,0.3,0.0,0.5,1.0,0.7,1.0,1.0,0.25,1.0,0.25
hete_0.5,0.9012884365525478,0.060189162015684715,1.0,0.9954292178324745,-1.5640819397916617,26,92,400,3,3,100,0.0,0,0.3,0.0,0.5,1.0,0.7,1.0,1.0,0.25,1.0,0.25
hete_0.5,0.9950549799559194,0.08259195478840593,1.0,1.007136942863973,-0.14628498549291585,27,93,400,3,3,100,0.0,0,0.3,0.0,0.5,1.0,0.7,1.0,1.0,0.25,1.0,0.25
hete_0.5,0.9358242561937204,0.07151701683982656,1.0,1.0262956790454805,-1.2650335101977868,28,94,400,3,3,100,0.0,0,0.3,0.0,0.5,1.0,0.7,1.0,1.0,0.25,1.0,0.25
hete_0.5,0.8755218068888208,0.06184882340778465,1.0,0.9835505853913918,-1.7466585870245344,29,95,400,3,3,100,0.0,0,0.3,0.0,0.5,1.0,0.7,1.0,1.0,0.25,1.0,0.25
hete_0.5,0.8820563339792897,0.061324814175133566,1.0,1.008843563177698,-2.067470254966037,30,96,400,3,3,100,0.0,0,0.3,0.0,0.5,1.0,0.7,1.0,1.0,0.25,1.0,0.25
hete_0.5,0.9213387372316394,0.06062876387756125,1.0,1.0003472705022645,-1.3031526328028302,31,97,400,3,3,100,0.0,0,0.3,0.0,0.5,1.0,0.7,1.0,1.0,0.25,1.0,0.25
hete_0.5,0.9351130234205219,0.0660575618652667,1.0,0.9630940611168061,-0.42358568657673473,32,98,400,3,3,100,0.0,0,0.3,0.0,0.5,1.0,0.7,1.0,1.0,0.25,1.0,0.25
hete_0.5,1.0132644281089551,0.07517898018261264,1.0,0.9910556376147542,0.29541223411457396,33,99,400,3,3,100,0.0,0,0.3,0.0,0.5,1.0,0.7,1.0,1.0,0.25,1.0,0.25
hete_0.5,0.9536128475545189,0.06673936020588508,1.0,1.0417794447390518,-1.3210584715308429,34,100,400,3,3,100,0.0,0,0.3,0.0,0.5,1.0,0.7,1.0,1.0,0.25,1.0,0.25
hete_0.5,0.9715423375877852,0.05881891271389533,1.0,1.0225020607149682,-0.8663832902702453,35,101,400,3,3,100,0.0,0,0.3,0.0,0.5,1.0,0.7,1.0,1.0,0.25,1.0,0.25
hete_0.5,0.9795657406833664,0.06650460213590667,1.0,0.9711450960754913,0.12661747213624425,36,102,400,3,3,100,0.0,0,0.3,0.0,0.5,1.0,0.7,1.0,1.0,0.25,1.0,0.25
hete_0.5,1.0167214810515623,0.06871024979052041,1.0,1.029503222225531,-0.18602379139847056,37,103,400,3,3,100,0.0,0,0.3,0.0,0.5,1.0,0.7,1.0,1.0,0.25,1.0,0.25
hete_0.5,1.0618241746972832,0.0622480351889103,1.0,0.9904545073140119,1.1465368692630813,38,104,400,3,3,100,0.0,0,0.3,0.0,0.5,1.0,0.7,1.0,1.0,0.25,1.0,0.25
hete_0.5,0.9178928714089436,0.06522930246441393,1.0,1.0018691777645932,-1.2874015692788243,39,105,400,3,3,100,0.0,0,0.3,0.0,0.5,1.0,0.7,1.0,1.0,0.25,1.0,0.25
hete_0.5,0.964620392957623,0.06100168155027612,1.0,0.993702712141972,-0.4767461887157989,40,106,400,3,3,100,0.0,0,0.3,0.0,0.5,1.0,0.7,1.0,1.0,0.25,1.0,0.25
hete_0.5,1.0492831156514855,0.06286140823195097,1.0,1.0270492332438699,0.35369685524026545,41,107,400,3,3,100,0.0,0,0.3,0.0,0.5,1.0,0.7,1.0,1.0,0.25,1.0,0.25
hete_0.5,0.9790103959962221,0.06829808726855782,1.0,0.9854366306980674,-0.09409099081466898,42,108,400,3,3,100,0.0,0,0.3,0.0,0.5,1.0,0.7,1.0,1.0,0.25,1.0,0.25
hete_0.5,0.8997150272432802,0.06633544251809266,1.0,0.9774476646448906,-1.1718115452445985,43,109,400,3,3,100,0.0,0,0.3,0.0,0.5,1.0,0.7,1.0,1.0,0.25,1.0,0.25
hete_0.5,0.9334900993184317,0.06835111318675917,1.0,0.9945320519160745,-0.8930644981721775,44,110,400,3,3,100,0.0,0,0.3,0.0,0.5,1.0,0.7,1.0,1.0,0.25,1.0,0.25
hete_0.5,1.0382917165473298,0.08395121888621167,1.0,1.0025730726656839,0.4254690325587688,45,111,400,3,3,100,0.0,0,0.3,0.0,0.5,1.0,0.7,1.0,1.0,0.25,1.0,0.25
hete_0.5,0.9465133418311485,0.062303430307638394,1.0,1.0266096265157578,-1.2855838641486403,46,112,400,3,3,100,0.0,0,0.3,0.0,0.5,1.0,0.7,1.0,1.0,0.25,1.0,0.25
hete_0.5,1.0737762528277555,0.0661781330497059,1.0,0.9576508841383992,1.7547392671554423,47,113,400,3,3,100,0.0,0,0.3,0.0,0.5,1.0,0.7,1.0,1.0,0.25,1.0,0.25
hete_0.5,1.0764385960889937,0.059567617644868634,1.0,1.0215547867310157,0.9213698906876776,48,114,400,3,3,100,0.0,0,0.3,0.0,0.5,1.0,0.7,1.0,1.0,0.25,1.0,0.25
hete_0.5,0.9221785492897214,0.0613769336178186,1.0,1.0076365766169775,-1.3923476180707464,49,115,400,3,3,100,0.0,0,0.3,0.0,0.5,1.0,0.7,1.0,1.0,0.25,1.0,0.25
hete_0.5,1.0643612646130074,0.06087615075036555,1.0,1.0239763880456223,0.6633940561220947,50,116,400,3,3,100,0.0,0,0.3,0.0,0.5,1.0,0.7,1.0,1.0,0.25,1.0,0.25
hete_0.5,1.0322811784185237,0.07580531176409504,1.0,0.9899369017277647,0.5585924746610601,51,117,400,3,3,100,0.0,0,0.3,0.0,0.5,1.0,0.7,1.0,1.0,0.25,1.0,0.25
hete_0.5,0.8801489576334631,0.059105314811399,1.0,0.9738340171731464,-1.5850530504511464,52,118,400,3,3,100,0.0,0,0.3,0.0,0.5,1.0,0.7,1.0,1.0,0.25,1.0,0.25
hete_0.5,0.9504293801595998,0.06588138177494143,1.0,1.0068584805179974,-0.8565257564142493,53,119,400,3,3,100,0.0,0,0.3,0.0,0.5,1.0,0.7,1.0,1.0,0.25,1.0,0.25
hete_0.5,1.0742799734694566,0.06945731107246947,1.0,0.9610519366419833,1.630181691158975,54,120,400,3,3,100,0.0,0,0.3,0.0,0.5,1.0,0.7,1.0,1.0,0.25,1.0,0.25
hete_0.5,0.9318059998537185,0.05980374676763276,1.0,0.9825513882700043,-0.8485319258249298,55,121,400,3,3,100,0.0,0,0.3,0.0,0.5,1.0,0.7,1.0,1.0,0.25,1.0,0.25
hete_0.5,0.9488383970191073,0.06851862885457172,1.0,1.0216134347787382,-1.0621204623649614,56,122,400,3,3,100,0.0,0,0.3,0.0,0.5,1.0,0.7,1.0,1.0,0.25,1.0,0.25
hete_0.5,0.9533979136543066,0.06891879771811896,1.0,1.0079064060697218,-0.7909089279003017,57,123,400,3,3,100,0.0,0,0.3,0.0,0.5,1.0,0.7,1.0,1.0,0.25,1.0,0.25
hete_0.5,0.8769753668578346,0.06671447686200399,1.0,0.9480668070737943,-1.0656073997703568,58,124,400,3,3,100,0.0,0,0.3,0.0,0.5,1.0,0.7,1.0,1.0,0.25,1.0,0.25
hete_0.5,0.9597030038743902,0.06909110259391056,1.0,1.0213315676750718,-0.8919898726021102,59,125,400,3,3,100,0.0,0,0.3,0.0,0.5,1.0,0.7,1.0,1.0,0.25,1.0,0.25
hete_0.5,0.9871176377692938,0.05579309657914277,1.0,1.0053694977992875,-0.3271347379707332,60,126,400,3,3,100,0.0,0,0.3,0.0,0.5,1.0,0.7,1.0,1.0,0.25,1.0,0.25
hete_0.5,0.8950236495477599,0.06214551928937574,1.0,0.9524171480910362,-0.9235339763761232,61,127,400,3,3,100,0.0,0,0.3,0.0,0.5,1.0,0.7,1.0,1.0,0.25,1.0,0.25
hete_0.5,1.0593786917067947,0.05710073878817028,1.0,1.0077081606419527,0.9049012703062734,62,128,400,3,3,100,0.0,0,0.3,0.0,0.5,1.0,0.7,1.0,1.0,0.25,1.0,0.25
hete_0.5,0.9894320988004459,0.07045601435677318,1.0,1.0393512358218873,-0.7085149149746427,63,129,400,3,3,100,0.0,0,0.3,0.0,0.5,1.0,0.7,1.0,1.0,0.25,1.0,0.25
hete_0.5,0.9836831981725617,0.07074373373899455,1.0,0.9780957551882372,0.07898145445558533,64,130,400,3,3,100,0.0,0,0.3,0.0,0.5,1.0,0.7,1.0,1.0,0.25,1.0,0.25
hete_0.5,1.120407988948397,0.06389228232210524,1.0,1.0428276003750434,1.2142372404579558,65,131,400,3,3,100,0.0,0,0.3,0.0,0.5,1.0,0.7,1.0,1.0,0.25,1.0,0.25
hete_0.5,1.0887780186246627,0.07334907844147485,1.0,1.0045059433060946,1.1489179838272783,66,132,400,3,3,100,0.0,0,0.3,0.0,0.5,1.0,0.7,1.0,1.0,0.25,1.0,0.25
hete_0.5,1.0902720068846625,0.07975029309655914,1.0,0.9822935885712638,1.353956382112124,67,133,400,3,3,100,0.0,0,0.3,0.0,0.5,1.0,0.7,1.0,1.0,0.25,1.0,0.25
hete_0.5,1.128729399621452,0.05796129148797018,1.0,1.0191020827760395,1.8913884427189747,68,134,400,3,3,100,0.0,0,0.3,0.0,0.5,1.0,0.7,1.0,1.0,0.25,1.0,0.25
hete_0.5,1.0638311782779792,0.06283836257197288,1.0,1.0163369379053566,0.755816008385393,69,135,400,3,3,100,0.0,0,0.3,0.0,0.5,1.0,0.7,1.0,1.0,0.25,1.0,0.25
hete_0.5,0.8864141934363172,0.08652936229369305,1.0,0.9638332150333042,-0.8947138814477303,70,136,400,3,3,100,0.0,0,0.3,0.0,0.5,1.0,0.7,1.0,1.0,0.25,1.0,0.25
hete_0.5,0.889234430862579,0.06574912647482992,1.0,0.9983662533802979,-1.6598216336683462,71,137,400,3,3,100,0.0,0,0.3,0.0,0.5,1.0,0.7,1.0,1.0,0.25,1.0,0.25
hete_0.5,1.0408525614957413,0.07075168656559697,1.0,1.0137488092092597,0.38308277303541854,72,138,400,3,3,100,0.0,0,0.3,0.0,0.5,1.0,0.7,1.0,1.0,0.25,1.0,0.25
hete_0.5,1.0558684409790735,0.059972653169491595,1.0,0.9680949611994505,1.463558391048036,73,139,400,3,3,100,0.0,0,0.3,0.0,0.5,1.0,0.7,1.0,1.0,0.25,1.0,0.25
hete_0.5,1.0984336755179094,0.06440492089637287,1.0,1.0150594487876994,1.294531932806169,74,140,400,3,3,100,0.0,0,0.3,0.0,0.5,1.0,0.7,1.0,1.0,0.25,1.0,0.25
hete_0.5,1.013002778776054,0.06477764437254613,1.0,1.0127438575863543,0.003997076340266839,75,141,400,3,3,100,0.0,0,0.3,0.0,0.5,1.0,0.7,1.0,1.0,0.25,1.0,0.25
hete_0.5,1.0196166720104718,0.0672382624433227,1.0,1.0409248313375352,-0.3169052642463026,76,142,400,3,3,100,0.0,0,0.3,0.0,0.5,1.0,0.7,1.0,1.0,0.25,1.0,0.25
hete_0.5,1.0160237071190863,0.06041494365697797,1.0,1.0019959535892193,0.23219012848068332,77,143,400,3,3,100,0.0,0,0.3,0.0,0.5,1.0,0.7,1.0,1.0,0.25,1.0,0.25
hete_0.5,1.0079955129136027,0.06354064635984459,1.0,0.9833980162009727,0.3871143609923166,78,144,400,3,3,100,0.0,0,0.3,0.0,0.5,1.0,0.7,1.0,1.0,0.25,1.0,0.25
hete_0.5,0.9242101857253218,0.07016827588340087,1.0,0.9693696838760333,-0.6435885388683824,79,145,400,3,3,100,0.0,0,0.3,0.0,0.5,1.0,0.7,1.0,1.0,0.25,1.0,0.25
hete_0.5,1.0532381000040363,0.0664630987372359,1.0,1.0275550837955345,0.38642519979455736,80,146,400,3,3,100,0.0,0,0.3,0.0,0.5,1.0,0.7,1.0,1.0,0.25,1.0,0.25
hete_0.5,0.9477933531077275,0.06751741161565719,1.0,0.9963838736415427,-0.7196739236749282,81,147,400,3,3,100,0.0,0,0.3,0.0,0.5,1.0,0.7,1.0,1.0,0.25,1.0,0.25
hete_0.5,1.0954584350946313,0.08331656115183265,1.0,1.0329933403826368,0.7497320322445937,82,148,400,3,3,100,0.0,0,0.3,0.0,0.5,1.0,0.7,1.0,1.0,0.25,1.0,0.25
hete_0.5,0.9333888741777508,0.05967425608067966,1.0,0.9727560596917388,-0.6597013201264463,83,149,400,3,3,100,0.0,0,0.3,0.0,0.5,1.0,0.7,1.0,1.0,0.25,1.0,0.25
hete_0.5,0.9501002245069533,0.06581972656375203,1.0,0.9924386250935145,-0.6432478953790987,84,150,400,3,3,100,0.0,0,0.3,0.0,0.5,1.0,0.7,1.0,1.0,0.25,1.0,0.25
hete_0.5,0.9131715392636324,0.06728348910577454,1.0,1.046985438207981,-1.9888073689814674,85,151,400,3,3,100,0.0,0,0.3,0.0,0.5,1.0,0.7,1.0,1.0,0.25,1.0,0.25
hete_0.5,0.9327862081246612,0.06423348598302779,1.0,0.9964386013461088,-0.9909534294661563,86,152,400,3,3,100,0.0,0,0.3,0.0,0.5,1.0,0.7,1.0,1.0,0.25,1.0,0.25
hete_0.5,0.8866094706481944,0.06315853367180381,1.0,0.9917733342177053,-1.6650776618086647,87,153,400,3,3,100,0.0,0,0.3,0.0,0.5,1.0,0.7,1.0,1.0,0.25,1.0,0.25
hete_0.5,0.8710343115959414,0.06444578094346125,1.0,0.9907571771356091,-1.8577300761503914,88,154,400,3,3,100,0.0,0,0.3,0.0,0.5,1.0,0.7,1.0,1.0,0.25,1.0,0.25
hete_0.5,0.9495805582786617,0.06582794575160117,1.0,1.0083186806834998,-0.8922976668067968,89,155,400,3,3,100,0.0,0,0.3,0.0,0.5,1.0,0.7,1.0,1.0,0.25,1.0,0.25
hete_0.5,1.0811798911398263,0.07282874075115617,1.0,1.0057784281809752,1.035325644534834,90,156,400,3,3,100,0.0,0,0.3,0.0,0.5,1.0,0.7,1.0,1.0,0.25,1.0,0.25
hete_0.5,0.9337071651384369,0.06677385593551109,1.0,1.013657707834541,-1.1973330216742137,91,157,400,3,3,100,0.0,0,0.3,0.0,0.5,1.0,0.7,1.0,1.0,0.25,1.0,0.25
hete_0.5,1.1194520129550833,0.0800389106572336,1.0,1.0308087863074522,1.1075016628755168,92,158,400,3,3,100,0.0,0,0.3,0.0,0.5,1.0,0.7,1.0,1.0,0.25,1.0,0.25
hete_0.5,1.044662947741526,0.06614633086775681,1.0,1.005968693886662,0.584979595198158,93,159,400,3,3,100,0.0,0,0.3,0.0,0.5,1.0,0.7,1.0,1.0,0.25,1.0,0.25
hete_0.5,1.0364382206270288,0.06882567186877481,1.0,0.9869444644220908,0.7191176614927111,94,160,400,3,3,100,0.0,0,0.3,0.0,0.5,1.0,0.7,1.0,1.0,0.25,1.0,0.25
hete_0.5,1.1017666265631088,0.06934708673431507,1.0,1.0111962300679913,1.3060447202650898,95,161,400,3,3,100,0.0,0,0.3,0.0,0.5,1.0,0.7,1.0,1.0,0.25,1.0,0.25
hete_0.5,0.9852227365716956,0.05918037702393623,1.0,0.9866716650469306,-0.02448325860866005,96,162,400,3,3,100,0.0,0,0.3,0.0,0.5,1.0,0.7,1.0,1.0,0.25,1.0,0.25
hete_0.5,0.9273358557852349,0.07096253187387276,1.0,0.9690103450991026,-0.5872745548022293,97,163,400,3,3,100,0.0,0,0.3,0.0,0.5,1.0,0.7,1.0,1.0,0.25,1.0,0.25
hete_0.5,0.9677506398615604,0.06075188432265784,1.0,0.9433273102792521,0.4020176469357586,98,164,400,3,3,100,0.0,0,0.3,0.0,0.5,1.0,0.7,1.0,1.0,0.25,1.0,0.25
hete_0.5,0.9972075214886231,0.05880571910914727,1.0,0.9833820335635934,0.23510447851795976,99,165,400,3,3,100,0.0,0,0.3,0.0,0.5,1.0,0.7,1.0,1.0,0.25,1.0,0.25
noise_0.5,0.9418149711030364,0.050565869956403546,1.0,1.0,-1.1506778969120697,0,67,400,3,3,100,0.0,0,0.3,0.0,0.0,0.5,0.7,1.0,1.0,0.25,1.0,0.25
noise_0.5,0.9493277239213892,0.04391157869389274,1.0,1.0,-1.153961610714268,1,68,400,3,3,100,0.0,0,0.3,0.0,0.0,0.5,0.7,1.0,1.0,0.25,1.0,0.25
noise_0.5,1.0262913009682995,0.04382373143921133,1.0,1.0,0.5999329610890981,2,69,400,3,3,100,0.0,0,0.3,0.0,0.0,0.5,0.7,1.0,1.0,0.25,1.0,0.25
noise_0.5,0.9883924845648798,0.05035067137540818,1.0,1.0,-0.2305334788602126,3,70,400,3,3,100,0.0,0,0.3,0.0,0.0,0.5,0.7,1.0,1.0,0.25,1.0,0.25
noise_0.5,0.9810495107840956,0.05271092886651792,1.0,1.0,-0.3595172694431828,4,71,400,3,3,100,0.0,0,0.3,0.0,0.0,0.5,0.7,1.0,1.0,0.25,1.0,0.25
noise_0.5,0.9888471148631739,0.05311098713204932,1.0,1.0,-0.20999205134517268,5,72,400,3,3,100,0.0,0,0.3,0.0,0.0,0.5,0.7,1.0,1.0,0.25,1.0,0.25
noise_0.5,1.1039295680570687,0.045541187998356526,1.0,1.0,2.28210050341285,6,73,400,3,3,100,0.0,0,0.3,0.0,0.0,0.5,0.7,1.0,1.0,0.25,1.0,0.25
noise_0.5,1.0097629800763603,0.048574196212475385,1.0,1.0,0.20099107834239155,7,74,400,3,3,100,0.0,0,0.3,0.0,0.0,0.5,0.7,1.0,1.0,0.25,1.0,0.25
noise_0.5,1.0933747522265915,0.050951270929244105,1.0,1.0,1.8326285198314445,8,75,400,3,3,100,0.0,0,0.3,0.0,0.0,0.5,0.7,1.0,1.0,0.25,1.0,0.25
noise_0.5,0.9052189400512568,0.055707760149364675,1.0,1.0,-1.7013977890084697,9,76,400,3,3,100,0.0,0,0.3,0.0,0.0,0.5,0.7,1.0,1.0,0.25,1.0,0.25
noise_0.5,1.084822615764265,0.05146822421938975,1.0,1.0,1.6480579435322669,10,77,400,3,3,100,0.0,0,0.3,0.0,0.0,0.5,0.7,1.0,1.0,0.25,1.0,0.25
noise_0.5,0.9751797421681346,0.053940551722057944,1.0,1.0,-0.4601409707441981,11,78,400,3,3,100,0.0,0,0.3,0.0,0.0,0.5,0.7,1.0,1.0,0.25,1.0,0.25
noise_0.5,0.9634914059647506,0.04388468875689555,1.0,1.0,-0.831920997263832,12,79,400,3,3,100,0.0,0,0.3,0.0,0.0,0.5,0.7,1.0,1.0,0.25,1.0,0.25
noise_0.5,0.9386072805829052,0.05671611408181239,1.0,1.0,-1.0824563778917653,13,80,400,3,3,100,0.0,0,0.3,0.0,0.0,0.5,0.7,1.0,1.0,0.25,1.0,0.25
noise_0.5,1.0244864230110102,0.051413010907169536,1.0,1.0,0.4762689945395826,14,81,400,3,3,100,0.0,0,0.3,0.0,0.0,0.5,0.7,1.0,1.0,0.25,1.0,0.25
noise_0.5,0.9845926065577113,0.04966375693243149,1.0,1.0,-0.3102341504943083,15,82,400,3,3,100,0.0,0,0.3,0.0,0.0,0.5,0.7,1.0,1.0,0.25,1.0,0.25
noise_0.5,0.9239794219249959,0.04778584714185164,1.0,1.0,-1.5908596921874798,16,83,400,3,3,100,0.0,0,0.3,0.0,0.0,0.5,0.7,1.0,1.0,0.25,1.0,0.25
noise_0.5,0.9910018086637165,0.046485690583050916,1.0,1.0,-0.19356905799231824,17,84,400,3,3,100,0.0,0,0.3,0.0,0.0,0.5,0.7,1.0,1.0,0.25,1.0,0.25
noise_0.5,0.9392244254334344,0.05101365323568893,1.0,1.0,-1.1913589933615505,18,85,400,3,3,100,0.0,0,0.3,0.0,0.0,0.5,0.7,1.0,1.0,0.25,1.0,0.25
noise_0.5,0.8123626151114272,0.045556113636083084,1.0,1.0,-4.118818966593172,19,86,400,3,3,100,0.0,0,0.3,0.0,0.0,0.5,0.7,1.0,1.0,0.25,1.0,0.25
noise_0.5,0.9442886673190147,0.05201718432606428,1.0,1.0,-1.0710178454059451,20,87,400,3,3,100,0.0,0,0.3,0.0,0.0,0.5,0.7,1.0,1.0,0.25,1.0,0.25
noise_0.5,0.9726362486113099,0.04962343829840783,1.0,1.0,-0.5514279607982754,21,88,400,3,3,100,0.0,0,0.3,0.0,0.0,0.5,0.7,1.0,1.0,0.25,1.0,0.25
noise_0.5,0.9846672906384005,0.058027325813363936,1.0,1.0,-0.2642325688230886,22,89,400,3,3,100,0.0,0,0.3,0.0,0.0,0.5,0.7,1.0,1.0,0.25,1.0,0.25
noise_0.5,0.9850344579774576,0.05387263037174493,1.0,1.0,-0.27779490103367077,23,90,400,3,3,100,0.0,0,0.3,0.0,0.0,0.5,0.7,1.0,1.0,0.25,1.0,0.25
noise_0.5,1.042481284458158,0.044558681656674065,1.0,1.0,0.9533783962792579,24,91,400,3,3,100,0.0,0,0.3,0.0,0.0,0.5,0.7,1.0,1.0,0.25,1.0,0.25
noise_0.5,0.8801000437570716,0.0451114399679095,1.0,1.0,-2.6578614277934927,25,92,400,3,3,100,0.0,0,0.3,0.0,0.0,0.5,0.7,1.0,1.0,0.25,1.0,0.25
noise_0.5,0.9275983362798661,0.05998419549380301,1.0,1.0,-1.2070123325670634,26,93,400,3,3,100,0.0,0,0.3,0.0,0.0,0.5,0.7,1.0,1.0,0.25,1.0,0.25
noise_0.5,0.9784744028058959,0.05735697735829856,1.0,1.0,-0.375291693975392,27,94,400,3,3,100,0.0,0,0.3,0.0,0.0,0.5,0.7,1.0,1.0,0.25,1.0,0.25
noise_0.5,0.9219691476288328,0.05030431363008584,1.0,1.0,-1.5511761664212194,28,95,400,3,3,100,0.0,0,0.3,0.0,0.0,0.5,0.7,1.0,1.0,0.25,1.0,0.25
noise_0.5,0.9135472716756875,0.045484810527790576,1.0,1.0,-1.900694480666048,29,96,400,3,3,100,0.0,0,0.3,0.0,0.0,0.5,0.7,1.0,1.0,0.25,1.0,0.25
noise_0.5,0.943329641679597,0.04283455706823365,1.0,1.0,-1.3230055870574198,30,97,400,3,3,100,0.0,0,0.3,0.0,0.0,0.5,0.7,1.0,1.0,0.25,1.0,0.25
noise_0.5,0.9686308882847746,0.050946515153114,1.0,1.0,-0.6157263479346735,31,98,400,3,3,100,0.0,0,0.3,0.0,0.0,0.5,0.7,1.0,1.0,0.25,1.0,0.25
noise_0.5,0.9702354097211605,0.053557265152591946,1.0,1.0,-0.5557526172039613,32,99,400,3,3,100,0.0,0,0.3,0.0,0.0,0.5,0.7,1.0,1.0,0.25,1.0,0.25
noise_0.5,0.9471489575757671,0.046546996776153315,1.0,1.0,-1.1354339932691258,33,100,400,3,3,100,0.0,0,0.3,0.0,0.0,0.5,0.7,1.0,1.0,0.25,1.0,0.25
noise_0.5,0.9475432672947585,0.05369599734018632,1.0,1.0,-0.97692072600694,34,101,400,3,3,100,0.0,0,0.3,0.0,0.0,0.5,0.7,1.0,1.0,0.25,1.0,0.25
noise_0.5,0.9490314790438461,0.04570337539106823,1.0,1.0,-1.1152025538602697,35,102,400,3,3,100,0.0,0,0.3,0.0,0.0,0.5,0.7,1.0,1.0,0.25,1.0,0.25
noise_0.5,1.0129279939621085,0.041233952125856545,1.0,1.0,0.3135278889263147,36,103,400,3,3,100,0.0,0,0.3,0.0,0.0,0.5,0.7,1.0,1.0,0.25,1.0,0.25
noise_0.5,1.0571205836701327,0.04305696567594221,1.0,1.0,1.326628172083396,37,104,400,3,3,100,0.0,0,0.3,0.0,0.0,0.5,0.7,1.0,1.0,0.25,1.0,0.25
noise_0.5,0.9530201181503769,0.04820319895677521,1.0,1.0,-0.9746216613497148,38,105,400,3,3,100,0.0,0,0.3,0.0,0.0,0.5,0.7,1.0,1.0,0.25,1.0,0.25
noise_0.5,0.957878940116877,0.04386731809218223,1.0,1.0,-0.9601922733140493,39,106,400,3,3,100,0.0,0,0.3,0.0,0.0,0.5,0.7,1.0,1.0,0.25,1.0,0.25
noise_0.5,1.058790361974978,0.05442328569101092,1.0,1.0,1.08024278998444,40,107,400,3,3,100,0.0,0,0.3,0.0,0.0,0.5,0.7,1.0,1.0,0.25,1.0,0.25
noise_0.5,0.9896390050896307,0.04869728248642998,1.0,1.0,-0.21276330795782186,41,108,400,3,3,100,0.0,0,0.3,0.0,0.0,0.5,0.7,1.0,1.0,0.25,1.0,0.25
noise_0.5,0.9617118570169628,0.04877397878351657,1.0,1.0,-0.7850116791369267,42,109,400,3,3,100,0.0,0,0.3,0.0,0.0,0.5,0.7,1.0,1.0,0.25,1.0,0.25
noise_0.5,0.9197065417660139,0.05299636622462477,1.0,1.0,-1.5150747863289875,43,110,400,3,3,100,0.0,0,0.3,0.0,0.0,0.5,0.7,1.0,1.0,0.25,1.0,0.25
noise_0.5,0.9802348801112594,0.054540487059026026,1.0,1.0,-0.36239353468460933,44,111,400,3,3,100,0.0,0,0.3,0.0,0.0,0.5,0.7,1.0,1.0,0.25,1.0,0.25
noise_0.5,1.0299863198782937,0.0537607036399916,1.0,1.0,0.5577739472886554,45,112,400,3,3,100,0.0,0,0.3,0.0,0.0,0.5,0.7,1.0,1.0,0.25,1.0,0.25
noise_0.5,1.0325623596025062,0.047752684476820004,1.0,1.0,0.6818958967283304,46,113,400,3,3,100,0.0,0,0.3,0.0,0.0,0.5,0.7,1.0,1.0,0.25,1.0,0.25
noise_0.5,1.0145088585212525,0.04945050498707719,1.0,1.0,0.2934016250196853,47,114,400,3,3,100,0.0,0,0.3,0.0,0.0,0.5,0.7,1.0,1.0,0.25,1.0,0.25
noise_0.5,0.8779995218804003,0.052000635777377346,1.0,1.0,-2.346134355777924,48,115,400,3,3,100,0.0,0,0.3,0.0,0.0,0.5,0.7,1.0,1.0,0.25,1.0,0.25
noise_0.5,0.990435820013841,0.0540272677511426,1.0,1.0,-0.17702505390820406,49,116,400,3,3,100,0.0,0,0.3,0.0,0.0,0.5,0.7,1.0,1.0,0.25,1.0,0.25
noise_0.5,1.0107737168505597,0.04833647230670617,1.0,1.0,0.2228900111327525,50,117,400,3,3,100,0.0,0,0.3,0.0,0.0,0.5,0.7,1.0,1.0,0.25,1.0,0.25
noise_0.5,0.8770514607502908,0.045243267774515004,1.0,1.0,-2.7174990953894937,51,118,400,3,3,100,0.0,0,0.3,0.0,0.0,0.5,0.7,1.0,1.0,0.25,1.0,0.25
noise_0.5,0.9385176268593651,0.051917904191699484,1.0,1.0,-1.1842229400019681,52,119,400,3,3,100,0.0,0,0.3,0.0,0.0,0.5,0.7,1.0,1.0,0.25,1.0,0.25
noise_0.5,1.1144456960944127,0.04923697148648786,1.0,1.0,2.3243853681337834,53,120,400,3,3,100,0.0,0,0.3,0.0,0.0,0.5,0.7,1.0,1.0,0.25,1.0,0.25
noise_0.5,0.9376893887951518,0.04968732998565566,1.0,1.0,-1.2540543277901377,54,121,400,3,3,100,0.0,0,0.3,0.0,0.0,0.5,0.7,1.0,1.0,0.25,1.0,0.25
noise_0.5,0.9406814117117911,0.05088701179621341,1.0,1.0,-1.1656921126703474,55,122,400,3,3,100,0.0,0,0.3,0.0,0.0,0.5,0.7,1.0,1.0,0.25,1.0,0.25
noise_0.5,0.9541940424923232,0.05415632272637147,1.0,1.0,-0.8458099664394596,56,123,400,3,3,100,0.0,0,0.3,0.0,0.0,0.5,0.7,1.0,1.0,0.25,1.0,0.25
noise_0.5,0.933626491254833,0.05417236149091714,1.0,1.0,-1.2252282698862147,57,124,400,3,3,100,0.0,0,0.3,0.0,0.0,0.5,0.7,1.0,1.0,0.25,1.0,0.25
noise_0.5,1.0423458247146762,0.046588946517360195,1.0,1.0,0.9089242809750394,58,125,400,3,3,100,0.0,0,0.3,0.0,0.0,0.5,0.7,1.0,1.0,0.25,1.0,0.25
noise_0.5,1.0517347745828913,0.04574053065433726,1.0,1.0,1.1310488497357578,59,126,400,3,3,100,0.0,0,0.3,0.0,0.0,0.5,0.7,1.0,1.0,0.25,1.0,0.25
noise_0.5,0.9289225674336714,0.05561772823718528,1.0,1.0,-1.277963606553911,60,127,400,3,3,100,0.0,0,0.3,0.0,0.0,0.5,0.7,1.0,1.0,0.25,1.0,0.25
noise_0.5,1.0117815482785146,0.046139927153740774,1.0,1.0,0.2553438855518316,61,128,400,3,3,100,0.0,0,0.3,0.0,0.0,0.5,0.7,1.0,1.0,0.25,1.0,0.25
noise_0.5,1.0191740331387684,0.044412677866438065,1.0,1.0,0.4317243197185803,62,129,400,3,3,100,0.0,0,0.3,0.0,0.0,0.5,0.7,1.0,1.0,0.25,1.0,0.25
noise_0.5,0.9818844319844011,0.054199237435269984,1.0,1.0,-0.33424027482368657,63,130,400,3,3,100,0.0,0,0.3,0.0,0.0,0.5,0.7,1.0,1.0,0.25,1.0,0.25
noise_0.5,1.05451611210905,0.051697666602562586,1.0,1.0,1.054517847549192,64,131,400,3,3,100,0.0,0,0.3,0.0,0.0,0.5,0.7,1.0,1.0,0.25,1.0,0.25
noise_0.5,1.0633197503645417,0.053143536621229934,1.0,1.0,1.191485444708747,65,132,400,3,3,100,0.0,0,0.3,0.0,0.0,0.5,0.7,1.0,1.0,0.25,1.0,0.25
noise_0.5,0.9915848921895557,0.04805742004727207,1.0,1.0,-0.17510527619182867,66,133,400,3,3,100,0.0,0,0.3,0.0,0.0,0.5,0.7,1.0,1.0,0.25,1.0,0.25
noise_0.5,1.058341950094055,0.050719687989398764,1.0,1.0,1.1502821173949134,67,134,400,3,3,100,0.0,0,0.3,0.0,0.0,0.5,0.7,1.0,1.0,0.25,1.0,0.25
noise_0.5,1.0998552956762617,0.04627587896773889,1.0,1.0,2.1578260187316074,68,135,400,3,3,100,0.0,0,0.3,0.0,0.0,0.5,0.7,1.0,1.0,0.25,1.0,0.25
noise_0.5,0.9867209373312061,0.05243578305012876,1.0,1.0,-0.2532442903751249,69,136,400,3,3,100,0.0,0,0.3,0.0,0.0,0.5,0.7,1.0,1.0,0.25,1.0,0.25
noise_0.5,0.9227460741630844,0.052625262681412696,1.0,1.0,-1.4680007642831543,70,137,400,3,3,100,0.0,0,0.3,0.0,0.0,0.5,0.7,1.0,1.0,0.25,1.0,0.25
noise_0.5,0.9896632990340652,0.051876382488369344,1.0,1.0,-0.19925639510912765,71,138,400,3,3,100,0.0,0,0.3,0.0,0.0,0.5,0.7,1.0,1.0,0.25,1.0,0.25
noise_0.5,1.0472127394762731,0.050650408507423514,1.0,1.0,0.9321294905124696,72,139,400,3,3,100,0.0,0,0.3,0.0,0.0,0.5,0.7,1.0,1.0,0.25,1.0,0.25
noise_0.5,1.001443202248879,0.04900266946306676,1.0,1.0,0.02945150263633699,73,140,400,3,3,100,0.0,0,0.3,0.0,0.0,0.5,0.7,1.0,1.0,0.25,1.0,0.25
noise_0.5,1.0364556429099046,0.04842209890115575,1.0,1.0,0.7528720096235733,74,141,400,3,3,100,0.0,0,0.3,0.0,0.0,0.5,0.7,1.0,1.0,0.25,1.0,0.25
noise_0.5,0.9757193049606815,0.04503600471815903,1.0,1.0,-0.5391396326399321,75,142,400,3,3,100,0.0,0,0.3,0.0,0.0,0.5,0.7,1.0,1.0,0.25,1.0,0.25
noise_0.5,1.0044390802701473,0.04886148692945315,1.0,1.0,0.09085029026145847,76,143,400,3,3,100,0.0,0,0.3,0.0,0.0,0.5,0.7,1.0,1.0,0.25,1.0,0.25
noise_0.5,1.0288015911192594,0.04459234916359814,1.0,1.0,0.6458863831908381,77,144,400,3,3,100,0.0,0,0.3,0.0,0.0,0.5,0.7,1.0,1.0,0.25,1.0,0.25
noise_0.5,1.0013451055073992,0.05561199917538163,1.0,1.0,0.024187325169828525,78,145,400,3,3,100,0.0,0,0.3,0.0,0.0,0.5,0.7,1.0,1.0,0.25,1.0,0.25
noise_0.5,1.0165887712305965,0.049396834220057736,1.0,1.0,0.33582660695815647,79,146,400,3,3,100,0.0,0,0.3,0.0,0.0,0.5,0.7,1.0,1.0,0.25,1.0,0.25
noise_0.5,0.9794431910709206,0.04748671322722426,1.0,1.0,-0.43289601515933374,80,147,400,3,3,100,0.0,0,0.3,0.0,0.0,0.5,0.7,1.0,1.0,0.25,1.0,0.25
noise_0.5,0.9579872960007324,0.04696837174664969,1.0,1.0,-0.8944892581306998,81,148,400,3,3,100,0.0,0,0.3,0.0,0.0,0.5,0.7,1.0,1.0,0.25,1.0,0.25
noise_0.5,0.9718814179000501,0.04723964810339765,1.0,1.0,-0.5952326748582933,82,149,400,3,3,100,0.0,0,0.3,0.0,0.0,0.5,0.7,1.0,1.0,0.25,1.0,0.25
noise_0.5,0.9401403872675536,0.05257077844014112,1.0,1.0,-1.1386480190816395,83,150,400,3,3,100,0.0,0,0.3,0.0,0.0,0.5,0.7,1.0,1.0,0.25,1.0,0.25
noise_0.5,1.0246397208908071,0.05742440649080453,1.0,1.0,0.4290809848379143,84,151,400,3,3,100,0.0,0,0.3,0.0,0.0,0.5,0.7,1.0,1.0,0.25,1.0,0.25
noise_0.5,0.9579148281509023,0.055809632086126444,1.0,1.0,-0.7540843807060231,85,152,400,3,3,100,0.0,0,0.3,0.0,0.0,0.5,0.7,1.0,1.0,0.25,1.0,0.25
noise_0.5,0.9023310829670296,0.055124404947771224,1.0,1.0,-1.7717908633301147,86,153,400,3,3,100,0.0,0,0.3,0.0,0.0,0.5,0.7,1.0,1.0,0.25,1.0,0.25
noise_0.5,0.8674463574804555,0.04789016613366604,1.0,1.0,-2.767867669315963,87,154,400,3,3,100,0.0,0,0.3,0.0,0.0,0.5,0.7,1.0,1.0,0.25,1.0,0.25
noise_0.5,0.968834408534158,0.04780576411029757,1.0,1.0,-0.6519212075333979,88,155,400,3,3,100,0.0,0,0.3,0.0,0.0,0.5,0.7,1.0,1.0,0.25,1.0,0.25
noise_0.5,1.00729562120202,0.05012993890900497,1.0,1.0,0.14553421290345053,89,156,400,3,3,100,0.0,0,0.3,0.0,0.0,0.5,0.7,1.0,1.0,0.25,1.0,0.25
noise_0.5,0.9572126218130762,0.05127970699125414,1.0,1.0,-0.8343920177668189,90,157,400,3,3,100,0.0,0,0.3,0.0,0.0,0.5,0.7,1.0,1.0,0.25,1.0,0.25
noise_0.5,0.9766586365117595,0.05713908575798579,1.0,1.0,-0.40850082178604424,91,158,400,3,3,100,0.0,0,0.3,0.0,0.0,0.5,0.7,1.0,1.0,0.25,1.0,0.25
noise_0.5,1.0350472542261513,0.05120760756464366,1.0,1.0,0.6844149901341945,92,159,400,3,3,100,0.0,0,0.3,0.0,0.0,0.5,0.7,1.0,1.0,0.25,1.0,0.25
noise_0.5,0.9643198226729877,0.051838914361045124,1.0,1.0,-0.6882894398310272,93,160,400,3,3,100,0.0,0,0.3,0.0,0.0,0.5,0.7,1.0,1.0,0.25,1.0,0.25
noise_0.5,1.0743665969307084,0.04738084327262286,1.0,1.0,1.56954988122126,94,161,400,3,3,100,0.0,0,0.3,0.0,0.0,0.5,0.7,1.0,1.0,0.25,1.0,0.25
noise_0.5,1.0544365332880805,0.04746291781495254,1.0,1.0,1.1469276604594045,95,162,400,3,3,100,0.0,0,0.3,0.0,0.0,0.5,0.7,1.0,1.0,0.25,1.0,0.25
noise_0.5,0.9604693023019877,0.05266686527761959,1.0,1.0,-0.7505800371758714,96,163,400,3,3,100,0.0,0,0.3,0.0,0.0,0.5,0.7,1.0,1.0,0.25,1.0,0.25
noise_0.5,1.0113038994576875,0.04888763167935198,1.0,1.0,0.23122207129665034,97,164,400,3,3,100,0.0,0,0.3,0.0,0.0,0.5,0.7,1.0,1.0,0.25,1.0,0.25
noise_0.5,0.9672816584441504,0.0538761721669913,1.0,1.0,-0.6072877904992554,98,165,400,3,3,100,0.0,0,0.3,0.0,0.0,0.5,0.7,1.0,1.0,0.25,1.0,0.25
noise_0.5,0.903779301312953,0.06477654221609323,1.0,1.0,-1.4854250535024958,99,166,400,3,3,100,0.0,0,0.3,0.0,0.0,0.5,0.7,1.0,1.0,0.25,1.0,0.25
noise_1.0,0.9493277239213892,0.04391157869389274,1.0,1.0,-1.153961610714268,0,68,400,3,3,100,0.0,0,0.3,0.0,0.0,1.0,0.7,1.0,1.0,0.25,1.0,0.25
noise_1.0,1.0262913009682992,0.04382373143921133,1.0,1.0,0.5999329610890931,1,69,400,3,3,100,0.0,0,0.3,0.0,0.0,1.0,0.7,1.0,1.0,0.25,1.0,0.25
noise_1.0,0.9883924845648798,0.05035067137540818,1.0,1.0,-0.2305334788602126,2,70,400,3,3,100,0.0,0,0.3,0.0,0.0,1.0,0.7,1.0,1.0,0.25,1.0,0.25
noise_1.0,0.9810495107840956,0.05271092886651792,1.0,1.0,-0.3595172694431828,3,71,400,3,3,100,0.0,0,0.3,0.0,0.0,1.0,0.7,1.0,1.0,0.25,1.0,0.25
noise_1.0,0.9888471148631741,0.05311098713204932,1.0,1.0,-0.20999205134516852,4,72,400,3,3,100,0.0,0,0.3,0.0,0.0,1.0,0.7,1.0,1.0,0.25,1.0,0.25
noise_1.0,1.1039295680570687,0.045541187998356526,1.0,1.0,2.28210050341285,5,73,400,3,3,100,0.0,0,0.3,0.0,0.0,1.0,0.7,1.0,1.0,0.25,1.0,0.25
noise_1.0,1.0097629800763603,0.048574196212475385,1.0,1.0,0.20099107834239155,6,74,400,3,3,100,0.0,0,0.3,0.0,0.0,1.0,0.7,1.0,1.0,0.25,1.0,0.25
noise_1.0,1.0933747522265915,0.050951270929244105,1.0,1.0,1.8326285198314445,7,75,400,3,3,100,0.0,0,0.3,0.0,0.0,1.0,0.7,1.0,1.0,0.25,1.0,0.25
noise_1.0,0.9052189400512567,0.05570776014936473,1.0,1.0,-1.70139778900847,8,76,400,3,3,100,0.0,0,0.3,0.0,0.0,1.0,0.7,1.0,1.0,0.25,1.0,0.25
noise_1.0,1.0848226157642653,0.05146822421938986,1.0,1.0,1.6480579435322678,9,77,400,3,3,100,0.0,0,0.3,0.0,0.0,1.0,0.7,1.0,1.0,0.25,1.0,0.25
noise_1.0,0.9751797421681345,0.05394055172205789,1.0,1.0,-0.4601409707442006,10,78,400,3,3,100,0.0,0,0.3,0.0,0.0,1.0,0.7,1.0,1.0,0.25,1.0,0.25
noise_1.0,0.9634914059647504,0.04388468875689555,1.0,1.0,-0.831920997263837,11,79,400,3,3,100,0.0,0,0.3,0.0,0.0,1.0,0.7,1.0,1.0,0.25,1.0,0.25
noise_1.0,0.9386072805829052,0.05671611408181239,1.0,1.0,-1.0824563778917653,12,80,400,3,3,100,0.0,0,0.3,0.0,0.0,1.0,0.7,1.0,1.0,0.25,1.0,0.25
noise_1.0,1.0244864230110102,0.051413010907169536,1.0,1.0,0.4762689945395826,13,81,400,3,3,100,0.0,0,0.3,0.0,0.0,1.0,0.7,1.0,1.0,0.25,1.0,0.25
noise_1.0,0.9845926065577117,0.04966375693243149,1.0,1.0,-0.31023415049429937,14,82,400,3,3,100,0.0,0,0.3,0.0,0.0,1.0,0.7,1.0,1.0,0.25,1.0,0.25
noise_1.0,0.9239794219249959,0.04778584714185164,1.0,1.0,-1.5908596921874798,15,83,400,3,3,100,0.0,0,0.3,0.0,0.0,1.0,0.7,1.0,1.0,0.25,1.0,0.25
noise_1.0,0.9910018086637165,0.046485690583050916,1.0,1.0,-0.19356905799231824,16,84,400,3,3,100,0.0,0,0.3,0.0,0.0,1.0,0.7,1.0,1.0,0.25,1.0,0.25
noise_1.0,0.9392244254334342,0.05101365323568893,1.0,1.0,-1.191358993361555,17,85,400,3,3,100,0.0,0,0.3,0.0,0.0,1.0,0.7,1.0,1.0,0.25,1.0,0.25
noise_1.0,0.8123626151114274,0.045556113636083084,1.0,1.0,-4.118818966593167,18,86,400,3,3,100,0.0,0,0.3,0.0,0.0,1.0,0.7,1.0,1.0,0.25,1.0,0.25
noise_1.0,0.9442886673190148,0.052017184326064225,1.0,1.0,-1.0710178454059442,19,87,400,3,3,100,0.0,0,0.3,0.0,0.0,1.0,0.7,1.0,1.0,0.25,1.0,0.25
noise_1.0,0.9726362486113097,0.04962343829840783,1.0,1.0,-0.5514279607982798,20,88,400,3,3,100,0.0,0,0.3,0.0,0.0,1.0,0.7,1.0,1.0,0.25,1.0,0.25
noise_1.0,0.9846672906384005,0.058027325813363936,1.0,1.0,-0.2642325688230886,21,89,400,3,3,100,0.0,0,0.3,0.0,0.0,1.0,0.7,1.0,1.0,0.25,1.0,0.25
noise_1.0,0.9850344579774574,0.05387263037174493,1.0,1.0,-0.27779490103367493,22,90,400,3,3,100,0.0,0,0.3,0.0,0.0,1.0,0.7,1.0,1.0,0.25,1.0,0.25
noise_1.0,1.042481284458158,0.04455868165667395,1.0,1.0,0.9533783962792605,23,91,400,3,3,100,0.0,0,0.3,0.0,0.0,1.0,0.7,1.0,1.0,0.25,1.0,0.25
noise_1.0,0.8801000437570716,0.0451114399679095,1.0,1.0,-2.6578614277934927,24,92,400,3,3,100,0.0,0,0.3,0.0,0.0,1.0,0.7,1.0,1.0,0.25,1.0,0.25
noise_1.0,0.9275983362798661,0.05998419549380301,1.0,1.0,-1.2070123325670634,25,93,400,3,3,100,0.0,0,0.3,0.0,0.0,1.0,0.7,1.0,1.0,0.25,1.0,0.25
noise_1.0,0.9784744028058961,0.05735697735829856,1.0,1.0,-0.37529169397538814,26,94,400,3,3,100,0.0,0,0.3,0.0,0.0,1.0,0.7,1.0,1.0,0.25,1.0,0.25
noise_1.0,0.9219691476288326,0.0503043136300859,1.0,1.0,-1.5511761664212196,27,95,400,3,3,100,0.0,0,0.3,0.0,0.0,1.0,0.7,1.0,1.0,0.25,1.0,0.25
noise_1.0,0.9135472716756875,0.045484810527790576,1.0,1.0,-1.900694480666048,28,96,400,3,3,100,0.0,0,0.3,0.0,0.0,1.0,0.7,1.0,1.0,0.25,1.0,0.25
noise_1.0,0.943329641679597,0.04283455706823365,1.0,1.0,-1.3230055870574198,29,97,400,3,3,100,0.0,0,0.3,0.0,0.0,1.0,0.7,1.0,1.0,0.25,1.0,0.25
noise_1.0,0.9686308882847745,0.05094651515311406,1.0,1.0,-0.6157263479346748,30,98,400,3,3,100,0.0,0,0.3,0.0,0.0,1.0,0.7,1.0,1.0,0.25,1.0,0.25
noise_1.0,0.9702354097211605,0.053557265152591946,1.0,1.0,-0.5557526172039613,31,99,400,3,3,100,0.0,0,0.3,0.0,0.0,1.0,0.7,1.0,1.0,0.25,1.0,0.25
noise_1.0,0.9471489575757671,0.046546996776153315,1.0,1.0,-1.1354339932691258,32,100,400,3,3,100,0.0,0,0.3,0.0,0.0,1.0,0.7,1.0,1.0,0.25,1.0,0.25
noise_1.0,0.9475432672947582,0.05369599734018632,1.0,1.0,-0.9769207260069441,33,101,400,3,3,100,0.0,0,0.3,0.0,0.0,1.0,0.7,1.0,1.0,0.25,1.0,0.25
noise_1.0,0.9490314790438463,0.04570337539106823,1.0,1.0,-1.1152025538602648,34,102,400,3,3,100,0.0,0,0.3,0.0,0.0,1.0,0.7,1.0,1.0,0.25,1.0,0.25
noise_1.0,1.0129279939621085,0.041233952125856545,1.0,1.0,0.3135278889263147,35,103,400,3,3,100,0.0,0,0.3,0.0,0.0,1.0,0.7,1.0,1.0,0.25,1.0,0.25
noise_1.0,1.0571205836701325,0.04305696567594221,1.0,1.0,1.3266281720833908,36,104,400,3,3,100,0.0,0,0.3,0.0,0.0,1.0,0.7,1.0,1.0,0.25,1.0,0.25
noise_1.0,0.9530201181503769,0.04820319895677521,1.0,1.0,-0.9746216613497148,37,105,400,3,3,100,0.0,0,0.3,0.0,0.0,1.0,0.7,1.0,1.0,0.25,1.0,0.25
noise_1.0,0.957878940116877,0.04386731809218223,1.0,1.0,-0.9601922733140493,38,106,400,3,3,100,0.0,0,0.3,0.0,0.0,1.0,0.7,1.0,1.0,0.25,1.0,0.25
noise_1.0,1.058790361974978,0.05442328569101092,1.0,1.0,1.08024278998444,39,107,400,3,3,100,0.0,0,0.3,0.0,0.0,1.0,0.7,1.0,1.0,0.25,1.0,0.25
noise_1.0,0.9896390050896307,0.04869728248642998,1.0,1.0,-0.21276330795782186,40,108,400,3,3,100,0.0,0,0.3,0.0,0.0,1.0,0.7,1.0,1.0,0.25,1.0,0.25
noise_1.0,0.9617118570169628,0.04877397878351657,1.0,1.0,-0.7850116791369267,41,109,400,3,3,100,0.0,0,0.3,0.0,0.0,1.0,0.7,1.0,1.0,0.25,1.0,0.25
noise_1.0,0.9197065417660139,0.05299636622462477,1.0,1.0,-1.5150747863289875,42,110,400,3,3,100,0.0,0,0.3,0.0,0.0,1.0,0.7,1.0,1.0,0.25,1.0,0.25
noise_1.0,0.9802348801112594,0.054540487059026026,1.0,1.0,-0.36239353468460933,43,111,400,3,3,100,0.0,0,0.3,0.0,0.0,1.0,0.7,1.0,1.0,0.25,1.0,0.25
noise_1.0,1.0299863198782937,0.0537607036399916,1.0,1.0,0.5577739472886554,44,112,400,3,3,100,0.0,0,0.3,0.0,0.0,1.0,0.7,1.0,1.0,0.25,1.0,0.25
noise_1.0,1.0325623596025062,0.047752684476820004,1.0,1.0,0.6818958967283304,45,113,400,3,3,100,0.0,0,0.3,0.0,0.0,1.0,0.7,1.0,1.0,0.25,1.0,0.25
noise_1.0,1.0145088585212525,0.04945050498707719,1.0,1.0,0.2934016250196853,46,114,400,3,3,100,0.0,0,0.3,0.0,0.0,1.0,0.7,1.0,1.0,0.25,1.0,0.25
noise_1.0,0.8779995218804003,0.052000635777377346,1.0,1.0,-2.346134355777924,47,115,400,3,3,100,0.0,0,0.3,0.0,0.0,1.0,0.7,1.0,1.0,0.25,1.0,0.25
noise_1.0,0.9904358200138411,0.05402726775114266,1.0,1.0,-0.1770250539082018,48,116,400,3,3,100,0.0,0,0.3,0.0,0.0,1.0,0.7,1.0,1.0,0.25,1.0,0.25
noise_1.0,1.0107737168505597,0.04833647230670617,1.0,1.0,0.2228900111327525,49,117,400,3,3,100,0.0,0,0.3,0.0,0.0,1.0,0.7,1.0,1.0,0.25,1.0,0.25
noise_1.0,0.8770514607502908,0.04524326777451506,1.0,1.0,-2.7174990953894906,50,118,400,3,3,100,0.0,0,0.3,0.0,0.0,1.0,0.7,1.0,1.0,0.25,1.0,0.25
noise_1.0,0.9385176268593651,0.051917904191699484,1.0,1.0,-1.1842229400019681,51,119,400,3,3,100,0.0,0,0.3,0.0,0.0,1.0,0.7,1.0,1.0,0.25,1.0,0.25
noise_1.0,1.1144456960944127,0.04923697148648786,1.0,1.0,2.3243853681337834,52,120,400,3,3,100,0.0,0,0.3,0.0,0.0,1.0,0.7,1.0,1.0,0.25,1.0,0.25
noise_1.0,0.9376893887951518,0.04968732998565566,1.0,1.0,-1.2540543277901377,53,121,400,3,3,100,0.0,0,0.3,0.0,0.0,1.0,0.7,1.0,1.0,0.25,1.0,0.25
noise_1.0,0.9406814117117911,0.05088701179621341,1.0,1.0,-1.1656921126703474,54,122,400,3,3,100,0.0,0,0.3,0.0,0.0,1.0,0.7,1.0,1.0,0.25,1.0,0.25
noise_1.0,0.954194042492323,0.05415632272637147,1.0,1.0,-0.8458099664394637,55,123,400,3,3,100,0.0,0,0.3,0.0,0.0,1.0,0.7,1.0,1.0,0.25,1.0,0.25
noise_1.0,0.9336264912548328,0.05417236149091714,1.0,1.0,-1.2252282698862187,56,124,400,3,3,100,0.0,0,0.3,0.0,0.0,1.0,0.7,1.0,1.0,0.25,1.0,0.25
noise_1.0,1.0423458247146762,0.046588946517360195,1.0,1.0,0.9089242809750394,57,125,400,3,3,100,0.0,0,0.3,0.0,0.0,1.0,0.7,1.0,1.0,0.25,1.0,0.25
noise_1.0,1.051734774582891,0.04574053065433726,1.0,1.0,1.131048849735753,58,126,400,3,3,100,0.0,0,0.3,0.0,0.0,1.0,0.7,1.0,1.0,0.25,1.0,0.25
noise_1.0,0.9289225674336716,0.05561772823718528,1.0,1.0,-1.277963606553907,59,127,400,3,3,100,0.0,0,0.3,0.0,0.0,1.0,0.7,1.0,1.0,0.25,1.0,0.25
noise_1.0,1.0117815482785146,0.046139927153740774,1.0,1.0,0.2553438855518316,60,128,400,3,3,100,0.0,0,0.3,0.0,0.0,1.0,0.7,1.0,1.0,0.25,1.0,0.25
noise_1.0,1.019174033138768,0.044412677866438065,1.0,1.0,0.4317243197185703,61,129,400,3,3,100,0.0,0,0.3,0.0,0.0,1.0,0.7,1.0,1.0,0.25,1.0,0.25
noise_1.0,0.9818844319844013,0.054199237435269984,1.0,1.0,-0.3342402748236825,62,130,400,3,3,100,0.0,0,0.3,0.0,0.0,1.0,0.7,1.0,1.0,0.25,1.0,0.25
noise_1.0,1.05451611210905,0.0516976666025627,1.0,1.0,1.0545178475491899,63,131,400,3,3,100,0.0,0,0.3,0.0,0.0,1.0,0.7,1.0,1.0,0.25,1.0,0.25
noise_1.0,1.0633197503645415,0.05314353662122982,1.0,1.0,1.1914854447087455,64,132,400,3,3,100,0.0,0,0.3,0.0,0.0,1.0,0.7,1.0,1.0,0.25,1.0,0.25
noise_1.0,0.9915848921895557,0.04805742004727207,1.0,1.0,-0.17510527619182867,65,133,400,3,3,100,0.0,0,0.3,0.0,0.0,1.0,0.7,1.0,1.0,0.25,1.0,0.25
noise_1.0,1.058341950094055,0.050719687989398646,1.0,1.0,1.150282117394916,66,134,400,3,3,100,0.0,0,0.3,0.0,0.0,1.0,0.7,1.0,1.0,0.25,1.0,0.25
noise_1.0,1.0998552956762615,0.04627587896773889,1.0,1.0,2.1578260187316025,67,135,400,3,3,100,0.0,0,0.3,0.0,0.0,1.0,0.7,1.0,1.0,0.25,1.0,0.25
noise_1.0,0.9867209373312059,0.05243578305012876,1.0,1.0,-0.25324429037512913,68,136,400,3,3,100,0.0,0,0.3,0.0,0.0,1.0,0.7,1.0,1.0,0.25,1.0,0.25
noise_1.0,0.9227460741630846,0.052625262681412696,1.0,1.0,-1.46800076428315,69,137,400,3,3,100,0.0,0,0.3,0.0,0.0,1.0,0.7,1.0,1.0,0.25,1.0,0.25
noise_1.0,0.989663299034065,0.051876382488369344,1.0,1.0,-0.19925639510913193,70,138,400,3,3,100,0.0,0,0.3,0.0,0.0,1.0,0.7,1.0,1.0,0.25,1.0,0.25
noise_1.0,1.0472127394762731,0.050650408507423514,1.0,1.0,0.9321294905124696,71,139,400,3,3,100,0.0,0,0.3,0.0,0.0,1.0,0.7,1.0,1.0,0.25,1.0,0.25
noise_1.0,1.001443202248879,0.04900266946306676,1.0,1.0,0.02945150263633699,72,140,400,3,3,100,0.0,0,0.3,0.0,0.0,1.0,0.7,1.0,1.0,0.25,1.0,0.25
noise_1.0,1.0364556429099043,0.04842209890115575,1.0,1.0,0.7528720096235687,73,141,400,3,3,100,0.0,0,0.3,0.0,0.0,1.0,0.7,1.0,1.0,0.25,1.0,0.25
noise_1.0,0.9757193049606817,0.04503600471815903,1.0,1.0,-0.5391396326399273,74,142,400,3,3,100,0.0,0,0.3,0.0,0.0,1.0,0.7,1.0,1.0,0.25,1.0,0.25
noise_1.0,1.0044390802701473,0.04886148692945315,1.0,1.0,0.09085029026145847,75,143,400,3,3,100,0.0,0,0.3,0.0,0.0,1.0,0.7,1.0,1.0,0.25,1.0,0.25
noise_1.0,1.0288015911192594,0.04459234916359814,1.0,1.0,0.6458863831908381,76,144,400,3,3,100,0.0,0,0.3,0.0,0.0,1.0,0.7,1.0,1.0,0.25,1.0,0.25
noise_1.0,1.001345105507399,0.055611999175381746,1.0,1.0,0.024187325169824483,77,145,400,3,3,100,0.0,0,0.3,0.0,0.0,1.0,0.7,1.0,1.0,0.25,1.0,0.25
noise_1.0,1.0165887712305965,0.049396834220057736,1.0,1.0,0.33582660695815647,78,146,400,3,3,100,0.0,0,0.3,0.0,0.0,1.0,0.7,1.0,1.0,0.25,1.0,0.25
noise_1.0,0.9794431910709206,0.04748671322722426,1.0,1.0,-0.43289601515933374,79,147,400,3,3,100,0.0,0,0.3,0.0,0.0,1.0,0.7,1.0,1.0,0.25,1.0,0.25
noise_1.0,0.9579872960007328,0.04696837174664969,1.0,1.0,-0.8944892581306902,80,148,400,3,3,100,0.0,0,0.3,0.0,0.0,1.0,0.7,1.0,1.0,0.25,1.0,0.25
noise_1.0,0.9718814179000501,0.04723964810339765,1.0,1.0,-0.5952326748582933,81,149,400,3,3,100,0.0,0,0.3,0.0,0.0,1.0,0.7,1.0,1.0,0.25,1.0,0.25
noise_1.0,0.9401403872675536,0.05257077844014112,1.0,1.0,-1.1386480190816395,82,150,400,3,3,100,0.0,0,0.3,0.0,0.0,1.0,0.7,1.0,1.0,0.25,1.0,0.25
noise_1.0,1.0246397208908071,0.05742440649080453,1.0,1.0,0.4290809848379143,83,151,400,3,3,100,0.0,0,0.3,0.0,0.0,1.0,0.7,1.0,1.0,0.25,1.0,0.25
noise_1.0,0.9579148281509023,0.055809632086126444,1.0,1.0,-0.7540843807060231,84,152,400,3,3,100,0.0,0,0.3,0.0,0.0,1.0,0.7,1.0,1.0,0.25,1.0,0.25
noise_1.0,0.9023310829670297,0.05512440494777117,1.0,1.0,-1.7717908633301145,85,153,400,3,3,100,0.0,0,0.3,0.0,0.0,1.0,0.7,1.0,1.0,0.25,1.0,0.25
noise_1.0,0.8674463574804555,0.04789016613366604,1.0,1.0,-2.767867669315963,86,154,400,3,3,100,0.0,0,0.3,0.0,0.0,1.0,0.7,1.0,1.0,0.25,1.0,0.25
noise_1.0,0.968834408534158,0.04780576411029757,1.0,1.0,-0.6519212075333979,87,155,400,3,3,100,0.0,0,0.3,0.0,0.0,1.0,0.7,1.0,1.0,0.25,1.0,0.25
noise_1.0,1.00729562120202,0.05012993890900497,1.0,1.0,0.14553421290345053,88,156,400,3,3,100,0.0,0,0.3,0.0,0.0,1.0,0.7,1.0,1.0,0.25,1.0,0.25
noise_1.0,0.9572126218130762,0.05127970699125414,1.0,1.0,-0.8343920177668189,89,157,400,3,3,100,0.0,0,0.3,0.0,0.0,1.0,0.7,1.0,1.0,0.25,1.0,0.25
noise_1.0,0.9766586365117595,0.05713908575798579,1.0,1.0,-0.40850082178604424,90,158,400,3,3,100,0.0,0,0.3,0.0,0.0,1.0,0.7,1.0,1.0,0.25,1.0,0.25
noise_1.0,1.0350472542261513,0.05120760756464366,1.0,1.0,0.6844149901341945,91,159,400,3,3,100,0.0,0,0.3,0.0,0.0,1.0,0.7,1.0,1.0,0.25,1.0,0.25
noise_1.0,0.9643198226729878,0.05183891436104507,1.0,1.0,-0.6882894398310259,92,160,400,3,3,100,0.0,0,0.3,0.0,0.0,1.0,0.7,1.0,1.0,0.25,1.0,0.25
noise_1.0,1.0743665969307086,0.04738084327262286,1.0,1.0,1.5695498812212647,93,161,400,3,3,100,0.0,0,0.3,0.0,0.0,1.0,0.7,1.0,1.0,0.25,1.0,0.25
noise_1.0,1.0544365332880805,0.04746291781495254,1.0,1.0,1.1469276604594045,94,162,400,3,3,100,0.0,0,0.3,0.0,0.0,1.0,0.7,1.0,1.0,0.25,1.0,0.25
noise_1.0,0.9604693023019877,0.05266686527761959,1.0,1.0,-0.7505800371758714,95,163,400,3,3,100,0.0,0,0.3,0.0,0.0,1.0,0.7,1.0,1.0,0.25,1.0,0.25
noise_1.0,1.0113038994576877,0.04888763167935198,1.0,1.0,0.2312220712966549,96,164,400,3,3,100,0.0,0,0.3,0.0,0.0,1.0,0.7,1.0,1.0,0.25,1.0,0.25
noise_1.0,0.9672816584441506,0.0538761721669913,1.0,1.0,-0.6072877904992513,97,165,400,3,3,100,0.0,0,0.3,0.0,0.0,1.0,0.7,1.0,1.0,0.25,1.0,0.25
noise_1.0,0.903779301312953,0.06477654221609323,1.0,1.0,-1.4854250535024958,98,166,400,3,3,100,0.0,0,0.3,0.0,0.0,1.0,0.7,1.0,1.0,0.25,1.0,0.25
noise_1.0,1.004041263974189,0.0501571270064208,1.0,1.0,0.08057207849388137,99,167,400,3,3,100,0.0,0,0.3,0.0,0.0,1.0,0.7,1.0,1.0,0.25,1.0,0.25
noise_2.0,1.0262913009682995,0.04382373143921133,1.0,1.0,0.5999329610890981,0,69,400,3,3,100,0.0,0,0.3,0.0,0.0,2.0,0.7,1.0,1.0,0.25,1.0,0.25
noise_2.0,0.9883924845648798,0.05035067137540818,1.0,1.0,-0.2305334788602126,1,70,400,3,3,100,0.0,0,0.3,0.0,0.0,2.0,0.7,1.0,1.0,0.25,1.0,0.25
noise_2.0,0.9810495107840956,0.05271092886651792,1.0,1.0,-0.3595172694431828,2,71,400,3,3,100,0.0,0,0.3,0.0,0.0,2.0,0.7,1.0,1.0,0.25,1.0,0.25
noise_2.0,0.9888471148631741,0.05311098713204932,1.0,1.0,-0.20999205134516852,3,72,400,3,3,100,0.0,0,0.3,0.0,0.0,2.0,0.7,1.0,1.0,0.25,1.0,0.25
noise_2.0,1.1039295680570687,0.045541187998356526,1.0,1.0,2.28210050341285,4,73,400,3,3,100,0.0,0,0.3,0.0,0.0,2.0,0.7,1.0,1.0,0.25,1.0,0.25
noise_2.0,1.0097629800763603,0.048574196212475385,1.0,1.0,0.20099107834239155,5,74,400,3,3,100,0.0,0,0.3,0.0,0.0,2.0,0.7,1.0,1.0,0.25,1.0,0.25
noise_2.0,1.0933747522265915,0.050951270929244105,1.0,1.0,1.8326285198314445,6,75,400,3,3,100,0.0,0,0.3,0.0,0.0,2.0,0.7,1.0,1.0,0.25,1.0,0.25
noise_2.0,0.9052189400512568,0.055707760149364675,1.0,1.0,-1.7013977890084697,7,76,400,3,3,100,0.0,0,0.3,0.0,0.0,2.0,0.7,1.0,1.0,0.25,1.0,0.25
noise_2.0,1.0848226157642653,0.05146822421938986,1.0,1.0,1.6480579435322678,8,77,400,3,3,100,0.0,0,0.3,0.0,0.0,2.0,0.7,1.0,1.0,0.25,1.0,0.25
noise_2.0,0.9751797421681346,0.053940551722057944,1.0,1.0,-0.4601409707441981,9,78,400,3,3,100,0.0,0,0.3,0.0,0.0,2.0,0.7,1.0,1.0,0.25,1.0,0.25
noise_2.0,0.9634914059647504,0.04388468875689555,1.0,1.0,-0.831920997263837,10,79,400,3,3,100,0.0,0,0.3,0.0,0.0,2.0,0.7,1.0,1.0,0.25,1.0,0.25
noise_2.0,0.9386072805829052,0.05671611408181239,1.0,1.0,-1.0824563778917653,11,80,400,3,3,100,0.0,0,0.3,0.0,0.0,2.0,0.7,1.0,1.0,0.25,1.0,0.25
noise_2.0,1.0244864230110102,0.051413010907169536,1.0,1.0,0.4762689945395826,12,81,400,3,3,100,0.0,0,0.3,0.0,0.0,2.0,0.7,1.0,1.0,0.25,1.0,0.25
noise_2.0,0.9845926065577113,0.04966375693243149,1.0,1.0,-0.3102341504943083,13,82,400,3,3,100,0.0,0,0.3,0.0,0.0,2.0,0.7,1.0,1.0,0.25,1.0,0.25
noise_2.0,0.9239794219249959,0.04778584714185164,1.0,1.0,-1.5908596921874798,14,83,400,3,3,100,0.0,0,0.3,0.0,0.0,2.0,0.7,1.0,1.0,0.25,1.0,0.25
noise_2.0,0.9910018086637165,0.046485690583050916,1.0,1.0,-0.19356905799231824,15,84,400,3,3,100,0.0,0,0.3,0.0,0.0,2.0,0.7,1.0,1.0,0.25,1.0,0.25
noise_2.0,0.9392244254334344,0.05101365323568893,1.0,1.0,-1.1913589933615505,16,85,400,3,3,100,0.0,0,0.3,0.0,0.0,2.0,0.7,1.0,1.0,0.25,1.0,0.25
noise_2.0,0.8123626151114273,0.045556113636083084,1.0,1.0,-4.11881896659317,17,86,400,3,3,100,0.0,0,0.3,0.0,0.0,2.0,0.7,1.0,1.0,0.25,1.0,0.25
noise_2.0,0.9442886673190147,0.05201718432606428,1.0,1.0,-1.0710178454059451,18,87,400,3,3,100,0.0,0,0.3,0.0,0.0,2.0,0.7,1.0,1.0,0.25,1.0,0.25
noise_2.0,0.9726362486113096,0.04962343829840777,1.0,1.0,-0.5514279607982828,19,88,400,3,3,100,0.0,0,0.3,0.0,0.0,2.0,0.7,1.0,1.0,0.25,1.0,0.25
noise_2.0,0.9846672906384005,0.058027325813363936,1.0,1.0,-0.2642325688230886,20,89,400,3,3,100,0.0,0,0.3,0.0,0.0,2.0,0.7,1.0,1.0,0.25,1.0,0.25
noise_2.0,0.9850344579774574,0.05387263037174493,1.0,1.0,-0.27779490103367493,21,90,400,3,3,100,0.0,0,0.3,0.0,0.0,2.0,0.7,1.0,1.0,0.25,1.0,0.25
noise_2.0,1.042481284458158,0.04455868165667395,1.0,1.0,0.9533783962792605,22,91,400,3,3,100,0.0,0,0.3,0.0,0.0,2.0,0.7,1.0,1.0,0.25,1.0,0.25
noise_2.0,0.8801000437570716,0.0451114399679095,1.0,1.0,-2.6578614277934927,23,92,400,3,3,100,0.0,0,0.3,0.0,0.0,2.0,0.7,1.0,1.0,0.25,1.0,0.25
noise_2.0,0.9275983362798658,0.059984195493803065,1.0,1.0,-1.2070123325670679,24,93,400,3,3,100,0.0,0,0.3,0.0,0.0,2.0,0.7,1.0,1.0,0.25,1.0,0.25
noise_2.0,0.9784744028058959,0.05735697735829856,1.0,1.0,-0.375291693975392,25,94,400,3,3,100,0.0,0,0.3,0.0,0.0,2.0,0.7,1.0,1.0,0.25,1.0,0.25
noise_2.0,0.9219691476288328,0.05030431363008584,1.0,1.0,-1.5511761664212194,26,95,400,3,3,100,0.0,0,0.3,0.0,0.0,2.0,0.7,1.0,1.0,0.25,1.0,0.25
noise_2.0,0.9135472716756875,0.045484810527790576,1.0,1.0,-1.900694480666048,27,96,400,3,3,100,0.0,0,0.3,0.0,0.0,2.0,0.7,1.0,1.0,0.25,1.0,0.25
noise_2.0,0.943329641679597,0.04283455706823365,1.0,1.0,-1.3230055870574198,28,97,400,3,3,100,0.0,0,0.3,0.0,0.0,2.0,0.7,1.0,1.0,0.25,1.0,0.25
noise_2.0,0.9686308882847746,0.050946515153114,1.0,1.0,-0.6157263479346735,29,98,400,3,3,100,0.0,0,0.3,0.0,0.0,2.0,0.7,1.0,1.0,0.25,1.0,0.25
noise_2.0,0.9702354097211605,0.053557265152591946,1.0,1.0,-0.5557526172039613,30,99,400,3,3,100,0.0,0,0.3,0.0,0.0,2.0,0.7,1.0,1.0,0.25,1.0,0.25
noise_2.0,0.9471489575757672,0.04654699677615337,1.0,1.0,-1.1354339932691222,31,100,400,3,3,100,0.0,0,0.3,0.0,0.0,2.0,0.7,1.0,1.0,0.25,1.0,0.25
noise_2.0,0.9475432672947582,0.05369599734018632,1.0,1.0,-0.9769207260069441,32,101,400,3,3,100,0.0,0,0.3,0.0,0.0,2.0,0.7,1.0,1.0,0.25,1.0,0.25
noise_2.0,0.9490314790438461,0.04570337539106823,1.0,1.0,-1.1152025538602697,33,102,400,3,3,100,0.0,0,0.3,0.0,0.0,2.0,0.7,1.0,1.0,0.25,1.0,0.25
noise_2.0,1.0129279939621085,0.041233952125856545,1.0,1.0,0.3135278889263147,34,103,400,3,3,100,0.0,0,0.3,0.0,0.0,2.0,0.7,1.0,1.0,0.25,1.0,0.25
noise_2.0,1.0571205836701325,0.04305696567594221,1.0,1.0,1.3266281720833908,35,104,400,3,3,100,0.0,0,0.3,0.0,0.0,2.0,0.7,1.0,1.0,0.25,1.0,0.25
noise_2.0,0.9530201181503769,0.04820319895677521,1.0,1.0,-0.9746216613497148,36,105,400,3,3,100,0.0,0,0.3,0.0,0.0,2.0,0.7,1.0,1.0,0.25,1.0,0.25
noise_2.0,0.957878940116877,0.04386731809218223,1.0,1.0,-0.9601922733140493,37,106,400,3,3,100,0.0,0,0.3,0.0,0.0,2.0,0.7,1.0,1.0,0.25,1.0,0.25
noise_2.0,1.0587903619749777,0.05442328569101092,1.0,1.0,1.080242789984436,38,107,400,3,3,100,0.0,0,0.3,0.0,0.0,2.0,0.7,1.0,1.0,0.25,1.0,0.25
noise_2.0,0.9896390050896307,0.04869728248642998,1.0,1.0,-0.21276330795782186,39,108,400,3,3,100,0.0,0,0.3,0.0,0.0,2.0,0.7,1.0,1.0,0.25,1.0,0.25
noise_2.0,0.9617118570169629,0.04877397878351662,1.0,1.0,-0.7850116791369235,40,109,400,3,3,100,0.0,0,0.3,0.0,0.0,2.0,0.7,1.0,1.0,0.25,1.0,0.25
noise_2.0,0.9197065417660139,0.05299636622462477,1.0,1.0,-1.5150747863289875,41,110,400,3,3,100,0.0,0,0.3,0.0,0.0,2.0,0.7,1.0,1.0,0.25,1.0,0.25
noise_2.0,0.9802348801112594,0.054540487059026026,1.0,1.0,-0.36239353468460933,42,111,400,3,3,100,0.0,0,0.3,0.0,0.0,2.0,0.7,1.0,1.0,0.25,1.0,0.25
noise_2.0,1.0299863198782933,0.0537607036399916,1.0,1.0,0.5577739472886472,43,112,400,3,3,100,0.0,0,0.3,0.0,0.0,2.0,0.7,1.0,1.0,0.25,1.0,0.25
noise_2.0,1.0325623596025066,0.047752684476820004,1.0,1.0,0.6818958967283396,44,113,400,3,3,100,0.0,0,0.3,0.0,0.0,2.0,0.7,1.0,1.0,0.25,1.0,0.25
noise_2.0,1.0145088585212525,0.04945050498707719,1.0,1.0,0.2934016250196853,45,114,400,3,3,100,0.0,0,0.3,0.0,0.0,2.0,0.7,1.0,1.0,0.25,1.0,0.25
noise_2.0,0.8779995218804003,0.052000635777377346,1.0,1.0,-2.346134355777924,46,115,400,3,3,100,0.0,0,0.3,0.0,0.0,2.0,0.7,1.0,1.0,0.25,1.0,0.25
noise_2.0,0.990435820013841,0.0540272677511426,1.0,1.0,-0.17702505390820406,47,116,400,3,3,100,0.0,0,0.3,0.0,0.0,2.0,0.7,1.0,1.0,0.25,1.0,0.25
noise_2.0,1.0107737168505597,0.04833647230670617,1.0,1.0,0.2228900111327525,48,117,400,3,3,100,0.0,0,0.3,0.0,0.0,2.0,0.7,1.0,1.0,0.25,1.0,0.25
noise_2.0,0.8770514607502908,0.045243267774515004,1.0,1.0,-2.7174990953894937,49,118,400,3,3,100,0.0,0,0.3,0.0,0.0,2.0,0.7,1.0,1.0,0.25,1.0,0.25
noise_2.0,0.9385176268593651,0.051917904191699484,1.0,1.0,-1.1842229400019681,50,119,400,3,3,100,0.0,0,0.3,0.0,0.0,2.0,0.7,1.0,1.0,0.25,1.0,0.25
noise_2.0,1.1144456960944127,0.04923697148648786,1.0,1.0,2.3243853681337834,51,120,400,3,3,100,0.0,0,0.3,0.0,0.0,2.0,0.7,1.0,1.0,0.25,1.0,0.25
noise_2.0,0.9376893887951518,0.04968732998565566,1.0,1.0,-1.2540543277901377,52,121,400,3,3,100,0.0,0,0.3,0.0,0.0,2.0,0.7,1.0,1.0,0.25,1.0,0.25
noise_2.0,0.940681411711791,0.050887011796213466,1.0,1.0,-1.1656921126703483,53,122,400,3,3,100,0.0,0,0.3,0.0,0.0,2.0,0.7,1.0,1.0,0.25,1.0,0.25
noise_2.0,0.9541940424923232,0.05415632272637147,1.0,1.0,-0.8458099664394596,54,123,400,3,3,100,0.0,0,0.3,0.0,0.0,2.0,0.7,1.0,1.0,0.25,1.0,0.25
noise_2.0,0.9336264912548328,0.05417236149091714,1.0,1.0,-1.2252282698862187,55,124,400,3,3,100,0.0,0,0.3,0.0,0.0,2.0,0.7,1.0,1.0,0.25,1.0,0.25
noise_2.0,1.0423458247146762,0.046588946517360195,1.0,1.0,0.9089242809750394,56,125,400,3,3,100,0.0,0,0.3,0.0,0.0,2.0,0.7,1.0,1.0,0.25,1.0,0.25
noise_2.0,1.051734774582891,0.04574053065433726,1.0,1.0,1.131048849735753,57,126,400,3,3,100,0.0,0,0.3,0.0,0.0,2.0,0.7,1.0,1.0,0.25,1.0,0.25
noise_2.0,0.9289225674336714,0.05561772823718528,1.0,1.0,-1.277963606553911,58,127,400,3,3,100,0.0,0,0.3,0.0,0.0,2.0,0.7,1.0,1.0,0.25,1.0,0.25
noise_2.0,1.0117815482785146,0.046139927153740774,1.0,1.0,0.2553438855518316,59,128,400,3,3,100,0.0,0,0.3,0.0,0.0,2.0,0.7,1.0,1.0,0.25,1.0,0.25
noise_2.0,1.0191740331387684,0.044412677866438065,1.0,1.0,0.4317243197185803,60,129,400,3,3,100,0.0,0,0.3,0.0,0.0,2.0,0.7,1.0,1.0,0.25,1.0,0.25
noise_2.0,0.9818844319844013,0.054199237435269984,1.0,1.0,-0.3342402748236825,61,130,400,3,3,100,0.0,0,0.3,0.0,0.0,2.0,0.7,1.0,1.0,0.25,1.0,0.25
noise_2.0,1.05451611210905,0.051697666602562586,1.0,1.0,1.054517847549192,62,131,400,3,3,100,0.0,0,0.3,0.0,0.0,2.0,0.7,1.0,1.0,0.25,1.0,0.25
noise_2.0,1.0633197503645415,0.05314353662122982,1.0,1.0,1.1914854447087455,63,132,400,3,3,100,0.0,0,0.3,0.0,0.0,2.0,0.7,1.0,1.0,0.25,1.0,0.25
noise_2.0,0.991584892189556,0.04805742004727213,1.0,1.0,-0.17510527619182154,64,133,400,3,3,100,0.0,0,0.3,0.0,0.0,2.0,0.7,1.0,1.0,0.25,1.0,0.25
noise_2.0,1.058341950094055,0.050719687989398764,1.0,1.0,1.1502821173949134,65,134,400,3,3,100,0.0,0,0.3,0.0,0.0,2.0,0.7,1.0,1.0,0.25,1.0,0.25
noise_2.0,1.0998552956762615,0.04627587896773889,1.0,1.0,2.1578260187316025,66,135,400,3,3,100,0.0,0,0.3,0.0,0.0,2.0,0.7,1.0,1.0,0.25,1.0,0.25
noise_2.0,0.9867209373312061,0.05243578305012876,1.0,1.0,-0.2532442903751249,67,136,400,3,3,100,0.0,0,0.3,0.0,0.0,2.0,0.7,1.0,1.0,0.25,1.0,0.25
noise_2.0,0.9227460741630846,0.052625262681412696,1.0,1.0,-1.46800076428315,68,137,400,3,3,100,0.0,0,0.3,0.0,0.0,2.0,0.7,1.0,1.0,0.25,1.0,0.25
noise_2.0,0.989663299034065,0.051876382488369344,1.0,1.0,-0.19925639510913193,69,138,400,3,3,100,0.0,0,0.3,0.0,0.0,2.0,0.7,1.0,1.0,0.25,1.0,0.25
noise_2.0,1.0472127394762731,0.050650408507423514,1.0,1.0,0.9321294905124696,70,139,400,3,3,100,0.0,0,0.3,0.0,0.0,2.0,0.7,1.0,1.0,0.25,1.0,0.25
noise_2.0,1.001443202248879,0.04900266946306676,1.0,1.0,0.02945150263633699,71,140,400,3,3,100,0.0,0,0.3,0.0,0.0,2.0,0.7,1.0,1.0,0.25,1.0,0.25
noise_2.0,1.0364556429099043,0.04842209890115575,1.0,1.0,0.7528720096235687,72,141,400,3,3,100,0.0,0,0.3,0.0,0.0,2.0,0.7,1.0,1.0,0.25,1.0,0.25
noise_2.0,0.9757193049606818,0.045036004718159085,1.0,1.0,-0.5391396326399241,73,142,400,3,3,100,0.0,0,0.3,0.0,0.0,2.0,0.7,1.0,1.0,0.25,1.0,0.25
noise_2.0,1.0044390802701473,0.04886148692945315,1.0,1.0,0.09085029026145847,74,143,400,3,3,100,0.0,0,0.3,0.0,0.0,2.0,0.7,1.0,1.0,0.25,1.0,0.25
noise_2.0,1.0288015911192594,0.04459234916359814,1.0,1.0,0.6458863831908381,75,144,400,3,3,100,0.0,0,0.3,0.0,0.0,2.0,0.7,1.0,1.0,0.25,1.0,0.25
noise_2.0,1.0013451055073994,0.055611999175381746,1.0,1.0,0.024187325169832467,76,145,400,3,3,100,0.0,0,0.3,0.0,0.0,2.0,0.7,1.0,1.0,0.25,1.0,0.25
noise_2.0,1.0165887712305965,0.049396834220057736,1.0,1.0,0.33582660695815647,77,146,400,3,3,100,0.0,0,0.3,0.0,0.0,2.0,0.7,1.0,1.0,0.25,1.0,0.25
noise_2.0,0.9794431910709206,0.04748671322722426,1.0,1.0,-0.43289601515933374,78,147,400,3,3,100,0.0,0,0.3,0.0,0.0,2.0,0.7,1.0,1.0,0.25,1.0,0.25
noise_2.0,0.9579872960007328,0.04696837174664969,1.0,1.0,-0.8944892581306902,79,148,400,3,3,100,0.0,0,0.3,0.0,0.0,2.0,0.7,1.0,1.0,0.25,1.0,0.25
noise_2.0,0.9718814179000501,0.04723964810339765,1.0,1.0,-0.5952326748582933,80,149,400,3,3,100,0.0,0,0.3,0.0,0.0,2.0,0.7,1.0,1.0,0.25,1.0,0.25
noise_2.0,0.9401403872675538,0.05257077844014112,1.0,1.0,-1.1386480190816353,81,150,400,3,3,100,0.0,0,0.3,0.0,0.0,2.0,0.7,1.0,1.0,0.25,1.0,0.25
noise_2.0,1.0246397208908071,0.05742440649080453,1.0,1.0,0.4290809848379143,82,151,400,3,3,100,0.0,0,0.3,0.0,0.0,2.0,0.7,1.0,1.0,0.25,1.0,0.25
noise_2.0,0.9579148281509026,0.055809632086126444,1.0,1.0,-0.7540843807060191,83,152,400,3,3,100,0.0,0,0.3,0.0,0.0,2.0,0.7,1.0,1.0,0.25,1.0,0.25
noise_2.0,0.9023310829670295,0.05512440494777117,1.0,1.0,-1.7717908633301185,84,153,400,3,3,100,0.0,0,0.3,0.0,0.0,2.0,0.7,1.0,1.0,0.25,1.0,0.25
noise_2.0,0.8674463574804554,0.04789016613366604,1.0,1.0,-2.767867669315965,85,154,400,3,3,100,0.0,0,0.3,0.0,0.0,2.0,0.7,1.0,1.0,0.25,1.0,0.25
noise_2.0,0.968834408534158,0.04780576411029757,1.0,1.0,-0.6519212075333979,86,155,400,3,3,100,0.0,0,0.3,0.0,0.0,2.0,0.7,1.0,1.0,0.25,1.0,0.25
noise_2.0,1.00729562120202,0.05012993890900497,1.0,1.0,0.14553421290345053,87,156,400,3,3,100,0.0,0,0.3,0.0,0.0,2.0,0.7,1.0,1.0,0.25,1.0,0.25
noise_2.0,0.9572126218130762,0.05127970699125414,1.0,1.0,-0.8343920177668189,88,157,400,3,3,100,0.0,0,0.3,0.0,0.0,2.0,0.7,1.0,1.0,0.25,1.0,0.25
noise_2.0,0.9766586365117595,0.05713908575798579,1.0,1.0,-0.40850082178604424,89,158,400,3,3,100,0.0,0,0.3,0.0,0.0,2.0,0.7,1.0,1.0,0.25,1.0,0.25
noise_2.0,1.035047254226151,0.05120760756464366,1.0,1.0,0.6844149901341902,90,159,400,3,3,100,0.0,0,0.3,0.0,0.0,2.0,0.7,1.0,1.0,0.25,1.0,0.25
noise_2.0,0.9643198226729878,0.05183891436104507,1.0,1.0,-0.6882894398310259,91,160,400,3,3,100,0.0,0,0.3,0.0,0.0,2.0,0.7,1.0,1.0,0.25,1.0,0.25
noise_2.0,1.0743665969307086,0.04738084327262286,1.0,1.0,1.5695498812212647,92,161,400,3,3,100,0.0,0,0.3,0.0,0.0,2.0,0.7,1.0,1.0,0.25,1.0,0.25
noise_2.0,1.0544365332880805,0.04746291781495254,1.0,1.0,1.1469276604594045,93,162,400,3,3,100,0.0,0,0.3,0.0,0.0,2.0,0.7,1.0,1.0,0.25,1.0,0.25
noise_2.0,0.9604693023019877,0.05266686527761959,1.0,1.0,-0.7505800371758714,94,163,400,3,3,100,0.0,0,0.3,0.0,0.0,2.0,0.7,1.0,1.0,0.25,1.0,0.25
noise_2.0,1.0113038994576877,0.04888763167935198,1.0,1.0,0.2312220712966549,95,164,400,3,3,100,0.0,0,0.3,0.0,0.0,2.0,0.7,1.0,1.0,0.25,1.0,0.25
noise_2.0,0.9672816584441504,0.0538761721669913,1.0,1.0,-0.6072877904992554,96,165,400,3,3,100,0.0,0,0.3,0.0,0.0,2.0,0.7,1.0,1.0,0.25,1.0,0.25
noise_2.0,0.903779301312953,0.06477654221609323,1.0,1.0,-1.4854250535024958,97,166,400,3,3,100,0.0,0,0.3,0.0,0.0,2.0,0.7,1.0,1.0,0.25,1.0,0.25
noise_2.0,1.0040412639741887,0.0501571270064208,1.0,1.0,0.08057207849387694,98,167,400,3,3,100,0.0,0,0.3,0.0,0.0,2.0,0.7,1.0,1.0,0.25,1.0,0.25
noise_2.0,1.0192054241135236,0.06012112377038074,1.0,1.0,0.3194455277794606,99,168,400,3,3,100,0.0,0,0.3,0.0,0.0,2.0,0.7,1.0,1.0,0.25,1.0,0.25
rho_0.3,0.9883924845648798,0.05035067137540818,1.0,1.0,-0.2305334788602126,0,70,400,3,3,100,0.0,0,0.3,0.0,0.0,1.0,0.3,1.0,1.0,0.25,1.0,0.25
rho_0.3,0.9810495107840956,0.05271092886651792,1.0,1.0,-0.3595172694431828,1,71,400,3,3,100,0.0,0,0.3,0.0,0.0,1.0,0.3,1.0,1.0,0.25,1.0,0.25
rho_0.3,0.9888471148631741,0.05311098713204932,1.0,1.0,-0.20999205134516852,2,72,400,3,3,100,0.0,0,0.3,0.0,0.0,1.0,0.3,1.0,1.0,0.25,1.0,0.25
rho_0.3,1.1039295680570687,0.045541187998356526,1.0,1.0,2.28210050341285,3,73,400,3,3,100,0.0,0,0.3,0.0,0.0,1.0,0.3,1.0,1.0,0.25,1.0,0.25
rho_0.3,1.0097629800763601,0.048574196212475385,1.0,1.0,0.200991078342387,4,74,400,3,3,100,0.0,0,0.3,0.0,0.0,1.0,0.3,1.0,1.0,0.25,1.0,0.25
rho_0.3,1.0933747522265915,0.050951270929244105,1.0,1.0,1.8326285198314445,5,75,400,3,3,100,0.0,0,0.3,0.0,0.0,1.0,0.3,1.0,1.0,0.25,1.0,0.25
rho_0.3,0.9052189400512568,0.055707760149364675,1.0,1.0,-1.7013977890084697,6,76,400,3,3,100,0.0,0,0.3,0.0,0.0,1.0,0.3,1.0,1.0,0.25,1.0,0.25
rho_0.3,1.084822615764265,0.05146822421938975,1.0,1.0,1.6480579435322669,7,77,400,3,3,100,0.0,0,0.3,0.0,0.0,1.0,0.3,1.0,1.0,0.25,1.0,0.25
rho_0.3,0.9751797421681343,0.05394055172205789,1.0,1.0,-0.4601409707442047,8,78,400,3,3,100,0.0,0,0.3,0.0,0.0,1.0,0.3,1.0,1.0,0.25,1.0,0.25
rho_0.3,0.9634914059647504,0.04388468875689555,1.0,1.0,-0.831920997263837,9,79,400,3,3,100,0.0,0,0.3,0.0,0.0,1.0,0.3,1.0,1.0,0.25,1.0,0.25
rho_0.3,0.9386072805829052,0.05671611408181239,1.0,1.0,-1.0824563778917653,10,80,400,3,3,100,0.0,0,0.3,0.0,0.0,1.0,0.3,1.0,1.0,0.25,1.0,0.25
rho_0.3,1.0244864230110104,0.051413010907169536,1.0,1.0,0.47626899453958693,11,81,400,3,3,100,0.0,0,0.3,0.0,0.0,1.0,0.3,1.0,1.0,0.25,1.0,0.25
rho_0.3,0.9845926065577113,0.04966375693243149,1.0,1.0,-0.3102341504943083,12,82,400,3,3,100,0.0,0,0.3,0.0,0.0,1.0,0.3,1.0,1.0,0.25,1.0,0.25
rho_0.3,0.9239794219249959,0.04778584714185164,1.0,1.0,-1.5908596921874798,13,83,400,3,3,100,0.0,0,0.3,0.0,0.0,1.0,0.3,1.0,1.0,0.25,1.0,0.25
rho_0.3,0.9910018086637165,0.046485690583050916,1.0,1.0,-0.19356905799231824,14,84,400,3,3,100,0.0,0,0.3,0.0,0.0,1.0,0.3,1.0,1.0,0.25,1.0,0.25
rho_0.3,0.9392244254334344,0.05101365323568893,1.0,1.0,-1.1913589933615505,15,85,400,3,3,100,0.0,0,0.3,0.0,0.0,1.0,0.3,1.0,1.0,0.25,1.0,0.25
rho_0.3,0.8123626151114273,0.045556113636083084,1.0,1.0,-4.11881896659317,16,86,400,3,3,100,0.0,0,0.3,0.0,0.0,1.0,0.3,1.0,1.0,0.25,1.0,0.25
rho_0.3,0.9442886673190145,0.05201718432606428,1.0,1.0,-1.0710178454059496,17,87,400,3,3,100,0.0,0,0.3,0.0,0.0,1.0,0.3,1.0,1.0,0.25,1.0,0.25
rho_0.3,0.9726362486113094,0.04962343829840777,1.0,1.0,-0.5514279607982873,18,88,400,3,3,100,0.0,0,0.3,0.0,0.0,1.0,0.3,1.0,1.0,0.25,1.0,0.25
rho_0.3,0.9846672906384005,0.058027325813363936,1.0,1.0,-0.2642325688230886,19,89,400,3,3,100,0.0,0,0.3,0.0,0.0,1.0,0.3,1.0,1.0,0.25,1.0,0.25
rho_0.3,0.9850344579774576,0.05387263037174493,1.0,1.0,-0.27779490103367077,20,90,400,3,3,100,0.0,0,0.3,0.0,0.0,1.0,0.3,1.0,1.0,0.25,1.0,0.25
rho_0.3,1.042481284458158,0.04455868165667395,1.0,1.0,0.9533783962792605,21,91,400,3,3,100,0.0,0,0.3,0.0,0.0,1.0,0.3,1.0,1.0,0.25,1.0,0.25
rho_0.3,0.8801000437570716,0.0451114399679095,1.0,1.0,-2.6578614277934927,22,92,400,3,3,100,0.0,0,0.3,0.0,0.0,1.0,0.3,1.0,1.0,0.25,1.0,0.25
rho_0.3,0.927598336279866,0.059984195493803065,1.0,1.0,-1.207012332567064,23,93,400,3,3,100,0.0,0,0.3,0.0,0.0,1.0,0.3,1.0,1.0,0.25,1.0,0.25
rho_0.3,0.9784744028058959,0.05735697735829856,1.0,1.0,-0.375291693975392,24,94,400,3,3,100,0.0,0,0.3,0.0,0.0,1.0,0.3,1.0,1.0,0.25,1.0,0.25
rho_0.3,0.9219691476288326,0.0503043136300859,1.0,1.0,-1.5511761664212196,25,95,400,3,3,100,0.0,0,0.3,0.0,0.0,1.0,0.3,1.0,1.0,0.25,1.0,0.25
rho_0.3,0.9135472716756875,0.045484810527790576,1.0,1.0,-1.900694480666048,26,96,400,3,3,100,0.0,0,0.3,0.0,0.0,1.0,0.3,1.0,1.0,0.25,1.0,0.25
rho_0.3,0.9433296416795972,0.04283455706823365,1.0,1.0,-1.3230055870574147,27,97,400,3,3,100,0.0,0,0.3,0.0,0.0,1.0,0.3,1.0,1.0,0.25,1.0,0.25
rho_0.3,0.9686308882847746,0.050946515153114,1.0,1.0,-0.6157263479346735,28,98,400,3,3,100,0.0,0,0.3,0.0,0.0,1.0,0.3,1.0,1.0,0.25,1.0,0.25
rho_0.3,0.9702354097211605,0.05355726515259206,1.0,1.0,-0.5557526172039602,29,99,400,3,3,100,0.0,0,0.3,0.0,0.0,1.0,0.3,1.0,1.0,0.25,1.0,0.25
rho_0.3,0.9471489575757669,0.046546996776153315,1.0,1.0,-1.1354339932691306,30,100,400,3,3,100,0.0,0,0.3,0.0,0.0,1.0,0.3,1.0,1.0,0.25,1.0,0.25
rho_0.3,0.9475432672947582,0.05369599734018632,1.0,1.0,-0.9769207260069441,31,101,400,3,3,100,0.0,0,0.3,0.0,0.0,1.0,0.3,1.0,1.0,0.25,1.0,0.25
rho_0.3,0.9490314790438463,0.04570337539106823,1.0,1.0,-1.1152025538602648,32,102,400,3,3,100,0.0,0,0.3,0.0,0.0,1.0,0.3,1.0,1.0,0.25,1.0,0.25
rho_0.3,1.0129279939621085,0.041233952125856545,1.0,1.0,0.3135278889263147,33,103,400,3,3,100,0.0,0,0.3,0.0,0.0,1.0,0.3,1.0,1.0,0.25,1.0,0.25
rho_0.3,1.0571205836701327,0.04305696567594221,1.0,1.0,1.326628172083396,34,104,400,3,3,100,0.0,0,0.3,0.0,0.0,1.0,0.3,1.0,1.0,0.25,1.0,0.25
rho_0.3,0.9530201181503771,0.04820319895677521,1.0,1.0,-0.9746216613497102,35,105,400,3,3,100,0.0,0,0.3,0.0,0.0,1.0,0.3,1.0,1.0,0.25,1.0,0.25
rho_0.3,0.957878940116877,0.04386731809218223,1.0,1.0,-0.9601922733140493,36,106,400,3,3,100,0.0,0,0.3,0.0,0.0,1.0,0.3,1.0,1.0,0.25,1.0,0.25
rho_0.3,1.0587903619749777,0.05442328569101092,1.0,1.0,1.080242789984436,37,107,400,3,3,100,0.0,0,0.3,0.0,0.0,1.0,0.3,1.0,1.0,0.25,1.0,0.25
rho_0.3,0.9896390050896307,0.04869728248642998,1.0,1.0,-0.21276330795782186,38,108,400,3,3,100,0.0,0,0.3,0.0,0.0,1.0,0.3,1.0,1.0,0.25,1.0,0.25
rho_0.3,0.9617118570169628,0.04877397878351657,1.0,1.0,-0.7850116791369267,39,109,400,3,3,100,0.0,0,0.3,0.0,0.0,1.0,0.3,1.0,1.0,0.25,1.0,0.25
rho_0.3,0.919706541766014,0.05299636622462472,1.0,1.0,-1.515074786328987,40,110,400,3,3,100,0.0,0,0.3,0.0,0.0,1.0,0.3,1.0,1.0,0.25,1.0,0.25
rho_0.3,0.9802348801112594,0.054540487059026026,1.0,1.0,-0.36239353468460933,41,111,400,3,3,100,0.0,0,0.3,0.0,0.0,1.0,0.3,1.0,1.0,0.25,1.0,0.25
rho_0.3,1.0299863198782935,0.0537607036399916,1.0,1.0,0.5577739472886513,42,112,400,3,3,100,0.0,0,0.3,0.0,0.0,1.0,0.3,1.0,1.0,0.25,1.0,0.25
rho_0.3,1.0325623596025062,0.047752684476820004,1.0,1.0,0.6818958967283304,43,113,400,3,3,100,0.0,0,0.3,0.0,0.0,1.0,0.3,1.0,1.0,0.25,1.0,0.25
rho_0.3,1.0145088585212525,0.04945050498707719,1.0,1.0,0.2934016250196853,44,114,400,3,3,100,0.0,0,0.3,0.0,0.0,1.0,0.3,1.0,1.0,0.25,1.0,0.25
rho_0.3,0.8779995218804003,0.052000635777377346,1.0,1.0,-2.346134355777924,45,115,400,3,3,100,0.0,0,0.3,0.0,0.0,1.0,0.3,1.0,1.0,0.25,1.0,0.25
rho_0.3,0.9904358200138413,0.05402726775114255,1.0,1.0,-0.17702505390819806,46,116,400,3,3,100,0.0,0,0.3,0.0,0.0,1.0,0.3,1.0,1.0,0.25,1.0,0.25
rho_0.3,1.0107737168505597,0.04833647230670617,1.0,1.0,0.2228900111327525,47,117,400,3,3,100,0.0,0,0.3,0.0,0.0,1.0,0.3,1.0,1.0,0.25,1.0,0.25
rho_0.3,0.8770514607502908,0.045243267774515004,1.0,1.0,-2.7174990953894937,48,118,400,3,3,100,0.0,0,0.3,0.0,0.0,1.0,0.3,1.0,1.0,0.25,1.0,0.25
rho_0.3,0.9385176268593651,0.051917904191699484,1.0,1.0,-1.1842229400019681,49,119,400,3,3,100,0.0,0,0.3,0.0,0.0,1.0,0.3,1.0,1.0,0.25,1.0,0.25
rho_0.3,1.1144456960944127,0.04923697148648786,1.0,1.0,2.3243853681337834,50,120,400,3,3,100,0.0,0,0.3,0.0,0.0,1.0,0.3,1.0,1.0,0.25,1.0,0.25
rho_0.3,0.9376893887951518,0.04968732998565566,1.0,1.0,-1.2540543277901377,51,121,400,3,3,100,0.0,0,0.3,0.0,0.0,1.0,0.3,1.0,1.0,0.25,1.0,0.25
rho_0.3,0.9406814117117911,0.05088701179621341,1.0,1.0,-1.1656921126703474,52,122,400,3,3,100,0.0,0,0.3,0.0,0.0,1.0,0.3,1.0,1.0,0.25,1.0,0.25
rho_0.3,0.9541940424923234,0.05415632272637147,1.0,1.0,-0.8458099664394555,53,123,400,3,3,100,0.0,0,0.3,0.0,0.0,1.0,0.3,1.0,1.0,0.25,1.0,0.25
rho_0.3,0.9336264912548328,0.05417236149091714,1.0,1.0,-1.2252282698862187,54,124,400,3,3,100,0.0,0,0.3,0.0,0.0,1.0,0.3,1.0,1.0,0.25,1.0,0.25
rho_0.3,1.0423458247146762,0.046588946517360195,1.0,1.0,0.9089242809750394,55,125,400,3,3,100,0.0,0,0.3,0.0,0.0,1.0,0.3,1.0,1.0,0.25,1.0,0.25
rho_0.3,1.0517347745828913,0.04574053065433726,1.0,1.0,1.1310488497357578,56,126,400,3,3,100,0.0,0,0.3,0.0,0.0,1.0,0.3,1.0,1.0,0.25,1.0,0.25
rho_0.3,0.9289225674336716,0.05561772823718528,1.0,1.0,-1.277963606553907,57,127,400,3,3,100,0.0,0,0.3,0.0,0.0,1.0,0.3,1.0,1.0,0.25,1.0,0.25
rho_0.3,1.0117815482785146,0.046139927153740774,1.0,1.0,0.2553438855518316,58,128,400,3,3,100,0.0,0,0.3,0.0,0.0,1.0,0.3,1.0,1.0,0.25,1.0,0.25
rho_0.3,1.0191740331387684,0.044412677866438065,1.0,1.0,0.4317243197185803,59,129,400,3,3,100,0.0,0,0.3,0.0,0.0,1.0,0.3,1.0,1.0,0.25,1.0,0.25
rho_0.3,0.9818844319844013,0.054199237435269984,1.0,1.0,-0.3342402748236825,60,130,400,3,3,100,0.0,0,0.3,0.0,0.0,1.0,0.3,1.0,1.0,0.25,1.0,0.25
rho_0.3,1.05451611210905,0.0516976666025627,1.0,1.0,1.0545178475491899,61,131,400,3,3,100,0.0,0,0.3,0.0,0.0,1.0,0.3,1.0,1.0,0.25,1.0,0.25
rho_0.3,1.0633197503645413,0.053143536621229934,1.0,1.0,1.1914854447087389,62,132,400,3,3,100,0.0,0,0.3,0.0,0.0,1.0,0.3,1.0,1.0,0.25,1.0,0.25
rho_0.3,0.991584892189556,0.04805742004727213,1.0,1.0,-0.17510527619182154,63,133,400,3,3,100,0.0,0,0.3,0.0,0.0,1.0,0.3,1.0,1.0,0.25,1.0,0.25
rho_0.3,1.0583419500940554,0.050719687989398646,1.0,1.0,1.1502821173949247,64,134,400,3,3,100,0.0,0,0.3,0.0,0.0,1.0,0.3,1.0,1.0,0.25,1.0,0.25
rho_0.3,1.0998552956762615,0.04627587896773889,1.0,1.0,2.1578260187316025,65,135,400,3,3,100,0.0,0,0.3,0.0,0.0,1.0,0.3,1.0,1.0,0.25,1.0,0.25
rho_0.3,0.9867209373312061,0.05243578305012876,1.0,1.0,-0.2532442903751249,66,136,400,3,3,100,0.0,0,0.3,0.0,0.0,1.0,0.3,1.0,1.0,0.25,1.0,0.25
rho_0.3,0.9227460741630844,0.052625262681412696,1.0,1.0,-1.4680007642831543,67,137,400,3,3,100,0.0,0,0.3,0.0,0.0,1.0,0.3,1.0,1.0,0.25,1.0,0.25
rho_0.3,0.989663299034065,0.051876382488369344,1.0,1.0,-0.19925639510913193,68,138,400,3,3,100,0.0,0,0.3,0.0,0.0,1.0,0.3,1.0,1.0,0.25,1.0,0.25
rho_0.3,1.0472127394762731,0.050650408507423514,1.0,1.0,0.9321294905124696,69,139,400,3,3,100,0.0,0,0.3,0.0,0.0,1.0,0.3,1.0,1.0,0.25,1.0,0.25
rho_0.3,1.001443202248879,0.04900266946306676,1.0,1.0,0.02945150263633699,70,140,400,3,3,100,0.0,0,0.3,0.0,0.0,1.0,0.3,1.0,1.0,0.25,1.0,0.25
rho_0.3,1.0364556429099046,0.04842209890115575,1.0,1.0,0.7528720096235733,71,141,400,3,3,100,0.0,0,0.3,0.0,0.0,1.0,0.3,1.0,1.0,0.25,1.0,0.25
rho_0.3,0.9757193049606818,0.045036004718159085,1.0,1.0,-0.5391396326399241,72,142,400,3,3,100,0.0,0,0.3,0.0,0.0,1.0,0.3,1.0,1.0,0.25,1.0,0.25
rho_0.3,1.0044390802701473,0.04886148692945315,1.0,1.0,0.09085029026145847,73,143,400,3,3,100,0.0,0,0.3,0.0,0.0,1.0,0.3,1.0,1.0,0.25,1.0,0.25
rho_0.3,1.0288015911192594,0.04459234916359814,1.0,1.0,0.6458863831908381,74,144,400,3,3,100,0.0,0,0.3,0.0,0.0,1.0,0.3,1.0,1.0,0.25,1.0,0.25
rho_0.3,1.001345105507399,0.055611999175381746,1.0,1.0,0.024187325169824483,75,145,400,3,3,100,0.0,0,0.3,0.0,0.0,1.0,0.3,1.0,1.0,0.25,1.0,0.25
rho_0.3,1.0165887712305965,0.049396834220057736,1.0,1.0,0.33582660695815647,76,146,400,3,3,100,0.0,0,0.3,0.0,0.0,1.0,0.3,1.0,1.0,0.25,1.0,0.25
rho_0.3,0.9794431910709206,0.04748671322722426,1.0,1.0,-0.43289601515933374,77,147,400,3,3,100,0.0,0,0.3,0.0,0.0,1.0,0.3,1.0,1.0,0.25,1.0,0.25
rho_0.3,0.9579872960007326,0.04696837174664969,1.0,1.0,-0.894489258130695,78,148,400,3,3,100,0.0,0,0.3,0.0,0.0,1.0,0.3,1.0,1.0,0.25,1.0,0.25
rho_0.3,0.9718814179000501,0.04723964810339765,1.0,1.0,-0.5952326748582933,79,149,400,3,3,100,0.0,0,0.3,0.0,0.0,1.0,0.3,1.0,1.0,0.25,1.0,0.25
rho_0.3,0.9401403872675538,0.05257077844014112,1.0,1.0,-1.1386480190816353,80,150,400,3,3,100,0.0,0,0.3,0.0,0.0,1.0,0.3,1.0,1.0,0.25,1.0,0.25
rho_0.3,1.0246397208908071,0.05742440649080453,1.0,1.0,0.4290809848379143,81,151,400,3,3,100,0.0,0,0.3,0.0,0.0,1.0,0.3,1.0,1.0,0.25,1.0,0.25
rho_0.3,0.9579148281509023,0.055809632086126444,1.0,1.0,-0.7540843807060231,82,152,400,3,3,100,0.0,0,0.3,0.0,0.0,1.0,0.3,1.0,1.0,0.25,1.0,0.25
rho_0.3,0.9023310829670297,0.05512440494777117,1.0,1.0,-1.7717908633301145,83,153,400,3,3,100,0.0,0,0.3,0.0,0.0,1.0,0.3,1.0,1.0,0.25,1.0,0.25
rho_0.3,0.8674463574804554,0.04789016613366604,1.0,1.0,-2.767867669315965,84,154,400,3,3,100,0.0,0,0.3,0.0,0.0,1.0,0.3,1.0,1.0,0.25,1.0,0.25
rho_0.3,0.968834408534158,0.04780576411029757,1.0,1.0,-0.6519212075333979,85,155,400,3,3,100,0.0,0,0.3,0.0,0.0,1.0,0.3,1.0,1.0,0.25,1.0,0.25
rho_0.3,1.00729562120202,0.05012993890900497,1.0,1.0,0.14553421290345053,86,156,400,3,3,100,0.0,0,0.3,0.0,0.0,1.0,0.3,1.0,1.0,0.25,1.0,0.25
rho_0.3,0.9572126218130762,0.05127970699125414,1.0,1.0,-0.8343920177668189,87,157,400,3,3,100,0.0,0,0.3,0.0,0.0,1.0,0.3,1.0,1.0,0.25,1.0,0.25
rho_0.3,0.9766586365117595,0.05713908575798579,1.0,1.0,-0.40850082178604424,88,158,400,3,3,100,0.0,0,0.3,0.0,0.0,1.0,0.3,1.0,1.0,0.25,1.0,0.25
rho_0.3,1.0350472542261513,0.05120760756464366,1.0,1.0,0.6844149901341945,89,159,400,3,3,100,0.0,0,0.3,0.0,0.0,1.0,0.3,1.0,1.0,0.25,1.0,0.25
rho_0.3,0.9643198226729878,0.05183891436104507,1.0,1.0,-0.6882894398310259,90,160,400,3,3,100,0.0,0,0.3,0.0,0.0,1.0,0.3,1.0,1.0,0.25,1.0,0.25
rho_0.3,1.0743665969307084,0.04738084327262286,1.0,1.0,1.56954988122126,91,161,400,3,3,100,0.0,0,0.3,0.0,0.0,1.0,0.3,1.0,1.0,0.25,1.0,0.25
rho_0.3,1.0544365332880805,0.04746291781495254,1.0,1.0,1.1469276604594045,92,162,400,3,3,100,0.0,0,0.3,0.0,0.0,1.0,0.3,1.0,1.0,0.25,1.0,0.25
rho_0.3,0.9604693023019877,0.05266686527761959,1.0,1.0,-0.7505800371758714,93,163,400,3,3,100,0.0,0,0.3,0.0,0.0,1.0,0.3,1.0,1.0,0.25,1.0,0.25
rho_0.3,1.0113038994576875,0.04888763167935198,1.0,1.0,0.23122207129665034,94,164,400,3,3,100,0.0,0,0.3,0.0,0.0,1.0,0.3,1.0,1.0,0.25,1.0,0.25
rho_0.3,0.9672816584441506,0.0538761721669913,1.0,1.0,-0.6072877904992513,95,165,400,3,3,100,0.0,0,0.3,0.0,0.0,1.0,0.3,1.0,1.0,0.25,1.0,0.25
rho_0.3,0.9037793013129529,0.06477654221609329,1.0,1.0,-1.4854250535024962,96,166,400,3,3,100,0.0,0,0.3,0.0,0.0,1.0,0.3,1.0,1.0,0.25,1.0,0.25
rho_0.3,1.0040412639741887,0.0501571270064208,1.0,1.0,0.08057207849387694,97,167,400,3,3,100,0.0,0,0.3,0.0,0.0,1.0,0.3,1.0,1.0,0.25,1.0,0.25
rho_0.3,1.0192054241135238,0.06012112377038074,1.0,1.0,0.31944552777946433,98,168,400,3,3,100,0.0,0,0.3,0.0,0.0,1.0,0.3,1.0,1.0,0.25,1.0,0.25
rho_0.3,0.9359587212029299,0.044333062422760756,1.0,1.0,-1.4445489505410545,99,169,400,3,3,100,0.0,0,0.3,0.0,0.0,1.0,0.3,1.0,1.0,0.25,1.0,0.25
rho_0.5,0.9810495107840956,0.05271092886651792,1.0,1.0,-0.3595172694431828,0,71,400,3,3,100,0.0,0,0.3,0.0,0.0,1.0,0.5,1.0,1.0,0.25,1.0,0.25
rho_0.5,0.9888471148631741,0.05311098713204932,1.0,1.0,-0.20999205134516852,1,72,400,3,3,100,0.0,0,0.3,0.0,0.0,1.0,0.5,1.0,1.0,0.25,1.0,0.25
rho_0.5,1.1039295680570687,0.045541187998356526,1.0,1.0,2.28210050341285,2,73,400,3,3,100,0.0,0,0.3,0.0,0.0,1.0,0.5,1.0,1.0,0.25,1.0,0.25
rho_0.5,1.0097629800763606,0.048574196212475385,1.0,1.0,0.20099107834239613,3,74,400,3,3,100,0.0,0,0.3,0.0,0.0,1.0,0.5,1.0,1.0,0.25,1.0,0.25
rho_0.5,1.0933747522265915,0.050951270929244105,1.0,1.0,1.8326285198314445,4,75,400,3,3,100,0.0,0,0.3,0.0,0.0,1.0,0.5,1.0,1.0,0.25,1.0,0.25
rho_0.5,0.9052189400512568,0.055707760149364675,1.0,1.0,-1.7013977890084697,5,76,400,3,3,100,0.0,0,0.3,0.0,0.0,1.0,0.5,1.0,1.0,0.25,1.0,0.25
rho_0.5,1.0848226157642653,0.05146822421938986,1.0,1.0,1.6480579435322678,6,77,400,3,3,100,0.0,0,0.3,0.0,0.0,1.0,0.5,1.0,1.0,0.25,1.0,0.25
rho_0.5,0.9751797421681345,0.05394055172205789,1.0,1.0,-0.4601409707442006,7,78,400,3,3,100,0.0,0,0.3,0.0,0.0,1.0,0.5,1.0,1.0,0.25,1.0,0.25
rho_0.5,0.9634914059647509,0.04388468875689561,1.0,1.0,-0.8319209972638233,8,79,400,3,3,100,0.0,0,0.3,0.0,0.0,1.0,0.5,1.0,1.0,0.25,1.0,0.25
rho_0.5,0.9386072805829052,0.05671611408181239,1.0,1.0,-1.0824563778917653,9,80,400,3,3,100,0.0,0,0.3,0.0,0.0,1.0,0.5,1.0,1.0,0.25,1.0,0.25
rho_0.5,1.0244864230110102,0.051413010907169536,1.0,1.0,0.4762689945395826,10,81,400,3,3,100,0.0,0,0.3,0.0,0.0,1.0,0.5,1.0,1.0,0.25,1.0,0.25
rho_0.5,0.9845926065577116,0.049663756932431434,1.0,1.0,-0.3102341504943019,11,82,400,3,3,100,0.0,0,0.3,0.0,0.0,1.0,0.5,1.0,1.0,0.25,1.0,0.25
rho_0.5,0.9239794219249959,0.04778584714185164,1.0,1.0,-1.5908596921874798,12,83,400,3,3,100,0.0,0,0.3,0.0,0.0,1.0,0.5,1.0,1.0,0.25,1.0,0.25
rho_0.5,0.9910018086637165,0.046485690583050916,1.0,1.0,-0.19356905799231824,13,84,400,3,3,100,0.0,0,0.3,0.0,0.0,1.0,0.5,1.0,1.0,0.25,1.0,0.25
rho_0.5,0.9392244254334344,0.05101365323568893,1.0,1.0,-1.1913589933615505,14,85,400,3,3,100,0.0,0,0.3,0.0,0.0,1.0,0.5,1.0,1.0,0.25,1.0,0.25
rho_0.5,0.8123626151114273,0.045556113636083084,1.0,1.0,-4.11881896659317,15,86,400,3,3,100,0.0,0,0.3,0.0,0.0,1.0,0.5,1.0,1.0,0.25,1.0,0.25
rho_0.5,0.9442886673190147,0.05201718432606428,1.0,1.0,-1.0710178454059451,16,87,400,3,3,100,0.0,0,0.3,0.0,0.0,1.0,0.5,1.0,1.0,0.25,1.0,0.25
rho_0.5,0.9726362486113097,0.04962343829840783,1.0,1.0,-0.5514279607982798,17,88,400,3,3,100,0.0,0,0.3,0.0,0.0,1.0,0.5,1.0,1.0,0.25,1.0,0.25
rho_0.5,0.9846672906384005,0.058027325813363936,1.0,1.0,-0.2642325688230886,18,89,400,3,3,100,0.0,0,0.3,0.0,0.0,1.0,0.5,1.0,1.0,0.25,1.0,0.25
rho_0.5,0.9850344579774576,0.05387263037174493,1.0,1.0,-0.27779490103367077,19,90,400,3,3,100,0.0,0,0.3,0.0,0.0,1.0,0.5,1.0,1.0,0.25,1.0,0.25
rho_0.5,1.042481284458158,0.04455868165667395,1.0,1.0,0.9533783962792605,20,91,400,3,3,100,0.0,0,0.3,0.0,0.0,1.0,0.5,1.0,1.0,0.25,1.0,0.25
rho_0.5,0.8801000437570714,0.0451114399679095,1.0,1.0,-2.6578614277934975,21,92,400,3,3,100,0.0,0,0.3,0.0,0.0,1.0,0.5,1.0,1.0,0.25,1.0,0.25
rho_0.5,0.9275983362798659,0.05998419549380301,1.0,1.0,-1.207012332567067,22,93,400,3,3,100,0.0,0,0.3,0.0,0.0,1.0,0.5,1.0,1.0,0.25,1.0,0.25
rho_0.5,0.9784744028058961,0.05735697735829856,1.0,1.0,-0.37529169397538814,23,94,400,3,3,100,0.0,0,0.3,0.0,0.0,1.0,0.5,1.0,1.0,0.25,1.0,0.25
rho_0.5,0.9219691476288326,0.0503043136300859,1.0,1.0,-1.5511761664212196,24,95,400,3,3,100,0.0,0,0.3,0.0,0.0,1.0,0.5,1.0,1.0,0.25,1.0,0.25
rho_0.5,0.9135472716756875,0.045484810527790576,1.0,1.0,-1.900694480666048,25,96,400,3,3,100,0.0,0,0.3,0.0,0.0,1.0,0.5,1.0,1.0,0.25,1.0,0.25
rho_0.5,0.9433296416795972,0.04283455706823365,1.0,1.0,-1.3230055870574147,26,97,400,3,3,100,0.0,0,0.3,0.0,0.0,1.0,0.5,1.0,1.0,0.25,1.0,0.25
rho_0.5,0.9686308882847748,0.050946515153114,1.0,1.0,-0.6157263479346691,27,98,400,3,3,100,0.0,0,0.3,0.0,0.0,1.0,0.5,1.0,1.0,0.25,1.0,0.25
rho_0.5,0.9702354097211605,0.053557265152591946,1.0,1.0,-0.5557526172039613,28,99,400,3,3,100,0.0,0,0.3,0.0,0.0,1.0,0.5,1.0,1.0,0.25,1.0,0.25
rho_0.5,0.9471489575757672,0.04654699677615326,1.0,1.0,-1.1354339932691249,29,100,400,3,3,100,0.0,0,0.3,0.0,0.0,1.0,0.5,1.0,1.0,0.25,1.0,0.25
rho_0.5,0.9475432672947582,0.05369599734018632,1.0,1.0,-0.9769207260069441,30,101,400,3,3,100,0.0,0,0.3,0.0,0.0,1.0,0.5,1.0,1.0,0.25,1.0,0.25
rho_0.5,0.9490314790438463,0.04570337539106823,1.0,1.0,-1.1152025538602648,31,102,400,3,3,100,0.0,0,0.3,0.0,0.0,1.0,0.5,1.0,1.0,0.25,1.0,0.25
rho_0.5,1.0129279939621085,0.041233952125856545,1.0,1.0,0.3135278889263147,32,103,400,3,3,100,0.0,0,0.3,0.0,0.0,1.0,0.5,1.0,1.0,0.25,1.0,0.25
rho_0.5,1.0571205836701327,0.04305696567594221,1.0,1.0,1.326628172083396,33,104,400,3,3,100,0.0,0,0.3,0.0,0.0,1.0,0.5,1.0,1.0,0.25,1.0,0.25
rho_0.5,0.9530201181503769,0.04820319895677521,1.0,1.0,-0.9746216613497148,34,105,400,3,3,100,0.0,0,0.3,0.0,0.0,1.0,0.5,1.0,1.0,0.25,1.0,0.25
rho_0.5,0.957878940116877,0.04386731809218223,1.0,1.0,-0.9601922733140493,35,106,400,3,3,100,0.0,0,0.3,0.0,0.0,1.0,0.5,1.0,1.0,0.25,1.0,0.25
rho_0.5,1.058790361974978,0.05442328569101092,1.0,1.0,1.08024278998444,36,107,400,3,3,100,0.0,0,0.3,0.0,0.0,1.0,0.5,1.0,1.0,0.25,1.0,0.25
rho_0.5,0.9896390050896307,0.04869728248642998,1.0,1.0,-0.21276330795782186,37,108,400,3,3,100,0.0,0,0.3,0.0,0.0,1.0,0.5,1.0,1.0,0.25,1.0,0.25
rho_0.5,0.9617118570169629,0.04877397878351662,1.0,1.0,-0.7850116791369235,38,109,400,3,3,100,0.0,0,0.3,0.0,0.0,1.0,0.5,1.0,1.0,0.25,1.0,0.25
rho_0.5,0.9197065417660139,0.05299636622462466,1.0,1.0,-1.5150747863289906,39,110,400,3,3,100,0.0,0,0.3,0.0,0.0,1.0,0.5,1.0,1.0,0.25,1.0,0.25
rho_0.5,0.9802348801112594,0.054540487059026026,1.0,1.0,-0.36239353468460933,40,111,400,3,3,100,0.0,0,0.3,0.0,0.0,1.0,0.5,1.0,1.0,0.25,1.0,0.25
rho_0.5,1.0299863198782937,0.0537607036399916,1.0,1.0,0.5577739472886554,41,112,400,3,3,100,0.0,0,0.3,0.0,0.0,1.0,0.5,1.0,1.0,0.25,1.0,0.25
rho_0.5,1.0325623596025066,0.047752684476820004,1.0,1.0,0.6818958967283396,42,113,400,3,3,100,0.0,0,0.3,0.0,0.0,1.0,0.5,1.0,1.0,0.25,1.0,0.25
rho_0.5,1.0145088585212525,0.04945050498707719,1.0,1.0,0.2934016250196853,43,114,400,3,3,100,0.0,0,0.3,0.0,0.0,1.0,0.5,1.0,1.0,0.25,1.0,0.25
rho_0.5,0.8779995218804003,0.052000635777377346,1.0,1.0,-2.346134355777924,44,115,400,3,3,100,0.0,0,0.3,0.0,0.0,1.0,0.5,1.0,1.0,0.25,1.0,0.25
rho_0.5,0.9904358200138411,0.05402726775114255,1.0,1.0,-0.17702505390820217,45,116,400,3,3,100,0.0,0,0.3,0.0,0.0,1.0,0.5,1.0,1.0,0.25,1.0,0.25
rho_0.5,1.0107737168505597,0.04833647230670606,1.0,1.0,0.22289001113275303,46,117,400,3,3,100,0.0,0,0.3,0.0,0.0,1.0,0.5,1.0,1.0,0.25,1.0,0.25
rho_0.5,0.8770514607502908,0.04524326777451506,1.0,1.0,-2.7174990953894906,47,118,400,3,3,100,0.0,0,0.3,0.0,0.0,1.0,0.5,1.0,1.0,0.25,1.0,0.25
rho_0.5,0.9385176268593651,0.051917904191699484,1.0,1.0,-1.1842229400019681,48,119,400,3,3,100,0.0,0,0.3,0.0,0.0,1.0,0.5,1.0,1.0,0.25,1.0,0.25
rho_0.5,1.1144456960944127,0.04923697148648786,1.0,1.0,2.3243853681337834,49,120,400,3,3,100,0.0,0,0.3,0.0,0.0,1.0,0.5,1.0,1.0,0.25,1.0,0.25
rho_0.5,0.9376893887951518,0.04968732998565566,1.0,1.0,-1.2540543277901377,50,121,400,3,3,100,0.0,0,0.3,0.0,0.0,1.0,0.5,1.0,1.0,0.25,1.0,0.25
rho_0.5,0.9406814117117911,0.05088701179621341,1.0,1.0,-1.1656921126703474,51,122,400,3,3,100,0.0,0,0.3,0.0,0.0,1.0,0.5,1.0,1.0,0.25,1.0,0.25
rho_0.5,0.954194042492323,0.05415632272637147,1.0,1.0,-0.8458099664394637,52,123,400,3,3,100,0.0,0,0.3,0.0,0.0,1.0,0.5,1.0,1.0,0.25,1.0,0.25
rho_0.5,0.9336264912548328,0.05417236149091714,1.0,1.0,-1.2252282698862187,53,124,400,3,3,100,0.0,0,0.3,0.0,0.0,1.0,0.5,1.0,1.0,0.25,1.0,0.25
rho_0.5,1.0423458247146762,0.046588946517360195,1.0,1.0,0.9089242809750394,54,125,400,3,3,100,0.0,0,0.3,0.0,0.0,1.0,0.5,1.0,1.0,0.25,1.0,0.25
rho_0.5,1.0517347745828913,0.04574053065433726,1.0,1.0,1.1310488497357578,55,126,400,3,3,100,0.0,0,0.3,0.0,0.0,1.0,0.5,1.0,1.0,0.25,1.0,0.25
rho_0.5,0.9289225674336716,0.05561772823718528,1.0,1.0,-1.277963606553907,56,127,400,3,3,100,0.0,0,0.3,0.0,0.0,1.0,0.5,1.0,1.0,0.25,1.0,0.25
rho_0.5,1.0117815482785146,0.046139927153740774,1.0,1.0,0.2553438855518316,57,128,400,3,3,100,0.0,0,0.3,0.0,0.0,1.0,0.5,1.0,1.0,0.25,1.0,0.25
rho_0.5,1.0191740331387684,0.044412677866438065,1.0,1.0,0.4317243197185803,58,129,400,3,3,100,0.0,0,0.3,0.0,0.0,1.0,0.5,1.0,1.0,0.25,1.0,0.25
rho_0.5,0.9818844319844013,0.054199237435269984,1.0,1.0,-0.3342402748236825,59,130,400,3,3,100,0.0,0,0.3,0.0,0.0,1.0,0.5,1.0,1.0,0.25,1.0,0.25
rho_0.5,1.05451611210905,0.0516976666025627,1.0,1.0,1.0545178475491899,60,131,400,3,3,100,0.0,0,0.3,0.0,0.0,1.0,0.5,1.0,1.0,0.25,1.0,0.25
rho_0.5,1.0633197503645415,0.053143536621229934,1.0,1.0,1.191485444708743,61,132,400,3,3,100,0.0,0,0.3,0.0,0.0,1.0,0.5,1.0,1.0,0.25,1.0,0.25
rho_0.5,0.9915848921895557,0.04805742004727207,1.0,1.0,-0.17510527619182867,62,133,400,3,3,100,0.0,0,0.3,0.0,0.0,1.0,0.5,1.0,1.0,0.25,1.0,0.25
rho_0.5,1.058341950094055,0.050719687989398764,1.0,1.0,1.1502821173949134,63,134,400,3,3,100,0.0,0,0.3,0.0,0.0,1.0,0.5,1.0,1.0,0.25,1.0,0.25
rho_0.5,1.0998552956762613,0.04627587896773889,1.0,1.0,2.1578260187315976,64,135,400,3,3,100,0.0,0,0.3,0.0,0.0,1.0,0.5,1.0,1.0,0.25,1.0,0.25
rho_0.5,0.9867209373312059,0.05243578305012876,1.0,1.0,-0.25324429037512913,65,136,400,3,3,100,0.0,0,0.3,0.0,0.0,1.0,0.5,1.0,1.0,0.25,1.0,0.25
rho_0.5,0.9227460741630844,0.052625262681412696,1.0,1.0,-1.4680007642831543,66,137,400,3,3,100,0.0,0,0.3,0.0,0.0,1.0,0.5,1.0,1.0,0.25,1.0,0.25
rho_0.5,0.989663299034065,0.051876382488369344,1.0,1.0,-0.19925639510913193,67,138,400,3,3,100,0.0,0,0.3,0.0,0.0,1.0,0.5,1.0,1.0,0.25,1.0,0.25
rho_0.5,1.0472127394762731,0.050650408507423514,1.0,1.0,0.9321294905124696,68,139,400,3,3,100,0.0,0,0.3,0.0,0.0,1.0,0.5,1.0,1.0,0.25,1.0,0.25
rho_0.5,1.0014432022488788,0.04900266946306676,1.0,1.0,0.02945150263633246,69,140,400,3,3,100,0.0,0,0.3,0.0,0.0,1.0,0.5,1.0,1.0,0.25,1.0,0.25
rho_0.5,1.0364556429099043,0.04842209890115575,1.0,1.0,0.7528720096235687,70,141,400,3,3,100,0.0,0,0.3,0.0,0.0,1.0,0.5,1.0,1.0,0.25,1.0,0.25
rho_0.5,0.975719304960682,0.045036004718159085,1.0,1.0,-0.5391396326399192,71,142,400,3,3,100,0.0,0,0.3,0.0,0.0,1.0,0.5,1.0,1.0,0.25,1.0,0.25
rho_0.5,1.0044390802701473,0.04886148692945315,1.0,1.0,0.09085029026145847,72,143,400,3,3,100,0.0,0,0.3,0.0,0.0,1.0,0.5,1.0,1.0,0.25,1.0,0.25
rho_0.5,1.0288015911192594,0.04459234916359814,1.0,1.0,0.6458863831908381,73,144,400,3,3,100,0.0,0,0.3,0.0,0.0,1.0,0.5,1.0,1.0,0.25,1.0,0.25
rho_0.5,1.0013451055073992,0.055611999175381746,1.0,1.0,0.024187325169828477,74,145,400,3,3,100,0.0,0,0.3,0.0,0.0,1.0,0.5,1.0,1.0,0.25,1.0,0.25
rho_0.5,1.0165887712305965,0.049396834220057736,1.0,1.0,0.33582660695815647,75,146,400,3,3,100,0.0,0,0.3,0.0,0.0,1.0,0.5,1.0,1.0,0.25,1.0,0.25
rho_0.5,0.9794431910709203,0.047486713227224316,1.0,1.0,-0.43289601515934023,76,147,400,3,3,100,0.0,0,0.3,0.0,0.0,1.0,0.5,1.0,1.0,0.25,1.0,0.25
rho_0.5,0.9579872960007326,0.04696837174664969,1.0,1.0,-0.894489258130695,77,148,400,3,3,100,0.0,0,0.3,0.0,0.0,1.0,0.5,1.0,1.0,0.25,1.0,0.25
rho_0.5,0.9718814179000501,0.04723964810339765,1.0,1.0,-0.5952326748582933,78,149,400,3,3,100,0.0,0,0.3,0.0,0.0,1.0,0.5,1.0,1.0,0.25,1.0,0.25
rho_0.5,0.9401403872675536,0.05257077844014112,1.0,1.0,-1.1386480190816395,79,150,400,3,3,100,0.0,0,0.3,0.0,0.0,1.0,0.5,1.0,1.0,0.25,1.0,0.25
rho_0.5,1.0246397208908073,0.05742440649080453,1.0,1.0,0.4290809848379181,80,151,400,3,3,100,0.0,0,0.3,0.0,0.0,1.0,0.5,1.0,1.0,0.25,1.0,0.25
rho_0.5,0.9579148281509029,0.0558096320861265,1.0,1.0,-0.7540843807060125,81,152,400,3,3,100,0.0,0,0.3,0.0,0.0,1.0,0.5,1.0,1.0,0.25,1.0,0.25
rho_0.5,0.9023310829670297,0.05512440494777117,1.0,1.0,-1.7717908633301145,82,153,400,3,3,100,0.0,0,0.3,0.0,0.0,1.0,0.5,1.0,1.0,0.25,1.0,0.25
rho_0.5,0.8674463574804554,0.04789016613366604,1.0,1.0,-2.767867669315965,83,154,400,3,3,100,0.0,0,0.3,0.0,0.0,1.0,0.5,1.0,1.0,0.25,1.0,0.25
rho_0.5,0.968834408534158,0.04780576411029757,1.0,1.0,-0.6519212075333979,84,155,400,3,3,100,0.0,0,0.3,0.0,0.0,1.0,0.5,1.0,1.0,0.25,1.0,0.25
rho_0.5,1.00729562120202,0.05012993890900497,1.0,1.0,0.14553421290345053,85,156,400,3,3,100,0.0,0,0.3,0.0,0.0,1.0,0.5,1.0,1.0,0.25,1.0,0.25
rho_0.5,0.9572126218130762,0.05127970699125414,1.0,1.0,-0.8343920177668189,86,157,400,3,3,100,0.0,0,0.3,0.0,0.0,1.0,0.5,1.0,1.0,0.25,1.0,0.25
rho_0.5,0.9766586365117595,0.05713908575798579,1.0,1.0,-0.40850082178604424,87,158,400,3,3,100,0.0,0,0.3,0.0,0.0,1.0,0.5,1.0,1.0,0.25,1.0,0.25
rho_0.5,1.0350472542261513,0.05120760756464366,1.0,1.0,0.6844149901341945,88,159,400,3,3,100,0.0,0,0.3,0.0,0.0,1.0,0.5,1.0,1.0,0.25,1.0,0.25
rho_0.5,0.9643198226729878,0.05183891436104507,1.0,1.0,-0.6882894398310259,89,160,400,3,3,100,0.0,0,0.3,0.0,0.0,1.0,0.5,1.0,1.0,0.25,1.0,0.25
rho_0.5,1.0743665969307086,0.04738084327262286,1.0,1.0,1.5695498812212647,90,161,400,3,3,100,0.0,0,0.3,0.0,0.0,1.0,0.5,1.0,1.0,0.25,1.0,0.25
rho_0.5,1.0544365332880807,0.04746291781495254,1.0,1.0,1.1469276604594092,91,162,400,3,3,100,0.0,0,0.3,0.0,0.0,1.0,0.5,1.0,1.0,0.25,1.0,0.25
rho_0.5,0.9604693023019877,0.05266686527761959,1.0,1.0,-0.7505800371758714,92,163,400,3,3,100,0.0,0,0.3,0.0,0.0,1.0,0.5,1.0,1.0,0.25,1.0,0.25
rho_0.5,1.0113038994576875,0.04888763167935198,1.0,1.0,0.23122207129665034,93,164,400,3,3,100,0.0,0,0.3,0.0,0.0,1.0,0.5,1.0,1.0,0.25,1.0,0.25
rho_0.5,0.9672816584441504,0.0538761721669913,1.0,1.0,-0.6072877904992554,94,165,400,3,3,100,0.0,0,0.3,0.0,0.0,1.0,0.5,1.0,1.0,0.25,1.0,0.25
rho_0.5,0.9037793013129529,0.06477654221609329,1.0,1.0,-1.4854250535024962,95,166,400,3,3,100,0.0,0,0.3,0.0,0.0,1.0,0.5,1.0,1.0,0.25,1.0,0.25
rho_0.5,1.0040412639741887,0.0501571270064208,1.0,1.0,0.08057207849387694,96,167,400,3,3,100,0.0,0,0.3,0.0,0.0,1.0,0.5,1.0,1.0,0.25,1.0,0.25
rho_0.5,1.0192054241135238,0.06012112377038074,1.0,1.0,0.31944552777946433,97,168,400,3,3,100,0.0,0,0.3,0.0,0.0,1.0,0.5,1.0,1.0,0.25,1.0,0.25
rho_0.5,0.9359587212029299,0.044333062422760756,1.0,1.0,-1.4445489505410545,98,169,400,3,3,100,0.0,0,0.3,0.0,0.0,1.0,0.5,1.0,1.0,0.25,1.0,0.25
rho_0.5,1.0869320118094241,0.04844614302402658,1.0,1.0,1.7944052174867808,99,170,400,3,3,100,0.0,0,0.3,0.0,0.0,1.0,0.5,1.0,1.0,0.25,1.0,0.25
rho_0.7,0.9888471148631741,0.05311098713204932,1.0,1.0,-0.20999205134516852,0,72,400,3,3,100,0.0,0,0.3,0.0,0.0,1.0,0.7,1.0,1.0,0.25,1.0,0.25
rho_0.7,1.1039295680570687,0.045541187998356526,1.0,1.0,2.28210050341285,1,73,400,3,3,100,0.0,0,0.3,0.0,0.0,1.0,0.7,1.0,1.0,0.25,1.0,0.25
rho_0.7,1.0097629800763603,0.048574196212475385,1.0,1.0,0.20099107834239155,2,74,400,3,3,100,0.0,0,0.3,0.0,0.0,1.0,0.7,1.0,1.0,0.25,1.0,0.25
rho_0.7,1.0933747522265915,0.050951270929244105,1.0,1.0,1.8326285198314445,3,75,400,3,3,100,0.0,0,0.3,0.0,0.0,1.0,0.7,1.0,1.0,0.25,1.0,0.25
rho_0.7,0.9052189400512568,0.055707760149364675,1.0,1.0,-1.7013977890084697,4,76,400,3,3,100,0.0,0,0.3,0.0,0.0,1.0,0.7,1.0,1.0,0.25,1.0,0.25
rho_0.7,1.0848226157642653,0.05146822421938986,1.0,1.0,1.6480579435322678,5,77,400,3,3,100,0.0,0,0.3,0.0,0.0,1.0,0.7,1.0,1.0,0.25,1.0,0.25
rho_0.7,0.9751797421681349,0.053940551722057944,1.0,1.0,-0.4601409707441939,6,78,400,3,3,100,0.0,0,0.3,0.0,0.0,1.0,0.7,1.0,1.0,0.25,1.0,0.25
rho_0.7,0.9634914059647504,0.04388468875689555,1.0,1.0,-0.831920997263837,7,79,400,3,3,100,0.0,0,0.3,0.0,0.0,1.0,0.7,1.0,1.0,0.25,1.0,0.25
rho_0.7,0.9386072805829052,0.05671611408181239,1.0,1.0,-1.0824563778917653,8,80,400,3,3,100,0.0,0,0.3,0.0,0.0,1.0,0.7,1.0,1.0,0.25,1.0,0.25
rho_0.7,1.0244864230110102,0.051413010907169536,1.0,1.0,0.4762689945395826,9,81,400,3,3,100,0.0,0,0.3,0.0,0.0,1.0,0.7,1.0,1.0,0.25,1.0,0.25
rho_0.7,0.9845926065577113,0.04966375693243149,1.0,1.0,-0.3102341504943083,10,82,400,3,3,100,0.0,0,0.3,0.0,0.0,1.0,0.7,1.0,1.0,0.25,1.0,0.25
rho_0.7,0.9239794219249959,0.04778584714185164,1.0,1.0,-1.5908596921874798,11,83,400,3,3,100,0.0,0,0.3,0.0,0.0,1.0,0.7,1.0,1.0,0.25,1.0,0.25
rho_0.7,0.9910018086637165,0.046485690583050916,1.0,1.0,-0.19356905799231824,12,84,400,3,3,100,0.0,0,0.3,0.0,0.0,1.0,0.7,1.0,1.0,0.25,1.0,0.25
rho_0.7,0.9392244254334342,0.05101365323568893,1.0,1.0,-1.191358993361555,13,85,400,3,3,100,0.0,0,0.3,0.0,0.0,1.0,0.7,1.0,1.0,0.25,1.0,0.25
rho_0.7,0.8123626151114273,0.045556113636083084,1.0,1.0,-4.11881896659317,14,86,400,3,3,100,0.0,0,0.3,0.0,0.0,1.0,0.7,1.0,1.0,0.25,1.0,0.25
rho_0.7,0.9442886673190148,0.052017184326064225,1.0,1.0,-1.0710178454059442,15,87,400,3,3,100,0.0,0,0.3,0.0,0.0,1.0,0.7,1.0,1.0,0.25,1.0,0.25
rho_0.7,0.9726362486113096,0.04962343829840777,1.0,1.0,-0.5514279607982828,16,88,400,3,3,100,0.0,0,0.3,0.0,0.0,1.0,0.7,1.0,1.0,0.25,1.0,0.25
rho_0.7,0.9846672906384005,0.058027325813363936,1.0,1.0,-0.2642325688230886,17,89,400,3,3,100,0.0,0,0.3,0.0,0.0,1.0,0.7,1.0,1.0,0.25,1.0,0.25
rho_0.7,0.9850344579774576,0.05387263037174493,1.0,1.0,-0.27779490103367077,18,90,400,3,3,100,0.0,0,0.3,0.0,0.0,1.0,0.7,1.0,1.0,0.25,1.0,0.25
rho_0.7,1.042481284458158,0.04455868165667395,1.0,1.0,0.9533783962792605,19,91,400,3,3,100,0.0,0,0.3,0.0,0.0,1.0,0.7,1.0,1.0,0.25,1.0,0.25
rho_0.7,0.8801000437570716,0.0451114399679095,1.0,1.0,-2.6578614277934927,20,92,400,3,3,100,0.0,0,0.3,0.0,0.0,1.0,0.7,1.0,1.0,0.25,1.0,0.25
rho_0.7,0.9275983362798661,0.05998419549380301,1.0,1.0,-1.2070123325670634,21,93,400,3,3,100,0.0,0,0.3,0.0,0.0,1.0,0.7,1.0,1.0,0.25,1.0,0.25
rho_0.7,0.9784744028058959,0.05735697735829856,1.0,1.0,-0.375291693975392,22,94,400,3,3,100,0.0,0,0.3,0.0,0.0,1.0,0.7,1.0,1.0,0.25,1.0,0.25
rho_0.7,0.9219691476288326,0.0503043136300859,1.0,1.0,-1.5511761664212196,23,95,400,3,3,100,0.0,0,0.3,0.0,0.0,1.0,0.7,1.0,1.0,0.25,1.0,0.25
rho_0.7,0.9135472716756875,0.045484810527790576,1.0,1.0,-1.900694480666048,24,96,400,3,3,100,0.0,0,0.3,0.0,0.0,1.0,0.7,1.0,1.0,0.25,1.0,0.25
rho_0.7,0.943329641679597,0.04283455706823365,1.0,1.0,-1.3230055870574198,25,97,400,3,3,100,0.0,0,0.3,0.0,0.0,1.0,0.7,1.0,1.0,0.25,1.0,0.25
rho_0.7,0.9686308882847746,0.050946515153114,1.0,1.0,-0.6157263479346735,26,98,400,3,3,100,0.0,0,0.3,0.0,0.0,1.0,0.7,1.0,1.0,0.25,1.0,0.25
rho_0.7,0.9702354097211605,0.05355726515259206,1.0,1.0,-0.5557526172039602,27,99,400,3,3,100,0.0,0,0.3,0.0,0.0,1.0,0.7,1.0,1.0,0.25,1.0,0.25
rho_0.7,0.9471489575757671,0.046546996776153315,1.0,1.0,-1.1354339932691258,28,100,400,3,3,100,0.0,0,0.3,0.0,0.0,1.0,0.7,1.0,1.0,0.25,1.0,0.25
rho_0.7,0.9475432672947582,0.05369599734018632,1.0,1.0,-0.9769207260069441,29,101,400,3,3,100,0.0,0,0.3,0.0,0.0,1.0,0.7,1.0,1.0,0.25,1.0,0.25
rho_0.7,0.9490314790438463,0.04570337539106823,1.0,1.0,-1.1152025538602648,30,102,400,3,3,100,0.0,0,0.3,0.0,0.0,1.0,0.7,1.0,1.0,0.25,1.0,0.25
rho_0.7,1.0129279939621085,0.041233952125856545,1.0,1.0,0.3135278889263147,31,103,400,3,3,100,0.0,0,0.3,0.0,0.0,1.0,0.7,1.0,1.0,0.25,1.0,0.25
rho_0.7,1.0571205836701327,0.04305696567594221,1.0,1.0,1.326628172083396,32,104,400,3,3,100,0.0,0,0.3,0.0,0.0,1.0,0.7,1.0,1.0,0.25,1.0,0.25
rho_0.7,0.9530201181503769,0.04820319895677521,1.0,1.0,-0.9746216613497148,33,105,400,3,3,100,0.0,0,0.3,0.0,0.0,1.0,0.7,1.0,1.0,0.25,1.0,0.25
rho_0.7,0.957878940116877,0.04386731809218223,1.0,1.0,-0.9601922733140493,34,106,400,3,3,100,0.0,0,0.3,0.0,0.0,1.0,0.7,1.0,1.0,0.25,1.0,0.25
rho_0.7,1.0587903619749777,0.05442328569101092,1.0,1.0,1.080242789984436,35,107,400,3,3,100,0.0,0,0.3,0.0,0.0,1.0,0.7,1.0,1.0,0.25,1.0,0.25
rho_0.7,0.9896390050896307,0.04869728248642998,1.0,1.0,-0.21276330795782186,36,108,400,3,3,100,0.0,0,0.3,0.0,0.0,1.0,0.7,1.0,1.0,0.25,1.0,0.25
rho_0.7,0.9617118570169628,0.04877397878351657,1.0,1.0,-0.7850116791369267,37,109,400,3,3,100,0.0,0,0.3,0.0,0.0,1.0,0.7,1.0,1.0,0.25,1.0,0.25
rho_0.7,0.919706541766014,0.05299636622462472,1.0,1.0,-1.515074786328987,38,110,400,3,3,100,0.0,0,0.3,0.0,0.0,1.0,0.7,1.0,1.0,0.25,1.0,0.25
rho_0.7,0.9802348801112591,0.054540487059026026,1.0,1.0,-0.3623935346846134,39,111,400,3,3,100,0.0,0,0.3,0.0,0.0,1.0,0.7,1.0,1.0,0.25,1.0,0.25
rho_0.7,1.0299863198782937,0.0537607036399916,1.0,1.0,0.5577739472886554,40,112,400,3,3,100,0.0,0,0.3,0.0,0.0,1.0,0.7,1.0,1.0,0.25,1.0,0.25
rho_0.7,1.0325623596025062,0.047752684476820004,1.0,1.0,0.6818958967283304,41,113,400,3,3,100,0.0,0,0.3,0.0,0.0,1.0,0.7,1.0,1.0,0.25,1.0,0.25
rho_0.7,1.0145088585212525,0.04945050498707719,1.0,1.0,0.2934016250196853,42,114,400,3,3,100,0.0,0,0.3,0.0,0.0,1.0,0.7,1.0,1.0,0.25,1.0,0.25
rho_0.7,0.8779995218804003,0.052000635777377346,1.0,1.0,-2.346134355777924,43,115,400,3,3,100,0.0,0,0.3,0.0,0.0,1.0,0.7,1.0,1.0,0.25,1.0,0.25
rho_0.7,0.990435820013841,0.0540272677511426,1.0,1.0,-0.17702505390820406,44,116,400,3,3,100,0.0,0,0.3,0.0,0.0,1.0,0.7,1.0,1.0,0.25,1.0,0.25
rho_0.7,1.0107737168505597,0.04833647230670617,1.0,1.0,0.2228900111327525,45,117,400,3,3,100,0.0,0,0.3,0.0,0.0,1.0,0.7,1.0,1.0,0.25,1.0,0.25
rho_0.7,0.8770514607502908,0.045243267774515004,1.0,1.0,-2.7174990953894937,46,118,400,3,3,100,0.0,0,0.3,0.0,0.0,1.0,0.7,1.0,1.0,0.25,1.0,0.25
rho_0.7,0.9385176268593651,0.051917904191699484,1.0,1.0,-1.1842229400019681,47,119,400,3,3,100,0.0,0,0.3,0.0,0.0,1.0,0.7,1.0,1.0,0.25,1.0,0.25
rho_0.7,1.1144456960944127,0.04923697148648786,1.0,1.0,2.3243853681337834,48,120,400,3,3,100,0.0,0,0.3,0.0,0.0,1.0,0.7,1.0,1.0,0.25,1.0,0.25
rho_0.7,0.9376893887951517,0.0496873299856556,1.0,1.0,-1.2540543277901413,49,121,400,3,3,100,0.0,0,0.3,0.0,0.0,1.0,0.7,1.0,1.0,0.25,1.0,0.25
rho_0.7,0.940681411711791,0.050887011796213466,1.0,1.0,-1.1656921126703483,50,122,400,3,3,100,0.0,0,0.3,0.0,0.0,1.0,0.7,1.0,1.0,0.25,1.0,0.25
rho_0.7,0.954194042492323,0.05415632272637147,1.0,1.0,-0.8458099664394637,51,123,400,3,3,100,0.0,0,0.3,0.0,0.0,1.0,0.7,1.0,1.0,0.25,1.0,0.25
rho_0.7,0.933626491254833,0.05417236149091714,1.0,1.0,-1.2252282698862147,52,124,400,3,3,100,0.0,0,0.3,0.0,0.0,1.0,0.7,1.0,1.0,0.25,1.0,0.25
rho_0.7,1.0423458247146762,0.046588946517360195,1.0,1.0,0.9089242809750394,53,125,400,3,3,100,0.0,0,0.3,0.0,0.0,1.0,0.7,1.0,1.0,0.25,1.0,0.25
rho_0.7,1.0517347745828913,0.04574053065433726,1.0,1.0,1.1310488497357578,54,126,400,3,3,100,0.0,0,0.3,0.0,0.0,1.0,0.7,1.0,1.0,0.25,1.0,0.25
rho_0.7,0.9289225674336716,0.05561772823718528,1.0,1.0,-1.277963606553907,55,127,400,3,3,100,0.0,0,0.3,0.0,0.0,1.0,0.7,1.0,1.0,0.25,1.0,0.25
rho_0.7,1.0117815482785146,0.046139927153740774,1.0,1.0,0.2553438855518316,56,128,400,3,3,100,0.0,0,0.3,0.0,0.0,1.0,0.7,1.0,1.0,0.25,1.0,0.25
rho_0.7,1.0191740331387684,0.044412677866438065,1.0,1.0,0.4317243197185803,57,129,400,3,3,100,0.0,0,0.3,0.0,0.0,1.0,0.7,1.0,1.0,0.25,1.0,0.25
rho_0.7,0.9818844319844013,0.054199237435269984,1.0,1.0,-0.3342402748236825,58,130,400,3,3,100,0.0,0,0.3,0.0,0.0,1.0,0.7,1.0,1.0,0.25,1.0,0.25
rho_0.7,1.0545161121090503,0.051697666602562586,1.0,1.0,1.0545178475491963,59,131,400,3,3,100,0.0,0,0.3,0.0,0.0,1.0,0.7,1.0,1.0,0.25,1.0,0.25
rho_0.7,1.0633197503645415,0.05314353662122982,1.0,1.0,1.1914854447087455,60,132,400,3,3,100,0.0,0,0.3,0.0,0.0,1.0,0.7,1.0,1.0,0.25,1.0,0.25
rho_0.7,0.991584892189556,0.04805742004727213,1.0,1.0,-0.17510527619182154,61,133,400,3,3,100,0.0,0,0.3,0.0,0.0,1.0,0.7,1.0,1.0,0.25,1.0,0.25
rho_0.7,1.0583419500940554,0.050719687989398646,1.0,1.0,1.1502821173949247,62,134,400,3,3,100,0.0,0,0.3,0.0,0.0,1.0,0.7,1.0,1.0,0.25,1.0,0.25
rho_0.7,1.0998552956762615,0.04627587896773889,1.0,1.0,2.1578260187316025,63,135,400,3,3,100,0.0,0,0.3,0.0,0.0,1.0,0.7,1.0,1.0,0.25,1.0,0.25
rho_0.7,0.9867209373312061,0.05243578305012876,1.0,1.0,-0.2532442903751249,64,136,400,3,3,100,0.0,0,0.3,0.0,0.0,1.0,0.7,1.0,1.0,0.25,1.0,0.25
rho_0.7,0.9227460741630844,0.052625262681412696,1.0,1.0,-1.4680007642831543,65,137,400,3,3,100,0.0,0,0.3,0.0,0.0,1.0,0.7,1.0,1.0,0.25,1.0,0.25
rho_0.7,0.989663299034065,0.051876382488369344,1.0,1.0,-0.19925639510913193,66,138,400,3,3,100,0.0,0,0.3,0.0,0.0,1.0,0.7,1.0,1.0,0.25,1.0,0.25
rho_0.7,1.0472127394762731,0.050650408507423514,1.0,1.0,0.9321294905124696,67,139,400,3,3,100,0.0,0,0.3,0.0,0.0,1.0,0.7,1.0,1.0,0.25,1.0,0.25
rho_0.7,1.001443202248879,0.04900266946306676,1.0,1.0,0.02945150263633699,68,140,400,3,3,100,0.0,0,0.3,0.0,0.0,1.0,0.7,1.0,1.0,0.25,1.0,0.25
rho_0.7,1.0364556429099043,0.04842209890115575,1.0,1.0,0.7528720096235687,69,141,400,3,3,100,0.0,0,0.3,0.0,0.0,1.0,0.7,1.0,1.0,0.25,1.0,0.25
rho_0.7,0.9757193049606817,0.04503600471815903,1.0,1.0,-0.5391396326399273,70,142,400,3,3,100,0.0,0,0.3,0.0,0.0,1.0,0.7,1.0,1.0,0.25,1.0,0.25
rho_0.7,1.0044390802701473,0.04886148692945315,1.0,1.0,0.09085029026145847,71,143,400,3,3,100,0.0,0,0.3,0.0,0.0,1.0,0.7,1.0,1.0,0.25,1.0,0.25
rho_0.7,1.028801591119259,0.04459234916359814,1.0,1.0,0.6458863831908281,72,144,400,3,3,100,0.0,0,0.3,0.0,0.0,1.0,0.7,1.0,1.0,0.25,1.0,0.25
rho_0.7,1.001345105507399,0.055611999175381746,1.0,1.0,0.024187325169824483,73,145,400,3,3,100,0.0,0,0.3,0.0,0.0,1.0,0.7,1.0,1.0,0.25,1.0,0.25
rho_0.7,1.0165887712305965,0.049396834220057736,1.0,1.0,0.33582660695815647,74,146,400,3,3,100,0.0,0,0.3,0.0,0.0,1.0,0.7,1.0,1.0,0.25,1.0,0.25
rho_0.7,0.9794431910709206,0.04748671322722426,1.0,1.0,-0.43289601515933374,75,147,400,3,3,100,0.0,0,0.3,0.0,0.0,1.0,0.7,1.0,1.0,0.25,1.0,0.25
rho_0.7,0.9579872960007326,0.04696837174664969,1.0,1.0,-0.894489258130695,76,148,400,3,3,100,0.0,0,0.3,0.0,0.0,1.0,0.7,1.0,1.0,0.25,1.0,0.25
rho_0.7,0.9718814179000501,0.04723964810339765,1.0,1.0,-0.5952326748582933,77,149,400,3,3,100,0.0,0,0.3,0.0,0.0,1.0,0.7,1.0,1.0,0.25,1.0,0.25
rho_0.7,0.9401403872675536,0.05257077844014112,1.0,1.0,-1.1386480190816395,78,150,400,3,3,100,0.0,0,0.3,0.0,0.0,1.0,0.7,1.0,1.0,0.25,1.0,0.25
rho_0.7,1.0246397208908071,0.05742440649080453,1.0,1.0,0.4290809848379143,79,151,400,3,3,100,0.0,0,0.3,0.0,0.0,1.0,0.7,1.0,1.0,0.25,1.0,0.25
rho_0.7,0.9579148281509026,0.055809632086126444,1.0,1.0,-0.7540843807060191,80,152,400,3,3,100,0.0,0,0.3,0.0,0.0,1.0,0.7,1.0,1.0,0.25,1.0,0.25
rho_0.7,0.9023310829670295,0.05512440494777117,1.0,1.0,-1.7717908633301185,81,153,400,3,3,100,0.0,0,0.3,0.0,0.0,1.0,0.7,1.0,1.0,0.25,1.0,0.25
rho_0.7,0.8674463574804555,0.04789016613366604,1.0,1.0,-2.767867669315963,82,154,400,3,3,100,0.0,0,0.3,0.0,0.0,1.0,0.7,1.0,1.0,0.25,1.0,0.25
rho_0.7,0.968834408534158,0.04780576411029757,1.0,1.0,-0.6519212075333979,83,155,400,3,3,100,0.0,0,0.3,0.0,0.0,1.0,0.7,1.0,1.0,0.25,1.0,0.25
rho_0.7,1.00729562120202,0.05012993890900497,1.0,1.0,0.14553421290345053,84,156,400,3,3,100,0.0,0,0.3,0.0,0.0,1.0,0.7,1.0,1.0,0.25,1.0,0.25
rho_0.7,0.9572126218130762,0.05127970699125414,1.0,1.0,-0.8343920177668189,85,157,400,3,3,100,0.0,0,0.3,0.0,0.0,1.0,0.7,1.0,1.0,0.25,1.0,0.25
rho_0.7,0.9766586365117595,0.05713908575798579,1.0,1.0,-0.40850082178604424,86,158,400,3,3,100,0.0,0,0.3,0.0,0.0,1.0,0.7,1.0,1.0,0.25,1.0,0.25
rho_0.7,1.0350472542261513,0.05120760756464366,1.0,1.0,0.6844149901341945,87,159,400,3,3,100,0.0,0,0.3,0.0,0.0,1.0,0.7,1.0,1.0,0.25,1.0,0.25
rho_0.7,0.9643198226729878,0.05183891436104507,1.0,1.0,-0.6882894398310259,88,160,400,3,3,100,0.0,0,0.3,0.0,0.0,1.0,0.7,1.0,1.0,0.25,1.0,0.25
rho_0.7,1.0743665969307084,0.04738084327262286,1.0,1.0,1.56954988122126,89,161,400,3,3,100,0.0,0,0.3,0.0,0.0,1.0,0.7,1.0,1.0,0.25,1.0,0.25
rho_0.7,1.0544365332880805,0.04746291781495254,1.0,1.0,1.1469276604594045,90,162,400,3,3,100,0.0,0,0.3,0.0,0.0,1.0,0.7,1.0,1.0,0.25,1.0,0.25
rho_0.7,0.9604693023019879,0.05266686527761959,1.0,1.0,-0.7505800371758672,91,163,400,3,3,100,0.0,0,0.3,0.0,0.0,1.0,0.7,1.0,1.0,0.25,1.0,0.25
rho_0.7,1.0113038994576877,0.04888763167935198,1.0,1.0,0.2312220712966549,92,164,400,3,3,100,0.0,0,0.3,0.0,0.0,1.0,0.7,1.0,1.0,0.25,1.0,0.25
rho_0.7,0.9672816584441506,0.0538761721669913,1.0,1.0,-0.6072877904992513,93,165,400,3,3,100,0.0,0,0.3,0.0,0.0,1.0,0.7,1.0,1.0,0.25,1.0,0.25
rho_0.7,0.903779301312953,0.06477654221609323,1.0,1.0,-1.4854250535024958,94,166,400,3,3,100,0.0,0,0.3,0.0,0.0,1.0,0.7,1.0,1.0,0.25,1.0,0.25
rho_0.7,1.004041263974189,0.0501571270064208,1.0,1.0,0.08057207849388137,95,167,400,3,3,100,0.0,0,0.3,0.0,0.0,1.0,0.7,1.0,1.0,0.25,1.0,0.25
rho_0.7,1.0192054241135238,0.06012112377038074,1.0,1.0,0.31944552777946433,96,168,400,3,3,100,0.0,0,0.3,0.0,0.0,1.0,0.7,1.0,1.0,0.25,1.0,0.25
rho_0.7,0.9359587212029299,0.044333062422760756,1.0,1.0,-1.4445489505410545,97,169,400,3,3,100,0.0,0,0.3,0.0,0.0,1.0,0.7,1.0,1.0,0.25,1.0,0.25
rho_0.7,1.0869320118094241,0.04844614302402658,1.0,1.0,1.7944052174867808,98,170,400,3,3,100,0.0,0,0.3,0.0,0.0,1.0,0.7,1.0,1.0,0.25,1.0,0.25
rho_0.7,0.8917470407221433,0.05385319766433532,1.0,1.0,-2.010149145694055,99,171,400,3,3,100,0.0,0,0.3,0.0,0.0,1.0,0.7,1.0,1.0,0.25,1.0,0.25
s1_0.5,1.1039295680570687,0.045541187998356526,1.0,1.0,2.28210050341285,0,73,400,3,3,100,0.0,0,0.3,0.0,0.0,1.0,0.7,0.5,1.0,0.25,1.0,0.25
s1_0.5,1.0097629800763606,0.048574196212475385,1.0,1.0,0.20099107834239613,1,74,400,3,3,100,0.0,0,0.3,0.0,0.0,1.0,0.7,0.5,1.0,0.25,1.0,0.25
s1_0.5,1.0933747522265915,0.050951270929244105,1.0,1.0,1.8326285198314445,2,75,400,3,3,100,0.0,0,0.3,0.0,0.0,1.0,0.7,0.5,1.0,0.25,1.0,0.25
s1_0.5,0.9052189400512567,0.05570776014936473,1.0,1.0,-1.70139778900847,3,76,400,3,3,100,0.0,0,0.3,0.0,0.0,1.0,0.7,0.5,1.0,0.25,1.0,0.25
s1_0.5,1.0848226157642655,0.05146822421938986,1.0,1.0,1.648057943532272,4,77,400,3,3,100,0.0,0,0.3,0.0,0.0,1.0,0.7,0.5,1.0,0.25,1.0,0.25
s1_0.5,0.9751797421681345,0.05394055172205789,1.0,1.0,-0.4601409707442006,5,78,400,3,3,100,0.0,0,0.3,0.0,0.0,1.0,0.7,0.5,1.0,0.25,1.0,0.25
s1_0.5,0.9634914059647504,0.04388468875689555,1.0,1.0,-0.831920997263837,6,79,400,3,3,100,0.0,0,0.3,0.0,0.0,1.0,0.7,0.5,1.0,0.25,1.0,0.25
s1_0.5,0.9386072805829052,0.05671611408181239,1.0,1.0,-1.0824563778917653,7,80,400,3,3,100,0.0,0,0.3,0.0,0.0,1.0,0.7,0.5,1.0,0.25,1.0,0.25
s1_0.5,1.0244864230110102,0.051413010907169536,1.0,1.0,0.4762689945395826,8,81,400,3,3,100,0.0,0,0.3,0.0,0.0,1.0,0.7,0.5,1.0,0.25,1.0,0.25
s1_0.5,0.9845926065577114,0.049663756932431434,1.0,1.0,-0.3102341504943064,9,82,400,3,3,100,0.0,0,0.3,0.0,0.0,1.0,0.7,0.5,1.0,0.25,1.0,0.25
s1_0.5,0.923979421924996,0.047785847141851585,1.0,1.0,-1.5908596921874794,10,83,400,3,3,100,0.0,0,0.3,0.0,0.0,1.0,0.7,0.5,1.0,0.25,1.0,0.25
s1_0.5,0.9910018086637165,0.046485690583050916,1.0,1.0,-0.19356905799231824,11,84,400,3,3,100,0.0,0,0.3,0.0,0.0,1.0,0.7,0.5,1.0,0.25,1.0,0.25
s1_0.5,0.9392244254334344,0.05101365323568893,1.0,1.0,-1.1913589933615505,12,85,400,3,3,100,0.0,0,0.3,0.0,0.0,1.0,0.7,0.5,1.0,0.25,1.0,0.25
s1_0.5,0.8123626151114274,0.045556113636083084,1.0,1.0,-4.118818966593167,13,86,400,3,3,100,0.0,0,0.3,0.0,0.0,1.0,0.7,0.5,1.0,0.25,1.0,0.25
s1_0.5,0.9442886673190147,0.05201718432606428,1.0,1.0,-1.0710178454059451,14,87,400,3,3,100,0.0,0,0.3,0.0,0.0,1.0,0.7,0.5,1.0,0.25,1.0,0.25
s1_0.5,0.9726362486113096,0.04962343829840777,1.0,1.0,-0.5514279607982828,15,88,400,3,3,100,0.0,0,0.3,0.0,0.0,1.0,0.7,0.5,1.0,0.25,1.0,0.25
s1_0.5,0.9846672906384005,0.058027325813363936,1.0,1.0,-0.2642325688230886,16,89,400,3,3,100,0.0,0,0.3,0.0,0.0,1.0,0.7,0.5,1.0,0.25,1.0,0.25
s1_0.5,0.9850344579774576,0.05387263037174493,1.0,1.0,-0.27779490103367077,17,90,400,3,3,100,0.0,0,0.3,0.0,0.0,1.0,0.7,0.5,1.0,0.25,1.0,0.25
s1_0.5,1.042481284458158,0.044558681656674065,1.0,1.0,0.9533783962792579,18,91,400,3,3,100,0.0,0,0.3,0.0,0.0,1.0,0.7,0.5,1.0,0.25,1.0,0.25
s1_0.5,0.8801000437570716,0.0451114399679095,1.0,1.0,-2.6578614277934927,19,92,400,3,3,100,0.0,0,0.3,0.0,0.0,1.0,0.7,0.5,1.0,0.25,1.0,0.25
s1_0.5,0.9275983362798661,0.05998419549380301,1.0,1.0,-1.2070123325670634,20,93,400,3,3,100,0.0,0,0.3,0.0,0.0,1.0,0.7,0.5,1.0,0.25,1.0,0.25
s1_0.5,0.9784744028058961,0.05735697735829856,1.0,1.0,-0.37529169397538814,21,94,400,3,3,100,0.0,0,0.3,0.0,0.0,1.0,0.7,0.5,1.0,0.25,1.0,0.25
s1_0.5,0.9219691476288325,0.05030431363008584,1.0,1.0,-1.5511761664212238,22,95,400,3,3,100,0.0,0,0.3,0.0,0.0,1.0,0.7,0.5,1.0,0.25,1.0,0.25
s1_0.5,0.9135472716756875,0.045484810527790576,1.0,1.0,-1.900694480666048,23,96,400,3,3,100,0.0,0,0.3,0.0,0.0,1.0,0.7,0.5,1.0,0.25,1.0,0.25
s1_0.5,0.943329641679597,0.04283455706823365,1.0,1.0,-1.3230055870574198,24,97,400,3,3,100,0.0,0,0.3,0.0,0.0,1.0,0.7,0.5,1.0,0.25,1.0,0.25
s1_0.5,0.9686308882847746,0.050946515153114,1.0,1.0,-0.6157263479346735,25,98,400,3,3,100,0.0,0,0.3,0.0,0.0,1.0,0.7,0.5,1.0,0.25,1.0,0.25
s1_0.5,0.9702354097211605,0.053557265152591946,1.0,1.0,-0.5557526172039613,26,99,400,3,3,100,0.0,0,0.3,0.0,0.0,1.0,0.7,0.5,1.0,0.25,1.0,0.25
s1_0.5,0.9471489575757671,0.046546996776153315,1.0,1.0,-1.1354339932691258,27,100,400,3,3,100,0.0,0,0.3,0.0,0.0,1.0,0.7,0.5,1.0,0.25,1.0,0.25
s1_0.5,0.9475432672947582,0.05369599734018632,1.0,1.0,-0.9769207260069441,28,101,400,3,3,100,0.0,0,0.3,0.0,0.0,1.0,0.7,0.5,1.0,0.25,1.0,0.25
s1_0.5,0.9490314790438461,0.04570337539106823,1.0,1.0,-1.1152025538602697,29,102,400,3,3,100,0.0,0,0.3,0.0,0.0,1.0,0.7,0.5,1.0,0.25,1.0,0.25
s1_0.5,1.0129279939621085,0.041233952125856545,1.0,1.0,0.3135278889263147,30,103,400,3,3,100,0.0,0,0.3,0.0,0.0,1.0,0.7,0.5,1.0,0.25,1.0,0.25
s1_0.5,1.0571205836701325,0.04305696567594221,1.0,1.0,1.3266281720833908,31,104,400,3,3,100,0.0,0,0.3,0.0,0.0,1.0,0.7,0.5,1.0,0.25,1.0,0.25
s1_0.5,0.9530201181503769,0.04820319895677521,1.0,1.0,-0.9746216613497148,32,105,400,3,3,100,0.0,0,0.3,0.0,0.0,1.0,0.7,0.5,1.0,0.25,1.0,0.25
s1_0.5,0.957878940116877,0.04386731809218223,1.0,1.0,-0.9601922733140493,33,106,400,3,3,100,0.0,0,0.3,0.0,0.0,1.0,0.7,0.5,1.0,0.25,1.0,0.25
s1_0.5,1.0587903619749777,0.05442328569101092,1.0,1.0,1.080242789984436,34,107,400,3,3,100,0.0,0,0.3,0.0,0.0,1.0,0.7,0.5,1.0,0.25,1.0,0.25
s1_0.5,0.9896390050896308,0.04869728248643004,1.0,1.0,-0.21276330795781936,35,108,400,3,3,100,0.0,0,0.3,0.0,0.0,1.0,0.7,0.5,1.0,0.25,1.0,0.25
s1_0.5,0.9617118570169628,0.04877397878351657,1.0,1.0,-0.7850116791369267,36,109,400,3,3,100,0.0,0,0.3,0.0,0.0,1.0,0.7,0.5,1.0,0.25,1.0,0.25
s1_0.5,0.919706541766014,0.05299636622462472,1.0,1.0,-1.515074786328987,37,110,400,3,3,100,0.0,0,0.3,0.0,0.0,1.0,0.7,0.5,1.0,0.25,1.0,0.25
s1_0.5,0.9802348801112591,0.054540487059026026,1.0,1.0,-0.3623935346846134,38,111,400,3,3,100,0.0,0,0.3,0.0,0.0,1.0,0.7,0.5,1.0,0.25,1.0,0.25
s1_0.5,1.0299863198782935,0.0537607036399916,1.0,1.0,0.5577739472886513,39,112,400,3,3,100,0.0,0,0.3,0.0,0.0,1.0,0.7,0.5,1.0,0.25,1.0,0.25
s1_0.5,1.0325623596025062,0.047752684476820004,1.0,1.0,0.6818958967283304,40,113,400,3,3,100,0.0,0,0.3,0.0,0.0,1.0,0.7,0.5,1.0,0.25,1.0,0.25
s1_0.5,1.0145088585212525,0.04945050498707719,1.0,1.0,0.2934016250196853,41,114,400,3,3,100,0.0,0,0.3,0.0,0.0,1.0,0.7,0.5,1.0,0.25,1.0,0.25
s1_0.5,0.8779995218804003,0.052000635777377346,1.0,1.0,-2.346134355777924,42,115,400,3,3,100,0.0,0,0.3,0.0,0.0,1.0,0.7,0.5,1.0,0.25,1.0,0.25
s1_0.5,0.9904358200138411,0.05402726775114255,1.0,1.0,-0.17702505390820217,43,116,400,3,3,100,0.0,0,0.3,0.0,0.0,1.0,0.7,0.5,1.0,0.25,1.0,0.25
s1_0.5,1.0107737168505597,0.04833647230670617,1.0,1.0,0.2228900111327525,44,117,400,3,3,100,0.0,0,0.3,0.0,0.0,1.0,0.7,0.5,1.0,0.25,1.0,0.25
s1_0.5,0.8770514607502908,0.045243267774515004,1.0,1.0,-2.7174990953894937,45,118,400,3,3,100,0.0,0,0.3,0.0,0.0,1.0,0.7,0.5,1.0,0.25,1.0,0.25
s1_0.5,0.9385176268593651,0.051917904191699484,1.0,1.0,-1.1842229400019681,46,119,400,3,3,100,0.0,0,0.3,0.0,0.0,1.0,0.7,0.5,1.0,0.25,1.0,0.25
s1_0.5,1.114445696094413,0.04923697148648786,1.0,1.0,2.324385368133788,47,120,400,3,3,100,0.0,0,0.3,0.0,0.0,1.0,0.7,0.5,1.0,0.25,1.0,0.25
s1_0.5,0.9376893887951518,0.04968732998565566,1.0,1.0,-1.2540543277901377,48,121,400,3,3,100,0.0,0,0.3,0.0,0.0,1.0,0.7,0.5,1.0,0.25,1.0,0.25
s1_0.5,0.940681411711791,0.050887011796213466,1.0,1.0,-1.1656921126703483,49,122,400,3,3,100,0.0,0,0.3,0.0,0.0,1.0,0.7,0.5,1.0,0.25,1.0,0.25
s1_0.5,0.954194042492323,0.05415632272637147,1.0,1.0,-0.8458099664394637,50,123,400,3,3,100,0.0,0,0.3,0.0,0.0,1.0,0.7,0.5,1.0,0.25,1.0,0.25
s1_0.5,0.9336264912548328,0.05417236149091714,1.0,1.0,-1.2252282698862187,51,124,400,3,3,100,0.0,0,0.3,0.0,0.0,1.0,0.7,0.5,1.0,0.25,1.0,0.25
s1_0.5,1.0423458247146762,0.046588946517360195,1.0,1.0,0.9089242809750394,52,125,400,3,3,100,0.0,0,0.3,0.0,0.0,1.0,0.7,0.5,1.0,0.25,1.0,0.25
s1_0.5,1.0517347745828913,0.04574053065433726,1.0,1.0,1.1310488497357578,53,126,400,3,3,100,0.0,0,0.3,0.0,0.0,1.0,0.7,0.5,1.0,0.25,1.0,0.25
s1_0.5,0.9289225674336716,0.05561772823718528,1.0,1.0,-1.277963606553907,54,127,400,3,3,100,0.0,0,0.3,0.0,0.0,1.0,0.7,0.5,1.0,0.25,1.0,0.25
s1_0.5,1.0117815482785146,0.046139927153740774,1.0,1.0,0.2553438855518316,55,128,400,3,3,100,0.0,0,0.3,0.0,0.0,1.0,0.7,0.5,1.0,0.25,1.0,0.25
s1_0.5,1.0191740331387684,0.044412677866438065,1.0,1.0,0.4317243197185803,56,129,400,3,3,100,0.0,0,0.3,0.0,0.0,1.0,0.7,0.5,1.0,0.25,1.0,0.25
s1_0.5,0.9818844319844013,0.054199237435269984,1.0,1.0,-0.3342402748236825,57,130,400,3,3,100,0.0,0,0.3,0.0,0.0,1.0,0.7,0.5,1.0,0.25,1.0,0.25
s1_0.5,1.05451611210905,0.0516976666025627,1.0,1.0,1.0545178475491899,58,131,400,3,3,100,0.0,0,0.3,0.0,0.0,1.0,0.7,0.5,1.0,0.25,1.0,0.25
s1_0.5,1.0633197503645415,0.05314353662122982,1.0,1.0,1.1914854447087455,59,132,400,3,3,100,0.0,0,0.3,0.0,0.0,1.0,0.7,0.5,1.0,0.25,1.0,0.25
s1_0.5,0.991584892189556,0.04805742004727213,1.0,1.0,-0.17510527619182154,60,133,400,3,3,100,0.0,0,0.3,0.0,0.0,1.0,0.7,0.5,1.0,0.25,1.0,0.25
s1_0.5,1.058341950094055,0.050719687989398646,1.0,1.0,1.150282117394916,61,134,400,3,3,100,0.0,0,0.3,0.0,0.0,1.0,0.7,0.5,1.0,0.25,1.0,0.25
s1_0.5,1.0998552956762615,0.04627587896773889,1.0,1.0,2.1578260187316025,62,135,400,3,3,100,0.0,0,0.3,0.0,0.0,1.0,0.7,0.5,1.0,0.25,1.0,0.25
s1_0.5,0.9867209373312059,0.05243578305012876,1.0,1.0,-0.25324429037512913,63,136,400,3,3,100,0.0,0,0.3,0.0,0.0,1.0,0.7,0.5,1.0,0.25,1.0,0.25
s1_0.5,0.9227460741630844,0.052625262681412696,1.0,1.0,-1.4680007642831543,64,137,400,3,3,100,0.0,0,0.3,0.0,0.0,1.0,0.7,0.5,1.0,0.25,1.0,0.25
s1_0.5,0.989663299034065,0.051876382488369344,1.0,1.0,-0.19925639510913193,65,138,400,3,3,100,0.0,0,0.3,0.0,0.0,1.0,0.7,0.5,1.0,0.25,1.0,0.25
s1_0.5,1.047212739476273,0.050650408507423514,1.0,1.0,0.9321294905124652,66,139,400,3,3,100,0.0,0,0.3,0.0,0.0,1.0,0.7,0.5,1.0,0.25,1.0,0.25
s1_0.5,1.001443202248879,0.04900266946306676,1.0,1.0,0.02945150263633699,67,140,400,3,3,100,0.0,0,0.3,0.0,0.0,1.0,0.7,0.5,1.0,0.25,1.0,0.25
s1_0.5,1.0364556429099046,0.04842209890115575,1.0,1.0,0.7528720096235733,68,141,400,3,3,100,0.0,0,0.3,0.0,0.0,1.0,0.7,0.5,1.0,0.25,1.0,0.25
s1_0.5,0.9757193049606817,0.04503600471815903,1.0,1.0,-0.5391396326399273,69,142,400,3,3,100,0.0,0,0.3,0.0,0.0,1.0,0.7,0.5,1.0,0.25,1.0,0.25
s1_0.5,1.0044390802701473,0.04886148692945315,1.0,1.0,0.09085029026145847,70,143,400,3,3,100,0.0,0,0.3,0.0,0.0,1.0,0.7,0.5,1.0,0.25,1.0,0.25
s1_0.5,1.028801591119259,0.04459234916359814,1.0,1.0,0.6458863831908281,71,144,400,3,3,100,0.0,0,0.3,0.0,0.0,1.0,0.7,0.5,1.0,0.25,1.0,0.25
s1_0.5,1.0013451055073992,0.055611999175381746,1.0,1.0,0.024187325169828477,72,145,400,3,3,100,0.0,0,0.3,0.0,0.0,1.0,0.7,0.5,1.0,0.25,1.0,0.25
s1_0.5,1.0165887712305965,0.049396834220057736,1.0,1.0,0.33582660695815647,73,146,400,3,3,100,0.0,0,0.3,0.0,0.0,1.0,0.7,0.5,1.0,0.25,1.0,0.25
s1_0.5,0.9794431910709207,0.047486713227224316,1.0,1.0,-0.4328960151593309,74,147,400,3,3,100,0.0,0,0.3,0.0,0.0,1.0,0.7,0.5,1.0,0.25,1.0,0.25
s1_0.5,0.9579872960007326,0.04696837174664969,1.0,1.0,-0.894489258130695,75,148,400,3,3,100,0.0,0,0.3,0.0,0.0,1.0,0.7,0.5,1.0,0.25,1.0,0.25
s1_0.5,0.9718814179000501,0.04723964810339765,1.0,1.0,-0.5952326748582933,76,149,400,3,3,100,0.0,0,0.3,0.0,0.0,1.0,0.7,0.5,1.0,0.25,1.0,0.25
s1_0.5,0.9401403872675536,0.05257077844014112,1.0,1.0,-1.1386480190816395,77,150,400,3,3,100,0.0,0,0.3,0.0,0.0,1.0,0.7,0.5,1.0,0.25,1.0,0.25
s1_0.5,1.0246397208908071,0.05742440649080453,1.0,1.0,0.4290809848379143,78,151,400,3,3,100,0.0,0,0.3,0.0,0.0,1.0,0.7,0.5,1.0,0.25,1.0,0.25
s1_0.5,0.9579148281509023,0.055809632086126444,1.0,1.0,-0.7540843807060231,79,152,400,3,3,100,0.0,0,0.3,0.0,0.0,1.0,0.7,0.5,1.0,0.25,1.0,0.25
s1_0.5,0.9023310829670297,0.05512440494777117,1.0,1.0,-1.7717908633301145,80,153,400,3,3,100,0.0,0,0.3,0.0,0.0,1.0,0.7,0.5,1.0,0.25,1.0,0.25
s1_0.5,0.8674463574804555,0.04789016613366604,1.0,1.0,-2.767867669315963,81,154,400,3,3,100,0.0,0,0.3,0.0,0.0,1.0,0.7,0.5,1.0,0.25,1.0,0.25
s1_0.5,0.968834408534158,0.04780576411029757,1.0,1.0,-0.6519212075333979,82,155,400,3,3,100,0.0,0,0.3,0.0,0.0,1.0,0.7,0.5,1.0,0.25,1.0,0.25
s1_0.5,1.00729562120202,0.05012993890900497,1.0,1.0,0.14553421290345053,83,156,400,3,3,100,0.0,0,0.3,0.0,0.0,1.0,0.7,0.5,1.0,0.25,1.0,0.25
s1_0.5,0.9572126218130762,0.05127970699125414,1.0,1.0,-0.8343920177668189,84,157,400,3,3,100,0.0,0,0.3,0.0,0.0,1.0,0.7,0.5,1.0,0.25,1.0,0.25
s1_0.5,0.9766586365117595,0.05713908575798579,1.0,1.0,-0.40850082178604424,85,158,400,3,3,100,0.0,0,0.3,0.0,0.0,1.0,0.7,0.5,1.0,0.25,1.0,0.25
s1_0.5,1.0350472542261513,0.05120760756464366,1.0,1.0,0.6844149901341945,86,159,400,3,3,100,0.0,0,0.3,0.0,0.0,1.0,0.7,0.5,1.0,0.25,1.0,0.25
s1_0.5,0.9643198226729878,0.05183891436104507,1.0,1.0,-0.6882894398310259,87,160,400,3,3,100,0.0,0,0.3,0.0,0.0,1.0,0.7,0.5,1.0,0.25,1.0,0.25
s1_0.5,1.0743665969307084,0.04738084327262286,1.0,1.0,1.56954988122126,88,161,400,3,3,100,0.0,0,0.3,0.0,0.0,1.0,0.7,0.5,1.0,0.25,1.0,0.25
s1_0.5,1.0544365332880805,0.04746291781495254,1.0,1.0,1.1469276604594045,89,162,400,3,3,100,0.0,0,0.3,0.0,0.0,1.0,0.7,0.5,1.0,0.25,1.0,0.25
s1_0.5,0.9604693023019877,0.05266686527761959,1.0,1.0,-0.7505800371758714,90,163,400,3,3,100,0.0,0,0.3,0.0,0.0,1.0,0.7,0.5,1.0,0.25,1.0,0.25
s1_0.5,1.0113038994576877,0.04888763167935198,1.0,1.0,0.2312220712966549,91,164,400,3,3,100,0.0,0,0.3,0.0,0.0,1.0,0.7,0.5,1.0,0.25,1.0,0.25
s1_0.5,0.9672816584441506,0.0538761721669913,1.0,1.0,-0.6072877904992513,92,165,400,3,3,100,0.0,0,0.3,0.0,0.0,1.0,0.7,0.5,1.0,0.25,1.0,0.25
s1_0.5,0.903779301312953,0.06477654221609323,1.0,1.0,-1.4854250535024958,93,166,400,3,3,100,0.0,0,0.3,0.0,0.0,1.0,0.7,0.5,1.0,0.25,1.0,0.25
s1_0.5,1.004041263974189,0.0501571270064208,1.0,1.0,0.08057207849388137,94,167,400,3,3,100,0.0,0,0.3,0.0,0.0,1.0,0.7,0.5,1.0,0.25,1.0,0.25
s1_0.5,1.0192054241135238,0.06012112377038074,1.0,1.0,0.31944552777946433,95,168,400,3,3,100,0.0,0,0.3,0.0,0.0,1.0,0.7,0.5,1.0,0.25,1.0,0.25
s1_0.5,0.9359587212029299,0.044333062422760756,1.0,1.0,-1.4445489505410545,96,169,400,3,3,100,0.0,0,0.3,0.0,0.0,1.0,0.7,0.5,1.0,0.25,1.0,0.25
s1_0.5,1.0869320118094241,0.04844614302402658,1.0,1.0,1.7944052174867808,97,170,400,3,3,100,0.0,0,0.3,0.0,0.0,1.0,0.7,0.5,1.0,0.25,1.0,0.25
s1_0.5,0.8917470407221433,0.05385319766433532,1.0,1.0,-2.010149145694055,98,171,400,3,3,100,0.0,0,0.3,0.0,0.0,1.0,0.7,0.5,1.0,0.25,1.0,0.25
s1_0.5,0.9746104816017869,0.05147025816172358,1.0,1.0,-0.4932852351048498,99,172,400,3,3,100,0.0,0,0.3,0.0,0.0,1.0,0.7,0.5,1.0,0.25,1.0,0.25
s1_1.0,1.0097629800763603,0.048574196212475385,1.0,1.0,0.20099107834239155,0,74,400,3,3,100,0.0,0,0.3,0.0,0.0,1.0,0.7,1.0,1.0,0.25,1.0,0.25
s1_1.0,1.0933747522265915,0.050951270929244105,1.0,1.0,1.8326285198314445,1,75,400,3,3,100,0.0,0,0.3,0.0,0.0,1.0,0.7,1.0,1.0,0.25,1.0,0.25
s1_1.0,0.9052189400512568,0.055707760149364675,1.0,1.0,-1.7013977890084697,2,76,400,3,3,100,0.0,0,0.3,0.0,0.0,1.0,0.7,1.0,1.0,0.25,1.0,0.25
s1_1.0,1.0848226157642653,0.05146822421938986,1.0,1.0,1.6480579435322678,3,77,400,3,3,100,0.0,0,0.3,0.0,0.0,1.0,0.7,1.0,1.0,0.25,1.0,0.25
s1_1.0,0.9751797421681345,0.05394055172205789,1.0,1.0,-0.4601409707442006,4,78,400,3,3,100,0.0,0,0.3,0.0,0.0,1.0,0.7,1.0,1.0,0.25,1.0,0.25
s1_1.0,0.9634914059647506,0.04388468875689555,1.0,1.0,-0.831920997263832,5,79,400,3,3,100,0.0,0,0.3,0.0,0.0,1.0,0.7,1.0,1.0,0.25,1.0,0.25
s1_1.0,0.9386072805829052,0.05671611408181239,1.0,1.0,-1.0824563778917653,6,80,400,3,3,100,0.0,0,0.3,0.0,0.0,1.0,0.7,1.0,1.0,0.25,1.0,0.25
s1_1.0,1.0244864230110102,0.051413010907169536,1.0,1.0,0.4762689945395826,7,81,400,3,3,100,0.0,0,0.3,0.0,0.0,1.0,0.7,1.0,1.0,0.25,1.0,0.25
s1_1.0,0.9845926065577113,0.04966375693243149,1.0,1.0,-0.3102341504943083,8,82,400,3,3,100,0.0,0,0.3,0.0,0.0,1.0,0.7,1.0,1.0,0.25,1.0,0.25
s1_1.0,0.923979421924996,0.047785847141851585,1.0,1.0,-1.5908596921874794,9,83,400,3,3,100,0.0,0,0.3,0.0,0.0,1.0,0.7,1.0,1.0,0.25,1.0,0.25
s1_1.0,0.9910018086637167,0.046485690583050916,1.0,1.0,-0.19356905799231347,10,84,400,3,3,100,0.0,0,0.3,0.0,0.0,1.0,0.7,1.0,1.0,0.25,1.0,0.25
s1_1.0,0.9392244254334344,0.05101365323568893,1.0,1.0,-1.1913589933615505,11,85,400,3,3,100,0.0,0,0.3,0.0,0.0,1.0,0.7,1.0,1.0,0.25,1.0,0.25
s1_1.0,0.8123626151114274,0.045556113636083084,1.0,1.0,-4.118818966593167,12,86,400,3,3,100,0.0,0,0.3,0.0,0.0,1.0,0.7,1.0,1.0,0.25,1.0,0.25
s1_1.0,0.9442886673190147,0.05201718432606428,1.0,1.0,-1.0710178454059451,13,87,400,3,3,100,0.0,0,0.3,0.0,0.0,1.0,0.7,1.0,1.0,0.25,1.0,0.25
s1_1.0,0.9726362486113096,0.04962343829840777,1.0,1.0,-0.5514279607982828,14,88,400,3,3,100,0.0,0,0.3,0.0,0.0,1.0,0.7,1.0,1.0,0.25,1.0,0.25
s1_1.0,0.9846672906384005,0.058027325813363936,1.0,1.0,-0.2642325688230886,15,89,400,3,3,100,0.0,0,0.3,0.0,0.0,1.0,0.7,1.0,1.0,0.25,1.0,0.25
s1_1.0,0.9850344579774576,0.05387263037174493,1.0,1.0,-0.27779490103367077,16,90,400,3,3,100,0.0,0,0.3,0.0,0.0,1.0,0.7,1.0,1.0,0.25,1.0,0.25
s1_1.0,1.042481284458158,0.04455868165667395,1.0,1.0,0.9533783962792605,17,91,400,3,3,100,0.0,0,0.3,0.0,0.0,1.0,0.7,1.0,1.0,0.25,1.0,0.25
s1_1.0,0.8801000437570716,0.0451114399679095,1.0,1.0,-2.6578614277934927,18,92,400,3,3,100,0.0,0,0.3,0.0,0.0,1.0,0.7,1.0,1.0,0.25,1.0,0.25
s1_1.0,0.9275983362798661,0.05998419549380301,1.0,1.0,-1.2070123325670634,19,93,400,3,3,100,0.0,0,0.3,0.0,0.0,1.0,0.7,1.0,1.0,0.25,1.0,0.25
s1_1.0,0.9784744028058959,0.05735697735829856,1.0,1.0,-0.375291693975392,20,94,400,3,3,100,0.0,0,0.3,0.0,0.0,1.0,0.7,1.0,1.0,0.25,1.0,0.25
s1_1.0,0.9219691476288326,0.0503043136300859,1.0,1.0,-1.5511761664212196,21,95,400,3,3,100,0.0,0,0.3,0.0,0.0,1.0,0.7,1.0,1.0,0.25,1.0,0.25
s1_1.0,0.9135472716756875,0.045484810527790576,1.0,1.0,-1.900694480666048,22,96,400,3,3,100,0.0,0,0.3,0.0,0.0,1.0,0.7,1.0,1.0,0.25,1.0,0.25
s1_1.0,0.943329641679597,0.04283455706823365,1.0,1.0,-1.3230055870574198,23,97,400,3,3,100,0.0,0,0.3,0.0,0.0,1.0,0.7,1.0,1.0,0.25,1.0,0.25
s1_1.0,0.9686308882847746,0.050946515153114,1.0,1.0,-0.6157263479346735,24,98,400,3,3,100,0.0,0,0.3,0.0,0.0,1.0,0.7,1.0,1.0,0.25,1.0,0.25
s1_1.0,0.9702354097211605,0.053557265152591946,1.0,1.0,-0.5557526172039613,25,99,400,3,3,100,0.0,0,0.3,0.0,0.0,1.0,0.7,1.0,1.0,0.25,1.0,0.25
s1_1.0,0.9471489575757671,0.046546996776153315,1.0,1.0,-1.1354339932691258,26,100,400,3,3,100,0.0,0,0.3,0.0,0.0,1.0,0.7,1.0,1.0,0.25,1.0,0.25
s1_1.0,0.9475432672947582,0.05369599734018632,1.0,1.0,-0.9769207260069441,27,101,400,3,3,100,0.0,0,0.3,0.0,0.0,1.0,0.7,1.0,1.0,0.25,1.0,0.25
s1_1.0,0.9490314790438463,0.04570337539106823,1.0,1.0,-1.1152025538602648,28,102,400,3,3,100,0.0,0,0.3,0.0,0.0,1.0,0.7,1.0,1.0,0.25,1.0,0.25
s1_1.0,1.0129279939621085,0.041233952125856545,1.0,1.0,0.3135278889263147,29,103,400,3,3,100,0.0,0,0.3,0.0,0.0,1.0,0.7,1.0,1.0,0.25,1.0,0.25
s1_1.0,1.0571205836701325,0.04305696567594221,1.0,1.0,1.3266281720833908,30,104,400,3,3,100,0.0,0,0.3,0.0,0.0,1.0,0.7,1.0,1.0,0.25,1.0,0.25
s1_1.0,0.9530201181503769,0.04820319895677521,1.0,1.0,-0.9746216613497148,31,105,400,3,3,100,0.0,0,0.3,0.0,0.0,1.0,0.7,1.0,1.0,0.25,1.0,0.25
s1_1.0,0.957878940116877,0.04386731809218223,1.0,1.0,-0.9601922733140493,32,106,400,3,3,100,0.0,0,0.3,0.0,0.0,1.0,0.7,1.0,1.0,0.25,1.0,0.25
s1_1.0,1.0587903619749777,0.05442328569101092,1.0,1.0,1.080242789984436,33,107,400,3,3,100,0.0,0,0.3,0.0,0.0,1.0,0.7,1.0,1.0,0.25,1.0,0.25
s1_1.0,0.9896390050896307,0.04869728248642998,1.0,1.0,-0.21276330795782186,34,108,400,3,3,100,0.0,0,0.3,0.0,0.0,1.0,0.7,1.0,1.0,0.25,1.0,0.25
s1_1.0,0.9617118570169629,0.04877397878351662,1.0,1.0,-0.7850116791369235,35,109,400,3,3,100,0.0,0,0.3,0.0,0.0,1.0,0.7,1.0,1.0,0.25,1.0,0.25
s1_1.0,0.9197065417660139,0.05299636622462466,1.0,1.0,-1.5150747863289906,36,110,400,3,3,100,0.0,0,0.3,0.0,0.0,1.0,0.7,1.0,1.0,0.25,1.0,0.25
s1_1.0,0.9802348801112594,0.054540487059026026,1.0,1.0,-0.36239353468460933,37,111,400,3,3,100,0.0,0,0.3,0.0,0.0,1.0,0.7,1.0,1.0,0.25,1.0,0.25
s1_1.0,1.0299863198782933,0.0537607036399916,1.0,1.0,0.5577739472886472,38,112,400,3,3,100,0.0,0,0.3,0.0,0.0,1.0,0.7,1.0,1.0,0.25,1.0,0.25
s1_1.0,1.0325623596025062,0.047752684476820004,1.0,1.0,0.6818958967283304,39,113,400,3,3,100,0.0,0,0.3,0.0,0.0,1.0,0.7,1.0,1.0,0.25,1.0,0.25
s1_1.0,1.0145088585212525,0.04945050498707719,1.0,1.0,0.2934016250196853,40,114,400,3,3,100,0.0,0,0.3,0.0,0.0,1.0,0.7,1.0,1.0,0.25,1.0,0.25
s1_1.0,0.8779995218804003,0.052000635777377346,1.0,1.0,-2.346134355777924,41,115,400,3,3,100,0.0,0,0.3,0.0,0.0,1.0,0.7,1.0,1.0,0.25,1.0,0.25
s1_1.0,0.9904358200138413,0.05402726775114266,1.0,1.0,-0.1770250539081977,42,116,400,3,3,100,0.0,0,0.3,0.0,0.0,1.0,0.7,1.0,1.0,0.25,1.0,0.25
s1_1.0,1.0107737168505597,0.04833647230670606,1.0,1.0,0.22289001113275303,43,117,400,3,3,100,0.0,0,0.3,0.0,0.0,1.0,0.7,1.0,1.0,0.25,1.0,0.25
s1_1.0,0.8770514607502908,0.045243267774515004,1.0,1.0,-2.7174990953894937,44,118,400,3,3,100,0.0,0,0.3,0.0,0.0,1.0,0.7,1.0,1.0,0.25,1.0,0.25
s1_1.0,0.9385176268593651,0.051917904191699484,1.0,1.0,-1.1842229400019681,45,119,400,3,3,100,0.0,0,0.3,0.0,0.0,1.0,0.7,1.0,1.0,0.25,1.0,0.25
s1_1.0,1.114445696094413,0.04923697148648786,1.0,1.0,2.324385368133788,46,120,400,3,3,100,0.0,0,0.3,0.0,0.0,1.0,0.7,1.0,1.0,0.25,1.0,0.25
s1_1.0,0.9376893887951518,0.04968732998565566,1.0,1.0,-1.2540543277901377,47,121,400,3,3,100,0.0,0,0.3,0.0,0.0,1.0,0.7,1.0,1.0,0.25,1.0,0.25
s1_1.0,0.9406814117117911,0.05088701179621341,1.0,1.0,-1.1656921126703474,48,122,400,3,3,100,0.0,0,0.3,0.0,0.0,1.0,0.7,1.0,1.0,0.25,1.0,0.25
s1_1.0,0.9541940424923232,0.05415632272637147,1.0,1.0,-0.8458099664394596,49,123,400,3,3,100,0.0,0,0.3,0.0,0.0,1.0,0.7,1.0,1.0,0.25,1.0,0.25
s1_1.0,0.9336264912548328,0.05417236149091714,1.0,1.0,-1.2252282698862187,50,124,400,3,3,100,0.0,0,0.3,0.0,0.0,1.0,0.7,1.0,1.0,0.25,1.0,0.25
s1_1.0,1.0423458247146762,0.046588946517360195,1.0,1.0,0.9089242809750394,51,125,400,3,3,100,0.0,0,0.3,0.0,0.0,1.0,0.7,1.0,1.0,0.25,1.0,0.25
s1_1.0,1.051734774582891,0.04574053065433726,1.0,1.0,1.131048849735753,52,126,400,3,3,100,0.0,0,0.3,0.0,0.0,1.0,0.7,1.0,1.0,0.25,1.0,0.25
s1_1.0,0.9289225674336716,0.05561772823718528,1.0,1.0,-1.277963606553907,53,127,400,3,3,100,0.0,0,0.3,0.0,0.0,1.0,0.7,1.0,1.0,0.25,1.0,0.25
s1_1.0,1.0117815482785146,0.046139927153740774,1.0,1.0,0.2553438855518316,54,128,400,3,3,100,0.0,0,0.3,0.0,0.0,1.0,0.7,1.0,1.0,0.25,1.0,0.25
s1_1.0,1.0191740331387684,0.044412677866438065,1.0,1.0,0.4317243197185803,55,129,400,3,3,100,0.0,0,0.3,0.0,0.0,1.0,0.7,1.0,1.0,0.25,1.0,0.25
s1_1.0,0.9818844319844013,0.054199237435269984,1.0,1.0,-0.3342402748236825,56,130,400,3,3,100,0.0,0,0.3,0.0,0.0,1.0,0.7,1.0,1.0,0.25,1.0,0.25
s1_1.0,1.05451611210905,0.0516976666025627,1.0,1.0,1.0545178475491899,57,131,400,3,3,100,0.0,0,0.3,0.0,0.0,1.0,0.7,1.0,1.0,0.25,1.0,0.25
s1_1.0,1.0633197503645417,0.053143536621229934,1.0,1.0,1.191485444708747,58,132,400,3,3,100,0.0,0,0.3,0.0,0.0,1.0,0.7,1.0,1.0,0.25,1.0,0.25
s1_1.0,0.9915848921895557,0.04805742004727207,1.0,1.0,-0.17510527619182867,59,133,400,3,3,100,0.0,0,0.3,0.0,0.0,1.0,0.7,1.0,1.0,0.25,1.0,0.25
s1_1.0,1.058341950094055,0.050719687989398764,1.0,1.0,1.1502821173949134,60,134,400,3,3,100,0.0,0,0.3,0.0,0.0,1.0,0.7,1.0,1.0,0.25,1.0,0.25
s1_1.0,1.0998552956762615,0.04627587896773889,1.0,1.0,2.1578260187316025,61,135,400,3,3,100,0.0,0,0.3,0.0,0.0,1.0,0.7,1.0,1.0,0.25,1.0,0.25
s1_1.0,0.9867209373312061,0.05243578305012876,1.0,1.0,-0.2532442903751249,62,136,400,3,3,100,0.0,0,0.3,0.0,0.0,1.0,0.7,1.0,1.0,0.25,1.0,0.25
s1_1.0,0.9227460741630842,0.052625262681412696,1.0,1.0,-1.4680007642831585,63,137,400,3,3,100,0.0,0,0.3,0.0,0.0,1.0,0.7,1.0,1.0,0.25,1.0,0.25
s1_1.0,0.989663299034065,0.051876382488369344,1.0,1.0,-0.19925639510913193,64,138,400,3,3,100,0.0,0,0.3,0.0,0.0,1.0,0.7,1.0,1.0,0.25,1.0,0.25
s1_1.0,1.0472127394762731,0.050650408507423514,1.0,1.0,0.9321294905124696,65,139,400,3,3,100,0.0,0,0.3,0.0,0.0,1.0,0.7,1.0,1.0,0.25,1.0,0.25
s1_1.0,1.001443202248879,0.04900266946306676,1.0,1.0,0.02945150263633699,66,140,400,3,3,100,0.0,0,0.3,0.0,0.0,1.0,0.7,1.0,1.0,0.25,1.0,0.25
s1_1.0,1.0364556429099046,0.04842209890115575,1.0,1.0,0.7528720096235733,67,141,400,3,3,100,0.0,0,0.3,0.0,0.0,1.0,0.7,1.0,1.0,0.25,1.0,0.25
s1_1.0,0.9757193049606818,0.045036004718159085,1.0,1.0,-0.5391396326399241,68,142,400,3,3,100,0.0,0,0.3,0.0,0.0,1.0,0.7,1.0,1.0,0.25,1.0,0.25
s1_1.0,1.0044390802701473,0.04886148692945315,1.0,1.0,0.09085029026145847,69,143,400,3,3,100,0.0,0,0.3,0.0,0.0,1.0,0.7,1.0,1.0,0.25,1.0,0.25
s1_1.0,1.028801591119259,0.04459234916359814,1.0,1.0,0.6458863831908281,70,144,400,3,3,100,0.0,0,0.3,0.0,0.0,1.0,0.7,1.0,1.0,0.25,1.0,0.25
s1_1.0,1.0013451055073992,0.05561199917538163,1.0,1.0,0.024187325169828525,71,145,400,3,3,100,0.0,0,0.3,0.0,0.0,1.0,0.7,1.0,1.0,0.25,1.0,0.25
s1_1.0,1.0165887712305965,0.049396834220057736,1.0,1.0,0.33582660695815647,72,146,400,3,3,100,0.0,0,0.3,0.0,0.0,1.0,0.7,1.0,1.0,0.25,1.0,0.25
s1_1.0,0.9794431910709203,0.047486713227224316,1.0,1.0,-0.43289601515934023,73,147,400,3,3,100,0.0,0,0.3,0.0,0.0,1.0,0.7,1.0,1.0,0.25,1.0,0.25
s1_1.0,0.9579872960007328,0.04696837174664969,1.0,1.0,-0.8944892581306902,74,148,400,3,3,100,0.0,0,0.3,0.0,0.0,1.0,0.7,1.0,1.0,0.25,1.0,0.25
s1_1.0,0.9718814179000501,0.04723964810339765,1.0,1.0,-0.5952326748582933,75,149,400,3,3,100,0.0,0,0.3,0.0,0.0,1.0,0.7,1.0,1.0,0.25,1.0,0.25
s1_1.0,0.9401403872675538,0.05257077844014112,1.0,1.0,-1.1386480190816353,76,150,400,3,3,100,0.0,0,0.3,0.0,0.0,1.0,0.7,1.0,1.0,0.25,1.0,0.25
s1_1.0,1.0246397208908071,0.05742440649080453,1.0,1.0,0.4290809848379143,77,151,400,3,3,100,0.0,0,0.3,0.0,0.0,1.0,0.7,1.0,1.0,0.25,1.0,0.25
s1_1.0,0.9579148281509023,0.055809632086126444,1.0,1.0,-0.7540843807060231,78,152,400,3,3,100,0.0,0,0.3,0.0,0.0,1.0,0.7,1.0,1.0,0.25,1.0,0.25
s1_1.0,0.9023310829670295,0.05512440494777117,1.0,1.0,-1.7717908633301185,79,153,400,3,3,100,0.0,0,0.3,0.0,0.0,1.0,0.7,1.0,1.0,0.25,1.0,0.25
s1_1.0,0.8674463574804554,0.04789016613366604,1.0,1.0,-2.767867669315965,80,154,400,3,3,100,0.0,0,0.3,0.0,0.0,1.0,0.7,1.0,1.0,0.25,1.0,0.25
s1_1.0,0.968834408534158,0.04780576411029757,1.0,1.0,-0.6519212075333979,81,155,400,3,3,100,0.0,0,0.3,0.0,0.0,1.0,0.7,1.0,1.0,0.25,1.0,0.25
s1_1.0,1.00729562120202,0.05012993890900497,1.0,1.0,0.14553421290345053,82,156,400,3,3,100,0.0,0,0.3,0.0,0.0,1.0,0.7,1.0,1.0,0.25,1.0,0.25
s1_1.0,0.9572126218130762,0.05127970699125414,1.0,1.0,-0.8343920177668189,83,157,400,3,3,100,0.0,0,0.3,0.0,0.0,1.0,0.7,1.0,1.0,0.25,1.0,0.25
s1_1.0,0.9766586365117595,0.05713908575798579,1.0,1.0,-0.40850082178604424,84,158,400,3,3,100,0.0,0,0.3,0.0,0.0,1.0,0.7,1.0,1.0,0.25,1.0,0.25
s1_1.0,1.0350472542261513,0.05120760756464366,1.0,1.0,0.6844149901341945,85,159,400,3,3,100,0.0,0,0.3,0.0,0.0,1.0,0.7,1.0,1.0,0.25,1.0,0.25
s1_1.0,0.9643198226729878,0.05183891436104507,1.0,1.0,-0.6882894398310259,86,160,400,3,3,100,0.0,0,0.3,0.0,0.0,1.0,0.7,1.0,1.0,0.25,1.0,0.25
s1_1.0,1.0743665969307084,0.04738084327262286,1.0,1.0,1.56954988122126,87,161,400,3,3,100,0.0,0,0.3,0.0,0.0,1.0,0.7,1.0,1.0,0.25,1.0,0.25
s1_1.0,1.0544365332880803,0.04746291781495254,1.0,1.0,1.1469276604593999,88,162,400,3,3,100,0.0,0,0.3,0.0,0.0,1.0,0.7,1.0,1.0,0.25,1.0,0.25
s1_1.0,0.9604693023019877,0.05266686527761959,1.0,1.0,-0.7505800371758714,89,163,400,3,3,100,0.0,0,0.3,0.0,0.0,1.0,0.7,1.0,1.0,0.25,1.0,0.25
s1_1.0,1.0113038994576877,0.04888763167935198,1.0,1.0,0.2312220712966549,90,164,400,3,3,100,0.0,0,0.3,0.0,0.0,1.0,0.7,1.0,1.0,0.25,1.0,0.25
s1_1.0,0.9672816584441506,0.0538761721669913,1.0,1.0,-0.6072877904992513,91,165,400,3,3,100,0.0,0,0.3,0.0,0.0,1.0,0.7,1.0,1.0,0.25,1.0,0.25
s1_1.0,0.903779301312953,0.06477654221609323,1.0,1.0,-1.4854250535024958,92,166,400,3,3,100,0.0,0,0.3,0.0,0.0,1.0,0.7,1.0,1.0,0.25,1.0,0.25
s1_1.0,1.0040412639741887,0.0501571270064208,1.0,1.0,0.08057207849387694,93,167,400,3,3,100,0.0,0,0.3,0.0,0.0,1.0,0.7,1.0,1.0,0.25,1.0,0.25
s1_1.0,1.0192054241135236,0.06012112377038074,1.0,1.0,0.3194455277794606,94,168,400,3,3,100,0.0,0,0.3,0.0,0.0,1.0,0.7,1.0,1.0,0.25,1.0,0.25
s1_1.0,0.9359587212029299,0.044333062422760756,1.0,1.0,-1.4445489505410545,95,169,400,3,3,100,0.0,0,0.3,0.0,0.0,1.0,0.7,1.0,1.0,0.25,1.0,0.25
s1_1.0,1.0869320118094241,0.04844614302402658,1.0,1.0,1.7944052174867808,96,170,400,3,3,100,0.0,0,0.3,0.0,0.0,1.0,0.7,1.0,1.0,0.25,1.0,0.25
s1_1.0,0.8917470407221433,0.05385319766433532,1.0,1.0,-2.010149145694055,97,171,400,3,3,100,0.0,0,0.3,0.0,0.0,1.0,0.7,1.0,1.0,0.25,1.0,0.25
s1_1.0,0.9746104816017869,0.05147025816172358,1.0,1.0,-0.4932852351048498,98,172,400,3,3,100,0.0,0,0.3,0.0,0.0,1.0,0.7,1.0,1.0,0.25,1.0,0.25
s1_1.0,1.109483374088141,0.052468470263012615,1.0,1.0,2.086650774061554,99,173,400,3,3,100,0.0,0,0.3,0.0,0.0,1.0,0.7,1.0,1.0,0.25,1.0,0.25
s1_2.0,1.0933747522265915,0.050951270929244105,1.0,1.0,1.8326285198314445,0,75,400,3,3,100,0.0,0,0.3,0.0,0.0,1.0,0.7,2.0,1.0,0.25,1.0,0.25
s1_2.0,0.9052189400512567,0.05570776014936473,1.0,1.0,-1.70139778900847,1,76,400,3,3,100,0.0,0,0.3,0.0,0.0,1.0,0.7,2.0,1.0,0.25,1.0,0.25
s1_2.0,1.0848226157642653,0.05146822421938986,1.0,1.0,1.6480579435322678,2,77,400,3,3,100,0.0,0,0.3,0.0,0.0,1.0,0.7,2.0,1.0,0.25,1.0,0.25
s1_2.0,0.9751797421681349,0.053940551722057944,1.0,1.0,-0.4601409707441939,3,78,400,3,3,100,0.0,0,0.3,0.0,0.0,1.0,0.7,2.0,1.0,0.25,1.0,0.25
s1_2.0,0.9634914059647504,0.04388468875689555,1.0,1.0,-0.831920997263837,4,79,400,3,3,100,0.0,0,0.3,0.0,0.0,1.0,0.7,2.0,1.0,0.25,1.0,0.25
s1_2.0,0.9386072805829052,0.05671611408181239,1.0,1.0,-1.0824563778917653,5,80,400,3,3,100,0.0,0,0.3,0.0,0.0,1.0,0.7,2.0,1.0,0.25,1.0,0.25
s1_2.0,1.0244864230110102,0.051413010907169536,1.0,1.0,0.4762689945395826,6,81,400,3,3,100,0.0,0,0.3,0.0,0.0,1.0,0.7,2.0,1.0,0.25,1.0,0.25
s1_2.0,0.9845926065577114,0.049663756932431434,1.0,1.0,-0.3102341504943064,7,82,400,3,3,100,0.0,0,0.3,0.0,0.0,1.0,0.7,2.0,1.0,0.25,1.0,0.25
s1_2.0,0.9239794219249959,0.04778584714185164,1.0,1.0,-1.5908596921874798,8,83,400,3,3,100,0.0,0,0.3,0.0,0.0,1.0,0.7,2.0,1.0,0.25,1.0,0.25
s1_2.0,0.9910018086637165,0.046485690583050916,1.0,1.0,-0.19356905799231824,9,84,400,3,3,100,0.0,0,0.3,0.0,0.0,1.0,0.7,2.0,1.0,0.25,1.0,0.25
s1_2.0,0.9392244254334344,0.05101365323568893,1.0,1.0,-1.1913589933615505,10,85,400,3,3,100,0.0,0,0.3,0.0,0.0,1.0,0.7,2.0,1.0,0.25,1.0,0.25
s1_2.0,0.8123626151114272,0.045556113636083084,1.0,1.0,-4.118818966593172,11,86,400,3,3,100,0.0,0,0.3,0.0,0.0,1.0,0.7,2.0,1.0,0.25,1.0,0.25
s1_2.0,0.9442886673190147,0.05201718432606428,1.0,1.0,-1.0710178454059451,12,87,400,3,3,100,0.0,0,0.3,0.0,0.0,1.0,0.7,2.0,1.0,0.25,1.0,0.25
s1_2.0,0.9726362486113096,0.04962343829840777,1.0,1.0,-0.5514279607982828,13,88,400,3,3,100,0.0,0,0.3,0.0,0.0,1.0,0.7,2.0,1.0,0.25,1.0,0.25
s1_2.0,0.9846672906384005,0.058027325813363936,1.0,1.0,-0.2642325688230886,14,89,400,3,3,100,0.0,0,0.3,0.0,0.0,1.0,0.7,2.0,1.0,0.25,1.0,0.25
s1_2.0,0.9850344579774576,0.05387263037174493,1.0,1.0,-0.27779490103367077,15,90,400,3,3,100,0.0,0,0.3,0.0,0.0,1.0,0.7,2.0,1.0,0.25,1.0,0.25
s1_2.0,1.042481284458158,0.04455868165667395,1.0,1.0,0.9533783962792605,16,91,400,3,3,100,0.0,0,0.3,0.0,0.0,1.0,0.7,2.0,1.0,0.25,1.0,0.25
s1_2.0,0.8801000437570716,0.0451114399679095,1.0,1.0,-2.6578614277934927,17,92,400,3,3,100,0.0,0,0.3,0.0,0.0,1.0,0.7,2.0,1.0,0.25,1.0,0.25
s1_2.0,0.9275983362798661,0.05998419549380301,1.0,1.0,-1.2070123325670634,18,93,400,3,3,100,0.0,0,0.3,0.0,0.0,1.0,0.7,2.0,1.0,0.25,1.0,0.25
s1_2.0,0.9784744028058961,0.05735697735829856,1.0,1.0,-0.37529169397538814,19,94,400,3,3,100,0.0,0,0.3,0.0,0.0,1.0,0.7,2.0,1.0,0.25,1.0,0.25
s1_2.0,0.9219691476288326,0.0503043136300859,1.0,1.0,-1.5511761664212196,20,95,400,3,3,100,0.0,0,0.3,0.0,0.0,1.0,0.7,2.0,1.0,0.25,1.0,0.25
s1_2.0,0.9135472716756875,0.045484810527790576,1.0,1.0,-1.900694480666048,21,96,400,3,3,100,0.0,0,0.3,0.0,0.0,1.0,0.7,2.0,1.0,0.25,1.0,0.25
s1_2.0,0.943329641679597,0.04283455706823365,1.0,1.0,-1.3230055870574198,22,97,400,3,3,100,0.0,0,0.3,0.0,0.0,1.0,0.7,2.0,1.0,0.25,1.0,0.25
s1_2.0,0.9686308882847746,0.050946515153114,1.0,1.0,-0.6157263479346735,23,98,400,3,3,100,0.0,0,0.3,0.0,0.0,1.0,0.7,2.0,1.0,0.25,1.0,0.25
s1_2.0,0.9702354097211605,0.053557265152591946,1.0,1.0,-0.5557526172039613,24,99,400,3,3,100,0.0,0,0.3,0.0,0.0,1.0,0.7,2.0,1.0,0.25,1.0,0.25
s1_2.0,0.9471489575757672,0.04654699677615326,1.0,1.0,-1.1354339932691249,25,100,400,3,3,100,0.0,0,0.3,0.0,0.0,1.0,0.7,2.0,1.0,0.25,1.0,0.25
s1_2.0,0.9475432672947582,0.05369599734018632,1.0,1.0,-0.9769207260069441,26,101,400,3,3,100,0.0,0,0.3,0.0,0.0,1.0,0.7,2.0,1.0,0.25,1.0,0.25
s1_2.0,0.9490314790438463,0.04570337539106823,1.0,1.0,-1.1152025538602648,27,102,400,3,3,100,0.0,0,0.3,0.0,0.0,1.0,0.7,2.0,1.0,0.25,1.0,0.25
s1_2.0,1.0129279939621085,0.041233952125856545,1.0,1.0,0.3135278889263147,28,103,400,3,3,100,0.0,0,0.3,0.0,0.0,1.0,0.7,2.0,1.0,0.25,1.0,0.25
s1_2.0,1.0571205836701325,0.04305696567594221,1.0,1.0,1.3266281720833908,29,104,400,3,3,100,0.0,0,0.3,0.0,0.0,1.0,0.7,2.0,1.0,0.25,1.0,0.25
s1_2.0,0.9530201181503769,0.04820319895677521,1.0,1.0,-0.9746216613497148,30,105,400,3,3,100,0.0,0,0.3,0.0,0.0,1.0,0.7,2.0,1.0,0.25,1.0,0.25
s1_2.0,0.9578789401168772,0.04386731809218223,1.0,1.0,-0.9601922733140442,31,106,400,3,3,100,0.0,0,0.3,0.0,0.0,1.0,0.7,2.0,1.0,0.25,1.0,0.25
s1_2.0,1.0587903619749781,0.05442328569101092,1.0,1.0,1.0802427899844442,32,107,400,3,3,100,0.0,0,0.3,0.0,0.0,1.0,0.7,2.0,1.0,0.25,1.0,0.25
s1_2.0,0.9896390050896307,0.04869728248642998,1.0,1.0,-0.21276330795782186,33,108,400,3,3,100,0.0,0,0.3,0.0,0.0,1.0,0.7,2.0,1.0,0.25,1.0,0.25
s1_2.0,0.9617118570169628,0.04877397878351657,1.0,1.0,-0.7850116791369267,34,109,400,3,3,100,0.0,0,0.3,0.0,0.0,1.0,0.7,2.0,1.0,0.25,1.0,0.25
s1_2.0,0.919706541766014,0.05299636622462472,1.0,1.0,-1.515074786328987,35,110,400,3,3,100,0.0,0,0.3,0.0,0.0,1.0,0.7,2.0,1.0,0.25,1.0,0.25
s1_2.0,0.9802348801112594,0.054540487059026026,1.0,1.0,-0.36239353468460933,36,111,400,3,3,100,0.0,0,0.3,0.0,0.0,1.0,0.7,2.0,1.0,0.25,1.0,0.25
s1_2.0,1.0299863198782935,0.0537607036399916,1.0,1.0,0.5577739472886513,37,112,400,3,3,100,0.0,0,0.3,0.0,0.0,1.0,0.7,2.0,1.0,0.25,1.0,0.25
s1_2.0,1.0325623596025062,0.047752684476820004,1.0,1.0,0.6818958967283304,38,113,400,3,3,100,0.0,0,0.3,0.0,0.0,1.0,0.7,2.0,1.0,0.25,1.0,0.25
s1_2.0,1.0145088585212525,0.04945050498707719,1.0,1.0,0.2934016250196853,39,114,400,3,3,100,0.0,0,0.3,0.0,0.0,1.0,0.7,2.0,1.0,0.25,1.0,0.25
s1_2.0,0.8779995218804003,0.052000635777377346,1.0,1.0,-2.346134355777924,40,115,400,3,3,100,0.0,0,0.3,0.0,0.0,1.0,0.7,2.0,1.0,0.25,1.0,0.25
s1_2.0,0.9904358200138413,0.05402726775114266,1.0,1.0,-0.1770250539081977,41,116,400,3,3,100,0.0,0,0.3,0.0,0.0,1.0,0.7,2.0,1.0,0.25,1.0,0.25
s1_2.0,1.0107737168505595,0.04833647230670617,1.0,1.0,0.22289001113274792,42,117,400,3,3,100,0.0,0,0.3,0.0,0.0,1.0,0.7,2.0,1.0,0.25,1.0,0.25
s1_2.0,0.8770514607502908,0.045243267774515004,1.0,1.0,-2.7174990953894937,43,118,400,3,3,100,0.0,0,0.3,0.0,0.0,1.0,0.7,2.0,1.0,0.25,1.0,0.25
s1_2.0,0.9385176268593651,0.051917904191699484,1.0,1.0,-1.1842229400019681,44,119,400,3,3,100,0.0,0,0.3,0.0,0.0,1.0,0.7,2.0,1.0,0.25,1.0,0.25
s1_2.0,1.1144456960944127,0.04923697148648786,1.0,1.0,2.3243853681337834,45,120,400,3,3,100,0.0,0,0.3,0.0,0.0,1.0,0.7,2.0,1.0,0.25,1.0,0.25
s1_2.0,0.9376893887951517,0.0496873299856556,1.0,1.0,-1.2540543277901413,46,121,400,3,3,100,0.0,0,0.3,0.0,0.0,1.0,0.7,2.0,1.0,0.25,1.0,0.25
s1_2.0,0.9406814117117911,0.05088701179621341,1.0,1.0,-1.1656921126703474,47,122,400,3,3,100,0.0,0,0.3,0.0,0.0,1.0,0.7,2.0,1.0,0.25,1.0,0.25
s1_2.0,0.9541940424923234,0.05415632272637147,1.0,1.0,-0.8458099664394555,48,123,400,3,3,100,0.0,0,0.3,0.0,0.0,1.0,0.7,2.0,1.0,0.25,1.0,0.25
s1_2.0,0.9336264912548328,0.05417236149091714,1.0,1.0,-1.2252282698862187,49,124,400,3,3,100,0.0,0,0.3,0.0,0.0,1.0,0.7,2.0,1.0,0.25,1.0,0.25
s1_2.0,1.0423458247146762,0.046588946517360195,1.0,1.0,0.9089242809750394,50,125,400,3,3,100,0.0,0,0.3,0.0,0.0,1.0,0.7,2.0,1.0,0.25,1.0,0.25
s1_2.0,1.0517347745828913,0.04574053065433726,1.0,1.0,1.1310488497357578,51,126,400,3,3,100,0.0,0,0.3,0.0,0.0,1.0,0.7,2.0,1.0,0.25,1.0,0.25
s1_2.0,0.9289225674336716,0.05561772823718528,1.0,1.0,-1.277963606553907,52,127,400,3,3,100,0.0,0,0.3,0.0,0.0,1.0,0.7,2.0,1.0,0.25,1.0,0.25
s1_2.0,1.0117815482785146,0.046139927153740774,1.0,1.0,0.2553438855518316,53,128,400,3,3,100,0.0,0,0.3,0.0,0.0,1.0,0.7,2.0,1.0,0.25,1.0,0.25
s1_2.0,1.019174033138768,0.044412677866438065,1.0,1.0,0.4317243197185703,54,129,400,3,3,100,0.0,0,0.3,0.0,0.0,1.0,0.7,2.0,1.0,0.25,1.0,0.25
s1_2.0,0.9818844319844013,0.054199237435269984,1.0,1.0,-0.3342402748236825,55,130,400,3,3,100,0.0,0,0.3,0.0,0.0,1.0,0.7,2.0,1.0,0.25,1.0,0.25
s1_2.0,1.0545161121090503,0.051697666602562586,1.0,1.0,1.0545178475491963,56,131,400,3,3,100,0.0,0,0.3,0.0,0.0,1.0,0.7,2.0,1.0,0.25,1.0,0.25
s1_2.0,1.0633197503645415,0.05314353662122982,1.0,1.0,1.1914854447087455,57,132,400,3,3,100,0.0,0,0.3,0.0,0.0,1.0,0.7,2.0,1.0,0.25,1.0,0.25
s1_2.0,0.9915848921895557,0.04805742004727207,1.0,1.0,-0.17510527619182867,58,133,400,3,3,100,0.0,0,0.3,0.0,0.0,1.0,0.7,2.0,1.0,0.25,1.0,0.25
s1_2.0,1.058341950094055,0.050719687989398764,1.0,1.0,1.1502821173949134,59,134,400,3,3,100,0.0,0,0.3,0.0,0.0,1.0,0.7,2.0,1.0,0.25,1.0,0.25
s1_2.0,1.0998552956762615,0.04627587896773889,1.0,1.0,2.1578260187316025,60,135,400,3,3,100,0.0,0,0.3,0.0,0.0,1.0,0.7,2.0,1.0,0.25,1.0,0.25
s1_2.0,0.9867209373312061,0.05243578305012876,1.0,1.0,-0.2532442903751249,61,136,400,3,3,100,0.0,0,0.3,0.0,0.0,1.0,0.7,2.0,1.0,0.25,1.0,0.25
s1_2.0,0.9227460741630844,0.052625262681412696,1.0,1.0,-1.4680007642831543,62,137,400,3,3,100,0.0,0,0.3,0.0,0.0,1.0,0.7,2.0,1.0,0.25,1.0,0.25
s1_2.0,0.989663299034065,0.051876382488369344,1.0,1.0,-0.19925639510913193,63,138,400,3,3,100,0.0,0,0.3,0.0,0.0,1.0,0.7,2.0,1.0,0.25,1.0,0.25
s1_2.0,1.047212739476273,0.050650408507423514,1.0,1.0,0.9321294905124652,64,139,400,3,3,100,0.0,0,0.3,0.0,0.0,1.0,0.7,2.0,1.0,0.25,1.0,0.25
s1_2.0,1.001443202248879,0.04900266946306676,1.0,1.0,0.02945150263633699,65,140,400,3,3,100,0.0,0,0.3,0.0,0.0,1.0,0.7,2.0,1.0,0.25,1.0,0.25
s1_2.0,1.0364556429099043,0.04842209890115575,1.0,1.0,0.7528720096235687,66,141,400,3,3,100,0.0,0,0.3,0.0,0.0,1.0,0.7,2.0,1.0,0.25,1.0,0.25
s1_2.0,0.9757193049606818,0.045036004718159085,1.0,1.0,-0.5391396326399241,67,142,400,3,3,100,0.0,0,0.3,0.0,0.0,1.0,0.7,2.0,1.0,0.25,1.0,0.25
s1_2.0,1.0044390802701473,0.04886148692945315,1.0,1.0,0.09085029026145847,68,143,400,3,3,100,0.0,0,0.3,0.0,0.0,1.0,0.7,2.0,1.0,0.25,1.0,0.25
s1_2.0,1.0288015911192594,0.04459234916359814,1.0,1.0,0.6458863831908381,69,144,400,3,3,100,0.0,0,0.3,0.0,0.0,1.0,0.7,2.0,1.0,0.25,1.0,0.25
s1_2.0,1.001345105507399,0.055611999175381746,1.0,1.0,0.024187325169824483,70,145,400,3,3,100,0.0,0,0.3,0.0,0.0,1.0,0.7,2.0,1.0,0.25,1.0,0.25
s1_2.0,1.0165887712305965,0.049396834220057736,1.0,1.0,0.33582660695815647,71,146,400,3,3,100,0.0,0,0.3,0.0,0.0,1.0,0.7,2.0,1.0,0.25,1.0,0.25
s1_2.0,0.9794431910709203,0.047486713227224316,1.0,1.0,-0.43289601515934023,72,147,400,3,3,100,0.0,0,0.3,0.0,0.0,1.0,0.7,2.0,1.0,0.25,1.0,0.25
s1_2.0,0.9579872960007326,0.04696837174664969,1.0,1.0,-0.894489258130695,73,148,400,3,3,100,0.0,0,0.3,0.0,0.0,1.0,0.7,2.0,1.0,0.25,1.0,0.25
s1_2.0,0.9718814179000501,0.04723964810339765,1.0,1.0,-0.5952326748582933,74,149,400,3,3,100,0.0,0,0.3,0.0,0.0,1.0,0.7,2.0,1.0,0.25,1.0,0.25
s1_2.0,0.9401403872675538,0.05257077844014112,1.0,1.0,-1.1386480190816353,75,150,400,3,3,100,0.0,0,0.3,0.0,0.0,1.0,0.7,2.0,1.0,0.25,1.0,0.25
s1_2.0,1.0246397208908071,0.05742440649080453,1.0,1.0,0.4290809848379143,76,151,400,3,3,100,0.0,0,0.3,0.0,0.0,1.0,0.7,2.0,1.0,0.25,1.0,0.25
s1_2.0,0.9579148281509023,0.055809632086126444,1.0,1.0,-0.7540843807060231,77,152,400,3,3,100,0.0,0,0.3,0.0,0.0,1.0,0.7,2.0,1.0,0.25,1.0,0.25
s1_2.0,0.9023310829670297,0.05512440494777117,1.0,1.0,-1.7717908633301145,78,153,400,3,3,100,0.0,0,0.3,0.0,0.0,1.0,0.7,2.0,1.0,0.25,1.0,0.25
s1_2.0,0.8674463574804554,0.04789016613366604,1.0,1.0,-2.767867669315965,79,154,400,3,3,100,0.0,0,0.3,0.0,0.0,1.0,0.7,2.0,1.0,0.25,1.0,0.25
s1_2.0,0.968834408534158,0.04780576411029757,1.0,1.0,-0.6519212075333979,80,155,400,3,3,100,0.0,0,0.3,0.0,0.0,1.0,0.7,2.0,1.0,0.25,1.0,0.25
s1_2.0,1.00729562120202,0.05012993890900497,1.0,1.0,0.14553421290345053,81,156,400,3,3,100,0.0,0,0.3,0.0,0.0,1.0,0.7,2.0,1.0,0.25,1.0,0.25
s1_2.0,0.9572126218130762,0.05127970699125414,1.0,1.0,-0.8343920177668189,82,157,400,3,3,100,0.0,0,0.3,0.0,0.0,1.0,0.7,2.0,1.0,0.25,1.0,0.25
s1_2.0,0.9766586365117595,0.05713908575798579,1.0,1.0,-0.40850082178604424,83,158,400,3,3,100,0.0,0,0.3,0.0,0.0,1.0,0.7,2.0,1.0,0.25,1.0,0.25
s1_2.0,1.0350472542261513,0.05120760756464366,1.0,1.0,0.6844149901341945,84,159,400,3,3,100,0.0,0,0.3,0.0,0.0,1.0,0.7,2.0,1.0,0.25,1.0,0.25
s1_2.0,0.9643198226729878,0.05183891436104507,1.0,1.0,-0.6882894398310259,85,160,400,3,3,100,0.0,0,0.3,0.0,0.0,1.0,0.7,2.0,1.0,0.25,1.0,0.25
s1_2.0,1.0743665969307084,0.04738084327262286,1.0,1.0,1.56954988122126,86,161,400,3,3,100,0.0,0,0.3,0.0,0.0,1.0,0.7,2.0,1.0,0.25,1.0,0.25
s1_2.0,1.0544365332880805,0.04746291781495254,1.0,1.0,1.1469276604594045,87,162,400,3,3,100,0.0,0,0.3,0.0,0.0,1.0,0.7,2.0,1.0,0.25,1.0,0.25
s1_2.0,0.9604693023019877,0.05266686527761959,1.0,1.0,-0.7505800371758714,88,163,400,3,3,100,0.0,0,0.3,0.0,0.0,1.0,0.7,2.0,1.0,0.25,1.0,0.25
s1_2.0,1.0113038994576875,0.04888763167935198,1.0,1.0,0.23122207129665034,89,164,400,3,3,100,0.0,0,0.3,0.0,0.0,1.0,0.7,2.0,1.0,0.25,1.0,0.25
s1_2.0,0.9672816584441506,0.0538761721669913,1.0,1.0,-0.6072877904992513,90,165,400,3,3,100,0.0,0,0.3,0.0,0.0,1.0,0.7,2.0,1.0,0.25,1.0,0.25
s1_2.0,0.903779301312953,0.06477654221609323,1.0,1.0,-1.4854250535024958,91,166,400,3,3,100,0.0,0,0.3,0.0,0.0,1.0,0.7,2.0,1.0,0.25,1.0,0.25
s1_2.0,1.0040412639741887,0.0501571270064208,1.0,1.0,0.08057207849387694,92,167,400,3,3,100,0.0,0,0.3,0.0,0.0,1.0,0.7,2.0,1.0,0.25,1.0,0.25
s1_2.0,1.0192054241135238,0.06012112377038074,1.0,1.0,0.31944552777946433,93,168,400,3,3,100,0.0,0,0.3,0.0,0.0,1.0,0.7,2.0,1.0,0.25,1.0,0.25
s1_2.0,0.9359587212029299,0.044333062422760756,1.0,1.0,-1.4445489505410545,94,169,400,3,3,100,0.0,0,0.3,0.0,0.0,1.0,0.7,2.0,1.0,0.25,1.0,0.25
s1_2.0,1.0869320118094241,0.04844614302402658,1.0,1.0,1.7944052174867808,95,170,400,3,3,100,0.0,0,0.3,0.0,0.0,1.0,0.7,2.0,1.0,0.25,1.0,0.25
s1_2.0,0.8917470407221433,0.05385319766433532,1.0,1.0,-2.010149145694055,96,171,400,3,3,100,0.0,0,0.3,0.0,0.0,1.0,0.7,2.0,1.0,0.25,1.0,0.25
s1_2.0,0.9746104816017866,0.05147025816172358,1.0,1.0,-0.4932852351048541,97,172,400,3,3,100,0.0,0,0.3,0.0,0.0,1.0,0.7,2.0,1.0,0.25,1.0,0.25
s1_2.0,1.1094833740881411,0.052468470263012615,1.0,1.0,2.0866507740615585,98,173,400,3,3,100,0.0,0,0.3,0.0,0.0,1.0,0.7,2.0,1.0,0.25,1.0,0.25
s1_2.0,0.9200623338749296,0.053903707234471486,1.0,1.0,-1.4829715844469809,99,174,400,3,3,100,0.0,0,0.3,0.0,0.0,1.0,0.7,2.0,1.0,0.25,1.0,0.25
