config_name,theta_hat,se,true_effect,true_theta,z,run_id,seed_used,n_samples,d_dim,dgp_num,n_runs,nonlinearity,sparse_k,skewness,interaction,heterogeneous,noise_std,rho,s1,a0,a1,b0,b1
0_base,0.9787031314088701,0.03715013377486553,1.0,1.0,-0.573264923356443,0,60,800,100,2,100,0.0,0,0.3,0.0,0.0,1.0,0.7,1.0,1.0,0.25,1.0,0.25
0_base,1.0488245754152359,0.03551337627863212,1.0,1.0,1.374822124265693,1,61,800,100,2,100,0.0,0,0.3,0.0,0.0,1.0,0.7,1.0,1.0,0.25,1.0,0.25
0_base,0.9965293602192872,0.03281765627897414,1.0,1.0,-0.10575526025410963,2,62,800,100,2,100,0.0,0,0.3,0.0,0.0,1.0,0.7,1.0,1.0,0.25,1.0,0.25
0_base,1.010667176695162,0.038779787493501146,1.0,1.0,0.2750705298978155,3,63,800,100,2,100,0.0,0,0.3,0.0,0.0,1.0,0.7,1.0,1.0,0.25,1.0,0.25
0_base,0.9953361806278422,0.03421570092033121,1.0,1.0,-0.13630641041132344,4,64,800,100,2,100,0.0,0,0.3,0.0,0.0,1.0,0.7,1.0,1.0,0.25,1.0,0.25
0_base,1.010989497163295,0.03251653416286417,1.0,1.0,0.3379664360368872,5,65,800,100,2,100,0.0,0,0.3,0.0,0.0,1.0,0.7,1.0,1.0,0.25,1.0,0.25
0_base,0.9917281409454486,0.034146876842662405,1.0,1.0,-0.24224350275620876,6,66,800,100,2,100,0.0,0,0.3,0.0,0.0,1.0,0.7,1.0,1.0,0.25,1.0,0.25
0_base,0.9610814743538846,0.03639489559610892,1.0,1.0,-1.0693402195190336,7,67,800,100,2,100,0.0,0,0.3,0.0,0.0,1.0,0.7,1.0,1.0,0.25,1.0,0.25
0_base,0.9378330958722072,0.03353380453387035,1.0,1.0,-1.8538577710442006,8,68,800,100,2,100,0.0,0,0.3,0.0,0.0,1.0,0.7,1.0,1.0,0.25,1.0,0.25
0_base,1.000847719926383,0.0361527205250977,1.0,1.0,0.0234483024809847,9,69,800,100,2,100,0.0,0,0.3,0.0,0.0,1.0,0.7,1.0,1.0,0.25,1.0,0.25
0_base,0.9505052046793709,0.030622339426397412,1.0,1.0,-1.6162969991104925,10,70,800,100,2,100,0.0,0,0.3,0.0,0.0,1.0,0.7,1.0,1.0,0.25,1.0,0.25
0_base,0.9131622673311249,0.03508918866954325,1.0,1.0,-2.4747717448436926,11,71,800,100,2,100,0.0,0,0.3,0.0,0.0,1.0,0.7,1.0,1.0,0.25,1.0,0.25
0_base,1.0414698107711504,0.037686646524574166,1.0,1.0,1.100384740895144,12,72,800,100,2,100,0.0,0,0.3,0.0,0.0,1.0,0.7,1.0,1.0,0.25,1.0,0.25
0_base,0.9465939390959557,0.034947958388319524,1.0,1.0,-1.5281596799054777,13,73,800,100,2,100,0.0,0,0.3,0.0,0.0,1.0,0.7,1.0,1.0,0.25,1.0,0.25
0_base,0.9535354831558636,0.035261105732975244,1.0,1.0,-1.317727163634692,14,74,800,100,2,100,0.0,0,0.3,0.0,0.0,1.0,0.7,1.0,1.0,0.25,1.0,0.25
0_base,1.0018307712441932,0.034545137006675955,1.0,1.0,0.05299649683946462,15,75,800,100,2,100,0.0,0,0.3,0.0,0.0,1.0,0.7,1.0,1.0,0.25,1.0,0.25
0_base,0.9642936395313229,0.03477474470091783,1.0,1.0,-1.0267900102724472,16,76,800,100,2,100,0.0,0,0.3,0.0,0.0,1.0,0.7,1.0,1.0,0.25,1.0,0.25
0_base,0.9977332010531981,0.03466654187906654,1.0,1.0,-0.0653886665335587,17,77,800,100,2,100,0.0,0,0.3,0.0,0.0,1.0,0.7,1.0,1.0,0.25,1.0,0.25
0_base,0.9501285087229258,0.0393983698707485,1.0,1.0,-1.2658262623728898,18,78,800,100,2,100,0.0,0,0.3,0.0,0.0,1.0,0.7,1.0,1.0,0.25,1.0,0.25
0_base,0.983774086441126,0.03393917146931149,1.0,1.0,-0.4780880869041205,19,79,800,100,2,100,0.0,0,0.3,0.0,0.0,1.0,0.7,1.0,1.0,0.25,1.0,0.25
0_base,0.9739305907000618,0.032732472311638776,1.0,1.0,-0.7964387490115924,20,80,800,100,2,100,0.0,0,0.3,0.0,0.0,1.0,0.7,1.0,1.0,0.25,1.0,0.25
0_base,1.0045990996133272,0.03606524918333766,1.0,1.0,0.12752163696270735,21,81,800,100,2,100,0.0,0,0.3,0.0,0.0,1.0,0.7,1.0,1.0,0.25,1.0,0.25
0_base,1.024437460934005,0.03576271354377119,1.0,1.0,0.6833223352611422,22,82,800,100,2,100,0.0,0,0.3,0.0,0.0,1.0,0.7,1.0,1.0,0.25,1.0,0.25
0_base,0.9798289341303518,0.03731175058459042,1.0,1.0,-0.540608938299957,23,83,800,100,2,100,0.0,0,0.3,0.0,0.0,1.0,0.7,1.0,1.0,0.25,1.0,0.25
0_base,0.9664854267152142,0.0362800454673193,1.0,1.0,-0.9237742911589069,24,84,800,100,2,100,0.0,0,0.3,0.0,0.0,1.0,0.7,1.0,1.0,0.25,1.0,0.25
0_base,0.96690603588979,0.03638457635806696,1.0,1.0,-0.9095602429042067,25,85,800,100,2,100,0.0,0,0.3,0.0,0.0,1.0,0.7,1.0,1.0,0.25,1.0,0.25
0_base,1.0098447661759804,0.03335871963555931,1.0,1.0,0.29511822646472924,26,86,800,100,2,100,0.0,0,0.3,0.0,0.0,1.0,0.7,1.0,1.0,0.25,1.0,0.25
0_base,1.03191395606877,0.033323402538433494,1.0,1.0,0.9577040049245301,27,87,800,100,2,100,0.0,0,0.3,0.0,0.0,1.0,0.7,1.0,1.0,0.25,1.0,0.25
0_base,1.0156858138703186,0.03521666627505864,1.0,1.0,0.4454088228512346,28,88,800,100,2,100,0.0,0,0.3,0.0,0.0,1.0,0.7,1.0,1.0,0.25,1.0,0.25
0_base,0.9433489363869576,0.03518456591937735,1.0,1.0,-1.6101111988379742,29,89,800,100,2,100,0.0,0,0.3,0.0,0.0,1.0,0.7,1.0,1.0,0.25,1.0,0.25
0_base,0.9921448955765109,0.03381405624074917,1.0,1.0,-0.23230293247170336,30,90,800,100,2,100,0.0,0,0.3,0.0,0.0,1.0,0.7,1.0,1.0,0.25,1.0,0.25
0_base,1.0125024200329604,0.03630888965198165,1.0,1.0,0.34433495909115674,31,91,800,100,2,100,0.0,0,0.3,0.0,0.0,1.0,0.7,1.0,1.0,0.25,1.0,0.25
0_base,0.9984975690773231,0.032877641878572325,1.0,1.0,-0.04569764851827992,32,92,800,100,2,100,0.0,0,0.3,0.0,0.0,1.0,0.7,1.0,1.0,0.25,1.0,0.25
0_base,1.0178465352567565,0.03596541595996448,1.0,1.0,0.49621378706206765,33,93,800,100,2,100,0.0,0,0.3,0.0,0.0,1.0,0.7,1.0,1.0,0.25,1.0,0.25
0_base,0.9985829420095391,0.034992664696079145,1.0,1.0,-0.0404958582825405,34,94,800,100,2,100,0.0,0,0.3,0.0,0.0,1.0,0.7,1.0,1.0,0.25,1.0,0.25
0_base,0.9930980952284202,0.0344879309234679,1.0,1.0,-0.20012522023706839,35,95,800,100,2,100,0.0,0,0.3,0.0,0.0,1.0,0.7,1.0,1.0,0.25,1.0,0.25
0_base,0.955339243628743,0.03344658745454256,1.0,1.0,-1.3352858922290851,36,96,800,100,2,100,0.0,0,0.3,0.0,0.0,1.0,0.7,1.0,1.0,0.25,1.0,0.25
0_base,0.9418905467536651,0.03871182520704057,1.0,1.0,-1.501077588967994,37,97,800,100,2,100,0.0,0,0.3,0.0,0.0,1.0,0.7,1.0,1.0,0.25,1.0,0.25
0_base,0.973757010604404,0.03352151103166219,1.0,1.0,-0.7828701209443873,38,98,800,100,2,100,0.0,0,0.3,0.0,0.0,1.0,0.7,1.0,1.0,0.25,1.0,0.25
0_base,0.9650158528857176,0.03528030783491131,1.0,1.0,-0.9916054949969623,39,99,800,100,2,100,0.0,0,0.3,0.0,0.0,1.0,0.7,1.0,1.0,0.25,1.0,0.25
0_base,0.9235609089728934,0.03497266131360411,1.0,1.0,-2.1856812766311355,40,100,800,100,2,100,0.0,0,0.3,0.0,0.0,1.0,0.7,1.0,1.0,0.25,1.0,0.25
0_base,1.0109397288223712,0.03546749756491809,1.0,1.0,0.30844377453885974,41,101,800,100,2,100,0.0,0,0.3,0.0,0.0,1.0,0.7,1.0,1.0,0.25,1.0,0.25
0_base,0.9217905163893971,0.03563779015747311,1.0,1.0,-2.194566028505632,42,102,800,100,2,100,0.0,0,0.3,0.0,0.0,1.0,0.7,1.0,1.0,0.25,1.0,0.25
0_base,0.9461720270935075,0.03515126418142712,1.0,1.0,-1.5313239554819098,43,103,800,100,2,100,0.0,0,0.3,0.0,0.0,1.0,0.7,1.0,1.0,0.25,1.0,0.25
0_base,0.9329593701003066,0.0357611345079646,1.0,1.0,-1.8746784972597088,44,104,800,100,2,100,0.0,0,0.3,0.0,0.0,1.0,0.7,1.0,1.0,0.25,1.0,0.25
0_base,1.013570687426739,0.033728303611559804,1.0,1.0,0.4023530973579064,45,105,800,100,2,100,0.0,0,0.3,0.0,0.0,1.0,0.7,1.0,1.0,0.25,1.0,0.25
0_base,1.0011102438815989,0.03557891830005578,1.0,1.0,0.03120510500728516,46,106,800,100,2,100,0.0,0,0.3,0.0,0.0,1.0,0.7,1.0,1.0,0.25,1.0,0.25
0_base,1.0402894099226752,0.03728795192575423,1.0,1.0,1.0804940427647318,47,107,800,100,2,100,0.0,0,0.3,0.0,0.0,1.0,0.7,1.0,1.0,0.25,1.0,0.25
0_base,0.9742538464971242,0.03636085653635173,1.0,1.0,-0.7080733501735884,48,108,800,100,2,100,0.0,0,0.3,0.0,0.0,1.0,0.7,1.0,1.0,0.25,1.0,0.25
0_base,0.9797418156372214,0.033536137627829594,1.0,1.0,-0.6040702894172156,49,109,800,100,2,100,0.0,0,0.3,0.0,0.0,1.0,0.7,1.0,1.0,0.25,1.0,0.25
0_base,0.9524749201007919,0.03398447922741455,1.0,1.0,-1.3984348437762908,50,110,800,100,2,100,0.0,0,0.3,0.0,0.0,1.0,0.7,1.0,1.0,0.25,1.0,0.25
0_base,0.9828027166077498,0.03575373818669617,1.0,1.0,-0.48099259726215937,51,111,800,100,2,100,0.0,0,0.3,0.0,0.0,1.0,0.7,1.0,1.0,0.25,1.0,0.25
0_base,1.0102481625210062,0.037533028500316645,1.0,1.0,0.2730438477918132,52,112,800,100,2,100,0.0,0,0.3,0.0,0.0,1.0,0.7,1.0,1.0,0.25,1.0,0.25
0_base,1.0740637246765476,0.035589044322426384,1.0,1.0,2.081082144424893,53,113,800,100,2,100,0.0,0,0.3,0.0,0.0,1.0,0.7,1.0,1.0,0.25,1.0,0.25
0_base,1.008334628853436,0.033352377899730994,1.0,1.0,0.24989609072231334,54,114,800,100,2,100,0.0,0,0.3,0.0,0.0,1.0,0.7,1.0,1.0,0.25,1.0,0.25
0_base,0.9750491943067959,0.036401446497731665,1.0,1.0,-0.6854344564235617,55,115,800,100,2,100,0.0,0,0.3,0.0,0.0,1.0,0.7,1.0,1.0,0.25,1.0,0.25
0_base,0.9742116286749346,0.03603949706634728,1.0,1.0,-0.715558579454925,56,116,800,100,2,100,0.0,0,0.3,0.0,0.0,1.0,0.7,1.0,1.0,0.25,1.0,0.25
0_base,1.0061787775429243,0.03505720125617172,1.0,1.0,0.17624845456927424,57,117,800,100,2,100,0.0,0,0.3,0.0,0.0,1.0,0.7,1.0,1.0,0.25,1.0,0.25
0_base,0.9278860862758864,0.03526602416809208,1.0,1.0,-2.0448552232706927,58,118,800,100,2,100,0.0,0,0.3,0.0,0.0,1.0,0.7,1.0,1.0,0.25,1.0,0.25
0_base,0.9240679844771681,0.03668830990200675,1.0,1.0,-2.0696514973200943,59,119,800,100,2,100,0.0,0,0.3,0.0,0.0,1.0,0.7,1.0,1.0,0.25,1.0,0.25
0_base,0.9468139062275996,0.035530806759208076,1.0,1.0,-1.4969008199797427,60,120,800,100,2,100,0.0,0,0.3,0.0,0.0,1.0,0.7,1.0,1.0,0.25,1.0,0.25
0_base,1.0446142554198612,0.03615772947585606,1.0,1.0,1.2338787879269877,61,121,800,100,2,100,0.0,0,0.3,0.0,0.0,1.0,0.7,1.0,1.0,0.25,1.0,0.25
0_base,0.9923026740999641,0.03817519710579092,1.0,1.0,-0.20163159547559428,62,122,800,100,2,100,0.0,0,0.3,0.0,0.0,1.0,0.7,1.0,1.0,0.25,1.0,0.25
0_base,1.0105867904369648,0.03669775940692707,1.0,1.0,0.28848601680478597,63,123,800,100,2,100,0.0,0,0.3,0.0,0.0,1.0,0.7,1.0,1.0,0.25,1.0,0.25
0_base,0.9032263271890235,0.03431023933701833,1.0,1.0,-2.8205478796111025,64,124,800,100,2,100,0.0,0,0.3,0.0,0.0,1.0,0.7,1.0,1.0,0.25,1.0,0.25
0_base,0.9896401722357948,0.0343274969794595,1.0,1.0,-0.3017938584454376,65,125,800,100,2,100,0.0,0,0.3,0.0,0.0,1.0,0.7,1.0,1.0,0.25,1.0,0.25
0_base,0.9222515152769268,0.03862389052827475,1.0,1.0,-2.0129635740904224,66,126,800,100,2,100,0.0,0,0.3,0.0,0.0,1.0,0.7,1.0,1.0,0.25,1.0,0.25
0_base,1.0084349292992147,0.03518618426653953,1.0,1.0,0.23972276264226755,67,127,800,100,2,100,0.0,0,0.3,0.0,0.0,1.0,0.7,1.0,1.0,0.25,1.0,0.25
0_base,1.006432267330781,0.03643137608274276,1.0,1.0,0.17655845104977994,68,128,800,100,2,100,0.0,0,0.3,0.0,0.0,1.0,0.7,1.0,1.0,0.25,1.0,0.25
0_base,1.0530619722199492,0.036015226143463606,1.0,1.0,1.4733205341702247,69,129,800,100,2,100,0.0,0,0.3,0.0,0.0,1.0,0.7,1.0,1.0,0.25,1.0,0.25
0_base,1.0271585690511935,0.03458635875486442,1.0,1.0,0.7852393263969651,70,130,800,100,2,100,0.0,0,0.3,0.0,0.0,1.0,0.7,1.0,1.0,0.25,1.0,0.25
0_base,0.9636561167762592,0.0348460654123085,1.0,1.0,-1.0429838431888858,71,131,800,100,2,100,0.0,0,0.3,0.0,0.0,1.0,0.7,1.0,1.0,0.25,1.0,0.25
0_base,1.081741934907032,0.03371364906069154,1.0,1.0,2.424594702278584,72,132,800,100,2,100,0.0,0,0.3,0.0,0.0,1.0,0.7,1.0,1.0,0.25,1.0,0.25
0_base,0.99299908980227,0.03482915817714717,1.0,1.0,-0.20100716078528572,73,133,800,100,2,100,0.0,0,0.3,0.0,0.0,1.0,0.7,1.0,1.0,0.25,1.0,0.25
0_base,0.9930712379750657,0.039136481881547634,1.0,1.0,-0.1770410034786784,74,134,800,100,2,100,0.0,0,0.3,0.0,0.0,1.0,0.7,1.0,1.0,0.25,1.0,0.25
0_base,1.0388256386124068,0.03841549376378511,1.0,1.0,1.010676547622782,75,135,800,100,2,100,0.0,0,0.3,0.0,0.0,1.0,0.7,1.0,1.0,0.25,1.0,0.25
0_base,0.9721686301866069,0.038078379578305246,1.0,1.0,-0.7308969058454814,76,136,800,100,2,100,0.0,0,0.3,0.0,0.0,1.0,0.7,1.0,1.0,0.25,1.0,0.25
0_base,1.008989023403706,0.03500815322525627,1.0,1.0,0.2567694258496606,77,137,800,100,2,100,0.0,0,0.3,0.0,0.0,1.0,0.7,1.0,1.0,0.25,1.0,0.25
0_base,0.9512981561868856,0.03542213140657919,1.0,1.0,-1.3748987392686556,78,138,800,100,2,100,0.0,0,0.3,0.0,0.0,1.0,0.7,1.0,1.0,0.25,1.0,0.25
0_base,0.9645512199686657,0.04008523847713183,1.0,1.0,-0.8843350165312716,79,139,800,100,2,100,0.0,0,0.3,0.0,0.0,1.0,0.7,1.0,1.0,0.25,1.0,0.25
0_base,0.9953721270666259,0.03630290122865793,1.0,1.0,-0.12747942386821637,80,140,800,100,2,100,0.0,0,0.3,0.0,0.0,1.0,0.7,1.0,1.0,0.25,1.0,0.25
0_base,0.924568837793044,0.03460323163576879,1.0,1.0,-2.1798877920114275,81,141,800,100,2,100,0.0,0,0.3,0.0,0.0,1.0,0.7,1.0,1.0,0.25,1.0,0.25
0_base,1.0511713210942444,0.037356508157255684,1.0,1.0,1.3698100710814287,82,142,800,100,2,100,0.0,0,0.3,0.0,0.0,1.0,0.7,1.0,1.0,0.25,1.0,0.25
0_base,0.9546015571187771,0.03703601505489207,1.0,1.0,-1.2257917817005044,83,143,800,100,2,100,0.0,0,0.3,0.0,0.0,1.0,0.7,1.0,1.0,0.25,1.0,0.25
0_base,1.0003194295223166,0.0359977888132981,1.0,1.0,0.008873587318745513,84,144,800,100,2,100,0.0,0,0.3,0.0,0.0,1.0,0.7,1.0,1.0,0.25,1.0,0.25
0_base,0.9749255753917007,0.03714230941524494,1.0,1.0,-0.6750906177634615,85,145,800,100,2,100,0.0,0,0.3,0.0,0.0,1.0,0.7,1.0,1.0,0.25,1.0,0.25
0_base,0.9309865837093755,0.0342710617939022,1.0,1.0,-2.0137519142434033,86,146,800,100,2,100,0.0,0,0.3,0.0,0.0,1.0,0.7,1.0,1.0,0.25,1.0,0.25
0_base,0.975409377336532,0.03473262646382732,1.0,1.0,-0.7079977867230451,87,147,800,100,2,100,0.0,0,0.3,0.0,0.0,1.0,0.7,1.0,1.0,0.25,1.0,0.25
0_base,1.0083202266744795,0.03567756975888661,1.0,1.0,0.23320609365235986,88,148,800,100,2,100,0.0,0,0.3,0.0,0.0,1.0,0.7,1.0,1.0,0.25,1.0,0.25
0_base,0.9455615787336243,0.03728756079200316,1.0,1.0,-1.459961984910816,89,149,800,100,2,100,0.0,0,0.3,0.0,0.0,1.0,0.7,1.0,1.0,0.25,1.0,0.25
0_base,0.9787854838943505,0.03543061875190885,1.0,1.0,-0.5987622246790866,90,150,800,100,2,100,0.0,0,0.3,0.0,0.0,1.0,0.7,1.0,1.0,0.25,1.0,0.25
0_base,0.9779033141529431,0.03523863502344796,1.0,1.0,-0.6270585064476443,91,151,800,100,2,100,0.0,0,0.3,0.0,0.0,1.0,0.7,1.0,1.0,0.25,1.0,0.25
0_base,0.9788256418052066,0.03836674176313651,1.0,1.0,-0.5518935729678806,92,152,800,100,2,100,0.0,0,0.3,0.0,0.0,1.0,0.7,1.0,1.0,0.25,1.0,0.25
0_base,0.9869369678357153,0.03903419893400213,1.0,1.0,-0.33465608417816683,93,153,800,100,2,100,0.0,0,0.3,0.0,0.0,1.0,0.7,1.0,1.0,0.25,1.0,0.25
0_base,1.0087668740285778,0.03766479395246676,1.0,1.0,0.23276044041663005,94,154,800,100,2,100,0.0,0,0.3,0.0,0.0,1.0,0.7,1.0,1.0,0.25,1.0,0.25
0_base,0.9666875175949095,0.03778557467356626,1.0,1.0,-0.8816190488799165,95,155,800,100,2,100,0.0,0,0.3,0.0,0.0,1.0,0.7,1.0,1.0,0.25,1.0,0.25
0_base,0.978088545898941,0.037398618374564534,1.0,1.0,-0.5858894005550045,96,156,800,100,2,100,0.0,0,0.3,0.0,0.0,1.0,0.7,1.0,1.0,0.25,1.0,0.25
0_base,0.9603480906039468,0.034939268638624996,1.0,1.0,-1.134880921697899,97,157,800,100,2,100,0.0,0,0.3,0.0,0.0,1.0,0.7,1.0,1.0,0.25,1.0,0.25
0_base,1.0287908547301492,0.03927220593211167,1.0,1.0,0.7331101996134065,98,158,800,100,2,100,0.0,0,0.3,0.0,0.0,1.0,0.7,1.0,1.0,0.25,1.0,0.25
0_base,0.9589861004819699,0.037327632325738574,1.0,1.0,-1.0987543801365018,99,159,800,100,2,100,0.0,0,0.3,0.0,0.0,1.0,0.7,1.0,1.0,0.25,1.0,0.25
inter_0.25,1.0472971049134152,0.04107066661970872,1.0,1.004748224881987,1.0359919507858713,0,61,800,100,2,100,0.0,0,0.3,0.25,0.0,1.0,0.7,1.0,1.0,0.25,1.0,0.25
inter_0.25,0.9794742981595752,0.03752821333418642,1.0,0.9806249045192836,-0.03065976921049637,1,62,800,100,2,100,0.0,0,0.3,0.25,0.0,1.0,0.7,1.0,1.0,0.25,1.0,0.25
inter_0.25,0.9811505030100413,0.040764101120791214,1.0,0.9882788542848172,-0.17486835423289224,2,63,800,100,2,100,0.0,0,0.3,0.25,0.0,1.0,0.7,1.0,1.0,0.25,1.0,0.25
inter_0.25,1.00254316020302,0.03943696548592143,1.0,1.0078157779138228,-0.1336973483085346,3,64,800,100,2,100,0.0,0,0.3,0.25,0.0,1.0,0.7,1.0,1.0,0.25,1.0,0.25
inter_0.25,0.9980460235070641,0.03804738172637569,1.0,0.9894283528832816,0.2264983878722052,4,65,800,100,2,100,0.0,0,0.3,0.25,0.0,1.0,0.7,1.0,1.0,0.25,1.0,0.25
inter_0.25,0.9864634494783723,0.03722901731362946,1.0,0.9841822752506121,0.061274091887595,5,66,800,100,2,100,0.0,0,0.3,0.25,0.0,1.0,0.7,1.0,1.0,0.25,1.0,0.25
inter_0.25,0.9770527279379488,0.03856108768521634,1.0,1.0082001908198892,-0.8077433690720754,6,67,800,100,2,100,0.0,0,0.3,0.25,0.0,1.0,0.7,1.0,1.0,0.25,1.0,0.25
inter_0.25,0.9293384216525279,0.03748865088500766,1.0,0.9945736169982752,-1.7401318480584729,7,68,800,100,2,100,0.0,0,0.3,0.25,0.0,1.0,0.7,1.0,1.0,0.25,1.0,0.25
inter_0.25,1.0225801238078849,0.04030181412129347,1.0,1.005125182478065,0.433105598603752,8,69,800,100,2,100,0.0,0,0.3,0.25,0.0,1.0,0.7,1.0,1.0,0.25,1.0,0.25
inter_0.25,0.9496932094047985,0.032443666481941656,1.0,1.0002984461384268,-1.559787848324586,9,70,800,100,2,100,0.0,0,0.3,0.25,0.0,1.0,0.7,1.0,1.0,0.25,1.0,0.25
inter_0.25,0.9390328872927872,0.03913747296934014,1.0,1.0320456969268266,-2.3765665633778794,10,71,800,100,2,100,0.0,0,0.3,0.25,0.0,1.0,0.7,1.0,1.0,0.25,1.0,0.25
inter_0.25,1.0153886517879354,0.042707595872991534,1.0,1.0008569371596545,0.340260656944887,11,72,800,100,2,100,0.0,0,0.3,0.25,0.0,1.0,0.7,1.0,1.0,0.25,1.0,0.25
inter_0.25,0.9427529158614939,0.03799917061575017,1.0,0.9926219436772208,-1.3123714809463976,12,73,800,100,2,100,0.0,0,0.3,0.25,0.0,1.0,0.7,1.0,1.0,0.25,1.0,0.25
inter_0.25,0.9581810638985931,0.03803612514925918,1.0,1.0112700367397516,-1.3957513451443788,13,74,800,100,2,100,0.0,0,0.3,0.25,0.0,1.0,0.7,1.0,1.0,0.25,1.0,0.25
inter_0.25,0.9845064640675835,0.03779283110142661,1.0,1.0006042886228754,-0.4259491571851123,14,75,800,100,2,100,0.0,0,0.3,0.25,0.0,1.0,0.7,1.0,1.0,0.25,1.0,0.25
inter_0.25,0.942052258061173,0.04255036027180133,1.0,0.9960950849180381,-1.2700909348746454,15,76,800,100,2,100,0.0,0,0.3,0.25,0.0,1.0,0.7,1.0,1.0,0.25,1.0,0.25
inter_0.25,1.0000278819719006,0.037463806983108736,1.0,1.0176335805810381,-0.4699388563761121,16,77,800,100,2,100,0.0,0,0.3,0.25,0.0,1.0,0.7,1.0,1.0,0.25,1.0,0.25
inter_0.25,0.9385082820923166,0.04212687297200238,1.0,0.9963831728110846,-1.3738235628652462,17,78,800,100,2,100,0.0,0,0.3,0.25,0.0,1.0,0.7,1.0,1.0,0.25,1.0,0.25
inter_0.25,0.9678044473486167,0.036836356167127264,1.0,0.9912868791939036,-0.6374797696804378,18,79,800,100,2,100,0.0,0,0.3,0.25,0.0,1.0,0.7,1.0,1.0,0.25,1.0,0.25
inter_0.25,0.9942737992298899,0.036656010289005184,1.0,1.0042138536333958,-0.27117120289786006,19,80,800,100,2,100,0.0,0,0.3,0.25,0.0,1.0,0.7,1.0,1.0,0.25,1.0,0.25
inter_0.25,0.9967425517790245,0.041484811737123914,1.0,0.9981816378015984,-0.0346894673571849,20,81,800,100,2,100,0.0,0,0.3,0.25,0.0,1.0,0.7,1.0,1.0,0.25,1.0,0.25
inter_0.25,1.0307244936123519,0.03958732175956083,1.0,1.0177080275697525,0.3288039065046293,21,82,800,100,2,100,0.0,0,0.3,0.25,0.0,1.0,0.7,1.0,1.0,0.25,1.0,0.25
inter_0.25,1.0195613719389565,0.040991439174058994,1.0,0.9972941176968196,0.5432171860954915,22,83,800,100,2,100,0.0,0,0.3,0.25,0.0,1.0,0.7,1.0,1.0,0.25,1.0,0.25
inter_0.25,0.9576990593662029,0.03900868335051213,1.0,1.0014400837077932,-1.1213150658932987,23,84,800,100,2,100,0.0,0,0.3,0.25,0.0,1.0,0.7,1.0,1.0,0.25,1.0,0.25
inter_0.25,0.9667138773271514,0.042102467520417096,1.0,1.0047384107767934,-0.9031426348396899,24,85,800,100,2,100,0.0,0,0.3,0.25,0.0,1.0,0.7,1.0,1.0,0.25,1.0,0.25
inter_0.25,1.0189264389056367,0.04029420206940918,1.0,1.0045858924789677,0.3558960269759553,25,86,800,100,2,100,0.0,0,0.3,0.25,0.0,1.0,0.7,1.0,1.0,0.25,1.0,0.25
inter_0.25,1.0408186399839194,0.03695168394317424,1.0,1.0085714101482182,0.8726863405005395,26,87,800,100,2,100,0.0,0,0.3,0.25,0.0,1.0,0.7,1.0,1.0,0.25,1.0,0.25
inter_0.25,0.9976268961389269,0.03810112831487151,1.0,0.9918528458886584,0.15154538738462345,27,88,800,100,2,100,0.0,0,0.3,0.25,0.0,1.0,0.7,1.0,1.0,0.25,1.0,0.25
inter_0.25,0.9314544366462835,0.038433255913448164,1.0,1.0006725683704756,-1.8009957803229475,28,89,800,100,2,100,0.0,0,0.3,0.25,0.0,1.0,0.7,1.0,1.0,0.25,1.0,0.25
inter_0.25,0.9823741576945025,0.0365898380620108,1.0,1.0005370491108676,-0.4963916862814048,29,90,800,100,2,100,0.0,0,0.3,0.25,0.0,1.0,0.7,1.0,1.0,0.25,1.0,0.25
inter_0.25,1.000614799130985,0.03859018834971329,1.0,1.0071961740774906,-0.17054529215726064,30,91,800,100,2,100,0.0,0,0.3,0.25,0.0,1.0,0.7,1.0,1.0,0.25,1.0,0.25
inter_0.25,1.0071007279474735,0.03712071387961337,1.0,1.01160514001055,-0.12134497406716648,31,92,800,100,2,100,0.0,0,0.3,0.25,0.0,1.0,0.7,1.0,1.0,0.25,1.0,0.25
inter_0.25,1.0103486475410042,0.03960852973635268,1.0,0.9967440268394476,0.34347704376086036,32,93,800,100,2,100,0.0,0,0.3,0.25,0.0,1.0,0.7,1.0,1.0,0.25,1.0,0.25
inter_0.25,0.9734157747108446,0.036938067764891,1.0,0.9943145021484058,-0.5657774946589123,33,94,800,100,2,100,0.0,0,0.3,0.25,0.0,1.0,0.7,1.0,1.0,0.25,1.0,0.25
inter_0.25,0.9832608949837693,0.03728437395893651,1.0,1.001432844385559,-0.48738781082400395,34,95,800,100,2,100,0.0,0,0.3,0.25,0.0,1.0,0.7,1.0,1.0,0.25,1.0,0.25
inter_0.25,0.9304603523039601,0.03826759757001433,1.0,0.9849967169823537,-1.4251316555374032,35,96,800,100,2,100,0.0,0,0.3,0.25,0.0,1.0,0.7,1.0,1.0,0.25,1.0,0.25
inter_0.25,0.9353047416677401,0.042047679748137244,1.0,0.9952876466334503,-1.4265449443347094,36,97,800,100,2,100,0.0,0,0.3,0.25,0.0,1.0,0.7,1.0,1.0,0.25,1.0,0.25
inter_0.25,0.9918629323132664,0.03665011789917237,1.0,1.0076470798174042,-0.4306711249213812,37,98,800,100,2,100,0.0,0,0.3,0.25,0.0,1.0,0.7,1.0,1.0,0.25,1.0,0.25
inter_0.25,0.9495107039170951,0.039685166720660706,1.0,0.9982232047658559,-1.2274737609556343,38,99,800,100,2,100,0.0,0,0.3,0.25,0.0,1.0,0.7,1.0,1.0,0.25,1.0,0.25
inter_0.25,0.9066016988903187,0.04005332422339194,1.0,0.9872352184359591,-2.0131542414786328,39,100,800,100,2,100,0.0,0,0.3,0.25,0.0,1.0,0.7,1.0,1.0,0.25,1.0,0.25
inter_0.25,1.0101167348001467,0.040365233873526696,1.0,1.0027507395586475,0.18248365077181491,40,101,800,100,2,100,0.0,0,0.3,0.25,0.0,1.0,0.7,1.0,1.0,0.25,1.0,0.25
inter_0.25,0.9146690633354491,0.040836552384223214,1.0,1.002874575301692,-2.1599647084879856,41,102,800,100,2,100,0.0,0,0.3,0.25,0.0,1.0,0.7,1.0,1.0,0.25,1.0,0.25
inter_0.25,0.9426086502060146,0.03945004187407881,1.0,0.9983009186684767,-1.4117163332862135,42,103,800,100,2,100,0.0,0,0.3,0.25,0.0,1.0,0.7,1.0,1.0,0.25,1.0,0.25
inter_0.25,0.9418884815166411,0.04131530285847768,1.0,0.9991962975051973,-1.3870844946933993,43,104,800,100,2,100,0.0,0,0.3,0.25,0.0,1.0,0.7,1.0,1.0,0.25,1.0,0.25
inter_0.25,1.0227005682457928,0.03863051093438589,1.0,0.9958661719170638,0.6946425423755674,44,105,800,100,2,100,0.0,0,0.3,0.25,0.0,1.0,0.7,1.0,1.0,0.25,1.0,0.25
inter_0.25,0.9811063677125047,0.03823177899078924,1.0,1.0033808109783324,-0.5826159246001621,45,106,800,100,2,100,0.0,0,0.3,0.25,0.0,1.0,0.7,1.0,1.0,0.25,1.0,0.25
inter_0.25,1.0401060831925055,0.04207484574543728,1.0,1.0075582050854965,0.7735709431694964,46,107,800,100,2,100,0.0,0,0.3,0.25,0.0,1.0,0.7,1.0,1.0,0.25,1.0,0.25
inter_0.25,0.9701952017607318,0.038929959452325885,1.0,1.006180704700838,-0.924365281812699,47,108,800,100,2,100,0.0,0,0.3,0.25,0.0,1.0,0.7,1.0,1.0,0.25,1.0,0.25
inter_0.25,0.9846673434988064,0.03728253635520321,1.0,1.007507901626331,-0.612634234696778,48,109,800,100,2,100,0.0,0,0.3,0.25,0.0,1.0,0.7,1.0,1.0,0.25,1.0,0.25
inter_0.25,0.9638971051472341,0.03780674526711144,1.0,1.0054562759397434,-1.0992528052570054,49,110,800,100,2,100,0.0,0,0.3,0.25,0.0,1.0,0.7,1.0,1.0,0.25,1.0,0.25
inter_0.25,0.9730739618798276,0.03934792343951817,1.0,1.0031735755065163,-0.7649606636282824,50,111,800,100,2,100,0.0,0,0.3,0.25,0.0,1.0,0.7,1.0,1.0,0.25,1.0,0.25
inter_0.25,0.9945157641348895,0.03904989730621925,1.0,0.9829847852620058,0.29528832771212454,51,112,800,100,2,100,0.0,0,0.3,0.25,0.0,1.0,0.7,1.0,1.0,0.25,1.0,0.25
inter_0.25,1.0507788918859506,0.04224312795915402,1.0,0.9949206339441088,1.3223040205699885,52,113,800,100,2,100,0.0,0,0.3,0.25,0.0,1.0,0.7,1.0,1.0,0.25,1.0,0.25
inter_0.25,1.0142589597927012,0.03504092942241433,1.0,1.0034238555572474,0.3092128095358953,53,114,800,100,2,100,0.0,0,0.3,0.25,0.0,1.0,0.7,1.0,1.0,0.25,1.0,0.25
inter_0.25,0.9574903015560641,0.037303921253504076,1.0,1.0040491659112056,-1.248095717303932,54,115,800,100,2,100,0.0,0,0.3,0.25,0.0,1.0,0.7,1.0,1.0,0.25,1.0,0.25
inter_0.25,0.972184673738556,0.0411916371392736,1.0,1.012790725569633,-0.9857838787466309,55,116,800,100,2,100,0.0,0,0.3,0.25,0.0,1.0,0.7,1.0,1.0,0.25,1.0,0.25
inter_0.25,0.9885277301756877,0.04213600410872202,1.0,0.9927214666532203,-0.09952857576887379,56,117,800,100,2,100,0.0,0,0.3,0.25,0.0,1.0,0.7,1.0,1.0,0.25,1.0,0.25
inter_0.25,0.9225136898770827,0.0400164258922559,1.0,1.0020443172137203,-1.987449542614665,57,118,800,100,2,100,0.0,0,0.3,0.25,0.0,1.0,0.7,1.0,1.0,0.25,1.0,0.25
inter_0.25,0.9249688594340284,0.038380647454514485,1.0,0.9864642731608112,-1.602250556081994,58,119,800,100,2,100,0.0,0,0.3,0.25,0.0,1.0,0.7,1.0,1.0,0.25,1.0,0.25
inter_0.25,0.9422283953502499,0.0389793835502121,1.0,1.0158056261931545,-1.8875934953697906,59,120,800,100,2,100,0.0,0,0.3,0.25,0.0,1.0,0.7,1.0,1.0,0.25,1.0,0.25
inter_0.25,1.0369576665620188,0.03895527719215374,1.0,0.9950639156482933,1.075431980809101,60,121,800,100,2,100,0.0,0,0.3,0.25,0.0,1.0,0.7,1.0,1.0,0.25,1.0,0.25
inter_0.25,0.9844770451729421,0.04141650284520914,1.0,0.9921512052184696,-0.18529232355056666,61,122,800,100,2,100,0.0,0,0.3,0.25,0.0,1.0,0.7,1.0,1.0,0.25,1.0,0.25
inter_0.25,1.0116694198628793,0.039066979867351276,1.0,1.00422114417465,0.19065399254099663,62,123,800,100,2,100,0.0,0,0.3,0.25,0.0,1.0,0.7,1.0,1.0,0.25,1.0,0.25
inter_0.25,0.9162819600080411,0.03871088958546965,1.0,1.0000919305744034,-2.1650231101333524,63,124,800,100,2,100,0.0,0,0.3,0.25,0.0,1.0,0.7,1.0,1.0,0.25,1.0,0.25
inter_0.25,0.989206263996035,0.03854457360899935,1.0,1.0225961189301216,-0.8662660345603306,64,125,800,100,2,100,0.0,0,0.3,0.25,0.0,1.0,0.7,1.0,1.0,0.25,1.0,0.25
inter_0.25,0.9194908400674131,0.037405963706913695,1.0,1.0002681836479683,-2.1594776761659866,65,126,800,100,2,100,0.0,0,0.3,0.25,0.0,1.0,0.7,1.0,1.0,0.25,1.0,0.25
inter_0.25,1.0047765435866352,0.039657566106956636,1.0,0.9952712254848715,0.2396848580199755,66,127,800,100,2,100,0.0,0,0.3,0.25,0.0,1.0,0.7,1.0,1.0,0.25,1.0,0.25
inter_0.25,1.0095363942969675,0.04072361491861443,1.0,1.009004141160175,0.013069889248690611,67,128,800,100,2,100,0.0,0,0.3,0.25,0.0,1.0,0.7,1.0,1.0,0.25,1.0,0.25
inter_0.25,1.060828676077558,0.04300638606684683,1.0,0.9992768862791166,1.4312244163638543,68,129,800,100,2,100,0.0,0,0.3,0.25,0.0,1.0,0.7,1.0,1.0,0.25,1.0,0.25
inter_0.25,1.0250194327541389,0.04221535467324869,1.0,1.0036108912882178,0.5071268885841528,69,130,800,100,2,100,0.0,0,0.3,0.25,0.0,1.0,0.7,1.0,1.0,0.25,1.0,0.25
inter_0.25,0.9739269826329127,0.040500901559632395,1.0,1.0106494849605014,-0.9067082685435927,70,131,800,100,2,100,0.0,0,0.3,0.25,0.0,1.0,0.7,1.0,1.0,0.25,1.0,0.25
inter_0.25,1.1116473429995826,0.03897676987144061,1.0,0.9928249716950215,3.0485433168648903,71,132,800,100,2,100,0.0,0,0.3,0.25,0.0,1.0,0.7,1.0,1.0,0.25,1.0,0.25
inter_0.25,0.9811329248143885,0.036278661786716265,1.0,0.9934283901168564,-0.3389172780063768,72,133,800,100,2,100,0.0,0,0.3,0.25,0.0,1.0,0.7,1.0,1.0,0.25,1.0,0.25
inter_0.25,1.026102276767971,0.04492017912010638,1.0,1.0028791547398563,0.516986407512342,73,134,800,100,2,100,0.0,0,0.3,0.25,0.0,1.0,0.7,1.0,1.0,0.25,1.0,0.25
inter_0.25,1.0179091017148294,0.04202926650219356,1.0,0.9911549211342205,0.6365607303475668,74,135,800,100,2,100,0.0,0,0.3,0.25,0.0,1.0,0.7,1.0,1.0,0.25,1.0,0.25
inter_0.25,0.9509189654878204,0.0408852956188832,1.0,1.0101713420862815,-1.4492343934794707,75,136,800,100,2,100,0.0,0,0.3,0.25,0.0,1.0,0.7,1.0,1.0,0.25,1.0,0.25
inter_0.25,0.9816414359699237,0.041315111293390765,1.0,1.003910512066001,-0.5390055938113792,76,137,800,100,2,100,0.0,0,0.3,0.25,0.0,1.0,0.7,1.0,1.0,0.25,1.0,0.25
inter_0.25,0.9555165185324388,0.03939135225769984,1.0,1.0058264633780267,-1.2771824769167155,77,138,800,100,2,100,0.0,0,0.3,0.25,0.0,1.0,0.7,1.0,1.0,0.25,1.0,0.25
inter_0.25,0.9555562870364436,0.04319434345206704,1.0,1.0004085011813912,-1.0383816620507353,78,139,800,100,2,100,0.0,0,0.3,0.25,0.0,1.0,0.7,1.0,1.0,0.25,1.0,0.25
inter_0.25,0.9892055205893381,0.03900552405064988,1.0,0.9983434939284862,-0.23427382560691093,79,140,800,100,2,100,0.0,0,0.3,0.25,0.0,1.0,0.7,1.0,1.0,0.25,1.0,0.25
inter_0.25,0.9413120736245425,0.03814850350206208,1.0,0.9998531135287471,-1.5345566543924898,80,141,800,100,2,100,0.0,0,0.3,0.25,0.0,1.0,0.7,1.0,1.0,0.25,1.0,0.25
inter_0.25,1.0297486246435152,0.038475976387286046,1.0,0.9909140568370115,1.0093198783471597,81,142,800,100,2,100,0.0,0,0.3,0.25,0.0,1.0,0.7,1.0,1.0,0.25,1.0,0.25
inter_0.25,0.9416235279983955,0.04051473562893611,1.0,0.9951511300855507,-1.3211884825659599,82,143,800,100,2,100,0.0,0,0.3,0.25,0.0,1.0,0.7,1.0,1.0,0.25,1.0,0.25
inter_0.25,0.9615476205480431,0.038600664511452755,1.0,0.9927762933276197,-0.8090190460402862,83,144,800,100,2,100,0.0,0,0.3,0.25,0.0,1.0,0.7,1.0,1.0,0.25,1.0,0.25
inter_0.25,0.9482045081462857,0.04296909525383624,1.0,0.9971967503721452,-1.1401739305061476,84,145,800,100,2,100,0.0,0,0.3,0.25,0.0,1.0,0.7,1.0,1.0,0.25,1.0,0.25
inter_0.25,0.9268039328827694,0.037641345211020645,1.0,1.00013357501176,-1.948114280132609,85,146,800,100,2,100,0.0,0,0.3,0.25,0.0,1.0,0.7,1.0,1.0,0.25,1.0,0.25
inter_0.25,1.0320567568582122,0.043578909146039534,1.0,1.005448968983228,0.6105657162233561,86,147,800,100,2,100,0.0,0,0.3,0.25,0.0,1.0,0.7,1.0,1.0,0.25,1.0,0.25
inter_0.25,0.9816861754434728,0.03916436173829599,1.0,0.9904721971434516,-0.22433716036759924,87,148,800,100,2,100,0.0,0,0.3,0.25,0.0,1.0,0.7,1.0,1.0,0.25,1.0,0.25
inter_0.25,0.9218704437988258,0.03979264149665585,1.0,0.9891551459160414,-1.6908830272770448,88,149,800,100,2,100,0.0,0,0.3,0.25,0.0,1.0,0.7,1.0,1.0,0.25,1.0,0.25
inter_0.25,0.9587861168850572,0.04133567423608873,1.0,0.9993644315934409,-0.9816778232918283,89,150,800,100,2,100,0.0,0,0.3,0.25,0.0,1.0,0.7,1.0,1.0,0.25,1.0,0.25
inter_0.25,0.9769136179509894,0.042769515921501654,1.0,1.0031444246117047,-0.6133061386259042,90,151,800,100,2,100,0.0,0,0.3,0.25,0.0,1.0,0.7,1.0,1.0,0.25,1.0,0.25
inter_0.25,0.9853440983813134,0.03938954059491254,1.0,1.0039846094179186,-0.4732350455240572,91,152,800,100,2,100,0.0,0,0.3,0.25,0.0,1.0,0.7,1.0,1.0,0.25,1.0,0.25
inter_0.25,0.9607714955862493,0.042909936574548745,1.0,0.9851916090703738,-0.5691015982206995,92,153,800,100,2,100,0.0,0,0.3,0.25,0.0,1.0,0.7,1.0,1.0,0.25,1.0,0.25
inter_0.25,1.0173159081528564,0.04169886509449852,1.0,1.0059411630338746,0.2727830863790716,93,154,800,100,2,100,0.0,0,0.3,0.25,0.0,1.0,0.7,1.0,1.0,0.25,1.0,0.25
inter_0.25,0.9645231019923292,0.04040022170921325,1.0,0.9894629975823842,-0.6173207605038346,94,155,800,100,2,100,0.0,0,0.3,0.25,0.0,1.0,0.7,1.0,1.0,0.25,1.0,0.25
inter_0.25,0.9309070574078536,0.042160286161128796,1.0,0.9809596052335243,-1.1871965867209522,95,156,800,100,2,100,0.0,0,0.3,0.25,0.0,1.0,0.7,1.0,1.0,0.25,1.0,0.25
inter_0.25,0.9744798355070758,0.03747630417572067,1.0,1.019560299864953,-1.202905818740867,96,157,800,100,2,100,0.0,0,0.3,0.25,0.0,1.0,0.7,1.0,1.0,0.25,1.0,0.25
inter_0.25,1.006904111713028,0.043309913818851645,1.0,0.9944536158440545,0.2874745011280568,97,158,800,100,2,100,0.0,0,0.3,0.25,0.0,1.0,0.7,1.0,1.0,0.25,1.0,0.25
inter_0.25,0.9525192253531962,0.04095302336069188,1.0,0.992369873859972,-0.9730819665203474,98,159,800,100,2,100,0.0,0,0.3,0.25,0.0,1.0,0.7,1.0,1.0,0.25,1.0,0.25
inter_0.25,0.9417372807395186,0.04015125443636716,1.0,0.9945193053323105,-1.3145797144754805,99,160,800,100,2,100,0.0,0,0.3,0.25,0.0,1.0,0.7,1.0,1.0,0.25,1.0,0.25
inter_0.5,0.9822639592328632,0.046418230142712257,1.0,0.961249809038567,0.4527133009959333,0,62,800,100,2,100,0.0,0,0.3,0.5,0.0,1.0,0.7,1.0,1.0,0.25,1.0,0.25
inter_0.5,0.9394721719743874,0.04747363873510435,1.0,0.9765577085696345,-0.781181674364141,1,63,800,100,2,100,0.0,0,0.3,0.5,0.0,1.0,0.7,1.0,1.0,0.25,1.0,0.25
inter_0.5,1.015001910569081,0.05280103777212607,1.0,1.0156315558276459,-0.011924865213486117,2,64,800,100,2,100,0.0,0,0.3,0.5,0.0,1.0,0.7,1.0,1.0,0.25,1.0,0.25
inter_0.5,0.9893084785391401,0.04779245318321699,1.0,0.9788567057665629,0.21869086176659017,3,65,800,100,2,100,0.0,0,0.3,0.5,0.0,1.0,0.7,1.0,1.0,0.25,1.0,0.25
inter_0.5,0.977396923569447,0.04527702912694867,1.0,0.9683645505012244,0.19949129265741844,4,66,800,100,2,100,0.0,0,0.3,0.5,0.0,1.0,0.7,1.0,1.0,0.25,1.0,0.25
inter_0.5,0.9947292905209981,0.04519042537495958,1.0,1.0164003816397786,-0.47955050077463235,5,67,800,100,2,100,0.0,0,0.3,0.5,0.0,1.0,0.7,1.0,1.0,0.25,1.0,0.25
inter_0.5,0.9161454586444772,0.04683375451945874,1.0,0.9891472339965501,-1.558742750845265,6,68,800,100,2,100,0.0,0,0.3,0.5,0.0,1.0,0.7,1.0,1.0,0.25,1.0,0.25
inter_0.5,1.0474390991497793,0.0508052429605866,1.0,1.0102503649561299,0.7319861499825815,7,69,800,100,2,100,0.0,0,0.3,0.5,0.0,1.0,0.7,1.0,1.0,0.25,1.0,0.25
inter_0.5,0.9465637961024141,0.03973731434253608,1.0,1.0005968922768538,-1.359757121698607,8,70,800,100,2,100,0.0,0,0.3,0.5,0.0,1.0,0.7,1.0,1.0,0.25,1.0,0.25
inter_0.5,0.9567774337475178,0.04694590393705751,1.0,1.0640913938536536,-2.285906780067894,9,71,800,100,2,100,0.0,0,0.3,0.5,0.0,1.0,0.7,1.0,1.0,0.25,1.0,0.25
inter_0.5,0.997021599468675,0.053291241744818536,1.0,1.0017138743193088,-0.08804964375013956,10,72,800,100,2,100,0.0,0,0.3,0.5,0.0,1.0,0.7,1.0,1.0,0.25,1.0,0.25
inter_0.5,0.9303987859273314,0.04735227636208865,1.0,0.9852438873544412,-1.1582357943623622,11,73,800,100,2,100,0.0,0,0.3,0.5,0.0,1.0,0.7,1.0,1.0,0.25,1.0,0.25
inter_0.5,0.9669580477138879,0.04831812367441711,1.0,1.0225400734795034,-1.1503349372617366,12,74,800,100,2,100,0.0,0,0.3,0.5,0.0,1.0,0.7,1.0,1.0,0.25,1.0,0.25
inter_0.5,1.0224639284841188,0.0470798515074396,1.0,1.001208577245751,0.45147447491436876,13,75,800,100,2,100,0.0,0,0.3,0.5,0.0,1.0,0.7,1.0,1.0,0.25,1.0,0.25
inter_0.5,0.9273278276785246,0.05867792068290617,1.0,0.9921901698360763,-1.1053960570291164,14,76,800,100,2,100,0.0,0,0.3,0.5,0.0,1.0,0.7,1.0,1.0,0.25,1.0,0.25
inter_0.5,0.985365285614384,0.0440424282527537,1.0,1.035267161162076,-1.1330409681616962,15,77,800,100,2,100,0.0,0,0.3,0.5,0.0,1.0,0.7,1.0,1.0,0.25,1.0,0.25
inter_0.5,0.9294839304526714,0.048059852931981915,1.0,0.9927663456221691,-1.3167417565563504,16,78,800,100,2,100,0.0,0,0.3,0.5,0.0,1.0,0.7,1.0,1.0,0.25,1.0,0.25
inter_0.5,0.9608088649345674,0.047564581410902466,1.0,0.9825737583878074,-0.4575861451447807,17,79,800,100,2,100,0.0,0,0.3,0.5,0.0,1.0,0.7,1.0,1.0,0.25,1.0,0.25
inter_0.5,0.9963945002972113,0.04620162882702851,1.0,1.0084277072667915,-0.2604498428968946,18,80,800,100,2,100,0.0,0,0.3,0.5,0.0,1.0,0.7,1.0,1.0,0.25,1.0,0.25
inter_0.5,0.9598063020251124,0.050948063740805356,1.0,0.9963632756031967,-0.71753411010996,19,81,800,100,2,100,0.0,0,0.3,0.5,0.0,1.0,0.7,1.0,1.0,0.25,1.0,0.25
inter_0.5,1.0622567328907342,0.04745891553698987,1.0,1.035416055139505,0.5655560698665621,20,82,800,100,2,100,0.0,0,0.3,0.5,0.0,1.0,0.7,1.0,1.0,0.25,1.0,0.25
inter_0.5,1.0515317403901834,0.049702292525140725,1.0,0.9945882353936392,1.1456917197077114,21,83,800,100,2,100,0.0,0,0.3,0.5,0.0,1.0,0.7,1.0,1.0,0.25,1.0,0.25
inter_0.5,0.9206880315987663,0.04634227899690059,1.0,1.0028801674155867,-1.7735885587827362,22,84,800,100,2,100,0.0,0,0.3,0.5,0.0,1.0,0.7,1.0,1.0,0.25,1.0,0.25
inter_0.5,0.9474744174322262,0.056016492025517325,1.0,1.0094768215535868,-1.1068598171609265,23,85,800,100,2,100,0.0,0,0.3,0.5,0.0,1.0,0.7,1.0,1.0,0.25,1.0,0.25
inter_0.5,1.0201500424018695,0.05329346270896463,1.0,1.0091717849579356,0.20599632461275968,24,86,800,100,2,100,0.0,0,0.3,0.5,0.0,1.0,0.7,1.0,1.0,0.25,1.0,0.25
inter_0.5,1.0561142146324378,0.045309062325439096,1.0,1.017142820296436,0.8601236118303193,25,87,800,100,2,100,0.0,0,0.3,0.5,0.0,1.0,0.7,1.0,1.0,0.25,1.0,0.25
inter_0.5,0.9928243399507778,0.04663132784007593,1.0,0.9837056917773165,0.19554768426784006,26,88,800,100,2,100,0.0,0,0.3,0.5,0.0,1.0,0.7,1.0,1.0,0.25,1.0,0.25
inter_0.5,0.9319028807623101,0.0472377115787361,1.0,1.001345136740951,-1.470059697174239,27,89,800,100,2,100,0.0,0,0.3,0.5,0.0,1.0,0.7,1.0,1.0,0.25,1.0,0.25
inter_0.5,0.9654293402301775,0.04418431225010803,1.0,1.001074098221735,-0.8067288179068665,28,90,800,100,2,100,0.0,0,0.3,0.5,0.0,1.0,0.7,1.0,1.0,0.25,1.0,0.25
inter_0.5,1.0079637533735202,0.04662359136852847,1.0,1.0143923481549812,-0.1378828741580053,29,91,800,100,2,100,0.0,0,0.3,0.5,0.0,1.0,0.7,1.0,1.0,0.25,1.0,0.25
inter_0.5,1.0281033383622649,0.048411571864853564,1.0,1.0232102800210996,0.10107208158464262,30,92,800,100,2,100,0.0,0,0.3,0.5,0.0,1.0,0.7,1.0,1.0,0.25,1.0,0.25
inter_0.5,1.0162825165651093,0.050722608394353816,1.0,0.9934880536788951,0.4493945324931571,31,93,800,100,2,100,0.0,0,0.3,0.5,0.0,1.0,0.7,1.0,1.0,0.25,1.0,0.25
inter_0.5,0.9413043484750238,0.04217765470888143,1.0,0.9886290042968119,-1.1220314678099654,32,94,800,100,2,100,0.0,0,0.3,0.5,0.0,1.0,0.7,1.0,1.0,0.25,1.0,0.25
inter_0.5,1.0068779760164133,0.04716907415003959,1.0,1.0028656887711178,0.08506181894799998,33,95,800,100,2,100,0.0,0,0.3,0.5,0.0,1.0,0.7,1.0,1.0,0.25,1.0,0.25
inter_0.5,0.9164781126106147,0.05052217819980413,1.0,0.9699934339647075,-1.0592441430860602,34,96,800,100,2,100,0.0,0,0.3,0.5,0.0,1.0,0.7,1.0,1.0,0.25,1.0,0.25
inter_0.5,0.9189314694462685,0.04979430006117257,1.0,0.9905752932669006,-1.4387956800801969,35,97,800,100,2,100,0.0,0,0.3,0.5,0.0,1.0,0.7,1.0,1.0,0.25,1.0,0.25
inter_0.5,0.9946218249074644,0.04681991649470149,1.0,1.0152941596348082,-0.44152865436407174,36,98,800,100,2,100,0.0,0,0.3,0.5,0.0,1.0,0.7,1.0,1.0,0.25,1.0,0.25
inter_0.5,0.9469213394075008,0.05017643012006283,1.0,0.9964464095317118,-0.9870186062600864,37,99,800,100,2,100,0.0,0,0.3,0.5,0.0,1.0,0.7,1.0,1.0,0.25,1.0,0.25
inter_0.5,0.8972073604365033,0.05323550572227432,1.0,0.974470436871918,-1.4513448381328522,38,100,800,100,2,100,0.0,0,0.3,0.5,0.0,1.0,0.7,1.0,1.0,0.25,1.0,0.25
inter_0.5,1.0125004971365328,0.0502518859360445,1.0,1.005501479117295,0.13927871340282624,39,101,800,100,2,100,0.0,0,0.3,0.5,0.0,1.0,0.7,1.0,1.0,0.25,1.0,0.25
inter_0.5,0.9240624131046352,0.05179967039452554,1.0,1.0057491506033842,-1.5769740787266104,40,102,800,100,2,100,0.0,0,0.3,0.5,0.0,1.0,0.7,1.0,1.0,0.25,1.0,0.25
inter_0.5,0.955086524137968,0.04858640831648143,1.0,0.9966018373369533,-0.8544635143343677,41,103,800,100,2,100,0.0,0,0.3,0.5,0.0,1.0,0.7,1.0,1.0,0.25,1.0,0.25
inter_0.5,0.9550651492544157,0.05454214792699684,1.0,0.9983925950103947,-0.7943846621877014,42,104,800,100,2,100,0.0,0,0.3,0.5,0.0,1.0,0.7,1.0,1.0,0.25,1.0,0.25
inter_0.5,1.0379554340436337,0.052760465352212314,1.0,0.9917323438341277,0.8760933001810189,43,105,800,100,2,100,0.0,0,0.3,0.5,0.0,1.0,0.7,1.0,1.0,0.25,1.0,0.25
inter_0.5,0.9596707256820304,0.047387981861610196,1.0,1.006761621956665,-0.9937307820399887,44,106,800,100,2,100,0.0,0,0.3,0.5,0.0,1.0,0.7,1.0,1.0,0.25,1.0,0.25
inter_0.5,1.0342516862625588,0.052302891211981756,1.0,1.0151164101709929,0.365855034935093,45,107,800,100,2,100,0.0,0,0.3,0.5,0.0,1.0,0.7,1.0,1.0,0.25,1.0,0.25
inter_0.5,0.9583259138065242,0.048123049182546444,1.0,1.012361409401676,-1.12286100970405,46,108,800,100,2,100,0.0,0,0.3,0.5,0.0,1.0,0.7,1.0,1.0,0.25,1.0,0.25
inter_0.5,0.9985534698135252,0.04795358031192982,1.0,1.0150158032526622,-0.34329727482395034,47,109,800,100,2,100,0.0,0,0.3,0.5,0.0,1.0,0.7,1.0,1.0,0.25,1.0,0.25
inter_0.5,1.0048036579804638,0.047915015220768825,1.0,1.0109125518794866,-0.12749435371930962,48,110,800,100,2,100,0.0,0,0.3,0.5,0.0,1.0,0.7,1.0,1.0,0.25,1.0,0.25
inter_0.5,0.9877987980769704,0.04868351824451713,1.0,1.0063471510130326,-0.38099861318365663,49,111,800,100,2,100,0.0,0,0.3,0.5,0.0,1.0,0.7,1.0,1.0,0.25,1.0,0.25
inter_0.5,0.962636649172501,0.046282129025916975,1.0,0.9659695705240117,-0.07201313815196962,50,112,800,100,2,100,0.0,0,0.3,0.5,0.0,1.0,0.7,1.0,1.0,0.25,1.0,0.25
inter_0.5,1.0057064466425696,0.056839654786245995,1.0,0.9898412678882172,0.27912165923624466,51,113,800,100,2,100,0.0,0,0.3,0.5,0.0,1.0,0.7,1.0,1.0,0.25,1.0,0.25
inter_0.5,1.0058038118620956,0.042419016061949845,1.0,1.0068477111144951,-0.02460922834407622,52,114,800,100,2,100,0.0,0,0.3,0.5,0.0,1.0,0.7,1.0,1.0,0.25,1.0,0.25
inter_0.5,0.9458381615467598,0.04476847619778763,1.0,1.008098331822411,-1.3907145286916869,53,115,800,100,2,100,0.0,0,0.3,0.5,0.0,1.0,0.7,1.0,1.0,0.25,1.0,0.25
inter_0.5,0.9817243684546667,0.050143368735293604,1.0,1.025581451139266,-0.8746337509974741,54,116,800,100,2,100,0.0,0,0.3,0.5,0.0,1.0,0.7,1.0,1.0,0.25,1.0,0.25
inter_0.5,0.9660214950752151,0.0545442718732141,1.0,0.9854429333064403,-0.35606742127513497,55,117,800,100,2,100,0.0,0,0.3,0.5,0.0,1.0,0.7,1.0,1.0,0.25,1.0,0.25
inter_0.5,0.9146306786422096,0.05135847771139458,1.0,1.0040886344274407,-1.7418342554453012,56,118,800,100,2,100,0.0,0,0.3,0.5,0.0,1.0,0.7,1.0,1.0,0.25,1.0,0.25
inter_0.5,0.9112314398600949,0.04648095590124794,1.0,0.9729285463216225,-1.327363116038479,57,119,800,100,2,100,0.0,0,0.3,0.5,0.0,1.0,0.7,1.0,1.0,0.25,1.0,0.25
inter_0.5,0.9194042035516877,0.04904135123171736,1.0,1.0316112523863092,-2.288008915261126,58,120,800,100,2,100,0.0,0,0.3,0.5,0.0,1.0,0.7,1.0,1.0,0.25,1.0,0.25
inter_0.5,1.034254595585571,0.04676587077203257,1.0,0.9901278312965864,0.943567682169062,59,121,800,100,2,100,0.0,0,0.3,0.5,0.0,1.0,0.7,1.0,1.0,0.25,1.0,0.25
inter_0.5,0.9538972639416325,0.052112789034968056,1.0,0.9843024104369391,-0.5834488435248495,60,122,800,100,2,100,0.0,0,0.3,0.5,0.0,1.0,0.7,1.0,1.0,0.25,1.0,0.25
inter_0.5,1.0228775963115921,0.047905331538099595,1.0,1.0084422883493003,0.30132988330977983,61,123,800,100,2,100,0.0,0,0.3,0.5,0.0,1.0,0.7,1.0,1.0,0.25,1.0,0.25
inter_0.5,0.9424400265689216,0.05085798024017567,1.0,1.0001838611488068,-1.1353937829853098,62,124,800,100,2,100,0.0,0,0.3,0.5,0.0,1.0,0.7,1.0,1.0,0.25,1.0,0.25
inter_0.5,1.004653419890595,0.046779433264529775,1.0,1.0451922378602432,-0.8665948931105695,63,125,800,100,2,100,0.0,0,0.3,0.5,0.0,1.0,0.7,1.0,1.0,0.25,1.0,0.25
inter_0.5,0.9314713233365555,0.043890724789810764,1.0,1.0005363672959369,-1.5735680896163933,64,126,800,100,2,100,0.0,0,0.3,0.5,0.0,1.0,0.7,1.0,1.0,0.25,1.0,0.25
inter_0.5,1.0005783560498127,0.05138685178842401,1.0,0.9905424509697428,0.19530102994810647,65,127,800,100,2,100,0.0,0,0.3,0.5,0.0,1.0,0.7,1.0,1.0,0.25,1.0,0.25
inter_0.5,1.0200312798749924,0.051066617710733765,1.0,1.0180082823203498,0.03961487259841411,66,128,800,100,2,100,0.0,0,0.3,0.5,0.0,1.0,0.7,1.0,1.0,0.25,1.0,0.25
inter_0.5,1.0585862634162664,0.058307634728747074,1.0,0.9985537725582333,1.029581994490262,67,129,800,100,2,100,0.0,0,0.3,0.5,0.0,1.0,0.7,1.0,1.0,0.25,1.0,0.25
inter_0.5,1.0215599565590063,0.05514326640931073,1.0,1.0072217825764356,0.26001676933939866,68,130,800,100,2,100,0.0,0,0.3,0.5,0.0,1.0,0.7,1.0,1.0,0.25,1.0,0.25
inter_0.5,0.9748671321650705,0.05073006084840763,1.0,1.0212989699210027,-0.9152726604188498,69,131,800,100,2,100,0.0,0,0.3,0.5,0.0,1.0,0.7,1.0,1.0,0.25,1.0,0.25
inter_0.5,1.128727526025992,0.048712301326466347,1.0,0.985649943390043,2.937196123768681,70,132,800,100,2,100,0.0,0,0.3,0.5,0.0,1.0,0.7,1.0,1.0,0.25,1.0,0.25
inter_0.5,0.9747588024147963,0.041746910478483126,1.0,0.9868567802337127,-0.2897933686650145,71,133,800,100,2,100,0.0,0,0.3,0.5,0.0,1.0,0.7,1.0,1.0,0.25,1.0,0.25
inter_0.5,1.0578144656755155,0.05595726121902421,1.0,1.0057583094797125,0.9302842037255594,72,134,800,100,2,100,0.0,0,0.3,0.5,0.0,1.0,0.7,1.0,1.0,0.25,1.0,0.25
inter_0.5,0.9893893667618344,0.049181699546503733,1.0,0.982309842268441,0.1439463165907758,73,135,800,100,2,100,0.0,0,0.3,0.5,0.0,1.0,0.7,1.0,1.0,0.25,1.0,0.25
inter_0.5,0.9415458151940843,0.05072190244806293,1.0,1.020342684172563,-1.5535077584907868,74,136,800,100,2,100,0.0,0,0.3,0.5,0.0,1.0,0.7,1.0,1.0,0.25,1.0,0.25
inter_0.5,0.9749637287703301,0.05636828343719226,1.0,1.007821024132002,-0.582903955169804,75,137,800,100,2,100,0.0,0,0.3,0.5,0.0,1.0,0.7,1.0,1.0,0.25,1.0,0.25
inter_0.5,0.9661273167321468,0.047896005392819914,1.0,1.0116529267560532,-0.9505095393765587,76,138,800,100,2,100,0.0,0,0.3,0.5,0.0,1.0,0.7,1.0,1.0,0.25,1.0,0.25
inter_0.5,0.9335400242934937,0.06307500867901665,1.0,1.0008170023627827,-1.066618609783406,77,139,800,100,2,100,0.0,0,0.3,0.5,0.0,1.0,0.7,1.0,1.0,0.25,1.0,0.25
inter_0.5,1.018499448376542,0.04948824209274259,1.0,0.9966869878569722,0.4407604634388202,78,140,800,100,2,100,0.0,0,0.3,0.5,0.0,1.0,0.7,1.0,1.0,0.25,1.0,0.25
inter_0.5,0.951152005648268,0.0470254260338674,1.0,0.9997062270574943,-1.032509973950219,79,141,800,100,2,100,0.0,0,0.3,0.5,0.0,1.0,0.7,1.0,1.0,0.25,1.0,0.25
inter_0.5,1.0130898928493968,0.04360596034021865,1.0,0.9818281136740232,0.7169152778992961,80,142,800,100,2,100,0.0,0,0.3,0.5,0.0,1.0,0.7,1.0,1.0,0.25,1.0,0.25
inter_0.5,0.9152352349133225,0.050985123003019044,1.0,0.9903022601711016,-1.4723319438365197,81,143,800,100,2,100,0.0,0,0.3,0.5,0.0,1.0,0.7,1.0,1.0,0.25,1.0,0.25
inter_0.5,0.9459322549755893,0.048790913442642414,1.0,0.9855525866552395,-0.8120432450240355,82,144,800,100,2,100,0.0,0,0.3,0.5,0.0,1.0,0.7,1.0,1.0,0.25,1.0,0.25
inter_0.5,0.9495130663376765,0.05320330930020197,1.0,0.9943935007442903,-0.8435647142431316,83,145,800,100,2,100,0.0,0,0.3,0.5,0.0,1.0,0.7,1.0,1.0,0.25,1.0,0.25
inter_0.5,0.9481093941824746,0.04440097427339127,1.0,1.0002671500235198,-1.174698454135103,84,146,800,100,2,100,0.0,0,0.3,0.5,0.0,1.0,0.7,1.0,1.0,0.25,1.0,0.25
inter_0.5,1.0884506961987723,0.0626518676497835,1.0,1.010897937966456,1.2378363349968597,85,147,800,100,2,100,0.0,0,0.3,0.5,0.0,1.0,0.7,1.0,1.0,0.25,1.0,0.25
inter_0.5,0.9682712350808103,0.048368038878651654,1.0,0.9809443942869032,-0.26201515504666245,86,148,800,100,2,100,0.0,0,0.3,0.5,0.0,1.0,0.7,1.0,1.0,0.25,1.0,0.25
inter_0.5,0.8916903204556466,0.04570732394526426,1.0,0.9783102918320824,-1.8951004762423977,87,149,800,100,2,100,0.0,0,0.3,0.5,0.0,1.0,0.7,1.0,1.0,0.25,1.0,0.25
inter_0.5,0.9389121719474562,0.05503090687461714,1.0,0.9987288631868819,-1.0869653915700954,88,150,800,100,2,100,0.0,0,0.3,0.5,0.0,1.0,0.7,1.0,1.0,0.25,1.0,0.25
inter_0.5,0.9900174650579892,0.05777277030995838,1.0,1.0062888492234094,-0.28164452004157337,89,151,800,100,2,100,0.0,0,0.3,0.5,0.0,1.0,0.7,1.0,1.0,0.25,1.0,0.25
inter_0.5,0.9904746147255566,0.04337947648814942,1.0,1.0079692188358371,-0.4032921908372897,90,152,800,100,2,100,0.0,0,0.3,0.5,0.0,1.0,0.7,1.0,1.0,0.25,1.0,0.25
inter_0.5,0.9612760143517745,0.05223381449047251,1.0,0.970383218140748,-0.1743545608876549,91,153,800,100,2,100,0.0,0,0.3,0.5,0.0,1.0,0.7,1.0,1.0,0.25,1.0,0.25
inter_0.5,1.029704722856432,0.05247543888675462,1.0,1.0118823260677494,0.3396331153541081,92,154,800,100,2,100,0.0,0,0.3,0.5,0.0,1.0,0.7,1.0,1.0,0.25,1.0,0.25
inter_0.5,0.9793984093097872,0.04911770717947325,1.0,0.9789259951647685,0.009618000760753477,93,155,800,100,2,100,0.0,0,0.3,0.5,0.0,1.0,0.7,1.0,1.0,0.25,1.0,0.25
inter_0.5,0.8861879478070008,0.051205449706842654,1.0,0.9619192104670486,-1.478968803000821,94,156,800,100,2,100,0.0,0,0.3,0.5,0.0,1.0,0.7,1.0,1.0,0.25,1.0,0.25
inter_0.5,0.9796558647523674,0.04425635386476357,1.0,1.0391205997299058,-1.3436428847990463,95,157,800,100,2,100,0.0,0,0.3,0.5,0.0,1.0,0.7,1.0,1.0,0.25,1.0,0.25
inter_0.5,0.980359609516366,0.05226018883651264,1.0,0.9889072316881091,-0.1635589606934433,96,158,800,100,2,100,0.0,0,0.3,0.5,0.0,1.0,0.7,1.0,1.0,0.25,1.0,0.25
inter_0.5,0.9322270197413599,0.048837429391960015,1.0,0.9847397477199442,-1.075255774769123,97,159,800,100,2,100,0.0,0,0.3,0.5,0.0,1.0,0.7,1.0,1.0,0.25,1.0,0.25
inter_0.5,0.9308958776254651,0.05076721653715695,1.0,0.9890386106646207,-1.1452810889602443,98,160,800,100,2,100,0.0,0,0.3,0.5,0.0,1.0,0.7,1.0,1.0,0.25,1.0,0.25
inter_0.5,0.9916467822655942,0.04931098734214588,1.0,0.9866228366024435,0.1018828852136313,99,161,800,100,2,100,0.0,0,0.3,0.5,0.0,1.0,0.7,1.0,1.0,0.25,1.0,0.25
inter_1.0,0.8729704468506323,0.0649620575145195,1.0,0.9531154171392688,-1.2337197027776337,0,63,800,100,2,100,0.0,0,0.3,1.0,0.0,1.0,0.7,1.0,1.0,0.25,1.0,0.25
inter_1.0,1.0084091712440795,0.08529106534676466,1.0,1.0312631116552915,-0.2679523384811249,1,64,800,100,2,100,0.0,0,0.3,1.0,0.0,1.0,0.7,1.0,1.0,0.25,1.0,0.25
inter_1.0,0.9647112245043385,0.074140251307063,1.0,0.9577134115331261,0.09438615121804748,2,65,800,100,2,100,0.0,0,0.3,1.0,0.0,1.0,0.7,1.0,1.0,0.25,1.0,0.25
inter_1.0,1.0047104635696547,0.06957692346519863,1.0,0.9367291010024487,0.9770676710247082,3,66,800,100,2,100,0.0,0,0.3,1.0,0.0,1.0,0.7,1.0,1.0,0.25,1.0,0.25
inter_1.0,1.0572075921624586,0.0658079745521601,1.0,1.032800763279557,0.370879502810962,4,67,800,100,2,100,0.0,0,0.3,1.0,0.0,1.0,0.7,1.0,1.0,0.25,1.0,0.25
inter_1.0,0.9163939901386967,0.07147043800046125,1.0,0.9782944679931005,-0.8660990415926133,5,68,800,100,2,100,0.0,0,0.3,1.0,0.0,1.0,0.7,1.0,1.0,0.25,1.0,0.25
inter_1.0,1.0780117004949727,0.07635539919979267,1.0,1.0205007299122597,0.7532010988801064,6,69,800,100,2,100,0.0,0,0.3,1.0,0.0,1.0,0.7,1.0,1.0,0.25,1.0,0.25
inter_1.0,0.973524290500772,0.06058084278286599,1.0,1.0011937845537071,-0.45673669731053645,7,70,800,100,2,100,0.0,0,0.3,1.0,0.0,1.0,0.7,1.0,1.0,0.25,1.0,0.25
inter_1.0,1.0431727398633737,0.06863653165657424,1.0,1.128182787707307,-1.2385539565035806,8,71,800,100,2,100,0.0,0,0.3,1.0,0.0,1.0,0.7,1.0,1.0,0.25,1.0,0.25
inter_1.0,1.022942283642548,0.08400929297680072,1.0,1.0034277486386176,0.23229019448264213,9,72,800,100,2,100,0.0,0,0.3,1.0,0.0,1.0,0.7,1.0,1.0,0.25,1.0,0.25
inter_1.0,0.9133208084995873,0.072391469158079,1.0,0.9704877747088827,-0.7896920296569984,10,73,800,100,2,100,0.0,0,0.3,1.0,0.0,1.0,0.7,1.0,1.0,0.25,1.0,0.25
inter_1.0,0.9851759576181124,0.07730654505950145,1.0,1.0450801469590068,-0.7748915605371731,11,74,800,100,2,100,0.0,0,0.3,1.0,0.0,1.0,0.7,1.0,1.0,0.25,1.0,0.25
inter_1.0,1.0477440122490707,0.0712648596778303,1.0,1.002417154491502,0.6360337754466863,12,75,800,100,2,100,0.0,0,0.3,1.0,0.0,1.0,0.7,1.0,1.0,0.25,1.0,0.25
inter_1.0,0.8734805890821826,0.09747013219674738,1.0,0.9843803396721527,-1.1377818834400926,13,76,800,100,2,100,0.0,0,0.3,1.0,0.0,1.0,0.7,1.0,1.0,0.25,1.0,0.25
inter_1.0,1.0008978637747132,0.064612437001135,1.0,1.0705343223241521,-1.0777562615107001,14,77,800,100,2,100,0.0,0,0.3,1.0,0.0,1.0,0.7,1.0,1.0,0.25,1.0,0.25
inter_1.0,0.9076034478224656,0.06690252119666919,1.0,0.9855326912443383,-1.1648177382252745,15,78,800,100,2,100,0.0,0,0.3,1.0,0.0,1.0,0.7,1.0,1.0,0.25,1.0,0.25
inter_1.0,0.9428049970973907,0.07338111211907557,1.0,0.9651475167756144,-0.3044723503504339,16,79,800,100,2,100,0.0,0,0.3,1.0,0.0,1.0,0.7,1.0,1.0,0.25,1.0,0.25
inter_1.0,1.0295000996390304,0.07511029598262323,1.0,1.016855414533583,0.16834822629873156,17,80,800,100,2,100,0.0,0,0.3,1.0,0.0,1.0,0.7,1.0,1.0,0.25,1.0,0.25
inter_1.0,0.9039668451341161,0.07524811392022449,1.0,0.9927265512063935,-1.1795605424260533,18,81,800,100,2,100,0.0,0,0.3,1.0,0.0,1.0,0.7,1.0,1.0,0.25,1.0,0.25
inter_1.0,1.0946900799499173,0.06977883120416666,1.0,1.07083211027901,0.3419084163376292,19,82,800,100,2,100,0.0,0,0.3,1.0,0.0,1.0,0.7,1.0,1.0,0.25,1.0,0.25
inter_1.0,1.1367161296350274,0.07169460744874395,1.0,0.9891764707872784,2.0578906015104184,20,83,800,100,2,100,0.0,0,0.3,1.0,0.0,1.0,0.7,1.0,1.0,0.25,1.0,0.25
inter_1.0,0.9087309253106587,0.06582270939021767,1.0,1.0057603348311732,-1.4741023336686698,21,84,800,100,2,100,0.0,0,0.3,1.0,0.0,1.0,0.7,1.0,1.0,0.25,1.0,0.25
inter_1.0,0.9785652008985676,0.08541407658042764,1.0,1.0189536431071735,-0.4728546373802373,22,85,800,100,2,100,0.0,0,0.3,1.0,0.0,1.0,0.7,1.0,1.0,0.25,1.0,0.25
inter_1.0,1.0479621403769557,0.08416158181070704,1.0,1.018343569915871,0.3519250687053586,23,86,800,100,2,100,0.0,0,0.3,1.0,0.0,1.0,0.7,1.0,1.0,0.25,1.0,0.25
inter_1.0,1.1170433338180503,0.06958759284205117,1.0,1.0342856405928722,1.1892593182957232,24,87,800,100,2,100,0.0,0,0.3,1.0,0.0,1.0,0.7,1.0,1.0,0.25,1.0,0.25
inter_1.0,0.9895492769447117,0.06960755945543973,1.0,0.9674113835546331,0.3180386378041388,25,88,800,100,2,100,0.0,0,0.3,1.0,0.0,1.0,0.7,1.0,1.0,0.25,1.0,0.25
inter_1.0,0.9303559254561967,0.07022692028860093,1.0,1.0026902734819023,-1.0300088303522934,26,89,800,100,2,100,0.0,0,0.3,1.0,0.0,1.0,0.7,1.0,1.0,0.25,1.0,0.25
inter_1.0,0.9758845183120853,0.06490446830191508,1.0,1.00214819644347,-0.4046513101257421,27,90,800,100,2,100,0.0,0,0.3,1.0,0.0,1.0,0.7,1.0,1.0,0.25,1.0,0.25
inter_1.0,1.005526974204383,0.06649204020022476,1.0,1.0287846963099623,-0.34978204963397375,28,91,800,100,2,100,0.0,0,0.3,1.0,0.0,1.0,0.7,1.0,1.0,0.25,1.0,0.25
inter_1.0,1.0807441453342335,0.07705237869533293,1.0,1.0464205600421994,0.4454578284695192,29,92,800,100,2,100,0.0,0,0.3,1.0,0.0,1.0,0.7,1.0,1.0,0.25,1.0,0.25
inter_1.0,1.0345075282684981,0.07423251371049652,1.0,0.9869761073577905,0.6403046122899465,30,93,800,100,2,100,0.0,0,0.3,1.0,0.0,1.0,0.7,1.0,1.0,0.25,1.0,0.25
inter_1.0,0.9264090523701825,0.062010582349198214,1.0,0.9772580085936238,-0.8200044943473876,31,94,800,100,2,100,0.0,0,0.3,1.0,0.0,1.0,0.7,1.0,1.0,0.25,1.0,0.25
inter_1.0,1.0615273750047698,0.07476645185156663,1.0,1.0057313775422358,0.7462705007495258,32,95,800,100,2,100,0.0,0,0.3,1.0,0.0,1.0,0.7,1.0,1.0,0.25,1.0,0.25
inter_1.0,0.9068418831040266,0.08164287983150903,1.0,0.939986867929415,-0.40597520437534257,33,96,800,100,2,100,0.0,0,0.3,1.0,0.0,1.0,0.7,1.0,1.0,0.25,1.0,0.25
inter_1.0,0.9081854561574223,0.07168004610687823,1.0,0.9811505865338012,-1.017928061424298,34,97,800,100,2,100,0.0,0,0.3,1.0,0.0,1.0,0.7,1.0,1.0,0.25,1.0,0.25
inter_1.0,1.030784896481775,0.07212121288046784,1.0,1.0305883192696164,0.002725650391992193,35,98,800,100,2,100,0.0,0,0.3,1.0,0.0,1.0,0.7,1.0,1.0,0.25,1.0,0.25
inter_1.0,0.9594074239732381,0.08038341444389341,1.0,0.9928928190634235,-0.41657094715176374,36,99,800,100,2,100,0.0,0,0.3,1.0,0.0,1.0,0.7,1.0,1.0,0.25,1.0,0.25
inter_1.0,0.8834115795686567,0.08487442010335611,1.0,0.9489408737438362,-0.7720735422448952,37,100,800,100,2,100,0.0,0,0.3,1.0,0.0,1.0,0.7,1.0,1.0,0.25,1.0,0.25
inter_1.0,1.0044610494384072,0.07226956177504108,1.0,1.0110029582345894,-0.09052094181151547,38,101,800,100,2,100,0.0,0,0.3,1.0,0.0,1.0,0.7,1.0,1.0,0.25,1.0,0.25
inter_1.0,0.9392020271620152,0.07628914768634651,1.0,1.0114983012067686,-0.9476613153680882,39,102,800,100,2,100,0.0,0,0.3,1.0,0.0,1.0,0.7,1.0,1.0,0.25,1.0,0.25
inter_1.0,0.9582347367746147,0.07337022939778132,1.0,0.9932036746739068,-0.47660935758706463,40,103,800,100,2,100,0.0,0,0.3,1.0,0.0,1.0,0.7,1.0,1.0,0.25,1.0,0.25
inter_1.0,0.9991018160501416,0.08817595565164504,1.0,0.9967851900207891,0.026272763501477666,41,104,800,100,2,100,0.0,0,0.3,1.0,0.0,1.0,0.7,1.0,1.0,0.25,1.0,0.25
inter_1.0,1.112360755892723,0.0882045526778945,1.0,0.9834646876682556,1.4613312387079425,42,105,800,100,2,100,0.0,0,0.3,1.0,0.0,1.0,0.7,1.0,1.0,0.25,1.0,0.25
inter_1.0,0.9401666837926277,0.07035920249141751,1.0,1.0135232439133302,-1.0426007902754522,43,106,800,100,2,100,0.0,0,0.3,1.0,0.0,1.0,0.7,1.0,1.0,0.25,1.0,0.25
inter_1.0,1.070192606322348,0.07546213838036675,1.0,1.030232820341986,0.5295342384673062,44,107,800,100,2,100,0.0,0,0.3,1.0,0.0,1.0,0.7,1.0,1.0,0.25,1.0,0.25
inter_1.0,0.9796056296771452,0.07432473565156018,1.0,1.024722818803352,-0.6070279124532574,45,108,800,100,2,100,0.0,0,0.3,1.0,0.0,1.0,0.7,1.0,1.0,0.25,1.0,0.25
inter_1.0,1.0352461049074824,0.07470817961078949,1.0,1.0300316065053245,0.06979822596834807,46,109,800,100,2,100,0.0,0,0.3,1.0,0.0,1.0,0.7,1.0,1.0,0.25,1.0,0.25
inter_1.0,1.0843796543792508,0.07327533336364925,1.0,1.0218251037589732,0.853691791613328,47,110,800,100,2,100,0.0,0,0.3,1.0,0.0,1.0,0.7,1.0,1.0,0.25,1.0,0.25
inter_1.0,0.9889535475040608,0.07064834667380811,1.0,1.0126943020260653,-0.33604119048416414,48,111,800,100,2,100,0.0,0,0.3,1.0,0.0,1.0,0.7,1.0,1.0,0.25,1.0,0.25
inter_1.0,0.9287408183756148,0.06805033783817258,1.0,0.9319391410480234,-0.04699936508786173,49,112,800,100,2,100,0.0,0,0.3,1.0,0.0,1.0,0.7,1.0,1.0,0.25,1.0,0.25
inter_1.0,0.9743247427108213,0.09411569434099236,1.0,0.9796825357764347,-0.05692773243749907,50,113,800,100,2,100,0.0,0,0.3,1.0,0.0,1.0,0.7,1.0,1.0,0.25,1.0,0.25
inter_1.0,1.0348150481267442,0.06746535846743805,1.0,1.0136954222289902,0.3130440032857349,51,114,800,100,2,100,0.0,0,0.3,1.0,0.0,1.0,0.7,1.0,1.0,0.25,1.0,0.25
inter_1.0,0.9719337425381477,0.06825733615252019,1.0,1.0161966636448225,-0.6484712647995797,52,115,800,100,2,100,0.0,0,0.3,1.0,0.0,1.0,0.7,1.0,1.0,0.25,1.0,0.25
inter_1.0,1.0016848360135464,0.07491918301057046,1.0,1.051162902278532,-0.6604191914106257,53,116,800,100,2,100,0.0,0,0.3,1.0,0.0,1.0,0.7,1.0,1.0,0.25,1.0,0.25
inter_1.0,0.9584017217107281,0.0849342007682057,1.0,0.9708858666128803,-0.1469860761535009,54,117,800,100,2,100,0.0,0,0.3,1.0,0.0,1.0,0.7,1.0,1.0,0.25,1.0,0.25
inter_1.0,0.926278650040281,0.08195717119265734,1.0,1.0081772688548811,-0.9992855734622714,55,118,800,100,2,100,0.0,0,0.3,1.0,0.0,1.0,0.7,1.0,1.0,0.25,1.0,0.25
inter_1.0,0.8984077598063732,0.06708559552234732,1.0,0.9458570926432449,-0.70729539579127,56,119,800,100,2,100,0.0,0,0.3,1.0,0.0,1.0,0.7,1.0,1.0,0.25,1.0,0.25
inter_1.0,0.8861691810661546,0.07640160688709786,1.0,1.0632225047726183,-2.317403140068813,57,120,800,100,2,100,0.0,0,0.3,1.0,0.0,1.0,0.7,1.0,1.0,0.25,1.0,0.25
inter_1.0,1.039517638544835,0.0739420462659014,1.0,0.9802556625931728,0.8014651871893234,58,121,800,100,2,100,0.0,0,0.3,1.0,0.0,1.0,0.7,1.0,1.0,0.25,1.0,0.25
inter_1.0,0.9389215802677238,0.07943768834501648,1.0,0.9686048208738783,-0.3736669737572587,59,122,800,100,2,100,0.0,0,0.3,1.0,0.0,1.0,0.7,1.0,1.0,0.25,1.0,0.25
inter_1.0,1.056071134640257,0.07085674495896706,1.0,1.0168845766986003,0.5530392055738578,60,123,800,100,2,100,0.0,0,0.3,1.0,0.0,1.0,0.7,1.0,1.0,0.25,1.0,0.25
inter_1.0,0.972670587191269,0.08426143804727786,1.0,1.0003677222976135,-0.32870475211690636,61,124,800,100,2,100,0.0,0,0.3,1.0,0.0,1.0,0.7,1.0,1.0,0.25,1.0,0.25
inter_1.0,1.056027813409822,0.07117623719623035,1.0,1.0903844757204866,-0.4826984912948473,62,125,800,100,2,100,0.0,0,0.3,1.0,0.0,1.0,0.7,1.0,1.0,0.25,1.0,0.25
inter_1.0,0.9311739660602161,0.06790732074632536,1.0,1.0010727345918733,-1.0293259660879732,63,126,800,100,2,100,0.0,0,0.3,1.0,0.0,1.0,0.7,1.0,1.0,0.25,1.0,0.25
inter_1.0,1.020319906266992,0.07854095872410052,1.0,0.9810849019394857,0.49954832440143104,64,127,800,100,2,100,0.0,0,0.3,1.0,0.0,1.0,0.7,1.0,1.0,0.25,1.0,0.25
inter_1.0,1.043998043938355,0.0773528366754445,1.0,1.0360165646406998,0.10318276149514295,65,128,800,100,2,100,0.0,0,0.3,1.0,0.0,1.0,0.7,1.0,1.0,0.25,1.0,0.25
inter_1.0,1.0891554951939648,0.0945946926634699,1.0,0.9971075451164666,0.9730773205740837,66,129,800,100,2,100,0.0,0,0.3,1.0,0.0,1.0,0.7,1.0,1.0,0.25,1.0,0.25
inter_1.0,1.0586392667599485,0.08576405839538884,1.0,1.014443565152871,0.5153172836496009,67,130,800,100,2,100,0.0,0,0.3,1.0,0.0,1.0,0.7,1.0,1.0,0.25,1.0,0.25
inter_1.0,0.9737583613528071,0.07570643159002459,1.0,1.0425979398420053,-0.9092963047312456,68,131,800,100,2,100,0.0,0,0.3,1.0,0.0,1.0,0.7,1.0,1.0,0.25,1.0,0.25
inter_1.0,1.1564880407849478,0.07514558906431393,1.0,0.971299886780086,2.4643915406181334,69,132,800,100,2,100,0.0,0,0.3,1.0,0.0,1.0,0.7,1.0,1.0,0.25,1.0,0.25
inter_1.0,0.9541829531336721,0.06153099415428418,1.0,0.9737135604674253,-0.31741088539511886,70,133,800,100,2,100,0.0,0,0.3,1.0,0.0,1.0,0.7,1.0,1.0,0.25,1.0,0.25
inter_1.0,1.133457480700312,0.08695458649212162,1.0,1.011516618959425,1.402351119822015,71,134,800,100,2,100,0.0,0,0.3,1.0,0.0,1.0,0.7,1.0,1.0,0.25,1.0,0.25
inter_1.0,0.9606926536265895,0.06858799377696485,1.0,0.9646196845368822,-0.05725536925693777,72,135,800,100,2,100,0.0,0,0.3,1.0,0.0,1.0,0.7,1.0,1.0,0.25,1.0,0.25
inter_1.0,0.9290995191926508,0.07723917595988264,1.0,1.040685368345126,-1.4446794358659651,73,136,800,100,2,100,0.0,0,0.3,1.0,0.0,1.0,0.7,1.0,1.0,0.25,1.0,0.25
inter_1.0,0.9447751568075751,0.0902004791823324,1.0,1.015642048264004,-0.7856598113317974,74,137,800,100,2,100,0.0,0,0.3,1.0,0.0,1.0,0.7,1.0,1.0,0.25,1.0,0.25
inter_1.0,0.9940798982280857,0.07243761136462182,1.0,1.0233058535121065,-0.4034638184976726,75,138,800,100,2,100,0.0,0,0.3,1.0,0.0,1.0,0.7,1.0,1.0,0.25,1.0,0.25
inter_1.0,0.9012354266093038,0.1096332036081906,1.0,1.0016340047255654,-0.9157679864493256,76,139,800,100,2,100,0.0,0,0.3,1.0,0.0,1.0,0.7,1.0,1.0,0.25,1.0,0.25
inter_1.0,1.0578486686354978,0.07510448411735254,1.0,0.9933739757139446,0.8584666239210155,77,140,800,100,2,100,0.0,0,0.3,1.0,0.0,1.0,0.7,1.0,1.0,0.25,1.0,0.25
inter_1.0,0.9687650218422432,0.06916534312965049,1.0,0.9994124541149888,-0.44310388535623896,78,141,800,100,2,100,0.0,0,0.3,1.0,0.0,1.0,0.7,1.0,1.0,0.25,1.0,0.25
inter_1.0,1.0189868959312487,0.062288555399946245,1.0,0.9636562273480465,0.8882959032832215,79,142,800,100,2,100,0.0,0,0.3,1.0,0.0,1.0,0.7,1.0,1.0,0.25,1.0,0.25
inter_1.0,0.9059244106229847,0.07608841236857115,1.0,0.9806045203422028,-0.9814912336121402,80,143,800,100,2,100,0.0,0,0.3,1.0,0.0,1.0,0.7,1.0,1.0,0.25,1.0,0.25
inter_1.0,0.9245526026178216,0.0752561995049151,1.0,0.9711051733104793,-0.6185878505546549,81,144,800,100,2,100,0.0,0,0.3,1.0,0.0,1.0,0.7,1.0,1.0,0.25,1.0,0.25
inter_1.0,0.9438821212163127,0.07932010729981197,1.0,0.9887870014885806,-0.5661222835029418,82,145,800,100,2,100,0.0,0,0.3,1.0,0.0,1.0,0.7,1.0,1.0,0.25,1.0,0.25
inter_1.0,0.9848024400787274,0.06515621299139765,1.0,1.0005343000470397,-0.24144834768695506,83,146,800,100,2,100,0.0,0,0.3,1.0,0.0,1.0,0.7,1.0,1.0,0.25,1.0,0.25
inter_1.0,1.212028940295919,0.11137462167696979,1.0,1.021795875932912,1.7080467838962248,84,147,800,100,2,100,0.0,0,0.3,1.0,0.0,1.0,0.7,1.0,1.0,0.25,1.0,0.25
inter_1.0,0.9516435979318453,0.07162188452014703,1.0,0.9618887885738066,-0.14304553294851288,85,148,800,100,2,100,0.0,0,0.3,1.0,0.0,1.0,0.7,1.0,1.0,0.25,1.0,0.25
inter_1.0,0.8706263913005811,0.06447182145221851,1.0,0.956620583664165,-1.333826009977338,86,149,800,100,2,100,0.0,0,0.3,1.0,0.0,1.0,0.7,1.0,1.0,0.25,1.0,0.25
inter_1.0,0.9543858892116495,0.0879559178245899,1.0,0.9974577263737642,-0.4896980013103005,87,150,800,100,2,100,0.0,0,0.3,1.0,0.0,1.0,0.7,1.0,1.0,0.25,1.0,0.25
inter_1.0,1.012155411681835,0.09366912735367451,1.0,1.0125776984468189,-0.00450828119055107,88,151,800,100,2,100,0.0,0,0.3,1.0,0.0,1.0,0.7,1.0,1.0,0.25,1.0,0.25
inter_1.0,1.0122553758410922,0.05976204457106322,1.0,1.0159384376716742,-0.06162877888494178,89,152,800,100,2,100,0.0,0,0.3,1.0,0.0,1.0,0.7,1.0,1.0,0.25,1.0,0.25
inter_1.0,0.9600366241684756,0.07960938722376693,1.0,0.9407664362814961,0.24205924149139066,90,153,800,100,2,100,0.0,0,0.3,1.0,0.0,1.0,0.7,1.0,1.0,0.25,1.0,0.25
inter_1.0,1.071987979922998,0.08055691597482886,1.0,1.0237646521354986,0.5986243043684486,91,154,800,100,2,100,0.0,0,0.3,1.0,0.0,1.0,0.7,1.0,1.0,0.25,1.0,0.25
inter_1.0,1.0031827815128653,0.07025239805339004,1.0,0.9578519903295368,0.6452561398527386,92,155,800,100,2,100,0.0,0,0.3,1.0,0.0,1.0,0.7,1.0,1.0,0.25,1.0,0.25
inter_1.0,0.8045742985678919,0.07643900445763843,1.0,0.9238384209340971,-1.560252167233548,93,156,800,100,2,100,0.0,0,0.3,1.0,0.0,1.0,0.7,1.0,1.0,0.25,1.0,0.25
inter_1.0,1.0336198244530355,0.06412015621768226,1.0,1.0782411994598113,-0.6959024687227875,94,157,800,100,2,100,0.0,0,0.3,1.0,0.0,1.0,0.7,1.0,1.0,0.25,1.0,0.25
inter_1.0,0.9157282002733681,0.07934121843392962,1.0,0.9778144633762185,-0.7825221786145358,95,158,800,100,2,100,0.0,0,0.3,1.0,0.0,1.0,0.7,1.0,1.0,0.25,1.0,0.25
inter_1.0,0.9294289384156267,0.07173361008758534,1.0,0.9694794954398884,-0.5583234550075034,96,159,800,100,2,100,0.0,0,0.3,1.0,0.0,1.0,0.7,1.0,1.0,0.25,1.0,0.25
inter_1.0,0.9127939932976614,0.07739195821960583,1.0,0.9780772213292417,-0.8435402015069049,97,160,800,100,2,100,0.0,0,0.3,1.0,0.0,1.0,0.7,1.0,1.0,0.25,1.0,0.25
inter_1.0,0.9655836252637952,0.07417955803437677,1.0,0.9732456732048873,-0.10329055799363698,98,161,800,100,2,100,0.0,0,0.3,1.0,0.0,1.0,0.7,1.0,1.0,0.25,1.0,0.25
inter_1.0,1.110186744860621,0.0795558427133586,1.0,0.9895591357508244,1.5162633566012305,99,162,800,100,2,100,0.0,0,0.3,1.0,0.0,1.0,0.7,1.0,1.0,0.25,1.0,0.25
hete_0.15,0.9892634543274548,0.03565549769809438,1.0,1.0046894667482937,-0.4326405019348085,0,64,800,100,2,100,0.0,0,0.3,0.0,0.15,1.0,0.7,1.0,1.0,0.25,1.0,0.25
hete_0.15,0.9999415763021305,0.034813263701243304,1.0,0.9936570117299689,0.18052213162471176,1,65,800,100,2,100,0.0,0,0.3,0.0,0.15,1.0,0.7,1.0,1.0,0.25,1.0,0.25
hete_0.15,0.9908263181625921,0.03460692354471565,1.0,0.9905093651503674,0.009158659012704497,2,66,800,100,2,100,0.0,0,0.3,0.0,0.15,1.0,0.7,1.0,1.0,0.25,1.0,0.25
hete_0.15,0.9727396370740412,0.037225460131609996,1.0,1.0049201144919335,-0.8644749401113855,3,67,800,100,2,100,0.0,0,0.3,0.0,0.15,1.0,0.7,1.0,1.0,0.25,1.0,0.25
hete_0.15,0.9249330164485909,0.03526653458582652,1.0,0.9967441701989651,-2.0362407192464773,4,68,800,100,2,100,0.0,0,0.3,0.0,0.15,1.0,0.7,1.0,1.0,0.25,1.0,0.25
hete_0.15,1.0175953960944015,0.037777661589709834,1.0,1.003075109486839,0.3843617099772418,5,69,800,100,2,100,0.0,0,0.3,0.0,0.15,1.0,0.7,1.0,1.0,0.25,1.0,0.25
hete_0.15,0.9530650964040134,0.031116294497939324,1.0,1.000179067683056,-1.5141253815476878,6,70,800,100,2,100,0.0,0,0.3,0.0,0.15,1.0,0.7,1.0,1.0,0.25,1.0,0.25
hete_0.15,0.9291033581749255,0.03673652735537379,1.0,1.019227418156096,-2.453254743142925,7,71,800,100,2,100,0.0,0,0.3,0.0,0.15,1.0,0.7,1.0,1.0,0.25,1.0,0.25
hete_0.15,1.025780533263548,0.039051576262791036,1.0,1.0005141622957927,0.6470000288267338,8,72,800,100,2,100,0.0,0,0.3,0.0,0.15,1.0,0.7,1.0,1.0,0.25,1.0,0.25
hete_0.15,0.9414453804461155,0.03542531283454351,1.0,0.9955731662063323,-1.527940939096983,9,73,800,100,2,100,0.0,0,0.3,0.0,0.15,1.0,0.7,1.0,1.0,0.25,1.0,0.25
hete_0.15,0.9559446819886703,0.035926285075124804,1.0,1.0067620220438511,-1.4144891393284214,10,74,800,100,2,100,0.0,0,0.3,0.0,0.15,1.0,0.7,1.0,1.0,0.25,1.0,0.25
hete_0.15,1.0036812990382151,0.03641590145819241,1.0,1.0003625731737253,0.09113397531295146,11,75,800,100,2,100,0.0,0,0.3,0.0,0.15,1.0,0.7,1.0,1.0,0.25,1.0,0.25
hete_0.15,0.949434269681064,0.03844091007436418,1.0,0.9976570509508229,-1.254465130416309,12,76,800,100,2,100,0.0,0,0.3,0.0,0.15,1.0,0.7,1.0,1.0,0.25,1.0,0.25
hete_0.15,1.0068695572870863,0.03543542299682089,1.0,1.010580148348623,-0.10471417434101474,13,77,800,100,2,100,0.0,0,0.3,0.0,0.15,1.0,0.7,1.0,1.0,0.25,1.0,0.25
hete_0.15,0.9443422098132265,0.04004752065627504,1.0,0.9978299036866508,-1.3356056254394706,14,78,800,100,2,100,0.0,0,0.3,0.0,0.15,1.0,0.7,1.0,1.0,0.25,1.0,0.25
hete_0.15,0.974116285774665,0.03513859455600237,1.0,0.9947721275163421,-0.5878391552842767,15,79,800,100,2,100,0.0,0,0.3,0.0,0.15,1.0,0.7,1.0,1.0,0.25,1.0,0.25
hete_0.15,0.9845714237659284,0.03464320538928332,1.0,1.0025283121800372,-0.5183379601375937,16,80,800,100,2,100,0.0,0,0.3,0.0,0.15,1.0,0.7,1.0,1.0,0.25,1.0,0.25
hete_0.15,1.0066957115039623,0.03863802400390728,1.0,0.998908982680959,0.20153020305116842,17,81,800,100,2,100,0.0,0,0.3,0.0,0.15,1.0,0.7,1.0,1.0,0.25,1.0,0.25
hete_0.15,1.0205610433193508,0.03696329971589649,1.0,1.0106248165418517,0.2688133054643382,18,82,800,100,2,100,0.0,0,0.3,0.0,0.15,1.0,0.7,1.0,1.0,0.25,1.0,0.25
hete_0.15,1.013523094045604,0.03928665944493533,1.0,0.9983764706180918,0.38554113893908076,19,83,800,100,2,100,0.0,0,0.3,0.0,0.15,1.0,0.7,1.0,1.0,0.25,1.0,0.25
hete_0.15,0.9599306128828772,0.037449084607221454,1.0,1.000864050224676,-1.0930424006653936,20,84,800,100,2,100,0.0,0,0.3,0.0,0.15,1.0,0.7,1.0,1.0,0.25,1.0,0.25
hete_0.15,0.955541222988096,0.03924736332454717,1.0,1.002843046466076,-1.2052229620325923,21,85,800,100,2,100,0.0,0,0.3,0.0,0.15,1.0,0.7,1.0,1.0,0.25,1.0,0.25
hete_0.15,1.016107739618975,0.036921105925070155,1.0,1.0027515354873808,0.36174983920308557,22,86,800,100,2,100,0.0,0,0.3,0.0,0.15,1.0,0.7,1.0,1.0,0.25,1.0,0.25
hete_0.15,1.0334765056196504,0.03455815310056166,1.0,1.005142846088931,0.819883500378932,23,87,800,100,2,100,0.0,0,0.3,0.0,0.15,1.0,0.7,1.0,1.0,0.25,1.0,0.25
hete_0.15,0.9978513545274571,0.0359607140801064,1.0,0.995111707533195,0.07618444361697713,24,88,800,100,2,100,0.0,0,0.3,0.0,0.15,1.0,0.7,1.0,1.0,0.25,1.0,0.25
hete_0.15,0.9378106649177501,0.03632581638241295,1.0,1.0004035410222853,-1.7230961981859108,25,89,800,100,2,100,0.0,0,0.3,0.0,0.15,1.0,0.7,1.0,1.0,0.25,1.0,0.25
hete_0.15,0.9846752354598035,0.0349093794396319,1.0,1.0003222294665204,-0.4482174778779701,26,90,800,100,2,100,0.0,0,0.3,0.0,0.15,1.0,0.7,1.0,1.0,0.25,1.0,0.25
hete_0.15,1.0024757222142051,0.03683023488861258,1.0,1.0043177044464944,-0.05001277450062583,27,91,800,100,2,100,0.0,0,0.3,0.0,0.15,1.0,0.7,1.0,1.0,0.25,1.0,0.25
hete_0.15,1.0071384902915823,0.034226381919808715,1.0,1.00696308400633,0.005124885407500492,28,92,800,100,2,100,0.0,0,0.3,0.0,0.15,1.0,0.7,1.0,1.0,0.25,1.0,0.25
hete_0.15,1.025659414573556,0.03767276680040734,1.0,0.9980464161036686,0.7329697501694735,29,93,800,100,2,100,0.0,0,0.3,0.0,0.15,1.0,0.7,1.0,1.0,0.25,1.0,0.25
hete_0.15,0.9841986723826739,0.03623731496953069,1.0,0.9965887012890435,-0.34191354731407425,30,94,800,100,2,100,0.0,0,0.3,0.0,0.15,1.0,0.7,1.0,1.0,0.25,1.0,0.25
hete_0.15,0.9941831811674557,0.03487658791449873,1.0,1.0008597066313354,-0.19143287411737064,31,95,800,100,2,100,0.0,0,0.3,0.0,0.15,1.0,0.7,1.0,1.0,0.25,1.0,0.25
hete_0.15,0.9428978660364967,0.03535959426828566,1.0,0.9909980301894123,-1.360314368653746,32,96,800,100,2,100,0.0,0,0.3,0.0,0.15,1.0,0.7,1.0,1.0,0.25,1.0,0.25
hete_0.15,0.9378568778604186,0.03965834296978728,1.0,0.9971725879800701,-1.4956678892216886,33,97,800,100,2,100,0.0,0,0.3,0.0,0.15,1.0,0.7,1.0,1.0,0.25,1.0,0.25
hete_0.15,0.975582605514754,0.03478273763264356,1.0,1.0045882478904424,-0.8339091270511934,34,98,800,100,2,100,0.0,0,0.3,0.0,0.15,1.0,0.7,1.0,1.0,0.25,1.0,0.25
hete_0.15,0.9533574037715796,0.03713571294245914,1.0,0.9989339228595135,-1.2272961921736523,35,99,800,100,2,100,0.0,0,0.3,0.0,0.15,1.0,0.7,1.0,1.0,0.25,1.0,0.25
hete_0.15,0.9112276937794769,0.03592043942918981,1.0,0.9923411310615754,-2.2581415642756255,36,100,800,100,2,100,0.0,0,0.3,0.0,0.15,1.0,0.7,1.0,1.0,0.25,1.0,0.25
hete_0.15,1.0089963701258728,0.03739665922922515,1.0,1.0016504437351883,0.19643269056888824,37,101,800,100,2,100,0.0,0,0.3,0.0,0.15,1.0,0.7,1.0,1.0,0.25,1.0,0.25
hete_0.15,0.9142097124383198,0.037673638021665345,1.0,1.0017247451810152,-2.3229780116368697,38,102,800,100,2,100,0.0,0,0.3,0.0,0.15,1.0,0.7,1.0,1.0,0.25,1.0,0.25
hete_0.15,0.9359291549170368,0.0368098388005611,1.0,0.9989805512010861,-1.7128952024394144,39,103,800,100,2,100,0.0,0,0.3,0.0,0.15,1.0,0.7,1.0,1.0,0.25,1.0,0.25
hete_0.15,0.9492799924380577,0.03793790934839105,1.0,0.9995177785031184,-1.324210715032226,40,104,800,100,2,100,0.0,0,0.3,0.0,0.15,1.0,0.7,1.0,1.0,0.25,1.0,0.25
hete_0.15,1.017880656791279,0.035677304881024906,1.0,0.9975197031502384,0.5706976384269896,41,105,800,100,2,100,0.0,0,0.3,0.0,0.15,1.0,0.7,1.0,1.0,0.25,1.0,0.25
hete_0.15,0.9946196791688763,0.03684892303675852,1.0,1.0020284865869997,-0.2010589946070557,42,106,800,100,2,100,0.0,0,0.3,0.0,0.15,1.0,0.7,1.0,1.0,0.25,1.0,0.25
hete_0.15,1.0448708273322507,0.03905134508940505,1.0,1.0045349230512979,1.032894108733178,43,107,800,100,2,100,0.0,0,0.3,0.0,0.15,1.0,0.7,1.0,1.0,0.25,1.0,0.25
hete_0.15,0.9752367187717106,0.036916842354835874,1.0,1.0037084228205027,-0.7712388772346467,44,108,800,100,2,100,0.0,0,0.3,0.0,0.15,1.0,0.7,1.0,1.0,0.25,1.0,0.25
hete_0.15,0.9807757746975926,0.03475319085057481,1.0,1.0045047409757986,-0.6827852550354669,45,109,800,100,2,100,0.0,0,0.3,0.0,0.15,1.0,0.7,1.0,1.0,0.25,1.0,0.25
hete_0.15,0.9655990449753362,0.03574894116556279,1.0,1.003273765563846,-1.0538695513813445,46,110,800,100,2,100,0.0,0,0.3,0.0,0.15,1.0,0.7,1.0,1.0,0.25,1.0,0.25
hete_0.15,0.973988162055436,0.037064342500133386,1.0,1.00190414530391,-0.7531762703836827,47,111,800,100,2,100,0.0,0,0.3,0.0,0.15,1.0,0.7,1.0,1.0,0.25,1.0,0.25
hete_0.15,1.006622968207242,0.038337679983733344,1.0,0.9897908711572034,0.43904839982963184,48,112,800,100,2,100,0.0,0,0.3,0.0,0.15,1.0,0.7,1.0,1.0,0.25,1.0,0.25
hete_0.15,1.0573330159591625,0.03734132262503806,1.0,0.9969523803664653,1.6169924188012261,49,113,800,100,2,100,0.0,0,0.3,0.0,0.15,1.0,0.7,1.0,1.0,0.25,1.0,0.25
hete_0.15,1.005246386859347,0.03289239269439447,1.0,1.0020543133343485,0.09704595085728171,50,114,800,100,2,100,0.0,0,0.3,0.0,0.15,1.0,0.7,1.0,1.0,0.25,1.0,0.25
hete_0.15,0.9664181818680714,0.03598800773243885,1.0,1.0024294995467233,-1.0006477142715542,51,115,800,100,2,100,0.0,0,0.3,0.0,0.15,1.0,0.7,1.0,1.0,0.25,1.0,0.25
hete_0.15,0.9819495181698786,0.03890406174904384,1.0,1.0076744353417797,-0.6612398812710941,52,116,800,100,2,100,0.0,0,0.3,0.0,0.15,1.0,0.7,1.0,1.0,0.25,1.0,0.25
hete_0.15,0.9886925731311239,0.0382610932010698,1.0,0.9956328799919322,-0.1813933236129858,53,117,800,100,2,100,0.0,0,0.3,0.0,0.15,1.0,0.7,1.0,1.0,0.25,1.0,0.25
hete_0.15,0.9219284046491878,0.03661138025937959,1.0,1.001226590328232,-2.165943625103524,54,118,800,100,2,100,0.0,0,0.3,0.0,0.15,1.0,0.7,1.0,1.0,0.25,1.0,0.25
hete_0.15,0.922867855356729,0.037209127972888646,1.0,0.9918785638964869,-1.8546714824932349,55,119,800,100,2,100,0.0,0,0.3,0.0,0.15,1.0,0.7,1.0,1.0,0.25,1.0,0.25
hete_0.15,0.9432780468912826,0.03658167293795025,1.0,1.0094833757158928,-1.8097950013633193,56,120,800,100,2,100,0.0,0,0.3,0.0,0.15,1.0,0.7,1.0,1.0,0.25,1.0,0.25
hete_0.15,1.0339754007145678,0.0363684696654307,1.0,0.9970383493889758,1.015633917659773,57,121,800,100,2,100,0.0,0,0.3,0.0,0.15,1.0,0.7,1.0,1.0,0.25,1.0,0.25
hete_0.15,0.979422898876763,0.03993570920189201,1.0,0.9952907231310817,-0.39733422972658494,58,122,800,100,2,100,0.0,0,0.3,0.0,0.15,1.0,0.7,1.0,1.0,0.25,1.0,0.25
hete_0.15,1.0158158702695512,0.037544620051422235,1.0,1.00253268650479,0.3537972616733922,59,123,800,100,2,100,0.0,0,0.3,0.0,0.15,1.0,0.7,1.0,1.0,0.25,1.0,0.25
hete_0.15,0.9174946563489832,0.03544554019805821,1.0,1.000055158344642,-2.329221152628438,60,124,800,100,2,100,0.0,0,0.3,0.0,0.15,1.0,0.7,1.0,1.0,0.25,1.0,0.25
hete_0.15,0.9771156114427744,0.035802667669025366,1.0,1.013557671358073,-1.0178587878474314,61,125,800,100,2,100,0.0,0,0.3,0.0,0.15,1.0,0.7,1.0,1.0,0.25,1.0,0.25
hete_0.15,0.928865897548184,0.03669537531605371,1.0,1.000160910188781,-1.942888225737981,62,126,800,100,2,100,0.0,0,0.3,0.0,0.15,1.0,0.7,1.0,1.0,0.25,1.0,0.25
hete_0.15,1.0078452984916535,0.03661695094835745,1.0,0.9971627352909229,0.29173819567327386,63,127,800,100,2,100,0.0,0,0.3,0.0,0.15,1.0,0.7,1.0,1.0,0.25,1.0,0.25
hete_0.15,1.0100834406226544,0.03837794689293604,1.0,1.005402484696105,0.12196994121671165,64,128,800,100,2,100,0.0,0,0.3,0.0,0.15,1.0,0.7,1.0,1.0,0.25,1.0,0.25
hete_0.15,1.0631669954152851,0.03905175093662165,1.0,0.99956613176747,1.6286302693836965,65,129,800,100,2,100,0.0,0,0.3,0.0,0.15,1.0,0.7,1.0,1.0,0.25,1.0,0.25
hete_0.15,1.042054461507254,0.03797124085532278,1.0,1.0021665347729307,1.050477304292041,66,130,800,100,2,100,0.0,0,0.3,0.0,0.15,1.0,0.7,1.0,1.0,0.25,1.0,0.25
hete_0.15,0.9688739448580989,0.03702771578653454,1.0,1.0063896909763008,-1.0131801360494643,67,131,800,100,2,100,0.0,0,0.3,0.0,0.15,1.0,0.7,1.0,1.0,0.25,1.0,0.25
hete_0.15,1.1026714984802481,0.03567168811013253,1.0,0.9956949830170129,2.998919342784023,68,132,800,100,2,100,0.0,0,0.3,0.0,0.15,1.0,0.7,1.0,1.0,0.25,1.0,0.25
hete_0.15,0.9843234355342444,0.03530208178890709,1.0,0.9960570340701139,-0.3323769574279485,69,133,800,100,2,100,0.0,0,0.3,0.0,0.15,1.0,0.7,1.0,1.0,0.25,1.0,0.25
hete_0.15,1.0061878523898165,0.04144881573040267,1.0,1.0017274928439137,0.10761126626426305,70,134,800,100,2,100,0.0,0,0.3,0.0,0.15,1.0,0.7,1.0,1.0,0.25,1.0,0.25
hete_0.15,1.022449960296667,0.04026298609705433,1.0,0.9946929526805323,0.6893926731918544,71,135,800,100,2,100,0.0,0,0.3,0.0,0.15,1.0,0.7,1.0,1.0,0.25,1.0,0.25
hete_0.15,0.9647503951194033,0.03940465763607674,1.0,1.0061028052517689,-1.0494294992809574,72,136,800,100,2,100,0.0,0,0.3,0.0,0.15,1.0,0.7,1.0,1.0,0.25,1.0,0.25
hete_0.15,0.994469491285095,0.03708554957408411,1.0,1.0023463072396006,-0.21239582654075187,73,137,800,100,2,100,0.0,0,0.3,0.0,0.15,1.0,0.7,1.0,1.0,0.25,1.0,0.25
hete_0.15,0.9585136671773382,0.037325723319646543,1.0,1.0034958780268157,-1.2051263002799184,74,138,800,100,2,100,0.0,0,0.3,0.0,0.15,1.0,0.7,1.0,1.0,0.25,1.0,0.25
hete_0.15,0.9640913120561139,0.04029259840002165,1.0,1.0002451007088349,-0.8972811406648221,75,139,800,100,2,100,0.0,0,0.3,0.0,0.15,1.0,0.7,1.0,1.0,0.25,1.0,0.25
hete_0.15,1.0002626484905714,0.03699769297241591,1.0,0.9990060963570917,0.03396298613582709,76,140,800,100,2,100,0.0,0,0.3,0.0,0.15,1.0,0.7,1.0,1.0,0.25,1.0,0.25
hete_0.15,0.930509339612546,0.035571932727411576,1.0,0.9999118681172483,-1.9510474462137115,77,141,800,100,2,100,0.0,0,0.3,0.0,0.15,1.0,0.7,1.0,1.0,0.25,1.0,0.25
hete_0.15,1.0406638644388826,0.03724910446941359,1.0,0.994548434102207,1.2380278933831141,78,142,800,100,2,100,0.0,0,0.3,0.0,0.15,1.0,0.7,1.0,1.0,0.25,1.0,0.25
hete_0.15,0.9373024632328152,0.03803731719423936,1.0,0.9970906780513303,-1.5718304872345177,79,143,800,100,2,100,0.0,0,0.3,0.0,0.15,1.0,0.7,1.0,1.0,0.25,1.0,0.25
hete_0.15,0.976315130631623,0.03660320474128104,1.0,0.9956657759965719,-0.5286598674002245,80,144,800,100,2,100,0.0,0,0.3,0.0,0.15,1.0,0.7,1.0,1.0,0.25,1.0,0.25
hete_0.15,0.9681214899840997,0.03926406533599599,1.0,0.9983180502232871,-0.7690635185324066,81,145,800,100,2,100,0.0,0,0.3,0.0,0.15,1.0,0.7,1.0,1.0,0.25,1.0,0.25
hete_0.15,0.9279409834432927,0.03555331042044481,1.0,1.000080145007056,-2.029042041673845,82,146,800,100,2,100,0.0,0,0.3,0.0,0.15,1.0,0.7,1.0,1.0,0.25,1.0,0.25
hete_0.15,1.0068204970335104,0.038049830778398776,1.0,1.003269381389937,0.09332802724551052,83,147,800,100,2,100,0.0,0,0.3,0.0,0.15,1.0,0.7,1.0,1.0,0.25,1.0,0.25
hete_0.15,0.9933154001074694,0.03674792669829561,1.0,0.994283318286071,-0.026339395594974536,84,148,800,100,2,100,0.0,0,0.3,0.0,0.15,1.0,0.7,1.0,1.0,0.25,1.0,0.25
hete_0.15,0.9231095138045489,0.038471591503374696,1.0,0.9934930875496246,-1.8294947257095346,85,149,800,100,2,100,0.0,0,0.3,0.0,0.15,1.0,0.7,1.0,1.0,0.25,1.0,0.25
hete_0.15,0.9643733221251501,0.037718187278285534,1.0,0.9996186589560646,-0.9344387780588094,86,150,800,100,2,100,0.0,0,0.3,0.0,0.15,1.0,0.7,1.0,1.0,0.25,1.0,0.25
hete_0.15,0.9798631854705157,0.03866368697398603,1.0,1.0018866547670229,-0.5696163770238779,87,151,800,100,2,100,0.0,0,0.3,0.0,0.15,1.0,0.7,1.0,1.0,0.25,1.0,0.25
hete_0.15,0.9791047818045695,0.03823771101453425,1.0,1.0023907656507511,-0.6089795447570221,88,152,800,100,2,100,0.0,0,0.3,0.0,0.15,1.0,0.7,1.0,1.0,0.25,1.0,0.25
hete_0.15,0.9687014567550983,0.04112358777122919,1.0,0.9911149654422243,-0.5450280459918162,89,153,800,100,2,100,0.0,0,0.3,0.0,0.15,1.0,0.7,1.0,1.0,0.25,1.0,0.25
hete_0.15,1.015057499872916,0.03910265373098322,1.0,1.0035646978203248,0.2939136083105505,90,154,800,100,2,100,0.0,0,0.3,0.0,0.15,1.0,0.7,1.0,1.0,0.25,1.0,0.25
hete_0.15,0.9610710346426701,0.03955879477247173,1.0,0.9936777985494305,-0.824260802036641,91,155,800,100,2,100,0.0,0,0.3,0.0,0.15,1.0,0.7,1.0,1.0,0.25,1.0,0.25
hete_0.15,0.9535014346031337,0.03903760014354029,1.0,0.9885757631401145,-0.8984755314879332,92,156,800,100,2,100,0.0,0,0.3,0.0,0.15,1.0,0.7,1.0,1.0,0.25,1.0,0.25
hete_0.15,0.9706244291794557,0.03619401179723433,1.0,1.0117361799189717,-1.1358716179303852,93,157,800,100,2,100,0.0,0,0.3,0.0,0.15,1.0,0.7,1.0,1.0,0.25,1.0,0.25
hete_0.15,1.0159497185400912,0.04133124600274766,1.0,0.9966721695064327,0.4664158693008426,94,158,800,100,2,100,0.0,0,0.3,0.0,0.15,1.0,0.7,1.0,1.0,0.25,1.0,0.25
hete_0.15,0.9515292142300177,0.03875409674719288,1.0,0.9954219243159832,-1.1325953581706132,95,159,800,100,2,100,0.0,0,0.3,0.0,0.15,1.0,0.7,1.0,1.0,0.25,1.0,0.25
hete_0.15,0.9468015505431088,0.03860322680634914,1.0,0.9967115831993862,-1.292897946242895,96,160,800,100,2,100,0.0,0,0.3,0.0,0.15,1.0,0.7,1.0,1.0,0.25,1.0,0.25
hete_0.15,0.9930135792512081,0.03832145288732555,1.0,0.995986850980733,-0.07758765666497643,97,161,800,100,2,100,0.0,0,0.3,0.0,0.15,1.0,0.7,1.0,1.0,0.25,1.0,0.25
hete_0.15,1.042497031676928,0.03836061982569427,1.0,0.9984338703626237,1.148656135237691,98,162,800,100,2,100,0.0,0,0.3,0.0,0.15,1.0,0.7,1.0,1.0,0.25,1.0,0.25
hete_0.15,0.9710026108581878,0.039615218869694525,1.0,1.0065861844490078,-0.8982298875556955,99,163,800,100,2,100,0.0,0,0.3,0.0,0.15,1.0,0.7,1.0,1.0,0.25,1.0,0.25
hete_0.3,0.9861645985223763,0.04007907166261752,1.0,0.9873140234599379,-0.028678931169799003,0,65,800,100,2,100,0.0,0,0.3,0.0,0.3,1.0,0.7,1.0,1.0,0.25,1.0,0.25
hete_0.3,0.9794701219621346,0.03865512837242003,1.0,0.9810187303007346,-0.04006217037180912,1,66,800,100,2,100,0.0,0,0.3,0.0,0.3,1.0,0.7,1.0,1.0,0.25,1.0,0.25
hete_0.3,0.9698983151936182,0.0398018892088385,1.0,1.009840228983867,-1.0035180385703704,2,67,800,100,2,100,0.0,0,0.3,0.0,0.3,1.0,0.7,1.0,1.0,0.25,1.0,0.25
hete_0.3,0.9273749436500061,0.03887958295503963,1.0,0.9934883403979302,-1.7004656872060004,3,68,800,100,2,100,0.0,0,0.3,0.0,0.3,1.0,0.7,1.0,1.0,0.25,1.0,0.25
hete_0.3,1.02341906221054,0.041768603086047504,1.0,1.006150218973678,0.4134407655742378,4,69,800,100,2,100,0.0,0,0.3,0.0,0.3,1.0,0.7,1.0,1.0,0.25,1.0,0.25
hete_0.3,0.9458784159043979,0.03348467987497911,1.0,1.0003581353661122,-1.6270043394508709,5,70,800,100,2,100,0.0,0,0.3,0.0,0.3,1.0,0.7,1.0,1.0,0.25,1.0,0.25
hete_0.3,0.9432233966789101,0.04005540110113129,1.0,1.0384548363121922,-2.377493097443791,6,71,800,100,2,100,0.0,0,0.3,0.0,0.3,1.0,0.7,1.0,1.0,0.25,1.0,0.25
hete_0.3,1.009732024780918,0.043330279408373806,1.0,1.0010283245915852,0.20086877601926628,7,72,800,100,2,100,0.0,0,0.3,0.0,0.3,1.0,0.7,1.0,1.0,0.25,1.0,0.25
hete_0.3,0.9352458396518432,0.039270515827753566,1.0,0.9911463324126647,-1.423472332423887,8,73,800,100,2,100,0.0,0,0.3,0.0,0.3,1.0,0.7,1.0,1.0,0.25,1.0,0.25
hete_0.3,0.9589319208033531,0.039688900033935895,1.0,1.013524044087702,-1.3755010402825492,9,74,800,100,2,100,0.0,0,0.3,0.0,0.3,1.0,0.7,1.0,1.0,0.25,1.0,0.25
hete_0.3,0.9891621090704116,0.0392284816877223,1.0,1.0007251463474507,-0.2947612749605372,10,75,800,100,2,100,0.0,0,0.3,0.0,0.3,1.0,0.7,1.0,1.0,0.25,1.0,0.25
hete_0.3,0.9434897615122039,0.04533494257979029,1.0,0.9953141019016458,-1.1431433997788838,11,76,800,100,2,100,0.0,0,0.3,0.0,0.3,1.0,0.7,1.0,1.0,0.25,1.0,0.25
hete_0.3,1.0044686868605295,0.038371649108477485,1.0,1.0211602966972457,-0.4349985008340065,12,77,800,100,2,100,0.0,0,0.3,0.0,0.3,1.0,0.7,1.0,1.0,0.25,1.0,0.25
hete_0.3,0.9392675754318227,0.04313478526668422,1.0,0.9956598073733015,-1.3073493143139434,13,78,800,100,2,100,0.0,0,0.3,0.0,0.3,1.0,0.7,1.0,1.0,0.25,1.0,0.25
hete_0.3,0.9716566547432672,0.038765283650127325,1.0,0.9895442550326843,-0.4614334942279804,14,79,800,100,2,100,0.0,0,0.3,0.0,0.3,1.0,0.7,1.0,1.0,0.25,1.0,0.25
hete_0.3,0.9963507399733464,0.03836405338369171,1.0,1.005056624360075,-0.22692816892047413,15,80,800,100,2,100,0.0,0,0.3,0.0,0.3,1.0,0.7,1.0,1.0,0.25,1.0,0.25
hete_0.3,0.9740907808558028,0.0426108532116787,1.0,0.9978179653619182,-0.5568342973149465,16,81,800,100,2,100,0.0,0,0.3,0.0,0.3,1.0,0.7,1.0,1.0,0.25,1.0,0.25
hete_0.3,1.0393319644719594,0.04085909377110268,1.0,1.0212496330837029,0.44255341270063,17,82,800,100,2,100,0.0,0,0.3,0.0,0.3,1.0,0.7,1.0,1.0,0.25,1.0,0.25
hete_0.3,1.0221668465404197,0.04307507917442474,1.0,0.9967529412361835,0.5899909133382469,18,83,800,100,2,100,0.0,0,0.3,0.0,0.3,1.0,0.7,1.0,1.0,0.25,1.0,0.25
hete_0.3,0.9461561198932276,0.04045839312333663,1.0,1.001728100449352,-1.3735587665756825,19,84,800,100,2,100,0.0,0,0.3,0.0,0.3,1.0,0.7,1.0,1.0,0.25,1.0,0.25
hete_0.3,0.9645144209363284,0.04512603322761639,1.0,1.0056860929321518,-0.9123707326135417,20,85,800,100,2,100,0.0,0,0.3,0.0,0.3,1.0,0.7,1.0,1.0,0.25,1.0,0.25
hete_0.3,1.0344120103343613,0.042427640386912074,1.0,1.0055030709747612,0.6813704249392517,21,86,800,100,2,100,0.0,0,0.3,0.0,0.3,1.0,0.7,1.0,1.0,0.25,1.0,0.25
hete_0.3,1.0344938891926305,0.03837078282156306,1.0,1.0102856921778618,0.6309018277616311,22,87,800,100,2,100,0.0,0,0.3,0.0,0.3,1.0,0.7,1.0,1.0,0.25,1.0,0.25
hete_0.3,0.9992932039134517,0.039630750343603374,1.0,0.99022341506639,0.22885735870316623,23,88,800,100,2,100,0.0,0,0.3,0.0,0.3,1.0,0.7,1.0,1.0,0.25,1.0,0.25
hete_0.3,0.9266032136213277,0.03959573904690852,1.0,1.0008070820445707,-1.8740367072157618,24,89,800,100,2,100,0.0,0,0.3,0.0,0.3,1.0,0.7,1.0,1.0,0.25,1.0,0.25
hete_0.3,0.976160947294175,0.037964999712528716,1.0,1.0006444589330412,-0.6448969267550518,25,90,800,100,2,100,0.0,0,0.3,0.0,0.3,1.0,0.7,1.0,1.0,0.25,1.0,0.25
hete_0.3,1.00206713466527,0.04054698888258991,1.0,1.0086354088929885,-0.16199166470136406,26,91,800,100,2,100,0.0,0,0.3,0.0,0.3,1.0,0.7,1.0,1.0,0.25,1.0,0.25
hete_0.3,1.0054719964344727,0.03891141143091879,1.0,1.01392616801266,-0.21726715293266227,27,92,800,100,2,100,0.0,0,0.3,0.0,0.3,1.0,0.7,1.0,1.0,0.25,1.0,0.25
hete_0.3,1.0229561023981977,0.041692922941211075,1.0,0.9960928322073371,0.6443124706977005,28,93,800,100,2,100,0.0,0,0.3,0.0,0.3,1.0,0.7,1.0,1.0,0.25,1.0,0.25
hete_0.3,0.9660855358383567,0.037901996272198916,1.0,0.9931774025780871,-0.7147873305977361,29,94,800,100,2,100,0.0,0,0.3,0.0,0.3,1.0,0.7,1.0,1.0,0.25,1.0,0.25
hete_0.3,0.996222259682958,0.039074144159545465,1.0,1.0017194132626708,-0.1406851947228102,30,95,800,100,2,100,0.0,0,0.3,0.0,0.3,1.0,0.7,1.0,1.0,0.25,1.0,0.25
hete_0.3,0.932306382442256,0.04091824313268309,1.0,0.9819960603788246,-1.2143648928289235,31,96,800,100,2,100,0.0,0,0.3,0.0,0.3,1.0,0.7,1.0,1.0,0.25,1.0,0.25
hete_0.3,0.9320024551394678,0.043174091426545096,1.0,0.9943451759601405,-1.4439845463045924,32,97,800,100,2,100,0.0,0,0.3,0.0,0.3,1.0,0.7,1.0,1.0,0.25,1.0,0.25
hete_0.3,0.9923619198796878,0.03813201486784507,1.0,1.0091764957808849,-0.4409569218797299,33,98,800,100,2,100,0.0,0,0.3,0.0,0.3,1.0,0.7,1.0,1.0,0.25,1.0,0.25
hete_0.3,0.9433754934354052,0.04117598031327686,1.0,0.997867845719027,-1.323401455630947,34,99,800,100,2,100,0.0,0,0.3,0.0,0.3,1.0,0.7,1.0,1.0,0.25,1.0,0.25
hete_0.3,0.9019511598027518,0.04133861095215718,1.0,0.9846822621231509,-2.001303392030931,35,100,800,100,2,100,0.0,0,0.3,0.0,0.3,1.0,0.7,1.0,1.0,0.25,1.0,0.25
hete_0.3,1.0055868023513854,0.04222539236813803,1.0,1.0033008874703768,0.054136024624213554,36,101,800,100,2,100,0.0,0,0.3,0.0,0.3,1.0,0.7,1.0,1.0,0.25,1.0,0.25
hete_0.3,0.9178465985516339,0.042707658864306476,1.0,1.0034494903620306,-2.004392047861479,37,102,800,100,2,100,0.0,0,0.3,0.0,0.3,1.0,0.7,1.0,1.0,0.25,1.0,0.25
hete_0.3,0.9483463215227006,0.040639082329636214,1.0,0.9979611024021722,-1.2208637113660856,38,103,800,100,2,100,0.0,0,0.3,0.0,0.3,1.0,0.7,1.0,1.0,0.25,1.0,0.25
hete_0.3,0.9542382973653328,0.04379898362132775,1.0,0.9990355570062368,-1.0227922188379301,39,104,800,100,2,100,0.0,0,0.3,0.0,0.3,1.0,0.7,1.0,1.0,0.25,1.0,0.25
hete_0.3,1.0225180665745242,0.04135790475702205,1.0,0.9950394063004766,0.6644113244006159,40,105,800,100,2,100,0.0,0,0.3,0.0,0.3,1.0,0.7,1.0,1.0,0.25,1.0,0.25
hete_0.3,0.9698471582329988,0.03975283164834898,1.0,1.004056973173999,-0.8605629718058331,41,106,800,100,2,100,0.0,0,0.3,0.0,0.3,1.0,0.7,1.0,1.0,0.25,1.0,0.25
hete_0.3,1.0390582138991034,0.04416082779395833,1.0,1.0090698461025958,0.6790716862560788,42,107,800,100,2,100,0.0,0,0.3,0.0,0.3,1.0,0.7,1.0,1.0,0.25,1.0,0.25
hete_0.3,0.9719011189398356,0.04055161344031743,1.0,1.0074168456410055,-0.8758153791695833,43,108,800,100,2,100,0.0,0,0.3,0.0,0.3,1.0,0.7,1.0,1.0,0.25,1.0,0.25
hete_0.3,0.9902945383467581,0.03942489668722587,1.0,1.0090094819515973,-0.47469860868153235,44,109,800,100,2,100,0.0,0,0.3,0.0,0.3,1.0,0.7,1.0,1.0,0.25,1.0,0.25
hete_0.3,0.9762155434755786,0.039543107975902526,1.0,1.006547531127692,-0.7670612960063117,45,110,800,100,2,100,0.0,0,0.3,0.0,0.3,1.0,0.7,1.0,1.0,0.25,1.0,0.25
hete_0.3,0.9742485603040303,0.040832349408748136,1.0,1.0038082906078196,-0.7239292064212279,46,111,800,100,2,100,0.0,0,0.3,0.0,0.3,1.0,0.7,1.0,1.0,0.25,1.0,0.25
hete_0.3,0.9890371869424823,0.040096060417282184,1.0,0.9795817423144071,0.23581979201128092,47,112,800,100,2,100,0.0,0,0.3,0.0,0.3,1.0,0.7,1.0,1.0,0.25,1.0,0.25
hete_0.3,1.0365093183819267,0.04491892155785692,1.0,0.9939047607329304,0.9484768594482024,48,113,800,100,2,100,0.0,0,0.3,0.0,0.3,1.0,0.7,1.0,1.0,0.25,1.0,0.25
hete_0.3,1.0058759798946528,0.03612134157231993,1.0,1.004108626668697,0.04892822771871322,49,114,800,100,2,100,0.0,0,0.3,0.0,0.3,1.0,0.7,1.0,1.0,0.25,1.0,0.25
hete_0.3,0.9531911753419526,0.03856213285020264,1.0,1.0048589990934467,-1.3398590776138184,50,115,800,100,2,100,0.0,0,0.3,0.0,0.3,1.0,0.7,1.0,1.0,0.25,1.0,0.25
hete_0.3,0.9736703359417441,0.042114884769202755,1.0,1.0153488706835594,-0.9896390544630772,51,116,800,100,2,100,0.0,0,0.3,0.0,0.3,1.0,0.7,1.0,1.0,0.25,1.0,0.25
hete_0.3,0.9781080160399352,0.04459525748629979,1.0,0.9912657599838641,-0.2950480541113839,52,117,800,100,2,100,0.0,0,0.3,0.0,0.3,1.0,0.7,1.0,1.0,0.25,1.0,0.25
hete_0.3,0.9212138907397013,0.041709251660795865,1.0,1.0024531806564645,-1.947752277539018,53,118,800,100,2,100,0.0,0,0.3,0.0,0.3,1.0,0.7,1.0,1.0,0.25,1.0,0.25
hete_0.3,0.9199365458514167,0.03969486288135292,1.0,0.9837571277929734,-1.6077793777072624,54,119,800,100,2,100,0.0,0,0.3,0.0,0.3,1.0,0.7,1.0,1.0,0.25,1.0,0.25
hete_0.3,0.9358773592948548,0.0407321728148502,1.0,1.0189667514317855,-2.0398958954293205,55,120,800,100,2,100,0.0,0,0.3,0.0,0.3,1.0,0.7,1.0,1.0,0.25,1.0,0.25
hete_0.3,1.0371343225062384,0.04022990566616759,1.0,0.9940766987779519,1.0702889558226563,56,121,800,100,2,100,0.0,0,0.3,0.0,0.3,1.0,0.7,1.0,1.0,0.25,1.0,0.25
hete_0.3,0.9756469471050845,0.04258833635265178,1.0,0.9905814462621635,-0.35067110941864965,57,122,800,100,2,100,0.0,0,0.3,0.0,0.3,1.0,0.7,1.0,1.0,0.25,1.0,0.25
hete_0.3,1.0131791056607449,0.04081649070463553,1.0,1.00506537300958,0.1987856503852598,58,123,800,100,2,100,0.0,0,0.3,0.0,0.3,1.0,0.7,1.0,1.0,0.25,1.0,0.25
hete_0.3,0.9312227232808457,0.04037028507194666,1.0,1.0001103166892842,-1.7063935338992333,59,124,800,100,2,100,0.0,0,0.3,0.0,0.3,1.0,0.7,1.0,1.0,0.25,1.0,0.25
hete_0.3,0.9905811842700292,0.04007561492826258,1.0,1.027115342716146,-0.9116306390186344,60,125,800,100,2,100,0.0,0,0.3,0.0,0.3,1.0,0.7,1.0,1.0,0.25,1.0,0.25
hete_0.3,0.9269086007398007,0.037951305229040076,1.0,1.000321820377562,-1.9344056599556914,61,126,800,100,2,100,0.0,0,0.3,0.0,0.3,1.0,0.7,1.0,1.0,0.25,1.0,0.25
hete_0.3,1.0093061636179197,0.041512711852598985,1.0,0.9943254705818458,0.36087001709901445,62,127,800,100,2,100,0.0,0,0.3,0.0,0.3,1.0,0.7,1.0,1.0,0.25,1.0,0.25
hete_0.3,1.0023134833522345,0.04227585958745304,1.0,1.0108049693922099,-0.20085898010919628,63,128,800,100,2,100,0.0,0,0.3,0.0,0.3,1.0,0.7,1.0,1.0,0.25,1.0,0.25
hete_0.3,1.059401668469573,0.045816084888972944,1.0,0.99913226353494,1.3154638830595227,64,129,800,100,2,100,0.0,0,0.3,0.0,0.3,1.0,0.7,1.0,1.0,0.25,1.0,0.25
hete_0.3,1.0265084525024197,0.04346834459107667,1.0,1.0043330695458612,0.5101501601952139,65,130,800,100,2,100,0.0,0,0.3,0.0,0.3,1.0,0.7,1.0,1.0,0.25,1.0,0.25
hete_0.3,0.9723119460275592,0.04173252620795368,1.0,1.0127793819526016,-0.9696857487944225,66,131,800,100,2,100,0.0,0,0.3,0.0,0.3,1.0,0.7,1.0,1.0,0.25,1.0,0.25
hete_0.3,1.1187064005256895,0.039994852590005285,1.0,0.9913899660340257,3.1833205086866636,67,132,800,100,2,100,0.0,0,0.3,0.0,0.3,1.0,0.7,1.0,1.0,0.25,1.0,0.25
hete_0.3,0.9775283073755049,0.03695265832303805,1.0,0.9921140681402276,-0.3947147898593611,68,133,800,100,2,100,0.0,0,0.3,0.0,0.3,1.0,0.7,1.0,1.0,0.25,1.0,0.25
hete_0.3,1.0297137181536142,0.04649500414193444,1.0,1.0034549856878274,0.5647646010661115,69,134,800,100,2,100,0.0,0,0.3,0.0,0.3,1.0,0.7,1.0,1.0,0.25,1.0,0.25
hete_0.3,1.017908990353094,0.04379568814554904,1.0,0.9893859053610646,0.651276100451642,70,135,800,100,2,100,0.0,0,0.3,0.0,0.3,1.0,0.7,1.0,1.0,0.25,1.0,0.25
hete_0.3,0.9493287080176721,0.04301031337624045,1.0,1.0122056105035377,-1.4619029146762692,71,136,800,100,2,100,0.0,0,0.3,0.0,0.3,1.0,0.7,1.0,1.0,0.25,1.0,0.25
hete_0.3,0.9831842932500164,0.043918644544391996,1.0,1.0046926144792012,-0.48973098902095313,72,137,800,100,2,100,0.0,0,0.3,0.0,0.3,1.0,0.7,1.0,1.0,0.25,1.0,0.25
hete_0.3,0.9567655023314235,0.04079364000001276,1.0,1.006991756053632,-1.231227557094504,73,138,800,100,2,100,0.0,0,0.3,0.0,0.3,1.0,0.7,1.0,1.0,0.25,1.0,0.25
hete_0.3,0.9566418581273346,0.04594047961341428,1.0,1.0004902014176695,-0.9544598502086936,74,139,800,100,2,100,0.0,0,0.3,0.0,0.3,1.0,0.7,1.0,1.0,0.25,1.0,0.25
hete_0.3,0.9903531381888567,0.040653772383423506,1.0,0.9980121927141833,-0.18839714192057422,75,140,800,100,2,100,0.0,0,0.3,0.0,0.3,1.0,0.7,1.0,1.0,0.25,1.0,0.25
hete_0.3,0.9523931602759756,0.03957531266021028,1.0,0.9998237362344966,-1.198488976341266,76,141,800,100,2,100,0.0,0,0.3,0.0,0.3,1.0,0.7,1.0,1.0,0.25,1.0,0.25
hete_0.3,1.0235851513240084,0.039721088229017903,1.0,0.9890968682044139,0.86826128530888,77,142,800,100,2,100,0.0,0,0.3,0.0,0.3,1.0,0.7,1.0,1.0,0.25,1.0,0.25
hete_0.3,0.9281875901490941,0.04225451982017994,1.0,0.9941813561026609,-1.5618155462282504,78,143,800,100,2,100,0.0,0,0.3,0.0,0.3,1.0,0.7,1.0,1.0,0.25,1.0,0.25
hete_0.3,0.9453851404310704,0.040838676219930065,1.0,0.9913315519931437,-1.12507103106468,79,144,800,100,2,100,0.0,0,0.3,0.0,0.3,1.0,0.7,1.0,1.0,0.25,1.0,0.25
hete_0.3,0.9492736840109145,0.044787288173233394,1.0,0.9966361004465741,-1.057496856082598,80,145,800,100,2,100,0.0,0,0.3,0.0,0.3,1.0,0.7,1.0,1.0,0.25,1.0,0.25
hete_0.3,0.9348360581574141,0.03848424498634269,1.0,1.000160290014112,-1.6974279183567247,81,146,800,100,2,100,0.0,0,0.3,0.0,0.3,1.0,0.7,1.0,1.0,0.25,1.0,0.25
hete_0.3,1.0428728759085966,0.0472108373879573,1.0,1.0065387627798736,0.7696138246849049,82,147,800,100,2,100,0.0,0,0.3,0.0,0.3,1.0,0.7,1.0,1.0,0.25,1.0,0.25
hete_0.3,0.9729923116894756,0.040294747309603675,1.0,0.9885666365721419,-0.3865100521167528,83,148,800,100,2,100,0.0,0,0.3,0.0,0.3,1.0,0.7,1.0,1.0,0.25,1.0,0.25
hete_0.3,0.9175956971046895,0.040905610619186995,1.0,0.9869861750992495,-1.6963559996831346,84,149,800,100,2,100,0.0,0,0.3,0.0,0.3,1.0,0.7,1.0,1.0,0.25,1.0,0.25
hete_0.3,0.9561162591130244,0.04386151489795712,1.0,0.9992373179121293,-0.9831183190873618,85,150,800,100,2,100,0.0,0,0.3,0.0,0.3,1.0,0.7,1.0,1.0,0.25,1.0,0.25
hete_0.3,0.9821810169849903,0.044833069217569,1.0,1.0037733095340458,-0.4816153104368322,86,151,800,100,2,100,0.0,0,0.3,0.0,0.3,1.0,0.7,1.0,1.0,0.25,1.0,0.25
hete_0.3,0.9902502304611527,0.039933335521491246,1.0,1.0047815313015023,-0.3638889827404767,87,152,800,100,2,100,0.0,0,0.3,0.0,0.3,1.0,0.7,1.0,1.0,0.25,1.0,0.25
hete_0.3,0.956372408278287,0.0445597417490605,1.0,0.9822299308844488,-0.5802888794055228,88,153,800,100,2,100,0.0,0,0.3,0.0,0.3,1.0,0.7,1.0,1.0,0.25,1.0,0.25
hete_0.3,1.0230620687719278,0.04318868756734389,1.0,1.0071293956406495,0.3689084811024785,89,154,800,100,2,100,0.0,0,0.3,0.0,0.3,1.0,0.7,1.0,1.0,0.25,1.0,0.25
hete_0.3,0.9786467117803761,0.04178620047003242,1.0,0.987355597098861,-0.20841534335553213,90,155,800,100,2,100,0.0,0,0.3,0.0,0.3,1.0,0.7,1.0,1.0,0.25,1.0,0.25
hete_0.3,0.9207710393559873,0.04356693040431078,1.0,0.9771515262802292,-1.2941119881758592,91,156,800,100,2,100,0.0,0,0.3,0.0,0.3,1.0,0.7,1.0,1.0,0.25,1.0,0.25
hete_0.3,0.9673429024090361,0.03893873395031768,1.0,1.0234723598379434,-1.4414813152508612,92,157,800,100,2,100,0.0,0,0.3,0.0,0.3,1.0,0.7,1.0,1.0,0.25,1.0,0.25
hete_0.3,1.0021315947239093,0.04472051151502333,1.0,0.9933443390128656,0.19649273707640394,93,158,800,100,2,100,0.0,0,0.3,0.0,0.3,1.0,0.7,1.0,1.0,0.25,1.0,0.25
hete_0.3,0.9400038818963696,0.042331621115520225,1.0,0.9908438486319666,-1.2009926715742363,94,159,800,100,2,100,0.0,0,0.3,0.0,0.3,1.0,0.7,1.0,1.0,0.25,1.0,0.25
hete_0.3,0.9412451771059382,0.041619457300535415,1.0,0.9934231663987725,-1.2536922073744339,95,160,800,100,2,100,0.0,0,0.3,0.0,0.3,1.0,0.7,1.0,1.0,0.25,1.0,0.25
hete_0.3,0.9913078985394134,0.041532053984636906,1.0,0.9919737019614661,-0.01603107378939115,96,161,800,100,2,100,0.0,0,0.3,0.0,0.3,1.0,0.7,1.0,1.0,0.25,1.0,0.25
hete_0.3,1.0484315099316448,0.04317129601253321,1.0,0.9968677407252474,1.1943993803528095,97,162,800,100,2,100,0.0,0,0.3,0.0,0.3,1.0,0.7,1.0,1.0,0.25,1.0,0.25
hete_0.3,0.9694457139022753,0.04775022837571809,1.0,1.0131723688980157,-0.9157370861492299,98,163,800,100,2,100,0.0,0,0.3,0.0,0.3,1.0,0.7,1.0,1.0,0.25,1.0,0.25
hete_0.3,0.9685713194936807,0.040706386055415295,1.0,0.9946697978561648,-0.6411396562434992,99,164,800,100,2,100,0.0,0,0.3,0.0,0.3,1.0,0.7,1.0,1.0,0.25,1.0,0.25
hete_0.5,0.9775457397989104,0.045286107903371266,1.0,0.9683645505012244,0.2027374336800201,0,66,800,100,2,100,0.0,0,0.3,0.0,0.5,1.0,0.7,1.0,1.0,0.25,1.0,0.25
hete_0.5,0.9919433551589232,0.04509988787816071,1.0,1.0164003816397786,-0.5422857490672077,1,67,800,100,2,100,0.0,0,0.3,0.0,0.5,1.0,0.7,1.0,1.0,0.25,1.0,0.25
hete_0.5,0.9131511015373593,0.046862581368039606,1.0,0.9891472339965501,-1.6216804589219735,2,68,800,100,2,100,0.0,0,0.3,0.0,0.5,1.0,0.7,1.0,1.0,0.25,1.0,0.25
hete_0.5,1.048233133521877,0.05078420029116776,1.0,1.0102503649561299,0.747924912629826,3,69,800,100,2,100,0.0,0,0.3,0.0,0.5,1.0,0.7,1.0,1.0,0.25,1.0,0.25
hete_0.5,0.9430028778785795,0.03956761805374377,1.0,1.0005968922768538,-1.4555845722137144,4,70,800,100,2,100,0.0,0,0.3,0.0,0.5,1.0,0.7,1.0,1.0,0.25,1.0,0.25
hete_0.5,0.9576324410461182,0.04708798213382678,1.0,1.0640913938536536,-2.260851877342563,5,71,800,100,2,100,0.0,0,0.3,0.0,0.5,1.0,0.7,1.0,1.0,0.25,1.0,0.25
hete_0.5,1.0016911592219575,0.05395389189716634,1.0,1.0017138743193088,-0.0004210094314344202,6,72,800,100,2,100,0.0,0,0.3,0.0,0.5,1.0,0.7,1.0,1.0,0.25,1.0,0.25
hete_0.5,0.9293244631650907,0.04731393611452786,1.0,0.9852438873544412,-1.1818806208384847,7,73,800,100,2,100,0.0,0,0.3,0.0,0.5,1.0,0.7,1.0,1.0,0.25,1.0,0.25
hete_0.5,0.9684879318503925,0.048429198443111665,1.0,1.0225400734795034,-1.1161064681383135,8,74,800,100,2,100,0.0,0,0.3,0.0,0.5,1.0,0.7,1.0,1.0,0.25,1.0,0.25
hete_0.5,1.022631364108503,0.04690263385314109,1.0,1.001208577245751,0.4567501886957933,9,75,800,100,2,100,0.0,0,0.3,0.0,0.5,1.0,0.7,1.0,1.0,0.25,1.0,0.25
hete_0.5,0.9262691290463382,0.058871221390128986,1.0,0.9921901698360763,-1.1197498409773305,10,76,800,100,2,100,0.0,0,0.3,0.0,0.5,1.0,0.7,1.0,1.0,0.25,1.0,0.25
hete_0.5,0.982030714444848,0.04389109764000361,1.0,1.035267161162076,-1.2129212888197816,11,77,800,100,2,100,0.0,0,0.3,0.0,0.5,1.0,0.7,1.0,1.0,0.25,1.0,0.25
hete_0.5,0.9317322629749801,0.04800991246746705,1.0,0.9927663456221691,-1.2712808566053422,12,78,800,100,2,100,0.0,0,0.3,0.0,0.5,1.0,0.7,1.0,1.0,0.25,1.0,0.25
hete_0.5,0.9606191622611793,0.047519534349754866,1.0,0.9825737583878074,-0.46201202152018445,13,79,800,100,2,100,0.0,0,0.3,0.0,0.5,1.0,0.7,1.0,1.0,0.25,1.0,0.25
hete_0.5,0.9953597345994442,0.046065879458967965,1.0,1.0084277072667915,-0.2836800864506962,14,80,800,100,2,100,0.0,0,0.3,0.0,0.5,1.0,0.7,1.0,1.0,0.25,1.0,0.25
hete_0.5,0.9598445242356691,0.051078814547819706,1.0,0.9963632756031967,-0.7149490780240979,15,81,800,100,2,100,0.0,0,0.3,0.0,0.5,1.0,0.7,1.0,1.0,0.25,1.0,0.25
hete_0.5,1.0630361201450493,0.04746372446209176,1.0,1.035416055139505,0.5819194620431399,16,82,800,100,2,100,0.0,0,0.3,0.0,0.5,1.0,0.7,1.0,1.0,0.25,1.0,0.25
hete_0.5,1.0518386374047322,0.049599459267700576,1.0,0.9945882353936392,1.1542545595527238,17,83,800,100,2,100,0.0,0,0.3,0.0,0.5,1.0,0.7,1.0,1.0,0.25,1.0,0.25
hete_0.5,0.9258486220393976,0.046269027742209694,1.0,1.0028801674155867,-1.6648619851139828,18,84,800,100,2,100,0.0,0,0.3,0.0,0.5,1.0,0.7,1.0,1.0,0.25,1.0,0.25
hete_0.5,0.9467343844961221,0.05603207053692836,1.0,1.0094768215535868,-1.1197593887970596,19,85,800,100,2,100,0.0,0,0.3,0.0,0.5,1.0,0.7,1.0,1.0,0.25,1.0,0.25
hete_0.5,1.021094185801242,0.05342262588007375,1.0,1.0091717849579356,0.2231713744298234,20,86,800,100,2,100,0.0,0,0.3,0.0,0.5,1.0,0.7,1.0,1.0,0.25,1.0,0.25
hete_0.5,1.0550189047494516,0.04547520727803751,1.0,1.017142820296436,0.8328952570010152,21,87,800,100,2,100,0.0,0,0.3,0.0,0.5,1.0,0.7,1.0,1.0,0.25,1.0,0.25
hete_0.5,0.9931802661730982,0.046578016144305914,1.0,0.9837056917773165,0.2034130085409391,22,88,800,100,2,100,0.0,0,0.3,0.0,0.5,1.0,0.7,1.0,1.0,0.25,1.0,0.25
hete_0.5,0.9328613321612931,0.047196469128070094,1.0,1.001345136740951,-1.4510366102562346,23,89,800,100,2,100,0.0,0,0.3,0.0,0.5,1.0,0.7,1.0,1.0,0.25,1.0,0.25
hete_0.5,0.9674968178366893,0.04422719619363336,1.0,1.001074098221735,-0.7591998425140786,24,90,800,100,2,100,0.0,0,0.3,0.0,0.5,1.0,0.7,1.0,1.0,0.25,1.0,0.25
hete_0.5,1.00970771102945,0.04674942935182202,1.0,1.0143923481549812,-0.10020736489158397,25,91,800,100,2,100,0.0,0,0.3,0.0,0.5,1.0,0.7,1.0,1.0,0.25,1.0,0.25
hete_0.5,1.0279544164389212,0.04836336000865794,1.0,1.0232102800210996,0.09809360675048791,26,92,800,100,2,100,0.0,0,0.3,0.0,0.5,1.0,0.7,1.0,1.0,0.25,1.0,0.25
hete_0.5,1.0156153173963836,0.05085232830992877,1.0,0.9934880536788951,0.4351278388401367,27,93,800,100,2,100,0.0,0,0.3,0.0,0.5,1.0,0.7,1.0,1.0,0.25,1.0,0.25
hete_0.5,0.9447014607267543,0.04232445467422995,1.0,0.9886290042968119,-1.0378761854858274,28,94,800,100,2,100,0.0,0,0.3,0.0,0.5,1.0,0.7,1.0,1.0,0.25,1.0,0.25
hete_0.5,1.0079959397121476,0.04719405164822057,1.0,1.0028656887711178,0.10870545676540248,29,95,800,100,2,100,0.0,0,0.3,0.0,0.5,1.0,0.7,1.0,1.0,0.25,1.0,0.25
hete_0.5,0.9157970519883204,0.050551648136463304,1.0,0.9699934339647075,-1.0720992089137211,30,96,800,100,2,100,0.0,0,0.3,0.0,0.5,1.0,0.7,1.0,1.0,0.25,1.0,0.25
hete_0.5,0.9209436453228983,0.049778370545015514,1.0,0.9905752932669006,-1.3988334126170952,31,97,800,100,2,100,0.0,0,0.3,0.0,0.5,1.0,0.7,1.0,1.0,0.25,1.0,0.25
hete_0.5,0.9958452222199539,0.04673666297994096,1.0,1.0152941596348082,-0.4161387693255221,32,98,800,100,2,100,0.0,0,0.3,0.0,0.5,1.0,0.7,1.0,1.0,0.25,1.0,0.25
hete_0.5,0.947916004208918,0.05021223713534038,1.0,0.9964464095317118,-0.9665055391176183,33,99,800,100,2,100,0.0,0,0.3,0.0,0.5,1.0,0.7,1.0,1.0,0.25,1.0,0.25
hete_0.5,0.8977353877938492,0.053106077363951114,1.0,0.974470436871918,-1.444939127252454,34,100,800,100,2,100,0.0,0,0.3,0.0,0.5,1.0,0.7,1.0,1.0,0.25,1.0,0.25
hete_0.5,1.0093130643290853,0.0496880355366949,1.0,1.005501479117295,0.07671032212524263,35,101,800,100,2,100,0.0,0,0.3,0.0,0.5,1.0,0.7,1.0,1.0,0.25,1.0,0.25
hete_0.5,0.925092559496473,0.051912007039538334,1.0,1.0057491506033842,-1.5537174481710918,36,102,800,100,2,100,0.0,0,0.3,0.0,0.5,1.0,0.7,1.0,1.0,0.25,1.0,0.25
hete_0.5,0.9550206306957173,0.04847745007079764,1.0,0.9966018373369533,-0.857743271985424,37,103,800,100,2,100,0.0,0,0.3,0.0,0.5,1.0,0.7,1.0,1.0,0.25,1.0,0.25
hete_0.5,0.9588256881063333,0.05458273077820537,1.0,0.9983925950103947,-0.7248978997558744,38,104,800,100,2,100,0.0,0,0.3,0.0,0.5,1.0,0.7,1.0,1.0,0.25,1.0,0.25
hete_0.5,1.0332684173236037,0.0528404741044359,1.0,0.9917323438341277,0.786065496069975,39,105,800,100,2,100,0.0,0,0.3,0.0,0.5,1.0,0.7,1.0,1.0,0.25,1.0,0.25
hete_0.5,0.9579078433750838,0.04757903017909412,1.0,1.006761621956665,-1.0267922317392513,40,106,800,100,2,100,0.0,0,0.3,0.0,0.5,1.0,0.7,1.0,1.0,0.25,1.0,0.25
hete_0.5,1.0339312902850493,0.05215664919867625,1.0,1.0151164101709929,0.3607379002126144,41,107,800,100,2,100,0.0,0,0.3,0.0,0.5,1.0,0.7,1.0,1.0,0.25,1.0,0.25
hete_0.5,0.9578834261724798,0.04815288828742565,1.0,1.012361409401676,-1.1313544247650502,42,108,800,100,2,100,0.0,0,0.3,0.0,0.5,1.0,0.7,1.0,1.0,0.25,1.0,0.25
hete_0.5,0.996492823420667,0.04779747138101205,1.0,1.0150158032526622,-0.38753053868354936,43,109,800,100,2,100,0.0,0,0.3,0.0,0.5,1.0,0.7,1.0,1.0,0.25,1.0,0.25
hete_0.5,1.00249739354416,0.04795526512649648,1.0,1.0109125518794866,-0.17547934128044482,44,110,800,100,2,100,0.0,0,0.3,0.0,0.5,1.0,0.7,1.0,1.0,0.25,1.0,0.25
hete_0.5,0.987342963725726,0.04859936378414608,1.0,1.0063471510130326,-0.39103777925393446,45,111,800,100,2,100,0.0,0,0.3,0.0,0.5,1.0,0.7,1.0,1.0,0.25,1.0,0.25
hete_0.5,0.9622851221249005,0.046374844239088206,1.0,0.9659695705240117,-0.07944928893164163,46,112,800,100,2,100,0.0,0,0.3,0.0,0.5,1.0,0.7,1.0,1.0,0.25,1.0,0.25
hete_0.5,1.008231627844131,0.05683414216841836,1.0,0.9898412678882172,0.32357944105881004,47,113,800,100,2,100,0.0,0,0.3,0.0,0.5,1.0,0.7,1.0,1.0,0.25,1.0,0.25
hete_0.5,1.0071084062154216,0.042488567840165414,1.0,1.0068477111144951,0.0061356528162401685,48,114,800,100,2,100,0.0,0,0.3,0.0,0.5,1.0,0.7,1.0,1.0,0.25,1.0,0.25
hete_0.5,0.9436492961721936,0.044748804861186556,1.0,1.008098331822411,-1.4402403784892615,49,115,800,100,2,100,0.0,0,0.3,0.0,0.5,1.0,0.7,1.0,1.0,0.25,1.0,0.25
hete_0.5,0.9836676401032646,0.049949992367705684,1.0,1.025581451139266,-0.8391154642718245,50,116,800,100,2,100,0.0,0,0.3,0.0,0.5,1.0,0.7,1.0,1.0,0.25,1.0,0.25
hete_0.5,0.9650792650570895,0.05448781370251971,1.0,0.9854429333064403,-0.3737288554194472,51,117,800,100,2,100,0.0,0,0.3,0.0,0.5,1.0,0.7,1.0,1.0,0.25,1.0,0.25
hete_0.5,0.9138036895588583,0.05107631565796979,1.0,1.0040886344274407,-1.767647953959158,52,118,800,100,2,100,0.0,0,0.3,0.0,0.5,1.0,0.7,1.0,1.0,0.25,1.0,0.25
hete_0.5,0.9075073896363715,0.046149664481969825,1.0,0.9729285463216225,-1.4175868323118666,53,119,800,100,2,100,0.0,0,0.3,0.0,0.5,1.0,0.7,1.0,1.0,0.25,1.0,0.25
hete_0.5,0.918960986975915,0.0491156607591344,1.0,1.0316112523863092,-2.293571208638252,54,120,800,100,2,100,0.0,0,0.3,0.0,0.5,1.0,0.7,1.0,1.0,0.25,1.0,0.25
hete_0.5,1.030533048841058,0.046647523279517225,1.0,0.9901278312965864,0.8661814112264642,55,121,800,100,2,100,0.0,0,0.3,0.0,0.5,1.0,0.7,1.0,1.0,0.25,1.0,0.25
hete_0.5,0.9530783649885048,0.05168353915335517,1.0,0.9843024104369391,-0.6041390732895907,56,122,800,100,2,100,0.0,0,0.3,0.0,0.5,1.0,0.7,1.0,1.0,0.25,1.0,0.25
hete_0.5,1.0199088328844943,0.04815293758211155,1.0,1.0084422883493003,0.2381276223416483,57,123,800,100,2,100,0.0,0,0.3,0.0,0.5,1.0,0.7,1.0,1.0,0.25,1.0,0.25
hete_0.5,0.9403909823799417,0.050451362764694696,1.0,1.0001838611488068,-1.1851588439293352,58,124,800,100,2,100,0.0,0,0.3,0.0,0.5,1.0,0.7,1.0,1.0,0.25,1.0,0.25
hete_0.5,1.0036067495040735,0.046762269257118044,1.0,1.0451922378602432,-0.8892957723568914,59,125,800,100,2,100,0.0,0,0.3,0.0,0.5,1.0,0.7,1.0,1.0,0.25,1.0,0.25
hete_0.5,0.9326956351190168,0.04395373517736126,1.0,1.0005363672959369,-1.5434577267021903,60,126,800,100,2,100,0.0,0,0.3,0.0,0.5,1.0,0.7,1.0,1.0,0.25,1.0,0.25
hete_0.5,0.9976460876564162,0.051454267090208325,1.0,0.9905424509697428,0.138057290257763,61,127,800,100,2,100,0.0,0,0.3,0.0,0.5,1.0,0.7,1.0,1.0,0.25,1.0,0.25
hete_0.5,1.0174277526198134,0.051102253697424785,1.0,1.0180082823203498,-0.011360158477034102,62,128,800,100,2,100,0.0,0,0.3,0.0,0.5,1.0,0.7,1.0,1.0,0.25,1.0,0.25
hete_0.5,1.0598634528004738,0.05845972000650016,1.0,0.9985537725582333,1.0487508362240434,63,129,800,100,2,100,0.0,0,0.3,0.0,0.5,1.0,0.7,1.0,1.0,0.25,1.0,0.25
hete_0.5,1.0223353138816613,0.05543903034090664,1.0,1.0072217825764356,0.27261536163762895,64,130,800,100,2,100,0.0,0,0.3,0.0,0.5,1.0,0.7,1.0,1.0,0.25,1.0,0.25
hete_0.5,0.9785382810875387,0.05088641043804476,1.0,1.0212989699210027,-0.840316470848852,65,131,800,100,2,100,0.0,0,0.3,0.0,0.5,1.0,0.7,1.0,1.0,0.25,1.0,0.25
hete_0.5,1.1321135853809712,0.04893316701947816,1.0,0.985649943390043,2.993136371750216,66,132,800,100,2,100,0.0,0,0.3,0.0,0.5,1.0,0.7,1.0,1.0,0.25,1.0,0.25
hete_0.5,0.9721936696794293,0.04186404303242543,1.0,0.9868567802337127,-0.3502554816056871,67,133,800,100,2,100,0.0,0,0.3,0.0,0.5,1.0,0.7,1.0,1.0,0.25,1.0,0.25
hete_0.5,1.0608429494789382,0.05587518222239864,1.0,1.0057583094797125,0.9858516394626453,68,134,800,100,2,100,0.0,0,0.3,0.0,0.5,1.0,0.7,1.0,1.0,0.25,1.0,0.25
hete_0.5,0.9888273565737254,0.049428766916637966,1.0,0.982309842268441,0.1318567043413466,69,135,800,100,2,100,0.0,0,0.3,0.0,0.5,1.0,0.7,1.0,1.0,0.25,1.0,0.25
hete_0.5,0.9420617124582992,0.0508797248765582,1.0,1.020342684172563,-1.5385494301351874,70,136,800,100,2,100,0.0,0,0.3,0.0,0.5,1.0,0.7,1.0,1.0,0.25,1.0,0.25
hete_0.5,0.9724821797898913,0.05639036727979415,1.0,1.007821024132002,-0.6266822871851273,71,137,800,100,2,100,0.0,0,0.3,0.0,0.5,1.0,0.7,1.0,1.0,0.25,1.0,0.25
hete_0.5,0.9683445664640508,0.04808181736710279,1.0,1.0116529267560532,-0.9007221994406915,72,138,800,100,2,100,0.0,0,0.3,0.0,0.5,1.0,0.7,1.0,1.0,0.25,1.0,0.25
hete_0.5,0.9333335356372936,0.06309939084731915,1.0,1.0008170023627827,-1.0694788938419082,73,139,800,100,2,100,0.0,0,0.3,0.0,0.5,1.0,0.7,1.0,1.0,0.25,1.0,0.25
hete_0.5,1.0181204432761402,0.04946253472847556,1.0,0.9966869878569722,0.43332707344714255,74,140,800,100,2,100,0.0,0,0.3,0.0,0.5,1.0,0.7,1.0,1.0,0.25,1.0,0.25
hete_0.5,0.952048768090319,0.04685889835085132,1.0,0.9997062270574943,-1.017041813709423,75,141,800,100,2,100,0.0,0,0.3,0.0,0.5,1.0,0.7,1.0,1.0,0.25,1.0,0.25
hete_0.5,1.0155327804852328,0.04360815072427555,1.0,0.9818281136740232,0.772898328670631,76,142,800,100,2,100,0.0,0,0.3,0.0,0.5,1.0,0.7,1.0,1.0,0.25,1.0,0.25
hete_0.5,0.9190848060894696,0.05113384241688367,1.0,0.9903022601711016,-1.3927655485189383,77,143,800,100,2,100,0.0,0,0.3,0.0,0.5,1.0,0.7,1.0,1.0,0.25,1.0,0.25
hete_0.5,0.9472095534613526,0.04888079391057352,1.0,0.9855525866552395,-0.7844191987559516,78,144,800,100,2,100,0.0,0,0.3,0.0,0.5,1.0,0.7,1.0,1.0,0.25,1.0,0.25
hete_0.5,0.9533360171951897,0.05298173985439228,1.0,0.9943935007442903,-0.774936490608602,79,145,800,100,2,100,0.0,0,0.3,0.0,0.5,1.0,0.7,1.0,1.0,0.25,1.0,0.25
hete_0.5,0.947591081288665,0.044480307775047426,1.0,1.0002671500235198,-1.1842559408818907,80,146,800,100,2,100,0.0,0,0.3,0.0,0.5,1.0,0.7,1.0,1.0,0.25,1.0,0.25
hete_0.5,1.0873838094308943,0.06295389173501525,1.0,1.010897937966456,1.2149506465204993,81,147,800,100,2,100,0.0,0,0.3,0.0,0.5,1.0,0.7,1.0,1.0,0.25,1.0,0.25
hete_0.5,0.9669664359806089,0.04835809452191789,1.0,0.9809443942869032,-0.2890510563843419,82,148,800,100,2,100,0.0,0,0.3,0.0,0.5,1.0,0.7,1.0,1.0,0.25,1.0,0.25
hete_0.5,0.8889017057142121,0.045761263061931935,1.0,0.9783102918320824,-1.9538050336780992,83,149,800,100,2,100,0.0,0,0.3,0.0,0.5,1.0,0.7,1.0,1.0,0.25,1.0,0.25
hete_0.5,0.9405798735123925,0.054925135714169605,1.0,0.9987288631868819,-1.0586954209288946,84,150,800,100,2,100,0.0,0,0.3,0.0,0.5,1.0,0.7,1.0,1.0,0.25,1.0,0.25
hete_0.5,0.9929892216189529,0.05798104872071525,1.0,1.0062888492234094,-0.22937887288859843,85,151,800,100,2,100,0.0,0,0.3,0.0,0.5,1.0,0.7,1.0,1.0,0.25,1.0,0.25
hete_0.5,0.9924748972687538,0.04331918386647788,1.0,1.0079692188358371,-0.3576780581749009,86,152,800,100,2,100,0.0,0,0.3,0.0,0.5,1.0,0.7,1.0,1.0,0.25,1.0,0.25
hete_0.5,0.9628011508163153,0.0520573007986294,1.0,0.970383218140748,-0.14564849133768953,87,153,800,100,2,100,0.0,0,0.3,0.0,0.5,1.0,0.7,1.0,1.0,0.25,1.0,0.25
hete_0.5,1.0283254321692525,0.052276968197430246,1.0,1.0118823260677494,0.3145382501793861,88,154,800,100,2,100,0.0,0,0.3,0.0,0.5,1.0,0.7,1.0,1.0,0.25,1.0,0.25
hete_0.5,0.9805735217524945,0.04922385147420752,1.0,0.9789259951647685,0.0334700869270502,89,155,800,100,2,100,0.0,0,0.3,0.0,0.5,1.0,0.7,1.0,1.0,0.25,1.0,0.25
hete_0.5,0.883989707327525,0.05122125262495796,1.0,0.9619192104670486,-1.521429077694048,90,156,800,100,2,100,0.0,0,0.3,0.0,0.5,1.0,0.7,1.0,1.0,0.25,1.0,0.25
hete_0.5,0.9822564267339231,0.044305947758182515,1.0,1.0391205997299058,-1.2834433269849392,91,157,800,100,2,100,0.0,0,0.3,0.0,0.5,1.0,0.7,1.0,1.0,0.25,1.0,0.25
hete_0.5,0.9753219148202835,0.05215492258046214,1.0,0.9889072316881091,-0.26048005050466366,92,158,800,100,2,100,0.0,0,0.3,0.0,0.5,1.0,0.7,1.0,1.0,0.25,1.0,0.25
hete_0.5,0.9295574016104758,0.048887240215328594,1.0,0.9847397477199442,-1.1287678720748475,93,159,800,100,2,100,0.0,0,0.3,0.0,0.5,1.0,0.7,1.0,1.0,0.25,1.0,0.25
hete_0.5,0.9324639042447734,0.05063265638289288,1.0,0.9890386106646207,-1.1173560792864512,94,160,800,100,2,100,0.0,0,0.3,0.0,0.5,1.0,0.7,1.0,1.0,0.25,1.0,0.25
hete_0.5,0.9909812962891729,0.049279701780130754,1.0,0.9866228366024435,0.0884433048352298,95,161,800,100,2,100,0.0,0,0.3,0.0,0.5,1.0,0.7,1.0,1.0,0.25,1.0,0.25
hete_0.5,1.0682652939326616,0.052192770852095983,1.0,0.9947795678754122,1.4079675184422265,96,162,800,100,2,100,0.0,0,0.3,0.0,0.5,1.0,0.7,1.0,1.0,0.25,1.0,0.25
hete_0.5,0.9751915962116442,0.06137688383163334,1.0,1.0219539481633593,-0.7618886628391192,97,163,800,100,2,100,0.0,0,0.3,0.0,0.5,1.0,0.7,1.0,1.0,0.25,1.0,0.25
hete_0.5,0.9579337405135393,0.048697255314067094,1.0,0.991116329760275,-0.6814057390448096,98,164,800,100,2,100,0.0,0,0.3,0.0,0.5,1.0,0.7,1.0,1.0,0.25,1.0,0.25
hete_0.5,0.9490249050287987,0.046127857096930736,1.0,1.0228804763319859,-1.6011056214467292,99,165,800,100,2,100,0.0,0,0.3,0.0,0.5,1.0,0.7,1.0,1.0,0.25,1.0,0.25
noise_0.5,0.975772342875507,0.018939662490200015,1.0,1.0,-1.279202157748545,0,67,800,100,2,100,0.0,0,0.3,0.0,0.0,0.5,0.7,1.0,1.0,0.25,1.0,0.25
noise_0.5,0.9576791405575799,0.018078738856883724,1.0,1.0,-2.3409187873912956,1,68,800,100,2,100,0.0,0,0.3,0.0,0.0,0.5,0.7,1.0,1.0,0.25,1.0,0.25
noise_0.5,1.002046502711978,0.01906995090956528,1.0,1.0,0.10731557315921218,2,69,800,100,2,100,0.0,0,0.3,0.0,0.0,0.5,0.7,1.0,1.0,0.25,1.0,0.25
noise_0.5,0.9698127554021211,0.017061583690745983,1.0,1.0,-1.7693108180955175,3,70,800,100,2,100,0.0,0,0.3,0.0,0.0,0.5,0.7,1.0,1.0,0.25,1.0,0.25
noise_0.5,0.9547071779986778,0.018568802875041833,1.0,1.0,-2.439189123074806,4,71,800,100,2,100,0.0,0,0.3,0.0,0.0,0.5,0.7,1.0,1.0,0.25,1.0,0.25
noise_0.5,1.0111999668994427,0.02025530040067608,1.0,1.0,0.5529400541040044,5,72,800,100,2,100,0.0,0,0.3,0.0,0.0,0.5,0.7,1.0,1.0,0.25,1.0,0.25
noise_0.5,0.9710570440625742,0.017900104327087333,1.0,1.0,-1.6169154887900774,6,73,800,100,2,100,0.0,0,0.3,0.0,0.0,0.5,0.7,1.0,1.0,0.25,1.0,0.25
noise_0.5,0.9737796738713854,0.01842061666764405,1.0,1.0,-1.42342282029411,7,74,800,100,2,100,0.0,0,0.3,0.0,0.0,0.5,0.7,1.0,1.0,0.25,1.0,0.25
noise_0.5,1.005421573751869,0.018897972661968573,1.0,1.0,0.28688652739876846,8,75,800,100,2,100,0.0,0,0.3,0.0,0.0,0.5,0.7,1.0,1.0,0.25,1.0,0.25
noise_0.5,0.9848916015357113,0.01844245826155838,1.0,1.0,-0.8192182544222297,9,76,800,100,2,100,0.0,0,0.3,0.0,0.0,0.5,0.7,1.0,1.0,0.25,1.0,0.25
noise_0.5,0.9964226064509654,0.018090284265839186,1.0,1.0,-0.19775220203642746,10,77,800,100,2,100,0.0,0,0.3,0.0,0.0,0.5,0.7,1.0,1.0,0.25,1.0,0.25
noise_0.5,0.9621744960712635,0.02065953257520114,1.0,1.0,-1.8308983415307616,11,78,800,100,2,100,0.0,0,0.3,0.0,0.0,0.5,0.7,1.0,1.0,0.25,1.0,0.25
noise_0.5,0.9838943342860353,0.01806447638113177,1.0,1.0,-0.891565599476048,12,79,800,100,2,100,0.0,0,0.3,0.0,0.0,0.5,0.7,1.0,1.0,0.25,1.0,0.25
noise_0.5,0.9883653892126893,0.017568141806577144,1.0,1.0,-0.6622561973489363,13,80,800,100,2,100,0.0,0,0.3,0.0,0.0,0.5,0.7,1.0,1.0,0.25,1.0,0.25
noise_0.5,0.9995600018311892,0.019597855943443897,1.0,1.0,-0.022451342130514487,14,81,800,100,2,100,0.0,0,0.3,0.0,0.0,0.5,0.7,1.0,1.0,0.25,1.0,0.25
noise_0.5,1.014358432848083,0.018993447803738562,1.0,1.0,0.7559676893026653,15,82,800,100,2,100,0.0,0,0.3,0.0,0.0,0.5,0.7,1.0,1.0,0.25,1.0,0.25
noise_0.5,0.986402934831109,0.01999267319925051,1.0,1.0,-0.6801024071858865,16,83,800,100,2,100,0.0,0,0.3,0.0,0.0,0.5,0.7,1.0,1.0,0.25,1.0,0.25
noise_0.5,0.9818189468328156,0.018586690426462854,1.0,1.0,-0.9781759285826974,17,84,800,100,2,100,0.0,0,0.3,0.0,0.0,0.5,0.7,1.0,1.0,0.25,1.0,0.25
noise_0.5,0.9727606064356724,0.01968467748221882,1.0,1.0,-1.3837866324674581,18,85,800,100,2,100,0.0,0,0.3,0.0,0.0,0.5,0.7,1.0,1.0,0.25,1.0,0.25
noise_0.5,1.009987667624597,0.01783875821426151,1.0,1.0,0.5598858118168837,19,86,800,100,2,100,0.0,0,0.3,0.0,0.0,0.5,0.7,1.0,1.0,0.25,1.0,0.25
noise_0.5,1.0064195431718652,0.017658984101333406,1.0,1.0,0.363528452997502,20,87,800,100,2,100,0.0,0,0.3,0.0,0.0,0.5,0.7,1.0,1.0,0.25,1.0,0.25
noise_0.5,1.0054968221347826,0.019006323411166537,1.0,1.0,0.28921017578566327,21,88,800,100,2,100,0.0,0,0.3,0.0,0.0,0.5,0.7,1.0,1.0,0.25,1.0,0.25
noise_0.5,0.9714005497844657,0.01807778264032133,1.0,1.0,-1.582022020319301,22,89,800,100,2,100,0.0,0,0.3,0.0,0.0,0.5,0.7,1.0,1.0,0.25,1.0,0.25
noise_0.5,0.9891514737923753,0.01798070257354201,1.0,1.0,-0.6033427316454197,23,90,800,100,2,100,0.0,0,0.3,0.0,0.0,0.5,0.7,1.0,1.0,0.25,1.0,0.25
noise_0.5,1.0059989417469573,0.018904708038705642,1.0,1.0,0.31732527869115856,24,91,800,100,2,100,0.0,0,0.3,0.0,0.0,0.5,0.7,1.0,1.0,0.25,1.0,0.25
noise_0.5,0.9975344584820727,0.01693776937240023,1.0,1.0,-0.14556471184126998,25,92,800,100,2,100,0.0,0,0.3,0.0,0.0,0.5,0.7,1.0,1.0,0.25,1.0,0.25
noise_0.5,1.0123215505539085,0.019260763340759393,1.0,1.0,0.6397228570808392,26,93,800,100,2,100,0.0,0,0.3,0.0,0.0,0.5,0.7,1.0,1.0,0.25,1.0,0.25
noise_0.5,0.9932920588322418,0.01860331572652885,1.0,1.0,-0.3605777199272321,27,94,800,100,2,100,0.0,0,0.3,0.0,0.0,0.5,0.7,1.0,1.0,0.25,1.0,0.25
noise_0.5,0.9954741506016184,0.017987606934548744,1.0,1.0,-0.2516093116138115,28,95,800,100,2,100,0.0,0,0.3,0.0,0.0,0.5,0.7,1.0,1.0,0.25,1.0,0.25
noise_0.5,0.9658321886360873,0.017930928009002367,1.0,1.0,-1.9055238717571363,29,96,800,100,2,100,0.0,0,0.3,0.0,0.0,0.5,0.7,1.0,1.0,0.25,1.0,0.25
noise_0.5,0.9741873451088641,0.020067657009391934,1.0,1.0,-1.286281446760589,30,97,800,100,2,100,0.0,0,0.3,0.0,0.0,0.5,0.7,1.0,1.0,0.25,1.0,0.25
noise_0.5,0.9862474005240304,0.018297008026685494,1.0,1.0,-0.7516310566138454,31,98,800,100,2,100,0.0,0,0.3,0.0,0.0,0.5,0.7,1.0,1.0,0.25,1.0,0.25
noise_0.5,0.9795905259987763,0.018741060231064817,1.0,1.0,-1.0890245135327712,32,99,800,100,2,100,0.0,0,0.3,0.0,0.0,0.5,0.7,1.0,1.0,0.25,1.0,0.25
noise_0.5,0.9627255620725983,0.018905232059787273,1.0,1.0,-1.971646674821146,33,100,800,100,2,100,0.0,0,0.3,0.0,0.0,0.5,0.7,1.0,1.0,0.25,1.0,0.25
noise_0.5,1.0039229278815416,0.01863838659469839,1.0,1.0,0.21047572232767414,34,101,800,100,2,100,0.0,0,0.3,0.0,0.0,0.5,0.7,1.0,1.0,0.25,1.0,0.25
noise_0.5,0.9568516096080993,0.018497029048321487,1.0,1.0,-2.332720042725789,35,102,800,100,2,100,0.0,0,0.3,0.0,0.0,0.5,0.7,1.0,1.0,0.25,1.0,0.25
noise_0.5,0.9741545201209258,0.01840771040744114,1.0,1.0,-1.4040572839860825,36,103,800,100,2,100,0.0,0,0.3,0.0,0.0,0.5,0.7,1.0,1.0,0.25,1.0,0.25
noise_0.5,0.9621202309126878,0.01901443275762522,1.0,1.0,-1.9921587759235948,37,104,800,100,2,100,0.0,0,0.3,0.0,0.0,0.5,0.7,1.0,1.0,0.25,1.0,0.25
noise_0.5,1.005762948838404,0.01674227011453514,1.0,1.0,0.3442154975985408,38,105,800,100,2,100,0.0,0,0.3,0.0,0.0,0.5,0.7,1.0,1.0,0.25,1.0,0.25
noise_0.5,0.9966457222011589,0.01896516432489919,1.0,1.0,-0.17686521146760223,39,106,800,100,2,100,0.0,0,0.3,0.0,0.0,0.5,0.7,1.0,1.0,0.25,1.0,0.25
noise_0.5,1.0121020887945111,0.019575706694359967,1.0,1.0,0.6182197651131499,40,107,800,100,2,100,0.0,0,0.3,0.0,0.0,0.5,0.7,1.0,1.0,0.25,1.0,0.25
noise_0.5,0.9881955174726491,0.01953765274348463,1.0,1.0,-0.6041914390810033,41,108,800,100,2,100,0.0,0,0.3,0.0,0.0,0.5,0.7,1.0,1.0,0.25,1.0,0.25
noise_0.5,0.9861086379536075,0.01791233471394361,1.0,1.0,-0.7755193428570191,42,109,800,100,2,100,0.0,0,0.3,0.0,0.0,0.5,0.7,1.0,1.0,0.25,1.0,0.25
noise_0.5,0.9650738960111089,0.018123657846884272,1.0,1.0,-1.9271001628898763,43,110,800,100,2,100,0.0,0,0.3,0.0,0.0,0.5,0.7,1.0,1.0,0.25,1.0,0.25
noise_0.5,0.9877943757026323,0.019157509177591563,1.0,1.0,-0.6371195850264588,44,111,800,100,2,100,0.0,0,0.3,0.0,0.0,0.5,0.7,1.0,1.0,0.25,1.0,0.25
noise_0.5,0.9985575172537424,0.020564158433141563,1.0,1.0,-0.07014547913289987,45,112,800,100,2,100,0.0,0,0.3,0.0,0.0,0.5,0.7,1.0,1.0,0.25,1.0,0.25
noise_0.5,1.0368130709163732,0.019206542394269933,1.0,1.0,1.916694330539993,46,113,800,100,2,100,0.0,0,0.3,0.0,0.0,0.5,0.7,1.0,1.0,0.25,1.0,0.25
noise_0.5,1.000334840336961,0.018039204089231875,1.0,1.0,0.018561813221063227,47,114,800,100,2,100,0.0,0,0.3,0.0,0.0,0.5,0.7,1.0,1.0,0.25,1.0,0.25
noise_0.5,0.9826117206912262,0.018906591592180853,1.0,1.0,-0.9196940243827485,48,115,800,100,2,100,0.0,0,0.3,0.0,0.0,0.5,0.7,1.0,1.0,0.25,1.0,0.25
noise_0.5,0.9775187188592838,0.019604790356887357,1.0,1.0,-1.1467238736790848,49,116,800,100,2,100,0.0,0,0.3,0.0,0.0,0.5,0.7,1.0,1.0,0.25,1.0,0.25
noise_0.5,1.005594967430748,0.018819277035561462,1.0,1.0,0.29729980701042014,50,117,800,100,2,100,0.0,0,0.3,0.0,0.0,0.5,0.7,1.0,1.0,0.25,1.0,0.25
noise_0.5,0.9655530393539608,0.018670917155251345,1.0,1.0,-1.8449527872470242,51,118,800,100,2,100,0.0,0,0.3,0.0,0.0,0.5,0.7,1.0,1.0,0.25,1.0,0.25
noise_0.5,0.9649390786114893,0.01918301730654786,1.0,1.0,-1.8277062897995262,52,119,800,100,2,100,0.0,0,0.3,0.0,0.0,0.5,0.7,1.0,1.0,0.25,1.0,0.25
noise_0.5,0.9741954712813004,0.01810410515941017,1.0,1.0,-1.4253412964344687,53,120,800,100,2,100,0.0,0,0.3,0.0,0.0,0.5,0.7,1.0,1.0,0.25,1.0,0.25
noise_0.5,1.0169234986084312,0.019000821503942392,1.0,1.0,0.8906719430483494,54,121,800,100,2,100,0.0,0,0.3,0.0,0.0,0.5,0.7,1.0,1.0,0.25,1.0,0.25
noise_0.5,0.9908983697197877,0.020066203970674355,1.0,1.0,-0.4535800739150164,55,122,800,100,2,100,0.0,0,0.3,0.0,0.0,0.5,0.7,1.0,1.0,0.25,1.0,0.25
noise_0.5,1.0100441949163244,0.019522505196249734,1.0,1.0,0.514493135760765,56,123,800,100,2,100,0.0,0,0.3,0.0,0.0,0.5,0.7,1.0,1.0,0.25,1.0,0.25
noise_0.5,0.9498366733673942,0.017878039838152417,1.0,1.0,-2.805862783992424,57,124,800,100,2,100,0.0,0,0.3,0.0,0.0,0.5,0.7,1.0,1.0,0.25,1.0,0.25
noise_0.5,0.9868967691052847,0.018336052866348068,1.0,1.0,-0.7146156803879815,58,125,800,100,2,100,0.0,0,0.3,0.0,0.0,0.5,0.7,1.0,1.0,0.25,1.0,0.25
noise_0.5,0.9576632745359287,0.019672688470516595,1.0,1.0,-2.152055908754985,59,126,800,100,2,100,0.0,0,0.3,0.0,0.0,0.5,0.7,1.0,1.0,0.25,1.0,0.25
noise_0.5,1.005051232587501,0.018515098656877692,1.0,1.0,0.2728169415194881,60,127,800,100,2,100,0.0,0,0.3,0.0,0.0,0.5,0.7,1.0,1.0,0.25,1.0,0.25
noise_0.5,0.9989824995900985,0.020075024365611524,1.0,1.0,-0.05068489040762644,61,128,800,100,2,100,0.0,0,0.3,0.0,0.0,0.5,0.7,1.0,1.0,0.25,1.0,0.25
noise_0.5,1.0248389691768567,0.01900110670945942,1.0,1.0,1.3072380233773948,62,129,800,100,2,100,0.0,0,0.3,0.0,0.0,0.5,0.7,1.0,1.0,0.25,1.0,0.25
noise_0.5,1.0221000413780126,0.018434139592858414,1.0,1.0,1.1988648163744173,63,130,800,100,2,100,0.0,0,0.3,0.0,0.0,0.5,0.7,1.0,1.0,0.25,1.0,0.25
noise_0.5,0.986484687621571,0.018523815292023512,1.0,1.0,-0.7296181788342895,64,131,800,100,2,100,0.0,0,0.3,0.0,0.0,0.5,0.7,1.0,1.0,0.25,1.0,0.25
noise_0.5,1.0515763933912234,0.0177117328726564,1.0,1.0,2.911990247484352,65,132,800,100,2,100,0.0,0,0.3,0.0,0.0,0.5,0.7,1.0,1.0,0.25,1.0,0.25
noise_0.5,0.9999322840878616,0.01886330055721684,1.0,1.0,-0.0035898231029607053,66,133,800,100,2,100,0.0,0,0.3,0.0,0.0,0.5,0.7,1.0,1.0,0.25,1.0,0.25
noise_0.5,0.9995165217215329,0.02027043861570873,1.0,1.0,-0.02385139698419694,67,134,800,100,2,100,0.0,0,0.3,0.0,0.0,0.5,0.7,1.0,1.0,0.25,1.0,0.25
noise_0.5,1.0264119821952464,0.01992194168460995,1.0,1.0,1.3257734920311584,68,135,800,100,2,100,0.0,0,0.3,0.0,0.0,0.5,0.7,1.0,1.0,0.25,1.0,0.25
noise_0.5,0.9881203353307118,0.02043888618407097,1.0,1.0,-0.5812285739203663,69,136,800,100,2,100,0.0,0,0.3,0.0,0.0,0.5,0.7,1.0,1.0,0.25,1.0,0.25
noise_0.5,0.9933437766560747,0.018692949787419772,1.0,1.0,-0.3560820212765426,70,137,800,100,2,100,0.0,0,0.3,0.0,0.0,0.5,0.7,1.0,1.0,0.25,1.0,0.25
noise_0.5,0.9752135796336463,0.018446378794384148,1.0,1.0,-1.3437011482112537,71,138,800,100,2,100,0.0,0,0.3,0.0,0.0,0.5,0.7,1.0,1.0,0.25,1.0,0.25
noise_0.5,0.9872354070711002,0.021819649080258383,1.0,1.0,-0.5850045013074334,72,139,800,100,2,100,0.0,0,0.3,0.0,0.0,0.5,0.7,1.0,1.0,0.25,1.0,0.25
noise_0.5,0.9940686076687765,0.019734893003644154,1.0,1.0,-0.3005535591263791,73,140,800,100,2,100,0.0,0,0.3,0.0,0.0,0.5,0.7,1.0,1.0,0.25,1.0,0.25
noise_0.5,0.9694018915857066,0.018476750080747097,1.0,1.0,-1.6560330296493477,74,141,800,100,2,100,0.0,0,0.3,0.0,0.0,0.5,0.7,1.0,1.0,0.25,1.0,0.25
noise_0.5,1.0180382664074397,0.01953246987238782,1.0,1.0,0.9235015604933585,75,142,800,100,2,100,0.0,0,0.3,0.0,0.0,0.5,0.7,1.0,1.0,0.25,1.0,0.25
noise_0.5,0.9770815422433441,0.019629568460107365,1.0,1.0,-1.1675477126882572,76,143,800,100,2,100,0.0,0,0.3,0.0,0.0,0.5,0.7,1.0,1.0,0.25,1.0,0.25
noise_0.5,0.9945343942478917,0.018807953702436122,1.0,1.0,-0.2906007659621347,77,144,800,100,2,100,0.0,0,0.3,0.0,0.0,0.5,0.7,1.0,1.0,0.25,1.0,0.25
noise_0.5,0.9738990069386105,0.019879154528282827,1.0,1.0,-1.3129830559068594,78,145,800,100,2,100,0.0,0,0.3,0.0,0.0,0.5,0.7,1.0,1.0,0.25,1.0,0.25
noise_0.5,0.9611460284122126,0.018421801027145336,1.0,1.0,-2.109129912462648,79,146,800,100,2,100,0.0,0,0.3,0.0,0.0,0.5,0.7,1.0,1.0,0.25,1.0,0.25
noise_0.5,0.9898617492507441,0.018424278937823793,1.0,1.0,-0.5502658086902253,80,147,800,100,2,100,0.0,0,0.3,0.0,0.0,0.5,0.7,1.0,1.0,0.25,1.0,0.25
noise_0.5,0.9959993995898203,0.018425162943731158,1.0,1.0,-0.21712700302283208,81,148,800,100,2,100,0.0,0,0.3,0.0,0.0,0.5,0.7,1.0,1.0,0.25,1.0,0.25
noise_0.5,0.9613842627167797,0.019846601862667648,1.0,1.0,-1.9457102808042046,82,149,800,100,2,100,0.0,0,0.3,0.0,0.0,0.5,0.7,1.0,1.0,0.25,1.0,0.25
noise_0.5,0.9902111022488364,0.018786071427903558,1.0,1.0,-0.5210721032724215,83,150,800,100,2,100,0.0,0,0.3,0.0,0.0,0.5,0.7,1.0,1.0,0.25,1.0,0.25
noise_0.5,0.9894666025309359,0.01888042252669977,1.0,1.0,-0.5579005159534065,84,151,800,100,2,100,0.0,0,0.3,0.0,0.0,0.5,0.7,1.0,1.0,0.25,1.0,0.25
noise_0.5,0.982988008953039,0.02043135751021849,1.0,1.0,-0.832641249532867,85,152,800,100,2,100,0.0,0,0.3,0.0,0.0,0.5,0.7,1.0,1.0,0.25,1.0,0.25
noise_0.5,0.9858914317789116,0.020922662290076385,1.0,1.0,-0.6743199324007684,86,153,800,100,2,100,0.0,0,0.3,0.0,0.0,0.5,0.7,1.0,1.0,0.25,1.0,0.25
noise_0.5,0.9995481564539911,0.019679891895503537,1.0,1.0,-0.022959655896897954,87,154,800,100,2,100,0.0,0,0.3,0.0,0.0,0.5,0.7,1.0,1.0,0.25,1.0,0.25
noise_0.5,0.986036455245021,0.019759369249141897,1.0,1.0,-0.7066796808600238,88,155,800,100,2,100,0.0,0,0.3,0.0,0.0,0.5,0.7,1.0,1.0,0.25,1.0,0.25
noise_0.5,0.9937946988651568,0.019525902901183525,1.0,1.0,-0.31779842224182453,89,156,800,100,2,100,0.0,0,0.3,0.0,0.0,0.5,0.7,1.0,1.0,0.25,1.0,0.25
noise_0.5,0.9815435045239741,0.018932339198069765,1.0,1.0,-0.9748660893371075,90,157,800,100,2,100,0.0,0,0.3,0.0,0.0,0.5,0.7,1.0,1.0,0.25,1.0,0.25
noise_0.5,1.0202072359372405,0.020809478623539872,1.0,1.0,0.9710592131021432,91,158,800,100,2,100,0.0,0,0.3,0.0,0.0,0.5,0.7,1.0,1.0,0.25,1.0,0.25
noise_0.5,0.9715305613222881,0.01933664254882278,1.0,1.0,-1.472305163930598,92,159,800,100,2,100,0.0,0,0.3,0.0,0.0,0.5,0.7,1.0,1.0,0.25,1.0,0.25
noise_0.5,0.978716960001922,0.019608137403237354,1.0,1.0,-1.0854187504094157,93,160,800,100,2,100,0.0,0,0.3,0.0,0.0,0.5,0.7,1.0,1.0,0.25,1.0,0.25
noise_0.5,0.9973643772456882,0.019670364425103108,1.0,1.0,-0.13398952339430406,94,161,800,100,2,100,0.0,0,0.3,0.0,0.0,0.5,0.7,1.0,1.0,0.25,1.0,0.25
noise_0.5,1.003516251370694,0.01876047487965587,1.0,1.0,0.18742869747433547,95,162,800,100,2,100,0.0,0,0.3,0.0,0.0,0.5,0.7,1.0,1.0,0.25,1.0,0.25
noise_0.5,0.9806199082194846,0.020015607423351057,1.0,1.0,-0.9682489954267252,96,163,800,100,2,100,0.0,0,0.3,0.0,0.0,0.5,0.7,1.0,1.0,0.25,1.0,0.25
noise_0.5,0.9962475494046645,0.01913450104659867,1.0,1.0,-0.19610914265269005,97,164,800,100,2,100,0.0,0,0.3,0.0,0.0,0.5,0.7,1.0,1.0,0.25,1.0,0.25
noise_0.5,0.9896788636011946,0.019486576177970266,1.0,1.0,-0.5296536602706798,98,165,800,100,2,100,0.0,0,0.3,0.0,0.0,0.5,0.7,1.0,1.0,0.25,1.0,0.25
noise_0.5,0.9592272179985388,0.018878339700875428,1.0,1.0,-2.159765246706015,99,166,800,100,2,100,0.0,0,0.3,0.0,0.0,0.5,0.7,1.0,1.0,0.25,1.0,0.25
noise_1.0,0.9378330958722072,0.03353380453387035,1.0,1.0,-1.8538577710442006,0,68,800,100,2,100,0.0,0,0.3,0.0,0.0,1.0,0.7,1.0,1.0,0.25,1.0,0.25
noise_1.0,1.000847719926383,0.0361527205250977,1.0,1.0,0.0234483024809847,1,69,800,100,2,100,0.0,0,0.3,0.0,0.0,1.0,0.7,1.0,1.0,0.25,1.0,0.25
noise_1.0,0.9505052046793709,0.030622339426397412,1.0,1.0,-1.6162969991104925,2,70,800,100,2,100,0.0,0,0.3,0.0,0.0,1.0,0.7,1.0,1.0,0.25,1.0,0.25
noise_1.0,0.9131622673311252,0.03508918866954325,1.0,1.0,-2.4747717448436863,3,71,800,100,2,100,0.0,0,0.3,0.0,0.0,1.0,0.7,1.0,1.0,0.25,1.0,0.25
noise_1.0,1.0414698107711506,0.037686646524574166,1.0,1.0,1.1003847408951497,4,72,800,100,2,100,0.0,0,0.3,0.0,0.0,1.0,0.7,1.0,1.0,0.25,1.0,0.25
noise_1.0,0.9465939390959557,0.034947958388319524,1.0,1.0,-1.5281596799054777,5,73,800,100,2,100,0.0,0,0.3,0.0,0.0,1.0,0.7,1.0,1.0,0.25,1.0,0.25
noise_1.0,0.9535354831558636,0.035261105732975244,1.0,1.0,-1.317727163634692,6,74,800,100,2,100,0.0,0,0.3,0.0,0.0,1.0,0.7,1.0,1.0,0.25,1.0,0.25
noise_1.0,1.0018307712441932,0.034545137006675955,1.0,1.0,0.05299649683946462,7,75,800,100,2,100,0.0,0,0.3,0.0,0.0,1.0,0.7,1.0,1.0,0.25,1.0,0.25
noise_1.0,0.9642936395313229,0.03477474470091783,1.0,1.0,-1.0267900102724472,8,76,800,100,2,100,0.0,0,0.3,0.0,0.0,1.0,0.7,1.0,1.0,0.25,1.0,0.25
noise_1.0,0.9977332010531981,0.03466654187906654,1.0,1.0,-0.0653886665335587,9,77,800,100,2,100,0.0,0,0.3,0.0,0.0,1.0,0.7,1.0,1.0,0.25,1.0,0.25
noise_1.0,0.9501285087229256,0.03939836987074844,1.0,1.0,-1.2658262623728944,10,78,800,100,2,100,0.0,0,0.3,0.0,0.0,1.0,0.7,1.0,1.0,0.25,1.0,0.25
noise_1.0,0.983774086441126,0.03393917146931149,1.0,1.0,-0.4780880869041205,11,79,800,100,2,100,0.0,0,0.3,0.0,0.0,1.0,0.7,1.0,1.0,0.25,1.0,0.25
noise_1.0,0.9739305907000618,0.032732472311638776,1.0,1.0,-0.7964387490115924,12,80,800,100,2,100,0.0,0,0.3,0.0,0.0,1.0,0.7,1.0,1.0,0.25,1.0,0.25
noise_1.0,1.0045990996133272,0.03606524918333766,1.0,1.0,0.12752163696270735,13,81,800,100,2,100,0.0,0,0.3,0.0,0.0,1.0,0.7,1.0,1.0,0.25,1.0,0.25
noise_1.0,1.024437460934005,0.03576271354377119,1.0,1.0,0.6833223352611422,14,82,800,100,2,100,0.0,0,0.3,0.0,0.0,1.0,0.7,1.0,1.0,0.25,1.0,0.25
noise_1.0,0.9798289341303515,0.03731175058459042,1.0,1.0,-0.540608938299963,15,83,800,100,2,100,0.0,0,0.3,0.0,0.0,1.0,0.7,1.0,1.0,0.25,1.0,0.25
noise_1.0,0.9664854267152142,0.0362800454673193,1.0,1.0,-0.9237742911589069,16,84,800,100,2,100,0.0,0,0.3,0.0,0.0,1.0,0.7,1.0,1.0,0.25,1.0,0.25
noise_1.0,0.9669060358897897,0.03638457635806696,1.0,1.0,-0.9095602429042128,17,85,800,100,2,100,0.0,0,0.3,0.0,0.0,1.0,0.7,1.0,1.0,0.25,1.0,0.25
noise_1.0,1.0098447661759804,0.03335871963555931,1.0,1.0,0.29511822646472924,18,86,800,100,2,100,0.0,0,0.3,0.0,0.0,1.0,0.7,1.0,1.0,0.25,1.0,0.25
noise_1.0,1.03191395606877,0.033323402538433494,1.0,1.0,0.9577040049245301,19,87,800,100,2,100,0.0,0,0.3,0.0,0.0,1.0,0.7,1.0,1.0,0.25,1.0,0.25
noise_1.0,1.0156858138703186,0.03521666627505864,1.0,1.0,0.4454088228512346,20,88,800,100,2,100,0.0,0,0.3,0.0,0.0,1.0,0.7,1.0,1.0,0.25,1.0,0.25
noise_1.0,0.9433489363869576,0.03518456591937747,1.0,1.0,-1.6101111988379686,21,89,800,100,2,100,0.0,0,0.3,0.0,0.0,1.0,0.7,1.0,1.0,0.25,1.0,0.25
noise_1.0,0.9921448955765109,0.03381405624074917,1.0,1.0,-0.23230293247170336,22,90,800,100,2,100,0.0,0,0.3,0.0,0.0,1.0,0.7,1.0,1.0,0.25,1.0,0.25
noise_1.0,1.0125024200329604,0.03630888965198165,1.0,1.0,0.34433495909115674,23,91,800,100,2,100,0.0,0,0.3,0.0,0.0,1.0,0.7,1.0,1.0,0.25,1.0,0.25
noise_1.0,0.9984975690773229,0.032877641878572325,1.0,1.0,-0.04569764851828667,24,92,800,100,2,100,0.0,0,0.3,0.0,0.0,1.0,0.7,1.0,1.0,0.25,1.0,0.25
noise_1.0,1.0178465352567563,0.03596541595996448,1.0,1.0,0.4962137870620615,25,93,800,100,2,100,0.0,0,0.3,0.0,0.0,1.0,0.7,1.0,1.0,0.25,1.0,0.25
noise_1.0,0.9985829420095391,0.034992664696079145,1.0,1.0,-0.0404958582825405,26,94,800,100,2,100,0.0,0,0.3,0.0,0.0,1.0,0.7,1.0,1.0,0.25,1.0,0.25
noise_1.0,0.9930980952284197,0.03448793092346779,1.0,1.0,-0.2001252202370819,27,95,800,100,2,100,0.0,0,0.3,0.0,0.0,1.0,0.7,1.0,1.0,0.25,1.0,0.25
noise_1.0,0.955339243628743,0.03344658745454256,1.0,1.0,-1.3352858922290851,28,96,800,100,2,100,0.0,0,0.3,0.0,0.0,1.0,0.7,1.0,1.0,0.25,1.0,0.25
noise_1.0,0.9418905467536651,0.03871182520704057,1.0,1.0,-1.501077588967994,29,97,800,100,2,100,0.0,0,0.3,0.0,0.0,1.0,0.7,1.0,1.0,0.25,1.0,0.25
noise_1.0,0.9737570106044039,0.033521511031662246,1.0,1.0,-0.7828701209443893,30,98,800,100,2,100,0.0,0,0.3,0.0,0.0,1.0,0.7,1.0,1.0,0.25,1.0,0.25
noise_1.0,0.9650158528857176,0.03528030783491131,1.0,1.0,-0.9916054949969623,31,99,800,100,2,100,0.0,0,0.3,0.0,0.0,1.0,0.7,1.0,1.0,0.25,1.0,0.25
noise_1.0,0.9235609089728932,0.03497266131360411,1.0,1.0,-2.1856812766311418,32,100,800,100,2,100,0.0,0,0.3,0.0,0.0,1.0,0.7,1.0,1.0,0.25,1.0,0.25
noise_1.0,1.0109397288223712,0.03546749756491809,1.0,1.0,0.30844377453885974,33,101,800,100,2,100,0.0,0,0.3,0.0,0.0,1.0,0.7,1.0,1.0,0.25,1.0,0.25
noise_1.0,0.9217905163893971,0.03563779015747311,1.0,1.0,-2.194566028505632,34,102,800,100,2,100,0.0,0,0.3,0.0,0.0,1.0,0.7,1.0,1.0,0.25,1.0,0.25
noise_1.0,0.9461720270935077,0.03515126418142712,1.0,1.0,-1.5313239554819034,35,103,800,100,2,100,0.0,0,0.3,0.0,0.0,1.0,0.7,1.0,1.0,0.25,1.0,0.25
noise_1.0,0.9329593701003068,0.0357611345079646,1.0,1.0,-1.8746784972597026,36,104,800,100,2,100,0.0,0,0.3,0.0,0.0,1.0,0.7,1.0,1.0,0.25,1.0,0.25
noise_1.0,1.013570687426739,0.033728303611559804,1.0,1.0,0.4023530973579064,37,105,800,100,2,100,0.0,0,0.3,0.0,0.0,1.0,0.7,1.0,1.0,0.25,1.0,0.25
noise_1.0,1.0011102438815986,0.03557891830005578,1.0,1.0,0.031205105007278917,38,106,800,100,2,100,0.0,0,0.3,0.0,0.0,1.0,0.7,1.0,1.0,0.25,1.0,0.25
noise_1.0,1.0402894099226754,0.03728795192575423,1.0,1.0,1.0804940427647378,39,107,800,100,2,100,0.0,0,0.3,0.0,0.0,1.0,0.7,1.0,1.0,0.25,1.0,0.25
noise_1.0,0.9742538464971242,0.03636085653635173,1.0,1.0,-0.7080733501735884,40,108,800,100,2,100,0.0,0,0.3,0.0,0.0,1.0,0.7,1.0,1.0,0.25,1.0,0.25
noise_1.0,0.9797418156372214,0.033536137627829594,1.0,1.0,-0.6040702894172156,41,109,800,100,2,100,0.0,0,0.3,0.0,0.0,1.0,0.7,1.0,1.0,0.25,1.0,0.25
noise_1.0,0.9524749201007919,0.03398447922741455,1.0,1.0,-1.3984348437762908,42,110,800,100,2,100,0.0,0,0.3,0.0,0.0,1.0,0.7,1.0,1.0,0.25,1.0,0.25
noise_1.0,0.9828027166077499,0.03575373818669623,1.0,1.0,-0.4809925972621555,43,111,800,100,2,100,0.0,0,0.3,0.0,0.0,1.0,0.7,1.0,1.0,0.25,1.0,0.25
noise_1.0,1.0102481625210062,0.037533028500316645,1.0,1.0,0.2730438477918132,44,112,800,100,2,100,0.0,0,0.3,0.0,0.0,1.0,0.7,1.0,1.0,0.25,1.0,0.25
noise_1.0,1.0740637246765476,0.035589044322426384,1.0,1.0,2.081082144424893,45,113,800,100,2,100,0.0,0,0.3,0.0,0.0,1.0,0.7,1.0,1.0,0.25,1.0,0.25
noise_1.0,1.008334628853436,0.033352377899730994,1.0,1.0,0.24989609072231334,46,114,800,100,2,100,0.0,0,0.3,0.0,0.0,1.0,0.7,1.0,1.0,0.25,1.0,0.25
noise_1.0,0.9750491943067956,0.03640144649773161,1.0,1.0,-0.6854344564235719,47,115,800,100,2,100,0.0,0,0.3,0.0,0.0,1.0,0.7,1.0,1.0,0.25,1.0,0.25
noise_1.0,0.9742116286749346,0.03603949706634728,1.0,1.0,-0.715558579454925,48,116,800,100,2,100,0.0,0,0.3,0.0,0.0,1.0,0.7,1.0,1.0,0.25,1.0,0.25
noise_1.0,1.0061787775429243,0.03505720125617172,1.0,1.0,0.17624845456927424,49,117,800,100,2,100,0.0,0,0.3,0.0,0.0,1.0,0.7,1.0,1.0,0.25,1.0,0.25
noise_1.0,0.9278860862758864,0.03526602416809208,1.0,1.0,-2.0448552232706927,50,118,800,100,2,100,0.0,0,0.3,0.0,0.0,1.0,0.7,1.0,1.0,0.25,1.0,0.25
noise_1.0,0.9240679844771681,0.03668830990200675,1.0,1.0,-2.0696514973200943,51,119,800,100,2,100,0.0,0,0.3,0.0,0.0,1.0,0.7,1.0,1.0,0.25,1.0,0.25
noise_1.0,0.9468139062275996,0.035530806759208076,1.0,1.0,-1.4969008199797427,52,120,800,100,2,100,0.0,0,0.3,0.0,0.0,1.0,0.7,1.0,1.0,0.25,1.0,0.25
noise_1.0,1.0446142554198612,0.03615772947585606,1.0,1.0,1.2338787879269877,53,121,800,100,2,100,0.0,0,0.3,0.0,0.0,1.0,0.7,1.0,1.0,0.25,1.0,0.25
noise_1.0,0.9923026740999643,0.03817519710579092,1.0,1.0,-0.20163159547558845,54,122,800,100,2,100,0.0,0,0.3,0.0,0.0,1.0,0.7,1.0,1.0,0.25,1.0,0.25
noise_1.0,1.0105867904369648,0.03669775940692707,1.0,1.0,0.28848601680478597,55,123,800,100,2,100,0.0,0,0.3,0.0,0.0,1.0,0.7,1.0,1.0,0.25,1.0,0.25
noise_1.0,0.9032263271890236,0.03431023933701833,1.0,1.0,-2.820547879611099,56,124,800,100,2,100,0.0,0,0.3,0.0,0.0,1.0,0.7,1.0,1.0,0.25,1.0,0.25
noise_1.0,0.9896401722357948,0.0343274969794595,1.0,1.0,-0.3017938584454376,57,125,800,100,2,100,0.0,0,0.3,0.0,0.0,1.0,0.7,1.0,1.0,0.25,1.0,0.25
noise_1.0,0.9222515152769268,0.03862389052827475,1.0,1.0,-2.0129635740904224,58,126,800,100,2,100,0.0,0,0.3,0.0,0.0,1.0,0.7,1.0,1.0,0.25,1.0,0.25
noise_1.0,1.0084349292992147,0.03518618426653953,1.0,1.0,0.23972276264226755,59,127,800,100,2,100,0.0,0,0.3,0.0,0.0,1.0,0.7,1.0,1.0,0.25,1.0,0.25
noise_1.0,1.006432267330781,0.03643137608274276,1.0,1.0,0.17655845104977994,60,128,800,100,2,100,0.0,0,0.3,0.0,0.0,1.0,0.7,1.0,1.0,0.25,1.0,0.25
noise_1.0,1.0530619722199492,0.036015226143463606,1.0,1.0,1.4733205341702247,61,129,800,100,2,100,0.0,0,0.3,0.0,0.0,1.0,0.7,1.0,1.0,0.25,1.0,0.25
noise_1.0,1.0271585690511935,0.03458635875486442,1.0,1.0,0.7852393263969651,62,130,800,100,2,100,0.0,0,0.3,0.0,0.0,1.0,0.7,1.0,1.0,0.25,1.0,0.25
noise_1.0,0.9636561167762592,0.0348460654123085,1.0,1.0,-1.0429838431888858,63,131,800,100,2,100,0.0,0,0.3,0.0,0.0,1.0,0.7,1.0,1.0,0.25,1.0,0.25
noise_1.0,1.0817419349070319,0.03371364906069154,1.0,1.0,2.424594702278578,64,132,800,100,2,100,0.0,0,0.3,0.0,0.0,1.0,0.7,1.0,1.0,0.25,1.0,0.25
noise_1.0,0.99299908980227,0.03482915817714717,1.0,1.0,-0.20100716078528572,65,133,800,100,2,100,0.0,0,0.3,0.0,0.0,1.0,0.7,1.0,1.0,0.25,1.0,0.25
noise_1.0,0.9930712379750655,0.039136481881547634,1.0,1.0,-0.1770410034786841,66,134,800,100,2,100,0.0,0,0.3,0.0,0.0,1.0,0.7,1.0,1.0,0.25,1.0,0.25
noise_1.0,1.0388256386124068,0.03841549376378511,1.0,1.0,1.010676547622782,67,135,800,100,2,100,0.0,0,0.3,0.0,0.0,1.0,0.7,1.0,1.0,0.25,1.0,0.25
noise_1.0,0.9721686301866067,0.038078379578305246,1.0,1.0,-0.7308969058454872,68,136,800,100,2,100,0.0,0,0.3,0.0,0.0,1.0,0.7,1.0,1.0,0.25,1.0,0.25
noise_1.0,1.008989023403706,0.03500815322525627,1.0,1.0,0.2567694258496606,69,137,800,100,2,100,0.0,0,0.3,0.0,0.0,1.0,0.7,1.0,1.0,0.25,1.0,0.25
noise_1.0,0.9512981561868856,0.03542213140657919,1.0,1.0,-1.3748987392686556,70,138,800,100,2,100,0.0,0,0.3,0.0,0.0,1.0,0.7,1.0,1.0,0.25,1.0,0.25
noise_1.0,0.9645512199686654,0.04008523847713183,1.0,1.0,-0.884335016531277,71,139,800,100,2,100,0.0,0,0.3,0.0,0.0,1.0,0.7,1.0,1.0,0.25,1.0,0.25
noise_1.0,0.9953721270666259,0.03630290122865793,1.0,1.0,-0.12747942386821637,72,140,800,100,2,100,0.0,0,0.3,0.0,0.0,1.0,0.7,1.0,1.0,0.25,1.0,0.25
noise_1.0,0.924568837793044,0.03460323163576879,1.0,1.0,-2.1798877920114275,73,141,800,100,2,100,0.0,0,0.3,0.0,0.0,1.0,0.7,1.0,1.0,0.25,1.0,0.25
noise_1.0,1.0511713210942444,0.037356508157255684,1.0,1.0,1.3698100710814287,74,142,800,100,2,100,0.0,0,0.3,0.0,0.0,1.0,0.7,1.0,1.0,0.25,1.0,0.25
noise_1.0,0.9546015571187773,0.03703601505489201,1.0,1.0,-1.2257917817005033,75,143,800,100,2,100,0.0,0,0.3,0.0,0.0,1.0,0.7,1.0,1.0,0.25,1.0,0.25
noise_1.0,1.0003194295223168,0.0359977888132981,1.0,1.0,0.00887358731875168,76,144,800,100,2,100,0.0,0,0.3,0.0,0.0,1.0,0.7,1.0,1.0,0.25,1.0,0.25
noise_1.0,0.9749255753917007,0.03714230941524494,1.0,1.0,-0.6750906177634615,77,145,800,100,2,100,0.0,0,0.3,0.0,0.0,1.0,0.7,1.0,1.0,0.25,1.0,0.25
noise_1.0,0.9309865837093753,0.0342710617939022,1.0,1.0,-2.01375191424341,78,146,800,100,2,100,0.0,0,0.3,0.0,0.0,1.0,0.7,1.0,1.0,0.25,1.0,0.25
noise_1.0,0.975409377336532,0.03473262646382732,1.0,1.0,-0.7079977867230451,79,147,800,100,2,100,0.0,0,0.3,0.0,0.0,1.0,0.7,1.0,1.0,0.25,1.0,0.25
noise_1.0,1.0083202266744795,0.03567756975888661,1.0,1.0,0.23320609365235986,80,148,800,100,2,100,0.0,0,0.3,0.0,0.0,1.0,0.7,1.0,1.0,0.25,1.0,0.25
noise_1.0,0.9455615787336243,0.03728756079200316,1.0,1.0,-1.459961984910816,81,149,800,100,2,100,0.0,0,0.3,0.0,0.0,1.0,0.7,1.0,1.0,0.25,1.0,0.25
noise_1.0,0.9787854838943505,0.03543061875190885,1.0,1.0,-0.5987622246790866,82,150,800,100,2,100,0.0,0,0.3,0.0,0.0,1.0,0.7,1.0,1.0,0.25,1.0,0.25
noise_1.0,0.9779033141529427,0.03523863502344791,1.0,1.0,-0.6270585064476547,83,151,800,100,2,100,0.0,0,0.3,0.0,0.0,1.0,0.7,1.0,1.0,0.25,1.0,0.25
noise_1.0,0.9788256418052064,0.03836674176313651,1.0,1.0,-0.5518935729678863,84,152,800,100,2,100,0.0,0,0.3,0.0,0.0,1.0,0.7,1.0,1.0,0.25,1.0,0.25
noise_1.0,0.9869369678357153,0.03903419893400213,1.0,1.0,-0.33465608417816683,85,153,800,100,2,100,0.0,0,0.3,0.0,0.0,1.0,0.7,1.0,1.0,0.25,1.0,0.25
noise_1.0,1.0087668740285778,0.03766479395246676,1.0,1.0,0.23276044041663005,86,154,800,100,2,100,0.0,0,0.3,0.0,0.0,1.0,0.7,1.0,1.0,0.25,1.0,0.25
noise_1.0,0.9666875175949095,0.03778557467356626,1.0,1.0,-0.8816190488799165,87,155,800,100,2,100,0.0,0,0.3,0.0,0.0,1.0,0.7,1.0,1.0,0.25,1.0,0.25
noise_1.0,0.978088545898941,0.037398618374564534,1.0,1.0,-0.5858894005550045,88,156,800,100,2,100,0.0,0,0.3,0.0,0.0,1.0,0.7,1.0,1.0,0.25,1.0,0.25
noise_1.0,0.960348090603947,0.034939268638624996,1.0,1.0,-1.1348809216978926,89,157,800,100,2,100,0.0,0,0.3,0.0,0.0,1.0,0.7,1.0,1.0,0.25,1.0,0.25
noise_1.0,1.0287908547301492,0.03927220593211167,1.0,1.0,0.7331101996134065,90,158,800,100,2,100,0.0,0,0.3,0.0,0.0,1.0,0.7,1.0,1.0,0.25,1.0,0.25
noise_1.0,0.9589861004819699,0.037327632325738574,1.0,1.0,-1.0987543801365018,91,159,800,100,2,100,0.0,0,0.3,0.0,0.0,1.0,0.7,1.0,1.0,0.25,1.0,0.25
noise_1.0,0.9629392970667531,0.0370699834054262,1.0,1.0,-0.9997496499505334,92,160,800,100,2,100,0.0,0,0.3,0.0,0.0,1.0,0.7,1.0,1.0,0.25,1.0,0.25
noise_1.0,1.000034073326692,0.03744463207714728,1.0,1.0,0.0009099655892390056,93,161,800,100,2,100,0.0,0,0.3,0.0,0.0,1.0,0.7,1.0,1.0,0.25,1.0,0.25
noise_1.0,1.0317808626178722,0.03485610706690682,1.0,1.0,0.9117731523164169,94,162,800,100,2,100,0.0,0,0.3,0.0,0.0,1.0,0.7,1.0,1.0,0.25,1.0,0.25
noise_1.0,0.9494836366460243,0.038192236166833926,1.0,1.0,-1.32268671395167,95,163,800,100,2,100,0.0,0,0.3,0.0,0.0,1.0,0.7,1.0,1.0,0.25,1.0,0.25
noise_1.0,0.9990170590189006,0.0362128188617757,1.0,1.0,-0.027143453947931988,96,164,800,100,2,100,0.0,0,0.3,0.0,0.0,1.0,0.7,1.0,1.0,0.25,1.0,0.25
noise_1.0,0.9899267905543829,0.03675241959638291,1.0,1.0,-0.27408289185424006,97,165,800,100,2,100,0.0,0,0.3,0.0,0.0,1.0,0.7,1.0,1.0,0.25,1.0,0.25
noise_1.0,0.9529056675022551,0.035681536018892304,1.0,1.0,-1.319851602599446,98,166,800,100,2,100,0.0,0,0.3,0.0,0.0,1.0,0.7,1.0,1.0,0.25,1.0,0.25
noise_1.0,0.982232690283651,0.0332144686994231,1.0,1.0,-0.5349268078660426,99,167,800,100,2,100,0.0,0,0.3,0.0,0.0,1.0,0.7,1.0,1.0,0.25,1.0,0.25
noise_2.0,1.0035853861142985,0.07079819606309051,1.0,1.0,0.05064233714519269,0,69,800,100,2,100,0.0,0,0.3,0.0,0.0,2.0,0.7,1.0,1.0,0.25,1.0,0.25
noise_2.0,0.8988244016018047,0.059958603964796804,1.0,1.0,-1.6874241844856506,1,70,800,100,2,100,0.0,0,0.3,0.0,0.0,2.0,0.7,1.0,1.0,0.25,1.0,0.25
noise_2.0,0.8414468094674986,0.0694609471618239,1.0,1.0,-2.2826235030040456,2,71,800,100,2,100,0.0,0,0.3,0.0,0.0,2.0,0.7,1.0,1.0,0.25,1.0,0.25
noise_2.0,1.0398642278788857,0.07481633365277898,1.0,1.0,0.5328278723720237,3,72,800,100,2,100,0.0,0,0.3,0.0,0.0,2.0,0.7,1.0,1.0,0.25,1.0,0.25
noise_2.0,0.9139435794289159,0.07026755886096096,1.0,1.0,-1.224696317419603,4,73,800,100,2,100,0.0,0,0.3,0.0,0.0,2.0,0.7,1.0,1.0,0.25,1.0,0.25
noise_2.0,0.8883719682601707,0.06794698548122023,1.0,1.0,-1.6428695246631946,5,74,800,100,2,100,0.0,0,0.3,0.0,0.0,2.0,0.7,1.0,1.0,0.25,1.0,0.25
noise_2.0,0.984943773492859,0.06851582189919082,1.0,1.0,-0.21974817041958036,6,75,800,100,2,100,0.0,0,0.3,0.0,0.0,2.0,0.7,1.0,1.0,0.25,1.0,0.25
noise_2.0,0.9377571379048805,0.0687444435126928,1.0,1.0,-0.9054238992221557,7,76,800,100,2,100,0.0,0,0.3,0.0,0.0,2.0,0.7,1.0,1.0,0.25,1.0,0.25
noise_2.0,1.0101828178734285,0.06822887029792771,1.0,1.0,0.14924500184400283,8,77,800,100,2,100,0.0,0,0.3,0.0,0.0,2.0,0.7,1.0,1.0,0.25,1.0,0.25
noise_2.0,0.9246235155142002,0.07763360551346099,1.0,1.0,-0.9709259796355869,9,78,800,100,2,100,0.0,0,0.3,0.0,0.0,2.0,0.7,1.0,1.0,0.25,1.0,0.25
noise_2.0,0.9891469378600294,0.06694415908029329,1.0,1.0,-0.16212112138048335,10,79,800,100,2,100,0.0,0,0.3,0.0,0.0,2.0,0.7,1.0,1.0,0.25,1.0,0.25
noise_2.0,0.9666877906778163,0.06321593172046265,1.0,1.0,-0.5269590816044356,11,80,800,100,2,100,0.0,0,0.3,0.0,0.0,2.0,0.7,1.0,1.0,0.25,1.0,0.25
noise_2.0,1.0172471264892342,0.0710306504765304,1.0,1.0,0.24281245312448493,12,81,800,100,2,100,0.0,0,0.3,0.0,0.0,2.0,0.7,1.0,1.0,0.25,1.0,0.25
noise_2.0,1.040153017953362,0.07029762194267423,1.0,1.0,0.5711860066348431,13,82,800,100,2,100,0.0,0,0.3,0.0,0.0,2.0,0.7,1.0,1.0,0.25,1.0,0.25
noise_2.0,0.9788754984778314,0.06993530948701153,1.0,1.0,-0.3020577398902034,14,83,800,100,2,100,0.0,0,0.3,0.0,0.0,2.0,0.7,1.0,1.0,0.25,1.0,0.25
noise_2.0,0.9350750390754481,0.07019599067013232,1.0,1.0,-0.9249098175656465,15,84,800,100,2,100,0.0,0,0.3,0.0,0.0,2.0,0.7,1.0,1.0,0.25,1.0,0.25
noise_2.0,0.9195852348969352,0.0714664448880347,1.0,1.0,-1.125210093059047,16,85,800,100,2,100,0.0,0,0.3,0.0,0.0,2.0,0.7,1.0,1.0,0.25,1.0,0.25
noise_2.0,1.0233119331471452,0.06688573654717957,1.0,1.0,0.34853369867133815,17,86,800,100,2,100,0.0,0,0.3,0.0,0.0,2.0,0.7,1.0,1.0,0.25,1.0,0.25
noise_2.0,1.078498258531287,0.06523764899065268,1.0,1.0,1.2032662081758083,18,87,800,100,2,100,0.0,0,0.3,0.0,0.0,2.0,0.7,1.0,1.0,0.25,1.0,0.25
noise_2.0,1.0230739402975695,0.0675426512633383,1.0,1.0,0.3416202927481744,19,88,800,100,2,100,0.0,0,0.3,0.0,0.0,2.0,0.7,1.0,1.0,0.25,1.0,0.25
noise_2.0,0.891862522075601,0.06996902458954724,1.0,1.0,-1.5455050082340833,20,89,800,100,2,100,0.0,0,0.3,0.0,0.0,2.0,0.7,1.0,1.0,0.25,1.0,0.25
noise_2.0,0.983012566636995,0.0671228599419246,1.0,1.0,-0.25307970157562887,21,90,800,100,2,100,0.0,0,0.3,0.0,0.0,2.0,0.7,1.0,1.0,0.25,1.0,0.25
noise_2.0,1.0547964933741636,0.07096750337545618,1.0,1.0,0.7721350021891109,22,91,800,100,2,100,0.0,0,0.3,0.0,0.0,2.0,0.7,1.0,1.0,0.25,1.0,0.25
noise_2.0,1.0033994403367303,0.06402706378857528,1.0,1.0,0.05309380339469703,23,92,800,100,2,100,0.0,0,0.3,0.0,0.0,2.0,0.7,1.0,1.0,0.25,1.0,0.25
noise_2.0,1.0285668643652957,0.07118276636833004,1.0,1.0,0.4013171420941762,24,93,800,100,2,100,0.0,0,0.3,0.0,0.0,2.0,0.7,1.0,1.0,0.25,1.0,0.25
noise_2.0,1.002873246914435,0.06746006104298033,1.0,1.0,0.04259182203532862,25,94,800,100,2,100,0.0,0,0.3,0.0,0.0,2.0,0.7,1.0,1.0,0.25,1.0,0.25
noise_2.0,0.9698864033222176,0.06881026719813209,1.0,1.0,-0.43763231715222595,26,95,800,100,2,100,0.0,0,0.3,0.0,0.0,2.0,0.7,1.0,1.0,0.25,1.0,0.25
noise_2.0,0.9193073782427301,0.06571033618242068,1.0,1.0,-1.2280050056851994,27,96,800,100,2,100,0.0,0,0.3,0.0,0.0,2.0,0.7,1.0,1.0,0.25,1.0,0.25
noise_2.0,0.8867159822658583,0.07690603784430348,1.0,1.0,-1.473018515964709,28,97,800,100,2,100,0.0,0,0.3,0.0,0.0,2.0,0.7,1.0,1.0,0.25,1.0,0.25
noise_2.0,0.9365053097465786,0.06586555822544936,1.0,1.0,-0.9640044351569477,29,98,800,100,2,100,0.0,0,0.3,0.0,0.0,2.0,0.7,1.0,1.0,0.25,1.0,0.25
noise_2.0,0.9402390989350932,0.06866478933151883,1.0,1.0,-0.8703281790668089,30,99,800,100,2,100,0.0,0,0.3,0.0,0.0,2.0,0.7,1.0,1.0,0.25,1.0,0.25
noise_2.0,0.8933639474283587,0.06952218762590691,1.0,1.0,-1.5338420181114125,31,100,800,100,2,100,0.0,0,0.3,0.0,0.0,2.0,0.7,1.0,1.0,0.25,1.0,0.25
noise_2.0,1.052364537487449,0.07245064619153756,1.0,1.0,0.7227614968265859,32,101,800,100,2,100,0.0,0,0.3,0.0,0.0,2.0,0.7,1.0,1.0,0.25,1.0,0.25
noise_2.0,0.8596195247519369,0.07076594660044057,1.0,1.0,-1.9837292086359106,33,102,800,100,2,100,0.0,0,0.3,0.0,0.0,2.0,0.7,1.0,1.0,0.25,1.0,0.25
noise_2.0,0.8871183903411364,0.06948708317833774,1.0,1.0,-1.6244977411003765,34,103,800,100,2,100,0.0,0,0.3,0.0,0.0,2.0,0.7,1.0,1.0,0.25,1.0,0.25
noise_2.0,0.8932285172055093,0.07000055757614404,1.0,1.0,-1.5252947475218117,35,104,800,100,2,100,0.0,0,0.3,0.0,0.0,2.0,0.7,1.0,1.0,0.25,1.0,0.25
noise_2.0,0.9942760727666444,0.06521788580503574,1.0,1.0,-0.0877662187711336,36,105,800,100,2,100,0.0,0,0.3,0.0,0.0,2.0,0.7,1.0,1.0,0.25,1.0,0.25
noise_2.0,1.0123912585985522,0.0704090570150738,1.0,1.0,0.17598955480825906,37,106,800,100,2,100,0.0,0,0.3,0.0,0.0,2.0,0.7,1.0,1.0,0.25,1.0,0.25
noise_2.0,1.0880791440572897,0.07324028798832506,1.0,1.0,1.2026051026906122,38,107,800,100,2,100,0.0,0,0.3,0.0,0.0,2.0,0.7,1.0,1.0,0.25,1.0,0.25
noise_2.0,0.9643499633453508,0.07048983518469096,1.0,1.0,-0.5057471983193355,39,108,800,100,2,100,0.0,0,0.3,0.0,0.0,2.0,0.7,1.0,1.0,0.25,1.0,0.25
noise_2.0,0.9732665356313158,0.06591459983738358,1.0,1.0,-0.4055772838587764,40,109,800,100,2,100,0.0,0,0.3,0.0,0.0,2.0,0.7,1.0,1.0,0.25,1.0,0.25
noise_2.0,0.9017144864307545,0.06622774668452679,1.0,1.0,-1.48405341400825,41,110,800,100,2,100,0.0,0,0.3,0.0,0.0,2.0,0.7,1.0,1.0,0.25,1.0,0.25
noise_2.0,0.9746157456531381,0.07184314615214425,1.0,1.0,-0.3533288240621439,42,111,800,100,2,100,0.0,0,0.3,0.0,0.0,2.0,0.7,1.0,1.0,0.25,1.0,0.25
noise_2.0,1.069723948905979,0.07183698776302835,1.0,1.0,0.9705856422596725,43,112,800,100,2,100,0.0,0,0.3,0.0,0.0,2.0,0.7,1.0,1.0,0.25,1.0,0.25
noise_2.0,1.1475119154252447,0.06840845805061826,1.0,1.0,2.1563403068681137,44,113,800,100,2,100,0.0,0,0.3,0.0,0.0,2.0,0.7,1.0,1.0,0.25,1.0,0.25
noise_2.0,0.9822185373618987,0.06491635910556746,1.0,1.0,-0.27391343080694,45,114,800,100,2,100,0.0,0,0.3,0.0,0.0,2.0,0.7,1.0,1.0,0.25,1.0,0.25
noise_2.0,0.9332326176438596,0.07134400652968631,1.0,1.0,-0.9358513153919729,46,115,800,100,2,100,0.0,0,0.3,0.0,0.0,2.0,0.7,1.0,1.0,0.25,1.0,0.25
noise_2.0,0.9420375247967266,0.07071301513890291,1.0,1.0,-0.8196860944115673,47,116,800,100,2,100,0.0,0,0.3,0.0,0.0,2.0,0.7,1.0,1.0,0.25,1.0,0.25
noise_2.0,0.9991364700028827,0.06819993451706885,1.0,1.0,-0.012661742320311616,48,117,800,100,2,100,0.0,0,0.3,0.0,0.0,2.0,0.7,1.0,1.0,0.25,1.0,0.25
noise_2.0,0.860719696018414,0.06813950373804448,1.0,1.0,-2.044046351101047,49,118,800,100,2,100,0.0,0,0.3,0.0,0.0,2.0,0.7,1.0,1.0,0.25,1.0,0.25
noise_2.0,0.8830420193726823,0.0717099945117171,1.0,1.0,-1.6309857701663502,50,119,800,100,2,100,0.0,0,0.3,0.0,0.0,2.0,0.7,1.0,1.0,0.25,1.0,0.25
noise_2.0,0.908329126686696,0.07020013433223363,1.0,1.0,-1.305850397371843,51,120,800,100,2,100,0.0,0,0.3,0.0,0.0,2.0,0.7,1.0,1.0,0.25,1.0,0.25
noise_2.0,1.1003935679625438,0.07140113135391976,1.0,1.0,1.4060501011519682,52,121,800,100,2,100,0.0,0,0.3,0.0,0.0,2.0,0.7,1.0,1.0,0.25,1.0,0.25
noise_2.0,0.9903556457880396,0.07499653104119704,1.0,1.0,-0.12859733747768395,53,122,800,100,2,100,0.0,0,0.3,0.0,0.0,2.0,0.7,1.0,1.0,0.25,1.0,0.25
noise_2.0,1.039803931333644,0.07210600561800698,1.0,1.0,0.5520196409784737,54,123,800,100,2,100,0.0,0,0.3,0.0,0.0,2.0,0.7,1.0,1.0,0.25,1.0,0.25
noise_2.0,0.8264851768215672,0.06763155696821795,1.0,1.0,-2.565589658980829,55,124,800,100,2,100,0.0,0,0.3,0.0,0.0,2.0,0.7,1.0,1.0,0.25,1.0,0.25
noise_2.0,0.9685231670767069,0.06699837635641834,1.0,1.0,-0.4698148617190726,56,125,800,100,2,100,0.0,0,0.3,0.0,0.0,2.0,0.7,1.0,1.0,0.25,1.0,0.25
noise_2.0,0.860462205885155,0.07660915681708454,1.0,1.0,-1.821424486475053,57,126,800,100,2,100,0.0,0,0.3,0.0,0.0,2.0,0.7,1.0,1.0,0.25,1.0,0.25
noise_2.0,1.0226160996495637,0.0704814919503553,1.0,1.0,0.3208799788956464,58,127,800,100,2,100,0.0,0,0.3,0.0,0.0,2.0,0.7,1.0,1.0,0.25,1.0,0.25
noise_2.0,0.9983203479915649,0.07046941444803399,1.0,1.0,-0.02383519178627115,59,128,800,100,2,100,0.0,0,0.3,0.0,0.0,2.0,0.7,1.0,1.0,0.25,1.0,0.25
noise_2.0,1.1409645994689674,0.06977750084039876,1.0,1.0,2.020201322363122,60,129,800,100,2,100,0.0,0,0.3,0.0,0.0,2.0,0.7,1.0,1.0,0.25,1.0,0.25
noise_2.0,1.063070099955649,0.06762192809470893,1.0,1.0,0.9326870991805387,61,130,800,100,2,100,0.0,0,0.3,0.0,0.0,2.0,0.7,1.0,1.0,0.25,1.0,0.25
noise_2.0,0.9380566208197664,0.06845109478430969,1.0,1.0,-0.9049289770370809,62,131,800,100,2,100,0.0,0,0.3,0.0,0.0,2.0,0.7,1.0,1.0,0.25,1.0,0.25
noise_2.0,1.1647326179040853,0.06594439922400815,1.0,1.0,2.498053206072908,63,132,800,100,2,100,0.0,0,0.3,0.0,0.0,2.0,0.7,1.0,1.0,0.25,1.0,0.25
noise_2.0,0.9826229969111702,0.06762442539776976,1.0,1.0,-0.25696341206032525,64,133,800,100,2,100,0.0,0,0.3,0.0,0.0,2.0,0.7,1.0,1.0,0.25,1.0,0.25
noise_2.0,0.9896933271480245,0.07576584555550002,1.0,1.0,-0.13603323207718523,65,134,800,100,2,100,0.0,0,0.3,0.0,0.0,2.0,0.7,1.0,1.0,0.25,1.0,0.25
noise_2.0,1.048318784595622,0.07412194416046229,1.0,1.0,0.6518823155936059,66,135,800,100,2,100,0.0,0,0.3,0.0,0.0,2.0,0.7,1.0,1.0,0.25,1.0,0.25
noise_2.0,0.9360637295921844,0.07300691992233503,1.0,1.0,-0.8757563046877085,67,136,800,100,2,100,0.0,0,0.3,0.0,0.0,2.0,0.7,1.0,1.0,0.25,1.0,0.25
noise_2.0,1.027551683598298,0.06946639750351774,1.0,1.0,0.39661886305393723,68,137,800,100,2,100,0.0,0,0.3,0.0,0.0,2.0,0.7,1.0,1.0,0.25,1.0,0.25
noise_2.0,0.9254363953860212,0.06942306369973877,1.0,1.0,-1.0740465868298952,69,138,800,100,2,100,0.0,0,0.3,0.0,0.0,2.0,0.7,1.0,1.0,0.25,1.0,0.25
noise_2.0,0.9428479296154657,0.0753159836685937,1.0,1.0,-0.75883056425334,70,139,800,100,2,100,0.0,0,0.3,0.0,0.0,2.0,0.7,1.0,1.0,0.25,1.0,0.25
noise_2.0,0.9838602520881539,0.07095735191292891,1.0,1.0,-0.22745702139013116,71,140,800,100,2,100,0.0,0,0.3,0.0,0.0,2.0,0.7,1.0,1.0,0.25,1.0,0.25
noise_2.0,0.8477908540393754,0.06669461791949224,1.0,1.0,-2.282180342413204,72,141,800,100,2,100,0.0,0,0.3,0.0,0.0,2.0,0.7,1.0,1.0,0.25,1.0,0.25
noise_2.0,1.1020989381480055,0.0707532714899606,1.0,1.0,1.4430278063183644,73,142,800,100,2,100,0.0,0,0.3,0.0,0.0,2.0,0.7,1.0,1.0,0.25,1.0,0.25
noise_2.0,0.927492624446877,0.07146576694244797,1.0,1.0,-1.014574930840858,74,143,800,100,2,100,0.0,0,0.3,0.0,0.0,2.0,0.7,1.0,1.0,0.25,1.0,0.25
noise_2.0,0.9842878707182965,0.06973960562519327,1.0,1.0,-0.22529707675931485,75,144,800,100,2,100,0.0,0,0.3,0.0,0.0,2.0,0.7,1.0,1.0,0.25,1.0,0.25
noise_2.0,0.9661457193173436,0.07245029142223763,1.0,1.0,-0.46727597664659326,76,145,800,100,2,100,0.0,0,0.3,0.0,0.0,2.0,0.7,1.0,1.0,0.25,1.0,0.25
noise_2.0,0.8654167832672646,0.06651147616295305,1.0,1.0,-2.0234585743219213,77,146,800,100,2,100,0.0,0,0.3,0.0,0.0,2.0,0.7,1.0,1.0,0.25,1.0,0.25
noise_2.0,0.9544350518552451,0.06674095524678297,1.0,1.0,-0.682713454973379,78,147,800,100,2,100,0.0,0,0.3,0.0,0.0,2.0,0.7,1.0,1.0,0.25,1.0,0.25
noise_2.0,1.0157434330264257,0.07023227661153199,1.0,1.0,0.22416236217865435,79,148,800,100,2,100,0.0,0,0.3,0.0,0.0,2.0,0.7,1.0,1.0,0.25,1.0,0.25
noise_2.0,0.9135426801231898,0.07244024296767368,1.0,1.0,-1.193498480056059,80,149,800,100,2,100,0.0,0,0.3,0.0,0.0,2.0,0.7,1.0,1.0,0.25,1.0,0.25
noise_2.0,0.9733073599033791,0.06734021399922484,1.0,1.0,-0.396384842152835,81,150,800,100,2,100,0.0,0,0.3,0.0,0.0,2.0,0.7,1.0,1.0,0.25,1.0,0.25
noise_2.0,0.9395464984464661,0.06777342694629906,1.0,1.0,-0.8919941675877602,82,151,800,100,2,100,0.0,0,0.3,0.0,0.0,2.0,0.7,1.0,1.0,0.25,1.0,0.25
noise_2.0,0.9743514062891717,0.07506575626924718,1.0,1.0,-0.3416816799771051,83,152,800,100,2,100,0.0,0,0.3,0.0,0.0,2.0,0.7,1.0,1.0,0.25,1.0,0.25
noise_2.0,0.9626187875629937,0.07613382546262354,1.0,1.0,-0.490993486927278,84,153,800,100,2,100,0.0,0,0.3,0.0,0.0,2.0,0.7,1.0,1.0,0.25,1.0,0.25
noise_2.0,1.0260210433651717,0.07328230298138083,1.0,1.0,0.3550794981399948,85,154,800,100,2,100,0.0,0,0.3,0.0,0.0,2.0,0.7,1.0,1.0,0.25,1.0,0.25
noise_2.0,0.9406007066795117,0.07343799038776976,1.0,1.0,-0.8088360398595628,86,155,800,100,2,100,0.0,0,0.3,0.0,0.0,2.0,0.7,1.0,1.0,0.25,1.0,0.25
noise_2.0,0.9499312380334347,0.07324397363554916,1.0,1.0,-0.6835888262384536,87,156,800,100,2,100,0.0,0,0.3,0.0,0.0,2.0,0.7,1.0,1.0,0.25,1.0,0.25
noise_2.0,0.9617685022509623,0.0690088097210435,1.0,1.0,-0.5540089432578545,88,157,800,100,2,100,0.0,0,0.3,0.0,0.0,2.0,0.7,1.0,1.0,0.25,1.0,0.25
noise_2.0,1.0548168375711628,0.07643753897401842,1.0,1.0,0.7171455060817097,89,158,800,100,2,100,0.0,0,0.3,0.0,0.0,2.0,0.7,1.0,1.0,0.25,1.0,0.25
noise_2.0,0.9139843398029127,0.07395852777431086,1.0,1.0,-1.1630255872530282,90,159,800,100,2,100,0.0,0,0.3,0.0,0.0,2.0,0.7,1.0,1.0,0.25,1.0,0.25
noise_2.0,0.9402489513260744,0.07090651104451498,1.0,1.0,-0.8426736528668567,91,160,800,100,2,100,0.0,0,0.3,0.0,0.0,2.0,0.7,1.0,1.0,0.25,1.0,0.25
noise_2.0,1.0122328870404762,0.07267244513410513,1.0,1.0,0.16832909664594892,92,161,800,100,2,100,0.0,0,0.3,0.0,0.0,2.0,0.7,1.0,1.0,0.25,1.0,0.25
noise_2.0,1.0778741488398835,0.06908379490745103,1.0,1.0,1.1272419088182488,93,162,800,100,2,100,0.0,0,0.3,0.0,0.0,2.0,0.7,1.0,1.0,0.25,1.0,0.25
noise_2.0,0.9057094815849566,0.0727272632683174,1.0,1.0,-1.2964947968297849,94,163,800,100,2,100,0.0,0,0.3,0.0,0.0,2.0,0.7,1.0,1.0,0.25,1.0,0.25
noise_2.0,1.0083133354657363,0.06990676056868532,1.0,1.0,0.11892033614643371,95,164,800,100,2,100,0.0,0,0.3,0.0,0.0,2.0,0.7,1.0,1.0,0.25,1.0,0.25
noise_2.0,0.9921150214259313,0.06910647076413613,1.0,1.0,-0.11409899083083692,96,165,800,100,2,100,0.0,0,0.3,0.0,0.0,2.0,0.7,1.0,1.0,0.25,1.0,0.25
noise_2.0,0.9435694285215523,0.07124466698941712,1.0,1.0,-0.7920673064108786,97,166,800,100,2,100,0.0,0,0.3,0.0,0.0,2.0,0.7,1.0,1.0,0.25,1.0,0.25
noise_2.0,0.9868822265579398,0.06541912278183448,1.0,1.0,-0.2005189443735976,98,167,800,100,2,100,0.0,0,0.3,0.0,0.0,2.0,0.7,1.0,1.0,0.25,1.0,0.25
noise_2.0,1.127304544590871,0.06981638522234596,1.0,1.0,1.8234193045864666,99,168,800,100,2,100,0.0,0,0.3,0.0,0.0,2.0,0.7,1.0,1.0,0.25,1.0,0.25
s1_0.5,0.9125091828701151,0.06137555082194227,1.0,1.0,-1.4254995019711698,0,70,800,100,2,100,0.0,0,0.3,0.0,0.0,1.0,0.7,0.5,1.0,0.25,1.0,0.25
s1_0.5,0.8260836523456606,0.07002339581580096,1.0,1.0,-2.4836891388677085,1,71,800,100,2,100,0.0,0,0.3,0.0,0.0,1.0,0.7,0.5,1.0,0.25,1.0,0.25
s1_0.5,1.067738633213533,0.07422515239542823,1.0,1.0,0.9126102274962153,2,72,800,100,2,100,0.0,0,0.3,0.0,0.0,1.0,0.7,0.5,1.0,0.25,1.0,0.25
s1_0.5,0.8998223802284656,0.06936148278499309,1.0,1.0,-1.4442831345181193,3,73,800,100,2,100,0.0,0,0.3,0.0,0.0,1.0,0.7,0.5,1.0,0.25,1.0,0.25
s1_0.5,0.9114777234330935,0.0677148152238918,1.0,1.0,-1.307280781527898,4,74,800,100,2,100,0.0,0,0.3,0.0,0.0,1.0,0.7,0.5,1.0,0.25,1.0,0.25
s1_0.5,0.9859936512919273,0.06558554602284625,1.0,1.0,-0.21355846764153955,5,75,800,100,2,100,0.0,0,0.3,0.0,0.0,1.0,0.7,0.5,1.0,0.25,1.0,0.25
s1_0.5,0.958810939693611,0.06655446603781165,1.0,1.0,-0.6188774812345162,6,76,800,100,2,100,0.0,0,0.3,0.0,0.0,1.0,0.7,0.5,1.0,0.25,1.0,0.25
s1_0.5,1.0291343791566565,0.06834226517970068,1.0,1.0,0.42630104635908567,7,77,800,100,2,100,0.0,0,0.3,0.0,0.0,1.0,0.7,0.5,1.0,0.25,1.0,0.25
s1_0.5,0.9436115426037124,0.0768247603418733,1.0,1.0,-0.7339880677187497,8,78,800,100,2,100,0.0,0,0.3,0.0,0.0,1.0,0.7,0.5,1.0,0.25,1.0,0.25
s1_0.5,1.0127318253279092,0.0681032460932146,1.0,1.0,0.18694887627651127,9,79,800,100,2,100,0.0,0,0.3,0.0,0.0,1.0,0.7,0.5,1.0,0.25,1.0,0.25
s1_0.5,0.9941075927784359,0.06595177255475144,1.0,1.0,-0.08934418277647384,10,80,800,100,2,100,0.0,0,0.3,0.0,0.0,1.0,0.7,0.5,1.0,0.25,1.0,0.25
s1_0.5,1.0154693056700215,0.06776929144469157,1.0,1.0,0.22826423797932738,11,81,800,100,2,100,0.0,0,0.3,0.0,0.0,1.0,0.7,0.5,1.0,0.25,1.0,0.25
s1_0.5,1.0705245062099324,0.06979415634906126,1.0,1.0,1.0104643411293417,12,82,800,100,2,100,0.0,0,0.3,0.0,0.0,1.0,0.7,0.5,1.0,0.25,1.0,0.25
s1_0.5,0.9815967835368624,0.07061326565308489,1.0,1.0,-0.2606198182867018,13,83,800,100,2,100,0.0,0,0.3,0.0,0.0,1.0,0.7,0.5,1.0,0.25,1.0,0.25
s1_0.5,0.9629750139809972,0.06889586392159763,1.0,1.0,-0.5374050619517111,14,84,800,100,2,100,0.0,0,0.3,0.0,0.0,1.0,0.7,0.5,1.0,0.25,1.0,0.25
s1_0.5,0.9319841076727532,0.07251060026449373,1.0,1.0,-0.9380130915914119,15,85,800,100,2,100,0.0,0,0.3,0.0,0.0,1.0,0.7,0.5,1.0,0.25,1.0,0.25
s1_0.5,1.0806815273235295,0.06677157926103897,1.0,1.0,1.2083213878783747,16,86,800,100,2,100,0.0,0,0.3,0.0,0.0,1.0,0.7,0.5,1.0,0.25,1.0,0.25
s1_0.5,1.039255331723809,0.06552238401423453,1.0,1.0,0.5991133002010551,17,87,800,100,2,100,0.0,0,0.3,0.0,0.0,1.0,0.7,0.5,1.0,0.25,1.0,0.25
s1_0.5,1.0474303669437,0.0660916334300653,1.0,1.0,0.7176455548475479,18,88,800,100,2,100,0.0,0,0.3,0.0,0.0,1.0,0.7,0.5,1.0,0.25,1.0,0.25
s1_0.5,0.8689933166386807,0.0686137246111158,1.0,1.0,-1.9093364207209278,19,89,800,100,2,100,0.0,0,0.3,0.0,0.0,1.0,0.7,0.5,1.0,0.25,1.0,0.25
s1_0.5,0.9825990633734908,0.06617893116189319,1.0,1.0,-0.26293771025013063,20,90,800,100,2,100,0.0,0,0.3,0.0,0.0,1.0,0.7,0.5,1.0,0.25,1.0,0.25
s1_0.5,1.05511876322903,0.07111104191105004,1.0,1.0,0.7751083621862247,21,91,800,100,2,100,0.0,0,0.3,0.0,0.0,1.0,0.7,0.5,1.0,0.25,1.0,0.25
s1_0.5,1.0182616527308532,0.06435214542749323,1.0,1.0,0.28377690610842143,22,92,800,100,2,100,0.0,0,0.3,0.0,0.0,1.0,0.7,0.5,1.0,0.25,1.0,0.25
s1_0.5,1.0325925746820996,0.07152315602438285,1.0,1.0,0.4556926245115436,23,93,800,100,2,100,0.0,0,0.3,0.0,0.0,1.0,0.7,0.5,1.0,0.25,1.0,0.25
s1_0.5,1.0162915002101978,0.06510441505127154,1.0,1.0,0.2502364885295068,24,94,800,100,2,100,0.0,0,0.3,0.0,0.0,1.0,0.7,0.5,1.0,0.25,1.0,0.25
s1_0.5,1.0174537043865264,0.06907608855036614,1.0,1.0,0.25267360605978995,25,95,800,100,2,100,0.0,0,0.3,0.0,0.0,1.0,0.7,0.5,1.0,0.25,1.0,0.25
s1_0.5,0.9022024360994694,0.06406796276842923,1.0,1.0,-1.5264659538811234,26,96,800,100,2,100,0.0,0,0.3,0.0,0.0,1.0,0.7,0.5,1.0,0.25,1.0,0.25
s1_0.5,0.8726277682588826,0.07603608707637045,1.0,1.0,-1.6751550038757925,27,97,800,100,2,100,0.0,0,0.3,0.0,0.0,1.0,0.7,0.5,1.0,0.25,1.0,0.25
s1_0.5,0.9258450748127142,0.06630993495644509,1.0,1.0,-1.1183079162420178,28,98,800,100,2,100,0.0,0,0.3,0.0,0.0,1.0,0.7,0.5,1.0,0.25,1.0,0.25
s1_0.5,0.9295869930217715,0.06970055582743769,1.0,1.0,-1.0102215992732493,29,99,800,100,2,100,0.0,0,0.3,0.0,0.0,1.0,0.7,0.5,1.0,0.25,1.0,0.25
s1_0.5,0.9152271744898602,0.06991536754465293,1.0,1.0,-1.2125063271103853,30,100,800,100,2,100,0.0,0,0.3,0.0,0.0,1.0,0.7,0.5,1.0,0.25,1.0,0.25
s1_0.5,1.0607485217449588,0.07066122551176152,1.0,1.0,0.8597150885084389,31,101,800,100,2,100,0.0,0,0.3,0.0,0.0,1.0,0.7,0.5,1.0,0.25,1.0,0.25
s1_0.5,0.8514344250071487,0.06846592208123839,1.0,1.0,-2.1699200197226656,32,102,800,100,2,100,0.0,0,0.3,0.0,0.0,1.0,0.7,0.5,1.0,0.25,1.0,0.25
s1_0.5,0.9117636408643128,0.06836181390359249,1.0,1.0,-1.2907258321161992,33,103,800,100,2,100,0.0,0,0.3,0.0,0.0,1.0,0.7,0.5,1.0,0.25,1.0,0.25
s1_0.5,0.8743574952672062,0.06988430747783117,1.0,1.0,-1.7978643456208014,34,104,800,100,2,100,0.0,0,0.3,0.0,0.0,1.0,0.7,0.5,1.0,0.25,1.0,0.25
s1_0.5,0.9903402585754117,0.06622040153646525,1.0,1.0,-0.14587258911846032,35,105,800,100,2,100,0.0,0,0.3,0.0,0.0,1.0,0.7,0.5,1.0,0.25,1.0,0.25
s1_0.5,0.9840929310209903,0.07178506448073159,1.0,1.0,-0.22159301651500884,36,106,800,100,2,100,0.0,0,0.3,0.0,0.0,1.0,0.7,0.5,1.0,0.25,1.0,0.25
s1_0.5,1.1061583814095768,0.07270235166917553,1.0,1.0,1.4601780956500476,37,107,800,100,2,100,0.0,0,0.3,0.0,0.0,1.0,0.7,0.5,1.0,0.25,1.0,0.25
s1_0.5,0.9296956688617348,0.07228822079549306,1.0,1.0,-0.9725558377921569,38,108,800,100,2,100,0.0,0,0.3,0.0,0.0,1.0,0.7,0.5,1.0,0.25,1.0,0.25
s1_0.5,0.9662438241087928,0.06635222034843073,1.0,1.0,-0.5087422201389153,39,109,800,100,2,100,0.0,0,0.3,0.0,0.0,1.0,0.7,0.5,1.0,0.25,1.0,0.25
s1_0.5,0.9528604450016278,0.06758074595322738,1.0,1.0,-0.6975293677728486,40,110,800,100,2,100,0.0,0,0.3,0.0,0.0,1.0,0.7,0.5,1.0,0.25,1.0,0.25
s1_0.5,1.0079563946096768,0.06970224591639784,1.0,1.0,0.11414832485053399,41,111,800,100,2,100,0.0,0,0.3,0.0,0.0,1.0,0.7,0.5,1.0,0.25,1.0,0.25
s1_0.5,1.0636090428739355,0.07282429599740121,1.0,1.0,0.8734590839876498,42,112,800,100,2,100,0.0,0,0.3,0.0,0.0,1.0,0.7,0.5,1.0,0.25,1.0,0.25
s1_0.5,1.1770850374453745,0.0706768836319334,1.0,1.0,2.5055580883784683,43,113,800,100,2,100,0.0,0,0.3,0.0,0.0,1.0,0.7,0.5,1.0,0.25,1.0,0.25
s1_0.5,1.0120133904885826,0.06587435462378477,1.0,1.0,0.18236824568820967,44,114,800,100,2,100,0.0,0,0.3,0.0,0.0,1.0,0.7,0.5,1.0,0.25,1.0,0.25
s1_0.5,0.9332723584359162,0.07065934011147766,1.0,1.0,-0.9443569874670373,45,115,800,100,2,100,0.0,0,0.3,0.0,0.0,1.0,0.7,0.5,1.0,0.25,1.0,0.25
s1_0.5,0.9532143816849918,0.0697986509869492,1.0,1.0,-0.6702940193465348,46,116,800,100,2,100,0.0,0,0.3,0.0,0.0,1.0,0.7,0.5,1.0,0.25,1.0,0.25
s1_0.5,1.035882619971662,0.07014702516240787,1.0,1.0,0.5115344505142557,47,117,800,100,2,100,0.0,0,0.3,0.0,0.0,1.0,0.7,0.5,1.0,0.25,1.0,0.25
s1_0.5,0.882946291417994,0.06568354892862947,1.0,1.0,-1.7820856286129487,48,118,800,100,2,100,0.0,0,0.3,0.0,0.0,1.0,0.7,0.5,1.0,0.25,1.0,0.25
s1_0.5,0.8383580458805849,0.07228810150033263,1.0,1.0,-2.2360796696074705,49,119,800,100,2,100,0.0,0,0.3,0.0,0.0,1.0,0.7,0.5,1.0,0.25,1.0,0.25
s1_0.5,0.898783193845509,0.06978431907630031,1.0,1.0,-1.450423354332988,50,120,800,100,2,100,0.0,0,0.3,0.0,0.0,1.0,0.7,0.5,1.0,0.25,1.0,0.25
s1_0.5,1.092509000931667,0.07008060972909332,1.0,1.0,1.3200370443304328,51,121,800,100,2,100,0.0,0,0.3,0.0,0.0,1.0,0.7,0.5,1.0,0.25,1.0,0.25
s1_0.5,0.9992766698055107,0.0759343213594218,1.0,1.0,-0.009525734628819277,52,122,800,100,2,100,0.0,0,0.3,0.0,0.0,1.0,0.7,0.5,1.0,0.25,1.0,0.25
s1_0.5,1.007539716521318,0.06965192824691692,1.0,1.0,0.10824849664735244,53,123,800,100,2,100,0.0,0,0.3,0.0,0.0,1.0,0.7,0.5,1.0,0.25,1.0,0.25
s1_0.5,0.8483816227256298,0.0680188269363392,1.0,1.0,-2.229064864883281,54,124,800,100,2,100,0.0,0,0.3,0.0,0.0,1.0,0.7,0.5,1.0,0.25,1.0,0.25
s1_0.5,0.9771537607638714,0.06540266815238706,1.0,1.0,-0.3493166239471649,55,125,800,100,2,100,0.0,0,0.3,0.0,0.0,1.0,0.7,0.5,1.0,0.25,1.0,0.25
s1_0.5,0.85823406949829,0.0762867256955029,1.0,1.0,-1.8583302561387445,56,126,800,100,2,100,0.0,0,0.3,0.0,0.0,1.0,0.7,0.5,1.0,0.25,1.0,0.25
s1_0.5,1.0448725596853605,0.07089455085400416,1.0,1.0,0.6329479366865345,57,127,800,100,2,100,0.0,0,0.3,0.0,0.0,1.0,0.7,0.5,1.0,0.25,1.0,0.25
s1_0.5,1.0275518281604217,0.07185304572799436,1.0,1.0,0.3834469072434507,58,128,800,100,2,100,0.0,0,0.3,0.0,0.0,1.0,0.7,0.5,1.0,0.25,1.0,0.25
s1_0.5,1.1170123052767864,0.07075306300438644,1.0,1.0,1.65381257443981,59,129,800,100,2,100,0.0,0,0.3,0.0,0.0,1.0,0.7,0.5,1.0,0.25,1.0,0.25
s1_0.5,1.1159954035508308,0.06845236071964726,1.0,1.0,1.6945420483874958,60,130,800,100,2,100,0.0,0,0.3,0.0,0.0,1.0,0.7,0.5,1.0,0.25,1.0,0.25
s1_0.5,0.9392534343633548,0.06694628189000928,1.0,1.0,-0.9073926724780612,61,131,800,100,2,100,0.0,0,0.3,0.0,0.0,1.0,0.7,0.5,1.0,0.25,1.0,0.25
s1_0.5,1.1581674099317543,0.06867008208081668,1.0,1.0,2.30329431885067,62,132,800,100,2,100,0.0,0,0.3,0.0,0.0,1.0,0.7,0.5,1.0,0.25,1.0,0.25
s1_0.5,1.0068265560918528,0.0689501791492431,1.0,1.0,0.09900708273834448,63,133,800,100,2,100,0.0,0,0.3,0.0,0.0,1.0,0.7,0.5,1.0,0.25,1.0,0.25
s1_0.5,1.0265612972516667,0.07486537630226785,1.0,1.0,0.35478746736576633,64,134,800,100,2,100,0.0,0,0.3,0.0,0.0,1.0,0.7,0.5,1.0,0.25,1.0,0.25
s1_0.5,1.0497846942828966,0.07335379114804903,1.0,1.0,0.678692859683513,65,135,800,100,2,100,0.0,0,0.3,0.0,0.0,1.0,0.7,0.5,1.0,0.25,1.0,0.25
s1_0.5,0.9259489856629087,0.07108405027638272,1.0,1.0,-1.041738815517302,66,136,800,100,2,100,0.0,0,0.3,0.0,0.0,1.0,0.7,0.5,1.0,0.25,1.0,0.25
s1_0.5,1.019102542550412,0.06889412302018062,1.0,1.0,0.27727390542175195,67,137,800,100,2,100,0.0,0,0.3,0.0,0.0,1.0,0.7,0.5,1.0,0.25,1.0,0.25
s1_0.5,0.8883335605577704,0.06952765518515534,1.0,1.0,-1.6060722764899347,68,138,800,100,2,100,0.0,0,0.3,0.0,0.0,1.0,0.7,0.5,1.0,0.25,1.0,0.25
s1_0.5,0.9239868472534433,0.07758251821263337,1.0,1.0,-0.9797716611650138,69,139,800,100,2,100,0.0,0,0.3,0.0,0.0,1.0,0.7,0.5,1.0,0.25,1.0,0.25
s1_0.5,1.0073246764664896,0.07252542411497187,1.0,1.0,0.10099460369756763,70,140,800,100,2,100,0.0,0,0.3,0.0,0.0,1.0,0.7,0.5,1.0,0.25,1.0,0.25
s1_0.5,0.8453629280587205,0.06648445862494798,1.0,1.0,-2.3259130801322745,71,141,800,100,2,100,0.0,0,0.3,0.0,0.0,1.0,0.7,0.5,1.0,0.25,1.0,0.25
s1_0.5,1.1048220247898202,0.0717515271794821,1.0,1.0,1.4609030484830547,72,142,800,100,2,100,0.0,0,0.3,0.0,0.0,1.0,0.7,0.5,1.0,0.25,1.0,0.25
s1_0.5,0.9282636010461155,0.071234413486799,1.0,1.0,-1.0070469516419691,73,143,800,100,2,100,0.0,0,0.3,0.0,0.0,1.0,0.7,0.5,1.0,0.25,1.0,0.25
s1_0.5,1.0275915719504318,0.07031602597723587,1.0,1.0,0.39239379027711735,74,144,800,100,2,100,0.0,0,0.3,0.0,0.0,1.0,0.7,0.5,1.0,0.25,1.0,0.25
s1_0.5,0.990465720438048,0.07526887213261295,1.0,1.0,-0.12666962174156046,75,145,800,100,2,100,0.0,0,0.3,0.0,0.0,1.0,0.7,0.5,1.0,0.25,1.0,0.25
s1_0.5,0.8754399591038613,0.06808198367933628,1.0,1.0,-1.8295595128780626,76,146,800,100,2,100,0.0,0,0.3,0.0,0.0,1.0,0.7,0.5,1.0,0.25,1.0,0.25
s1_0.5,0.9905847389194335,0.06804316939583563,1.0,1.0,-0.13837187720921598,77,147,800,100,2,100,0.0,0,0.3,0.0,0.0,1.0,0.7,0.5,1.0,0.25,1.0,0.25
s1_0.5,1.0378129396472238,0.06996539976682946,1.0,1.0,0.5404519916021526,78,148,800,100,2,100,0.0,0,0.3,0.0,0.0,1.0,0.7,0.5,1.0,0.25,1.0,0.25
s1_0.5,0.9111893814001707,0.07349548768592329,1.0,1.0,-1.20838192106914,79,149,800,100,2,100,0.0,0,0.3,0.0,0.0,1.0,0.7,0.5,1.0,0.25,1.0,0.25
s1_0.5,0.9799973423977303,0.06980190109685315,1.0,1.0,-0.28656322088584896,80,150,800,100,2,100,0.0,0,0.3,0.0,0.0,1.0,0.7,0.5,1.0,0.25,1.0,0.25
s1_0.5,0.9965154592575329,0.06992418959423193,1.0,1.0,-0.049833123024918255,81,151,800,100,2,100,0.0,0,0.3,0.0,0.0,1.0,0.7,0.5,1.0,0.25,1.0,0.25
s1_0.5,0.9979961067003537,0.0741711971597055,1.0,1.0,-0.027017135712823364,82,152,800,100,2,100,0.0,0,0.3,0.0,0.0,1.0,0.7,0.5,1.0,0.25,1.0,0.25
s1_0.5,0.9703977510556258,0.0755531817014026,1.0,1.0,-0.3918067813658296,83,153,800,100,2,100,0.0,0,0.3,0.0,0.0,1.0,0.7,0.5,1.0,0.25,1.0,0.25
s1_0.5,1.0404914652149435,0.07328369145618172,1.0,1.0,0.5525303708145549,84,154,800,100,2,100,0.0,0,0.3,0.0,0.0,1.0,0.7,0.5,1.0,0.25,1.0,0.25
s1_0.5,0.9224540502813853,0.07350381486553219,1.0,1.0,-1.054992177759443,85,155,800,100,2,100,0.0,0,0.3,0.0,0.0,1.0,0.7,0.5,1.0,0.25,1.0,0.25
s1_0.5,0.9985255104238402,0.07427962035527667,1.0,1.0,-0.019850526552335362,86,156,800,100,2,100,0.0,0,0.3,0.0,0.0,1.0,0.7,0.5,1.0,0.25,1.0,0.25
s1_0.5,0.9533233288130925,0.06966606076175513,1.0,1.0,-0.6700058920588752,87,157,800,100,2,100,0.0,0,0.3,0.0,0.0,1.0,0.7,0.5,1.0,0.25,1.0,0.25
s1_0.5,1.0604824461700004,0.07464947615150914,1.0,1.0,0.8102192980864968,88,158,800,100,2,100,0.0,0,0.3,0.0,0.0,1.0,0.7,0.5,1.0,0.25,1.0,0.25
s1_0.5,0.9224981431353216,0.07063977480853842,1.0,1.0,-1.0971419016374115,89,159,800,100,2,100,0.0,0,0.3,0.0,0.0,1.0,0.7,0.5,1.0,0.25,1.0,0.25
s1_0.5,0.9636886102905566,0.07167664642234932,1.0,1.0,-0.5066000088157193,90,160,800,100,2,100,0.0,0,0.3,0.0,0.0,1.0,0.7,0.5,1.0,0.25,1.0,0.25
s1_0.5,1.008788594424976,0.0703205555095828,1.0,1.0,0.12497902443017928,91,161,800,100,2,100,0.0,0,0.3,0.0,0.0,1.0,0.7,0.5,1.0,0.25,1.0,0.25
s1_0.5,1.077439800674948,0.06965737110699136,1.0,1.0,1.1117244226171417,92,162,800,100,2,100,0.0,0,0.3,0.0,0.0,1.0,0.7,0.5,1.0,0.25,1.0,0.25
s1_0.5,0.9207613795801239,0.0733480148965215,1.0,1.0,-1.0803103605689255,93,163,800,100,2,100,0.0,0,0.3,0.0,0.0,1.0,0.7,0.5,1.0,0.25,1.0,0.25
s1_0.5,1.0248864027545568,0.0687916765218107,1.0,1.0,0.3617647368525237,94,164,800,100,2,100,0.0,0,0.3,0.0,0.0,1.0,0.7,0.5,1.0,0.25,1.0,0.25
s1_0.5,0.9713991098725504,0.07137927878750118,1.0,1.0,-0.40068897603456505,95,165,800,100,2,100,0.0,0,0.3,0.0,0.0,1.0,0.7,0.5,1.0,0.25,1.0,0.25
s1_0.5,0.9252675705233878,0.07359853180861342,1.0,1.0,-1.0154065256484648,96,166,800,100,2,100,0.0,0,0.3,0.0,0.0,1.0,0.7,0.5,1.0,0.25,1.0,0.25
s1_0.5,0.9920786635571454,0.06611745438345427,1.0,1.0,-0.11980703910519787,97,167,800,100,2,100,0.0,0,0.3,0.0,0.0,1.0,0.7,0.5,1.0,0.25,1.0,0.25
s1_0.5,1.1186710862561289,0.07051890231100894,1.0,1.0,1.6828266233180256,98,168,800,100,2,100,0.0,0,0.3,0.0,0.0,1.0,0.7,0.5,1.0,0.25,1.0,0.25
s1_0.5,1.0402066912839272,0.07338963865326056,1.0,1.0,0.5478524219732055,99,169,800,100,2,100,0.0,0,0.3,0.0,0.0,1.0,0.7,0.5,1.0,0.25,1.0,0.25
s1_1.0,0.9131622673311249,0.03508918866954331,1.0,1.0,-2.474771744843688,0,71,800,100,2,100,0.0,0,0.3,0.0,0.0,1.0,0.7,1.0,1.0,0.25,1.0,0.25
s1_1.0,1.0414698107711506,0.037686646524574166,1.0,1.0,1.1003847408951497,1,72,800,100,2,100,0.0,0,0.3,0.0,0.0,1.0,0.7,1.0,1.0,0.25,1.0,0.25
s1_1.0,0.9465939390959557,0.034947958388319524,1.0,1.0,-1.5281596799054777,2,73,800,100,2,100,0.0,0,0.3,0.0,0.0,1.0,0.7,1.0,1.0,0.25,1.0,0.25
s1_1.0,0.9535354831558636,0.035261105732975244,1.0,1.0,-1.317727163634692,3,74,800,100,2,100,0.0,0,0.3,0.0,0.0,1.0,0.7,1.0,1.0,0.25,1.0,0.25
s1_1.0,1.0018307712441932,0.034545137006675955,1.0,1.0,0.05299649683946462,4,75,800,100,2,100,0.0,0,0.3,0.0,0.0,1.0,0.7,1.0,1.0,0.25,1.0,0.25
s1_1.0,0.9642936395313229,0.03477474470091783,1.0,1.0,-1.0267900102724472,5,76,800,100,2,100,0.0,0,0.3,0.0,0.0,1.0,0.7,1.0,1.0,0.25,1.0,0.25
s1_1.0,0.9977332010531981,0.03466654187906654,1.0,1.0,-0.0653886665335587,6,77,800,100,2,100,0.0,0,0.3,0.0,0.0,1.0,0.7,1.0,1.0,0.25,1.0,0.25
s1_1.0,0.9501285087229256,0.03939836987074844,1.0,1.0,-1.2658262623728944,7,78,800,100,2,100,0.0,0,0.3,0.0,0.0,1.0,0.7,1.0,1.0,0.25,1.0,0.25
s1_1.0,0.9837740864411259,0.033939171469311545,1.0,1.0,-0.478088086904123,8,79,800,100,2,100,0.0,0,0.3,0.0,0.0,1.0,0.7,1.0,1.0,0.25,1.0,0.25
s1_1.0,0.9739305907000618,0.032732472311638776,1.0,1.0,-0.7964387490115924,9,80,800,100,2,100,0.0,0,0.3,0.0,0.0,1.0,0.7,1.0,1.0,0.25,1.0,0.25
s1_1.0,1.0045990996133272,0.03606524918333766,1.0,1.0,0.12752163696270735,10,81,800,100,2,100,0.0,0,0.3,0.0,0.0,1.0,0.7,1.0,1.0,0.25,1.0,0.25
s1_1.0,1.024437460934005,0.03576271354377119,1.0,1.0,0.6833223352611422,11,82,800,100,2,100,0.0,0,0.3,0.0,0.0,1.0,0.7,1.0,1.0,0.25,1.0,0.25
s1_1.0,0.9798289341303518,0.03731175058459042,1.0,1.0,-0.540608938299957,12,83,800,100,2,100,0.0,0,0.3,0.0,0.0,1.0,0.7,1.0,1.0,0.25,1.0,0.25
s1_1.0,0.9664854267152142,0.0362800454673193,1.0,1.0,-0.9237742911589069,13,84,800,100,2,100,0.0,0,0.3,0.0,0.0,1.0,0.7,1.0,1.0,0.25,1.0,0.25
s1_1.0,0.96690603588979,0.03638457635806696,1.0,1.0,-0.9095602429042067,14,85,800,100,2,100,0.0,0,0.3,0.0,0.0,1.0,0.7,1.0,1.0,0.25,1.0,0.25
s1_1.0,1.0098447661759804,0.03335871963555931,1.0,1.0,0.29511822646472924,15,86,800,100,2,100,0.0,0,0.3,0.0,0.0,1.0,0.7,1.0,1.0,0.25,1.0,0.25
s1_1.0,1.03191395606877,0.033323402538433494,1.0,1.0,0.9577040049245301,16,87,800,100,2,100,0.0,0,0.3,0.0,0.0,1.0,0.7,1.0,1.0,0.25,1.0,0.25
s1_1.0,1.0156858138703186,0.03521666627505864,1.0,1.0,0.4454088228512346,17,88,800,100,2,100,0.0,0,0.3,0.0,0.0,1.0,0.7,1.0,1.0,0.25,1.0,0.25
s1_1.0,0.9433489363869576,0.03518456591937735,1.0,1.0,-1.6101111988379742,18,89,800,100,2,100,0.0,0,0.3,0.0,0.0,1.0,0.7,1.0,1.0,0.25,1.0,0.25
s1_1.0,0.9921448955765109,0.03381405624074917,1.0,1.0,-0.23230293247170336,19,90,800,100,2,100,0.0,0,0.3,0.0,0.0,1.0,0.7,1.0,1.0,0.25,1.0,0.25
s1_1.0,1.0125024200329604,0.03630888965198165,1.0,1.0,0.34433495909115674,20,91,800,100,2,100,0.0,0,0.3,0.0,0.0,1.0,0.7,1.0,1.0,0.25,1.0,0.25
s1_1.0,0.9984975690773231,0.032877641878572325,1.0,1.0,-0.04569764851827992,21,92,800,100,2,100,0.0,0,0.3,0.0,0.0,1.0,0.7,1.0,1.0,0.25,1.0,0.25
s1_1.0,1.0178465352567565,0.03596541595996448,1.0,1.0,0.49621378706206765,22,93,800,100,2,100,0.0,0,0.3,0.0,0.0,1.0,0.7,1.0,1.0,0.25,1.0,0.25
s1_1.0,0.9985829420095391,0.034992664696079145,1.0,1.0,-0.0404958582825405,23,94,800,100,2,100,0.0,0,0.3,0.0,0.0,1.0,0.7,1.0,1.0,0.25,1.0,0.25
s1_1.0,0.9930980952284197,0.03448793092346779,1.0,1.0,-0.2001252202370819,24,95,800,100,2,100,0.0,0,0.3,0.0,0.0,1.0,0.7,1.0,1.0,0.25,1.0,0.25
s1_1.0,0.955339243628743,0.03344658745454256,1.0,1.0,-1.3352858922290851,25,96,800,100,2,100,0.0,0,0.3,0.0,0.0,1.0,0.7,1.0,1.0,0.25,1.0,0.25
s1_1.0,0.9418905467536651,0.03871182520704057,1.0,1.0,-1.501077588967994,26,97,800,100,2,100,0.0,0,0.3,0.0,0.0,1.0,0.7,1.0,1.0,0.25,1.0,0.25
s1_1.0,0.9737570106044039,0.033521511031662246,1.0,1.0,-0.7828701209443893,27,98,800,100,2,100,0.0,0,0.3,0.0,0.0,1.0,0.7,1.0,1.0,0.25,1.0,0.25
s1_1.0,0.9650158528857176,0.03528030783491131,1.0,1.0,-0.9916054949969623,28,99,800,100,2,100,0.0,0,0.3,0.0,0.0,1.0,0.7,1.0,1.0,0.25,1.0,0.25
s1_1.0,0.9235609089728934,0.03497266131360411,1.0,1.0,-2.1856812766311355,29,100,800,100,2,100,0.0,0,0.3,0.0,0.0,1.0,0.7,1.0,1.0,0.25,1.0,0.25
s1_1.0,1.0109397288223712,0.03546749756491809,1.0,1.0,0.30844377453885974,30,101,800,100,2,100,0.0,0,0.3,0.0,0.0,1.0,0.7,1.0,1.0,0.25,1.0,0.25
s1_1.0,0.9217905163893971,0.03563779015747311,1.0,1.0,-2.194566028505632,31,102,800,100,2,100,0.0,0,0.3,0.0,0.0,1.0,0.7,1.0,1.0,0.25,1.0,0.25
s1_1.0,0.9461720270935075,0.03515126418142712,1.0,1.0,-1.5313239554819098,32,103,800,100,2,100,0.0,0,0.3,0.0,0.0,1.0,0.7,1.0,1.0,0.25,1.0,0.25
s1_1.0,0.9329593701003066,0.0357611345079646,1.0,1.0,-1.8746784972597088,33,104,800,100,2,100,0.0,0,0.3,0.0,0.0,1.0,0.7,1.0,1.0,0.25,1.0,0.25
s1_1.0,1.013570687426739,0.033728303611559804,1.0,1.0,0.4023530973579064,34,105,800,100,2,100,0.0,0,0.3,0.0,0.0,1.0,0.7,1.0,1.0,0.25,1.0,0.25
s1_1.0,1.0011102438815986,0.03557891830005578,1.0,1.0,0.031205105007278917,35,106,800,100,2,100,0.0,0,0.3,0.0,0.0,1.0,0.7,1.0,1.0,0.25,1.0,0.25
s1_1.0,1.0402894099226752,0.03728795192575423,1.0,1.0,1.0804940427647318,36,107,800,100,2,100,0.0,0,0.3,0.0,0.0,1.0,0.7,1.0,1.0,0.25,1.0,0.25
s1_1.0,0.9742538464971244,0.03636085653635173,1.0,1.0,-0.7080733501735823,37,108,800,100,2,100,0.0,0,0.3,0.0,0.0,1.0,0.7,1.0,1.0,0.25,1.0,0.25
s1_1.0,0.9797418156372214,0.033536137627829594,1.0,1.0,-0.6040702894172156,38,109,800,100,2,100,0.0,0,0.3,0.0,0.0,1.0,0.7,1.0,1.0,0.25,1.0,0.25
s1_1.0,0.9524749201007919,0.03398447922741455,1.0,1.0,-1.3984348437762908,39,110,800,100,2,100,0.0,0,0.3,0.0,0.0,1.0,0.7,1.0,1.0,0.25,1.0,0.25
s1_1.0,0.9828027166077498,0.03575373818669617,1.0,1.0,-0.48099259726215937,40,111,800,100,2,100,0.0,0,0.3,0.0,0.0,1.0,0.7,1.0,1.0,0.25,1.0,0.25
s1_1.0,1.0102481625210062,0.037533028500316645,1.0,1.0,0.2730438477918132,41,112,800,100,2,100,0.0,0,0.3,0.0,0.0,1.0,0.7,1.0,1.0,0.25,1.0,0.25
s1_1.0,1.0740637246765474,0.035589044322426384,1.0,1.0,2.081082144424886,42,113,800,100,2,100,0.0,0,0.3,0.0,0.0,1.0,0.7,1.0,1.0,0.25,1.0,0.25
s1_1.0,1.008334628853436,0.033352377899730994,1.0,1.0,0.24989609072231334,43,114,800,100,2,100,0.0,0,0.3,0.0,0.0,1.0,0.7,1.0,1.0,0.25,1.0,0.25
s1_1.0,0.9750491943067958,0.03640144649773161,1.0,1.0,-0.6854344564235658,44,115,800,100,2,100,0.0,0,0.3,0.0,0.0,1.0,0.7,1.0,1.0,0.25,1.0,0.25
s1_1.0,0.9742116286749346,0.03603949706634728,1.0,1.0,-0.715558579454925,45,116,800,100,2,100,0.0,0,0.3,0.0,0.0,1.0,0.7,1.0,1.0,0.25,1.0,0.25
s1_1.0,1.0061787775429243,0.03505720125617172,1.0,1.0,0.17624845456927424,46,117,800,100,2,100,0.0,0,0.3,0.0,0.0,1.0,0.7,1.0,1.0,0.25,1.0,0.25
s1_1.0,0.9278860862758861,0.03526602416809208,1.0,1.0,-2.044855223270702,47,118,800,100,2,100,0.0,0,0.3,0.0,0.0,1.0,0.7,1.0,1.0,0.25,1.0,0.25
s1_1.0,0.9240679844771681,0.03668830990200675,1.0,1.0,-2.0696514973200943,48,119,800,100,2,100,0.0,0,0.3,0.0,0.0,1.0,0.7,1.0,1.0,0.25,1.0,0.25
s1_1.0,0.9468139062275998,0.03553080675920802,1.0,1.0,-1.496900819979742,49,120,800,100,2,100,0.0,0,0.3,0.0,0.0,1.0,0.7,1.0,1.0,0.25,1.0,0.25
s1_1.0,1.0446142554198612,0.03615772947585606,1.0,1.0,1.2338787879269877,50,121,800,100,2,100,0.0,0,0.3,0.0,0.0,1.0,0.7,1.0,1.0,0.25,1.0,0.25
s1_1.0,0.9923026740999641,0.03817519710579092,1.0,1.0,-0.20163159547559428,51,122,800,100,2,100,0.0,0,0.3,0.0,0.0,1.0,0.7,1.0,1.0,0.25,1.0,0.25
s1_1.0,1.0105867904369645,0.03669775940692707,1.0,1.0,0.2884860168047799,52,123,800,100,2,100,0.0,0,0.3,0.0,0.0,1.0,0.7,1.0,1.0,0.25,1.0,0.25
s1_1.0,0.9032263271890236,0.03431023933701833,1.0,1.0,-2.820547879611099,53,124,800,100,2,100,0.0,0,0.3,0.0,0.0,1.0,0.7,1.0,1.0,0.25,1.0,0.25
s1_1.0,0.9896401722357946,0.0343274969794595,1.0,1.0,-0.3017938584454441,54,125,800,100,2,100,0.0,0,0.3,0.0,0.0,1.0,0.7,1.0,1.0,0.25,1.0,0.25
s1_1.0,0.9222515152769268,0.03862389052827475,1.0,1.0,-2.0129635740904224,55,126,800,100,2,100,0.0,0,0.3,0.0,0.0,1.0,0.7,1.0,1.0,0.25,1.0,0.25
s1_1.0,1.0084349292992147,0.03518618426653953,1.0,1.0,0.23972276264226755,56,127,800,100,2,100,0.0,0,0.3,0.0,0.0,1.0,0.7,1.0,1.0,0.25,1.0,0.25
s1_1.0,1.006432267330781,0.03643137608274276,1.0,1.0,0.17655845104977994,57,128,800,100,2,100,0.0,0,0.3,0.0,0.0,1.0,0.7,1.0,1.0,0.25,1.0,0.25
s1_1.0,1.0530619722199492,0.036015226143463606,1.0,1.0,1.4733205341702247,58,129,800,100,2,100,0.0,0,0.3,0.0,0.0,1.0,0.7,1.0,1.0,0.25,1.0,0.25
s1_1.0,1.0271585690511935,0.03458635875486442,1.0,1.0,0.7852393263969651,59,130,800,100,2,100,0.0,0,0.3,0.0,0.0,1.0,0.7,1.0,1.0,0.25,1.0,0.25
s1_1.0,0.9636561167762592,0.0348460654123085,1.0,1.0,-1.0429838431888858,60,131,800,100,2,100,0.0,0,0.3,0.0,0.0,1.0,0.7,1.0,1.0,0.25,1.0,0.25
s1_1.0,1.0817419349070319,0.03371364906069154,1.0,1.0,2.424594702278578,61,132,800,100,2,100,0.0,0,0.3,0.0,0.0,1.0,0.7,1.0,1.0,0.25,1.0,0.25
s1_1.0,0.99299908980227,0.03482915817714717,1.0,1.0,-0.20100716078528572,62,133,800,100,2,100,0.0,0,0.3,0.0,0.0,1.0,0.7,1.0,1.0,0.25,1.0,0.25
s1_1.0,0.9930712379750655,0.039136481881547634,1.0,1.0,-0.1770410034786841,63,134,800,100,2,100,0.0,0,0.3,0.0,0.0,1.0,0.7,1.0,1.0,0.25,1.0,0.25
s1_1.0,1.0388256386124068,0.03841549376378511,1.0,1.0,1.010676547622782,64,135,800,100,2,100,0.0,0,0.3,0.0,0.0,1.0,0.7,1.0,1.0,0.25,1.0,0.25
s1_1.0,0.9721686301866069,0.038078379578305246,1.0,1.0,-0.7308969058454814,65,136,800,100,2,100,0.0,0,0.3,0.0,0.0,1.0,0.7,1.0,1.0,0.25,1.0,0.25
s1_1.0,1.008989023403706,0.03500815322525627,1.0,1.0,0.2567694258496606,66,137,800,100,2,100,0.0,0,0.3,0.0,0.0,1.0,0.7,1.0,1.0,0.25,1.0,0.25
s1_1.0,0.9512981561868856,0.03542213140657919,1.0,1.0,-1.3748987392686556,67,138,800,100,2,100,0.0,0,0.3,0.0,0.0,1.0,0.7,1.0,1.0,0.25,1.0,0.25
s1_1.0,0.9645512199686657,0.04008523847713183,1.0,1.0,-0.8843350165312716,68,139,800,100,2,100,0.0,0,0.3,0.0,0.0,1.0,0.7,1.0,1.0,0.25,1.0,0.25
s1_1.0,0.9953721270666259,0.03630290122865793,1.0,1.0,-0.12747942386821637,69,140,800,100,2,100,0.0,0,0.3,0.0,0.0,1.0,0.7,1.0,1.0,0.25,1.0,0.25
s1_1.0,0.924568837793044,0.03460323163576879,1.0,1.0,-2.1798877920114275,70,141,800,100,2,100,0.0,0,0.3,0.0,0.0,1.0,0.7,1.0,1.0,0.25,1.0,0.25
s1_1.0,1.0511713210942442,0.037356508157255684,1.0,1.0,1.3698100710814227,71,142,800,100,2,100,0.0,0,0.3,0.0,0.0,1.0,0.7,1.0,1.0,0.25,1.0,0.25
s1_1.0,0.9546015571187771,0.03703601505489207,1.0,1.0,-1.2257917817005044,72,143,800,100,2,100,0.0,0,0.3,0.0,0.0,1.0,0.7,1.0,1.0,0.25,1.0,0.25
s1_1.0,1.0003194295223168,0.0359977888132981,1.0,1.0,0.00887358731875168,73,144,800,100,2,100,0.0,0,0.3,0.0,0.0,1.0,0.7,1.0,1.0,0.25,1.0,0.25
s1_1.0,0.9749255753917007,0.03714230941524494,1.0,1.0,-0.6750906177634615,74,145,800,100,2,100,0.0,0,0.3,0.0,0.0,1.0,0.7,1.0,1.0,0.25,1.0,0.25
s1_1.0,0.9309865837093755,0.0342710617939022,1.0,1.0,-2.0137519142434033,75,146,800,100,2,100,0.0,0,0.3,0.0,0.0,1.0,0.7,1.0,1.0,0.25,1.0,0.25
s1_1.0,0.975409377336532,0.03473262646382732,1.0,1.0,-0.7079977867230451,76,147,800,100,2,100,0.0,0,0.3,0.0,0.0,1.0,0.7,1.0,1.0,0.25,1.0,0.25
s1_1.0,1.0083202266744795,0.03567756975888661,1.0,1.0,0.23320609365235986,77,148,800,100,2,100,0.0,0,0.3,0.0,0.0,1.0,0.7,1.0,1.0,0.25,1.0,0.25
s1_1.0,0.9455615787336243,0.03728756079200316,1.0,1.0,-1.459961984910816,78,149,800,100,2,100,0.0,0,0.3,0.0,0.0,1.0,0.7,1.0,1.0,0.25,1.0,0.25
s1_1.0,0.9787854838943505,0.03543061875190885,1.0,1.0,-0.5987622246790866,79,150,800,100,2,100,0.0,0,0.3,0.0,0.0,1.0,0.7,1.0,1.0,0.25,1.0,0.25
s1_1.0,0.9779033141529427,0.03523863502344791,1.0,1.0,-0.6270585064476547,80,151,800,100,2,100,0.0,0,0.3,0.0,0.0,1.0,0.7,1.0,1.0,0.25,1.0,0.25
s1_1.0,0.9788256418052064,0.03836674176313651,1.0,1.0,-0.5518935729678863,81,152,800,100,2,100,0.0,0,0.3,0.0,0.0,1.0,0.7,1.0,1.0,0.25,1.0,0.25
s1_1.0,0.9869369678357153,0.03903419893400213,1.0,1.0,-0.33465608417816683,82,153,800,100,2,100,0.0,0,0.3,0.0,0.0,1.0,0.7,1.0,1.0,0.25,1.0,0.25
s1_1.0,1.0087668740285778,0.03766479395246676,1.0,1.0,0.23276044041663005,83,154,800,100,2,100,0.0,0,0.3,0.0,0.0,1.0,0.7,1.0,1.0,0.25,1.0,0.25
s1_1.0,0.9666875175949097,0.03778557467356637,1.0,1.0,-0.881619048879908,84,155,800,100,2,100,0.0,0,0.3,0.0,0.0,1.0,0.7,1.0,1.0,0.25,1.0,0.25
s1_1.0,0.978088545898941,0.037398618374564534,1.0,1.0,-0.5858894005550045,85,156,800,100,2,100,0.0,0,0.3,0.0,0.0,1.0,0.7,1.0,1.0,0.25,1.0,0.25
s1_1.0,0.9603480906039468,0.034939268638624996,1.0,1.0,-1.134880921697899,86,157,800,100,2,100,0.0,0,0.3,0.0,0.0,1.0,0.7,1.0,1.0,0.25,1.0,0.25
s1_1.0,1.0287908547301492,0.03927220593211156,1.0,1.0,0.7331101996134086,87,158,800,100,2,100,0.0,0,0.3,0.0,0.0,1.0,0.7,1.0,1.0,0.25,1.0,0.25
s1_1.0,0.9589861004819701,0.037327632325738574,1.0,1.0,-1.098754380136496,88,159,800,100,2,100,0.0,0,0.3,0.0,0.0,1.0,0.7,1.0,1.0,0.25,1.0,0.25
s1_1.0,0.9629392970667531,0.0370699834054262,1.0,1.0,-0.9997496499505334,89,160,800,100,2,100,0.0,0,0.3,0.0,0.0,1.0,0.7,1.0,1.0,0.25,1.0,0.25
s1_1.0,1.000034073326692,0.03744463207714717,1.0,1.0,0.0009099655892390083,90,161,800,100,2,100,0.0,0,0.3,0.0,0.0,1.0,0.7,1.0,1.0,0.25,1.0,0.25
s1_1.0,1.0317808626178724,0.03485610706690682,1.0,1.0,0.9117731523164232,91,162,800,100,2,100,0.0,0,0.3,0.0,0.0,1.0,0.7,1.0,1.0,0.25,1.0,0.25
s1_1.0,0.949483636646024,0.03819223616683398,1.0,1.0,-1.3226867139516767,92,163,800,100,2,100,0.0,0,0.3,0.0,0.0,1.0,0.7,1.0,1.0,0.25,1.0,0.25
s1_1.0,0.9990170590189006,0.0362128188617757,1.0,1.0,-0.027143453947931988,93,164,800,100,2,100,0.0,0,0.3,0.0,0.0,1.0,0.7,1.0,1.0,0.25,1.0,0.25
s1_1.0,0.9899267905543829,0.03675241959638291,1.0,1.0,-0.27408289185424006,94,165,800,100,2,100,0.0,0,0.3,0.0,0.0,1.0,0.7,1.0,1.0,0.25,1.0,0.25
s1_1.0,0.9529056675022551,0.035681536018892304,1.0,1.0,-1.319851602599446,95,166,800,100,2,100,0.0,0,0.3,0.0,0.0,1.0,0.7,1.0,1.0,0.25,1.0,0.25
s1_1.0,0.982232690283651,0.0332144686994231,1.0,1.0,-0.5349268078660426,96,167,800,100,2,100,0.0,0,0.3,0.0,0.0,1.0,0.7,1.0,1.0,0.25,1.0,0.25
s1_1.0,1.0681493372774735,0.03531112626481063,1.0,1.0,1.929967817123632,97,168,800,100,2,100,0.0,0,0.3,0.0,0.0,1.0,0.7,1.0,1.0,0.25,1.0,0.25
s1_1.0,1.022553777709141,0.03807273483867935,1.0,1.0,0.5923865938369045,98,169,800,100,2,100,0.0,0,0.3,0.0,0.0,1.0,0.7,1.0,1.0,0.25,1.0,0.25
s1_1.0,0.953264252657889,0.03915649546686606,1.0,1.0,-1.1935630802725539,99,170,800,100,2,100,0.0,0,0.3,0.0,0.0,1.0,0.7,1.0,1.0,0.25,1.0,0.25
s1_2.0,1.0104958677304081,0.01986915407407699,1.0,1.0,0.5282493502882404,0,72,800,100,2,100,0.0,0,0.3,0.0,0.0,1.0,0.7,2.0,1.0,0.25,1.0,0.25
s1_2.0,0.9733735377495497,0.018535019794796267,1.0,1.0,-1.4365488974511755,1,73,800,100,2,100,0.0,0,0.3,0.0,0.0,1.0,0.7,2.0,1.0,0.25,1.0,0.25
s1_2.0,0.9637224033178973,0.018311895966996505,1.0,1.0,-1.9810945162361,2,74,800,100,2,100,0.0,0,0.3,0.0,0.0,1.0,0.7,2.0,1.0,0.25,1.0,0.25
s1_2.0,0.9793270800049465,0.018177305927843095,1.0,1.0,-1.1372928462070797,3,75,800,100,2,100,0.0,0,0.3,0.0,0.0,1.0,0.7,2.0,1.0,0.25,1.0,0.25
s1_2.0,0.986131092568515,0.01862721446077547,1.0,1.0,-0.7445508001579947,4,76,800,100,2,100,0.0,0,0.3,0.0,0.0,1.0,0.7,2.0,1.0,0.25,1.0,0.25
s1_2.0,0.9997059596856352,0.018110280348545494,1.0,1.0,-0.01623609953604983,5,77,800,100,2,100,0.0,0,0.3,0.0,0.0,1.0,0.7,2.0,1.0,0.25,1.0,0.25
s1_2.0,0.9891231635909621,0.02004943924990673,1.0,1.0,-0.5425007788728313,6,78,800,100,2,100,0.0,0,0.3,0.0,0.0,1.0,0.7,2.0,1.0,0.25,1.0,0.25
s1_2.0,1.0060717666446195,0.018405705078699642,1.0,1.0,0.3298850339423385,7,79,800,100,2,100,0.0,0,0.3,0.0,0.0,1.0,0.7,2.0,1.0,0.25,1.0,0.25
s1_2.0,0.9824685316616335,0.017333217118585344,1.0,1.0,-1.0114376470579474,8,80,800,100,2,100,0.0,0,0.3,0.0,0.0,1.0,0.7,2.0,1.0,0.25,1.0,0.25
s1_2.0,1.0033328041235672,0.01832849571849867,1.0,1.0,0.18183729722038403,9,81,800,100,2,100,0.0,0,0.3,0.0,0.0,1.0,0.7,2.0,1.0,0.25,1.0,0.25
s1_2.0,0.9965253650781619,0.019129591620761437,1.0,1.0,-0.18163664916228764,10,82,800,100,2,100,0.0,0,0.3,0.0,0.0,1.0,0.7,2.0,1.0,0.25,1.0,0.25
s1_2.0,0.9920431119030289,0.018080301536336513,1.0,1.0,-0.44008602848685663,11,83,800,100,2,100,0.0,0,0.3,0.0,0.0,1.0,0.7,2.0,1.0,0.25,1.0,0.25
s1_2.0,0.9972423722700277,0.018890200673809632,1.0,1.0,-0.1459819182225875,12,84,800,100,2,100,0.0,0,0.3,0.0,0.0,1.0,0.7,2.0,1.0,0.25,1.0,0.25
s1_2.0,0.9746257181282844,0.018996910229560637,1.0,1.0,-1.335705731357899,13,85,800,100,2,100,0.0,0,0.3,0.0,0.0,1.0,0.7,2.0,1.0,0.25,1.0,0.25
s1_2.0,0.9959418118849416,0.01760345761513161,1.0,1.0,-0.23053358060578288,14,86,800,100,2,100,0.0,0,0.3,0.0,0.0,1.0,0.7,2.0,1.0,0.25,1.0,0.25
s1_2.0,1.0135738324441124,0.017457660318808677,1.0,1.0,0.777528729293013,15,87,800,100,2,100,0.0,0,0.3,0.0,0.0,1.0,0.7,2.0,1.0,0.25,1.0,0.25
s1_2.0,1.0005467349396147,0.017435636729967615,1.0,1.0,0.031357325693471966,16,88,800,100,2,100,0.0,0,0.3,0.0,0.0,1.0,0.7,2.0,1.0,0.25,1.0,0.25
s1_2.0,0.9654246163555443,0.018736568471724776,1.0,1.0,-1.8453423686750934,17,89,800,100,2,100,0.0,0,0.3,0.0,0.0,1.0,0.7,2.0,1.0,0.25,1.0,0.25
s1_2.0,1.0001271018488862,0.017884178576022206,1.0,1.0,0.0071069436231536364,18,90,800,100,2,100,0.0,0,0.3,0.0,0.0,1.0,0.7,2.0,1.0,0.25,1.0,0.25
s1_2.0,1.0034162972464444,0.018295582846652718,1.0,1.0,0.186727981014798,19,91,800,100,2,100,0.0,0,0.3,0.0,0.0,1.0,0.7,2.0,1.0,0.25,1.0,0.25
s1_2.0,0.9949445713613992,0.017234249512078616,1.0,1.0,-0.29333616384384253,20,92,800,100,2,100,0.0,0,0.3,0.0,0.0,1.0,0.7,2.0,1.0,0.25,1.0,0.25
s1_2.0,1.0135529721939365,0.018905409820088988,1.0,1.0,0.7168832795962463,21,93,800,100,2,100,0.0,0,0.3,0.0,0.0,1.0,0.7,2.0,1.0,0.25,1.0,0.25
s1_2.0,0.999840813360107,0.018055021540915636,1.0,1.0,-0.008816751590811581,22,94,800,100,2,100,0.0,0,0.3,0.0,0.0,1.0,0.7,2.0,1.0,0.25,1.0,0.25
s1_2.0,0.9950748853971568,0.01795054353166284,1.0,1.0,-0.2743713355618339,23,95,800,100,2,100,0.0,0,0.3,0.0,0.0,1.0,0.7,2.0,1.0,0.25,1.0,0.25
s1_2.0,0.9757208732530626,0.017040047510299857,1.0,1.0,-1.4248274092112667,24,96,800,100,2,100,0.0,0,0.3,0.0,0.0,1.0,0.7,2.0,1.0,0.25,1.0,0.25
s1_2.0,0.9675292972649471,0.020452122048345466,1.0,1.0,-1.58764467854717,25,97,800,100,2,100,0.0,0,0.3,0.0,0.0,1.0,0.7,2.0,1.0,0.25,1.0,0.25
s1_2.0,0.9840709816729734,0.01749493216104788,1.0,1.0,-0.9104932891647496,26,98,800,100,2,100,0.0,0,0.3,0.0,0.0,1.0,0.7,2.0,1.0,0.25,1.0,0.25
s1_2.0,0.9732293829214125,0.017674326182156856,1.0,1.0,-1.5146612551268768,27,99,800,100,2,100,0.0,0,0.3,0.0,0.0,1.0,0.7,2.0,1.0,0.25,1.0,0.25
s1_2.0,0.9610338174056355,0.017996829271931507,1.0,1.0,-2.16516931986111,28,100,800,100,2,100,0.0,0,0.3,0.0,0.0,1.0,0.7,2.0,1.0,0.25,1.0,0.25
s1_2.0,0.9957932700011296,0.018642534309000678,1.0,1.0,-0.22565225999553998,29,101,800,100,2,100,0.0,0,0.3,0.0,0.0,1.0,0.7,2.0,1.0,0.25,1.0,0.25
s1_2.0,0.9616039714403996,0.018935446595236046,1.0,1.0,-2.0277329275804075,30,102,800,100,2,100,0.0,0,0.3,0.0,0.0,1.0,0.7,2.0,1.0,0.25,1.0,0.25
s1_2.0,0.9769154251492574,0.01812164812192554,1.0,1.0,-1.2738672937155384,31,103,800,100,2,100,0.0,0,0.3,0.0,0.0,1.0,0.7,2.0,1.0,0.25,1.0,0.25
s1_2.0,0.9635438198732957,0.017802211608069596,1.0,1.0,-2.0478455671304894,32,104,800,100,2,100,0.0,0,0.3,0.0,0.0,1.0,0.7,2.0,1.0,0.25,1.0,0.25
s1_2.0,0.9930574529209898,0.01757027855441188,1.0,1.0,-0.39513016583717975,33,105,800,100,2,100,0.0,0,0.3,0.0,0.0,1.0,0.7,2.0,1.0,0.25,1.0,0.25
s1_2.0,0.9910831995436173,0.01821025918660508,1.0,1.0,-0.48965807488020746,34,106,800,100,2,100,0.0,0,0.3,0.0,0.0,1.0,0.7,2.0,1.0,0.25,1.0,0.25
s1_2.0,1.0191711273334967,0.01970601465327106,1.0,1.0,0.9728566466032954,35,107,800,100,2,100,0.0,0,0.3,0.0,0.0,1.0,0.7,2.0,1.0,0.25,1.0,0.25
s1_2.0,0.9880254613610469,0.01872001660338201,1.0,1.0,-0.6396649582452717,36,108,800,100,2,100,0.0,0,0.3,0.0,0.0,1.0,0.7,2.0,1.0,0.25,1.0,0.25
s1_2.0,0.9831558462682463,0.017436786461372426,1.0,1.0,-0.966012502881105,37,109,800,100,2,100,0.0,0,0.3,0.0,0.0,1.0,0.7,2.0,1.0,0.25,1.0,0.25
s1_2.0,0.968872026489044,0.01729877185718299,1.0,1.0,-1.7994325705862564,38,110,800,100,2,100,0.0,0,0.3,0.0,0.0,1.0,0.7,2.0,1.0,0.25,1.0,0.25
s1_2.0,0.9896566774344461,0.018571820690578812,1.0,1.0,-0.5569363789303075,39,111,800,100,2,100,0.0,0,0.3,0.0,0.0,1.0,0.7,2.0,1.0,0.25,1.0,0.25
s1_2.0,1.0077918153821879,0.019433998006836237,1.0,1.0,0.40093733566541323,40,112,800,100,2,100,0.0,0,0.3,0.0,0.0,1.0,0.7,2.0,1.0,0.25,1.0,0.25
s1_2.0,1.0307524313550882,0.01864257966484833,1.0,1.0,1.6495802570217097,41,113,800,100,2,100,0.0,0,0.3,0.0,0.0,1.0,0.7,2.0,1.0,0.25,1.0,0.25
s1_2.0,0.9990121043590245,0.017109692506868137,1.0,1.0,-0.05773894770925291,42,114,800,100,2,100,0.0,0,0.3,0.0,0.0,1.0,0.7,2.0,1.0,0.25,1.0,0.25
s1_2.0,0.9874854803431777,0.018894515185899692,1.0,1.0,-0.662336108320017,43,115,800,100,2,100,0.0,0,0.3,0.0,0.0,1.0,0.7,2.0,1.0,0.25,1.0,0.25
s1_2.0,0.9787996404407825,0.019008234284781718,1.0,1.0,-1.1153250344873347,44,116,800,100,2,100,0.0,0,0.3,0.0,0.0,1.0,0.7,2.0,1.0,0.25,1.0,0.25
s1_2.0,1.0009636915652178,0.018195925462325357,1.0,1.0,0.052961942892826644,45,117,800,100,2,100,0.0,0,0.3,0.0,0.0,1.0,0.7,2.0,1.0,0.25,1.0,0.25
s1_2.0,0.9545733862250922,0.018168058791913213,1.0,1.0,-2.5003559430976523,46,118,800,100,2,100,0.0,0,0.3,0.0,0.0,1.0,0.7,2.0,1.0,0.25,1.0,0.25
s1_2.0,0.9690247877005741,0.01905793445430695,1.0,1.0,-1.6253184401327259,47,119,800,100,2,100,0.0,0,0.3,0.0,0.0,1.0,0.7,2.0,1.0,0.25,1.0,0.25
s1_2.0,0.9629451053814464,0.01860427092882927,1.0,1.0,-1.9917412921101443,48,120,800,100,2,100,0.0,0,0.3,0.0,0.0,1.0,0.7,2.0,1.0,0.25,1.0,0.25
s1_2.0,1.0265869592424233,0.019869086010974216,1.0,1.0,1.3381068071142577,49,121,800,100,2,100,0.0,0,0.3,0.0,0.0,1.0,0.7,2.0,1.0,0.25,1.0,0.25
s1_2.0,0.995851121100287,0.018847262279688057,1.0,1.0,-0.2201316476708848,50,122,800,100,2,100,0.0,0,0.3,0.0,0.0,1.0,0.7,2.0,1.0,0.25,1.0,0.25
s1_2.0,0.9995154671894033,0.018690205019104306,1.0,1.0,-0.025924424590389173,51,123,800,100,2,100,0.0,0,0.3,0.0,0.0,1.0,0.7,2.0,1.0,0.25,1.0,0.25
s1_2.0,0.9464797685687569,0.018230412372475937,1.0,1.0,-2.9357663632473443,52,124,800,100,2,100,0.0,0,0.3,0.0,0.0,1.0,0.7,2.0,1.0,0.25,1.0,0.25
s1_2.0,0.9894745180287999,0.017685189334074376,1.0,1.0,-0.5951580032519318,53,125,800,100,2,100,0.0,0,0.3,0.0,0.0,1.0,0.7,2.0,1.0,0.25,1.0,0.25
s1_2.0,0.9742278424679433,0.01986198419871707,1.0,1.0,-1.2975620801128938,54,126,800,100,2,100,0.0,0,0.3,0.0,0.0,1.0,0.7,2.0,1.0,0.25,1.0,0.25
s1_2.0,0.9905503920958465,0.018135478495229004,1.0,1.0,-0.5210564423011755,55,127,800,100,2,100,0.0,0,0.3,0.0,0.0,1.0,0.7,2.0,1.0,0.25,1.0,0.25
s1_2.0,0.9967609357388362,0.018128090516640407,1.0,1.0,-0.17867652735904957,56,128,800,100,2,100,0.0,0,0.3,0.0,0.0,1.0,0.7,2.0,1.0,0.25,1.0,0.25
s1_2.0,1.0201197710689316,0.018402446888214432,1.0,1.0,1.0933204258732023,57,129,800,100,2,100,0.0,0,0.3,0.0,0.0,1.0,0.7,2.0,1.0,0.25,1.0,0.25
s1_2.0,1.0209451535863479,0.018131240632333477,1.0,1.0,1.155196933904033,58,130,800,100,2,100,0.0,0,0.3,0.0,0.0,1.0,0.7,2.0,1.0,0.25,1.0,0.25
s1_2.0,0.9890019523715509,0.017267574820766955,1.0,1.0,-0.6369190660880917,59,131,800,100,2,100,0.0,0,0.3,0.0,0.0,1.0,0.7,2.0,1.0,0.25,1.0,0.25
s1_2.0,1.0446788632331063,0.017605187061111176,1.0,1.0,2.5378238287396164,60,132,800,100,2,100,0.0,0,0.3,0.0,0.0,1.0,0.7,2.0,1.0,0.25,1.0,0.25
s1_2.0,1.0013762957246672,0.01746713300285763,1.0,1.0,0.07879345307796534,61,133,800,100,2,100,0.0,0,0.3,0.0,0.0,1.0,0.7,2.0,1.0,0.25,1.0,0.25
s1_2.0,0.9915252385613708,0.020221195668716406,1.0,1.0,-0.4191028847883751,62,134,800,100,2,100,0.0,0,0.3,0.0,0.0,1.0,0.7,2.0,1.0,0.25,1.0,0.25
s1_2.0,1.0250943505632821,0.019909454392140057,1.0,1.0,1.26042382021222,63,135,800,100,2,100,0.0,0,0.3,0.0,0.0,1.0,0.7,2.0,1.0,0.25,1.0,0.25
s1_2.0,0.985664169139206,0.019013050583630463,1.0,1.0,-0.7539995119529458,64,136,800,100,2,100,0.0,0,0.3,0.0,0.0,1.0,0.7,2.0,1.0,0.25,1.0,0.25
s1_2.0,0.9995079071666257,0.018757056647709963,1.0,1.0,-0.026235077422679602,65,137,800,100,2,100,0.0,0,0.3,0.0,0.0,1.0,0.7,2.0,1.0,0.25,1.0,0.25
s1_2.0,0.9916423513894566,0.018709754225160986,1.0,1.0,-0.44670007472915013,66,138,800,100,2,100,0.0,0,0.3,0.0,0.0,1.0,0.7,2.0,1.0,0.25,1.0,0.25
s1_2.0,0.9826665291270186,0.019792336488389586,1.0,1.0,-0.8757667839342486,67,139,800,100,2,100,0.0,0,0.3,0.0,0.0,1.0,0.7,2.0,1.0,0.25,1.0,0.25
s1_2.0,0.9983324300214612,0.018538573827460693,1.0,1.0,-0.08995136271316938,68,140,800,100,2,100,0.0,0,0.3,0.0,0.0,1.0,0.7,2.0,1.0,0.25,1.0,0.25
s1_2.0,0.961591422997235,0.018508766886185864,1.0,1.0,-2.075155910652886,69,141,800,100,2,100,0.0,0,0.3,0.0,0.0,1.0,0.7,2.0,1.0,0.25,1.0,0.25
s1_2.0,1.0201762521156703,0.019175108990826188,1.0,1.0,1.052210557203252,70,142,800,100,2,100,0.0,0,0.3,0.0,0.0,1.0,0.7,2.0,1.0,0.25,1.0,0.25
s1_2.0,0.978452612046714,0.01847563459226677,1.0,1.0,-1.1662596943925805,71,143,800,100,2,100,0.0,0,0.3,0.0,0.0,1.0,0.7,2.0,1.0,0.25,1.0,0.25
s1_2.0,0.9979875259837873,0.019021707277892565,1.0,1.0,-0.10579881115885323,72,144,800,100,2,100,0.0,0,0.3,0.0,0.0,1.0,0.7,2.0,1.0,0.25,1.0,0.25
s1_2.0,0.9886564254498273,0.019291066644781835,1.0,1.0,-0.5880221534168537,73,145,800,100,2,100,0.0,0,0.3,0.0,0.0,1.0,0.7,2.0,1.0,0.25,1.0,0.25
s1_2.0,0.962178218237692,0.01762784480176765,1.0,1.0,-2.145570385241614,74,146,800,100,2,100,0.0,0,0.3,0.0,0.0,1.0,0.7,2.0,1.0,0.25,1.0,0.25
s1_2.0,0.9948976789763608,0.018345711926155327,1.0,1.0,-0.27812063353970096,75,147,800,100,2,100,0.0,0,0.3,0.0,0.0,1.0,0.7,2.0,1.0,0.25,1.0,0.25
s1_2.0,0.9893454089940521,0.01807875694998982,1.0,1.0,-0.5893431188560726,76,148,800,100,2,100,0.0,0,0.3,0.0,0.0,1.0,0.7,2.0,1.0,0.25,1.0,0.25
s1_2.0,0.9712898813035552,0.019284117080811795,1.0,1.0,-1.4887961204618552,77,149,800,100,2,100,0.0,0,0.3,0.0,0.0,1.0,0.7,2.0,1.0,0.25,1.0,0.25
s1_2.0,0.9784792930747045,0.017906772512404176,1.0,1.0,-1.201819418345094,78,150,800,100,2,100,0.0,0,0.3,0.0,0.0,1.0,0.7,2.0,1.0,0.25,1.0,0.25
s1_2.0,0.9646089846878595,0.018014812208722086,1.0,1.0,-1.9645508874639017,79,151,800,100,2,100,0.0,0,0.3,0.0,0.0,1.0,0.7,2.0,1.0,0.25,1.0,0.25
s1_2.0,0.9834837738440297,0.01944670210016724,1.0,1.0,-0.8493073052128578,80,152,800,100,2,100,0.0,0,0.3,0.0,0.0,1.0,0.7,2.0,1.0,0.25,1.0,0.25
s1_2.0,0.9908465293305174,0.02073015590832518,1.0,1.0,-0.44155339255343307,81,153,800,100,2,100,0.0,0,0.3,0.0,0.0,1.0,0.7,2.0,1.0,0.25,1.0,0.25
s1_2.0,0.9957574527328054,0.019550161004246537,1.0,1.0,-0.2170083032192475,82,154,800,100,2,100,0.0,0,0.3,0.0,0.0,1.0,0.7,2.0,1.0,0.25,1.0,0.25
s1_2.0,0.9738509857292734,0.019247839149694645,1.0,1.0,-1.3585428508291237,83,155,800,100,2,100,0.0,0,0.3,0.0,0.0,1.0,0.7,2.0,1.0,0.25,1.0,0.25
s1_2.0,0.997958166165303,0.018711290663165812,1.0,1.0,-0.10912308891211267,84,156,800,100,2,100,0.0,0,0.3,0.0,0.0,1.0,0.7,2.0,1.0,0.25,1.0,0.25
s1_2.0,0.9843470949935883,0.018639392065975886,1.0,1.0,-0.8397755115084637,85,157,800,100,2,100,0.0,0,0.3,0.0,0.0,1.0,0.7,2.0,1.0,0.25,1.0,0.25
s1_2.0,1.0150654996231478,0.019934414279808327,1.0,1.0,0.7557533124215128,86,158,800,100,2,100,0.0,0,0.3,0.0,0.0,1.0,0.7,2.0,1.0,0.25,1.0,0.25
s1_2.0,0.9755534440984341,0.019377643085198033,1.0,1.0,-1.2615856218468493,87,159,800,100,2,100,0.0,0,0.3,0.0,0.0,1.0,0.7,2.0,1.0,0.25,1.0,0.25
s1_2.0,0.9813520730584581,0.018553215122193874,1.0,1.0,-1.0051048736687564,88,160,800,100,2,100,0.0,0,0.3,0.0,0.0,1.0,0.7,2.0,1.0,0.25,1.0,0.25
s1_2.0,1.0006091920593079,0.019456798337652795,1.0,1.0,0.03130998475370761,89,161,800,100,2,100,0.0,0,0.3,0.0,0.0,1.0,0.7,2.0,1.0,0.25,1.0,0.25
s1_2.0,1.0292421583481168,0.018494129605361103,1.0,1.0,1.581158939193336,90,162,800,100,2,100,0.0,0,0.3,0.0,0.0,1.0,0.7,2.0,1.0,0.25,1.0,0.25
s1_2.0,0.9732918814778757,0.019315684465130514,1.0,1.0,-1.382716650312802,91,163,800,100,2,100,0.0,0,0.3,0.0,0.0,1.0,0.7,2.0,1.0,0.25,1.0,0.25
s1_2.0,0.9861525311128814,0.019123620629555485,1.0,1.0,-0.7241028859209546,92,164,800,100,2,100,0.0,0,0.3,0.0,0.0,1.0,0.7,2.0,1.0,0.25,1.0,0.25
s1_2.0,1.0035142026182964,0.019514867956104336,1.0,1.0,0.18007821657830497,93,165,800,100,2,100,0.0,0,0.3,0.0,0.0,1.0,0.7,2.0,1.0,0.25,1.0,0.25
s1_2.0,0.972928898837135,0.018402888439501237,1.0,1.0,-1.4710245759441627,94,166,800,100,2,100,0.0,0,0.3,0.0,0.0,1.0,0.7,2.0,1.0,0.25,1.0,0.25
s1_2.0,0.990887351824821,0.01773508504437241,1.0,1.0,-0.5138203821622245,95,167,800,100,2,100,0.0,0,0.3,0.0,0.0,1.0,0.7,2.0,1.0,0.25,1.0,0.25
s1_2.0,1.0159177607991399,0.018319466381459617,1.0,1.0,0.8688987150438827,96,168,800,100,2,100,0.0,0,0.3,0.0,0.0,1.0,0.7,2.0,1.0,0.25,1.0,0.25
s1_2.0,1.001281881030233,0.01948089267195184,1.0,1.0,0.0658019656398345,97,169,800,100,2,100,0.0,0,0.3,0.0,0.0,1.0,0.7,2.0,1.0,0.25,1.0,0.25
s1_2.0,0.9784985131406534,0.020194811132115464,1.0,1.0,-1.0647035378881637,98,170,800,100,2,100,0.0,0,0.3,0.0,0.0,1.0,0.7,2.0,1.0,0.25,1.0,0.25
s1_2.0,1.0037295592873179,0.019163866020954427,1.0,1.0,0.19461413909071673,99,171,800,100,2,100,0.0,0,0.3,0.0,0.0,1.0,0.7,2.0,1.0,0.25,1.0,0.25
ind_nl_mD,0.9714134321191344,0.03528292704585553,1.0,1.0,-0.8102096473944171,0,73,800,100,2,100,0.0,0,0.3,0.0,0.0,1.0,0.7,1.0,0.0,2.0,1.0,0.25
ind_nl_mD,0.9708925807025428,0.03425813199206982,1.0,1.0,-0.8496499255766505,1,74,800,100,2,100,0.0,0,0.3,0.0,0.0,1.0,0.7,1.0,0.0,2.0,1.0,0.25
ind_nl_mD,1.005182938389448,0.03370886919783251,1.0,1.0,0.15375592574850327,2,75,800,100,2,100,0.0,0,0.3,0.0,0.0,1.0,0.7,1.0,0.0,2.0,1.0,0.25
ind_nl_mD,0.9806377489991297,0.036683651207782365,1.0,1.0,-0.5278168983561439,3,76,800,100,2,100,0.0,0,0.3,0.0,0.0,1.0,0.7,1.0,0.0,2.0,1.0,0.25
ind_nl_mD,0.9800229061623656,0.03521485780401027,1.0,1.0,-0.5672916230080406,4,77,800,100,2,100,0.0,0,0.3,0.0,0.0,1.0,0.7,1.0,0.0,2.0,1.0,0.25
ind_nl_mD,0.9770499562201023,0.039973568644224744,1.0,1.0,-0.5741304706657329,5,78,800,100,2,100,0.0,0,0.3,0.0,0.0,1.0,0.7,1.0,0.0,2.0,1.0,0.25
ind_nl_mD,0.9724582659487331,0.03383910624397656,1.0,1.0,-0.8139025260505931,6,79,800,100,2,100,0.0,0,0.3,0.0,0.0,1.0,0.7,1.0,0.0,2.0,1.0,0.25
ind_nl_mD,0.9744682701767187,0.03200060203850901,1.0,1.0,-0.7978515464351846,7,80,800,100,2,100,0.0,0,0.3,0.0,0.0,1.0,0.7,1.0,0.0,2.0,1.0,0.25
ind_nl_mD,1.0158888711001028,0.03665593406134613,1.0,1.0,0.4334597250614802,8,81,800,100,2,100,0.0,0,0.3,0.0,0.0,1.0,0.7,1.0,0.0,2.0,1.0,0.25
ind_nl_mD,1.0039762926298563,0.03587811377390919,1.0,1.0,0.11082780591291601,9,82,800,100,2,100,0.0,0,0.3,0.0,0.0,1.0,0.7,1.0,0.0,2.0,1.0,0.25
ind_nl_mD,0.9848020004410897,0.03473587849916397,1.0,1.0,-0.43753030628766487,10,83,800,100,2,100,0.0,0,0.3,0.0,0.0,1.0,0.7,1.0,0.0,2.0,1.0,0.25
ind_nl_mD,0.9936001922059345,0.03621793819415463,1.0,1.0,-0.17670270902108814,11,84,800,100,2,100,0.0,0,0.3,0.0,0.0,1.0,0.7,1.0,0.0,2.0,1.0,0.25
ind_nl_mD,0.9797386654053285,0.036023369518876545,1.0,1.0,-0.5624497337500421,12,85,800,100,2,100,0.0,0,0.3,0.0,0.0,1.0,0.7,1.0,0.0,2.0,1.0,0.25
ind_nl_mD,1.0112424600694045,0.035030389125189736,1.0,1.0,0.3209344900288388,13,86,800,100,2,100,0.0,0,0.3,0.0,0.0,1.0,0.7,1.0,0.0,2.0,1.0,0.25
ind_nl_mD,1.0236144624417796,0.0347050202012787,1.0,1.0,0.6804336175234236,14,87,800,100,2,100,0.0,0,0.3,0.0,0.0,1.0,0.7,1.0,0.0,2.0,1.0,0.25
ind_nl_mD,1.0228476433138305,0.03469861382858956,1.0,1.0,0.658459828588467,15,88,800,100,2,100,0.0,0,0.3,0.0,0.0,1.0,0.7,1.0,0.0,2.0,1.0,0.25
ind_nl_mD,0.9684827177979257,0.03680789892737583,1.0,1.0,-0.8562640933202885,16,89,800,100,2,100,0.0,0,0.3,0.0,0.0,1.0,0.7,1.0,0.0,2.0,1.0,0.25
ind_nl_mD,0.9977533522643224,0.03418216929989044,1.0,1.0,-0.06572572138318973,17,90,800,100,2,100,0.0,0,0.3,0.0,0.0,1.0,0.7,1.0,0.0,2.0,1.0,0.25
ind_nl_mD,1.014125841335284,0.03522568943413751,1.0,1.0,0.40100964841853687,18,91,800,100,2,100,0.0,0,0.3,0.0,0.0,1.0,0.7,1.0,0.0,2.0,1.0,0.25
ind_nl_mD,0.9868820638025826,0.03349552606259977,1.0,1.0,-0.391632487661227,19,92,800,100,2,100,0.0,0,0.3,0.0,0.0,1.0,0.7,1.0,0.0,2.0,1.0,0.25
ind_nl_mD,0.9874881892382195,0.035278895126277444,1.0,1.0,-0.35465426898987923,20,93,800,100,2,100,0.0,0,0.3,0.0,0.0,1.0,0.7,1.0,0.0,2.0,1.0,0.25
ind_nl_mD,1.0276955978315792,0.03495950397908165,1.0,1.0,0.7922194161607978,21,94,800,100,2,100,0.0,0,0.3,0.0,0.0,1.0,0.7,1.0,0.0,2.0,1.0,0.25
ind_nl_mD,0.9820747987126527,0.03515439625205713,1.0,1.0,-0.5098992785660026,22,95,800,100,2,100,0.0,0,0.3,0.0,0.0,1.0,0.7,1.0,0.0,2.0,1.0,0.25
ind_nl_mD,0.9300918697617185,0.034816292275527974,1.0,1.0,-2.007914274301379,23,96,800,100,2,100,0.0,0,0.3,0.0,0.0,1.0,0.7,1.0,0.0,2.0,1.0,0.25
ind_nl_mD,0.9611928497182484,0.037265870371018105,1.0,1.0,-1.0413590208785837,24,97,800,100,2,100,0.0,0,0.3,0.0,0.0,1.0,0.7,1.0,0.0,2.0,1.0,0.25
ind_nl_mD,0.9612922342821278,0.032240605323751656,1.0,1.0,-1.2005905388307379,25,98,800,100,2,100,0.0,0,0.3,0.0,0.0,1.0,0.7,1.0,0.0,2.0,1.0,0.25
ind_nl_mD,0.9748389992250083,0.03773923281622986,1.0,1.0,-0.6667067371907774,26,99,800,100,2,100,0.0,0,0.3,0.0,0.0,1.0,0.7,1.0,0.0,2.0,1.0,0.25
ind_nl_mD,0.9114728161664303,0.03747725510961749,1.0,1.0,-2.362157622660356,27,100,800,100,2,100,0.0,0,0.3,0.0,0.0,1.0,0.7,1.0,0.0,2.0,1.0,0.25
ind_nl_mD,1.0148048374060468,0.03576567051608513,1.0,1.0,0.41393988124418046,28,101,800,100,2,100,0.0,0,0.3,0.0,0.0,1.0,0.7,1.0,0.0,2.0,1.0,0.25
ind_nl_mD,0.9574172481476998,0.03517324964928885,1.0,1.0,-1.2106573113627892,29,102,800,100,2,100,0.0,0,0.3,0.0,0.0,1.0,0.7,1.0,0.0,2.0,1.0,0.25
ind_nl_mD,0.9684382268795328,0.0346758495129755,1.0,1.0,-0.9101946618108642,30,103,800,100,2,100,0.0,0,0.3,0.0,0.0,1.0,0.7,1.0,0.0,2.0,1.0,0.25
ind_nl_mD,0.9347257397168993,0.03594557869313653,1.0,1.0,-1.8159190269362442,31,104,800,100,2,100,0.0,0,0.3,0.0,0.0,1.0,0.7,1.0,0.0,2.0,1.0,0.25
ind_nl_mD,0.9696467210341565,0.03218162742448743,1.0,1.0,-0.9431865755411514,32,105,800,100,2,100,0.0,0,0.3,0.0,0.0,1.0,0.7,1.0,0.0,2.0,1.0,0.25
ind_nl_mD,0.9954173630197276,0.036941632420378734,1.0,1.0,-0.12405074383622514,33,106,800,100,2,100,0.0,0,0.3,0.0,0.0,1.0,0.7,1.0,0.0,2.0,1.0,0.25
ind_nl_mD,1.0587733984647933,0.040820505619118375,1.0,1.0,1.4398008445360044,34,107,800,100,2,100,0.0,0,0.3,0.0,0.0,1.0,0.7,1.0,0.0,2.0,1.0,0.25
ind_nl_mD,0.9893020226837064,0.03849831461189319,1.0,1.0,-0.2778817053198669,35,108,800,100,2,100,0.0,0,0.3,0.0,0.0,1.0,0.7,1.0,0.0,2.0,1.0,0.25
ind_nl_mD,0.9740820636255108,0.0344559574826851,1.0,1.0,-0.7522047932498639,36,109,800,100,2,100,0.0,0,0.3,0.0,0.0,1.0,0.7,1.0,0.0,2.0,1.0,0.25
ind_nl_mD,1.0037485285437635,0.03442363954469983,1.0,1.0,0.1088940214731206,37,110,800,100,2,100,0.0,0,0.3,0.0,0.0,1.0,0.7,1.0,0.0,2.0,1.0,0.25
ind_nl_mD,0.984193830393909,0.03693432685855052,1.0,1.0,-0.4279533688707751,38,111,800,100,2,100,0.0,0,0.3,0.0,0.0,1.0,0.7,1.0,0.0,2.0,1.0,0.25
ind_nl_mD,1.0429869252244643,0.03852604918605756,1.0,1.0,1.1157885672850452,39,112,800,100,2,100,0.0,0,0.3,0.0,0.0,1.0,0.7,1.0,0.0,2.0,1.0,0.25
ind_nl_mD,1.0423073473178517,0.03562167048582,1.0,1.0,1.1876856627117771,40,113,800,100,2,100,0.0,0,0.3,0.0,0.0,1.0,0.7,1.0,0.0,2.0,1.0,0.25
ind_nl_mD,0.9832509755370125,0.03378436776120796,1.0,1.0,-0.4957625544858998,41,114,800,100,2,100,0.0,0,0.3,0.0,0.0,1.0,0.7,1.0,0.0,2.0,1.0,0.25
ind_nl_mD,0.9613453437008769,0.03569044726505046,1.0,1.0,-1.0830532890792697,42,115,800,100,2,100,0.0,0,0.3,0.0,0.0,1.0,0.7,1.0,0.0,2.0,1.0,0.25
ind_nl_mD,0.9766256146535881,0.03753887987155079,1.0,1.0,-0.6226713590387764,43,116,800,100,2,100,0.0,0,0.3,0.0,0.0,1.0,0.7,1.0,0.0,2.0,1.0,0.25
ind_nl_mD,1.0032746478475871,0.03412461993901215,1.0,1.0,0.09596144523923236,44,117,800,100,2,100,0.0,0,0.3,0.0,0.0,1.0,0.7,1.0,0.0,2.0,1.0,0.25
ind_nl_mD,0.8708225129925792,0.03486344238649422,1.0,1.0,-3.705241885622373,45,118,800,100,2,100,0.0,0,0.3,0.0,0.0,1.0,0.7,1.0,0.0,2.0,1.0,0.25
ind_nl_mD,0.935057978168029,0.03579301837601415,1.0,1.0,-1.8143767912987834,46,119,800,100,2,100,0.0,0,0.3,0.0,0.0,1.0,0.7,1.0,0.0,2.0,1.0,0.25
ind_nl_mD,0.9382827653711903,0.03623247414999726,1.0,1.0,-1.7033679337852894,47,120,800,100,2,100,0.0,0,0.3,0.0,0.0,1.0,0.7,1.0,0.0,2.0,1.0,0.25
ind_nl_mD,1.0730042407496225,0.03683202309470406,1.0,1.0,1.9820860929064614,48,121,800,100,2,100,0.0,0,0.3,0.0,0.0,1.0,0.7,1.0,0.0,2.0,1.0,0.25
ind_nl_mD,1.008576070113188,0.037946639337510524,1.0,1.0,0.22600341592596726,49,122,800,100,2,100,0.0,0,0.3,0.0,0.0,1.0,0.7,1.0,0.0,2.0,1.0,0.25
ind_nl_mD,1.007622002642089,0.035848594630571655,1.0,1.0,0.21261649781910757,50,123,800,100,2,100,0.0,0,0.3,0.0,0.0,1.0,0.7,1.0,0.0,2.0,1.0,0.25
ind_nl_mD,0.9122885239586944,0.0337396870075736,1.0,1.0,-2.599652925695987,51,124,800,100,2,100,0.0,0,0.3,0.0,0.0,1.0,0.7,1.0,0.0,2.0,1.0,0.25
ind_nl_mD,0.9718335732267208,0.03509139986766593,1.0,1.0,-0.802658967140049,52,125,800,100,2,100,0.0,0,0.3,0.0,0.0,1.0,0.7,1.0,0.0,2.0,1.0,0.25
ind_nl_mD,0.9329455928458592,0.037507559832057474,1.0,1.0,-1.7877571202813842,53,126,800,100,2,100,0.0,0,0.3,0.0,0.0,1.0,0.7,1.0,0.0,2.0,1.0,0.25
ind_nl_mD,1.034139021733017,0.03636008929221197,1.0,1.0,0.9389146835876825,54,127,800,100,2,100,0.0,0,0.3,0.0,0.0,1.0,0.7,1.0,0.0,2.0,1.0,0.25
ind_nl_mD,1.0054530054912043,0.034912104179787566,1.0,1.0,0.15619240430547693,55,128,800,100,2,100,0.0,0,0.3,0.0,0.0,1.0,0.7,1.0,0.0,2.0,1.0,0.25
ind_nl_mD,1.0260719653745343,0.035077895253895985,1.0,1.0,0.7432591147736705,56,129,800,100,2,100,0.0,0,0.3,0.0,0.0,1.0,0.7,1.0,0.0,2.0,1.0,0.25
ind_nl_mD,1.0225059579506388,0.034788136228459124,1.0,1.0,0.6469434810430392,57,130,800,100,2,100,0.0,0,0.3,0.0,0.0,1.0,0.7,1.0,0.0,2.0,1.0,0.25
ind_nl_mD,0.9556963235208261,0.0339943164631571,1.0,1.0,-1.3032671660625983,58,131,800,100,2,100,0.0,0,0.3,0.0,0.0,1.0,0.7,1.0,0.0,2.0,1.0,0.25
ind_nl_mD,1.0645571392868762,0.03307361828997717,1.0,1.0,1.9519224876112213,59,132,800,100,2,100,0.0,0,0.3,0.0,0.0,1.0,0.7,1.0,0.0,2.0,1.0,0.25
ind_nl_mD,1.0091281979267779,0.034585180175001354,1.0,1.0,0.2639337970942788,60,133,800,100,2,100,0.0,0,0.3,0.0,0.0,1.0,0.7,1.0,0.0,2.0,1.0,0.25
ind_nl_mD,0.9920110382093783,0.037734278632462266,1.0,1.0,-0.21171629828770344,61,134,800,100,2,100,0.0,0,0.3,0.0,0.0,1.0,0.7,1.0,0.0,2.0,1.0,0.25
ind_nl_mD,1.0717611830147125,0.038409809975256615,1.0,1.0,1.8683035157148815,62,135,800,100,2,100,0.0,0,0.3,0.0,0.0,1.0,0.7,1.0,0.0,2.0,1.0,0.25
ind_nl_mD,1.0032793353746683,0.0356630136120339,1.0,1.0,0.0919534005270304,63,136,800,100,2,100,0.0,0,0.3,0.0,0.0,1.0,0.7,1.0,0.0,2.0,1.0,0.25
ind_nl_mD,0.9828352611892794,0.03647181726384984,1.0,1.0,-0.4706302043176202,64,137,800,100,2,100,0.0,0,0.3,0.0,0.0,1.0,0.7,1.0,0.0,2.0,1.0,0.25
ind_nl_mD,0.964016307038069,0.036094022012931964,1.0,1.0,-0.9969432874241227,65,138,800,100,2,100,0.0,0,0.3,0.0,0.0,1.0,0.7,1.0,0.0,2.0,1.0,0.25
ind_nl_mD,0.9819434721061401,0.03728503028494416,1.0,1.0,-0.4842835785800934,66,139,800,100,2,100,0.0,0,0.3,0.0,0.0,1.0,0.7,1.0,0.0,2.0,1.0,0.25
ind_nl_mD,1.0092507801505568,0.035803959512869285,1.0,1.0,0.25837310388063994,67,140,800,100,2,100,0.0,0,0.3,0.0,0.0,1.0,0.7,1.0,0.0,2.0,1.0,0.25
ind_nl_mD,0.9217270783292045,0.03474691690349883,1.0,1.0,-2.252658038357176,68,141,800,100,2,100,0.0,0,0.3,0.0,0.0,1.0,0.7,1.0,0.0,2.0,1.0,0.25
ind_nl_mD,1.049624767672862,0.03666596309761482,1.0,1.0,1.353428724638907,69,142,800,100,2,100,0.0,0,0.3,0.0,0.0,1.0,0.7,1.0,0.0,2.0,1.0,0.25
ind_nl_mD,0.9326182199433138,0.03635356810826363,1.0,1.0,-1.853512146483619,70,143,800,100,2,100,0.0,0,0.3,0.0,0.0,1.0,0.7,1.0,0.0,2.0,1.0,0.25
ind_nl_mD,0.989637402972549,0.035470010447481916,1.0,1.0,-0.2921509437611873,71,144,800,100,2,100,0.0,0,0.3,0.0,0.0,1.0,0.7,1.0,0.0,2.0,1.0,0.25
ind_nl_mD,1.0073051712135077,0.03780728219826636,1.0,1.0,0.19322127348901813,72,145,800,100,2,100,0.0,0,0.3,0.0,0.0,1.0,0.7,1.0,0.0,2.0,1.0,0.25
ind_nl_mD,0.9202404847087624,0.033208840554785006,1.0,1.0,-2.4017554951868134,73,146,800,100,2,100,0.0,0,0.3,0.0,0.0,1.0,0.7,1.0,0.0,2.0,1.0,0.25
ind_nl_mD,0.9928399742469727,0.03556668564241192,1.0,1.0,-0.20131270664391798,74,147,800,100,2,100,0.0,0,0.3,0.0,0.0,1.0,0.7,1.0,0.0,2.0,1.0,0.25
ind_nl_mD,1.0069686302191505,0.03537283011019822,1.0,1.0,0.19700516462609546,75,148,800,100,2,100,0.0,0,0.3,0.0,0.0,1.0,0.7,1.0,0.0,2.0,1.0,0.25
ind_nl_mD,0.9581648969434169,0.035959856508657455,1.0,1.0,-1.1633834814249375,76,149,800,100,2,100,0.0,0,0.3,0.0,0.0,1.0,0.7,1.0,0.0,2.0,1.0,0.25
ind_nl_mD,0.9641359052629692,0.036188939683965596,1.0,1.0,-0.991023640101875,77,150,800,100,2,100,0.0,0,0.3,0.0,0.0,1.0,0.7,1.0,0.0,2.0,1.0,0.25
ind_nl_mD,0.9721681217953397,0.036815057452050395,1.0,1.0,-0.7559917091236316,78,151,800,100,2,100,0.0,0,0.3,0.0,0.0,1.0,0.7,1.0,0.0,2.0,1.0,0.25
ind_nl_mD,1.020762680989975,0.03858085358287158,1.0,1.0,0.5381602287615755,79,152,800,100,2,100,0.0,0,0.3,0.0,0.0,1.0,0.7,1.0,0.0,2.0,1.0,0.25
ind_nl_mD,0.970254863355556,0.037578728730755066,1.0,1.0,-0.7915418549031458,80,153,800,100,2,100,0.0,0,0.3,0.0,0.0,1.0,0.7,1.0,0.0,2.0,1.0,0.25
ind_nl_mD,1.0142490153419352,0.03813731684217528,1.0,1.0,0.37362395998917103,81,154,800,100,2,100,0.0,0,0.3,0.0,0.0,1.0,0.7,1.0,0.0,2.0,1.0,0.25
ind_nl_mD,0.9593751801273375,0.037840152316560766,1.0,1.0,-1.073590284013816,82,155,800,100,2,100,0.0,0,0.3,0.0,0.0,1.0,0.7,1.0,0.0,2.0,1.0,0.25
ind_nl_mD,0.9746031721448458,0.037306656931158894,1.0,1.0,-0.6807586083636054,83,156,800,100,2,100,0.0,0,0.3,0.0,0.0,1.0,0.7,1.0,0.0,2.0,1.0,0.25
ind_nl_mD,0.982400283018821,0.03676288506676845,1.0,1.0,-0.4787360118558311,84,157,800,100,2,100,0.0,0,0.3,0.0,0.0,1.0,0.7,1.0,0.0,2.0,1.0,0.25
ind_nl_mD,1.0390756856749157,0.03713042883533126,1.0,1.0,1.0523898295980207,85,158,800,100,2,100,0.0,0,0.3,0.0,0.0,1.0,0.7,1.0,0.0,2.0,1.0,0.25
ind_nl_mD,0.9534158964013194,0.037002894842194316,1.0,1.0,-1.258931329490493,86,159,800,100,2,100,0.0,0,0.3,0.0,0.0,1.0,0.7,1.0,0.0,2.0,1.0,0.25
ind_nl_mD,0.9406059030087923,0.034968808204192424,1.0,1.0,-1.6984878822403475,87,160,800,100,2,100,0.0,0,0.3,0.0,0.0,1.0,0.7,1.0,0.0,2.0,1.0,0.25
ind_nl_mD,1.0298267931776832,0.035291564734866804,1.0,1.0,0.84515360545109,88,161,800,100,2,100,0.0,0,0.3,0.0,0.0,1.0,0.7,1.0,0.0,2.0,1.0,0.25
ind_nl_mD,1.008591799806741,0.035719183330521785,1.0,1.0,0.24053740891101066,89,162,800,100,2,100,0.0,0,0.3,0.0,0.0,1.0,0.7,1.0,0.0,2.0,1.0,0.25
ind_nl_mD,0.9399500810305953,0.03972235967866149,1.0,1.0,-1.5117409805254598,90,163,800,100,2,100,0.0,0,0.3,0.0,0.0,1.0,0.7,1.0,0.0,2.0,1.0,0.25
ind_nl_mD,0.995490854628868,0.03661266060342421,1.0,1.0,-0.12315809058438891,91,164,800,100,2,100,0.0,0,0.3,0.0,0.0,1.0,0.7,1.0,0.0,2.0,1.0,0.25
ind_nl_mD,1.0109698813490369,0.03475779272223887,1.0,1.0,0.3156092631284402,92,165,800,100,2,100,0.0,0,0.3,0.0,0.0,1.0,0.7,1.0,0.0,2.0,1.0,0.25
ind_nl_mD,0.9988412828486907,0.036319263891227596,1.0,1.0,-0.031903651868594216,93,166,800,100,2,100,0.0,0,0.3,0.0,0.0,1.0,0.7,1.0,0.0,2.0,1.0,0.25
ind_nl_mD,0.9717180985954198,0.03353421555411342,1.0,1.0,-0.8433744740187026,94,167,800,100,2,100,0.0,0,0.3,0.0,0.0,1.0,0.7,1.0,0.0,2.0,1.0,0.25
ind_nl_mD,1.0668721203092386,0.03573062576680201,1.0,1.0,1.8715630883624417,95,168,800,100,2,100,0.0,0,0.3,0.0,0.0,1.0,0.7,1.0,0.0,2.0,1.0,0.25
ind_nl_mD,1.0068402111198373,0.03745560647784375,1.0,1.0,0.18262182255368262,96,169,800,100,2,100,0.0,0,0.3,0.0,0.0,1.0,0.7,1.0,0.0,2.0,1.0,0.25
ind_nl_mD,0.9966386724760457,0.038862181363070875,1.0,1.0,-0.08649353705987488,97,170,800,100,2,100,0.0,0,0.3,0.0,0.0,1.0,0.7,1.0,0.0,2.0,1.0,0.25
ind_nl_mD,1.0061070320432108,0.03564879093717633,1.0,1.0,0.17131105663508267,98,171,800,100,2,100,0.0,0,0.3,0.0,0.0,1.0,0.7,1.0,0.0,2.0,1.0,0.25
ind_nl_mD,1.0012638380024355,0.03635679802965503,1.0,1.0,0.034762082221998405,99,172,800,100,2,100,0.0,0,0.3,0.0,0.0,1.0,0.7,1.0,0.0,2.0,1.0,0.25
ind_nl_mY,0.9468505679174368,0.033501455441802254,1.0,1.0,-1.5864812851158903,0,74,800,100,2,100,0.0,0,0.3,0.0,0.0,1.0,0.7,1.0,1.0,0.25,2.0,0.0
ind_nl_mY,0.9997894076999633,0.03440362036004987,1.0,1.0,-0.006121224970883322,1,75,800,100,2,100,0.0,0,0.3,0.0,0.0,1.0,0.7,1.0,1.0,0.25,2.0,0.0
ind_nl_mY,0.9745913812466104,0.03522586060022114,1.0,1.0,-0.7213058338517956,2,76,800,100,2,100,0.0,0,0.3,0.0,0.0,1.0,0.7,1.0,1.0,0.25,2.0,0.0
ind_nl_mY,1.0026688808412505,0.03508481385657994,1.0,1.0,0.07606940290920103,3,77,800,100,2,100,0.0,0,0.3,0.0,0.0,1.0,0.7,1.0,1.0,0.25,2.0,0.0
ind_nl_mY,0.9453827697860804,0.03913187541402139,1.0,1.0,-1.3957222759211192,4,78,800,100,2,100,0.0,0,0.3,0.0,0.0,1.0,0.7,1.0,1.0,0.25,2.0,0.0
ind_nl_mY,1.0049723727983328,0.03430128502741218,1.0,1.0,0.14496170608066522,5,79,800,100,2,100,0.0,0,0.3,0.0,0.0,1.0,0.7,1.0,1.0,0.25,2.0,0.0
ind_nl_mY,0.9780633991572826,0.032615494087827976,1.0,1.0,-0.6725822023007191,6,80,800,100,2,100,0.0,0,0.3,0.0,0.0,1.0,0.7,1.0,1.0,0.25,2.0,0.0
ind_nl_mY,1.0081168637786506,0.036006129719450816,1.0,1.0,0.22543005432393973,7,81,800,100,2,100,0.0,0,0.3,0.0,0.0,1.0,0.7,1.0,1.0,0.25,2.0,0.0
ind_nl_mY,1.0280354572299182,0.03566280233644266,1.0,1.0,0.7861260302943064,8,82,800,100,2,100,0.0,0,0.3,0.0,0.0,1.0,0.7,1.0,1.0,0.25,2.0,0.0
ind_nl_mY,0.9790182921479029,0.035345794867437066,1.0,1.0,-0.5936125621389503,9,83,800,100,2,100,0.0,0,0.3,0.0,0.0,1.0,0.7,1.0,1.0,0.25,2.0,0.0
ind_nl_mY,0.9493950934677546,0.03560265395170605,1.0,1.0,-1.4213801757837892,10,84,800,100,2,100,0.0,0,0.3,0.0,0.0,1.0,0.7,1.0,1.0,0.25,2.0,0.0
ind_nl_mY,0.9583591728270627,0.03602254340777831,1.0,1.0,-1.1559657712549471,11,85,800,100,2,100,0.0,0,0.3,0.0,0.0,1.0,0.7,1.0,1.0,0.25,2.0,0.0
ind_nl_mY,1.0132203982469894,0.03394897030190886,1.0,1.0,0.38941971227463257,12,86,800,100,2,100,0.0,0,0.3,0.0,0.0,1.0,0.7,1.0,1.0,0.25,2.0,0.0
ind_nl_mY,1.0384065469173425,0.03235374584413967,1.0,1.0,1.1870819256095244,13,87,800,100,2,100,0.0,0,0.3,0.0,0.0,1.0,0.7,1.0,1.0,0.25,2.0,0.0
ind_nl_mY,1.0036516280550114,0.03462118728579808,1.0,1.0,0.10547379628743503,14,88,800,100,2,100,0.0,0,0.3,0.0,0.0,1.0,0.7,1.0,1.0,0.25,2.0,0.0
ind_nl_mY,0.9333180469502063,0.035698903311037075,1.0,1.0,-1.8678992031998247,15,89,800,100,2,100,0.0,0,0.3,0.0,0.0,1.0,0.7,1.0,1.0,0.25,2.0,0.0
ind_nl_mY,0.9817133095684766,0.03480546922585562,1.0,1.0,-0.5253970378293006,16,90,800,100,2,100,0.0,0,0.3,0.0,0.0,1.0,0.7,1.0,1.0,0.25,2.0,0.0
ind_nl_mY,1.0191123893630527,0.035086983155452674,1.0,1.0,0.544714524995648,17,91,800,100,2,100,0.0,0,0.3,0.0,0.0,1.0,0.7,1.0,1.0,0.25,2.0,0.0
ind_nl_mY,0.984100023463129,0.03272807786201265,1.0,1.0,-0.4858206645653966,18,92,800,100,2,100,0.0,0,0.3,0.0,0.0,1.0,0.7,1.0,1.0,0.25,2.0,0.0
ind_nl_mY,1.0149167105981236,0.03577770283496471,1.0,1.0,0.4169275670640837,19,93,800,100,2,100,0.0,0,0.3,0.0,0.0,1.0,0.7,1.0,1.0,0.25,2.0,0.0
ind_nl_mY,0.9893763100338452,0.033502433634566176,1.0,1.0,-0.3171020374828475,20,94,800,100,2,100,0.0,0,0.3,0.0,0.0,1.0,0.7,1.0,1.0,0.25,2.0,0.0
ind_nl_mY,0.9816579865065522,0.0342295286925187,1.0,1.0,-0.5358535216249313,21,95,800,100,2,100,0.0,0,0.3,0.0,0.0,1.0,0.7,1.0,1.0,0.25,2.0,0.0
ind_nl_mY,0.9529147701219708,0.033041377131035166,1.0,1.0,-1.425038359972076,22,96,800,100,2,100,0.0,0,0.3,0.0,0.0,1.0,0.7,1.0,1.0,0.25,2.0,0.0
ind_nl_mY,0.9406422851083476,0.038113057413727676,1.0,1.0,-1.5574115255910375,23,97,800,100,2,100,0.0,0,0.3,0.0,0.0,1.0,0.7,1.0,1.0,0.25,2.0,0.0
ind_nl_mY,0.9756274554624202,0.03304457389899532,1.0,1.0,-0.7375657078247503,24,98,800,100,2,100,0.0,0,0.3,0.0,0.0,1.0,0.7,1.0,1.0,0.25,2.0,0.0
ind_nl_mY,0.9547590758801158,0.03539988037432306,1.0,1.0,-1.2779965254543422,25,99,800,100,2,100,0.0,0,0.3,0.0,0.0,1.0,0.7,1.0,1.0,0.25,2.0,0.0
ind_nl_mY,0.9342313631871568,0.034981971289757156,1.0,1.0,-1.8800723454970207,26,100,800,100,2,100,0.0,0,0.3,0.0,0.0,1.0,0.7,1.0,1.0,0.25,2.0,0.0
ind_nl_mY,1.0133150337111188,0.0358619339584748,1.0,1.0,0.371285991618201,27,101,800,100,2,100,0.0,0,0.3,0.0,0.0,1.0,0.7,1.0,1.0,0.25,2.0,0.0
ind_nl_mY,0.9137739508789929,0.03556237509964583,1.0,1.0,-2.4246425858622085,28,102,800,100,2,100,0.0,0,0.3,0.0,0.0,1.0,0.7,1.0,1.0,0.25,2.0,0.0
ind_nl_mY,0.944028692321008,0.03467527758755498,1.0,1.0,-1.6141560089220528,29,103,800,100,2,100,0.0,0,0.3,0.0,0.0,1.0,0.7,1.0,1.0,0.25,2.0,0.0
ind_nl_mY,0.9370841442171538,0.03517070609364185,1.0,1.0,-1.7888709886953367,30,104,800,100,2,100,0.0,0,0.3,0.0,0.0,1.0,0.7,1.0,1.0,0.25,2.0,0.0
ind_nl_mY,1.0028703974958848,0.033480950674079836,1.0,1.0,0.08573225783899249,31,105,800,100,2,100,0.0,0,0.3,0.0,0.0,1.0,0.7,1.0,1.0,0.25,2.0,0.0
ind_nl_mY,1.0012296951724913,0.03545996869337352,1.0,1.0,0.034678405475328855,32,106,800,100,2,100,0.0,0,0.3,0.0,0.0,1.0,0.7,1.0,1.0,0.25,2.0,0.0
ind_nl_mY,1.0355266149155133,0.03749839271483422,1.0,1.0,0.947417004928298,33,107,800,100,2,100,0.0,0,0.3,0.0,0.0,1.0,0.7,1.0,1.0,0.25,2.0,0.0
ind_nl_mY,0.9709616822098005,0.035690251483242466,1.0,1.0,-0.8136204308852732,34,108,800,100,2,100,0.0,0,0.3,0.0,0.0,1.0,0.7,1.0,1.0,0.25,2.0,0.0
ind_nl_mY,0.9706204836008635,0.03322642794951072,1.0,1.0,-0.8842213326024752,35,109,800,100,2,100,0.0,0,0.3,0.0,0.0,1.0,0.7,1.0,1.0,0.25,2.0,0.0
ind_nl_mY,0.9561358458128358,0.03406998045166012,1.0,1.0,-1.287472244059559,36,110,800,100,2,100,0.0,0,0.3,0.0,0.0,1.0,0.7,1.0,1.0,0.25,2.0,0.0
ind_nl_mY,0.9711535961164066,0.03632823136182549,1.0,1.0,-0.79404922293866,37,111,800,100,2,100,0.0,0,0.3,0.0,0.0,1.0,0.7,1.0,1.0,0.25,2.0,0.0
ind_nl_mY,1.0272670215077697,0.036215122327052554,1.0,1.0,0.7529181114321781,38,112,800,100,2,100,0.0,0,0.3,0.0,0.0,1.0,0.7,1.0,1.0,0.25,2.0,0.0
ind_nl_mY,1.0742839126351893,0.035041726889658044,1.0,1.0,2.119870201291732,39,113,800,100,2,100,0.0,0,0.3,0.0,0.0,1.0,0.7,1.0,1.0,0.25,2.0,0.0
ind_nl_mY,0.9962073279978328,0.03327311177679308,1.0,1.0,-0.1139860926627373,40,114,800,100,2,100,0.0,0,0.3,0.0,0.0,1.0,0.7,1.0,1.0,0.25,2.0,0.0
ind_nl_mY,0.9723885494780797,0.03576770370296963,1.0,1.0,-0.7719659822508486,41,115,800,100,2,100,0.0,0,0.3,0.0,0.0,1.0,0.7,1.0,1.0,0.25,2.0,0.0
ind_nl_mY,0.9697999225482928,0.03608555285830759,1.0,1.0,-0.836902168862144,42,116,800,100,2,100,0.0,0,0.3,0.0,0.0,1.0,0.7,1.0,1.0,0.25,2.0,0.0
ind_nl_mY,1.0055368313279718,0.03452465203351443,1.0,1.0,0.16037326958710438,43,117,800,100,2,100,0.0,0,0.3,0.0,0.0,1.0,0.7,1.0,1.0,0.25,2.0,0.0
ind_nl_mY,0.9323847577921671,0.034185349473741626,1.0,1.0,-1.977901154989489,44,118,800,100,2,100,0.0,0,0.3,0.0,0.0,1.0,0.7,1.0,1.0,0.25,2.0,0.0
ind_nl_mY,0.9191957746791893,0.036810451891366947,1.0,1.0,-2.1951435304102165,45,119,800,100,2,100,0.0,0,0.3,0.0,0.0,1.0,0.7,1.0,1.0,0.25,2.0,0.0
ind_nl_mY,0.9526093238652674,0.034973353699978595,1.0,1.0,-1.3550509493964138,46,120,800,100,2,100,0.0,0,0.3,0.0,0.0,1.0,0.7,1.0,1.0,0.25,2.0,0.0
ind_nl_mY,1.0338546440138392,0.03628640740153666,1.0,1.0,0.9329841788748015,47,121,800,100,2,100,0.0,0,0.3,0.0,0.0,1.0,0.7,1.0,1.0,0.25,2.0,0.0
ind_nl_mY,0.9929644224270762,0.037829967733147014,1.0,1.0,-0.1859789472344484,48,122,800,100,2,100,0.0,0,0.3,0.0,0.0,1.0,0.7,1.0,1.0,0.25,2.0,0.0
ind_nl_mY,1.0010540722769472,0.036540021603175134,1.0,1.0,0.028847062226575453,49,123,800,100,2,100,0.0,0,0.3,0.0,0.0,1.0,0.7,1.0,1.0,0.25,2.0,0.0
ind_nl_mY,0.9097082754095922,0.03375837733199921,1.0,1.0,-2.674646464858997,50,124,800,100,2,100,0.0,0,0.3,0.0,0.0,1.0,0.7,1.0,1.0,0.25,2.0,0.0
ind_nl_mY,0.9981271219210067,0.033911886743844585,1.0,1.0,-0.0552277758279913,51,125,800,100,2,100,0.0,0,0.3,0.0,0.0,1.0,0.7,1.0,1.0,0.25,2.0,0.0
ind_nl_mY,0.9302354937289347,0.03835217633727386,1.0,1.0,-1.8190494760335763,52,126,800,100,2,100,0.0,0,0.3,0.0,0.0,1.0,0.7,1.0,1.0,0.25,2.0,0.0
ind_nl_mY,0.9982566223486095,0.035198787633850266,1.0,1.0,-0.04952948009248923,53,127,800,100,2,100,0.0,0,0.3,0.0,0.0,1.0,0.7,1.0,1.0,0.25,2.0,0.0
ind_nl_mY,1.0023430417226584,0.03612958765921941,1.0,1.0,0.06485105074429308,54,128,800,100,2,100,0.0,0,0.3,0.0,0.0,1.0,0.7,1.0,1.0,0.25,2.0,0.0
ind_nl_mY,1.0666476727862633,0.03500035584369408,1.0,1.0,1.9041998625357122,55,129,800,100,2,100,0.0,0,0.3,0.0,0.0,1.0,0.7,1.0,1.0,0.25,2.0,0.0
ind_nl_mY,1.0294234891255052,0.03466105929156928,1.0,1.0,0.8488918032768248,56,130,800,100,2,100,0.0,0,0.3,0.0,0.0,1.0,0.7,1.0,1.0,0.25,2.0,0.0
ind_nl_mY,0.9615728860668317,0.03420943454228023,1.0,1.0,-1.1232899475633067,57,131,800,100,2,100,0.0,0,0.3,0.0,0.0,1.0,0.7,1.0,1.0,0.25,2.0,0.0
ind_nl_mY,1.087631623845935,0.03336151827611432,1.0,1.0,2.6267276902884875,58,132,800,100,2,100,0.0,0,0.3,0.0,0.0,1.0,0.7,1.0,1.0,0.25,2.0,0.0
ind_nl_mY,0.9905441371373107,0.0337971290168699,1.0,1.0,-0.27978302115452997,59,133,800,100,2,100,0.0,0,0.3,0.0,0.0,1.0,0.7,1.0,1.0,0.25,2.0,0.0
ind_nl_mY,0.9911221051378916,0.0383950140400987,1.0,1.0,-0.23122520160655774,60,134,800,100,2,100,0.0,0,0.3,0.0,0.0,1.0,0.7,1.0,1.0,0.25,2.0,0.0
ind_nl_mY,1.03404885464811,0.03785770526750685,1.0,1.0,0.8993903462324734,61,135,800,100,2,100,0.0,0,0.3,0.0,0.0,1.0,0.7,1.0,1.0,0.25,2.0,0.0
ind_nl_mY,0.9668416484329071,0.037804764844475466,1.0,1.0,-0.8770945065655775,62,136,800,100,2,100,0.0,0,0.3,0.0,0.0,1.0,0.7,1.0,1.0,0.25,2.0,0.0
ind_nl_mY,1.0056440920751257,0.03470082212042999,1.0,1.0,0.16265009674807643,63,137,800,100,2,100,0.0,0,0.3,0.0,0.0,1.0,0.7,1.0,1.0,0.25,2.0,0.0
ind_nl_mY,0.9480083229454579,0.035056226598724795,1.0,1.0,-1.4830939350566998,64,138,800,100,2,100,0.0,0,0.3,0.0,0.0,1.0,0.7,1.0,1.0,0.25,2.0,0.0
ind_nl_mY,0.9717016065010816,0.03863479312375276,1.0,1.0,-0.7324587816032712,65,139,800,100,2,100,0.0,0,0.3,0.0,0.0,1.0,0.7,1.0,1.0,0.25,2.0,0.0
ind_nl_mY,0.9970473137288381,0.035660948367565094,1.0,1.0,-0.08279887121138445,66,140,800,100,2,100,0.0,0,0.3,0.0,0.0,1.0,0.7,1.0,1.0,0.25,2.0,0.0
ind_nl_mY,0.9228716208304816,0.034141522689328845,1.0,1.0,-2.2590784796375063,67,141,800,100,2,100,0.0,0,0.3,0.0,0.0,1.0,0.7,1.0,1.0,0.25,2.0,0.0
ind_nl_mY,1.0390064984672849,0.0361489818605327,1.0,1.0,1.079048328878994,68,142,800,100,2,100,0.0,0,0.3,0.0,0.0,1.0,0.7,1.0,1.0,0.25,2.0,0.0
ind_nl_mY,0.9650367489814675,0.03635033832194377,1.0,1.0,-0.9618411446098167,69,143,800,100,2,100,0.0,0,0.3,0.0,0.0,1.0,0.7,1.0,1.0,0.25,2.0,0.0
ind_nl_mY,1.0069567832460407,0.03547966663148148,1.0,1.0,0.1960780330407002,70,144,800,100,2,100,0.0,0,0.3,0.0,0.0,1.0,0.7,1.0,1.0,0.25,2.0,0.0
ind_nl_mY,0.9681967767868619,0.03616904937649633,1.0,1.0,-0.8792938648203661,71,145,800,100,2,100,0.0,0,0.3,0.0,0.0,1.0,0.7,1.0,1.0,0.25,2.0,0.0
ind_nl_mY,0.9363067354801585,0.033945007987955106,1.0,1.0,-1.8763661667848806,72,146,800,100,2,100,0.0,0,0.3,0.0,0.0,1.0,0.7,1.0,1.0,0.25,2.0,0.0
ind_nl_mY,0.9705242461926156,0.03385086248107999,1.0,1.0,-0.8707534061756652,73,147,800,100,2,100,0.0,0,0.3,0.0,0.0,1.0,0.7,1.0,1.0,0.25,2.0,0.0
ind_nl_mY,1.0148849503969508,0.036353061668902266,1.0,1.0,0.40945520717128325,74,148,800,100,2,100,0.0,0,0.3,0.0,0.0,1.0,0.7,1.0,1.0,0.25,2.0,0.0
ind_nl_mY,0.9391562840969738,0.03678182646453696,1.0,1.0,-1.6541787548720122,75,149,800,100,2,100,0.0,0,0.3,0.0,0.0,1.0,0.7,1.0,1.0,0.25,2.0,0.0
ind_nl_mY,0.9863018097092596,0.035102842001230594,1.0,1.0,-0.390230235211729,76,150,800,100,2,100,0.0,0,0.3,0.0,0.0,1.0,0.7,1.0,1.0,0.25,2.0,0.0
ind_nl_mY,0.9673067296364938,0.034499318742057604,1.0,1.0,-0.9476497378961384,77,151,800,100,2,100,0.0,0,0.3,0.0,0.0,1.0,0.7,1.0,1.0,0.25,2.0,0.0
ind_nl_mY,0.9875123221900367,0.037761164936383644,1.0,1.0,-0.33070160390976616,78,152,800,100,2,100,0.0,0,0.3,0.0,0.0,1.0,0.7,1.0,1.0,0.25,2.0,0.0
ind_nl_mY,0.9692678231400041,0.03868573766086633,1.0,1.0,-0.794405864233626,79,153,800,100,2,100,0.0,0,0.3,0.0,0.0,1.0,0.7,1.0,1.0,0.25,2.0,0.0
ind_nl_mY,1.0023150400827148,0.03718697516578298,1.0,1.0,0.06225405729812943,80,154,800,100,2,100,0.0,0,0.3,0.0,0.0,1.0,0.7,1.0,1.0,0.25,2.0,0.0
ind_nl_mY,0.9659149882602767,0.03682699727369832,1.0,1.0,-0.9255441459536724,81,155,800,100,2,100,0.0,0,0.3,0.0,0.0,1.0,0.7,1.0,1.0,0.25,2.0,0.0
ind_nl_mY,0.974047544194904,0.036966714843919446,1.0,1.0,-0.7020492871674483,82,156,800,100,2,100,0.0,0,0.3,0.0,0.0,1.0,0.7,1.0,1.0,0.25,2.0,0.0
ind_nl_mY,0.9776256246346053,0.034902283812882524,1.0,1.0,-0.641057630650984,83,157,800,100,2,100,0.0,0,0.3,0.0,0.0,1.0,0.7,1.0,1.0,0.25,2.0,0.0
ind_nl_mY,1.0311960428329996,0.03840315101652673,1.0,1.0,0.8123302908028154,84,158,800,100,2,100,0.0,0,0.3,0.0,0.0,1.0,0.7,1.0,1.0,0.25,2.0,0.0
ind_nl_mY,0.9448907596532645,0.036757243515865484,1.0,1.0,-1.4992756549589672,85,159,800,100,2,100,0.0,0,0.3,0.0,0.0,1.0,0.7,1.0,1.0,0.25,2.0,0.0
ind_nl_mY,0.9617798712862444,0.0365993748850912,1.0,1.0,-1.0442836478424278,86,160,800,100,2,100,0.0,0,0.3,0.0,0.0,1.0,0.7,1.0,1.0,0.25,2.0,0.0
ind_nl_mY,1.0049665962084247,0.036474325735541546,1.0,1.0,0.13616690941554743,87,161,800,100,2,100,0.0,0,0.3,0.0,0.0,1.0,0.7,1.0,1.0,0.25,2.0,0.0
ind_nl_mY,1.0303038662626993,0.03467767320421694,1.0,1.0,0.8738725370713237,88,162,800,100,2,100,0.0,0,0.3,0.0,0.0,1.0,0.7,1.0,1.0,0.25,2.0,0.0
ind_nl_mY,0.9552613740784408,0.0369771008642312,1.0,1.0,-1.2099008542023342,89,163,800,100,2,100,0.0,0,0.3,0.0,0.0,1.0,0.7,1.0,1.0,0.25,2.0,0.0
ind_nl_mY,0.9974317827191461,0.0363963565581858,1.0,1.0,-0.07056248272400961,90,164,800,100,2,100,0.0,0,0.3,0.0,0.0,1.0,0.7,1.0,1.0,0.25,2.0,0.0
ind_nl_mY,0.9895882220189706,0.03604705131632828,1.0,1.0,-0.28883854853096397,91,165,800,100,2,100,0.0,0,0.3,0.0,0.0,1.0,0.7,1.0,1.0,0.25,2.0,0.0
ind_nl_mY,0.9421233322399815,0.03546166512868813,1.0,1.0,-1.632091091887191,92,166,800,100,2,100,0.0,0,0.3,0.0,0.0,1.0,0.7,1.0,1.0,0.25,2.0,0.0
ind_nl_mY,0.9727210578866298,0.033077055717599134,1.0,1.0,-0.8247088962895832,93,167,800,100,2,100,0.0,0,0.3,0.0,0.0,1.0,0.7,1.0,1.0,0.25,2.0,0.0
ind_nl_mY,1.0657865864355878,0.035016723452295534,1.0,1.0,1.8787190790483599,94,168,800,100,2,100,0.0,0,0.3,0.0,0.0,1.0,0.7,1.0,1.0,0.25,2.0,0.0
ind_nl_mY,1.0261544741748756,0.03776253340075341,1.0,1.0,0.69260380116218,95,169,800,100,2,100,0.0,0,0.3,0.0,0.0,1.0,0.7,1.0,1.0,0.25,2.0,0.0
ind_nl_mY,0.9597918012896657,0.03773551563627803,1.0,1.0,-1.0655266804325607,96,170,800,100,2,100,0.0,0,0.3,0.0,0.0,1.0,0.7,1.0,1.0,0.25,2.0,0.0
ind_nl_mY,1.012494975562422,0.036683588927786975,1.0,1.0,0.3406148615125633,97,171,800,100,2,100,0.0,0,0.3,0.0,0.0,1.0,0.7,1.0,1.0,0.25,2.0,0.0
ind_nl_mY,0.9875988850644458,0.033723354751428306,1.0,1.0,-0.3677307618699753,98,172,800,100,2,100,0.0,0,0.3,0.0,0.0,1.0,0.7,1.0,1.0,0.25,2.0,0.0
ind_nl_mY,0.9756664263732622,0.04032015391740675,1.0,1.0,-0.6035089468305005,99,173,800,100,2,100,0.0,0,0.3,0.0,0.0,1.0,0.7,1.0,1.0,0.25,2.0,0.0
ind_nl_both,1.0034040617128366,0.03370178859800712,1.0,1.0,0.10100537254684082,0,75,800,100,2,100,0.0,0,0.3,0.0,0.0,1.0,0.7,1.0,0.0,2.0,2.0,0.0
ind_nl_both,0.9795392161727555,0.0365604017510266,1.0,1.0,-0.5596432984128777,1,76,800,100,2,100,0.0,0,0.3,0.0,0.0,1.0,0.7,1.0,0.0,2.0,2.0,0.0
ind_nl_both,0.981475027819981,0.03553854407268394,1.0,1.0,-0.5212642403732547,2,77,800,100,2,100,0.0,0,0.3,0.0,0.0,1.0,0.7,1.0,0.0,2.0,2.0,0.0
ind_nl_both,0.9571056702635666,0.04071176115844582,1.0,1.0,-1.0536102717220517,3,78,800,100,2,100,0.0,0,0.3,0.0,0.0,1.0,0.7,1.0,0.0,2.0,2.0,0.0
ind_nl_both,0.9788751903257076,0.03414716738628082,1.0,1.0,-0.6186401769529984,4,79,800,100,2,100,0.0,0,0.3,0.0,0.0,1.0,0.7,1.0,0.0,2.0,2.0,0.0
ind_nl_both,0.9782717444844109,0.031934327518988365,1.0,1.0,-0.680404354927134,5,80,800,100,2,100,0.0,0,0.3,0.0,0.0,1.0,0.7,1.0,0.0,2.0,2.0,0.0
ind_nl_both,1.0105603102414487,0.03704109454497425,1.0,1.0,0.28509714335321884,6,81,800,100,2,100,0.0,0,0.3,0.0,0.0,1.0,0.7,1.0,0.0,2.0,2.0,0.0
ind_nl_both,0.9869634169951705,0.03599478548928928,1.0,1.0,-0.36217976653059003,7,82,800,100,2,100,0.0,0,0.3,0.0,0.0,1.0,0.7,1.0,0.0,2.0,2.0,0.0
ind_nl_both,0.9757103766989192,0.034962593591627275,1.0,1.0,-0.6947317348589823,8,83,800,100,2,100,0.0,0,0.3,0.0,0.0,1.0,0.7,1.0,0.0,2.0,2.0,0.0
ind_nl_both,0.9943091294394666,0.036613574361333064,1.0,1.0,-0.1554306199217588,9,84,800,100,2,100,0.0,0,0.3,0.0,0.0,1.0,0.7,1.0,0.0,2.0,2.0,0.0
ind_nl_both,0.962706940629671,0.035815566773862065,1.0,1.0,-1.0412528051223024,10,85,800,100,2,100,0.0,0,0.3,0.0,0.0,1.0,0.7,1.0,0.0,2.0,2.0,0.0
ind_nl_both,0.9946039869546464,0.03489289391734046,1.0,1.0,-0.15464504200014279,11,86,800,100,2,100,0.0,0,0.3,0.0,0.0,1.0,0.7,1.0,0.0,2.0,2.0,0.0
ind_nl_both,1.0081442245699848,0.034671869931973576,1.0,1.0,0.2348942986335545,12,87,800,100,2,100,0.0,0,0.3,0.0,0.0,1.0,0.7,1.0,0.0,2.0,2.0,0.0
ind_nl_both,1.0174508306455605,0.03508337045398408,1.0,1.0,0.49741032345935277,13,88,800,100,2,100,0.0,0,0.3,0.0,0.0,1.0,0.7,1.0,0.0,2.0,2.0,0.0
ind_nl_both,0.9567700010091472,0.03644840616076803,1.0,1.0,-1.1860600652926285,14,89,800,100,2,100,0.0,0,0.3,0.0,0.0,1.0,0.7,1.0,0.0,2.0,2.0,0.0
ind_nl_both,0.9743271351147572,0.03430155757377685,1.0,1.0,-0.7484460386390558,15,90,800,100,2,100,0.0,0,0.3,0.0,0.0,1.0,0.7,1.0,0.0,2.0,2.0,0.0
ind_nl_both,1.006373738690988,0.0352944128125635,1.0,1.0,0.18058775265186114,16,91,800,100,2,100,0.0,0,0.3,0.0,0.0,1.0,0.7,1.0,0.0,2.0,2.0,0.0
ind_nl_both,0.9827920537698633,0.033401350209835756,1.0,1.0,-0.5151871442930294,17,92,800,100,2,100,0.0,0,0.3,0.0,0.0,1.0,0.7,1.0,0.0,2.0,2.0,0.0
ind_nl_both,1.0031519339721071,0.036193135839882776,1.0,1.0,0.08708651237215706,18,93,800,100,2,100,0.0,0,0.3,0.0,0.0,1.0,0.7,1.0,0.0,2.0,2.0,0.0
ind_nl_both,1.0183803022379552,0.0353108627959367,1.0,1.0,0.5205282675808827,19,94,800,100,2,100,0.0,0,0.3,0.0,0.0,1.0,0.7,1.0,0.0,2.0,2.0,0.0
ind_nl_both,0.9870664781128267,0.03540284475201292,1.0,1.0,-0.3653243680774543,20,95,800,100,2,100,0.0,0,0.3,0.0,0.0,1.0,0.7,1.0,0.0,2.0,2.0,0.0
ind_nl_both,0.9497494912727376,0.03396350647770287,1.0,1.0,-1.4795441913588057,21,96,800,100,2,100,0.0,0,0.3,0.0,0.0,1.0,0.7,1.0,0.0,2.0,2.0,0.0
ind_nl_both,0.9451998296365476,0.03703276229285208,1.0,1.0,-1.479775392667096,22,97,800,100,2,100,0.0,0,0.3,0.0,0.0,1.0,0.7,1.0,0.0,2.0,2.0,0.0
ind_nl_both,0.9617945054253917,0.03241655895806534,1.0,1.0,-1.178579584095636,23,98,800,100,2,100,0.0,0,0.3,0.0,0.0,1.0,0.7,1.0,0.0,2.0,2.0,0.0
ind_nl_both,0.9843802462466125,0.0375727965054233,1.0,1.0,-0.41571975487991586,24,99,800,100,2,100,0.0,0,0.3,0.0,0.0,1.0,0.7,1.0,0.0,2.0,2.0,0.0
ind_nl_both,0.9110276367257516,0.037616534732178276,1.0,1.0,-2.3652461319925586,25,100,800,100,2,100,0.0,0,0.3,0.0,0.0,1.0,0.7,1.0,0.0,2.0,2.0,0.0
ind_nl_both,0.997094463666998,0.036458496073279376,1.0,1.0,-0.0796943551144291,26,101,800,100,2,100,0.0,0,0.3,0.0,0.0,1.0,0.7,1.0,0.0,2.0,2.0,0.0
ind_nl_both,0.937958848379287,0.035756382101946566,1.0,1.0,-1.7351070766562677,27,102,800,100,2,100,0.0,0,0.3,0.0,0.0,1.0,0.7,1.0,0.0,2.0,2.0,0.0
ind_nl_both,0.9575341881526664,0.035024871938743596,1.0,1.0,-1.212447312344317,28,103,800,100,2,100,0.0,0,0.3,0.0,0.0,1.0,0.7,1.0,0.0,2.0,2.0,0.0
ind_nl_both,0.9393740432389481,0.0359827964172918,1.0,1.0,-1.6848595105831634,29,104,800,100,2,100,0.0,0,0.3,0.0,0.0,1.0,0.7,1.0,0.0,2.0,2.0,0.0
ind_nl_both,0.9489069429398418,0.033048963495830204,1.0,1.0,-1.5459806195315213,30,105,800,100,2,100,0.0,0,0.3,0.0,0.0,1.0,0.7,1.0,0.0,2.0,2.0,0.0
ind_nl_both,0.9906977758759793,0.03621925621556223,1.0,1.0,-0.2568308986981308,31,106,800,100,2,100,0.0,0,0.3,0.0,0.0,1.0,0.7,1.0,0.0,2.0,2.0,0.0
ind_nl_both,1.0639078178947419,0.04027210956563994,1.0,1.0,1.586900179405249,32,107,800,100,2,100,0.0,0,0.3,0.0,0.0,1.0,0.7,1.0,0.0,2.0,2.0,0.0
ind_nl_both,0.9710405194628904,0.03864954452188361,1.0,1.0,-0.749283876313538,33,108,800,100,2,100,0.0,0,0.3,0.0,0.0,1.0,0.7,1.0,0.0,2.0,2.0,0.0
ind_nl_both,0.9739938548811533,0.03450373851171472,1.0,1.0,-0.7537196327295687,34,109,800,100,2,100,0.0,0,0.3,0.0,0.0,1.0,0.7,1.0,0.0,2.0,2.0,0.0
ind_nl_both,0.9784397934389195,0.03450821206164941,1.0,1.0,-0.6247848054997133,35,110,800,100,2,100,0.0,0,0.3,0.0,0.0,1.0,0.7,1.0,0.0,2.0,2.0,0.0
ind_nl_both,0.9947570777322238,0.03647571666942974,1.0,1.0,-0.14373733394442983,36,111,800,100,2,100,0.0,0,0.3,0.0,0.0,1.0,0.7,1.0,0.0,2.0,2.0,0.0
ind_nl_both,1.0512548418999552,0.03796017735796962,1.0,1.0,1.3502266181902975,37,112,800,100,2,100,0.0,0,0.3,0.0,0.0,1.0,0.7,1.0,0.0,2.0,2.0,0.0
ind_nl_both,1.035144782139738,0.0363513830440799,1.0,1.0,0.9668072903064282,38,113,800,100,2,100,0.0,0,0.3,0.0,0.0,1.0,0.7,1.0,0.0,2.0,2.0,0.0
ind_nl_both,0.9774325890381239,0.03395289870897925,1.0,1.0,-0.6646681673723447,39,114,800,100,2,100,0.0,0,0.3,0.0,0.0,1.0,0.7,1.0,0.0,2.0,2.0,0.0
ind_nl_both,0.9558121612157585,0.035676557021604424,1.0,1.0,-1.238567913307412,40,115,800,100,2,100,0.0,0,0.3,0.0,0.0,1.0,0.7,1.0,0.0,2.0,2.0,0.0
ind_nl_both,0.988238233146233,0.03691729382092833,1.0,1.0,-0.3185977528802296,41,116,800,100,2,100,0.0,0,0.3,0.0,0.0,1.0,0.7,1.0,0.0,2.0,2.0,0.0
ind_nl_both,1.0025760304276727,0.03524878234145565,1.0,1.0,0.07308140186854344,42,117,800,100,2,100,0.0,0,0.3,0.0,0.0,1.0,0.7,1.0,0.0,2.0,2.0,0.0
ind_nl_both,0.8849880603042448,0.034960293120191534,1.0,1.0,-3.289787625645774,43,118,800,100,2,100,0.0,0,0.3,0.0,0.0,1.0,0.7,1.0,0.0,2.0,2.0,0.0
ind_nl_both,0.9308771532837901,0.036065640012716046,1.0,1.0,-1.9165845023639831,44,119,800,100,2,100,0.0,0,0.3,0.0,0.0,1.0,0.7,1.0,0.0,2.0,2.0,0.0
ind_nl_both,0.9205357473773258,0.037156904818417,1.0,1.0,-2.138613348205671,45,120,800,100,2,100,0.0,0,0.3,0.0,0.0,1.0,0.7,1.0,0.0,2.0,2.0,0.0
ind_nl_both,1.0687962445489962,0.036469728604268954,1.0,1.0,1.8863931041412607,46,121,800,100,2,100,0.0,0,0.3,0.0,0.0,1.0,0.7,1.0,0.0,2.0,2.0,0.0
ind_nl_both,1.0204500149005693,0.03838577202357395,1.0,1.0,0.5327498659662305,47,122,800,100,2,100,0.0,0,0.3,0.0,0.0,1.0,0.7,1.0,0.0,2.0,2.0,0.0
ind_nl_both,1.0040068884724291,0.03665115321288967,1.0,1.0,0.10932503130679048,48,123,800,100,2,100,0.0,0,0.3,0.0,0.0,1.0,0.7,1.0,0.0,2.0,2.0,0.0
ind_nl_both,0.9058446710055879,0.0340879477711616,1.0,1.0,-2.7621295839366296,49,124,800,100,2,100,0.0,0,0.3,0.0,0.0,1.0,0.7,1.0,0.0,2.0,2.0,0.0
ind_nl_both,0.9860344281475406,0.03498295610628707,1.0,1.0,-0.39921074165454884,50,125,800,100,2,100,0.0,0,0.3,0.0,0.0,1.0,0.7,1.0,0.0,2.0,2.0,0.0
ind_nl_both,0.9302633628128509,0.03662107407439452,1.0,1.0,-1.904276129244089,51,126,800,100,2,100,0.0,0,0.3,0.0,0.0,1.0,0.7,1.0,0.0,2.0,2.0,0.0
ind_nl_both,1.030786469943874,0.03532333030353671,1.0,1.0,0.8715619302971429,52,127,800,100,2,100,0.0,0,0.3,0.0,0.0,1.0,0.7,1.0,0.0,2.0,2.0,0.0
ind_nl_both,0.9960140856452837,0.035384384665634705,1.0,1.0,-0.11264614016553491,53,128,800,100,2,100,0.0,0,0.3,0.0,0.0,1.0,0.7,1.0,0.0,2.0,2.0,0.0
ind_nl_both,1.0168818964975035,0.03574820590596752,1.0,1.0,0.4722445803828539,54,129,800,100,2,100,0.0,0,0.3,0.0,0.0,1.0,0.7,1.0,0.0,2.0,2.0,0.0
ind_nl_both,1.0052931270180674,0.0354732478559485,1.0,1.0,0.149214614899712,55,130,800,100,2,100,0.0,0,0.3,0.0,0.0,1.0,0.7,1.0,0.0,2.0,2.0,0.0
ind_nl_both,0.9455014541129987,0.03407666658732231,1.0,1.0,-1.599292165134387,56,131,800,100,2,100,0.0,0,0.3,0.0,0.0,1.0,0.7,1.0,0.0,2.0,2.0,0.0
ind_nl_both,1.0686027943219418,0.034173365691870815,1.0,1.0,2.007493055864296,57,132,800,100,2,100,0.0,0,0.3,0.0,0.0,1.0,0.7,1.0,0.0,2.0,2.0,0.0
ind_nl_both,1.0166735502133182,0.03504974313196722,1.0,1.0,0.47571105301798966,58,133,800,100,2,100,0.0,0,0.3,0.0,0.0,1.0,0.7,1.0,0.0,2.0,2.0,0.0
ind_nl_both,0.9865998466397085,0.03841668471035906,1.0,1.0,-0.3488107696257869,59,134,800,100,2,100,0.0,0,0.3,0.0,0.0,1.0,0.7,1.0,0.0,2.0,2.0,0.0
ind_nl_both,1.0509685016936634,0.03779991905678785,1.0,1.0,1.3483759480302597,60,135,800,100,2,100,0.0,0,0.3,0.0,0.0,1.0,0.7,1.0,0.0,2.0,2.0,0.0
ind_nl_both,0.9785902020445305,0.036615788437606746,1.0,1.0,-0.5847149240539161,61,136,800,100,2,100,0.0,0,0.3,0.0,0.0,1.0,0.7,1.0,0.0,2.0,2.0,0.0
ind_nl_both,0.9921891314291708,0.036459573372324305,1.0,1.0,-0.21423367989155653,62,137,800,100,2,100,0.0,0,0.3,0.0,0.0,1.0,0.7,1.0,0.0,2.0,2.0,0.0
ind_nl_both,0.9479749838945439,0.03628419510314093,1.0,1.0,-1.4338203164647998,63,138,800,100,2,100,0.0,0,0.3,0.0,0.0,1.0,0.7,1.0,0.0,2.0,2.0,0.0
ind_nl_both,0.9676403659442205,0.038007293575982794,1.0,1.0,-0.8514059016353601,64,139,800,100,2,100,0.0,0,0.3,0.0,0.0,1.0,0.7,1.0,0.0,2.0,2.0,0.0
ind_nl_both,1.0037665771513575,0.035919445804206605,1.0,1.0,0.10486178355559202,65,140,800,100,2,100,0.0,0,0.3,0.0,0.0,1.0,0.7,1.0,0.0,2.0,2.0,0.0
ind_nl_both,0.9116902510510803,0.03504181641615673,1.0,1.0,-2.520124753242037,66,141,800,100,2,100,0.0,0,0.3,0.0,0.0,1.0,0.7,1.0,0.0,2.0,2.0,0.0
ind_nl_both,1.0527168459666751,0.03619198773703858,1.0,1.0,1.4565888546852364,67,142,800,100,2,100,0.0,0,0.3,0.0,0.0,1.0,0.7,1.0,0.0,2.0,2.0,0.0
ind_nl_both,0.9213939161418263,0.036405099060333644,1.0,1.0,-2.159205328020148,68,143,800,100,2,100,0.0,0,0.3,0.0,0.0,1.0,0.7,1.0,0.0,2.0,2.0,0.0
ind_nl_both,1.0099712171800406,0.03532101300429872,1.0,1.0,0.282302695532176,69,144,800,100,2,100,0.0,0,0.3,0.0,0.0,1.0,0.7,1.0,0.0,2.0,2.0,0.0
ind_nl_both,1.010544806849537,0.03778278089943098,1.0,1.0,0.2790902786537842,70,145,800,100,2,100,0.0,0,0.3,0.0,0.0,1.0,0.7,1.0,0.0,2.0,2.0,0.0
ind_nl_both,0.9233291328151848,0.0337118112709035,1.0,1.0,-2.274302812408939,71,146,800,100,2,100,0.0,0,0.3,0.0,0.0,1.0,0.7,1.0,0.0,2.0,2.0,0.0
ind_nl_both,0.9954043325576565,0.03553711788287409,1.0,1.0,-0.12932020704352748,72,147,800,100,2,100,0.0,0,0.3,0.0,0.0,1.0,0.7,1.0,0.0,2.0,2.0,0.0
ind_nl_both,1.0168460726914623,0.03588488408262545,1.0,1.0,0.46944759951499365,73,148,800,100,2,100,0.0,0,0.3,0.0,0.0,1.0,0.7,1.0,0.0,2.0,2.0,0.0
ind_nl_both,0.9576359652119494,0.03653457025162078,1.0,1.0,-1.159560232850179,74,149,800,100,2,100,0.0,0,0.3,0.0,0.0,1.0,0.7,1.0,0.0,2.0,2.0,0.0
ind_nl_both,0.9701808762418572,0.03621024718821011,1.0,1.0,-0.8234995912386852,75,150,800,100,2,100,0.0,0,0.3,0.0,0.0,1.0,0.7,1.0,0.0,2.0,2.0,0.0
ind_nl_both,0.9719615230625482,0.035670939852424574,1.0,1.0,-0.7860313480230875,76,151,800,100,2,100,0.0,0,0.3,0.0,0.0,1.0,0.7,1.0,0.0,2.0,2.0,0.0
ind_nl_both,1.0013417204758701,0.03904232786396581,1.0,1.0,0.03436579090634745,77,152,800,100,2,100,0.0,0,0.3,0.0,0.0,1.0,0.7,1.0,0.0,2.0,2.0,0.0
ind_nl_both,0.9650227491602497,0.038541248731696794,1.0,1.0,-0.9075277006005418,78,153,800,100,2,100,0.0,0,0.3,0.0,0.0,1.0,0.7,1.0,0.0,2.0,2.0,0.0
ind_nl_both,1.0036324890284496,0.038516872207379114,1.0,1.0,0.09430903446395825,79,154,800,100,2,100,0.0,0,0.3,0.0,0.0,1.0,0.7,1.0,0.0,2.0,2.0,0.0
ind_nl_both,0.9471704864832639,0.03799984538670006,1.0,1.0,-1.3902560123369994,80,155,800,100,2,100,0.0,0,0.3,0.0,0.0,1.0,0.7,1.0,0.0,2.0,2.0,0.0
ind_nl_both,0.9579572757936313,0.036908231006426866,1.0,1.0,-1.1391151258115768,81,156,800,100,2,100,0.0,0,0.3,0.0,0.0,1.0,0.7,1.0,0.0,2.0,2.0,0.0
ind_nl_both,0.9900214555895432,0.036732456676231276,1.0,1.0,-0.27165469759918465,82,157,800,100,2,100,0.0,0,0.3,0.0,0.0,1.0,0.7,1.0,0.0,2.0,2.0,0.0
ind_nl_both,1.0157925998790254,0.03870860528480765,1.0,1.0,0.40798679680726313,83,158,800,100,2,100,0.0,0,0.3,0.0,0.0,1.0,0.7,1.0,0.0,2.0,2.0,0.0
ind_nl_both,0.9388906371972621,0.037119935638815604,1.0,1.0,-1.6462680161233103,84,159,800,100,2,100,0.0,0,0.3,0.0,0.0,1.0,0.7,1.0,0.0,2.0,2.0,0.0
ind_nl_both,0.9493362840863304,0.03459298463435711,1.0,1.0,-1.464566195983891,85,160,800,100,2,100,0.0,0,0.3,0.0,0.0,1.0,0.7,1.0,0.0,2.0,2.0,0.0
ind_nl_both,0.998011590977936,0.03583385557230566,1.0,1.0,-0.05548967562398549,86,161,800,100,2,100,0.0,0,0.3,0.0,0.0,1.0,0.7,1.0,0.0,2.0,2.0,0.0
ind_nl_both,1.0069743394427917,0.035541820878653076,1.0,1.0,0.19622909773259747,87,162,800,100,2,100,0.0,0,0.3,0.0,0.0,1.0,0.7,1.0,0.0,2.0,2.0,0.0
ind_nl_both,0.9518031399745884,0.04056191441056712,1.0,1.0,-1.188229419784373,88,163,800,100,2,100,0.0,0,0.3,0.0,0.0,1.0,0.7,1.0,0.0,2.0,2.0,0.0
ind_nl_both,0.984457308253881,0.03710490263329378,1.0,1.0,-0.418885124149948,89,164,800,100,2,100,0.0,0,0.3,0.0,0.0,1.0,0.7,1.0,0.0,2.0,2.0,0.0
ind_nl_both,1.0019884817896307,0.0354489200521018,1.0,1.0,0.056094284020729634,90,165,800,100,2,100,0.0,0,0.3,0.0,0.0,1.0,0.7,1.0,0.0,2.0,2.0,0.0
ind_nl_both,0.9872375518084182,0.03578687170841351,1.0,1.0,-0.35662374447167255,91,166,800,100,2,100,0.0,0,0.3,0.0,0.0,1.0,0.7,1.0,0.0,2.0,2.0,0.0
ind_nl_both,0.9732281420984747,0.03366897105853536,1.0,1.0,-0.7951492742377217,92,167,800,100,2,100,0.0,0,0.3,0.0,0.0,1.0,0.7,1.0,0.0,2.0,2.0,0.0
ind_nl_both,1.069326063264132,0.03644205057660982,1.0,1.0,1.9023644983531356,93,168,800,100,2,100,0.0,0,0.3,0.0,0.0,1.0,0.7,1.0,0.0,2.0,2.0,0.0
ind_nl_both,0.9954061677238039,0.038316225713137614,1.0,1.0,-0.11989260921962464,94,169,800,100,2,100,0.0,0,0.3,0.0,0.0,1.0,0.7,1.0,0.0,2.0,2.0,0.0
ind_nl_both,0.9970145200874679,0.03878144588141232,1.0,1.0,-0.07698217136259437,95,170,800,100,2,100,0.0,0,0.3,0.0,0.0,1.0,0.7,1.0,0.0,2.0,2.0,0.0
ind_nl_both,0.9968670672380775,0.03625904111844555,1.0,1.0,-0.08640418128235414,96,171,800,100,2,100,0.0,0,0.3,0.0,0.0,1.0,0.7,1.0,0.0,2.0,2.0,0.0
ind_nl_both,0.9927884469187231,0.03555416758270293,1.0,1.0,-0.20283284834336185,97,172,800,100,2,100,0.0,0,0.3,0.0,0.0,1.0,0.7,1.0,0.0,2.0,2.0,0.0
ind_nl_both,0.9579942947139772,0.04222793333104058,1.0,1.0,-0.9947374160303871,98,173,800,100,2,100,0.0,0,0.3,0.0,0.0,1.0,0.7,1.0,0.0,2.0,2.0,0.0
ind_nl_both,0.9525440636017473,0.035688538584635554,1.0,1.0,-1.3297248438938103,99,174,800,100,2,100,0.0,0,0.3,0.0,0.0,1.0,0.7,1.0,0.0,2.0,2.0,0.0
ind_skew_Dpos,0.9086581509450679,0.17782006198254272,1.0,1.0,-0.5136757238556104,0,76,800,100,2,100,0.0,0,0.3,0.0,0.0,1.0,0.7,0.2,0.0,4.0,1.0,0.25
ind_skew_Dpos,1.031917063404287,0.17175945919949953,1.0,1.0,0.18582419596009012,1,77,800,100,2,100,0.0,0,0.3,0.0,0.0,1.0,0.7,0.2,0.0,4.0,1.0,0.25
ind_skew_Dpos,0.9590317622304904,0.19132036698539218,1.0,1.0,-0.21413422112365943,2,78,800,100,2,100,0.0,0,0.3,0.0,0.0,1.0,0.7,0.2,0.0,4.0,1.0,0.25
ind_skew_Dpos,0.8552803662344027,0.16822783511319014,1.0,1.0,-0.8602597404182509,3,79,800,100,2,100,0.0,0,0.3,0.0,0.0,1.0,0.7,0.2,0.0,4.0,1.0,0.25
ind_skew_Dpos,0.951035881617177,0.15233459411830313,1.0,1.0,-0.32142481270404955,4,80,800,100,2,100,0.0,0,0.3,0.0,0.0,1.0,0.7,0.2,0.0,4.0,1.0,0.25
ind_skew_Dpos,0.9725507410490022,0.17498222543024708,1.0,1.0,-0.15686884129805442,5,81,800,100,2,100,0.0,0,0.3,0.0,0.0,1.0,0.7,0.2,0.0,4.0,1.0,0.25
ind_skew_Dpos,1.0071715734910727,0.17556732367683991,1.0,1.0,0.04084799688735423,6,82,800,100,2,100,0.0,0,0.3,0.0,0.0,1.0,0.7,0.2,0.0,4.0,1.0,0.25
ind_skew_Dpos,0.9253600807023642,0.17327865713887927,1.0,1.0,-0.43075079487610207,7,83,800,100,2,100,0.0,0,0.3,0.0,0.0,1.0,0.7,0.2,0.0,4.0,1.0,0.25
ind_skew_Dpos,0.8661266225418164,0.18182755613250853,1.0,1.0,-0.7362656151008384,8,84,800,100,2,100,0.0,0,0.3,0.0,0.0,1.0,0.7,0.2,0.0,4.0,1.0,0.25
ind_skew_Dpos,1.0044310461952095,0.17188077835529914,1.0,1.0,0.025779765705098105,9,85,800,100,2,100,0.0,0,0.3,0.0,0.0,1.0,0.7,0.2,0.0,4.0,1.0,0.25
ind_skew_Dpos,1.2097168397639197,0.16479391322649808,1.0,1.0,1.2726006419647196,10,86,800,100,2,100,0.0,0,0.3,0.0,0.0,1.0,0.7,0.2,0.0,4.0,1.0,0.25
ind_skew_Dpos,1.0967536028125935,0.16759734611940316,1.0,1.0,0.577297940885426,11,87,800,100,2,100,0.0,0,0.3,0.0,0.0,1.0,0.7,0.2,0.0,4.0,1.0,0.25
ind_skew_Dpos,1.0892286695377786,0.16717576677071824,1.0,1.0,0.5337416496504297,12,88,800,100,2,100,0.0,0,0.3,0.0,0.0,1.0,0.7,0.2,0.0,4.0,1.0,0.25
ind_skew_Dpos,0.8061904598591078,0.17170873897727865,1.0,1.0,-1.128710986378731,13,89,800,100,2,100,0.0,0,0.3,0.0,0.0,1.0,0.7,0.2,0.0,4.0,1.0,0.25
ind_skew_Dpos,0.9666609876714207,0.16464869096420898,1.0,1.0,-0.20248574181392337,14,90,800,100,2,100,0.0,0,0.3,0.0,0.0,1.0,0.7,0.2,0.0,4.0,1.0,0.25
ind_skew_Dpos,1.0763032721125176,0.16323330434893657,1.0,1.0,0.4674491668036538,15,91,800,100,2,100,0.0,0,0.3,0.0,0.0,1.0,0.7,0.2,0.0,4.0,1.0,0.25
ind_skew_Dpos,0.9184663046390982,0.16504453211611536,1.0,1.0,-0.4940102790169361,16,92,800,100,2,100,0.0,0,0.3,0.0,0.0,1.0,0.7,0.2,0.0,4.0,1.0,0.25
ind_skew_Dpos,0.9315279057356859,0.17652822889627653,1.0,1.0,-0.3878818401590975,17,93,800,100,2,100,0.0,0,0.3,0.0,0.0,1.0,0.7,0.2,0.0,4.0,1.0,0.25
ind_skew_Dpos,1.1377375842783033,0.17329860901344496,1.0,1.0,0.7947991334865085,18,94,800,100,2,100,0.0,0,0.3,0.0,0.0,1.0,0.7,0.2,0.0,4.0,1.0,0.25
ind_skew_Dpos,0.874111024029494,0.16638374273902187,1.0,1.0,-0.7566182482621922,19,95,800,100,2,100,0.0,0,0.3,0.0,0.0,1.0,0.7,0.2,0.0,4.0,1.0,0.25
ind_skew_Dpos,0.629746950547867,0.16810858879917556,1.0,1.0,-2.2024636105561597,20,96,800,100,2,100,0.0,0,0.3,0.0,0.0,1.0,0.7,0.2,0.0,4.0,1.0,0.25
ind_skew_Dpos,0.8501452177914357,0.174063490272861,1.0,1.0,-0.8609202422268607,21,97,800,100,2,100,0.0,0,0.3,0.0,0.0,1.0,0.7,0.2,0.0,4.0,1.0,0.25
ind_skew_Dpos,0.8445629032855455,0.15173731758622214,1.0,1.0,-1.0243827898574127,22,98,800,100,2,100,0.0,0,0.3,0.0,0.0,1.0,0.7,0.2,0.0,4.0,1.0,0.25
ind_skew_Dpos,0.9224317088137702,0.19418268392792534,1.0,1.0,-0.3994603927455279,23,99,800,100,2,100,0.0,0,0.3,0.0,0.0,1.0,0.7,0.2,0.0,4.0,1.0,0.25
ind_skew_Dpos,0.6823072761232043,0.18184498053574596,1.0,1.0,-1.747052478109758,24,100,800,100,2,100,0.0,0,0.3,0.0,0.0,1.0,0.7,0.2,0.0,4.0,1.0,0.25
ind_skew_Dpos,0.9962402894977399,0.16745679511177042,1.0,1.0,-0.022451824064533447,25,101,800,100,2,100,0.0,0,0.3,0.0,0.0,1.0,0.7,0.2,0.0,4.0,1.0,0.25
ind_skew_Dpos,0.7828496381076454,0.17839117759717363,1.0,1.0,-1.2172707463297503,26,102,800,100,2,100,0.0,0,0.3,0.0,0.0,1.0,0.7,0.2,0.0,4.0,1.0,0.25
ind_skew_Dpos,0.91897505745203,0.16925248762903505,1.0,1.0,-0.47872231411782373,27,103,800,100,2,100,0.0,0,0.3,0.0,0.0,1.0,0.7,0.2,0.0,4.0,1.0,0.25
ind_skew_Dpos,0.7263587543271254,0.17373459775264857,1.0,1.0,-1.575053266376259,28,104,800,100,2,100,0.0,0,0.3,0.0,0.0,1.0,0.7,0.2,0.0,4.0,1.0,0.25
ind_skew_Dpos,0.802587510517325,0.15949082626969008,1.0,1.0,-1.2377670496788415,29,105,800,100,2,100,0.0,0,0.3,0.0,0.0,1.0,0.7,0.2,0.0,4.0,1.0,0.25
ind_skew_Dpos,0.9850552741461936,0.1710420022206035,1.0,1.0,-0.08737459606285015,30,106,800,100,2,100,0.0,0,0.3,0.0,0.0,1.0,0.7,0.2,0.0,4.0,1.0,0.25
ind_skew_Dpos,1.3189786027761394,0.19296537170496209,1.0,1.0,1.6530354641238303,31,107,800,100,2,100,0.0,0,0.3,0.0,0.0,1.0,0.7,0.2,0.0,4.0,1.0,0.25
ind_skew_Dpos,0.9172446927826767,0.18053099881406032,1.0,1.0,-0.4583994314602885,32,108,800,100,2,100,0.0,0,0.3,0.0,0.0,1.0,0.7,0.2,0.0,4.0,1.0,0.25
ind_skew_Dpos,0.8928920731046056,0.1624195207979842,1.0,1.0,-0.6594523020949814,33,109,800,100,2,100,0.0,0,0.3,0.0,0.0,1.0,0.7,0.2,0.0,4.0,1.0,0.25
ind_skew_Dpos,1.0782820441671934,0.17234488930395214,1.0,1.0,0.4542173805289525,34,110,800,100,2,100,0.0,0,0.3,0.0,0.0,1.0,0.7,0.2,0.0,4.0,1.0,0.25
ind_skew_Dpos,0.9799494678238022,0.17880444362363038,1.0,1.0,-0.11213665482722912,35,111,800,100,2,100,0.0,0,0.3,0.0,0.0,1.0,0.7,0.2,0.0,4.0,1.0,0.25
ind_skew_Dpos,1.2156772868491132,0.18304203425211546,1.0,1.0,1.1782937603941135,36,112,800,100,2,100,0.0,0,0.3,0.0,0.0,1.0,0.7,0.2,0.0,4.0,1.0,0.25
ind_skew_Dpos,1.370505074512978,0.16337680234660706,1.0,1.0,2.2677948716791776,37,113,800,100,2,100,0.0,0,0.3,0.0,0.0,1.0,0.7,0.2,0.0,4.0,1.0,0.25
ind_skew_Dpos,0.9142960416005942,0.16096910159828057,1.0,1.0,-0.5324249035898283,38,114,800,100,2,100,0.0,0,0.3,0.0,0.0,1.0,0.7,0.2,0.0,4.0,1.0,0.25
ind_skew_Dpos,0.8297906882033603,0.18143445817042161,1.0,1.0,-0.938131121910491,39,115,800,100,2,100,0.0,0,0.3,0.0,0.0,1.0,0.7,0.2,0.0,4.0,1.0,0.25
ind_skew_Dpos,0.9313477545578138,0.17754620468937116,1.0,1.0,-0.3866725597559116,40,116,800,100,2,100,0.0,0,0.3,0.0,0.0,1.0,0.7,0.2,0.0,4.0,1.0,0.25
ind_skew_Dpos,0.9869747782216926,0.16426500539995373,1.0,1.0,-0.07929395397755923,41,117,800,100,2,100,0.0,0,0.3,0.0,0.0,1.0,0.7,0.2,0.0,4.0,1.0,0.25
ind_skew_Dpos,0.5040870065663078,0.17256892885642158,1.0,1.0,-2.8737096342893507,42,118,800,100,2,100,0.0,0,0.3,0.0,0.0,1.0,0.7,0.2,0.0,4.0,1.0,0.25
ind_skew_Dpos,0.6623980192810487,0.1724326180829868,1.0,1.0,-1.9578777175236841,43,119,800,100,2,100,0.0,0,0.3,0.0,0.0,1.0,0.7,0.2,0.0,4.0,1.0,0.25
ind_skew_Dpos,0.7201311177236691,0.1745745945816797,1.0,1.0,-1.6031478288519596,44,120,800,100,2,100,0.0,0,0.3,0.0,0.0,1.0,0.7,0.2,0.0,4.0,1.0,0.25
ind_skew_Dpos,1.5128225975918912,0.17622561648530966,1.0,1.0,2.910034351530503,45,121,800,100,2,100,0.0,0,0.3,0.0,0.0,1.0,0.7,0.2,0.0,4.0,1.0,0.25
ind_skew_Dpos,0.969021357460835,0.17735156975128177,1.0,1.0,-0.1746736303637434,46,122,800,100,2,100,0.0,0,0.3,0.0,0.0,1.0,0.7,0.2,0.0,4.0,1.0,0.25
ind_skew_Dpos,0.9843230854628203,0.180547127549719,1.0,1.0,-0.08683004127475012,47,123,800,100,2,100,0.0,0,0.3,0.0,0.0,1.0,0.7,0.2,0.0,4.0,1.0,0.25
ind_skew_Dpos,0.6769762698129389,0.15533728665295993,1.0,1.0,-2.0794989866710534,48,124,800,100,2,100,0.0,0,0.3,0.0,0.0,1.0,0.7,0.2,0.0,4.0,1.0,0.25
ind_skew_Dpos,0.8829965175804282,0.17341958642558025,1.0,1.0,-0.6746843585040012,49,125,800,100,2,100,0.0,0,0.3,0.0,0.0,1.0,0.7,0.2,0.0,4.0,1.0,0.25
ind_skew_Dpos,0.7521900033566625,0.18135503409433382,1.0,1.0,-1.3664357203033932,50,126,800,100,2,100,0.0,0,0.3,0.0,0.0,1.0,0.7,0.2,0.0,4.0,1.0,0.25
ind_skew_Dpos,1.2267424638420372,0.16798981798073442,1.0,1.0,1.3497393268682554,51,127,800,100,2,100,0.0,0,0.3,0.0,0.0,1.0,0.7,0.2,0.0,4.0,1.0,0.25
ind_skew_Dpos,1.0014276062720635,0.1677183566795151,1.0,1.0,0.008511926185822655,52,128,800,100,2,100,0.0,0,0.3,0.0,0.0,1.0,0.7,0.2,0.0,4.0,1.0,0.25
ind_skew_Dpos,1.2152384569475627,0.17137461489239889,1.0,1.0,1.255952972280665,53,129,800,100,2,100,0.0,0,0.3,0.0,0.0,1.0,0.7,0.2,0.0,4.0,1.0,0.25
ind_skew_Dpos,1.1613646188059674,0.16364173808540966,1.0,1.0,0.9860847281012516,54,130,800,100,2,100,0.0,0,0.3,0.0,0.0,1.0,0.7,0.2,0.0,4.0,1.0,0.25
ind_skew_Dpos,0.837116127475446,0.16753351316741502,1.0,1.0,-0.9722465042667934,55,131,800,100,2,100,0.0,0,0.3,0.0,0.0,1.0,0.7,0.2,0.0,4.0,1.0,0.25
ind_skew_Dpos,1.1686432654164907,0.16394599645014138,1.0,1.0,1.0286513185320618,56,132,800,100,2,100,0.0,0,0.3,0.0,0.0,1.0,0.7,0.2,0.0,4.0,1.0,0.25
ind_skew_Dpos,1.103763205752081,0.16098086712472476,1.0,1.0,0.6445685602605639,57,133,800,100,2,100,0.0,0,0.3,0.0,0.0,1.0,0.7,0.2,0.0,4.0,1.0,0.25
ind_skew_Dpos,1.0766384312160384,0.18255709819283444,1.0,1.0,0.4198052662684499,58,134,800,100,2,100,0.0,0,0.3,0.0,0.0,1.0,0.7,0.2,0.0,4.0,1.0,0.25
ind_skew_Dpos,1.3983705195021714,0.1765202987906644,1.0,1.0,2.256797219534505,59,135,800,100,2,100,0.0,0,0.3,0.0,0.0,1.0,0.7,0.2,0.0,4.0,1.0,0.25
ind_skew_Dpos,0.9281944756672862,0.17415477395991877,1.0,1.0,-0.41230867635727086,60,136,800,100,2,100,0.0,0,0.3,0.0,0.0,1.0,0.7,0.2,0.0,4.0,1.0,0.25
ind_skew_Dpos,0.9264492436008785,0.17238961686838808,1.0,1.0,-0.4266542134917223,61,137,800,100,2,100,0.0,0,0.3,0.0,0.0,1.0,0.7,0.2,0.0,4.0,1.0,0.25
ind_skew_Dpos,0.7343271632832569,0.17398271909568264,1.0,1.0,-1.5270070389613526,62,138,800,100,2,100,0.0,0,0.3,0.0,0.0,1.0,0.7,0.2,0.0,4.0,1.0,0.25
ind_skew_Dpos,0.8597918033518009,0.18155303652414495,1.0,1.0,-0.7722712840969345,63,139,800,100,2,100,0.0,0,0.3,0.0,0.0,1.0,0.7,0.2,0.0,4.0,1.0,0.25
ind_skew_Dpos,1.0780291625451808,0.17489092355952943,1.0,1.0,0.44615901704367855,64,140,800,100,2,100,0.0,0,0.3,0.0,0.0,1.0,0.7,0.2,0.0,4.0,1.0,0.25
ind_skew_Dpos,0.6294019495498383,0.16557855038822497,1.0,1.0,-2.238200839307001,65,141,800,100,2,100,0.0,0,0.3,0.0,0.0,1.0,0.7,0.2,0.0,4.0,1.0,0.25
ind_skew_Dpos,1.127965234158001,0.17074508278862316,1.0,1.0,0.7494519436112715,66,142,800,100,2,100,0.0,0,0.3,0.0,0.0,1.0,0.7,0.2,0.0,4.0,1.0,0.25
ind_skew_Dpos,0.7329167880204684,0.17756284759574914,1.0,1.0,-1.504161572062587,67,143,800,100,2,100,0.0,0,0.3,0.0,0.0,1.0,0.7,0.2,0.0,4.0,1.0,0.25
ind_skew_Dpos,0.8871596906958,0.17303471639254878,1.0,1.0,-0.6521252593508982,68,144,800,100,2,100,0.0,0,0.3,0.0,0.0,1.0,0.7,0.2,0.0,4.0,1.0,0.25
ind_skew_Dpos,1.0367230939818064,0.1877965191723692,1.0,1.0,0.19554725584716548,69,145,800,100,2,100,0.0,0,0.3,0.0,0.0,1.0,0.7,0.2,0.0,4.0,1.0,0.25
ind_skew_Dpos,0.6012586538629738,0.1618783709223953,1.0,1.0,-2.4632157085901447,70,146,800,100,2,100,0.0,0,0.3,0.0,0.0,1.0,0.7,0.2,0.0,4.0,1.0,0.25
ind_skew_Dpos,1.0162062478395568,0.17036072466256375,1.0,1.0,0.09512901445833127,71,147,800,100,2,100,0.0,0,0.3,0.0,0.0,1.0,0.7,0.2,0.0,4.0,1.0,0.25
ind_skew_Dpos,0.9334660111597295,0.17550518772547424,1.0,1.0,-0.3790998414493774,72,148,800,100,2,100,0.0,0,0.3,0.0,0.0,1.0,0.7,0.2,0.0,4.0,1.0,0.25
ind_skew_Dpos,0.9450698458866206,0.1746456302414649,1.0,1.0,-0.3145234955918052,73,149,800,100,2,100,0.0,0,0.3,0.0,0.0,1.0,0.7,0.2,0.0,4.0,1.0,0.25
ind_skew_Dpos,0.8765767435141746,0.1774143842317729,1.0,1.0,-0.6956778449518848,74,150,800,100,2,100,0.0,0,0.3,0.0,0.0,1.0,0.7,0.2,0.0,4.0,1.0,0.25
ind_skew_Dpos,0.8338630216035203,0.17154741769070697,1.0,1.0,-0.9684609691765684,75,151,800,100,2,100,0.0,0,0.3,0.0,0.0,1.0,0.7,0.2,0.0,4.0,1.0,0.25
ind_skew_Dpos,0.9082186304336421,0.18048359975349743,1.0,1.0,-0.508530247023618,76,152,800,100,2,100,0.0,0,0.3,0.0,0.0,1.0,0.7,0.2,0.0,4.0,1.0,0.25
ind_skew_Dpos,0.8918261544210154,0.18868507556162664,1.0,1.0,-0.5733036662120836,77,153,800,100,2,100,0.0,0,0.3,0.0,0.0,1.0,0.7,0.2,0.0,4.0,1.0,0.25
ind_skew_Dpos,1.1953553104356474,0.1777408673874227,1.0,1.0,1.099101817759392,78,154,800,100,2,100,0.0,0,0.3,0.0,0.0,1.0,0.7,0.2,0.0,4.0,1.0,0.25
ind_skew_Dpos,0.8202815066430023,0.18520096801282263,1.0,1.0,-0.9703971598277753,79,155,800,100,2,100,0.0,0,0.3,0.0,0.0,1.0,0.7,0.2,0.0,4.0,1.0,0.25
ind_skew_Dpos,0.9379745775991633,0.1732182916901518,1.0,1.0,-0.3580766314898553,80,156,800,100,2,100,0.0,0,0.3,0.0,0.0,1.0,0.7,0.2,0.0,4.0,1.0,0.25
ind_skew_Dpos,0.9518154890270086,0.1703335768892672,1.0,1.0,-0.28288322157595397,81,157,800,100,2,100,0.0,0,0.3,0.0,0.0,1.0,0.7,0.2,0.0,4.0,1.0,0.25
ind_skew_Dpos,1.14635119396947,0.18514107205806077,1.0,1.0,0.7904847495080605,82,158,800,100,2,100,0.0,0,0.3,0.0,0.0,1.0,0.7,0.2,0.0,4.0,1.0,0.25
ind_skew_Dpos,0.8089662217613058,0.17760125474048383,1.0,1.0,-1.075633043909731,83,159,800,100,2,100,0.0,0,0.3,0.0,0.0,1.0,0.7,0.2,0.0,4.0,1.0,0.25
ind_skew_Dpos,0.812170995015125,0.16894519448552298,1.0,1.0,-1.1117747714390904,84,160,800,100,2,100,0.0,0,0.3,0.0,0.0,1.0,0.7,0.2,0.0,4.0,1.0,0.25
ind_skew_Dpos,1.1482184871106655,0.17021511264834813,1.0,1.0,0.8707716066132977,85,161,800,100,2,100,0.0,0,0.3,0.0,0.0,1.0,0.7,0.2,0.0,4.0,1.0,0.25
ind_skew_Dpos,1.119419145729248,0.16810683161972972,1.0,1.0,0.7103765181856679,86,162,800,100,2,100,0.0,0,0.3,0.0,0.0,1.0,0.7,0.2,0.0,4.0,1.0,0.25
ind_skew_Dpos,0.6808245072150042,0.19238222353223758,1.0,1.0,-1.659069569551531,87,163,800,100,2,100,0.0,0,0.3,0.0,0.0,1.0,0.7,0.2,0.0,4.0,1.0,0.25
ind_skew_Dpos,1.056065373826987,0.17303197042143406,1.0,1.0,0.3240174268976708,88,164,800,100,2,100,0.0,0,0.3,0.0,0.0,1.0,0.7,0.2,0.0,4.0,1.0,0.25
ind_skew_Dpos,0.9618223254193984,0.16741325316799188,1.0,1.0,-0.22804451773177115,89,165,800,100,2,100,0.0,0,0.3,0.0,0.0,1.0,0.7,0.2,0.0,4.0,1.0,0.25
ind_skew_Dpos,1.0103518795914035,0.16866615808287713,1.0,1.0,0.06137496525128004,90,166,800,100,2,100,0.0,0,0.3,0.0,0.0,1.0,0.7,0.2,0.0,4.0,1.0,0.25
ind_skew_Dpos,0.871878624593577,0.16642598001181091,1.0,1.0,-0.7698399937157075,91,167,800,100,2,100,0.0,0,0.3,0.0,0.0,1.0,0.7,0.2,0.0,4.0,1.0,0.25
ind_skew_Dpos,1.3031097742673554,0.16903301096902837,1.0,1.0,1.7931986925494316,92,168,800,100,2,100,0.0,0,0.3,0.0,0.0,1.0,0.7,0.2,0.0,4.0,1.0,0.25
ind_skew_Dpos,1.0541792274789648,0.1876207205134922,1.0,1.0,0.28876995744757633,93,169,800,100,2,100,0.0,0,0.3,0.0,0.0,1.0,0.7,0.2,0.0,4.0,1.0,0.25
ind_skew_Dpos,1.0463677661787996,0.18911468666606865,1.0,1.0,0.24518331704546015,94,170,800,100,2,100,0.0,0,0.3,0.0,0.0,1.0,0.7,0.2,0.0,4.0,1.0,0.25
ind_skew_Dpos,0.977239330929031,0.17462310224885627,1.0,1.0,-0.13034168318996314,95,171,800,100,2,100,0.0,0,0.3,0.0,0.0,1.0,0.7,0.2,0.0,4.0,1.0,0.25
ind_skew_Dpos,0.9583578672468758,0.1760579144190399,1.0,1.0,-0.23652519621475654,96,172,800,100,2,100,0.0,0,0.3,0.0,0.0,1.0,0.7,0.2,0.0,4.0,1.0,0.25
ind_skew_Dpos,0.9822948691465105,0.1842545979629088,1.0,1.0,-0.09609057819579392,97,173,800,100,2,100,0.0,0,0.3,0.0,0.0,1.0,0.7,0.2,0.0,4.0,1.0,0.25
ind_skew_Dpos,0.9824365808275202,0.17887441821977748,1.0,1.0,-0.09818854673170874,98,174,800,100,2,100,0.0,0,0.3,0.0,0.0,1.0,0.7,0.2,0.0,4.0,1.0,0.25
ind_skew_Dpos,0.7458303331055605,0.17053279985581538,1.0,1.0,-1.4904444605925589,99,175,800,100,2,100,0.0,0,0.3,0.0,0.0,1.0,0.7,0.2,0.0,4.0,1.0,0.25
ind_skew_Dneg,0.9852277493647377,0.1756690032242606,1.0,1.0,-0.08409138985324545,0,77,800,100,2,100,0.0,0,0.3,0.0,0.0,1.0,0.7,0.2,0.0,-4.0,1.0,0.25
ind_skew_Dneg,0.9202363382280869,0.1893187374726079,1.0,1.0,-0.4213194258357755,1,78,800,100,2,100,0.0,0,0.3,0.0,0.0,1.0,0.7,0.2,0.0,-4.0,1.0,0.25
ind_skew_Dneg,0.9000434650500608,0.16693187928320802,1.0,1.0,-0.5987863754912749,2,79,800,100,2,100,0.0,0,0.3,0.0,0.0,1.0,0.7,0.2,0.0,-4.0,1.0,0.25
ind_skew_Dneg,0.913384445256891,0.15128158949670406,1.0,1.0,-0.5725452451370237,3,80,800,100,2,100,0.0,0,0.3,0.0,0.0,1.0,0.7,0.2,0.0,-4.0,1.0,0.25
ind_skew_Dneg,0.9969150465734359,0.17231618756498732,1.0,1.0,-0.017902864902931186,4,81,800,100,2,100,0.0,0,0.3,0.0,0.0,1.0,0.7,0.2,0.0,-4.0,1.0,0.25
ind_skew_Dneg,0.942815385249789,0.1728129571874493,1.0,1.0,-0.3309046710437524,5,82,800,100,2,100,0.0,0,0.3,0.0,0.0,1.0,0.7,0.2,0.0,-4.0,1.0,0.25
ind_skew_Dneg,0.9468582601425943,0.17120127788089762,1.0,1.0,-0.31040504203698555,6,83,800,100,2,100,0.0,0,0.3,0.0,0.0,1.0,0.7,0.2,0.0,-4.0,1.0,0.25
ind_skew_Dneg,0.8638199018662432,0.1736276268449018,1.0,1.0,-0.7843227521355447,7,84,800,100,2,100,0.0,0,0.3,0.0,0.0,1.0,0.7,0.2,0.0,-4.0,1.0,0.25
ind_skew_Dneg,0.8710255708454299,0.1741165379502795,1.0,1.0,-0.740736237194194,8,85,800,100,2,100,0.0,0,0.3,0.0,0.0,1.0,0.7,0.2,0.0,-4.0,1.0,0.25
ind_skew_Dneg,1.1407740329004428,0.1621425168078078,1.0,1.0,0.8682117169015348,9,86,800,100,2,100,0.0,0,0.3,0.0,0.0,1.0,0.7,0.2,0.0,-4.0,1.0,0.25
ind_skew_Dneg,1.0400077896665616,0.1650931628053721,1.0,1.0,0.24233462480652018,10,87,800,100,2,100,0.0,0,0.3,0.0,0.0,1.0,0.7,0.2,0.0,-4.0,1.0,0.25
ind_skew_Dneg,1.0123000005778686,0.16501919215715044,1.0,1.0,0.07453678821888263,11,88,800,100,2,100,0.0,0,0.3,0.0,0.0,1.0,0.7,0.2,0.0,-4.0,1.0,0.25
ind_skew_Dneg,0.747118069835089,0.1709455916510267,1.0,1.0,-1.479312380755343,12,89,800,100,2,100,0.0,0,0.3,0.0,0.0,1.0,0.7,0.2,0.0,-4.0,1.0,0.25
ind_skew_Dneg,0.9762513621390697,0.1621994453643172,1.0,1.0,-0.1464162704600396,13,90,800,100,2,100,0.0,0,0.3,0.0,0.0,1.0,0.7,0.2,0.0,-4.0,1.0,0.25
ind_skew_Dneg,1.165916290358607,0.15948524702776257,1.0,1.0,1.0403237506333427,14,91,800,100,2,100,0.0,0,0.3,0.0,0.0,1.0,0.7,0.2,0.0,-4.0,1.0,0.25
ind_skew_Dneg,0.9857083964055792,0.15573778913301783,1.0,1.0,-0.09176708924649092,15,92,800,100,2,100,0.0,0,0.3,0.0,0.0,1.0,0.7,0.2,0.0,-4.0,1.0,0.25
ind_skew_Dneg,1.045744593740063,0.17368976530745642,1.0,1.0,0.2633695408539947,16,93,800,100,2,100,0.0,0,0.3,0.0,0.0,1.0,0.7,0.2,0.0,-4.0,1.0,0.25
ind_skew_Dneg,1.1470010241937125,0.16529226438333244,1.0,1.0,0.8893400108113931,17,94,800,100,2,100,0.0,0,0.3,0.0,0.0,1.0,0.7,0.2,0.0,-4.0,1.0,0.25
ind_skew_Dneg,1.0360389386459756,0.17142338806468177,1.0,1.0,0.21023349878242606,18,95,800,100,2,100,0.0,0,0.3,0.0,0.0,1.0,0.7,0.2,0.0,-4.0,1.0,0.25
ind_skew_Dneg,0.5987209302735825,0.16451869964917093,1.0,1.0,-2.439109174714655,19,96,800,100,2,100,0.0,0,0.3,0.0,0.0,1.0,0.7,0.2,0.0,-4.0,1.0,0.25
ind_skew_Dneg,0.8240919049485571,0.18001461225124765,1.0,1.0,-0.9771878674267105,20,97,800,100,2,100,0.0,0,0.3,0.0,0.0,1.0,0.7,0.2,0.0,-4.0,1.0,0.25
ind_skew_Dneg,0.7093439252361258,0.15678829725842308,1.0,1.0,-1.8538123051671793,21,98,800,100,2,100,0.0,0,0.3,0.0,0.0,1.0,0.7,0.2,0.0,-4.0,1.0,0.25
ind_skew_Dneg,0.8945102585054868,0.1916407745262894,1.0,1.0,-0.5504556207063442,22,99,800,100,2,100,0.0,0,0.3,0.0,0.0,1.0,0.7,0.2,0.0,-4.0,1.0,0.25
ind_skew_Dneg,0.6863886853064927,0.18284057697309003,1.0,1.0,-1.7152172667868129,23,100,800,100,2,100,0.0,0,0.3,0.0,0.0,1.0,0.7,0.2,0.0,-4.0,1.0,0.25
ind_skew_Dneg,1.0049057433769852,0.1682931547236119,1.0,1.0,0.0291499876215521,24,101,800,100,2,100,0.0,0,0.3,0.0,0.0,1.0,0.7,0.2,0.0,-4.0,1.0,0.25
ind_skew_Dneg,0.6951535721163912,0.1775423537331489,1.0,1.0,-1.7170349579898074,25,102,800,100,2,100,0.0,0,0.3,0.0,0.0,1.0,0.7,0.2,0.0,-4.0,1.0,0.25
ind_skew_Dneg,0.7743135934976031,0.16886812533939977,1.0,1.0,-1.3364653989543667,26,103,800,100,2,100,0.0,0,0.3,0.0,0.0,1.0,0.7,0.2,0.0,-4.0,1.0,0.25
ind_skew_Dneg,0.7783766025046325,0.17329196372333297,1.0,1.0,-1.2789017605524828,27,104,800,100,2,100,0.0,0,0.3,0.0,0.0,1.0,0.7,0.2,0.0,-4.0,1.0,0.25
ind_skew_Dneg,0.8261063764771318,0.16229669735470997,1.0,1.0,-1.0714550964817995,28,105,800,100,2,100,0.0,0,0.3,0.0,0.0,1.0,0.7,0.2,0.0,-4.0,1.0,0.25
ind_skew_Dneg,1.1689436953272991,0.17030121279675042,1.0,1.0,0.9920287269411789,29,106,800,100,2,100,0.0,0,0.3,0.0,0.0,1.0,0.7,0.2,0.0,-4.0,1.0,0.25
ind_skew_Dneg,1.2457563573371881,0.18431243526072358,1.0,1.0,1.3333682938405518,30,107,800,100,2,100,0.0,0,0.3,0.0,0.0,1.0,0.7,0.2,0.0,-4.0,1.0,0.25
ind_skew_Dneg,0.8648368931564466,0.18324311755583944,1.0,1.0,-0.7376162807444339,31,108,800,100,2,100,0.0,0,0.3,0.0,0.0,1.0,0.7,0.2,0.0,-4.0,1.0,0.25
ind_skew_Dneg,0.9641388558869385,0.1584740530846922,1.0,1.0,-0.22629031955090143,32,109,800,100,2,100,0.0,0,0.3,0.0,0.0,1.0,0.7,0.2,0.0,-4.0,1.0,0.25
ind_skew_Dneg,0.9057411870624438,0.16262962766454994,1.0,1.0,-0.5795918879675501,33,110,800,100,2,100,0.0,0,0.3,0.0,0.0,1.0,0.7,0.2,0.0,-4.0,1.0,0.25
ind_skew_Dneg,0.9831104137955247,0.17637521707281,1.0,1.0,-0.09575940704584984,34,111,800,100,2,100,0.0,0,0.3,0.0,0.0,1.0,0.7,0.2,0.0,-4.0,1.0,0.25
ind_skew_Dneg,1.1566856888544381,0.18158576781589555,1.0,1.0,0.8628742810576273,35,112,800,100,2,100,0.0,0,0.3,0.0,0.0,1.0,0.7,0.2,0.0,-4.0,1.0,0.25
ind_skew_Dneg,1.3052987190072651,0.16461584418537709,1.0,1.0,1.8546132088200595,36,113,800,100,2,100,0.0,0,0.3,0.0,0.0,1.0,0.7,0.2,0.0,-4.0,1.0,0.25
ind_skew_Dneg,0.831567788820622,0.16306081750451246,1.0,1.0,-1.0329410446793381,37,114,800,100,2,100,0.0,0,0.3,0.0,0.0,1.0,0.7,0.2,0.0,-4.0,1.0,0.25
ind_skew_Dneg,0.7938706955512047,0.17556951278831354,1.0,1.0,-1.1740609242182503,38,115,800,100,2,100,0.0,0,0.3,0.0,0.0,1.0,0.7,0.2,0.0,-4.0,1.0,0.25
ind_skew_Dneg,0.8304285666962395,0.17258457033847074,1.0,1.0,-0.9825410983797627,39,116,800,100,2,100,0.0,0,0.3,0.0,0.0,1.0,0.7,0.2,0.0,-4.0,1.0,0.25
ind_skew_Dneg,0.8654144431214156,0.16112163632964618,1.0,1.0,-0.835304059370584,40,117,800,100,2,100,0.0,0,0.3,0.0,0.0,1.0,0.7,0.2,0.0,-4.0,1.0,0.25
ind_skew_Dneg,0.5037153735206668,0.16680463975337204,1.0,1.0,-2.975244736675861,41,118,800,100,2,100,0.0,0,0.3,0.0,0.0,1.0,0.7,0.2,0.0,-4.0,1.0,0.25
ind_skew_Dneg,0.6021094784824153,0.1620328290389747,1.0,1.0,-2.4556167035871344,42,119,800,100,2,100,0.0,0,0.3,0.0,0.0,1.0,0.7,0.2,0.0,-4.0,1.0,0.25
ind_skew_Dneg,0.7021767037546842,0.17534687810955824,1.0,1.0,-1.6984807454583437,43,120,800,100,2,100,0.0,0,0.3,0.0,0.0,1.0,0.7,0.2,0.0,-4.0,1.0,0.25
ind_skew_Dneg,1.3059382170749432,0.1662079679322783,1.0,1.0,1.840695249938909,44,121,800,100,2,100,0.0,0,0.3,0.0,0.0,1.0,0.7,0.2,0.0,-4.0,1.0,0.25
ind_skew_Dneg,0.9323440750912467,0.17568307478871198,1.0,1.0,-0.38510212204630834,45,122,800,100,2,100,0.0,0,0.3,0.0,0.0,1.0,0.7,0.2,0.0,-4.0,1.0,0.25
ind_skew_Dneg,0.9459212885543878,0.17498904269940926,1.0,1.0,-0.30904055826230725,46,123,800,100,2,100,0.0,0,0.3,0.0,0.0,1.0,0.7,0.2,0.0,-4.0,1.0,0.25
ind_skew_Dneg,0.6271067768695783,0.16611503309636116,1.0,1.0,-2.2447891450866533,47,124,800,100,2,100,0.0,0,0.3,0.0,0.0,1.0,0.7,0.2,0.0,-4.0,1.0,0.25
ind_skew_Dneg,0.7941699225369298,0.16992485522530004,1.0,1.0,-1.2113005904296001,48,125,800,100,2,100,0.0,0,0.3,0.0,0.0,1.0,0.7,0.2,0.0,-4.0,1.0,0.25
ind_skew_Dneg,0.7627707222735242,0.17708891095294452,1.0,1.0,-1.3396054922349803,49,126,800,100,2,100,0.0,0,0.3,0.0,0.0,1.0,0.7,0.2,0.0,-4.0,1.0,0.25
ind_skew_Dneg,1.138000194729719,0.16637632323006601,1.0,1.0,0.8294461137892293,50,127,800,100,2,100,0.0,0,0.3,0.0,0.0,1.0,0.7,0.2,0.0,-4.0,1.0,0.25
ind_skew_Dneg,1.089010630774941,0.1740280552874073,1.0,1.0,0.5114728807831584,51,128,800,100,2,100,0.0,0,0.3,0.0,0.0,1.0,0.7,0.2,0.0,-4.0,1.0,0.25
ind_skew_Dneg,1.1351252764288504,0.16798645032986004,1.0,1.0,0.8043819972594036,52,129,800,100,2,100,0.0,0,0.3,0.0,0.0,1.0,0.7,0.2,0.0,-4.0,1.0,0.25
ind_skew_Dneg,1.082693766495151,0.16393059669673818,1.0,1.0,0.504443759502258,53,130,800,100,2,100,0.0,0,0.3,0.0,0.0,1.0,0.7,0.2,0.0,-4.0,1.0,0.25
ind_skew_Dneg,0.8764033757492761,0.1693996949037148,1.0,1.0,-0.7296153887465683,54,131,800,100,2,100,0.0,0,0.3,0.0,0.0,1.0,0.7,0.2,0.0,-4.0,1.0,0.25
ind_skew_Dneg,1.0953026047944063,0.16160435220054775,1.0,1.0,0.5897279590350247,55,132,800,100,2,100,0.0,0,0.3,0.0,0.0,1.0,0.7,0.2,0.0,-4.0,1.0,0.25
ind_skew_Dneg,1.0133004576131777,0.16574903145264397,1.0,1.0,0.08024455706685518,56,133,800,100,2,100,0.0,0,0.3,0.0,0.0,1.0,0.7,0.2,0.0,-4.0,1.0,0.25
ind_skew_Dneg,1.1058830221890599,0.1767299137113732,1.0,1.0,0.5991233739975844,57,134,800,100,2,100,0.0,0,0.3,0.0,0.0,1.0,0.7,0.2,0.0,-4.0,1.0,0.25
ind_skew_Dneg,1.235041871427375,0.18062146896143055,1.0,1.0,1.3012953154398563,58,135,800,100,2,100,0.0,0,0.3,0.0,0.0,1.0,0.7,0.2,0.0,-4.0,1.0,0.25
ind_skew_Dneg,0.8455590674802087,0.16929999766788126,1.0,1.0,-0.9122323369593941,59,136,800,100,2,100,0.0,0,0.3,0.0,0.0,1.0,0.7,0.2,0.0,-4.0,1.0,0.25
ind_skew_Dneg,0.9316850747286552,0.17310733203821152,1.0,1.0,-0.39463912052127864,60,137,800,100,2,100,0.0,0,0.3,0.0,0.0,1.0,0.7,0.2,0.0,-4.0,1.0,0.25
ind_skew_Dneg,0.7254536546200879,0.17811924880133678,1.0,1.0,-1.5413625828061073,61,138,800,100,2,100,0.0,0,0.3,0.0,0.0,1.0,0.7,0.2,0.0,-4.0,1.0,0.25
ind_skew_Dneg,0.9131068840118473,0.17565980003887507,1.0,1.0,-0.49466705511974013,62,139,800,100,2,100,0.0,0,0.3,0.0,0.0,1.0,0.7,0.2,0.0,-4.0,1.0,0.25
ind_skew_Dneg,0.9831562292025221,0.16533504778206862,1.0,1.0,-0.10187658952795056,63,140,800,100,2,100,0.0,0,0.3,0.0,0.0,1.0,0.7,0.2,0.0,-4.0,1.0,0.25
ind_skew_Dneg,0.6203404171974392,0.16998159691127349,1.0,1.0,-2.2335334512755196,64,141,800,100,2,100,0.0,0,0.3,0.0,0.0,1.0,0.7,0.2,0.0,-4.0,1.0,0.25
ind_skew_Dneg,1.2635820508904394,0.17634890763154848,1.0,1.0,1.4946622263243614,65,142,800,100,2,100,0.0,0,0.3,0.0,0.0,1.0,0.7,0.2,0.0,-4.0,1.0,0.25
ind_skew_Dneg,0.6902411240425481,0.1788391740306499,1.0,1.0,-1.7320527095722589,66,143,800,100,2,100,0.0,0,0.3,0.0,0.0,1.0,0.7,0.2,0.0,-4.0,1.0,0.25
ind_skew_Dneg,0.8845868438416159,0.16876002849360017,1.0,1.0,-0.6838891720308099,67,144,800,100,2,100,0.0,0,0.3,0.0,0.0,1.0,0.7,0.2,0.0,-4.0,1.0,0.25
ind_skew_Dneg,0.993517194269269,0.18760615602692762,1.0,1.0,-0.03455539982281027,68,145,800,100,2,100,0.0,0,0.3,0.0,0.0,1.0,0.7,0.2,0.0,-4.0,1.0,0.25
ind_skew_Dneg,0.5570646017869437,0.16489315848817657,1.0,1.0,-2.686196336307163,69,146,800,100,2,100,0.0,0,0.3,0.0,0.0,1.0,0.7,0.2,0.0,-4.0,1.0,0.25
ind_skew_Dneg,0.9746644954360256,0.17362534147676725,1.0,1.0,-0.14592054563281887,70,147,800,100,2,100,0.0,0,0.3,0.0,0.0,1.0,0.7,0.2,0.0,-4.0,1.0,0.25
ind_skew_Dneg,1.1064529171136284,0.18503352526480635,1.0,1.0,0.5753169160090357,71,148,800,100,2,100,0.0,0,0.3,0.0,0.0,1.0,0.7,0.2,0.0,-4.0,1.0,0.25
ind_skew_Dneg,0.786330067809378,0.17803870875113662,1.0,1.0,-1.2001318909209284,72,149,800,100,2,100,0.0,0,0.3,0.0,0.0,1.0,0.7,0.2,0.0,-4.0,1.0,0.25
ind_skew_Dneg,0.7593917455516271,0.17293610007808302,1.0,1.0,-1.3913130592151375,73,150,800,100,2,100,0.0,0,0.3,0.0,0.0,1.0,0.7,0.2,0.0,-4.0,1.0,0.25
ind_skew_Dneg,0.8024042278450941,0.17266778468359995,1.0,1.0,-1.1443696490169517,74,151,800,100,2,100,0.0,0,0.3,0.0,0.0,1.0,0.7,0.2,0.0,-4.0,1.0,0.25
ind_skew_Dneg,0.9601507692778519,0.18195378667677442,1.0,1.0,-0.21900742738010107,75,152,800,100,2,100,0.0,0,0.3,0.0,0.0,1.0,0.7,0.2,0.0,-4.0,1.0,0.25
ind_skew_Dneg,0.8400233929532805,0.18951443353045003,1.0,1.0,-0.844139436065778,76,153,800,100,2,100,0.0,0,0.3,0.0,0.0,1.0,0.7,0.2,0.0,-4.0,1.0,0.25
ind_skew_Dneg,1.1180686578556407,0.18083977855668013,1.0,1.0,0.6528909667882321,77,154,800,100,2,100,0.0,0,0.3,0.0,0.0,1.0,0.7,0.2,0.0,-4.0,1.0,0.25
ind_skew_Dneg,0.8042247288122067,0.18234053381435356,1.0,1.0,-1.073679379413894,78,155,800,100,2,100,0.0,0,0.3,0.0,0.0,1.0,0.7,0.2,0.0,-4.0,1.0,0.25
ind_skew_Dneg,0.946237608324165,0.18261400514606657,1.0,1.0,-0.29440453722501897,79,156,800,100,2,100,0.0,0,0.3,0.0,0.0,1.0,0.7,0.2,0.0,-4.0,1.0,0.25
ind_skew_Dneg,0.889354833772847,0.168889720247793,1.0,1.0,-0.6551326277574251,80,157,800,100,2,100,0.0,0,0.3,0.0,0.0,1.0,0.7,0.2,0.0,-4.0,1.0,0.25
ind_skew_Dneg,1.0149980494581234,0.1805290101104037,1.0,1.0,0.08307833432948691,81,158,800,100,2,100,0.0,0,0.3,0.0,0.0,1.0,0.7,0.2,0.0,-4.0,1.0,0.25
ind_skew_Dneg,0.8066140668521744,0.18395045038551683,1.0,1.0,-1.0512936105485702,82,159,800,100,2,100,0.0,0,0.3,0.0,0.0,1.0,0.7,0.2,0.0,-4.0,1.0,0.25
ind_skew_Dneg,0.7575347946475143,0.16527617797006847,1.0,1.0,-1.4670305686545837,83,160,800,100,2,100,0.0,0,0.3,0.0,0.0,1.0,0.7,0.2,0.0,-4.0,1.0,0.25
ind_skew_Dneg,1.0041766522734705,0.16462740774281373,1.0,1.0,0.025370333717429534,84,161,800,100,2,100,0.0,0,0.3,0.0,0.0,1.0,0.7,0.2,0.0,-4.0,1.0,0.25
ind_skew_Dneg,1.1003127257942726,0.17266849625876818,1.0,1.0,0.5809555765397981,85,162,800,100,2,100,0.0,0,0.3,0.0,0.0,1.0,0.7,0.2,0.0,-4.0,1.0,0.25
ind_skew_Dneg,0.6392319790932222,0.18738795281771417,1.0,1.0,-1.9252466099446799,86,163,800,100,2,100,0.0,0,0.3,0.0,0.0,1.0,0.7,0.2,0.0,-4.0,1.0,0.25
ind_skew_Dneg,0.970402577498438,0.16895190074904243,1.0,1.0,-0.1751825363925644,87,164,800,100,2,100,0.0,0,0.3,0.0,0.0,1.0,0.7,0.2,0.0,-4.0,1.0,0.25
ind_skew_Dneg,0.8982423678796454,0.16682564657207336,1.0,1.0,-0.6099639606455382,88,165,800,100,2,100,0.0,0,0.3,0.0,0.0,1.0,0.7,0.2,0.0,-4.0,1.0,0.25
ind_skew_Dneg,1.0684525331361623,0.1825790990277491,1.0,1.0,0.3749198758274001,89,166,800,100,2,100,0.0,0,0.3,0.0,0.0,1.0,0.7,0.2,0.0,-4.0,1.0,0.25
ind_skew_Dneg,0.8818686487000588,0.16141327605229586,1.0,1.0,-0.7318564754343265,90,167,800,100,2,100,0.0,0,0.3,0.0,0.0,1.0,0.7,0.2,0.0,-4.0,1.0,0.25
ind_skew_Dneg,1.3003196804974333,0.1689332007291902,1.0,1.0,1.7777422034337897,91,168,800,100,2,100,0.0,0,0.3,0.0,0.0,1.0,0.7,0.2,0.0,-4.0,1.0,0.25
ind_skew_Dneg,1.0199791285243303,0.17729916355691624,1.0,1.0,0.11268597168489515,92,169,800,100,2,100,0.0,0,0.3,0.0,0.0,1.0,0.7,0.2,0.0,-4.0,1.0,0.25
ind_skew_Dneg,0.858170678463233,0.18347390153040644,1.0,1.0,-0.7730217777772722,93,170,800,100,2,100,0.0,0,0.3,0.0,0.0,1.0,0.7,0.2,0.0,-4.0,1.0,0.25
ind_skew_Dneg,0.9464455903158271,0.17607729535349845,1.0,1.0,-0.3041528413794371,94,171,800,100,2,100,0.0,0,0.3,0.0,0.0,1.0,0.7,0.2,0.0,-4.0,1.0,0.25
ind_skew_Dneg,1.0412415505485921,0.17073860960060083,1.0,1.0,0.24154788799713292,95,172,800,100,2,100,0.0,0,0.3,0.0,0.0,1.0,0.7,0.2,0.0,-4.0,1.0,0.25
ind_skew_Dneg,0.9191320021947433,0.18746947275081793,1.0,1.0,-0.43136621988981316,96,173,800,100,2,100,0.0,0,0.3,0.0,0.0,1.0,0.7,0.2,0.0,-4.0,1.0,0.25
ind_skew_Dneg,0.8587894008050291,0.1715735215667015,1.0,1.0,-0.8230325862960935,97,174,800,100,2,100,0.0,0,0.3,0.0,0.0,1.0,0.7,0.2,0.0,-4.0,1.0,0.25
ind_skew_Dneg,0.7138148868730011,0.17695904983064048,1.0,1.0,-1.6172392053466254,98,175,800,100,2,100,0.0,0,0.3,0.0,0.0,1.0,0.7,0.2,0.0,-4.0,1.0,0.25
ind_skew_Dneg,0.8354000951066843,0.17042860221099193,1.0,1.0,-0.9657997704489749,99,176,800,100,2,100,0.0,0,0.3,0.0,0.0,1.0,0.7,0.2,0.0,-4.0,1.0,0.25
ind_skew_Y,0.9624715098306013,0.020311082342738533,1.0,1.0,-1.847685393428364,0,78,800,100,2,100,0.0,0,0.3,0.0,0.0,0.5,0.7,1.0,1.0,0.25,4.0,0.0
ind_skew_Y,0.9832134301570371,0.017799547802081508,1.0,1.0,-0.9430896801209662,1,79,800,100,2,100,0.0,0,0.3,0.0,0.0,0.5,0.7,1.0,1.0,0.25,4.0,0.0
ind_skew_Y,0.9836202892516583,0.017411573829306238,1.0,1.0,-0.9407369436513658,2,80,800,100,2,100,0.0,0,0.3,0.0,0.0,0.5,0.7,1.0,1.0,0.25,4.0,0.0
ind_skew_Y,1.0127528612325962,0.020157900715090733,1.0,1.0,0.6326482808325917,3,81,800,100,2,100,0.0,0,0.3,0.0,0.0,0.5,0.7,1.0,1.0,0.25,4.0,0.0
ind_skew_Y,1.0144735427470082,0.018500681272515137,1.0,1.0,0.782324852464232,4,82,800,100,2,100,0.0,0,0.3,0.0,0.0,0.5,0.7,1.0,1.0,0.25,4.0,0.0
ind_skew_Y,0.989266770324939,0.018339114974233007,1.0,1.0,-0.5852643211049968,5,83,800,100,2,100,0.0,0,0.3,0.0,0.0,0.5,0.7,1.0,1.0,0.25,4.0,0.0
ind_skew_Y,0.9679435331247729,0.01922174120180565,1.0,1.0,-1.6677192008087074,6,84,800,100,2,100,0.0,0,0.3,0.0,0.0,0.5,0.7,1.0,1.0,0.25,4.0,0.0
ind_skew_Y,0.9619763876191364,0.01909005200704035,1.0,1.0,-1.991802451184555,7,85,800,100,2,100,0.0,0,0.3,0.0,0.0,0.5,0.7,1.0,1.0,0.25,4.0,0.0
ind_skew_Y,1.007237289369576,0.018212925024494293,1.0,1.0,0.3973710625746657,8,86,800,100,2,100,0.0,0,0.3,0.0,0.0,0.5,0.7,1.0,1.0,0.25,4.0,0.0
ind_skew_Y,1.0166006329971977,0.017225427213357625,1.0,1.0,0.9637283761719765,9,87,800,100,2,100,0.0,0,0.3,0.0,0.0,0.5,0.7,1.0,1.0,0.25,4.0,0.0
ind_skew_Y,0.9923467216814399,0.01862897550238693,1.0,1.0,-0.4108265812888902,10,88,800,100,2,100,0.0,0,0.3,0.0,0.0,0.5,0.7,1.0,1.0,0.25,4.0,0.0
ind_skew_Y,0.9684855145148307,0.018578155902837908,1.0,1.0,-1.6963193575286626,11,89,800,100,2,100,0.0,0,0.3,0.0,0.0,0.5,0.7,1.0,1.0,0.25,4.0,0.0
ind_skew_Y,0.983970295061903,0.017871642866771127,1.0,1.0,-0.8969351646960846,12,90,800,100,2,100,0.0,0,0.3,0.0,0.0,0.5,0.7,1.0,1.0,0.25,4.0,0.0
ind_skew_Y,0.9960690285135126,0.018924756506914293,1.0,1.0,-0.20771582900161212,13,91,800,100,2,100,0.0,0,0.3,0.0,0.0,0.5,0.7,1.0,1.0,0.25,4.0,0.0
ind_skew_Y,0.9886083652737477,0.01730980179012476,1.0,1.0,-0.6581031293351487,14,92,800,100,2,100,0.0,0,0.3,0.0,0.0,0.5,0.7,1.0,1.0,0.25,4.0,0.0
ind_skew_Y,1.0030633004139813,0.01914159074832482,1.0,1.0,0.16003374297663167,15,93,800,100,2,100,0.0,0,0.3,0.0,0.0,0.5,0.7,1.0,1.0,0.25,4.0,0.0
ind_skew_Y,0.9904243229225175,0.01801288978180953,1.0,1.0,-0.5316013806486843,16,94,800,100,2,100,0.0,0,0.3,0.0,0.0,0.5,0.7,1.0,1.0,0.25,4.0,0.0
ind_skew_Y,0.9838626167187616,0.018031134644239395,1.0,1.0,-0.8949732559616795,17,95,800,100,2,100,0.0,0,0.3,0.0,0.0,0.5,0.7,1.0,1.0,0.25,4.0,0.0
ind_skew_Y,0.9765902882216325,0.017366787438022165,1.0,1.0,-1.3479586746778034,18,96,800,100,2,100,0.0,0,0.3,0.0,0.0,0.5,0.7,1.0,1.0,0.25,4.0,0.0
ind_skew_Y,0.9754670038203563,0.01959693981503131,1.0,1.0,-1.2518789367728875,19,97,800,100,2,100,0.0,0,0.3,0.0,0.0,0.5,0.7,1.0,1.0,0.25,4.0,0.0
ind_skew_Y,0.9869842460588063,0.01738104314400321,1.0,1.0,-0.7488476861461781,20,98,800,100,2,100,0.0,0,0.3,0.0,0.0,0.5,0.7,1.0,1.0,0.25,4.0,0.0
ind_skew_Y,0.970044509197398,0.018408104408759614,1.0,1.0,-1.6272990492354795,21,99,800,100,2,100,0.0,0,0.3,0.0,0.0,0.5,0.7,1.0,1.0,0.25,4.0,0.0
ind_skew_Y,0.9633260697869744,0.018559786241349997,1.0,1.0,-1.9759888253086897,22,100,800,100,2,100,0.0,0,0.3,0.0,0.0,0.5,0.7,1.0,1.0,0.25,4.0,0.0
ind_skew_Y,1.003495953661761,0.018549108305026304,1.0,1.0,0.18847017356697474,23,101,800,100,2,100,0.0,0,0.3,0.0,0.0,0.5,0.7,1.0,1.0,0.25,4.0,0.0
ind_skew_Y,0.9503381757657405,0.01849940378651165,1.0,1.0,-2.684509447297381,24,102,800,100,2,100,0.0,0,0.3,0.0,0.0,0.5,0.7,1.0,1.0,0.25,4.0,0.0
ind_skew_Y,0.9665733352380897,0.01774397932509148,1.0,1.0,-1.8838313632749861,25,103,800,100,2,100,0.0,0,0.3,0.0,0.0,0.5,0.7,1.0,1.0,0.25,4.0,0.0
ind_skew_Y,0.9627903748164974,0.018986798109151305,1.0,1.0,-1.9597630400656223,26,104,800,100,2,100,0.0,0,0.3,0.0,0.0,0.5,0.7,1.0,1.0,0.25,4.0,0.0
ind_skew_Y,0.9989269949194253,0.018037271041588945,1.0,1.0,-0.05948821626623435,27,105,800,100,2,100,0.0,0,0.3,0.0,0.0,0.5,0.7,1.0,1.0,0.25,4.0,0.0
ind_skew_Y,1.0079129158992877,0.01820117103214174,1.0,1.0,0.43474762614526946,28,106,800,100,2,100,0.0,0,0.3,0.0,0.0,0.5,0.7,1.0,1.0,0.25,4.0,0.0
ind_skew_Y,1.0158569214853992,0.019721372602875407,1.0,1.0,0.8040475581850335,29,107,800,100,2,100,0.0,0,0.3,0.0,0.0,0.5,0.7,1.0,1.0,0.25,4.0,0.0
ind_skew_Y,0.9887896657024949,0.018841291144397136,1.0,1.0,-0.5949875840031642,30,108,800,100,2,100,0.0,0,0.3,0.0,0.0,0.5,0.7,1.0,1.0,0.25,4.0,0.0
ind_skew_Y,0.9784321455067729,0.017822404955801594,1.0,1.0,-1.2101539913784893,31,109,800,100,2,100,0.0,0,0.3,0.0,0.0,0.5,0.7,1.0,1.0,0.25,4.0,0.0
ind_skew_Y,0.9832376138092523,0.017856886293914614,1.0,1.0,-0.9387071135946055,32,110,800,100,2,100,0.0,0,0.3,0.0,0.0,0.5,0.7,1.0,1.0,0.25,4.0,0.0
ind_skew_Y,0.9821589029522967,0.019541242575727605,1.0,1.0,-0.9129970613979246,33,111,800,100,2,100,0.0,0,0.3,0.0,0.0,0.5,0.7,1.0,1.0,0.25,4.0,0.0
ind_skew_Y,1.0079964964120713,0.01965818490166128,1.0,1.0,0.4067769456881836,34,112,800,100,2,100,0.0,0,0.3,0.0,0.0,0.5,0.7,1.0,1.0,0.25,4.0,0.0
ind_skew_Y,1.0262827511382941,0.01807979797047596,1.0,1.0,1.4537082317630696,35,113,800,100,2,100,0.0,0,0.3,0.0,0.0,0.5,0.7,1.0,1.0,0.25,4.0,0.0
ind_skew_Y,1.0038052655019183,0.017009922619318503,1.0,1.0,0.22370857217166715,36,114,800,100,2,100,0.0,0,0.3,0.0,0.0,0.5,0.7,1.0,1.0,0.25,4.0,0.0
ind_skew_Y,0.9756094728065556,0.0189559689842793,1.0,1.0,-1.286693769844849,37,115,800,100,2,100,0.0,0,0.3,0.0,0.0,0.5,0.7,1.0,1.0,0.25,4.0,0.0
ind_skew_Y,0.9728270220831863,0.019433178101533062,1.0,1.0,-1.3982776144407423,38,116,800,100,2,100,0.0,0,0.3,0.0,0.0,0.5,0.7,1.0,1.0,0.25,4.0,0.0
ind_skew_Y,0.9982874618856125,0.01813056884975737,1.0,1.0,-0.09445584022094589,39,117,800,100,2,100,0.0,0,0.3,0.0,0.0,0.5,0.7,1.0,1.0,0.25,4.0,0.0
ind_skew_Y,0.96546688276936,0.018031262196519016,1.0,1.0,-1.9151802494063184,40,118,800,100,2,100,0.0,0,0.3,0.0,0.0,0.5,0.7,1.0,1.0,0.25,4.0,0.0
ind_skew_Y,0.9546661097957319,0.019227224448063542,1.0,1.0,-2.3577969002610732,41,119,800,100,2,100,0.0,0,0.3,0.0,0.0,0.5,0.7,1.0,1.0,0.25,4.0,0.0
ind_skew_Y,0.9786825390286131,0.018606996302115222,1.0,1.0,-1.1456691142010667,42,120,800,100,2,100,0.0,0,0.3,0.0,0.0,0.5,0.7,1.0,1.0,0.25,4.0,0.0
ind_skew_Y,1.0122014813569458,0.018906618893990756,1.0,1.0,0.6453550169577841,43,121,800,100,2,100,0.0,0,0.3,0.0,0.0,0.5,0.7,1.0,1.0,0.25,4.0,0.0
ind_skew_Y,0.9984674736614882,0.01898423107039446,1.0,1.0,-0.0807262792382304,44,122,800,100,2,100,0.0,0,0.3,0.0,0.0,0.5,0.7,1.0,1.0,0.25,4.0,0.0
ind_skew_Y,0.9986068548413175,0.019077533202266406,1.0,1.0,-0.07302543488782873,45,123,800,100,2,100,0.0,0,0.3,0.0,0.0,0.5,0.7,1.0,1.0,0.25,4.0,0.0
ind_skew_Y,0.9326004524218986,0.01825804976632793,1.0,1.0,-3.6914976375188644,46,124,800,100,2,100,0.0,0,0.3,0.0,0.0,0.5,0.7,1.0,1.0,0.25,4.0,0.0
ind_skew_Y,0.9844359620304789,0.0187412098610344,1.0,1.0,-0.8304713561679345,47,125,800,100,2,100,0.0,0,0.3,0.0,0.0,0.5,0.7,1.0,1.0,0.25,4.0,0.0
ind_skew_Y,0.9634343543555595,0.020171716798551814,1.0,1.0,-1.8127185707398832,48,126,800,100,2,100,0.0,0,0.3,0.0,0.0,0.5,0.7,1.0,1.0,0.25,4.0,0.0
ind_skew_Y,1.0051150482271882,0.019093169995958538,1.0,1.0,0.267899370731572,49,127,800,100,2,100,0.0,0,0.3,0.0,0.0,0.5,0.7,1.0,1.0,0.25,4.0,0.0
ind_skew_Y,0.9880826486925751,0.018993482079644713,1.0,1.0,-0.6274442599546658,50,128,800,100,2,100,0.0,0,0.3,0.0,0.0,0.5,0.7,1.0,1.0,0.25,4.0,0.0
ind_skew_Y,1.027576801138294,0.018639068062364136,1.0,1.0,1.4795160920076706,51,129,800,100,2,100,0.0,0,0.3,0.0,0.0,0.5,0.7,1.0,1.0,0.25,4.0,0.0
ind_skew_Y,1.012876892069186,0.0186835371944842,1.0,1.0,0.6892106101294091,52,130,800,100,2,100,0.0,0,0.3,0.0,0.0,0.5,0.7,1.0,1.0,0.25,4.0,0.0
ind_skew_Y,0.96906963913454,0.017968588245068084,1.0,1.0,-1.7213573177597612,53,131,800,100,2,100,0.0,0,0.3,0.0,0.0,0.5,0.7,1.0,1.0,0.25,4.0,0.0
ind_skew_Y,1.045578050324798,0.017701700446175223,1.0,1.0,2.574783731279668,54,132,800,100,2,100,0.0,0,0.3,0.0,0.0,0.5,0.7,1.0,1.0,0.25,4.0,0.0
ind_skew_Y,0.9906674383099765,0.018168528838329857,1.0,1.0,-0.5136663388141115,55,133,800,100,2,100,0.0,0,0.3,0.0,0.0,0.5,0.7,1.0,1.0,0.25,4.0,0.0
ind_skew_Y,0.992061832674826,0.02029888741809281,1.0,1.0,-0.3910641584276487,56,134,800,100,2,100,0.0,0,0.3,0.0,0.0,0.5,0.7,1.0,1.0,0.25,4.0,0.0
ind_skew_Y,1.0175008621564852,0.02038032007749467,1.0,1.0,0.8587138028224984,57,135,800,100,2,100,0.0,0,0.3,0.0,0.0,0.5,0.7,1.0,1.0,0.25,4.0,0.0
ind_skew_Y,0.98776298456729,0.020301786769177252,1.0,1.0,-0.6027555885518725,58,136,800,100,2,100,0.0,0,0.3,0.0,0.0,0.5,0.7,1.0,1.0,0.25,4.0,0.0
ind_skew_Y,1.001670626987429,0.01842859820252044,1.0,1.0,0.09065404590569655,59,137,800,100,2,100,0.0,0,0.3,0.0,0.0,0.5,0.7,1.0,1.0,0.25,4.0,0.0
ind_skew_Y,0.9748989295048851,0.01821776321736603,1.0,1.0,-1.3778349293280623,60,138,800,100,2,100,0.0,0,0.3,0.0,0.0,0.5,0.7,1.0,1.0,0.25,4.0,0.0
ind_skew_Y,0.9912364976684255,0.020445636604933114,1.0,1.0,-0.42862457652505037,61,139,800,100,2,100,0.0,0,0.3,0.0,0.0,0.5,0.7,1.0,1.0,0.25,4.0,0.0
ind_skew_Y,1.0029901130275243,0.019538119022799675,1.0,1.0,0.1530399637772201,62,140,800,100,2,100,0.0,0,0.3,0.0,0.0,0.5,0.7,1.0,1.0,0.25,4.0,0.0
ind_skew_Y,0.9638841549239895,0.01818975632834998,1.0,1.0,-1.985504611720471,63,141,800,100,2,100,0.0,0,0.3,0.0,0.0,0.5,0.7,1.0,1.0,0.25,4.0,0.0
ind_skew_Y,1.024859314608126,0.01902555354736708,1.0,1.0,1.3066276650629283,64,142,800,100,2,100,0.0,0,0.3,0.0,0.0,0.5,0.7,1.0,1.0,0.25,4.0,0.0
ind_skew_Y,0.9747869490743598,0.019298539098048025,1.0,1.0,-1.3064745884412772,65,143,800,100,2,100,0.0,0,0.3,0.0,0.0,0.5,0.7,1.0,1.0,0.25,4.0,0.0
ind_skew_Y,1.0043427154675935,0.018160384871574693,1.0,1.0,0.23913124629813545,66,144,800,100,2,100,0.0,0,0.3,0.0,0.0,0.5,0.7,1.0,1.0,0.25,4.0,0.0
ind_skew_Y,0.9739556113084026,0.019215779280643337,1.0,1.0,-1.3553646881150825,67,145,800,100,2,100,0.0,0,0.3,0.0,0.0,0.5,0.7,1.0,1.0,0.25,4.0,0.0
ind_skew_Y,0.9544433190693129,0.018018565818455953,1.0,1.0,-2.5283189233642873,68,146,800,100,2,100,0.0,0,0.3,0.0,0.0,0.5,0.7,1.0,1.0,0.25,4.0,0.0
ind_skew_Y,0.9976687304936238,0.017625993212170357,1.0,1.0,-0.13226315693611512,69,147,800,100,2,100,0.0,0,0.3,0.0,0.0,0.5,0.7,1.0,1.0,0.25,4.0,0.0
ind_skew_Y,1.0027755689464608,0.0186960973050442,1.0,1.0,0.1484571299119179,70,148,800,100,2,100,0.0,0,0.3,0.0,0.0,0.5,0.7,1.0,1.0,0.25,4.0,0.0
ind_skew_Y,0.9672887356242251,0.019238479757263106,1.0,1.0,-1.7003040151041762,71,149,800,100,2,100,0.0,0,0.3,0.0,0.0,0.5,0.7,1.0,1.0,0.25,4.0,0.0
ind_skew_Y,0.9910956615411809,0.018660406479823602,1.0,1.0,-0.47717816160365223,72,150,800,100,2,100,0.0,0,0.3,0.0,0.0,0.5,0.7,1.0,1.0,0.25,4.0,0.0
ind_skew_Y,0.985819833101839,0.01817678191881934,1.0,1.0,-0.7801252697805433,73,151,800,100,2,100,0.0,0,0.3,0.0,0.0,0.5,0.7,1.0,1.0,0.25,4.0,0.0
ind_skew_Y,0.9900887674019869,0.020205993364844247,1.0,1.0,-0.49050954432447297,74,152,800,100,2,100,0.0,0,0.3,0.0,0.0,0.5,0.7,1.0,1.0,0.25,4.0,0.0
ind_skew_Y,0.9797485032312107,0.02053073026518286,1.0,1.0,-0.9863992418785487,75,153,800,100,2,100,0.0,0,0.3,0.0,0.0,0.5,0.7,1.0,1.0,0.25,4.0,0.0
ind_skew_Y,0.9941112346026098,0.01904250111008241,1.0,1.0,-0.3092432744705123,76,154,800,100,2,100,0.0,0,0.3,0.0,0.0,0.5,0.7,1.0,1.0,0.25,4.0,0.0
ind_skew_Y,0.9793734737532988,0.01929558522683192,1.0,1.0,-1.0689764526042236,77,155,800,100,2,100,0.0,0,0.3,0.0,0.0,0.5,0.7,1.0,1.0,0.25,4.0,0.0
ind_skew_Y,0.9846896010839588,0.019250113538641096,1.0,1.0,-0.7953407072279552,78,156,800,100,2,100,0.0,0,0.3,0.0,0.0,0.5,0.7,1.0,1.0,0.25,4.0,0.0
ind_skew_Y,0.9841028767253635,0.018419545436112846,1.0,1.0,-0.8630573066949357,79,157,800,100,2,100,0.0,0,0.3,0.0,0.0,0.5,0.7,1.0,1.0,0.25,4.0,0.0
ind_skew_Y,1.0141054157897123,0.020067943533692022,1.0,1.0,0.7028829718416688,80,158,800,100,2,100,0.0,0,0.3,0.0,0.0,0.5,0.7,1.0,1.0,0.25,4.0,0.0
ind_skew_Y,0.9820417937675241,0.01894655161370048,1.0,1.0,-0.9478350783099817,81,159,800,100,2,100,0.0,0,0.3,0.0,0.0,0.5,0.7,1.0,1.0,0.25,4.0,0.0
ind_skew_Y,0.975850092749449,0.01926908442396118,1.0,1.0,-1.2532981183330378,82,160,800,100,2,100,0.0,0,0.3,0.0,0.0,0.5,0.7,1.0,1.0,0.25,4.0,0.0
ind_skew_Y,0.9932011009994177,0.018724413886779732,1.0,1.0,-0.3631034349963075,83,161,800,100,2,100,0.0,0,0.3,0.0,0.0,0.5,0.7,1.0,1.0,0.25,4.0,0.0
ind_skew_Y,1.005719534510362,0.01835861608780272,1.0,1.0,0.31154497065614883,84,162,800,100,2,100,0.0,0,0.3,0.0,0.0,0.5,0.7,1.0,1.0,0.25,4.0,0.0
ind_skew_Y,0.9784125538105612,0.01956901504100847,1.0,1.0,-1.103144238184727,85,163,800,100,2,100,0.0,0,0.3,0.0,0.0,0.5,0.7,1.0,1.0,0.25,4.0,0.0
ind_skew_Y,0.9919462935932077,0.01844193757833571,1.0,1.0,-0.4367060875562873,86,164,800,100,2,100,0.0,0,0.3,0.0,0.0,0.5,0.7,1.0,1.0,0.25,4.0,0.0
ind_skew_Y,0.9844201929851916,0.019639623979564313,1.0,1.0,-0.7932843842132489,87,165,800,100,2,100,0.0,0,0.3,0.0,0.0,0.5,0.7,1.0,1.0,0.25,4.0,0.0
ind_skew_Y,0.9582999144556538,0.018555382899072062,1.0,1.0,-2.247330910451415,88,166,800,100,2,100,0.0,0,0.3,0.0,0.0,0.5,0.7,1.0,1.0,0.25,4.0,0.0
ind_skew_Y,0.990695449507147,0.017294068694167317,1.0,1.0,-0.5380197487009547,89,167,800,100,2,100,0.0,0,0.3,0.0,0.0,0.5,0.7,1.0,1.0,0.25,4.0,0.0
ind_skew_Y,1.0318466727279687,0.01857301391930399,1.0,1.0,1.7146744662086668,90,168,800,100,2,100,0.0,0,0.3,0.0,0.0,0.5,0.7,1.0,1.0,0.25,4.0,0.0
ind_skew_Y,1.0145362706004508,0.019775732353917188,1.0,1.0,0.7350559938970587,91,169,800,100,2,100,0.0,0,0.3,0.0,0.0,0.5,0.7,1.0,1.0,0.25,4.0,0.0
ind_skew_Y,0.983012237904964,0.019969525327746335,1.0,1.0,-0.8506843210455624,92,170,800,100,2,100,0.0,0,0.3,0.0,0.0,0.5,0.7,1.0,1.0,0.25,4.0,0.0
ind_skew_Y,1.000135827245122,0.019437044004363684,1.0,1.0,0.006988060792138036,93,171,800,100,2,100,0.0,0,0.3,0.0,0.0,0.5,0.7,1.0,1.0,0.25,4.0,0.0
ind_skew_Y,1.0010321268847417,0.01809829780272155,1.0,1.0,0.057028948025517584,94,172,800,100,2,100,0.0,0,0.3,0.0,0.0,0.5,0.7,1.0,1.0,0.25,4.0,0.0
ind_skew_Y,0.9679656982666432,0.020825508334760448,1.0,1.0,-1.5382242401203425,95,173,800,100,2,100,0.0,0,0.3,0.0,0.0,0.5,0.7,1.0,1.0,0.25,4.0,0.0
ind_skew_Y,0.9778251263995165,0.018540510705317204,1.0,1.0,-1.1960228039524305,96,174,800,100,2,100,0.0,0,0.3,0.0,0.0,0.5,0.7,1.0,1.0,0.25,4.0,0.0
ind_skew_Y,0.9726039673512489,0.01765085675421684,1.0,1.0,-1.5521078115489284,97,175,800,100,2,100,0.0,0,0.3,0.0,0.0,0.5,0.7,1.0,1.0,0.25,4.0,0.0
ind_skew_Y,0.9814543802356317,0.018424848875760267,1.0,1.0,-1.0065547831313246,98,176,800,100,2,100,0.0,0,0.3,0.0,0.0,0.5,0.7,1.0,1.0,0.25,4.0,0.0
ind_skew_Y,0.981993370259245,0.01836463438483278,1.0,1.0,-0.9805057570667728,99,177,800,100,2,100,0.0,0,0.3,0.0,0.0,0.5,0.7,1.0,1.0,0.25,4.0,0.0
