config_name,theta_hat,se,true_effect,true_theta,z,run_id,seed_used,n_samples,d_dim,dgp_num,n_runs,nonlinearity,sparse_k,skewness,interaction,heterogeneous,noise_std,rho,s1,a0,a1,b0,b1
0_base,0.9164493152525343,0.04747225198354904,1.0,1.0,-1.7599899152966088,0,60,400,5,2,100,0.0,0,0.3,0.0,0.0,1.0,0.7,1.0,1.0,0.25,1.0,0.25
0_base,0.9641749705856569,0.05044115374044259,1.0,1.0,-0.710234139343632,1,61,400,5,2,100,0.0,0,0.3,0.0,0.0,1.0,0.7,1.0,1.0,0.25,1.0,0.25
0_base,1.0362289008625651,0.052049172644903635,1.0,1.0,0.6960514264026917,2,62,400,5,2,100,0.0,0,0.3,0.0,0.0,1.0,0.7,1.0,1.0,0.25,1.0,0.25
0_base,0.8893293642035793,0.04687745358629079,1.0,1.0,-2.3608499892747172,3,63,400,5,2,100,0.0,0,0.3,0.0,0.0,1.0,0.7,1.0,1.0,0.25,1.0,0.25
0_base,1.0271047933503965,0.0457432820783463,1.0,1.0,0.5925415081491764,4,64,400,5,2,100,0.0,0,0.3,0.0,0.0,1.0,0.7,1.0,1.0,0.25,1.0,0.25
0_base,0.9997211912613769,0.04669573388761004,1.0,1.0,-0.005970753972817382,5,65,400,5,2,100,0.0,0,0.3,0.0,0.0,1.0,0.7,1.0,1.0,0.25,1.0,0.25
0_base,1.1163487418776663,0.0575030782801239,1.0,1.0,2.0233480599226037,6,66,400,5,2,100,0.0,0,0.3,0.0,0.0,1.0,0.7,1.0,1.0,0.25,1.0,0.25
0_base,0.9444951530917242,0.052381606062460805,1.0,1.0,-1.059624762976737,7,67,400,5,2,100,0.0,0,0.3,0.0,0.0,1.0,0.7,1.0,1.0,0.25,1.0,0.25
0_base,0.9390560793982099,0.0598320653263703,1.0,1.0,-1.0185829332374685,8,68,400,5,2,100,0.0,0,0.3,0.0,0.0,1.0,0.7,1.0,1.0,0.25,1.0,0.25
0_base,1.000386484897874,0.051835756574012244,1.0,1.0,0.007455951710133552,9,69,400,5,2,100,0.0,0,0.3,0.0,0.0,1.0,0.7,1.0,1.0,0.25,1.0,0.25
0_base,0.9865839491052626,0.05470647125709169,1.0,1.0,-0.24523700005597168,10,70,400,5,2,100,0.0,0,0.3,0.0,0.0,1.0,0.7,1.0,1.0,0.25,1.0,0.25
0_base,1.101221064310207,0.04267703366494649,1.0,1.0,2.3717924049005914,11,71,400,5,2,100,0.0,0,0.3,0.0,0.0,1.0,0.7,1.0,1.0,0.25,1.0,0.25
0_base,0.9535141555191256,0.049491028925187905,1.0,1.0,-0.9392781983002176,12,72,400,5,2,100,0.0,0,0.3,0.0,0.0,1.0,0.7,1.0,1.0,0.25,1.0,0.25
0_base,0.9004646029747967,0.049855606941377216,1.0,1.0,-1.996473478745172,13,73,400,5,2,100,0.0,0,0.3,0.0,0.0,1.0,0.7,1.0,1.0,0.25,1.0,0.25
0_base,0.9691233384591987,0.05122341057709428,1.0,1.0,-0.6027841799860252,14,74,400,5,2,100,0.0,0,0.3,0.0,0.0,1.0,0.7,1.0,1.0,0.25,1.0,0.25
0_base,1.0231961546750954,0.04989360685365243,1.0,1.0,0.4649123632840213,15,75,400,5,2,100,0.0,0,0.3,0.0,0.0,1.0,0.7,1.0,1.0,0.25,1.0,0.25
0_base,1.0589775983718028,0.054965919918935034,1.0,1.0,1.0729848323976805,16,76,400,5,2,100,0.0,0,0.3,0.0,0.0,1.0,0.7,1.0,1.0,0.25,1.0,0.25
0_base,0.9797221295845248,0.04690135829716455,1.0,1.0,-0.4323514531710514,17,77,400,5,2,100,0.0,0,0.3,0.0,0.0,1.0,0.7,1.0,1.0,0.25,1.0,0.25
0_base,1.0332604816934392,0.053457436006268344,1.0,1.0,0.6221862509368973,18,78,400,5,2,100,0.0,0,0.3,0.0,0.0,1.0,0.7,1.0,1.0,0.25,1.0,0.25
0_base,0.9157469728891162,0.04785848198063228,1.0,1.0,-1.7604617535712879,19,79,400,5,2,100,0.0,0,0.3,0.0,0.0,1.0,0.7,1.0,1.0,0.25,1.0,0.25
0_base,0.906254749005384,0.046811583095538636,1.0,1.0,-2.002608004161908,20,80,400,5,2,100,0.0,0,0.3,0.0,0.0,1.0,0.7,1.0,1.0,0.25,1.0,0.25
0_base,1.0484009891854569,0.056249118787361295,1.0,1.0,0.860475510175142,21,81,400,5,2,100,0.0,0,0.3,0.0,0.0,1.0,0.7,1.0,1.0,0.25,1.0,0.25
0_base,0.91813000959461,0.04856479268491338,1.0,1.0,-1.6857889404894517,22,82,400,5,2,100,0.0,0,0.3,0.0,0.0,1.0,0.7,1.0,1.0,0.25,1.0,0.25
0_base,1.0187315507987846,0.05256766376590241,1.0,1.0,0.3563321908731029,23,83,400,5,2,100,0.0,0,0.3,0.0,0.0,1.0,0.7,1.0,1.0,0.25,1.0,0.25
0_base,0.9033387904587699,0.04770724161334442,1.0,1.0,-2.0261328526315925,24,84,400,5,2,100,0.0,0,0.3,0.0,0.0,1.0,0.7,1.0,1.0,0.25,1.0,0.25
0_base,0.9592987218629251,0.04683385544900985,1.0,1.0,-0.869056748517923,25,85,400,5,2,100,0.0,0,0.3,0.0,0.0,1.0,0.7,1.0,1.0,0.25,1.0,0.25
0_base,1.064440698910295,0.058610193559965204,1.0,1.0,1.0994793737434858,26,86,400,5,2,100,0.0,0,0.3,0.0,0.0,1.0,0.7,1.0,1.0,0.25,1.0,0.25
0_base,1.045738270553248,0.05740542498170238,1.0,1.0,0.7967586786061922,27,87,400,5,2,100,0.0,0,0.3,0.0,0.0,1.0,0.7,1.0,1.0,0.25,1.0,0.25
0_base,1.0020303720063068,0.052710620784687974,1.0,1.0,0.038519220151105746,28,88,400,5,2,100,0.0,0,0.3,0.0,0.0,1.0,0.7,1.0,1.0,0.25,1.0,0.25
0_base,0.921997915487589,0.051159982369014645,1.0,1.0,-1.52466988650984,29,89,400,5,2,100,0.0,0,0.3,0.0,0.0,1.0,0.7,1.0,1.0,0.25,1.0,0.25
0_base,1.005475204941303,0.051671286751061515,1.0,1.0,0.10596223329372488,30,90,400,5,2,100,0.0,0,0.3,0.0,0.0,1.0,0.7,1.0,1.0,0.25,1.0,0.25
0_base,1.0615745645123147,0.04975755100590648,1.0,1.0,1.2374918633958787,31,91,400,5,2,100,0.0,0,0.3,0.0,0.0,1.0,0.7,1.0,1.0,0.25,1.0,0.25
0_base,0.9401944616865173,0.053052847291923104,1.0,1.0,-1.1272823489454376,32,92,400,5,2,100,0.0,0,0.3,0.0,0.0,1.0,0.7,1.0,1.0,0.25,1.0,0.25
0_base,1.0772927065186781,0.0509584376584099,1.0,1.0,1.516779361188327,33,93,400,5,2,100,0.0,0,0.3,0.0,0.0,1.0,0.7,1.0,1.0,0.25,1.0,0.25
0_base,1.0691127109391498,0.04815890047954123,1.0,1.0,1.4350973600094994,34,94,400,5,2,100,0.0,0,0.3,0.0,0.0,1.0,0.7,1.0,1.0,0.25,1.0,0.25
0_base,1.0324143828060863,0.053994364661683114,1.0,1.0,0.6003289974646014,35,95,400,5,2,100,0.0,0,0.3,0.0,0.0,1.0,0.7,1.0,1.0,0.25,1.0,0.25
0_base,1.0893250557792367,0.046385508077719274,1.0,1.0,1.9257104100179705,36,96,400,5,2,100,0.0,0,0.3,0.0,0.0,1.0,0.7,1.0,1.0,0.25,1.0,0.25
0_base,0.9703457518379558,0.0496132629755819,1.0,1.0,-0.597708080128475,37,97,400,5,2,100,0.0,0,0.3,0.0,0.0,1.0,0.7,1.0,1.0,0.25,1.0,0.25
0_base,1.0163231720265886,0.049097374103663,1.0,1.0,0.33246527588469943,38,98,400,5,2,100,0.0,0,0.3,0.0,0.0,1.0,0.7,1.0,1.0,0.25,1.0,0.25
0_base,0.9363643761735256,0.046395888303814505,1.0,1.0,-1.371578951345188,39,99,400,5,2,100,0.0,0,0.3,0.0,0.0,1.0,0.7,1.0,1.0,0.25,1.0,0.25
0_base,1.063993650922346,0.05175583497023687,1.0,1.0,1.2364528745241323,40,100,400,5,2,100,0.0,0,0.3,0.0,0.0,1.0,0.7,1.0,1.0,0.25,1.0,0.25
0_base,1.0114539696452787,0.05650618611827617,1.0,1.0,0.2027029327603839,41,101,400,5,2,100,0.0,0,0.3,0.0,0.0,1.0,0.7,1.0,1.0,0.25,1.0,0.25
0_base,1.060979734609419,0.04888170735665086,1.0,1.0,1.2474960042720777,42,102,400,5,2,100,0.0,0,0.3,0.0,0.0,1.0,0.7,1.0,1.0,0.25,1.0,0.25
0_base,0.9763112164021301,0.04874434819831304,1.0,1.0,-0.48598010791925383,43,103,400,5,2,100,0.0,0,0.3,0.0,0.0,1.0,0.7,1.0,1.0,0.25,1.0,0.25
0_base,1.016767614813149,0.05153204068214172,1.0,1.0,0.32538231731544454,44,104,400,5,2,100,0.0,0,0.3,0.0,0.0,1.0,0.7,1.0,1.0,0.25,1.0,0.25
0_base,0.9717696011804998,0.049793805082939055,1.0,1.0,-0.5669460040757723,45,105,400,5,2,100,0.0,0,0.3,0.0,0.0,1.0,0.7,1.0,1.0,0.25,1.0,0.25
0_base,1.0083687393687197,0.0558079916264917,1.0,1.0,0.1499559314861126,46,106,400,5,2,100,0.0,0,0.3,0.0,0.0,1.0,0.7,1.0,1.0,0.25,1.0,0.25
0_base,1.0272285908377465,0.05286814242130867,1.0,1.0,0.515028325012077,47,107,400,5,2,100,0.0,0,0.3,0.0,0.0,1.0,0.7,1.0,1.0,0.25,1.0,0.25
0_base,0.9434502958864392,0.04927458242771043,1.0,1.0,-1.1476445121888852,48,108,400,5,2,100,0.0,0,0.3,0.0,0.0,1.0,0.7,1.0,1.0,0.25,1.0,0.25
0_base,1.0410507274022724,0.04890752923873409,1.0,1.0,0.8393539408194195,49,109,400,5,2,100,0.0,0,0.3,0.0,0.0,1.0,0.7,1.0,1.0,0.25,1.0,0.25
0_base,1.0134468761260735,0.05510879702025034,1.0,1.0,0.2440059818604339,50,110,400,5,2,100,0.0,0,0.3,0.0,0.0,1.0,0.7,1.0,1.0,0.25,1.0,0.25
0_base,1.1095928520944984,0.05672799590323183,1.0,1.0,1.9319006488691213,51,111,400,5,2,100,0.0,0,0.3,0.0,0.0,1.0,0.7,1.0,1.0,0.25,1.0,0.25
0_base,0.9890981830364245,0.044824988817732454,1.0,1.0,-0.2432084703446222,52,112,400,5,2,100,0.0,0,0.3,0.0,0.0,1.0,0.7,1.0,1.0,0.25,1.0,0.25
0_base,0.919775321204386,0.04998245601184224,1.0,1.0,-1.6050567578473245,53,113,400,5,2,100,0.0,0,0.3,0.0,0.0,1.0,0.7,1.0,1.0,0.25,1.0,0.25
0_base,0.9915555570651632,0.04750429518950524,1.0,1.0,-0.1777616718898796,54,114,400,5,2,100,0.0,0,0.3,0.0,0.0,1.0,0.7,1.0,1.0,0.25,1.0,0.25
0_base,1.0593766079316047,0.05120744708156921,1.0,1.0,1.1595307189796573,55,115,400,5,2,100,0.0,0,0.3,0.0,0.0,1.0,0.7,1.0,1.0,0.25,1.0,0.25
0_base,1.0123840965576294,0.05102254419779646,1.0,1.0,0.24271813082508412,56,116,400,5,2,100,0.0,0,0.3,0.0,0.0,1.0,0.7,1.0,1.0,0.25,1.0,0.25
0_base,0.939016950326666,0.0511000754247149,1.0,1.0,-1.1934042986527402,57,117,400,5,2,100,0.0,0,0.3,0.0,0.0,1.0,0.7,1.0,1.0,0.25,1.0,0.25
0_base,0.9724815891144217,0.04740493051925636,1.0,1.0,-0.5804968087528367,58,118,400,5,2,100,0.0,0,0.3,0.0,0.0,1.0,0.7,1.0,1.0,0.25,1.0,0.25
0_base,1.0020288094825278,0.044973285665689935,1.0,1.0,0.045111435655580574,59,119,400,5,2,100,0.0,0,0.3,0.0,0.0,1.0,0.7,1.0,1.0,0.25,1.0,0.25
0_base,1.0242481558335672,0.049722819254880604,1.0,1.0,0.48766655223772537,60,120,400,5,2,100,0.0,0,0.3,0.0,0.0,1.0,0.7,1.0,1.0,0.25,1.0,0.25
0_base,0.9917770582988742,0.05284194560087301,1.0,1.0,-0.15561390875414616,61,121,400,5,2,100,0.0,0,0.3,0.0,0.0,1.0,0.7,1.0,1.0,0.25,1.0,0.25
0_base,0.955548007816712,0.0547890904473556,1.0,1.0,-0.8113292595357087,62,122,400,5,2,100,0.0,0,0.3,0.0,0.0,1.0,0.7,1.0,1.0,0.25,1.0,0.25
0_base,1.0280585132039568,0.05136500438141772,1.0,1.0,0.5462573894787306,63,123,400,5,2,100,0.0,0,0.3,0.0,0.0,1.0,0.7,1.0,1.0,0.25,1.0,0.25
0_base,1.0713621978008991,0.05602113080651446,1.0,1.0,1.2738442936357282,64,124,400,5,2,100,0.0,0,0.3,0.0,0.0,1.0,0.7,1.0,1.0,0.25,1.0,0.25
0_base,0.9438416176543218,0.05367459888104423,1.0,1.0,-1.0462748398015715,65,125,400,5,2,100,0.0,0,0.3,0.0,0.0,1.0,0.7,1.0,1.0,0.25,1.0,0.25
0_base,0.9390107650503954,0.05539989468484545,1.0,1.0,-1.1008908102904413,66,126,400,5,2,100,0.0,0,0.3,0.0,0.0,1.0,0.7,1.0,1.0,0.25,1.0,0.25
0_base,0.9685264204550186,0.05201727898702306,1.0,1.0,-0.6050600907600963,67,127,400,5,2,100,0.0,0,0.3,0.0,0.0,1.0,0.7,1.0,1.0,0.25,1.0,0.25
0_base,1.0735151882774683,0.054527741167606676,1.0,1.0,1.3482162786002492,68,128,400,5,2,100,0.0,0,0.3,0.0,0.0,1.0,0.7,1.0,1.0,0.25,1.0,0.25
0_base,0.9645963866627776,0.047073122115818225,1.0,1.0,-0.7520982621487423,69,129,400,5,2,100,0.0,0,0.3,0.0,0.0,1.0,0.7,1.0,1.0,0.25,1.0,0.25
0_base,1.0537539148375377,0.050257278371702144,1.0,1.0,1.0695747278627872,70,130,400,5,2,100,0.0,0,0.3,0.0,0.0,1.0,0.7,1.0,1.0,0.25,1.0,0.25
0_base,0.9775733160551595,0.054475016726948655,1.0,1.0,-0.41168750910628105,71,131,400,5,2,100,0.0,0,0.3,0.0,0.0,1.0,0.7,1.0,1.0,0.25,1.0,0.25
0_base,0.9913879406058504,0.054299144463165465,1.0,1.0,-0.1586039610622531,72,132,400,5,2,100,0.0,0,0.3,0.0,0.0,1.0,0.7,1.0,1.0,0.25,1.0,0.25
0_base,1.0224965078627155,0.04928192990733968,1.0,1.0,0.45648593521020064,73,133,400,5,2,100,0.0,0,0.3,0.0,0.0,1.0,0.7,1.0,1.0,0.25,1.0,0.25
0_base,0.9682554795860742,0.05103477090084823,1.0,1.0,-0.6220174961811815,74,134,400,5,2,100,0.0,0,0.3,0.0,0.0,1.0,0.7,1.0,1.0,0.25,1.0,0.25
0_base,0.9970119967310955,0.056898836917189194,1.0,1.0,-0.05251431190506097,75,135,400,5,2,100,0.0,0,0.3,0.0,0.0,1.0,0.7,1.0,1.0,0.25,1.0,0.25
0_base,0.9740057110172939,0.04747225104742377,1.0,1.0,-0.5475680720667389,76,136,400,5,2,100,0.0,0,0.3,0.0,0.0,1.0,0.7,1.0,1.0,0.25,1.0,0.25
0_base,0.9531238444869591,0.050621699175499996,1.0,1.0,-0.9260091280327497,77,137,400,5,2,100,0.0,0,0.3,0.0,0.0,1.0,0.7,1.0,1.0,0.25,1.0,0.25
0_base,1.0296505455363683,0.04752254573442495,1.0,1.0,0.6239258667258147,78,138,400,5,2,100,0.0,0,0.3,0.0,0.0,1.0,0.7,1.0,1.0,0.25,1.0,0.25
0_base,0.865915099996975,0.051606290262034095,1.0,1.0,-2.5982278385483766,79,139,400,5,2,100,0.0,0,0.3,0.0,0.0,1.0,0.7,1.0,1.0,0.25,1.0,0.25
0_base,0.9645075891946855,0.04686744138541109,1.0,1.0,-0.7572935444340813,80,140,400,5,2,100,0.0,0,0.3,0.0,0.0,1.0,0.7,1.0,1.0,0.25,1.0,0.25
0_base,0.9915086334943026,0.04904299289129565,1.0,1.0,-0.17314127880650726,81,141,400,5,2,100,0.0,0,0.3,0.0,0.0,1.0,0.7,1.0,1.0,0.25,1.0,0.25
0_base,1.0048336804749507,0.05000826672044938,1.0,1.0,0.0966576286671041,82,142,400,5,2,100,0.0,0,0.3,0.0,0.0,1.0,0.7,1.0,1.0,0.25,1.0,0.25
0_base,0.9809744199992171,0.055349016806162304,1.0,1.0,-0.34373835523424684,83,143,400,5,2,100,0.0,0,0.3,0.0,0.0,1.0,0.7,1.0,1.0,0.25,1.0,0.25
0_base,0.9665485406052245,0.054954389206617306,1.0,1.0,-0.608713150627601,84,144,400,5,2,100,0.0,0,0.3,0.0,0.0,1.0,0.7,1.0,1.0,0.25,1.0,0.25
0_base,0.9597224554529945,0.054761047441225605,1.0,1.0,-0.7355145021693552,85,145,400,5,2,100,0.0,0,0.3,0.0,0.0,1.0,0.7,1.0,1.0,0.25,1.0,0.25
0_base,1.0075870528061546,0.051835773630981914,1.0,1.0,0.14636711820231882,86,146,400,5,2,100,0.0,0,0.3,0.0,0.0,1.0,0.7,1.0,1.0,0.25,1.0,0.25
0_base,0.9567757955595769,0.04981320640531639,1.0,1.0,-0.867725801240731,87,147,400,5,2,100,0.0,0,0.3,0.0,0.0,1.0,0.7,1.0,1.0,0.25,1.0,0.25
0_base,0.9867921174081105,0.0459487800788772,1.0,1.0,-0.2874479489818109,88,148,400,5,2,100,0.0,0,0.3,0.0,0.0,1.0,0.7,1.0,1.0,0.25,1.0,0.25
0_base,0.9645556534541608,0.04978743359286819,1.0,1.0,-0.7119135088520891,89,149,400,5,2,100,0.0,0,0.3,0.0,0.0,1.0,0.7,1.0,1.0,0.25,1.0,0.25
0_base,0.9451681132701202,0.04778291976866504,1.0,1.0,-1.147520641169302,90,150,400,5,2,100,0.0,0,0.3,0.0,0.0,1.0,0.7,1.0,1.0,0.25,1.0,0.25
0_base,0.9692278025535992,0.04310534250488032,1.0,1.0,-0.7138836083466179,91,151,400,5,2,100,0.0,0,0.3,0.0,0.0,1.0,0.7,1.0,1.0,0.25,1.0,0.25
0_base,1.0656444001198666,0.049661836743249345,1.0,1.0,1.321827874777302,92,152,400,5,2,100,0.0,0,0.3,0.0,0.0,1.0,0.7,1.0,1.0,0.25,1.0,0.25
0_base,0.9877861309019541,0.051919954336948,1.0,1.0,-0.23524421879843777,93,153,400,5,2,100,0.0,0,0.3,0.0,0.0,1.0,0.7,1.0,1.0,0.25,1.0,0.25
0_base,0.84728968171112,0.051190111453609605,1.0,1.0,-2.9831995663317095,94,154,400,5,2,100,0.0,0,0.3,0.0,0.0,1.0,0.7,1.0,1.0,0.25,1.0,0.25
0_base,1.0453145736751355,0.047668169445655495,1.0,1.0,0.9506254215781611,95,155,400,5,2,100,0.0,0,0.3,0.0,0.0,1.0,0.7,1.0,1.0,0.25,1.0,0.25
0_base,0.9611610677505477,0.05094539236100041,1.0,1.0,-0.7623639832673901,96,156,400,5,2,100,0.0,0,0.3,0.0,0.0,1.0,0.7,1.0,1.0,0.25,1.0,0.25
0_base,0.9341192362235486,0.054227540673874836,1.0,1.0,-1.214894921616659,97,157,400,5,2,100,0.0,0,0.3,0.0,0.0,1.0,0.7,1.0,1.0,0.25,1.0,0.25
0_base,0.9484819018417111,0.05406255350523803,1.0,1.0,-0.9529349765785182,98,158,400,5,2,100,0.0,0,0.3,0.0,0.0,1.0,0.7,1.0,1.0,0.25,1.0,0.25
0_base,1.0186847526118519,0.05255679035025359,1.0,1.0,0.35551548120292925,99,159,400,5,2,100,0.0,0,0.3,0.0,0.0,1.0,0.7,1.0,1.0,0.25,1.0,0.25
inter_0.25,0.9956549882259615,0.06259373284007957,1.0,1.0118410609056665,-0.2585893498484692,0,61,400,5,2,100,0.0,0,0.3,0.25,0.0,1.0,0.7,1.0,1.0,0.25,1.0,0.25
inter_0.25,1.0078220331633003,0.0539041219052983,1.0,0.9903495614910421,0.32413980702542144,1,62,400,5,2,100,0.0,0,0.3,0.25,0.0,1.0,0.7,1.0,1.0,0.25,1.0,0.25
inter_0.25,0.880795137801721,0.05079646320036061,1.0,0.9957981608711214,-2.2639966608656317,2,63,400,5,2,100,0.0,0,0.3,0.25,0.0,1.0,0.7,1.0,1.0,0.25,1.0,0.25
inter_0.25,0.9822547282882259,0.04794500629672315,1.0,0.9957263881773574,-0.2809815021351284,3,64,400,5,2,100,0.0,0,0.3,0.25,0.0,1.0,0.7,1.0,1.0,0.25,1.0,0.25
inter_0.25,1.0544305186536487,0.05693041090616968,1.0,0.996831503009195,1.0117442457843133,4,65,400,5,2,100,0.0,0,0.3,0.25,0.0,1.0,0.7,1.0,1.0,0.25,1.0,0.25
inter_0.25,1.0868525984168875,0.06190712911922851,1.0,0.9783200443505271,1.753151141241501,5,66,400,5,2,100,0.0,0,0.3,0.25,0.0,1.0,0.7,1.0,1.0,0.25,1.0,0.25
inter_0.25,0.9412440705245947,0.05813787916529453,1.0,1.0005033854181375,-1.0192892438518426,6,67,400,5,2,100,0.0,0,0.3,0.25,0.0,1.0,0.7,1.0,1.0,0.25,1.0,0.25
inter_0.25,0.9800881678453592,0.07154739342707678,1.0,1.0075127486391682,-0.38330649769597663,7,68,400,5,2,100,0.0,0,0.3,0.25,0.0,1.0,0.7,1.0,1.0,0.25,1.0,0.25
inter_0.25,1.0275896436847407,0.052264449023030034,1.0,1.0007260327133027,0.5139939571466767,8,69,400,5,2,100,0.0,0,0.3,0.25,0.0,1.0,0.7,1.0,1.0,0.25,1.0,0.25
inter_0.25,0.9748214720593269,0.06080676146663531,1.0,0.9913086535856389,-0.2711405956944202,9,70,400,5,2,100,0.0,0,0.3,0.25,0.0,1.0,0.7,1.0,1.0,0.25,1.0,0.25
inter_0.25,1.0743257631086263,0.04506403211111081,1.0,0.9798872162844867,2.0956523950473387,10,71,400,5,2,100,0.0,0,0.3,0.25,0.0,1.0,0.7,1.0,1.0,0.25,1.0,0.25
inter_0.25,0.9377042884083377,0.054865615961978566,1.0,0.9934842089389562,-1.016664436416306,11,72,400,5,2,100,0.0,0,0.3,0.25,0.0,1.0,0.7,1.0,1.0,0.25,1.0,0.25
inter_0.25,0.9192654829730954,0.0597669877533857,1.0,0.993095885139249,-1.2353040523105698,12,73,400,5,2,100,0.0,0,0.3,0.25,0.0,1.0,0.7,1.0,1.0,0.25,1.0,0.25
inter_0.25,0.9826106413111972,0.05399774558187477,1.0,1.0034916894294208,-0.38670222049478714,13,74,400,5,2,100,0.0,0,0.3,0.25,0.0,1.0,0.7,1.0,1.0,0.25,1.0,0.25
inter_0.25,1.034904640987041,0.055254070579080154,1.0,1.0017465720087586,0.6001018319695794,14,75,400,5,2,100,0.0,0,0.3,0.25,0.0,1.0,0.7,1.0,1.0,0.25,1.0,0.25
inter_0.25,1.0185175141108023,0.05234184398701777,1.0,0.9859051994303889,0.623063923550384,15,76,400,5,2,100,0.0,0,0.3,0.25,0.0,1.0,0.7,1.0,1.0,0.25,1.0,0.25
inter_0.25,0.9990852882795065,0.05590413560227039,1.0,1.0114489087950984,-0.22115752944563566,16,77,400,5,2,100,0.0,0,0.3,0.25,0.0,1.0,0.7,1.0,1.0,0.25,1.0,0.25
inter_0.25,1.0889121575205791,0.06010790881292022,1.0,1.0031223929843462,1.4272625055588748,17,78,400,5,2,100,0.0,0,0.3,0.25,0.0,1.0,0.7,1.0,1.0,0.25,1.0,0.25
inter_0.25,0.8866635107900996,0.05242368870201347,1.0,0.97566834148045,-1.6977979400929089,18,79,400,5,2,100,0.0,0,0.3,0.25,0.0,1.0,0.7,1.0,1.0,0.25,1.0,0.25
inter_0.25,0.9183241769721162,0.058818137531961724,1.0,1.0103196414358289,-1.5640662612569531,19,80,400,5,2,100,0.0,0,0.3,0.25,0.0,1.0,0.7,1.0,1.0,0.25,1.0,0.25
inter_0.25,1.0421712991942484,0.055659122511890285,1.0,0.9861498403402689,1.0065099183339064,20,81,400,5,2,100,0.0,0,0.3,0.25,0.0,1.0,0.7,1.0,1.0,0.25,1.0,0.25
inter_0.25,0.9198146422616925,0.048486226618911415,1.0,1.004581154468838,-1.748259621714578,21,82,400,5,2,100,0.0,0,0.3,0.25,0.0,1.0,0.7,1.0,1.0,0.25,1.0,0.25
inter_0.25,1.0005589107419777,0.05881366223472949,1.0,0.9966862025022308,0.06584708539812711,22,83,400,5,2,100,0.0,0,0.3,0.25,0.0,1.0,0.7,1.0,1.0,0.25,1.0,0.25
inter_0.25,0.8523044966452178,0.055530198172410686,1.0,0.9871459399803826,-2.4282543151837457,23,84,400,5,2,100,0.0,0,0.3,0.25,0.0,1.0,0.7,1.0,1.0,0.25,1.0,0.25
inter_0.25,0.9304117310432078,0.04898295991158867,1.0,1.0095539938809917,-1.615710095523645,24,85,400,5,2,100,0.0,0,0.3,0.25,0.0,1.0,0.7,1.0,1.0,0.25,1.0,0.25
inter_0.25,1.0746006510985784,0.0671642092280678,1.0,0.9994216521242865,1.1193312604784567,25,86,400,5,2,100,0.0,0,0.3,0.25,0.0,1.0,0.7,1.0,1.0,0.25,1.0,0.25
inter_0.25,1.07476281561866,0.05698840343604828,1.0,1.0239623682513515,0.8914172762238576,26,87,400,5,2,100,0.0,0,0.3,0.25,0.0,1.0,0.7,1.0,1.0,0.25,1.0,0.25
inter_0.25,0.9877029021481925,0.05693947597791418,1.0,1.000789295050933,-0.2298298794990048,27,88,400,5,2,100,0.0,0,0.3,0.25,0.0,1.0,0.7,1.0,1.0,0.25,1.0,0.25
inter_0.25,0.9249138829666994,0.05786837109991387,1.0,1.008109154587784,-1.4376639611549127,28,89,400,5,2,100,0.0,0,0.3,0.25,0.0,1.0,0.7,1.0,1.0,0.25,1.0,0.25
inter_0.25,1.0469098935346128,0.06447207771056769,1.0,1.0012212810062755,0.7086573622374274,29,90,400,5,2,100,0.0,0,0.3,0.25,0.0,1.0,0.7,1.0,1.0,0.25,1.0,0.25
inter_0.25,1.098123445985683,0.05196998008026786,1.0,1.0263976339906342,1.3801393012710024,30,91,400,5,2,100,0.0,0,0.3,0.25,0.0,1.0,0.7,1.0,1.0,0.25,1.0,0.25
inter_0.25,0.9143754556060625,0.05069041424650615,1.0,1.0106768375445696,-1.8997947318046373,31,92,400,5,2,100,0.0,0,0.3,0.25,0.0,1.0,0.7,1.0,1.0,0.25,1.0,0.25
inter_0.25,1.0669274011063865,0.05207155089565746,1.0,0.9968769830424355,1.3452723581120158,32,93,400,5,2,100,0.0,0,0.3,0.25,0.0,1.0,0.7,1.0,1.0,0.25,1.0,0.25
inter_0.25,1.0470669622546194,0.05753441346574431,1.0,0.9850035820192818,1.0787175274201717,33,94,400,5,2,100,0.0,0,0.3,0.25,0.0,1.0,0.7,1.0,1.0,0.25,1.0,0.25
inter_0.25,1.0321219696316024,0.0590887600195644,1.0,1.015312514058946,0.2844780558449813,34,95,400,5,2,100,0.0,0,0.3,0.25,0.0,1.0,0.7,1.0,1.0,0.25,1.0,0.25
inter_0.25,1.0487967362178046,0.04971865037869213,1.0,0.984028277214049,1.3026994600704882,35,96,400,5,2,100,0.0,0,0.3,0.25,0.0,1.0,0.7,1.0,1.0,0.25,1.0,0.25
inter_0.25,0.9877666650627767,0.05452608258216801,1.0,0.9971727487239983,-0.17250613313448948,36,97,400,5,2,100,0.0,0,0.3,0.25,0.0,1.0,0.7,1.0,1.0,0.25,1.0,0.25
inter_0.25,1.0461138675877397,0.05808292282251999,1.0,1.0267965205563383,0.33258221337152943,37,98,400,5,2,100,0.0,0,0.3,0.25,0.0,1.0,0.7,1.0,1.0,0.25,1.0,0.25
inter_0.25,0.9022042893607815,0.053745453640658254,1.0,0.989778516175887,-1.629425763165499,38,99,400,5,2,100,0.0,0,0.3,0.25,0.0,1.0,0.7,1.0,1.0,0.25,1.0,0.25
inter_0.25,1.0529030055777067,0.05726569365319248,1.0,1.0178066643197476,0.6128685259713509,39,100,400,5,2,100,0.0,0,0.3,0.25,0.0,1.0,0.7,1.0,1.0,0.25,1.0,0.25
inter_0.25,1.0333548993050967,0.06008879019187121,1.0,0.9995993015557539,0.5617619799226583,40,101,400,5,2,100,0.0,0,0.3,0.25,0.0,1.0,0.7,1.0,1.0,0.25,1.0,0.25
inter_0.25,1.0952246968868524,0.055113143443631295,1.0,0.9987683277130864,1.7501518357852293,41,102,400,5,2,100,0.0,0,0.3,0.25,0.0,1.0,0.7,1.0,1.0,0.25,1.0,0.25
inter_0.25,0.9721190288770016,0.054728673356129506,1.0,0.990037056255907,-0.3273974368483129,42,103,400,5,2,100,0.0,0,0.3,0.25,0.0,1.0,0.7,1.0,1.0,0.25,1.0,0.25
inter_0.25,1.0133101388674073,0.05627573565775271,1.0,0.994238352075187,0.33889893342678923,43,104,400,5,2,100,0.0,0,0.3,0.25,0.0,1.0,0.7,1.0,1.0,0.25,1.0,0.25
inter_0.25,0.9988862899264532,0.049851348528568554,1.0,1.0255882586518885,-0.5356318236834268,44,105,400,5,2,100,0.0,0,0.3,0.25,0.0,1.0,0.7,1.0,1.0,0.25,1.0,0.25
inter_0.25,1.014121984036811,0.062192344731494514,1.0,0.9998570853867753,0.22936743600232595,45,106,400,5,2,100,0.0,0,0.3,0.25,0.0,1.0,0.7,1.0,1.0,0.25,1.0,0.25
inter_0.25,1.0489228403384263,0.06157236636948519,1.0,0.9868489442411736,1.0081453703558816,46,107,400,5,2,100,0.0,0,0.3,0.25,0.0,1.0,0.7,1.0,1.0,0.25,1.0,0.25
inter_0.25,0.9604198353855149,0.055484389254912295,1.0,1.0012711162209522,-0.736266207198461,47,108,400,5,2,100,0.0,0,0.3,0.25,0.0,1.0,0.7,1.0,1.0,0.25,1.0,0.25
inter_0.25,1.063801497543349,0.05057252467479735,1.0,1.0102674690683664,1.0585595403675994,48,109,400,5,2,100,0.0,0,0.3,0.25,0.0,1.0,0.7,1.0,1.0,0.25,1.0,0.25
inter_0.25,0.9741667773519965,0.05896855659616814,1.0,0.9822359779730104,-0.13683903908779502,49,110,400,5,2,100,0.0,0,0.3,0.25,0.0,1.0,0.7,1.0,1.0,0.25,1.0,0.25
inter_0.25,1.1276191143914185,0.05685725534889233,1.0,0.9989876310362737,2.262358296506317,50,111,400,5,2,100,0.0,0,0.3,0.25,0.0,1.0,0.7,1.0,1.0,0.25,1.0,0.25
inter_0.25,1.021069346165452,0.052321811218868794,1.0,1.0012901769036546,0.3780291393021292,51,112,400,5,2,100,0.0,0,0.3,0.25,0.0,1.0,0.7,1.0,1.0,0.25,1.0,0.25
inter_0.25,0.9234087639186502,0.05622997439101582,1.0,0.9981069625118973,-1.3284409143387776,52,113,400,5,2,100,0.0,0,0.3,0.25,0.0,1.0,0.7,1.0,1.0,0.25,1.0,0.25
inter_0.25,1.00197680868017,0.05037166109007595,1.0,0.9957277800147238,0.12405841955998625,53,114,400,5,2,100,0.0,0,0.3,0.25,0.0,1.0,0.7,1.0,1.0,0.25,1.0,0.25
inter_0.25,1.0483656339353857,0.05726465637770101,1.0,0.9848414120484261,1.1093094048792038,54,115,400,5,2,100,0.0,0,0.3,0.25,0.0,1.0,0.7,1.0,1.0,0.25,1.0,0.25
inter_0.25,1.009492782943099,0.060765095212694686,1.0,0.9934886771698883,0.26337662628836433,55,116,400,5,2,100,0.0,0,0.3,0.25,0.0,1.0,0.7,1.0,1.0,0.25,1.0,0.25
inter_0.25,0.9679868702052584,0.05798588217747588,1.0,1.0172309749423807,-0.8492430034331825,56,117,400,5,2,100,0.0,0,0.3,0.25,0.0,1.0,0.7,1.0,1.0,0.25,1.0,0.25
inter_0.25,1.0071325288543669,0.05289476088780281,1.0,1.0081932870872459,-0.020054126629459684,57,118,400,5,2,100,0.0,0,0.3,0.25,0.0,1.0,0.7,1.0,1.0,0.25,1.0,0.25
inter_0.25,1.0600933421838574,0.055252550239723364,1.0,1.016248661988527,0.7935322443055077,58,119,400,5,2,100,0.0,0,0.3,0.25,0.0,1.0,0.7,1.0,1.0,0.25,1.0,0.25
inter_0.25,1.0140803215801886,0.05702591135818575,1.0,1.0084314874469353,0.09905732321877878,59,120,400,5,2,100,0.0,0,0.3,0.25,0.0,1.0,0.7,1.0,1.0,0.25,1.0,0.25
inter_0.25,0.9922404509902415,0.05998297960550451,1.0,0.9909319505260828,0.021814529267541884,60,121,400,5,2,100,0.0,0,0.3,0.25,0.0,1.0,0.7,1.0,1.0,0.25,1.0,0.25
inter_0.25,0.9440208712347683,0.06130076382122024,1.0,0.9967658363583592,-0.8604291665503266,61,122,400,5,2,100,0.0,0,0.3,0.25,0.0,1.0,0.7,1.0,1.0,0.25,1.0,0.25
inter_0.25,1.04231317216181,0.05999409659650467,1.0,0.9960565366017516,0.7710197866826999,62,123,400,5,2,100,0.0,0,0.3,0.25,0.0,1.0,0.7,1.0,1.0,0.25,1.0,0.25
inter_0.25,1.0852188137262668,0.06066060512640694,1.0,1.009098573866259,1.254854607885719,63,124,400,5,2,100,0.0,0,0.3,0.25,0.0,1.0,0.7,1.0,1.0,0.25,1.0,0.25
inter_0.25,0.9266423246743755,0.05692643867366423,1.0,0.9943405092368789,-1.1892221986797589,64,125,400,5,2,100,0.0,0,0.3,0.25,0.0,1.0,0.7,1.0,1.0,0.25,1.0,0.25
inter_0.25,0.9533520969802302,0.0673637110381786,1.0,1.0254986579524006,-1.0710003926488125,65,126,400,5,2,100,0.0,0,0.3,0.25,0.0,1.0,0.7,1.0,1.0,0.25,1.0,0.25
inter_0.25,0.9669874592841198,0.055042122634380984,1.0,1.006656266840641,-0.7206990874974504,66,127,400,5,2,100,0.0,0,0.3,0.25,0.0,1.0,0.7,1.0,1.0,0.25,1.0,0.25
inter_0.25,1.0471426797168095,0.06681476833455195,1.0,0.9936213009028748,0.8010411492552788,67,128,400,5,2,100,0.0,0,0.3,0.25,0.0,1.0,0.7,1.0,1.0,0.25,1.0,0.25
inter_0.25,0.9482315434510634,0.05050382532225712,1.0,1.011064345365214,-1.2441196585253516,68,129,400,5,2,100,0.0,0,0.3,0.25,0.0,1.0,0.7,1.0,1.0,0.25,1.0,0.25
inter_0.25,1.0603254196483973,0.06009336910887335,1.0,0.9961631708540974,1.0677092954807508,69,130,400,5,2,100,0.0,0,0.3,0.25,0.0,1.0,0.7,1.0,1.0,0.25,1.0,0.25
inter_0.25,1.0128333160200877,0.05497408321234839,1.0,1.0049861023852507,0.1427438745003834,70,131,400,5,2,100,0.0,0,0.3,0.25,0.0,1.0,0.7,1.0,1.0,0.25,1.0,0.25
inter_0.25,1.0487043714569035,0.05788984018486564,1.0,1.03097626378946,0.30623867004694755,71,132,400,5,2,100,0.0,0,0.3,0.25,0.0,1.0,0.7,1.0,1.0,0.25,1.0,0.25
inter_0.25,1.032171134914754,0.053673187674871226,1.0,0.9974390742168038,0.6471026261443962,72,133,400,5,2,100,0.0,0,0.3,0.25,0.0,1.0,0.7,1.0,1.0,0.25,1.0,0.25
inter_0.25,0.966991030653976,0.05639323374606371,1.0,0.988508092087075,-0.3815539561002913,73,134,400,5,2,100,0.0,0,0.3,0.25,0.0,1.0,0.7,1.0,1.0,0.25,1.0,0.25
inter_0.25,1.0409250288998704,0.06287540493124658,1.0,1.0221370238270342,0.2988132655905853,74,135,400,5,2,100,0.0,0,0.3,0.25,0.0,1.0,0.7,1.0,1.0,0.25,1.0,0.25
inter_0.25,0.9663581336552277,0.04892375718024252,1.0,0.9917993655261574,-0.5200179490957815,75,136,400,5,2,100,0.0,0,0.3,0.25,0.0,1.0,0.7,1.0,1.0,0.25,1.0,0.25
inter_0.25,0.9863884131823728,0.056339635891170824,1.0,1.0132203122731243,-0.4762526180073587,76,137,400,5,2,100,0.0,0,0.3,0.25,0.0,1.0,0.7,1.0,1.0,0.25,1.0,0.25
inter_0.25,1.0329474492930124,0.05953968838213039,1.0,1.0242698202478926,0.1457452882424596,77,138,400,5,2,100,0.0,0,0.3,0.25,0.0,1.0,0.7,1.0,1.0,0.25,1.0,0.25
inter_0.25,0.9130679576023542,0.05450042468166542,1.0,1.0056910886421557,-1.6994937485498363,78,139,400,5,2,100,0.0,0,0.3,0.25,0.0,1.0,0.7,1.0,1.0,0.25,1.0,0.25
inter_0.25,0.9311061181892613,0.05133344328424254,1.0,0.9705500991683603,-0.7683875940425549,79,140,400,5,2,100,0.0,0,0.3,0.25,0.0,1.0,0.7,1.0,1.0,0.25,1.0,0.25
inter_0.25,1.013324587200452,0.05813737305239708,1.0,1.025556046019137,-0.21038891467733473,80,141,400,5,2,100,0.0,0,0.3,0.25,0.0,1.0,0.7,1.0,1.0,0.25,1.0,0.25
inter_0.25,0.9205926709701053,0.05251385635688252,1.0,0.9661623688992649,-0.8677652164691412,81,142,400,5,2,100,0.0,0,0.3,0.25,0.0,1.0,0.7,1.0,1.0,0.25,1.0,0.25
inter_0.25,0.951086861074859,0.06513258489298031,1.0,1.0065890652709533,-0.8521418931444265,82,143,400,5,2,100,0.0,0,0.3,0.25,0.0,1.0,0.7,1.0,1.0,0.25,1.0,0.25
inter_0.25,0.9104776101100585,0.06016570443712995,1.0,1.0109316062771012,-1.6696222059863355,83,144,400,5,2,100,0.0,0,0.3,0.25,0.0,1.0,0.7,1.0,1.0,0.25,1.0,0.25
inter_0.25,0.9611897699300254,0.0517968738353936,1.0,1.009501813765111,-0.9327212292505833,84,145,400,5,2,100,0.0,0,0.3,0.25,0.0,1.0,0.7,1.0,1.0,0.25,1.0,0.25
inter_0.25,1.029019462881127,0.055500424942446135,1.0,1.017449073704122,0.20847388446130644,85,146,400,5,2,100,0.0,0,0.3,0.25,0.0,1.0,0.7,1.0,1.0,0.25,1.0,0.25
inter_0.25,0.9047419414415748,0.05634800750275783,1.0,0.9760200801362514,-1.2649628949379983,86,147,400,5,2,100,0.0,0,0.3,0.25,0.0,1.0,0.7,1.0,1.0,0.25,1.0,0.25
inter_0.25,1.014699057637415,0.05546348110738707,1.0,1.0183495732792414,-0.06581836496627823,87,148,400,5,2,100,0.0,0,0.3,0.25,0.0,1.0,0.7,1.0,1.0,0.25,1.0,0.25
inter_0.25,0.9675854144155517,0.05481333341285174,1.0,0.9968347467404429,-0.5336171056152796,88,149,400,5,2,100,0.0,0,0.3,0.25,0.0,1.0,0.7,1.0,1.0,0.25,1.0,0.25
inter_0.25,0.9417632491181278,0.0504684861588856,1.0,0.9901763843970254,-0.9592745684204328,89,150,400,5,2,100,0.0,0,0.3,0.25,0.0,1.0,0.7,1.0,1.0,0.25,1.0,0.25
inter_0.25,0.9340402770252093,0.05105848400885298,1.0,0.9848141314743261,-0.994425420862733,90,151,400,5,2,100,0.0,0,0.3,0.25,0.0,1.0,0.7,1.0,1.0,0.25,1.0,0.25
inter_0.25,1.0532645779497742,0.054510806127306535,1.0,1.006616768619501,0.8557534302708778,91,152,400,5,2,100,0.0,0,0.3,0.25,0.0,1.0,0.7,1.0,1.0,0.25,1.0,0.25
inter_0.25,0.9186712777975654,0.05594699920257853,1.0,0.986789102986224,-1.2175420694506014,92,153,400,5,2,100,0.0,0,0.3,0.25,0.0,1.0,0.7,1.0,1.0,0.25,1.0,0.25
inter_0.25,0.8815684751896611,0.055441325266981555,1.0,1.0048267700951294,-2.223220572594711,93,154,400,5,2,100,0.0,0,0.3,0.25,0.0,1.0,0.7,1.0,1.0,0.25,1.0,0.25
inter_0.25,1.0655128199696982,0.05565758798473958,1.0,1.0145178676961153,0.9162264144030974,94,155,400,5,2,100,0.0,0,0.3,0.25,0.0,1.0,0.7,1.0,1.0,0.25,1.0,0.25
inter_0.25,0.998639349733391,0.054571772527899444,1.0,1.0108785162339964,-0.22427650658310988,95,156,400,5,2,100,0.0,0,0.3,0.25,0.0,1.0,0.7,1.0,1.0,0.25,1.0,0.25
inter_0.25,0.9378611735234248,0.053795259412649316,1.0,1.0046772468031089,-1.2420438902832593,96,157,400,5,2,100,0.0,0,0.3,0.25,0.0,1.0,0.7,1.0,1.0,0.25,1.0,0.25
inter_0.25,0.9840288702502172,0.053669585483489025,1.0,1.0004113867972277,-0.3052476817069967,97,158,400,5,2,100,0.0,0,0.3,0.25,0.0,1.0,0.7,1.0,1.0,0.25,1.0,0.25
inter_0.25,1.0699152167002282,0.06432966696527082,1.0,1.0073754132459547,0.972176701739127,98,159,400,5,2,100,0.0,0,0.3,0.25,0.0,1.0,0.7,1.0,1.0,0.25,1.0,0.25
inter_0.25,0.949154801260277,0.05389949367673549,1.0,0.9961013798045945,-0.8710022180520212,99,160,400,5,2,100,0.0,0,0.3,0.25,0.0,1.0,0.7,1.0,1.0,0.25,1.0,0.25
inter_0.5,0.975221565615897,0.06320861336742072,1.0,0.9806991229820844,-0.08665840103701197,0,62,400,5,2,100,0.0,0,0.3,0.5,0.0,1.0,0.7,1.0,1.0,0.25,1.0,0.25
inter_0.5,0.877291013992043,0.06259791593703903,1.0,0.9915963217422424,-1.8260241741141618,1,63,400,5,2,100,0.0,0,0.3,0.5,0.0,1.0,0.7,1.0,1.0,0.25,1.0,0.25
inter_0.5,0.9384423920043772,0.057845741135026954,1.0,0.9914527763547148,-0.9164094591959275,2,64,400,5,2,100,0.0,0,0.3,0.5,0.0,1.0,0.7,1.0,1.0,0.25,1.0,0.25
inter_0.5,1.107489779959646,0.07678201962348058,1.0,0.9936630060183895,1.4824665266612396,3,65,400,5,2,100,0.0,0,0.3,0.5,0.0,1.0,0.7,1.0,1.0,0.25,1.0,0.25
inter_0.5,1.0508085992584257,0.07169848449424888,1.0,0.9566400887010542,1.3133961090199195,4,66,400,5,2,100,0.0,0,0.3,0.5,0.0,1.0,0.7,1.0,1.0,0.25,1.0,0.25
inter_0.5,0.9586301634149414,0.06867423449606834,1.0,1.001006770836275,-0.6170670518906147,5,67,400,5,2,100,0.0,0,0.3,0.5,0.0,1.0,0.7,1.0,1.0,0.25,1.0,0.25
inter_0.5,1.0258339884954037,0.0853018748971461,1.0,1.0150254972783361,0.12670871806862516,6,68,400,5,2,100,0.0,0,0.3,0.5,0.0,1.0,0.7,1.0,1.0,0.25,1.0,0.25
inter_0.5,1.0629657944051343,0.06055702746940665,1.0,1.0014520654266055,1.0157983565095805,7,69,400,5,2,100,0.0,0,0.3,0.5,0.0,1.0,0.7,1.0,1.0,0.25,1.0,0.25
inter_0.5,0.9735275060506582,0.0738722995232754,1.0,0.9826173071712779,-0.12304749113374717,8,70,400,5,2,100,0.0,0,0.3,0.5,0.0,1.0,0.7,1.0,1.0,0.25,1.0,0.25
inter_0.5,1.066704058262014,0.054507335203934124,1.0,0.9597744325689734,1.9617474472559207,9,71,400,5,2,100,0.0,0,0.3,0.5,0.0,1.0,0.7,1.0,1.0,0.25,1.0,0.25
inter_0.5,0.9214427085614063,0.06721910389439002,1.0,0.9869684178779126,-0.9748078376566235,10,72,400,5,2,100,0.0,0,0.3,0.5,0.0,1.0,0.7,1.0,1.0,0.25,1.0,0.25
inter_0.5,0.9187889155122232,0.07952977647410701,1.0,0.9861917702784976,-0.8475172162494276,11,73,400,5,2,100,0.0,0,0.3,0.5,0.0,1.0,0.7,1.0,1.0,0.25,1.0,0.25
inter_0.5,0.9991271750619506,0.06284162920035077,1.0,1.0069833788588414,-0.1250159153551501,12,74,400,5,2,100,0.0,0,0.3,0.5,0.0,1.0,0.7,1.0,1.0,0.25,1.0,0.25
inter_0.5,1.0420712590244194,0.06486877040379507,1.0,1.003493144017517,0.5947101319596692,13,75,400,5,2,100,0.0,0,0.3,0.5,0.0,1.0,0.7,1.0,1.0,0.25,1.0,0.25
inter_0.5,0.9761535020485753,0.059073147801286766,1.0,0.9718103988607777,0.07352076788606518,14,76,400,5,2,100,0.0,0,0.3,0.5,0.0,1.0,0.7,1.0,1.0,0.25,1.0,0.25
inter_0.5,1.0063421647003263,0.07857717050932612,1.0,1.0228978175901964,-0.21069291223594128,15,77,400,5,2,100,0.0,0,0.3,0.5,0.0,1.0,0.7,1.0,1.0,0.25,1.0,0.25
inter_0.5,1.142887748394228,0.08016656898691982,1.0,1.0062447859686925,1.7044880946299503,16,78,400,5,2,100,0.0,0,0.3,0.5,0.0,1.0,0.7,1.0,1.0,0.25,1.0,0.25
inter_0.5,0.8410796597833147,0.06404278082497071,1.0,0.9513366829609002,-1.7216151728157878,17,79,400,5,2,100,0.0,0,0.3,0.5,0.0,1.0,0.7,1.0,1.0,0.25,1.0,0.25
inter_0.5,0.9078954904982186,0.07958134814453191,1.0,1.0206392828716575,-1.4167112646631583,18,80,400,5,2,100,0.0,0,0.3,0.5,0.0,1.0,0.7,1.0,1.0,0.25,1.0,0.25
inter_0.5,1.0230824626758903,0.06910023357985778,1.0,0.9722996806805377,0.7349147660501598,19,81,400,5,2,100,0.0,0,0.3,0.5,0.0,1.0,0.7,1.0,1.0,0.25,1.0,0.25
inter_0.5,0.9419254221862288,0.05536707834711886,1.0,1.0091623089376756,-1.2143838677907337,20,82,400,5,2,100,0.0,0,0.3,0.5,0.0,1.0,0.7,1.0,1.0,0.25,1.0,0.25
inter_0.5,0.9800518072095361,0.07145540968220039,1.0,0.9933724050044617,-0.18641832513688228,21,83,400,5,2,100,0.0,0,0.3,0.5,0.0,1.0,0.7,1.0,1.0,0.25,1.0,0.25
inter_0.5,0.8102046661513186,0.07110863587242915,1.0,0.974291879960765,-2.3075567657326945,22,84,400,5,2,100,0.0,0,0.3,0.5,0.0,1.0,0.7,1.0,1.0,0.25,1.0,0.25
inter_0.5,0.9184641832141427,0.05995547711449709,1.0,1.0191079877619835,-1.6786423758356748,23,85,400,5,2,100,0.0,0,0.3,0.5,0.0,1.0,0.7,1.0,1.0,0.25,1.0,0.25
inter_0.5,1.0992567641496411,0.07957345301279,1.0,0.9988433042485727,1.2618964755108564,24,86,400,5,2,100,0.0,0,0.3,0.5,0.0,1.0,0.7,1.0,1.0,0.25,1.0,0.25
inter_0.5,1.106001539418426,0.062248731735316906,1.0,1.047924736502703,0.9329796976855206,25,87,400,5,2,100,0.0,0,0.3,0.5,0.0,1.0,0.7,1.0,1.0,0.25,1.0,0.25
inter_0.5,0.9725777835494473,0.06861608878390758,1.0,1.001578590101866,-0.4226531571006719,26,88,400,5,2,100,0.0,0,0.3,0.5,0.0,1.0,0.7,1.0,1.0,0.25,1.0,0.25
inter_0.5,0.972396348804247,0.07252113167842672,1.0,1.016218309175568,-0.604264706811754,27,89,400,5,2,100,0.0,0,0.3,0.5,0.0,1.0,0.7,1.0,1.0,0.25,1.0,0.25
inter_0.5,1.0857733498113773,0.08778409821582712,1.0,1.002442562012551,0.9492697366890771,28,90,400,5,2,100,0.0,0,0.3,0.5,0.0,1.0,0.7,1.0,1.0,0.25,1.0,0.25
inter_0.5,1.11799785719956,0.06088069461410966,1.0,1.0527952679812682,1.0709895744714515,29,91,400,5,2,100,0.0,0,0.3,0.5,0.0,1.0,0.7,1.0,1.0,0.25,1.0,0.25
inter_0.5,0.8744407503244122,0.05449318916047251,1.0,1.021353675089139,-2.695986911907377,30,92,400,5,2,100,0.0,0,0.3,0.5,0.0,1.0,0.7,1.0,1.0,0.25,1.0,0.25
inter_0.5,1.0658959560799413,0.058180849892882226,1.0,0.9937539660848711,1.2399610890506416,31,93,400,5,2,100,0.0,0,0.3,0.5,0.0,1.0,0.7,1.0,1.0,0.25,1.0,0.25
inter_0.5,1.0228019263284955,0.07582211939245669,1.0,0.9700071640385634,0.696297633368246,32,94,400,5,2,100,0.0,0,0.3,0.5,0.0,1.0,0.7,1.0,1.0,0.25,1.0,0.25
inter_0.5,1.0366814432955795,0.07016657158213001,1.0,1.030625028117892,0.08631482258754208,33,95,400,5,2,100,0.0,0,0.3,0.5,0.0,1.0,0.7,1.0,1.0,0.25,1.0,0.25
inter_0.5,1.0129383476013847,0.06535015611224021,1.0,0.9680565544280978,0.6867893796030342,34,96,400,5,2,100,0.0,0,0.3,0.5,0.0,1.0,0.7,1.0,1.0,0.25,1.0,0.25
inter_0.5,1.0184639667632924,0.06958584434129451,1.0,0.9943454974479965,0.34660022514066474,35,97,400,5,2,100,0.0,0,0.3,0.5,0.0,1.0,0.7,1.0,1.0,0.25,1.0,0.25
inter_0.5,1.0834117472969595,0.07356672077665703,1.0,1.0535930411126762,0.4053287392652816,36,98,400,5,2,100,0.0,0,0.3,0.5,0.0,1.0,0.7,1.0,1.0,0.25,1.0,0.25
inter_0.5,0.8517015771271444,0.06688230674059253,1.0,0.9795570323517739,-1.9116484083081249,37,99,400,5,2,100,0.0,0,0.3,0.5,0.0,1.0,0.7,1.0,1.0,0.25,1.0,0.25
inter_0.5,1.084429217079066,0.06517154401455079,1.0,1.0356133286394953,0.7490368561572142,38,100,400,5,2,100,0.0,0,0.3,0.5,0.0,1.0,0.7,1.0,1.0,0.25,1.0,0.25
inter_0.5,1.0289224775765726,0.07379945649227959,1.0,0.9991986031115075,0.40276549283495866,39,101,400,5,2,100,0.0,0,0.3,0.5,0.0,1.0,0.7,1.0,1.0,0.25,1.0,0.25
inter_0.5,1.1704765091302456,0.06666857967343782,1.0,0.9975366554261729,2.5940233697970263,40,102,400,5,2,100,0.0,0,0.3,0.5,0.0,1.0,0.7,1.0,1.0,0.25,1.0,0.25
inter_0.5,0.9881921254024031,0.06455895723017545,1.0,0.980074112511814,0.1257457251306822,41,103,400,5,2,100,0.0,0,0.3,0.5,0.0,1.0,0.7,1.0,1.0,0.25,1.0,0.25
inter_0.5,1.013941662734242,0.06980167398139071,1.0,0.988476704150374,0.36481873759441497,42,104,400,5,2,100,0.0,0,0.3,0.5,0.0,1.0,0.7,1.0,1.0,0.25,1.0,0.25
inter_0.5,1.0315063597311076,0.05881986722041077,1.0,1.051176517303777,-0.3344134984011626,43,105,400,5,2,100,0.0,0,0.3,0.5,0.0,1.0,0.7,1.0,1.0,0.25,1.0,0.25
inter_0.5,1.0049580641020657,0.07800867358428772,1.0,0.9997141707735507,0.06722192658293252,44,106,400,5,2,100,0.0,0,0.3,0.5,0.0,1.0,0.7,1.0,1.0,0.25,1.0,0.25
inter_0.5,1.0418886816798574,0.07512291289377568,1.0,0.9736978884823472,0.907722964549211,45,107,400,5,2,100,0.0,0,0.3,0.5,0.0,1.0,0.7,1.0,1.0,0.25,1.0,0.25
inter_0.5,0.9591271515819078,0.06814632033624947,1.0,1.0025422324419042,-0.6370862087017547,46,108,400,5,2,100,0.0,0,0.3,0.5,0.0,1.0,0.7,1.0,1.0,0.25,1.0,0.25
inter_0.5,1.0883142785220166,0.06894449107734413,1.0,1.020534938136733,0.9831001625531839,47,109,400,5,2,100,0.0,0,0.3,0.5,0.0,1.0,0.7,1.0,1.0,0.25,1.0,0.25
inter_0.5,0.9442649150327259,0.0707253118706931,1.0,0.964471955946021,-0.28571158442170663,48,110,400,5,2,100,0.0,0,0.3,0.5,0.0,1.0,0.7,1.0,1.0,0.25,1.0,0.25
inter_0.5,1.1539040967310699,0.06647429969910469,1.0,0.9979752620725475,2.345701050847212,49,111,400,5,2,100,0.0,0,0.3,0.5,0.0,1.0,0.7,1.0,1.0,0.25,1.0,0.25
inter_0.5,1.0063541436803674,0.06827657277384717,1.0,1.0025803538073093,0.0552721046142436,50,112,400,5,2,100,0.0,0,0.3,0.5,0.0,1.0,0.7,1.0,1.0,0.25,1.0,0.25
inter_0.5,0.9323818865453671,0.069312724921723,1.0,0.9962139250237948,-0.9209281347763367,51,113,400,5,2,100,0.0,0,0.3,0.5,0.0,1.0,0.7,1.0,1.0,0.25,1.0,0.25
inter_0.5,1.0210053034072923,0.07035471752847985,1.0,0.9914555600294477,0.4200108310559674,52,114,400,5,2,100,0.0,0,0.3,0.5,0.0,1.0,0.7,1.0,1.0,0.25,1.0,0.25
inter_0.5,1.049729650795131,0.07196240139932786,1.0,0.9696828240968522,1.112342350196035,53,115,400,5,2,100,0.0,0,0.3,0.5,0.0,1.0,0.7,1.0,1.0,0.25,1.0,0.25
inter_0.5,0.9933614882004691,0.07802411961847829,1.0,0.9869773543397767,0.08182256835334319,54,116,400,5,2,100,0.0,0,0.3,0.5,0.0,1.0,0.7,1.0,1.0,0.25,1.0,0.25
inter_0.5,1.0001449014996955,0.0705771459976156,1.0,1.0344619498847611,-0.48623457211240934,55,117,400,5,2,100,0.0,0,0.3,0.5,0.0,1.0,0.7,1.0,1.0,0.25,1.0,0.25
inter_0.5,1.0586025256997733,0.065755932393324,1.0,1.0163865741744913,0.6420097775021143,56,118,400,5,2,100,0.0,0,0.3,0.5,0.0,1.0,0.7,1.0,1.0,0.25,1.0,0.25
inter_0.5,1.1220442483980486,0.07480806763034159,1.0,1.0324973239770534,1.1970222899418357,57,119,400,5,2,100,0.0,0,0.3,0.5,0.0,1.0,0.7,1.0,1.0,0.25,1.0,0.25
inter_0.5,1.0284602232003186,0.06777871345634749,1.0,1.0168629748938711,0.1711045801115217,58,120,400,5,2,100,0.0,0,0.3,0.5,0.0,1.0,0.7,1.0,1.0,0.25,1.0,0.25
inter_0.5,0.9987354552021152,0.0766236494558648,1.0,0.9818639010521656,0.22018729556424446,59,121,400,5,2,100,0.0,0,0.3,0.5,0.0,1.0,0.7,1.0,1.0,0.25,1.0,0.25
inter_0.5,0.9608383775247487,0.07217512949829186,1.0,0.9935316727167186,-0.45297175660410405,60,122,400,5,2,100,0.0,0,0.3,0.5,0.0,1.0,0.7,1.0,1.0,0.25,1.0,0.25
inter_0.5,1.0424769827078535,0.083942156531673,1.0,0.9921130732035033,0.5999835075162375,61,123,400,5,2,100,0.0,0,0.3,0.5,0.0,1.0,0.7,1.0,1.0,0.25,1.0,0.25
inter_0.5,1.0921588082971039,0.07174679324636811,1.0,1.018197147732518,1.0308706106294148,62,124,400,5,2,100,0.0,0,0.3,0.5,0.0,1.0,0.7,1.0,1.0,0.25,1.0,0.25
inter_0.5,0.9128028180092913,0.06670560181154087,1.0,0.988681018473758,-1.1375086709934885,63,125,400,5,2,100,0.0,0,0.3,0.5,0.0,1.0,0.7,1.0,1.0,0.25,1.0,0.25
inter_0.5,0.9773648032048111,0.0889057670128746,1.0,1.0509973159048014,-0.828208508558589,64,126,400,5,2,100,0.0,0,0.3,0.5,0.0,1.0,0.7,1.0,1.0,0.25,1.0,0.25
inter_0.5,0.9566934531524496,0.06430617007685761,1.0,1.0133125336812816,-0.8804610888995859,65,127,400,5,2,100,0.0,0,0.3,0.5,0.0,1.0,0.7,1.0,1.0,0.25,1.0,0.25
inter_0.5,1.0162482132268378,0.08545228035476155,1.0,0.9872426018057497,0.3394363649591219,66,128,400,5,2,100,0.0,0,0.3,0.5,0.0,1.0,0.7,1.0,1.0,0.25,1.0,0.25
inter_0.5,0.9368844996205966,0.06295030621530424,1.0,1.022128690730428,-1.3541505392885131,67,129,400,5,2,100,0.0,0,0.3,0.5,0.0,1.0,0.7,1.0,1.0,0.25,1.0,0.25
inter_0.5,1.0609885035216458,0.08071062828056176,1.0,0.9923263417081949,0.850720199758219,68,130,400,5,2,100,0.0,0,0.3,0.5,0.0,1.0,0.7,1.0,1.0,0.25,1.0,0.25
inter_0.5,1.0288525342553867,0.06452057910897495,1.0,1.0099722047705009,0.29262492286371206,69,131,400,5,2,100,0.0,0,0.3,0.5,0.0,1.0,0.7,1.0,1.0,0.25,1.0,0.25
inter_0.5,1.1009673566859357,0.06691792098160267,1.0,1.06195252757892,0.5830251229374254,70,132,400,5,2,100,0.0,0,0.3,0.5,0.0,1.0,0.7,1.0,1.0,0.25,1.0,0.25
inter_0.5,1.043411897050651,0.06538147854946498,1.0,0.9948781484336076,0.7423164739280824,71,133,400,5,2,100,0.0,0,0.3,0.5,0.0,1.0,0.7,1.0,1.0,0.25,1.0,0.25
inter_0.5,0.9376269528627228,0.06874931617880471,1.0,0.9770161841741499,-0.5729399723625289,72,134,400,5,2,100,0.0,0,0.3,0.5,0.0,1.0,0.7,1.0,1.0,0.25,1.0,0.25
inter_0.5,1.0566442388339077,0.07450581564034574,1.0,1.0442740476540684,0.1660298739571235,73,135,400,5,2,100,0.0,0,0.3,0.5,0.0,1.0,0.7,1.0,1.0,0.25,1.0,0.25
inter_0.5,0.9324330023504059,0.05803384589838294,1.0,0.9835987310523149,-0.8816532475118046,74,136,400,5,2,100,0.0,0,0.3,0.5,0.0,1.0,0.7,1.0,1.0,0.25,1.0,0.25
inter_0.5,1.0501288153123738,0.07460323032758032,1.0,1.0264406245462487,0.31752231990640334,75,137,400,5,2,100,0.0,0,0.3,0.5,0.0,1.0,0.7,1.0,1.0,0.25,1.0,0.25
inter_0.5,1.046787491604178,0.07734765111723275,1.0,1.0485396404957852,-0.022652903692596676,76,138,400,5,2,100,0.0,0,0.3,0.5,0.0,1.0,0.7,1.0,1.0,0.25,1.0,0.25
inter_0.5,0.9637313907976444,0.06479143480519671,1.0,1.0113821772843117,-0.7354488541569604,77,139,400,5,2,100,0.0,0,0.3,0.5,0.0,1.0,0.7,1.0,1.0,0.25,1.0,0.25
inter_0.5,0.8680757074528115,0.06578638371545045,1.0,0.9411001983367205,-1.1100243965341825,78,140,400,5,2,100,0.0,0,0.3,0.5,0.0,1.0,0.7,1.0,1.0,0.25,1.0,0.25
inter_0.5,1.0255901279650332,0.07569647984014838,1.0,1.0511120920382744,-0.3371618353606008,79,141,400,5,2,100,0.0,0,0.3,0.5,0.0,1.0,0.7,1.0,1.0,0.25,1.0,0.25
inter_0.5,0.8411168699856748,0.06135151075690896,1.0,0.9323247377985296,-1.4866442030131046,80,142,400,5,2,100,0.0,0,0.3,0.5,0.0,1.0,0.7,1.0,1.0,0.25,1.0,0.25
inter_0.5,0.9524301141113739,0.08103777936081565,1.0,1.0131781305419065,-0.7496258770869804,81,143,400,5,2,100,0.0,0,0.3,0.5,0.0,1.0,0.7,1.0,1.0,0.25,1.0,0.25
inter_0.5,0.8743501873726627,0.07065224349857002,1.0,1.0218632125542024,-2.087874607754322,82,144,400,5,2,100,0.0,0,0.3,0.5,0.0,1.0,0.7,1.0,1.0,0.25,1.0,0.25
inter_0.5,0.9853666238239771,0.06664062921150989,1.0,1.0190036275302221,-0.5047521925323503,83,145,400,5,2,100,0.0,0,0.3,0.5,0.0,1.0,0.7,1.0,1.0,0.25,1.0,0.25
inter_0.5,1.0756788626719875,0.06471930125472053,1.0,1.0348981474082444,0.6301167421947201,84,146,400,5,2,100,0.0,0,0.3,0.5,0.0,1.0,0.7,1.0,1.0,0.25,1.0,0.25
inter_0.5,0.8573313366485417,0.0692575193835751,1.0,0.9520401602725026,-1.3674879560647646,85,147,400,5,2,100,0.0,0,0.3,0.5,0.0,1.0,0.7,1.0,1.0,0.25,1.0,0.25
inter_0.5,1.0308863289815386,0.06947103260939408,1.0,1.036699146558483,-0.08367253743912638,86,148,400,5,2,100,0.0,0,0.3,0.5,0.0,1.0,0.7,1.0,1.0,0.25,1.0,0.25
inter_0.5,0.9816195219404662,0.06688613566363272,1.0,0.9936694934808856,-0.18015649163853886,87,149,400,5,2,100,0.0,0,0.3,0.5,0.0,1.0,0.7,1.0,1.0,0.25,1.0,0.25
inter_0.5,0.92859971002576,0.05923170475058805,1.0,0.9803527687940508,-0.8737391399793693,88,150,400,5,2,100,0.0,0,0.3,0.5,0.0,1.0,0.7,1.0,1.0,0.25,1.0,0.25
inter_0.5,0.9222024757324072,0.06539730711086489,1.0,0.9696282629486521,-0.7251948025298086,89,151,400,5,2,100,0.0,0,0.3,0.5,0.0,1.0,0.7,1.0,1.0,0.25,1.0,0.25
inter_0.5,1.0913175644837987,0.06899564276323758,1.0,1.0132335372390018,1.1317240352807005,90,152,400,5,2,100,0.0,0,0.3,0.5,0.0,1.0,0.7,1.0,1.0,0.25,1.0,0.25
inter_0.5,0.8541399961446382,0.06784255679602107,1.0,0.9735782059724479,-1.7605204678078217,91,153,400,5,2,100,0.0,0,0.3,0.5,0.0,1.0,0.7,1.0,1.0,0.25,1.0,0.25
inter_0.5,0.9070712053985358,0.06571191445939709,1.0,1.009653540190259,-1.5610918603673947,92,154,400,5,2,100,0.0,0,0.3,0.5,0.0,1.0,0.7,1.0,1.0,0.25,1.0,0.25
inter_0.5,1.1068715922777903,0.07169461666769869,1.0,1.0290357353922306,1.0856583172252026,93,155,400,5,2,100,0.0,0,0.3,0.5,0.0,1.0,0.7,1.0,1.0,0.25,1.0,0.25
inter_0.5,1.0184372523821916,0.06535955943835108,1.0,1.0217570324679925,-0.05079257134424573,94,156,400,5,2,100,0.0,0,0.3,0.5,0.0,1.0,0.7,1.0,1.0,0.25,1.0,0.25
inter_0.5,0.9207086377265586,0.06034462016866267,1.0,1.009354493606218,-1.468993518094819,95,157,400,5,2,100,0.0,0,0.3,0.5,0.0,1.0,0.7,1.0,1.0,0.25,1.0,0.25
inter_0.5,1.0111607292524656,0.06374209728542718,1.0,1.0008227735944553,0.16218411533775814,96,158,400,5,2,100,0.0,0,0.3,0.5,0.0,1.0,0.7,1.0,1.0,0.25,1.0,0.25
inter_0.5,1.1261423741961747,0.08265713278587225,1.0,1.0147508264919094,1.3476338211831167,97,159,400,5,2,100,0.0,0,0.3,0.5,0.0,1.0,0.7,1.0,1.0,0.25,1.0,0.25
inter_0.5,0.9075681763056871,0.06904831232149646,1.0,0.9922027596091888,-1.2257299339835257,98,160,400,5,2,100,0.0,0,0.3,0.5,0.0,1.0,0.7,1.0,1.0,0.25,1.0,0.25
inter_0.5,0.9588017353927628,0.07478500776259708,1.0,0.9769096330684889,-0.24213272442531644,99,161,400,5,2,100,0.0,0,0.3,0.5,0.0,1.0,0.7,1.0,1.0,0.25,1.0,0.25
inter_1.0,0.8731190486032688,0.10049694626014267,1.0,0.983192643484485,-1.0952929315512108,0,63,400,5,2,100,0.0,0,0.3,1.0,0.0,1.0,0.7,1.0,1.0,0.25,1.0,0.25
inter_1.0,0.8396507975286204,0.0874260887589202,1.0,0.9829055527094297,-1.6385813115331989,1,64,400,5,2,100,0.0,0,0.3,1.0,0.0,1.0,0.7,1.0,1.0,0.25,1.0,0.25
inter_1.0,1.17821424938951,0.13247470546428258,1.0,0.9873260120367792,1.4409410210328608,2,65,400,5,2,100,0.0,0,0.3,1.0,0.0,1.0,0.7,1.0,1.0,0.25,1.0,0.25
inter_1.0,0.9774390601619259,0.1009256191138752,1.0,0.9132801774021082,0.6357046240898135,3,66,400,5,2,100,0.0,0,0.3,1.0,0.0,1.0,0.7,1.0,1.0,0.25,1.0,0.25
inter_1.0,0.9760497722785861,0.09762744417407045,1.0,1.0020135416725497,-0.26594744555301497,4,67,400,5,2,100,0.0,0,0.3,1.0,0.0,1.0,0.7,1.0,1.0,0.25,1.0,0.25
inter_1.0,1.107510669945419,0.12272790966159189,1.0,1.0300509945566723,0.6311496350123847,5,68,400,5,2,100,0.0,0,0.3,1.0,0.0,1.0,0.7,1.0,1.0,0.25,1.0,0.25
inter_1.0,1.1506972571749972,0.08258092898524011,1.0,1.002904130853211,1.7896762380597782,6,69,400,5,2,100,0.0,0,0.3,1.0,0.0,1.0,0.7,1.0,1.0,0.25,1.0,0.25
inter_1.0,0.9745966498000673,0.10611976797170877,1.0,0.9652346143425555,0.08822140904046916,7,70,400,5,2,100,0.0,0,0.3,1.0,0.0,1.0,0.7,1.0,1.0,0.25,1.0,0.25
inter_1.0,1.0262515703527828,0.08270597995069354,1.0,0.9195488651379468,1.290144984418884,8,71,400,5,2,100,0.0,0,0.3,1.0,0.0,1.0,0.7,1.0,1.0,0.25,1.0,0.25
inter_1.0,0.8705776204643817,0.0960626756968147,1.0,0.9739368357558251,-1.0759560312233805,9,72,400,5,2,100,0.0,0,0.3,1.0,0.0,1.0,0.7,1.0,1.0,0.25,1.0,0.25
inter_1.0,0.9256017483893563,0.1349677556551511,1.0,0.9723835405569953,-0.34661458168696724,10,73,400,5,2,100,0.0,0,0.3,1.0,0.0,1.0,0.7,1.0,1.0,0.25,1.0,0.25
inter_1.0,1.0493328207409587,0.08776512739418248,1.0,1.0139667577176832,0.4029625897360657,11,74,400,5,2,100,0.0,0,0.3,1.0,0.0,1.0,0.7,1.0,1.0,0.25,1.0,0.25
inter_1.0,1.0934718661569243,0.09335006869961752,1.0,1.006986288035034,0.9264650720310036,12,75,400,5,2,100,0.0,0,0.3,1.0,0.0,1.0,0.7,1.0,1.0,0.25,1.0,0.25
inter_1.0,0.9618235774778002,0.07990897530960826,1.0,0.9436207977215554,0.2277939328557019,13,76,400,5,2,100,0.0,0,0.3,1.0,0.0,1.0,0.7,1.0,1.0,0.25,1.0,0.25
inter_1.0,1.0865117752821767,0.1309293586929935,1.0,1.0457956351803923,0.3109779235782909,14,77,400,5,2,100,0.0,0,0.3,1.0,0.0,1.0,0.7,1.0,1.0,0.25,1.0,0.25
inter_1.0,1.231711946911928,0.12827550232023816,1.0,1.0124895719373848,1.7089964257341776,15,78,400,5,2,100,0.0,0,0.3,1.0,0.0,1.0,0.7,1.0,1.0,0.25,1.0,0.25
inter_1.0,0.7998048943040504,0.0954985068725467,1.0,0.9026733659218003,-1.0771736123062023,16,79,400,5,2,100,0.0,0,0.3,1.0,0.0,1.0,0.7,1.0,1.0,0.25,1.0,0.25
inter_1.0,0.9227420142748548,0.12559198230840396,1.0,1.041278565743315,-0.943822601488856,17,80,400,5,2,100,0.0,0,0.3,1.0,0.0,1.0,0.7,1.0,1.0,0.25,1.0,0.25
inter_1.0,1.004885242763071,0.10966982247192922,1.0,0.9445993613610756,0.5497034648471874,18,81,400,5,2,100,0.0,0,0.3,1.0,0.0,1.0,0.7,1.0,1.0,0.25,1.0,0.25
inter_1.0,0.9826754585505034,0.0781812262835546,1.0,1.0183246178753516,-0.4559810714090439,19,82,400,5,2,100,0.0,0,0.3,1.0,0.0,1.0,0.7,1.0,1.0,0.25,1.0,0.25
inter_1.0,0.938832273882791,0.10795008177300194,1.0,0.9867448100089236,-0.44383973906461055,20,83,400,5,2,100,0.0,0,0.3,1.0,0.0,1.0,0.7,1.0,1.0,0.25,1.0,0.25
inter_1.0,0.7095138142642692,0.11150637785825324,1.0,0.94858375992153,-2.1440024350998668,21,84,400,5,2,100,0.0,0,0.3,1.0,0.0,1.0,0.7,1.0,1.0,0.25,1.0,0.25
inter_1.0,0.914419199793819,0.09153166161007724,1.0,1.038215975523967,-1.352502222209397,22,85,400,5,2,100,0.0,0,0.3,1.0,0.0,1.0,0.7,1.0,1.0,0.25,1.0,0.25
inter_1.0,1.1128090939334438,0.11258072864516211,1.0,0.9976866084971457,1.0225771925774902,23,86,400,5,2,100,0.0,0,0.3,1.0,0.0,1.0,0.7,1.0,1.0,0.25,1.0,0.25
inter_1.0,1.1722167602740259,0.08371790700229803,1.0,1.0958494730054058,0.9121977603492144,24,87,400,5,2,100,0.0,0,0.3,1.0,0.0,1.0,0.7,1.0,1.0,0.25,1.0,0.25
inter_1.0,0.9707061250300127,0.0985725773526582,1.0,1.003157180203732,-0.3292097665014961,25,88,400,5,2,100,0.0,0,0.3,1.0,0.0,1.0,0.7,1.0,1.0,0.25,1.0,0.25
inter_1.0,1.0343771519855933,0.11415364707032494,1.0,1.0324366183511362,0.016999313506485206,26,89,400,5,2,100,0.0,0,0.3,1.0,0.0,1.0,0.7,1.0,1.0,0.25,1.0,0.25
inter_1.0,1.1615200299155892,0.1395061605430495,1.0,1.004885124025102,1.1227812827817882,27,90,400,5,2,100,0.0,0,0.3,1.0,0.0,1.0,0.7,1.0,1.0,0.25,1.0,0.25
inter_1.0,1.1985529938360895,0.08773548261011481,1.0,1.1055905359625369,1.0595765260295633,28,91,400,5,2,100,0.0,0,0.3,1.0,0.0,1.0,0.7,1.0,1.0,0.25,1.0,0.25
inter_1.0,0.8241782499867846,0.08164589701496251,1.0,1.042707350178278,-2.6765472385151887,29,92,400,5,2,100,0.0,0,0.3,1.0,0.0,1.0,0.7,1.0,1.0,0.25,1.0,0.25
inter_1.0,1.042723337058606,0.08297942095874272,1.0,0.9875079321697422,0.6654108241646663,30,93,400,5,2,100,0.0,0,0.3,1.0,0.0,1.0,0.7,1.0,1.0,0.25,1.0,0.25
inter_1.0,1.0104057490373413,0.1145654111691653,1.0,0.9400143280771267,0.6144212309968129,31,94,400,5,2,100,0.0,0,0.3,1.0,0.0,1.0,0.7,1.0,1.0,0.25,1.0,0.25
inter_1.0,1.0600084592282024,0.09937104040378772,1.0,1.061250056235784,-0.012494555783420326,32,95,400,5,2,100,0.0,0,0.3,1.0,0.0,1.0,0.7,1.0,1.0,0.25,1.0,0.25
inter_1.0,0.9296816198490996,0.11207897736667698,1.0,0.9361131088561956,-0.057383544695048194,33,96,400,5,2,100,0.0,0,0.3,1.0,0.0,1.0,0.7,1.0,1.0,0.25,1.0,0.25
inter_1.0,1.08016785781822,0.1102673157317561,1.0,0.9886909948959928,0.8295918179849417,34,97,400,5,2,100,0.0,0,0.3,1.0,0.0,1.0,0.7,1.0,1.0,0.25,1.0,0.25
inter_1.0,1.1696241893773063,0.11371687126151224,1.0,1.1071860822253523,0.5490663474935605,35,98,400,5,2,100,0.0,0,0.3,1.0,0.0,1.0,0.7,1.0,1.0,0.25,1.0,0.25
inter_1.0,0.8054451458657711,0.10307702364678137,1.0,0.9591140647035482,-1.4908164147653433,36,99,400,5,2,100,0.0,0,0.3,1.0,0.0,1.0,0.7,1.0,1.0,0.25,1.0,0.25
inter_1.0,1.1125404352261683,0.09022941447563189,1.0,1.0712266572789906,0.45787483147566327,37,100,400,5,2,100,0.0,0,0.3,1.0,0.0,1.0,0.7,1.0,1.0,0.25,1.0,0.25
inter_1.0,1.0631850994944199,0.10785643851253042,1.0,0.9983972062230153,0.6006863768626821,38,101,400,5,2,100,0.0,0,0.3,1.0,0.0,1.0,0.7,1.0,1.0,0.25,1.0,0.25
inter_1.0,1.271262371424829,0.1026579292962592,1.0,0.9950733108523454,2.690382150368854,39,102,400,5,2,100,0.0,0,0.3,1.0,0.0,1.0,0.7,1.0,1.0,0.25,1.0,0.25
inter_1.0,1.0062579448699438,0.09241236301878793,1.0,0.960148225023628,0.4989561822690487,40,103,400,5,2,100,0.0,0,0.3,1.0,0.0,1.0,0.7,1.0,1.0,0.25,1.0,0.25
inter_1.0,0.987752478278498,0.11056005827474327,1.0,0.976953408300748,0.09767605178819827,41,104,400,5,2,100,0.0,0,0.3,1.0,0.0,1.0,0.7,1.0,1.0,0.25,1.0,0.25
inter_1.0,1.09483861399802,0.09135220313050889,1.0,1.102353034607554,-0.08225768347150592,42,105,400,5,2,100,0.0,0,0.3,1.0,0.0,1.0,0.7,1.0,1.0,0.25,1.0,0.25
inter_1.0,1.023666393931028,0.12177318296923689,1.0,0.9994283415471014,0.19904261178793192,43,106,400,5,2,100,0.0,0,0.3,1.0,0.0,1.0,0.7,1.0,1.0,0.25,1.0,0.25
inter_1.0,1.0792348955006112,0.10764544301794714,1.0,0.9473957769646946,1.2247533647470414,44,107,400,5,2,100,0.0,0,0.3,1.0,0.0,1.0,0.7,1.0,1.0,0.25,1.0,0.25
inter_1.0,0.9854967849426323,0.1043350753616206,1.0,1.0050844648838084,-0.18773820667005953,45,108,400,5,2,100,0.0,0,0.3,1.0,0.0,1.0,0.7,1.0,1.0,0.25,1.0,0.25
inter_1.0,1.1555342425014614,0.12157376917531923,1.0,1.0410698762734656,0.941521900690016,46,109,400,5,2,100,0.0,0,0.3,1.0,0.0,1.0,0.7,1.0,1.0,0.25,1.0,0.25
inter_1.0,0.8760342771151803,0.10402984938168125,1.0,0.9289439118920418,-0.5086005131348237,47,110,400,5,2,100,0.0,0,0.3,1.0,0.0,1.0,0.7,1.0,1.0,0.25,1.0,0.25
inter_1.0,1.1747699083366758,0.09686727644500864,1.0,0.995950524145095,1.8460246922818795,48,111,400,5,2,100,0.0,0,0.3,1.0,0.0,1.0,0.7,1.0,1.0,0.25,1.0,0.25
inter_1.0,1.0925917896678599,0.10725328723077195,1.0,1.0051607076146183,0.8151832387674995,49,112,400,5,2,100,0.0,0,0.3,1.0,0.0,1.0,0.7,1.0,1.0,0.25,1.0,0.25
inter_1.0,0.9646035547463924,0.10580230640017725,1.0,0.9924278500475897,-0.262983825664038,50,113,400,5,2,100,0.0,0,0.3,1.0,0.0,1.0,0.7,1.0,1.0,0.25,1.0,0.25
inter_1.0,1.0157836379716896,0.12408912888417976,1.0,0.9829111200588955,0.26491053816226007,51,114,400,5,2,100,0.0,0,0.3,1.0,0.0,1.0,0.7,1.0,1.0,0.25,1.0,0.25
inter_1.0,1.0146258990754193,0.11401084792200675,1.0,0.9393656481937043,0.6601148246279123,52,115,400,5,2,100,0.0,0,0.3,1.0,0.0,1.0,0.7,1.0,1.0,0.25,1.0,0.25
inter_1.0,1.026757697687738,0.12744485188672752,1.0,0.9739547086795534,0.4143202979679059,53,116,400,5,2,100,0.0,0,0.3,1.0,0.0,1.0,0.7,1.0,1.0,0.25,1.0,0.25
inter_1.0,1.0926552701474805,0.10923945542076242,1.0,1.0689238997695223,0.21724174920637498,54,117,400,5,2,100,0.0,0,0.3,1.0,0.0,1.0,0.7,1.0,1.0,0.25,1.0,0.25
inter_1.0,1.1311887215317245,0.10058637787368531,1.0,1.0327731483489828,0.9784185022183647,55,118,400,5,2,100,0.0,0,0.3,1.0,0.0,1.0,0.7,1.0,1.0,0.25,1.0,0.25
inter_1.0,1.2497365549774082,0.13237979868898267,1.0,1.0649946479541073,1.395544553269336,56,119,400,5,2,100,0.0,0,0.3,1.0,0.0,1.0,0.7,1.0,1.0,0.25,1.0,0.25
inter_1.0,1.0993542987700622,0.10005935303023086,1.0,1.033725949787742,0.6558941967423267,57,120,400,5,2,100,0.0,0,0.3,1.0,0.0,1.0,0.7,1.0,1.0,0.25,1.0,0.25
inter_1.0,1.0064638931332024,0.11902599520038609,1.0,0.9637278021043311,0.35904838230441194,58,121,400,5,2,100,0.0,0,0.3,1.0,0.0,1.0,0.7,1.0,1.0,0.25,1.0,0.25
inter_1.0,0.9695858339748042,0.10491912178334546,1.0,0.9870633454334373,-0.16658080206507603,59,122,400,5,2,100,0.0,0,0.3,1.0,0.0,1.0,0.7,1.0,1.0,0.25,1.0,0.25
inter_1.0,1.085122776687227,0.14282433946196138,1.0,0.9842261464070069,0.7064386270597243,60,123,400,5,2,100,0.0,0,0.3,1.0,0.0,1.0,0.7,1.0,1.0,0.25,1.0,0.25
inter_1.0,1.1098081431993938,0.10321388668632954,1.0,1.0363942954650358,0.7112787832267681,61,124,400,5,2,100,0.0,0,0.3,1.0,0.0,1.0,0.7,1.0,1.0,0.25,1.0,0.25
inter_1.0,0.9013805182244001,0.10026601564906107,1.0,0.977362036947516,-0.7577993224449763,62,125,400,5,2,100,0.0,0,0.3,1.0,0.0,1.0,0.7,1.0,1.0,0.25,1.0,0.25
inter_1.0,1.0116364548488224,0.14005189305224056,1.0,1.101994631809603,-0.6451764056275645,63,126,400,5,2,100,0.0,0,0.3,1.0,0.0,1.0,0.7,1.0,1.0,0.25,1.0,0.25
inter_1.0,0.9857450273994798,0.0944205071946288,1.0,1.0266250673625634,-0.4329572163684495,64,127,400,5,2,100,0.0,0,0.3,1.0,0.0,1.0,0.7,1.0,1.0,0.25,1.0,0.25
inter_1.0,0.9201121459111751,0.13797727672807625,1.0,0.9744852036114993,-0.3940725530297418,65,128,400,5,2,100,0.0,0,0.3,1.0,0.0,1.0,0.7,1.0,1.0,0.25,1.0,0.25
inter_1.0,0.9393699883162033,0.096960336805274,1.0,1.0442573814608556,-1.0817556601035554,66,129,400,5,2,100,0.0,0,0.3,1.0,0.0,1.0,0.7,1.0,1.0,0.25,1.0,0.25
inter_1.0,1.0624667347337509,0.12990881414003033,1.0,0.9846526834163898,0.5989897747314077,67,130,400,5,2,100,0.0,0,0.3,1.0,0.0,1.0,0.7,1.0,1.0,0.25,1.0,0.25
inter_1.0,1.121603567683909,0.09774448203785516,1.0,1.0199444095410022,1.0400500982094871,68,131,400,5,2,100,0.0,0,0.3,1.0,0.0,1.0,0.7,1.0,1.0,0.25,1.0,0.25
inter_1.0,1.20507021964881,0.09261278426361026,1.0,1.1239050551578396,0.8763926615136008,69,132,400,5,2,100,0.0,0,0.3,1.0,0.0,1.0,0.7,1.0,1.0,0.25,1.0,0.25
inter_1.0,1.0680080077960745,0.09879502822360411,1.0,0.989756296867215,0.7920612234833454,70,133,400,5,2,100,0.0,0,0.3,1.0,0.0,1.0,0.7,1.0,1.0,0.25,1.0,0.25
inter_1.0,0.962732088668892,0.10182719549307204,1.0,0.9540323683482999,0.08543611830283673,71,134,400,5,2,100,0.0,0,0.3,1.0,0.0,1.0,0.7,1.0,1.0,0.25,1.0,0.25
inter_1.0,1.1108381788256514,0.10672753977892156,1.0,1.0885480953081368,0.20885034512822942,72,135,400,5,2,100,0.0,0,0.3,1.0,0.0,1.0,0.7,1.0,1.0,0.25,1.0,0.25
inter_1.0,0.8613266081155703,0.09320604073764663,1.0,0.9671974621046295,-1.1358797471835667,73,136,400,5,2,100,0.0,0,0.3,1.0,0.0,1.0,0.7,1.0,1.0,0.25,1.0,0.25
inter_1.0,1.1639127347764706,0.1211643120567699,1.0,1.052881249092498,0.9163711970893739,74,137,400,5,2,100,0.0,0,0.3,1.0,0.0,1.0,0.7,1.0,1.0,0.25,1.0,0.25
inter_1.0,1.0674248480950137,0.11950786056459044,1.0,1.0970792809915704,-0.24813792796942702,75,138,400,5,2,100,0.0,0,0.3,1.0,0.0,1.0,0.7,1.0,1.0,0.25,1.0,0.25
inter_1.0,1.0577031917447126,0.09324070073646555,1.0,1.0227643545686231,0.37471658728563406,76,139,400,5,2,100,0.0,0,0.3,1.0,0.0,1.0,0.7,1.0,1.0,0.25,1.0,0.25
inter_1.0,0.769892096051184,0.10215689348921954,1.0,0.8822003966734414,-1.099370750091467,77,140,400,5,2,100,0.0,0,0.3,1.0,0.0,1.0,0.7,1.0,1.0,0.25,1.0,0.25
inter_1.0,1.0522630295414852,0.1143468259598301,1.0,1.1022241840765483,-0.4369264657386678,78,141,400,5,2,100,0.0,0,0.3,1.0,0.0,1.0,0.7,1.0,1.0,0.25,1.0,0.25
inter_1.0,0.7109242199650447,0.09051192551808092,1.0,0.8646494755970593,-1.698397805063886,79,142,400,5,2,100,0.0,0,0.3,1.0,0.0,1.0,0.7,1.0,1.0,0.25,1.0,0.25
inter_1.0,0.9134791720186587,0.12014746601860646,1.0,1.026356261083813,-0.9394878877235232,80,143,400,5,2,100,0.0,0,0.3,1.0,0.0,1.0,0.7,1.0,1.0,0.25,1.0,0.25
inter_1.0,0.8114322849620276,0.10020546282666144,1.0,1.0437264251084053,-2.3181784065825575,81,144,400,5,2,100,0.0,0,0.3,1.0,0.0,1.0,0.7,1.0,1.0,0.25,1.0,0.25
inter_1.0,1.0103649332216376,0.11634692534828059,1.0,1.0380072550604442,-0.23758532299895596,82,145,400,5,2,100,0.0,0,0.3,1.0,0.0,1.0,0.7,1.0,1.0,0.25,1.0,0.25
inter_1.0,1.155997827329146,0.09250788749758523,1.0,1.0697962948164885,0.9318290023097505,83,146,400,5,2,100,0.0,0,0.3,1.0,0.0,1.0,0.7,1.0,1.0,0.25,1.0,0.25
inter_1.0,0.747033319187199,0.10172270553932006,1.0,0.9040803205450054,-1.543873617253537,84,147,400,5,2,100,0.0,0,0.3,1.0,0.0,1.0,0.7,1.0,1.0,0.25,1.0,0.25
inter_1.0,1.0963961941236473,0.10487702344027539,1.0,1.0733982931169657,0.2192844557585897,85,148,400,5,2,100,0.0,0,0.3,1.0,0.0,1.0,0.7,1.0,1.0,0.25,1.0,0.25
inter_1.0,1.0371139771612021,0.10090136631040769,1.0,0.9873389869617712,0.4933034310586608,86,149,400,5,2,100,0.0,0,0.3,1.0,0.0,1.0,0.7,1.0,1.0,0.25,1.0,0.25
inter_1.0,0.9669138560458251,0.0838850362267442,1.0,0.9607055375881015,0.07400984415077708,87,150,400,5,2,100,0.0,0,0.3,1.0,0.0,1.0,0.7,1.0,1.0,0.25,1.0,0.25
inter_1.0,0.858503557632991,0.09862463496336028,1.0,0.9392565258973042,-0.8187910484466026,88,151,400,5,2,100,0.0,0,0.3,1.0,0.0,1.0,0.7,1.0,1.0,0.25,1.0,0.25
inter_1.0,1.1095327914703592,0.10446705752074456,1.0,1.0264670744780033,0.7951379024517953,89,152,400,5,2,100,0.0,0,0.3,1.0,0.0,1.0,0.7,1.0,1.0,0.25,1.0,0.25
inter_1.0,0.7464802869311074,0.10755543832405812,1.0,0.947156411944896,-1.8657924521600053,90,153,400,5,2,100,0.0,0,0.3,1.0,0.0,1.0,0.7,1.0,1.0,0.25,1.0,0.25
inter_1.0,0.9234987754064415,0.09615825555765145,1.0,1.019307080380518,-0.9963606808219894,91,154,400,5,2,100,0.0,0,0.3,1.0,0.0,1.0,0.7,1.0,1.0,0.25,1.0,0.25
inter_1.0,1.1601473822785142,0.10725649478303101,1.0,1.0580714707844612,0.951699118086436,92,155,400,5,2,100,0.0,0,0.3,1.0,0.0,1.0,0.7,1.0,1.0,0.25,1.0,0.25
inter_1.0,1.0697409955508617,0.09277551373055168,1.0,1.043514064935985,0.282692378196337,93,156,400,5,2,100,0.0,0,0.3,1.0,0.0,1.0,0.7,1.0,1.0,0.25,1.0,0.25
inter_1.0,0.9197874390760559,0.08213904886008401,1.0,1.0187089872124357,-1.2043181593797518,94,157,400,5,2,100,0.0,0,0.3,1.0,0.0,1.0,0.7,1.0,1.0,0.25,1.0,0.25
inter_1.0,1.0805232445208048,0.09913201462910752,1.0,1.0016455471889107,0.795683388731754,95,158,400,5,2,100,0.0,0,0.3,1.0,0.0,1.0,0.7,1.0,1.0,0.25,1.0,0.25
inter_1.0,1.1626318415530998,0.12518796016887646,1.0,1.0295016529838186,1.063442430004378,96,159,400,5,2,100,0.0,0,0.3,1.0,0.0,1.0,0.7,1.0,1.0,0.25,1.0,0.25
inter_1.0,0.8219847586511945,0.10815696688792734,1.0,0.9844055192183777,-1.5017133453407976,97,160,400,5,2,100,0.0,0,0.3,1.0,0.0,1.0,0.7,1.0,1.0,0.25,1.0,0.25
inter_1.0,0.9696432063952902,0.11113041651813653,1.0,0.9538192661369778,0.1423907221271864,98,161,400,5,2,100,0.0,0,0.3,1.0,0.0,1.0,0.7,1.0,1.0,0.25,1.0,0.25
inter_1.0,0.8965298448258682,0.09589487909903138,1.0,1.0455344370830892,-1.5538326306594836,99,162,400,5,2,100,0.0,0,0.3,1.0,0.0,1.0,0.7,1.0,1.0,0.25,1.0,0.25
hete_0.15,1.0018867013328374,0.04692550686750425,1.0,0.9974358329064142,0.09484966116594859,0,64,400,5,2,100,0.0,0,0.3,0.0,0.15,1.0,0.7,1.0,1.0,0.25,1.0,0.25
hete_0.15,1.0335328714833654,0.05024240315804879,1.0,0.9980989018055169,0.7052602473329745,1,65,400,5,2,100,0.0,0,0.3,0.0,0.15,1.0,0.7,1.0,1.0,0.25,1.0,0.25
hete_0.15,1.0934778224494035,0.058819464542788684,1.0,0.9869920266103162,1.8103836317928976,2,66,400,5,2,100,0.0,0,0.3,0.0,0.15,1.0,0.7,1.0,1.0,0.25,1.0,0.25
hete_0.15,0.9472520695238843,0.05604416251268567,1.0,1.0003020312508826,-0.9465742612353311,3,67,400,5,2,100,0.0,0,0.3,0.0,0.15,1.0,0.7,1.0,1.0,0.25,1.0,0.25
hete_0.15,0.9564599073271856,0.06630312533371822,1.0,1.0045076491835008,-0.7246678284693272,4,68,400,5,2,100,0.0,0,0.3,0.0,0.15,1.0,0.7,1.0,1.0,0.25,1.0,0.25
hete_0.15,1.020823552994143,0.05129132703349713,1.0,1.0004356196279816,0.39749280327347614,5,69,400,5,2,100,0.0,0,0.3,0.0,0.15,1.0,0.7,1.0,1.0,0.25,1.0,0.25
hete_0.15,0.9892494503549069,0.05759908265224124,1.0,0.9947851921513834,-0.09610815904654225,6,70,400,5,2,100,0.0,0,0.3,0.0,0.15,1.0,0.7,1.0,1.0,0.25,1.0,0.25
hete_0.15,1.0853269473625526,0.042641134437774016,1.0,0.9879323297706921,2.284053153744959,7,71,400,5,2,100,0.0,0,0.3,0.0,0.15,1.0,0.7,1.0,1.0,0.25,1.0,0.25
hete_0.15,0.9377042563094693,0.05179641618854484,1.0,0.9960905253633737,-1.1272260389863997,8,72,400,5,2,100,0.0,0,0.3,0.0,0.15,1.0,0.7,1.0,1.0,0.25,1.0,0.25
hete_0.15,0.9064582326690265,0.05268113135656599,1.0,0.9958575310835494,-1.6969889619384657,9,73,400,5,2,100,0.0,0,0.3,0.0,0.15,1.0,0.7,1.0,1.0,0.25,1.0,0.25
hete_0.15,0.9808051614673624,0.052615078410921876,1.0,1.0020950136576525,-0.4046340485139475,10,74,400,5,2,100,0.0,0,0.3,0.0,0.15,1.0,0.7,1.0,1.0,0.25,1.0,0.25
hete_0.15,1.0301648696752388,0.0526307980753106,1.0,1.001047943205255,0.5532298109620093,11,75,400,5,2,100,0.0,0,0.3,0.0,0.15,1.0,0.7,1.0,1.0,0.25,1.0,0.25
hete_0.15,1.0371688428985502,0.051708082812974586,1.0,0.9915431196582333,0.8823712030736611,12,76,400,5,2,100,0.0,0,0.3,0.0,0.15,1.0,0.7,1.0,1.0,0.25,1.0,0.25
hete_0.15,0.9773084635980585,0.049757409278116324,1.0,1.006869345277059,-0.5941000970080973,13,77,400,5,2,100,0.0,0,0.3,0.0,0.15,1.0,0.7,1.0,1.0,0.25,1.0,0.25
hete_0.15,1.0643386269698116,0.055178710046141104,1.0,1.0018734357906078,1.1320524007714143,14,78,400,5,2,100,0.0,0,0.3,0.0,0.15,1.0,0.7,1.0,1.0,0.25,1.0,0.25
hete_0.15,0.8969655981303876,0.04931755845462452,1.0,0.9854010048882701,-1.7931829865269804,15,79,400,5,2,100,0.0,0,0.3,0.0,0.15,1.0,0.7,1.0,1.0,0.25,1.0,0.25
hete_0.15,0.9112931189469935,0.051604487069996575,1.0,1.0061917848614974,-1.8389615187102413,16,80,400,5,2,100,0.0,0,0.3,0.0,0.15,1.0,0.7,1.0,1.0,0.25,1.0,0.25
hete_0.15,1.0355366459150883,0.05553886390459366,1.0,0.9916899042041613,0.789478549403681,17,81,400,5,2,100,0.0,0,0.3,0.0,0.15,1.0,0.7,1.0,1.0,0.25,1.0,0.25
hete_0.15,0.9251543037126436,0.04721605558377407,1.0,1.002748692681303,-1.6433899022120955,18,82,400,5,2,100,0.0,0,0.3,0.0,0.15,1.0,0.7,1.0,1.0,0.25,1.0,0.25
hete_0.15,1.0114106355069492,0.054902398750164276,1.0,0.9980117215013385,0.2440497011174866,19,83,400,5,2,100,0.0,0,0.3,0.0,0.15,1.0,0.7,1.0,1.0,0.25,1.0,0.25
hete_0.15,0.872283765687934,0.051292749127296706,1.0,0.9922875639882295,-2.33958601053872,20,84,400,5,2,100,0.0,0,0.3,0.0,0.15,1.0,0.7,1.0,1.0,0.25,1.0,0.25
hete_0.15,0.9440361317792045,0.04713196596781382,1.0,1.0057323963285951,-1.30901105613805,21,85,400,5,2,100,0.0,0,0.3,0.0,0.15,1.0,0.7,1.0,1.0,0.25,1.0,0.25
hete_0.15,1.0832713269387493,0.06242954859387805,1.0,0.9996529912745717,1.3394031760206784,22,86,400,5,2,100,0.0,0,0.3,0.0,0.15,1.0,0.7,1.0,1.0,0.25,1.0,0.25
hete_0.15,1.0608054825430313,0.05705688345536351,1.0,1.014377420950811,0.8137153447671522,23,87,400,5,2,100,0.0,0,0.3,0.0,0.15,1.0,0.7,1.0,1.0,0.25,1.0,0.25
hete_0.15,0.9868127304012949,0.054222626129711314,1.0,1.0004735770305597,-0.25193996684309145,24,88,400,5,2,100,0.0,0,0.3,0.0,0.15,1.0,0.7,1.0,1.0,0.25,1.0,0.25
hete_0.15,0.921558550578733,0.053461612087668926,1.0,1.0048654927526703,-1.558257204016343,25,89,400,5,2,100,0.0,0,0.3,0.0,0.15,1.0,0.7,1.0,1.0,0.25,1.0,0.25
hete_0.15,1.0371139497094375,0.05800641730781519,1.0,1.0007327686037653,0.6271923486088256,26,90,400,5,2,100,0.0,0,0.3,0.0,0.15,1.0,0.7,1.0,1.0,0.25,1.0,0.25
hete_0.15,1.0944050353555745,0.05034677545462646,1.0,1.0158385803943806,1.5605061943241958,27,91,400,5,2,100,0.0,0,0.3,0.0,0.15,1.0,0.7,1.0,1.0,0.25,1.0,0.25
hete_0.15,0.920457314605255,0.05071875802481893,1.0,1.006406102526742,-1.6946153902157526,28,92,400,5,2,100,0.0,0,0.3,0.0,0.15,1.0,0.7,1.0,1.0,0.25,1.0,0.25
hete_0.15,1.0662144721822309,0.05091452489520087,1.0,0.9981261898254614,1.3373056607504032,29,93,400,5,2,100,0.0,0,0.3,0.0,0.15,1.0,0.7,1.0,1.0,0.25,1.0,0.25
hete_0.15,1.0531648884585207,0.05288082112409779,1.0,0.991002149211569,1.1755252268317018,30,94,400,5,2,100,0.0,0,0.3,0.0,0.15,1.0,0.7,1.0,1.0,0.25,1.0,0.25
hete_0.15,1.0339486020471063,0.05565548064761562,1.0,1.0091875084353676,0.44489946584980977,31,95,400,5,2,100,0.0,0,0.3,0.0,0.15,1.0,0.7,1.0,1.0,0.25,1.0,0.25
hete_0.15,1.0580088566030836,0.04646577907019369,1.0,0.9904169663284292,1.4546595715644082,32,96,400,5,2,100,0.0,0,0.3,0.0,0.15,1.0,0.7,1.0,1.0,0.25,1.0,0.25
hete_0.15,0.9722296262877197,0.05136508392888792,1.0,0.9983036492343991,-0.5076215388410034,33,97,400,5,2,100,0.0,0,0.3,0.0,0.15,1.0,0.7,1.0,1.0,0.25,1.0,0.25
hete_0.15,1.0501541120123934,0.05256288893985006,1.0,1.0160779123338028,0.6482938888230703,34,98,400,5,2,100,0.0,0,0.3,0.0,0.15,1.0,0.7,1.0,1.0,0.25,1.0,0.25
hete_0.15,0.9136412865044737,0.05010584391027919,1.0,0.9938671097055323,-1.601127073015933,35,99,400,5,2,100,0.0,0,0.3,0.0,0.15,1.0,0.7,1.0,1.0,0.25,1.0,0.25
hete_0.15,1.0543302036568314,0.05476396030001759,1.0,1.0106839985918485,0.7969877420455443,36,100,400,5,2,100,0.0,0,0.3,0.0,0.15,1.0,0.7,1.0,1.0,0.25,1.0,0.25
hete_0.15,1.0268953186297574,0.05749008149594996,1.0,0.9997595809334523,0.47200729221816656,37,101,400,5,2,100,0.0,0,0.3,0.0,0.15,1.0,0.7,1.0,1.0,0.25,1.0,0.25
hete_0.15,1.0752689515930915,0.05177216670623718,1.0,0.9992609966278517,1.4681238936071583,38,102,400,5,2,100,0.0,0,0.3,0.0,0.15,1.0,0.7,1.0,1.0,0.25,1.0,0.25
hete_0.15,0.9619907315899114,0.05143644269185126,1.0,0.9940222337535443,-0.6227394525614688,39,103,400,5,2,100,0.0,0,0.3,0.0,0.15,1.0,0.7,1.0,1.0,0.25,1.0,0.25
hete_0.15,1.0129761429390538,0.05356365189562094,1.0,0.9965430112451122,0.30679632759104386,40,104,400,5,2,100,0.0,0,0.3,0.0,0.15,1.0,0.7,1.0,1.0,0.25,1.0,0.25
hete_0.15,0.9766969385545968,0.048607887741008486,1.0,1.015352955191133,-0.7952622183976076,41,105,400,5,2,100,0.0,0,0.3,0.0,0.15,1.0,0.7,1.0,1.0,0.25,1.0,0.25
hete_0.15,1.0106328063855097,0.058871952680915135,1.0,0.9999142512320651,0.18206556204342192,42,106,400,5,2,100,0.0,0,0.3,0.0,0.15,1.0,0.7,1.0,1.0,0.25,1.0,0.25
hete_0.15,1.0311094926841828,0.05569203118017742,1.0,0.992109366544704,0.7002819849271396,43,107,400,5,2,100,0.0,0,0.3,0.0,0.15,1.0,0.7,1.0,1.0,0.25,1.0,0.25
hete_0.15,0.9560976195524006,0.052064541784761637,1.0,1.000762669732571,-0.8578784840711533,44,108,400,5,2,100,0.0,0,0.3,0.0,0.15,1.0,0.7,1.0,1.0,0.25,1.0,0.25
hete_0.15,1.0621529384149102,0.048453182339868714,1.0,1.0061604814410199,1.155599163356048,45,109,400,5,2,100,0.0,0,0.3,0.0,0.15,1.0,0.7,1.0,1.0,0.25,1.0,0.25
hete_0.15,0.9862753862126075,0.056678241455256614,1.0,0.9893415867838065,-0.054098371658540964,46,110,400,5,2,100,0.0,0,0.3,0.0,0.15,1.0,0.7,1.0,1.0,0.25,1.0,0.25
hete_0.15,1.1125779202510866,0.055103908643123554,1.0,0.9993925786217642,2.0540347212456194,47,111,400,5,2,100,0.0,0,0.3,0.0,0.15,1.0,0.7,1.0,1.0,0.25,1.0,0.25
hete_0.15,1.0171145861008077,0.049060391744917886,1.0,1.0007741061421926,0.33306868081231306,48,112,400,5,2,100,0.0,0,0.3,0.0,0.15,1.0,0.7,1.0,1.0,0.25,1.0,0.25
hete_0.15,0.9230716883963915,0.052868321754102235,1.0,0.9988641775071385,-1.433608758440795,49,113,400,5,2,100,0.0,0,0.3,0.0,0.15,1.0,0.7,1.0,1.0,0.25,1.0,0.25
hete_0.15,1.0051945161308748,0.04655410905704742,1.0,0.9974366680088343,0.1666415334580677,50,114,400,5,2,100,0.0,0,0.3,0.0,0.15,1.0,0.7,1.0,1.0,0.25,1.0,0.25
hete_0.15,1.050535439394338,0.05395153487189387,1.0,0.9909048472290556,1.1052622007302164,51,115,400,5,2,100,0.0,0,0.3,0.0,0.15,1.0,0.7,1.0,1.0,0.25,1.0,0.25
hete_0.15,1.012493265875807,0.05509890681546311,1.0,0.9960932063019331,0.2976476398851412,52,116,400,5,2,100,0.0,0,0.3,0.0,0.15,1.0,0.7,1.0,1.0,0.25,1.0,0.25
hete_0.15,0.9509913035985478,0.05391217712422782,1.0,1.0103385849654283,-1.1008140374321884,53,117,400,5,2,100,0.0,0,0.3,0.0,0.15,1.0,0.7,1.0,1.0,0.25,1.0,0.25
hete_0.15,0.9925952812005246,0.04865279791677041,1.0,1.0049159722523475,-0.25323705068102537,54,118,400,5,2,100,0.0,0,0.3,0.0,0.15,1.0,0.7,1.0,1.0,0.25,1.0,0.25
hete_0.15,1.024502156842266,0.04976321418706769,1.0,1.009749197193116,0.2964631583822408,55,119,400,5,2,100,0.0,0,0.3,0.0,0.15,1.0,0.7,1.0,1.0,0.25,1.0,0.25
hete_0.15,1.0225896857193508,0.05326451461640157,1.0,1.0050588924681612,0.3291270628755804,56,120,400,5,2,100,0.0,0,0.3,0.0,0.15,1.0,0.7,1.0,1.0,0.25,1.0,0.25
hete_0.15,0.9846493294531616,0.055055443726802294,1.0,0.9945591703156497,-0.17999747512095127,57,121,400,5,2,100,0.0,0,0.3,0.0,0.15,1.0,0.7,1.0,1.0,0.25,1.0,0.25
hete_0.15,0.9368238821160813,0.05790388529921905,1.0,0.9980595018150155,-1.0575390473799535,58,122,400,5,2,100,0.0,0,0.3,0.0,0.15,1.0,0.7,1.0,1.0,0.25,1.0,0.25
hete_0.15,1.0317346913841199,0.053314610731739445,1.0,0.9976339219610512,0.639613962383631,59,123,400,5,2,100,0.0,0,0.3,0.0,0.15,1.0,0.7,1.0,1.0,0.25,1.0,0.25
hete_0.15,1.0827212553565309,0.05684492758367223,1.0,1.0054591443197554,1.3591733567265158,60,124,400,5,2,100,0.0,0,0.3,0.0,0.15,1.0,0.7,1.0,1.0,0.25,1.0,0.25
hete_0.15,0.9319731919212724,0.05462371838883891,1.0,0.9966043055421274,-1.1832060417560464,61,125,400,5,2,100,0.0,0,0.3,0.0,0.15,1.0,0.7,1.0,1.0,0.25,1.0,0.25
hete_0.15,0.9409926689132279,0.06164542199107918,1.0,1.0152991947714405,-1.2053859550019084,62,126,400,5,2,100,0.0,0,0.3,0.0,0.15,1.0,0.7,1.0,1.0,0.25,1.0,0.25
hete_0.15,0.9671574442993175,0.0525595162883928,1.0,1.0039937601043845,-0.7008495969206981,63,127,400,5,2,100,0.0,0,0.3,0.0,0.15,1.0,0.7,1.0,1.0,0.25,1.0,0.25
hete_0.15,1.051575981973214,0.06080368861957325,1.0,0.9961727805417249,0.9111815860075033,64,128,400,5,2,100,0.0,0,0.3,0.0,0.15,1.0,0.7,1.0,1.0,0.25,1.0,0.25
hete_0.15,0.9549307910238084,0.04754688722987512,1.0,1.0066386072191285,-1.0875121213577679,65,129,400,5,2,100,0.0,0,0.3,0.0,0.15,1.0,0.7,1.0,1.0,0.25,1.0,0.25
hete_0.15,1.0642689753038923,0.055276221426388474,1.0,0.9976979025124584,1.204334722482557,66,130,400,5,2,100,0.0,0,0.3,0.0,0.15,1.0,0.7,1.0,1.0,0.25,1.0,0.25
hete_0.15,1.0017033333328167,0.053328478164125635,1.0,1.0029916614311503,-0.024158351085297503,67,131,400,5,2,100,0.0,0,0.3,0.0,0.15,1.0,0.7,1.0,1.0,0.25,1.0,0.25
hete_0.15,1.0276646874954611,0.05495074850655932,1.0,1.018585758273676,0.16521939133734434,68,132,400,5,2,100,0.0,0,0.3,0.0,0.15,1.0,0.7,1.0,1.0,0.25,1.0,0.25
hete_0.15,1.0342951471165804,0.05079180359673227,1.0,0.9984634445300822,0.705462299999985,69,133,400,5,2,100,0.0,0,0.3,0.0,0.15,1.0,0.7,1.0,1.0,0.25,1.0,0.25
hete_0.15,0.9731919153474863,0.05379041460766848,1.0,0.9931048552522449,-0.3701949510892929,70,134,400,5,2,100,0.0,0,0.3,0.0,0.15,1.0,0.7,1.0,1.0,0.25,1.0,0.25
hete_0.15,1.015162080541198,0.05968213015350228,1.0,1.0132822142962206,0.03149797502439138,71,135,400,5,2,100,0.0,0,0.3,0.0,0.15,1.0,0.7,1.0,1.0,0.25,1.0,0.25
hete_0.15,0.9640403106124258,0.0464534405518728,1.0,0.9950796193156944,-0.6681810504134399,72,136,400,5,2,100,0.0,0,0.3,0.0,0.15,1.0,0.7,1.0,1.0,0.25,1.0,0.25
hete_0.15,0.9814491398212493,0.051673399967728816,1.0,1.0079321873638747,-0.5125083226411399,73,137,400,5,2,100,0.0,0,0.3,0.0,0.15,1.0,0.7,1.0,1.0,0.25,1.0,0.25
hete_0.15,1.0318629271418691,0.05416244736623771,1.0,1.0145618921487354,0.3194286047701452,74,138,400,5,2,100,0.0,0,0.3,0.0,0.15,1.0,0.7,1.0,1.0,0.25,1.0,0.25
hete_0.15,0.8923694077122485,0.053440122623600116,1.0,1.0034146531852934,-2.077937699641531,75,139,400,5,2,100,0.0,0,0.3,0.0,0.15,1.0,0.7,1.0,1.0,0.25,1.0,0.25
hete_0.15,0.9455989114419381,0.048873962262818475,1.0,0.9823300595010162,-0.7515483983385113,76,140,400,5,2,100,0.0,0,0.3,0.0,0.15,1.0,0.7,1.0,1.0,0.25,1.0,0.25
hete_0.15,1.001166601316576,0.054208886563661636,1.0,1.0153336276114822,-0.2613413997771131,77,141,400,5,2,100,0.0,0,0.3,0.0,0.15,1.0,0.7,1.0,1.0,0.25,1.0,0.25
hete_0.15,0.9447210136039,0.050513185630414376,1.0,0.979697421339559,-0.6924213410646456,78,142,400,5,2,100,0.0,0,0.3,0.0,0.15,1.0,0.7,1.0,1.0,0.25,1.0,0.25
hete_0.15,0.9610077462842536,0.06032605316429672,1.0,1.003953439162572,-0.7118929654051247,79,143,400,5,2,100,0.0,0,0.3,0.0,0.15,1.0,0.7,1.0,1.0,0.25,1.0,0.25
hete_0.15,0.9348197022576343,0.0563909977503393,1.0,1.0065589637662609,-1.272175779301491,80,144,400,5,2,100,0.0,0,0.3,0.0,0.15,1.0,0.7,1.0,1.0,0.25,1.0,0.25
hete_0.15,0.9545935541905138,0.05072365298991222,1.0,1.0057010882590667,-1.0075680881800244,81,145,400,5,2,100,0.0,0,0.3,0.0,0.15,1.0,0.7,1.0,1.0,0.25,1.0,0.25
hete_0.15,1.01561036244074,0.052586574574958744,1.0,1.0104694442224733,0.09776103995780581,82,146,400,5,2,100,0.0,0,0.3,0.0,0.15,1.0,0.7,1.0,1.0,0.25,1.0,0.25
hete_0.15,0.9336752829204651,0.053253746531166185,1.0,0.9856120480817507,-0.9752696954549519,83,147,400,5,2,100,0.0,0,0.3,0.0,0.15,1.0,0.7,1.0,1.0,0.25,1.0,0.25
hete_0.15,0.9979674829824184,0.05165544574790927,1.0,1.0110097439675447,-0.25248569238518603,84,148,400,5,2,100,0.0,0,0.3,0.0,0.15,1.0,0.7,1.0,1.0,0.25,1.0,0.25
hete_0.15,0.9682666937600866,0.05228071900330872,1.0,0.9981008480442657,-0.5706530983686547,85,149,400,5,2,100,0.0,0,0.3,0.0,0.15,1.0,0.7,1.0,1.0,0.25,1.0,0.25
hete_0.15,0.9477978654573427,0.04889621958480179,1.0,0.9941058306382152,-0.9470663698358034,86,150,400,5,2,100,0.0,0,0.3,0.0,0.15,1.0,0.7,1.0,1.0,0.25,1.0,0.25
hete_0.15,0.9422856994243316,0.046824045671727356,1.0,0.9908884788845955,-1.0379876143340296,87,151,400,5,2,100,0.0,0,0.3,0.0,0.15,1.0,0.7,1.0,1.0,0.25,1.0,0.25
hete_0.15,1.0576445106798553,0.05136189279765235,1.0,1.0039700611717004,1.0450247563814135,88,152,400,5,2,100,0.0,0,0.3,0.0,0.15,1.0,0.7,1.0,1.0,0.25,1.0,0.25
hete_0.15,0.9359532139181962,0.053262479391020204,1.0,0.9920734617917344,-1.0536544395828444,89,153,400,5,2,100,0.0,0,0.3,0.0,0.15,1.0,0.7,1.0,1.0,0.25,1.0,0.25
hete_0.15,0.8643710511668821,0.05332135491162939,1.0,1.0028960620570777,-2.597927436761051,90,154,400,5,2,100,0.0,0,0.3,0.0,0.15,1.0,0.7,1.0,1.0,0.25,1.0,0.25
hete_0.15,1.061251848813017,0.05125607389188443,1.0,1.008710720617669,1.0250712589921345,91,155,400,5,2,100,0.0,0,0.3,0.0,0.15,1.0,0.7,1.0,1.0,0.25,1.0,0.25
hete_0.15,0.984389640451399,0.05217752950288153,1.0,1.0065271097403978,-0.42427208608595185,92,156,400,5,2,100,0.0,0,0.3,0.0,0.15,1.0,0.7,1.0,1.0,0.25,1.0,0.25
hete_0.15,0.9403373248259445,0.052729792118808586,1.0,1.0028063480818654,-1.1847007307589672,93,157,400,5,2,100,0.0,0,0.3,0.0,0.15,1.0,0.7,1.0,1.0,0.25,1.0,0.25
hete_0.15,0.9700148188515975,0.05368892491651173,1.0,1.0002468320783366,-0.5630958949867424,94,158,400,5,2,100,0.0,0,0.3,0.0,0.15,1.0,0.7,1.0,1.0,0.25,1.0,0.25
hete_0.15,1.0456059393376835,0.05871846727944372,1.0,1.0044252479475728,0.701324358385072,95,159,400,5,2,100,0.0,0,0.3,0.0,0.15,1.0,0.7,1.0,1.0,0.25,1.0,0.25
hete_0.15,0.9648686767224378,0.05051571522292999,1.0,0.9976608278827566,-0.6491475180664927,96,160,400,5,2,100,0.0,0,0.3,0.0,0.15,1.0,0.7,1.0,1.0,0.25,1.0,0.25
hete_0.15,0.9290345084208632,0.05604202849325795,1.0,0.9930728899205467,-1.1426849316738683,97,161,400,5,2,100,0.0,0,0.3,0.0,0.15,1.0,0.7,1.0,1.0,0.25,1.0,0.25
hete_0.15,0.8800824195576301,0.0573384936140222,1.0,1.0068301655624634,-2.2105175426833497,98,162,400,5,2,100,0.0,0,0.3,0.0,0.15,1.0,0.7,1.0,1.0,0.25,1.0,0.25
hete_0.15,0.9342800738079625,0.046491759589080105,1.0,0.9905180160380909,-1.209632475242718,99,163,400,5,2,100,0.0,0,0.3,0.0,0.15,1.0,0.7,1.0,1.0,0.25,1.0,0.25
hete_0.3,1.072543049499027,0.06080467428165717,1.0,0.9961978036110337,1.2555818576438638,0,65,400,5,2,100,0.0,0,0.3,0.0,0.3,1.0,0.7,1.0,1.0,0.25,1.0,0.25
hete_0.3,1.0750493578262295,0.0630751848316989,1.0,0.9739840532206324,1.602298984541476,1,66,400,5,2,100,0.0,0,0.3,0.0,0.3,1.0,0.7,1.0,1.0,0.25,1.0,0.25
hete_0.3,0.9444621925589513,0.058830721984320766,1.0,1.000604062501765,-0.9542951038026746,2,67,400,5,2,100,0.0,0,0.3,0.0,0.3,1.0,0.7,1.0,1.0,0.25,1.0,0.25
hete_0.3,0.9926009614676753,0.07286993799015251,1.0,1.0090152983670018,-0.22525526097668253,3,68,400,5,2,100,0.0,0,0.3,0.0,0.3,1.0,0.7,1.0,1.0,0.25,1.0,0.25
hete_0.3,1.0288892802777774,0.05318304164171362,1.0,1.0008712392559633,0.5268228397045714,4,69,400,5,2,100,0.0,0,0.3,0.0,0.3,1.0,0.7,1.0,1.0,0.25,1.0,0.25
hete_0.3,0.97329098055876,0.06312729452739817,1.0,0.9895703843027667,-0.25788217071367153,5,70,400,5,2,100,0.0,0,0.3,0.0,0.3,1.0,0.7,1.0,1.0,0.25,1.0,0.25
hete_0.3,1.080517964903617,0.046013342856317675,1.0,0.975864659541384,2.2744121349545448,6,71,400,5,2,100,0.0,0,0.3,0.0,0.3,1.0,0.7,1.0,1.0,0.25,1.0,0.25
hete_0.3,0.9438166209371434,0.055977494977430556,1.0,0.9921810507267474,-0.8639977514017738,7,72,400,5,2,100,0.0,0,0.3,0.0,0.3,1.0,0.7,1.0,1.0,0.25,1.0,0.25
hete_0.3,0.9198438555607842,0.06350564495949475,1.0,0.9917150621670986,-1.1317294179463164,8,73,400,5,2,100,0.0,0,0.3,0.0,0.3,1.0,0.7,1.0,1.0,0.25,1.0,0.25
hete_0.3,0.9888957182240453,0.055432578131831736,1.0,1.004190027315305,-0.27590831252492454,9,74,400,5,2,100,0.0,0,0.3,0.0,0.3,1.0,0.7,1.0,1.0,0.25,1.0,0.25
hete_0.3,1.0324885088666413,0.057244248181548045,1.0,1.0020958864105103,0.5309288430121741,10,75,400,5,2,100,0.0,0,0.3,0.0,0.3,1.0,0.7,1.0,1.0,0.25,1.0,0.25
hete_0.3,1.0016562358664989,0.05279665887245475,1.0,0.9830862393164665,0.3517267370060936,11,76,400,5,2,100,0.0,0,0.3,0.0,0.3,1.0,0.7,1.0,1.0,0.25,1.0,0.25
hete_0.3,1.0080454812698663,0.06000383521382743,1.0,1.0137386905541177,-0.09488075660436243,12,77,400,5,2,100,0.0,0,0.3,0.0,0.3,1.0,0.7,1.0,1.0,0.25,1.0,0.25
hete_0.3,1.1016247424668066,0.06380873366340441,1.0,1.0037468715812154,1.5339259262204434,13,78,400,5,2,100,0.0,0,0.3,0.0,0.3,1.0,0.7,1.0,1.0,0.25,1.0,0.25
hete_0.3,0.8723819553460244,0.05436342174060708,1.0,0.9708020097765402,-1.8104094863660942,14,79,400,5,2,100,0.0,0,0.3,0.0,0.3,1.0,0.7,1.0,1.0,0.25,1.0,0.25
hete_0.3,0.9157808785563426,0.06251679475265415,1.0,1.0123835697229944,-1.5452278311589303,15,80,400,5,2,100,0.0,0,0.3,0.0,0.3,1.0,0.7,1.0,1.0,0.25,1.0,0.25
hete_0.3,1.0393751529809163,0.057779175158368966,1.0,0.9833798084083226,0.9691267557751404,16,81,400,5,2,100,0.0,0,0.3,0.0,0.3,1.0,0.7,1.0,1.0,0.25,1.0,0.25
hete_0.3,0.9257643888044064,0.04938619512365042,1.0,1.0054973853626055,-1.6144794382026808,17,82,400,5,2,100,0.0,0,0.3,0.0,0.3,1.0,0.7,1.0,1.0,0.25,1.0,0.25
hete_0.3,0.9930919374887824,0.06069388593995897,1.0,0.996023443002677,-0.04829984879851838,18,83,400,5,2,100,0.0,0,0.3,0.0,0.3,1.0,0.7,1.0,1.0,0.25,1.0,0.25
hete_0.3,0.8421750359675355,0.05864068250385292,1.0,0.9845751279764589,-2.4283498405661823,19,84,400,5,2,100,0.0,0,0.3,0.0,0.3,1.0,0.7,1.0,1.0,0.25,1.0,0.25
hete_0.3,0.9267566352783687,0.05124201402975954,1.0,1.01146479265719,-1.6530996874874166,20,85,400,5,2,100,0.0,0,0.3,0.0,0.3,1.0,0.7,1.0,1.0,0.25,1.0,0.25
hete_0.3,1.0794490296651953,0.06880002135803613,1.0,0.9993059825491437,1.1648695092547459,21,86,400,5,2,100,0.0,0,0.3,0.0,0.3,1.0,0.7,1.0,1.0,0.25,1.0,0.25
hete_0.3,1.0869353161882434,0.05797915776595853,1.0,1.028754841901622,1.0034722222332988,22,87,400,5,2,100,0.0,0,0.3,0.0,0.3,1.0,0.7,1.0,1.0,0.25,1.0,0.25
hete_0.3,0.9793565950490714,0.059219687599329045,1.0,1.0009471540611197,-0.3645841423231847,23,88,400,5,2,100,0.0,0,0.3,0.0,0.3,1.0,0.7,1.0,1.0,0.25,1.0,0.25
hete_0.3,0.9288660389309152,0.05989678891574207,1.0,1.0097309855053407,-1.3500714819316888,24,89,400,5,2,100,0.0,0,0.3,0.0,0.3,1.0,0.7,1.0,1.0,0.25,1.0,0.25
hete_0.3,1.052025702195207,0.06898819003124605,1.0,1.0014655372075305,0.7328814535470045,25,90,400,5,2,100,0.0,0,0.3,0.0,0.3,1.0,0.7,1.0,1.0,0.25,1.0,0.25
hete_0.3,1.1016435914657772,0.053396586392769826,1.0,1.0316771607887611,1.3103165464991193,26,91,400,5,2,100,0.0,0,0.3,0.0,0.3,1.0,0.7,1.0,1.0,0.25,1.0,0.25
hete_0.3,0.9080040083757264,0.05011872462022937,1.0,1.0128122050534833,-2.091198398840607,27,92,400,5,2,100,0.0,0,0.3,0.0,0.3,1.0,0.7,1.0,1.0,0.25,1.0,0.25
hete_0.3,1.0643769455300005,0.05248048681711586,1.0,0.9962523796509227,1.2980932535263716,28,93,400,5,2,100,0.0,0,0.3,0.0,0.3,1.0,0.7,1.0,1.0,0.25,1.0,0.25
hete_0.3,1.037920615935018,0.06153300822145765,1.0,0.9820042984231381,0.9087206871251414,29,94,400,5,2,100,0.0,0,0.3,0.0,0.3,1.0,0.7,1.0,1.0,0.25,1.0,0.25
hete_0.3,1.0356603813275171,0.0605507584402152,1.0,1.018375016870735,0.28546899992753666,30,95,400,5,2,100,0.0,0,0.3,0.0,0.3,1.0,0.7,1.0,1.0,0.25,1.0,0.25
hete_0.3,1.0429609506708475,0.051855935989384046,1.0,0.9808339326568587,1.1980695522824512,31,96,400,5,2,100,0.0,0,0.3,0.0,0.3,1.0,0.7,1.0,1.0,0.25,1.0,0.25
hete_0.3,0.9891533542680455,0.05653946283550961,1.0,0.9966072984687979,-0.1318361340368263,32,97,400,5,2,100,0.0,0,0.3,0.0,0.3,1.0,0.7,1.0,1.0,0.25,1.0,0.25
hete_0.3,1.0629250483447448,0.06042816355378867,1.0,1.0321558246676057,0.5091868074023232,33,98,400,5,2,100,0.0,0,0.3,0.0,0.3,1.0,0.7,1.0,1.0,0.25,1.0,0.25
hete_0.3,0.8932054077002874,0.05584850418098178,1.0,0.9877342194110645,-1.6925934382136454,34,99,400,5,2,100,0.0,0,0.3,0.0,0.3,1.0,0.7,1.0,1.0,0.25,1.0,0.25
hete_0.3,1.0571260987818674,0.05844656686155518,1.0,1.0213679971836973,0.6118084178130045,35,100,400,5,2,100,0.0,0,0.3,0.0,0.3,1.0,0.7,1.0,1.0,0.25,1.0,0.25
hete_0.3,1.0353755601749544,0.06185855445713645,1.0,0.9995191618669046,0.5796514099419455,36,101,400,5,2,100,0.0,0,0.3,0.0,0.3,1.0,0.7,1.0,1.0,0.25,1.0,0.25
hete_0.3,1.1093319359136788,0.057483619117506365,1.0,0.9985219932557036,1.927678604081291,37,102,400,5,2,100,0.0,0,0.3,0.0,0.3,1.0,0.7,1.0,1.0,0.25,1.0,0.25
hete_0.3,0.9761901430968479,0.05657682618210376,1.0,0.9880444675070885,-0.20952614719116786,38,103,400,5,2,100,0.0,0,0.3,0.0,0.3,1.0,0.7,1.0,1.0,0.25,1.0,0.25
hete_0.3,1.0095891721107166,0.058319150699874,1.0,0.9930860224902244,0.2829799375066674,39,104,400,5,2,100,0.0,0,0.3,0.0,0.3,1.0,0.7,1.0,1.0,0.25,1.0,0.25
hete_0.3,1.0097636429566708,0.05088361929310861,1.0,1.0307059103822662,-0.41157189123989385,40,105,400,5,2,100,0.0,0,0.3,0.0,0.3,1.0,0.7,1.0,1.0,0.25,1.0,0.25
hete_0.3,1.0082214213513583,0.06621831604237241,1.0,0.9998285024641304,0.12674618427109183,41,106,400,5,2,100,0.0,0,0.3,0.0,0.3,1.0,0.7,1.0,1.0,0.25,1.0,0.25
hete_0.3,1.0439079195809735,0.06448058730994374,1.0,0.9842187330894083,0.9256923514770831,42,107,400,5,2,100,0.0,0,0.3,0.0,0.3,1.0,0.7,1.0,1.0,0.25,1.0,0.25
hete_0.3,0.9653963624843603,0.057252162568805,1.0,1.0015253394651424,-0.6310499963623681,43,108,400,5,2,100,0.0,0,0.3,0.0,0.3,1.0,0.7,1.0,1.0,0.25,1.0,0.25
hete_0.3,1.0692195420541888,0.053476701812698584,1.0,1.0123209628820395,1.063988190061454,44,109,400,5,2,100,0.0,0,0.3,0.0,0.3,1.0,0.7,1.0,1.0,0.25,1.0,0.25
hete_0.3,0.9665778209118727,0.061709910664246095,1.0,0.9786831735676125,-0.19616545422668122,45,110,400,5,2,100,0.0,0,0.3,0.0,0.3,1.0,0.7,1.0,1.0,0.25,1.0,0.25
hete_0.3,1.1367007277619958,0.05888450502552478,1.0,0.9987851572435283,2.3421368738462682,46,111,400,5,2,100,0.0,0,0.3,0.0,0.3,1.0,0.7,1.0,1.0,0.25,1.0,0.25
hete_0.3,1.0217403084651744,0.05562363944390825,1.0,1.0015482122843855,0.36301285537331485,47,112,400,5,2,100,0.0,0,0.3,0.0,0.3,1.0,0.7,1.0,1.0,0.25,1.0,0.25
hete_0.3,0.9219078728179223,0.058855774214623485,1.0,0.9977283550142769,-1.2882420324617194,48,113,400,5,2,100,0.0,0,0.3,0.0,0.3,1.0,0.7,1.0,1.0,0.25,1.0,0.25
hete_0.3,1.0048634879992506,0.05466553495673492,1.0,0.9948733360176686,0.18275046589206076,49,114,400,5,2,100,0.0,0,0.3,0.0,0.3,1.0,0.7,1.0,1.0,0.25,1.0,0.25
hete_0.3,1.0479564620733925,0.05980726879893044,1.0,0.9818096944581114,1.1059988015447395,50,115,400,5,2,100,0.0,0,0.3,0.0,0.3,1.0,0.7,1.0,1.0,0.25,1.0,0.25
hete_0.3,1.001323991896033,0.06425649335407807,1.0,0.9921864126038661,0.14220476118756398,51,116,400,5,2,100,0.0,0,0.3,0.0,0.3,1.0,0.7,1.0,1.0,0.25,1.0,0.25
hete_0.3,0.9755285572125966,0.060060555282459176,1.0,1.0206771699308568,-0.7517182035019574,52,117,400,5,2,100,0.0,0,0.3,0.0,0.3,1.0,0.7,1.0,1.0,0.25,1.0,0.25
hete_0.3,1.0162831738274054,0.0545139311671364,1.0,1.0098319445046948,0.11834093019143137,53,118,400,5,2,100,0.0,0,0.3,0.0,0.3,1.0,0.7,1.0,1.0,0.25,1.0,0.25
hete_0.3,1.0643214551867535,0.05894898897897677,1.0,1.0194983943862324,0.7603703062067199,54,119,400,5,2,100,0.0,0,0.3,0.0,0.3,1.0,0.7,1.0,1.0,0.25,1.0,0.25
hete_0.3,1.021554085358278,0.05901996565837748,1.0,1.0101177849363225,0.1937700284027907,55,120,400,5,2,100,0.0,0,0.3,0.0,0.3,1.0,0.7,1.0,1.0,0.25,1.0,0.25
hete_0.3,0.9844838410903403,0.06369549497710421,1.0,0.9891183406312993,-0.07276024062023496,56,121,400,5,2,100,0.0,0,0.3,0.0,0.3,1.0,0.7,1.0,1.0,0.25,1.0,0.25
hete_0.3,0.95094694816276,0.06341472678039212,1.0,0.9961190036300311,-0.7123275264388325,57,122,400,5,2,100,0.0,0,0.3,0.0,0.3,1.0,0.7,1.0,1.0,0.25,1.0,0.25
hete_0.3,1.0419828014902563,0.0643162179347232,1.0,0.995267843922102,0.7263324720922959,58,123,400,5,2,100,0.0,0,0.3,0.0,0.3,1.0,0.7,1.0,1.0,0.25,1.0,0.25
hete_0.3,1.0867724202103495,0.06187226760437483,1.0,1.0109182886395107,1.2259794978885712,59,124,400,5,2,100,0.0,0,0.3,0.0,0.3,1.0,0.7,1.0,1.0,0.25,1.0,0.25
hete_0.3,0.9184399430990294,0.05924844174815439,1.0,0.9932086110842547,-1.2619516358428848,60,125,400,5,2,100,0.0,0,0.3,0.0,0.3,1.0,0.7,1.0,1.0,0.25,1.0,0.25
hete_0.3,0.9581968475360269,0.07128803542234513,1.0,1.0305983895428807,-1.0156198242511778,61,126,400,5,2,100,0.0,0,0.3,0.0,0.3,1.0,0.7,1.0,1.0,0.25,1.0,0.25
hete_0.3,0.9694613206803573,0.05584540128627071,1.0,1.0079875202087691,-0.6898723733924231,62,127,400,5,2,100,0.0,0,0.3,0.0,0.3,1.0,0.7,1.0,1.0,0.25,1.0,0.25
hete_0.3,1.0368866136584736,0.06958611546507723,1.0,0.9923455610834498,0.6400853428494262,63,128,400,5,2,100,0.0,0,0.3,0.0,0.3,1.0,0.7,1.0,1.0,0.25,1.0,0.25
hete_0.3,0.9496857254260478,0.05261242212967131,1.0,1.0132772144382567,-1.2086782253719097,64,129,400,5,2,100,0.0,0,0.3,0.0,0.3,1.0,0.7,1.0,1.0,0.25,1.0,0.25
hete_0.3,1.0650472304453618,0.06386290202047885,1.0,0.995395805024917,1.09063984280122,65,130,400,5,2,100,0.0,0,0.3,0.0,0.3,1.0,0.7,1.0,1.0,0.25,1.0,0.25
hete_0.3,1.0121807877232984,0.056376980322689056,1.0,1.0059833228623005,0.10992899629467633,66,131,400,5,2,100,0.0,0,0.3,0.0,0.3,1.0,0.7,1.0,1.0,0.25,1.0,0.25
hete_0.3,1.0564735974113828,0.059322177849111035,1.0,1.0371715165473518,0.32537714500514087,67,132,400,5,2,100,0.0,0,0.3,0.0,0.3,1.0,0.7,1.0,1.0,0.25,1.0,0.25
hete_0.3,1.0383747259698852,0.05537127270978863,1.0,0.9969268890601646,0.7485440532847537,68,133,400,5,2,100,0.0,0,0.3,0.0,0.3,1.0,0.7,1.0,1.0,0.25,1.0,0.25
hete_0.3,0.9643278153442273,0.05906948091888813,1.0,0.9862097105044899,-0.37044332910780053,69,134,400,5,2,100,0.0,0,0.3,0.0,0.3,1.0,0.7,1.0,1.0,0.25,1.0,0.25
hete_0.3,1.0388576893839392,0.06428859237063281,1.0,1.026564428592441,0.1912199402442334,70,135,400,5,2,100,0.0,0,0.3,0.0,0.3,1.0,0.7,1.0,1.0,0.25,1.0,0.25
hete_0.3,0.9667284941553942,0.0501724683486438,1.0,0.9901592386313888,-0.46700402127271323,71,136,400,5,2,100,0.0,0,0.3,0.0,0.3,1.0,0.7,1.0,1.0,0.25,1.0,0.25
hete_0.3,1.000287727663983,0.06021258981510273,1.0,1.0158643747277494,-0.25869418856751103,72,137,400,5,2,100,0.0,0,0.3,0.0,0.3,1.0,0.7,1.0,1.0,0.25,1.0,0.25
hete_0.3,1.0303038932664252,0.06164711206026452,1.0,1.0291237842974712,0.01914297246885465,73,138,400,5,2,100,0.0,0,0.3,0.0,0.3,1.0,0.7,1.0,1.0,0.25,1.0,0.25
hete_0.3,0.9227188905898401,0.05670812981254805,1.0,1.0068293063705869,-1.4832161818557321,74,139,400,5,2,100,0.0,0,0.3,0.0,0.3,1.0,0.7,1.0,1.0,0.25,1.0,0.25
hete_0.3,0.9158039443193602,0.05349512361455023,1.0,0.9646601190020324,-0.9132827701211957,75,140,400,5,2,100,0.0,0,0.3,0.0,0.3,1.0,0.7,1.0,1.0,0.25,1.0,0.25
hete_0.3,1.0110829252698763,0.06094021680149255,1.0,1.0306672552229645,-0.32136954840319126,76,141,400,5,2,100,0.0,0,0.3,0.0,0.3,1.0,0.7,1.0,1.0,0.25,1.0,0.25
hete_0.3,0.8991423907336132,0.05415512630543109,1.0,0.9593948426791178,-1.1125899994339405,77,142,400,5,2,100,0.0,0,0.3,0.0,0.3,1.0,0.7,1.0,1.0,0.25,1.0,0.25
hete_0.3,0.9548788263888327,0.06842153328490237,1.0,1.007906878325144,-0.7750199299905514,78,143,400,5,2,100,0.0,0,0.3,0.0,0.3,1.0,0.7,1.0,1.0,0.25,1.0,0.25
hete_0.3,0.9061927028353066,0.062183605758463635,1.0,1.0131179275325215,-1.719508275421317,79,144,400,5,2,100,0.0,0,0.3,0.0,0.3,1.0,0.7,1.0,1.0,0.25,1.0,0.25
hete_0.3,0.9692944559961199,0.05346834992440844,1.0,1.0114021765181334,-0.7875260893882798,80,145,400,5,2,100,0.0,0,0.3,0.0,0.3,1.0,0.7,1.0,1.0,0.25,1.0,0.25
hete_0.3,1.0415415704731983,0.05705207832930241,1.0,1.0209388884449466,0.3611206222731058,81,146,400,5,2,100,0.0,0,0.3,0.0,0.3,1.0,0.7,1.0,1.0,0.25,1.0,0.25
hete_0.3,0.8938609552074267,0.058443572308032626,1.0,0.9712240961635017,-1.3237236859568562,82,147,400,5,2,100,0.0,0,0.3,0.0,0.3,1.0,0.7,1.0,1.0,0.25,1.0,0.25
hete_0.3,1.0177666720640821,0.057509342288940765,1.0,1.0220194879350897,-0.07395000015198218,83,148,400,5,2,100,0.0,0,0.3,0.0,0.3,1.0,0.7,1.0,1.0,0.25,1.0,0.25
hete_0.3,0.9693263111275444,0.05715006018745737,1.0,0.9962016960885314,-0.47025995900674933,84,149,400,5,2,100,0.0,0,0.3,0.0,0.3,1.0,0.7,1.0,1.0,0.25,1.0,0.25
hete_0.3,0.9321697462750518,0.052150066044599964,1.0,0.9882116612764303,-1.0746278816492811,85,150,400,5,2,100,0.0,0,0.3,0.0,0.3,1.0,0.7,1.0,1.0,0.25,1.0,0.25
hete_0.3,0.9270968088625933,0.05395392299141528,1.0,0.9817769577691913,-1.0134601132766246,86,151,400,5,2,100,0.0,0,0.3,0.0,0.3,1.0,0.7,1.0,1.0,0.25,1.0,0.25
hete_0.3,1.0577539084763374,0.05685575508332182,1.0,1.007940122343401,0.8761432516362602,87,152,400,5,2,100,0.0,0,0.3,0.0,0.3,1.0,0.7,1.0,1.0,0.25,1.0,0.25
hete_0.3,0.8900379236483001,0.058223425558313016,1.0,0.9841469235834687,-1.6163425465393602,88,153,400,5,2,100,0.0,0,0.3,0.0,0.3,1.0,0.7,1.0,1.0,0.25,1.0,0.25
hete_0.3,0.8824224437175837,0.056845124352982654,1.0,1.0057921241141554,-2.1702772542197546,89,154,400,5,2,100,0.0,0,0.3,0.0,0.3,1.0,0.7,1.0,1.0,0.25,1.0,0.25
hete_0.3,1.0770926451187592,0.0588324979572059,1.0,1.0174214412353384,1.0142558272270712,90,155,400,5,2,100,0.0,0,0.3,0.0,0.3,1.0,0.7,1.0,1.0,0.25,1.0,0.25
hete_0.3,1.003366255123908,0.05618784467880859,1.0,1.0130542194807957,-0.17242099981353304,91,156,400,5,2,100,0.0,0,0.3,0.0,0.3,1.0,0.7,1.0,1.0,0.25,1.0,0.25
hete_0.3,0.9345160528788917,0.05420715638733579,1.0,1.0056126961637308,-1.3115730103387078,92,157,400,5,2,100,0.0,0,0.3,0.0,0.3,1.0,0.7,1.0,1.0,0.25,1.0,0.25
hete_0.3,0.9869800605832152,0.055171112293968746,1.0,1.0004936641566733,-0.24493984281943493,93,158,400,5,2,100,0.0,0,0.3,0.0,0.3,1.0,0.7,1.0,1.0,0.25,1.0,0.25
hete_0.3,1.0834061439494342,0.06837913156998217,1.0,1.0088504958951454,1.0903275069819414,94,159,400,5,2,100,0.0,0,0.3,0.0,0.3,1.0,0.7,1.0,1.0,0.25,1.0,0.25
hete_0.3,0.9365960636078587,0.05703307351807585,1.0,0.9953216557655133,-1.0296760902959636,95,160,400,5,2,100,0.0,0,0.3,0.0,0.3,1.0,0.7,1.0,1.0,0.25,1.0,0.25
hete_0.3,0.947401073674344,0.063903687809074,1.0,0.9861457798410933,-0.6062984390276103,96,161,400,5,2,100,0.0,0,0.3,0.0,0.3,1.0,0.7,1.0,1.0,0.25,1.0,0.25
hete_0.3,0.8849165204186243,0.05913628888907904,1.0,1.0136603311249268,-2.1770694970018343,97,162,400,5,2,100,0.0,0,0.3,0.0,0.3,1.0,0.7,1.0,1.0,0.25,1.0,0.25
hete_0.3,0.8996439354613439,0.05005591441623189,1.0,0.9810360320761814,-1.6260235691238127,98,163,400,5,2,100,0.0,0,0.3,0.0,0.3,1.0,0.7,1.0,1.0,0.25,1.0,0.25
hete_0.3,0.8553814058926541,0.05508580498094903,1.0,1.0262618478649166,-3.1020776047724103,99,164,400,5,2,100,0.0,0,0.3,0.0,0.3,1.0,0.7,1.0,1.0,0.25,1.0,0.25
hete_0.5,1.049274874330315,0.0717730266825545,1.0,0.9566400887010542,1.2906629399784963,0,66,400,5,2,100,0.0,0,0.3,0.0,0.5,1.0,0.7,1.0,1.0,0.25,1.0,0.25
hete_0.5,0.9583590823759053,0.06841191972713642,1.0,1.001006770836275,-0.6233955812155508,1,67,400,5,2,100,0.0,0,0.3,0.0,0.5,1.0,0.7,1.0,1.0,0.25,1.0,0.25
hete_0.5,1.0255173333026053,0.08530252180628302,1.0,1.0150254972783361,0.12299561375331333,2,68,400,5,2,100,0.0,0,0.3,0.0,0.5,1.0,0.7,1.0,1.0,0.25,1.0,0.25
hete_0.5,1.0611490225587483,0.0607856416016783,1.0,1.0014520654266055,0.9820897757949241,3,69,400,5,2,100,0.0,0,0.3,0.0,0.5,1.0,0.7,1.0,1.0,0.25,1.0,0.25
hete_0.5,0.9714281377489483,0.07369919889860056,1.0,0.9826173071712779,-0.15182213089893004,4,70,400,5,2,100,0.0,0,0.3,0.0,0.5,1.0,0.7,1.0,1.0,0.25,1.0,0.25
hete_0.5,1.0678879263224332,0.05446658027234509,1.0,0.9597744325689734,1.9849510142341988,5,71,400,5,2,100,0.0,0,0.3,0.0,0.5,1.0,0.7,1.0,1.0,0.25,1.0,0.25
hete_0.5,0.9223826288517124,0.06701200125989176,1.0,0.9869684178779126,-0.9637943623817165,6,72,400,5,2,100,0.0,0,0.3,0.0,0.5,1.0,0.7,1.0,1.0,0.25,1.0,0.25
hete_0.5,0.9227000956910631,0.08023522305456261,1.0,0.9861917702784976,-0.7913192257751684,7,73,400,5,2,100,0.0,0,0.3,0.0,0.5,1.0,0.7,1.0,1.0,0.25,1.0,0.25
hete_0.5,0.9999169271385755,0.06321892067875447,1.0,1.0069833788588414,-0.11177748124131845,8,74,400,5,2,100,0.0,0,0.3,0.0,0.5,1.0,0.7,1.0,1.0,0.25,1.0,0.25
hete_0.5,1.040715326005753,0.06460021145147404,1.0,1.003493144017517,0.5761928816006464,9,75,400,5,2,100,0.0,0,0.3,0.0,0.5,1.0,0.7,1.0,1.0,0.25,1.0,0.25
hete_0.5,0.9778509349882092,0.05914654025804743,1.0,0.9718103988607777,0.10212830879164779,10,76,400,5,2,100,0.0,0,0.3,0.0,0.5,1.0,0.7,1.0,1.0,0.25,1.0,0.25
hete_0.5,1.006658487947563,0.07855331046632422,1.0,1.0228978175901964,-0.2067300479919952,11,77,400,5,2,100,0.0,0,0.3,0.0,0.5,1.0,0.7,1.0,1.0,0.25,1.0,0.25
hete_0.5,1.1421157077103377,0.08035581310415564,1.0,1.0062447859686925,1.6908661177447353,12,78,400,5,2,100,0.0,0,0.3,0.0,0.5,1.0,0.7,1.0,1.0,0.25,1.0,0.25
hete_0.5,0.8409775925438205,0.06406579986896681,1.0,0.9513366829609002,-1.7225897537031636,13,79,400,5,2,100,0.0,0,0.3,0.0,0.5,1.0,0.7,1.0,1.0,0.25,1.0,0.25
hete_0.5,0.9094181228036581,0.0798254408917009,1.0,1.0206392828716575,-1.3933046761231556,14,80,400,5,2,100,0.0,0,0.3,0.0,0.5,1.0,0.7,1.0,1.0,0.25,1.0,0.25
hete_0.5,1.0196584532159794,0.06896487598092571,1.0,0.9722996806805377,0.6867085869702731,15,81,400,5,2,100,0.0,0,0.3,0.0,0.5,1.0,0.7,1.0,1.0,0.25,1.0,0.25
hete_0.5,0.9391201197059584,0.05535394821778314,1.0,1.0091623089376756,-1.2653512800233317,16,82,400,5,2,100,0.0,0,0.3,0.0,0.5,1.0,0.7,1.0,1.0,0.25,1.0,0.25
hete_0.5,0.9789367178420665,0.07151844853025614,1.0,0.9933724050044617,-0.20184564205539376,17,83,400,5,2,100,0.0,0,0.3,0.0,0.5,1.0,0.7,1.0,1.0,0.25,1.0,0.25
hete_0.5,0.8082488387116972,0.07102152388355838,1.0,0.974291879960765,-2.3379256339430246,18,84,400,5,2,100,0.0,0,0.3,0.0,0.5,1.0,0.7,1.0,1.0,0.25,1.0,0.25
hete_0.5,0.9161380495821116,0.05978766311015696,1.0,1.0191079877619835,-1.7222606274166108,19,85,400,5,2,100,0.0,0,0.3,0.0,0.5,1.0,0.7,1.0,1.0,0.25,1.0,0.25
hete_0.5,1.0987777643735974,0.07948688064379059,1.0,0.9988433042485727,1.257244709008863,20,86,400,5,2,100,0.0,0,0.3,0.0,0.5,1.0,0.7,1.0,1.0,0.25,1.0,0.25
hete_0.5,1.106461018272702,0.0621927427888648,1.0,1.047924736502703,0.9412075934441593,21,87,400,5,2,100,0.0,0,0.3,0.0,0.5,1.0,0.7,1.0,1.0,0.25,1.0,0.25
hete_0.5,0.9745733276200569,0.0686074282383564,1.0,1.001578590101866,-0.3936200958879721,22,88,400,5,2,100,0.0,0,0.3,0.0,0.5,1.0,0.7,1.0,1.0,0.25,1.0,0.25
hete_0.5,0.9714191959686659,0.07237778488694971,1.0,1.016218309175568,-0.618962203345627,23,89,400,5,2,100,0.0,0,0.3,0.0,0.5,1.0,0.7,1.0,1.0,0.25,1.0,0.25
hete_0.5,1.0888837465147783,0.08812021015167615,1.0,1.002442562012551,0.9809461910433613,24,90,400,5,2,100,0.0,0,0.3,0.0,0.5,1.0,0.7,1.0,1.0,0.25,1.0,0.25
hete_0.5,1.1186514648280255,0.06092878840995716,1.0,1.0527952679812682,1.0808715972430996,25,91,400,5,2,100,0.0,0,0.3,0.0,0.5,1.0,0.7,1.0,1.0,0.25,1.0,0.25
hete_0.5,0.873921994443108,0.05438973727704767,1.0,1.021353675089139,-2.71065256107142,26,92,400,5,2,100,0.0,0,0.3,0.0,0.5,1.0,0.7,1.0,1.0,0.25,1.0,0.25
hete_0.5,1.0640193641408096,0.058269333816984056,1.0,0.9937539660848711,1.205872685564458,27,93,400,5,2,100,0.0,0,0.3,0.0,0.5,1.0,0.7,1.0,1.0,0.25,1.0,0.25
hete_0.5,1.023028645273723,0.07585223927975458,1.0,0.9700071640385634,0.6990100982992515,28,94,400,5,2,100,0.0,0,0.3,0.0,0.5,1.0,0.7,1.0,1.0,0.25,1.0,0.25
hete_0.5,1.0363806115325942,0.07025118737539851,1.0,1.030625028117892,0.08192862825145426,29,95,400,5,2,100,0.0,0,0.3,0.0,0.5,1.0,0.7,1.0,1.0,0.25,1.0,0.25
hete_0.5,1.012182688882573,0.06515425185449455,1.0,0.9680565544280978,0.6772564061209636,30,96,400,5,2,100,0.0,0,0.3,0.0,0.5,1.0,0.7,1.0,1.0,0.25,1.0,0.25
hete_0.5,1.0202726549332044,0.0699758691866287,1.0,0.9943454974479965,0.3705156904312121,31,97,400,5,2,100,0.0,0,0.3,0.0,0.5,1.0,0.7,1.0,1.0,0.25,1.0,0.25
hete_0.5,1.0851311011354148,0.07377065200935568,1.0,1.0535930411126762,0.42751499632589574,32,98,400,5,2,100,0.0,0,0.3,0.0,0.5,1.0,0.7,1.0,1.0,0.25,1.0,0.25
hete_0.5,0.8499077951764904,0.06682648849775766,1.0,0.9795570323517739,-1.9400875325004376,33,99,400,5,2,100,0.0,0,0.3,0.0,0.5,1.0,0.7,1.0,1.0,0.25,1.0,0.25
hete_0.5,1.0854412318561828,0.06523729668124756,1.0,1.0356133286394953,0.7637947271198091,34,100,400,5,2,100,0.0,0,0.3,0.0,0.5,1.0,0.7,1.0,1.0,0.25,1.0,0.25
hete_0.5,1.033435328051207,0.07393781511140297,1.0,0.9991986031115075,0.463047560820056,35,101,400,5,2,100,0.0,0,0.3,0.0,0.5,1.0,0.7,1.0,1.0,0.25,1.0,0.25
hete_0.5,1.1693858988333081,0.06678051208651589,1.0,0.9975366554261729,2.5733441993451636,36,102,400,5,2,100,0.0,0,0.3,0.0,0.5,1.0,0.7,1.0,1.0,0.25,1.0,0.25
hete_0.5,0.9860977079473131,0.06447919856925888,1.0,0.980074112511814,0.09341920447458757,37,103,400,5,2,100,0.0,0,0.3,0.0,0.5,1.0,0.7,1.0,1.0,0.25,1.0,0.25
hete_0.5,1.0145237940866014,0.06961519587610658,1.0,0.988476704150374,0.37415810741354694,38,104,400,5,2,100,0.0,0,0.3,0.0,0.5,1.0,0.7,1.0,1.0,0.25,1.0,0.25
hete_0.5,1.0337804039205323,0.058771772137478084,1.0,1.051176517303777,-0.29599436516142513,39,105,400,5,2,100,0.0,0,0.3,0.0,0.5,1.0,0.7,1.0,1.0,0.25,1.0,0.25
hete_0.5,1.0023161882209795,0.07787084356726678,1.0,0.9997141707735507,0.03341452754625715,40,106,400,5,2,100,0.0,0,0.3,0.0,0.5,1.0,0.7,1.0,1.0,0.25,1.0,0.25
hete_0.5,1.0448460768119,0.07529235618593601,1.0,0.9736978884823472,0.9449589830055367,41,107,400,5,2,100,0.0,0,0.3,0.0,0.5,1.0,0.7,1.0,1.0,0.25,1.0,0.25
hete_0.5,0.9623094107069403,0.06806657884177096,1.0,1.0025422324419042,-0.5910804159628763,42,108,400,5,2,100,0.0,0,0.3,0.0,0.5,1.0,0.7,1.0,1.0,0.25,1.0,0.25
hete_0.5,1.0883569485091533,0.0690199244844178,1.0,1.020534938136733,0.9826439376608137,43,109,400,5,2,100,0.0,0,0.3,0.0,0.5,1.0,0.7,1.0,1.0,0.25,1.0,0.25
hete_0.5,0.9424661066742561,0.07063196930128858,1.0,0.964471955946021,-0.31155650181430505,44,110,400,5,2,100,0.0,0,0.3,0.0,0.5,1.0,0.7,1.0,1.0,0.25,1.0,0.25
hete_0.5,1.14990679993795,0.06618453863845863,1.0,0.9979752620725475,2.295574479945348,45,111,400,5,2,100,0.0,0,0.3,0.0,0.5,1.0,0.7,1.0,1.0,0.25,1.0,0.25
hete_0.5,1.0072727269354658,0.06811574753922349,1.0,1.0025803538073093,0.06888822772523308,46,112,400,5,2,100,0.0,0,0.3,0.0,0.5,1.0,0.7,1.0,1.0,0.25,1.0,0.25
hete_0.5,0.9332229388657061,0.06931277334375474,1.0,0.9962139250237948,-0.908793330858177,47,113,400,5,2,100,0.0,0,0.3,0.0,0.5,1.0,0.7,1.0,1.0,0.25,1.0,0.25
hete_0.5,1.0212874862180392,0.0699872118654547,1.0,0.9914555600294477,0.4262482444070102,48,114,400,5,2,100,0.0,0,0.3,0.0,0.5,1.0,0.7,1.0,1.0,0.25,1.0,0.25
hete_0.5,1.050470371593266,0.0716810813184866,1.0,0.9696828240968522,1.127041417490148,49,115,400,5,2,100,0.0,0,0.3,0.0,0.5,1.0,0.7,1.0,1.0,0.25,1.0,0.25
hete_0.5,0.9938040179312926,0.077764218821694,1.0,0.9869773543397767,0.08778669283837005,50,116,400,5,2,100,0.0,0,0.3,0.0,0.5,1.0,0.7,1.0,1.0,0.25,1.0,0.25
hete_0.5,0.9996245112786794,0.07079086176097449,1.0,1.0344619498847611,-0.4921177358132818,51,117,400,5,2,100,0.0,0,0.3,0.0,0.5,1.0,0.7,1.0,1.0,0.25,1.0,0.25
hete_0.5,1.0548710448814995,0.06591953920409475,1.0,1.0163865741744913,0.5838097652329716,52,118,400,5,2,100,0.0,0,0.3,0.0,0.5,1.0,0.7,1.0,1.0,0.25,1.0,0.25
hete_0.5,1.1208513834493519,0.07484476470233421,1.0,1.0324973239770534,1.1804975247593092,53,119,400,5,2,100,0.0,0,0.3,0.0,0.5,1.0,0.7,1.0,1.0,0.25,1.0,0.25
hete_0.5,1.0313079032990105,0.06782193291251572,1.0,1.0168629748938711,0.21298314254434494,54,120,400,5,2,100,0.0,0,0.3,0.0,0.5,1.0,0.7,1.0,1.0,0.25,1.0,0.25
hete_0.5,0.9964393269282749,0.07648253015763729,1.0,0.9818639010521656,0.1905719625915621,55,121,400,5,2,100,0.0,0,0.3,0.0,0.5,1.0,0.7,1.0,1.0,0.25,1.0,0.25
hete_0.5,0.9609410438310437,0.07234340909097119,1.0,0.9935316727167186,-0.45049893687885867,56,122,400,5,2,100,0.0,0,0.3,0.0,0.5,1.0,0.7,1.0,1.0,0.25,1.0,0.25
hete_0.5,1.0438623738224546,0.08435040645316481,1.0,0.9921130732035033,0.6135038679118269,57,123,400,5,2,100,0.0,0,0.3,0.0,0.5,1.0,0.7,1.0,1.0,0.25,1.0,0.25
hete_0.5,1.0911226030989551,0.07199081529181593,1.0,1.018197147732518,1.0129827682994368,58,124,400,5,2,100,0.0,0,0.3,0.0,0.5,1.0,0.7,1.0,1.0,0.25,1.0,0.25
hete_0.5,0.9145350930335042,0.06668421918785088,1.0,0.988681018473758,-1.1118961328973969,59,125,400,5,2,100,0.0,0,0.3,0.0,0.5,1.0,0.7,1.0,1.0,0.25,1.0,0.25
hete_0.5,0.9770350017568381,0.0890054775542129,1.0,1.0509973159048014,-0.8309860941189054,60,126,400,5,2,100,0.0,0,0.3,0.0,0.5,1.0,0.7,1.0,1.0,0.25,1.0,0.25
hete_0.5,0.9587677725712118,0.06460163171820968,1.0,1.0133125336812816,-0.8443248205864574,61,127,400,5,2,100,0.0,0,0.3,0.0,0.5,1.0,0.7,1.0,1.0,0.25,1.0,0.25
hete_0.5,1.0169580926334196,0.08552613107209892,1.0,0.9872426018057497,0.34744341238374965,62,128,400,5,2,100,0.0,0,0.3,0.0,0.5,1.0,0.7,1.0,1.0,0.25,1.0,0.25
hete_0.5,0.939153407614658,0.06283787755747386,1.0,1.022128690730428,-1.3204660364264782,63,129,400,5,2,100,0.0,0,0.3,0.0,0.5,1.0,0.7,1.0,1.0,0.25,1.0,0.25
hete_0.5,1.0610273637595258,0.08067208577040008,1.0,0.9923263417081949,0.851608352446224,64,130,400,5,2,100,0.0,0,0.3,0.0,0.5,1.0,0.7,1.0,1.0,0.25,1.0,0.25
hete_0.5,1.0318012630706461,0.06463143058182136,1.0,1.0099722047705009,0.3377467913619884,65,131,400,5,2,100,0.0,0,0.3,0.0,0.5,1.0,0.7,1.0,1.0,0.25,1.0,0.25
hete_0.5,1.1004470014813401,0.06719293770077603,1.0,1.06195252757892,0.572894640711261,66,132,400,5,2,100,0.0,0,0.3,0.0,0.5,1.0,0.7,1.0,1.0,0.25,1.0,0.25
hete_0.5,1.044760720642007,0.06526771336585904,1.0,0.9948781484336076,0.7642763877567168,67,133,400,5,2,100,0.0,0,0.3,0.0,0.5,1.0,0.7,1.0,1.0,0.25,1.0,0.25
hete_0.5,0.9387422272197687,0.06877159003940737,1.0,0.9770161841741499,-0.5565373278769549,68,134,400,5,2,100,0.0,0,0.3,0.0,0.5,1.0,0.7,1.0,1.0,0.25,1.0,0.25
hete_0.5,1.0575706029183505,0.0743359115317215,1.0,1.0442740476540684,0.1788712210599317,69,135,400,5,2,100,0.0,0,0.3,0.0,0.5,1.0,0.7,1.0,1.0,0.25,1.0,0.25
hete_0.5,0.9342533309310589,0.05806106295778911,1.0,0.9835987310523149,-0.8498879904615338,70,136,400,5,2,100,0.0,0,0.3,0.0,0.5,1.0,0.7,1.0,1.0,0.25,1.0,0.25
hete_0.5,1.0523926299629935,0.07457364329571035,1.0,1.0264406245462487,0.3480050627784954,71,137,400,5,2,100,0.0,0,0.3,0.0,0.5,1.0,0.7,1.0,1.0,0.25,1.0,0.25
hete_0.5,1.0475849255429248,0.07734899587604681,1.0,1.0485396404957852,-0.012342952123002574,72,138,400,5,2,100,0.0,0,0.3,0.0,0.5,1.0,0.7,1.0,1.0,0.25,1.0,0.25
hete_0.5,0.9626124577420277,0.06467787601393929,1.0,1.0113821772843117,-0.7540402151080711,73,139,400,5,2,100,0.0,0,0.3,0.0,0.5,1.0,0.7,1.0,1.0,0.25,1.0,0.25
hete_0.5,0.8681675523386482,0.06565994742820568,1.0,0.9411001983367205,-1.1107630885300182,74,140,400,5,2,100,0.0,0,0.3,0.0,0.5,1.0,0.7,1.0,1.0,0.25,1.0,0.25
hete_0.5,1.0249077666062718,0.07595791485097601,1.0,1.0511120920382744,-0.34498479168910284,75,141,400,5,2,100,0.0,0,0.3,0.0,0.5,1.0,0.7,1.0,1.0,0.25,1.0,0.25
hete_0.5,0.8386860264468836,0.061477403331790956,1.0,0.9323247377985296,-1.523140312974539,76,142,400,5,2,100,0.0,0,0.3,0.0,0.5,1.0,0.7,1.0,1.0,0.25,1.0,0.25
hete_0.5,0.9511361430280334,0.08102982860052316,1.0,1.0131781305419065,-0.7656685023948399,77,143,400,5,2,100,0.0,0,0.3,0.0,0.5,1.0,0.7,1.0,1.0,0.25,1.0,0.25
hete_0.5,0.8738033644392487,0.07096710818218126,1.0,1.0218632125542024,-2.0863164909420573,78,144,400,5,2,100,0.0,0,0.3,0.0,0.5,1.0,0.7,1.0,1.0,0.25,1.0,0.25
hete_0.5,0.9880185126891043,0.06656382630002272,1.0,1.0190036275302221,-0.46549479745137773,79,145,400,5,2,100,0.0,0,0.3,0.0,0.5,1.0,0.7,1.0,1.0,0.25,1.0,0.25
hete_0.5,1.0761294723463317,0.06451667148277829,1.0,1.0348981474082444,0.6390801631651657,80,146,400,5,2,100,0.0,0,0.3,0.0,0.5,1.0,0.7,1.0,1.0,0.25,1.0,0.25
hete_0.5,0.8552864191449326,0.06929308736878843,1.0,0.9520401602725026,-1.3962971603881889,81,147,400,5,2,100,0.0,0,0.3,0.0,0.5,1.0,0.7,1.0,1.0,0.25,1.0,0.25
hete_0.5,1.0283779951130805,0.06913998350393434,1.0,1.036699146558483,-0.12035223359474706,82,148,400,5,2,100,0.0,0,0.3,0.0,0.5,1.0,0.7,1.0,1.0,0.25,1.0,0.25
hete_0.5,0.9822290163843052,0.06703358313017121,1.0,0.9936694934808856,-0.17066784382336284,83,149,400,5,2,100,0.0,0,0.3,0.0,0.5,1.0,0.7,1.0,1.0,0.25,1.0,0.25
hete_0.5,0.9281556539673684,0.05930691904733298,1.0,0.9803527687940508,-0.8801184695671629,84,150,400,5,2,100,0.0,0,0.3,0.0,0.5,1.0,0.7,1.0,1.0,0.25,1.0,0.25
hete_0.5,0.9261651123279958,0.0656983525602017,1.0,0.9696282629486521,-0.6615561719120658,85,151,400,5,2,100,0.0,0,0.3,0.0,0.5,1.0,0.7,1.0,1.0,0.25,1.0,0.25
hete_0.5,1.0908191941891394,0.06896868786675299,1.0,1.0132335372390018,1.1249403076948856,86,152,400,5,2,100,0.0,0,0.3,0.0,0.5,1.0,0.7,1.0,1.0,0.25,1.0,0.25
hete_0.5,0.856362784198464,0.06792254217152227,1.0,0.9735782059724479,-1.7257219477737475,87,153,400,5,2,100,0.0,0,0.3,0.0,0.5,1.0,0.7,1.0,1.0,0.25,1.0,0.25
hete_0.5,0.9091137008043293,0.06588861268780877,1.0,1.009653540190259,-1.525906151072027,88,154,400,5,2,100,0.0,0,0.3,0.0,0.5,1.0,0.7,1.0,1.0,0.25,1.0,0.25
hete_0.5,1.1065638734103156,0.07155418230530065,1.0,1.0290357353922306,1.0834885609801987,89,155,400,5,2,100,0.0,0,0.3,0.0,0.5,1.0,0.7,1.0,1.0,0.25,1.0,0.25
hete_0.5,1.0149585800813334,0.06536203264685234,1.0,1.0217570324679925,-0.10401225468906068,90,156,400,5,2,100,0.0,0,0.3,0.0,0.5,1.0,0.7,1.0,1.0,0.25,1.0,0.25
hete_0.5,0.923062611922276,0.060299492266870064,1.0,1.009354493606218,-1.4310548636468823,91,157,400,5,2,100,0.0,0,0.3,0.0,0.5,1.0,0.7,1.0,1.0,0.25,1.0,0.25
hete_0.5,1.0113294267405817,0.06371985564610312,1.0,1.0008227735944553,0.1648882132514525,92,158,400,5,2,100,0.0,0,0.3,0.0,0.5,1.0,0.7,1.0,1.0,0.25,1.0,0.25
hete_0.5,1.1224769080254926,0.08154898337839787,1.0,1.0147508264919094,1.3209984609338439,93,159,400,5,2,100,0.0,0,0.3,0.0,0.5,1.0,0.7,1.0,1.0,0.25,1.0,0.25
hete_0.5,0.9093726263682689,0.06920040706589062,1.0,0.9922027596091888,-1.1969602023012882,94,160,400,5,2,100,0.0,0,0.3,0.0,0.5,1.0,0.7,1.0,1.0,0.25,1.0,0.25
hete_0.5,0.9588730718737444,0.07483229955540902,1.0,0.9769096330684889,-0.24102641909847322,95,161,400,5,2,100,0.0,0,0.3,0.0,0.5,1.0,0.7,1.0,1.0,0.25,1.0,0.25
hete_0.5,0.8833526317534429,0.06573731850368693,1.0,1.0227672185415446,-2.120782988437268,96,162,400,5,2,100,0.0,0,0.3,0.0,0.5,1.0,0.7,1.0,1.0,0.25,1.0,0.25
hete_0.5,0.8355815703236268,0.058863764882897934,1.0,0.9683933867936355,-2.256257593006855,97,163,400,5,2,100,0.0,0,0.3,0.0,0.5,1.0,0.7,1.0,1.0,0.25,1.0,0.25
hete_0.5,0.8598133523643409,0.06249210424555441,1.0,1.0437697464415272,-2.9436741856915902,98,164,400,5,2,100,0.0,0,0.3,0.0,0.5,1.0,0.7,1.0,1.0,0.25,1.0,0.25
hete_0.5,0.9847590602277019,0.06089016549104191,1.0,0.988663963885798,-0.06413028485972226,99,165,400,5,2,100,0.0,0,0.3,0.0,0.5,1.0,0.7,1.0,1.0,0.25,1.0,0.25
noise_0.5,0.959663576323447,0.026398857150932414,1.0,1.0,-1.5279609812627173,0,67,400,5,2,100,0.0,0,0.3,0.0,0.0,0.5,0.7,1.0,1.0,0.25,1.0,0.25
noise_0.5,0.9792642142053246,0.03172574039751401,1.0,1.0,-0.6535950157462745,1,68,400,5,2,100,0.0,0,0.3,0.0,0.0,0.5,0.7,1.0,1.0,0.25,1.0,0.25
noise_0.5,1.0050158670001759,0.02714882755391561,1.0,1.0,0.18475446095101958,2,69,400,5,2,100,0.0,0,0.3,0.0,0.0,0.5,0.7,1.0,1.0,0.25,1.0,0.25
noise_0.5,0.9915863872100555,0.028852975729631348,1.0,1.0,-0.2916029482984616,3,70,400,5,2,100,0.0,0,0.3,0.0,0.0,0.5,0.7,1.0,1.0,0.25,1.0,0.25
noise_0.5,1.045352233939485,0.022173218297014755,1.0,1.0,2.0453609093629344,4,71,400,5,2,100,0.0,0,0.3,0.0,0.0,0.5,0.7,1.0,1.0,0.25,1.0,0.25
noise_0.5,0.9821790267268949,0.026716814508718562,1.0,1.0,-0.6670321144494789,5,72,400,5,2,100,0.0,0,0.3,0.0,0.0,0.5,0.7,1.0,1.0,0.25,1.0,0.25
noise_0.5,0.9446040692180341,0.026146560977750553,1.0,1.0,-2.118669863662191,6,73,400,5,2,100,0.0,0,0.3,0.0,0.0,0.5,0.7,1.0,1.0,0.25,1.0,0.25
noise_0.5,0.9914446004815656,0.02739135051504643,1.0,1.0,-0.31233945598026763,7,74,400,5,2,100,0.0,0,0.3,0.0,0.0,0.5,0.7,1.0,1.0,0.25,1.0,0.25
noise_0.5,1.0135343054361956,0.026056954228905454,1.0,1.0,0.5194124116463985,8,75,400,5,2,100,0.0,0,0.3,0.0,0.0,0.5,0.7,1.0,1.0,0.25,1.0,0.25
noise_0.5,1.0252359164151428,0.028024068501295303,1.0,1.0,0.9005086614734883,9,76,400,5,2,100,0.0,0,0.3,0.0,0.0,0.5,0.7,1.0,1.0,0.25,1.0,0.25
noise_0.5,0.9912650443570785,0.02491906026750879,1.0,1.0,-0.3505331079563513,10,77,400,5,2,100,0.0,0,0.3,0.0,0.0,0.5,0.7,1.0,1.0,0.25,1.0,0.25
noise_0.5,1.0093217441083615,0.02692539566683363,1.0,1.0,0.3462063927938454,11,78,400,5,2,100,0.0,0,0.3,0.0,0.0,0.5,0.7,1.0,1.0,0.25,1.0,0.25
noise_0.5,0.9536322293484846,0.0247384264677146,1.0,1.0,-1.874321744433853,12,79,400,5,2,100,0.0,0,0.3,0.0,0.0,0.5,0.7,1.0,1.0,0.25,1.0,0.25
noise_0.5,0.9531064239521517,0.02357406796124113,1.0,1.0,-1.989201699297189,13,80,400,5,2,100,0.0,0,0.3,0.0,0.0,0.5,0.7,1.0,1.0,0.25,1.0,0.25
noise_0.5,1.0250756515057335,0.029390725454841324,1.0,1.0,0.8531824620750561,14,81,400,5,2,100,0.0,0,0.3,0.0,0.0,0.5,0.7,1.0,1.0,0.25,1.0,0.25
noise_0.5,0.9596157181774047,0.024929748561200674,1.0,1.0,-1.6199233507492041,15,82,400,5,2,100,0.0,0,0.3,0.0,0.0,0.5,0.7,1.0,1.0,0.25,1.0,0.25
noise_0.5,1.0040017253905336,0.02755800952874285,1.0,1.0,0.14521097346888512,16,83,400,5,2,100,0.0,0,0.3,0.0,0.0,0.5,0.7,1.0,1.0,0.25,1.0,0.25
noise_0.5,0.9448259472395362,0.025809539064938204,1.0,1.0,-2.137738788036583,17,84,400,5,2,100,0.0,0,0.3,0.0,0.0,0.5,0.7,1.0,1.0,0.25,1.0,0.25
noise_0.5,0.9765921461309583,0.024208845206653357,1.0,1.0,-0.9669132777390155,18,85,400,5,2,100,0.0,0,0.3,0.0,0.0,0.5,0.7,1.0,1.0,0.25,1.0,0.25
noise_0.5,1.037716391688498,0.03042075573636424,1.0,1.0,1.2398242836358162,19,86,400,5,2,100,0.0,0,0.3,0.0,0.0,0.5,0.7,1.0,1.0,0.25,1.0,0.25
noise_0.5,1.0136083212082931,0.030824316728484753,1.0,1.0,0.4414800603095831,20,87,400,5,2,100,0.0,0,0.3,0.0,0.0,0.5,0.7,1.0,1.0,0.25,1.0,0.25
noise_0.5,1.0087200781746832,0.026730900239702152,1.0,1.0,0.3262171530508991,21,88,400,5,2,100,0.0,0,0.3,0.0,0.0,0.5,0.7,1.0,1.0,0.25,1.0,0.25
noise_0.5,0.9540817217690333,0.027194752687748125,1.0,1.0,-1.6884977318309642,22,89,400,5,2,100,0.0,0,0.3,0.0,0.0,0.5,0.7,1.0,1.0,0.25,1.0,0.25
noise_0.5,1.002613413811199,0.026567337890898383,1.0,1.0,0.09836942722418501,23,90,400,5,2,100,0.0,0,0.3,0.0,0.0,0.5,0.7,1.0,1.0,0.25,1.0,0.25
noise_0.5,1.0375285191512715,0.025819024947230956,1.0,1.0,1.4535219369427195,24,91,400,5,2,100,0.0,0,0.3,0.0,0.0,0.5,0.7,1.0,1.0,0.25,1.0,0.25
noise_0.5,0.964645511085746,0.027221449714413332,1.0,1.0,-1.2987731838372414,25,92,400,5,2,100,0.0,0,0.3,0.0,0.0,0.5,0.7,1.0,1.0,0.25,1.0,0.25
noise_0.5,1.0338128149564727,0.025983579920322818,1.0,1.0,1.3013147172236386,26,93,400,5,2,100,0.0,0,0.3,0.0,0.0,0.5,0.7,1.0,1.0,0.25,1.0,0.25
noise_0.5,1.037464927213809,0.026000159004292558,1.0,1.0,1.4409499267917418,27,94,400,5,2,100,0.0,0,0.3,0.0,0.0,0.5,0.7,1.0,1.0,0.25,1.0,0.25
noise_0.5,1.0112020083256785,0.028012457295545582,1.0,1.0,0.39989381179564776,28,95,400,5,2,100,0.0,0,0.3,0.0,0.0,0.5,0.7,1.0,1.0,0.25,1.0,0.25
noise_0.5,1.049207679619694,0.023868023676279663,1.0,1.0,2.0616570641580716,29,96,400,5,2,100,0.0,0,0.3,0.0,0.0,0.5,0.7,1.0,1.0,0.25,1.0,0.25
noise_0.5,0.9880212834409645,0.02592639643381178,1.0,1.0,-0.4620278251787241,30,97,400,5,2,100,0.0,0,0.3,0.0,0.0,0.5,0.7,1.0,1.0,0.25,1.0,0.25
noise_0.5,1.0114607081791929,0.025372541231763752,1.0,1.0,0.4516972925378585,31,98,400,5,2,100,0.0,0,0.3,0.0,0.0,0.5,0.7,1.0,1.0,0.25,1.0,0.25
noise_0.5,0.9765496354318409,0.024806365838621138,1.0,1.0,-0.9453365608133176,32,99,400,5,2,100,0.0,0,0.3,0.0,0.0,0.5,0.7,1.0,1.0,0.25,1.0,0.25
noise_0.5,1.03497246032419,0.027274563033034514,1.0,1.0,1.2822372362788002,33,100,400,5,2,100,0.0,0,0.3,0.0,0.0,0.5,0.7,1.0,1.0,0.25,1.0,0.25
noise_0.5,1.0066808319629135,0.029230355165893566,1.0,1.0,0.228558015289146,34,101,400,5,2,100,0.0,0,0.3,0.0,0.0,0.5,0.7,1.0,1.0,0.25,1.0,0.25
noise_0.5,1.0493082498732973,0.0261331526876457,1.0,1.0,1.8868083182557414,35,102,400,5,2,100,0.0,0,0.3,0.0,0.0,0.5,0.7,1.0,1.0,0.25,1.0,0.25
noise_0.5,0.9815545908433101,0.02482417820217132,1.0,1.0,-0.7430420860851106,36,103,400,5,2,100,0.0,0,0.3,0.0,0.0,0.5,0.7,1.0,1.0,0.25,1.0,0.25
noise_0.5,1.0168322625139323,0.027444760738061826,1.0,1.0,0.6133142378096402,37,104,400,5,2,100,0.0,0,0.3,0.0,0.0,0.5,0.7,1.0,1.0,0.25,1.0,0.25
noise_0.5,0.9899263051575402,0.02617167786268832,1.0,1.0,-0.38490825446164323,38,105,400,5,2,100,0.0,0,0.3,0.0,0.0,0.5,0.7,1.0,1.0,0.25,1.0,0.25
noise_0.5,1.0055208650965883,0.02893443767176512,1.0,1.0,0.19080602703316815,39,106,400,5,2,100,0.0,0,0.3,0.0,0.0,0.5,0.7,1.0,1.0,0.25,1.0,0.25
noise_0.5,1.005642987744082,0.027881294687024452,1.0,1.0,0.2023933180803175,40,107,400,5,2,100,0.0,0,0.3,0.0,0.0,0.5,0.7,1.0,1.0,0.25,1.0,0.25
noise_0.5,0.9648475251009057,0.026556929041005494,1.0,1.0,-1.3236649028514107,41,108,400,5,2,100,0.0,0,0.3,0.0,0.0,0.5,0.7,1.0,1.0,0.25,1.0,0.25
noise_0.5,1.0305570176286187,0.025405441458918175,1.0,1.0,1.2027745189167802,42,109,400,5,2,100,0.0,0,0.3,0.0,0.0,0.5,0.7,1.0,1.0,0.25,1.0,0.25
noise_0.5,1.0012711787239432,0.02776529822609892,1.0,1.0,0.045783002710496214,43,110,400,5,2,100,0.0,0,0.3,0.0,0.0,0.5,0.7,1.0,1.0,0.25,1.0,0.25
noise_0.5,1.038548012903862,0.029084998783284053,1.0,1.0,1.3253572121865314,44,111,400,5,2,100,0.0,0,0.3,0.0,0.0,0.5,0.7,1.0,1.0,0.25,1.0,0.25
noise_0.5,0.9882836650688239,0.023617934859772798,1.0,1.0,-0.49607787474813897,45,112,400,5,2,100,0.0,0,0.3,0.0,0.0,0.5,0.7,1.0,1.0,0.25,1.0,0.25
noise_0.5,0.9619418296622253,0.025886046385295288,1.0,1.0,-1.4702195063435355,46,113,400,5,2,100,0.0,0,0.3,0.0,0.0,0.5,0.7,1.0,1.0,0.25,1.0,0.25
noise_0.5,1.0061209786680274,0.024505326232743038,1.0,1.0,0.24978156217519779,47,114,400,5,2,100,0.0,0,0.3,0.0,0.0,0.5,0.7,1.0,1.0,0.25,1.0,0.25
noise_0.5,1.0314979106929065,0.026667351816737482,1.0,1.0,1.1811413037696978,48,115,400,5,2,100,0.0,0,0.3,0.0,0.0,0.5,0.7,1.0,1.0,0.25,1.0,0.25
noise_0.5,1.004141592421724,0.02689495048778427,1.0,1.0,0.1539914499416978,49,116,400,5,2,100,0.0,0,0.3,0.0,0.0,0.5,0.7,1.0,1.0,0.25,1.0,0.25
noise_0.5,0.971286407759577,0.02712808532928787,1.0,1.0,-1.0584452198483547,50,117,400,5,2,100,0.0,0,0.3,0.0,0.0,0.5,0.7,1.0,1.0,0.25,1.0,0.25
noise_0.5,0.9707859743419754,0.024848550205580463,1.0,1.0,-1.175683306121566,51,118,400,5,2,100,0.0,0,0.3,0.0,0.0,0.5,0.7,1.0,1.0,0.25,1.0,0.25
noise_0.5,0.9933721234013472,0.023555949485386,1.0,1.0,-0.28136741432412776,52,119,400,5,2,100,0.0,0,0.3,0.0,0.0,0.5,0.7,1.0,1.0,0.25,1.0,0.25
noise_0.5,1.0091349162903744,0.026516181208713466,1.0,1.0,0.3445034644495724,53,120,400,5,2,100,0.0,0,0.3,0.0,0.0,0.5,0.7,1.0,1.0,0.25,1.0,0.25
noise_0.5,0.9976058000385257,0.028419530640996612,1.0,1.0,-0.0842448804562775,54,121,400,5,2,100,0.0,0,0.3,0.0,0.0,0.5,0.7,1.0,1.0,0.25,1.0,0.25
noise_0.5,0.9806567365173405,0.02843435758737493,1.0,1.0,-0.6802778442671067,55,122,400,5,2,100,0.0,0,0.3,0.0,0.0,0.5,0.7,1.0,1.0,0.25,1.0,0.25
noise_0.5,1.0270572767625796,0.02678316949979839,1.0,1.0,1.0102343101246214,56,123,400,5,2,100,0.0,0,0.3,0.0,0.0,0.5,0.7,1.0,1.0,0.25,1.0,0.25
noise_0.5,1.0298276249238802,0.02894600680053518,1.0,1.0,1.030457331452322,57,124,400,5,2,100,0.0,0,0.3,0.0,0.0,0.5,0.7,1.0,1.0,0.25,1.0,0.25
noise_0.5,0.9724282210048978,0.027412337819854304,1.0,1.0,-1.0058164019535916,58,125,400,5,2,100,0.0,0,0.3,0.0,0.0,0.5,0.7,1.0,1.0,0.25,1.0,0.25
noise_0.5,0.9639752365304232,0.03081908853786141,1.0,1.0,-1.168910736127716,59,126,400,5,2,100,0.0,0,0.3,0.0,0.0,0.5,0.7,1.0,1.0,0.25,1.0,0.25
noise_0.5,0.9862395822206881,0.026783420405931842,1.0,1.0,-0.5137662617678337,60,127,400,5,2,100,0.0,0,0.3,0.0,0.0,0.5,0.7,1.0,1.0,0.25,1.0,0.25
noise_0.5,1.0352092148257626,0.028726928603517898,1.0,1.0,1.2256519070211649,61,128,400,5,2,100,0.0,0,0.3,0.0,0.0,0.5,0.7,1.0,1.0,0.25,1.0,0.25
noise_0.5,0.9918740288901248,0.02412763756301693,1.0,1.0,-0.3367909969905547,62,129,400,5,2,100,0.0,0,0.3,0.0,0.0,0.5,0.7,1.0,1.0,0.25,1.0,0.25
noise_0.5,1.0204030255302172,0.026019602999400326,1.0,1.0,0.784140539372851,63,130,400,5,2,100,0.0,0,0.3,0.0,0.0,0.5,0.7,1.0,1.0,0.25,1.0,0.25
noise_0.5,0.9828711810406966,0.027033507069743057,1.0,1.0,-0.6336143851078293,64,131,400,5,2,100,0.0,0,0.3,0.0,0.0,0.5,0.7,1.0,1.0,0.25,1.0,0.25
noise_0.5,1.0026027245217817,0.028658955778342526,1.0,1.0,0.09081714427810884,65,132,400,5,2,100,0.0,0,0.3,0.0,0.0,0.5,0.7,1.0,1.0,0.25,1.0,0.25
noise_0.5,1.0121994444506488,0.025294542498905972,1.0,1.0,0.48229551695494965,66,133,400,5,2,100,0.0,0,0.3,0.0,0.0,0.5,0.7,1.0,1.0,0.25,1.0,0.25
noise_0.5,0.9915502429860185,0.027348698321184323,1.0,1.0,-0.30896377278169584,67,134,400,5,2,100,0.0,0,0.3,0.0,0.0,0.5,0.7,1.0,1.0,0.25,1.0,0.25
noise_0.5,0.998970522247322,0.02941137746203277,1.0,1.0,-0.03500270444684162,68,135,400,5,2,100,0.0,0,0.3,0.0,0.0,0.5,0.7,1.0,1.0,0.25,1.0,0.25
noise_0.5,0.9748530006534616,0.025381993354815977,1.0,1.0,-0.9907417039712928,69,136,400,5,2,100,0.0,0,0.3,0.0,0.0,0.5,0.7,1.0,1.0,0.25,1.0,0.25
noise_0.5,0.9834034504503874,0.026096004355505412,1.0,1.0,-0.6359804866491492,70,137,400,5,2,100,0.0,0,0.3,0.0,0.0,0.5,0.7,1.0,1.0,0.25,1.0,0.25
noise_0.5,1.0124870726128101,0.025223977554640137,1.0,1.0,0.49504772138972325,71,138,400,5,2,100,0.0,0,0.3,0.0,0.0,0.5,0.7,1.0,1.0,0.25,1.0,0.25
noise_0.5,0.9472054178640028,0.025933595506178644,1.0,1.0,-2.0357602216560737,72,139,400,5,2,100,0.0,0,0.3,0.0,0.0,0.5,0.7,1.0,1.0,0.25,1.0,0.25
noise_0.5,0.9902366553024433,0.024285991880496186,1.0,1.0,-0.4020154805947012,73,140,400,5,2,100,0.0,0,0.3,0.0,0.0,0.5,0.7,1.0,1.0,0.25,1.0,0.25
noise_0.5,1.0004263572452272,0.024718357463448856,1.0,1.0,0.017248607471498544,74,141,400,5,2,100,0.0,0,0.3,0.0,0.0,0.5,0.7,1.0,1.0,0.25,1.0,0.25
noise_0.5,0.989452323546365,0.024974230577707777,1.0,1.0,-0.4223423989305969,75,142,400,5,2,100,0.0,0,0.3,0.0,0.0,0.5,0.7,1.0,1.0,0.25,1.0,0.25
noise_0.5,0.9982292530638884,0.028868821584004663,1.0,1.0,-0.06133769371080543,76,143,400,5,2,100,0.0,0,0.3,0.0,0.0,0.5,0.7,1.0,1.0,0.25,1.0,0.25
noise_0.5,0.9822488587610264,0.029759953490875717,1.0,1.0,-0.5964774523056973,77,144,400,5,2,100,0.0,0,0.3,0.0,0.0,0.5,0.7,1.0,1.0,0.25,1.0,0.25
noise_0.5,0.9731993078289867,0.028758281200448457,1.0,1.0,-0.9319295539329868,78,145,400,5,2,100,0.0,0,0.3,0.0,0.0,0.5,0.7,1.0,1.0,0.25,1.0,0.25
noise_0.5,1.0117390167577285,0.02679091567703794,1.0,1.0,0.4381715391605597,79,146,400,5,2,100,0.0,0,0.3,0.0,0.0,0.5,0.7,1.0,1.0,0.25,1.0,0.25
noise_0.5,0.9650078779395875,0.026886933648496557,1.0,1.0,-1.3014545473231802,80,147,400,5,2,100,0.0,0,0.3,0.0,0.0,0.5,0.7,1.0,1.0,0.25,1.0,0.25
noise_0.5,0.9974530883887928,0.023948747175355823,1.0,1.0,-0.1063484278554707,81,148,400,5,2,100,0.0,0,0.3,0.0,0.0,0.5,0.7,1.0,1.0,0.25,1.0,0.25
noise_0.5,0.9865078818774665,0.025215237392554737,1.0,1.0,-0.5350779733891095,82,149,400,5,2,100,0.0,0,0.3,0.0,0.0,0.5,0.7,1.0,1.0,0.25,1.0,0.25
noise_0.5,0.9612268445045581,0.025776958057448087,1.0,1.0,-1.5041788642798624,83,150,400,5,2,100,0.0,0,0.3,0.0,0.0,0.5,0.7,1.0,1.0,0.25,1.0,0.25
noise_0.5,0.9877093709435775,0.023236445490819182,1.0,1.0,-0.5289375718536043,84,151,400,5,2,100,0.0,0,0.3,0.0,0.0,0.5,0.7,1.0,1.0,0.25,1.0,0.25
noise_0.5,1.0232338499349682,0.026139273711695225,1.0,1.0,0.8888483356969846,85,152,400,5,2,100,0.0,0,0.3,0.0,0.0,0.5,0.7,1.0,1.0,0.25,1.0,0.25
noise_0.5,0.9988945982473368,0.026489383055010394,1.0,1.0,-0.04172999236590662,86,153,400,5,2,100,0.0,0,0.3,0.0,0.0,0.5,0.7,1.0,1.0,0.25,1.0,0.25
noise_0.5,0.9145954054001824,0.02689264543978106,1.0,1.0,-3.175760257244255,87,154,400,5,2,100,0.0,0,0.3,0.0,0.0,0.5,0.7,1.0,1.0,0.25,1.0,0.25
noise_0.5,1.020107969682347,0.02568623149277647,1.0,1.0,0.7828306650588959,88,155,400,5,2,100,0.0,0,0.3,0.0,0.0,0.5,0.7,1.0,1.0,0.25,1.0,0.25
noise_0.5,0.9704821414153507,0.02644832216637357,1.0,1.0,-1.1160578882458685,89,156,400,5,2,100,0.0,0,0.3,0.0,0.0,0.5,0.7,1.0,1.0,0.25,1.0,0.25
noise_0.5,0.9653045499752113,0.027560540237132978,1.0,1.0,-1.2588813472546767,90,157,400,5,2,100,0.0,0,0.3,0.0,0.0,0.5,0.7,1.0,1.0,0.25,1.0,0.25
noise_0.5,0.9651074479443353,0.029169499602181487,1.0,1.0,-1.1961998845209936,91,158,400,5,2,100,0.0,0,0.3,0.0,0.0,0.5,0.7,1.0,1.0,0.25,1.0,0.25
noise_0.5,1.0222953093743514,0.027814711527183927,1.0,1.0,0.8015653641621172,92,159,400,5,2,100,0.0,0,0.3,0.0,0.0,0.5,0.7,1.0,1.0,0.25,1.0,0.25
noise_0.5,0.9920950147240714,0.02458181692988439,1.0,1.0,-0.32157855940739943,93,160,400,5,2,100,0.0,0,0.3,0.0,0.0,0.5,0.7,1.0,1.0,0.25,1.0,0.25
noise_0.5,0.9580864725483947,0.027091166886899203,1.0,1.0,-1.5471289083481259,94,161,400,5,2,100,0.0,0,0.3,0.0,0.0,0.5,0.7,1.0,1.0,0.25,1.0,0.25
noise_0.5,0.9342952554224303,0.029762013137239158,1.0,1.0,-2.2076713787669786,95,162,400,5,2,100,0.0,0,0.3,0.0,0.0,0.5,0.7,1.0,1.0,0.25,1.0,0.25
noise_0.5,0.9891181752102076,0.02372842444529123,1.0,1.0,-0.4585987078443305,96,163,400,5,2,100,0.0,0,0.3,0.0,0.0,0.5,0.7,1.0,1.0,0.25,1.0,0.25
noise_0.5,0.922074031196075,0.025316733139743416,1.0,1.0,-3.078042035431226,97,164,400,5,2,100,0.0,0,0.3,0.0,0.0,0.5,0.7,1.0,1.0,0.25,1.0,0.25
noise_0.5,0.9594607072850361,0.025742549566242882,1.0,1.0,-1.5747971120981947,98,165,400,5,2,100,0.0,0,0.3,0.0,0.0,0.5,0.7,1.0,1.0,0.25,1.0,0.25
noise_0.5,1.0000431931036124,0.02461501077426147,1.0,1.0,0.0017547464841093418,99,166,400,5,2,100,0.0,0,0.3,0.0,0.0,0.5,0.7,1.0,1.0,0.25,1.0,0.25
noise_1.0,0.9390560793982101,0.0598320653263703,1.0,1.0,-1.018582933237465,0,68,400,5,2,100,0.0,0,0.3,0.0,0.0,1.0,0.7,1.0,1.0,0.25,1.0,0.25
noise_1.0,1.000386484897874,0.05183575657401236,1.0,1.0,0.007455951710133536,1,69,400,5,2,100,0.0,0,0.3,0.0,0.0,1.0,0.7,1.0,1.0,0.25,1.0,0.25
noise_1.0,0.9865839491052627,0.054706471257091625,1.0,1.0,-0.24523700005596993,2,70,400,5,2,100,0.0,0,0.3,0.0,0.0,1.0,0.7,1.0,1.0,0.25,1.0,0.25
noise_1.0,1.1012210643102067,0.04267703366494649,1.0,1.0,2.3717924049005865,3,71,400,5,2,100,0.0,0,0.3,0.0,0.0,1.0,0.7,1.0,1.0,0.25,1.0,0.25
noise_1.0,0.9535141555191254,0.04949102892518796,1.0,1.0,-0.9392781983002187,4,72,400,5,2,100,0.0,0,0.3,0.0,0.0,1.0,0.7,1.0,1.0,0.25,1.0,0.25
noise_1.0,0.9004646029747967,0.049855606941377216,1.0,1.0,-1.996473478745172,5,73,400,5,2,100,0.0,0,0.3,0.0,0.0,1.0,0.7,1.0,1.0,0.25,1.0,0.25
noise_1.0,0.9691233384591987,0.05122341057709428,1.0,1.0,-0.6027841799860252,6,74,400,5,2,100,0.0,0,0.3,0.0,0.0,1.0,0.7,1.0,1.0,0.25,1.0,0.25
noise_1.0,1.0231961546750952,0.04989360685365243,1.0,1.0,0.46491236328401686,7,75,400,5,2,100,0.0,0,0.3,0.0,0.0,1.0,0.7,1.0,1.0,0.25,1.0,0.25
noise_1.0,1.058977598371803,0.054965919918935034,1.0,1.0,1.0729848323976845,8,76,400,5,2,100,0.0,0,0.3,0.0,0.0,1.0,0.7,1.0,1.0,0.25,1.0,0.25
noise_1.0,0.9797221295845248,0.04690135829716455,1.0,1.0,-0.4323514531710514,9,77,400,5,2,100,0.0,0,0.3,0.0,0.0,1.0,0.7,1.0,1.0,0.25,1.0,0.25
noise_1.0,1.0332604816934392,0.053457436006268344,1.0,1.0,0.6221862509368973,10,78,400,5,2,100,0.0,0,0.3,0.0,0.0,1.0,0.7,1.0,1.0,0.25,1.0,0.25
noise_1.0,0.9157469728891162,0.04785848198063228,1.0,1.0,-1.7604617535712879,11,79,400,5,2,100,0.0,0,0.3,0.0,0.0,1.0,0.7,1.0,1.0,0.25,1.0,0.25
noise_1.0,0.906254749005384,0.046811583095538636,1.0,1.0,-2.002608004161908,12,80,400,5,2,100,0.0,0,0.3,0.0,0.0,1.0,0.7,1.0,1.0,0.25,1.0,0.25
noise_1.0,1.0484009891854567,0.05624911878736118,1.0,1.0,0.8604755101751399,13,81,400,5,2,100,0.0,0,0.3,0.0,0.0,1.0,0.7,1.0,1.0,0.25,1.0,0.25
noise_1.0,0.9181300095946098,0.04856479268491338,1.0,1.0,-1.6857889404894564,14,82,400,5,2,100,0.0,0,0.3,0.0,0.0,1.0,0.7,1.0,1.0,0.25,1.0,0.25
noise_1.0,1.0187315507987846,0.05256766376590241,1.0,1.0,0.3563321908731029,15,83,400,5,2,100,0.0,0,0.3,0.0,0.0,1.0,0.7,1.0,1.0,0.25,1.0,0.25
noise_1.0,0.9033387904587699,0.04770724161334442,1.0,1.0,-2.0261328526315925,16,84,400,5,2,100,0.0,0,0.3,0.0,0.0,1.0,0.7,1.0,1.0,0.25,1.0,0.25
noise_1.0,0.9592987218629251,0.04683385544900985,1.0,1.0,-0.869056748517923,17,85,400,5,2,100,0.0,0,0.3,0.0,0.0,1.0,0.7,1.0,1.0,0.25,1.0,0.25
noise_1.0,1.064440698910295,0.058610193559965204,1.0,1.0,1.0994793737434858,18,86,400,5,2,100,0.0,0,0.3,0.0,0.0,1.0,0.7,1.0,1.0,0.25,1.0,0.25
noise_1.0,1.045738270553248,0.05740542498170238,1.0,1.0,0.7967586786061922,19,87,400,5,2,100,0.0,0,0.3,0.0,0.0,1.0,0.7,1.0,1.0,0.25,1.0,0.25
noise_1.0,1.002030372006307,0.052710620784687974,1.0,1.0,0.03851922015110996,20,88,400,5,2,100,0.0,0,0.3,0.0,0.0,1.0,0.7,1.0,1.0,0.25,1.0,0.25
noise_1.0,0.921997915487589,0.051159982369014645,1.0,1.0,-1.52466988650984,21,89,400,5,2,100,0.0,0,0.3,0.0,0.0,1.0,0.7,1.0,1.0,0.25,1.0,0.25
noise_1.0,1.005475204941303,0.051671286751061515,1.0,1.0,0.10596223329372488,22,90,400,5,2,100,0.0,0,0.3,0.0,0.0,1.0,0.7,1.0,1.0,0.25,1.0,0.25
noise_1.0,1.0615745645123147,0.04975755100590648,1.0,1.0,1.2374918633958787,23,91,400,5,2,100,0.0,0,0.3,0.0,0.0,1.0,0.7,1.0,1.0,0.25,1.0,0.25
noise_1.0,0.9401944616865173,0.053052847291923104,1.0,1.0,-1.1272823489454376,24,92,400,5,2,100,0.0,0,0.3,0.0,0.0,1.0,0.7,1.0,1.0,0.25,1.0,0.25
noise_1.0,1.0772927065186781,0.0509584376584099,1.0,1.0,1.516779361188327,25,93,400,5,2,100,0.0,0,0.3,0.0,0.0,1.0,0.7,1.0,1.0,0.25,1.0,0.25
noise_1.0,1.0691127109391496,0.04815890047954112,1.0,1.0,1.435097360009498,26,94,400,5,2,100,0.0,0,0.3,0.0,0.0,1.0,0.7,1.0,1.0,0.25,1.0,0.25
noise_1.0,1.0324143828060866,0.053994364661683114,1.0,1.0,0.6003289974646056,27,95,400,5,2,100,0.0,0,0.3,0.0,0.0,1.0,0.7,1.0,1.0,0.25,1.0,0.25
noise_1.0,1.0893250557792369,0.046385508077719274,1.0,1.0,1.9257104100179752,28,96,400,5,2,100,0.0,0,0.3,0.0,0.0,1.0,0.7,1.0,1.0,0.25,1.0,0.25
noise_1.0,0.9703457518379559,0.049613262975581954,1.0,1.0,-0.5977080801284721,29,97,400,5,2,100,0.0,0,0.3,0.0,0.0,1.0,0.7,1.0,1.0,0.25,1.0,0.25
noise_1.0,1.0163231720265886,0.049097374103663,1.0,1.0,0.33246527588469943,30,98,400,5,2,100,0.0,0,0.3,0.0,0.0,1.0,0.7,1.0,1.0,0.25,1.0,0.25
noise_1.0,0.9363643761735256,0.046395888303814505,1.0,1.0,-1.371578951345188,31,99,400,5,2,100,0.0,0,0.3,0.0,0.0,1.0,0.7,1.0,1.0,0.25,1.0,0.25
noise_1.0,1.0639936509223462,0.05175583497023687,1.0,1.0,1.2364528745241365,32,100,400,5,2,100,0.0,0,0.3,0.0,0.0,1.0,0.7,1.0,1.0,0.25,1.0,0.25
noise_1.0,1.0114539696452787,0.05650618611827617,1.0,1.0,0.2027029327603839,33,101,400,5,2,100,0.0,0,0.3,0.0,0.0,1.0,0.7,1.0,1.0,0.25,1.0,0.25
noise_1.0,1.0609797346094187,0.04888170735665075,1.0,1.0,1.247496004272076,34,102,400,5,2,100,0.0,0,0.3,0.0,0.0,1.0,0.7,1.0,1.0,0.25,1.0,0.25
noise_1.0,0.9763112164021301,0.04874434819831304,1.0,1.0,-0.48598010791925383,35,103,400,5,2,100,0.0,0,0.3,0.0,0.0,1.0,0.7,1.0,1.0,0.25,1.0,0.25
noise_1.0,1.016767614813149,0.05153204068214172,1.0,1.0,0.32538231731544454,36,104,400,5,2,100,0.0,0,0.3,0.0,0.0,1.0,0.7,1.0,1.0,0.25,1.0,0.25
noise_1.0,0.9717696011805003,0.049793805082939055,1.0,1.0,-0.5669460040757635,37,105,400,5,2,100,0.0,0,0.3,0.0,0.0,1.0,0.7,1.0,1.0,0.25,1.0,0.25
noise_1.0,1.0083687393687197,0.0558079916264917,1.0,1.0,0.1499559314861126,38,106,400,5,2,100,0.0,0,0.3,0.0,0.0,1.0,0.7,1.0,1.0,0.25,1.0,0.25
noise_1.0,1.0272285908377465,0.05286814242130867,1.0,1.0,0.515028325012077,39,107,400,5,2,100,0.0,0,0.3,0.0,0.0,1.0,0.7,1.0,1.0,0.25,1.0,0.25
noise_1.0,0.9434502958864392,0.04927458242771043,1.0,1.0,-1.1476445121888852,40,108,400,5,2,100,0.0,0,0.3,0.0,0.0,1.0,0.7,1.0,1.0,0.25,1.0,0.25
noise_1.0,1.0410507274022724,0.04890752923873409,1.0,1.0,0.8393539408194195,41,109,400,5,2,100,0.0,0,0.3,0.0,0.0,1.0,0.7,1.0,1.0,0.25,1.0,0.25
noise_1.0,1.0134468761260735,0.05510879702025034,1.0,1.0,0.2440059818604339,42,110,400,5,2,100,0.0,0,0.3,0.0,0.0,1.0,0.7,1.0,1.0,0.25,1.0,0.25
noise_1.0,1.1095928520944986,0.05672799590323183,1.0,1.0,1.931900648869125,43,111,400,5,2,100,0.0,0,0.3,0.0,0.0,1.0,0.7,1.0,1.0,0.25,1.0,0.25
noise_1.0,0.9890981830364245,0.044824988817732454,1.0,1.0,-0.2432084703446222,44,112,400,5,2,100,0.0,0,0.3,0.0,0.0,1.0,0.7,1.0,1.0,0.25,1.0,0.25
noise_1.0,0.919775321204386,0.04998245601184224,1.0,1.0,-1.6050567578473245,45,113,400,5,2,100,0.0,0,0.3,0.0,0.0,1.0,0.7,1.0,1.0,0.25,1.0,0.25
noise_1.0,0.9915555570651632,0.04750429518950524,1.0,1.0,-0.1777616718898796,46,114,400,5,2,100,0.0,0,0.3,0.0,0.0,1.0,0.7,1.0,1.0,0.25,1.0,0.25
noise_1.0,1.0593766079316047,0.05120744708156921,1.0,1.0,1.1595307189796573,47,115,400,5,2,100,0.0,0,0.3,0.0,0.0,1.0,0.7,1.0,1.0,0.25,1.0,0.25
noise_1.0,1.0123840965576296,0.05102254419779646,1.0,1.0,0.24271813082508847,48,116,400,5,2,100,0.0,0,0.3,0.0,0.0,1.0,0.7,1.0,1.0,0.25,1.0,0.25
noise_1.0,0.939016950326666,0.0511000754247149,1.0,1.0,-1.1934042986527402,49,117,400,5,2,100,0.0,0,0.3,0.0,0.0,1.0,0.7,1.0,1.0,0.25,1.0,0.25
noise_1.0,0.9724815891144217,0.04740493051925636,1.0,1.0,-0.5804968087528367,50,118,400,5,2,100,0.0,0,0.3,0.0,0.0,1.0,0.7,1.0,1.0,0.25,1.0,0.25
noise_1.0,1.0020288094825278,0.044973285665689935,1.0,1.0,0.045111435655580574,51,119,400,5,2,100,0.0,0,0.3,0.0,0.0,1.0,0.7,1.0,1.0,0.25,1.0,0.25
noise_1.0,1.0242481558335672,0.049722819254880604,1.0,1.0,0.48766655223772537,52,120,400,5,2,100,0.0,0,0.3,0.0,0.0,1.0,0.7,1.0,1.0,0.25,1.0,0.25
noise_1.0,0.9917770582988743,0.05284194560087307,1.0,1.0,-0.15561390875414388,53,121,400,5,2,100,0.0,0,0.3,0.0,0.0,1.0,0.7,1.0,1.0,0.25,1.0,0.25
noise_1.0,0.955548007816712,0.0547890904473556,1.0,1.0,-0.8113292595357087,54,122,400,5,2,100,0.0,0,0.3,0.0,0.0,1.0,0.7,1.0,1.0,0.25,1.0,0.25
noise_1.0,1.0280585132039568,0.05136500438141772,1.0,1.0,0.5462573894787306,55,123,400,5,2,100,0.0,0,0.3,0.0,0.0,1.0,0.7,1.0,1.0,0.25,1.0,0.25
noise_1.0,1.0713621978008991,0.05602113080651446,1.0,1.0,1.2738442936357282,56,124,400,5,2,100,0.0,0,0.3,0.0,0.0,1.0,0.7,1.0,1.0,0.25,1.0,0.25
noise_1.0,0.9438416176543223,0.05367459888104423,1.0,1.0,-1.0462748398015633,57,125,400,5,2,100,0.0,0,0.3,0.0,0.0,1.0,0.7,1.0,1.0,0.25,1.0,0.25
noise_1.0,0.9390107650503955,0.05539989468484551,1.0,1.0,-1.100890810290438,58,126,400,5,2,100,0.0,0,0.3,0.0,0.0,1.0,0.7,1.0,1.0,0.25,1.0,0.25
noise_1.0,0.9685264204550186,0.05201727898702306,1.0,1.0,-0.6050600907600963,59,127,400,5,2,100,0.0,0,0.3,0.0,0.0,1.0,0.7,1.0,1.0,0.25,1.0,0.25
noise_1.0,1.0735151882774683,0.054527741167606676,1.0,1.0,1.3482162786002492,60,128,400,5,2,100,0.0,0,0.3,0.0,0.0,1.0,0.7,1.0,1.0,0.25,1.0,0.25
noise_1.0,0.9645963866627776,0.047073122115818225,1.0,1.0,-0.7520982621487423,61,129,400,5,2,100,0.0,0,0.3,0.0,0.0,1.0,0.7,1.0,1.0,0.25,1.0,0.25
noise_1.0,1.0537539148375379,0.050257278371702144,1.0,1.0,1.0695747278627916,62,130,400,5,2,100,0.0,0,0.3,0.0,0.0,1.0,0.7,1.0,1.0,0.25,1.0,0.25
noise_1.0,0.9775733160551595,0.054475016726948655,1.0,1.0,-0.41168750910628105,63,131,400,5,2,100,0.0,0,0.3,0.0,0.0,1.0,0.7,1.0,1.0,0.25,1.0,0.25
noise_1.0,0.9913879406058504,0.054299144463165465,1.0,1.0,-0.1586039610622531,64,132,400,5,2,100,0.0,0,0.3,0.0,0.0,1.0,0.7,1.0,1.0,0.25,1.0,0.25
noise_1.0,1.0224965078627155,0.04928192990733968,1.0,1.0,0.45648593521020064,65,133,400,5,2,100,0.0,0,0.3,0.0,0.0,1.0,0.7,1.0,1.0,0.25,1.0,0.25
noise_1.0,0.9682554795860743,0.051034770900848285,1.0,1.0,-0.6220174961811786,66,134,400,5,2,100,0.0,0,0.3,0.0,0.0,1.0,0.7,1.0,1.0,0.25,1.0,0.25
noise_1.0,0.9970119967310958,0.056898836917189194,1.0,1.0,-0.052514311905057065,67,135,400,5,2,100,0.0,0,0.3,0.0,0.0,1.0,0.7,1.0,1.0,0.25,1.0,0.25
noise_1.0,0.9740057110172936,0.04747225104742371,1.0,1.0,-0.5475680720667466,68,136,400,5,2,100,0.0,0,0.3,0.0,0.0,1.0,0.7,1.0,1.0,0.25,1.0,0.25
noise_1.0,0.9531238444869591,0.050621699175499996,1.0,1.0,-0.9260091280327497,69,137,400,5,2,100,0.0,0,0.3,0.0,0.0,1.0,0.7,1.0,1.0,0.25,1.0,0.25
noise_1.0,1.0296505455363683,0.04752254573442495,1.0,1.0,0.6239258667258147,70,138,400,5,2,100,0.0,0,0.3,0.0,0.0,1.0,0.7,1.0,1.0,0.25,1.0,0.25
noise_1.0,0.865915099996975,0.051606290262034095,1.0,1.0,-2.5982278385483766,71,139,400,5,2,100,0.0,0,0.3,0.0,0.0,1.0,0.7,1.0,1.0,0.25,1.0,0.25
noise_1.0,0.9645075891946853,0.04686744138541109,1.0,1.0,-0.757293544434086,72,140,400,5,2,100,0.0,0,0.3,0.0,0.0,1.0,0.7,1.0,1.0,0.25,1.0,0.25
noise_1.0,0.9915086334943026,0.04904299289129565,1.0,1.0,-0.17314127880650726,73,141,400,5,2,100,0.0,0,0.3,0.0,0.0,1.0,0.7,1.0,1.0,0.25,1.0,0.25
noise_1.0,1.0048336804749507,0.05000826672044938,1.0,1.0,0.0966576286671041,74,142,400,5,2,100,0.0,0,0.3,0.0,0.0,1.0,0.7,1.0,1.0,0.25,1.0,0.25
noise_1.0,0.9809744199992171,0.055349016806162304,1.0,1.0,-0.34373835523424684,75,143,400,5,2,100,0.0,0,0.3,0.0,0.0,1.0,0.7,1.0,1.0,0.25,1.0,0.25
noise_1.0,0.9665485406052245,0.054954389206617306,1.0,1.0,-0.608713150627601,76,144,400,5,2,100,0.0,0,0.3,0.0,0.0,1.0,0.7,1.0,1.0,0.25,1.0,0.25
noise_1.0,0.9597224554529947,0.054761047441225605,1.0,1.0,-0.7355145021693512,77,145,400,5,2,100,0.0,0,0.3,0.0,0.0,1.0,0.7,1.0,1.0,0.25,1.0,0.25
noise_1.0,1.0075870528061546,0.051835773630981914,1.0,1.0,0.14636711820231882,78,146,400,5,2,100,0.0,0,0.3,0.0,0.0,1.0,0.7,1.0,1.0,0.25,1.0,0.25
noise_1.0,0.9567757955595769,0.04981320640531639,1.0,1.0,-0.867725801240731,79,147,400,5,2,100,0.0,0,0.3,0.0,0.0,1.0,0.7,1.0,1.0,0.25,1.0,0.25
noise_1.0,0.9867921174081102,0.0459487800788772,1.0,1.0,-0.28744794898181575,80,148,400,5,2,100,0.0,0,0.3,0.0,0.0,1.0,0.7,1.0,1.0,0.25,1.0,0.25
noise_1.0,0.9645556534541608,0.04978743359286819,1.0,1.0,-0.7119135088520891,81,149,400,5,2,100,0.0,0,0.3,0.0,0.0,1.0,0.7,1.0,1.0,0.25,1.0,0.25
noise_1.0,0.9451681132701202,0.04778291976866504,1.0,1.0,-1.147520641169302,82,150,400,5,2,100,0.0,0,0.3,0.0,0.0,1.0,0.7,1.0,1.0,0.25,1.0,0.25
noise_1.0,0.9692278025535994,0.04310534250488032,1.0,1.0,-0.7138836083466128,83,151,400,5,2,100,0.0,0,0.3,0.0,0.0,1.0,0.7,1.0,1.0,0.25,1.0,0.25
noise_1.0,1.0656444001198666,0.049661836743249345,1.0,1.0,1.321827874777302,84,152,400,5,2,100,0.0,0,0.3,0.0,0.0,1.0,0.7,1.0,1.0,0.25,1.0,0.25
noise_1.0,0.9877861309019541,0.051919954336948,1.0,1.0,-0.23524421879843777,85,153,400,5,2,100,0.0,0,0.3,0.0,0.0,1.0,0.7,1.0,1.0,0.25,1.0,0.25
noise_1.0,0.8472896817111198,0.051190111453609605,1.0,1.0,-2.9831995663317117,86,154,400,5,2,100,0.0,0,0.3,0.0,0.0,1.0,0.7,1.0,1.0,0.25,1.0,0.25
noise_1.0,1.0453145736751355,0.047668169445655495,1.0,1.0,0.9506254215781611,87,155,400,5,2,100,0.0,0,0.3,0.0,0.0,1.0,0.7,1.0,1.0,0.25,1.0,0.25
noise_1.0,0.9611610677505471,0.050945392361000465,1.0,1.0,-0.7623639832674002,88,156,400,5,2,100,0.0,0,0.3,0.0,0.0,1.0,0.7,1.0,1.0,0.25,1.0,0.25
noise_1.0,0.9341192362235486,0.054227540673874836,1.0,1.0,-1.214894921616659,89,157,400,5,2,100,0.0,0,0.3,0.0,0.0,1.0,0.7,1.0,1.0,0.25,1.0,0.25
noise_1.0,0.9484819018417107,0.05406255350523803,1.0,1.0,-0.9529349765785264,90,158,400,5,2,100,0.0,0,0.3,0.0,0.0,1.0,0.7,1.0,1.0,0.25,1.0,0.25
noise_1.0,1.0186847526118519,0.05255679035025359,1.0,1.0,0.35551548120292925,91,159,400,5,2,100,0.0,0,0.3,0.0,0.0,1.0,0.7,1.0,1.0,0.25,1.0,0.25
noise_1.0,0.9922173541374022,0.047275404061825295,1.0,1.0,-0.16462357153880489,92,160,400,5,2,100,0.0,0,0.3,0.0,0.0,1.0,0.7,1.0,1.0,0.25,1.0,0.25
noise_1.0,0.9205606209116649,0.05329725288751767,1.0,1.0,-1.4904966913771267,93,161,400,5,2,100,0.0,0,0.3,0.0,0.0,1.0,0.7,1.0,1.0,0.25,1.0,0.25
noise_1.0,0.8862761039168172,0.05710236093055113,1.0,1.0,-1.9915795814729227,94,162,400,5,2,100,0.0,0,0.3,0.0,0.0,1.0,0.7,1.0,1.0,0.25,1.0,0.25
noise_1.0,0.9765652515690203,0.04717810934429387,1.0,1.0,-0.49672928306556025,95,163,400,5,2,100,0.0,0,0.3,0.0,0.0,1.0,0.7,1.0,1.0,0.25,1.0,0.25
noise_1.0,0.8592058407895333,0.0493110246677108,1.0,1.0,-2.855226800887382,96,164,400,5,2,100,0.0,0,0.3,0.0,0.0,1.0,0.7,1.0,1.0,0.25,1.0,0.25
noise_1.0,0.9473617147910018,0.04884449987784381,1.0,1.0,-1.0776706761384045,97,165,400,5,2,100,0.0,0,0.3,0.0,0.0,1.0,0.7,1.0,1.0,0.25,1.0,0.25
noise_1.0,0.9838573283902368,0.048923833495923,1.0,1.0,-0.3299551661483858,98,166,400,5,2,100,0.0,0,0.3,0.0,0.0,1.0,0.7,1.0,1.0,0.25,1.0,0.25
noise_1.0,0.9476413897495314,0.050258229462486564,1.0,1.0,-1.0417917783902397,99,167,400,5,2,100,0.0,0,0.3,0.0,0.0,1.0,0.7,1.0,1.0,0.25,1.0,0.25
noise_2.0,1.0138176296090577,0.09944613956816335,1.0,1.0,0.1389458622432169,0,69,400,5,2,100,0.0,0,0.3,0.0,0.0,2.0,0.7,1.0,1.0,0.25,1.0,0.25
noise_2.0,0.9738488297848739,0.10513904910665736,1.0,1.0,-0.248729377308685,1,70,400,5,2,100,0.0,0,0.3,0.0,0.0,2.0,0.7,1.0,1.0,0.25,1.0,0.25
noise_2.0,1.1992911525447427,0.08522698807203466,1.0,1.0,2.3383573331994314,2,71,400,5,2,100,0.0,0,0.3,0.0,0.0,2.0,0.7,1.0,1.0,0.25,1.0,0.25
noise_2.0,0.9043193863262315,0.09566032454946113,1.0,1.0,-1.000212095499392,3,72,400,5,2,100,0.0,0,0.3,0.0,0.0,2.0,0.7,1.0,1.0,0.25,1.0,0.25
noise_2.0,0.8016825303422964,0.09829778758236465,1.0,1.0,-2.0175171235825777,4,73,400,5,2,100,0.0,0,0.3,0.0,0.0,2.0,0.7,1.0,1.0,0.25,1.0,0.25
noise_2.0,0.93562748629973,0.09842781039885326,1.0,1.0,-0.654007372910329,5,74,400,5,2,100,0.0,0,0.3,0.0,0.0,2.0,0.7,1.0,1.0,0.25,1.0,0.25
noise_2.0,1.0036265286132082,0.09730529335039469,1.0,1.0,0.03726959231446081,6,75,400,5,2,100,0.0,0,0.3,0.0,0.0,2.0,0.7,1.0,1.0,0.25,1.0,0.25
noise_2.0,1.0880903739662962,0.10793946600266388,1.0,1.0,0.8161090398957702,7,76,400,5,2,100,0.0,0,0.3,0.0,0.0,2.0,0.7,1.0,1.0,0.25,1.0,0.25
noise_2.0,0.9599920627895084,0.0910649217104796,1.0,1.0,-0.43933422945981093,8,77,400,5,2,100,0.0,0,0.3,0.0,0.0,2.0,0.7,1.0,1.0,0.25,1.0,0.25
noise_2.0,1.0589939575734932,0.10523655522942088,1.0,1.0,0.5605842707876888,9,78,400,5,2,100,0.0,0,0.3,0.0,0.0,2.0,0.7,1.0,1.0,0.25,1.0,0.25
noise_2.0,0.8536112357494787,0.09425710835549077,1.0,1.0,-1.5530793040925457,10,79,400,5,2,100,0.0,0,0.3,0.0,0.0,2.0,0.7,1.0,1.0,0.25,1.0,0.25
noise_2.0,0.8610444223681653,0.09084232479188052,1.0,1.0,-1.5296347594602135,11,80,400,5,2,100,0.0,0,0.3,0.0,0.0,2.0,0.7,1.0,1.0,0.25,1.0,0.25
noise_2.0,1.1507800827015546,0.1074412473416921,1.0,1.0,1.4033724145256186,12,81,400,5,2,100,0.0,0,0.3,0.0,0.0,2.0,0.7,1.0,1.0,0.25,1.0,0.25
noise_2.0,0.8437171524913127,0.09584662171785463,1.0,1.0,-1.6305514446689608,13,82,400,5,2,100,0.0,0,0.3,0.0,0.0,2.0,0.7,1.0,1.0,0.25,1.0,0.25
noise_2.0,1.0509987074316354,0.10417782014252597,1.0,1.0,0.4895351751636183,14,83,400,5,2,100,0.0,0,0.3,0.0,0.0,2.0,0.7,1.0,1.0,0.25,1.0,0.25
noise_2.0,0.843388694893501,0.09263564334423105,1.0,1.0,-1.6906160464016693,15,84,400,5,2,100,0.0,0,0.3,0.0,0.0,2.0,0.7,1.0,1.0,0.25,1.0,0.25
noise_2.0,0.9069404100726768,0.09113037915884778,1.0,1.0,-1.0211697875755863,16,85,400,5,2,100,0.0,0,0.3,0.0,0.0,2.0,0.7,1.0,1.0,0.25,1.0,0.25
noise_2.0,1.1467580119448544,0.11479570808761765,1.0,1.0,1.2784276902829987,17,86,400,5,2,100,0.0,0,0.3,0.0,0.0,2.0,0.7,1.0,1.0,0.25,1.0,0.25
noise_2.0,1.122788759452926,0.11389758543352761,1.0,1.0,1.0780628841740232,18,87,400,5,2,100,0.0,0,0.3,0.0,0.0,2.0,0.7,1.0,1.0,0.25,1.0,0.25
noise_2.0,1.0382246835472908,0.10338709386976086,1.0,1.0,0.36972393861310515,19,88,400,5,2,100,0.0,0,0.3,0.0,0.0,2.0,0.7,1.0,1.0,0.25,1.0,0.25
noise_2.0,0.8581316712219349,0.10083429179970581,1.0,1.0,-1.4069452588596354,20,89,400,5,2,100,0.0,0,0.3,0.0,0.0,2.0,0.7,1.0,1.0,0.25,1.0,0.25
noise_2.0,1.031390751738668,0.09800162650002901,1.0,1.0,0.3203084771114357,21,90,400,5,2,100,0.0,0,0.3,0.0,0.0,2.0,0.7,1.0,1.0,0.25,1.0,0.25
noise_2.0,1.1333102777930806,0.0975138780730605,1.0,1.0,1.3670903098859455,22,91,400,5,2,100,0.0,0,0.3,0.0,0.0,2.0,0.7,1.0,1.0,0.25,1.0,0.25
noise_2.0,0.91211283866829,0.10133257902413784,1.0,1.0,-0.8673139692889387,23,92,400,5,2,100,0.0,0,0.3,0.0,0.0,2.0,0.7,1.0,1.0,0.25,1.0,0.25
noise_2.0,1.1309664711460228,0.09775949924838173,1.0,1.0,1.3396802577033529,24,93,400,5,2,100,0.0,0,0.3,0.0,0.0,2.0,0.7,1.0,1.0,0.25,1.0,0.25
noise_2.0,1.116485822433416,0.09725251785225546,1.0,1.0,1.197766649192358,25,94,400,5,2,100,0.0,0,0.3,0.0,0.0,2.0,0.7,1.0,1.0,0.25,1.0,0.25
noise_2.0,1.0646355146117092,0.10944568865882506,1.0,1.0,0.5905715922095156,26,95,400,5,2,100,0.0,0,0.3,0.0,0.0,2.0,0.7,1.0,1.0,0.25,1.0,0.25
noise_2.0,1.1818533588232802,0.08762840386159555,1.0,1.0,2.0752786860126773,27,96,400,5,2,100,0.0,0,0.3,0.0,0.0,2.0,0.7,1.0,1.0,0.25,1.0,0.25
noise_2.0,0.9219061966187991,0.09927888432821569,1.0,1.0,-0.786610404716304,28,97,400,5,2,100,0.0,0,0.3,0.0,0.0,2.0,0.7,1.0,1.0,0.25,1.0,0.25
noise_2.0,1.0387690447080031,0.09665656756799924,1.0,1.0,0.40110098758398977,29,98,400,5,2,100,0.0,0,0.3,0.0,0.0,2.0,0.7,1.0,1.0,0.25,1.0,0.25
noise_2.0,0.8426622488201888,0.08999784926608999,1.0,1.0,-1.7482390130748824,30,99,400,5,2,100,0.0,0,0.3,0.0,0.0,2.0,0.7,1.0,1.0,0.25,1.0,0.25
noise_2.0,1.104274332039209,0.10424286248223945,1.0,1.0,1.000301886922713,31,100,400,5,2,100,0.0,0,0.3,0.0,0.0,2.0,0.7,1.0,1.0,0.25,1.0,0.25
noise_2.0,1.02535564610826,0.10987644305002356,1.0,1.0,0.2307650794330531,32,101,400,5,2,100,0.0,0,0.3,0.0,0.0,2.0,0.7,1.0,1.0,0.25,1.0,0.25
noise_2.0,1.076300954537572,0.09391983285642341,1.0,1.0,0.8124051354969324,33,102,400,5,2,100,0.0,0,0.3,0.0,0.0,2.0,0.7,1.0,1.0,0.25,1.0,0.25
noise_2.0,0.9409914177441489,0.09756637034400763,1.0,1.0,-0.6048045248356968,34,103,400,5,2,100,0.0,0,0.3,0.0,0.0,2.0,0.7,1.0,1.0,0.25,1.0,0.25
noise_2.0,1.027293611050919,0.10120082432361373,1.0,1.0,0.2696975171233899,35,104,400,5,2,100,0.0,0,0.3,0.0,0.0,2.0,0.7,1.0,1.0,0.25,1.0,0.25
noise_2.0,0.949758941187511,0.09941261040823408,1.0,1.0,-0.5053791325484361,36,105,400,5,2,100,0.0,0,0.3,0.0,0.0,2.0,0.7,1.0,1.0,0.25,1.0,0.25
noise_2.0,1.0182759169503226,0.11088509172419686,1.0,1.0,0.16481852218493057,37,106,400,5,2,100,0.0,0,0.3,0.0,0.0,2.0,0.7,1.0,1.0,0.25,1.0,0.25
noise_2.0,1.0806147239483928,0.10546066281348457,1.0,1.0,0.7644056257352203,38,107,400,5,2,100,0.0,0,0.3,0.0,0.0,2.0,0.7,1.0,1.0,0.25,1.0,0.25
noise_2.0,0.8871677413473208,0.09606959310692802,1.0,1.0,-1.1744846106206976,39,108,400,5,2,100,0.0,0,0.3,0.0,0.0,2.0,0.7,1.0,1.0,0.25,1.0,0.25
noise_2.0,1.1141232320976049,0.09497694495471223,1.0,1.0,1.2015887871737942,40,109,400,5,2,100,0.0,0,0.3,0.0,0.0,2.0,0.7,1.0,1.0,0.25,1.0,0.25
noise_2.0,0.9859936710330077,0.10918802705364762,1.0,1.0,-0.1282771503885725,41,110,400,5,2,100,0.0,0,0.3,0.0,0.0,2.0,0.7,1.0,1.0,0.25,1.0,0.25
noise_2.0,1.2565093737193274,0.11141243809471035,1.0,1.0,2.302340547482426,42,111,400,5,2,100,0.0,0,0.3,0.0,0.0,2.0,0.7,1.0,1.0,0.25,1.0,0.25
noise_2.0,0.9765685410911378,0.08949072399084461,1.0,1.0,-0.2618311470053521,43,112,400,5,2,100,0.0,0,0.3,0.0,0.0,2.0,0.7,1.0,1.0,0.25,1.0,0.25
noise_2.0,0.8827065590969866,0.09765762188785825,1.0,1.0,-1.2010679620859832,44,113,400,5,2,100,0.0,0,0.3,0.0,0.0,2.0,0.7,1.0,1.0,0.25,1.0,0.25
noise_2.0,1.0211788609805674,0.09193650054701626,1.0,1.0,0.23036401053503852,45,114,400,5,2,100,0.0,0,0.3,0.0,0.0,2.0,0.7,1.0,1.0,0.25,1.0,0.25
noise_2.0,1.1458784672132354,0.10260193300556794,1.0,1.0,1.4217906323979193,46,115,400,5,2,100,0.0,0,0.3,0.0,0.0,2.0,0.7,1.0,1.0,0.25,1.0,0.25
noise_2.0,1.037128338196983,0.10093679263624462,1.0,1.0,0.3678375072882074,47,116,400,5,2,100,0.0,0,0.3,0.0,0.0,2.0,0.7,1.0,1.0,0.25,1.0,0.25
noise_2.0,0.8432451847217146,0.10304270002855068,1.0,1.0,-1.5212607514637364,48,117,400,5,2,100,0.0,0,0.3,0.0,0.0,2.0,0.7,1.0,1.0,0.25,1.0,0.25
noise_2.0,0.9327772443087996,0.09429430838414722,1.0,1.0,-0.7129036401363743,49,118,400,5,2,100,0.0,0,0.3,0.0,0.0,2.0,0.7,1.0,1.0,0.25,1.0,0.25
noise_2.0,1.0085832867945395,0.08975169452377244,1.0,1.0,0.09563370184911675,50,119,400,5,2,100,0.0,0,0.3,0.0,0.0,2.0,0.7,1.0,1.0,0.25,1.0,0.25
noise_2.0,1.0495878957242952,0.09795623050047603,1.0,1.0,0.5062250300051537,51,120,400,5,2,100,0.0,0,0.3,0.0,0.0,2.0,0.7,1.0,1.0,0.25,1.0,0.25
noise_2.0,1.0151131091183871,0.10127626356998028,1.0,1.0,0.14922656687412475,52,121,400,5,2,100,0.0,0,0.3,0.0,0.0,2.0,0.7,1.0,1.0,0.25,1.0,0.25
noise_2.0,0.902425197466077,0.1097610833394093,1.0,1.0,-0.8889744849929808,53,122,400,5,2,100,0.0,0,0.3,0.0,0.0,2.0,0.7,1.0,1.0,0.25,1.0,0.25
noise_2.0,1.0432528263458094,0.09927331294756997,1.0,1.0,0.43569439823825434,54,123,400,5,2,100,0.0,0,0.3,0.0,0.0,2.0,0.7,1.0,1.0,0.25,1.0,0.25
noise_2.0,1.1206292739418378,0.11073111830048435,1.0,1.0,1.089389105729912,55,124,400,5,2,100,0.0,0,0.3,0.0,0.0,2.0,0.7,1.0,1.0,0.25,1.0,0.25
noise_2.0,0.9120493456649396,0.10514960620728382,1.0,1.0,-0.8364335113312864,56,125,400,5,2,100,0.0,0,0.3,0.0,0.0,2.0,0.7,1.0,1.0,0.25,1.0,0.25
noise_2.0,0.905755443175179,0.10915819017698376,1.0,1.0,-0.8633759562339528,57,126,400,5,2,100,0.0,0,0.3,0.0,0.0,2.0,0.7,1.0,1.0,0.25,1.0,0.25
noise_2.0,0.9407262915190612,0.10209626188907096,1.0,1.0,-0.5805668825107481,58,127,400,5,2,100,0.0,0,0.3,0.0,0.0,2.0,0.7,1.0,1.0,0.25,1.0,0.25
noise_2.0,1.1676634083876187,0.10815920240322306,1.0,1.0,1.5501538903972398,59,128,400,5,2,100,0.0,0,0.3,0.0,0.0,2.0,0.7,1.0,1.0,0.25,1.0,0.25
noise_2.0,0.9288716920921518,0.09169131860897003,1.0,1.0,-0.7757365581269959,60,129,400,5,2,100,0.0,0,0.3,0.0,0.0,2.0,0.7,1.0,1.0,0.25,1.0,0.25
noise_2.0,1.1186547488799914,0.0987700801933927,1.0,1.0,1.2013227958068307,61,130,400,5,2,100,0.0,0,0.3,0.0,0.0,2.0,0.7,1.0,1.0,0.25,1.0,0.25
noise_2.0,1.0131747071570911,0.10514323707622912,1.0,1.0,0.12530246855096755,62,131,400,5,2,100,0.0,0,0.3,0.0,0.0,2.0,0.7,1.0,1.0,0.25,1.0,0.25
noise_2.0,0.9962520206484801,0.10907871322544246,1.0,1.0,-0.03436031871565685,63,132,400,5,2,100,0.0,0,0.3,0.0,0.0,2.0,0.7,1.0,1.0,0.25,1.0,0.25
noise_2.0,1.0336169834205882,0.09716419459957833,1.0,1.0,0.3459811874026902,64,133,400,5,2,100,0.0,0,0.3,0.0,0.0,2.0,0.7,1.0,1.0,0.25,1.0,0.25
noise_2.0,0.9586845064265425,0.10015455055634924,1.0,1.0,-0.4125173878166674,65,134,400,5,2,100,0.0,0,0.3,0.0,0.0,2.0,0.7,1.0,1.0,0.25,1.0,0.25
noise_2.0,1.0134684235795817,0.10984928925952582,1.0,1.0,0.12260819956478439,66,135,400,5,2,100,0.0,0,0.3,0.0,0.0,2.0,0.7,1.0,1.0,0.25,1.0,0.25
noise_2.0,1.0018408031877841,0.09029449147022592,1.0,1.0,0.020386661000146588,67,136,400,5,2,100,0.0,0,0.3,0.0,0.0,2.0,0.7,1.0,1.0,0.25,1.0,0.25
noise_2.0,0.8991951105259081,0.0987793533950442,1.0,1.0,-1.0205056624631577,68,137,400,5,2,100,0.0,0,0.3,0.0,0.0,2.0,0.7,1.0,1.0,0.25,1.0,0.25
noise_2.0,1.0671982651942722,0.09346381029251424,1.0,1.0,0.7189763073425037,69,138,400,5,2,100,0.0,0,0.3,0.0,0.0,2.0,0.7,1.0,1.0,0.25,1.0,0.25
noise_2.0,0.7709407652604442,0.10014326866966915,1.0,1.0,-2.287315341135175,70,139,400,5,2,100,0.0,0,0.3,0.0,0.0,2.0,0.7,1.0,1.0,0.25,1.0,0.25
noise_2.0,0.932921119879995,0.09514488460181245,1.0,1.0,-0.7050182508574628,71,140,400,5,2,100,0.0,0,0.3,0.0,0.0,2.0,0.7,1.0,1.0,0.25,1.0,0.25
noise_2.0,0.990943480322709,0.0991796291806545,1.0,1.0,-0.0913143127485857,72,141,400,5,2,100,0.0,0,0.3,0.0,0.0,2.0,0.7,1.0,1.0,0.25,1.0,0.25
noise_2.0,1.0194242752025426,0.09777927517385966,1.0,1.0,0.19865431777853404,73,142,400,5,2,100,0.0,0,0.3,0.0,0.0,2.0,0.7,1.0,1.0,0.25,1.0,0.25
noise_2.0,0.9495678496666101,0.11028401002168542,1.0,1.0,-0.45729340385313594,74,143,400,5,2,100,0.0,0,0.3,0.0,0.0,2.0,0.7,1.0,1.0,0.25,1.0,0.25
noise_2.0,0.9502228757619391,0.10511808981676476,1.0,1.0,-0.4735352813662164,75,144,400,5,2,100,0.0,0,0.3,0.0,0.0,2.0,0.7,1.0,1.0,0.25,1.0,0.25
noise_2.0,0.9149634973184899,0.10235325440278346,1.0,1.0,-0.8308138630050003,76,145,400,5,2,100,0.0,0,0.3,0.0,0.0,2.0,0.7,1.0,1.0,0.25,1.0,0.25
noise_2.0,1.0218689452046825,0.1056772352566667,1.0,1.0,0.20694092868315184,77,146,400,5,2,100,0.0,0,0.3,0.0,0.0,2.0,0.7,1.0,1.0,0.25,1.0,0.25
noise_2.0,0.9177809809037404,0.09785574184740055,1.0,1.0,-0.8402063848688067,78,147,400,5,2,100,0.0,0,0.3,0.0,0.0,2.0,0.7,1.0,1.0,0.25,1.0,0.25
noise_2.0,0.9352152774006077,0.09142590937352826,1.0,1.0,-0.7086035352922642,79,148,400,5,2,100,0.0,0,0.3,0.0,0.0,2.0,0.7,1.0,1.0,0.25,1.0,0.25
noise_2.0,0.9534529268859201,0.09677345920274018,1.0,1.0,-0.4809900720461371,80,149,400,5,2,100,0.0,0,0.3,0.0,0.0,2.0,0.7,1.0,1.0,0.25,1.0,0.25
noise_2.0,0.9101664993667783,0.0968386747985792,1.0,1.0,-0.9276613999527772,81,150,400,5,2,100,0.0,0,0.3,0.0,0.0,2.0,0.7,1.0,1.0,0.25,1.0,0.25
noise_2.0,0.9594937492869557,0.08131927065787332,1.0,1.0,-0.49811379744737594,82,151,400,5,2,100,0.0,0,0.3,0.0,0.0,2.0,0.7,1.0,1.0,0.25,1.0,0.25
noise_2.0,1.1631654183147144,0.0970354000224744,1.0,1.0,1.6815040518916151,83,152,400,5,2,100,0.0,0,0.3,0.0,0.0,2.0,0.7,1.0,1.0,0.25,1.0,0.25
noise_2.0,0.990200927380099,0.0987551946189162,1.0,1.0,-0.0992258954854412,84,153,400,5,2,100,0.0,0,0.3,0.0,0.0,2.0,0.7,1.0,1.0,0.25,1.0,0.25
noise_2.0,0.71684814309868,0.10212735336521321,1.0,1.0,-2.7725369117199476,85,154,400,5,2,100,0.0,0,0.3,0.0,0.0,2.0,0.7,1.0,1.0,0.25,1.0,0.25
noise_2.0,1.0908938692190886,0.09523955431522776,1.0,1.0,0.9543710055408738,86,155,400,5,2,100,0.0,0,0.3,0.0,0.0,2.0,0.7,1.0,1.0,0.25,1.0,0.25
noise_2.0,0.915741707440528,0.10028844636101768,1.0,1.0,-0.8401595160439479,87,156,400,5,2,100,0.0,0,0.3,0.0,0.0,2.0,0.7,1.0,1.0,0.25,1.0,0.25
noise_2.0,0.8810307555570799,0.10501708464294962,1.0,1.0,-1.1328560952478048,88,157,400,5,2,100,0.0,0,0.3,0.0,0.0,2.0,0.7,1.0,1.0,0.25,1.0,0.25
noise_2.0,0.9264975640340278,0.10590276944958693,1.0,1.0,-0.6940558433739701,89,158,400,5,2,100,0.0,0,0.3,0.0,0.0,2.0,0.7,1.0,1.0,0.25,1.0,0.25
noise_2.0,1.083027866771098,0.10450026695102987,1.0,1.0,0.7945230112187738,90,159,400,5,2,100,0.0,0,0.3,0.0,0.0,2.0,0.7,1.0,1.0,0.25,1.0,0.25
noise_2.0,1.0011028034356653,0.09564227437574704,1.0,1.0,0.011530501996770958,91,160,400,5,2,100,0.0,0,0.3,0.0,0.0,2.0,0.7,1.0,1.0,0.25,1.0,0.25
noise_2.0,0.830874892301178,0.10493112440957375,1.0,1.0,-1.6117725665330938,92,161,400,5,2,100,0.0,0,0.3,0.0,0.0,2.0,0.7,1.0,1.0,0.25,1.0,0.25
noise_2.0,0.7768201873032895,0.11425298661920244,1.0,1.0,-1.9533827456130655,93,162,400,5,2,100,0.0,0,0.3,0.0,0.0,2.0,0.7,1.0,1.0,0.25,1.0,0.25
noise_2.0,0.9712174302725296,0.0914958525182386,1.0,1.0,-0.31457786266030957,94,163,400,5,2,100,0.0,0,0.3,0.0,0.0,2.0,0.7,1.0,1.0,0.25,1.0,0.25
noise_2.0,0.7464965714457344,0.09913171041881519,1.0,1.0,-2.557238521188177,95,164,400,5,2,100,0.0,0,0.3,0.0,0.0,2.0,0.7,1.0,1.0,0.25,1.0,0.25
noise_2.0,0.9324305660142259,0.09412658930941248,1.0,1.0,-0.7178570314883095,96,165,400,5,2,100,0.0,0,0.3,0.0,0.0,2.0,0.7,1.0,1.0,0.25,1.0,0.25
noise_2.0,0.9882425207294986,0.09785829554328694,1.0,1.0,-0.12014800794584221,97,166,400,5,2,100,0.0,0,0.3,0.0,0.0,2.0,0.7,1.0,1.0,0.25,1.0,0.25
noise_2.0,0.9310421555544419,0.1029239736510574,1.0,1.0,-0.6699881669876592,98,167,400,5,2,100,0.0,0,0.3,0.0,0.0,2.0,0.7,1.0,1.0,0.25,1.0,0.25
noise_2.0,0.9283323783868968,0.10968080750702897,1.0,1.0,-0.6534198939820022,99,168,400,5,2,100,0.0,0,0.3,0.0,0.0,2.0,0.7,1.0,1.0,0.25,1.0,0.25
s1_0.5,0.9941866928217797,0.10651768697212292,1.0,1.0,-0.054575980228914286,0,70,400,5,2,100,0.0,0,0.3,0.0,0.0,1.0,0.7,0.5,1.0,0.25,1.0,0.25
s1_0.5,1.2407114289095678,0.08231285113822932,1.0,1.0,2.9243480887976667,1,71,400,5,2,100,0.0,0,0.3,0.0,0.0,1.0,0.7,0.5,1.0,0.25,1.0,0.25
s1_0.5,0.9403949642263575,0.09641169823356342,1.0,1.0,-0.6182344763728314,2,72,400,5,2,100,0.0,0,0.3,0.0,0.0,1.0,0.7,0.5,1.0,0.25,1.0,0.25
s1_0.5,0.7888071298911822,0.09632847219480639,1.0,1.0,-2.192424163872542,3,73,400,5,2,100,0.0,0,0.3,0.0,0.0,1.0,0.7,0.5,1.0,0.25,1.0,0.25
s1_0.5,0.9298993693693184,0.10044400621269174,1.0,1.0,-0.6979075534108271,4,74,400,5,2,100,0.0,0,0.3,0.0,0.0,1.0,0.7,0.5,1.0,0.25,1.0,0.25
s1_0.5,1.0386262700493385,0.09836729642078418,1.0,1.0,0.39267390133513,5,75,400,5,2,100,0.0,0,0.3,0.0,0.0,1.0,0.7,0.5,1.0,0.25,1.0,0.25
s1_0.5,1.1128618510025896,0.11537550630155577,1.0,1.0,0.9782132674469376,6,76,400,5,2,100,0.0,0,0.3,0.0,0.0,1.0,0.7,0.5,1.0,0.25,1.0,0.25
s1_0.5,1.0001794188599218,0.09051375888616865,1.0,1.0,0.0019822274771223104,7,77,400,5,2,100,0.0,0,0.3,0.0,0.0,1.0,0.7,0.5,1.0,0.25,1.0,0.25
s1_0.5,1.0319724618208401,0.10129879486396627,1.0,1.0,0.31562529311208304,8,78,400,5,2,100,0.0,0,0.3,0.0,0.0,1.0,0.7,0.5,1.0,0.25,1.0,0.25
s1_0.5,0.8395867821149888,0.09465497321821063,1.0,1.0,-1.6947151579157527,9,79,400,5,2,100,0.0,0,0.3,0.0,0.0,1.0,0.7,0.5,1.0,0.25,1.0,0.25
s1_0.5,0.8239380629855994,0.09234142817668553,1.0,1.0,-1.9066408273166926,10,80,400,5,2,100,0.0,0,0.3,0.0,0.0,1.0,0.7,0.5,1.0,0.25,1.0,0.25
s1_0.5,1.2147941823297195,0.10739769898769937,1.0,1.0,1.9999886808964185,11,81,400,5,2,100,0.0,0,0.3,0.0,0.0,1.0,0.7,0.5,1.0,0.25,1.0,0.25
s1_0.5,0.8426207409616226,0.0980750072360897,1.0,1.0,-1.6046826145985218,12,82,400,5,2,100,0.0,0,0.3,0.0,0.0,1.0,0.7,0.5,1.0,0.25,1.0,0.25
s1_0.5,1.0471595797132025,0.10034047891447737,1.0,1.0,0.46999556134666015,13,83,400,5,2,100,0.0,0,0.3,0.0,0.0,1.0,0.7,0.5,1.0,0.25,1.0,0.25
s1_0.5,0.8752922269932122,0.0953158867192264,1.0,1.0,-1.3083629319227925,14,84,400,5,2,100,0.0,0,0.3,0.0,0.0,1.0,0.7,0.5,1.0,0.25,1.0,0.25
s1_0.5,0.928202579395333,0.0927849700762005,1.0,1.0,-0.7738044270069032,15,85,400,5,2,100,0.0,0,0.3,0.0,0.0,1.0,0.7,0.5,1.0,0.25,1.0,0.25
s1_0.5,1.1717210270498288,0.11922886474427995,1.0,1.0,1.4402638775277545,16,86,400,5,2,100,0.0,0,0.3,0.0,0.0,1.0,0.7,0.5,1.0,0.25,1.0,0.25
s1_0.5,1.0546303279504785,0.1157411154173288,1.0,1.0,0.4720045055164488,17,87,400,5,2,100,0.0,0,0.3,0.0,0.0,1.0,0.7,0.5,1.0,0.25,1.0,0.25
s1_0.5,1.0216052554682862,0.10567330444236168,1.0,1.0,0.2044532967176258,18,88,400,5,2,100,0.0,0,0.3,0.0,0.0,1.0,0.7,0.5,1.0,0.25,1.0,0.25
s1_0.5,0.8814160576680117,0.10125365022526367,1.0,1.0,-1.1711572083393453,19,89,400,5,2,100,0.0,0,0.3,0.0,0.0,1.0,0.7,0.5,1.0,0.25,1.0,0.25
s1_0.5,1.0134636478263304,0.1016129215363989,1.0,1.0,0.13249936743042595,20,90,400,5,2,100,0.0,0,0.3,0.0,0.0,1.0,0.7,0.5,1.0,0.25,1.0,0.25
s1_0.5,1.123375945309602,0.0971119322960777,1.0,1.0,1.2704509362809273,21,91,400,5,2,100,0.0,0,0.3,0.0,0.0,1.0,0.7,0.5,1.0,0.25,1.0,0.25
s1_0.5,0.8786116575554791,0.10268153550055228,1.0,1.0,-1.1821827736873685,22,92,400,5,2,100,0.0,0,0.3,0.0,0.0,1.0,0.7,0.5,1.0,0.25,1.0,0.25
s1_0.5,1.1365558883634768,0.09827994028308415,1.0,1.0,1.3894583978189559,23,93,400,5,2,100,0.0,0,0.3,0.0,0.0,1.0,0.7,0.5,1.0,0.25,1.0,0.25
s1_0.5,1.100856343549469,0.09600545705845562,1.0,1.0,1.05052719542869,24,94,400,5,2,100,0.0,0,0.3,0.0,0.0,1.0,0.7,0.5,1.0,0.25,1.0,0.25
s1_0.5,1.1055494626290978,0.10386318385541078,1.0,1.0,1.016235577527014,25,95,400,5,2,100,0.0,0,0.3,0.0,0.0,1.0,0.7,0.5,1.0,0.25,1.0,0.25
s1_0.5,1.1734144016554315,0.08577716353351353,1.0,1.0,2.02168496266116,26,96,400,5,2,100,0.0,0,0.3,0.0,0.0,1.0,0.7,0.5,1.0,0.25,1.0,0.25
s1_0.5,0.9308192710790265,0.09914970877165183,1.0,1.0,-0.6977401121802704,27,97,400,5,2,100,0.0,0,0.3,0.0,0.0,1.0,0.7,0.5,1.0,0.25,1.0,0.25
s1_0.5,1.038420741233115,0.09454909433521277,1.0,1.0,0.4063575807177883,28,98,400,5,2,100,0.0,0,0.3,0.0,0.0,1.0,0.7,0.5,1.0,0.25,1.0,0.25
s1_0.5,0.8600634365432303,0.08985876021171448,1.0,1.0,-1.557294615762202,29,99,400,5,2,100,0.0,0,0.3,0.0,0.0,1.0,0.7,0.5,1.0,0.25,1.0,0.25
s1_0.5,1.1074124851866867,0.1036572836838571,1.0,1.0,1.0362270876620934,30,100,400,5,2,100,0.0,0,0.3,0.0,0.0,1.0,0.7,0.5,1.0,0.25,1.0,0.25
s1_0.5,1.0115559899577333,0.10936503905645063,1.0,1.0,0.10566438834048698,31,101,400,5,2,100,0.0,0,0.3,0.0,0.0,1.0,0.7,0.5,1.0,0.25,1.0,0.25
s1_0.5,1.0709175206791184,0.09228726632107798,1.0,1.0,0.7684431829672818,32,102,400,5,2,100,0.0,0,0.3,0.0,0.0,1.0,0.7,0.5,1.0,0.25,1.0,0.25
s1_0.5,0.956457832171893,0.0982192782536819,1.0,1.0,-0.4433159009338862,33,103,400,5,2,100,0.0,0,0.3,0.0,0.0,1.0,0.7,0.5,1.0,0.25,1.0,0.25
s1_0.5,1.0363350453187057,0.09802023085193068,1.0,1.0,0.3706892444845737,34,104,400,5,2,100,0.0,0,0.3,0.0,0.0,1.0,0.7,0.5,1.0,0.25,1.0,0.25
s1_0.5,0.9213045833890005,0.09600852361523403,1.0,1.0,-0.819671146349267,35,105,400,5,2,100,0.0,0,0.3,0.0,0.0,1.0,0.7,0.5,1.0,0.25,1.0,0.25
s1_0.5,1.0021746636016,0.11092112821720136,1.0,1.0,0.019605494792134397,36,106,400,5,2,100,0.0,0,0.3,0.0,0.0,1.0,0.7,0.5,1.0,0.25,1.0,0.25
s1_0.5,1.0712005463601824,0.10390775337929843,1.0,1.0,0.6852284266052437,37,107,400,5,2,100,0.0,0,0.3,0.0,0.0,1.0,0.7,0.5,1.0,0.25,1.0,0.25
s1_0.5,0.8583991170202476,0.09938826838934456,1.0,1.0,-1.4247243188204437,38,108,400,5,2,100,0.0,0,0.3,0.0,0.0,1.0,0.7,0.5,1.0,0.25,1.0,0.25
s1_0.5,1.10812269377149,0.09426031941683106,1.0,1.0,1.1470647929099185,39,109,400,5,2,100,0.0,0,0.3,0.0,0.0,1.0,0.7,0.5,1.0,0.25,1.0,0.25
s1_0.5,0.9634049923456857,0.10935067914322438,1.0,1.0,-0.33465734224094984,40,110,400,5,2,100,0.0,0,0.3,0.0,0.0,1.0,0.7,0.5,1.0,0.25,1.0,0.25
s1_0.5,1.2232189703017866,0.10893195856601384,1.0,1.0,2.049159615233703,41,111,400,5,2,100,0.0,0,0.3,0.0,0.0,1.0,0.7,0.5,1.0,0.25,1.0,0.25
s1_0.5,1.0098294895560163,0.08783859017398685,1.0,1.0,0.11190399955812626,42,112,400,5,2,100,0.0,0,0.3,0.0,0.0,1.0,0.7,0.5,1.0,0.25,1.0,0.25
s1_0.5,0.8778939502435819,0.09582965512786182,1.0,1.0,-1.2741989897959745,43,113,400,5,2,100,0.0,0,0.3,0.0,0.0,1.0,0.7,0.5,1.0,0.25,1.0,0.25
s1_0.5,1.022374483355166,0.0925946906516963,1.0,1.0,0.2416389449296801,44,114,400,5,2,100,0.0,0,0.3,0.0,0.0,1.0,0.7,0.5,1.0,0.25,1.0,0.25
s1_0.5,1.1149805859651836,0.107975479678318,1.0,1.0,1.0648768248840874,45,115,400,5,2,100,0.0,0,0.3,0.0,0.0,1.0,0.7,0.5,1.0,0.25,1.0,0.25
s1_0.5,1.0437758403446333,0.10129353477298195,1.0,1.0,0.43216815804427505,46,116,400,5,2,100,0.0,0,0.3,0.0,0.0,1.0,0.7,0.5,1.0,0.25,1.0,0.25
s1_0.5,0.8755160385673961,0.10027838391042025,1.0,1.0,-1.2413838015559437,47,117,400,5,2,100,0.0,0,0.3,0.0,0.0,1.0,0.7,0.5,1.0,0.25,1.0,0.25
s1_0.5,0.9398740691803746,0.09337830818588858,1.0,1.0,-0.6438961252107119,48,118,400,5,2,100,0.0,0,0.3,0.0,0.0,1.0,0.7,0.5,1.0,0.25,1.0,0.25
s1_0.5,0.9737137488356317,0.090353387421195,1.0,1.0,-0.29092712420212075,49,119,400,5,2,100,0.0,0,0.3,0.0,0.0,1.0,0.7,0.5,1.0,0.25,1.0,0.25
s1_0.5,1.0577837840629722,0.09887643991907397,1.0,1.0,0.5844039703519437,50,120,400,5,2,100,0.0,0,0.3,0.0,0.0,1.0,0.7,0.5,1.0,0.25,1.0,0.25
s1_0.5,0.9656688746216335,0.10145152975627515,1.0,1.0,-0.3383992874315723,51,121,400,5,2,100,0.0,0,0.3,0.0,0.0,1.0,0.7,0.5,1.0,0.25,1.0,0.25
s1_0.5,0.9042347654292784,0.11068535904011334,1.0,1.0,-0.8652023664305544,52,122,400,5,2,100,0.0,0,0.3,0.0,0.0,1.0,0.7,0.5,1.0,0.25,1.0,0.25
s1_0.5,1.062622484284327,0.10040238053642833,1.0,1.0,0.6237151345391272,53,123,400,5,2,100,0.0,0,0.3,0.0,0.0,1.0,0.7,0.5,1.0,0.25,1.0,0.25
s1_0.5,1.0990426785457132,0.10783826268662032,1.0,1.0,0.9184372603769854,54,124,400,5,2,100,0.0,0,0.3,0.0,0.0,1.0,0.7,0.5,1.0,0.25,1.0,0.25
s1_0.5,0.8547379809057695,0.10218359178778416,1.0,1.0,-1.4215787148675694,55,125,400,5,2,100,0.0,0,0.3,0.0,0.0,1.0,0.7,0.5,1.0,0.25,1.0,0.25
s1_0.5,0.9161827851857782,0.10757562540103606,1.0,1.0,-0.7791468978382025,56,126,400,5,2,100,0.0,0,0.3,0.0,0.0,1.0,0.7,0.5,1.0,0.25,1.0,0.25
s1_0.5,0.9038669575353561,0.10068008844066884,1.0,1.0,-0.9548366906858202,57,127,400,5,2,100,0.0,0,0.3,0.0,0.0,1.0,0.7,0.5,1.0,0.25,1.0,0.25
s1_0.5,1.1324812617797282,0.10765495223106135,1.0,1.0,1.2306100094251287,58,128,400,5,2,100,0.0,0,0.3,0.0,0.0,1.0,0.7,0.5,1.0,0.25,1.0,0.25
s1_0.5,0.9198785409887095,0.09113753019831489,1.0,1.0,-0.8791269506310581,59,129,400,5,2,100,0.0,0,0.3,0.0,0.0,1.0,0.7,0.5,1.0,0.25,1.0,0.25
s1_0.5,1.0938770351175797,0.09769407407277465,1.0,1.0,0.9609286541540736,60,130,400,5,2,100,0.0,0,0.3,0.0,0.0,1.0,0.7,0.5,1.0,0.25,1.0,0.25
s1_0.5,0.9710365614055662,0.1048143077955661,1.0,1.0,-0.27633096285790737,61,131,400,5,2,100,0.0,0,0.3,0.0,0.0,1.0,0.7,0.5,1.0,0.25,1.0,0.25
s1_0.5,0.9411491174244521,0.10651698893812185,1.0,1.0,-0.5525023112485442,62,132,400,5,2,100,0.0,0,0.3,0.0,0.0,1.0,0.7,0.5,1.0,0.25,1.0,0.25
s1_0.5,1.0579826987168206,0.09528528970868227,1.0,1.0,0.6085167909348057,63,133,400,5,2,100,0.0,0,0.3,0.0,0.0,1.0,0.7,0.5,1.0,0.25,1.0,0.25
s1_0.5,0.9639065718550092,0.0983609444925812,1.0,1.0,-0.3669487755652159,64,134,400,5,2,100,0.0,0,0.3,0.0,0.0,1.0,0.7,0.5,1.0,0.25,1.0,0.25
s1_0.5,1.0357800298458453,0.11007294721899809,1.0,1.0,0.3250574346361265,65,135,400,5,2,100,0.0,0,0.3,0.0,0.0,1.0,0.7,0.5,1.0,0.25,1.0,0.25
s1_0.5,0.9732896667291402,0.08993023446809763,1.0,1.0,-0.29701171612462757,66,136,400,5,2,100,0.0,0,0.3,0.0,0.0,1.0,0.7,0.5,1.0,0.25,1.0,0.25
s1_0.5,0.8894232374557132,0.09198685435470469,1.0,1.0,-1.2020930960189027,67,137,400,5,2,100,0.0,0,0.3,0.0,0.0,1.0,0.7,0.5,1.0,0.25,1.0,0.25
s1_0.5,1.0526841945835654,0.08845146388655133,1.0,1.0,0.5956282945315486,68,138,400,5,2,100,0.0,0,0.3,0.0,0.0,1.0,0.7,0.5,1.0,0.25,1.0,0.25
s1_0.5,0.7603780601729354,0.09958791878493421,1.0,1.0,-2.4061346270780275,69,139,400,5,2,100,0.0,0,0.3,0.0,0.0,1.0,0.7,0.5,1.0,0.25,1.0,0.25
s1_0.5,0.9568884957132295,0.09487001001571939,1.0,1.0,-0.4544271079936341,70,140,400,5,2,100,0.0,0,0.3,0.0,0.0,1.0,0.7,0.5,1.0,0.25,1.0,0.25
s1_0.5,0.9967602212625399,0.10184692364614267,1.0,1.0,-0.03181027586769693,71,141,400,5,2,100,0.0,0,0.3,0.0,0.0,1.0,0.7,0.5,1.0,0.25,1.0,0.25
s1_0.5,0.996997234598392,0.10195260287917203,1.0,1.0,-0.029452562434004126,72,142,400,5,2,100,0.0,0,0.3,0.0,0.0,1.0,0.7,0.5,1.0,0.25,1.0,0.25
s1_0.5,0.9321907079577956,0.11004551068482617,1.0,1.0,-0.6161931697187756,73,143,400,5,2,100,0.0,0,0.3,0.0,0.0,1.0,0.7,0.5,1.0,0.25,1.0,0.25
s1_0.5,0.9486000907147693,0.10277579076980363,1.0,1.0,-0.5001168942631231,74,144,400,5,2,100,0.0,0,0.3,0.0,0.0,1.0,0.7,0.5,1.0,0.25,1.0,0.25
s1_0.5,0.909109494843895,0.10266401562348017,1.0,1.0,-0.8853199887431397,75,145,400,5,2,100,0.0,0,0.3,0.0,0.0,1.0,0.7,0.5,1.0,0.25,1.0,0.25
s1_0.5,1.0118243293339693,0.09984509907803601,1.0,1.0,0.11842673744785122,76,146,400,5,2,100,0.0,0,0.3,0.0,0.0,1.0,0.7,0.5,1.0,0.25,1.0,0.25
s1_0.5,0.9255293938240654,0.09842145823865792,1.0,1.0,-0.7566500995682676,77,147,400,5,2,100,0.0,0,0.3,0.0,0.0,1.0,0.7,0.5,1.0,0.25,1.0,0.25
s1_0.5,0.9907264677076221,0.08874922900323128,1.0,1.0,-0.10449141244979478,78,148,400,5,2,100,0.0,0,0.3,0.0,0.0,1.0,0.7,0.5,1.0,0.25,1.0,0.25
s1_0.5,0.9422581084511427,0.09853911169106097,1.0,1.0,-0.585979420333007,79,149,400,5,2,100,0.0,0,0.3,0.0,0.0,1.0,0.7,0.5,1.0,0.25,1.0,0.25
s1_0.5,0.888100683053754,0.09484032192718587,1.0,1.0,-1.1798706992175465,80,150,400,5,2,100,0.0,0,0.3,0.0,0.0,1.0,0.7,0.5,1.0,0.25,1.0,0.25
s1_0.5,0.9678981921838153,0.08111121496114887,1.0,1.0,-0.3957752060742891,81,151,400,5,2,100,0.0,0,0.3,0.0,0.0,1.0,0.7,0.5,1.0,0.25,1.0,0.25
s1_0.5,1.1346293188050462,0.09544273081072362,1.0,1.0,1.4105769780627417,82,152,400,5,2,100,0.0,0,0.3,0.0,0.0,1.0,0.7,0.5,1.0,0.25,1.0,0.25
s1_0.5,0.9608872232213658,0.09637123355171949,1.0,1.0,-0.40585530907045614,83,153,400,5,2,100,0.0,0,0.3,0.0,0.0,1.0,0.7,0.5,1.0,0.25,1.0,0.25
s1_0.5,0.7888384813135015,0.10255867125364897,1.0,1.0,-2.0589338386049487,84,154,400,5,2,100,0.0,0,0.3,0.0,0.0,1.0,0.7,0.5,1.0,0.25,1.0,0.25
s1_0.5,1.0667472917300083,0.09311063124858333,1.0,1.0,0.716860049544813,85,155,400,5,2,100,0.0,0,0.3,0.0,0.0,1.0,0.7,0.5,1.0,0.25,1.0,0.25
s1_0.5,0.9777867658548155,0.10006721830769222,1.0,1.0,-0.2219831281497405,86,156,400,5,2,100,0.0,0,0.3,0.0,0.0,1.0,0.7,0.5,1.0,0.25,1.0,0.25
s1_0.5,0.8568806791347837,0.10664326410641076,1.0,1.0,-1.342038074926223,87,157,400,5,2,100,0.0,0,0.3,0.0,0.0,1.0,0.7,0.5,1.0,0.25,1.0,0.25
s1_0.5,0.9322855142566099,0.1019429246237811,1.0,1.0,-0.6642391906381876,88,158,400,5,2,100,0.0,0,0.3,0.0,0.0,1.0,0.7,0.5,1.0,0.25,1.0,0.25
s1_0.5,1.0801982177132308,0.10807756364369098,1.0,1.0,0.7420431679754315,89,159,400,5,2,100,0.0,0,0.3,0.0,0.0,1.0,0.7,0.5,1.0,0.25,1.0,0.25
s1_0.5,0.9786868627382423,0.09522372511895418,1.0,1.0,-0.22382171286759814,90,160,400,5,2,100,0.0,0,0.3,0.0,0.0,1.0,0.7,0.5,1.0,0.25,1.0,0.25
s1_0.5,0.7861131584200148,0.10504202908807983,1.0,1.0,-2.0362024937716767,91,161,400,5,2,100,0.0,0,0.3,0.0,0.0,1.0,0.7,0.5,1.0,0.25,1.0,0.25
s1_0.5,0.8194834796194246,0.11358508300229059,1.0,1.0,-1.589262565199121,92,162,400,5,2,100,0.0,0,0.3,0.0,0.0,1.0,0.7,0.5,1.0,0.25,1.0,0.25
s1_0.5,0.9548721861034846,0.0915672267163449,1.0,1.0,-0.49283805478035786,93,163,400,5,2,100,0.0,0,0.3,0.0,0.0,1.0,0.7,0.5,1.0,0.25,1.0,0.25
s1_0.5,0.7276400622917933,0.09758437447619024,1.0,1.0,-2.7910199677988423,94,164,400,5,2,100,0.0,0,0.3,0.0,0.0,1.0,0.7,0.5,1.0,0.25,1.0,0.25
s1_0.5,0.9084525781589077,0.10010963078297895,1.0,1.0,-0.9144716759524558,95,165,400,5,2,100,0.0,0,0.3,0.0,0.0,1.0,0.7,0.5,1.0,0.25,1.0,0.25
s1_0.5,0.9879162534916751,0.09412363914820317,1.0,1.0,-0.12838163311236112,96,166,400,5,2,100,0.0,0,0.3,0.0,0.0,1.0,0.7,0.5,1.0,0.25,1.0,0.25
s1_0.5,0.8758001398380592,0.09759904510933687,1.0,1.0,-1.2725520011266913,97,167,400,5,2,100,0.0,0,0.3,0.0,0.0,1.0,0.7,0.5,1.0,0.25,1.0,0.25
s1_0.5,0.9166117032669435,0.10808509811265654,1.0,1.0,-0.771505954004328,98,168,400,5,2,100,0.0,0,0.3,0.0,0.0,1.0,0.7,0.5,1.0,0.25,1.0,0.25
s1_0.5,0.9906779654109843,0.11292382754666434,1.0,1.0,-0.08255152868568408,99,169,400,5,2,100,0.0,0,0.3,0.0,0.0,1.0,0.7,0.5,1.0,0.25,1.0,0.25
s1_1.0,1.101221064310207,0.04267703366494649,1.0,1.0,2.3717924049005914,0,71,400,5,2,100,0.0,0,0.3,0.0,0.0,1.0,0.7,1.0,1.0,0.25,1.0,0.25
s1_1.0,0.9535141555191258,0.049491028925187905,1.0,1.0,-0.9392781983002131,1,72,400,5,2,100,0.0,0,0.3,0.0,0.0,1.0,0.7,1.0,1.0,0.25,1.0,0.25
s1_1.0,0.9004646029747968,0.049855606941377216,1.0,1.0,-1.9964734787451697,2,73,400,5,2,100,0.0,0,0.3,0.0,0.0,1.0,0.7,1.0,1.0,0.25,1.0,0.25
s1_1.0,0.9691233384591987,0.05122341057709428,1.0,1.0,-0.6027841799860252,3,74,400,5,2,100,0.0,0,0.3,0.0,0.0,1.0,0.7,1.0,1.0,0.25,1.0,0.25
s1_1.0,1.0231961546750952,0.04989360685365243,1.0,1.0,0.46491236328401686,4,75,400,5,2,100,0.0,0,0.3,0.0,0.0,1.0,0.7,1.0,1.0,0.25,1.0,0.25
s1_1.0,1.058977598371803,0.054965919918935034,1.0,1.0,1.0729848323976845,5,76,400,5,2,100,0.0,0,0.3,0.0,0.0,1.0,0.7,1.0,1.0,0.25,1.0,0.25
s1_1.0,0.9797221295845248,0.04690135829716455,1.0,1.0,-0.4323514531710514,6,77,400,5,2,100,0.0,0,0.3,0.0,0.0,1.0,0.7,1.0,1.0,0.25,1.0,0.25
s1_1.0,1.033260481693439,0.05345743600626823,1.0,1.0,0.6221862509368944,7,78,400,5,2,100,0.0,0,0.3,0.0,0.0,1.0,0.7,1.0,1.0,0.25,1.0,0.25
s1_1.0,0.9157469728891159,0.047858481980632334,1.0,1.0,-1.7604617535712928,8,79,400,5,2,100,0.0,0,0.3,0.0,0.0,1.0,0.7,1.0,1.0,0.25,1.0,0.25
s1_1.0,0.9062547490053843,0.046811583095538636,1.0,1.0,-2.002608004161903,9,80,400,5,2,100,0.0,0,0.3,0.0,0.0,1.0,0.7,1.0,1.0,0.25,1.0,0.25
s1_1.0,1.0484009891854569,0.056249118787361295,1.0,1.0,0.860475510175142,10,81,400,5,2,100,0.0,0,0.3,0.0,0.0,1.0,0.7,1.0,1.0,0.25,1.0,0.25
s1_1.0,0.91813000959461,0.04856479268491338,1.0,1.0,-1.6857889404894517,11,82,400,5,2,100,0.0,0,0.3,0.0,0.0,1.0,0.7,1.0,1.0,0.25,1.0,0.25
s1_1.0,1.0187315507987849,0.05256766376590241,1.0,1.0,0.35633219087310714,12,83,400,5,2,100,0.0,0,0.3,0.0,0.0,1.0,0.7,1.0,1.0,0.25,1.0,0.25
s1_1.0,0.9033387904587699,0.04770724161334442,1.0,1.0,-2.0261328526315925,13,84,400,5,2,100,0.0,0,0.3,0.0,0.0,1.0,0.7,1.0,1.0,0.25,1.0,0.25
s1_1.0,0.9592987218629251,0.04683385544900985,1.0,1.0,-0.869056748517923,14,85,400,5,2,100,0.0,0,0.3,0.0,0.0,1.0,0.7,1.0,1.0,0.25,1.0,0.25
s1_1.0,1.0644406989102948,0.058610193559965204,1.0,1.0,1.099479373743482,15,86,400,5,2,100,0.0,0,0.3,0.0,0.0,1.0,0.7,1.0,1.0,0.25,1.0,0.25
s1_1.0,1.045738270553248,0.05740542498170238,1.0,1.0,0.7967586786061922,16,87,400,5,2,100,0.0,0,0.3,0.0,0.0,1.0,0.7,1.0,1.0,0.25,1.0,0.25
s1_1.0,1.0020303720063068,0.052710620784687974,1.0,1.0,0.038519220151105746,17,88,400,5,2,100,0.0,0,0.3,0.0,0.0,1.0,0.7,1.0,1.0,0.25,1.0,0.25
s1_1.0,0.921997915487589,0.051159982369014645,1.0,1.0,-1.52466988650984,18,89,400,5,2,100,0.0,0,0.3,0.0,0.0,1.0,0.7,1.0,1.0,0.25,1.0,0.25
s1_1.0,1.005475204941303,0.051671286751061515,1.0,1.0,0.10596223329372488,19,90,400,5,2,100,0.0,0,0.3,0.0,0.0,1.0,0.7,1.0,1.0,0.25,1.0,0.25
s1_1.0,1.0615745645123147,0.04975755100590648,1.0,1.0,1.2374918633958787,20,91,400,5,2,100,0.0,0,0.3,0.0,0.0,1.0,0.7,1.0,1.0,0.25,1.0,0.25
s1_1.0,0.9401944616865173,0.053052847291923104,1.0,1.0,-1.1272823489454376,21,92,400,5,2,100,0.0,0,0.3,0.0,0.0,1.0,0.7,1.0,1.0,0.25,1.0,0.25
s1_1.0,1.0772927065186781,0.0509584376584099,1.0,1.0,1.516779361188327,22,93,400,5,2,100,0.0,0,0.3,0.0,0.0,1.0,0.7,1.0,1.0,0.25,1.0,0.25
s1_1.0,1.0691127109391498,0.04815890047954123,1.0,1.0,1.4350973600094994,23,94,400,5,2,100,0.0,0,0.3,0.0,0.0,1.0,0.7,1.0,1.0,0.25,1.0,0.25
s1_1.0,1.0324143828060866,0.053994364661683114,1.0,1.0,0.6003289974646056,24,95,400,5,2,100,0.0,0,0.3,0.0,0.0,1.0,0.7,1.0,1.0,0.25,1.0,0.25
s1_1.0,1.0893250557792367,0.046385508077719274,1.0,1.0,1.9257104100179705,25,96,400,5,2,100,0.0,0,0.3,0.0,0.0,1.0,0.7,1.0,1.0,0.25,1.0,0.25
s1_1.0,0.9703457518379556,0.0496132629755819,1.0,1.0,-0.5977080801284794,26,97,400,5,2,100,0.0,0,0.3,0.0,0.0,1.0,0.7,1.0,1.0,0.25,1.0,0.25
s1_1.0,1.0163231720265886,0.049097374103663,1.0,1.0,0.33246527588469943,27,98,400,5,2,100,0.0,0,0.3,0.0,0.0,1.0,0.7,1.0,1.0,0.25,1.0,0.25
s1_1.0,0.9363643761735256,0.046395888303814505,1.0,1.0,-1.371578951345188,28,99,400,5,2,100,0.0,0,0.3,0.0,0.0,1.0,0.7,1.0,1.0,0.25,1.0,0.25
s1_1.0,1.063993650922346,0.05175583497023687,1.0,1.0,1.2364528745241323,29,100,400,5,2,100,0.0,0,0.3,0.0,0.0,1.0,0.7,1.0,1.0,0.25,1.0,0.25
s1_1.0,1.0114539696452787,0.05650618611827617,1.0,1.0,0.2027029327603839,30,101,400,5,2,100,0.0,0,0.3,0.0,0.0,1.0,0.7,1.0,1.0,0.25,1.0,0.25
s1_1.0,1.0609797346094187,0.04888170735665086,1.0,1.0,1.247496004272073,31,102,400,5,2,100,0.0,0,0.3,0.0,0.0,1.0,0.7,1.0,1.0,0.25,1.0,0.25
s1_1.0,0.9763112164021299,0.04874434819831304,1.0,1.0,-0.4859801079192584,32,103,400,5,2,100,0.0,0,0.3,0.0,0.0,1.0,0.7,1.0,1.0,0.25,1.0,0.25
s1_1.0,1.0167676148131493,0.05153204068214172,1.0,1.0,0.32538231731544887,33,104,400,5,2,100,0.0,0,0.3,0.0,0.0,1.0,0.7,1.0,1.0,0.25,1.0,0.25
s1_1.0,0.9717696011805,0.049793805082939055,1.0,1.0,-0.5669460040757679,34,105,400,5,2,100,0.0,0,0.3,0.0,0.0,1.0,0.7,1.0,1.0,0.25,1.0,0.25
s1_1.0,1.0083687393687197,0.0558079916264917,1.0,1.0,0.1499559314861126,35,106,400,5,2,100,0.0,0,0.3,0.0,0.0,1.0,0.7,1.0,1.0,0.25,1.0,0.25
s1_1.0,1.0272285908377468,0.05286814242130867,1.0,1.0,0.5150283250120812,36,107,400,5,2,100,0.0,0,0.3,0.0,0.0,1.0,0.7,1.0,1.0,0.25,1.0,0.25
s1_1.0,0.9434502958864392,0.04927458242771043,1.0,1.0,-1.1476445121888852,37,108,400,5,2,100,0.0,0,0.3,0.0,0.0,1.0,0.7,1.0,1.0,0.25,1.0,0.25
s1_1.0,1.0410507274022724,0.04890752923873409,1.0,1.0,0.8393539408194195,38,109,400,5,2,100,0.0,0,0.3,0.0,0.0,1.0,0.7,1.0,1.0,0.25,1.0,0.25
s1_1.0,1.0134468761260735,0.05510879702025034,1.0,1.0,0.2440059818604339,39,110,400,5,2,100,0.0,0,0.3,0.0,0.0,1.0,0.7,1.0,1.0,0.25,1.0,0.25
s1_1.0,1.1095928520944984,0.05672799590323183,1.0,1.0,1.9319006488691213,40,111,400,5,2,100,0.0,0,0.3,0.0,0.0,1.0,0.7,1.0,1.0,0.25,1.0,0.25
s1_1.0,0.9890981830364245,0.044824988817732454,1.0,1.0,-0.2432084703446222,41,112,400,5,2,100,0.0,0,0.3,0.0,0.0,1.0,0.7,1.0,1.0,0.25,1.0,0.25
s1_1.0,0.919775321204386,0.04998245601184224,1.0,1.0,-1.6050567578473245,42,113,400,5,2,100,0.0,0,0.3,0.0,0.0,1.0,0.7,1.0,1.0,0.25,1.0,0.25
s1_1.0,0.9915555570651632,0.04750429518950524,1.0,1.0,-0.1777616718898796,43,114,400,5,2,100,0.0,0,0.3,0.0,0.0,1.0,0.7,1.0,1.0,0.25,1.0,0.25
s1_1.0,1.0593766079316047,0.05120744708156921,1.0,1.0,1.1595307189796573,44,115,400,5,2,100,0.0,0,0.3,0.0,0.0,1.0,0.7,1.0,1.0,0.25,1.0,0.25
s1_1.0,1.0123840965576294,0.05102254419779646,1.0,1.0,0.24271813082508412,45,116,400,5,2,100,0.0,0,0.3,0.0,0.0,1.0,0.7,1.0,1.0,0.25,1.0,0.25
s1_1.0,0.939016950326666,0.0511000754247149,1.0,1.0,-1.1934042986527402,46,117,400,5,2,100,0.0,0,0.3,0.0,0.0,1.0,0.7,1.0,1.0,0.25,1.0,0.25
s1_1.0,0.9724815891144217,0.04740493051925636,1.0,1.0,-0.5804968087528367,47,118,400,5,2,100,0.0,0,0.3,0.0,0.0,1.0,0.7,1.0,1.0,0.25,1.0,0.25
s1_1.0,1.0020288094825278,0.044973285665689935,1.0,1.0,0.045111435655580574,48,119,400,5,2,100,0.0,0,0.3,0.0,0.0,1.0,0.7,1.0,1.0,0.25,1.0,0.25
s1_1.0,1.0242481558335672,0.049722819254880604,1.0,1.0,0.48766655223772537,49,120,400,5,2,100,0.0,0,0.3,0.0,0.0,1.0,0.7,1.0,1.0,0.25,1.0,0.25
s1_1.0,0.9917770582988742,0.05284194560087301,1.0,1.0,-0.15561390875414616,50,121,400,5,2,100,0.0,0,0.3,0.0,0.0,1.0,0.7,1.0,1.0,0.25,1.0,0.25
s1_1.0,0.955548007816712,0.0547890904473556,1.0,1.0,-0.8113292595357087,51,122,400,5,2,100,0.0,0,0.3,0.0,0.0,1.0,0.7,1.0,1.0,0.25,1.0,0.25
s1_1.0,1.0280585132039568,0.05136500438141772,1.0,1.0,0.5462573894787306,52,123,400,5,2,100,0.0,0,0.3,0.0,0.0,1.0,0.7,1.0,1.0,0.25,1.0,0.25
s1_1.0,1.0713621978008991,0.05602113080651446,1.0,1.0,1.2738442936357282,53,124,400,5,2,100,0.0,0,0.3,0.0,0.0,1.0,0.7,1.0,1.0,0.25,1.0,0.25
s1_1.0,0.9438416176543221,0.05367459888104423,1.0,1.0,-1.0462748398015673,54,125,400,5,2,100,0.0,0,0.3,0.0,0.0,1.0,0.7,1.0,1.0,0.25,1.0,0.25
s1_1.0,0.9390107650503954,0.05539989468484545,1.0,1.0,-1.1008908102904413,55,126,400,5,2,100,0.0,0,0.3,0.0,0.0,1.0,0.7,1.0,1.0,0.25,1.0,0.25
s1_1.0,0.9685264204550186,0.05201727898702306,1.0,1.0,-0.6050600907600963,56,127,400,5,2,100,0.0,0,0.3,0.0,0.0,1.0,0.7,1.0,1.0,0.25,1.0,0.25
s1_1.0,1.0735151882774683,0.054527741167606676,1.0,1.0,1.3482162786002492,57,128,400,5,2,100,0.0,0,0.3,0.0,0.0,1.0,0.7,1.0,1.0,0.25,1.0,0.25
s1_1.0,0.9645963866627776,0.047073122115818225,1.0,1.0,-0.7520982621487423,58,129,400,5,2,100,0.0,0,0.3,0.0,0.0,1.0,0.7,1.0,1.0,0.25,1.0,0.25
s1_1.0,1.0537539148375377,0.050257278371702144,1.0,1.0,1.0695747278627872,59,130,400,5,2,100,0.0,0,0.3,0.0,0.0,1.0,0.7,1.0,1.0,0.25,1.0,0.25
s1_1.0,0.9775733160551595,0.054475016726948655,1.0,1.0,-0.41168750910628105,60,131,400,5,2,100,0.0,0,0.3,0.0,0.0,1.0,0.7,1.0,1.0,0.25,1.0,0.25
s1_1.0,0.9913879406058504,0.054299144463165465,1.0,1.0,-0.1586039610622531,61,132,400,5,2,100,0.0,0,0.3,0.0,0.0,1.0,0.7,1.0,1.0,0.25,1.0,0.25
s1_1.0,1.0224965078627157,0.04928192990733968,1.0,1.0,0.45648593521020514,62,133,400,5,2,100,0.0,0,0.3,0.0,0.0,1.0,0.7,1.0,1.0,0.25,1.0,0.25
s1_1.0,0.9682554795860743,0.051034770900848285,1.0,1.0,-0.6220174961811786,63,134,400,5,2,100,0.0,0,0.3,0.0,0.0,1.0,0.7,1.0,1.0,0.25,1.0,0.25
s1_1.0,0.9970119967310955,0.056898836917189194,1.0,1.0,-0.05251431190506097,64,135,400,5,2,100,0.0,0,0.3,0.0,0.0,1.0,0.7,1.0,1.0,0.25,1.0,0.25
s1_1.0,0.9740057110172937,0.04747225104742377,1.0,1.0,-0.5475680720667435,65,136,400,5,2,100,0.0,0,0.3,0.0,0.0,1.0,0.7,1.0,1.0,0.25,1.0,0.25
s1_1.0,0.9531238444869591,0.050621699175499996,1.0,1.0,-0.9260091280327497,66,137,400,5,2,100,0.0,0,0.3,0.0,0.0,1.0,0.7,1.0,1.0,0.25,1.0,0.25
s1_1.0,1.0296505455363683,0.04752254573442495,1.0,1.0,0.6239258667258147,67,138,400,5,2,100,0.0,0,0.3,0.0,0.0,1.0,0.7,1.0,1.0,0.25,1.0,0.25
s1_1.0,0.865915099996975,0.051606290262034095,1.0,1.0,-2.5982278385483766,68,139,400,5,2,100,0.0,0,0.3,0.0,0.0,1.0,0.7,1.0,1.0,0.25,1.0,0.25
s1_1.0,0.9645075891946855,0.04686744138541109,1.0,1.0,-0.7572935444340813,69,140,400,5,2,100,0.0,0,0.3,0.0,0.0,1.0,0.7,1.0,1.0,0.25,1.0,0.25
s1_1.0,0.9915086334943024,0.04904299289129565,1.0,1.0,-0.17314127880651178,70,141,400,5,2,100,0.0,0,0.3,0.0,0.0,1.0,0.7,1.0,1.0,0.25,1.0,0.25
s1_1.0,1.0048336804749505,0.05000826672044938,1.0,1.0,0.09665762866709968,71,142,400,5,2,100,0.0,0,0.3,0.0,0.0,1.0,0.7,1.0,1.0,0.25,1.0,0.25
s1_1.0,0.9809744199992171,0.055349016806162304,1.0,1.0,-0.34373835523424684,72,143,400,5,2,100,0.0,0,0.3,0.0,0.0,1.0,0.7,1.0,1.0,0.25,1.0,0.25
s1_1.0,0.9665485406052245,0.054954389206617306,1.0,1.0,-0.608713150627601,73,144,400,5,2,100,0.0,0,0.3,0.0,0.0,1.0,0.7,1.0,1.0,0.25,1.0,0.25
s1_1.0,0.9597224554529944,0.05476104744122555,1.0,1.0,-0.735514502169358,74,145,400,5,2,100,0.0,0,0.3,0.0,0.0,1.0,0.7,1.0,1.0,0.25,1.0,0.25
s1_1.0,1.0075870528061546,0.051835773630981914,1.0,1.0,0.14636711820231882,75,146,400,5,2,100,0.0,0,0.3,0.0,0.0,1.0,0.7,1.0,1.0,0.25,1.0,0.25
s1_1.0,0.9567757955595769,0.04981320640531639,1.0,1.0,-0.867725801240731,76,147,400,5,2,100,0.0,0,0.3,0.0,0.0,1.0,0.7,1.0,1.0,0.25,1.0,0.25
s1_1.0,0.9867921174081102,0.0459487800788772,1.0,1.0,-0.28744794898181575,77,148,400,5,2,100,0.0,0,0.3,0.0,0.0,1.0,0.7,1.0,1.0,0.25,1.0,0.25
s1_1.0,0.9645556534541608,0.04978743359286819,1.0,1.0,-0.7119135088520891,78,149,400,5,2,100,0.0,0,0.3,0.0,0.0,1.0,0.7,1.0,1.0,0.25,1.0,0.25
s1_1.0,0.9451681132701202,0.04778291976866504,1.0,1.0,-1.147520641169302,79,150,400,5,2,100,0.0,0,0.3,0.0,0.0,1.0,0.7,1.0,1.0,0.25,1.0,0.25
s1_1.0,0.9692278025535994,0.04310534250488032,1.0,1.0,-0.7138836083466128,80,151,400,5,2,100,0.0,0,0.3,0.0,0.0,1.0,0.7,1.0,1.0,0.25,1.0,0.25
s1_1.0,1.0656444001198666,0.049661836743249345,1.0,1.0,1.321827874777302,81,152,400,5,2,100,0.0,0,0.3,0.0,0.0,1.0,0.7,1.0,1.0,0.25,1.0,0.25
s1_1.0,0.9877861309019541,0.051919954336948,1.0,1.0,-0.23524421879843777,82,153,400,5,2,100,0.0,0,0.3,0.0,0.0,1.0,0.7,1.0,1.0,0.25,1.0,0.25
s1_1.0,0.8472896817111202,0.051190111453609605,1.0,1.0,-2.983199566331705,83,154,400,5,2,100,0.0,0,0.3,0.0,0.0,1.0,0.7,1.0,1.0,0.25,1.0,0.25
s1_1.0,1.0453145736751355,0.047668169445655495,1.0,1.0,0.9506254215781611,84,155,400,5,2,100,0.0,0,0.3,0.0,0.0,1.0,0.7,1.0,1.0,0.25,1.0,0.25
s1_1.0,0.9611610677505474,0.05094539236100041,1.0,1.0,-0.7623639832673945,85,156,400,5,2,100,0.0,0,0.3,0.0,0.0,1.0,0.7,1.0,1.0,0.25,1.0,0.25
s1_1.0,0.9341192362235488,0.05422754067387489,1.0,1.0,-1.2148949216166558,86,157,400,5,2,100,0.0,0,0.3,0.0,0.0,1.0,0.7,1.0,1.0,0.25,1.0,0.25
s1_1.0,0.9484819018417109,0.05406255350523803,1.0,1.0,-0.9529349765785223,87,158,400,5,2,100,0.0,0,0.3,0.0,0.0,1.0,0.7,1.0,1.0,0.25,1.0,0.25
s1_1.0,1.0186847526118519,0.05255679035025359,1.0,1.0,0.35551548120292925,88,159,400,5,2,100,0.0,0,0.3,0.0,0.0,1.0,0.7,1.0,1.0,0.25,1.0,0.25
s1_1.0,0.9922173541374022,0.047275404061825295,1.0,1.0,-0.16462357153880489,89,160,400,5,2,100,0.0,0,0.3,0.0,0.0,1.0,0.7,1.0,1.0,0.25,1.0,0.25
s1_1.0,0.9205606209116649,0.05329725288751767,1.0,1.0,-1.4904966913771267,90,161,400,5,2,100,0.0,0,0.3,0.0,0.0,1.0,0.7,1.0,1.0,0.25,1.0,0.25
s1_1.0,0.8862761039168172,0.05710236093055113,1.0,1.0,-1.9915795814729227,91,162,400,5,2,100,0.0,0,0.3,0.0,0.0,1.0,0.7,1.0,1.0,0.25,1.0,0.25
s1_1.0,0.9765652515690203,0.04717810934429387,1.0,1.0,-0.49672928306556025,92,163,400,5,2,100,0.0,0,0.3,0.0,0.0,1.0,0.7,1.0,1.0,0.25,1.0,0.25
s1_1.0,0.8592058407895333,0.0493110246677108,1.0,1.0,-2.855226800887382,93,164,400,5,2,100,0.0,0,0.3,0.0,0.0,1.0,0.7,1.0,1.0,0.25,1.0,0.25
s1_1.0,0.947361714791002,0.04884449987784387,1.0,1.0,-1.0776706761384012,94,165,400,5,2,100,0.0,0,0.3,0.0,0.0,1.0,0.7,1.0,1.0,0.25,1.0,0.25
s1_1.0,0.9838573283902368,0.048923833495923,1.0,1.0,-0.3299551661483858,95,166,400,5,2,100,0.0,0,0.3,0.0,0.0,1.0,0.7,1.0,1.0,0.25,1.0,0.25
s1_1.0,0.9476413897495314,0.050258229462486564,1.0,1.0,-1.0417917783902397,96,167,400,5,2,100,0.0,0,0.3,0.0,0.0,1.0,0.7,1.0,1.0,0.25,1.0,0.25
s1_1.0,0.9420561144826435,0.05511016029209082,1.0,1.0,-1.0514192883897742,97,168,400,5,2,100,0.0,0,0.3,0.0,0.0,1.0,0.7,1.0,1.0,0.25,1.0,0.25
s1_1.0,0.9721345892267177,0.05665368319024751,1.0,1.0,-0.4918552370144775,98,169,400,5,2,100,0.0,0,0.3,0.0,0.0,1.0,0.7,1.0,1.0,0.25,1.0,0.25
s1_1.0,1.0820817390033088,0.0540604026574781,1.0,1.0,1.5183338445214962,99,170,400,5,2,100,0.0,0,0.3,0.0,0.0,1.0,0.7,1.0,1.0,0.25,1.0,0.25
s1_2.0,0.9746050830089589,0.025316426355057042,1.0,1.0,-1.0031003837146393,0,72,400,5,2,100,0.0,0,0.3,0.0,0.0,1.0,0.7,2.0,1.0,0.25,1.0,0.25
s1_2.0,0.9512681904137297,0.025163800978700756,1.0,1.0,-1.936583810510904,1,73,400,5,2,100,0.0,0,0.3,0.0,0.0,1.0,0.7,2.0,1.0,0.25,1.0,0.25
s1_2.0,0.9909104205451599,0.026561809840404432,1.0,1.0,-0.3422048237471203,2,74,400,5,2,100,0.0,0,0.3,0.0,0.0,1.0,0.7,2.0,1.0,0.25,1.0,0.25
s1_2.0,1.0134807774609302,0.02468921077121133,1.0,1.0,0.546018971033671,3,75,400,5,2,100,0.0,0,0.3,0.0,0.0,1.0,0.7,2.0,1.0,0.25,1.0,0.25
s1_2.0,1.0024846962964242,0.028255005907350847,1.0,1.0,0.08793826851679426,4,76,400,5,2,100,0.0,0,0.3,0.0,0.0,1.0,0.7,2.0,1.0,0.25,1.0,0.25
s1_2.0,0.9930768483983223,0.023661714421857265,1.0,1.0,-0.29258875659840095,5,77,400,5,2,100,0.0,0,0.3,0.0,0.0,1.0,0.7,2.0,1.0,0.25,1.0,0.25
s1_2.0,1.0077390507934074,0.026284474713184524,1.0,1.0,0.2944342954483867,6,78,400,5,2,100,0.0,0,0.3,0.0,0.0,1.0,0.7,2.0,1.0,0.25,1.0,0.25
s1_2.0,0.9521530622300409,0.02459236776883855,1.0,1.0,-1.945601099483671,7,79,400,5,2,100,0.0,0,0.3,0.0,0.0,1.0,0.7,2.0,1.0,0.25,1.0,0.25
s1_2.0,0.9503367808840596,0.023562091104558636,1.0,1.0,-2.107759404526362,8,80,400,5,2,100,0.0,0,0.3,0.0,0.0,1.0,0.7,2.0,1.0,0.25,1.0,0.25
s1_2.0,1.0173751005017413,0.028133346827850368,1.0,1.0,0.6175980628277385,9,81,400,5,2,100,0.0,0,0.3,0.0,0.0,1.0,0.7,2.0,1.0,0.25,1.0,0.25
s1_2.0,0.9617574895046785,0.02418155007657453,1.0,1.0,-1.5814747348379559,10,82,400,5,2,100,0.0,0,0.3,0.0,0.0,1.0,0.7,2.0,1.0,0.25,1.0,0.25
s1_2.0,0.9994516820749231,0.027957987302192944,1.0,1.0,-0.019612210247835538,11,83,400,5,2,100,0.0,0,0.3,0.0,0.0,1.0,0.7,2.0,1.0,0.25,1.0,0.25
s1_2.0,0.9581317294960099,0.023775671277530303,1.0,1.0,-1.760971121078655,12,84,400,5,2,100,0.0,0,0.3,0.0,0.0,1.0,0.7,2.0,1.0,0.25,1.0,0.25
s1_2.0,0.9649251224449403,0.0236531662346037,1.0,1.0,-1.4828829767300427,13,85,400,5,2,100,0.0,0,0.3,0.0,0.0,1.0,0.7,2.0,1.0,0.25,1.0,0.25
s1_2.0,1.0347642723452863,0.029650388239380213,1.0,1.0,1.1724727536320794,14,86,400,5,2,100,0.0,0,0.3,0.0,0.0,1.0,0.7,2.0,1.0,0.25,1.0,0.25
s1_2.0,1.0374621469758105,0.029264504912966248,1.0,1.0,1.280122355981226,15,87,400,5,2,100,0.0,0,0.3,0.0,0.0,1.0,0.7,2.0,1.0,0.25,1.0,0.25
s1_2.0,1.0150150259771424,0.02654471198339118,1.0,1.0,0.5656503633016332,16,88,400,5,2,100,0.0,0,0.3,0.0,0.0,1.0,0.7,2.0,1.0,0.25,1.0,0.25
s1_2.0,0.9600426336355524,0.02633498059038352,1.0,1.0,-1.5172734313325602,17,89,400,5,2,100,0.0,0,0.3,0.0,0.0,1.0,0.7,2.0,1.0,0.25,1.0,0.25
s1_2.0,0.999291613210576,0.02426620819969467,1.0,1.0,-0.02919231482703957,18,90,400,5,2,100,0.0,0,0.3,0.0,0.0,1.0,0.7,2.0,1.0,0.25,1.0,0.25
s1_2.0,1.0470448174033904,0.025134199079028332,1.0,1.0,1.8717452366582077,19,91,400,5,2,100,0.0,0,0.3,0.0,0.0,1.0,0.7,2.0,1.0,0.25,1.0,0.25
s1_2.0,0.9788268060975257,0.027412731428523376,1.0,1.0,-0.772385413605419,20,92,400,5,2,100,0.0,0,0.3,0.0,0.0,1.0,0.7,2.0,1.0,0.25,1.0,0.25
s1_2.0,1.0440906920955215,0.02664800264902916,1.0,1.0,1.65455898050685,21,93,400,5,2,100,0.0,0,0.3,0.0,0.0,1.0,0.7,2.0,1.0,0.25,1.0,0.25
s1_2.0,1.0295034218207835,0.024584132514964933,1.0,1.0,1.20010017855314,22,94,400,5,2,100,0.0,0,0.3,0.0,0.0,1.0,0.7,2.0,1.0,0.25,1.0,0.25
s1_2.0,1.0200153604533793,0.027956832645531844,1.0,1.0,0.7159380573313331,23,95,400,5,2,100,0.0,0,0.3,0.0,0.0,1.0,0.7,2.0,1.0,0.25,1.0,0.25
s1_2.0,1.0399628100807974,0.023389670786325315,1.0,1.0,1.7085665910339145,24,96,400,5,2,100,0.0,0,0.3,0.0,0.0,1.0,0.7,2.0,1.0,0.25,1.0,0.25
s1_2.0,0.976486051789055,0.026666002571593524,1.0,1.0,-0.8817950177501925,25,97,400,5,2,100,0.0,0,0.3,0.0,0.0,1.0,0.7,2.0,1.0,0.25,1.0,0.25
s1_2.0,1.0171523623631578,0.02491808093724723,1.0,1.0,0.6883500541776725,26,98,400,5,2,100,0.0,0,0.3,0.0,0.0,1.0,0.7,2.0,1.0,0.25,1.0,0.25
s1_2.0,0.9410507056913066,0.023722236486206017,1.0,1.0,-2.4849804672915736,27,99,400,5,2,100,0.0,0,0.3,0.0,0.0,1.0,0.7,2.0,1.0,0.25,1.0,0.25
s1_2.0,1.051131017431893,0.02751213733036641,1.0,1.0,1.8584894665910752,28,100,400,5,2,100,0.0,0,0.3,0.0,0.0,1.0,0.7,2.0,1.0,0.25,1.0,0.25
s1_2.0,0.9994723541668017,0.02803649055375209,1.0,1.0,-0.018819967220458516,29,101,400,5,2,100,0.0,0,0.3,0.0,0.0,1.0,0.7,2.0,1.0,0.25,1.0,0.25
s1_2.0,1.028085504523026,0.024936154540126508,1.0,1.0,1.1262965377372678,30,102,400,5,2,100,0.0,0,0.3,0.0,0.0,1.0,0.7,2.0,1.0,0.25,1.0,0.25
s1_2.0,0.9799584347699217,0.024597338164714155,1.0,1.0,-0.8147859372372529,31,103,400,5,2,100,0.0,0,0.3,0.0,0.0,1.0,0.7,2.0,1.0,0.25,1.0,0.25
s1_2.0,0.9922231744575358,0.025586610520572765,1.0,1.0,-0.3039412170756756,32,104,400,5,2,100,0.0,0,0.3,0.0,0.0,1.0,0.7,2.0,1.0,0.25,1.0,0.25
s1_2.0,0.9941718849223374,0.025260627793705706,1.0,1.0,-0.23071932832622558,33,105,400,5,2,100,0.0,0,0.3,0.0,0.0,1.0,0.7,2.0,1.0,0.25,1.0,0.25
s1_2.0,1.001980986368673,0.030475283499953095,1.0,1.0,0.06500304972310113,34,106,400,5,2,100,0.0,0,0.3,0.0,0.0,1.0,0.7,2.0,1.0,0.25,1.0,0.25
s1_2.0,1.0152939714751685,0.026793317290003466,1.0,1.0,0.5708129124001634,35,107,400,5,2,100,0.0,0,0.3,0.0,0.0,1.0,0.7,2.0,1.0,0.25,1.0,0.25
s1_2.0,0.9748489023248194,0.025447819767426206,1.0,1.0,-0.9883399798113404,36,108,400,5,2,100,0.0,0,0.3,0.0,0.0,1.0,0.7,2.0,1.0,0.25,1.0,0.25
s1_2.0,1.0446752096346097,0.025363968203148395,1.0,1.0,1.7613651490488866,37,109,400,5,2,100,0.0,0,0.3,0.0,0.0,1.0,0.7,2.0,1.0,0.25,1.0,0.25
s1_2.0,0.9773314493351201,0.02778144077514271,1.0,1.0,-0.8159602249701353,38,110,400,5,2,100,0.0,0,0.3,0.0,0.0,1.0,0.7,2.0,1.0,0.25,1.0,0.25
s1_2.0,1.0475511740694556,0.028299578915230716,1.0,1.0,1.6802785020897888,39,111,400,5,2,100,0.0,0,0.3,0.0,0.0,1.0,0.7,2.0,1.0,0.25,1.0,0.25
s1_2.0,0.995960236045755,0.024737337036132352,1.0,1.0,-0.16330633925326515,40,112,400,5,2,100,0.0,0,0.3,0.0,0.0,1.0,0.7,2.0,1.0,0.25,1.0,0.25
s1_2.0,0.9753004006835632,0.026160320203693792,1.0,1.0,-0.9441627290536488,41,113,400,5,2,100,0.0,0,0.3,0.0,0.0,1.0,0.7,2.0,1.0,0.25,1.0,0.25
s1_2.0,1.0037096492111601,0.02285251828662741,1.0,1.0,0.16232999639829185,42,114,400,5,2,100,0.0,0,0.3,0.0,0.0,1.0,0.7,2.0,1.0,0.25,1.0,0.25
s1_2.0,1.0270208936273986,0.026058017621365597,1.0,1.0,1.0369512378118697,43,115,400,5,2,100,0.0,0,0.3,0.0,0.0,1.0,0.7,2.0,1.0,0.25,1.0,0.25
s1_2.0,1.0025669664453452,0.0244997452050578,1.0,1.0,0.10477523026709769,44,116,400,5,2,100,0.0,0,0.3,0.0,0.0,1.0,0.7,2.0,1.0,0.25,1.0,0.25
s1_2.0,0.9552315672701225,0.02627328480374959,1.0,1.0,-1.7039526296113683,45,117,400,5,2,100,0.0,0,0.3,0.0,0.0,1.0,0.7,2.0,1.0,0.25,1.0,0.25
s1_2.0,0.9861944209721983,0.024232973491390725,1.0,1.0,-0.5697022295966438,46,118,400,5,2,100,0.0,0,0.3,0.0,0.0,1.0,0.7,2.0,1.0,0.25,1.0,0.25
s1_2.0,0.9997015153196023,0.022946077486126464,1.0,1.0,-0.013008091713199964,47,119,400,5,2,100,0.0,0,0.3,0.0,0.0,1.0,0.7,2.0,1.0,0.25,1.0,0.25
s1_2.0,1.0022986631252988,0.025361068813964667,1.0,1.0,0.09063747045365389,48,120,400,5,2,100,0.0,0,0.3,0.0,0.0,1.0,0.7,2.0,1.0,0.25,1.0,0.25
s1_2.0,1.0071700801301497,0.02818958485398475,1.0,1.0,0.25435210086594157,49,121,400,5,2,100,0.0,0,0.3,0.0,0.0,1.0,0.7,2.0,1.0,0.25,1.0,0.25
s1_2.0,0.9834553153860374,0.026925957273441277,1.0,1.0,-0.6144511203797264,50,122,400,5,2,100,0.0,0,0.3,0.0,0.0,1.0,0.7,2.0,1.0,0.25,1.0,0.25
s1_2.0,1.0230423586166035,0.0260505217472784,1.0,1.0,0.8845258010623476,51,123,400,5,2,100,0.0,0,0.3,0.0,0.0,1.0,0.7,2.0,1.0,0.25,1.0,0.25
s1_2.0,1.035972993638486,0.02905641397920543,1.0,1.0,1.2380396859788187,52,124,400,5,2,100,0.0,0,0.3,0.0,0.0,1.0,0.7,2.0,1.0,0.25,1.0,0.25
s1_2.0,0.9688037406334473,0.027419671606189664,1.0,1.0,-1.1377327859576005,53,125,400,5,2,100,0.0,0,0.3,0.0,0.0,1.0,0.7,2.0,1.0,0.25,1.0,0.25
s1_2.0,0.9535266753929557,0.028375945047791368,1.0,1.0,-1.6377718708142754,54,126,400,5,2,100,0.0,0,0.3,0.0,0.0,1.0,0.7,2.0,1.0,0.25,1.0,0.25
s1_2.0,0.9681959222916259,0.026348205319748012,1.0,1.0,-1.207068083856813,55,127,400,5,2,100,0.0,0,0.3,0.0,0.0,1.0,0.7,2.0,1.0,0.25,1.0,0.25
s1_2.0,1.026973078875821,0.029025230871705977,1.0,1.0,0.9292976512415778,56,128,400,5,2,100,0.0,0,0.3,0.0,0.0,1.0,0.7,2.0,1.0,0.25,1.0,0.25
s1_2.0,0.9752431917082592,0.02301992489601491,1.0,1.0,-1.0754513059261341,57,129,400,5,2,100,0.0,0,0.3,0.0,0.0,1.0,0.7,2.0,1.0,0.25,1.0,0.25
s1_2.0,1.0147718221984792,0.027245613423843924,1.0,1.0,0.5421724946574941,58,130,400,5,2,100,0.0,0,0.3,0.0,0.0,1.0,0.7,2.0,1.0,0.25,1.0,0.25
s1_2.0,0.9978036329331337,0.026800861178191072,1.0,1.0,-0.08195136164705014,59,131,400,5,2,100,0.0,0,0.3,0.0,0.0,1.0,0.7,2.0,1.0,0.25,1.0,0.25
s1_2.0,1.0090270974660034,0.02788723484974455,1.0,1.0,0.3236999836893501,60,132,400,5,2,100,0.0,0,0.3,0.0,0.0,1.0,0.7,2.0,1.0,0.25,1.0,0.25
s1_2.0,1.0096899017170604,0.025371722195186415,1.0,1.0,0.38191738197806707,61,133,400,5,2,100,0.0,0,0.3,0.0,0.0,1.0,0.7,2.0,1.0,0.25,1.0,0.25
s1_2.0,0.9858727082670936,0.025921889358620203,1.0,1.0,-0.5449946775661406,62,134,400,5,2,100,0.0,0,0.3,0.0,0.0,1.0,0.7,2.0,1.0,0.25,1.0,0.25
s1_2.0,0.999211861059517,0.02939384971672256,1.0,1.0,-0.02681305606712127,63,135,400,5,2,100,0.0,0,0.3,0.0,0.0,1.0,0.7,2.0,1.0,0.25,1.0,0.25
s1_2.0,0.9907897967362992,0.024207557052544636,1.0,1.0,-0.3804681010855103,64,136,400,5,2,100,0.0,0,0.3,0.0,0.0,1.0,0.7,2.0,1.0,0.25,1.0,0.25
s1_2.0,0.9784069169893163,0.026280386966377547,1.0,1.0,-0.8216425061894782,65,137,400,5,2,100,0.0,0,0.3,0.0,0.0,1.0,0.7,2.0,1.0,0.25,1.0,0.25
s1_2.0,1.0096283089738107,0.024233305700934443,1.0,1.0,0.3973171919933094,66,138,400,5,2,100,0.0,0,0.3,0.0,0.0,1.0,0.7,2.0,1.0,0.25,1.0,0.25
s1_2.0,0.9448406021425717,0.026480563886682174,1.0,1.0,-2.0830144740675074,67,139,400,5,2,100,0.0,0,0.3,0.0,0.0,1.0,0.7,2.0,1.0,0.25,1.0,0.25
s1_2.0,0.9749880836327994,0.024064907865204783,1.0,1.0,-1.0393522596180416,68,140,400,5,2,100,0.0,0,0.3,0.0,0.0,1.0,0.7,2.0,1.0,0.25,1.0,0.25
s1_2.0,0.9912195312441512,0.024914671681917147,1.0,1.0,-0.352421611970171,69,141,400,5,2,100,0.0,0,0.3,0.0,0.0,1.0,0.7,2.0,1.0,0.25,1.0,0.25
s1_2.0,0.9983384275063268,0.024930254406782877,1.0,1.0,-0.06664883825738606,70,142,400,5,2,100,0.0,0,0.3,0.0,0.0,1.0,0.7,2.0,1.0,0.25,1.0,0.25
s1_2.0,0.9701032303033483,0.028517668996308476,1.0,1.0,-1.0483595170601676,71,143,400,5,2,100,0.0,0,0.3,0.0,0.0,1.0,0.7,2.0,1.0,0.25,1.0,0.25
s1_2.0,0.9720831363610536,0.029895979257702668,1.0,1.0,-0.9337999400622965,72,144,400,5,2,100,0.0,0,0.3,0.0,0.0,1.0,0.7,2.0,1.0,0.25,1.0,0.25
s1_2.0,0.9775678937505509,0.0284520596662243,1.0,1.0,-0.7884176580748035,73,145,400,5,2,100,0.0,0,0.3,0.0,0.0,1.0,0.7,2.0,1.0,0.25,1.0,0.25
s1_2.0,0.9905327544369116,0.02731676909410169,1.0,1.0,-0.34657266862253544,74,146,400,5,2,100,0.0,0,0.3,0.0,0.0,1.0,0.7,2.0,1.0,0.25,1.0,0.25
s1_2.0,0.9744908743951324,0.0257158079588584,1.0,1.0,-0.9919628286880412,75,147,400,5,2,100,0.0,0,0.3,0.0,0.0,1.0,0.7,2.0,1.0,0.25,1.0,0.25
s1_2.0,0.9934690685122514,0.025418422547632213,1.0,1.0,-0.25693693129501494,76,148,400,5,2,100,0.0,0,0.3,0.0,0.0,1.0,0.7,2.0,1.0,0.25,1.0,0.25
s1_2.0,0.9838404350783286,0.025314620889443522,1.0,1.0,-0.638349078670583,77,149,400,5,2,100,0.0,0,0.3,0.0,0.0,1.0,0.7,2.0,1.0,0.25,1.0,0.25
s1_2.0,0.9619530572715345,0.02533961527965111,1.0,1.0,-1.5014806779256433,78,150,400,5,2,100,0.0,0,0.3,0.0,0.0,1.0,0.7,2.0,1.0,0.25,1.0,0.25
s1_2.0,0.9758232226264665,0.022649149374235865,1.0,1.0,-1.0674474777863128,79,151,400,5,2,100,0.0,0,0.3,0.0,0.0,1.0,0.7,2.0,1.0,0.25,1.0,0.25
s1_2.0,1.0389187035472238,0.024382873955398645,1.0,1.0,1.5961491503591512,80,152,400,5,2,100,0.0,0,0.3,0.0,0.0,1.0,0.7,2.0,1.0,0.25,1.0,0.25
s1_2.0,1.0062279717297458,0.02587052893463674,1.0,1.0,0.24073615755909214,81,153,400,5,2,100,0.0,0,0.3,0.0,0.0,1.0,0.7,2.0,1.0,0.25,1.0,0.25
s1_2.0,0.9129833556234641,0.02594144461454333,1.0,1.0,-3.3543484439471998,82,154,400,5,2,100,0.0,0,0.3,0.0,0.0,1.0,0.7,2.0,1.0,0.25,1.0,0.25
s1_2.0,1.019166341888249,0.026059344235254973,1.0,1.0,0.7354882653692967,83,155,400,5,2,100,0.0,0,0.3,0.0,0.0,1.0,0.7,2.0,1.0,0.25,1.0,0.25
s1_2.0,0.9803133166380636,0.024580419870415145,1.0,1.0,-0.8009091571959327,84,156,400,5,2,100,0.0,0,0.3,0.0,0.0,1.0,0.7,2.0,1.0,0.25,1.0,0.25
s1_2.0,0.9619479709019523,0.028300397717413234,1.0,1.0,-1.3445757716201392,85,157,400,5,2,100,0.0,0,0.3,0.0,0.0,1.0,0.7,2.0,1.0,0.25,1.0,0.25
s1_2.0,0.9817028888032748,0.028963659787049362,1.0,1.0,-0.6317264921371031,86,158,400,5,2,100,0.0,0,0.3,0.0,0.0,1.0,0.7,2.0,1.0,0.25,1.0,0.25
s1_2.0,1.0186179828136421,0.027604407433807335,1.0,1.0,0.6744568909253433,87,159,400,5,2,100,0.0,0,0.3,0.0,0.0,1.0,0.7,2.0,1.0,0.25,1.0,0.25
s1_2.0,0.9941436092140007,0.024402593445362195,1.0,1.0,-0.23999050752994205,88,160,400,5,2,100,0.0,0,0.3,0.0,0.0,1.0,0.7,2.0,1.0,0.25,1.0,0.25
s1_2.0,0.9491026019353014,0.02711919049136123,1.0,1.0,-1.876803737224822,89,161,400,5,2,100,0.0,0,0.3,0.0,0.0,1.0,0.7,2.0,1.0,0.25,1.0,0.25
s1_2.0,0.944188406162913,0.02971475535346154,1.0,1.0,-1.8782451066212593,90,162,400,5,2,100,0.0,0,0.3,0.0,0.0,1.0,0.7,2.0,1.0,0.25,1.0,0.25
s1_2.0,1.0038331540957384,0.024044205719962883,1.0,1.0,0.1594211154397112,91,163,400,5,2,100,0.0,0,0.3,0.0,0.0,1.0,0.7,2.0,1.0,0.25,1.0,0.25
s1_2.0,0.917008533026167,0.025525026564083526,1.0,1.0,-3.251376321410413,92,164,400,5,2,100,0.0,0,0.3,0.0,0.0,1.0,0.7,2.0,1.0,0.25,1.0,0.25
s1_2.0,0.9716124365754992,0.024973273907361773,1.0,1.0,-1.1367177379227205,93,165,400,5,2,100,0.0,0,0.3,0.0,0.0,1.0,0.7,2.0,1.0,0.25,1.0,0.25
s1_2.0,1.0001433684879542,0.024934837188474935,1.0,1.0,0.0057497262512875,94,166,400,5,2,100,0.0,0,0.3,0.0,0.0,1.0,0.7,2.0,1.0,0.25,1.0,0.25
s1_2.0,0.9800037935276347,0.027164120215441047,1.0,1.0,-0.7361256802640264,95,167,400,5,2,100,0.0,0,0.3,0.0,0.0,1.0,0.7,2.0,1.0,0.25,1.0,0.25
s1_2.0,0.9756006859020385,0.028237733005092684,1.0,1.0,-0.8640677384959002,96,168,400,5,2,100,0.0,0,0.3,0.0,0.0,1.0,0.7,2.0,1.0,0.25,1.0,0.25
s1_2.0,0.9958702605697266,0.030018658645737124,1.0,1.0,-0.13757241717593693,97,169,400,5,2,100,0.0,0,0.3,0.0,0.0,1.0,0.7,2.0,1.0,0.25,1.0,0.25
s1_2.0,1.055585111120228,0.02735942551383838,1.0,1.0,2.0316622179114465,98,170,400,5,2,100,0.0,0,0.3,0.0,0.0,1.0,0.7,2.0,1.0,0.25,1.0,0.25
s1_2.0,1.0321511140713735,0.023834492960872818,1.0,1.0,1.3489321599646955,99,171,400,5,2,100,0.0,0,0.3,0.0,0.0,1.0,0.7,2.0,1.0,0.25,1.0,0.25
ind_nl_mD,0.9481476862021558,0.051896718591165285,1.0,1.0,-0.999144362215443,0,73,400,5,2,100,0.0,0,0.3,0.0,0.0,1.0,0.7,1.0,0.0,2.0,1.0,0.25
ind_nl_mD,0.9953667201176634,0.04930647584154444,1.0,1.0,-0.09396899298231226,1,74,400,5,2,100,0.0,0,0.3,0.0,0.0,1.0,0.7,1.0,0.0,2.0,1.0,0.25
ind_nl_mD,0.9948832259239426,0.05008761151222195,1.0,1.0,-0.10215647984749326,2,75,400,5,2,100,0.0,0,0.3,0.0,0.0,1.0,0.7,1.0,0.0,2.0,1.0,0.25
ind_nl_mD,1.0573001975481149,0.05408814092084924,1.0,1.0,1.0593855986280998,3,76,400,5,2,100,0.0,0,0.3,0.0,0.0,1.0,0.7,1.0,0.0,2.0,1.0,0.25
ind_nl_mD,0.9997916133434924,0.05041596349779773,1.0,1.0,-0.004133346703106808,4,77,400,5,2,100,0.0,0,0.3,0.0,0.0,1.0,0.7,1.0,0.0,2.0,1.0,0.25
ind_nl_mD,1.0532168598659462,0.05060648274643113,1.0,1.0,1.051581872081381,5,78,400,5,2,100,0.0,0,0.3,0.0,0.0,1.0,0.7,1.0,0.0,2.0,1.0,0.25
ind_nl_mD,0.9092479290694017,0.04679750819713172,1.0,1.0,-1.9392500675102322,6,79,400,5,2,100,0.0,0,0.3,0.0,0.0,1.0,0.7,1.0,0.0,2.0,1.0,0.25
ind_nl_mD,0.9291147405121736,0.046400456897667613,1.0,1.0,-1.5276845149210065,7,80,400,5,2,100,0.0,0,0.3,0.0,0.0,1.0,0.7,1.0,0.0,2.0,1.0,0.25
ind_nl_mD,1.0809589074247035,0.052697866355276936,1.0,1.0,1.536284351227753,8,81,400,5,2,100,0.0,0,0.3,0.0,0.0,1.0,0.7,1.0,0.0,2.0,1.0,0.25
ind_nl_mD,0.9521845641402741,0.04500759972462169,1.0,1.0,-1.0623858226673701,9,82,400,5,2,100,0.0,0,0.3,0.0,0.0,1.0,0.7,1.0,0.0,2.0,1.0,0.25
ind_nl_mD,0.9737679295160289,0.0572624509105403,1.0,1.0,-0.458102474952615,10,83,400,5,2,100,0.0,0,0.3,0.0,0.0,1.0,0.7,1.0,0.0,2.0,1.0,0.25
ind_nl_mD,0.900684709868805,0.04673636609505065,1.0,1.0,-2.1250109589010693,11,84,400,5,2,100,0.0,0,0.3,0.0,0.0,1.0,0.7,1.0,0.0,2.0,1.0,0.25
ind_nl_mD,0.9218465599733494,0.047167042711108005,1.0,1.0,-1.6569501824680897,12,85,400,5,2,100,0.0,0,0.3,0.0,0.0,1.0,0.7,1.0,0.0,2.0,1.0,0.25
ind_nl_mD,1.0484500929295595,0.05629198311055094,1.0,1.0,0.8606925933735379,13,86,400,5,2,100,0.0,0,0.3,0.0,0.0,1.0,0.7,1.0,0.0,2.0,1.0,0.25
ind_nl_mD,1.085794670854893,0.05984305653013195,1.0,1.0,1.4336612437517104,14,87,400,5,2,100,0.0,0,0.3,0.0,0.0,1.0,0.7,1.0,0.0,2.0,1.0,0.25
ind_nl_mD,1.0557059256317247,0.04920622068976935,1.0,1.0,1.1320911228467248,15,88,400,5,2,100,0.0,0,0.3,0.0,0.0,1.0,0.7,1.0,0.0,2.0,1.0,0.25
ind_nl_mD,0.9149712582461178,0.051306472087406414,1.0,1.0,-1.6572712621718768,16,89,400,5,2,100,0.0,0,0.3,0.0,0.0,1.0,0.7,1.0,0.0,2.0,1.0,0.25
ind_nl_mD,1.0750463495391736,0.048373260410053014,1.0,1.0,1.5514015161065573,17,90,400,5,2,100,0.0,0,0.3,0.0,0.0,1.0,0.7,1.0,0.0,2.0,1.0,0.25
ind_nl_mD,1.0751854443405298,0.04697720946406817,1.0,1.0,1.6004663792990395,18,91,400,5,2,100,0.0,0,0.3,0.0,0.0,1.0,0.7,1.0,0.0,2.0,1.0,0.25
ind_nl_mD,0.9342655364146567,0.0513808428396021,1.0,1.0,-1.2793574404871002,19,92,400,5,2,100,0.0,0,0.3,0.0,0.0,1.0,0.7,1.0,0.0,2.0,1.0,0.25
ind_nl_mD,1.0624321771035792,0.05039532718331572,1.0,1.0,1.238848532056926,20,93,400,5,2,100,0.0,0,0.3,0.0,0.0,1.0,0.7,1.0,0.0,2.0,1.0,0.25
ind_nl_mD,1.0335843385594135,0.04663801045985779,1.0,1.0,0.7201065874866193,21,94,400,5,2,100,0.0,0,0.3,0.0,0.0,1.0,0.7,1.0,0.0,2.0,1.0,0.25
ind_nl_mD,1.0141091603958095,0.05546630725293777,1.0,1.0,0.25437353042936095,22,95,400,5,2,100,0.0,0,0.3,0.0,0.0,1.0,0.7,1.0,0.0,2.0,1.0,0.25
ind_nl_mD,1.0734690503558306,0.04690963253582935,1.0,1.0,1.566182602255844,23,96,400,5,2,100,0.0,0,0.3,0.0,0.0,1.0,0.7,1.0,0.0,2.0,1.0,0.25
ind_nl_mD,0.9363421774304995,0.05094048215627222,1.0,1.0,-1.2496509627493266,24,97,400,5,2,100,0.0,0,0.3,0.0,0.0,1.0,0.7,1.0,0.0,2.0,1.0,0.25
ind_nl_mD,1.0529247018203751,0.05058207042019103,1.0,1.0,1.0463134739389588,25,98,400,5,2,100,0.0,0,0.3,0.0,0.0,1.0,0.7,1.0,0.0,2.0,1.0,0.25
ind_nl_mD,0.8875510870532151,0.04726127400421226,1.0,1.0,-2.379303463904987,26,99,400,5,2,100,0.0,0,0.3,0.0,0.0,1.0,0.7,1.0,0.0,2.0,1.0,0.25
ind_nl_mD,1.055485268999615,0.05217416821830863,1.0,1.0,1.0634624545896354,27,100,400,5,2,100,0.0,0,0.3,0.0,0.0,1.0,0.7,1.0,0.0,2.0,1.0,0.25
ind_nl_mD,1.0008315853000926,0.05346216447136321,1.0,1.0,0.015554650813624955,28,101,400,5,2,100,0.0,0,0.3,0.0,0.0,1.0,0.7,1.0,0.0,2.0,1.0,0.25
ind_nl_mD,1.0424203167684876,0.04823177474162046,1.0,1.0,0.8795097629256832,29,102,400,5,2,100,0.0,0,0.3,0.0,0.0,1.0,0.7,1.0,0.0,2.0,1.0,0.25
ind_nl_mD,0.9881128490256803,0.04899210689448417,1.0,1.0,-0.24263400224696238,30,103,400,5,2,100,0.0,0,0.3,0.0,0.0,1.0,0.7,1.0,0.0,2.0,1.0,0.25
ind_nl_mD,1.0188216147654574,0.052268293783789915,1.0,1.0,0.36009621517996815,31,104,400,5,2,100,0.0,0,0.3,0.0,0.0,1.0,0.7,1.0,0.0,2.0,1.0,0.25
ind_nl_mD,0.9628061934062092,0.04811073679994771,1.0,1.0,-0.7730874450842169,32,105,400,5,2,100,0.0,0,0.3,0.0,0.0,1.0,0.7,1.0,0.0,2.0,1.0,0.25
ind_nl_mD,1.006783679088715,0.05652058125379684,1.0,1.0,0.12002139642290605,33,106,400,5,2,100,0.0,0,0.3,0.0,0.0,1.0,0.7,1.0,0.0,2.0,1.0,0.25
ind_nl_mD,1.0439319935887008,0.05374527145102419,1.0,1.0,0.8174113257337289,34,107,400,5,2,100,0.0,0,0.3,0.0,0.0,1.0,0.7,1.0,0.0,2.0,1.0,0.25
ind_nl_mD,0.9283718090853437,0.049062036470175804,1.0,1.0,-1.45995144245996,35,108,400,5,2,100,0.0,0,0.3,0.0,0.0,1.0,0.7,1.0,0.0,2.0,1.0,0.25
ind_nl_mD,1.0683122003239485,0.05015095457109422,1.0,1.0,1.3621316066299154,36,109,400,5,2,100,0.0,0,0.3,0.0,0.0,1.0,0.7,1.0,0.0,2.0,1.0,0.25
ind_nl_mD,1.0046621964957796,0.05436829344054974,1.0,1.0,0.08575212133295258,37,110,400,5,2,100,0.0,0,0.3,0.0,0.0,1.0,0.7,1.0,0.0,2.0,1.0,0.25
ind_nl_mD,1.0800821350734338,0.05501436932639855,1.0,1.0,1.4556585134750692,38,111,400,5,2,100,0.0,0,0.3,0.0,0.0,1.0,0.7,1.0,0.0,2.0,1.0,0.25
ind_nl_mD,0.9870189319204441,0.048219928135860256,1.0,1.0,-0.2692054629982355,39,112,400,5,2,100,0.0,0,0.3,0.0,0.0,1.0,0.7,1.0,0.0,2.0,1.0,0.25
ind_nl_mD,0.9521772853186566,0.052939798095483444,1.0,1.0,-0.9033414633559653,40,113,400,5,2,100,0.0,0,0.3,0.0,0.0,1.0,0.7,1.0,0.0,2.0,1.0,0.25
ind_nl_mD,0.9762264194869432,0.046722479541013426,1.0,1.0,-0.508825318061044,41,114,400,5,2,100,0.0,0,0.3,0.0,0.0,1.0,0.7,1.0,0.0,2.0,1.0,0.25
ind_nl_mD,1.0427948067921993,0.048323288652391674,1.0,1.0,0.8855938406849555,42,115,400,5,2,100,0.0,0,0.3,0.0,0.0,1.0,0.7,1.0,0.0,2.0,1.0,0.25
ind_nl_mD,1.0334365744435878,0.04943198025219631,1.0,1.0,0.6764158399683413,43,116,400,5,2,100,0.0,0,0.3,0.0,0.0,1.0,0.7,1.0,0.0,2.0,1.0,0.25
ind_nl_mD,0.8903979849179535,0.05274113220216631,1.0,1.0,-2.0781126704281228,44,117,400,5,2,100,0.0,0,0.3,0.0,0.0,1.0,0.7,1.0,0.0,2.0,1.0,0.25
ind_nl_mD,0.9980311791260503,0.04962865077497583,1.0,1.0,-0.03967105378053936,45,118,400,5,2,100,0.0,0,0.3,0.0,0.0,1.0,0.7,1.0,0.0,2.0,1.0,0.25
ind_nl_mD,1.0161511702587598,0.043611102290327095,1.0,1.0,0.3703453802024651,46,119,400,5,2,100,0.0,0,0.3,0.0,0.0,1.0,0.7,1.0,0.0,2.0,1.0,0.25
ind_nl_mD,0.980969901735546,0.05179287624502285,1.0,1.0,-0.36742694447834895,47,120,400,5,2,100,0.0,0,0.3,0.0,0.0,1.0,0.7,1.0,0.0,2.0,1.0,0.25
ind_nl_mD,0.9988764752130916,0.0520926270381258,1.0,1.0,-0.021567827364246155,48,121,400,5,2,100,0.0,0,0.3,0.0,0.0,1.0,0.7,1.0,0.0,2.0,1.0,0.25
ind_nl_mD,0.9375158766247744,0.05907689571321502,1.0,1.0,-1.0576744532845923,49,122,400,5,2,100,0.0,0,0.3,0.0,0.0,1.0,0.7,1.0,0.0,2.0,1.0,0.25
ind_nl_mD,1.03069056259183,0.05434229424663598,1.0,1.0,0.5647638366635537,50,123,400,5,2,100,0.0,0,0.3,0.0,0.0,1.0,0.7,1.0,0.0,2.0,1.0,0.25
ind_nl_mD,1.094832334906877,0.05561453963874727,1.0,1.0,1.7051716245944826,51,124,400,5,2,100,0.0,0,0.3,0.0,0.0,1.0,0.7,1.0,0.0,2.0,1.0,0.25
ind_nl_mD,0.9474510231590401,0.055157336719012094,1.0,1.0,-0.9527105543304254,52,125,400,5,2,100,0.0,0,0.3,0.0,0.0,1.0,0.7,1.0,0.0,2.0,1.0,0.25
ind_nl_mD,0.9133034098959907,0.0517941631091209,1.0,1.0,-1.6738679592400276,53,126,400,5,2,100,0.0,0,0.3,0.0,0.0,1.0,0.7,1.0,0.0,2.0,1.0,0.25
ind_nl_mD,0.9323160109042098,0.051240567928955635,1.0,1.0,-1.3209063020072915,54,127,400,5,2,100,0.0,0,0.3,0.0,0.0,1.0,0.7,1.0,0.0,2.0,1.0,0.25
ind_nl_mD,1.0451427338169004,0.05457526926312485,1.0,1.0,0.8271646558306986,55,128,400,5,2,100,0.0,0,0.3,0.0,0.0,1.0,0.7,1.0,0.0,2.0,1.0,0.25
ind_nl_mD,0.9334970347870899,0.04496750795790834,1.0,1.0,-1.4789115126228463,56,129,400,5,2,100,0.0,0,0.3,0.0,0.0,1.0,0.7,1.0,0.0,2.0,1.0,0.25
ind_nl_mD,1.0206215965574268,0.05018123796301839,1.0,1.0,0.4109423640091163,57,130,400,5,2,100,0.0,0,0.3,0.0,0.0,1.0,0.7,1.0,0.0,2.0,1.0,0.25
ind_nl_mD,1.0130972909238367,0.05146427016995573,1.0,1.0,0.25449289148732096,58,131,400,5,2,100,0.0,0,0.3,0.0,0.0,1.0,0.7,1.0,0.0,2.0,1.0,0.25
ind_nl_mD,1.0122855647004252,0.05177173935356862,1.0,1.0,0.23730252940745258,59,132,400,5,2,100,0.0,0,0.3,0.0,0.0,1.0,0.7,1.0,0.0,2.0,1.0,0.25
ind_nl_mD,1.0495944370909154,0.0494967510296744,1.0,1.0,1.0019735853204266,60,133,400,5,2,100,0.0,0,0.3,0.0,0.0,1.0,0.7,1.0,0.0,2.0,1.0,0.25
ind_nl_mD,0.9808884745051303,0.05105770413575938,1.0,1.0,-0.3743122770278373,61,134,400,5,2,100,0.0,0,0.3,0.0,0.0,1.0,0.7,1.0,0.0,2.0,1.0,0.25
ind_nl_mD,1.0243865054402197,0.058388232023321336,1.0,1.0,0.41766130939671675,62,135,400,5,2,100,0.0,0,0.3,0.0,0.0,1.0,0.7,1.0,0.0,2.0,1.0,0.25
ind_nl_mD,0.996097572766608,0.04884080913623414,1.0,1.0,-0.07990095378040771,63,136,400,5,2,100,0.0,0,0.3,0.0,0.0,1.0,0.7,1.0,0.0,2.0,1.0,0.25
ind_nl_mD,0.919476976883289,0.051084734570193274,1.0,1.0,-1.5762639033793526,64,137,400,5,2,100,0.0,0,0.3,0.0,0.0,1.0,0.7,1.0,0.0,2.0,1.0,0.25
ind_nl_mD,0.9963723422360138,0.049971744240448535,1.0,1.0,-0.07259417935325711,65,138,400,5,2,100,0.0,0,0.3,0.0,0.0,1.0,0.7,1.0,0.0,2.0,1.0,0.25
ind_nl_mD,0.9080553362635998,0.04977932622383283,1.0,1.0,-1.8470451633469454,66,139,400,5,2,100,0.0,0,0.3,0.0,0.0,1.0,0.7,1.0,0.0,2.0,1.0,0.25
ind_nl_mD,0.9836590168285647,0.04802108245038968,1.0,1.0,-0.34028768902319245,67,140,400,5,2,100,0.0,0,0.3,0.0,0.0,1.0,0.7,1.0,0.0,2.0,1.0,0.25
ind_nl_mD,0.968893018593031,0.05119562754031991,1.0,1.0,-0.6076101202679899,68,141,400,5,2,100,0.0,0,0.3,0.0,0.0,1.0,0.7,1.0,0.0,2.0,1.0,0.25
ind_nl_mD,0.9998348449504354,0.0541434596978044,1.0,1.0,-0.003050323168973627,69,142,400,5,2,100,0.0,0,0.3,0.0,0.0,1.0,0.7,1.0,0.0,2.0,1.0,0.25
ind_nl_mD,1.0215035608400043,0.053777220264382225,1.0,1.0,0.3998637477781001,70,143,400,5,2,100,0.0,0,0.3,0.0,0.0,1.0,0.7,1.0,0.0,2.0,1.0,0.25
ind_nl_mD,1.0315057940156482,0.056022484175123705,1.0,1.0,0.5623776681727032,71,144,400,5,2,100,0.0,0,0.3,0.0,0.0,1.0,0.7,1.0,0.0,2.0,1.0,0.25
ind_nl_mD,1.0154656109533893,0.0542169437608237,1.0,1.0,0.2852542006354198,72,145,400,5,2,100,0.0,0,0.3,0.0,0.0,1.0,0.7,1.0,0.0,2.0,1.0,0.25
ind_nl_mD,1.0204645020712928,0.055949771864986134,1.0,1.0,0.3657656034894339,73,146,400,5,2,100,0.0,0,0.3,0.0,0.0,1.0,0.7,1.0,0.0,2.0,1.0,0.25
ind_nl_mD,0.9885880998794586,0.05104592028673714,1.0,1.0,-0.22356145322560575,74,147,400,5,2,100,0.0,0,0.3,0.0,0.0,1.0,0.7,1.0,0.0,2.0,1.0,0.25
ind_nl_mD,0.9814084593065234,0.04657007026802556,1.0,1.0,-0.3992165050745327,75,148,400,5,2,100,0.0,0,0.3,0.0,0.0,1.0,0.7,1.0,0.0,2.0,1.0,0.25
ind_nl_mD,0.9516908735930193,0.04590197462702348,1.0,1.0,-1.0524411378707896,76,149,400,5,2,100,0.0,0,0.3,0.0,0.0,1.0,0.7,1.0,0.0,2.0,1.0,0.25
ind_nl_mD,0.9440402145347765,0.04779797988600629,1.0,1.0,-1.1707562871628125,77,150,400,5,2,100,0.0,0,0.3,0.0,0.0,1.0,0.7,1.0,0.0,2.0,1.0,0.25
ind_nl_mD,0.9984353689036491,0.04287762644025716,1.0,1.0,-0.03649061821392814,78,151,400,5,2,100,0.0,0,0.3,0.0,0.0,1.0,0.7,1.0,0.0,2.0,1.0,0.25
ind_nl_mD,1.074313326515656,0.05209391378101094,1.0,1.0,1.4265260780376288,79,152,400,5,2,100,0.0,0,0.3,0.0,0.0,1.0,0.7,1.0,0.0,2.0,1.0,0.25
ind_nl_mD,0.9792060317181162,0.050023768402179584,1.0,1.0,-0.4156817638108574,80,153,400,5,2,100,0.0,0,0.3,0.0,0.0,1.0,0.7,1.0,0.0,2.0,1.0,0.25
ind_nl_mD,0.8585718887970438,0.05299847427250836,1.0,1.0,-2.6685317482114477,81,154,400,5,2,100,0.0,0,0.3,0.0,0.0,1.0,0.7,1.0,0.0,2.0,1.0,0.25
ind_nl_mD,1.0493024469183643,0.05079909714314547,1.0,1.0,0.9705378577779872,82,155,400,5,2,100,0.0,0,0.3,0.0,0.0,1.0,0.7,1.0,0.0,2.0,1.0,0.25
ind_nl_mD,0.9800547368903546,0.05078907221950623,1.0,1.0,-0.3927077664156493,83,156,400,5,2,100,0.0,0,0.3,0.0,0.0,1.0,0.7,1.0,0.0,2.0,1.0,0.25
ind_nl_mD,0.9556012279281441,0.05232848260072289,1.0,1.0,-0.8484628230217895,84,157,400,5,2,100,0.0,0,0.3,0.0,0.0,1.0,0.7,1.0,0.0,2.0,1.0,0.25
ind_nl_mD,0.9541395799501816,0.05757190634992207,1.0,1.0,-0.7965763678395281,85,158,400,5,2,100,0.0,0,0.3,0.0,0.0,1.0,0.7,1.0,0.0,2.0,1.0,0.25
ind_nl_mD,1.048092716508831,0.04799674330613709,1.0,1.0,1.0019995773896933,86,159,400,5,2,100,0.0,0,0.3,0.0,0.0,1.0,0.7,1.0,0.0,2.0,1.0,0.25
ind_nl_mD,0.9902527368520806,0.046626909711003986,1.0,1.0,-0.20904801987379068,87,160,400,5,2,100,0.0,0,0.3,0.0,0.0,1.0,0.7,1.0,0.0,2.0,1.0,0.25
ind_nl_mD,0.9134431662942099,0.055038981012243714,1.0,1.0,-1.5726460067735468,88,161,400,5,2,100,0.0,0,0.3,0.0,0.0,1.0,0.7,1.0,0.0,2.0,1.0,0.25
ind_nl_mD,0.9017922749184153,0.05754422019619095,1.0,1.0,-1.7066479439074127,89,162,400,5,2,100,0.0,0,0.3,0.0,0.0,1.0,0.7,1.0,0.0,2.0,1.0,0.25
ind_nl_mD,0.9765769020398265,0.04598130715289556,1.0,1.0,-0.5094047866514053,90,163,400,5,2,100,0.0,0,0.3,0.0,0.0,1.0,0.7,1.0,0.0,2.0,1.0,0.25
ind_nl_mD,0.862723231385113,0.051799249455404116,1.0,1.0,-2.650169067277194,91,164,400,5,2,100,0.0,0,0.3,0.0,0.0,1.0,0.7,1.0,0.0,2.0,1.0,0.25
ind_nl_mD,0.9627248714138089,0.046296472690388,1.0,1.0,-0.8051397097889509,92,165,400,5,2,100,0.0,0,0.3,0.0,0.0,1.0,0.7,1.0,0.0,2.0,1.0,0.25
ind_nl_mD,0.9796384956159851,0.052575960754775566,1.0,1.0,-0.38727783746995775,93,166,400,5,2,100,0.0,0,0.3,0.0,0.0,1.0,0.7,1.0,0.0,2.0,1.0,0.25
ind_nl_mD,0.9990571270017982,0.05654958980724183,1.0,1.0,-0.016673383510221185,94,167,400,5,2,100,0.0,0,0.3,0.0,0.0,1.0,0.7,1.0,0.0,2.0,1.0,0.25
ind_nl_mD,0.9572038660429965,0.05996735013798844,1.0,1.0,-0.7136572461268856,95,168,400,5,2,100,0.0,0,0.3,0.0,0.0,1.0,0.7,1.0,0.0,2.0,1.0,0.25
ind_nl_mD,0.9779510113047759,0.055057134279607296,1.0,1.0,-0.4004746884072906,96,169,400,5,2,100,0.0,0,0.3,0.0,0.0,1.0,0.7,1.0,0.0,2.0,1.0,0.25
ind_nl_mD,1.1270353765026964,0.05370365922095896,1.0,1.0,2.3654882804171784,97,170,400,5,2,100,0.0,0,0.3,0.0,0.0,1.0,0.7,1.0,0.0,2.0,1.0,0.25
ind_nl_mD,1.040902327709655,0.048004429785665235,1.0,1.0,0.8520531936798246,98,171,400,5,2,100,0.0,0,0.3,0.0,0.0,1.0,0.7,1.0,0.0,2.0,1.0,0.25
ind_nl_mD,1.0201919265314616,0.0528531040159523,1.0,1.0,0.38203861263034294,99,172,400,5,2,100,0.0,0,0.3,0.0,0.0,1.0,0.7,1.0,0.0,2.0,1.0,0.25
ind_nl_mY,0.9722936281049996,0.050120976846132995,1.0,1.0,-0.5527899422243204,0,74,400,5,2,100,0.0,0,0.3,0.0,0.0,1.0,0.7,1.0,1.0,0.25,2.0,0.0
ind_nl_mY,1.0135872434574331,0.04941980198425892,1.0,1.0,0.2749352063725568,1,75,400,5,2,100,0.0,0,0.3,0.0,0.0,1.0,0.7,1.0,1.0,0.25,2.0,0.0
ind_nl_mY,1.0551781435053764,0.05549949343634361,1.0,1.0,0.9942098583055399,2,76,400,5,2,100,0.0,0,0.3,0.0,0.0,1.0,0.7,1.0,1.0,0.25,2.0,0.0
ind_nl_mY,0.9848812492960393,0.04610285956630342,1.0,1.0,-0.3279352050216649,3,77,400,5,2,100,0.0,0,0.3,0.0,0.0,1.0,0.7,1.0,1.0,0.25,2.0,0.0
ind_nl_mY,1.034283106775434,0.05243083416331339,1.0,1.0,0.6538729990190061,4,78,400,5,2,100,0.0,0,0.3,0.0,0.0,1.0,0.7,1.0,1.0,0.25,2.0,0.0
ind_nl_mY,0.9216682293344994,0.048652219912245095,1.0,1.0,-1.6100348721351054,5,79,400,5,2,100,0.0,0,0.3,0.0,0.0,1.0,0.7,1.0,1.0,0.25,2.0,0.0
ind_nl_mY,0.8957714726651005,0.04739671828056389,1.0,1.0,-2.1990663302450795,6,80,400,5,2,100,0.0,0,0.3,0.0,0.0,1.0,0.7,1.0,1.0,0.25,2.0,0.0
ind_nl_mY,1.0558749688771185,0.0576495559962386,1.0,1.0,0.9692176793306809,7,81,400,5,2,100,0.0,0,0.3,0.0,0.0,1.0,0.7,1.0,1.0,0.25,2.0,0.0
ind_nl_mY,0.9128597135003463,0.04990445479767185,1.0,1.0,-1.7461424406487842,8,82,400,5,2,100,0.0,0,0.3,0.0,0.0,1.0,0.7,1.0,1.0,0.25,2.0,0.0
ind_nl_mY,1.0186448917983055,0.05083294175215243,1.0,1.0,0.3667875821394115,9,83,400,5,2,100,0.0,0,0.3,0.0,0.0,1.0,0.7,1.0,1.0,0.25,2.0,0.0
ind_nl_mY,0.9031024344183293,0.04875777159062536,1.0,1.0,-1.987325556943648,10,84,400,5,2,100,0.0,0,0.3,0.0,0.0,1.0,0.7,1.0,1.0,0.25,2.0,0.0
ind_nl_mY,0.9496162665214016,0.045692567060989446,1.0,1.0,-1.1026680425143822,11,85,400,5,2,100,0.0,0,0.3,0.0,0.0,1.0,0.7,1.0,1.0,0.25,2.0,0.0
ind_nl_mY,1.05222582814394,0.060304624857527196,1.0,1.0,0.8660335466363697,12,86,400,5,2,100,0.0,0,0.3,0.0,0.0,1.0,0.7,1.0,1.0,0.25,2.0,0.0
ind_nl_mY,1.0487412876690472,0.05688583645066876,1.0,1.0,0.8568264213063911,13,87,400,5,2,100,0.0,0,0.3,0.0,0.0,1.0,0.7,1.0,1.0,0.25,2.0,0.0
ind_nl_mY,1.0253432954334885,0.052775946758451826,1.0,1.0,0.48020541534728306,14,88,400,5,2,100,0.0,0,0.3,0.0,0.0,1.0,0.7,1.0,1.0,0.25,2.0,0.0
ind_nl_mY,0.9323460429560569,0.05128302713866081,1.0,1.0,-1.3192270585162216,15,89,400,5,2,100,0.0,0,0.3,0.0,0.0,1.0,0.7,1.0,1.0,0.25,2.0,0.0
ind_nl_mY,1.0028889926808966,0.05071977337267484,1.0,1.0,0.056959889384147644,16,90,400,5,2,100,0.0,0,0.3,0.0,0.0,1.0,0.7,1.0,1.0,0.25,2.0,0.0
ind_nl_mY,1.068031526996613,0.04964221392580402,1.0,1.0,1.370437005454549,17,91,400,5,2,100,0.0,0,0.3,0.0,0.0,1.0,0.7,1.0,1.0,0.25,2.0,0.0
ind_nl_mY,0.9397347838174626,0.053324941753950736,1.0,1.0,-1.1301506237101986,18,92,400,5,2,100,0.0,0,0.3,0.0,0.0,1.0,0.7,1.0,1.0,0.25,2.0,0.0
ind_nl_mY,1.0714775340475993,0.050642719957500706,1.0,1.0,1.4114078806901191,19,93,400,5,2,100,0.0,0,0.3,0.0,0.0,1.0,0.7,1.0,1.0,0.25,2.0,0.0
ind_nl_mY,1.0650064973858344,0.04731404734089787,1.0,1.0,1.3739365165161708,20,94,400,5,2,100,0.0,0,0.3,0.0,0.0,1.0,0.7,1.0,1.0,0.25,2.0,0.0
ind_nl_mY,1.048166325550434,0.05474353342466517,1.0,1.0,0.8798541587878642,21,95,400,5,2,100,0.0,0,0.3,0.0,0.0,1.0,0.7,1.0,1.0,0.25,2.0,0.0
ind_nl_mY,1.0977630806182324,0.045787147182386884,1.0,1.0,2.135164268453031,22,96,400,5,2,100,0.0,0,0.3,0.0,0.0,1.0,0.7,1.0,1.0,0.25,2.0,0.0
ind_nl_mY,0.9770901811866057,0.050324083525784595,1.0,1.0,-0.4552456241285734,23,97,400,5,2,100,0.0,0,0.3,0.0,0.0,1.0,0.7,1.0,1.0,0.25,2.0,0.0
ind_nl_mY,1.0237587003326194,0.049688408271240624,1.0,1.0,0.4781537819228313,24,98,400,5,2,100,0.0,0,0.3,0.0,0.0,1.0,0.7,1.0,1.0,0.25,2.0,0.0
ind_nl_mY,0.941111509159409,0.04629871799700788,1.0,1.0,-1.2719248693753626,25,99,400,5,2,100,0.0,0,0.3,0.0,0.0,1.0,0.7,1.0,1.0,0.25,2.0,0.0
ind_nl_mY,1.052065500012141,0.051646384003983914,1.0,1.0,1.0081151084677062,26,100,400,5,2,100,0.0,0,0.3,0.0,0.0,1.0,0.7,1.0,1.0,0.25,2.0,0.0
ind_nl_mY,1.0096274870320785,0.05691944284102933,1.0,1.0,0.16914232732332193,27,101,400,5,2,100,0.0,0,0.3,0.0,0.0,1.0,0.7,1.0,1.0,0.25,2.0,0.0
ind_nl_mY,1.0636436631888746,0.048415249359804416,1.0,1.0,1.3145375481988781,28,102,400,5,2,100,0.0,0,0.3,0.0,0.0,1.0,0.7,1.0,1.0,0.25,2.0,0.0
ind_nl_mY,0.9622214406370079,0.04972379354762737,1.0,1.0,-0.7597682450918867,29,103,400,5,2,100,0.0,0,0.3,0.0,0.0,1.0,0.7,1.0,1.0,0.25,2.0,0.0
ind_nl_mY,1.0171525054573483,0.05134175992032971,1.0,1.0,0.3340848752353814,30,104,400,5,2,100,0.0,0,0.3,0.0,0.0,1.0,0.7,1.0,1.0,0.25,2.0,0.0
ind_nl_mY,0.9777998606345283,0.04957712518112298,1.0,1.0,-0.4477899693531374,31,105,400,5,2,100,0.0,0,0.3,0.0,0.0,1.0,0.7,1.0,1.0,0.25,2.0,0.0
ind_nl_mY,1.0070602383848826,0.05606941304596011,1.0,1.0,0.1259196057411068,32,106,400,5,2,100,0.0,0,0.3,0.0,0.0,1.0,0.7,1.0,1.0,0.25,2.0,0.0
ind_nl_mY,1.0480597072069173,0.05224833817978642,1.0,1.0,0.9198322641677898,33,107,400,5,2,100,0.0,0,0.3,0.0,0.0,1.0,0.7,1.0,1.0,0.25,2.0,0.0
ind_nl_mY,0.9310174046309723,0.05030539224175374,1.0,1.0,-1.371276364122489,34,108,400,5,2,100,0.0,0,0.3,0.0,0.0,1.0,0.7,1.0,1.0,0.25,2.0,0.0
ind_nl_mY,1.0485876458301608,0.04802214503633266,1.0,1.0,1.0117758336992304,35,109,400,5,2,100,0.0,0,0.3,0.0,0.0,1.0,0.7,1.0,1.0,0.25,2.0,0.0
ind_nl_mY,1.0174507153326753,0.05419137497058228,1.0,1.0,0.32202016173511705,36,110,400,5,2,100,0.0,0,0.3,0.0,0.0,1.0,0.7,1.0,1.0,0.25,2.0,0.0
ind_nl_mY,1.111762871628982,0.05660657882848693,1.0,1.0,1.9743795499038004,37,111,400,5,2,100,0.0,0,0.3,0.0,0.0,1.0,0.7,1.0,1.0,0.25,2.0,0.0
ind_nl_mY,1.001694371655034,0.04519373619861143,1.0,1.0,0.03749129409411393,38,112,400,5,2,100,0.0,0,0.3,0.0,0.0,1.0,0.7,1.0,1.0,0.25,2.0,0.0
ind_nl_mY,0.9311563997780559,0.04941274306765359,1.0,1.0,-1.3932357515082037,39,113,400,5,2,100,0.0,0,0.3,0.0,0.0,1.0,0.7,1.0,1.0,0.25,2.0,0.0
ind_nl_mY,1.0118977269571374,0.04709297211750151,1.0,1.0,0.2526433652871058,40,114,400,5,2,100,0.0,0,0.3,0.0,0.0,1.0,0.7,1.0,1.0,0.25,2.0,0.0
ind_nl_mY,1.0533897394198972,0.05172063499969047,1.0,1.0,1.0322715376602924,41,115,400,5,2,100,0.0,0,0.3,0.0,0.0,1.0,0.7,1.0,1.0,0.25,2.0,0.0
ind_nl_mY,1.0178318578518604,0.05120022392804844,1.0,1.0,0.3482769504469245,42,116,400,5,2,100,0.0,0,0.3,0.0,0.0,1.0,0.7,1.0,1.0,0.25,2.0,0.0
ind_nl_mY,0.9332893474102816,0.05183455831243391,1.0,1.0,-1.2869918209318683,43,117,400,5,2,100,0.0,0,0.3,0.0,0.0,1.0,0.7,1.0,1.0,0.25,2.0,0.0
ind_nl_mY,0.9683761736120422,0.04793888784044457,1.0,1.0,-0.6596695879389539,44,118,400,5,2,100,0.0,0,0.3,0.0,0.0,1.0,0.7,1.0,1.0,0.25,2.0,0.0
ind_nl_mY,0.9907417191004471,0.045429019840189246,1.0,1.0,-0.2037966245391565,45,119,400,5,2,100,0.0,0,0.3,0.0,0.0,1.0,0.7,1.0,1.0,0.25,2.0,0.0
ind_nl_mY,1.0343347829916087,0.050832099786048676,1.0,1.0,0.6754547448585281,46,120,400,5,2,100,0.0,0,0.3,0.0,0.0,1.0,0.7,1.0,1.0,0.25,2.0,0.0
ind_nl_mY,0.9964415055678868,0.052191578911877694,1.0,1.0,-0.06818139068223061,47,121,400,5,2,100,0.0,0,0.3,0.0,0.0,1.0,0.7,1.0,1.0,0.25,2.0,0.0
ind_nl_mY,0.942868086293973,0.05557539646841643,1.0,1.0,-1.0280073078470098,48,122,400,5,2,100,0.0,0,0.3,0.0,0.0,1.0,0.7,1.0,1.0,0.25,2.0,0.0
ind_nl_mY,1.0343782486993818,0.05054244545073165,1.0,1.0,0.6801857012022381,49,123,400,5,2,100,0.0,0,0.3,0.0,0.0,1.0,0.7,1.0,1.0,0.25,2.0,0.0
ind_nl_mY,1.0686897499180767,0.05493527399510648,1.0,1.0,1.250376032059028,50,124,400,5,2,100,0.0,0,0.3,0.0,0.0,1.0,0.7,1.0,1.0,0.25,2.0,0.0
ind_nl_mY,0.936951501815877,0.053503100314791434,1.0,1.0,-1.1784083130355083,51,125,400,5,2,100,0.0,0,0.3,0.0,0.0,1.0,0.7,1.0,1.0,0.25,2.0,0.0
ind_nl_mY,0.9360368938617644,0.05519541561906457,1.0,1.0,-1.1588481655737854,52,126,400,5,2,100,0.0,0,0.3,0.0,0.0,1.0,0.7,1.0,1.0,0.25,2.0,0.0
ind_nl_mY,0.9716381658671384,0.051865909403062696,1.0,1.0,-0.5468299786754894,53,127,400,5,2,100,0.0,0,0.3,0.0,0.0,1.0,0.7,1.0,1.0,0.25,2.0,0.0
ind_nl_mY,1.0628391943105284,0.05486696073667232,1.0,1.0,1.1453011697170166,54,128,400,5,2,100,0.0,0,0.3,0.0,0.0,1.0,0.7,1.0,1.0,0.25,2.0,0.0
ind_nl_mY,0.9653645564442429,0.04662951979547799,1.0,1.0,-0.7427793317982218,55,129,400,5,2,100,0.0,0,0.3,0.0,0.0,1.0,0.7,1.0,1.0,0.25,2.0,0.0
ind_nl_mY,1.059333679894974,0.05084434620786952,1.0,1.0,1.1669671127719308,56,130,400,5,2,100,0.0,0,0.3,0.0,0.0,1.0,0.7,1.0,1.0,0.25,2.0,0.0
ind_nl_mY,0.9859951414459974,0.05278078593622546,1.0,1.0,-0.2653400912014557,57,131,400,5,2,100,0.0,0,0.3,0.0,0.0,1.0,0.7,1.0,1.0,0.25,2.0,0.0
ind_nl_mY,0.9903997563346726,0.05488791666415672,1.0,1.0,-0.17490632271704765,58,132,400,5,2,100,0.0,0,0.3,0.0,0.0,1.0,0.7,1.0,1.0,0.25,2.0,0.0
ind_nl_mY,1.0177030105663118,0.048728000962905645,1.0,1.0,0.36330262306036987,59,133,400,5,2,100,0.0,0,0.3,0.0,0.0,1.0,0.7,1.0,1.0,0.25,2.0,0.0
ind_nl_mY,0.9824256334455077,0.05245181441780526,1.0,1.0,-0.3350573616863578,60,134,400,5,2,100,0.0,0,0.3,0.0,0.0,1.0,0.7,1.0,1.0,0.25,2.0,0.0
ind_nl_mY,0.9999159613466577,0.05514025375695378,1.0,1.0,-0.0015240889842963318,61,135,400,5,2,100,0.0,0,0.3,0.0,0.0,1.0,0.7,1.0,1.0,0.25,2.0,0.0
ind_nl_mY,0.9772427341705245,0.04742455887993348,1.0,1.0,-0.47986246718901227,62,136,400,5,2,100,0.0,0,0.3,0.0,0.0,1.0,0.7,1.0,1.0,0.25,2.0,0.0
ind_nl_mY,0.9400902147843329,0.05042500601377018,1.0,1.0,-1.1880967391319068,63,137,400,5,2,100,0.0,0,0.3,0.0,0.0,1.0,0.7,1.0,1.0,0.25,2.0,0.0
ind_nl_mY,1.0304924398981274,0.04789749473792028,1.0,1.0,0.6366186804753002,64,138,400,5,2,100,0.0,0,0.3,0.0,0.0,1.0,0.7,1.0,1.0,0.25,2.0,0.0
ind_nl_mY,0.8683282534214394,0.0516519585840358,1.0,1.0,-2.549211108119659,65,139,400,5,2,100,0.0,0,0.3,0.0,0.0,1.0,0.7,1.0,1.0,0.25,2.0,0.0
ind_nl_mY,0.976980494720443,0.04756408642267791,1.0,1.0,-0.4839681997672428,66,140,400,5,2,100,0.0,0,0.3,0.0,0.0,1.0,0.7,1.0,1.0,0.25,2.0,0.0
ind_nl_mY,0.9954742356629909,0.05074151314412204,1.0,1.0,-0.08919253795515557,67,141,400,5,2,100,0.0,0,0.3,0.0,0.0,1.0,0.7,1.0,1.0,0.25,2.0,0.0
ind_nl_mY,1.0146873255535145,0.04921416264542233,1.0,1.0,0.2984369694417757,68,142,400,5,2,100,0.0,0,0.3,0.0,0.0,1.0,0.7,1.0,1.0,0.25,2.0,0.0
ind_nl_mY,0.9694607061459344,0.05520463708081585,1.0,1.0,-0.5532016053172881,69,143,400,5,2,100,0.0,0,0.3,0.0,0.0,1.0,0.7,1.0,1.0,0.25,2.0,0.0
ind_nl_mY,0.9632434601043357,0.05522842102169661,1.0,1.0,-0.6655366786826009,70,144,400,5,2,100,0.0,0,0.3,0.0,0.0,1.0,0.7,1.0,1.0,0.25,2.0,0.0
ind_nl_mY,0.9594730471976324,0.05338935289661228,1.0,1.0,-0.7590830494021437,71,145,400,5,2,100,0.0,0,0.3,0.0,0.0,1.0,0.7,1.0,1.0,0.25,2.0,0.0
ind_nl_mY,1.015790604608965,0.05227434496519734,1.0,1.0,0.30207178338586527,72,146,400,5,2,100,0.0,0,0.3,0.0,0.0,1.0,0.7,1.0,1.0,0.25,2.0,0.0
ind_nl_mY,0.9614813506347196,0.049105974026436176,1.0,1.0,-0.7843984388649715,73,147,400,5,2,100,0.0,0,0.3,0.0,0.0,1.0,0.7,1.0,1.0,0.25,2.0,0.0
ind_nl_mY,0.9783359068646479,0.04582590758003229,1.0,1.0,-0.4727477158530255,74,148,400,5,2,100,0.0,0,0.3,0.0,0.0,1.0,0.7,1.0,1.0,0.25,2.0,0.0
ind_nl_mY,0.9719625650569573,0.04971043083002271,1.0,1.0,-0.5640151267027324,75,149,400,5,2,100,0.0,0,0.3,0.0,0.0,1.0,0.7,1.0,1.0,0.25,2.0,0.0
ind_nl_mY,0.9529778783538799,0.047883475672039044,1.0,1.0,-0.9820114556466513,76,150,400,5,2,100,0.0,0,0.3,0.0,0.0,1.0,0.7,1.0,1.0,0.25,2.0,0.0
ind_nl_mY,0.9706333475351724,0.04253261878295974,1.0,1.0,-0.6904501369803513,77,151,400,5,2,100,0.0,0,0.3,0.0,0.0,1.0,0.7,1.0,1.0,0.25,2.0,0.0
ind_nl_mY,1.072957917650895,0.049746303326191885,1.0,1.0,1.466599782751736,78,152,400,5,2,100,0.0,0,0.3,0.0,0.0,1.0,0.7,1.0,1.0,0.25,2.0,0.0
ind_nl_mY,0.9818116126598515,0.05301117825291807,1.0,1.0,-0.3431047552531487,79,153,400,5,2,100,0.0,0,0.3,0.0,0.0,1.0,0.7,1.0,1.0,0.25,2.0,0.0
ind_nl_mY,0.8668444442401864,0.05190011311407544,1.0,1.0,-2.5656120530438984,80,154,400,5,2,100,0.0,0,0.3,0.0,0.0,1.0,0.7,1.0,1.0,0.25,2.0,0.0
ind_nl_mY,1.049191686080005,0.048044800738679255,1.0,1.0,1.0238711644900722,81,155,400,5,2,100,0.0,0,0.3,0.0,0.0,1.0,0.7,1.0,1.0,0.25,2.0,0.0
ind_nl_mY,0.976208189877116,0.04955287070897067,1.0,1.0,-0.48012980443889636,82,156,400,5,2,100,0.0,0,0.3,0.0,0.0,1.0,0.7,1.0,1.0,0.25,2.0,0.0
ind_nl_mY,0.9295377671830533,0.05386273011583597,1.0,1.0,-1.308181606565658,83,157,400,5,2,100,0.0,0,0.3,0.0,0.0,1.0,0.7,1.0,1.0,0.25,2.0,0.0
ind_nl_mY,0.9634840499631174,0.05428126785499285,1.0,1.0,-0.6727173384091064,84,158,400,5,2,100,0.0,0,0.3,0.0,0.0,1.0,0.7,1.0,1.0,0.25,2.0,0.0
ind_nl_mY,1.0251213552355312,0.05264059914788363,1.0,1.0,0.4772239610145308,85,159,400,5,2,100,0.0,0,0.3,0.0,0.0,1.0,0.7,1.0,1.0,0.25,2.0,0.0
ind_nl_mY,0.988235528952551,0.04708328458111874,1.0,1.0,-0.24986513052589393,86,160,400,5,2,100,0.0,0,0.3,0.0,0.0,1.0,0.7,1.0,1.0,0.25,2.0,0.0
ind_nl_mY,0.9102239831453094,0.052277714138919774,1.0,1.0,-1.7172904043991866,87,161,400,5,2,100,0.0,0,0.3,0.0,0.0,1.0,0.7,1.0,1.0,0.25,2.0,0.0
ind_nl_mY,0.8904045570313133,0.058299116490210544,1.0,1.0,-1.879881712908801,88,162,400,5,2,100,0.0,0,0.3,0.0,0.0,1.0,0.7,1.0,1.0,0.25,2.0,0.0
ind_nl_mY,0.9781589239126923,0.04595739493298477,1.0,1.0,-0.47524617352999243,89,163,400,5,2,100,0.0,0,0.3,0.0,0.0,1.0,0.7,1.0,1.0,0.25,2.0,0.0
ind_nl_mY,0.8553216091584858,0.0487211657154439,1.0,1.0,-2.9695182518109022,90,164,400,5,2,100,0.0,0,0.3,0.0,0.0,1.0,0.7,1.0,1.0,0.25,2.0,0.0
ind_nl_mY,0.9560781677913,0.04830168987470263,1.0,1.0,-0.9093228895849362,91,165,400,5,2,100,0.0,0,0.3,0.0,0.0,1.0,0.7,1.0,1.0,0.25,2.0,0.0
ind_nl_mY,0.9934107280818946,0.04939277767415305,1.0,1.0,-0.1334055752356191,92,166,400,5,2,100,0.0,0,0.3,0.0,0.0,1.0,0.7,1.0,1.0,0.25,2.0,0.0
ind_nl_mY,0.9631420051180671,0.04949513899774259,1.0,1.0,-0.744679086235396,93,167,400,5,2,100,0.0,0,0.3,0.0,0.0,1.0,0.7,1.0,1.0,0.25,2.0,0.0
ind_nl_mY,0.9649625020242251,0.0533018934482606,1.0,1.0,-0.6573405879058564,94,168,400,5,2,100,0.0,0,0.3,0.0,0.0,1.0,0.7,1.0,1.0,0.25,2.0,0.0
ind_nl_mY,0.9753643587302372,0.05617086133131834,1.0,1.0,-0.43858400398120806,95,169,400,5,2,100,0.0,0,0.3,0.0,0.0,1.0,0.7,1.0,1.0,0.25,2.0,0.0
ind_nl_mY,1.0900318084230987,0.05375462762604078,1.0,1.0,1.6748661910455471,96,170,400,5,2,100,0.0,0,0.3,0.0,0.0,1.0,0.7,1.0,1.0,0.25,2.0,0.0
ind_nl_mY,1.0939839318295486,0.045780789179937754,1.0,1.0,2.052912007701575,97,171,400,5,2,100,0.0,0,0.3,0.0,0.0,1.0,0.7,1.0,1.0,0.25,2.0,0.0
ind_nl_mY,0.9935717709830312,0.050118935007885876,1.0,1.0,-0.12825948947154173,98,172,400,5,2,100,0.0,0,0.3,0.0,0.0,1.0,0.7,1.0,1.0,0.25,2.0,0.0
ind_nl_mY,0.9174742512778776,0.04774872544463861,1.0,1.0,-1.728334064493624,99,173,400,5,2,100,0.0,0,0.3,0.0,0.0,1.0,0.7,1.0,1.0,0.25,2.0,0.0
ind_nl_both,0.9888901345571446,0.04961355991174627,1.0,1.0,-0.2239280040097485,0,75,400,5,2,100,0.0,0,0.3,0.0,0.0,1.0,0.7,1.0,0.0,2.0,2.0,0.0
ind_nl_both,1.04062441570908,0.05644031750696415,1.0,1.0,0.7197765268430216,1,76,400,5,2,100,0.0,0,0.3,0.0,0.0,1.0,0.7,1.0,0.0,2.0,2.0,0.0
ind_nl_both,1.0049855465595592,0.049464568502607095,1.0,1.0,0.10079025675310226,2,77,400,5,2,100,0.0,0,0.3,0.0,0.0,1.0,0.7,1.0,0.0,2.0,2.0,0.0
ind_nl_both,1.0451072520730018,0.049904511795774854,1.0,1.0,0.9038712222573191,3,78,400,5,2,100,0.0,0,0.3,0.0,0.0,1.0,0.7,1.0,0.0,2.0,2.0,0.0
ind_nl_both,0.9024507587418981,0.047639501476763685,1.0,1.0,-2.047654535295292,4,79,400,5,2,100,0.0,0,0.3,0.0,0.0,1.0,0.7,1.0,0.0,2.0,2.0,0.0
ind_nl_both,0.9286272885103438,0.04748142368380183,1.0,1.0,-1.503171260511399,5,80,400,5,2,100,0.0,0,0.3,0.0,0.0,1.0,0.7,1.0,0.0,2.0,2.0,0.0
ind_nl_both,1.0633631997165554,0.05483859612197324,1.0,1.0,1.1554489756743862,6,81,400,5,2,100,0.0,0,0.3,0.0,0.0,1.0,0.7,1.0,0.0,2.0,2.0,0.0
ind_nl_both,0.9398953465089346,0.04540983807318851,1.0,1.0,-1.323604224137351,7,82,400,5,2,100,0.0,0,0.3,0.0,0.0,1.0,0.7,1.0,0.0,2.0,2.0,0.0
ind_nl_both,0.9889338977942598,0.05748625615408283,1.0,1.0,-0.1924999634013265,8,83,400,5,2,100,0.0,0,0.3,0.0,0.0,1.0,0.7,1.0,0.0,2.0,2.0,0.0
ind_nl_both,0.9066248175266516,0.04753873285300111,1.0,1.0,-1.9641916574024474,9,84,400,5,2,100,0.0,0,0.3,0.0,0.0,1.0,0.7,1.0,0.0,2.0,2.0,0.0
ind_nl_both,0.9190667237447979,0.048002338313502715,1.0,1.0,-1.686027787367936,10,85,400,5,2,100,0.0,0,0.3,0.0,0.0,1.0,0.7,1.0,0.0,2.0,2.0,0.0
ind_nl_both,1.053190750530902,0.05579186466055726,1.0,1.0,0.9533782542404573,11,86,400,5,2,100,0.0,0,0.3,0.0,0.0,1.0,0.7,1.0,0.0,2.0,2.0,0.0
ind_nl_both,1.0585275500763895,0.058945757742016686,1.0,1.0,0.9929052118142669,12,87,400,5,2,100,0.0,0,0.3,0.0,0.0,1.0,0.7,1.0,0.0,2.0,2.0,0.0
ind_nl_both,1.0364505189435549,0.049451834335658286,1.0,1.0,0.7370913421763907,13,88,400,5,2,100,0.0,0,0.3,0.0,0.0,1.0,0.7,1.0,0.0,2.0,2.0,0.0
ind_nl_both,0.9107944941577535,0.0539540716047776,1.0,1.0,-1.6533600373238082,14,89,400,5,2,100,0.0,0,0.3,0.0,0.0,1.0,0.7,1.0,0.0,2.0,2.0,0.0
ind_nl_both,1.0603437511141778,0.047227728838934696,1.0,1.0,1.277718674975329,15,90,400,5,2,100,0.0,0,0.3,0.0,0.0,1.0,0.7,1.0,0.0,2.0,2.0,0.0
ind_nl_both,1.0649963739574038,0.04644824487232464,1.0,1.0,1.3993289549704964,16,91,400,5,2,100,0.0,0,0.3,0.0,0.0,1.0,0.7,1.0,0.0,2.0,2.0,0.0
ind_nl_both,0.9434432106337514,0.05232548143943062,1.0,1.0,-1.0808651504089068,17,92,400,5,2,100,0.0,0,0.3,0.0,0.0,1.0,0.7,1.0,0.0,2.0,2.0,0.0
ind_nl_both,1.053181431963094,0.050995971636909075,1.0,1.0,1.0428555483116488,18,93,400,5,2,100,0.0,0,0.3,0.0,0.0,1.0,0.7,1.0,0.0,2.0,2.0,0.0
ind_nl_both,1.0242939849648,0.04631945224365783,1.0,1.0,0.5244877430113922,19,94,400,5,2,100,0.0,0,0.3,0.0,0.0,1.0,0.7,1.0,0.0,2.0,2.0,0.0
ind_nl_both,1.012137411991382,0.05702050686359671,1.0,1.0,0.212860471767058,20,95,400,5,2,100,0.0,0,0.3,0.0,0.0,1.0,0.7,1.0,0.0,2.0,2.0,0.0
ind_nl_both,1.075905998135541,0.04789866773548376,1.0,1.0,1.5847204468133704,21,96,400,5,2,100,0.0,0,0.3,0.0,0.0,1.0,0.7,1.0,0.0,2.0,2.0,0.0
ind_nl_both,0.9394521436003076,0.05067218804837417,1.0,1.0,-1.19489326851034,22,97,400,5,2,100,0.0,0,0.3,0.0,0.0,1.0,0.7,1.0,0.0,2.0,2.0,0.0
ind_nl_both,1.0479053144879273,0.05124314819295963,1.0,1.0,0.9348628290271425,23,98,400,5,2,100,0.0,0,0.3,0.0,0.0,1.0,0.7,1.0,0.0,2.0,2.0,0.0
ind_nl_both,0.8826166980715444,0.04708554750304126,1.0,1.0,-2.492979441746404,24,99,400,5,2,100,0.0,0,0.3,0.0,0.0,1.0,0.7,1.0,0.0,2.0,2.0,0.0
ind_nl_both,1.0508453380046299,0.05302861608290666,1.0,1.0,0.958828303667903,25,100,400,5,2,100,0.0,0,0.3,0.0,0.0,1.0,0.7,1.0,0.0,2.0,2.0,0.0
ind_nl_both,0.9951126921336703,0.05426618609781463,1.0,1.0,-0.0900617533268393,26,101,400,5,2,100,0.0,0,0.3,0.0,0.0,1.0,0.7,1.0,0.0,2.0,2.0,0.0
ind_nl_both,1.0292850586685998,0.048120414599080716,1.0,1.0,0.608578685628349,27,102,400,5,2,100,0.0,0,0.3,0.0,0.0,1.0,0.7,1.0,0.0,2.0,2.0,0.0
ind_nl_both,0.9758234086277714,0.04930906520222949,1.0,1.0,-0.49030723403646015,28,103,400,5,2,100,0.0,0,0.3,0.0,0.0,1.0,0.7,1.0,0.0,2.0,2.0,0.0
ind_nl_both,0.9996804201163159,0.05115881401832385,1.0,1.0,-0.006246819630526899,29,104,400,5,2,100,0.0,0,0.3,0.0,0.0,1.0,0.7,1.0,0.0,2.0,2.0,0.0
ind_nl_both,0.9452522959179263,0.04822514045214174,1.0,1.0,-1.1352523511342585,30,105,400,5,2,100,0.0,0,0.3,0.0,0.0,1.0,0.7,1.0,0.0,2.0,2.0,0.0
ind_nl_both,1.0249983658618567,0.057226798460422064,1.0,1.0,0.4368297115056241,31,106,400,5,2,100,0.0,0,0.3,0.0,0.0,1.0,0.7,1.0,0.0,2.0,2.0,0.0
ind_nl_both,1.0371461745122723,0.052466346816155154,1.0,1.0,0.708000018420083,32,107,400,5,2,100,0.0,0,0.3,0.0,0.0,1.0,0.7,1.0,0.0,2.0,2.0,0.0
ind_nl_both,0.9336496216189857,0.0491857106491243,1.0,1.0,-1.3489767150938912,33,108,400,5,2,100,0.0,0,0.3,0.0,0.0,1.0,0.7,1.0,0.0,2.0,2.0,0.0
ind_nl_both,1.0507860172605854,0.05196226045075978,1.0,1.0,0.9773635099787662,34,109,400,5,2,100,0.0,0,0.3,0.0,0.0,1.0,0.7,1.0,0.0,2.0,2.0,0.0
ind_nl_both,0.9923704728215761,0.05485482912556932,1.0,1.0,-0.13908578880008912,35,110,400,5,2,100,0.0,0,0.3,0.0,0.0,1.0,0.7,1.0,0.0,2.0,2.0,0.0
ind_nl_both,1.0633588559682055,0.05619596821835995,1.0,1.0,1.1274626628375324,36,111,400,5,2,100,0.0,0,0.3,0.0,0.0,1.0,0.7,1.0,0.0,2.0,2.0,0.0
ind_nl_both,0.978884969413754,0.04863838606885936,1.0,1.0,-0.43412276378481307,37,112,400,5,2,100,0.0,0,0.3,0.0,0.0,1.0,0.7,1.0,0.0,2.0,2.0,0.0
ind_nl_both,0.9341558552099657,0.052078439215344836,1.0,1.0,-1.2643263850087394,38,113,400,5,2,100,0.0,0,0.3,0.0,0.0,1.0,0.7,1.0,0.0,2.0,2.0,0.0
ind_nl_both,0.9804680904977182,0.04745347876825732,1.0,1.0,-0.41160121469002,39,114,400,5,2,100,0.0,0,0.3,0.0,0.0,1.0,0.7,1.0,0.0,2.0,2.0,0.0
ind_nl_both,1.048742689184869,0.04947535630416221,1.0,1.0,0.9851912714930452,40,115,400,5,2,100,0.0,0,0.3,0.0,0.0,1.0,0.7,1.0,0.0,2.0,2.0,0.0
ind_nl_both,1.0365988167881148,0.04933350866593017,1.0,1.0,0.7418652712489929,41,116,400,5,2,100,0.0,0,0.3,0.0,0.0,1.0,0.7,1.0,0.0,2.0,2.0,0.0
ind_nl_both,0.8903923754696653,0.051597019248003355,1.0,1.0,-2.1243014834539333,42,117,400,5,2,100,0.0,0,0.3,0.0,0.0,1.0,0.7,1.0,0.0,2.0,2.0,0.0
ind_nl_both,0.9807592681231152,0.05000662199885917,1.0,1.0,-0.3847636794447693,43,118,400,5,2,100,0.0,0,0.3,0.0,0.0,1.0,0.7,1.0,0.0,2.0,2.0,0.0
ind_nl_both,1.0039646491229932,0.04495055095569474,1.0,1.0,0.0882002342285181,44,119,400,5,2,100,0.0,0,0.3,0.0,0.0,1.0,0.7,1.0,0.0,2.0,2.0,0.0
ind_nl_both,0.9853479274033581,0.05236149479647304,1.0,1.0,-0.2798253306861066,45,120,400,5,2,100,0.0,0,0.3,0.0,0.0,1.0,0.7,1.0,0.0,2.0,2.0,0.0
ind_nl_both,0.9951762065941816,0.05436478231859273,1.0,1.0,-0.08873011534470293,46,121,400,5,2,100,0.0,0,0.3,0.0,0.0,1.0,0.7,1.0,0.0,2.0,2.0,0.0
ind_nl_both,0.9411196694194458,0.05734655208268163,1.0,1.0,-1.0267457840475078,47,122,400,5,2,100,0.0,0,0.3,0.0,0.0,1.0,0.7,1.0,0.0,2.0,2.0,0.0
ind_nl_both,1.0156930717437065,0.05427549445290606,1.0,1.0,0.2891373335589435,48,123,400,5,2,100,0.0,0,0.3,0.0,0.0,1.0,0.7,1.0,0.0,2.0,2.0,0.0
ind_nl_both,1.0822107300035708,0.055131584853337405,1.0,1.0,1.4911729859076266,49,124,400,5,2,100,0.0,0,0.3,0.0,0.0,1.0,0.7,1.0,0.0,2.0,2.0,0.0
ind_nl_both,0.9356771477187424,0.05571776781348255,1.0,1.0,-1.154440581621663,50,125,400,5,2,100,0.0,0,0.3,0.0,0.0,1.0,0.7,1.0,0.0,2.0,2.0,0.0
ind_nl_both,0.9032914500936813,0.051455852119543094,1.0,1.0,-1.8794470584539889,51,126,400,5,2,100,0.0,0,0.3,0.0,0.0,1.0,0.7,1.0,0.0,2.0,2.0,0.0
ind_nl_both,0.9236540876095731,0.05238910682497151,1.0,1.0,-1.457286008816555,52,127,400,5,2,100,0.0,0,0.3,0.0,0.0,1.0,0.7,1.0,0.0,2.0,2.0,0.0
ind_nl_both,1.051924577441775,0.05539961869312493,1.0,1.0,0.9372731918860434,53,128,400,5,2,100,0.0,0,0.3,0.0,0.0,1.0,0.7,1.0,0.0,2.0,2.0,0.0
ind_nl_both,0.9362514770986676,0.04527390713435367,1.0,1.0,-1.408063207625397,54,129,400,5,2,100,0.0,0,0.3,0.0,0.0,1.0,0.7,1.0,0.0,2.0,2.0,0.0
ind_nl_both,1.0446981238025852,0.04989331069981152,1.0,1.0,0.8958740796239456,55,130,400,5,2,100,0.0,0,0.3,0.0,0.0,1.0,0.7,1.0,0.0,2.0,2.0,0.0
ind_nl_both,0.9945128262036251,0.05336440974389445,1.0,1.0,-0.10282459456984189,56,131,400,5,2,100,0.0,0,0.3,0.0,0.0,1.0,0.7,1.0,0.0,2.0,2.0,0.0
ind_nl_both,0.990669375140383,0.05055778687384199,1.0,1.0,-0.18455366495570547,57,132,400,5,2,100,0.0,0,0.3,0.0,0.0,1.0,0.7,1.0,0.0,2.0,2.0,0.0
ind_nl_both,1.0508851483141384,0.05050405575508714,1.0,1.0,1.0075457812912947,58,133,400,5,2,100,0.0,0,0.3,0.0,0.0,1.0,0.7,1.0,0.0,2.0,2.0,0.0
ind_nl_both,0.9657522220178396,0.05116132593365447,1.0,1.0,-0.6694075526223184,59,134,400,5,2,100,0.0,0,0.3,0.0,0.0,1.0,0.7,1.0,0.0,2.0,2.0,0.0
ind_nl_both,1.024648717055088,0.05731890535567702,1.0,1.0,0.43002770032220616,60,135,400,5,2,100,0.0,0,0.3,0.0,0.0,1.0,0.7,1.0,0.0,2.0,2.0,0.0
ind_nl_both,0.9818281642985278,0.04770127126071343,1.0,1.0,-0.3809507633906275,61,136,400,5,2,100,0.0,0,0.3,0.0,0.0,1.0,0.7,1.0,0.0,2.0,2.0,0.0
ind_nl_both,0.9178862233848658,0.052109701450447854,1.0,1.0,-1.575786740847437,62,137,400,5,2,100,0.0,0,0.3,0.0,0.0,1.0,0.7,1.0,0.0,2.0,2.0,0.0
ind_nl_both,1.002779333549033,0.047514680874795975,1.0,1.0,0.05849420637711185,63,138,400,5,2,100,0.0,0,0.3,0.0,0.0,1.0,0.7,1.0,0.0,2.0,2.0,0.0
ind_nl_both,0.8928551324597773,0.05257553372784157,1.0,1.0,-2.0379225838174175,64,139,400,5,2,100,0.0,0,0.3,0.0,0.0,1.0,0.7,1.0,0.0,2.0,2.0,0.0
ind_nl_both,0.9777884302644527,0.04755853246836598,1.0,1.0,-0.46703648289234995,65,140,400,5,2,100,0.0,0,0.3,0.0,0.0,1.0,0.7,1.0,0.0,2.0,2.0,0.0
ind_nl_both,0.9537169771809232,0.05172297172902844,1.0,1.0,-0.8948252830782619,66,141,400,5,2,100,0.0,0,0.3,0.0,0.0,1.0,0.7,1.0,0.0,2.0,2.0,0.0
ind_nl_both,0.9969485677601709,0.052750276278184106,1.0,1.0,-0.057846753706786644,67,142,400,5,2,100,0.0,0,0.3,0.0,0.0,1.0,0.7,1.0,0.0,2.0,2.0,0.0
ind_nl_both,0.9956724552576468,0.05448333261046169,1.0,1.0,-0.07942878188626509,68,143,400,5,2,100,0.0,0,0.3,0.0,0.0,1.0,0.7,1.0,0.0,2.0,2.0,0.0
ind_nl_both,1.0283448833178352,0.05535544389151291,1.0,1.0,0.5120523172641577,69,144,400,5,2,100,0.0,0,0.3,0.0,0.0,1.0,0.7,1.0,0.0,2.0,2.0,0.0
ind_nl_both,0.988949388413126,0.05367098548706156,1.0,1.0,-0.20589544772823304,70,145,400,5,2,100,0.0,0,0.3,0.0,0.0,1.0,0.7,1.0,0.0,2.0,2.0,0.0
ind_nl_both,1.0104193575636233,0.05416539362508367,1.0,1.0,0.19236189135341555,71,146,400,5,2,100,0.0,0,0.3,0.0,0.0,1.0,0.7,1.0,0.0,2.0,2.0,0.0
ind_nl_both,0.9806374975168437,0.049778887069286036,1.0,1.0,-0.38897017637630377,72,147,400,5,2,100,0.0,0,0.3,0.0,0.0,1.0,0.7,1.0,0.0,2.0,2.0,0.0
ind_nl_both,0.9921191615579095,0.04546202568182534,1.0,1.0,-0.17334991839664346,73,148,400,5,2,100,0.0,0,0.3,0.0,0.0,1.0,0.7,1.0,0.0,2.0,2.0,0.0
ind_nl_both,0.9497095716387985,0.04658237714093894,1.0,1.0,-1.0796020179271548,74,149,400,5,2,100,0.0,0,0.3,0.0,0.0,1.0,0.7,1.0,0.0,2.0,2.0,0.0
ind_nl_both,0.9370487239461677,0.047010044400032626,1.0,1.0,-1.3391026717215488,75,150,400,5,2,100,0.0,0,0.3,0.0,0.0,1.0,0.7,1.0,0.0,2.0,2.0,0.0
ind_nl_both,0.9756387683988113,0.04338012846720774,1.0,1.0,-0.561575828886816,76,151,400,5,2,100,0.0,0,0.3,0.0,0.0,1.0,0.7,1.0,0.0,2.0,2.0,0.0
ind_nl_both,1.0725574779612563,0.05045173331728796,1.0,1.0,1.4381562969293178,77,152,400,5,2,100,0.0,0,0.3,0.0,0.0,1.0,0.7,1.0,0.0,2.0,2.0,0.0
ind_nl_both,0.9759209381873796,0.04976938911870678,1.0,1.0,-0.48381268564877467,78,153,400,5,2,100,0.0,0,0.3,0.0,0.0,1.0,0.7,1.0,0.0,2.0,2.0,0.0
ind_nl_both,0.8649370246804247,0.05290602019656609,1.0,1.0,-2.552884810041745,79,154,400,5,2,100,0.0,0,0.3,0.0,0.0,1.0,0.7,1.0,0.0,2.0,2.0,0.0
ind_nl_both,1.0509908818074263,0.05145821999084032,1.0,1.0,0.990918104367053,80,155,400,5,2,100,0.0,0,0.3,0.0,0.0,1.0,0.7,1.0,0.0,2.0,2.0,0.0
ind_nl_both,0.9628635093503568,0.051592406853218996,1.0,1.0,-0.7198053534369301,81,156,400,5,2,100,0.0,0,0.3,0.0,0.0,1.0,0.7,1.0,0.0,2.0,2.0,0.0
ind_nl_both,0.957796231872673,0.05240637772471276,1.0,1.0,-0.8053174052406477,82,157,400,5,2,100,0.0,0,0.3,0.0,0.0,1.0,0.7,1.0,0.0,2.0,2.0,0.0
ind_nl_both,0.9564913585584628,0.05646695585971981,1.0,1.0,-0.770515087613811,83,158,400,5,2,100,0.0,0,0.3,0.0,0.0,1.0,0.7,1.0,0.0,2.0,2.0,0.0
ind_nl_both,1.0056649398457977,0.04916521589182267,1.0,1.0,0.1152225154113471,84,159,400,5,2,100,0.0,0,0.3,0.0,0.0,1.0,0.7,1.0,0.0,2.0,2.0,0.0
ind_nl_both,0.9701166014061886,0.0472477454023076,1.0,1.0,-0.6324830600774419,85,160,400,5,2,100,0.0,0,0.3,0.0,0.0,1.0,0.7,1.0,0.0,2.0,2.0,0.0
ind_nl_both,0.9001958811708305,0.05477523954985279,1.0,1.0,-1.8220663140748918,86,161,400,5,2,100,0.0,0,0.3,0.0,0.0,1.0,0.7,1.0,0.0,2.0,2.0,0.0
ind_nl_both,0.8869785931983791,0.05744852438677326,1.0,1.0,-1.9673509112384184,87,162,400,5,2,100,0.0,0,0.3,0.0,0.0,1.0,0.7,1.0,0.0,2.0,2.0,0.0
ind_nl_both,0.9722114012873452,0.04757824385512237,1.0,1.0,-0.5840610426326832,88,163,400,5,2,100,0.0,0,0.3,0.0,0.0,1.0,0.7,1.0,0.0,2.0,2.0,0.0
ind_nl_both,0.8344633419761915,0.0514173626163256,1.0,1.0,-3.21947003114564,89,164,400,5,2,100,0.0,0,0.3,0.0,0.0,1.0,0.7,1.0,0.0,2.0,2.0,0.0
ind_nl_both,0.94402367643747,0.04723344156663687,1.0,1.0,-1.185099406393216,90,165,400,5,2,100,0.0,0,0.3,0.0,0.0,1.0,0.7,1.0,0.0,2.0,2.0,0.0
ind_nl_both,0.9782586405926262,0.0527856876108395,1.0,1.0,-0.41187981802304285,91,166,400,5,2,100,0.0,0,0.3,0.0,0.0,1.0,0.7,1.0,0.0,2.0,2.0,0.0
ind_nl_both,0.9893707327152191,0.05474063253845733,1.0,1.0,-0.19417509063881216,92,167,400,5,2,100,0.0,0,0.3,0.0,0.0,1.0,0.7,1.0,0.0,2.0,2.0,0.0
ind_nl_both,0.9521028284036626,0.061302879104612275,1.0,1.0,-0.7813200994133044,93,168,400,5,2,100,0.0,0,0.3,0.0,0.0,1.0,0.7,1.0,0.0,2.0,2.0,0.0
ind_nl_both,0.9642465455612742,0.05715902343349392,1.0,1.0,-0.6255084900169072,94,169,400,5,2,100,0.0,0,0.3,0.0,0.0,1.0,0.7,1.0,0.0,2.0,2.0,0.0
ind_nl_both,1.111639182651789,0.054745183675722286,1.0,1.0,2.0392512209489113,95,170,400,5,2,100,0.0,0,0.3,0.0,0.0,1.0,0.7,1.0,0.0,2.0,2.0,0.0
ind_nl_both,1.0530866810202115,0.04815756308743114,1.0,1.0,1.1023539734315762,96,171,400,5,2,100,0.0,0,0.3,0.0,0.0,1.0,0.7,1.0,0.0,2.0,2.0,0.0
ind_nl_both,1.0234356217964797,0.05213641384558378,1.0,1.0,0.44950582650142995,97,172,400,5,2,100,0.0,0,0.3,0.0,0.0,1.0,0.7,1.0,0.0,2.0,2.0,0.0
ind_nl_both,0.950156923373194,0.0471806740697259,1.0,1.0,-1.0564299389437601,98,173,400,5,2,100,0.0,0,0.3,0.0,0.0,1.0,0.7,1.0,0.0,2.0,2.0,0.0
ind_nl_both,1.0584835295283601,0.04813287560154291,1.0,1.0,1.2150433315578886,99,174,400,5,2,100,0.0,0,0.3,0.0,0.0,1.0,0.7,1.0,0.0,2.0,2.0,0.0
ind_skew_Dpos,1.266401640434356,0.2571429300080573,1.0,1.0,1.0360060858994204,0,76,400,5,2,100,0.0,0,0.3,0.0,0.0,1.0,0.7,0.2,0.0,4.0,1.0,0.25
ind_skew_Dpos,1.1119137787483009,0.2435198356649141,1.0,1.0,0.4595674042023231,1,77,400,5,2,100,0.0,0,0.3,0.0,0.0,1.0,0.7,0.2,0.0,4.0,1.0,0.25
ind_skew_Dpos,1.289709881012067,0.24242193822859903,1.0,1.0,1.1950646180333582,2,78,400,5,2,100,0.0,0,0.3,0.0,0.0,1.0,0.7,0.2,0.0,4.0,1.0,0.25
ind_skew_Dpos,0.5164586611127684,0.23376881572100963,1.0,1.0,-2.06845954793351,3,79,400,5,2,100,0.0,0,0.3,0.0,0.0,1.0,0.7,0.2,0.0,4.0,1.0,0.25
ind_skew_Dpos,0.8222909183665211,0.22710482191706233,1.0,1.0,-0.7824980558905854,4,80,400,5,2,100,0.0,0,0.3,0.0,0.0,1.0,0.7,0.2,0.0,4.0,1.0,0.25
ind_skew_Dpos,1.3155803470163423,0.2722272004484092,1.0,1.0,1.1592535444530243,5,81,400,5,2,100,0.0,0,0.3,0.0,0.0,1.0,0.7,0.2,0.0,4.0,1.0,0.25
ind_skew_Dpos,0.7309352142084432,0.21677980577609243,1.0,1.0,-1.241189348003515,6,82,400,5,2,100,0.0,0,0.3,0.0,0.0,1.0,0.7,0.2,0.0,4.0,1.0,0.25
ind_skew_Dpos,1.0624805772969625,0.28287138962485386,1.0,1.0,0.22087980470497476,7,83,400,5,2,100,0.0,0,0.3,0.0,0.0,1.0,0.7,0.2,0.0,4.0,1.0,0.25
ind_skew_Dpos,0.5308421490680263,0.2337645097261871,1.0,1.0,-2.006967830495345,8,84,400,5,2,100,0.0,0,0.3,0.0,0.0,1.0,0.7,0.2,0.0,4.0,1.0,0.25
ind_skew_Dpos,0.6978226845998245,0.21917091347116338,1.0,1.0,-1.3787290960026652,9,85,400,5,2,100,0.0,0,0.3,0.0,0.0,1.0,0.7,0.2,0.0,4.0,1.0,0.25
ind_skew_Dpos,1.2575476806500434,0.26569386029830344,1.0,1.0,0.9693399778259307,10,86,400,5,2,100,0.0,0,0.3,0.0,0.0,1.0,0.7,0.2,0.0,4.0,1.0,0.25
ind_skew_Dpos,1.3256969943613979,0.2965233242211966,1.0,1.0,1.098385751666667,11,87,400,5,2,100,0.0,0,0.3,0.0,0.0,1.0,0.7,0.2,0.0,4.0,1.0,0.25
ind_skew_Dpos,1.1217215267785228,0.22496607097283514,1.0,1.0,0.5410661538966948,12,88,400,5,2,100,0.0,0,0.3,0.0,0.0,1.0,0.7,0.2,0.0,4.0,1.0,0.25
ind_skew_Dpos,0.5891474974647546,0.24026155133418942,1.0,1.0,-1.7100218501618438,13,89,400,5,2,100,0.0,0,0.3,0.0,0.0,1.0,0.7,0.2,0.0,4.0,1.0,0.25
ind_skew_Dpos,1.444192694039342,0.22155967927826886,1.0,1.0,2.0048444531347065,14,90,400,5,2,100,0.0,0,0.3,0.0,0.0,1.0,0.7,0.2,0.0,4.0,1.0,0.25
ind_skew_Dpos,1.3620747094418086,0.22487854438043156,1.0,1.0,1.6100900619015017,15,91,400,5,2,100,0.0,0,0.3,0.0,0.0,1.0,0.7,0.2,0.0,4.0,1.0,0.25
ind_skew_Dpos,0.7449445314394139,0.2426856462957774,1.0,1.0,-1.0509705557523283,16,92,400,5,2,100,0.0,0,0.3,0.0,0.0,1.0,0.7,0.2,0.0,4.0,1.0,0.25
ind_skew_Dpos,1.2288841905000285,0.24400119848372553,1.0,1.0,0.9380453535571248,17,93,400,5,2,100,0.0,0,0.3,0.0,0.0,1.0,0.7,0.2,0.0,4.0,1.0,0.25
ind_skew_Dpos,1.1771767275543144,0.23268132769359098,1.0,1.0,0.7614565780182908,18,94,400,5,2,100,0.0,0,0.3,0.0,0.0,1.0,0.7,0.2,0.0,4.0,1.0,0.25
ind_skew_Dpos,1.0999589585815366,0.26639403784596205,1.0,1.0,0.37522971380964687,19,95,400,5,2,100,0.0,0,0.3,0.0,0.0,1.0,0.7,0.2,0.0,4.0,1.0,0.25
ind_skew_Dpos,1.4007253842866647,0.24483267607230771,1.0,1.0,1.6367316271473356,20,96,400,5,2,100,0.0,0,0.3,0.0,0.0,1.0,0.7,0.2,0.0,4.0,1.0,0.25
ind_skew_Dpos,0.6419733849147289,0.22990564297066343,1.0,1.0,-1.5572763263186031,21,97,400,5,2,100,0.0,0,0.3,0.0,0.0,1.0,0.7,0.2,0.0,4.0,1.0,0.25
ind_skew_Dpos,1.1625019324932675,0.23386712919452782,1.0,1.0,0.6948472538785063,22,98,400,5,2,100,0.0,0,0.3,0.0,0.0,1.0,0.7,0.2,0.0,4.0,1.0,0.25
ind_skew_Dpos,0.5597942402293035,0.22136534608585898,1.0,1.0,-1.9885938226300242,23,99,400,5,2,100,0.0,0,0.3,0.0,0.0,1.0,0.7,0.2,0.0,4.0,1.0,0.25
ind_skew_Dpos,1.1731471640871094,0.24713816694418142,1.0,1.0,0.7006087575547018,24,100,400,5,2,100,0.0,0,0.3,0.0,0.0,1.0,0.7,0.2,0.0,4.0,1.0,0.25
ind_skew_Dpos,0.9836020372574545,0.26135378925984865,1.0,1.0,-0.06274239523744549,25,101,400,5,2,100,0.0,0,0.3,0.0,0.0,1.0,0.7,0.2,0.0,4.0,1.0,0.25
ind_skew_Dpos,1.0373884196037617,0.22284832884497596,1.0,1.0,0.1677751850217863,26,102,400,5,2,100,0.0,0,0.3,0.0,0.0,1.0,0.7,0.2,0.0,4.0,1.0,0.25
ind_skew_Dpos,0.9509809087857132,0.2386685735468132,1.0,1.0,-0.20538561271734448,27,103,400,5,2,100,0.0,0,0.3,0.0,0.0,1.0,0.7,0.2,0.0,4.0,1.0,0.25
ind_skew_Dpos,1.112418584994095,0.23737748793027935,1.0,1.0,0.473585705090593,28,104,400,5,2,100,0.0,0,0.3,0.0,0.0,1.0,0.7,0.2,0.0,4.0,1.0,0.25
ind_skew_Dpos,0.7512115712313249,0.22723166612967627,1.0,1.0,-1.094866895121461,29,105,400,5,2,100,0.0,0,0.3,0.0,0.0,1.0,0.7,0.2,0.0,4.0,1.0,0.25
ind_skew_Dpos,1.1005735899461304,0.28009312109594886,1.0,1.0,0.3590719741798938,30,106,400,5,2,100,0.0,0,0.3,0.0,0.0,1.0,0.7,0.2,0.0,4.0,1.0,0.25
ind_skew_Dpos,1.3159024167465125,0.25058042554874266,1.0,1.0,1.2606827371081446,31,107,400,5,2,100,0.0,0,0.3,0.0,0.0,1.0,0.7,0.2,0.0,4.0,1.0,0.25
ind_skew_Dpos,0.6762028354181979,0.23155113027482588,1.0,1.0,-1.3983830016182182,32,108,400,5,2,100,0.0,0,0.3,0.0,0.0,1.0,0.7,0.2,0.0,4.0,1.0,0.25
ind_skew_Dpos,1.5683016124846332,0.23902529133315892,1.0,1.0,2.377579415613059,33,109,400,5,2,100,0.0,0,0.3,0.0,0.0,1.0,0.7,0.2,0.0,4.0,1.0,0.25
ind_skew_Dpos,0.8790522164113305,0.25558800427474426,1.0,1.0,-0.4732138502817086,34,110,400,5,2,100,0.0,0,0.3,0.0,0.0,1.0,0.7,0.2,0.0,4.0,1.0,0.25
ind_skew_Dpos,1.242089008733945,0.2539525006645611,1.0,1.0,0.9532846028309587,35,111,400,5,2,100,0.0,0,0.3,0.0,0.0,1.0,0.7,0.2,0.0,4.0,1.0,0.25
ind_skew_Dpos,0.828451200975412,0.21686732107376452,1.0,1.0,-0.7910311160538472,36,112,400,5,2,100,0.0,0,0.3,0.0,0.0,1.0,0.7,0.2,0.0,4.0,1.0,0.25
ind_skew_Dpos,0.8413963970083388,0.2550155952391932,1.0,1.0,-0.6219368774011571,37,113,400,5,2,100,0.0,0,0.3,0.0,0.0,1.0,0.7,0.2,0.0,4.0,1.0,0.25
ind_skew_Dpos,0.8327064147899699,0.22310878914595003,1.0,1.0,-0.7498296496987954,38,114,400,5,2,100,0.0,0,0.3,0.0,0.0,1.0,0.7,0.2,0.0,4.0,1.0,0.25
ind_skew_Dpos,1.0464492326704504,0.23971205984855615,1.0,1.0,0.19377094627527644,39,115,400,5,2,100,0.0,0,0.3,0.0,0.0,1.0,0.7,0.2,0.0,4.0,1.0,0.25
ind_skew_Dpos,1.2769309998527598,0.23514731728873856,1.0,1.0,1.1776915129025898,40,116,400,5,2,100,0.0,0,0.3,0.0,0.0,1.0,0.7,0.2,0.0,4.0,1.0,0.25
ind_skew_Dpos,0.6016729679563282,0.23417977706817253,1.0,1.0,-1.700945474586023,41,117,400,5,2,100,0.0,0,0.3,0.0,0.0,1.0,0.7,0.2,0.0,4.0,1.0,0.25
ind_skew_Dpos,1.0755510598281113,0.23971837871562485,1.0,1.0,0.3151659052297222,42,118,400,5,2,100,0.0,0,0.3,0.0,0.0,1.0,0.7,0.2,0.0,4.0,1.0,0.25
ind_skew_Dpos,0.9700944647970859,0.21498295436661563,1.0,1.0,-0.1391065412186839,43,119,400,5,2,100,0.0,0,0.3,0.0,0.0,1.0,0.7,0.2,0.0,4.0,1.0,0.25
ind_skew_Dpos,0.8889648575383818,0.25887655382730773,1.0,1.0,-0.4289115442091672,44,120,400,5,2,100,0.0,0,0.3,0.0,0.0,1.0,0.7,0.2,0.0,4.0,1.0,0.25
ind_skew_Dpos,0.9295568975268098,0.25005827018422583,1.0,1.0,-0.28170674947600227,45,121,400,5,2,100,0.0,0,0.3,0.0,0.0,1.0,0.7,0.2,0.0,4.0,1.0,0.25
ind_skew_Dpos,0.7989686477479753,0.2788429746401629,1.0,1.0,-0.7209482416096323,46,122,400,5,2,100,0.0,0,0.3,0.0,0.0,1.0,0.7,0.2,0.0,4.0,1.0,0.25
ind_skew_Dpos,1.0159060928532235,0.2595055158210589,1.0,1.0,0.06129385266782352,47,123,400,5,2,100,0.0,0,0.3,0.0,0.0,1.0,0.7,0.2,0.0,4.0,1.0,0.25
ind_skew_Dpos,1.4381493507496002,0.2509682766594076,1.0,1.0,1.7458355955650064,48,124,400,5,2,100,0.0,0,0.3,0.0,0.0,1.0,0.7,0.2,0.0,4.0,1.0,0.25
ind_skew_Dpos,0.7743605278380015,0.26516869233343116,1.0,1.0,-0.8509280268964505,49,125,400,5,2,100,0.0,0,0.3,0.0,0.0,1.0,0.7,0.2,0.0,4.0,1.0,0.25
ind_skew_Dpos,0.9235698691387138,0.25112708349092755,1.0,1.0,-0.304348419130378,50,126,400,5,2,100,0.0,0,0.3,0.0,0.0,1.0,0.7,0.2,0.0,4.0,1.0,0.25
ind_skew_Dpos,0.6130402525180813,0.2430467791692782,1.0,1.0,-1.5921204502463597,51,127,400,5,2,100,0.0,0,0.3,0.0,0.0,1.0,0.7,0.2,0.0,4.0,1.0,0.25
ind_skew_Dpos,1.4416438504812006,0.25654443087652906,1.0,1.0,1.7215101843070493,52,128,400,5,2,100,0.0,0,0.3,0.0,0.0,1.0,0.7,0.2,0.0,4.0,1.0,0.25
ind_skew_Dpos,0.6171486116064191,0.2181469315993972,1.0,1.0,-1.7550161516671952,53,129,400,5,2,100,0.0,0,0.3,0.0,0.0,1.0,0.7,0.2,0.0,4.0,1.0,0.25
ind_skew_Dpos,1.2102351494686565,0.2584699639763105,1.0,1.0,0.8133832892394613,54,130,400,5,2,100,0.0,0,0.3,0.0,0.0,1.0,0.7,0.2,0.0,4.0,1.0,0.25
ind_skew_Dpos,0.9585539275189261,0.25681915222062984,1.0,1.0,-0.16138232730193014,55,131,400,5,2,100,0.0,0,0.3,0.0,0.0,1.0,0.7,0.2,0.0,4.0,1.0,0.25
ind_skew_Dpos,0.8829735985593026,0.2332591864294589,1.0,1.0,-0.5017011472604445,56,132,400,5,2,100,0.0,0,0.3,0.0,0.0,1.0,0.7,0.2,0.0,4.0,1.0,0.25
ind_skew_Dpos,1.2712558123331485,0.22725883764843444,1.0,1.0,1.1935985202598665,57,133,400,5,2,100,0.0,0,0.3,0.0,0.0,1.0,0.7,0.2,0.0,4.0,1.0,0.25
ind_skew_Dpos,0.8472041811279059,0.2283418790098432,1.0,1.0,-0.6691537248211378,58,134,400,5,2,100,0.0,0,0.3,0.0,0.0,1.0,0.7,0.2,0.0,4.0,1.0,0.25
ind_skew_Dpos,0.979008425088237,0.27942016961122845,1.0,1.0,-0.07512548196134018,59,135,400,5,2,100,0.0,0,0.3,0.0,0.0,1.0,0.7,0.2,0.0,4.0,1.0,0.25
ind_skew_Dpos,1.1481515084900764,0.23870454509868605,1.0,1.0,0.6206480418243696,60,136,400,5,2,100,0.0,0,0.3,0.0,0.0,1.0,0.7,0.2,0.0,4.0,1.0,0.25
ind_skew_Dpos,0.9283052962252589,0.24632412933156034,1.0,1.0,-0.2910583870500062,61,137,400,5,2,100,0.0,0,0.3,0.0,0.0,1.0,0.7,0.2,0.0,4.0,1.0,0.25
ind_skew_Dpos,1.051312582279041,0.23054748330336705,1.0,1.0,0.22256839044094484,62,138,400,5,2,100,0.0,0,0.3,0.0,0.0,1.0,0.7,0.2,0.0,4.0,1.0,0.25
ind_skew_Dpos,0.582945476975101,0.24822782956552927,1.0,1.0,-1.6801279846617738,63,139,400,5,2,100,0.0,0,0.3,0.0,0.0,1.0,0.7,0.2,0.0,4.0,1.0,0.25
ind_skew_Dpos,0.9561918311738018,0.22992532842269117,1.0,1.0,-0.19053215723002878,64,140,400,5,2,100,0.0,0,0.3,0.0,0.0,1.0,0.7,0.2,0.0,4.0,1.0,0.25
ind_skew_Dpos,0.9318254303270757,0.2383389434966105,1.0,1.0,-0.286040412333597,65,141,400,5,2,100,0.0,0,0.3,0.0,0.0,1.0,0.7,0.2,0.0,4.0,1.0,0.25
ind_skew_Dpos,0.9914310940270712,0.2576843157812008,1.0,1.0,-0.03325350224343746,66,142,400,5,2,100,0.0,0,0.3,0.0,0.0,1.0,0.7,0.2,0.0,4.0,1.0,0.25
ind_skew_Dpos,1.1325585002224463,0.26626480486492193,1.0,1.0,0.49784461859198476,67,143,400,5,2,100,0.0,0,0.3,0.0,0.0,1.0,0.7,0.2,0.0,4.0,1.0,0.25
ind_skew_Dpos,1.066214782058761,0.25892477435874917,1.0,1.0,0.2557298050089955,68,144,400,5,2,100,0.0,0,0.3,0.0,0.0,1.0,0.7,0.2,0.0,4.0,1.0,0.25
ind_skew_Dpos,1.009781560087206,0.24672599369571258,1.0,1.0,0.03964543800467816,69,145,400,5,2,100,0.0,0,0.3,0.0,0.0,1.0,0.7,0.2,0.0,4.0,1.0,0.25
ind_skew_Dpos,0.9803051091954447,0.2630350733303231,1.0,1.0,-0.07487553106585985,70,146,400,5,2,100,0.0,0,0.3,0.0,0.0,1.0,0.7,0.2,0.0,4.0,1.0,0.25
ind_skew_Dpos,0.849314191198357,0.2348373148592655,1.0,1.0,-0.6416604145382376,71,147,400,5,2,100,0.0,0,0.3,0.0,0.0,1.0,0.7,0.2,0.0,4.0,1.0,0.25
ind_skew_Dpos,1.0031995041949255,0.20798861937341107,1.0,1.0,0.0153830733843246,72,148,400,5,2,100,0.0,0,0.3,0.0,0.0,1.0,0.7,0.2,0.0,4.0,1.0,0.25
ind_skew_Dpos,0.8479598781857134,0.21695951962224436,1.0,1.0,-0.700776449353358,73,149,400,5,2,100,0.0,0,0.3,0.0,0.0,1.0,0.7,0.2,0.0,4.0,1.0,0.25
ind_skew_Dpos,0.6590937061512485,0.2268539072227367,1.0,1.0,-1.5027569858606507,74,150,400,5,2,100,0.0,0,0.3,0.0,0.0,1.0,0.7,0.2,0.0,4.0,1.0,0.25
ind_skew_Dpos,1.1936783338414685,0.20937267857490088,1.0,1.0,0.9250411045019997,75,151,400,5,2,100,0.0,0,0.3,0.0,0.0,1.0,0.7,0.2,0.0,4.0,1.0,0.25
ind_skew_Dpos,1.208585957670142,0.24073548624603106,1.0,1.0,0.8664528895294139,76,152,400,5,2,100,0.0,0,0.3,0.0,0.0,1.0,0.7,0.2,0.0,4.0,1.0,0.25
ind_skew_Dpos,0.8317706058921603,0.24559496500959968,1.0,1.0,-0.6849871458124722,77,153,400,5,2,100,0.0,0,0.3,0.0,0.0,1.0,0.7,0.2,0.0,4.0,1.0,0.25
ind_skew_Dpos,0.6066983476639627,0.25161057801885656,1.0,1.0,-1.5631363968591254,78,154,400,5,2,100,0.0,0,0.3,0.0,0.0,1.0,0.7,0.2,0.0,4.0,1.0,0.25
ind_skew_Dpos,1.2446638769246294,0.2532875306679946,1.0,1.0,0.9659531058610662,79,155,400,5,2,100,0.0,0,0.3,0.0,0.0,1.0,0.7,0.2,0.0,4.0,1.0,0.25
ind_skew_Dpos,0.975294370500976,0.24876107902339153,1.0,1.0,-0.0993146902080324,80,156,400,5,2,100,0.0,0,0.3,0.0,0.0,1.0,0.7,0.2,0.0,4.0,1.0,0.25
ind_skew_Dpos,0.862683286132872,0.24749887844519733,1.0,1.0,-0.5548175196985122,81,157,400,5,2,100,0.0,0,0.3,0.0,0.0,1.0,0.7,0.2,0.0,4.0,1.0,0.25
ind_skew_Dpos,0.928404306844821,0.26462978402317333,1.0,1.0,-0.2705503971121763,82,158,400,5,2,100,0.0,0,0.3,0.0,0.0,1.0,0.7,0.2,0.0,4.0,1.0,0.25
ind_skew_Dpos,1.375301639760793,0.22576558867042248,1.0,1.0,1.66235094538108,83,159,400,5,2,100,0.0,0,0.3,0.0,0.0,1.0,0.7,0.2,0.0,4.0,1.0,0.25
ind_skew_Dpos,0.9488205595238209,0.2299303664321315,1.0,1.0,-0.222586695573704,84,160,400,5,2,100,0.0,0,0.3,0.0,0.0,1.0,0.7,0.2,0.0,4.0,1.0,0.25
ind_skew_Dpos,0.626940380449949,0.26032470968894506,1.0,1.0,-1.4330549719840648,85,161,400,5,2,100,0.0,0,0.3,0.0,0.0,1.0,0.7,0.2,0.0,4.0,1.0,0.25
ind_skew_Dpos,0.7007076354119428,0.2894407617553693,1.0,1.0,-1.0340366808494454,86,162,400,5,2,100,0.0,0,0.3,0.0,0.0,1.0,0.7,0.2,0.0,4.0,1.0,0.25
ind_skew_Dpos,0.8792489698389309,0.22924899145910096,1.0,1.0,-0.5267243680878381,87,163,400,5,2,100,0.0,0,0.3,0.0,0.0,1.0,0.7,0.2,0.0,4.0,1.0,0.25
ind_skew_Dpos,0.36320297330915885,0.25686912518991456,1.0,1.0,-2.4790718861989713,88,164,400,5,2,100,0.0,0,0.3,0.0,0.0,1.0,0.7,0.2,0.0,4.0,1.0,0.25
ind_skew_Dpos,0.7543553502081052,0.23323730873576953,1.0,1.0,-1.0531962108608506,89,165,400,5,2,100,0.0,0,0.3,0.0,0.0,1.0,0.7,0.2,0.0,4.0,1.0,0.25
ind_skew_Dpos,0.9049360278228541,0.24133867126295322,1.0,1.0,-0.39390277438615673,90,166,400,5,2,100,0.0,0,0.3,0.0,0.0,1.0,0.7,0.2,0.0,4.0,1.0,0.25
ind_skew_Dpos,1.009828743495742,0.2652616262012615,1.0,1.0,0.037053016813991355,91,167,400,5,2,100,0.0,0,0.3,0.0,0.0,1.0,0.7,0.2,0.0,4.0,1.0,0.25
ind_skew_Dpos,0.7962966365829754,0.2820620865111187,1.0,1.0,-0.7221933508918956,92,168,400,5,2,100,0.0,0,0.3,0.0,0.0,1.0,0.7,0.2,0.0,4.0,1.0,0.25
ind_skew_Dpos,0.8949431174192743,0.2606043588871763,1.0,1.0,-0.4031278794772885,93,169,400,5,2,100,0.0,0,0.3,0.0,0.0,1.0,0.7,0.2,0.0,4.0,1.0,0.25
ind_skew_Dpos,1.501548783884616,0.26222453523065914,1.0,1.0,1.912669168975517,94,170,400,5,2,100,0.0,0,0.3,0.0,0.0,1.0,0.7,0.2,0.0,4.0,1.0,0.25
ind_skew_Dpos,1.1106599649019189,0.23159007754591357,1.0,1.0,0.47782688306229415,95,171,400,5,2,100,0.0,0,0.3,0.0,0.0,1.0,0.7,0.2,0.0,4.0,1.0,0.25
ind_skew_Dpos,1.15461967569736,0.26415380739281785,1.0,1.0,0.5853395687287144,96,172,400,5,2,100,0.0,0,0.3,0.0,0.0,1.0,0.7,0.2,0.0,4.0,1.0,0.25
ind_skew_Dpos,0.6870027777586868,0.24199388733724997,1.0,1.0,-1.2934096215625102,97,173,400,5,2,100,0.0,0,0.3,0.0,0.0,1.0,0.7,0.2,0.0,4.0,1.0,0.25
ind_skew_Dpos,1.0056042528910643,0.22977591134276168,1.0,1.0,0.024390080136399806,98,174,400,5,2,100,0.0,0,0.3,0.0,0.0,1.0,0.7,0.2,0.0,4.0,1.0,0.25
ind_skew_Dpos,1.1345268990613182,0.23091360650237333,1.0,1.0,0.5825854140818486,99,175,400,5,2,100,0.0,0,0.3,0.0,0.0,1.0,0.7,0.2,0.0,4.0,1.0,0.25
ind_skew_Dneg,0.9622112015395111,0.24751596255636932,1.0,1.0,-0.15267216736327807,0,77,400,5,2,100,0.0,0,0.3,0.0,0.0,1.0,0.7,0.2,0.0,-4.0,1.0,0.25
ind_skew_Dneg,1.1909289299532297,0.24381345925558978,1.0,1.0,0.7830942989618913,1,78,400,5,2,100,0.0,0,0.3,0.0,0.0,1.0,0.7,0.2,0.0,-4.0,1.0,0.25
ind_skew_Dneg,0.5712618530545913,0.23086573506673957,1.0,1.0,-1.8570886962565811,2,79,400,5,2,100,0.0,0,0.3,0.0,0.0,1.0,0.7,0.2,0.0,-4.0,1.0,0.25
ind_skew_Dneg,0.8977426865130289,0.2285372986141104,1.0,1.0,-0.4474425579854014,3,80,400,5,2,100,0.0,0,0.3,0.0,0.0,1.0,0.7,0.2,0.0,-4.0,1.0,0.25
ind_skew_Dneg,1.1425093432569509,0.2784134539853159,1.0,1.0,0.5118622725195855,4,81,400,5,2,100,0.0,0,0.3,0.0,0.0,1.0,0.7,0.2,0.0,-4.0,1.0,0.25
ind_skew_Dneg,0.7611567600984583,0.22021816670587963,1.0,1.0,-1.0845755528449994,5,82,400,5,2,100,0.0,0,0.3,0.0,0.0,1.0,0.7,0.2,0.0,-4.0,1.0,0.25
ind_skew_Dneg,1.0062855456653934,0.2805867419945647,1.0,1.0,0.022401435009766674,6,83,400,5,2,100,0.0,0,0.3,0.0,0.0,1.0,0.7,0.2,0.0,-4.0,1.0,0.25
ind_skew_Dneg,0.6561649048014478,0.220928915596333,1.0,1.0,-1.5563154975457598,7,84,400,5,2,100,0.0,0,0.3,0.0,0.0,1.0,0.7,0.2,0.0,-4.0,1.0,0.25
ind_skew_Dneg,0.5998619149517851,0.2114066815915229,1.0,1.0,-1.8927409580240053,8,85,400,5,2,100,0.0,0,0.3,0.0,0.0,1.0,0.7,0.2,0.0,-4.0,1.0,0.25
ind_skew_Dneg,1.2757372403928209,0.25051351955442847,1.0,1.0,1.1006880621982245,9,86,400,5,2,100,0.0,0,0.3,0.0,0.0,1.0,0.7,0.2,0.0,-4.0,1.0,0.25
ind_skew_Dneg,1.3093752591080265,0.2791959821725943,1.0,1.0,1.108093521620866,10,87,400,5,2,100,0.0,0,0.3,0.0,0.0,1.0,0.7,0.2,0.0,-4.0,1.0,0.25
ind_skew_Dneg,1.0491999533528629,0.2330240156496833,1.0,1.0,0.21113683589947066,11,88,400,5,2,100,0.0,0,0.3,0.0,0.0,1.0,0.7,0.2,0.0,-4.0,1.0,0.25
ind_skew_Dneg,0.6770693967235104,0.2412474339198379,1.0,1.0,-1.3385866868279042,12,89,400,5,2,100,0.0,0,0.3,0.0,0.0,1.0,0.7,0.2,0.0,-4.0,1.0,0.25
ind_skew_Dneg,1.3850703610315096,0.22265319679228698,1.0,1.0,1.7294625299754465,13,90,400,5,2,100,0.0,0,0.3,0.0,0.0,1.0,0.7,0.2,0.0,-4.0,1.0,0.25
ind_skew_Dneg,1.2987702440355233,0.22803834536616552,1.0,1.0,1.3101754599902147,14,91,400,5,2,100,0.0,0,0.3,0.0,0.0,1.0,0.7,0.2,0.0,-4.0,1.0,0.25
ind_skew_Dneg,0.7396686434596754,0.2346939679626134,1.0,1.0,-1.10923752664063,15,92,400,5,2,100,0.0,0,0.3,0.0,0.0,1.0,0.7,0.2,0.0,-4.0,1.0,0.25
ind_skew_Dneg,1.2050566142432397,0.24408048229331927,1.0,1.0,0.8401188506208238,16,93,400,5,2,100,0.0,0,0.3,0.0,0.0,1.0,0.7,0.2,0.0,-4.0,1.0,0.25
ind_skew_Dneg,1.1961586494577527,0.22124380809474317,1.0,1.0,0.8866175788013546,17,94,400,5,2,100,0.0,0,0.3,0.0,0.0,1.0,0.7,0.2,0.0,-4.0,1.0,0.25
ind_skew_Dneg,1.0518529121037263,0.2582357493453555,1.0,1.0,0.20079679995963712,18,95,400,5,2,100,0.0,0,0.3,0.0,0.0,1.0,0.7,0.2,0.0,-4.0,1.0,0.25
ind_skew_Dneg,1.3668108189544883,0.2320209536948672,1.0,1.0,1.5809383295479618,19,96,400,5,2,100,0.0,0,0.3,0.0,0.0,1.0,0.7,0.2,0.0,-4.0,1.0,0.25
ind_skew_Dneg,0.6768869509029884,0.23582387695342064,1.0,1.0,-1.3701456072695815,20,97,400,5,2,100,0.0,0,0.3,0.0,0.0,1.0,0.7,0.2,0.0,-4.0,1.0,0.25
ind_skew_Dneg,0.999192285461851,0.2267023383375973,1.0,1.0,-0.0035628857826166937,21,98,400,5,2,100,0.0,0,0.3,0.0,0.0,1.0,0.7,0.2,0.0,-4.0,1.0,0.25
ind_skew_Dneg,0.6888443991329357,0.21484219419265668,1.0,1.0,-1.4482983756349086,22,99,400,5,2,100,0.0,0,0.3,0.0,0.0,1.0,0.7,0.2,0.0,-4.0,1.0,0.25
ind_skew_Dneg,1.156296366340863,0.2379771293084509,1.0,1.0,0.6567705341897855,23,100,400,5,2,100,0.0,0,0.3,0.0,0.0,1.0,0.7,0.2,0.0,-4.0,1.0,0.25
ind_skew_Dneg,1.0219108776002566,0.25850027401368153,1.0,1.0,0.08476152562645599,24,101,400,5,2,100,0.0,0,0.3,0.0,0.0,1.0,0.7,0.2,0.0,-4.0,1.0,0.25
ind_skew_Dneg,1.0528972537485402,0.22279217463559228,1.0,1.0,0.2374286881263267,25,102,400,5,2,100,0.0,0,0.3,0.0,0.0,1.0,0.7,0.2,0.0,-4.0,1.0,0.25
ind_skew_Dneg,0.8628126575280222,0.23042361021784485,1.0,1.0,-0.5953701634232687,26,103,400,5,2,100,0.0,0,0.3,0.0,0.0,1.0,0.7,0.2,0.0,-4.0,1.0,0.25
ind_skew_Dneg,1.020863590114639,0.2313523651994439,1.0,1.0,0.09018101067025165,27,104,400,5,2,100,0.0,0,0.3,0.0,0.0,1.0,0.7,0.2,0.0,-4.0,1.0,0.25
ind_skew_Dneg,0.932029037196558,0.23008475353973323,1.0,1.0,-0.2954170659191639,28,105,400,5,2,100,0.0,0,0.3,0.0,0.0,1.0,0.7,0.2,0.0,-4.0,1.0,0.25
ind_skew_Dneg,1.0380725270178266,0.25733788414476944,1.0,1.0,0.1479476181455207,29,106,400,5,2,100,0.0,0,0.3,0.0,0.0,1.0,0.7,0.2,0.0,-4.0,1.0,0.25
ind_skew_Dneg,1.1595168158309792,0.24442617972142716,1.0,1.0,0.652617555176703,30,107,400,5,2,100,0.0,0,0.3,0.0,0.0,1.0,0.7,0.2,0.0,-4.0,1.0,0.25
ind_skew_Dneg,0.6102983046233379,0.22332984253756796,1.0,1.0,-1.7449602388498864,31,108,400,5,2,100,0.0,0,0.3,0.0,0.0,1.0,0.7,0.2,0.0,-4.0,1.0,0.25
ind_skew_Dneg,1.4569494056658365,0.22368245867734043,1.0,1.0,2.04284863626692,32,109,400,5,2,100,0.0,0,0.3,0.0,0.0,1.0,0.7,0.2,0.0,-4.0,1.0,0.25
ind_skew_Dneg,0.8367472690298078,0.26056851708603157,1.0,1.0,-0.626525156591697,33,110,400,5,2,100,0.0,0,0.3,0.0,0.0,1.0,0.7,0.2,0.0,-4.0,1.0,0.25
ind_skew_Dneg,1.1782286324012032,0.257560821951191,1.0,1.0,0.6919865802997724,34,111,400,5,2,100,0.0,0,0.3,0.0,0.0,1.0,0.7,0.2,0.0,-4.0,1.0,0.25
ind_skew_Dneg,0.853116597985005,0.2179542534537393,1.0,1.0,-0.6739184929289342,35,112,400,5,2,100,0.0,0,0.3,0.0,0.0,1.0,0.7,0.2,0.0,-4.0,1.0,0.25
ind_skew_Dneg,0.8783440833821894,0.2382077742521427,1.0,1.0,-0.5107134601284589,36,113,400,5,2,100,0.0,0,0.3,0.0,0.0,1.0,0.7,0.2,0.0,-4.0,1.0,0.25
ind_skew_Dneg,0.9533698539090022,0.22116816402817233,1.0,1.0,-0.2108357063770628,37,114,400,5,2,100,0.0,0,0.3,0.0,0.0,1.0,0.7,0.2,0.0,-4.0,1.0,0.25
ind_skew_Dneg,1.2337616436936287,0.2362341666623471,1.0,1.0,0.9895335928597815,38,115,400,5,2,100,0.0,0,0.3,0.0,0.0,1.0,0.7,0.2,0.0,-4.0,1.0,0.25
ind_skew_Dneg,1.212493956678298,0.22772871709357506,1.0,1.0,0.9331012767747817,39,116,400,5,2,100,0.0,0,0.3,0.0,0.0,1.0,0.7,0.2,0.0,-4.0,1.0,0.25
ind_skew_Dneg,0.5678446499640669,0.2182870975483576,1.0,1.0,-1.9797567281327602,40,117,400,5,2,100,0.0,0,0.3,0.0,0.0,1.0,0.7,0.2,0.0,-4.0,1.0,0.25
ind_skew_Dneg,1.026233359529225,0.22962918411497396,1.0,1.0,0.1142422712092646,41,118,400,5,2,100,0.0,0,0.3,0.0,0.0,1.0,0.7,0.2,0.0,-4.0,1.0,0.25
ind_skew_Dneg,0.9850796356676629,0.21186600756721144,1.0,1.0,-0.07042358754791682,42,119,400,5,2,100,0.0,0,0.3,0.0,0.0,1.0,0.7,0.2,0.0,-4.0,1.0,0.25
ind_skew_Dneg,0.845809781276814,0.2590173908093054,1.0,1.0,-0.5952890585509154,43,120,400,5,2,100,0.0,0,0.3,0.0,0.0,1.0,0.7,0.2,0.0,-4.0,1.0,0.25
ind_skew_Dneg,0.9450217287662127,0.24835858321082413,1.0,1.0,-0.22136650371820607,44,121,400,5,2,100,0.0,0,0.3,0.0,0.0,1.0,0.7,0.2,0.0,-4.0,1.0,0.25
ind_skew_Dneg,0.7137103505787475,0.26784894500936457,1.0,1.0,-1.0688474035663764,45,122,400,5,2,100,0.0,0,0.3,0.0,0.0,1.0,0.7,0.2,0.0,-4.0,1.0,0.25
ind_skew_Dneg,0.9551741405655833,0.24804466196121264,1.0,1.0,-0.18071688816035186,46,123,400,5,2,100,0.0,0,0.3,0.0,0.0,1.0,0.7,0.2,0.0,-4.0,1.0,0.25
ind_skew_Dneg,1.3872372609447694,0.2493100425239406,1.0,1.0,1.5532357101402525,47,124,400,5,2,100,0.0,0,0.3,0.0,0.0,1.0,0.7,0.2,0.0,-4.0,1.0,0.25
ind_skew_Dneg,0.7587963212703088,0.2494596310454118,1.0,1.0,-0.9669046559512561,48,125,400,5,2,100,0.0,0,0.3,0.0,0.0,1.0,0.7,0.2,0.0,-4.0,1.0,0.25
ind_skew_Dneg,0.723043109542309,0.2486309976808949,1.0,1.0,-1.1139274388189961,49,126,400,5,2,100,0.0,0,0.3,0.0,0.0,1.0,0.7,0.2,0.0,-4.0,1.0,0.25
ind_skew_Dneg,0.6248003495521882,0.2530865483761998,1.0,1.0,-1.4824954263870922,50,127,400,5,2,100,0.0,0,0.3,0.0,0.0,1.0,0.7,0.2,0.0,-4.0,1.0,0.25
ind_skew_Dneg,1.2669779704463922,0.24742386581276424,1.0,1.0,1.079030794258244,51,128,400,5,2,100,0.0,0,0.3,0.0,0.0,1.0,0.7,0.2,0.0,-4.0,1.0,0.25
ind_skew_Dneg,0.6848400390293794,0.20750181209020954,1.0,1.0,-1.5188299215122403,52,129,400,5,2,100,0.0,0,0.3,0.0,0.0,1.0,0.7,0.2,0.0,-4.0,1.0,0.25
ind_skew_Dneg,1.2665569927494646,0.24336357587098964,1.0,1.0,1.0953035670825702,53,130,400,5,2,100,0.0,0,0.3,0.0,0.0,1.0,0.7,0.2,0.0,-4.0,1.0,0.25
ind_skew_Dneg,0.9030825567003138,0.24738896606661442,1.0,1.0,-0.3917613822501253,54,131,400,5,2,100,0.0,0,0.3,0.0,0.0,1.0,0.7,0.2,0.0,-4.0,1.0,0.25
ind_skew_Dneg,0.9044888639884342,0.24055432898001503,1.0,1.0,-0.3970460079290477,55,132,400,5,2,100,0.0,0,0.3,0.0,0.0,1.0,0.7,0.2,0.0,-4.0,1.0,0.25
ind_skew_Dneg,1.1373426883026412,0.22905940969529182,1.0,1.0,0.5995941772719245,56,133,400,5,2,100,0.0,0,0.3,0.0,0.0,1.0,0.7,0.2,0.0,-4.0,1.0,0.25
ind_skew_Dneg,0.6955071099842874,0.22209944890048192,1.0,1.0,-1.3709754415111106,57,134,400,5,2,100,0.0,0,0.3,0.0,0.0,1.0,0.7,0.2,0.0,-4.0,1.0,0.25
ind_skew_Dneg,1.007150286087565,0.2867364456988918,1.0,1.0,0.024936788450930416,58,135,400,5,2,100,0.0,0,0.3,0.0,0.0,1.0,0.7,0.2,0.0,-4.0,1.0,0.25
ind_skew_Dneg,1.017825873186776,0.21853529360801022,1.0,1.0,0.08156976794215443,59,136,400,5,2,100,0.0,0,0.3,0.0,0.0,1.0,0.7,0.2,0.0,-4.0,1.0,0.25
ind_skew_Dneg,0.86779726418005,0.23560488487676157,1.0,1.0,-0.5611205212875855,60,137,400,5,2,100,0.0,0,0.3,0.0,0.0,1.0,0.7,0.2,0.0,-4.0,1.0,0.25
ind_skew_Dneg,1.0704900258130496,0.2312720684235781,1.0,1.0,0.3047926465722015,61,138,400,5,2,100,0.0,0,0.3,0.0,0.0,1.0,0.7,0.2,0.0,-4.0,1.0,0.25
ind_skew_Dneg,0.5110676749109235,0.23979664469203452,1.0,1.0,-2.038945647955172,62,139,400,5,2,100,0.0,0,0.3,0.0,0.0,1.0,0.7,0.2,0.0,-4.0,1.0,0.25
ind_skew_Dneg,0.8419623755199112,0.22305621284059696,1.0,1.0,-0.7085103009124769,63,140,400,5,2,100,0.0,0,0.3,0.0,0.0,1.0,0.7,0.2,0.0,-4.0,1.0,0.25
ind_skew_Dneg,0.8882707766083475,0.250701895527788,1.0,1.0,-0.44566565065826685,64,141,400,5,2,100,0.0,0,0.3,0.0,0.0,1.0,0.7,0.2,0.0,-4.0,1.0,0.25
ind_skew_Dneg,0.8693920257931191,0.23784138870546756,1.0,1.0,-0.5491389657525928,65,142,400,5,2,100,0.0,0,0.3,0.0,0.0,1.0,0.7,0.2,0.0,-4.0,1.0,0.25
ind_skew_Dneg,1.0628793028569288,0.2688933472216225,1.0,1.0,0.2338447697075358,66,143,400,5,2,100,0.0,0,0.3,0.0,0.0,1.0,0.7,0.2,0.0,-4.0,1.0,0.25
ind_skew_Dneg,1.0784707510254607,0.25019732187135835,1.0,1.0,0.3136354555617799,67,144,400,5,2,100,0.0,0,0.3,0.0,0.0,1.0,0.7,0.2,0.0,-4.0,1.0,0.25
ind_skew_Dneg,0.9721344089654421,0.25129636613277817,1.0,1.0,-0.11088736165740837,68,145,400,5,2,100,0.0,0,0.3,0.0,0.0,1.0,0.7,0.2,0.0,-4.0,1.0,0.25
ind_skew_Dneg,1.0919870648883139,0.24524536897361454,1.0,1.0,0.37508176106767005,69,146,400,5,2,100,0.0,0,0.3,0.0,0.0,1.0,0.7,0.2,0.0,-4.0,1.0,0.25
ind_skew_Dneg,0.8098823750009587,0.23652745290686233,1.0,1.0,-0.8037867176200646,70,147,400,5,2,100,0.0,0,0.3,0.0,0.0,1.0,0.7,0.2,0.0,-4.0,1.0,0.25
ind_skew_Dneg,1.0443048845181444,0.21155214935033698,1.0,1.0,0.20942772103333315,71,148,400,5,2,100,0.0,0,0.3,0.0,0.0,1.0,0.7,0.2,0.0,-4.0,1.0,0.25
ind_skew_Dneg,0.7334264932211265,0.22337872918781176,1.0,1.0,-1.1933701465135678,72,149,400,5,2,100,0.0,0,0.3,0.0,0.0,1.0,0.7,0.2,0.0,-4.0,1.0,0.25
ind_skew_Dneg,0.557855314760021,0.21814295289654312,1.0,1.0,-2.026857523330911,73,150,400,5,2,100,0.0,0,0.3,0.0,0.0,1.0,0.7,0.2,0.0,-4.0,1.0,0.25
ind_skew_Dneg,1.0602277116798513,0.19906604571600334,1.0,1.0,0.3025514043001331,74,151,400,5,2,100,0.0,0,0.3,0.0,0.0,1.0,0.7,0.2,0.0,-4.0,1.0,0.25
ind_skew_Dneg,1.2744304489252996,0.23722246042544842,1.0,1.0,1.1568485059682805,75,152,400,5,2,100,0.0,0,0.3,0.0,0.0,1.0,0.7,0.2,0.0,-4.0,1.0,0.25
ind_skew_Dneg,0.9036388742627864,0.24498132258384045,1.0,1.0,-0.39334070336825655,76,153,400,5,2,100,0.0,0,0.3,0.0,0.0,1.0,0.7,0.2,0.0,-4.0,1.0,0.25
ind_skew_Dneg,0.5318542182111706,0.24993401303527935,1.0,1.0,-1.8730775219567593,77,154,400,5,2,100,0.0,0,0.3,0.0,0.0,1.0,0.7,0.2,0.0,-4.0,1.0,0.25
ind_skew_Dneg,1.115146486713779,0.24787987126116712,1.0,1.0,0.4645253611272869,78,155,400,5,2,100,0.0,0,0.3,0.0,0.0,1.0,0.7,0.2,0.0,-4.0,1.0,0.25
ind_skew_Dneg,0.9122448013660024,0.24762440163615074,1.0,1.0,-0.3543883319017225,79,156,400,5,2,100,0.0,0,0.3,0.0,0.0,1.0,0.7,0.2,0.0,-4.0,1.0,0.25
ind_skew_Dneg,0.8280830952077413,0.25232727689806683,1.0,1.0,-0.6813250905953714,80,157,400,5,2,100,0.0,0,0.3,0.0,0.0,1.0,0.7,0.2,0.0,-4.0,1.0,0.25
ind_skew_Dneg,0.8049386848510022,0.26180747204014315,1.0,1.0,-0.7450563333008652,81,158,400,5,2,100,0.0,0,0.3,0.0,0.0,1.0,0.7,0.2,0.0,-4.0,1.0,0.25
ind_skew_Dneg,1.299482540858497,0.23834605939664083,1.0,1.0,1.2565030091817735,82,159,400,5,2,100,0.0,0,0.3,0.0,0.0,1.0,0.7,0.2,0.0,-4.0,1.0,0.25
ind_skew_Dneg,0.8598534022018319,0.2177617877950628,1.0,1.0,-0.6435775496574314,83,160,400,5,2,100,0.0,0,0.3,0.0,0.0,1.0,0.7,0.2,0.0,-4.0,1.0,0.25
ind_skew_Dneg,0.41035256084419724,0.2420882518909855,1.0,1.0,-2.4356714320087134,84,161,400,5,2,100,0.0,0,0.3,0.0,0.0,1.0,0.7,0.2,0.0,-4.0,1.0,0.25
ind_skew_Dneg,0.6693957409121615,0.2748145249058586,1.0,1.0,-1.2030086808588136,85,162,400,5,2,100,0.0,0,0.3,0.0,0.0,1.0,0.7,0.2,0.0,-4.0,1.0,0.25
ind_skew_Dneg,0.8722479198935414,0.2119049658735869,1.0,1.0,-0.6028744044755883,86,163,400,5,2,100,0.0,0,0.3,0.0,0.0,1.0,0.7,0.2,0.0,-4.0,1.0,0.25
ind_skew_Dneg,0.4218386244828771,0.25814303473899375,1.0,1.0,-2.239693881733811,87,164,400,5,2,100,0.0,0,0.3,0.0,0.0,1.0,0.7,0.2,0.0,-4.0,1.0,0.25
ind_skew_Dneg,0.6229943594381471,0.22938695942590076,1.0,1.0,-1.6435356286399432,88,165,400,5,2,100,0.0,0,0.3,0.0,0.0,1.0,0.7,0.2,0.0,-4.0,1.0,0.25
ind_skew_Dneg,0.8864350950204686,0.25334467596004007,1.0,1.0,-0.44826244936540116,89,166,400,5,2,100,0.0,0,0.3,0.0,0.0,1.0,0.7,0.2,0.0,-4.0,1.0,0.25
ind_skew_Dneg,0.9638646362059925,0.2676927315121056,1.0,1.0,-0.13498821424807117,90,167,400,5,2,100,0.0,0,0.3,0.0,0.0,1.0,0.7,0.2,0.0,-4.0,1.0,0.25
ind_skew_Dneg,0.8825963036671312,0.2754539170379712,1.0,1.0,-0.4262190118599214,91,168,400,5,2,100,0.0,0,0.3,0.0,0.0,1.0,0.7,0.2,0.0,-4.0,1.0,0.25
ind_skew_Dneg,1.0372951768406942,0.26709039420034686,1.0,1.0,0.13963503611709346,92,169,400,5,2,100,0.0,0,0.3,0.0,0.0,1.0,0.7,0.2,0.0,-4.0,1.0,0.25
ind_skew_Dneg,1.5953838854530131,0.2578199755191797,1.0,1.0,2.3093008377418043,93,170,400,5,2,100,0.0,0,0.3,0.0,0.0,1.0,0.7,0.2,0.0,-4.0,1.0,0.25
ind_skew_Dneg,0.9636596333231379,0.23029596696580554,1.0,1.0,-0.15779853705496272,94,171,400,5,2,100,0.0,0,0.3,0.0,0.0,1.0,0.7,0.2,0.0,-4.0,1.0,0.25
ind_skew_Dneg,1.02715691519486,0.23658414363473992,1.0,1.0,0.1147875541345974,95,172,400,5,2,100,0.0,0,0.3,0.0,0.0,1.0,0.7,0.2,0.0,-4.0,1.0,0.25
ind_skew_Dneg,0.7843087773829865,0.23006863267813019,1.0,1.0,-0.9375081692199607,96,173,400,5,2,100,0.0,0,0.3,0.0,0.0,1.0,0.7,0.2,0.0,-4.0,1.0,0.25
ind_skew_Dneg,1.00060619182298,0.23286540881281084,1.0,1.0,0.0026031853596054674,97,174,400,5,2,100,0.0,0,0.3,0.0,0.0,1.0,0.7,0.2,0.0,-4.0,1.0,0.25
ind_skew_Dneg,1.0117358826337188,0.22912600606548486,1.0,1.0,0.05122021212364991,98,175,400,5,2,100,0.0,0,0.3,0.0,0.0,1.0,0.7,0.2,0.0,-4.0,1.0,0.25
ind_skew_Dneg,0.4858775422849898,0.23862354879772937,1.0,1.0,-2.154533617094133,99,176,400,5,2,100,0.0,0,0.3,0.0,0.0,1.0,0.7,0.2,0.0,-4.0,1.0,0.25
ind_skew_Y,1.0087187036858192,0.027574922710060564,1.0,1.0,0.3161823435551535,0,78,400,5,2,100,0.0,0,0.3,0.0,0.0,0.5,0.7,1.0,1.0,0.25,4.0,0.0
ind_skew_Y,0.9546808482459911,0.026474863539288348,1.0,1.0,-1.7117803718518092,1,79,400,5,2,100,0.0,0,0.3,0.0,0.0,0.5,0.7,1.0,1.0,0.25,4.0,0.0
ind_skew_Y,0.963566305882794,0.02431432624542359,1.0,1.0,-1.4984455563132657,2,80,400,5,2,100,0.0,0,0.3,0.0,0.0,0.5,0.7,1.0,1.0,0.25,4.0,0.0
ind_skew_Y,1.0160680396869035,0.031104157867742288,1.0,1.0,0.5165881601818728,3,81,400,5,2,100,0.0,0,0.3,0.0,0.0,0.5,0.7,1.0,1.0,0.25,4.0,0.0
ind_skew_Y,0.9553063754175705,0.025327029036920023,1.0,1.0,-1.7646611656376359,4,82,400,5,2,100,0.0,0,0.3,0.0,0.0,0.5,0.7,1.0,1.0,0.25,4.0,0.0
ind_skew_Y,1.0141386911691053,0.026532341999179858,1.0,1.0,0.5328851546366434,5,83,400,5,2,100,0.0,0,0.3,0.0,0.0,0.5,0.7,1.0,1.0,0.25,4.0,0.0
ind_skew_Y,0.9555894590506723,0.02610718473656141,1.0,1.0,-1.7010850230486039,6,84,400,5,2,100,0.0,0,0.3,0.0,0.0,0.5,0.7,1.0,1.0,0.25,4.0,0.0
ind_skew_Y,0.9878301599016187,0.024860948303481283,1.0,1.0,-0.48951632696477415,7,85,400,5,2,100,0.0,0,0.3,0.0,0.0,0.5,0.7,1.0,1.0,0.25,4.0,0.0
ind_skew_Y,1.0299188993849564,0.030412930398045865,1.0,1.0,0.9837558891358522,8,86,400,5,2,100,0.0,0,0.3,0.0,0.0,0.5,0.7,1.0,1.0,0.25,4.0,0.0
ind_skew_Y,1.0272061291782948,0.030070607374140166,1.0,1.0,0.9047415916743756,9,87,400,5,2,100,0.0,0,0.3,0.0,0.0,0.5,0.7,1.0,1.0,0.25,4.0,0.0
ind_skew_Y,1.0035000858968364,0.02725143293836828,1.0,1.0,0.12843676531623668,10,88,400,5,2,100,0.0,0,0.3,0.0,0.0,0.5,0.7,1.0,1.0,0.25,4.0,0.0
ind_skew_Y,0.959219442425836,0.028066368554439974,1.0,1.0,-1.453004420399542,11,89,400,5,2,100,0.0,0,0.3,0.0,0.0,0.5,0.7,1.0,1.0,0.25,4.0,0.0
ind_skew_Y,1.0042189538217159,0.026354008136620265,1.0,1.0,0.16008774831686537,12,90,400,5,2,100,0.0,0,0.3,0.0,0.0,0.5,0.7,1.0,1.0,0.25,4.0,0.0
ind_skew_Y,1.0322125423534487,0.026036592144675953,1.0,1.0,1.2372027097269582,13,91,400,5,2,100,0.0,0,0.3,0.0,0.0,0.5,0.7,1.0,1.0,0.25,4.0,0.0
ind_skew_Y,0.9519999422345576,0.027709181379751435,1.0,1.0,-1.7322798933539965,14,92,400,5,2,100,0.0,0,0.3,0.0,0.0,0.5,0.7,1.0,1.0,0.25,4.0,0.0
ind_skew_Y,1.036139055365218,0.026055567634414866,1.0,1.0,1.3869993497084558,15,93,400,5,2,100,0.0,0,0.3,0.0,0.0,0.5,0.7,1.0,1.0,0.25,4.0,0.0
ind_skew_Y,1.0372957677515526,0.024620770176976756,1.0,1.0,1.5148091421781944,16,94,400,5,2,100,0.0,0,0.3,0.0,0.0,0.5,0.7,1.0,1.0,0.25,4.0,0.0
ind_skew_Y,1.0368818229184817,0.02869524306217584,1.0,1.0,1.2852939714979068,17,95,400,5,2,100,0.0,0,0.3,0.0,0.0,0.5,0.7,1.0,1.0,0.25,4.0,0.0
ind_skew_Y,1.056617455823623,0.024096952583644034,1.0,1.0,2.3495691260998894,18,96,400,5,2,100,0.0,0,0.3,0.0,0.0,0.5,0.7,1.0,1.0,0.25,4.0,0.0
ind_skew_Y,0.990031980567147,0.02558718478997039,1.0,1.0,-0.3895707759440661,19,97,400,5,2,100,0.0,0,0.3,0.0,0.0,0.5,0.7,1.0,1.0,0.25,4.0,0.0
ind_skew_Y,1.0197415509701788,0.02604444757023542,1.0,1.0,0.7579946135137154,20,98,400,5,2,100,0.0,0,0.3,0.0,0.0,0.5,0.7,1.0,1.0,0.25,4.0,0.0
ind_skew_Y,0.9764830142728474,0.024807240253968636,1.0,1.0,-0.9479887922394079,21,99,400,5,2,100,0.0,0,0.3,0.0,0.0,0.5,0.7,1.0,1.0,0.25,4.0,0.0
ind_skew_Y,1.0293400139590867,0.026421082376320335,1.0,1.0,1.110477365809299,22,100,400,5,2,100,0.0,0,0.3,0.0,0.0,0.5,0.7,1.0,1.0,0.25,4.0,0.0
ind_skew_Y,1.0131765722614037,0.030019459878434945,1.0,1.0,0.43893435507376727,23,101,400,5,2,100,0.0,0,0.3,0.0,0.0,0.5,0.7,1.0,1.0,0.25,4.0,0.0
ind_skew_Y,1.0529695130457422,0.026844645541588455,1.0,1.0,1.973187277279573,24,102,400,5,2,100,0.0,0,0.3,0.0,0.0,0.5,0.7,1.0,1.0,0.25,4.0,0.0
ind_skew_Y,0.9796735655263543,0.02576042191227429,1.0,1.0,-0.7890567376134694,25,103,400,5,2,100,0.0,0,0.3,0.0,0.0,0.5,0.7,1.0,1.0,0.25,4.0,0.0
ind_skew_Y,1.0100875957201716,0.025955734987159976,1.0,1.0,0.3886461209887456,26,104,400,5,2,100,0.0,0,0.3,0.0,0.0,0.5,0.7,1.0,1.0,0.25,4.0,0.0
ind_skew_Y,0.9958579853987003,0.025569346529002265,1.0,1.0,-0.16199141407863457,27,105,400,5,2,100,0.0,0,0.3,0.0,0.0,0.5,0.7,1.0,1.0,0.25,4.0,0.0
ind_skew_Y,0.9956549034986104,0.027728075451131845,1.0,1.0,-0.15670386172482176,28,106,400,5,2,100,0.0,0,0.3,0.0,0.0,0.5,0.7,1.0,1.0,0.25,4.0,0.0
ind_skew_Y,1.031167628700422,0.027481625057116446,1.0,1.0,1.1341261164739944,29,107,400,5,2,100,0.0,0,0.3,0.0,0.0,0.5,0.7,1.0,1.0,0.25,4.0,0.0
ind_skew_Y,0.9588076147423799,0.026293845750590898,1.0,1.0,-1.5666169813403745,30,108,400,5,2,100,0.0,0,0.3,0.0,0.0,0.5,0.7,1.0,1.0,0.25,4.0,0.0
ind_skew_Y,1.0245182659171648,0.025224737403806038,1.0,1.0,0.9719929101606953,31,109,400,5,2,100,0.0,0,0.3,0.0,0.0,0.5,0.7,1.0,1.0,0.25,4.0,0.0
ind_skew_Y,1.0073160206502478,0.027986321667570042,1.0,1.0,0.2614141557132706,32,110,400,5,2,100,0.0,0,0.3,0.0,0.0,0.5,0.7,1.0,1.0,0.25,4.0,0.0
ind_skew_Y,1.0522977820333899,0.029924617475721567,1.0,1.0,1.7476508121054541,33,111,400,5,2,100,0.0,0,0.3,0.0,0.0,0.5,0.7,1.0,1.0,0.25,4.0,0.0
ind_skew_Y,1.0021140820798318,0.024770161855136245,1.0,1.0,0.0853479316039835,34,112,400,5,2,100,0.0,0,0.3,0.0,0.0,0.5,0.7,1.0,1.0,0.25,4.0,0.0
ind_skew_Y,0.9669589713566782,0.02590247584068124,1.0,1.0,-1.2755934547163668,35,113,400,5,2,100,0.0,0,0.3,0.0,0.0,0.5,0.7,1.0,1.0,0.25,4.0,0.0
ind_skew_Y,0.9909896390487443,0.026049856950701656,1.0,1.0,-0.34588907602477414,36,114,400,5,2,100,0.0,0,0.3,0.0,0.0,0.5,0.7,1.0,1.0,0.25,4.0,0.0
ind_skew_Y,1.018628585076893,0.027534811155563953,1.0,1.0,0.6765466801877357,37,115,400,5,2,100,0.0,0,0.3,0.0,0.0,0.5,0.7,1.0,1.0,0.25,4.0,0.0
ind_skew_Y,1.0062077755571912,0.02707763712943182,1.0,1.0,0.22925839235963896,38,116,400,5,2,100,0.0,0,0.3,0.0,0.0,0.5,0.7,1.0,1.0,0.25,4.0,0.0
ind_skew_Y,0.9675958006894565,0.02706448764976003,1.0,1.0,-1.1972958708801131,39,117,400,5,2,100,0.0,0,0.3,0.0,0.0,0.5,0.7,1.0,1.0,0.25,4.0,0.0
ind_skew_Y,0.9845699836121109,0.02483928381490692,1.0,1.0,-0.6211940933107343,40,118,400,5,2,100,0.0,0,0.3,0.0,0.0,0.5,0.7,1.0,1.0,0.25,4.0,0.0
ind_skew_Y,0.9895171592562145,0.02626653865421671,1.0,1.0,-0.39909486673466216,41,119,400,5,2,100,0.0,0,0.3,0.0,0.0,0.5,0.7,1.0,1.0,0.25,4.0,0.0
ind_skew_Y,1.0122647301028793,0.0271153741387455,1.0,1.0,0.45231646224471933,42,120,400,5,2,100,0.0,0,0.3,0.0,0.0,0.5,0.7,1.0,1.0,0.25,4.0,0.0
ind_skew_Y,1.0009594784341758,0.02774273107164074,1.0,1.0,0.034584858703999966,43,121,400,5,2,100,0.0,0,0.3,0.0,0.0,0.5,0.7,1.0,1.0,0.25,4.0,0.0
ind_skew_Y,0.9793116379040472,0.030054350135009303,1.0,1.0,-0.6883649788804995,44,122,400,5,2,100,0.0,0,0.3,0.0,0.0,0.5,0.7,1.0,1.0,0.25,4.0,0.0
ind_skew_Y,1.0265360167710302,0.026413352209215268,1.0,1.0,1.0046440361239786,45,123,400,5,2,100,0.0,0,0.3,0.0,0.0,0.5,0.7,1.0,1.0,0.25,4.0,0.0
ind_skew_Y,1.0490304968103439,0.028725069613028006,1.0,1.0,1.7068887028251631,46,124,400,5,2,100,0.0,0,0.3,0.0,0.0,0.5,0.7,1.0,1.0,0.25,4.0,0.0
ind_skew_Y,0.9653160216672608,0.02723404133480912,1.0,1.0,-1.273552386380788,47,125,400,5,2,100,0.0,0,0.3,0.0,0.0,0.5,0.7,1.0,1.0,0.25,4.0,0.0
ind_skew_Y,0.9472457549422432,0.030217645315472955,1.0,1.0,-1.7458092616748004,48,126,400,5,2,100,0.0,0,0.3,0.0,0.0,0.5,0.7,1.0,1.0,0.25,4.0,0.0
ind_skew_Y,0.9964314512903885,0.027608729571409803,1.0,1.0,-0.1292543613925267,49,127,400,5,2,100,0.0,0,0.3,0.0,0.0,0.5,0.7,1.0,1.0,0.25,4.0,0.0
ind_skew_Y,1.0346625740250441,0.02877074267940614,1.0,1.0,1.2047855146212585,50,128,400,5,2,100,0.0,0,0.3,0.0,0.0,0.5,0.7,1.0,1.0,0.25,4.0,0.0
ind_skew_Y,0.9857784360964797,0.02473288833240405,1.0,1.0,-0.5750061906391952,51,129,400,5,2,100,0.0,0,0.3,0.0,0.0,0.5,0.7,1.0,1.0,0.25,4.0,0.0
ind_skew_Y,1.0278964156635924,0.025400880492986597,1.0,1.0,1.0982460104599443,52,130,400,5,2,100,0.0,0,0.3,0.0,0.0,0.5,0.7,1.0,1.0,0.25,4.0,0.0
ind_skew_Y,0.9799695317671269,0.02783304240937421,1.0,1.0,-0.7196650634975802,53,131,400,5,2,100,0.0,0,0.3,0.0,0.0,0.5,0.7,1.0,1.0,0.25,4.0,0.0
ind_skew_Y,0.9947468948187197,0.02839980875704482,1.0,1.0,-0.1849697378675913,54,132,400,5,2,100,0.0,0,0.3,0.0,0.0,0.5,0.7,1.0,1.0,0.25,4.0,0.0
ind_skew_Y,1.0186014549839322,0.025059028697460572,1.0,1.0,0.7423055062711671,55,133,400,5,2,100,0.0,0,0.3,0.0,0.0,0.5,0.7,1.0,1.0,0.25,4.0,0.0
ind_skew_Y,1.0028129066459892,0.02695621036305054,1.0,1.0,0.104350968036847,56,134,400,5,2,100,0.0,0,0.3,0.0,0.0,0.5,0.7,1.0,1.0,0.25,4.0,0.0
ind_skew_Y,0.9896503481731012,0.02862989408892928,1.0,1.0,-0.36149808290422164,57,135,400,5,2,100,0.0,0,0.3,0.0,0.0,0.5,0.7,1.0,1.0,0.25,4.0,0.0
ind_skew_Y,0.9858058269190856,0.025431484266406873,1.0,1.0,-0.5581338836626174,58,136,400,5,2,100,0.0,0,0.3,0.0,0.0,0.5,0.7,1.0,1.0,0.25,4.0,0.0
ind_skew_Y,0.9822927894638914,0.028107617274824286,1.0,1.0,-0.6299790680574247,59,137,400,5,2,100,0.0,0,0.3,0.0,0.0,0.5,0.7,1.0,1.0,0.25,4.0,0.0
ind_skew_Y,1.0109783507180128,0.025090714455433993,1.0,1.0,0.43754635753846227,60,138,400,5,2,100,0.0,0,0.3,0.0,0.0,0.5,0.7,1.0,1.0,0.25,4.0,0.0
ind_skew_Y,0.9452850487166667,0.026700623105366986,1.0,1.0,-2.049201288951763,61,139,400,5,2,100,0.0,0,0.3,0.0,0.0,0.5,0.7,1.0,1.0,0.25,4.0,0.0
ind_skew_Y,0.9978959358662549,0.02513642484454705,1.0,1.0,-0.08370578341022632,62,140,400,5,2,100,0.0,0,0.3,0.0,0.0,0.5,0.7,1.0,1.0,0.25,4.0,0.0
ind_skew_Y,1.001714150821938,0.025889096800060966,1.0,1.0,0.06621130258719594,63,141,400,5,2,100,0.0,0,0.3,0.0,0.0,0.5,0.7,1.0,1.0,0.25,4.0,0.0
ind_skew_Y,1.008576016352834,0.024766049596941283,1.0,1.0,0.34628115878008536,64,142,400,5,2,100,0.0,0,0.3,0.0,0.0,0.5,0.7,1.0,1.0,0.25,4.0,0.0
ind_skew_Y,0.9912668429328341,0.028334413858295465,1.0,1.0,-0.30821731872915115,65,143,400,5,2,100,0.0,0,0.3,0.0,0.0,0.5,0.7,1.0,1.0,0.25,4.0,0.0
ind_skew_Y,0.9887800995367351,0.02910398553572927,1.0,1.0,-0.38551079024867274,66,144,400,5,2,100,0.0,0,0.3,0.0,0.0,0.5,0.7,1.0,1.0,0.25,4.0,0.0
ind_skew_Y,0.9757807531317692,0.028730996136577078,1.0,1.0,-0.8429657904341723,67,145,400,5,2,100,0.0,0,0.3,0.0,0.0,0.5,0.7,1.0,1.0,0.25,4.0,0.0
ind_skew_Y,1.0156965658981496,0.02770044311196402,1.0,1.0,0.5666539641515751,68,146,400,5,2,100,0.0,0,0.3,0.0,0.0,0.5,0.7,1.0,1.0,0.25,4.0,0.0
ind_skew_Y,0.973384328995103,0.026853732411006144,1.0,1.0,-0.9911348857408164,69,147,400,5,2,100,0.0,0,0.3,0.0,0.0,0.5,0.7,1.0,1.0,0.25,4.0,0.0
ind_skew_Y,0.9903399873826733,0.024387346624574032,1.0,1.0,-0.39610757029191446,70,148,400,5,2,100,0.0,0,0.3,0.0,0.0,0.5,0.7,1.0,1.0,0.25,4.0,0.0
ind_skew_Y,0.9928770920330794,0.02567419004741105,1.0,1.0,-0.27743457354514967,71,149,400,5,2,100,0.0,0,0.3,0.0,0.0,0.5,0.7,1.0,1.0,0.25,4.0,0.0
ind_skew_Y,0.9780592994463063,0.02496211968905671,1.0,1.0,-0.8789598330190042,72,150,400,5,2,100,0.0,0,0.3,0.0,0.0,0.5,0.7,1.0,1.0,0.25,4.0,0.0
ind_skew_Y,0.9932405672275179,0.023268515707619508,1.0,1.0,-0.290496946922519,73,151,400,5,2,100,0.0,0,0.3,0.0,0.0,0.5,0.7,1.0,1.0,0.25,4.0,0.0
ind_skew_Y,1.0329105234104743,0.026986008944193503,1.0,1.0,1.2195402246598435,74,152,400,5,2,100,0.0,0,0.3,0.0,0.0,0.5,0.7,1.0,1.0,0.25,4.0,0.0
ind_skew_Y,0.9834842535342315,0.027482767205760077,1.0,1.0,-0.6009491817951638,75,153,400,5,2,100,0.0,0,0.3,0.0,0.0,0.5,0.7,1.0,1.0,0.25,4.0,0.0
ind_skew_Y,0.9240677978201477,0.02771160298227884,1.0,1.0,-2.7400869674846966,76,154,400,5,2,100,0.0,0,0.3,0.0,0.0,0.5,0.7,1.0,1.0,0.25,4.0,0.0
ind_skew_Y,1.031661892622949,0.026503700596244455,1.0,1.0,1.1946215777669744,77,155,400,5,2,100,0.0,0,0.3,0.0,0.0,0.5,0.7,1.0,1.0,0.25,4.0,0.0
ind_skew_Y,0.9967169621763012,0.025782068650745903,1.0,1.0,-0.12733802970475694,78,156,400,5,2,100,0.0,0,0.3,0.0,0.0,0.5,0.7,1.0,1.0,0.25,4.0,0.0
ind_skew_Y,0.9814499843778569,0.02791426106658935,1.0,1.0,-0.6645354350556552,79,157,400,5,2,100,0.0,0,0.3,0.0,0.0,0.5,0.7,1.0,1.0,0.25,4.0,0.0
ind_skew_Y,0.9690469399590298,0.02884612162846654,1.0,1.0,-1.0730406132110477,80,158,400,5,2,100,0.0,0,0.3,0.0,0.0,0.5,0.7,1.0,1.0,0.25,4.0,0.0
ind_skew_Y,1.0215216591079428,0.028519695387219667,1.0,1.0,0.7546244381553648,81,159,400,5,2,100,0.0,0,0.3,0.0,0.0,0.5,0.7,1.0,1.0,0.25,4.0,0.0
ind_skew_Y,0.9998832385240899,0.024435999214950325,1.0,1.0,-0.0047782566566246,82,160,400,5,2,100,0.0,0,0.3,0.0,0.0,0.5,0.7,1.0,1.0,0.25,4.0,0.0
ind_skew_Y,0.9625774726939472,0.026965486414207717,1.0,1.0,-1.3877935198801161,83,161,400,5,2,100,0.0,0,0.3,0.0,0.0,0.5,0.7,1.0,1.0,0.25,4.0,0.0
ind_skew_Y,0.9438416999112114,0.03149444394086122,1.0,1.0,-1.783117688765677,84,162,400,5,2,100,0.0,0,0.3,0.0,0.0,0.5,0.7,1.0,1.0,0.25,4.0,0.0
ind_skew_Y,1.004129478478927,0.023790760287345163,1.0,1.0,0.1735748849154491,85,163,400,5,2,100,0.0,0,0.3,0.0,0.0,0.5,0.7,1.0,1.0,0.25,4.0,0.0
ind_skew_Y,0.9170499159759159,0.025041591059368762,1.0,1.0,-3.3124925579778663,86,164,400,5,2,100,0.0,0,0.3,0.0,0.0,0.5,0.7,1.0,1.0,0.25,4.0,0.0
ind_skew_Y,0.9609865697434034,0.02618195272110553,1.0,1.0,-1.4900886374738405,87,165,400,5,2,100,0.0,0,0.3,0.0,0.0,0.5,0.7,1.0,1.0,0.25,4.0,0.0
ind_skew_Y,1.0036239333464572,0.025896781823535588,1.0,1.0,0.13993759422121133,88,166,400,5,2,100,0.0,0,0.3,0.0,0.0,0.5,0.7,1.0,1.0,0.25,4.0,0.0
ind_skew_Y,0.976975947278777,0.025083764927905434,1.0,1.0,-0.9178866405181848,89,167,400,5,2,100,0.0,0,0.3,0.0,0.0,0.5,0.7,1.0,1.0,0.25,4.0,0.0
ind_skew_Y,0.9948687085455976,0.02896915624429823,1.0,1.0,-0.17712947560950582,90,168,400,5,2,100,0.0,0,0.3,0.0,0.0,0.5,0.7,1.0,1.0,0.25,4.0,0.0
ind_skew_Y,0.9838477744972377,0.029623631079125006,1.0,1.0,-0.5452479967637844,91,169,400,5,2,100,0.0,0,0.3,0.0,0.0,0.5,0.7,1.0,1.0,0.25,4.0,0.0
ind_skew_Y,1.0509422964281587,0.027765227262742984,1.0,1.0,1.834751646226073,92,170,400,5,2,100,0.0,0,0.3,0.0,0.0,0.5,0.7,1.0,1.0,0.25,4.0,0.0
ind_skew_Y,1.0585611139255184,0.024731413301291777,1.0,1.0,2.3678838411737537,93,171,400,5,2,100,0.0,0,0.3,0.0,0.0,0.5,0.7,1.0,1.0,0.25,4.0,0.0
ind_skew_Y,1.01743525602566,0.025327974008995613,1.0,1.0,0.688379418719701,94,172,400,5,2,100,0.0,0,0.3,0.0,0.0,0.5,0.7,1.0,1.0,0.25,4.0,0.0
ind_skew_Y,0.9496966049161903,0.026431536443520108,1.0,1.0,-1.903158191023054,95,173,400,5,2,100,0.0,0,0.3,0.0,0.0,0.5,0.7,1.0,1.0,0.25,4.0,0.0
ind_skew_Y,1.0070971348460722,0.025232552703142185,1.0,1.0,0.2812689991999271,96,174,400,5,2,100,0.0,0,0.3,0.0,0.0,0.5,0.7,1.0,1.0,0.25,4.0,0.0
ind_skew_Y,1.0185677558114894,0.027839974995733607,1.0,1.0,0.6669458508613908,97,175,400,5,2,100,0.0,0,0.3,0.0,0.0,0.5,0.7,1.0,1.0,0.25,4.0,0.0
ind_skew_Y,0.9664956837562454,0.025647588275870322,1.0,1.0,-1.3063339867817523,98,176,400,5,2,100,0.0,0,0.3,0.0,0.0,0.5,0.7,1.0,1.0,0.25,4.0,0.0
ind_skew_Y,0.9685437495699583,0.025983313929523365,1.0,1.0,-1.210632735892083,99,177,400,5,2,100,0.0,0,0.3,0.0,0.0,0.5,0.7,1.0,1.0,0.25,4.0,0.0
