config_name,theta_hat,se,true_effect,true_theta,z,run_id,seed_used,n_samples,d_dim,dgp_num,n_runs,nonlinearity,sparse_k,skewness,interaction,heterogeneous,noise_std,rho,s1,a0,a1,b0,b1
0_base,0.889642980404122,0.0481419692124202,1.0,1.0,-2.2923245849986302,0,60,400,100,2,100,0.0,0,0.3,0.0,0.0,1.0,0.7,1.0,1.0,0.25,1.0,0.25
0_base,0.9139184011818586,0.04746892853321908,1.0,1.0,-1.8134304160225752,1,61,400,100,2,100,0.0,0,0.3,0.0,0.0,1.0,0.7,1.0,1.0,0.25,1.0,0.25
0_base,0.9502761009878269,0.05420480324713625,1.0,1.0,-0.9173338160728427,2,62,400,100,2,100,0.0,0,0.3,0.0,0.0,1.0,0.7,1.0,1.0,0.25,1.0,0.25
0_base,0.9658293818300647,0.05311595223875231,1.0,1.0,-0.6433212006882763,3,63,400,100,2,100,0.0,0,0.3,0.0,0.0,1.0,0.7,1.0,1.0,0.25,1.0,0.25
0_base,0.9785074718279898,0.05062826796029121,1.0,1.0,-0.4245163628522158,4,64,400,100,2,100,0.0,0,0.3,0.0,0.0,1.0,0.7,1.0,1.0,0.25,1.0,0.25
0_base,1.1163226281926,0.052013843376611364,1.0,1.0,2.2363782531960674,5,65,400,100,2,100,0.0,0,0.3,0.0,0.0,1.0,0.7,1.0,1.0,0.25,1.0,0.25
0_base,1.0283259473072273,0.050193128098558935,1.0,1.0,0.5643391512002718,6,66,400,100,2,100,0.0,0,0.3,0.0,0.0,1.0,0.7,1.0,1.0,0.25,1.0,0.25
0_base,0.9782394038442683,0.049309709125402945,1.0,1.0,-0.4413044923950127,7,67,400,100,2,100,0.0,0,0.3,0.0,0.0,1.0,0.7,1.0,1.0,0.25,1.0,0.25
0_base,0.9996073175661534,0.05067005914298495,1.0,1.0,-0.007749792293285058,8,68,400,100,2,100,0.0,0,0.3,0.0,0.0,1.0,0.7,1.0,1.0,0.25,1.0,0.25
0_base,0.9594671355783758,0.04623529570787063,1.0,1.0,-0.8766649764224234,9,69,400,100,2,100,0.0,0,0.3,0.0,0.0,1.0,0.7,1.0,1.0,0.25,1.0,0.25
0_base,1.0851405517316004,0.06253488840568838,1.0,1.0,1.3614888249141854,10,70,400,100,2,100,0.0,0,0.3,0.0,0.0,1.0,0.7,1.0,1.0,0.25,1.0,0.25
0_base,0.9031483628569581,0.050476754190228845,1.0,1.0,-1.9187374207549617,11,71,400,100,2,100,0.0,0,0.3,0.0,0.0,1.0,0.7,1.0,1.0,0.25,1.0,0.25
0_base,0.9611174586092663,0.050875059916909646,1.0,1.0,-0.7642750977441117,12,72,400,100,2,100,0.0,0,0.3,0.0,0.0,1.0,0.7,1.0,1.0,0.25,1.0,0.25
0_base,1.0399714703109166,0.0485916173046874,1.0,1.0,0.8226001217510572,13,73,400,100,2,100,0.0,0,0.3,0.0,0.0,1.0,0.7,1.0,1.0,0.25,1.0,0.25
0_base,0.9099699750058132,0.047349270167294136,1.0,1.0,-1.9014025913407593,14,74,400,100,2,100,0.0,0,0.3,0.0,0.0,1.0,0.7,1.0,1.0,0.25,1.0,0.25
0_base,1.0031014043312891,0.04986765553317166,1.0,1.0,0.062192703830363585,15,75,400,100,2,100,0.0,0,0.3,0.0,0.0,1.0,0.7,1.0,1.0,0.25,1.0,0.25
0_base,1.0641502642195044,0.049012618796607246,1.0,1.0,1.3088520016797192,16,76,400,100,2,100,0.0,0,0.3,0.0,0.0,1.0,0.7,1.0,1.0,0.25,1.0,0.25
0_base,0.9991914623951104,0.0525592888869589,1.0,1.0,-0.01538334368694726,17,77,400,100,2,100,0.0,0,0.3,0.0,0.0,1.0,0.7,1.0,1.0,0.25,1.0,0.25
0_base,1.0217606947178286,0.049659417571693745,1.0,1.0,0.4381987502453586,18,78,400,100,2,100,0.0,0,0.3,0.0,0.0,1.0,0.7,1.0,1.0,0.25,1.0,0.25
0_base,1.0203992803111483,0.05500704739871885,1.0,1.0,0.3708484871635459,19,79,400,100,2,100,0.0,0,0.3,0.0,0.0,1.0,0.7,1.0,1.0,0.25,1.0,0.25
0_base,1.0258821392239559,0.05106532472239775,1.0,1.0,0.5068437215401418,20,80,400,100,2,100,0.0,0,0.3,0.0,0.0,1.0,0.7,1.0,1.0,0.25,1.0,0.25
0_base,0.9507505316297568,0.048616835212914836,1.0,1.0,-1.0130126355316595,21,81,400,100,2,100,0.0,0,0.3,0.0,0.0,1.0,0.7,1.0,1.0,0.25,1.0,0.25
0_base,1.0915556802445745,0.04804934732081498,1.0,1.0,1.9054510695697333,22,82,400,100,2,100,0.0,0,0.3,0.0,0.0,1.0,0.7,1.0,1.0,0.25,1.0,0.25
0_base,1.0029074704467418,0.04947896528496542,1.0,1.0,0.058761747138338725,23,83,400,100,2,100,0.0,0,0.3,0.0,0.0,1.0,0.7,1.0,1.0,0.25,1.0,0.25
0_base,1.0202890657032013,0.05763609841160848,1.0,1.0,0.3520201100065251,24,84,400,100,2,100,0.0,0,0.3,0.0,0.0,1.0,0.7,1.0,1.0,0.25,1.0,0.25
0_base,0.9790405845280953,0.04687897747643021,1.0,1.0,-0.44709625935085046,25,85,400,100,2,100,0.0,0,0.3,0.0,0.0,1.0,0.7,1.0,1.0,0.25,1.0,0.25
0_base,0.9873268582523692,0.052077790566121274,1.0,1.0,-0.24335021915993466,26,86,400,100,2,100,0.0,0,0.3,0.0,0.0,1.0,0.7,1.0,1.0,0.25,1.0,0.25
0_base,0.9855593969496096,0.0488230032326404,1.0,1.0,-0.29577457538982793,27,87,400,100,2,100,0.0,0,0.3,0.0,0.0,1.0,0.7,1.0,1.0,0.25,1.0,0.25
0_base,0.9388831881291606,0.05723595507890682,1.0,1.0,-1.0678045257842266,28,88,400,100,2,100,0.0,0,0.3,0.0,0.0,1.0,0.7,1.0,1.0,0.25,1.0,0.25
0_base,1.0420157673758037,0.05221435845603773,1.0,1.0,0.8046784183162796,29,89,400,100,2,100,0.0,0,0.3,0.0,0.0,1.0,0.7,1.0,1.0,0.25,1.0,0.25
0_base,0.8942397353570168,0.043234265928462405,1.0,1.0,-2.446213954875039,30,90,400,100,2,100,0.0,0,0.3,0.0,0.0,1.0,0.7,1.0,1.0,0.25,1.0,0.25
0_base,0.9952677408617896,0.051554392343659175,1.0,1.0,-0.09179158017546565,31,91,400,100,2,100,0.0,0,0.3,0.0,0.0,1.0,0.7,1.0,1.0,0.25,1.0,0.25
0_base,1.0598518237161256,0.042805867076120725,1.0,1.0,1.3982154270977027,32,92,400,100,2,100,0.0,0,0.3,0.0,0.0,1.0,0.7,1.0,1.0,0.25,1.0,0.25
0_base,1.0494183292603598,0.05092865641308531,1.0,1.0,0.9703442568664068,33,93,400,100,2,100,0.0,0,0.3,0.0,0.0,1.0,0.7,1.0,1.0,0.25,1.0,0.25
0_base,0.9789341314896698,0.045944372857906375,1.0,1.0,-0.45850813059264717,34,94,400,100,2,100,0.0,0,0.3,0.0,0.0,1.0,0.7,1.0,1.0,0.25,1.0,0.25
0_base,0.948643779077693,0.05187187036651196,1.0,1.0,-0.9900591700171679,35,95,400,100,2,100,0.0,0,0.3,0.0,0.0,1.0,0.7,1.0,1.0,0.25,1.0,0.25
0_base,1.0209712332630425,0.04799752013555749,1.0,1.0,0.4369232661148803,36,96,400,100,2,100,0.0,0,0.3,0.0,0.0,1.0,0.7,1.0,1.0,0.25,1.0,0.25
0_base,0.994254008630441,0.04615587066817111,1.0,1.0,-0.12449101894033626,37,97,400,100,2,100,0.0,0,0.3,0.0,0.0,1.0,0.7,1.0,1.0,0.25,1.0,0.25
0_base,1.0214369631043816,0.05093068658975596,1.0,1.0,0.42090465571483876,38,98,400,100,2,100,0.0,0,0.3,0.0,0.0,1.0,0.7,1.0,1.0,0.25,1.0,0.25
0_base,0.9049094627044307,0.053787785275941136,1.0,1.0,-1.767883485213929,39,99,400,100,2,100,0.0,0,0.3,0.0,0.0,1.0,0.7,1.0,1.0,0.25,1.0,0.25
0_base,1.0559731230696203,0.05124841462712594,1.0,1.0,1.0921922849100894,40,100,400,100,2,100,0.0,0,0.3,0.0,0.0,1.0,0.7,1.0,1.0,0.25,1.0,0.25
0_base,0.919934046031274,0.0543924258613617,1.0,1.0,-1.47200557248177,41,101,400,100,2,100,0.0,0,0.3,0.0,0.0,1.0,0.7,1.0,1.0,0.25,1.0,0.25
0_base,0.9913339884506976,0.05075633628385715,1.0,1.0,-0.17073753118895907,42,102,400,100,2,100,0.0,0,0.3,0.0,0.0,1.0,0.7,1.0,1.0,0.25,1.0,0.25
0_base,1.035156906973717,0.04757721269849284,1.0,1.0,0.7389442335874941,43,103,400,100,2,100,0.0,0,0.3,0.0,0.0,1.0,0.7,1.0,1.0,0.25,1.0,0.25
0_base,1.021106076452672,0.05135733655815918,1.0,1.0,0.41096516811713246,44,104,400,100,2,100,0.0,0,0.3,0.0,0.0,1.0,0.7,1.0,1.0,0.25,1.0,0.25
0_base,0.9961559164712234,0.0552728464328753,1.0,1.0,-0.0695474139086537,45,105,400,100,2,100,0.0,0,0.3,0.0,0.0,1.0,0.7,1.0,1.0,0.25,1.0,0.25
0_base,1.066659905857868,0.04661043296041898,1.0,1.0,1.4301498961503933,46,106,400,100,2,100,0.0,0,0.3,0.0,0.0,1.0,0.7,1.0,1.0,0.25,1.0,0.25
0_base,0.9085043035809407,0.0535832253479661,1.0,1.0,-1.7075436542853104,47,107,400,100,2,100,0.0,0,0.3,0.0,0.0,1.0,0.7,1.0,1.0,0.25,1.0,0.25
0_base,1.014388131633035,0.0492575837104953,1.0,1.0,0.292099826040986,48,108,400,100,2,100,0.0,0,0.3,0.0,0.0,1.0,0.7,1.0,1.0,0.25,1.0,0.25
0_base,1.0148755812731713,0.05300431546734854,1.0,1.0,0.2806484932785318,49,109,400,100,2,100,0.0,0,0.3,0.0,0.0,1.0,0.7,1.0,1.0,0.25,1.0,0.25
0_base,0.966831283941574,0.05488495347161181,1.0,1.0,-0.6043316785461402,50,110,400,100,2,100,0.0,0,0.3,0.0,0.0,1.0,0.7,1.0,1.0,0.25,1.0,0.25
0_base,0.9665751091592999,0.05112987508733076,1.0,1.0,-0.6537252591290275,51,111,400,100,2,100,0.0,0,0.3,0.0,0.0,1.0,0.7,1.0,1.0,0.25,1.0,0.25
0_base,0.9264355811272297,0.04598460337782932,1.0,1.0,-1.5997619522415654,52,112,400,100,2,100,0.0,0,0.3,0.0,0.0,1.0,0.7,1.0,1.0,0.25,1.0,0.25
0_base,0.9801241520861906,0.041355463794463955,1.0,1.0,-0.4806099627510414,53,113,400,100,2,100,0.0,0,0.3,0.0,0.0,1.0,0.7,1.0,1.0,0.25,1.0,0.25
0_base,1.0386835978985873,0.05767004539048584,1.0,1.0,0.6707745353182812,54,114,400,100,2,100,0.0,0,0.3,0.0,0.0,1.0,0.7,1.0,1.0,0.25,1.0,0.25
0_base,1.0152562010758286,0.04863320519141768,1.0,1.0,0.3136992722519728,55,115,400,100,2,100,0.0,0,0.3,0.0,0.0,1.0,0.7,1.0,1.0,0.25,1.0,0.25
0_base,1.0304826536979361,0.05061086204540096,1.0,1.0,0.602294694577448,56,116,400,100,2,100,0.0,0,0.3,0.0,0.0,1.0,0.7,1.0,1.0,0.25,1.0,0.25
0_base,1.0056183999756672,0.050870457945589184,1.0,1.0,0.11044524076580105,57,117,400,100,2,100,0.0,0,0.3,0.0,0.0,1.0,0.7,1.0,1.0,0.25,1.0,0.25
0_base,0.9282145491810634,0.05303524930244958,1.0,1.0,-1.3535422528054564,58,118,400,100,2,100,0.0,0,0.3,0.0,0.0,1.0,0.7,1.0,1.0,0.25,1.0,0.25
0_base,0.9379714370436285,0.053034406044936665,1.0,1.0,-1.1695909803121765,59,119,400,100,2,100,0.0,0,0.3,0.0,0.0,1.0,0.7,1.0,1.0,0.25,1.0,0.25
0_base,1.006328009507258,0.04488516956631865,1.0,1.0,0.14098219007300916,60,120,400,100,2,100,0.0,0,0.3,0.0,0.0,1.0,0.7,1.0,1.0,0.25,1.0,0.25
0_base,0.9120243120310385,0.05280658467572951,1.0,1.0,-1.6659984452544248,61,121,400,100,2,100,0.0,0,0.3,0.0,0.0,1.0,0.7,1.0,1.0,0.25,1.0,0.25
0_base,0.95819229091937,0.04963592305542855,1.0,1.0,-0.8422873295605536,62,122,400,100,2,100,0.0,0,0.3,0.0,0.0,1.0,0.7,1.0,1.0,0.25,1.0,0.25
0_base,1.011272209063605,0.052833268786563956,1.0,1.0,0.21335437542474528,63,123,400,100,2,100,0.0,0,0.3,0.0,0.0,1.0,0.7,1.0,1.0,0.25,1.0,0.25
0_base,0.9792825615598473,0.05093774184697172,1.0,1.0,-0.4067207867673543,64,124,400,100,2,100,0.0,0,0.3,0.0,0.0,1.0,0.7,1.0,1.0,0.25,1.0,0.25
0_base,0.9499278121515283,0.046628861554977113,1.0,1.0,-1.0738453862836594,65,125,400,100,2,100,0.0,0,0.3,0.0,0.0,1.0,0.7,1.0,1.0,0.25,1.0,0.25
0_base,1.039063422501367,0.05237096163888609,1.0,1.0,0.7458985147288568,66,126,400,100,2,100,0.0,0,0.3,0.0,0.0,1.0,0.7,1.0,1.0,0.25,1.0,0.25
0_base,0.958068102478027,0.05241287624060075,1.0,1.0,-0.800030460634999,67,127,400,100,2,100,0.0,0,0.3,0.0,0.0,1.0,0.7,1.0,1.0,0.25,1.0,0.25
0_base,1.0218006024702226,0.048480134895926015,1.0,1.0,0.4496811429469565,68,128,400,100,2,100,0.0,0,0.3,0.0,0.0,1.0,0.7,1.0,1.0,0.25,1.0,0.25
0_base,0.9190402284673531,0.05234709921442271,1.0,1.0,-1.5465951838328569,69,129,400,100,2,100,0.0,0,0.3,0.0,0.0,1.0,0.7,1.0,1.0,0.25,1.0,0.25
0_base,0.9791675374107669,0.051117870809095085,1.0,1.0,-0.40753776046412543,70,130,400,100,2,100,0.0,0,0.3,0.0,0.0,1.0,0.7,1.0,1.0,0.25,1.0,0.25
0_base,0.9937381617326644,0.047282221388190514,1.0,1.0,-0.13243536541833484,71,131,400,100,2,100,0.0,0,0.3,0.0,0.0,1.0,0.7,1.0,1.0,0.25,1.0,0.25
0_base,0.9487535810637797,0.0506042207957589,1.0,1.0,-1.0126906042690258,72,132,400,100,2,100,0.0,0,0.3,0.0,0.0,1.0,0.7,1.0,1.0,0.25,1.0,0.25
0_base,1.015135783566192,0.045391907597525885,1.0,1.0,0.33344673901779437,73,133,400,100,2,100,0.0,0,0.3,0.0,0.0,1.0,0.7,1.0,1.0,0.25,1.0,0.25
0_base,1.0009358854114287,0.05104490261361603,1.0,1.0,0.018334551806532505,74,134,400,100,2,100,0.0,0,0.3,0.0,0.0,1.0,0.7,1.0,1.0,0.25,1.0,0.25
0_base,1.049714536275465,0.05672053115755446,1.0,1.0,0.8764822060176284,75,135,400,100,2,100,0.0,0,0.3,0.0,0.0,1.0,0.7,1.0,1.0,0.25,1.0,0.25
0_base,0.9946396224452653,0.047957704191653516,1.0,1.0,-0.11177302260577439,76,136,400,100,2,100,0.0,0,0.3,0.0,0.0,1.0,0.7,1.0,1.0,0.25,1.0,0.25
0_base,1.060632393132321,0.05568901981166742,1.0,1.0,1.0887674686566817,77,137,400,100,2,100,0.0,0,0.3,0.0,0.0,1.0,0.7,1.0,1.0,0.25,1.0,0.25
0_base,0.9709599783926106,0.05767821856061372,1.0,1.0,-0.5034833310059913,78,138,400,100,2,100,0.0,0,0.3,0.0,0.0,1.0,0.7,1.0,1.0,0.25,1.0,0.25
0_base,1.0531183990563302,0.05131477029441831,1.0,1.0,1.035148335490222,79,139,400,100,2,100,0.0,0,0.3,0.0,0.0,1.0,0.7,1.0,1.0,0.25,1.0,0.25
0_base,1.0734498005356057,0.04872948342440988,1.0,1.0,1.5072969252699433,80,140,400,100,2,100,0.0,0,0.3,0.0,0.0,1.0,0.7,1.0,1.0,0.25,1.0,0.25
0_base,1.010167432236163,0.05031722898507337,1.0,1.0,0.20206661696690556,81,141,400,100,2,100,0.0,0,0.3,0.0,0.0,1.0,0.7,1.0,1.0,0.25,1.0,0.25
0_base,0.9556875761871506,0.04730880933437309,1.0,1.0,-0.9366632649673002,82,142,400,100,2,100,0.0,0,0.3,0.0,0.0,1.0,0.7,1.0,1.0,0.25,1.0,0.25
0_base,0.9663442338667676,0.04876792218664611,1.0,1.0,-0.6901209775643917,83,143,400,100,2,100,0.0,0,0.3,0.0,0.0,1.0,0.7,1.0,1.0,0.25,1.0,0.25
0_base,1.0525097066557914,0.055497688932943164,1.0,1.0,0.9461602395594862,84,144,400,100,2,100,0.0,0,0.3,0.0,0.0,1.0,0.7,1.0,1.0,0.25,1.0,0.25
0_base,0.9831677308413207,0.05610134203344987,1.0,1.0,-0.30003327101592736,85,145,400,100,2,100,0.0,0,0.3,0.0,0.0,1.0,0.7,1.0,1.0,0.25,1.0,0.25
0_base,0.9918880494551068,0.0563767745094616,1.0,1.0,-0.14388816344098948,86,146,400,100,2,100,0.0,0,0.3,0.0,0.0,1.0,0.7,1.0,1.0,0.25,1.0,0.25
0_base,0.916553962336298,0.05012020405613314,1.0,1.0,-1.6649181549669045,87,147,400,100,2,100,0.0,0,0.3,0.0,0.0,1.0,0.7,1.0,1.0,0.25,1.0,0.25
0_base,0.9402488966095488,0.04789784569862069,1.0,1.0,-1.2474695368641986,88,148,400,100,2,100,0.0,0,0.3,0.0,0.0,1.0,0.7,1.0,1.0,0.25,1.0,0.25
0_base,1.0221036846367113,0.051544363045421246,1.0,1.0,0.42882835931512797,89,149,400,100,2,100,0.0,0,0.3,0.0,0.0,1.0,0.7,1.0,1.0,0.25,1.0,0.25
0_base,1.0506898807413996,0.05357980558202351,1.0,1.0,0.9460631704570139,90,150,400,100,2,100,0.0,0,0.3,0.0,0.0,1.0,0.7,1.0,1.0,0.25,1.0,0.25
0_base,1.0019372513752245,0.04879295180518274,1.0,1.0,0.039703508468998144,91,151,400,100,2,100,0.0,0,0.3,0.0,0.0,1.0,0.7,1.0,1.0,0.25,1.0,0.25
0_base,1.0531269557964757,0.048986483160187895,1.0,1.0,1.084522757486965,92,152,400,100,2,100,0.0,0,0.3,0.0,0.0,1.0,0.7,1.0,1.0,0.25,1.0,0.25
0_base,0.9640767560895815,0.0462722969960525,1.0,1.0,-0.7763445137267138,93,153,400,100,2,100,0.0,0,0.3,0.0,0.0,1.0,0.7,1.0,1.0,0.25,1.0,0.25
0_base,0.902975225096435,0.050477285990542776,1.0,1.0,-1.9221472192808298,94,154,400,100,2,100,0.0,0,0.3,0.0,0.0,1.0,0.7,1.0,1.0,0.25,1.0,0.25
0_base,0.9335436059642013,0.050392752327364364,1.0,1.0,-1.318768889702249,95,155,400,100,2,100,0.0,0,0.3,0.0,0.0,1.0,0.7,1.0,1.0,0.25,1.0,0.25
0_base,0.9451906781833542,0.05298788688951849,1.0,1.0,-1.0343745530167119,96,156,400,100,2,100,0.0,0,0.3,0.0,0.0,1.0,0.7,1.0,1.0,0.25,1.0,0.25
0_base,1.0091123508045723,0.04689968084395278,1.0,1.0,0.19429451630793412,97,157,400,100,2,100,0.0,0,0.3,0.0,0.0,1.0,0.7,1.0,1.0,0.25,1.0,0.25
0_base,0.980137955466942,0.04902667129165591,1.0,1.0,-0.4051273319149117,98,158,400,100,2,100,0.0,0,0.3,0.0,0.0,1.0,0.7,1.0,1.0,0.25,1.0,0.25
0_base,0.9684158268127095,0.05464811312727495,1.0,1.0,-0.5779554202307261,99,159,400,100,2,100,0.0,0,0.3,0.0,0.0,1.0,0.7,1.0,1.0,0.25,1.0,0.25
inter_0.25,0.9250679223380595,0.057382044480489454,1.0,1.0071527795414628,-1.4304972565296639,0,61,400,100,2,100,0.0,0,0.3,0.25,0.0,1.0,0.7,1.0,1.0,0.25,1.0,0.25
inter_0.25,0.928168186749189,0.06303061138584867,1.0,0.9779315619036436,-0.7895112241546057,1,62,400,100,2,100,0.0,0,0.3,0.25,0.0,1.0,0.7,1.0,1.0,0.25,1.0,0.25
inter_0.25,0.9500237510877311,0.057188668963813055,1.0,0.9892095978440295,-0.6852029862960063,2,63,400,100,2,100,0.0,0,0.3,0.25,0.0,1.0,0.7,1.0,1.0,0.25,1.0,0.25
inter_0.25,0.9536114889479049,0.058387153964540035,1.0,1.0000996004115907,-0.7962044440789012,3,64,400,100,2,100,0.0,0,0.3,0.25,0.0,1.0,0.7,1.0,1.0,0.25,1.0,0.25
inter_0.25,1.0929828595929179,0.06274481748938578,1.0,1.0027141284324963,1.4386643355157078,4,65,400,100,2,100,0.0,0,0.3,0.25,0.0,1.0,0.7,1.0,1.0,0.25,1.0,0.25
inter_0.25,1.0089130274394067,0.05459539026171628,1.0,0.978490151849978,0.5572425701801789,5,66,400,100,2,100,0.0,0,0.3,0.25,0.0,1.0,0.7,1.0,1.0,0.25,1.0,0.25
inter_0.25,1.0212985955980254,0.05622386159055902,1.0,1.0148554689496663,0.11459772534444744,6,67,400,100,2,100,0.0,0,0.3,0.25,0.0,1.0,0.7,1.0,1.0,0.25,1.0,0.25
inter_0.25,1.0033770753729314,0.05135890410749067,1.0,1.0043349254434308,-0.01865012673352039,7,68,400,100,2,100,0.0,0,0.3,0.25,0.0,1.0,0.7,1.0,1.0,0.25,1.0,0.25
inter_0.25,0.9368576976452839,0.04604375764847444,1.0,0.992008677505874,-1.197794938494064,8,69,400,100,2,100,0.0,0,0.3,0.25,0.0,1.0,0.7,1.0,1.0,0.25,1.0,0.25
inter_0.25,1.0456253964038917,0.06085809547928018,1.0,0.9996039591977411,0.7562089619090875,9,70,400,100,2,100,0.0,0,0.3,0.25,0.0,1.0,0.7,1.0,1.0,0.25,1.0,0.25
inter_0.25,0.9267002169036972,0.05146873597902266,1.0,1.0295006301360932,-1.9973370489280091,10,71,400,100,2,100,0.0,0,0.3,0.25,0.0,1.0,0.7,1.0,1.0,0.25,1.0,0.25
inter_0.25,0.9537562761358358,0.05461999780179003,1.0,1.0019128163690862,-0.8816649976443653,11,72,400,100,2,100,0.0,0,0.3,0.25,0.0,1.0,0.7,1.0,1.0,0.25,1.0,0.25
inter_0.25,1.0476626098706843,0.0539778633870439,1.0,1.005817169888943,0.7752333522668697,12,73,400,100,2,100,0.0,0,0.3,0.25,0.0,1.0,0.7,1.0,1.0,0.25,1.0,0.25
inter_0.25,0.900856338372222,0.053411879643460315,1.0,1.0194234447424941,-2.219863954643456,13,74,400,100,2,100,0.0,0,0.3,0.25,0.0,1.0,0.7,1.0,1.0,0.25,1.0,0.25
inter_0.25,1.0132540310106743,0.0518966481744971,1.0,0.999611207474172,0.2628844832257719,14,75,400,100,2,100,0.0,0,0.3,0.25,0.0,1.0,0.7,1.0,1.0,0.25,1.0,0.25
inter_0.25,1.0452968089886507,0.05895002406026106,1.0,0.9998593898613141,0.7707786358303899,15,76,400,100,2,100,0.0,0,0.3,0.25,0.0,1.0,0.7,1.0,1.0,0.25,1.0,0.25
inter_0.25,1.0768265078678978,0.05669755089096006,1.0,1.029987285548635,0.8261242608052576,16,77,400,100,2,100,0.0,0,0.3,0.25,0.0,1.0,0.7,1.0,1.0,0.25,1.0,0.25
inter_0.25,1.0125838458896077,0.0554161683721408,1.0,1.0032610817470229,0.1682318430963845,17,78,400,100,2,100,0.0,0,0.3,0.25,0.0,1.0,0.7,1.0,1.0,0.25,1.0,0.25
inter_0.25,1.0010275195635958,0.051868406095622474,1.0,0.9958218880588485,0.1003622801739926,18,79,400,100,2,100,0.0,0,0.3,0.25,0.0,1.0,0.7,1.0,1.0,0.25,1.0,0.25
inter_0.25,1.0243695490823055,0.05184042365114471,1.0,0.998780309271303,0.49361556115364474,19,80,400,100,2,100,0.0,0,0.3,0.25,0.0,1.0,0.7,1.0,1.0,0.25,1.0,0.25
inter_0.25,0.9855548778548271,0.054482877455817445,1.0,1.019629086507073,-0.6254113263360243,20,81,400,100,2,100,0.0,0,0.3,0.25,0.0,1.0,0.7,1.0,1.0,0.25,1.0,0.25
inter_0.25,1.1030125733053322,0.057421439403305595,1.0,1.0313473172099743,1.2480574649480543,21,82,400,100,2,100,0.0,0,0.3,0.25,0.0,1.0,0.7,1.0,1.0,0.25,1.0,0.25
inter_0.25,1.0282081871772426,0.05604494167729679,1.0,0.991537761745843,0.6543039270617074,22,83,400,100,2,100,0.0,0,0.3,0.25,0.0,1.0,0.7,1.0,1.0,0.25,1.0,0.25
inter_0.25,1.0403621965526366,0.05894833509880715,1.0,1.0151128986752713,0.4283292791059035,23,84,400,100,2,100,0.0,0,0.3,0.25,0.0,1.0,0.7,1.0,1.0,0.25,1.0,0.25
inter_0.25,0.9987781730793881,0.061356807458976835,1.0,1.0043725175523273,-0.09117724185176258,24,85,400,100,2,100,0.0,0,0.3,0.25,0.0,1.0,0.7,1.0,1.0,0.25,1.0,0.25
inter_0.25,0.991818135286548,0.058521954669788954,1.0,1.0098613768983562,-0.3083157716384803,25,86,400,100,2,100,0.0,0,0.3,0.25,0.0,1.0,0.7,1.0,1.0,0.25,1.0,0.25
inter_0.25,0.9641546271551569,0.05486945605239179,1.0,0.9959756902290543,-0.5799412890755334,26,87,400,100,2,100,0.0,0,0.3,0.25,0.0,1.0,0.7,1.0,1.0,0.25,1.0,0.25
inter_0.25,0.9095638025149783,0.06241111464853707,1.0,0.9865880069766824,-1.2341424263203664,27,88,400,100,2,100,0.0,0,0.3,0.25,0.0,1.0,0.7,1.0,1.0,0.25,1.0,0.25
inter_0.25,1.014475166794809,0.06375639839133236,1.0,1.0082980284276264,0.09688656390638398,28,89,400,100,2,100,0.0,0,0.3,0.25,0.0,1.0,0.7,1.0,1.0,0.25,1.0,0.25
inter_0.25,0.8608220417254829,0.050692765124136695,1.0,0.9909897617233093,-2.5677770719168906,29,90,400,100,2,100,0.0,0,0.3,0.25,0.0,1.0,0.7,1.0,1.0,0.25,1.0,0.25
inter_0.25,1.0217238488547558,0.058623440550849254,1.0,1.0082895080883079,0.22916329441284006,30,91,400,100,2,100,0.0,0,0.3,0.25,0.0,1.0,0.7,1.0,1.0,0.25,1.0,0.25
inter_0.25,1.0942439580221537,0.049796800884938326,1.0,1.0269491924006988,1.3513873266065375,31,92,400,100,2,100,0.0,0,0.3,0.25,0.0,1.0,0.7,1.0,1.0,0.25,1.0,0.25
inter_0.25,1.0283751935091185,0.05320533176414659,1.0,0.9905626518947511,0.7106908341815493,32,93,400,100,2,100,0.0,0,0.3,0.25,0.0,1.0,0.7,1.0,1.0,0.25,1.0,0.25
inter_0.25,0.965399266027776,0.05675138019131886,1.0,0.9961227089735871,-0.5413690881567456,33,94,400,100,2,100,0.0,0,0.3,0.25,0.0,1.0,0.7,1.0,1.0,0.25,1.0,0.25
inter_0.25,0.9676988619495422,0.06459004295079057,1.0,1.0291631262912384,-0.9516058750498764,34,95,400,100,2,100,0.0,0,0.3,0.25,0.0,1.0,0.7,1.0,1.0,0.25,1.0,0.25
inter_0.25,1.0285422915026634,0.0553117107206025,1.0,0.9884683836656285,0.7245103670624344,35,96,400,100,2,100,0.0,0,0.3,0.25,0.0,1.0,0.7,1.0,1.0,0.25,1.0,0.25
inter_0.25,0.9609220347375567,0.05704325568397846,1.0,0.9930482258258897,-0.5631899985918266,36,97,400,100,2,100,0.0,0,0.3,0.25,0.0,1.0,0.7,1.0,1.0,0.25,1.0,0.25
inter_0.25,0.9954485657030406,0.060577321042410384,1.0,1.0167827048592704,-0.35218030096269237,37,98,400,100,2,100,0.0,0,0.3,0.25,0.0,1.0,0.7,1.0,1.0,0.25,1.0,0.25
inter_0.25,0.9224554570625049,0.06399975246380636,1.0,1.005736573740819,-1.3012724810992349,38,99,400,100,2,100,0.0,0,0.3,0.25,0.0,1.0,0.7,1.0,1.0,0.25,1.0,0.25
inter_0.25,1.0713751305632764,0.05765901314540884,1.0,0.9936558580667942,1.3479119439745495,39,100,400,100,2,100,0.0,0,0.3,0.25,0.0,1.0,0.7,1.0,1.0,0.25,1.0,0.25
inter_0.25,0.8819448363963386,0.05841677163872992,1.0,0.9900394333246385,-1.8504034696883855,40,101,400,100,2,100,0.0,0,0.3,0.25,0.0,1.0,0.7,1.0,1.0,0.25,1.0,0.25
inter_0.25,1.0225039874610482,0.05445434786926597,1.0,1.020026498136024,0.04549663014920454,41,102,400,100,2,100,0.0,0,0.3,0.25,0.0,1.0,0.7,1.0,1.0,0.25,1.0,0.25
inter_0.25,1.03783350702763,0.047574936969267706,1.0,0.9904555676000452,0.9958592159184569,42,103,400,100,2,100,0.0,0,0.3,0.25,0.0,1.0,0.7,1.0,1.0,0.25,1.0,0.25
inter_0.25,1.037559153882404,0.06317198424680205,1.0,1.0115574070116364,0.41160250355890793,43,104,400,100,2,100,0.0,0,0.3,0.25,0.0,1.0,0.7,1.0,1.0,0.25,1.0,0.25
inter_0.25,0.9758094130049464,0.062484472240062316,1.0,1.0068799859802708,-0.49725270713582753,44,105,400,100,2,100,0.0,0,0.3,0.25,0.0,1.0,0.7,1.0,1.0,0.25,1.0,0.25
inter_0.25,1.0751168398840814,0.05029165584557517,1.0,1.0079242314168868,1.3360587822662908,45,106,400,100,2,100,0.0,0,0.3,0.25,0.0,1.0,0.7,1.0,1.0,0.25,1.0,0.25
inter_0.25,0.9415751331391785,0.05858265220701271,1.0,1.025567455588381,-1.4337405236007392,46,107,400,100,2,100,0.0,0,0.3,0.25,0.0,1.0,0.7,1.0,1.0,0.25,1.0,0.25
inter_0.25,1.0186920978469476,0.05453429315293794,1.0,1.0141025614821708,0.08415872104376064,47,108,400,100,2,100,0.0,0,0.3,0.25,0.0,1.0,0.7,1.0,1.0,0.25,1.0,0.25
inter_0.25,0.9693694074790113,0.06264275104289924,1.0,0.9851614764369938,-0.2520973088676722,48,109,400,100,2,100,0.0,0,0.3,0.25,0.0,1.0,0.7,1.0,1.0,0.25,1.0,0.25
inter_0.25,0.9665956633580325,0.06329136132656432,1.0,0.9885866389464104,-0.3474561950865795,49,110,400,100,2,100,0.0,0,0.3,0.25,0.0,1.0,0.7,1.0,1.0,0.25,1.0,0.25
inter_0.25,0.9784920967540446,0.06991243485314513,1.0,0.9919606049768476,-0.19264824992999202,50,111,400,100,2,100,0.0,0,0.3,0.25,0.0,1.0,0.7,1.0,1.0,0.25,1.0,0.25
inter_0.25,0.8763491592866728,0.05299826326490451,1.0,0.9673413865311136,-1.716890736393166,51,112,400,100,2,100,0.0,0,0.3,0.25,0.0,1.0,0.7,1.0,1.0,0.25,1.0,0.25
inter_0.25,0.9349105209041801,0.04998311068667551,1.0,0.9836398316850499,-0.974915528693975,52,113,400,100,2,100,0.0,0,0.3,0.25,0.0,1.0,0.7,1.0,1.0,0.25,1.0,0.25
inter_0.25,1.049114633810944,0.06820561438548181,1.0,0.9984404048616433,0.7429627224366329,53,114,400,100,2,100,0.0,0,0.3,0.25,0.0,1.0,0.7,1.0,1.0,0.25,1.0,0.25
inter_0.25,0.9845846396275236,0.055703232878918506,1.0,1.0093824368753999,-0.4451769846425058,54,115,400,100,2,100,0.0,0,0.3,0.25,0.0,1.0,0.7,1.0,1.0,0.25,1.0,0.25
inter_0.25,1.0352975092184218,0.0548197907220848,1.0,1.0208555807953514,0.26344369857749655,55,116,400,100,2,100,0.0,0,0.3,0.25,0.0,1.0,0.7,1.0,1.0,0.25,1.0,0.25
inter_0.25,0.9894629050147167,0.061801222768561696,1.0,0.998261717731598,-0.14237279333180572,56,117,400,100,2,100,0.0,0,0.3,0.25,0.0,1.0,0.7,1.0,1.0,0.25,1.0,0.25
inter_0.25,0.8914005560859197,0.05306671084343754,1.0,0.988203095720838,-1.8241669418802744,57,118,400,100,2,100,0.0,0,0.3,0.25,0.0,1.0,0.7,1.0,1.0,0.25,1.0,0.25
inter_0.25,0.9036164071632885,0.05519569690496945,1.0,0.9843007454075868,-1.461786747311348,58,119,400,100,2,100,0.0,0,0.3,0.25,0.0,1.0,0.7,1.0,1.0,0.25,1.0,0.25
inter_0.25,1.0420946769004977,0.0739288536625829,1.0,1.020572103870449,0.2911254802932493,59,120,400,100,2,100,0.0,0,0.3,0.25,0.0,1.0,0.7,1.0,1.0,0.25,1.0,0.25
inter_0.25,0.9187689798351002,0.06960576148322514,1.0,0.9846570339683112,-0.9465890858630986,60,121,400,100,2,100,0.0,0,0.3,0.25,0.0,1.0,0.7,1.0,1.0,0.25,1.0,0.25
inter_0.25,0.9369786272498071,0.05816154628836737,1.0,0.9847818570137504,-0.8219043820969434,61,122,400,100,2,100,0.0,0,0.3,0.25,0.0,1.0,0.7,1.0,1.0,0.25,1.0,0.25
inter_0.25,1.0040730565649418,0.05767395168379609,1.0,1.006711790905892,-0.04575261905786074,62,123,400,100,2,100,0.0,0,0.3,0.25,0.0,1.0,0.7,1.0,1.0,0.25,1.0,0.25
inter_0.25,0.9555656932032888,0.061670498306123527,1.0,1.0013827743724546,-0.7429335326874836,63,124,400,100,2,100,0.0,0,0.3,0.25,0.0,1.0,0.7,1.0,1.0,0.25,1.0,0.25
inter_0.25,0.9993724324415171,0.0517528466893371,1.0,1.0246622091925282,-0.48866445749005827,64,125,400,100,2,100,0.0,0,0.3,0.25,0.0,1.0,0.7,1.0,1.0,0.25,1.0,0.25
inter_0.25,1.0773373867297595,0.05930815985145552,1.0,1.009597018503042,1.1421761928945602,65,126,400,100,2,100,0.0,0,0.3,0.25,0.0,1.0,0.7,1.0,1.0,0.25,1.0,0.25
inter_0.25,0.930445315171081,0.06328751279559926,1.0,0.998812058715684,-1.0802564443543272,66,127,400,100,2,100,0.0,0,0.3,0.25,0.0,1.0,0.7,1.0,1.0,0.25,1.0,0.25
inter_0.25,1.0607678340622435,0.053446785899932396,1.0,1.0120904132670727,0.9107642297950111,67,128,400,100,2,100,0.0,0,0.3,0.25,0.0,1.0,0.7,1.0,1.0,0.25,1.0,0.25
inter_0.25,0.9343630707806959,0.06676744858041925,1.0,0.9948205562517833,-0.9054934216674211,68,129,400,100,2,100,0.0,0,0.3,0.25,0.0,1.0,0.7,1.0,1.0,0.25,1.0,0.25
inter_0.25,0.978379607609005,0.05370856017441959,1.0,1.0002761142482557,-0.40769118680786376,69,130,400,100,2,100,0.0,0,0.3,0.25,0.0,1.0,0.7,1.0,1.0,0.25,1.0,0.25
inter_0.25,0.9866080061481728,0.05195282382512117,1.0,1.0123573941147175,-0.49563019044392886,70,131,400,100,2,100,0.0,0,0.3,0.25,0.0,1.0,0.7,1.0,1.0,0.25,1.0,0.25
inter_0.25,0.9847023762909616,0.0638377165976345,1.0,0.9972233470464269,-0.196137509654117,71,132,400,100,2,100,0.0,0,0.3,0.25,0.0,1.0,0.7,1.0,1.0,0.25,1.0,0.25
inter_0.25,0.9885862740840132,0.05073495174464003,1.0,0.9959749680748017,-0.1456332121488426,72,133,400,100,2,100,0.0,0,0.3,0.25,0.0,1.0,0.7,1.0,1.0,0.25,1.0,0.25
inter_0.25,0.9960266471241062,0.05474465249624762,1.0,1.01571476379822,-0.3596354306105668,73,134,400,100,2,100,0.0,0,0.3,0.25,0.0,1.0,0.7,1.0,1.0,0.25,1.0,0.25
inter_0.25,1.0370148115321605,0.06256926414597558,1.0,0.9856418135981272,0.8210580487917973,74,135,400,100,2,100,0.0,0,0.3,0.25,0.0,1.0,0.7,1.0,1.0,0.25,1.0,0.25
inter_0.25,0.9842364396553486,0.0558796043731223,1.0,1.0054809625904375,-0.38018384656472987,75,136,400,100,2,100,0.0,0,0.3,0.25,0.0,1.0,0.7,1.0,1.0,0.25,1.0,0.25
inter_0.25,1.0308563856344115,0.06464820655472982,1.0,0.989988544571581,0.6321573828692776,76,137,400,100,2,100,0.0,0,0.3,0.25,0.0,1.0,0.7,1.0,1.0,0.25,1.0,0.25
inter_0.25,0.9525969354040593,0.060009712392069356,1.0,0.9958178397902608,-0.7202318202063808,77,138,400,100,2,100,0.0,0,0.3,0.25,0.0,1.0,0.7,1.0,1.0,0.25,1.0,0.25
inter_0.25,1.0666406475156147,0.05902767543771782,1.0,0.9991582258589944,1.143233596041291,78,139,400,100,2,100,0.0,0,0.3,0.25,0.0,1.0,0.7,1.0,1.0,0.25,1.0,0.25
inter_0.25,1.0559276823713033,0.05278507143450081,1.0,0.9721429729024194,1.587280403188419,79,140,400,100,2,100,0.0,0,0.3,0.25,0.0,1.0,0.7,1.0,1.0,0.25,1.0,0.25
inter_0.25,0.9954256940781735,0.055403275226029794,1.0,0.9947871207348454,0.011525913237491178,80,141,400,100,2,100,0.0,0,0.3,0.25,0.0,1.0,0.7,1.0,1.0,0.25,1.0,0.25
inter_0.25,0.9601288753831994,0.05113034184368728,1.0,1.000063148838743,-0.7810288767015958,81,142,400,100,2,100,0.0,0,0.3,0.25,0.0,1.0,0.7,1.0,1.0,0.25,1.0,0.25
inter_0.25,0.9604930207056862,0.06349580121239663,1.0,0.9883464962058958,-0.4386664152333205,82,143,400,100,2,100,0.0,0,0.3,0.25,0.0,1.0,0.7,1.0,1.0,0.25,1.0,0.25
inter_0.25,1.0357576871384926,0.05992890151369807,1.0,0.9942233742152337,0.6930598071076832,83,144,400,100,2,100,0.0,0,0.3,0.25,0.0,1.0,0.7,1.0,1.0,0.25,1.0,0.25
inter_0.25,0.9660513201916299,0.06587824050248363,1.0,0.9892263633713676,-0.35178600707868063,84,145,400,100,2,100,0.0,0,0.3,0.25,0.0,1.0,0.7,1.0,1.0,0.25,1.0,0.25
inter_0.25,1.0236808708792815,0.06395108045991148,1.0,1.0118113149463417,0.18560368093202725,85,146,400,100,2,100,0.0,0,0.3,0.25,0.0,1.0,0.7,1.0,1.0,0.25,1.0,0.25
inter_0.25,0.9304394340378734,0.05794633214981445,1.0,1.0040060252647942,-1.269564241559271,86,147,400,100,2,100,0.0,0,0.3,0.25,0.0,1.0,0.7,1.0,1.0,0.25,1.0,0.25
inter_0.25,0.889883791784502,0.052954503148533394,1.0,0.9858125667191652,-1.811531961041918,87,148,400,100,2,100,0.0,0,0.3,0.25,0.0,1.0,0.7,1.0,1.0,0.25,1.0,0.25
inter_0.25,1.0020697446917772,0.06157635983297649,1.0,0.9905475896960092,0.18711978147167896,88,149,400,100,2,100,0.0,0,0.3,0.25,0.0,1.0,0.7,1.0,1.0,0.25,1.0,0.25
inter_0.25,1.0232597536145474,0.05666591270916309,1.0,1.0030591822338801,0.35648541450918364,89,150,400,100,2,100,0.0,0,0.3,0.25,0.0,1.0,0.7,1.0,1.0,0.25,1.0,0.25
inter_0.25,1.010596644522238,0.04683052525010506,1.0,1.011572034846323,-0.020828088493045748,90,151,400,100,2,100,0.0,0,0.3,0.25,0.0,1.0,0.7,1.0,1.0,0.25,1.0,0.25
inter_0.25,1.0757447018869708,0.05575714168606893,1.0,1.0160868367516627,1.069959171709367,91,152,400,100,2,100,0.0,0,0.3,0.25,0.0,1.0,0.7,1.0,1.0,0.25,1.0,0.25
inter_0.25,0.9442474722508236,0.05117447055557487,1.0,0.9901513030588609,-0.8970064625912693,92,153,400,100,2,100,0.0,0,0.3,0.25,0.0,1.0,0.7,1.0,1.0,0.25,1.0,0.25
inter_0.25,0.8941691799580473,0.05375496606102887,1.0,1.013736234340331,-2.2242978303909147,93,154,400,100,2,100,0.0,0,0.3,0.25,0.0,1.0,0.7,1.0,1.0,0.25,1.0,0.25
inter_0.25,0.9651780210359443,0.05420476012591702,1.0,1.0008096853718769,-0.6573530489418389,94,155,400,100,2,100,0.0,0,0.3,0.25,0.0,1.0,0.7,1.0,1.0,0.25,1.0,0.25
inter_0.25,0.8865446134463345,0.06001218902087779,1.0,0.9608881712304012,-1.23880763219957,95,156,400,100,2,100,0.0,0,0.3,0.25,0.0,1.0,0.7,1.0,1.0,0.25,1.0,0.25
inter_0.25,1.0623744920470557,0.0561623201657466,1.0,1.0312952112306528,0.5533831352529864,96,157,400,100,2,100,0.0,0,0.3,0.25,0.0,1.0,0.7,1.0,1.0,0.25,1.0,0.25
inter_0.25,0.969091275869755,0.059445072749180296,1.0,0.990942141547735,-0.3675807710788159,97,158,400,100,2,100,0.0,0,0.3,0.25,0.0,1.0,0.7,1.0,1.0,0.25,1.0,0.25
inter_0.25,0.9124255905464821,0.05815370470949888,1.0,0.9959703460622323,-1.4366196604857742,98,159,400,100,2,100,0.0,0,0.3,0.25,0.0,1.0,0.7,1.0,1.0,0.25,1.0,0.25
inter_0.25,1.012327345394008,0.05222031849639251,1.0,0.9805935284922626,0.6076909872531268,99,160,400,100,2,100,0.0,0,0.3,0.25,0.0,1.0,0.7,1.0,1.0,0.25,1.0,0.25
inter_0.5,0.9593521242827884,0.07397859983333764,1.0,0.955863123807287,0.04716229400612555,0,62,400,100,2,100,0.0,0,0.3,0.5,0.0,1.0,0.7,1.0,1.0,0.25,1.0,0.25
inter_0.5,0.9084734556474348,0.06893130971601051,1.0,0.9784191956880594,-1.0147165392445527,1,63,400,100,2,100,0.0,0,0.3,0.5,0.0,1.0,0.7,1.0,1.0,0.25,1.0,0.25
inter_0.5,0.9707468138653366,0.0767317555899349,1.0,1.0001992008231817,-0.3838356978985696,2,64,400,100,2,100,0.0,0,0.3,0.5,0.0,1.0,0.7,1.0,1.0,0.25,1.0,0.25
inter_0.5,1.0578340748991641,0.08266028186620389,1.0,1.0054282568649924,0.6339903137397621,3,65,400,100,2,100,0.0,0,0.3,0.5,0.0,1.0,0.7,1.0,1.0,0.25,1.0,0.25
inter_0.5,0.9909639827582654,0.06727942142705955,1.0,0.9569803036999559,0.5051125342264216,4,66,400,100,2,100,0.0,0,0.3,0.5,0.0,1.0,0.7,1.0,1.0,0.25,1.0,0.25
inter_0.5,1.0740637268937772,0.07088664626960602,1.0,1.029710937899333,0.6256860964441093,5,67,400,100,2,100,0.0,0,0.3,0.5,0.0,1.0,0.7,1.0,1.0,0.25,1.0,0.25
inter_0.5,0.9974682071833799,0.06550632877786733,1.0,1.0086698508868617,-0.1710009385729225,6,68,400,100,2,100,0.0,0,0.3,0.5,0.0,1.0,0.7,1.0,1.0,0.25,1.0,0.25
inter_0.5,0.932079003453102,0.056221896416740955,1.0,0.9840173550117478,-0.923810025433086,7,69,400,100,2,100,0.0,0,0.3,0.5,0.0,1.0,0.7,1.0,1.0,0.25,1.0,0.25
inter_0.5,1.0055442835059416,0.07832450313762909,1.0,0.9992079183954823,0.08089888676759657,8,70,400,100,2,100,0.0,0,0.3,0.5,0.0,1.0,0.7,1.0,1.0,0.25,1.0,0.25
inter_0.5,0.9650796973821775,0.0618592780666954,1.0,1.0590012602721863,-1.5183100389361892,9,71,400,100,2,100,0.0,0,0.3,0.5,0.0,1.0,0.7,1.0,1.0,0.25,1.0,0.25
inter_0.5,0.9070672645722591,0.07187166329599091,1.0,1.0038256327381725,-1.3462658818320505,10,72,400,100,2,100,0.0,0,0.3,0.5,0.0,1.0,0.7,1.0,1.0,0.25,1.0,0.25
inter_0.5,1.0576169114096274,0.0655840994239094,1.0,1.0116343397778857,0.7011237790204105,11,73,400,100,2,100,0.0,0,0.3,0.5,0.0,1.0,0.7,1.0,1.0,0.25,1.0,0.25
inter_0.5,0.9095800372209054,0.06667918082933398,1.0,1.0388468894849883,-1.938638877327282,12,74,400,100,2,100,0.0,0,0.3,0.5,0.0,1.0,0.7,1.0,1.0,0.25,1.0,0.25
inter_0.5,1.0127057865271327,0.06136984808117072,1.0,0.9992224149483441,0.21970677784561063,13,75,400,100,2,100,0.0,0,0.3,0.5,0.0,1.0,0.7,1.0,1.0,0.25,1.0,0.25
inter_0.5,1.0304949594258066,0.08173237663478991,1.0,0.999718779722628,0.37654820488945023,14,76,400,100,2,100,0.0,0,0.3,0.5,0.0,1.0,0.7,1.0,1.0,0.25,1.0,0.25
inter_0.5,1.1629812344886477,0.073951495624885,1.0,1.0599745710972701,1.39289493094059,15,77,400,100,2,100,0.0,0,0.3,0.5,0.0,1.0,0.7,1.0,1.0,0.25,1.0,0.25
inter_0.5,1.0308019331126985,0.06866387216219438,1.0,1.0065221634940458,0.3536032684160352,16,78,400,100,2,100,0.0,0,0.3,0.5,0.0,1.0,0.7,1.0,1.0,0.25,1.0,0.25
inter_0.5,0.9967229144587513,0.061137360676309,1.0,0.9916437761176974,0.08307748788740367,17,79,400,100,2,100,0.0,0,0.3,0.5,0.0,1.0,0.7,1.0,1.0,0.25,1.0,0.25
inter_0.5,1.039921288489786,0.05964616263622902,1.0,0.9975606185426059,0.7101994172790286,18,80,400,100,2,100,0.0,0,0.3,0.5,0.0,1.0,0.7,1.0,1.0,0.25,1.0,0.25
inter_0.5,1.0047386370429883,0.06852522685020733,1.0,1.0392581730141461,-0.5037493133239211,19,81,400,100,2,100,0.0,0,0.3,0.5,0.0,1.0,0.7,1.0,1.0,0.25,1.0,0.25
inter_0.5,1.1102609776215029,0.0731879581783347,1.0,1.0626946344199484,0.6499203473562024,20,82,400,100,2,100,0.0,0,0.3,0.5,0.0,1.0,0.7,1.0,1.0,0.25,1.0,0.25
inter_0.5,1.0273491816016647,0.06769894613818961,1.0,0.9830755234916859,0.6539785422893541,21,83,400,100,2,100,0.0,0,0.3,0.5,0.0,1.0,0.7,1.0,1.0,0.25,1.0,0.25
inter_0.5,1.0797436486251444,0.06983463793446311,1.0,1.0302257973505424,0.7090729291254061,22,84,400,100,2,100,0.0,0,0.3,0.5,0.0,1.0,0.7,1.0,1.0,0.25,1.0,0.25
inter_0.5,1.0156889938333085,0.08149498785731589,1.0,1.0087450351046545,0.08520718772069338,23,85,400,100,2,100,0.0,0,0.3,0.5,0.0,1.0,0.7,1.0,1.0,0.25,1.0,0.25
inter_0.5,0.9948519976893365,0.07279420241887487,1.0,1.0197227537967126,-0.34165847390241266,24,86,400,100,2,100,0.0,0,0.3,0.5,0.0,1.0,0.7,1.0,1.0,0.25,1.0,0.25
inter_0.5,0.944573212404674,0.06973058748159312,1.0,0.9919513804581088,-0.6794459901250846,25,87,400,100,2,100,0.0,0,0.3,0.5,0.0,1.0,0.7,1.0,1.0,0.25,1.0,0.25
inter_0.5,0.8529664217275343,0.0766503359941052,1.0,0.9731760139533648,-1.5682852614641536,26,88,400,100,2,100,0.0,0,0.3,0.5,0.0,1.0,0.7,1.0,1.0,0.25,1.0,0.25
inter_0.5,0.9981313317974391,0.09024263004777684,1.0,1.0165960568552526,-0.20461200042638136,27,89,400,100,2,100,0.0,0,0.3,0.5,0.0,1.0,0.7,1.0,1.0,0.25,1.0,0.25
inter_0.5,0.8387283063687728,0.06926427980632811,1.0,0.9819795234466184,-2.0681831598970573,28,90,400,100,2,100,0.0,0,0.3,0.5,0.0,1.0,0.7,1.0,1.0,0.25,1.0,0.25
inter_0.5,1.0622633838156574,0.07352724717300269,1.0,1.0165790161766162,0.6213256907544799,29,91,400,100,2,100,0.0,0,0.3,0.5,0.0,1.0,0.7,1.0,1.0,0.25,1.0,0.25
inter_0.5,1.1189789760799065,0.06181858399621136,1.0,1.0538983848013974,1.0527674215652953,30,92,400,100,2,100,0.0,0,0.3,0.5,0.0,1.0,0.7,1.0,1.0,0.25,1.0,0.25
inter_0.5,0.9938822162967439,0.07108624613679877,1.0,0.981125303789502,0.17945683167306928,31,93,400,100,2,100,0.0,0,0.3,0.5,0.0,1.0,0.7,1.0,1.0,0.25,1.0,0.25
inter_0.5,0.9761281286656566,0.07532381309515832,1.0,0.9922454179471746,-0.21397335874588114,32,94,400,100,2,100,0.0,0,0.3,0.5,0.0,1.0,0.7,1.0,1.0,0.25,1.0,0.25
inter_0.5,0.9674713460592178,0.08393446595842521,1.0,1.058326252582477,-1.082450522390431,33,95,400,100,2,100,0.0,0,0.3,0.5,0.0,1.0,0.7,1.0,1.0,0.25,1.0,0.25
inter_0.5,1.0403869135698338,0.07162067482671403,1.0,0.976936767331257,0.8859194135226206,34,96,400,100,2,100,0.0,0,0.3,0.5,0.0,1.0,0.7,1.0,1.0,0.25,1.0,0.25
inter_0.5,0.9689481249715269,0.08095109613507079,1.0,0.9860964516517794,-0.21183563285714688,35,97,400,100,2,100,0.0,0,0.3,0.5,0.0,1.0,0.7,1.0,1.0,0.25,1.0,0.25
inter_0.5,0.9904286924479103,0.07835163552574703,1.0,1.0335654097185407,-0.550552863142918,36,98,400,100,2,100,0.0,0,0.3,0.5,0.0,1.0,0.7,1.0,1.0,0.25,1.0,0.25
inter_0.5,0.9336522100352163,0.08187592037421218,1.0,1.0114731474816383,-0.9504740476900055,37,99,400,100,2,100,0.0,0,0.3,0.5,0.0,1.0,0.7,1.0,1.0,0.25,1.0,0.25
inter_0.5,1.0790438118715349,0.07301880151181359,1.0,0.9873117161335884,1.2562804899379965,38,100,400,100,2,100,0.0,0,0.3,0.5,0.0,1.0,0.7,1.0,1.0,0.25,1.0,0.25
inter_0.5,0.857727294671967,0.06962955910522138,1.0,0.980078866649277,-1.7571786113483399,39,101,400,100,2,100,0.0,0,0.3,0.5,0.0,1.0,0.7,1.0,1.0,0.25,1.0,0.25
inter_0.5,1.0772462365481004,0.06749331492477151,1.0,1.0400529962720482,0.5510655435654335,40,102,400,100,2,100,0.0,0,0.3,0.5,0.0,1.0,0.7,1.0,1.0,0.25,1.0,0.25
inter_0.5,1.0154604479106428,0.05765994667262559,1.0,0.9809111352000903,0.5991908543847995,41,103,400,100,2,100,0.0,0,0.3,0.5,0.0,1.0,0.7,1.0,1.0,0.25,1.0,0.25
inter_0.5,1.0341627488526073,0.08010791059631378,1.0,1.023114814023273,0.1379131567294001,42,104,400,100,2,100,0.0,0,0.3,0.5,0.0,1.0,0.7,1.0,1.0,0.25,1.0,0.25
inter_0.5,0.9781700994044813,0.08356204207417006,1.0,1.0137599719605415,-0.42590955980312717,43,105,400,100,2,100,0.0,0,0.3,0.5,0.0,1.0,0.7,1.0,1.0,0.25,1.0,0.25
inter_0.5,1.0769620031174207,0.0644099987203523,1.0,1.0158484628337736,0.9488207032728359,44,106,400,100,2,100,0.0,0,0.3,0.5,0.0,1.0,0.7,1.0,1.0,0.25,1.0,0.25
inter_0.5,0.9498192586568612,0.06730922203864606,1.0,1.0511349111767623,-1.5052269132115352,45,107,400,100,2,100,0.0,0,0.3,0.5,0.0,1.0,0.7,1.0,1.0,0.25,1.0,0.25
inter_0.5,1.0091725357780104,0.07141363755290332,1.0,1.0282051229643416,-0.2665119413953939,46,108,400,100,2,100,0.0,0,0.3,0.5,0.0,1.0,0.7,1.0,1.0,0.25,1.0,0.25
inter_0.5,0.9309210926796104,0.08837019785192864,1.0,0.9703229528739875,-0.4458727167319243,47,109,400,100,2,100,0.0,0,0.3,0.5,0.0,1.0,0.7,1.0,1.0,0.25,1.0,0.25
inter_0.5,0.9980503688502433,0.08150807770766681,1.0,0.9771732778928209,0.25613523891827306,48,110,400,100,2,100,0.0,0,0.3,0.5,0.0,1.0,0.7,1.0,1.0,0.25,1.0,0.25
inter_0.5,0.9924104189361682,0.10386740386358442,1.0,0.9839212099536948,0.08173121370803507,49,111,400,100,2,100,0.0,0,0.3,0.5,0.0,1.0,0.7,1.0,1.0,0.25,1.0,0.25
inter_0.5,0.8318230456491057,0.06931711744327934,1.0,0.9346827730622274,-1.483900819985619,50,112,400,100,2,100,0.0,0,0.3,0.5,0.0,1.0,0.7,1.0,1.0,0.25,1.0,0.25
inter_0.5,0.8893768644607947,0.06533141633382919,1.0,0.9672796633700999,-1.192424767147845,51,113,400,100,2,100,0.0,0,0.3,0.5,0.0,1.0,0.7,1.0,1.0,0.25,1.0,0.25
inter_0.5,1.0907109961913721,0.08616604383422684,1.0,0.9968808097232865,1.0889462054055037,52,114,400,100,2,100,0.0,0,0.3,0.5,0.0,1.0,0.7,1.0,1.0,0.25,1.0,0.25
inter_0.5,0.9744360837436548,0.06986909453583592,1.0,1.0187648737508,-0.6344549088783297,53,115,400,100,2,100,0.0,0,0.3,0.5,0.0,1.0,0.7,1.0,1.0,0.25,1.0,0.25
inter_0.5,1.0402307827315072,0.0710840667597675,1.0,1.0417111615907027,-0.020825747972446743,54,116,400,100,2,100,0.0,0,0.3,0.5,0.0,1.0,0.7,1.0,1.0,0.25,1.0,0.25
inter_0.5,0.9923968794868913,0.08087098455416604,1.0,0.9965234354631959,-0.051026409521955626,55,117,400,100,2,100,0.0,0,0.3,0.5,0.0,1.0,0.7,1.0,1.0,0.25,1.0,0.25
inter_0.5,0.8632307671810198,0.06490892019702173,1.0,0.9764061914416761,-1.743603558911911,56,118,400,100,2,100,0.0,0,0.3,0.5,0.0,1.0,0.7,1.0,1.0,0.25,1.0,0.25
inter_0.5,0.8715253454652322,0.06519100151530742,1.0,0.9686014908151737,-1.4891034512968349,57,119,400,100,2,100,0.0,0,0.3,0.5,0.0,1.0,0.7,1.0,1.0,0.25,1.0,0.25
inter_0.5,1.0677192976066225,0.11874461890711206,1.0,1.0411442077408979,0.22380037184264331,58,120,400,100,2,100,0.0,0,0.3,0.5,0.0,1.0,0.7,1.0,1.0,0.25,1.0,0.25
inter_0.5,0.9342992023844544,0.09594967995498697,1.0,0.9693140679366223,-0.36492946686840966,59,121,400,100,2,100,0.0,0,0.3,0.5,0.0,1.0,0.7,1.0,1.0,0.25,1.0,0.25
inter_0.5,0.9090137534614957,0.07209102193844356,1.0,0.9695637140275007,-0.8399098658596752,60,122,400,100,2,100,0.0,0,0.3,0.5,0.0,1.0,0.7,1.0,1.0,0.25,1.0,0.25
inter_0.5,1.015151411861664,0.06681489260556221,1.0,1.0134235818117843,0.02585995400875514,61,123,400,100,2,100,0.0,0,0.3,0.5,0.0,1.0,0.7,1.0,1.0,0.25,1.0,0.25
inter_0.5,0.9294976195673866,0.07667566324309211,1.0,1.002765548744909,-0.955556510091528,62,124,400,100,2,100,0.0,0,0.3,0.5,0.0,1.0,0.7,1.0,1.0,0.25,1.0,0.25
inter_0.5,1.0199638768551895,0.06409179048356083,1.0,1.049324418385056,-0.45810144026788213,63,125,400,100,2,100,0.0,0,0.3,0.5,0.0,1.0,0.7,1.0,1.0,0.25,1.0,0.25
inter_0.5,1.0986946865251963,0.07149494835064989,1.0,1.0191940370060844,1.1119757598704425,64,126,400,100,2,100,0.0,0,0.3,0.5,0.0,1.0,0.7,1.0,1.0,0.25,1.0,0.25
inter_0.5,0.9129483609341156,0.07746360026010189,1.0,0.9976241174313679,-1.0931038089235974,65,127,400,100,2,100,0.0,0,0.3,0.5,0.0,1.0,0.7,1.0,1.0,0.25,1.0,0.25
inter_0.5,1.0895636227025878,0.06466745610770705,1.0,1.0241808265341454,1.0110618246609833,66,128,400,100,2,100,0.0,0,0.3,0.5,0.0,1.0,0.7,1.0,1.0,0.25,1.0,0.25
inter_0.5,0.9416417830815388,0.09367151474527531,1.0,0.9896411125035667,-0.5124218344558042,67,129,400,100,2,100,0.0,0,0.3,0.5,0.0,1.0,0.7,1.0,1.0,0.25,1.0,0.25
inter_0.5,1.003953703626356,0.06637318557045521,1.0,1.0005522284965118,0.05124773054976325,68,130,400,100,2,100,0.0,0,0.3,0.5,0.0,1.0,0.7,1.0,1.0,0.25,1.0,0.25
inter_0.5,0.9611896834946729,0.06459063495929951,1.0,1.0247147882294347,-0.9835033325619245,69,131,400,100,2,100,0.0,0,0.3,0.5,0.0,1.0,0.7,1.0,1.0,0.25,1.0,0.25
inter_0.5,0.9968149876883307,0.07979329573019606,1.0,0.9944466940928541,0.0296803581529506,70,132,400,100,2,100,0.0,0,0.3,0.5,0.0,1.0,0.7,1.0,1.0,0.25,1.0,0.25
inter_0.5,0.9758944330071336,0.06233083201408298,1.0,0.9919499361496034,-0.2575852531351123,71,133,400,100,2,100,0.0,0,0.3,0.5,0.0,1.0,0.7,1.0,1.0,0.25,1.0,0.25
inter_0.5,1.021637097840418,0.071636012997396,1.0,1.0314295275964398,-0.13669702355403088,72,134,400,100,2,100,0.0,0,0.3,0.5,0.0,1.0,0.7,1.0,1.0,0.25,1.0,0.25
inter_0.5,1.0437414338594297,0.07469088554846544,1.0,0.9712836271962544,0.9701023910897257,73,135,400,100,2,100,0.0,0,0.3,0.5,0.0,1.0,0.7,1.0,1.0,0.25,1.0,0.25
inter_0.5,0.9891023810513354,0.0704516762899415,1.0,1.0109619251808748,-0.31027713293261,74,136,400,100,2,100,0.0,0,0.3,0.5,0.0,1.0,0.7,1.0,1.0,0.25,1.0,0.25
inter_0.5,0.9977432876852685,0.08151029541779879,1.0,0.9799770891431621,0.2179626322177089,75,137,400,100,2,100,0.0,0,0.3,0.5,0.0,1.0,0.7,1.0,1.0,0.25,1.0,0.25
inter_0.5,0.9105613423859296,0.07750892100966587,1.0,0.9916356795805215,-1.046000075068538,76,138,400,100,2,100,0.0,0,0.3,0.5,0.0,1.0,0.7,1.0,1.0,0.25,1.0,0.25
inter_0.5,1.0982086102255513,0.07382139210905418,1.0,0.9983164517179887,1.3531600482417732,77,139,400,100,2,100,0.0,0,0.3,0.5,0.0,1.0,0.7,1.0,1.0,0.25,1.0,0.25
inter_0.5,1.0367314187624597,0.06439254708378923,1.0,0.9442859458048385,1.4356548567232286,78,140,400,100,2,100,0.0,0,0.3,0.5,0.0,1.0,0.7,1.0,1.0,0.25,1.0,0.25
inter_0.5,0.9824522970206244,0.06916817767470562,1.0,0.9895742414696911,-0.10296562217615161,79,141,400,100,2,100,0.0,0,0.3,0.5,0.0,1.0,0.7,1.0,1.0,0.25,1.0,0.25
inter_0.5,0.9679490234604389,0.0619573397866699,1.0,1.0001262976774858,-0.5193456389160513,80,142,400,100,2,100,0.0,0,0.3,0.5,0.0,1.0,0.7,1.0,1.0,0.25,1.0,0.25
inter_0.5,0.9421214007534991,0.08748722514138081,1.0,0.9766929924117914,-0.3951615976209555,81,143,400,100,2,100,0.0,0,0.3,0.5,0.0,1.0,0.7,1.0,1.0,0.25,1.0,0.25
inter_0.5,1.0385593278423222,0.07525308967305092,1.0,0.9884467484304673,0.6659205572764785,82,144,400,100,2,100,0.0,0,0.3,0.5,0.0,1.0,0.7,1.0,1.0,0.25,1.0,0.25
inter_0.5,0.9417406947964075,0.08574763705524174,1.0,0.9784527267427354,-0.4281404503622258,83,145,400,100,2,100,0.0,0,0.3,0.5,0.0,1.0,0.7,1.0,1.0,0.25,1.0,0.25
inter_0.5,1.023816648509773,0.07967860838576085,1.0,1.0236226298926834,0.0024350151316692385,84,146,400,100,2,100,0.0,0,0.3,0.5,0.0,1.0,0.7,1.0,1.0,0.25,1.0,0.25
inter_0.5,0.9501298906544534,0.08012381838882103,1.0,1.0080120505295884,-0.7224089046062088,85,147,400,100,2,100,0.0,0,0.3,0.5,0.0,1.0,0.7,1.0,1.0,0.25,1.0,0.25
inter_0.5,0.8570104950515992,0.06767005193626612,1.0,0.9716251334383306,-1.6937276551033122,86,148,400,100,2,100,0.0,0,0.3,0.5,0.0,1.0,0.7,1.0,1.0,0.25,1.0,0.25
inter_0.5,0.9819589975883999,0.07915765290629032,1.0,0.9810951793920182,0.010912630234303737,87,149,400,100,2,100,0.0,0,0.3,0.5,0.0,1.0,0.7,1.0,1.0,0.25,1.0,0.25
inter_0.5,0.9712203338303679,0.07200666570252884,1.0,1.00611836446776,-0.48465000145349824,88,150,400,100,2,100,0.0,0,0.3,0.5,0.0,1.0,0.7,1.0,1.0,0.25,1.0,0.25
inter_0.5,1.0334047062285177,0.05910647085179036,1.0,1.0231440696926462,0.17359582441658677,89,151,400,100,2,100,0.0,0,0.3,0.5,0.0,1.0,0.7,1.0,1.0,0.25,1.0,0.25
inter_0.5,1.0914215427739127,0.06796441810087202,1.0,1.032173673503325,0.8717483490059867,90,152,400,100,2,100,0.0,0,0.3,0.5,0.0,1.0,0.7,1.0,1.0,0.25,1.0,0.25
inter_0.5,0.8961720350359222,0.07076887171870122,1.0,0.9803026061177218,-1.1888075793579085,91,153,400,100,2,100,0.0,0,0.3,0.5,0.0,1.0,0.7,1.0,1.0,0.25,1.0,0.25
inter_0.5,0.8773178016377158,0.06411513661584178,1.0,1.0274724686806622,-2.3419534757077276,92,154,400,100,2,100,0.0,0,0.3,0.5,0.0,1.0,0.7,1.0,1.0,0.25,1.0,0.25
inter_0.5,0.9831070266020727,0.06694620019627208,1.0,1.0016193707437537,-0.2765256890967186,93,155,400,100,2,100,0.0,0,0.3,0.5,0.0,1.0,0.7,1.0,1.0,0.25,1.0,0.25
inter_0.5,0.8559051666490137,0.07629167015474161,1.0,0.9217763424608022,-0.863412423377056,94,156,400,100,2,100,0.0,0,0.3,0.5,0.0,1.0,0.7,1.0,1.0,0.25,1.0,0.25
inter_0.5,1.1151490602822391,0.07221826061784518,1.0,1.0625904224613059,0.7277749058379566,95,157,400,100,2,100,0.0,0,0.3,0.5,0.0,1.0,0.7,1.0,1.0,0.25,1.0,0.25
inter_0.5,0.9085641473739001,0.07708330775352143,1.0,0.9818842830954699,-0.9511804547362629,96,158,400,100,2,100,0.0,0,0.3,0.5,0.0,1.0,0.7,1.0,1.0,0.25,1.0,0.25
inter_0.5,0.9181150291432306,0.07175038106924506,1.0,0.9919406921244649,-1.0289236360986906,97,159,400,100,2,100,0.0,0,0.3,0.5,0.0,1.0,0.7,1.0,1.0,0.25,1.0,0.25
inter_0.5,1.0201488003762993,0.06751934303506839,1.0,0.9611870569845249,0.8732570659218453,98,160,400,100,2,100,0.0,0,0.3,0.5,0.0,1.0,0.7,1.0,1.0,0.25,1.0,0.25
inter_0.5,0.998177407404908,0.061440698993197984,1.0,0.9966574541326452,0.024738541344249902,99,161,400,100,2,100,0.0,0,0.3,0.5,0.0,1.0,0.7,1.0,1.0,0.25,1.0,0.25
inter_1.0,0.841380185823536,0.10380269834757858,1.0,0.9568383913761184,-1.112285204436361,0,63,400,100,2,100,0.0,0,0.3,1.0,0.0,1.0,0.7,1.0,1.0,0.25,1.0,0.25
inter_1.0,0.9930065495140805,0.11721611720501625,1.0,1.0003984016463634,-0.06306173850951062,1,64,400,100,2,100,0.0,0,0.3,1.0,0.0,1.0,0.7,1.0,1.0,0.25,1.0,0.25
inter_1.0,0.9913567081657016,0.12693560181421668,1.0,1.010856513729985,-0.15361967238177432,2,65,400,100,2,100,0.0,0,0.3,1.0,0.0,1.0,0.7,1.0,1.0,0.25,1.0,0.25
inter_1.0,0.9398535599634293,0.10118894464129179,1.0,0.9139606073999117,0.2558871688533414,3,66,400,100,2,100,0.0,0,0.3,1.0,0.0,1.0,0.7,1.0,1.0,0.25,1.0,0.25
inter_1.0,1.197750512948783,0.1129892231521397,1.0,1.0594218757986655,1.2242639898838705,4,67,400,100,2,100,0.0,0,0.3,1.0,0.0,1.0,0.7,1.0,1.0,0.25,1.0,0.25
inter_1.0,1.0040666207138433,0.09993198558285574,1.0,1.0173397017737233,-0.13282114812854404,5,68,400,100,2,100,0.0,0,0.3,1.0,0.0,1.0,0.7,1.0,1.0,0.25,1.0,0.25
inter_1.0,0.9069211856872512,0.08868306325071618,1.0,0.9680347100234957,-0.6891228391995241,6,69,400,100,2,100,0.0,0,0.3,1.0,0.0,1.0,0.7,1.0,1.0,0.25,1.0,0.25
inter_1.0,0.9421728528290266,0.11521298339458433,1.0,0.9984158367909644,-0.48816532915665706,7,70,400,100,2,100,0.0,0,0.3,1.0,0.0,1.0,0.7,1.0,1.0,0.25,1.0,0.25
inter_1.0,1.0592841037982736,0.0910016044622989,1.0,1.1180025205443729,-0.6452459502560278,8,71,400,100,2,100,0.0,0,0.3,1.0,0.0,1.0,0.7,1.0,1.0,0.25,1.0,0.25
inter_1.0,0.9097224327576829,0.11522537264075927,1.0,1.007651265476345,-0.849889485920579,9,72,400,100,2,100,0.0,0,0.3,1.0,0.0,1.0,0.7,1.0,1.0,0.25,1.0,0.25
inter_1.0,1.075018733386949,0.09695847366930123,1.0,1.023268679555772,0.5337342046831541,10,73,400,100,2,100,0.0,0,0.3,1.0,0.0,1.0,0.7,1.0,1.0,0.25,1.0,0.25
inter_1.0,0.9149836981864143,0.10682353515332153,1.0,1.0776937789699768,-1.5231669739259996,11,74,400,100,2,100,0.0,0,0.3,1.0,0.0,1.0,0.7,1.0,1.0,0.25,1.0,0.25
inter_1.0,1.0046765955840402,0.09403381112342948,1.0,0.9984448298966881,0.0662715422559254,12,75,400,100,2,100,0.0,0,0.3,1.0,0.0,1.0,0.7,1.0,1.0,0.25,1.0,0.25
inter_1.0,1.0298241520522975,0.12779495712804656,1.0,0.999437559445256,0.23777614774419498,13,76,400,100,2,100,0.0,0,0.3,1.0,0.0,1.0,0.7,1.0,1.0,0.25,1.0,0.25
inter_1.0,1.3299336490703917,0.11813935992937223,1.0,1.11994914219454,1.7774305447514498,14,77,400,100,2,100,0.0,0,0.3,1.0,0.0,1.0,0.7,1.0,1.0,0.25,1.0,0.25
inter_1.0,1.0692742948973182,0.10845209937237262,1.0,1.0130443269880915,0.5184774498109053,15,78,400,100,2,100,0.0,0,0.3,1.0,0.0,1.0,0.7,1.0,1.0,0.25,1.0,0.25
inter_1.0,0.996412745187404,0.09827834615491822,1.0,0.9832875522353944,0.13355121922096672,16,79,400,100,2,100,0.0,0,0.3,1.0,0.0,1.0,0.7,1.0,1.0,0.25,1.0,0.25
inter_1.0,1.0564183341445825,0.08852390061870455,1.0,0.9951212370852118,0.6924355640788269,17,80,400,100,2,100,0.0,0,0.3,1.0,0.0,1.0,0.7,1.0,1.0,0.25,1.0,0.25
inter_1.0,1.0683927345408426,0.10425753017137494,1.0,1.0785163460282923,-0.09710196923722271,18,81,400,100,2,100,0.0,0,0.3,1.0,0.0,1.0,0.7,1.0,1.0,0.25,1.0,0.25
inter_1.0,1.1534231593154478,0.11880784275213352,1.0,1.1253892688398965,0.23595993182064445,19,82,400,100,2,100,0.0,0,0.3,1.0,0.0,1.0,0.7,1.0,1.0,0.25,1.0,0.25
inter_1.0,1.0575522332015719,0.10023481306058027,1.0,0.9661510469833716,0.9118706707514772,20,83,400,100,2,100,0.0,0,0.3,1.0,0.0,1.0,0.7,1.0,1.0,0.25,1.0,0.25
inter_1.0,1.09899516256321,0.10483488611992996,1.0,1.060451594701085,0.3676597484737233,21,84,400,100,2,100,0.0,0,0.3,1.0,0.0,1.0,0.7,1.0,1.0,0.25,1.0,0.25
inter_1.0,1.0699250687440534,0.12593613117472877,1.0,1.0174900702093093,0.41636183393623316,22,85,400,100,2,100,0.0,0,0.3,1.0,0.0,1.0,0.7,1.0,1.0,0.25,1.0,0.25
inter_1.0,0.9725922583535986,0.10886739992712172,1.0,1.0394455075934248,-0.6140795985260898,23,86,400,100,2,100,0.0,0,0.3,1.0,0.0,1.0,0.7,1.0,1.0,0.25,1.0,0.25
inter_1.0,0.8992423644972452,0.10880576626671565,1.0,0.9839027609162175,-0.7780874058774082,24,87,400,100,2,100,0.0,0,0.3,1.0,0.0,1.0,0.7,1.0,1.0,0.25,1.0,0.25
inter_1.0,0.8228931409636094,0.10217536278736827,1.0,0.9463520279067295,-1.2083038765425649,25,88,400,100,2,100,0.0,0,0.3,1.0,0.0,1.0,0.7,1.0,1.0,0.25,1.0,0.25
inter_1.0,0.954829011996429,0.1596432645427806,1.0,1.0331921137105056,-0.4908638140074937,26,89,400,100,2,100,0.0,0,0.3,1.0,0.0,1.0,0.7,1.0,1.0,0.25,1.0,0.25
inter_1.0,0.8992293253169927,0.10669975662976657,1.0,0.9639590468932369,-0.6066529448689122,27,90,400,100,2,100,0.0,0,0.3,1.0,0.0,1.0,0.7,1.0,1.0,0.25,1.0,0.25
inter_1.0,1.1957620317750322,0.1112461953928212,1.0,1.0331580323532321,1.461658970427073,28,91,400,100,2,100,0.0,0,0.3,1.0,0.0,1.0,0.7,1.0,1.0,0.25,1.0,0.25
inter_1.0,1.1725361078256595,0.09574982951149869,1.0,1.1077967696027948,0.6761300626137418,29,92,400,100,2,100,0.0,0,0.3,1.0,0.0,1.0,0.7,1.0,1.0,0.25,1.0,0.25
inter_1.0,0.9610248636937541,0.12170723527428326,1.0,0.9622506075790043,-0.010071249112576034,30,93,400,100,2,100,0.0,0,0.3,1.0,0.0,1.0,0.7,1.0,1.0,0.25,1.0,0.25
inter_1.0,0.9753313075758767,0.12171199846319249,1.0,0.984490835894349,-0.07525575484854362,31,94,400,100,2,100,0.0,0,0.3,1.0,0.0,1.0,0.7,1.0,1.0,0.25,1.0,0.25
inter_1.0,0.9785119571224637,0.13354088884117365,1.0,1.116652505164954,-1.0344438264656697,32,95,400,100,2,100,0.0,0,0.3,1.0,0.0,1.0,0.7,1.0,1.0,0.25,1.0,0.25
inter_1.0,1.1025877284753516,0.10634105258576074,1.0,0.953873534662514,1.398464564688263,33,96,400,100,2,100,0.0,0,0.3,1.0,0.0,1.0,0.7,1.0,1.0,0.25,1.0,0.25
inter_1.0,0.9945630740347826,0.13548949874852317,1.0,0.972192903303559,0.1651063066721061,34,97,400,100,2,100,0.0,0,0.3,1.0,0.0,1.0,0.7,1.0,1.0,0.25,1.0,0.25
inter_1.0,1.0515962721004792,0.11097362814760835,1.0,1.0671308194370814,-0.13998413493284526,35,98,400,100,2,100,0.0,0,0.3,1.0,0.0,1.0,0.7,1.0,1.0,0.25,1.0,0.25
inter_1.0,0.9784264528605398,0.1251142590801947,1.0,1.0229462949632768,-0.3558334791736337,36,99,400,100,2,100,0.0,0,0.3,1.0,0.0,1.0,0.7,1.0,1.0,0.25,1.0,0.25
inter_1.0,1.1132509329119948,0.11955629786563321,1.0,0.9746234322671767,1.159516504940782,37,100,400,100,2,100,0.0,0,0.3,1.0,0.0,1.0,0.7,1.0,1.0,0.25,1.0,0.25
inter_1.0,0.8475008547435581,0.10105060180334971,1.0,0.9601577332985536,-1.1148560873910704,38,101,400,100,2,100,0.0,0,0.3,1.0,0.0,1.0,0.7,1.0,1.0,0.25,1.0,0.25
inter_1.0,1.19300614183051,0.09838856288856233,1.0,1.0801059925440963,1.147492614708557,39,102,400,100,2,100,0.0,0,0.3,1.0,0.0,1.0,0.7,1.0,1.0,0.25,1.0,0.25
inter_1.0,1.0177218892841033,0.09365011968169108,1.0,0.9618222704001808,0.5968985311916387,40,103,400,100,2,100,0.0,0,0.3,1.0,0.0,1.0,0.7,1.0,1.0,0.25,1.0,0.25
inter_1.0,1.0782635306462516,0.1242411668515668,1.0,1.0462296280465464,0.25783645961709833,41,104,400,100,2,100,0.0,0,0.3,1.0,0.0,1.0,0.7,1.0,1.0,0.25,1.0,0.25
inter_1.0,0.9828096676522006,0.1355397929106249,1.0,1.0275199439210831,-0.32986826457942564,42,105,400,100,2,100,0.0,0,0.3,1.0,0.0,1.0,0.7,1.0,1.0,0.25,1.0,0.25
inter_1.0,1.1081676135216456,0.1059129395805717,1.0,1.0316969256675472,0.7220145919557303,43,106,400,100,2,100,0.0,0,0.3,1.0,0.0,1.0,0.7,1.0,1.0,0.25,1.0,0.25
inter_1.0,1.022987085892863,0.09616163850001652,1.0,1.1022698223535243,-0.824473643516877,44,107,400,100,2,100,0.0,0,0.3,1.0,0.0,1.0,0.7,1.0,1.0,0.25,1.0,0.25
inter_1.0,1.020964417440032,0.11131720215064883,1.0,1.0564102459286833,-0.31842184140310414,45,108,400,100,2,100,0.0,0,0.3,1.0,0.0,1.0,0.7,1.0,1.0,0.25,1.0,0.25
inter_1.0,0.8530576887882566,0.14568370126593383,1.0,0.940645905747975,-0.6012217989974953,46,109,400,100,2,100,0.0,0,0.3,1.0,0.0,1.0,0.7,1.0,1.0,0.25,1.0,0.25
inter_1.0,0.997887103586525,0.1266231355633404,1.0,0.9543465557856419,0.3438593398210624,47,110,400,100,2,100,0.0,0,0.3,1.0,0.0,1.0,0.7,1.0,1.0,0.25,1.0,0.25
inter_1.0,1.033476359811586,0.18255132032902913,1.0,0.96784241990739,0.35953692247143354,48,111,400,100,2,100,0.0,0,0.3,1.0,0.0,1.0,0.7,1.0,1.0,0.25,1.0,0.25
inter_1.0,0.7492954506349037,0.10728353490600381,1.0,0.8693655461244547,-1.119184743444091,49,112,400,100,2,100,0.0,0,0.3,1.0,0.0,1.0,0.7,1.0,1.0,0.25,1.0,0.25
inter_1.0,0.8602123315075464,0.09879243624089101,1.0,0.9345593267401998,-0.7525575647448259,50,113,400,100,2,100,0.0,0,0.3,1.0,0.0,1.0,0.7,1.0,1.0,0.25,1.0,0.25
inter_1.0,1.1193098999633624,0.12801176227147223,1.0,0.9937616194465729,0.9807558171923412,51,114,400,100,2,100,0.0,0,0.3,1.0,0.0,1.0,0.7,1.0,1.0,0.25,1.0,0.25
inter_1.0,0.9515767076524589,0.10319464115679675,1.0,1.0375297475016,-0.8329215440416307,52,115,400,100,2,100,0.0,0,0.3,1.0,0.0,1.0,0.7,1.0,1.0,0.25,1.0,0.25
inter_1.0,1.0708587837133414,0.11327144175561298,1.0,1.083422323181405,-0.11091533111382058,53,116,400,100,2,100,0.0,0,0.3,1.0,0.0,1.0,0.7,1.0,1.0,0.25,1.0,0.25
inter_1.0,0.9655507340231173,0.12211709623415629,1.0,0.9930468709263917,-0.22516205962309518,54,117,400,100,2,100,0.0,0,0.3,1.0,0.0,1.0,0.7,1.0,1.0,0.25,1.0,0.25
inter_1.0,0.8020452148041537,0.09466379433264953,1.0,0.9528123828833519,-1.5926592541748417,55,118,400,100,2,100,0.0,0,0.3,1.0,0.0,1.0,0.7,1.0,1.0,0.25,1.0,0.25
inter_1.0,0.7901049834757671,0.0929244173177864,1.0,0.9372029816303474,-1.5829854240735146,56,119,400,100,2,100,0.0,0,0.3,1.0,0.0,1.0,0.7,1.0,1.0,0.25,1.0,0.25
inter_1.0,1.1581129438556572,0.212980759050307,1.0,1.0822884154817958,0.3560158613011204,57,120,400,100,2,100,0.0,0,0.3,1.0,0.0,1.0,0.7,1.0,1.0,0.25,1.0,0.25
inter_1.0,0.9927619420309138,0.1553659247127421,1.0,0.9386281358732443,0.34842779237312255,58,121,400,100,2,100,0.0,0,0.3,1.0,0.0,1.0,0.7,1.0,1.0,0.25,1.0,0.25
inter_1.0,0.8889062776719785,0.10645394468052372,1.0,0.9391274280550016,-0.47176410919990375,59,122,400,100,2,100,0.0,0,0.3,1.0,0.0,1.0,0.7,1.0,1.0,0.25,1.0,0.25
inter_1.0,1.0180561823227041,0.10066573679177432,1.0,1.0268471636235685,-0.08732843548394667,60,123,400,100,2,100,0.0,0,0.3,1.0,0.0,1.0,0.7,1.0,1.0,0.25,1.0,0.25
inter_1.0,0.8686799579080926,0.10856835700332514,1.0,1.005531097489818,-1.2605066831538585,61,124,400,100,2,100,0.0,0,0.3,1.0,0.0,1.0,0.7,1.0,1.0,0.25,1.0,0.25
inter_1.0,1.107675347265118,0.09887269078213758,1.0,1.0986488367701122,0.09129427371300528,62,125,400,100,2,100,0.0,0,0.3,1.0,0.0,1.0,0.7,1.0,1.0,0.25,1.0,0.25
inter_1.0,1.12367809782616,0.10266785212409266,1.0,1.038388074012169,0.8307373929562945,63,126,400,100,2,100,0.0,0,0.3,1.0,0.0,1.0,0.7,1.0,1.0,0.25,1.0,0.25
inter_1.0,0.8684719887560834,0.11913749443187957,1.0,0.9952482348627356,-1.0641171086499581,64,127,400,100,2,100,0.0,0,0.3,1.0,0.0,1.0,0.7,1.0,1.0,0.25,1.0,0.25
inter_1.0,1.1822919441515731,0.10098209050874497,1.0,1.0483616530682909,1.3262776637772615,65,128,400,100,2,100,0.0,0,0.3,1.0,0.0,1.0,0.7,1.0,1.0,0.25,1.0,0.25
inter_1.0,0.9626791807716355,0.1628303499633619,1.0,0.9792822250071336,-0.10196529233790808,66,129,400,100,2,100,0.0,0,0.3,1.0,0.0,1.0,0.7,1.0,1.0,0.25,1.0,0.25
inter_1.0,1.04717505179266,0.09907811645056241,1.0,1.0011044569930234,0.46499263863806495,67,130,400,100,2,100,0.0,0,0.3,1.0,0.0,1.0,0.7,1.0,1.0,0.25,1.0,0.25
inter_1.0,1.001689607798219,0.09711547875511174,1.0,1.0494295764588693,-0.4915793988003947,68,131,400,100,2,100,0.0,0,0.3,1.0,0.0,1.0,0.7,1.0,1.0,0.25,1.0,0.25
inter_1.0,1.038394327648535,0.12464436459776689,1.0,0.9888933881857079,0.39713740466782343,69,132,400,100,2,100,0.0,0,0.3,1.0,0.0,1.0,0.7,1.0,1.0,0.25,1.0,0.25
inter_1.0,0.9209270461356461,0.09721987189738789,1.0,0.9838998722992067,-0.6477361565547646,70,133,400,100,2,100,0.0,0,0.3,1.0,0.0,1.0,0.7,1.0,1.0,0.25,1.0,0.25
inter_1.0,1.071512899645421,0.11973276651650487,1.0,1.0628590551928798,0.07227632589069373,71,134,400,100,2,100,0.0,0,0.3,1.0,0.0,1.0,0.7,1.0,1.0,0.25,1.0,0.25
inter_1.0,1.0363279464468491,0.10090827049552123,1.0,0.9425672543925089,0.9291675656902847,72,135,400,100,2,100,0.0,0,0.3,1.0,0.0,1.0,0.7,1.0,1.0,0.25,1.0,0.25
inter_1.0,0.9983261932866133,0.11318669823685867,1.0,1.0219238503617496,-0.20848436647347862,73,136,400,100,2,100,0.0,0,0.3,1.0,0.0,1.0,0.7,1.0,1.0,0.25,1.0,0.25
inter_1.0,0.9767030717132613,0.12164171377708942,1.0,0.959954178286324,0.1376903769839181,74,137,400,100,2,100,0.0,0,0.3,1.0,0.0,1.0,0.7,1.0,1.0,0.25,1.0,0.25
inter_1.0,0.8863927916231444,0.11810154245393907,1.0,0.9832713591610431,-0.8202989184132157,75,138,400,100,2,100,0.0,0,0.3,1.0,0.0,1.0,0.7,1.0,1.0,0.25,1.0,0.25
inter_1.0,1.1729066409017002,0.11165997987491773,1.0,0.9966329034359773,1.5786653164650923,76,139,400,100,2,100,0.0,0,0.3,1.0,0.0,1.0,0.7,1.0,1.0,0.25,1.0,0.25
inter_1.0,0.9946613732590829,0.096713667506119,1.0,0.888571891609677,1.096944045087461,77,140,400,100,2,100,0.0,0,0.3,1.0,0.0,1.0,0.7,1.0,1.0,0.25,1.0,0.25
inter_1.0,0.943854580968695,0.10785969751529417,1.0,0.9791484829393822,-0.32722047978748126,78,141,400,100,2,100,0.0,0,0.3,1.0,0.0,1.0,0.7,1.0,1.0,0.25,1.0,0.25
inter_1.0,0.9715770314190297,0.09908626730641719,1.0,1.000252595354972,-0.2893999816065837,79,142,400,100,2,100,0.0,0,0.3,1.0,0.0,1.0,0.7,1.0,1.0,0.25,1.0,0.25
inter_1.0,0.9111261817430354,0.13460333374759129,1.0,0.9533859848235828,-0.31395807149764354,80,143,400,100,2,100,0.0,0,0.3,1.0,0.0,1.0,0.7,1.0,1.0,0.25,1.0,0.25
inter_1.0,1.0249005016622563,0.1133332380854378,1.0,0.976893496860935,0.4235915748311244,81,144,400,100,2,100,0.0,0,0.3,1.0,0.0,1.0,0.7,1.0,1.0,0.25,1.0,0.25
inter_1.0,0.9303691661905642,0.1266054211471154,1.0,0.9569054534854707,-0.2095983493793002,82,145,400,100,2,100,0.0,0,0.3,1.0,0.0,1.0,0.7,1.0,1.0,0.25,1.0,0.25
inter_1.0,1.0721986245095845,0.10899858742451839,1.0,1.0472452597853665,0.22893291843344454,83,146,400,100,2,100,0.0,0,0.3,1.0,0.0,1.0,0.7,1.0,1.0,0.25,1.0,0.25
inter_1.0,0.9605778605422174,0.1314473376016676,1.0,1.0160241010591768,-0.4218133400691718,84,147,400,100,2,100,0.0,0,0.3,1.0,0.0,1.0,0.7,1.0,1.0,0.25,1.0,0.25
inter_1.0,0.7979273763024707,0.10850471137122715,1.0,0.9432502668766611,-1.3393233228094334,85,148,400,100,2,100,0.0,0,0.3,1.0,0.0,1.0,0.7,1.0,1.0,0.25,1.0,0.25
inter_1.0,0.9630708851408613,0.12225353822813474,1.0,0.9621903587840366,0.0072024611278042674,86,149,400,100,2,100,0.0,0,0.3,1.0,0.0,1.0,0.7,1.0,1.0,0.25,1.0,0.25
inter_1.0,0.9429602552002418,0.10608478608422225,1.0,1.0122367289355203,-0.6530293013013087,87,150,400,100,2,100,0.0,0,0.3,1.0,0.0,1.0,0.7,1.0,1.0,0.25,1.0,0.25
inter_1.0,1.0918717809843805,0.10438093306977604,1.0,1.0462881393852919,0.4367046764050016,88,151,400,100,2,100,0.0,0,0.3,1.0,0.0,1.0,0.7,1.0,1.0,0.25,1.0,0.25
inter_1.0,1.1107221804513008,0.10621347149520423,1.0,1.0643473470066502,0.4366191293045578,89,152,400,100,2,100,0.0,0,0.3,1.0,0.0,1.0,0.7,1.0,1.0,0.25,1.0,0.25
inter_1.0,0.8530368648141644,0.1161998902821953,1.0,0.9606052122354438,-0.9257181496475264,90,153,400,100,2,100,0.0,0,0.3,1.0,0.0,1.0,0.7,1.0,1.0,0.25,1.0,0.25
inter_1.0,0.8734588294458219,0.10495480500981953,1.0,1.0549449373613242,-1.729183412789177,91,154,400,100,2,100,0.0,0,0.3,1.0,0.0,1.0,0.7,1.0,1.0,0.25,1.0,0.25
inter_1.0,1.0148437617694057,0.10574155575866416,1.0,1.0032387414875075,0.10974890806774769,92,155,400,100,2,100,0.0,0,0.3,1.0,0.0,1.0,0.7,1.0,1.0,0.25,1.0,0.25
inter_1.0,0.8316684042449334,0.11888249101759107,1.0,0.8435526849216043,-0.09996661892719248,93,156,400,100,2,100,0.0,0,0.3,1.0,0.0,1.0,0.7,1.0,1.0,0.25,1.0,0.25
inter_1.0,1.2815397516109,0.110770055178475,1.0,1.1251808449226113,1.4115629574830486,94,157,400,100,2,100,0.0,0,0.3,1.0,0.0,1.0,0.7,1.0,1.0,0.25,1.0,0.25
inter_1.0,0.8594206310760714,0.11245471809055253,1.0,0.9637685661909401,-0.9279106905131723,95,158,400,100,2,100,0.0,0,0.3,1.0,0.0,1.0,0.7,1.0,1.0,0.25,1.0,0.25
inter_1.0,0.9679765558183742,0.10997608471227592,1.0,0.9838813842489297,-0.14462079162180033,96,159,400,100,2,100,0.0,0,0.3,1.0,0.0,1.0,0.7,1.0,1.0,0.25,1.0,0.25
inter_1.0,1.042262826016069,0.09952200990269235,1.0,0.9223741139690498,1.2046452052590209,97,160,400,100,2,100,0.0,0,0.3,1.0,0.0,1.0,0.7,1.0,1.0,0.25,1.0,0.25
inter_1.0,1.0260044305796383,0.0948267695629364,1.0,0.9933149082652903,0.3447288404425922,98,161,400,100,2,100,0.0,0,0.3,1.0,0.0,1.0,0.7,1.0,1.0,0.25,1.0,0.25
inter_1.0,1.0292166307268191,0.10144176059515599,1.0,0.9607897310532771,0.6745436915929226,99,162,400,100,2,100,0.0,0,0.3,1.0,0.0,1.0,0.7,1.0,1.0,0.25,1.0,0.25
hete_0.15,0.9721198470505583,0.05369024512750707,1.0,1.0000597602469545,-0.5203908667215562,0,64,400,100,2,100,0.0,0,0.3,0.0,0.15,1.0,0.7,1.0,1.0,0.25,1.0,0.25
hete_0.15,1.0955398907611977,0.05661089875175048,1.0,1.0016284770594979,1.6588928240393994,1,65,400,100,2,100,0.0,0,0.3,0.0,0.15,1.0,0.7,1.0,1.0,0.25,1.0,0.25
hete_0.15,1.0185599704250945,0.051626612383297896,1.0,0.9870940911099868,0.6094895222156287,2,66,400,100,2,100,0.0,0,0.3,0.0,0.15,1.0,0.7,1.0,1.0,0.25,1.0,0.25
hete_0.15,1.004633450531881,0.05122852399261312,1.0,1.0089132813697999,-0.08354390297358477,3,67,400,100,2,100,0.0,0,0.3,0.0,0.15,1.0,0.7,1.0,1.0,0.25,1.0,0.25
hete_0.15,1.0020395271357287,0.04957531504711062,1.0,1.0026009552660584,-0.011324751638918489,4,68,400,100,2,100,0.0,0,0.3,0.0,0.15,1.0,0.7,1.0,1.0,0.25,1.0,0.25
hete_0.15,0.9440448398703951,0.04579098429422399,1.0,0.9952052065035244,-1.1172585045214365,5,69,400,100,2,100,0.0,0,0.3,0.0,0.15,1.0,0.7,1.0,1.0,0.25,1.0,0.25
hete_0.15,1.064056347720022,0.059425568478336764,1.0,0.9997623755186446,1.0819243946284742,6,70,400,100,2,100,0.0,0,0.3,0.0,0.15,1.0,0.7,1.0,1.0,0.25,1.0,0.25
hete_0.15,0.918533474120767,0.05039512648712505,1.0,1.017700378081656,-1.9677875793450816,7,71,400,100,2,100,0.0,0,0.3,0.0,0.15,1.0,0.7,1.0,1.0,0.25,1.0,0.25
hete_0.15,0.9552003073730277,0.05225956032691703,1.0,1.0011476898214517,-0.8792148682651305,8,72,400,100,2,100,0.0,0,0.3,0.0,0.15,1.0,0.7,1.0,1.0,0.25,1.0,0.25
hete_0.15,1.0428164476444781,0.05072657014381745,1.0,1.0034903019333656,0.7752573375179309,9,73,400,100,2,100,0.0,0,0.3,0.0,0.15,1.0,0.7,1.0,1.0,0.25,1.0,0.25
hete_0.15,0.9119411811451168,0.05000011695295077,1.0,1.0116540668454965,-1.9942530493320205,10,74,400,100,2,100,0.0,0,0.3,0.0,0.15,1.0,0.7,1.0,1.0,0.25,1.0,0.25
hete_0.15,1.0109568499178136,0.05039144672737207,1.0,0.9997667244845033,0.2220639842680281,11,75,400,100,2,100,0.0,0,0.3,0.0,0.15,1.0,0.7,1.0,1.0,0.25,1.0,0.25
hete_0.15,1.0692973157792256,0.05429752778113986,1.0,0.9999156339167884,1.2778055410201714,12,76,400,100,2,100,0.0,0,0.3,0.0,0.15,1.0,0.7,1.0,1.0,0.25,1.0,0.25
hete_0.15,1.0464717563582677,0.05280238354861598,1.0,1.0179923713291812,0.539357944000106,13,77,400,100,2,100,0.0,0,0.3,0.0,0.15,1.0,0.7,1.0,1.0,0.25,1.0,0.25
hete_0.15,1.006532195401735,0.05154457872285011,1.0,1.0019566490482137,0.0887687215007334,14,78,400,100,2,100,0.0,0,0.3,0.0,0.15,1.0,0.7,1.0,1.0,0.25,1.0,0.25
hete_0.15,1.0153131980049348,0.05252549647641053,1.0,0.997493132835309,0.33926504964363047,15,79,400,100,2,100,0.0,0,0.3,0.0,0.15,1.0,0.7,1.0,1.0,0.25,1.0,0.25
hete_0.15,1.0357702232392478,0.05118241468411603,1.0,0.9992681855627817,0.7131753728648161,16,80,400,100,2,100,0.0,0,0.3,0.0,0.15,1.0,0.7,1.0,1.0,0.25,1.0,0.25
hete_0.15,0.978931426626415,0.05007176878862857,1.0,1.0117774519042437,-0.6559789292941491,17,81,400,100,2,100,0.0,0,0.3,0.0,0.15,1.0,0.7,1.0,1.0,0.25,1.0,0.25
hete_0.15,1.1042632239640853,0.0525597125780444,1.0,1.0188083903259846,1.625861890154199,18,82,400,100,2,100,0.0,0,0.3,0.0,0.15,1.0,0.7,1.0,1.0,0.25,1.0,0.25
hete_0.15,1.023321698077529,0.05264356886550885,1.0,0.9949226570475056,0.5394588862805995,19,83,400,100,2,100,0.0,0,0.3,0.0,0.15,1.0,0.7,1.0,1.0,0.25,1.0,0.25
hete_0.15,1.0285456996803828,0.0575541911724636,1.0,1.0090677392051626,0.3384281853054571,20,84,400,100,2,100,0.0,0,0.3,0.0,0.15,1.0,0.7,1.0,1.0,0.25,1.0,0.25
hete_0.15,0.9864285530579349,0.05401970891459329,1.0,1.0026235105313963,-0.29979719992690335,21,85,400,100,2,100,0.0,0,0.3,0.0,0.15,1.0,0.7,1.0,1.0,0.25,1.0,0.25
hete_0.15,0.9876127553456108,0.05442478765732329,1.0,1.005916826139014,-0.3363186441562564,22,86,400,100,2,100,0.0,0,0.3,0.0,0.15,1.0,0.7,1.0,1.0,0.25,1.0,0.25
hete_0.15,0.9658568167751597,0.05112524550644725,1.0,0.9975854141374327,-0.6206052811672439,23,87,400,100,2,100,0.0,0,0.3,0.0,0.15,1.0,0.7,1.0,1.0,0.25,1.0,0.25
hete_0.15,0.9209496713454283,0.059509858636837644,1.0,0.9919528041860094,-1.1931322719800403,24,88,400,100,2,100,0.0,0,0.3,0.0,0.15,1.0,0.7,1.0,1.0,0.25,1.0,0.25
hete_0.15,1.037924322647862,0.05690324383476755,1.0,1.0049788170565759,0.578974121175789,25,89,400,100,2,100,0.0,0,0.3,0.0,0.15,1.0,0.7,1.0,1.0,0.25,1.0,0.25
hete_0.15,0.880732945165144,0.04597337134269367,1.0,0.9945938570339855,-2.476670919348117,26,90,400,100,2,100,0.0,0,0.3,0.0,0.15,1.0,0.7,1.0,1.0,0.25,1.0,0.25
hete_0.15,1.0228554156042093,0.054429101771783124,1.0,1.004973704852985,0.3285321669683424,27,91,400,100,2,100,0.0,0,0.3,0.0,0.15,1.0,0.7,1.0,1.0,0.25,1.0,0.25
hete_0.15,1.089455518238582,0.04592528165557341,1.0,1.0161695154404193,1.5957659954660053,28,92,400,100,2,100,0.0,0,0.3,0.0,0.15,1.0,0.7,1.0,1.0,0.25,1.0,0.25
hete_0.15,1.0515517833555832,0.05021532248014378,1.0,0.9943375911368506,1.1393771739961704,29,93,400,100,2,100,0.0,0,0.3,0.0,0.15,1.0,0.7,1.0,1.0,0.25,1.0,0.25
hete_0.15,0.9740977514201771,0.04976822729188359,1.0,0.9976736253841523,-0.4737133558265205,30,94,400,100,2,100,0.0,0,0.3,0.0,0.15,1.0,0.7,1.0,1.0,0.25,1.0,0.25
hete_0.15,0.9654718274969267,0.05898616689109447,1.0,1.017497875774743,-0.8820042226827767,31,95,400,100,2,100,0.0,0,0.3,0.0,0.15,1.0,0.7,1.0,1.0,0.25,1.0,0.25
hete_0.15,1.025055730100835,0.05252900323956057,1.0,0.993081030199377,0.6087056279297,32,96,400,100,2,100,0.0,0,0.3,0.0,0.15,1.0,0.7,1.0,1.0,0.25,1.0,0.25
hete_0.15,0.9615676220804684,0.05017374369865483,1.0,0.9958289354955338,-0.6828534386598679,33,97,400,100,2,100,0.0,0,0.3,0.0,0.15,1.0,0.7,1.0,1.0,0.25,1.0,0.25
hete_0.15,1.0067937295662561,0.05541749241657306,1.0,1.0100696229155621,-0.05911298412207334,34,98,400,100,2,100,0.0,0,0.3,0.0,0.15,1.0,0.7,1.0,1.0,0.25,1.0,0.25
hete_0.15,0.907197168076934,0.0595710532789368,1.0,1.0034419442444915,-1.6156299220847903,35,99,400,100,2,100,0.0,0,0.3,0.0,0.15,1.0,0.7,1.0,1.0,0.25,1.0,0.25
hete_0.15,1.052790399516213,0.053553344369182666,1.0,0.9961935148400766,1.0568319372544186,36,100,400,100,2,100,0.0,0,0.3,0.0,0.15,1.0,0.7,1.0,1.0,0.25,1.0,0.25
hete_0.15,0.8947874283530021,0.055275932450592966,1.0,0.994023659994783,-1.7952882428619514,37,101,400,100,2,100,0.0,0,0.3,0.0,0.15,1.0,0.7,1.0,1.0,0.25,1.0,0.25
hete_0.15,1.0102294289875877,0.05235397646574703,1.0,1.0120158988816144,-0.03412290745852809,38,102,400,100,2,100,0.0,0,0.3,0.0,0.15,1.0,0.7,1.0,1.0,0.25,1.0,0.25
hete_0.15,1.0268488646973162,0.04562484709560795,1.0,0.9942733405600273,0.7139864834840135,39,103,400,100,2,100,0.0,0,0.3,0.0,0.15,1.0,0.7,1.0,1.0,0.25,1.0,0.25
hete_0.15,1.0267530462696988,0.05732087882433172,1.0,1.006934444206982,0.34574839864988305,40,104,400,100,2,100,0.0,0,0.3,0.0,0.15,1.0,0.7,1.0,1.0,0.25,1.0,0.25
hete_0.15,1.0015696026933125,0.058093455154832295,1.0,1.0041279915881625,-0.04403919319364375,41,105,400,100,2,100,0.0,0,0.3,0.0,0.15,1.0,0.7,1.0,1.0,0.25,1.0,0.25
hete_0.15,1.0732801892281036,0.04648475251836093,1.0,1.004754538850132,1.4741532796351842,42,106,400,100,2,100,0.0,0,0.3,0.0,0.15,1.0,0.7,1.0,1.0,0.25,1.0,0.25
hete_0.15,0.9211492584701187,0.05378338244560947,1.0,1.0153404733530287,-1.7513070134286264,43,107,400,100,2,100,0.0,0,0.3,0.0,0.15,1.0,0.7,1.0,1.0,0.25,1.0,0.25
hete_0.15,1.0228261963074228,0.05103181126802874,1.0,1.0084615368893024,0.28148441258873724,44,108,400,100,2,100,0.0,0,0.3,0.0,0.15,1.0,0.7,1.0,1.0,0.25,1.0,0.25
hete_0.15,0.9930609321309462,0.05660364223423362,1.0,0.9910968858621962,0.034698231266150965,45,109,400,100,2,100,0.0,0,0.3,0.0,0.15,1.0,0.7,1.0,1.0,0.25,1.0,0.25
hete_0.15,0.9654226400490987,0.05690112129002674,1.0,0.9931519833678462,-0.4873250770825786,46,110,400,100,2,100,0.0,0,0.3,0.0,0.15,1.0,0.7,1.0,1.0,0.25,1.0,0.25
hete_0.15,0.9756096216313415,0.059100420699624255,1.0,0.9951763629861086,-0.33107617717671345,47,111,400,100,2,100,0.0,0,0.3,0.0,0.15,1.0,0.7,1.0,1.0,0.25,1.0,0.25
hete_0.15,0.9064964457388864,0.048896211768145056,1.0,0.9804048319186682,-1.5115360373977211,48,112,400,100,2,100,0.0,0,0.3,0.0,0.15,1.0,0.7,1.0,1.0,0.25,1.0,0.25
hete_0.15,0.9459543200957963,0.04526620875886658,1.0,0.9901838990110301,-0.9770992563314747,49,113,400,100,2,100,0.0,0,0.3,0.0,0.15,1.0,0.7,1.0,1.0,0.25,1.0,0.25
hete_0.15,1.044461942862192,0.062482370797972135,1.0,0.9990642429169858,0.7265681401877845,50,114,400,100,2,100,0.0,0,0.3,0.0,0.15,1.0,0.7,1.0,1.0,0.25,1.0,0.25
hete_0.15,1.0078715960297444,0.05141342268454081,1.0,1.0056294621252402,0.043609893826002805,51,115,400,100,2,100,0.0,0,0.3,0.0,0.15,1.0,0.7,1.0,1.0,0.25,1.0,0.25
hete_0.15,1.0210145312941423,0.05195575047461489,1.0,1.0125133484772109,0.16362352077052691,52,116,400,100,2,100,0.0,0,0.3,0.0,0.15,1.0,0.7,1.0,1.0,0.25,1.0,0.25
hete_0.15,0.9906614532301313,0.05545200645859227,1.0,0.9989570306389589,-0.14959922893001437,53,117,400,100,2,100,0.0,0,0.3,0.0,0.15,1.0,0.7,1.0,1.0,0.25,1.0,0.25
hete_0.15,0.9056115333216684,0.05208252944770479,1.0,0.9929218574325027,-1.6763840972528252,54,118,400,100,2,100,0.0,0,0.3,0.0,0.15,1.0,0.7,1.0,1.0,0.25,1.0,0.25
hete_0.15,0.9296609386471161,0.05315390932055485,1.0,0.9905804472445522,-1.1460964842689052,55,119,400,100,2,100,0.0,0,0.3,0.0,0.15,1.0,0.7,1.0,1.0,0.25,1.0,0.25
hete_0.15,1.0211639282200136,0.059032774854503485,1.0,1.0123432623222692,0.1494198082249122,56,120,400,100,2,100,0.0,0,0.3,0.0,0.15,1.0,0.7,1.0,1.0,0.25,1.0,0.25
hete_0.15,0.9152898900100346,0.059005397796679,1.0,0.9907942203809867,-1.2796173433339988,57,121,400,100,2,100,0.0,0,0.3,0.0,0.15,1.0,0.7,1.0,1.0,0.25,1.0,0.25
hete_0.15,0.9477606517003343,0.054537444157993796,1.0,0.9908691142082502,-0.7904378940647018,58,122,400,100,2,100,0.0,0,0.3,0.0,0.15,1.0,0.7,1.0,1.0,0.25,1.0,0.25
hete_0.15,0.9996473478845402,0.05546375673257268,1.0,1.0040270745435353,-0.07896556088172421,59,123,400,100,2,100,0.0,0,0.3,0.0,0.15,1.0,0.7,1.0,1.0,0.25,1.0,0.25
hete_0.15,0.9457389574668077,0.05664077315096505,1.0,1.0008296646234727,-0.9726333891988255,60,124,400,100,2,100,0.0,0,0.3,0.0,0.15,1.0,0.7,1.0,1.0,0.25,1.0,0.25
hete_0.15,0.9779801952769174,0.04829157662815517,1.0,1.0147973255155167,-0.7623923841230326,61,125,400,100,2,100,0.0,0,0.3,0.0,0.15,1.0,0.7,1.0,1.0,0.25,1.0,0.25
hete_0.15,1.0753639961676917,0.05563552794801538,1.0,1.0057582111018253,1.2511031643467925,62,126,400,100,2,100,0.0,0,0.3,0.0,0.15,1.0,0.7,1.0,1.0,0.25,1.0,0.25
hete_0.15,0.9450715310074813,0.05810120794918177,1.0,0.9992872352294104,-0.9331252504999361,63,127,400,100,2,100,0.0,0,0.3,0.0,0.15,1.0,0.7,1.0,1.0,0.25,1.0,0.25
hete_0.15,1.0491342414439924,0.05036720489058503,1.0,1.0072542479602435,0.8314933015387024,64,128,400,100,2,100,0.0,0,0.3,0.0,0.15,1.0,0.7,1.0,1.0,0.25,1.0,0.25
hete_0.15,0.932153969586082,0.057964958134232816,1.0,0.9968923337510699,-1.1168534619669614,65,129,400,100,2,100,0.0,0,0.3,0.0,0.15,1.0,0.7,1.0,1.0,0.25,1.0,0.25
hete_0.15,0.9813223853727485,0.0524072209805149,1.0,1.0001656685489535,-0.3595550922879683,66,130,400,100,2,100,0.0,0,0.3,0.0,0.15,1.0,0.7,1.0,1.0,0.25,1.0,0.25
hete_0.15,0.9901722922594792,0.04924962202513505,1.0,1.0074144364688304,-0.3500969855271481,67,131,400,100,2,100,0.0,0,0.3,0.0,0.15,1.0,0.7,1.0,1.0,0.25,1.0,0.25
hete_0.15,0.9640930597248859,0.05681122170243972,1.0,0.9983340082278562,-0.6027145249984982,68,132,400,100,2,100,0.0,0,0.3,0.0,0.15,1.0,0.7,1.0,1.0,0.25,1.0,0.25
hete_0.15,0.9977777017152162,0.04725239686229105,1.0,0.9975849808448811,0.00407854168533954,69,133,400,100,2,100,0.0,0,0.3,0.0,0.15,1.0,0.7,1.0,1.0,0.25,1.0,0.25
hete_0.15,1.0012195852927068,0.051262013144026675,1.0,1.0094288582789321,-0.1601433982539935,70,134,400,100,2,100,0.0,0,0.3,0.0,0.15,1.0,0.7,1.0,1.0,0.25,1.0,0.25
hete_0.15,1.0409425667711536,0.05908932425949832,1.0,0.9913850881588764,0.8386875164562589,71,135,400,100,2,100,0.0,0,0.3,0.0,0.15,1.0,0.7,1.0,1.0,0.25,1.0,0.25
hete_0.15,1.0002067047798717,0.05034061187887316,1.0,1.0032885775542624,-0.061220407527148905,72,136,400,100,2,100,0.0,0,0.3,0.0,0.15,1.0,0.7,1.0,1.0,0.25,1.0,0.25
hete_0.15,1.038053047269397,0.05937762311039132,1.0,0.9939931267429486,0.7420290375135898,73,137,400,100,2,100,0.0,0,0.3,0.0,0.15,1.0,0.7,1.0,1.0,0.25,1.0,0.25
hete_0.15,0.9651374086079423,0.0572704375349179,1.0,0.9974907038741564,-0.5649213915379683,74,138,400,100,2,100,0.0,0,0.3,0.0,0.15,1.0,0.7,1.0,1.0,0.25,1.0,0.25
hete_0.15,1.0779584704037295,0.05519504949528389,1.0,0.9994949355153966,1.421568340020008,75,139,400,100,2,100,0.0,0,0.3,0.0,0.15,1.0,0.7,1.0,1.0,0.25,1.0,0.25
hete_0.15,1.065469520916461,0.051456694903115725,1.0,0.9832857837414515,1.5971437211377004,76,140,400,100,2,100,0.0,0,0.3,0.0,0.15,1.0,0.7,1.0,1.0,0.25,1.0,0.25
hete_0.15,1.0041525197811114,0.05151469874022385,1.0,0.9968722724409074,0.14132369048524526,77,141,400,100,2,100,0.0,0,0.3,0.0,0.15,1.0,0.7,1.0,1.0,0.25,1.0,0.25
hete_0.15,0.9520092995984019,0.04864182026459911,1.0,1.0000378893032458,-0.9873929356175535,78,142,400,100,2,100,0.0,0,0.3,0.0,0.15,1.0,0.7,1.0,1.0,0.25,1.0,0.25
hete_0.15,0.9679022472912571,0.05533400701828864,1.0,0.9930078977235374,-0.45371105013201996,79,143,400,100,2,100,0.0,0,0.3,0.0,0.15,1.0,0.7,1.0,1.0,0.25,1.0,0.25
hete_0.15,1.0381322768557475,0.056615695452170454,1.0,0.9965340245291402,0.7347477054618176,80,144,400,100,2,100,0.0,0,0.3,0.0,0.15,1.0,0.7,1.0,1.0,0.25,1.0,0.25
hete_0.15,0.9701693700063919,0.0604693900199063,1.0,0.9935358180228206,-0.3864177893763536,81,145,400,100,2,100,0.0,0,0.3,0.0,0.15,1.0,0.7,1.0,1.0,0.25,1.0,0.25
hete_0.15,1.0113335385488242,0.05934391755272849,1.0,1.007086788967805,0.07156166556152765,82,146,400,100,2,100,0.0,0,0.3,0.0,0.15,1.0,0.7,1.0,1.0,0.25,1.0,0.25
hete_0.15,0.926986208302685,0.052726097109688994,1.0,1.0024036151588767,-1.4303620216625692,83,147,400,100,2,100,0.0,0,0.3,0.0,0.15,1.0,0.7,1.0,1.0,0.25,1.0,0.25
hete_0.15,0.9146042423895073,0.04883292322945582,1.0,0.9914875400314992,-1.5744152214835292,84,148,400,100,2,100,0.0,0,0.3,0.0,0.15,1.0,0.7,1.0,1.0,0.25,1.0,0.25
hete_0.15,1.0023751760312203,0.05532229385827235,1.0,0.9943285538176054,0.14544990188275858,85,149,400,100,2,100,0.0,0,0.3,0.0,0.15,1.0,0.7,1.0,1.0,0.25,1.0,0.25
hete_0.15,1.0356292521816397,0.054066615734151884,1.0,1.0018355093403282,0.6250389890774184,86,150,400,100,2,100,0.0,0,0.3,0.0,0.15,1.0,0.7,1.0,1.0,0.25,1.0,0.25
hete_0.15,1.0109096942734301,0.04622007776910815,1.0,1.0069432209077938,0.08581710713363251,87,151,400,100,2,100,0.0,0,0.3,0.0,0.15,1.0,0.7,1.0,1.0,0.25,1.0,0.25
hete_0.15,1.078235198195484,0.05076737540715284,1.0,1.0096521020509974,1.3509285361800223,88,152,400,100,2,100,0.0,0,0.3,0.0,0.15,1.0,0.7,1.0,1.0,0.25,1.0,0.25
hete_0.15,0.9349149591896567,0.046973622526992415,1.0,0.9940907818353165,-1.2597670663286749,89,153,400,100,2,100,0.0,0,0.3,0.0,0.15,1.0,0.7,1.0,1.0,0.25,1.0,0.25
hete_0.15,0.9033476016058243,0.05101033858533576,1.0,1.0082417406041986,-2.0563309695130867,90,154,400,100,2,100,0.0,0,0.3,0.0,0.15,1.0,0.7,1.0,1.0,0.25,1.0,0.25
hete_0.15,0.9521068854582994,0.05216830086683213,1.0,1.000485811223126,-0.9273624971670366,91,155,400,100,2,100,0.0,0,0.3,0.0,0.15,1.0,0.7,1.0,1.0,0.25,1.0,0.25
hete_0.15,0.8990055046674313,0.0554232073701301,1.0,0.9765329027382407,-1.3988255416735789,92,156,400,100,2,100,0.0,0,0.3,0.0,0.15,1.0,0.7,1.0,1.0,0.25,1.0,0.25
hete_0.15,1.0361516213609507,0.05243906287907648,1.0,1.0187771267383916,0.3313273286867159,93,157,400,100,2,100,0.0,0,0.3,0.0,0.15,1.0,0.7,1.0,1.0,0.25,1.0,0.25
hete_0.15,0.9685074325863566,0.055011558154391065,1.0,0.9945652849286409,-0.47367959055354164,94,158,400,100,2,100,0.0,0,0.3,0.0,0.15,1.0,0.7,1.0,1.0,0.25,1.0,0.25
hete_0.15,0.927267198520043,0.05585557724696764,1.0,0.9975822076373394,-1.2588717650593026,95,159,400,100,2,100,0.0,0,0.3,0.0,0.15,1.0,0.7,1.0,1.0,0.25,1.0,0.25
hete_0.15,1.0412738610856869,0.04922276018257382,1.0,0.9883561170953574,1.0750665707093718,96,160,400,100,2,100,0.0,0,0.3,0.0,0.15,1.0,0.7,1.0,1.0,0.25,1.0,0.25
hete_0.15,0.9953511244719195,0.04670995406213541,1.0,0.9989972362397935,-0.07805856034505607,97,161,400,100,2,100,0.0,0,0.3,0.0,0.15,1.0,0.7,1.0,1.0,0.25,1.0,0.25
hete_0.15,0.984853131600135,0.05308043927344712,1.0,0.9941184596579916,-0.17455258819780528,98,162,400,100,2,100,0.0,0,0.3,0.0,0.15,1.0,0.7,1.0,1.0,0.25,1.0,0.25
hete_0.15,0.9916432217719128,0.05783180848748339,1.0,1.0069251075007617,-0.26424706625172195,99,163,400,100,2,100,0.0,0,0.3,0.0,0.15,1.0,0.7,1.0,1.0,0.25,1.0,0.25
hete_0.3,1.0763262757214065,0.06650132376045959,1.0,1.0032569541189955,1.098764918809881,0,65,400,100,2,100,0.0,0,0.3,0.0,0.3,1.0,0.7,1.0,1.0,0.25,1.0,0.25
hete_0.3,1.011490205564157,0.05641891738410896,1.0,0.9741881822199736,0.6611616293560778,1,66,400,100,2,100,0.0,0,0.3,0.0,0.3,1.0,0.7,1.0,1.0,0.25,1.0,0.25
hete_0.3,1.0324840963768684,0.05867148683096267,1.0,1.0178265627395995,0.24982379736682842,2,67,400,100,2,100,0.0,0,0.3,0.0,0.3,1.0,0.7,1.0,1.0,0.25,1.0,0.25
hete_0.3,1.008671704304041,0.053652496841377066,1.0,1.005201910532117,0.06467161784068157,3,68,400,100,2,100,0.0,0,0.3,0.0,0.3,1.0,0.7,1.0,1.0,0.25,1.0,0.25
hete_0.3,0.9344439462367347,0.04706781779435022,1.0,0.9904104130070488,-1.1890601560251655,4,69,400,100,2,100,0.0,0,0.3,0.0,0.3,1.0,0.7,1.0,1.0,0.25,1.0,0.25
hete_0.3,1.0369671708813561,0.06302254218693695,1.0,0.9995247510372891,0.594111543977481,5,70,400,100,2,100,0.0,0,0.3,0.0,0.3,1.0,0.7,1.0,1.0,0.25,1.0,0.25
hete_0.3,0.9384053068026176,0.05375332262078007,1.0,1.0354007561633118,-1.8044549551844364,6,71,400,100,2,100,0.0,0,0.3,0.0,0.3,1.0,0.7,1.0,1.0,0.25,1.0,0.25
hete_0.3,0.9355503008024173,0.05724026308351723,1.0,1.0022953796429035,-1.1660512241724121,7,72,400,100,2,100,0.0,0,0.3,0.0,0.3,1.0,0.7,1.0,1.0,0.25,1.0,0.25
hete_0.3,1.0508086619697685,0.055933833767081304,1.0,1.0069806038667315,0.7835697135573625,8,73,400,100,2,100,0.0,0,0.3,0.0,0.3,1.0,0.7,1.0,1.0,0.25,1.0,0.25
hete_0.3,0.9098344379039648,0.054549663082434134,1.0,1.023308133690993,-2.080190589180167,9,74,400,100,2,100,0.0,0,0.3,0.0,0.3,1.0,0.7,1.0,1.0,0.25,1.0,0.25
hete_0.3,1.0205644600517787,0.052651056352686736,1.0,0.9995334489690064,0.3994413890178119,10,75,400,100,2,100,0.0,0,0.3,0.0,0.3,1.0,0.7,1.0,1.0,0.25,1.0,0.25
hete_0.3,1.0496105758224519,0.06254114949130762,1.0,0.9998312678335768,0.7959448841885092,11,76,400,100,2,100,0.0,0,0.3,0.0,0.3,1.0,0.7,1.0,1.0,0.25,1.0,0.25
hete_0.3,1.099784544380881,0.05857606294642039,1.0,1.0359847426583622,1.0891787278512817,12,77,400,100,2,100,0.0,0,0.3,0.0,0.3,1.0,0.7,1.0,1.0,0.25,1.0,0.25
hete_0.3,1.0196663981399958,0.05772190172503187,1.0,1.0039132980964274,0.2729137393741985,13,78,400,100,2,100,0.0,0,0.3,0.0,0.3,1.0,0.7,1.0,1.0,0.25,1.0,0.25
hete_0.3,0.9877568334428476,0.0523583538841814,1.0,0.9949862656706183,-0.13807600299586378,14,79,400,100,2,100,0.0,0,0.3,0.0,0.3,1.0,0.7,1.0,1.0,0.25,1.0,0.25
hete_0.3,1.0374006805954161,0.05259453230863235,1.0,0.9985363711255636,0.7389420109640128,15,80,400,100,2,100,0.0,0,0.3,0.0,0.3,1.0,0.7,1.0,1.0,0.25,1.0,0.25
hete_0.3,0.9847744550279594,0.05639209695362088,1.0,1.0235549038084877,-0.6876929725174598,16,81,400,100,2,100,0.0,0,0.3,0.0,0.3,1.0,0.7,1.0,1.0,0.25,1.0,0.25
hete_0.3,1.1132884472316191,0.06033416773177177,1.0,1.037616780651969,1.2542091724222417,17,82,400,100,2,100,0.0,0,0.3,0.0,0.3,1.0,0.7,1.0,1.0,0.25,1.0,0.25
hete_0.3,1.0258092030023227,0.0573240942029333,1.0,0.9898453140950114,0.6273782326153353,18,83,400,100,2,100,0.0,0,0.3,0.0,0.3,1.0,0.7,1.0,1.0,0.25,1.0,0.25
hete_0.3,1.0333728069865125,0.06076723816225749,1.0,1.0181354784103254,0.25074907198351154,19,84,400,100,2,100,0.0,0,0.3,0.0,0.3,1.0,0.7,1.0,1.0,0.25,1.0,0.25
hete_0.3,1.0094865078820252,0.0652748553860436,1.0,1.0052470210627926,0.06494823763545293,20,85,400,100,2,100,0.0,0,0.3,0.0,0.3,1.0,0.7,1.0,1.0,0.25,1.0,0.25
hete_0.3,0.9973512296291954,0.06045170511359866,1.0,1.0118336522780274,-0.2395701266261569,21,86,400,100,2,100,0.0,0,0.3,0.0,0.3,1.0,0.7,1.0,1.0,0.25,1.0,0.25
hete_0.3,0.9614505416036615,0.0582835603560529,1.0,0.9951708282748651,-0.5785557104817756,22,87,400,100,2,100,0.0,0,0.3,0.0,0.3,1.0,0.7,1.0,1.0,0.25,1.0,0.25
hete_0.3,0.896283922839909,0.06378805914203362,1.0,0.9839056083720189,-1.373637742089114,23,88,400,100,2,100,0.0,0,0.3,0.0,0.3,1.0,0.7,1.0,1.0,0.25,1.0,0.25
hete_0.3,1.003324627620353,0.06826696170897713,1.0,1.0099576341131518,-0.09716276111826157,24,89,400,100,2,100,0.0,0,0.3,0.0,0.3,1.0,0.7,1.0,1.0,0.25,1.0,0.25
hete_0.3,0.8557960775180594,0.05359442842913758,1.0,0.989187714067971,-2.4889086507617426,25,90,400,100,2,100,0.0,0,0.3,0.0,0.3,1.0,0.7,1.0,1.0,0.25,1.0,0.25
hete_0.3,1.0327247996074254,0.0612299378921274,1.0,1.0099474097059697,0.37199759930483617,26,91,400,100,2,100,0.0,0,0.3,0.0,0.3,1.0,0.7,1.0,1.0,0.25,1.0,0.25
hete_0.3,1.1036782111148955,0.05160293702383191,1.0,1.0323390308808384,1.3824635640624545,27,92,400,100,2,100,0.0,0,0.3,0.0,0.3,1.0,0.7,1.0,1.0,0.25,1.0,0.25
hete_0.3,1.0280246339206487,0.055397145658228564,1.0,0.9886751822737011,0.710315507764843,28,93,400,100,2,100,0.0,0,0.3,0.0,0.3,1.0,0.7,1.0,1.0,0.25,1.0,0.25
hete_0.3,0.9609694538977043,0.060046597419421185,1.0,0.9953472507683047,-0.5725186496492705,29,94,400,100,2,100,0.0,0,0.3,0.0,0.3,1.0,0.7,1.0,1.0,0.25,1.0,0.25
hete_0.3,0.9591967699577139,0.06804537989820254,1.0,1.034995751549486,-1.11394751128099,30,95,400,100,2,100,0.0,0,0.3,0.0,0.3,1.0,0.7,1.0,1.0,0.25,1.0,0.25
hete_0.3,1.030536249267047,0.05939930824934227,1.0,0.9861620603987542,0.7470489164961623,31,96,400,100,2,100,0.0,0,0.3,0.0,0.3,1.0,0.7,1.0,1.0,0.25,1.0,0.25
hete_0.3,0.9542582179171022,0.062444640050361176,1.0,0.9916578709910678,-0.5989249524667463,32,97,400,100,2,100,0.0,0,0.3,0.0,0.3,1.0,0.7,1.0,1.0,0.25,1.0,0.25
hete_0.3,1.0012969142721915,0.0633885074829096,1.0,1.0201392458311245,-0.29725154144090155,33,98,400,100,2,100,0.0,0,0.3,0.0,0.3,1.0,0.7,1.0,1.0,0.25,1.0,0.25
hete_0.3,0.9137723128337897,0.06678223411057625,1.0,1.006883888488983,-1.394256674627292,34,99,400,100,2,100,0.0,0,0.3,0.0,0.3,1.0,0.7,1.0,1.0,0.25,1.0,0.25
hete_0.3,1.0690755398602843,0.05967542287090696,1.0,0.992387029680153,1.285093703416696,35,100,400,100,2,100,0.0,0,0.3,0.0,0.3,1.0,0.7,1.0,1.0,0.25,1.0,0.25
hete_0.3,0.878343087972566,0.05973858422095336,1.0,0.9880473199895661,-1.8364049541455525,36,101,400,100,2,100,0.0,0,0.3,0.0,0.3,1.0,0.7,1.0,1.0,0.25,1.0,0.25
hete_0.3,1.0290269557293192,0.05749007401437723,1.0,1.024031797763229,0.08688731144860054,37,102,400,100,2,100,0.0,0,0.3,0.0,0.3,1.0,0.7,1.0,1.0,0.25,1.0,0.25
hete_0.3,1.017800671421067,0.04820569333827186,1.0,0.9885466811200543,0.6068575779157428,38,103,400,100,2,100,0.0,0,0.3,0.0,0.3,1.0,0.7,1.0,1.0,0.25,1.0,0.25
hete_0.3,1.0233584513564637,0.06669811311010038,1.0,1.013868888413964,0.14227633286769492,39,104,400,100,2,100,0.0,0,0.3,0.0,0.3,1.0,0.7,1.0,1.0,0.25,1.0,0.25
hete_0.3,0.990014827219841,0.06674246571160014,1.0,1.008255983176325,-0.27330659366565035,40,105,400,100,2,100,0.0,0,0.3,0.0,0.3,1.0,0.7,1.0,1.0,0.25,1.0,0.25
hete_0.3,1.0693726022552015,0.051214012594418816,1.0,1.0095090777002642,1.1688895581960521,41,106,400,100,2,100,0.0,0,0.3,0.0,0.3,1.0,0.7,1.0,1.0,0.25,1.0,0.25
hete_0.3,0.9299502857589995,0.05931416029610467,1.0,1.0306809467060571,-1.6982565452194878,42,107,400,100,2,100,0.0,0,0.3,0.0,0.3,1.0,0.7,1.0,1.0,0.25,1.0,0.25
hete_0.3,1.011395644015629,0.05686255442079095,1.0,1.0169230737786048,-0.09720684938055979,43,108,400,100,2,100,0.0,0,0.3,0.0,0.3,1.0,0.7,1.0,1.0,0.25,1.0,0.25
hete_0.3,0.9616502108291302,0.06750881621252078,1.0,0.9821937717243924,-0.30430930429279285,44,109,400,100,2,100,0.0,0,0.3,0.0,0.3,1.0,0.7,1.0,1.0,0.25,1.0,0.25
hete_0.3,0.9798729806447357,0.06745531849440142,1.0,0.9863039667356926,-0.09533697615690137,45,110,400,100,2,100,0.0,0,0.3,0.0,0.3,1.0,0.7,1.0,1.0,0.25,1.0,0.25
hete_0.3,0.9762396972496855,0.07585363900725543,1.0,0.9903527259722169,-0.18605605356891947,46,111,400,100,2,100,0.0,0,0.3,0.0,0.3,1.0,0.7,1.0,1.0,0.25,1.0,0.25
hete_0.3,0.8679520806654005,0.055565808066293014,1.0,0.9608096638373366,-1.6711280984369368,47,112,400,100,2,100,0.0,0,0.3,0.0,0.3,1.0,0.7,1.0,1.0,0.25,1.0,0.25
hete_0.3,0.919864050098776,0.0527815923088656,1.0,0.98036779802206,-1.1463039532651855,48,113,400,100,2,100,0.0,0,0.3,0.0,0.3,1.0,0.7,1.0,1.0,0.25,1.0,0.25
hete_0.3,1.0376847087965673,0.0719095090768654,1.0,0.998128485833972,0.5500833404426796,49,114,400,100,2,100,0.0,0,0.3,0.0,0.3,1.0,0.7,1.0,1.0,0.25,1.0,0.25
hete_0.3,0.9777857701000336,0.05809539455962948,1.0,1.01125892425048,-0.5761756917941097,50,115,400,100,2,100,0.0,0,0.3,0.0,0.3,1.0,0.7,1.0,1.0,0.25,1.0,0.25
hete_0.3,1.033151345737806,0.058268981293238487,1.0,1.0250266969544215,0.13943351339020874,51,116,400,100,2,100,0.0,0,0.3,0.0,0.3,1.0,0.7,1.0,1.0,0.25,1.0,0.25
hete_0.3,0.9902700706402389,0.06513660007141664,1.0,0.9979140612779176,-0.11735323350156071,52,117,400,100,2,100,0.0,0,0.3,0.0,0.3,1.0,0.7,1.0,1.0,0.25,1.0,0.25
hete_0.3,0.8838273901875718,0.05535904004111459,1.0,0.9858437148650055,-1.8428123862275654,53,118,400,100,2,100,0.0,0,0.3,0.0,0.3,1.0,0.7,1.0,1.0,0.25,1.0,0.25
hete_0.3,0.893155927703945,0.05646287801951461,1.0,0.9811608944891043,-1.5586340950375057,54,119,400,100,2,100,0.0,0,0.3,0.0,0.3,1.0,0.7,1.0,1.0,0.25,1.0,0.25
hete_0.3,1.0529651126347293,0.08429580748163948,1.0,1.0246865246445387,0.3354684987904047,55,120,400,100,2,100,0.0,0,0.3,0.0,0.3,1.0,0.7,1.0,1.0,0.25,1.0,0.25
hete_0.3,0.9225287738960191,0.07329394263260294,1.0,0.9815884407619734,-0.8057919214688709,56,121,400,100,2,100,0.0,0,0.3,0.0,0.3,1.0,0.7,1.0,1.0,0.25,1.0,0.25
hete_0.3,0.9449755177257194,0.0606703350065784,1.0,0.9817382284165004,-0.6059421080631059,57,122,400,100,2,100,0.0,0,0.3,0.0,0.3,1.0,0.7,1.0,1.0,0.25,1.0,0.25
hete_0.3,1.0163222515286707,0.05904214097390712,1.0,1.0080541490870705,0.14003730734043388,58,123,400,100,2,100,0.0,0,0.3,0.0,0.3,1.0,0.7,1.0,1.0,0.25,1.0,0.25
hete_0.3,0.9479401007216709,0.06390740870623286,1.0,1.0016593292469453,-0.8405790441638612,59,124,400,100,2,100,0.0,0,0.3,0.0,0.3,1.0,0.7,1.0,1.0,0.25,1.0,0.25
hete_0.3,1.0087129996349666,0.052521652171507546,1.0,1.0295946510310336,-0.39758176928400385,60,125,400,100,2,100,0.0,0,0.3,0.0,0.3,1.0,0.7,1.0,1.0,0.25,1.0,0.25
hete_0.3,1.0828520745953676,0.06099298099405953,1.0,1.0115164222036506,1.1695715019842172,61,126,400,100,2,100,0.0,0,0.3,0.0,0.3,1.0,0.7,1.0,1.0,0.25,1.0,0.25
hete_0.3,0.9298389862975789,0.06543561702635345,1.0,0.9985744704588206,-1.050429220122725,62,127,400,100,2,100,0.0,0,0.3,0.0,0.3,1.0,0.7,1.0,1.0,0.25,1.0,0.25
hete_0.3,1.0701015983111875,0.0550315453250805,1.0,1.0145084959204873,1.010204275789503,63,128,400,100,2,100,0.0,0,0.3,0.0,0.3,1.0,0.7,1.0,1.0,0.25,1.0,0.25
hete_0.3,0.9372582829756468,0.0727851971934036,1.0,0.9937846675021401,-0.7766192399849151,64,129,400,100,2,100,0.0,0,0.3,0.0,0.3,1.0,0.7,1.0,1.0,0.25,1.0,0.25
hete_0.3,0.9861829736023751,0.056362675518431604,1.0,1.000331337097907,-0.2510236316035987,65,130,400,100,2,100,0.0,0,0.3,0.0,0.3,1.0,0.7,1.0,1.0,0.25,1.0,0.25
hete_0.3,0.9775095343092715,0.05377627585575315,1.0,1.0148288729376609,-0.6939740254325718,66,131,400,100,2,100,0.0,0,0.3,0.0,0.3,1.0,0.7,1.0,1.0,0.25,1.0,0.25
hete_0.3,0.9974662444721717,0.06708332415182379,1.0,0.9966680164557125,0.011899052805622385,67,132,400,100,2,100,0.0,0,0.3,0.0,0.3,1.0,0.7,1.0,1.0,0.25,1.0,0.25
hete_0.3,0.9858298270380342,0.053145990137372964,1.0,0.9951699616897622,-0.1757448610438043,68,133,400,100,2,100,0.0,0,0.3,0.0,0.3,1.0,0.7,1.0,1.0,0.25,1.0,0.25
hete_0.3,0.9984574635777301,0.05815478528673649,1.0,1.0188577165578638,-0.35079233599692167,69,134,400,100,2,100,0.0,0,0.3,0.0,0.3,1.0,0.7,1.0,1.0,0.25,1.0,0.25
hete_0.3,1.0327252057807745,0.06321318761928978,1.0,0.9827701763177527,0.790262781302582,70,135,400,100,2,100,0.0,0,0.3,0.0,0.3,1.0,0.7,1.0,1.0,0.25,1.0,0.25
hete_0.3,1.0026243712920884,0.058554685361102456,1.0,1.0065771551085247,-0.06750585016484761,71,136,400,100,2,100,0.0,0,0.3,0.0,0.3,1.0,0.7,1.0,1.0,0.25,1.0,0.25
hete_0.3,1.0167756991136936,0.06605518780624971,1.0,0.9879862534858972,0.43583928202945066,72,137,400,100,2,100,0.0,0,0.3,0.0,0.3,1.0,0.7,1.0,1.0,0.25,1.0,0.25
hete_0.3,0.935032357238653,0.06357217676526507,1.0,0.9949814077483129,-0.9430076734829573,73,138,400,100,2,100,0.0,0,0.3,0.0,0.3,1.0,0.7,1.0,1.0,0.25,1.0,0.25
hete_0.3,1.072048361580552,0.0614033151421566,1.0,0.9989898710307932,1.1898134551956852,74,139,400,100,2,100,0.0,0,0.3,0.0,0.3,1.0,0.7,1.0,1.0,0.25,1.0,0.25
hete_0.3,1.0470332484041904,0.054477380740025505,1.0,0.9665715674829031,1.4769741097734297,75,140,400,100,2,100,0.0,0,0.3,0.0,0.3,1.0,0.7,1.0,1.0,0.25,1.0,0.25
hete_0.3,0.9950923698198278,0.05762464198270175,1.0,0.9937445448818147,0.023389732094434713,76,141,400,100,2,100,0.0,0,0.3,0.0,0.3,1.0,0.7,1.0,1.0,0.25,1.0,0.25
hete_0.3,0.9655915063099342,0.05280099801822188,1.0,1.0000757786064915,-0.6530988729541947,77,142,400,100,2,100,0.0,0,0.3,0.0,0.3,1.0,0.7,1.0,1.0,0.25,1.0,0.25
hete_0.3,0.9500096769061652,0.06670582150178747,1.0,0.986015795447075,-0.5397747562399019,78,143,400,100,2,100,0.0,0,0.3,0.0,0.3,1.0,0.7,1.0,1.0,0.25,1.0,0.25
hete_0.3,1.0339812671500916,0.06115409607964005,1.0,0.9930680490582805,0.6690184421748379,79,144,400,100,2,100,0.0,0,0.3,0.0,0.3,1.0,0.7,1.0,1.0,0.25,1.0,0.25
hete_0.3,0.957484973215833,0.06966409615169489,1.0,0.9870716360456413,-0.42470461061294396,80,145,400,100,2,100,0.0,0,0.3,0.0,0.3,1.0,0.7,1.0,1.0,0.25,1.0,0.25
hete_0.3,1.0204697761250097,0.06528631901539743,1.0,1.01417357793561,0.09643977918122039,81,146,400,100,2,100,0.0,0,0.3,0.0,0.3,1.0,0.7,1.0,1.0,0.25,1.0,0.25
hete_0.3,0.9246362404288545,0.06049778950447812,1.0,1.004807230317753,-1.325188747317193,82,147,400,100,2,100,0.0,0,0.3,0.0,0.3,1.0,0.7,1.0,1.0,0.25,1.0,0.25
hete_0.3,0.8814292017096526,0.05502956823617584,1.0,0.9829750800629984,-1.8452966579263597,83,148,400,100,2,100,0.0,0,0.3,0.0,0.3,1.0,0.7,1.0,1.0,0.25,1.0,0.25
hete_0.3,1.0054799295856895,0.06500274794574712,1.0,0.988657107635211,0.2588017042682459,84,149,400,100,2,100,0.0,0,0.3,0.0,0.3,1.0,0.7,1.0,1.0,0.25,1.0,0.25
hete_0.3,1.0204074471769635,0.05922794429671454,1.0,1.0036710186806561,0.28257655562824935,85,150,400,100,2,100,0.0,0,0.3,0.0,0.3,1.0,0.7,1.0,1.0,0.25,1.0,0.25
hete_0.3,1.0053522344195385,0.04759381247503756,1.0,1.0138864418155875,-0.17931338029549834,86,151,400,100,2,100,0.0,0,0.3,0.0,0.3,1.0,0.7,1.0,1.0,0.25,1.0,0.25
hete_0.3,1.0714918226947878,0.05860730040683034,1.0,1.019304204101995,0.8904627619857165,87,152,400,100,2,100,0.0,0,0.3,0.0,0.3,1.0,0.7,1.0,1.0,0.25,1.0,0.25
hete_0.3,0.9323415351316898,0.05401679091302814,1.0,0.9881815636706331,-1.0337531644345692,88,153,400,100,2,100,0.0,0,0.3,0.0,0.3,1.0,0.7,1.0,1.0,0.25,1.0,0.25
hete_0.3,0.8877744950816369,0.05526707940316455,1.0,1.0164834812083974,-2.3288544919815455,89,154,400,100,2,100,0.0,0,0.3,0.0,0.3,1.0,0.7,1.0,1.0,0.25,1.0,0.25
hete_0.3,0.9647973415757456,0.0553578552822986,1.0,1.0009716224462522,-0.6534624704305292,90,155,400,100,2,100,0.0,0,0.3,0.0,0.3,1.0,0.7,1.0,1.0,0.25,1.0,0.25
hete_0.3,0.875808603697792,0.06152024301120685,1.0,0.9530658054764813,-1.255801310222649,91,156,400,100,2,100,0.0,0,0.3,0.0,0.3,1.0,0.7,1.0,1.0,0.25,1.0,0.25
hete_0.3,1.0670738956921193,0.05868083321554357,1.0,1.0375542534767834,0.5030542444226339,92,157,400,100,2,100,0.0,0,0.3,0.0,0.3,1.0,0.7,1.0,1.0,0.25,1.0,0.25
hete_0.3,0.9581373742136888,0.06266271827949485,1.0,0.9891305698572822,-0.4946034339805411,93,158,400,100,2,100,0.0,0,0.3,0.0,0.3,1.0,0.7,1.0,1.0,0.25,1.0,0.25
hete_0.3,0.9251942300040855,0.06167831322747875,1.0,0.9951644152746789,-1.134437399617804,94,159,400,100,2,100,0.0,0,0.3,0.0,0.3,1.0,0.7,1.0,1.0,0.25,1.0,0.25
hete_0.3,1.026581004526933,0.055475165902262744,1.0,0.976712234190715,0.8989386426365602,95,160,400,100,2,100,0.0,0,0.3,0.0,0.3,1.0,0.7,1.0,1.0,0.25,1.0,0.25
hete_0.3,0.9916171896189888,0.05241723956783406,1.0,0.9979944724795871,-0.12166384405545223,96,161,400,100,2,100,0.0,0,0.3,0.0,0.3,1.0,0.7,1.0,1.0,0.25,1.0,0.25
hete_0.3,0.9809333654488461,0.05565496371965158,1.0,0.9882369193159832,-0.13122915511951438,97,162,400,100,2,100,0.0,0,0.3,0.0,0.3,1.0,0.7,1.0,1.0,0.25,1.0,0.25
hete_0.3,1.0058159203284371,0.0650628964753224,1.0,1.0138502150015234,-0.12348504460039779,98,163,400,100,2,100,0.0,0,0.3,0.0,0.3,1.0,0.7,1.0,1.0,0.25,1.0,0.25
hete_0.3,0.9972758237456886,0.06440930711806298,1.0,0.9974797642411386,-0.0031663202815736353,99,164,400,100,2,100,0.0,0,0.3,0.0,0.3,1.0,0.7,1.0,1.0,0.25,1.0,0.25
hete_0.5,0.9888532495792309,0.06747780756759938,1.0,0.9569803036999559,0.47234708755681865,0,66,400,100,2,100,0.0,0,0.3,0.0,0.5,1.0,0.7,1.0,1.0,0.25,1.0,0.25
hete_0.5,1.0768165327900419,0.07204473547511847,1.0,1.029710937899333,0.6538381268257604,1,67,400,100,2,100,0.0,0,0.3,0.0,0.5,1.0,0.7,1.0,1.0,0.25,1.0,0.25
hete_0.5,0.9956791558311615,0.06550629186948854,1.0,1.0086698508868617,-0.19831217254034428,2,68,400,100,2,100,0.0,0,0.3,0.0,0.5,1.0,0.7,1.0,1.0,0.25,1.0,0.25
hete_0.5,0.9368937468049185,0.056328295414274726,1.0,0.9840173550117478,-0.8365885716983225,3,69,400,100,2,100,0.0,0,0.3,0.0,0.5,1.0,0.7,1.0,1.0,0.25,1.0,0.25
hete_0.5,1.0094406628729828,0.0785394670220587,1.0,0.9992079183954823,0.13028792867446595,4,70,400,100,2,100,0.0,0,0.3,0.0,0.5,1.0,0.7,1.0,1.0,0.25,1.0,0.25
hete_0.5,0.9650923448765613,0.06205390945756454,1.0,1.0590012602721863,-1.5133440619054714,5,71,400,100,2,100,0.0,0,0.3,0.0,0.5,1.0,0.7,1.0,1.0,0.25,1.0,0.25
hete_0.5,0.9050856703811364,0.07218787793023229,1.0,1.0038256327381725,-1.3678191572893401,6,72,400,100,2,100,0.0,0,0.3,0.0,0.5,1.0,0.7,1.0,1.0,0.25,1.0,0.25
hete_0.5,1.0589018849152634,0.0657991349218461,1.0,1.0116343397778857,0.7183611941634243,7,73,400,100,2,100,0.0,0,0.3,0.0,0.5,1.0,0.7,1.0,1.0,0.25,1.0,0.25
hete_0.5,0.9106956202713493,0.06671037084493768,1.0,1.0388468894849883,-1.9210096959514011,8,74,400,100,2,100,0.0,0,0.3,0.0,0.5,1.0,0.7,1.0,1.0,0.25,1.0,0.25
hete_0.5,1.0140776779249567,0.06161150531748329,1.0,0.9992224149483441,0.24111183292899083,9,75,400,100,2,100,0.0,0,0.3,0.0,0.5,1.0,0.7,1.0,1.0,0.25,1.0,0.25
hete_0.5,1.0338594672470258,0.08134645884530024,1.0,0.999718779722628,0.41969482149585013,10,76,400,100,2,100,0.0,0,0.3,0.0,0.5,1.0,0.7,1.0,1.0,0.25,1.0,0.25
hete_0.5,1.163026320781547,0.07366422568701934,1.0,1.0599745710972701,1.3989388841487005,11,77,400,100,2,100,0.0,0,0.3,0.0,0.5,1.0,0.7,1.0,1.0,0.25,1.0,0.25
hete_0.5,1.0308277918129838,0.06866320110760052,1.0,1.0065221634940458,0.3539833262484984,12,78,400,100,2,100,0.0,0,0.3,0.0,0.5,1.0,0.7,1.0,1.0,0.25,1.0,0.25
hete_0.5,0.994248514039905,0.061343492724306184,1.0,0.9916437761176974,0.04246151965806692,13,79,400,100,2,100,0.0,0,0.3,0.0,0.5,1.0,0.7,1.0,1.0,0.25,1.0,0.25
hete_0.5,1.0390810481032984,0.059964254786007705,1.0,0.9975606185426059,0.6924196708333146,14,80,400,100,2,100,0.0,0,0.3,0.0,0.5,1.0,0.7,1.0,1.0,0.25,1.0,0.25
hete_0.5,1.0063228153224582,0.068902411684602,1.0,1.0392581730141461,-0.4780000712086574,15,81,400,100,2,100,0.0,0,0.3,0.0,0.5,1.0,0.7,1.0,1.0,0.25,1.0,0.25
hete_0.5,1.1151427653387278,0.07361969287286163,1.0,1.0626946344199484,0.7124198549612984,16,82,400,100,2,100,0.0,0,0.3,0.0,0.5,1.0,0.7,1.0,1.0,0.25,1.0,0.25
hete_0.5,1.0278646109246279,0.0675437656067555,1.0,0.9830755234916859,0.6631120878528916,17,83,400,100,2,100,0.0,0,0.3,0.0,0.5,1.0,0.7,1.0,1.0,0.25,1.0,0.25
hete_0.5,1.0784619299884044,0.07025187484052414,1.0,1.0302257973505424,0.6866170155225154,18,84,400,100,2,100,0.0,0,0.3,0.0,0.5,1.0,0.7,1.0,1.0,0.25,1.0,0.25
hete_0.5,1.016350996516424,0.08137059334756337,1.0,1.0087450351046545,0.09347309757569994,19,85,400,100,2,100,0.0,0,0.3,0.0,0.5,1.0,0.7,1.0,1.0,0.25,1.0,0.25
hete_0.5,0.9968186186397564,0.07308028967211648,1.0,1.0197227537967126,-0.313410568837622,20,86,400,100,2,100,0.0,0,0.3,0.0,0.5,1.0,0.7,1.0,1.0,0.25,1.0,0.25
hete_0.5,0.947369136872159,0.06985305077307219,1.0,0.9919513804581088,-0.6382290120839786,21,87,400,100,2,100,0.0,0,0.3,0.0,0.5,1.0,0.7,1.0,1.0,0.25,1.0,0.25
hete_0.5,0.8538489065823922,0.07634061033971712,1.0,0.9731760139533648,-1.5630882022027963,22,88,400,100,2,100,0.0,0,0.3,0.0,0.5,1.0,0.7,1.0,1.0,0.25,1.0,0.25
hete_0.5,1.001331983842745,0.09073969575769987,1.0,1.0165960568552526,-0.16821825205659544,23,89,400,100,2,100,0.0,0,0.3,0.0,0.5,1.0,0.7,1.0,1.0,0.25,1.0,0.25
hete_0.5,0.8413849497537822,0.06946888120006017,1.0,0.9819795234466184,-2.0238496901647878,24,90,400,100,2,100,0.0,0,0.3,0.0,0.5,1.0,0.7,1.0,1.0,0.25,1.0,0.25
hete_0.5,1.0570609640841513,0.07371769854802783,1.0,1.0165790161766162,0.5491482873839411,25,91,400,100,2,100,0.0,0,0.3,0.0,0.5,1.0,0.7,1.0,1.0,0.25,1.0,0.25
hete_0.5,1.1191872823441344,0.06187776341044187,1.0,1.0538983848013974,1.055126978486096,26,92,400,100,2,100,0.0,0,0.3,0.0,0.5,1.0,0.7,1.0,1.0,0.25,1.0,0.25
hete_0.5,0.9971690362375071,0.0711958071430684,1.0,0.981125303789502,0.22534659120817435,27,93,400,100,2,100,0.0,0,0.3,0.0,0.5,1.0,0.7,1.0,1.0,0.25,1.0,0.25
hete_0.5,0.9791011155066404,0.0751029873258622,1.0,0.9922454179471746,-0.17501703871648647,28,94,400,100,2,100,0.0,0,0.3,0.0,0.5,1.0,0.7,1.0,1.0,0.25,1.0,0.25
hete_0.5,0.9713238170653279,0.08400171221040124,1.0,1.058326252582477,-1.035722168367615,29,95,400,100,2,100,0.0,0,0.3,0.0,0.5,1.0,0.7,1.0,1.0,0.25,1.0,0.25
hete_0.5,1.040432254295278,0.07165283961181369,1.0,0.976936767331257,0.8861545098284173,30,96,400,100,2,100,0.0,0,0.3,0.0,0.5,1.0,0.7,1.0,1.0,0.25,1.0,0.25
hete_0.5,0.9711685132681087,0.08099880870650532,1.0,0.9860964516517794,-0.1842982461354615,31,97,400,100,2,100,0.0,0,0.3,0.0,0.5,1.0,0.7,1.0,1.0,0.25,1.0,0.25
hete_0.5,0.9871661047803196,0.07877840056321982,1.0,1.0335654097185407,-0.5889851102141324,32,98,400,100,2,100,0.0,0,0.3,0.0,0.5,1.0,0.7,1.0,1.0,0.25,1.0,0.25
hete_0.5,0.9293700474678638,0.08243094168179496,1.0,1.0114731474816383,-0.9960228324300116,33,99,400,100,2,100,0.0,0,0.3,0.0,0.5,1.0,0.7,1.0,1.0,0.25,1.0,0.25
hete_0.5,1.077393537628851,0.07278181700617756,1.0,0.9873117161335884,1.2376967929725735,34,100,400,100,2,100,0.0,0,0.3,0.0,0.5,1.0,0.7,1.0,1.0,0.25,1.0,0.25
hete_0.5,0.854505275921587,0.06966795952361676,1.0,0.980078866649277,-1.8024582833536527,35,101,400,100,2,100,0.0,0,0.3,0.0,0.5,1.0,0.7,1.0,1.0,0.25,1.0,0.25
hete_0.5,1.0784971613715553,0.06725997833597042,1.0,1.0400529962720482,0.571575639044583,36,102,400,100,2,100,0.0,0,0.3,0.0,0.5,1.0,0.7,1.0,1.0,0.25,1.0,0.25
hete_0.5,1.0173974999091961,0.057852274846160075,1.0,0.9809111352000903,0.6306815904150672,37,103,400,100,2,100,0.0,0,0.3,0.0,0.5,1.0,0.7,1.0,1.0,0.25,1.0,0.25
hete_0.5,1.0328722007328361,0.08006885120720986,1.0,1.023114814023273,0.12186245415601071,38,104,400,100,2,100,0.0,0,0.3,0.0,0.5,1.0,0.7,1.0,1.0,0.25,1.0,0.25
hete_0.5,0.9802728471363855,0.08432671151578731,1.0,1.0137599719605415,-0.39711171255488387,39,105,400,100,2,100,0.0,0,0.3,0.0,0.5,1.0,0.7,1.0,1.0,0.25,1.0,0.25
hete_0.5,1.078666360057517,0.06431153116090392,1.0,1.0158484628337736,0.976775021365554,40,106,400,100,2,100,0.0,0,0.3,0.0,0.5,1.0,0.7,1.0,1.0,0.25,1.0,0.25
hete_0.5,0.9523747669004907,0.06731035919013344,1.0,1.0511349111767623,-1.4672354369303102,41,107,400,100,2,100,0.0,0,0.3,0.0,0.5,1.0,0.7,1.0,1.0,0.25,1.0,0.25
hete_0.5,1.0130515077169677,0.07171931621773094,1.0,1.0282051229643416,-0.21129057060958883,42,108,400,100,2,100,0.0,0,0.3,0.0,0.5,1.0,0.7,1.0,1.0,0.25,1.0,0.25
hete_0.5,0.9299131269826671,0.08786316018445095,1.0,0.9703229528739875,-0.4599177380655112,43,109,400,100,2,100,0.0,0,0.3,0.0,0.5,1.0,0.7,1.0,1.0,0.25,1.0,0.25
hete_0.5,1.0029015676857593,0.08072770948695994,1.0,0.9771732778928209,0.3187045681891213,44,110,400,100,2,100,0.0,0,0.3,0.0,0.5,1.0,0.7,1.0,1.0,0.25,1.0,0.25
hete_0.5,0.9913962945669613,0.10389546276898928,1.0,0.9839212099536948,0.0719481333837196,45,111,400,100,2,100,0.0,0,0.3,0.0,0.5,1.0,0.7,1.0,1.0,0.25,1.0,0.25
hete_0.5,0.8308112872718352,0.06946934679732816,1.0,0.9346827730622274,-1.495213221068996,46,112,400,100,2,100,0.0,0,0.3,0.0,0.5,1.0,0.7,1.0,1.0,0.25,1.0,0.25
hete_0.5,0.8925785437835427,0.06507826444330653,1.0,0.9672796633700999,-1.1478658846477632,47,113,400,100,2,100,0.0,0,0.3,0.0,0.5,1.0,0.7,1.0,1.0,0.25,1.0,0.25
hete_0.5,1.0917612017103078,0.08626002389551349,1.0,0.9968808097232865,1.0999346823964435,48,114,400,100,2,100,0.0,0,0.3,0.0,0.5,1.0,0.7,1.0,1.0,0.25,1.0,0.25
hete_0.5,0.9816532355238249,0.07035059094448647,1.0,1.0187648737508,-0.5275241860620585,49,115,400,100,2,100,0.0,0,0.3,0.0,0.5,1.0,0.7,1.0,1.0,0.25,1.0,0.25
hete_0.5,1.0363167003543723,0.07126609961745373,1.0,1.0417111615907027,-0.07569463272561654,50,116,400,100,2,100,0.0,0,0.3,0.0,0.5,1.0,0.7,1.0,1.0,0.25,1.0,0.25
hete_0.5,0.9960529012109043,0.08081437302171003,1.0,0.9965234354631959,-0.005822408003650468,51,117,400,100,2,100,0.0,0,0.3,0.0,0.5,1.0,0.7,1.0,1.0,0.25,1.0,0.25
hete_0.5,0.8614528257582076,0.06495026590947636,1.0,0.9764061914416761,-1.76986751437913,52,118,400,100,2,100,0.0,0,0.3,0.0,0.5,1.0,0.7,1.0,1.0,0.25,1.0,0.25
hete_0.5,0.8702731681811748,0.06544399043622268,1.0,0.9686014908151737,-1.5024805483067694,53,119,400,100,2,100,0.0,0,0.3,0.0,0.5,1.0,0.7,1.0,1.0,0.25,1.0,0.25
hete_0.5,1.0685301343690163,0.11936981684776178,1.0,1.0411442077408979,0.22942086493309338,54,120,400,100,2,100,0.0,0,0.3,0.0,0.5,1.0,0.7,1.0,1.0,0.25,1.0,0.25
hete_0.5,0.9392435048367713,0.0969971858045594,1.0,0.9693140679366223,-0.3100147994029485,55,121,400,100,2,100,0.0,0,0.3,0.0,0.5,1.0,0.7,1.0,1.0,0.25,1.0,0.25
hete_0.5,0.9115702463826204,0.07237655023732012,1.0,0.9695637140275007,-0.8012742726024082,56,122,400,100,2,100,0.0,0,0.3,0.0,0.5,1.0,0.7,1.0,1.0,0.25,1.0,0.25
hete_0.5,1.0154289431403314,0.0672121380433045,1.0,1.0134235818117843,0.02983629723629787,57,123,400,100,2,100,0.0,0,0.3,0.0,0.5,1.0,0.7,1.0,1.0,0.25,1.0,0.25
hete_0.5,0.929654370653385,0.07711275098387654,1.0,1.002765548744909,-0.948107506977812,58,124,400,100,2,100,0.0,0,0.3,0.0,0.5,1.0,0.7,1.0,1.0,0.25,1.0,0.25
hete_0.5,1.0203461689167597,0.06409631901521844,1.0,1.049324418385056,-0.4521047372691728,59,125,400,100,2,100,0.0,0,0.3,0.0,0.5,1.0,0.7,1.0,1.0,0.25,1.0,0.25
hete_0.5,1.0970735555237587,0.07090156428476016,1.0,1.0191940370060844,1.0984174933699467,60,126,400,100,2,100,0.0,0,0.3,0.0,0.5,1.0,0.7,1.0,1.0,0.25,1.0,0.25
hete_0.5,0.9210438784681584,0.07802066271830814,1.0,0.9976241174313679,-0.9815379195085894,61,127,400,100,2,100,0.0,0,0.3,0.0,0.5,1.0,0.7,1.0,1.0,0.25,1.0,0.25
hete_0.5,1.0903132940973943,0.06473507066841014,1.0,1.0241808265341454,1.021586396375414,62,128,400,100,2,100,0.0,0,0.3,0.0,0.5,1.0,0.7,1.0,1.0,0.25,1.0,0.25
hete_0.5,0.9417392609521824,0.0939453346622475,1.0,0.9896411125035667,-0.5098906904062999,63,129,400,100,2,100,0.0,0,0.3,0.0,0.5,1.0,0.7,1.0,1.0,0.25,1.0,0.25
hete_0.5,1.0018082987090602,0.06663514943374252,1.0,1.0005522284965118,0.018849964669131823,64,130,400,100,2,100,0.0,0,0.3,0.0,0.5,1.0,0.7,1.0,1.0,0.25,1.0,0.25
hete_0.5,0.9645426841090594,0.06463368284174902,1.0,1.0247147882294347,-0.9309713059010184,65,131,400,100,2,100,0.0,0,0.3,0.0,0.5,1.0,0.7,1.0,1.0,0.25,1.0,0.25
hete_0.5,0.9978599852768912,0.07914233799918699,1.0,0.9944466940928541,0.04312851086193799,66,132,400,100,2,100,0.0,0,0.3,0.0,0.5,1.0,0.7,1.0,1.0,0.25,1.0,0.25
hete_0.5,0.9755822702662381,0.06253432350163159,1.0,0.9919499361496034,-0.26173891339750716,67,133,400,100,2,100,0.0,0,0.3,0.0,0.5,1.0,0.7,1.0,1.0,0.25,1.0,0.25
hete_0.5,1.0163051457761858,0.07141625545961265,1.0,1.0314295275964398,-0.2117778609774233,68,134,400,100,2,100,0.0,0,0.3,0.0,0.5,1.0,0.7,1.0,1.0,0.25,1.0,0.25
hete_0.5,1.04293131083107,0.07499977023116307,1.0,0.9712836271962544,0.9553053751229416,69,135,400,100,2,100,0.0,0,0.3,0.0,0.5,1.0,0.7,1.0,1.0,0.25,1.0,0.25
hete_0.5,0.989272868303328,0.07072473016575752,1.0,1.0109619251808748,-0.3066686408942702,70,136,400,100,2,100,0.0,0,0.3,0.0,0.5,1.0,0.7,1.0,1.0,0.25,1.0,0.25
hete_0.5,1.0047326968482568,0.08174278343168138,1.0,0.9799770891431621,0.30284762355547756,71,137,400,100,2,100,0.0,0,0.3,0.0,0.5,1.0,0.7,1.0,1.0,0.25,1.0,0.25
hete_0.5,0.9072871384868336,0.07725596864855179,1.0,0.9916356795805215,-1.0918061422205596,72,138,400,100,2,100,0.0,0,0.3,0.0,0.5,1.0,0.7,1.0,1.0,0.25,1.0,0.25
hete_0.5,1.099035925582007,0.07473072938606024,1.0,0.9983164517179887,1.3477651655679663,73,139,400,100,2,100,0.0,0,0.3,0.0,0.5,1.0,0.7,1.0,1.0,0.25,1.0,0.25
hete_0.5,1.0321221291385025,0.06377322626886132,1.0,0.9442859458048385,1.3773206794236157,74,140,400,100,2,100,0.0,0,0.3,0.0,0.5,1.0,0.7,1.0,1.0,0.25,1.0,0.25
hete_0.5,0.9825115572019645,0.06967689457528112,1.0,0.9895742414696911,-0.10136336171090199,75,141,400,100,2,100,0.0,0,0.3,0.0,0.5,1.0,0.7,1.0,1.0,0.25,1.0,0.25
hete_0.5,0.9709213580036824,0.06259387374261013,1.0,1.0001262976774858,-0.46657824364563144,76,142,400,100,2,100,0.0,0,0.3,0.0,0.5,1.0,0.7,1.0,1.0,0.25,1.0,0.25
hete_0.5,0.9411184609134826,0.08779961969184555,1.0,0.9766929924117914,-0.40517865137874637,77,143,400,100,2,100,0.0,0,0.3,0.0,0.5,1.0,0.7,1.0,1.0,0.25,1.0,0.25
hete_0.5,1.0351216623980488,0.07422590805497088,1.0,0.9884467484304673,0.6288224043418179,78,144,400,100,2,100,0.0,0,0.3,0.0,0.5,1.0,0.7,1.0,1.0,0.25,1.0,0.25
hete_0.5,0.9451117297106313,0.08636445307462816,1.0,0.9784527267427354,-0.38604999910430665,79,145,400,100,2,100,0.0,0,0.3,0.0,0.5,1.0,0.7,1.0,1.0,0.25,1.0,0.25
hete_0.5,1.0275618850370645,0.07866313533475329,1.0,1.0236226298926834,0.05007752522979763,80,146,400,100,2,100,0.0,0,0.3,0.0,0.5,1.0,0.7,1.0,1.0,0.25,1.0,0.25
hete_0.5,0.95081498615789,0.07999707606151545,1.0,1.0080120505295884,-0.7149894369603655,81,147,400,100,2,100,0.0,0,0.3,0.0,0.5,1.0,0.7,1.0,1.0,0.25,1.0,0.25
hete_0.5,0.8589414397535099,0.0680123237712069,1.0,0.9716251334383306,-1.6568128750296494,82,148,400,100,2,100,0.0,0,0.3,0.0,0.5,1.0,0.7,1.0,1.0,0.25,1.0,0.25
hete_0.5,0.9782925800064031,0.07914413539902491,1.0,0.9810951793920182,-0.03541133365706894,83,149,400,100,2,100,0.0,0,0.3,0.0,0.5,1.0,0.7,1.0,1.0,0.25,1.0,0.25
hete_0.5,0.9743249492140942,0.07197892142863654,1.0,1.00611836446776,-0.44170452436116897,84,150,400,100,2,100,0.0,0,0.3,0.0,0.5,1.0,0.7,1.0,1.0,0.25,1.0,0.25
hete_0.5,1.037880062429038,0.060184149991350154,1.0,1.0231440696926462,0.24484839843230857,85,151,400,100,2,100,0.0,0,0.3,0.0,0.5,1.0,0.7,1.0,1.0,0.25,1.0,0.25
hete_0.5,1.089533956290305,0.0677042436137595,1.0,1.032173673503325,0.8472184271669913,86,152,400,100,2,100,0.0,0,0.3,0.0,0.5,1.0,0.7,1.0,1.0,0.25,1.0,0.25
hete_0.5,0.8938999818685386,0.07057023841335211,1.0,0.9803026061177218,-1.2243493318400858,87,153,400,100,2,100,0.0,0,0.3,0.0,0.5,1.0,0.7,1.0,1.0,0.25,1.0,0.25
hete_0.5,0.8791706954455133,0.06431599165057356,1.0,1.0274724686806622,-2.3058304696733445,88,154,400,100,2,100,0.0,0,0.3,0.0,0.5,1.0,0.7,1.0,1.0,0.25,1.0,0.25
hete_0.5,0.9834037408264711,0.06697087480802465,1.0,1.0016193707437537,-0.2719933100694692,89,155,400,100,2,100,0.0,0,0.3,0.0,0.5,1.0,0.7,1.0,1.0,0.25,1.0,0.25
hete_0.5,0.8602302982081443,0.07628575918123265,1.0,0.9217763424608022,-0.8067828768203311,90,156,400,100,2,100,0.0,0,0.3,0.0,0.5,1.0,0.7,1.0,1.0,0.25,1.0,0.25
hete_0.5,1.1139148660408276,0.07253352184342395,1.0,1.0625904224613059,0.7075961882881452,91,157,400,100,2,100,0.0,0,0.3,0.0,0.5,1.0,0.7,1.0,1.0,0.25,1.0,0.25
hete_0.5,0.9106818150946686,0.07731469208804972,1.0,0.9818842830954699,-0.9209435629610022,92,158,400,100,2,100,0.0,0,0.3,0.0,0.5,1.0,0.7,1.0,1.0,0.25,1.0,0.25
hete_0.5,0.9227749667842468,0.07172902308753576,1.0,0.9919406921244649,-0.9642641480814613,93,159,400,100,2,100,0.0,0,0.3,0.0,0.5,1.0,0.7,1.0,1.0,0.25,1.0,0.25
hete_0.5,1.017540655207816,0.0676508025890353,1.0,0.9611870569845249,0.8330070903316182,94,160,400,100,2,100,0.0,0,0.3,0.0,0.5,1.0,0.7,1.0,1.0,0.25,1.0,0.25
hete_0.5,0.995722729521784,0.06191782114722238,1.0,0.9966574541326452,-0.015096212908375643,95,161,400,100,2,100,0.0,0,0.3,0.0,0.5,1.0,0.7,1.0,1.0,0.25,1.0,0.25
hete_0.5,0.9788269680484436,0.06526353737088054,1.0,0.9803948655266385,-0.024024095863587468,96,162,400,100,2,100,0.0,0,0.3,0.0,0.5,1.0,0.7,1.0,1.0,0.25,1.0,0.25
hete_0.5,1.014614331600934,0.07508387463792687,1.0,1.0230836916692057,-0.112798654959045,97,163,400,100,2,100,0.0,0,0.3,0.0,0.5,1.0,0.7,1.0,1.0,0.25,1.0,0.25
hete_0.5,0.9968221617068245,0.07256335768768864,1.0,0.9957996070685644,0.014091887019080915,98,164,400,100,2,100,0.0,0,0.3,0.0,0.5,1.0,0.7,1.0,1.0,0.25,1.0,0.25
hete_0.5,1.1169654954450088,0.07548542683031233,1.0,1.0570407332748144,0.7938586914915698,99,165,400,100,2,100,0.0,0,0.3,0.0,0.5,1.0,0.7,1.0,1.0,0.25,1.0,0.25
noise_0.5,0.9993038210691321,0.027827964244539427,1.0,1.0,-0.025017242538844305,0,67,400,100,2,100,0.0,0,0.3,0.0,0.0,0.5,0.7,1.0,1.0,0.25,1.0,0.25
noise_0.5,1.007251943289389,0.02716867492632195,1.0,1.0,0.2669229658441313,1,68,400,100,2,100,0.0,0,0.3,0.0,0.0,0.5,0.7,1.0,1.0,0.25,1.0,0.25
noise_0.5,0.9774804020025007,0.025169683157510888,1.0,1.0,-0.8947112228855839,2,69,400,100,2,100,0.0,0,0.3,0.0,0.0,0.5,0.7,1.0,1.0,0.25,1.0,0.25
noise_0.5,1.0451119256213002,0.03370928340036363,1.0,1.0,1.3382641536904798,3,70,400,100,2,100,0.0,0,0.3,0.0,0.0,0.5,0.7,1.0,1.0,0.25,1.0,0.25
noise_0.5,0.9524434601505601,0.025929102353607212,1.0,1.0,-1.8340989672873838,4,71,400,100,2,100,0.0,0,0.3,0.0,0.0,0.5,0.7,1.0,1.0,0.25,1.0,0.25
noise_0.5,0.9979769940606749,0.028181196481113717,1.0,1.0,-0.07178566533471722,5,72,400,100,2,100,0.0,0,0.3,0.0,0.0,0.5,0.7,1.0,1.0,0.25,1.0,0.25
noise_0.5,1.0153217196341993,0.025275175163472614,1.0,1.0,0.6061963778728635,6,73,400,100,2,100,0.0,0,0.3,0.0,0.0,0.5,0.7,1.0,1.0,0.25,1.0,0.25
noise_0.5,0.9526621900501766,0.025764887324978916,1.0,1.0,-1.8372993195250518,7,74,400,100,2,100,0.0,0,0.3,0.0,0.0,0.5,0.7,1.0,1.0,0.25,1.0,0.25
noise_0.5,1.0094338896711368,0.02671890143811628,1.0,1.0,0.35307924964604714,8,75,400,100,2,100,0.0,0,0.3,0.0,0.0,0.5,0.7,1.0,1.0,0.25,1.0,0.25
noise_0.5,1.0263334161890028,0.02649606464728141,1.0,1.0,0.9938614107248058,9,76,400,100,2,100,0.0,0,0.3,0.0,0.0,0.5,0.7,1.0,1.0,0.25,1.0,0.25
noise_0.5,1.0061387364249632,0.0279589426202421,1.0,1.0,0.21956253883931942,10,77,400,100,2,100,0.0,0,0.3,0.0,0.0,0.5,0.7,1.0,1.0,0.25,1.0,0.25
noise_0.5,0.9987617705092415,0.026374286643169955,1.0,1.0,-0.046948359495407564,11,78,400,100,2,100,0.0,0,0.3,0.0,0.0,0.5,0.7,1.0,1.0,0.25,1.0,0.25
noise_0.5,1.024299985952271,0.029363176600951262,1.0,1.0,0.8275666588295415,12,79,400,100,2,100,0.0,0,0.3,0.0,0.0,0.5,0.7,1.0,1.0,0.25,1.0,0.25
noise_0.5,1.0094357105670704,0.026443865627591406,1.0,1.0,0.3568203945653543,13,80,400,100,2,100,0.0,0,0.3,0.0,0.0,0.5,0.7,1.0,1.0,0.25,1.0,0.25
noise_0.5,0.9714467221265844,0.026345002402014654,1.0,1.0,-1.0838214184877821,14,81,400,100,2,100,0.0,0,0.3,0.0,0.0,0.5,0.7,1.0,1.0,0.25,1.0,0.25
noise_0.5,1.0591859476518526,0.0264967725054033,1.0,1.0,2.2337040347001964,15,82,400,100,2,100,0.0,0,0.3,0.0,0.0,0.5,0.7,1.0,1.0,0.25,1.0,0.25
noise_0.5,1.003779603216484,0.0275679348507399,1.0,1.0,0.13710142732663314,16,83,400,100,2,100,0.0,0,0.3,0.0,0.0,0.5,0.7,1.0,1.0,0.25,1.0,0.25
noise_0.5,1.0114295198442331,0.0302278306267624,1.0,1.0,0.37811247473756615,17,84,400,100,2,100,0.0,0,0.3,0.0,0.0,0.5,0.7,1.0,1.0,0.25,1.0,0.25
noise_0.5,0.9779084734342064,0.02645053423330207,1.0,1.0,-0.8352015264016734,18,85,400,100,2,100,0.0,0,0.3,0.0,0.0,0.5,0.7,1.0,1.0,0.25,1.0,0.25
noise_0.5,0.9912227503910966,0.027155576009232057,1.0,1.0,-0.32322089599275544,19,86,400,100,2,100,0.0,0,0.3,0.0,0.0,0.5,0.7,1.0,1.0,0.25,1.0,0.25
noise_0.5,0.9962253005274092,0.02646392425721168,1.0,1.0,-0.1426356664228341,20,87,400,100,2,100,0.0,0,0.3,0.0,0.0,0.5,0.7,1.0,1.0,0.25,1.0,0.25
noise_0.5,0.9547929071933073,0.030614773327469362,1.0,1.0,-1.4766430678136107,21,88,400,100,2,100,0.0,0,0.3,0.0,0.0,0.5,0.7,1.0,1.0,0.25,1.0,0.25
noise_0.5,1.0175863384419837,0.027574041739741758,1.0,1.0,0.6377860238253326,22,89,400,100,2,100,0.0,0,0.3,0.0,0.0,0.5,0.7,1.0,1.0,0.25,1.0,0.25
noise_0.5,0.9363086049521149,0.023910756505617223,1.0,1.0,-2.663713087995457,23,90,400,100,2,100,0.0,0,0.3,0.0,0.0,0.5,0.7,1.0,1.0,0.25,1.0,0.25
noise_0.5,0.9963979349585061,0.02683865715118925,1.0,1.0,-0.13421182070334098,24,91,400,100,2,100,0.0,0,0.3,0.0,0.0,0.5,0.7,1.0,1.0,0.25,1.0,0.25
noise_0.5,1.0251306284392367,0.023793875806802547,1.0,1.0,1.05618053331404,25,92,400,100,2,100,0.0,0,0.3,0.0,0.0,0.5,0.7,1.0,1.0,0.25,1.0,0.25
noise_0.5,1.0286571490202951,0.027540029599555167,1.0,1.0,1.0405634793057021,26,93,400,100,2,100,0.0,0,0.3,0.0,0.0,0.5,0.7,1.0,1.0,0.25,1.0,0.25
noise_0.5,0.9964257446118896,0.023551299243342576,1.0,1.0,-0.1517646797817647,27,94,400,100,2,100,0.0,0,0.3,0.0,0.0,0.5,0.7,1.0,1.0,0.25,1.0,0.25
noise_0.5,0.9850999509584931,0.027249518558129765,1.0,1.0,-0.5468004511610544,28,95,400,100,2,100,0.0,0,0.3,0.0,0.0,0.5,0.7,1.0,1.0,0.25,1.0,0.25
noise_0.5,1.012536953079042,0.025326399823918423,1.0,1.0,0.495015208091362,29,96,400,100,2,100,0.0,0,0.3,0.0,0.0,0.5,0.7,1.0,1.0,0.25,1.0,0.25
noise_0.5,0.999138395059123,0.025505365222516445,1.0,1.0,-0.03378132143413937,30,97,400,100,2,100,0.0,0,0.3,0.0,0.0,0.5,0.7,1.0,1.0,0.25,1.0,0.25
noise_0.5,1.0170550096901414,0.02754188673676245,1.0,1.0,0.6192389741904157,31,98,400,100,2,100,0.0,0,0.3,0.0,0.0,0.5,0.7,1.0,1.0,0.25,1.0,0.25
noise_0.5,0.9615804474832066,0.030213121188710564,1.0,1.0,-1.271618125013488,32,99,400,100,2,100,0.0,0,0.3,0.0,0.0,0.5,0.7,1.0,1.0,0.25,1.0,0.25
noise_0.5,1.013112232009907,0.02744701482316792,1.0,1.0,0.4777288930830864,33,100,400,100,2,100,0.0,0,0.3,0.0,0.0,0.5,0.7,1.0,1.0,0.25,1.0,0.25
noise_0.5,0.952726401368194,0.028986978776561506,1.0,1.0,-1.6308563578219764,34,101,400,100,2,100,0.0,0,0.3,0.0,0.0,0.5,0.7,1.0,1.0,0.25,1.0,0.25
noise_0.5,0.9977593683229316,0.027180403425634173,1.0,1.0,-0.08243555630801574,35,102,400,100,2,100,0.0,0,0.3,0.0,0.0,0.5,0.7,1.0,1.0,0.25,1.0,0.25
noise_0.5,1.0086835797083435,0.02446636187604758,1.0,1.0,0.3549191233390821,36,103,400,100,2,100,0.0,0,0.3,0.0,0.0,0.5,0.7,1.0,1.0,0.25,1.0,0.25
noise_0.5,1.0141346268825822,0.029273089343395335,1.0,1.0,0.4828539522006838,37,104,400,100,2,100,0.0,0,0.3,0.0,0.0,0.5,0.7,1.0,1.0,0.25,1.0,0.25
noise_0.5,1.006495772436298,0.029776471046207547,1.0,1.0,0.21815118474643022,38,105,400,100,2,100,0.0,0,0.3,0.0,0.0,0.5,0.7,1.0,1.0,0.25,1.0,0.25
noise_0.5,1.0256295548650747,0.024158401813954872,1.0,1.0,1.0608961247705553,39,106,400,100,2,100,0.0,0,0.3,0.0,0.0,0.5,0.7,1.0,1.0,0.25,1.0,0.25
noise_0.5,0.9495004809229384,0.028394625214010677,1.0,1.0,-1.7784886645428868,40,107,400,100,2,100,0.0,0,0.3,0.0,0.0,0.5,0.7,1.0,1.0,0.25,1.0,0.25
noise_0.5,1.0098378854386676,0.02662606698311996,1.0,1.0,0.3694832377949205,41,108,400,100,2,100,0.0,0,0.3,0.0,0.0,0.5,0.7,1.0,1.0,0.25,1.0,0.25
noise_0.5,0.9942059111471968,0.02713573354525641,1.0,1.0,-0.21352247003531086,42,109,400,100,2,100,0.0,0,0.3,0.0,0.0,0.5,0.7,1.0,1.0,0.25,1.0,0.25
noise_0.5,0.9963965910529716,0.02925314311751263,1.0,1.0,-0.12318023169521107,43,110,400,100,2,100,0.0,0,0.3,0.0,0.0,0.5,0.7,1.0,1.0,0.25,1.0,0.25
noise_0.5,0.9788543577376618,0.027717544681949664,1.0,1.0,-0.7628973816035273,44,111,400,100,2,100,0.0,0,0.3,0.0,0.0,0.5,0.7,1.0,1.0,0.25,1.0,0.25
noise_0.5,0.9674850500971527,0.024090061105663522,1.0,1.0,-1.3497246752605006,45,112,400,100,2,100,0.0,0,0.3,0.0,0.0,0.5,0.7,1.0,1.0,0.25,1.0,0.25
noise_0.5,0.9887062703844329,0.024047342372816777,1.0,1.0,-0.46964564484820387,46,113,400,100,2,100,0.0,0,0.3,0.0,0.0,0.5,0.7,1.0,1.0,0.25,1.0,0.25
noise_0.5,1.020907399554439,0.030353999603292513,1.0,1.0,0.6887856568388194,47,114,400,100,2,100,0.0,0,0.3,0.0,0.0,0.5,0.7,1.0,1.0,0.25,1.0,0.25
noise_0.5,1.0055074785051548,0.025968345684721915,1.0,1.0,0.2120843034061659,48,115,400,100,2,100,0.0,0,0.3,0.0,0.0,0.5,0.7,1.0,1.0,0.25,1.0,0.25
noise_0.5,1.0047514043444472,0.02826976440946785,1.0,1.0,0.16807371563577342,49,116,400,100,2,100,0.0,0,0.3,0.0,0.0,0.5,0.7,1.0,1.0,0.25,1.0,0.25
noise_0.5,1.009294331767713,0.026735704481688813,1.0,1.0,0.3476374364505206,50,117,400,100,2,100,0.0,0,0.3,0.0,0.0,0.5,0.7,1.0,1.0,0.25,1.0,0.25
noise_0.5,0.9624556865923426,0.029344813876015643,1.0,1.0,-1.2794190335057278,51,118,400,100,2,100,0.0,0,0.3,0.0,0.0,0.5,0.7,1.0,1.0,0.25,1.0,0.25
noise_0.5,0.9622325058581439,0.02878464201548602,1.0,1.0,-1.312071003750449,52,119,400,100,2,100,0.0,0,0.3,0.0,0.0,0.5,0.7,1.0,1.0,0.25,1.0,0.25
noise_0.5,0.9931778210500715,0.025621183738108788,1.0,1.0,-0.26627102867933733,53,120,400,100,2,100,0.0,0,0.3,0.0,0.0,0.5,0.7,1.0,1.0,0.25,1.0,0.25
noise_0.5,0.9556013357578271,0.028714404313375106,1.0,1.0,-1.546215751426613,54,121,400,100,2,100,0.0,0,0.3,0.0,0.0,0.5,0.7,1.0,1.0,0.25,1.0,0.25
noise_0.5,0.9757039746319537,0.026777819555317935,1.0,1.0,-0.9073190338688816,55,122,400,100,2,100,0.0,0,0.3,0.0,0.0,0.5,0.7,1.0,1.0,0.25,1.0,0.25
noise_0.5,0.9926109184870862,0.028752255005495886,1.0,1.0,-0.2569913737722988,56,123,400,100,2,100,0.0,0,0.3,0.0,0.0,0.5,0.7,1.0,1.0,0.25,1.0,0.25
noise_0.5,0.9925155344724674,0.026570985770287645,1.0,1.0,-0.28167812787367075,57,124,400,100,2,100,0.0,0,0.3,0.0,0.0,0.5,0.7,1.0,1.0,0.25,1.0,0.25
noise_0.5,0.9748986576727343,0.0252024353368915,1.0,1.0,-0.995988760281518,58,125,400,100,2,100,0.0,0,0.3,0.0,0.0,0.5,0.7,1.0,1.0,0.25,1.0,0.25
noise_0.5,1.0246984495567453,0.026352699296089865,1.0,1.0,0.9372265542607985,59,126,400,100,2,100,0.0,0,0.3,0.0,0.0,0.5,0.7,1.0,1.0,0.25,1.0,0.25
noise_0.5,0.9793904363459519,0.028560140897637188,1.0,1.0,-0.7216198172101155,60,127,400,100,2,100,0.0,0,0.3,0.0,0.0,0.5,0.7,1.0,1.0,0.25,1.0,0.25
noise_0.5,1.0149553455437423,0.026106556653095844,1.0,1.0,0.5728578357716455,61,128,400,100,2,100,0.0,0,0.3,0.0,0.0,0.5,0.7,1.0,1.0,0.25,1.0,0.25
noise_0.5,0.9647763945447809,0.02751047850869897,1.0,1.0,-1.280370512060747,62,129,400,100,2,100,0.0,0,0.3,0.0,0.0,0.5,0.7,1.0,1.0,0.25,1.0,0.25
noise_0.5,0.9883929133242324,0.026448961849025034,1.0,1.0,-0.4388484788939064,63,130,400,100,2,100,0.0,0,0.3,0.0,0.0,0.5,0.7,1.0,1.0,0.25,1.0,0.25
noise_0.5,0.9962366117939887,0.02708687518960625,1.0,1.0,-0.1389377024727969,64,131,400,100,2,100,0.0,0,0.3,0.0,0.0,0.5,0.7,1.0,1.0,0.25,1.0,0.25
noise_0.5,0.9674536108550974,0.02843847153497996,1.0,1.0,-1.1444493106765534,65,132,400,100,2,100,0.0,0,0.3,0.0,0.0,0.5,0.7,1.0,1.0,0.25,1.0,0.25
noise_0.5,1.0065519459456977,0.025512045294220288,1.0,1.0,0.2568177451136024,66,133,400,100,2,100,0.0,0,0.3,0.0,0.0,0.5,0.7,1.0,1.0,0.25,1.0,0.25
noise_0.5,0.9957396770469599,0.028380522946102424,1.0,1.0,-0.15011432175266565,67,134,400,100,2,100,0.0,0,0.3,0.0,0.0,0.5,0.7,1.0,1.0,0.25,1.0,0.25
noise_0.5,1.0494300642994259,0.02984286568908424,1.0,1.0,1.656344427991918,68,135,400,100,2,100,0.0,0,0.3,0.0,0.0,0.5,0.7,1.0,1.0,0.25,1.0,0.25
noise_0.5,0.9977836005581606,0.025501410832836455,1.0,1.0,-0.08691281656407299,69,136,400,100,2,100,0.0,0,0.3,0.0,0.0,0.5,0.7,1.0,1.0,0.25,1.0,0.25
noise_0.5,1.033155733371461,0.031273402098178936,1.0,1.0,1.0601895267861379,70,137,400,100,2,100,0.0,0,0.3,0.0,0.0,0.5,0.7,1.0,1.0,0.25,1.0,0.25
noise_0.5,0.9878449712014042,0.029987666020252525,1.0,1.0,-0.4053342727769048,71,138,400,100,2,100,0.0,0,0.3,0.0,0.0,0.5,0.7,1.0,1.0,0.25,1.0,0.25
noise_0.5,1.021697221865808,0.02798811365558256,1.0,1.0,0.7752298755396921,72,139,400,100,2,100,0.0,0,0.3,0.0,0.0,0.5,0.7,1.0,1.0,0.25,1.0,0.25
noise_0.5,1.0361350743794973,0.02550301138613327,1.0,1.0,1.4168944142472895,73,140,400,100,2,100,0.0,0,0.3,0.0,0.0,0.5,0.7,1.0,1.0,0.25,1.0,0.25
noise_0.5,1.0005332721914888,0.02645337628356585,1.0,1.0,0.020158946282410595,74,141,400,100,2,100,0.0,0,0.3,0.0,0.0,0.5,0.7,1.0,1.0,0.25,1.0,0.25
noise_0.5,0.9708619901344046,0.025263311051353866,1.0,1.0,-1.1533725649169781,75,142,400,100,2,100,0.0,0,0.3,0.0,0.0,0.5,0.7,1.0,1.0,0.25,1.0,0.25
noise_0.5,0.976538144596499,0.02600968361304171,1.0,1.0,-0.902043091048474,76,143,400,100,2,100,0.0,0,0.3,0.0,0.0,0.5,0.7,1.0,1.0,0.25,1.0,0.25
noise_0.5,1.024866379887487,0.029772725079202932,1.0,1.0,0.8352067142438677,77,144,400,100,2,100,0.0,0,0.3,0.0,0.0,0.5,0.7,1.0,1.0,0.25,1.0,0.25
noise_0.5,0.9936295438482263,0.029159286236653346,1.0,1.0,-0.21847092209568503,78,145,400,100,2,100,0.0,0,0.3,0.0,0.0,0.5,0.7,1.0,1.0,0.25,1.0,0.25
noise_0.5,0.9885330825380703,0.029575956805066635,1.0,1.0,-0.38771078607895954,79,146,400,100,2,100,0.0,0,0.3,0.0,0.0,0.5,0.7,1.0,1.0,0.25,1.0,0.25
noise_0.5,0.9668824462340406,0.0256800762467441,1.0,1.0,-1.2896205388081061,80,147,400,100,2,100,0.0,0,0.3,0.0,0.0,0.5,0.7,1.0,1.0,0.25,1.0,0.25
noise_0.5,0.9780789582349494,0.024416243686689543,1.0,1.0,-0.897805659475819,81,148,400,100,2,100,0.0,0,0.3,0.0,0.0,0.5,0.7,1.0,1.0,0.25,1.0,0.25
noise_0.5,1.0155529260895113,0.028590122049568064,1.0,1.0,0.5439964916045639,82,149,400,100,2,100,0.0,0,0.3,0.0,0.0,0.5,0.7,1.0,1.0,0.25,1.0,0.25
noise_0.5,1.025929909021965,0.028477889449141657,1.0,1.0,0.9105277646460717,83,150,400,100,2,100,0.0,0,0.3,0.0,0.0,0.5,0.7,1.0,1.0,0.25,1.0,0.25
noise_0.5,0.9931024698586601,0.02595740989239251,1.0,1.0,-0.265724899746695,84,151,400,100,2,100,0.0,0,0.3,0.0,0.0,0.5,0.7,1.0,1.0,0.25,1.0,0.25
noise_0.5,1.029970483718445,0.02680223072347494,1.0,1.0,1.1182085561331665,85,152,400,100,2,100,0.0,0,0.3,0.0,0.0,0.5,0.7,1.0,1.0,0.25,1.0,0.25
noise_0.5,0.9764726205126515,0.025423232138729143,1.0,1.0,-0.9254283388895884,86,153,400,100,2,100,0.0,0,0.3,0.0,0.0,0.5,0.7,1.0,1.0,0.25,1.0,0.25
noise_0.5,0.9507716801728509,0.02810030183142947,1.0,1.0,-1.7518786852349224,87,154,400,100,2,100,0.0,0,0.3,0.0,0.0,0.5,0.7,1.0,1.0,0.25,1.0,0.25
noise_0.5,0.9643607171153658,0.027089942245068402,1.0,1.0,-1.3155909511443205,88,155,400,100,2,100,0.0,0,0.3,0.0,0.0,0.5,0.7,1.0,1.0,0.25,1.0,0.25
noise_0.5,0.9652617559192445,0.02715298952757305,1.0,1.0,-1.2793524648724184,89,156,400,100,2,100,0.0,0,0.3,0.0,0.0,0.5,0.7,1.0,1.0,0.25,1.0,0.25
noise_0.5,1.0204135585398078,0.02527760207208433,1.0,1.0,0.8075749622766532,90,157,400,100,2,100,0.0,0,0.3,0.0,0.0,0.5,0.7,1.0,1.0,0.25,1.0,0.25
noise_0.5,0.9904390685562942,0.026688535094469352,1.0,1.0,-0.3582411477386464,91,158,400,100,2,100,0.0,0,0.3,0.0,0.0,0.5,0.7,1.0,1.0,0.25,1.0,0.25
noise_0.5,0.9791317171405628,0.028921035989501125,1.0,1.0,-0.7215606960626438,92,159,400,100,2,100,0.0,0,0.3,0.0,0.0,0.5,0.7,1.0,1.0,0.25,1.0,0.25
noise_0.5,1.0120592417027647,0.02526449218352592,1.0,1.0,0.4773197741385096,93,160,400,100,2,100,0.0,0,0.3,0.0,0.0,0.5,0.7,1.0,1.0,0.25,1.0,0.25
noise_0.5,1.0063354097277968,0.02645155366871916,1.0,1.0,0.2395099284957637,94,161,400,100,2,100,0.0,0,0.3,0.0,0.0,0.5,0.7,1.0,1.0,0.25,1.0,0.25
noise_0.5,1.0103397242716474,0.02631778663178439,1.0,1.0,0.3928797058928952,95,162,400,100,2,100,0.0,0,0.3,0.0,0.0,0.5,0.7,1.0,1.0,0.25,1.0,0.25
noise_0.5,0.9882373476043835,0.028003518936709618,1.0,1.0,-0.42004193909347903,96,163,400,100,2,100,0.0,0,0.3,0.0,0.0,0.5,0.7,1.0,1.0,0.25,1.0,0.25
noise_0.5,1.0033895341352723,0.033340061259995335,1.0,1.0,0.10166550411649708,97,164,400,100,2,100,0.0,0,0.3,0.0,0.0,0.5,0.7,1.0,1.0,0.25,1.0,0.25
noise_0.5,1.005129899100036,0.029356975891066027,1.0,1.0,0.1747420823953825,98,165,400,100,2,100,0.0,0,0.3,0.0,0.0,0.5,0.7,1.0,1.0,0.25,1.0,0.25
noise_0.5,0.9231417182809372,0.02842077839945428,1.0,1.0,-2.704298968832558,99,166,400,100,2,100,0.0,0,0.3,0.0,0.0,0.5,0.7,1.0,1.0,0.25,1.0,0.25
noise_1.0,0.9996073175661536,0.05067005914298495,1.0,1.0,-0.007749792293280676,0,68,400,100,2,100,0.0,0,0.3,0.0,0.0,1.0,0.7,1.0,1.0,0.25,1.0,0.25
noise_1.0,0.9594671355783758,0.04623529570787063,1.0,1.0,-0.8766649764224234,1,69,400,100,2,100,0.0,0,0.3,0.0,0.0,1.0,0.7,1.0,1.0,0.25,1.0,0.25
noise_1.0,1.0851405517316004,0.06253488840568838,1.0,1.0,1.3614888249141854,2,70,400,100,2,100,0.0,0,0.3,0.0,0.0,1.0,0.7,1.0,1.0,0.25,1.0,0.25
noise_1.0,0.9031483628569581,0.050476754190228845,1.0,1.0,-1.9187374207549617,3,71,400,100,2,100,0.0,0,0.3,0.0,0.0,1.0,0.7,1.0,1.0,0.25,1.0,0.25
noise_1.0,0.9611174586092665,0.05087505991690958,1.0,1.0,-0.7642750977441105,4,72,400,100,2,100,0.0,0,0.3,0.0,0.0,1.0,0.7,1.0,1.0,0.25,1.0,0.25
noise_1.0,1.0399714703109166,0.0485916173046874,1.0,1.0,0.8226001217510572,5,73,400,100,2,100,0.0,0,0.3,0.0,0.0,1.0,0.7,1.0,1.0,0.25,1.0,0.25
noise_1.0,0.9099699750058133,0.04734927016729408,1.0,1.0,-1.901402591340759,6,74,400,100,2,100,0.0,0,0.3,0.0,0.0,1.0,0.7,1.0,1.0,0.25,1.0,0.25
noise_1.0,1.0031014043312891,0.04986765553317166,1.0,1.0,0.062192703830363585,7,75,400,100,2,100,0.0,0,0.3,0.0,0.0,1.0,0.7,1.0,1.0,0.25,1.0,0.25
noise_1.0,1.0641502642195044,0.049012618796607246,1.0,1.0,1.3088520016797192,8,76,400,100,2,100,0.0,0,0.3,0.0,0.0,1.0,0.7,1.0,1.0,0.25,1.0,0.25
noise_1.0,0.9991914623951106,0.0525592888869589,1.0,1.0,-0.015383343686943036,9,77,400,100,2,100,0.0,0,0.3,0.0,0.0,1.0,0.7,1.0,1.0,0.25,1.0,0.25
noise_1.0,1.0217606947178286,0.049659417571693745,1.0,1.0,0.4381987502453586,10,78,400,100,2,100,0.0,0,0.3,0.0,0.0,1.0,0.7,1.0,1.0,0.25,1.0,0.25
noise_1.0,1.0203992803111481,0.05500704739871885,1.0,1.0,0.37084848716354185,11,79,400,100,2,100,0.0,0,0.3,0.0,0.0,1.0,0.7,1.0,1.0,0.25,1.0,0.25
noise_1.0,1.0258821392239559,0.05106532472239775,1.0,1.0,0.5068437215401418,12,80,400,100,2,100,0.0,0,0.3,0.0,0.0,1.0,0.7,1.0,1.0,0.25,1.0,0.25
noise_1.0,0.9507505316297568,0.048616835212914836,1.0,1.0,-1.0130126355316595,13,81,400,100,2,100,0.0,0,0.3,0.0,0.0,1.0,0.7,1.0,1.0,0.25,1.0,0.25
noise_1.0,1.0915556802445745,0.04804934732081498,1.0,1.0,1.9054510695697333,14,82,400,100,2,100,0.0,0,0.3,0.0,0.0,1.0,0.7,1.0,1.0,0.25,1.0,0.25
noise_1.0,1.0029074704467422,0.04947896528496542,1.0,1.0,0.0587617471383477,15,83,400,100,2,100,0.0,0,0.3,0.0,0.0,1.0,0.7,1.0,1.0,0.25,1.0,0.25
noise_1.0,1.0202890657032013,0.05763609841160848,1.0,1.0,0.3520201100065251,16,84,400,100,2,100,0.0,0,0.3,0.0,0.0,1.0,0.7,1.0,1.0,0.25,1.0,0.25
noise_1.0,0.9790405845280953,0.04687897747643021,1.0,1.0,-0.44709625935085046,17,85,400,100,2,100,0.0,0,0.3,0.0,0.0,1.0,0.7,1.0,1.0,0.25,1.0,0.25
noise_1.0,0.9873268582523692,0.052077790566121274,1.0,1.0,-0.24335021915993466,18,86,400,100,2,100,0.0,0,0.3,0.0,0.0,1.0,0.7,1.0,1.0,0.25,1.0,0.25
noise_1.0,0.9855593969496096,0.0488230032326404,1.0,1.0,-0.29577457538982793,19,87,400,100,2,100,0.0,0,0.3,0.0,0.0,1.0,0.7,1.0,1.0,0.25,1.0,0.25
noise_1.0,0.9388831881291605,0.05723595507890676,1.0,1.0,-1.0678045257842297,20,88,400,100,2,100,0.0,0,0.3,0.0,0.0,1.0,0.7,1.0,1.0,0.25,1.0,0.25
noise_1.0,1.0420157673758037,0.05221435845603773,1.0,1.0,0.8046784183162796,21,89,400,100,2,100,0.0,0,0.3,0.0,0.0,1.0,0.7,1.0,1.0,0.25,1.0,0.25
noise_1.0,0.8942397353570168,0.043234265928462405,1.0,1.0,-2.446213954875039,22,90,400,100,2,100,0.0,0,0.3,0.0,0.0,1.0,0.7,1.0,1.0,0.25,1.0,0.25
noise_1.0,0.9952677408617897,0.05155439234365912,1.0,1.0,-0.0917915801754636,23,91,400,100,2,100,0.0,0,0.3,0.0,0.0,1.0,0.7,1.0,1.0,0.25,1.0,0.25
noise_1.0,1.0598518237161256,0.042805867076120725,1.0,1.0,1.3982154270977027,24,92,400,100,2,100,0.0,0,0.3,0.0,0.0,1.0,0.7,1.0,1.0,0.25,1.0,0.25
noise_1.0,1.04941832926036,0.05092865641308531,1.0,1.0,0.9703442568664111,25,93,400,100,2,100,0.0,0,0.3,0.0,0.0,1.0,0.7,1.0,1.0,0.25,1.0,0.25
noise_1.0,0.9789341314896696,0.045944372857906375,1.0,1.0,-0.458508130592652,26,94,400,100,2,100,0.0,0,0.3,0.0,0.0,1.0,0.7,1.0,1.0,0.25,1.0,0.25
noise_1.0,0.9486437790776933,0.05187187036651196,1.0,1.0,-0.9900591700171637,27,95,400,100,2,100,0.0,0,0.3,0.0,0.0,1.0,0.7,1.0,1.0,0.25,1.0,0.25
noise_1.0,1.0209712332630425,0.04799752013555749,1.0,1.0,0.4369232661148803,28,96,400,100,2,100,0.0,0,0.3,0.0,0.0,1.0,0.7,1.0,1.0,0.25,1.0,0.25
noise_1.0,0.9942540086304408,0.04615587066817111,1.0,1.0,-0.12449101894034106,29,97,400,100,2,100,0.0,0,0.3,0.0,0.0,1.0,0.7,1.0,1.0,0.25,1.0,0.25
noise_1.0,1.0214369631043816,0.05093068658975596,1.0,1.0,0.42090465571483876,30,98,400,100,2,100,0.0,0,0.3,0.0,0.0,1.0,0.7,1.0,1.0,0.25,1.0,0.25
noise_1.0,0.9049094627044305,0.053787785275941136,1.0,1.0,-1.7678834852139331,31,99,400,100,2,100,0.0,0,0.3,0.0,0.0,1.0,0.7,1.0,1.0,0.25,1.0,0.25
noise_1.0,1.0559731230696205,0.05124841462712594,1.0,1.0,1.0921922849100936,32,100,400,100,2,100,0.0,0,0.3,0.0,0.0,1.0,0.7,1.0,1.0,0.25,1.0,0.25
noise_1.0,0.919934046031274,0.0543924258613617,1.0,1.0,-1.47200557248177,33,101,400,100,2,100,0.0,0,0.3,0.0,0.0,1.0,0.7,1.0,1.0,0.25,1.0,0.25
noise_1.0,0.9913339884506976,0.05075633628385715,1.0,1.0,-0.17073753118895907,34,102,400,100,2,100,0.0,0,0.3,0.0,0.0,1.0,0.7,1.0,1.0,0.25,1.0,0.25
noise_1.0,1.0351569069737165,0.04757721269849284,1.0,1.0,0.7389442335874847,35,103,400,100,2,100,0.0,0,0.3,0.0,0.0,1.0,0.7,1.0,1.0,0.25,1.0,0.25
noise_1.0,1.021106076452672,0.05135733655815918,1.0,1.0,0.41096516811713246,36,104,400,100,2,100,0.0,0,0.3,0.0,0.0,1.0,0.7,1.0,1.0,0.25,1.0,0.25
noise_1.0,0.9961559164712231,0.0552728464328753,1.0,1.0,-0.06954741390865772,37,105,400,100,2,100,0.0,0,0.3,0.0,0.0,1.0,0.7,1.0,1.0,0.25,1.0,0.25
noise_1.0,1.0666599058578679,0.04661043296041898,1.0,1.0,1.4301498961503885,38,106,400,100,2,100,0.0,0,0.3,0.0,0.0,1.0,0.7,1.0,1.0,0.25,1.0,0.25
noise_1.0,0.9085043035809409,0.0535832253479661,1.0,1.0,-1.7075436542853062,39,107,400,100,2,100,0.0,0,0.3,0.0,0.0,1.0,0.7,1.0,1.0,0.25,1.0,0.25
noise_1.0,1.014388131633035,0.0492575837104953,1.0,1.0,0.292099826040986,40,108,400,100,2,100,0.0,0,0.3,0.0,0.0,1.0,0.7,1.0,1.0,0.25,1.0,0.25
noise_1.0,1.0148755812731713,0.05300431546734854,1.0,1.0,0.2806484932785318,41,109,400,100,2,100,0.0,0,0.3,0.0,0.0,1.0,0.7,1.0,1.0,0.25,1.0,0.25
noise_1.0,0.966831283941574,0.05488495347161181,1.0,1.0,-0.6043316785461402,42,110,400,100,2,100,0.0,0,0.3,0.0,0.0,1.0,0.7,1.0,1.0,0.25,1.0,0.25
noise_1.0,0.9665751091592999,0.05112987508733076,1.0,1.0,-0.6537252591290275,43,111,400,100,2,100,0.0,0,0.3,0.0,0.0,1.0,0.7,1.0,1.0,0.25,1.0,0.25
noise_1.0,0.9264355811272293,0.04598460337782927,1.0,1.0,-1.5997619522415747,44,112,400,100,2,100,0.0,0,0.3,0.0,0.0,1.0,0.7,1.0,1.0,0.25,1.0,0.25
noise_1.0,0.9801241520861909,0.041355463794463955,1.0,1.0,-0.48060996275103607,45,113,400,100,2,100,0.0,0,0.3,0.0,0.0,1.0,0.7,1.0,1.0,0.25,1.0,0.25
noise_1.0,1.0386835978985873,0.05767004539048584,1.0,1.0,0.6707745353182812,46,114,400,100,2,100,0.0,0,0.3,0.0,0.0,1.0,0.7,1.0,1.0,0.25,1.0,0.25
noise_1.0,1.0152562010758284,0.04863320519141768,1.0,1.0,0.3136992722519682,47,115,400,100,2,100,0.0,0,0.3,0.0,0.0,1.0,0.7,1.0,1.0,0.25,1.0,0.25
noise_1.0,1.0304826536979361,0.05061086204540096,1.0,1.0,0.602294694577448,48,116,400,100,2,100,0.0,0,0.3,0.0,0.0,1.0,0.7,1.0,1.0,0.25,1.0,0.25
noise_1.0,1.0056183999756672,0.050870457945589184,1.0,1.0,0.11044524076580105,49,117,400,100,2,100,0.0,0,0.3,0.0,0.0,1.0,0.7,1.0,1.0,0.25,1.0,0.25
noise_1.0,0.9282145491810634,0.05303524930244958,1.0,1.0,-1.3535422528054564,50,118,400,100,2,100,0.0,0,0.3,0.0,0.0,1.0,0.7,1.0,1.0,0.25,1.0,0.25
noise_1.0,0.9379714370436284,0.05303440604493661,1.0,1.0,-1.1695909803121798,51,119,400,100,2,100,0.0,0,0.3,0.0,0.0,1.0,0.7,1.0,1.0,0.25,1.0,0.25
noise_1.0,1.006328009507258,0.04488516956631865,1.0,1.0,0.14098219007300916,52,120,400,100,2,100,0.0,0,0.3,0.0,0.0,1.0,0.7,1.0,1.0,0.25,1.0,0.25
noise_1.0,0.9120243120310385,0.05280658467572951,1.0,1.0,-1.6659984452544248,53,121,400,100,2,100,0.0,0,0.3,0.0,0.0,1.0,0.7,1.0,1.0,0.25,1.0,0.25
noise_1.0,0.95819229091937,0.04963592305542855,1.0,1.0,-0.8422873295605536,54,122,400,100,2,100,0.0,0,0.3,0.0,0.0,1.0,0.7,1.0,1.0,0.25,1.0,0.25
noise_1.0,1.0112722090636055,0.052833268786563956,1.0,1.0,0.2133543754247537,55,123,400,100,2,100,0.0,0,0.3,0.0,0.0,1.0,0.7,1.0,1.0,0.25,1.0,0.25
noise_1.0,0.979282561559847,0.05093774184697172,1.0,1.0,-0.4067207867673587,56,124,400,100,2,100,0.0,0,0.3,0.0,0.0,1.0,0.7,1.0,1.0,0.25,1.0,0.25
noise_1.0,0.9499278121515281,0.046628861554976996,1.0,1.0,-1.0738453862836668,57,125,400,100,2,100,0.0,0,0.3,0.0,0.0,1.0,0.7,1.0,1.0,0.25,1.0,0.25
noise_1.0,1.0390634225013669,0.05237096163888609,1.0,1.0,0.7458985147288526,58,126,400,100,2,100,0.0,0,0.3,0.0,0.0,1.0,0.7,1.0,1.0,0.25,1.0,0.25
noise_1.0,0.9580681024780269,0.052412876240600696,1.0,1.0,-0.800030460635002,59,127,400,100,2,100,0.0,0,0.3,0.0,0.0,1.0,0.7,1.0,1.0,0.25,1.0,0.25
noise_1.0,1.0218006024702224,0.048480134895926015,1.0,1.0,0.44968114294695194,60,128,400,100,2,100,0.0,0,0.3,0.0,0.0,1.0,0.7,1.0,1.0,0.25,1.0,0.25
noise_1.0,0.9190402284673531,0.05234709921442271,1.0,1.0,-1.5465951838328569,61,129,400,100,2,100,0.0,0,0.3,0.0,0.0,1.0,0.7,1.0,1.0,0.25,1.0,0.25
noise_1.0,0.9791675374107667,0.051117870809095085,1.0,1.0,-0.40753776046412976,62,130,400,100,2,100,0.0,0,0.3,0.0,0.0,1.0,0.7,1.0,1.0,0.25,1.0,0.25
noise_1.0,0.9937381617326644,0.047282221388190514,1.0,1.0,-0.13243536541833484,63,131,400,100,2,100,0.0,0,0.3,0.0,0.0,1.0,0.7,1.0,1.0,0.25,1.0,0.25
noise_1.0,0.9487535810637795,0.0506042207957589,1.0,1.0,-1.0126906042690302,64,132,400,100,2,100,0.0,0,0.3,0.0,0.0,1.0,0.7,1.0,1.0,0.25,1.0,0.25
noise_1.0,1.015135783566192,0.045391907597525885,1.0,1.0,0.33344673901779437,65,133,400,100,2,100,0.0,0,0.3,0.0,0.0,1.0,0.7,1.0,1.0,0.25,1.0,0.25
noise_1.0,1.0009358854114287,0.05104490261361603,1.0,1.0,0.018334551806532505,66,134,400,100,2,100,0.0,0,0.3,0.0,0.0,1.0,0.7,1.0,1.0,0.25,1.0,0.25
noise_1.0,1.049714536275465,0.05672053115755446,1.0,1.0,0.8764822060176284,67,135,400,100,2,100,0.0,0,0.3,0.0,0.0,1.0,0.7,1.0,1.0,0.25,1.0,0.25
noise_1.0,0.9946396224452655,0.047957704191653516,1.0,1.0,-0.11177302260576977,68,136,400,100,2,100,0.0,0,0.3,0.0,0.0,1.0,0.7,1.0,1.0,0.25,1.0,0.25
noise_1.0,1.0606323931323212,0.05568901981166742,1.0,1.0,1.0887674686566857,69,137,400,100,2,100,0.0,0,0.3,0.0,0.0,1.0,0.7,1.0,1.0,0.25,1.0,0.25
noise_1.0,0.9709599783926106,0.05767821856061372,1.0,1.0,-0.5034833310059913,70,138,400,100,2,100,0.0,0,0.3,0.0,0.0,1.0,0.7,1.0,1.0,0.25,1.0,0.25
noise_1.0,1.0531183990563302,0.05131477029441831,1.0,1.0,1.035148335490222,71,139,400,100,2,100,0.0,0,0.3,0.0,0.0,1.0,0.7,1.0,1.0,0.25,1.0,0.25
noise_1.0,1.0734498005356057,0.04872948342440988,1.0,1.0,1.5072969252699433,72,140,400,100,2,100,0.0,0,0.3,0.0,0.0,1.0,0.7,1.0,1.0,0.25,1.0,0.25
noise_1.0,1.010167432236163,0.05031722898507337,1.0,1.0,0.20206661696690556,73,141,400,100,2,100,0.0,0,0.3,0.0,0.0,1.0,0.7,1.0,1.0,0.25,1.0,0.25
noise_1.0,0.9556875761871506,0.04730880933437309,1.0,1.0,-0.9366632649673002,74,142,400,100,2,100,0.0,0,0.3,0.0,0.0,1.0,0.7,1.0,1.0,0.25,1.0,0.25
noise_1.0,0.9663442338667676,0.04876792218664611,1.0,1.0,-0.6901209775643917,75,143,400,100,2,100,0.0,0,0.3,0.0,0.0,1.0,0.7,1.0,1.0,0.25,1.0,0.25
noise_1.0,1.0525097066557916,0.055497688932943164,1.0,1.0,0.9461602395594902,76,144,400,100,2,100,0.0,0,0.3,0.0,0.0,1.0,0.7,1.0,1.0,0.25,1.0,0.25
noise_1.0,0.9831677308413207,0.05610134203344987,1.0,1.0,-0.30003327101592736,77,145,400,100,2,100,0.0,0,0.3,0.0,0.0,1.0,0.7,1.0,1.0,0.25,1.0,0.25
noise_1.0,0.9918880494551068,0.0563767745094616,1.0,1.0,-0.14388816344098948,78,146,400,100,2,100,0.0,0,0.3,0.0,0.0,1.0,0.7,1.0,1.0,0.25,1.0,0.25
noise_1.0,0.9165539623362983,0.05012020405613314,1.0,1.0,-1.6649181549669,79,147,400,100,2,100,0.0,0,0.3,0.0,0.0,1.0,0.7,1.0,1.0,0.25,1.0,0.25
noise_1.0,0.9402488966095489,0.047897845698620746,1.0,1.0,-1.2474695368641948,80,148,400,100,2,100,0.0,0,0.3,0.0,0.0,1.0,0.7,1.0,1.0,0.25,1.0,0.25
noise_1.0,1.022103684636711,0.051544363045421246,1.0,1.0,0.4288283593151237,81,149,400,100,2,100,0.0,0,0.3,0.0,0.0,1.0,0.7,1.0,1.0,0.25,1.0,0.25
noise_1.0,1.0506898807413996,0.05357980558202351,1.0,1.0,0.9460631704570139,82,150,400,100,2,100,0.0,0,0.3,0.0,0.0,1.0,0.7,1.0,1.0,0.25,1.0,0.25
noise_1.0,1.0019372513752243,0.04879295180518274,1.0,1.0,0.03970350846899359,83,151,400,100,2,100,0.0,0,0.3,0.0,0.0,1.0,0.7,1.0,1.0,0.25,1.0,0.25
noise_1.0,1.0531269557964755,0.048986483160187895,1.0,1.0,1.0845227574869605,84,152,400,100,2,100,0.0,0,0.3,0.0,0.0,1.0,0.7,1.0,1.0,0.25,1.0,0.25
noise_1.0,0.9640767560895815,0.0462722969960525,1.0,1.0,-0.7763445137267138,85,153,400,100,2,100,0.0,0,0.3,0.0,0.0,1.0,0.7,1.0,1.0,0.25,1.0,0.25
noise_1.0,0.9029752250964352,0.050477285990542776,1.0,1.0,-1.9221472192808253,86,154,400,100,2,100,0.0,0,0.3,0.0,0.0,1.0,0.7,1.0,1.0,0.25,1.0,0.25
noise_1.0,0.9335436059642013,0.050392752327364364,1.0,1.0,-1.318768889702249,87,155,400,100,2,100,0.0,0,0.3,0.0,0.0,1.0,0.7,1.0,1.0,0.25,1.0,0.25
noise_1.0,0.9451906781833542,0.05298788688951849,1.0,1.0,-1.0343745530167119,88,156,400,100,2,100,0.0,0,0.3,0.0,0.0,1.0,0.7,1.0,1.0,0.25,1.0,0.25
noise_1.0,1.0091123508045723,0.04689968084395278,1.0,1.0,0.19429451630793412,89,157,400,100,2,100,0.0,0,0.3,0.0,0.0,1.0,0.7,1.0,1.0,0.25,1.0,0.25
noise_1.0,0.980137955466942,0.04902667129165591,1.0,1.0,-0.4051273319149117,90,158,400,100,2,100,0.0,0,0.3,0.0,0.0,1.0,0.7,1.0,1.0,0.25,1.0,0.25
noise_1.0,0.9684158268127098,0.05464811312727495,1.0,1.0,-0.577955420230722,91,159,400,100,2,100,0.0,0,0.3,0.0,0.0,1.0,0.7,1.0,1.0,0.25,1.0,0.25
noise_1.0,1.031493409759839,0.047220857805747835,1.0,1.0,0.6669385357079534,92,160,400,100,2,100,0.0,0,0.3,0.0,0.0,1.0,0.7,1.0,1.0,0.25,1.0,0.25
noise_1.0,0.9931503618090738,0.04642058604003472,1.0,1.0,-0.14755604733250988,93,161,400,100,2,100,0.0,0,0.3,0.0,0.0,1.0,0.7,1.0,1.0,0.25,1.0,0.25
noise_1.0,0.9847311345406773,0.05188523087906919,1.0,1.0,-0.29428153639540344,94,162,400,100,2,100,0.0,0,0.3,0.0,0.0,1.0,0.7,1.0,1.0,0.25,1.0,0.25
noise_1.0,0.9643880268375676,0.0541524054872994,1.0,1.0,-0.657624953905041,95,163,400,100,2,100,0.0,0,0.3,0.0,0.0,1.0,0.7,1.0,1.0,0.25,1.0,0.25
noise_1.0,0.9867124404617554,0.058084915536440566,1.0,1.0,-0.22876093415180032,96,164,400,100,2,100,0.0,0,0.3,0.0,0.0,1.0,0.7,1.0,1.0,0.25,1.0,0.25
noise_1.0,1.0167609575653822,0.053699822409449975,1.0,1.0,0.3121231470298615,97,165,400,100,2,100,0.0,0,0.3,0.0,0.0,1.0,0.7,1.0,1.0,0.25,1.0,0.25
noise_1.0,0.8606738175594405,0.05043533776233044,1.0,1.0,-2.7624714857093826,98,166,400,100,2,100,0.0,0,0.3,0.0,0.0,1.0,0.7,1.0,1.0,0.25,1.0,0.25
noise_1.0,0.9405426841000762,0.05206106593588217,1.0,1.0,-1.1420687385300703,99,167,400,100,2,100,0.0,0,0.3,0.0,0.0,1.0,0.7,1.0,1.0,0.25,1.0,0.25
noise_2.0,0.9385574423362839,0.08548494425980126,1.0,1.0,-0.7187529710142077,0,69,400,100,2,100,0.0,0,0.3,0.0,0.0,2.0,0.7,1.0,1.0,0.25,1.0,0.25
noise_2.0,1.1454333409489132,0.11694841936601702,1.0,1.0,1.2435682477566978,1,70,400,100,2,100,0.0,0,0.3,0.0,0.0,2.0,0.7,1.0,1.0,0.25,1.0,0.25
noise_2.0,0.8341215747068595,0.10100253278017104,1.0,1.0,-1.6423194619700263,2,71,400,100,2,100,0.0,0,0.3,0.0,0.0,2.0,0.7,1.0,1.0,0.25,1.0,0.25
noise_2.0,0.8877697039738585,0.09862877918238265,1.0,1.0,-1.1379061665014347,3,72,400,100,2,100,0.0,0,0.3,0.0,0.0,2.0,0.7,1.0,1.0,0.25,1.0,0.25
noise_2.0,1.1057562554278453,0.09876819521084815,1.0,1.0,1.0707521302994267,4,73,400,100,2,100,0.0,0,0.3,0.0,0.0,2.0,0.7,1.0,1.0,0.25,1.0,0.25
noise_2.0,0.8116784408212304,0.0932592097868011,1.0,1.0,-2.0193347081675848,5,74,400,100,2,100,0.0,0,0.3,0.0,0.0,2.0,0.7,1.0,1.0,0.25,1.0,0.25
noise_2.0,1.0289923969990074,0.09962236049594037,1.0,1.0,0.2910229877577414,6,75,400,100,2,100,0.0,0,0.3,0.0,0.0,2.0,0.7,1.0,1.0,0.25,1.0,0.25
noise_2.0,1.127993342421889,0.09358711248522722,1.0,1.0,1.367638545767644,7,76,400,100,2,100,0.0,0,0.3,0.0,0.0,2.0,0.7,1.0,1.0,0.25,1.0,0.25
noise_2.0,1.0583808770520442,0.10434716317035567,1.0,1.0,0.5594869594751937,8,77,400,100,2,100,0.0,0,0.3,0.0,0.0,2.0,0.7,1.0,1.0,0.25,1.0,0.25
noise_2.0,1.013484235452408,0.09823248078515798,1.0,1.0,0.1372686034662927,9,78,400,100,2,100,0.0,0,0.3,0.0,0.0,2.0,0.7,1.0,1.0,0.25,1.0,0.25
noise_2.0,0.9891639201536992,0.10844528141535019,1.0,1.0,-0.09992209623946743,10,79,400,100,2,100,0.0,0,0.3,0.0,0.0,2.0,0.7,1.0,1.0,0.25,1.0,0.25
noise_2.0,1.0831919206185618,0.09761025589944723,1.0,1.0,0.8522866767633682,11,80,400,100,2,100,0.0,0,0.3,0.0,0.0,2.0,0.7,1.0,1.0,0.25,1.0,0.25
noise_2.0,0.9091843698954933,0.0942327046481268,1.0,1.0,-0.9637379128999873,12,81,400,100,2,100,0.0,0,0.3,0.0,0.0,2.0,0.7,1.0,1.0,0.25,1.0,0.25
noise_2.0,1.1492814169351442,0.09357623627394857,1.0,1.0,1.5952919553006624,13,82,400,100,2,100,0.0,0,0.3,0.0,0.0,2.0,0.7,1.0,1.0,0.25,1.0,0.25
noise_2.0,1.0077254153188986,0.09866381159068058,1.0,1.0,0.07830039397776825,14,83,400,100,2,100,0.0,0,0.3,0.0,0.0,2.0,0.7,1.0,1.0,0.25,1.0,0.25
noise_2.0,1.1005424482416435,0.11495467460385418,1.0,1.0,0.8746268787078322,15,84,400,100,2,100,0.0,0,0.3,0.0,0.0,2.0,0.7,1.0,1.0,0.25,1.0,0.25
noise_2.0,0.9601954202423983,0.091003400966317,1.0,1.0,-0.43739661743339114,16,85,400,100,2,100,0.0,0,0.3,0.0,0.0,2.0,0.7,1.0,1.0,0.25,1.0,0.25
noise_2.0,0.9693046324233419,0.09887888148327773,1.0,1.0,-0.31043400892281836,17,86,400,100,2,100,0.0,0,0.3,0.0,0.0,2.0,0.7,1.0,1.0,0.25,1.0,0.25
noise_2.0,0.9990275739519687,0.09636126923217694,1.0,1.0,-0.01009146159841738,18,87,400,100,2,100,0.0,0,0.3,0.0,0.0,2.0,0.7,1.0,1.0,0.25,1.0,0.25
noise_2.0,0.9257746832533196,0.10447045112230656,1.0,1.0,-0.7104910139593703,19,88,400,100,2,100,0.0,0,0.3,0.0,0.0,2.0,0.7,1.0,1.0,0.25,1.0,0.25
noise_2.0,1.0873430384377945,0.10355180118953583,1.0,1.0,0.843471938048922,20,89,400,100,2,100,0.0,0,0.3,0.0,0.0,2.0,0.7,1.0,1.0,0.25,1.0,0.25
noise_2.0,0.7883179823726001,0.08348459977677178,1.0,1.0,-2.535581630545194,21,90,400,100,2,100,0.0,0,0.3,0.0,0.0,2.0,0.7,1.0,1.0,0.25,1.0,0.25
noise_2.0,0.9642410230819232,0.10036493131115706,1.0,1.0,-0.3562895570287875,22,91,400,100,2,100,0.0,0,0.3,0.0,0.0,2.0,0.7,1.0,1.0,0.25,1.0,0.25
noise_2.0,1.1301795270178563,0.08429517779115911,1.0,1.0,1.5443294673436176,23,92,400,100,2,100,0.0,0,0.3,0.0,0.0,2.0,0.7,1.0,1.0,0.25,1.0,0.25
noise_2.0,1.111516056215225,0.09883777049980096,1.0,1.0,1.1282736918418215,24,93,400,100,2,100,0.0,0,0.3,0.0,0.0,2.0,0.7,1.0,1.0,0.25,1.0,0.25
noise_2.0,0.9514639901660114,0.09189685364665737,1.0,1.0,-0.5281574712079828,25,94,400,100,2,100,0.0,0,0.3,0.0,0.0,2.0,0.7,1.0,1.0,0.25,1.0,0.25
noise_2.0,0.9350284501126679,0.1001005504937143,1.0,1.0,-0.6490628629600986,26,95,400,100,2,100,0.0,0,0.3,0.0,0.0,2.0,0.7,1.0,1.0,0.25,1.0,0.25
noise_2.0,1.0307391811124467,0.09614911095808357,1.0,1.0,0.31970322768608317,27,96,400,100,2,100,0.0,0,0.3,0.0,0.0,2.0,0.7,1.0,1.0,0.25,1.0,0.25
noise_2.0,0.9774585819788021,0.08879737886557071,1.0,1.0,-0.25385229056505254,28,97,400,100,2,100,0.0,0,0.3,0.0,0.0,2.0,0.7,1.0,1.0,0.25,1.0,0.25
noise_2.0,1.0193122754306863,0.09927169842368168,1.0,1.0,0.19453958920158085,29,98,400,100,2,100,0.0,0,0.3,0.0,0.0,2.0,0.7,1.0,1.0,0.25,1.0,0.25
noise_2.0,0.8037913096411862,0.10249411090449888,1.0,1.0,-1.9143411131361054,30,99,400,100,2,100,0.0,0,0.3,0.0,0.0,2.0,0.7,1.0,1.0,0.25,1.0,0.25
noise_2.0,1.1209385439714992,0.10198253225301265,1.0,1.0,1.1858750837001946,31,100,400,100,2,100,0.0,0,0.3,0.0,0.0,2.0,0.7,1.0,1.0,0.25,1.0,0.25
noise_2.0,0.8436714018187159,0.10377913874890646,1.0,1.0,-1.5063586002531877,32,101,400,100,2,100,0.0,0,0.3,0.0,0.0,2.0,0.7,1.0,1.0,0.25,1.0,0.25
noise_2.0,0.9948437698214587,0.09532465801833577,1.0,1.0,-0.05409125283774396,33,102,400,100,2,100,0.0,0,0.3,0.0,0.0,2.0,0.7,1.0,1.0,0.25,1.0,0.25
noise_2.0,1.0881626748432498,0.09235318950003846,1.0,1.0,0.9546251225380049,34,103,400,100,2,100,0.0,0,0.3,0.0,0.0,2.0,0.7,1.0,1.0,0.25,1.0,0.25
noise_2.0,1.0329187325361184,0.10077071959556842,1.0,1.0,0.32666961859788185,35,104,400,100,2,100,0.0,0,0.3,0.0,0.0,2.0,0.7,1.0,1.0,0.25,1.0,0.25
noise_2.0,1.0022464736134484,0.11214229670753008,1.0,1.0,0.0200323488942561,36,105,400,100,2,100,0.0,0,0.3,0.0,0.0,2.0,0.7,1.0,1.0,0.25,1.0,0.25
noise_2.0,1.1216110595908901,0.09072627684605056,1.0,1.0,1.3404171737064292,37,106,400,100,2,100,0.0,0,0.3,0.0,0.0,2.0,0.7,1.0,1.0,0.25,1.0,0.25
noise_2.0,0.8272078679061654,0.10697447107615693,1.0,1.0,-1.615265122188087,38,107,400,100,2,100,0.0,0,0.3,0.0,0.0,2.0,0.7,1.0,1.0,0.25,1.0,0.25
noise_2.0,1.056735427825937,0.09617586523164341,1.0,1.0,0.5899133601687654,39,108,400,100,2,100,0.0,0,0.3,0.0,0.0,2.0,0.7,1.0,1.0,0.25,1.0,0.25
noise_2.0,1.0308653261603105,0.10418294917407477,1.0,1.0,0.2962608219963031,40,109,400,100,2,100,0.0,0,0.3,0.0,0.0,2.0,0.7,1.0,1.0,0.25,1.0,0.25
noise_2.0,0.944905636516181,0.10771103382088273,1.0,1.0,-0.5115015753672719,41,110,400,100,2,100,0.0,0,0.3,0.0,0.0,2.0,0.7,1.0,1.0,0.25,1.0,0.25
noise_2.0,0.9050416375970164,0.10145962871350298,1.0,1.0,-0.9359226286065234,42,111,400,100,2,100,0.0,0,0.3,0.0,0.0,2.0,0.7,1.0,1.0,0.25,1.0,0.25
noise_2.0,0.8664730062165136,0.08599001055229845,1.0,1.0,-1.5528198325115492,43,112,400,100,2,100,0.0,0,0.3,0.0,0.0,2.0,0.7,1.0,1.0,0.25,1.0,0.25
noise_2.0,0.9870001758901352,0.08304055836014292,1.0,1.0,-0.15654788896631888,44,113,400,100,2,100,0.0,0,0.3,0.0,0.0,2.0,0.7,1.0,1.0,0.25,1.0,0.25
noise_2.0,1.0506397420526297,0.11206485320541475,1.0,1.0,0.4518788951591011,45,114,400,100,2,100,0.0,0,0.3,0.0,0.0,2.0,0.7,1.0,1.0,0.25,1.0,0.25
noise_2.0,1.0406264539710137,0.09707648682418904,1.0,1.0,0.41849942555698894,46,115,400,100,2,100,0.0,0,0.3,0.0,0.0,2.0,0.7,1.0,1.0,0.25,1.0,0.25
noise_2.0,1.1032114806573794,0.0996238248119102,1.0,1.0,1.0360120267641066,47,116,400,100,2,100,0.0,0,0.3,0.0,0.0,2.0,0.7,1.0,1.0,0.25,1.0,0.25
noise_2.0,1.0166758158848517,0.09971863315310285,1.0,1.0,0.16722868492640172,48,117,400,100,2,100,0.0,0,0.3,0.0,0.0,2.0,0.7,1.0,1.0,0.25,1.0,0.25
noise_2.0,0.855224882454794,0.10523098413130216,1.0,1.0,-1.3757841261330652,49,118,400,100,2,100,0.0,0,0.3,0.0,0.0,2.0,0.7,1.0,1.0,0.25,1.0,0.25
noise_2.0,0.8633062549894286,0.10101261921620404,1.0,1.0,-1.3532343391472375,50,119,400,100,2,100,0.0,0,0.3,0.0,0.0,2.0,0.7,1.0,1.0,0.25,1.0,0.25
noise_2.0,1.0410993753326687,0.08748942508340918,1.0,1.0,0.4697639205365231,51,120,400,100,2,100,0.0,0,0.3,0.0,0.0,2.0,0.7,1.0,1.0,0.25,1.0,0.25
noise_2.0,0.8697957042348028,0.10839848755804238,1.0,1.0,-1.201163399032471,52,121,400,100,2,100,0.0,0,0.3,0.0,0.0,2.0,0.7,1.0,1.0,0.25,1.0,0.25
noise_2.0,0.9499806467584858,0.0994797295821183,1.0,1.0,-0.5028095015097958,53,122,400,100,2,100,0.0,0,0.3,0.0,0.0,2.0,0.7,1.0,1.0,0.25,1.0,0.25
noise_2.0,1.0146162696274104,0.10330118753504336,1.0,1.0,0.14149178703731757,54,123,400,100,2,100,0.0,0,0.3,0.0,0.0,2.0,0.7,1.0,1.0,0.25,1.0,0.25
noise_2.0,0.9629267491033323,0.09963697582591945,1.0,1.0,-0.37208326115236723,55,124,400,100,2,100,0.0,0,0.3,0.0,0.0,2.0,0.7,1.0,1.0,0.25,1.0,0.25
noise_2.0,0.9588013611180703,0.09188275605930149,1.0,1.0,-0.4483827069285981,56,125,400,100,2,100,0.0,0,0.3,0.0,0.0,2.0,0.7,1.0,1.0,0.25,1.0,0.25
noise_2.0,1.1068840349732751,0.10291329987641559,1.0,1.0,1.0385833036315797,57,126,400,100,2,100,0.0,0,0.3,0.0,0.0,2.0,0.7,1.0,1.0,0.25,1.0,0.25
noise_2.0,0.9195898194560519,0.10374652744574958,1.0,1.0,-0.7750638264591134,58,127,400,100,2,100,0.0,0,0.3,0.0,0.0,2.0,0.7,1.0,1.0,0.25,1.0,0.25
noise_2.0,1.0913969555316199,0.09658455835506673,1.0,1.0,0.9462895217227576,59,128,400,100,2,100,0.0,0,0.3,0.0,0.0,2.0,0.7,1.0,1.0,0.25,1.0,0.25
noise_2.0,0.8619139118189716,0.10221847956627349,1.0,1.0,-1.3508916271005589,60,129,400,100,2,100,0.0,0,0.3,0.0,0.0,2.0,0.7,1.0,1.0,0.25,1.0,0.25
noise_2.0,0.9448340726585915,0.0997454414131127,1.0,1.0,-0.5530671533441753,61,130,400,100,2,100,0.0,0,0.3,0.0,0.0,2.0,0.7,1.0,1.0,0.25,1.0,0.25
noise_2.0,0.9829091640065651,0.09369041433317907,1.0,1.0,-0.18241819203250545,62,131,400,100,2,100,0.0,0,0.3,0.0,0.0,2.0,0.7,1.0,1.0,0.25,1.0,0.25
noise_2.0,0.8507145639860743,0.09791302340093112,1.0,1.0,-1.5246739486598888,63,132,400,100,2,100,0.0,0,0.3,0.0,0.0,2.0,0.7,1.0,1.0,0.25,1.0,0.25
noise_2.0,1.0559390250287852,0.08861872463927642,1.0,1.0,0.6312325668924451,64,133,400,100,2,100,0.0,0,0.3,0.0,0.0,2.0,0.7,1.0,1.0,0.25,1.0,0.25
noise_2.0,0.9891643936615135,0.09878494502831112,1.0,1.0,-0.10968884312666313,65,134,400,100,2,100,0.0,0,0.3,0.0,0.0,2.0,0.7,1.0,1.0,0.25,1.0,0.25
noise_2.0,1.0553668970898633,0.10851235536982717,1.0,1.0,0.5102358796025044,66,135,400,100,2,100,0.0,0,0.3,0.0,0.0,2.0,0.7,1.0,1.0,0.25,1.0,0.25
noise_2.0,0.9877828525301885,0.09568827386878985,1.0,1.0,-0.1276765373212183,67,136,400,100,2,100,0.0,0,0.3,0.0,0.0,2.0,0.7,1.0,1.0,0.25,1.0,0.25
noise_2.0,1.1226666324567236,0.10964891382150356,1.0,1.0,1.1187218202308093,68,137,400,100,2,100,0.0,0,0.3,0.0,0.0,2.0,0.7,1.0,1.0,0.25,1.0,0.25
noise_2.0,0.9701858503831272,0.11496459566918552,1.0,1.0,-0.2593333142549729,69,138,400,100,2,100,0.0,0,0.3,0.0,0.0,2.0,0.7,1.0,1.0,0.25,1.0,0.25
noise_2.0,1.1091720311370379,0.0987969804007951,1.0,1.0,1.105013844493564,70,139,400,100,2,100,0.0,0,0.3,0.0,0.0,2.0,0.7,1.0,1.0,0.25,1.0,0.25
noise_2.0,1.1766112831396796,0.09715113162664855,1.0,1.0,1.8179024802139832,71,140,400,100,2,100,0.0,0,0.3,0.0,0.0,2.0,0.7,1.0,1.0,0.25,1.0,0.25
noise_2.0,1.0353626121345056,0.09555428247275478,1.0,1.0,0.3700787784638383,72,141,400,100,2,100,0.0,0,0.3,0.0,0.0,2.0,0.7,1.0,1.0,0.25,1.0,0.25
noise_2.0,0.9317127311484873,0.09269949369153221,1.0,1.0,-0.7366520153685642,73,142,400,100,2,100,0.0,0,0.3,0.0,0.0,2.0,0.7,1.0,1.0,0.25,1.0,0.25
noise_2.0,0.9455607775828929,0.0951951132737416,1.0,1.0,-0.5718699263539138,74,143,400,100,2,100,0.0,0,0.3,0.0,0.0,2.0,0.7,1.0,1.0,0.25,1.0,0.25
noise_2.0,1.1006622134714352,0.10814982028112502,1.0,1.0,0.9307663499557698,75,144,400,100,2,100,0.0,0,0.3,0.0,0.0,2.0,0.7,1.0,1.0,0.25,1.0,0.25
noise_2.0,0.9467303610500083,0.1103196535551622,1.0,1.0,-0.48286626392781173,76,145,400,100,2,100,0.0,0,0.3,0.0,0.0,2.0,0.7,1.0,1.0,0.25,1.0,0.25
noise_2.0,1.0091302788796777,0.11178698583978566,1.0,1.0,0.08167568712124748,77,146,400,100,2,100,0.0,0,0.3,0.0,0.0,2.0,0.7,1.0,1.0,0.25,1.0,0.25
noise_2.0,0.8326454290511498,0.10152143356588467,1.0,1.0,-1.6484654035173922,78,147,400,100,2,100,0.0,0,0.3,0.0,0.0,2.0,0.7,1.0,1.0,0.25,1.0,0.25
noise_2.0,0.8460699820975209,0.09506558319121076,1.0,1.0,-1.6191981654693155,79,148,400,100,2,100,0.0,0,0.3,0.0,0.0,2.0,0.7,1.0,1.0,0.25,1.0,0.25
noise_2.0,1.0386325962076275,0.1031847810833101,1.0,1.0,0.3744020755971369,80,149,400,100,2,100,0.0,0,0.3,0.0,0.0,2.0,0.7,1.0,1.0,0.25,1.0,0.25
noise_2.0,1.1144736947099743,0.1046322074107159,1.0,1.0,1.094057915271034,81,150,400,100,2,100,0.0,0,0.3,0.0,0.0,2.0,0.7,1.0,1.0,0.25,1.0,0.25
noise_2.0,0.997668016537219,0.09614544519865643,1.0,1.0,-0.02425474714857891,82,151,400,100,2,100,0.0,0,0.3,0.0,0.0,2.0,0.7,1.0,1.0,0.25,1.0,0.25
noise_2.0,1.1379244583929837,0.09236257876809414,1.0,1.0,1.4932937151883479,83,152,400,100,2,100,0.0,0,0.3,0.0,0.0,2.0,0.7,1.0,1.0,0.25,1.0,0.25
noise_2.0,0.9387944396638596,0.09327630448333539,1.0,1.0,-0.6561747988962764,84,153,400,100,2,100,0.0,0,0.3,0.0,0.0,2.0,0.7,1.0,1.0,0.25,1.0,0.25
noise_2.0,0.841460072921516,0.09636331103912087,1.0,1.0,-1.6452312126772097,85,154,400,100,2,100,0.0,0,0.3,0.0,0.0,2.0,0.7,1.0,1.0,0.25,1.0,0.25
noise_2.0,0.9461250255594904,0.09865780721539323,1.0,1.0,-0.5460791797539939,86,155,400,100,2,100,0.0,0,0.3,0.0,0.0,2.0,0.7,1.0,1.0,0.25,1.0,0.25
noise_2.0,0.8783310016000475,0.10053823620790796,1.0,1.0,-1.2101763765613234,87,156,400,100,2,100,0.0,0,0.3,0.0,0.0,2.0,0.7,1.0,1.0,0.25,1.0,0.25
noise_2.0,1.033072376157087,0.09073564210635658,1.0,1.0,0.3644915646083261,88,157,400,100,2,100,0.0,0,0.3,0.0,0.0,2.0,0.7,1.0,1.0,0.25,1.0,0.25
noise_2.0,0.9509812093049689,0.09555512794188233,1.0,1.0,-0.5129896401252781,89,158,400,100,2,100,0.0,0,0.3,0.0,0.0,2.0,0.7,1.0,1.0,0.25,1.0,0.25
noise_2.0,0.9673881716080164,0.106205134238815,1.0,1.0,-0.30706451835607124,90,159,400,100,2,100,0.0,0,0.3,0.0,0.0,2.0,0.7,1.0,1.0,0.25,1.0,0.25
noise_2.0,1.0354488235871246,0.09482113811341156,1.0,1.0,0.37384937886661734,91,160,400,100,2,100,0.0,0,0.3,0.0,0.0,2.0,0.7,1.0,1.0,0.25,1.0,0.25
noise_2.0,1.0070390911638454,0.09216876977457296,1.0,1.0,0.07637175999052216,92,161,400,100,2,100,0.0,0,0.3,0.0,0.0,2.0,0.7,1.0,1.0,0.25,1.0,0.25
noise_2.0,0.9849671721485845,0.10314518829378817,1.0,1.0,-0.14574434445354348,93,162,400,100,2,100,0.0,0,0.3,0.0,0.0,2.0,0.7,1.0,1.0,0.25,1.0,0.25
noise_2.0,0.9955513000445556,0.10118918246527168,1.0,1.0,-0.0439641851733627,94,163,400,100,2,100,0.0,0,0.3,0.0,0.0,2.0,0.7,1.0,1.0,0.25,1.0,0.25
noise_2.0,0.9994200500303081,0.11086668430602857,1.0,1.0,-0.0052310572226644154,95,164,400,100,2,100,0.0,0,0.3,0.0,0.0,2.0,0.7,1.0,1.0,0.25,1.0,0.25
noise_2.0,1.0289866903100806,0.10595302186683342,1.0,1.0,0.27358059071229135,96,165,400,100,2,100,0.0,0,0.3,0.0,0.0,2.0,0.7,1.0,1.0,0.25,1.0,0.25
noise_2.0,0.7720702394287821,0.10008391660334053,1.0,1.0,-2.2773865003161786,97,166,400,100,2,100,0.0,0,0.3,0.0,0.0,2.0,0.7,1.0,1.0,0.25,1.0,0.25
noise_2.0,0.8905704020995518,0.10078134305278444,1.0,1.0,-1.0858120618925884,98,167,400,100,2,100,0.0,0,0.3,0.0,0.0,2.0,0.7,1.0,1.0,0.25,1.0,0.25
noise_2.0,0.9910325120557509,0.08939073616118316,1.0,1.0,-0.10031786658608016,99,168,400,100,2,100,0.0,0,0.3,0.0,0.0,2.0,0.7,1.0,1.0,0.25,1.0,0.25
s1_0.5,1.1243374315502859,0.1185709036054293,1.0,1.0,1.0486335835311331,0,70,400,100,2,100,0.0,0,0.3,0.0,0.0,1.0,0.7,0.5,1.0,0.25,1.0,0.25
s1_0.5,0.7850991830600151,0.09756108435646346,1.0,1.0,-2.2027309183525654,1,71,400,100,2,100,0.0,0,0.3,0.0,0.0,1.0,0.7,0.5,1.0,0.25,1.0,0.25
s1_0.5,0.9327922992807196,0.10062352888675404,1.0,1.0,-0.6679123805617946,2,72,400,100,2,100,0.0,0,0.3,0.0,0.0,1.0,0.7,0.5,1.0,0.25,1.0,0.25
s1_0.5,1.0750248512940186,0.09238276736412307,1.0,1.0,0.8121087236790717,3,73,400,100,2,100,0.0,0,0.3,0.0,0.0,1.0,0.7,0.5,1.0,0.25,1.0,0.25
s1_0.5,0.8550022622896811,0.08988201317095874,1.0,1.0,-1.613200824001662,4,74,400,100,2,100,0.0,0,0.3,0.0,0.0,1.0,0.7,0.5,1.0,0.25,1.0,0.25
s1_0.5,1.0683359877621295,0.09775058678575771,1.0,1.0,0.6990851923160633,5,75,400,100,2,100,0.0,0,0.3,0.0,0.0,1.0,0.7,0.5,1.0,0.25,1.0,0.25
s1_0.5,1.1829457511581205,0.09298146124559832,1.0,1.0,1.9675508290291688,6,76,400,100,2,100,0.0,0,0.3,0.0,0.0,1.0,0.7,0.5,1.0,0.25,1.0,0.25
s1_0.5,1.0399023740407924,0.10200821660166803,1.0,1.0,0.39116823497274983,7,77,400,100,2,100,0.0,0,0.3,0.0,0.0,1.0,0.7,0.5,1.0,0.25,1.0,0.25
s1_0.5,1.0303146114247428,0.0967577366528962,1.0,1.0,0.31330426354940366,8,78,400,100,2,100,0.0,0,0.3,0.0,0.0,1.0,0.7,0.5,1.0,0.25,1.0,0.25
s1_0.5,1.0623203418441316,0.10663978704907023,1.0,1.0,0.5844004716124849,9,79,400,100,2,100,0.0,0,0.3,0.0,0.0,1.0,0.7,0.5,1.0,0.25,1.0,0.25
s1_0.5,1.0781238087075569,0.09610425718322146,1.0,1.0,0.8129068471817527,10,80,400,100,2,100,0.0,0,0.3,0.0,0.0,1.0,0.7,0.5,1.0,0.25,1.0,0.25
s1_0.5,0.9535249531567711,0.09157521224926848,1.0,1.0,-0.5075068427548214,11,81,400,100,2,100,0.0,0,0.3,0.0,0.0,1.0,0.7,0.5,1.0,0.25,1.0,0.25
s1_0.5,1.1850242668363735,0.09488643329223138,1.0,1.0,1.949954913644351,12,82,400,100,2,100,0.0,0,0.3,0.0,0.0,1.0,0.7,0.5,1.0,0.25,1.0,0.25
s1_0.5,1.0769405822040503,0.09956258916260134,1.0,1.0,0.7727860720696431,13,83,400,100,2,100,0.0,0,0.3,0.0,0.0,1.0,0.7,0.5,1.0,0.25,1.0,0.25
s1_0.5,1.0681121120218988,0.11464860539418191,1.0,1.0,0.5940945534201441,14,84,400,100,2,100,0.0,0,0.3,0.0,0.0,1.0,0.7,0.5,1.0,0.25,1.0,0.25
s1_0.5,0.956550313123377,0.09223706622865034,1.0,1.0,-0.47106536074026606,15,85,400,100,2,100,0.0,0,0.3,0.0,0.0,1.0,0.7,0.5,1.0,0.25,1.0,0.25
s1_0.5,0.9603477401396769,0.09600617608869562,1.0,1.0,-0.41301780235148816,16,86,400,100,2,100,0.0,0,0.3,0.0,0.0,1.0,0.7,0.5,1.0,0.25,1.0,0.25
s1_0.5,0.9566588620605154,0.09150831228649056,1.0,1.0,-0.47363061187047,17,87,400,100,2,100,0.0,0,0.3,0.0,0.0,1.0,0.7,0.5,1.0,0.25,1.0,0.25
s1_0.5,0.8861680720864693,0.1120121674889233,1.0,1.0,-1.0162460959858433,18,88,400,100,2,100,0.0,0,0.3,0.0,0.0,1.0,0.7,0.5,1.0,0.25,1.0,0.25
s1_0.5,1.0707898511169611,0.0984270776629634,1.0,1.0,0.7192111439025103,19,89,400,100,2,100,0.0,0,0.3,0.0,0.0,1.0,0.7,0.5,1.0,0.25,1.0,0.25
s1_0.5,0.8005705410654155,0.08492878531896807,1.0,1.0,-2.3481962939371486,20,90,400,100,2,100,0.0,0,0.3,0.0,0.0,1.0,0.7,0.5,1.0,0.25,1.0,0.25
s1_0.5,0.9658187803377117,0.09740923339287481,1.0,1.0,-0.3509032816676341,21,91,400,100,2,100,0.0,0,0.3,0.0,0.0,1.0,0.7,0.5,1.0,0.25,1.0,0.25
s1_0.5,1.1336997416305694,0.08368919978160741,1.0,1.0,1.5975746210917046,22,92,400,100,2,100,0.0,0,0.3,0.0,0.0,1.0,0.7,0.5,1.0,0.25,1.0,0.25
s1_0.5,1.1556121245068751,0.10080547999581675,1.0,1.0,1.5436871538465244,23,93,400,100,2,100,0.0,0,0.3,0.0,0.0,1.0,0.7,0.5,1.0,0.25,1.0,0.25
s1_0.5,0.9379991200228658,0.08629564724895286,1.0,1.0,-0.7184705365065392,24,94,400,100,2,100,0.0,0,0.3,0.0,0.0,1.0,0.7,0.5,1.0,0.25,1.0,0.25
s1_0.5,0.9746670664216979,0.09930242347608954,1.0,1.0,-0.2551089156892722,25,95,400,100,2,100,0.0,0,0.3,0.0,0.0,1.0,0.7,0.5,1.0,0.25,1.0,0.25
s1_0.5,1.0380529385310935,0.09528259769481319,1.0,1.0,0.39936923899761534,26,96,400,100,2,100,0.0,0,0.3,0.0,0.0,1.0,0.7,0.5,1.0,0.25,1.0,0.25
s1_0.5,0.9797322102282896,0.08778946493259614,1.0,1.0,-0.23086813192530337,27,97,400,100,2,100,0.0,0,0.3,0.0,0.0,1.0,0.7,0.5,1.0,0.25,1.0,0.25
s1_0.5,1.0192641292440732,0.09739507937368598,1.0,1.0,0.1977936602953056,28,98,400,100,2,100,0.0,0,0.3,0.0,0.0,1.0,0.7,0.5,1.0,0.25,1.0,0.25
s1_0.5,0.8237999283668359,0.10229139056455915,1.0,1.0,-1.7225308079271733,29,99,400,100,2,100,0.0,0,0.3,0.0,0.0,1.0,0.7,0.5,1.0,0.25,1.0,0.25
s1_0.5,1.0858759568838763,0.1043980232363268,1.0,1.0,0.8225822120163909,30,100,400,100,2,100,0.0,0,0.3,0.0,0.0,1.0,0.7,0.5,1.0,0.25,1.0,0.25
s1_0.5,0.8360336896911074,0.10557412488507666,1.0,1.0,-1.5530918251738213,31,101,400,100,2,100,0.0,0,0.3,0.0,0.0,1.0,0.7,0.5,1.0,0.25,1.0,0.25
s1_0.5,1.020020579355751,0.09696243114792574,1.0,1.0,0.2064776957294698,32,102,400,100,2,100,0.0,0,0.3,0.0,0.0,1.0,0.7,0.5,1.0,0.25,1.0,0.25
s1_0.5,1.0407386442151842,0.08949559783722494,1.0,1.0,0.45520277197633685,33,103,400,100,2,100,0.0,0,0.3,0.0,0.0,1.0,0.7,0.5,1.0,0.25,1.0,0.25
s1_0.5,1.011895099716102,0.10093741271448031,1.0,1.0,0.11784629104521896,34,104,400,100,2,100,0.0,0,0.3,0.0,0.0,1.0,0.7,0.5,1.0,0.25,1.0,0.25
s1_0.5,0.9599573487653393,0.09911300453495364,1.0,1.0,-0.4040100632862869,35,105,400,100,2,100,0.0,0,0.3,0.0,0.0,1.0,0.7,0.5,1.0,0.25,1.0,0.25
s1_0.5,1.1350162410718807,0.09302229312531402,1.0,1.0,1.4514396123302935,36,106,400,100,2,100,0.0,0,0.3,0.0,0.0,1.0,0.7,0.5,1.0,0.25,1.0,0.25
s1_0.5,0.8238679659956126,0.10201597228391848,1.0,1.0,-1.7265142904701045,37,107,400,100,2,100,0.0,0,0.3,0.0,0.0,1.0,0.7,0.5,1.0,0.25,1.0,0.25
s1_0.5,1.037296461899394,0.09837595152296959,1.0,1.0,0.3791217398358357,38,108,400,100,2,100,0.0,0,0.3,0.0,0.0,1.0,0.7,0.5,1.0,0.25,1.0,0.25
s1_0.5,1.0810438689326727,0.10868080854046179,1.0,1.0,0.7457054287786248,39,109,400,100,2,100,0.0,0,0.3,0.0,0.0,1.0,0.7,0.5,1.0,0.25,1.0,0.25
s1_0.5,0.9419008704086715,0.10494929473378918,1.0,1.0,-0.5535923775257445,40,110,400,100,2,100,0.0,0,0.3,0.0,0.0,1.0,0.7,0.5,1.0,0.25,1.0,0.25
s1_0.5,0.8881738134408255,0.1032914430648088,1.0,1.0,-1.0826277883349034,41,111,400,100,2,100,0.0,0,0.3,0.0,0.0,1.0,0.7,0.5,1.0,0.25,1.0,0.25
s1_0.5,0.9168548770295558,0.08905341406138348,1.0,1.0,-0.9336545246107378,42,112,400,100,2,100,0.0,0,0.3,0.0,0.0,1.0,0.7,0.5,1.0,0.25,1.0,0.25
s1_0.5,0.9557251460865881,0.08419885991209647,1.0,1.0,-0.5258367388778756,43,113,400,100,2,100,0.0,0,0.3,0.0,0.0,1.0,0.7,0.5,1.0,0.25,1.0,0.25
s1_0.5,1.0573747134313833,0.11049919951717779,1.0,1.0,0.5192319372636186,44,114,400,100,2,100,0.0,0,0.3,0.0,0.0,1.0,0.7,0.5,1.0,0.25,1.0,0.25
s1_0.5,1.031704663622717,0.0964390206830148,1.0,1.0,0.3287534796410567,45,115,400,100,2,100,0.0,0,0.3,0.0,0.0,1.0,0.7,0.5,1.0,0.25,1.0,0.25
s1_0.5,1.0026912523213074,0.09632782434288717,1.0,1.0,0.027938473018218064,46,116,400,100,2,100,0.0,0,0.3,0.0,0.0,1.0,0.7,0.5,1.0,0.25,1.0,0.25
s1_0.5,1.0055987964442952,0.09675520589762023,1.0,1.0,0.05786558348311965,47,117,400,100,2,100,0.0,0,0.3,0.0,0.0,1.0,0.7,0.5,1.0,0.25,1.0,0.25
s1_0.5,0.9409413474620688,0.10074493819341078,1.0,1.0,-0.5862195520389323,48,118,400,100,2,100,0.0,0,0.3,0.0,0.0,1.0,0.7,0.5,1.0,0.25,1.0,0.25
s1_0.5,0.8554470600411469,0.10353582272555073,1.0,1.0,-1.3961635321335029,49,119,400,100,2,100,0.0,0,0.3,0.0,0.0,1.0,0.7,0.5,1.0,0.25,1.0,0.25
s1_0.5,1.0858382103317474,0.08842836813661692,1.0,1.0,0.9707089720250425,50,120,400,100,2,100,0.0,0,0.3,0.0,0.0,1.0,0.7,0.5,1.0,0.25,1.0,0.25
s1_0.5,0.8819114715227678,0.11171505804376775,1.0,1.0,-1.0570511311999446,51,121,400,100,2,100,0.0,0,0.3,0.0,0.0,1.0,0.7,0.5,1.0,0.25,1.0,0.25
s1_0.5,0.9145599659670474,0.10145444620469975,1.0,1.0,-0.8421516969356316,52,122,400,100,2,100,0.0,0,0.3,0.0,0.0,1.0,0.7,0.5,1.0,0.25,1.0,0.25
s1_0.5,1.0277928040509985,0.10518765396740926,1.0,1.0,0.2642211609701805,53,123,400,100,2,100,0.0,0,0.3,0.0,0.0,1.0,0.7,0.5,1.0,0.25,1.0,0.25
s1_0.5,0.9867858218302411,0.09861745771016013,1.0,1.0,-0.13399430969510273,54,124,400,100,2,100,0.0,0,0.3,0.0,0.0,1.0,0.7,0.5,1.0,0.25,1.0,0.25
s1_0.5,0.9923608424284852,0.08785667382988978,1.0,1.0,-0.08695022516224447,55,125,400,100,2,100,0.0,0,0.3,0.0,0.0,1.0,0.7,0.5,1.0,0.25,1.0,0.25
s1_0.5,1.110333346213952,0.10269616880813422,1.0,1.0,1.0743667217039632,56,126,400,100,2,100,0.0,0,0.3,0.0,0.0,1.0,0.7,0.5,1.0,0.25,1.0,0.25
s1_0.5,1.019271420167534,0.10857740547918997,1.0,1.0,0.17749015168010707,57,127,400,100,2,100,0.0,0,0.3,0.0,0.0,1.0,0.7,0.5,1.0,0.25,1.0,0.25
s1_0.5,1.0741471806014335,0.09346993215108715,1.0,1.0,0.7932730761115797,58,128,400,100,2,100,0.0,0,0.3,0.0,0.0,1.0,0.7,0.5,1.0,0.25,1.0,0.25
s1_0.5,0.850827807130189,0.09919281205272965,1.0,1.0,-1.5038609127293712,59,129,400,100,2,100,0.0,0,0.3,0.0,0.0,1.0,0.7,0.5,1.0,0.25,1.0,0.25
s1_0.5,0.9434880613592868,0.09996150162822802,1.0,1.0,-0.5653370319594608,60,130,400,100,2,100,0.0,0,0.3,0.0,0.0,1.0,0.7,0.5,1.0,0.25,1.0,0.25
s1_0.5,1.0038653542313352,0.09807921984543608,1.0,1.0,0.03941053199063581,61,131,400,100,2,100,0.0,0,0.3,0.0,0.0,1.0,0.7,0.5,1.0,0.25,1.0,0.25
s1_0.5,0.8966775812549856,0.10116825143202657,1.0,1.0,-1.021292918306838,62,132,400,100,2,100,0.0,0,0.3,0.0,0.0,1.0,0.7,0.5,1.0,0.25,1.0,0.25
s1_0.5,1.016597096160741,0.09149844646645582,1.0,1.0,0.18139210884662996,63,133,400,100,2,100,0.0,0,0.3,0.0,0.0,1.0,0.7,0.5,1.0,0.25,1.0,0.25
s1_0.5,0.9936865938370233,0.1010293294823768,1.0,1.0,-0.0624908251427918,64,134,400,100,2,100,0.0,0,0.3,0.0,0.0,1.0,0.7,0.5,1.0,0.25,1.0,0.25
s1_0.5,1.1117905333961144,0.10628428158432063,1.0,1.0,1.0518068309792867,65,135,400,100,2,100,0.0,0,0.3,0.0,0.0,1.0,0.7,0.5,1.0,0.25,1.0,0.25
s1_0.5,1.0275752906482545,0.08820959912123164,1.0,1.0,0.3126109961156964,66,136,400,100,2,100,0.0,0,0.3,0.0,0.0,1.0,0.7,0.5,1.0,0.25,1.0,0.25
s1_0.5,1.1175842442385087,0.10900461553089379,1.0,1.0,1.078708857105076,67,137,400,100,2,100,0.0,0,0.3,0.0,0.0,1.0,0.7,0.5,1.0,0.25,1.0,0.25
s1_0.5,0.9574572632503627,0.11047861361144201,1.0,1.0,-0.3850766710312087,68,138,400,100,2,100,0.0,0,0.3,0.0,0.0,1.0,0.7,0.5,1.0,0.25,1.0,0.25
s1_0.5,1.123825273234433,0.0978400358668635,1.0,1.0,1.2655890008352921,69,139,400,100,2,100,0.0,0,0.3,0.0,0.0,1.0,0.7,0.5,1.0,0.25,1.0,0.25
s1_0.5,1.1488538359259164,0.09207274452065178,1.0,1.0,1.616698152106552,70,140,400,100,2,100,0.0,0,0.3,0.0,0.0,1.0,0.7,0.5,1.0,0.25,1.0,0.25
s1_0.5,1.0490709829976081,0.09459243750818946,1.0,1.0,0.5187622212754562,71,141,400,100,2,100,0.0,0,0.3,0.0,0.0,1.0,0.7,0.5,1.0,0.25,1.0,0.25
s1_0.5,0.9021544279922039,0.09302290268786689,1.0,1.0,-1.0518438919941189,72,142,400,100,2,100,0.0,0,0.3,0.0,0.0,1.0,0.7,0.5,1.0,0.25,1.0,0.25
s1_0.5,0.9623964403963874,0.09308420710082421,1.0,1.0,-0.40397357161652886,73,143,400,100,2,100,0.0,0,0.3,0.0,0.0,1.0,0.7,0.5,1.0,0.25,1.0,0.25
s1_0.5,1.0565058769293336,0.10583290688875427,1.0,1.0,0.5339159491171257,74,144,400,100,2,100,0.0,0,0.3,0.0,0.0,1.0,0.7,0.5,1.0,0.25,1.0,0.25
s1_0.5,0.9770152210193941,0.10696568111420565,1.0,1.0,-0.2148799385109829,75,145,400,100,2,100,0.0,0,0.3,0.0,0.0,1.0,0.7,0.5,1.0,0.25,1.0,0.25
s1_0.5,1.0259097282916787,0.11118049790888097,1.0,1.0,0.2330420242668212,76,146,400,100,2,100,0.0,0,0.3,0.0,0.0,1.0,0.7,0.5,1.0,0.25,1.0,0.25
s1_0.5,0.8901662685771938,0.09953069045286693,1.0,1.0,-1.1035162212083547,77,147,400,100,2,100,0.0,0,0.3,0.0,0.0,1.0,0.7,0.5,1.0,0.25,1.0,0.25
s1_0.5,0.9189655430427659,0.08966672809672978,1.0,1.0,-0.9037293841012751,78,148,400,100,2,100,0.0,0,0.3,0.0,0.0,1.0,0.7,0.5,1.0,0.25,1.0,0.25
s1_0.5,1.0303412767903724,0.10006948170868374,1.0,1.0,0.3032020979053339,79,149,400,100,2,100,0.0,0,0.3,0.0,0.0,1.0,0.7,0.5,1.0,0.25,1.0,0.25
s1_0.5,1.1280706928698496,0.09848819324121598,1.0,1.0,1.3003659490044719,80,150,400,100,2,100,0.0,0,0.3,0.0,0.0,1.0,0.7,0.5,1.0,0.25,1.0,0.25
s1_0.5,0.934692006491518,0.09980111204058235,1.0,1.0,-0.6543814209397356,81,151,400,100,2,100,0.0,0,0.3,0.0,0.0,1.0,0.7,0.5,1.0,0.25,1.0,0.25
s1_0.5,1.1274149570368022,0.10084253974676902,1.0,1.0,1.2635040465736043,82,152,400,100,2,100,0.0,0,0.3,0.0,0.0,1.0,0.7,0.5,1.0,0.25,1.0,0.25
s1_0.5,0.9807553736834903,0.09077160744002072,1.0,1.0,-0.21201151835088955,83,153,400,100,2,100,0.0,0,0.3,0.0,0.0,1.0,0.7,0.5,1.0,0.25,1.0,0.25
s1_0.5,0.8419310669189448,0.09918512379558132,1.0,1.0,-1.593675815809156,84,154,400,100,2,100,0.0,0,0.3,0.0,0.0,1.0,0.7,0.5,1.0,0.25,1.0,0.25
s1_0.5,0.8601852359144588,0.1002741989307154,1.0,1.0,-1.394324418209976,85,155,400,100,2,100,0.0,0,0.3,0.0,0.0,1.0,0.7,0.5,1.0,0.25,1.0,0.25
s1_0.5,0.8862085474577396,0.09614489198230095,1.0,1.0,-1.1835413218125823,86,156,400,100,2,100,0.0,0,0.3,0.0,0.0,1.0,0.7,0.5,1.0,0.25,1.0,0.25
s1_0.5,1.0269764078829169,0.08939393437233707,1.0,1.0,0.30177000343845173,87,157,400,100,2,100,0.0,0,0.3,0.0,0.0,1.0,0.7,0.5,1.0,0.25,1.0,0.25
s1_0.5,0.957986201186439,0.10063031241594733,1.0,1.0,-0.41750639350000596,88,158,400,100,2,100,0.0,0,0.3,0.0,0.0,1.0,0.7,0.5,1.0,0.25,1.0,0.25
s1_0.5,0.9206333219404088,0.10280098323429154,1.0,1.0,-0.7720420132432807,89,159,400,100,2,100,0.0,0,0.3,0.0,0.0,1.0,0.7,0.5,1.0,0.25,1.0,0.25
s1_0.5,1.0856236219646616,0.09348905031143247,1.0,1.0,0.9158679190710629,90,160,400,100,2,100,0.0,0,0.3,0.0,0.0,1.0,0.7,0.5,1.0,0.25,1.0,0.25
s1_0.5,0.9784566986088249,0.09119040423393057,1.0,1.0,-0.23624526694618128,91,161,400,100,2,100,0.0,0,0.3,0.0,0.0,1.0,0.7,0.5,1.0,0.25,1.0,0.25
s1_0.5,0.9383105468288618,0.10420512485198817,1.0,1.0,-0.5920001848158735,92,162,400,100,2,100,0.0,0,0.3,0.0,0.0,1.0,0.7,0.5,1.0,0.25,1.0,0.25
s1_0.5,0.9955097572342321,0.1034174042628952,1.0,1.0,-0.043418637295840216,93,163,400,100,2,100,0.0,0,0.3,0.0,0.0,1.0,0.7,0.5,1.0,0.25,1.0,0.25
s1_0.5,1.0148308661215013,0.11040755476440269,1.0,1.0,0.1343283632460542,94,164,400,100,2,100,0.0,0,0.3,0.0,0.0,1.0,0.7,0.5,1.0,0.25,1.0,0.25
s1_0.5,1.0618446311037655,0.10259756631392486,1.0,1.0,0.6027884805233604,95,165,400,100,2,100,0.0,0,0.3,0.0,0.0,1.0,0.7,0.5,1.0,0.25,1.0,0.25
s1_0.5,0.7993219029268718,0.09535110370107232,1.0,1.0,-2.1046226974179367,96,166,400,100,2,100,0.0,0,0.3,0.0,0.0,1.0,0.7,0.5,1.0,0.25,1.0,0.25
s1_0.5,0.9555236992888154,0.10531948129985053,1.0,1.0,-0.42229889629401074,97,167,400,100,2,100,0.0,0,0.3,0.0,0.0,1.0,0.7,0.5,1.0,0.25,1.0,0.25
s1_0.5,1.0104048924064828,0.08684832143841979,1.0,1.0,0.11980533686952635,98,168,400,100,2,100,0.0,0,0.3,0.0,0.0,1.0,0.7,0.5,1.0,0.25,1.0,0.25
s1_0.5,1.07853069593083,0.10187956285966768,1.0,1.0,0.7708189329296679,99,169,400,100,2,100,0.0,0,0.3,0.0,0.0,1.0,0.7,0.5,1.0,0.25,1.0,0.25
s1_1.0,0.9031483628569581,0.050476754190228845,1.0,1.0,-1.9187374207549617,0,71,400,100,2,100,0.0,0,0.3,0.0,0.0,1.0,0.7,1.0,1.0,0.25,1.0,0.25
s1_1.0,0.9611174586092663,0.050875059916909646,1.0,1.0,-0.7642750977441117,1,72,400,100,2,100,0.0,0,0.3,0.0,0.0,1.0,0.7,1.0,1.0,0.25,1.0,0.25
s1_1.0,1.0399714703109166,0.0485916173046874,1.0,1.0,0.8226001217510572,2,73,400,100,2,100,0.0,0,0.3,0.0,0.0,1.0,0.7,1.0,1.0,0.25,1.0,0.25
s1_1.0,0.9099699750058133,0.04734927016729408,1.0,1.0,-1.901402591340759,3,74,400,100,2,100,0.0,0,0.3,0.0,0.0,1.0,0.7,1.0,1.0,0.25,1.0,0.25
s1_1.0,1.0031014043312891,0.04986765553317166,1.0,1.0,0.062192703830363585,4,75,400,100,2,100,0.0,0,0.3,0.0,0.0,1.0,0.7,1.0,1.0,0.25,1.0,0.25
s1_1.0,1.0641502642195044,0.049012618796607246,1.0,1.0,1.3088520016797192,5,76,400,100,2,100,0.0,0,0.3,0.0,0.0,1.0,0.7,1.0,1.0,0.25,1.0,0.25
s1_1.0,0.9991914623951104,0.0525592888869589,1.0,1.0,-0.01538334368694726,6,77,400,100,2,100,0.0,0,0.3,0.0,0.0,1.0,0.7,1.0,1.0,0.25,1.0,0.25
s1_1.0,1.0217606947178286,0.049659417571693745,1.0,1.0,0.4381987502453586,7,78,400,100,2,100,0.0,0,0.3,0.0,0.0,1.0,0.7,1.0,1.0,0.25,1.0,0.25
s1_1.0,1.0203992803111481,0.05500704739871885,1.0,1.0,0.37084848716354185,8,79,400,100,2,100,0.0,0,0.3,0.0,0.0,1.0,0.7,1.0,1.0,0.25,1.0,0.25
s1_1.0,1.0258821392239559,0.05106532472239775,1.0,1.0,0.5068437215401418,9,80,400,100,2,100,0.0,0,0.3,0.0,0.0,1.0,0.7,1.0,1.0,0.25,1.0,0.25
s1_1.0,0.9507505316297568,0.048616835212914836,1.0,1.0,-1.0130126355316595,10,81,400,100,2,100,0.0,0,0.3,0.0,0.0,1.0,0.7,1.0,1.0,0.25,1.0,0.25
s1_1.0,1.0915556802445745,0.04804934732081498,1.0,1.0,1.9054510695697333,11,82,400,100,2,100,0.0,0,0.3,0.0,0.0,1.0,0.7,1.0,1.0,0.25,1.0,0.25
s1_1.0,1.0029074704467422,0.04947896528496542,1.0,1.0,0.0587617471383477,12,83,400,100,2,100,0.0,0,0.3,0.0,0.0,1.0,0.7,1.0,1.0,0.25,1.0,0.25
s1_1.0,1.0202890657032013,0.05763609841160848,1.0,1.0,0.3520201100065251,13,84,400,100,2,100,0.0,0,0.3,0.0,0.0,1.0,0.7,1.0,1.0,0.25,1.0,0.25
s1_1.0,0.9790405845280953,0.04687897747643021,1.0,1.0,-0.44709625935085046,14,85,400,100,2,100,0.0,0,0.3,0.0,0.0,1.0,0.7,1.0,1.0,0.25,1.0,0.25
s1_1.0,0.9873268582523692,0.052077790566121274,1.0,1.0,-0.24335021915993466,15,86,400,100,2,100,0.0,0,0.3,0.0,0.0,1.0,0.7,1.0,1.0,0.25,1.0,0.25
s1_1.0,0.9855593969496098,0.0488230032326404,1.0,1.0,-0.2957745753898234,16,87,400,100,2,100,0.0,0,0.3,0.0,0.0,1.0,0.7,1.0,1.0,0.25,1.0,0.25
s1_1.0,0.9388831881291605,0.05723595507890676,1.0,1.0,-1.0678045257842297,17,88,400,100,2,100,0.0,0,0.3,0.0,0.0,1.0,0.7,1.0,1.0,0.25,1.0,0.25
s1_1.0,1.0420157673758035,0.05221435845603773,1.0,1.0,0.8046784183162754,18,89,400,100,2,100,0.0,0,0.3,0.0,0.0,1.0,0.7,1.0,1.0,0.25,1.0,0.25
s1_1.0,0.8942397353570168,0.043234265928462405,1.0,1.0,-2.446213954875039,19,90,400,100,2,100,0.0,0,0.3,0.0,0.0,1.0,0.7,1.0,1.0,0.25,1.0,0.25
s1_1.0,0.9952677408617894,0.051554392343659064,1.0,1.0,-0.09179158017547016,20,91,400,100,2,100,0.0,0,0.3,0.0,0.0,1.0,0.7,1.0,1.0,0.25,1.0,0.25
s1_1.0,1.0598518237161254,0.042805867076120725,1.0,1.0,1.3982154270976974,21,92,400,100,2,100,0.0,0,0.3,0.0,0.0,1.0,0.7,1.0,1.0,0.25,1.0,0.25
s1_1.0,1.0494183292603598,0.05092865641308531,1.0,1.0,0.9703442568664068,22,93,400,100,2,100,0.0,0,0.3,0.0,0.0,1.0,0.7,1.0,1.0,0.25,1.0,0.25
s1_1.0,0.9789341314896696,0.045944372857906375,1.0,1.0,-0.458508130592652,23,94,400,100,2,100,0.0,0,0.3,0.0,0.0,1.0,0.7,1.0,1.0,0.25,1.0,0.25
s1_1.0,0.948643779077693,0.05187187036651196,1.0,1.0,-0.9900591700171679,24,95,400,100,2,100,0.0,0,0.3,0.0,0.0,1.0,0.7,1.0,1.0,0.25,1.0,0.25
s1_1.0,1.0209712332630425,0.04799752013555749,1.0,1.0,0.4369232661148803,25,96,400,100,2,100,0.0,0,0.3,0.0,0.0,1.0,0.7,1.0,1.0,0.25,1.0,0.25
s1_1.0,0.9942540086304413,0.046155870668171166,1.0,1.0,-0.12449101894032889,26,97,400,100,2,100,0.0,0,0.3,0.0,0.0,1.0,0.7,1.0,1.0,0.25,1.0,0.25
s1_1.0,1.0214369631043816,0.05093068658975596,1.0,1.0,0.42090465571483876,27,98,400,100,2,100,0.0,0,0.3,0.0,0.0,1.0,0.7,1.0,1.0,0.25,1.0,0.25
s1_1.0,0.9049094627044307,0.053787785275941136,1.0,1.0,-1.767883485213929,28,99,400,100,2,100,0.0,0,0.3,0.0,0.0,1.0,0.7,1.0,1.0,0.25,1.0,0.25
s1_1.0,1.0559731230696208,0.05124841462712594,1.0,1.0,1.092192284910098,29,100,400,100,2,100,0.0,0,0.3,0.0,0.0,1.0,0.7,1.0,1.0,0.25,1.0,0.25
s1_1.0,0.919934046031274,0.0543924258613617,1.0,1.0,-1.47200557248177,30,101,400,100,2,100,0.0,0,0.3,0.0,0.0,1.0,0.7,1.0,1.0,0.25,1.0,0.25
s1_1.0,0.9913339884506976,0.05075633628385715,1.0,1.0,-0.17073753118895907,31,102,400,100,2,100,0.0,0,0.3,0.0,0.0,1.0,0.7,1.0,1.0,0.25,1.0,0.25
s1_1.0,1.035156906973717,0.04757721269849284,1.0,1.0,0.7389442335874941,32,103,400,100,2,100,0.0,0,0.3,0.0,0.0,1.0,0.7,1.0,1.0,0.25,1.0,0.25
s1_1.0,1.021106076452672,0.05135733655815918,1.0,1.0,0.41096516811713246,33,104,400,100,2,100,0.0,0,0.3,0.0,0.0,1.0,0.7,1.0,1.0,0.25,1.0,0.25
s1_1.0,0.9961559164712229,0.0552728464328753,1.0,1.0,-0.06954741390866173,34,105,400,100,2,100,0.0,0,0.3,0.0,0.0,1.0,0.7,1.0,1.0,0.25,1.0,0.25
s1_1.0,1.0666599058578679,0.04661043296041887,1.0,1.0,1.430149896150392,35,106,400,100,2,100,0.0,0,0.3,0.0,0.0,1.0,0.7,1.0,1.0,0.25,1.0,0.25
s1_1.0,0.9085043035809407,0.0535832253479661,1.0,1.0,-1.7075436542853104,36,107,400,100,2,100,0.0,0,0.3,0.0,0.0,1.0,0.7,1.0,1.0,0.25,1.0,0.25
s1_1.0,1.0143881316330348,0.0492575837104953,1.0,1.0,0.2920998260409815,37,108,400,100,2,100,0.0,0,0.3,0.0,0.0,1.0,0.7,1.0,1.0,0.25,1.0,0.25
s1_1.0,1.0148755812731716,0.05300431546734854,1.0,1.0,0.28064849327853597,38,109,400,100,2,100,0.0,0,0.3,0.0,0.0,1.0,0.7,1.0,1.0,0.25,1.0,0.25
s1_1.0,0.966831283941574,0.05488495347161181,1.0,1.0,-0.6043316785461402,39,110,400,100,2,100,0.0,0,0.3,0.0,0.0,1.0,0.7,1.0,1.0,0.25,1.0,0.25
s1_1.0,0.9665751091592999,0.05112987508733076,1.0,1.0,-0.6537252591290275,40,111,400,100,2,100,0.0,0,0.3,0.0,0.0,1.0,0.7,1.0,1.0,0.25,1.0,0.25
s1_1.0,0.9264355811272296,0.04598460337782927,1.0,1.0,-1.5997619522415698,41,112,400,100,2,100,0.0,0,0.3,0.0,0.0,1.0,0.7,1.0,1.0,0.25,1.0,0.25
s1_1.0,0.9801241520861906,0.041355463794463955,1.0,1.0,-0.4806099627510414,42,113,400,100,2,100,0.0,0,0.3,0.0,0.0,1.0,0.7,1.0,1.0,0.25,1.0,0.25
s1_1.0,1.0386835978985876,0.05767004539048584,1.0,1.0,0.6707745353182851,43,114,400,100,2,100,0.0,0,0.3,0.0,0.0,1.0,0.7,1.0,1.0,0.25,1.0,0.25
s1_1.0,1.0152562010758284,0.04863320519141768,1.0,1.0,0.3136992722519682,44,115,400,100,2,100,0.0,0,0.3,0.0,0.0,1.0,0.7,1.0,1.0,0.25,1.0,0.25
s1_1.0,1.0304826536979361,0.05061086204540096,1.0,1.0,0.602294694577448,45,116,400,100,2,100,0.0,0,0.3,0.0,0.0,1.0,0.7,1.0,1.0,0.25,1.0,0.25
s1_1.0,1.0056183999756672,0.050870457945589184,1.0,1.0,0.11044524076580105,46,117,400,100,2,100,0.0,0,0.3,0.0,0.0,1.0,0.7,1.0,1.0,0.25,1.0,0.25
s1_1.0,0.9282145491810634,0.05303524930244958,1.0,1.0,-1.3535422528054564,47,118,400,100,2,100,0.0,0,0.3,0.0,0.0,1.0,0.7,1.0,1.0,0.25,1.0,0.25
s1_1.0,0.9379714370436285,0.053034406044936665,1.0,1.0,-1.1695909803121765,48,119,400,100,2,100,0.0,0,0.3,0.0,0.0,1.0,0.7,1.0,1.0,0.25,1.0,0.25
s1_1.0,1.0063280095072582,0.04488516956631865,1.0,1.0,0.1409821900730141,49,120,400,100,2,100,0.0,0,0.3,0.0,0.0,1.0,0.7,1.0,1.0,0.25,1.0,0.25
s1_1.0,0.9120243120310385,0.05280658467572951,1.0,1.0,-1.6659984452544248,50,121,400,100,2,100,0.0,0,0.3,0.0,0.0,1.0,0.7,1.0,1.0,0.25,1.0,0.25
s1_1.0,0.95819229091937,0.04963592305542855,1.0,1.0,-0.8422873295605536,51,122,400,100,2,100,0.0,0,0.3,0.0,0.0,1.0,0.7,1.0,1.0,0.25,1.0,0.25
s1_1.0,1.0112722090636055,0.052833268786563956,1.0,1.0,0.2133543754247537,52,123,400,100,2,100,0.0,0,0.3,0.0,0.0,1.0,0.7,1.0,1.0,0.25,1.0,0.25
s1_1.0,0.979282561559847,0.05093774184697172,1.0,1.0,-0.4067207867673587,53,124,400,100,2,100,0.0,0,0.3,0.0,0.0,1.0,0.7,1.0,1.0,0.25,1.0,0.25
s1_1.0,0.9499278121515281,0.046628861554977113,1.0,1.0,-1.073845386283664,54,125,400,100,2,100,0.0,0,0.3,0.0,0.0,1.0,0.7,1.0,1.0,0.25,1.0,0.25
s1_1.0,1.0390634225013669,0.05237096163888609,1.0,1.0,0.7458985147288526,55,126,400,100,2,100,0.0,0,0.3,0.0,0.0,1.0,0.7,1.0,1.0,0.25,1.0,0.25
s1_1.0,0.9580681024780269,0.052412876240600696,1.0,1.0,-0.800030460635002,56,127,400,100,2,100,0.0,0,0.3,0.0,0.0,1.0,0.7,1.0,1.0,0.25,1.0,0.25
s1_1.0,1.0218006024702224,0.048480134895926015,1.0,1.0,0.44968114294695194,57,128,400,100,2,100,0.0,0,0.3,0.0,0.0,1.0,0.7,1.0,1.0,0.25,1.0,0.25
s1_1.0,0.9190402284673531,0.05234709921442271,1.0,1.0,-1.5465951838328569,58,129,400,100,2,100,0.0,0,0.3,0.0,0.0,1.0,0.7,1.0,1.0,0.25,1.0,0.25
s1_1.0,0.9791675374107669,0.051117870809095085,1.0,1.0,-0.40753776046412543,59,130,400,100,2,100,0.0,0,0.3,0.0,0.0,1.0,0.7,1.0,1.0,0.25,1.0,0.25
s1_1.0,0.9937381617326644,0.047282221388190514,1.0,1.0,-0.13243536541833484,60,131,400,100,2,100,0.0,0,0.3,0.0,0.0,1.0,0.7,1.0,1.0,0.25,1.0,0.25
s1_1.0,0.9487535810637797,0.0506042207957589,1.0,1.0,-1.0126906042690258,61,132,400,100,2,100,0.0,0,0.3,0.0,0.0,1.0,0.7,1.0,1.0,0.25,1.0,0.25
s1_1.0,1.015135783566192,0.045391907597525885,1.0,1.0,0.33344673901779437,62,133,400,100,2,100,0.0,0,0.3,0.0,0.0,1.0,0.7,1.0,1.0,0.25,1.0,0.25
s1_1.0,1.0009358854114287,0.05104490261361603,1.0,1.0,0.018334551806532505,63,134,400,100,2,100,0.0,0,0.3,0.0,0.0,1.0,0.7,1.0,1.0,0.25,1.0,0.25
s1_1.0,1.0497145362754652,0.05672053115755446,1.0,1.0,0.8764822060176324,64,135,400,100,2,100,0.0,0,0.3,0.0,0.0,1.0,0.7,1.0,1.0,0.25,1.0,0.25
s1_1.0,0.9946396224452653,0.047957704191653516,1.0,1.0,-0.11177302260577439,65,136,400,100,2,100,0.0,0,0.3,0.0,0.0,1.0,0.7,1.0,1.0,0.25,1.0,0.25
s1_1.0,1.0606323931323212,0.05568901981166742,1.0,1.0,1.0887674686566857,66,137,400,100,2,100,0.0,0,0.3,0.0,0.0,1.0,0.7,1.0,1.0,0.25,1.0,0.25
s1_1.0,0.9709599783926106,0.05767821856061372,1.0,1.0,-0.5034833310059913,67,138,400,100,2,100,0.0,0,0.3,0.0,0.0,1.0,0.7,1.0,1.0,0.25,1.0,0.25
s1_1.0,1.0531183990563304,0.05131477029441831,1.0,1.0,1.0351483354902262,68,139,400,100,2,100,0.0,0,0.3,0.0,0.0,1.0,0.7,1.0,1.0,0.25,1.0,0.25
s1_1.0,1.0734498005356057,0.04872948342440988,1.0,1.0,1.5072969252699433,69,140,400,100,2,100,0.0,0,0.3,0.0,0.0,1.0,0.7,1.0,1.0,0.25,1.0,0.25
s1_1.0,1.010167432236163,0.05031722898507337,1.0,1.0,0.20206661696690556,70,141,400,100,2,100,0.0,0,0.3,0.0,0.0,1.0,0.7,1.0,1.0,0.25,1.0,0.25
s1_1.0,0.9556875761871505,0.04730880933437315,1.0,1.0,-0.9366632649673015,71,142,400,100,2,100,0.0,0,0.3,0.0,0.0,1.0,0.7,1.0,1.0,0.25,1.0,0.25
s1_1.0,0.9663442338667676,0.04876792218664611,1.0,1.0,-0.6901209775643917,72,143,400,100,2,100,0.0,0,0.3,0.0,0.0,1.0,0.7,1.0,1.0,0.25,1.0,0.25
s1_1.0,1.0525097066557916,0.055497688932943164,1.0,1.0,0.9461602395594902,73,144,400,100,2,100,0.0,0,0.3,0.0,0.0,1.0,0.7,1.0,1.0,0.25,1.0,0.25
s1_1.0,0.9831677308413207,0.05610134203344987,1.0,1.0,-0.30003327101592736,74,145,400,100,2,100,0.0,0,0.3,0.0,0.0,1.0,0.7,1.0,1.0,0.25,1.0,0.25
s1_1.0,0.9918880494551068,0.0563767745094616,1.0,1.0,-0.14388816344098948,75,146,400,100,2,100,0.0,0,0.3,0.0,0.0,1.0,0.7,1.0,1.0,0.25,1.0,0.25
s1_1.0,0.9165539623362983,0.05012020405613314,1.0,1.0,-1.6649181549669,76,147,400,100,2,100,0.0,0,0.3,0.0,0.0,1.0,0.7,1.0,1.0,0.25,1.0,0.25
s1_1.0,0.9402488966095491,0.047897845698620746,1.0,1.0,-1.2474695368641902,77,148,400,100,2,100,0.0,0,0.3,0.0,0.0,1.0,0.7,1.0,1.0,0.25,1.0,0.25
s1_1.0,1.0221036846367113,0.051544363045421246,1.0,1.0,0.42882835931512797,78,149,400,100,2,100,0.0,0,0.3,0.0,0.0,1.0,0.7,1.0,1.0,0.25,1.0,0.25
s1_1.0,1.0506898807413996,0.05357980558202351,1.0,1.0,0.9460631704570139,79,150,400,100,2,100,0.0,0,0.3,0.0,0.0,1.0,0.7,1.0,1.0,0.25,1.0,0.25
s1_1.0,1.0019372513752243,0.04879295180518274,1.0,1.0,0.03970350846899359,80,151,400,100,2,100,0.0,0,0.3,0.0,0.0,1.0,0.7,1.0,1.0,0.25,1.0,0.25
s1_1.0,1.0531269557964757,0.048986483160187895,1.0,1.0,1.084522757486965,81,152,400,100,2,100,0.0,0,0.3,0.0,0.0,1.0,0.7,1.0,1.0,0.25,1.0,0.25
s1_1.0,0.9640767560895815,0.0462722969960525,1.0,1.0,-0.7763445137267138,82,153,400,100,2,100,0.0,0,0.3,0.0,0.0,1.0,0.7,1.0,1.0,0.25,1.0,0.25
s1_1.0,0.9029752250964349,0.05047728599054283,1.0,1.0,-1.9221472192808298,83,154,400,100,2,100,0.0,0,0.3,0.0,0.0,1.0,0.7,1.0,1.0,0.25,1.0,0.25
s1_1.0,0.9335436059642013,0.050392752327364364,1.0,1.0,-1.318768889702249,84,155,400,100,2,100,0.0,0,0.3,0.0,0.0,1.0,0.7,1.0,1.0,0.25,1.0,0.25
s1_1.0,0.9451906781833542,0.05298788688951849,1.0,1.0,-1.0343745530167119,85,156,400,100,2,100,0.0,0,0.3,0.0,0.0,1.0,0.7,1.0,1.0,0.25,1.0,0.25
s1_1.0,1.0091123508045723,0.04689968084395278,1.0,1.0,0.19429451630793412,86,157,400,100,2,100,0.0,0,0.3,0.0,0.0,1.0,0.7,1.0,1.0,0.25,1.0,0.25
s1_1.0,0.980137955466942,0.04902667129165591,1.0,1.0,-0.4051273319149117,87,158,400,100,2,100,0.0,0,0.3,0.0,0.0,1.0,0.7,1.0,1.0,0.25,1.0,0.25
s1_1.0,0.9684158268127095,0.05464811312727495,1.0,1.0,-0.5779554202307261,88,159,400,100,2,100,0.0,0,0.3,0.0,0.0,1.0,0.7,1.0,1.0,0.25,1.0,0.25
s1_1.0,1.031493409759839,0.047220857805747835,1.0,1.0,0.6669385357079534,89,160,400,100,2,100,0.0,0,0.3,0.0,0.0,1.0,0.7,1.0,1.0,0.25,1.0,0.25
s1_1.0,0.9931503618090738,0.04642058604003472,1.0,1.0,-0.14755604733250988,90,161,400,100,2,100,0.0,0,0.3,0.0,0.0,1.0,0.7,1.0,1.0,0.25,1.0,0.25
s1_1.0,0.9847311345406773,0.05188523087906919,1.0,1.0,-0.29428153639540344,91,162,400,100,2,100,0.0,0,0.3,0.0,0.0,1.0,0.7,1.0,1.0,0.25,1.0,0.25
s1_1.0,0.9643880268375677,0.05415240548729935,1.0,1.0,-0.6576249539050397,92,163,400,100,2,100,0.0,0,0.3,0.0,0.0,1.0,0.7,1.0,1.0,0.25,1.0,0.25
s1_1.0,0.9867124404617554,0.058084915536440566,1.0,1.0,-0.22876093415180032,93,164,400,100,2,100,0.0,0,0.3,0.0,0.0,1.0,0.7,1.0,1.0,0.25,1.0,0.25
s1_1.0,1.0167609575653822,0.053699822409449975,1.0,1.0,0.3121231470298615,94,165,400,100,2,100,0.0,0,0.3,0.0,0.0,1.0,0.7,1.0,1.0,0.25,1.0,0.25
s1_1.0,0.8606738175594405,0.05043533776233044,1.0,1.0,-2.7624714857093826,95,166,400,100,2,100,0.0,0,0.3,0.0,0.0,1.0,0.7,1.0,1.0,0.25,1.0,0.25
s1_1.0,0.9405426841000765,0.05206106593588228,1.0,1.0,-1.1420687385300636,96,167,400,100,2,100,0.0,0,0.3,0.0,0.0,1.0,0.7,1.0,1.0,0.25,1.0,0.25
s1_1.0,0.9932209123919679,0.04587576472587235,1.0,1.0,-0.14777056357621807,97,168,400,100,2,100,0.0,0,0.3,0.0,0.0,1.0,0.7,1.0,1.0,0.25,1.0,0.25
s1_1.0,1.0389058460258445,0.0501207255652642,1.0,1.0,0.7762426738053423,98,169,400,100,2,100,0.0,0,0.3,0.0,0.0,1.0,0.7,1.0,1.0,0.25,1.0,0.25
s1_1.0,0.911139968303356,0.04358166399782721,1.0,1.0,-2.0389315952019227,99,170,400,100,2,100,0.0,0,0.3,0.0,0.0,1.0,0.7,1.0,1.0,0.25,1.0,0.25
s1_2.0,0.984417274719974,0.027838865184210426,1.0,1.0,-0.5597471440345992,0,72,400,100,2,100,0.0,0,0.3,0.0,0.0,1.0,0.7,2.0,1.0,0.25,1.0,0.25
s1_2.0,1.0254909242227437,0.026341535475454928,1.0,1.0,0.9677083648558056,1,73,400,100,2,100,0.0,0,0.3,0.0,0.0,1.0,0.7,2.0,1.0,0.25,1.0,0.25
s1_2.0,0.9656105581048154,0.02407744687376595,1.0,1.0,-1.4282844055469288,2,74,400,100,2,100,0.0,0,0.3,0.0,0.0,1.0,0.7,2.0,1.0,0.25,1.0,0.25
s1_2.0,1.0098220509992162,0.02565385723279889,1.0,1.0,0.3828683893453076,3,75,400,100,2,100,0.0,0,0.3,0.0,0.0,1.0,0.7,2.0,1.0,0.25,1.0,0.25
s1_2.0,1.0171294778315454,0.026531051337294664,1.0,1.0,0.6456388634500325,4,76,400,100,2,100,0.0,0,0.3,0.0,0.0,1.0,0.7,2.0,1.0,0.25,1.0,0.25
s1_2.0,1.0119650074306423,0.029460218845074916,1.0,1.0,0.4061411591530864,5,77,400,100,2,100,0.0,0,0.3,0.0,0.0,1.0,0.7,2.0,1.0,0.25,1.0,0.25
s1_2.0,1.0113264554563577,0.024973919563932388,1.0,1.0,0.45353135006951334,6,78,400,100,2,100,0.0,0,0.3,0.0,0.0,1.0,0.7,2.0,1.0,0.25,1.0,0.25
s1_2.0,1.0006963323003073,0.02873823499475702,1.0,1.0,0.024230169334836987,7,79,400,100,2,100,0.0,0,0.3,0.0,0.0,1.0,0.7,2.0,1.0,0.25,1.0,0.25
s1_2.0,1.0220412560636918,0.02617245727591559,1.0,1.0,0.8421546296294686,8,80,400,100,2,100,0.0,0,0.3,0.0,0.0,1.0,0.7,2.0,1.0,0.25,1.0,0.25
s1_2.0,0.975896786040861,0.023559001958321637,1.0,1.0,-1.0230999599125667,9,81,400,100,2,100,0.0,0,0.3,0.0,0.0,1.0,0.7,2.0,1.0,0.25,1.0,0.25
s1_2.0,1.0461538406186355,0.025764211226839195,1.0,1.0,1.7913935036581254,10,82,400,100,2,100,0.0,0,0.3,0.0,0.0,1.0,0.7,2.0,1.0,0.25,1.0,0.25
s1_2.0,0.9901100983056158,0.026599464069813186,1.0,1.0,-0.3718083066796787,11,83,400,100,2,100,0.0,0,0.3,0.0,0.0,1.0,0.7,2.0,1.0,0.25,1.0,0.25
s1_2.0,1.0032518462261302,0.028108154460077653,1.0,1.0,0.11569049226439995,12,84,400,100,2,100,0.0,0,0.3,0.0,0.0,1.0,0.7,2.0,1.0,0.25,1.0,0.25
s1_2.0,0.9753652110078199,0.024561782916638023,1.0,1.0,-1.0029723443037435,13,85,400,100,2,100,0.0,0,0.3,0.0,0.0,1.0,0.7,2.0,1.0,0.25,1.0,0.25
s1_2.0,0.9900580275550451,0.024670171754224837,1.0,1.0,-0.402995672020495,14,86,400,100,2,100,0.0,0,0.3,0.0,0.0,1.0,0.7,2.0,1.0,0.25,1.0,0.25
s1_2.0,0.9863901891115857,0.02504855948908762,1.0,1.0,-0.5433370687181986,15,87,400,100,2,100,0.0,0,0.3,0.0,0.0,1.0,0.7,2.0,1.0,0.25,1.0,0.25
s1_2.0,0.9507016573172994,0.03042810337764995,1.0,1.0,-1.6201582488020345,16,88,400,100,2,100,0.0,0,0.3,0.0,0.0,1.0,0.7,2.0,1.0,0.25,1.0,0.25
s1_2.0,1.0051938984167117,0.028582328995046525,1.0,1.0,0.18171711681059394,17,89,400,100,2,100,0.0,0,0.3,0.0,0.0,1.0,0.7,2.0,1.0,0.25,1.0,0.25
s1_2.0,0.9409818616890274,0.02190053240079237,1.0,1.0,-2.6948266476315106,18,90,400,100,2,100,0.0,0,0.3,0.0,0.0,1.0,0.7,2.0,1.0,0.25,1.0,0.25
s1_2.0,0.999513298546643,0.02679467928532617,1.0,1.0,-0.0181641081863439,19,91,400,100,2,100,0.0,0,0.3,0.0,0.0,1.0,0.7,2.0,1.0,0.25,1.0,0.25
s1_2.0,1.0430194830118267,0.023488247162371828,1.0,1.0,1.831532285676212,20,92,400,100,2,100,0.0,0,0.3,0.0,0.0,1.0,0.7,2.0,1.0,0.25,1.0,0.25
s1_2.0,1.0362647700353853,0.02696633351653778,1.0,1.0,1.3448164917616638,21,93,400,100,2,100,0.0,0,0.3,0.0,0.0,1.0,0.7,2.0,1.0,0.25,1.0,0.25
s1_2.0,0.9864626294219373,0.02388182645267673,1.0,1.0,-0.5668482100767214,22,94,400,100,2,100,0.0,0,0.3,0.0,0.0,1.0,0.7,2.0,1.0,0.25,1.0,0.25
s1_2.0,0.9777839621355602,0.025894894483487394,1.0,1.0,-0.8579311987004427,23,95,400,100,2,100,0.0,0,0.3,0.0,0.0,1.0,0.7,2.0,1.0,0.25,1.0,0.25
s1_2.0,0.9937018910097607,0.02405077312749763,1.0,1.0,-0.26186721552990644,24,96,400,100,2,100,0.0,0,0.3,0.0,0.0,1.0,0.7,2.0,1.0,0.25,1.0,0.25
s1_2.0,1.0031126602670566,0.023191083204153615,1.0,1.0,0.13421797678252037,25,97,400,100,2,100,0.0,0,0.3,0.0,0.0,1.0,0.7,2.0,1.0,0.25,1.0,0.25
s1_2.0,0.9903342897612426,0.02794698221615377,1.0,1.0,-0.3458588181005988,26,98,400,100,2,100,0.0,0,0.3,0.0,0.0,1.0,0.7,2.0,1.0,0.25,1.0,0.25
s1_2.0,0.947033326094596,0.027346804366689445,1.0,1.0,-1.9368505802426246,27,99,400,100,2,100,0.0,0,0.3,0.0,0.0,1.0,0.7,2.0,1.0,0.25,1.0,0.25
s1_2.0,1.0124704008895773,0.026447801757168217,1.0,1.0,0.47150991995761643,28,100,400,100,2,100,0.0,0,0.3,0.0,0.0,1.0,0.7,2.0,1.0,0.25,1.0,0.25
s1_2.0,0.9549084908558826,0.028673667166047103,1.0,1.0,-1.5725755928948952,29,101,400,100,2,100,0.0,0,0.3,0.0,0.0,1.0,0.7,2.0,1.0,0.25,1.0,0.25
s1_2.0,0.998689204687145,0.026629054828257136,1.0,1.0,-0.04922425228041194,30,102,400,100,2,100,0.0,0,0.3,0.0,0.0,1.0,0.7,2.0,1.0,0.25,1.0,0.25
s1_2.0,1.0220862596212918,0.02363807053931382,1.0,1.0,0.9343512019967507,31,103,400,100,2,100,0.0,0,0.3,0.0,0.0,1.0,0.7,2.0,1.0,0.25,1.0,0.25
s1_2.0,1.023593982143141,0.025475059264620962,1.0,1.0,0.9261600492489399,32,104,400,100,2,100,0.0,0,0.3,0.0,0.0,1.0,0.7,2.0,1.0,0.25,1.0,0.25
s1_2.0,0.9874291433029178,0.02754018346886277,1.0,1.0,-0.45645508176425154,33,105,400,100,2,100,0.0,0,0.3,0.0,0.0,1.0,0.7,2.0,1.0,0.25,1.0,0.25
s1_2.0,1.0136902380620816,0.024838732010865457,1.0,1.0,0.5511649328996716,34,106,400,100,2,100,0.0,0,0.3,0.0,0.0,1.0,0.7,2.0,1.0,0.25,1.0,0.25
s1_2.0,0.9607885124288735,0.02767967806257826,1.0,1.0,-1.4166164607289533,35,107,400,100,2,100,0.0,0,0.3,0.0,0.0,1.0,0.7,2.0,1.0,0.25,1.0,0.25
s1_2.0,1.008241255771131,0.024846058170004664,1.0,1.0,0.33169268600845264,36,108,400,100,2,100,0.0,0,0.3,0.0,0.0,1.0,0.7,2.0,1.0,0.25,1.0,0.25
s1_2.0,1.0019635135345355,0.026902605008082486,1.0,1.0,0.0729860002013036,37,109,400,100,2,100,0.0,0,0.3,0.0,0.0,1.0,0.7,2.0,1.0,0.25,1.0,0.25
s1_2.0,0.998084135845087,0.03010018636519241,1.0,1.0,-0.06364957783545318,38,110,400,100,2,100,0.0,0,0.3,0.0,0.0,1.0,0.7,2.0,1.0,0.25,1.0,0.25
s1_2.0,0.9792136445191181,0.02738299977704562,1.0,1.0,-0.7590970912656008,39,111,400,100,2,100,0.0,0,0.3,0.0,0.0,1.0,0.7,2.0,1.0,0.25,1.0,0.25
s1_2.0,0.9697785068853058,0.023010016368311646,1.0,1.0,-1.3134059807238518,40,112,400,100,2,100,0.0,0,0.3,0.0,0.0,1.0,0.7,2.0,1.0,0.25,1.0,0.25
s1_2.0,0.9894090847634013,0.021959432482464604,1.0,1.0,-0.4822945786534304,41,113,400,100,2,100,0.0,0,0.3,0.0,0.0,1.0,0.7,2.0,1.0,0.25,1.0,0.25
s1_2.0,1.0067794213971213,0.027575294749603727,1.0,1.0,0.24585127588595268,42,114,400,100,2,100,0.0,0,0.3,0.0,0.0,1.0,0.7,2.0,1.0,0.25,1.0,0.25
s1_2.0,1.002439063069474,0.026963894454687106,1.0,1.0,0.0904566316847441,43,115,400,100,2,100,0.0,0,0.3,0.0,0.0,1.0,0.7,2.0,1.0,0.25,1.0,0.25
s1_2.0,1.0306537196408925,0.026471652917397493,1.0,1.0,1.1579828330533328,44,116,400,100,2,100,0.0,0,0.3,0.0,0.0,1.0,0.7,2.0,1.0,0.25,1.0,0.25
s1_2.0,1.021931697131318,0.026261909775082807,1.0,1.0,0.83511432790492,45,117,400,100,2,100,0.0,0,0.3,0.0,0.0,1.0,0.7,2.0,1.0,0.25,1.0,0.25
s1_2.0,0.9614824525777974,0.028237999236366104,1.0,1.0,-1.3640324549834977,46,118,400,100,2,100,0.0,0,0.3,0.0,0.0,1.0,0.7,2.0,1.0,0.25,1.0,0.25
s1_2.0,0.9786312257784878,0.027485829444216084,1.0,1.0,-0.7774469482495048,47,119,400,100,2,100,0.0,0,0.3,0.0,0.0,1.0,0.7,2.0,1.0,0.25,1.0,0.25
s1_2.0,0.9930907530861164,0.0236170394933874,1.0,1.0,-0.29255347249676045,48,120,400,100,2,100,0.0,0,0.3,0.0,0.0,1.0,0.7,2.0,1.0,0.25,1.0,0.25
s1_2.0,0.9616866330731287,0.027066098969001612,1.0,1.0,-1.4155481723003738,49,121,400,100,2,100,0.0,0,0.3,0.0,0.0,1.0,0.7,2.0,1.0,0.25,1.0,0.25
s1_2.0,0.9672884409541356,0.026382488141549934,1.0,1.0,-1.2398966644221399,50,122,400,100,2,100,0.0,0,0.3,0.0,0.0,1.0,0.7,2.0,1.0,0.25,1.0,0.25
s1_2.0,1.0274305046488819,0.027642699265916316,1.0,1.0,0.9923236651025577,51,123,400,100,2,100,0.0,0,0.3,0.0,0.0,1.0,0.7,2.0,1.0,0.25,1.0,0.25
s1_2.0,0.9780661176535255,0.025245412530359463,1.0,1.0,-0.8688264578801169,52,124,400,100,2,100,0.0,0,0.3,0.0,0.0,1.0,0.7,2.0,1.0,0.25,1.0,0.25
s1_2.0,0.979667314072995,0.02390754484512774,1.0,1.0,-0.8504715167834855,53,125,400,100,2,100,0.0,0,0.3,0.0,0.0,1.0,0.7,2.0,1.0,0.25,1.0,0.25
s1_2.0,1.0219003022918134,0.027607439939310845,1.0,1.0,0.7932753757666992,54,126,400,100,2,100,0.0,0,0.3,0.0,0.0,1.0,0.7,2.0,1.0,0.25,1.0,0.25
s1_2.0,0.9746025307124587,0.027588026331234236,1.0,1.0,-0.9205975441159817,55,127,400,100,2,100,0.0,0,0.3,0.0,0.0,1.0,0.7,2.0,1.0,0.25,1.0,0.25
s1_2.0,1.028483982882225,0.025627907951971268,1.0,1.0,1.1114439358689059,56,128,400,100,2,100,0.0,0,0.3,0.0,0.0,1.0,0.7,2.0,1.0,0.25,1.0,0.25
s1_2.0,0.9617408094680149,0.026791945245762207,1.0,1.0,-1.4280109257104703,57,129,400,100,2,100,0.0,0,0.3,0.0,0.0,1.0,0.7,2.0,1.0,0.25,1.0,0.25
s1_2.0,0.9805469455903649,0.027462419062121435,1.0,1.0,-0.7083518158262476,58,130,400,100,2,100,0.0,0,0.3,0.0,0.0,1.0,0.7,2.0,1.0,0.25,1.0,0.25
s1_2.0,0.9861892252127592,0.02551916192013431,1.0,1.0,-0.5411923334498012,59,131,400,100,2,100,0.0,0,0.3,0.0,0.0,1.0,0.7,2.0,1.0,0.25,1.0,0.25
s1_2.0,0.9718692608431995,0.027552689937159352,1.0,1.0,-1.0209797744234614,60,132,400,100,2,100,0.0,0,0.3,0.0,0.0,1.0,0.7,2.0,1.0,0.25,1.0,0.25
s1_2.0,1.0100949571773654,0.02487386843256914,1.0,1.0,0.4058458862051133,61,133,400,100,2,100,0.0,0,0.3,0.0,0.0,1.0,0.7,2.0,1.0,0.25,1.0,0.25
s1_2.0,0.9944041069709091,0.027541722806519488,1.0,1.0,-0.2031787578577435,62,134,400,100,2,100,0.0,0,0.3,0.0,0.0,1.0,0.7,2.0,1.0,0.25,1.0,0.25
s1_2.0,1.0039007568803953,0.030758818653689967,1.0,1.0,0.12681751286723456,63,135,400,100,2,100,0.0,0,0.3,0.0,0.0,1.0,0.7,2.0,1.0,0.25,1.0,0.25
s1_2.0,0.9834962266395038,0.024699664991815265,1.0,1.0,-0.668178024518353,64,136,400,100,2,100,0.0,0,0.3,0.0,0.0,1.0,0.7,2.0,1.0,0.25,1.0,0.25
s1_2.0,1.0246635831925637,0.028884494098524564,1.0,1.0,0.8538693150877621,65,137,400,100,2,100,0.0,0,0.3,0.0,0.0,1.0,0.7,2.0,1.0,0.25,1.0,0.25
s1_2.0,0.9643667791792708,0.028881781794912412,1.0,1.0,-1.233761167290795,66,138,400,100,2,100,0.0,0,0.3,0.0,0.0,1.0,0.7,2.0,1.0,0.25,1.0,0.25
s1_2.0,1.007725875606044,0.027010629857098553,1.0,1.0,0.2860309310415318,67,139,400,100,2,100,0.0,0,0.3,0.0,0.0,1.0,0.7,2.0,1.0,0.25,1.0,0.25
s1_2.0,1.03852458927915,0.025418378116049876,1.0,1.0,1.515619490089512,68,140,400,100,2,100,0.0,0,0.3,0.0,0.0,1.0,0.7,2.0,1.0,0.25,1.0,0.25
s1_2.0,1.0182728064987039,0.02583880468660592,1.0,1.0,0.7071846674152065,69,141,400,100,2,100,0.0,0,0.3,0.0,0.0,1.0,0.7,2.0,1.0,0.25,1.0,0.25
s1_2.0,0.9742483109298632,0.024998414623376448,1.0,1.0,-1.0301328887495114,70,142,400,100,2,100,0.0,0,0.3,0.0,0.0,1.0,0.7,2.0,1.0,0.25,1.0,0.25
s1_2.0,0.9667533023543516,0.02570390480332455,1.0,1.0,-1.2934492988531543,71,143,400,100,2,100,0.0,0,0.3,0.0,0.0,1.0,0.7,2.0,1.0,0.25,1.0,0.25
s1_2.0,1.0278679173566778,0.030241553169583962,1.0,1.0,0.9215107835369555,72,144,400,100,2,100,0.0,0,0.3,0.0,0.0,1.0,0.7,2.0,1.0,0.25,1.0,0.25
s1_2.0,0.9924136658550242,0.02786835519370251,1.0,1.0,-0.2722203765613726,73,145,400,100,2,100,0.0,0,0.3,0.0,0.0,1.0,0.7,2.0,1.0,0.25,1.0,0.25
s1_2.0,0.9832829661615824,0.031016596788042094,1.0,1.0,-0.5389706018573438,74,146,400,100,2,100,0.0,0,0.3,0.0,0.0,1.0,0.7,2.0,1.0,0.25,1.0,0.25
s1_2.0,0.9445490149862885,0.026457148172064043,1.0,1.0,-2.095879142116378,75,147,400,100,2,100,0.0,0,0.3,0.0,0.0,1.0,0.7,2.0,1.0,0.25,1.0,0.25
s1_2.0,0.9551847200927794,0.024714338277749975,1.0,1.0,-1.8133311684726443,76,148,400,100,2,100,0.0,0,0.3,0.0,0.0,1.0,0.7,2.0,1.0,0.25,1.0,0.25
s1_2.0,1.018063089378017,0.027270389144051662,1.0,1.0,0.6623700630966951,77,149,400,100,2,100,0.0,0,0.3,0.0,0.0,1.0,0.7,2.0,1.0,0.25,1.0,0.25
s1_2.0,1.0414048627949368,0.02896070803767428,1.0,1.0,1.4296909709898753,78,150,400,100,2,100,0.0,0,0.3,0.0,0.0,1.0,0.7,2.0,1.0,0.25,1.0,0.25
s1_2.0,0.9747787076346908,0.02465447978731048,1.0,1.0,-1.022990246920176,79,151,400,100,2,100,0.0,0,0.3,0.0,0.0,1.0,0.7,2.0,1.0,0.25,1.0,0.25
s1_2.0,1.02265791105231,0.024463760030363893,1.0,1.0,0.926182689177275,80,152,400,100,2,100,0.0,0,0.3,0.0,0.0,1.0,0.7,2.0,1.0,0.25,1.0,0.25
s1_2.0,0.9535443337331642,0.026243962314702246,1.0,1.0,-1.7701468135705523,81,153,400,100,2,100,0.0,0,0.3,0.0,0.0,1.0,0.7,2.0,1.0,0.25,1.0,0.25
s1_2.0,0.9414489425656286,0.026337943887931394,1.0,1.0,-2.2230686527204853,82,154,400,100,2,100,0.0,0,0.3,0.0,0.0,1.0,0.7,2.0,1.0,0.25,1.0,0.25
s1_2.0,0.97313911996941,0.02479988003872648,1.0,1.0,-1.0831052403739492,83,155,400,100,2,100,0.0,0,0.3,0.0,0.0,1.0,0.7,2.0,1.0,0.25,1.0,0.25
s1_2.0,0.9400539726814251,0.02667983998660332,1.0,1.0,-2.246866073734904,84,156,400,100,2,100,0.0,0,0.3,0.0,0.0,1.0,0.7,2.0,1.0,0.25,1.0,0.25
s1_2.0,1.0044935419112613,0.02530461193343128,1.0,1.0,0.1775779815585561,85,157,400,100,2,100,0.0,0,0.3,0.0,0.0,1.0,0.7,2.0,1.0,0.25,1.0,0.25
s1_2.0,0.9962403248727014,0.023968381450749282,1.0,1.0,-0.15685978358714106,86,158,400,100,2,100,0.0,0,0.3,0.0,0.0,1.0,0.7,2.0,1.0,0.25,1.0,0.25
s1_2.0,0.980717119038301,0.02739316158776283,1.0,1.0,-0.7039304645402107,87,159,400,100,2,100,0.0,0,0.3,0.0,0.0,1.0,0.7,2.0,1.0,0.25,1.0,0.25
s1_2.0,1.0134893280740578,0.024650259460054672,1.0,1.0,0.5472286446281431,88,160,400,100,2,100,0.0,0,0.3,0.0,0.0,1.0,0.7,2.0,1.0,0.25,1.0,0.25
s1_2.0,1.0193515061513378,0.024937546553110413,1.0,1.0,0.7759987980423108,89,161,400,100,2,100,0.0,0,0.3,0.0,0.0,1.0,0.7,2.0,1.0,0.25,1.0,0.25
s1_2.0,1.0175276498054515,0.02721055903680785,1.0,1.0,0.6441488314055505,90,162,400,100,2,100,0.0,0,0.3,0.0,0.0,1.0,0.7,2.0,1.0,0.25,1.0,0.25
s1_2.0,0.9887146896749051,0.027268914311894925,1.0,1.0,-0.4138525720538936,91,163,400,100,2,100,0.0,0,0.3,0.0,0.0,1.0,0.7,2.0,1.0,0.25,1.0,0.25
s1_2.0,1.0088478060014967,0.0312682395124785,1.0,1.0,0.2829646356637933,92,164,400,100,2,100,0.0,0,0.3,0.0,0.0,1.0,0.7,2.0,1.0,0.25,1.0,0.25
s1_2.0,1.0049811776847337,0.026533825490186878,1.0,1.0,0.18772934519283427,93,165,400,100,2,100,0.0,0,0.3,0.0,0.0,1.0,0.7,2.0,1.0,0.25,1.0,0.25
s1_2.0,0.9445436875589227,0.026215204063474804,1.0,1.0,-2.1154255487312277,94,166,400,100,2,100,0.0,0,0.3,0.0,0.0,1.0,0.7,2.0,1.0,0.25,1.0,0.25
s1_2.0,0.9730041711488234,0.026369207472354217,1.0,1.0,-1.0237633755007356,95,167,400,100,2,100,0.0,0,0.3,0.0,0.0,1.0,0.7,2.0,1.0,0.25,1.0,0.25
s1_2.0,0.9920235377493289,0.023944847109166494,1.0,1.0,-0.3331181115630315,96,168,400,100,2,100,0.0,0,0.3,0.0,0.0,1.0,0.7,2.0,1.0,0.25,1.0,0.25
s1_2.0,1.0011331227946287,0.02571498948622032,1.0,1.0,0.04406468045557379,97,169,400,100,2,100,0.0,0,0.3,0.0,0.0,1.0,0.7,2.0,1.0,0.25,1.0,0.25
s1_2.0,0.9513058819044153,0.023866739685028927,1.0,1.0,-2.040250102787579,98,170,400,100,2,100,0.0,0,0.3,0.0,0.0,1.0,0.7,2.0,1.0,0.25,1.0,0.25
s1_2.0,0.9028311546875446,0.03128011804140808,1.0,1.0,-3.1064091632846447,99,171,400,100,2,100,0.0,0,0.3,0.0,0.0,1.0,0.7,2.0,1.0,0.25,1.0,0.25
ind_nl_mD,1.0701265739661172,0.0501909972031274,1.0,1.0,1.3971942753460103,0,73,400,100,2,100,0.0,0,0.3,0.0,0.0,1.0,0.7,1.0,0.0,2.0,1.0,0.25
ind_nl_mD,0.9199148845913289,0.04946337984292037,1.0,1.0,-1.619078915816013,1,74,400,100,2,100,0.0,0,0.3,0.0,0.0,1.0,0.7,1.0,0.0,2.0,1.0,0.25
ind_nl_mD,1.0011095459938981,0.0471621734886329,1.0,1.0,0.023526184478447426,2,75,400,100,2,100,0.0,0,0.3,0.0,0.0,1.0,0.7,1.0,0.0,2.0,1.0,0.25
ind_nl_mD,1.0537462192554317,0.04845838564705055,1.0,1.0,1.109121126050202,3,76,400,100,2,100,0.0,0,0.3,0.0,0.0,1.0,0.7,1.0,0.0,2.0,1.0,0.25
ind_nl_mD,1.035142428704516,0.05458390497657361,1.0,1.0,0.643824012217491,4,77,400,100,2,100,0.0,0,0.3,0.0,0.0,1.0,0.7,1.0,0.0,2.0,1.0,0.25
ind_nl_mD,0.9890084664269662,0.05032777741169699,1.0,1.0,-0.21839894663179044,5,78,400,100,2,100,0.0,0,0.3,0.0,0.0,1.0,0.7,1.0,0.0,2.0,1.0,0.25
ind_nl_mD,0.9532467590956619,0.056267767121815256,1.0,1.0,-0.8309062771785669,6,79,400,100,2,100,0.0,0,0.3,0.0,0.0,1.0,0.7,1.0,0.0,2.0,1.0,0.25
ind_nl_mD,1.0457531935252644,0.052839336861001666,1.0,1.0,0.8658926520145787,7,80,400,100,2,100,0.0,0,0.3,0.0,0.0,1.0,0.7,1.0,0.0,2.0,1.0,0.25
ind_nl_mD,0.9993547155084117,0.04782931276293723,1.0,1.0,-0.013491402119587268,8,81,400,100,2,100,0.0,0,0.3,0.0,0.0,1.0,0.7,1.0,0.0,2.0,1.0,0.25
ind_nl_mD,1.1343976236887117,0.04801199469969944,1.0,1.0,2.7992509898688507,9,82,400,100,2,100,0.0,0,0.3,0.0,0.0,1.0,0.7,1.0,0.0,2.0,1.0,0.25
ind_nl_mD,0.9614682626657604,0.05570843128178608,1.0,1.0,-0.6916679656502485,10,83,400,100,2,100,0.0,0,0.3,0.0,0.0,1.0,0.7,1.0,0.0,2.0,1.0,0.25
ind_nl_mD,1.0042625989063643,0.056959402489095076,1.0,1.0,0.07483573773759909,11,84,400,100,2,100,0.0,0,0.3,0.0,0.0,1.0,0.7,1.0,0.0,2.0,1.0,0.25
ind_nl_mD,0.9819003365678728,0.04748888072077285,1.0,1.0,-0.38113476581076705,12,85,400,100,2,100,0.0,0,0.3,0.0,0.0,1.0,0.7,1.0,0.0,2.0,1.0,0.25
ind_nl_mD,0.9864324779106447,0.05158138410247809,1.0,1.0,-0.2630313692707498,13,86,400,100,2,100,0.0,0,0.3,0.0,0.0,1.0,0.7,1.0,0.0,2.0,1.0,0.25
ind_nl_mD,0.9906790997169626,0.04873479227951087,1.0,1.0,-0.19125761795759513,14,87,400,100,2,100,0.0,0,0.3,0.0,0.0,1.0,0.7,1.0,0.0,2.0,1.0,0.25
ind_nl_mD,0.9509615888668524,0.05539920165798535,1.0,1.0,-0.8851826319789404,15,88,400,100,2,100,0.0,0,0.3,0.0,0.0,1.0,0.7,1.0,0.0,2.0,1.0,0.25
ind_nl_mD,0.974880999845479,0.058418898556687096,1.0,1.0,-0.42998072156643957,16,89,400,100,2,100,0.0,0,0.3,0.0,0.0,1.0,0.7,1.0,0.0,2.0,1.0,0.25
ind_nl_mD,0.9229573898286982,0.042908301381797416,1.0,1.0,-1.7955175966015942,17,90,400,100,2,100,0.0,0,0.3,0.0,0.0,1.0,0.7,1.0,0.0,2.0,1.0,0.25
ind_nl_mD,1.0142345127180563,0.05037769219486694,1.0,1.0,0.282555871416172,18,91,400,100,2,100,0.0,0,0.3,0.0,0.0,1.0,0.7,1.0,0.0,2.0,1.0,0.25
ind_nl_mD,1.0390699790927245,0.04453277671482904,1.0,1.0,0.877330855493556,19,92,400,100,2,100,0.0,0,0.3,0.0,0.0,1.0,0.7,1.0,0.0,2.0,1.0,0.25
ind_nl_mD,1.0705540123856678,0.05402334696045876,1.0,1.0,1.3059911381889822,20,93,400,100,2,100,0.0,0,0.3,0.0,0.0,1.0,0.7,1.0,0.0,2.0,1.0,0.25
ind_nl_mD,0.9909613285086455,0.04774587177097514,1.0,1.0,-0.18930791618405732,21,94,400,100,2,100,0.0,0,0.3,0.0,0.0,1.0,0.7,1.0,0.0,2.0,1.0,0.25
ind_nl_mD,0.926732272097493,0.04795885366797875,1.0,1.0,-1.5277205833513603,22,95,400,100,2,100,0.0,0,0.3,0.0,0.0,1.0,0.7,1.0,0.0,2.0,1.0,0.25
ind_nl_mD,0.9852154282713577,0.05405961006970763,1.0,1.0,-0.27348646632075674,23,96,400,100,2,100,0.0,0,0.3,0.0,0.0,1.0,0.7,1.0,0.0,2.0,1.0,0.25
ind_nl_mD,1.019285869954121,0.05015674538013784,1.0,1.0,0.38451198952311205,24,97,400,100,2,100,0.0,0,0.3,0.0,0.0,1.0,0.7,1.0,0.0,2.0,1.0,0.25
ind_nl_mD,0.9757063339011656,0.051201445598982244,1.0,1.0,-0.4744722695743053,25,98,400,100,2,100,0.0,0,0.3,0.0,0.0,1.0,0.7,1.0,0.0,2.0,1.0,0.25
ind_nl_mD,0.9210514059016724,0.04914085352242956,1.0,1.0,-1.6065775915408698,26,99,400,100,2,100,0.0,0,0.3,0.0,0.0,1.0,0.7,1.0,0.0,2.0,1.0,0.25
ind_nl_mD,1.0697024254567284,0.05361753549841502,1.0,1.0,1.29999308638102,27,100,400,100,2,100,0.0,0,0.3,0.0,0.0,1.0,0.7,1.0,0.0,2.0,1.0,0.25
ind_nl_mD,0.9089223189910529,0.0535094349813549,1.0,1.0,-1.7020863898241994,28,101,400,100,2,100,0.0,0,0.3,0.0,0.0,1.0,0.7,1.0,0.0,2.0,1.0,0.25
ind_nl_mD,0.9783379502065847,0.05143481743257835,1.0,1.0,-0.42115537440781897,29,102,400,100,2,100,0.0,0,0.3,0.0,0.0,1.0,0.7,1.0,0.0,2.0,1.0,0.25
ind_nl_mD,1.0009508760074997,0.04906258113776903,1.0,1.0,0.019380880203378862,30,103,400,100,2,100,0.0,0,0.3,0.0,0.0,1.0,0.7,1.0,0.0,2.0,1.0,0.25
ind_nl_mD,1.0470273228998952,0.04996435970655679,1.0,1.0,0.9412173632583113,31,104,400,100,2,100,0.0,0,0.3,0.0,0.0,1.0,0.7,1.0,0.0,2.0,1.0,0.25
ind_nl_mD,1.0014095705086983,0.05806492822299718,1.0,1.0,0.024275764249373562,32,105,400,100,2,100,0.0,0,0.3,0.0,0.0,1.0,0.7,1.0,0.0,2.0,1.0,0.25
ind_nl_mD,1.1255028124302584,0.04786002176338534,1.0,1.0,2.622289079823876,33,106,400,100,2,100,0.0,0,0.3,0.0,0.0,1.0,0.7,1.0,0.0,2.0,1.0,0.25
ind_nl_mD,0.9311298320172487,0.05492231249316841,1.0,1.0,-1.2539560855402394,34,107,400,100,2,100,0.0,0,0.3,0.0,0.0,1.0,0.7,1.0,0.0,2.0,1.0,0.25
ind_nl_mD,0.9838141050461614,0.0470055427973129,1.0,1.0,-0.3443401350268818,35,108,400,100,2,100,0.0,0,0.3,0.0,0.0,1.0,0.7,1.0,0.0,2.0,1.0,0.25
ind_nl_mD,1.0453886306429587,0.05596410310404397,1.0,1.0,0.8110311454214826,36,109,400,100,2,100,0.0,0,0.3,0.0,0.0,1.0,0.7,1.0,0.0,2.0,1.0,0.25
ind_nl_mD,1.0042105323577861,0.0550513593117327,1.0,1.0,0.0764837128533675,37,110,400,100,2,100,0.0,0,0.3,0.0,0.0,1.0,0.7,1.0,0.0,2.0,1.0,0.25
ind_nl_mD,0.9456014160847106,0.055885206557657,1.0,1.0,-0.9733986374223411,38,111,400,100,2,100,0.0,0,0.3,0.0,0.0,1.0,0.7,1.0,0.0,2.0,1.0,0.25
ind_nl_mD,0.9470208233615464,0.04806225424654425,1.0,1.0,-1.1023031996519999,39,112,400,100,2,100,0.0,0,0.3,0.0,0.0,1.0,0.7,1.0,0.0,2.0,1.0,0.25
ind_nl_mD,0.9767607249140843,0.04489130379868181,1.0,1.0,-0.51767877337967,40,113,400,100,2,100,0.0,0,0.3,0.0,0.0,1.0,0.7,1.0,0.0,2.0,1.0,0.25
ind_nl_mD,1.0641914369715815,0.05477427048943239,1.0,1.0,1.1719268261905185,41,114,400,100,2,100,0.0,0,0.3,0.0,0.0,1.0,0.7,1.0,0.0,2.0,1.0,0.25
ind_nl_mD,1.014305230189378,0.05109600620804498,1.0,1.0,0.2799676775349554,42,115,400,100,2,100,0.0,0,0.3,0.0,0.0,1.0,0.7,1.0,0.0,2.0,1.0,0.25
ind_nl_mD,1.054433440302981,0.05223010129681713,1.0,1.0,1.042185233255484,43,116,400,100,2,100,0.0,0,0.3,0.0,0.0,1.0,0.7,1.0,0.0,2.0,1.0,0.25
ind_nl_mD,1.0179499931608422,0.04982519043401306,1.0,1.0,0.3602593990004843,44,117,400,100,2,100,0.0,0,0.3,0.0,0.0,1.0,0.7,1.0,0.0,2.0,1.0,0.25
ind_nl_mD,0.9510226669871029,0.054071515244231046,1.0,1.0,-0.9057880621927371,45,118,400,100,2,100,0.0,0,0.3,0.0,0.0,1.0,0.7,1.0,0.0,2.0,1.0,0.25
ind_nl_mD,0.944846548356487,0.05108035665917402,1.0,1.0,-1.079738969160222,46,119,400,100,2,100,0.0,0,0.3,0.0,0.0,1.0,0.7,1.0,0.0,2.0,1.0,0.25
ind_nl_mD,0.9872105747249549,0.04408705993092997,1.0,1.0,-0.29009476465615924,47,120,400,100,2,100,0.0,0,0.3,0.0,0.0,1.0,0.7,1.0,0.0,2.0,1.0,0.25
ind_nl_mD,0.9293959512633547,0.053342205840640776,1.0,1.0,-1.3236057194105182,48,121,400,100,2,100,0.0,0,0.3,0.0,0.0,1.0,0.7,1.0,0.0,2.0,1.0,0.25
ind_nl_mD,0.9621379245661957,0.051245455805285625,1.0,1.0,-0.738837714268102,49,122,400,100,2,100,0.0,0,0.3,0.0,0.0,1.0,0.7,1.0,0.0,2.0,1.0,0.25
ind_nl_mD,1.047692517948827,0.05285440726341995,1.0,1.0,0.9023375801214322,50,123,400,100,2,100,0.0,0,0.3,0.0,0.0,1.0,0.7,1.0,0.0,2.0,1.0,0.25
ind_nl_mD,0.9735683835211637,0.0533651271342768,1.0,1.0,-0.49529754538632176,51,124,400,100,2,100,0.0,0,0.3,0.0,0.0,1.0,0.7,1.0,0.0,2.0,1.0,0.25
ind_nl_mD,0.9436451219060181,0.045681927640109254,1.0,1.0,-1.2336361665373694,52,125,400,100,2,100,0.0,0,0.3,0.0,0.0,1.0,0.7,1.0,0.0,2.0,1.0,0.25
ind_nl_mD,1.0566997423427438,0.05172269537464264,1.0,1.0,1.0962255917262418,53,126,400,100,2,100,0.0,0,0.3,0.0,0.0,1.0,0.7,1.0,0.0,2.0,1.0,0.25
ind_nl_mD,0.9544218464277,0.05412026976412359,1.0,1.0,-0.8421641978309913,54,127,400,100,2,100,0.0,0,0.3,0.0,0.0,1.0,0.7,1.0,0.0,2.0,1.0,0.25
ind_nl_mD,1.0484669294290943,0.052725714590690656,1.0,1.0,0.9192275496945405,55,128,400,100,2,100,0.0,0,0.3,0.0,0.0,1.0,0.7,1.0,0.0,2.0,1.0,0.25
ind_nl_mD,0.9406034350149994,0.05472535374737688,1.0,1.0,-1.085357351168289,56,129,400,100,2,100,0.0,0,0.3,0.0,0.0,1.0,0.7,1.0,0.0,2.0,1.0,0.25
ind_nl_mD,0.9518556748947674,0.051949614178998536,1.0,1.0,-0.9267503881616065,57,130,400,100,2,100,0.0,0,0.3,0.0,0.0,1.0,0.7,1.0,0.0,2.0,1.0,0.25
ind_nl_mD,1.009607555736259,0.049764884585301705,1.0,1.0,0.1930589373675865,58,131,400,100,2,100,0.0,0,0.3,0.0,0.0,1.0,0.7,1.0,0.0,2.0,1.0,0.25
ind_nl_mD,0.9232230406684723,0.05239918807485107,1.0,1.0,-1.4652318509564224,59,132,400,100,2,100,0.0,0,0.3,0.0,0.0,1.0,0.7,1.0,0.0,2.0,1.0,0.25
ind_nl_mD,0.9934690828059299,0.049426217443085056,1.0,1.0,-0.13213467531863024,60,133,400,100,2,100,0.0,0,0.3,0.0,0.0,1.0,0.7,1.0,0.0,2.0,1.0,0.25
ind_nl_mD,1.0217969620753704,0.053270915838928436,1.0,1.0,0.4091719042577823,61,134,400,100,2,100,0.0,0,0.3,0.0,0.0,1.0,0.7,1.0,0.0,2.0,1.0,0.25
ind_nl_mD,1.0019081949326305,0.058746809023593465,1.0,1.0,0.032481677972741416,62,135,400,100,2,100,0.0,0,0.3,0.0,0.0,1.0,0.7,1.0,0.0,2.0,1.0,0.25
ind_nl_mD,0.9764726011771548,0.04520238195405911,1.0,1.0,-0.5204902442255575,63,136,400,100,2,100,0.0,0,0.3,0.0,0.0,1.0,0.7,1.0,0.0,2.0,1.0,0.25
ind_nl_mD,1.0532316703059945,0.05484670928817797,1.0,1.0,0.9705535846517674,64,137,400,100,2,100,0.0,0,0.3,0.0,0.0,1.0,0.7,1.0,0.0,2.0,1.0,0.25
ind_nl_mD,0.9665746621005447,0.05449816965427146,1.0,1.0,-0.6133295505427223,65,138,400,100,2,100,0.0,0,0.3,0.0,0.0,1.0,0.7,1.0,0.0,2.0,1.0,0.25
ind_nl_mD,1.0911399945502376,0.05444437472555612,1.0,1.0,1.6740020435473306,66,139,400,100,2,100,0.0,0,0.3,0.0,0.0,1.0,0.7,1.0,0.0,2.0,1.0,0.25
ind_nl_mD,1.06209452841946,0.050703158627255454,1.0,1.0,1.2246678530611539,67,140,400,100,2,100,0.0,0,0.3,0.0,0.0,1.0,0.7,1.0,0.0,2.0,1.0,0.25
ind_nl_mD,1.0129078063319221,0.047930380924653945,1.0,1.0,0.2693032286184635,68,141,400,100,2,100,0.0,0,0.3,0.0,0.0,1.0,0.7,1.0,0.0,2.0,1.0,0.25
ind_nl_mD,0.9680568702603012,0.049644404305976844,1.0,1.0,-0.6434386752396399,69,142,400,100,2,100,0.0,0,0.3,0.0,0.0,1.0,0.7,1.0,0.0,2.0,1.0,0.25
ind_nl_mD,0.9528017157335453,0.05013744594263519,1.0,1.0,-0.9413779138342355,70,143,400,100,2,100,0.0,0,0.3,0.0,0.0,1.0,0.7,1.0,0.0,2.0,1.0,0.25
ind_nl_mD,1.0487816649523367,0.05409686209895024,1.0,1.0,0.9017466644018772,71,144,400,100,2,100,0.0,0,0.3,0.0,0.0,1.0,0.7,1.0,0.0,2.0,1.0,0.25
ind_nl_mD,0.9728692129652913,0.055551769462825994,1.0,1.0,-0.4883874500678875,72,145,400,100,2,100,0.0,0,0.3,0.0,0.0,1.0,0.7,1.0,0.0,2.0,1.0,0.25
ind_nl_mD,1.0118754519195006,0.057955644471203285,1.0,1.0,0.20490587289390225,73,146,400,100,2,100,0.0,0,0.3,0.0,0.0,1.0,0.7,1.0,0.0,2.0,1.0,0.25
ind_nl_mD,0.9310311322931331,0.05166682757786337,1.0,1.0,-1.3348771531003896,74,147,400,100,2,100,0.0,0,0.3,0.0,0.0,1.0,0.7,1.0,0.0,2.0,1.0,0.25
ind_nl_mD,0.9064797304673275,0.047809563446453915,1.0,1.0,-1.9560996334428764,75,148,400,100,2,100,0.0,0,0.3,0.0,0.0,1.0,0.7,1.0,0.0,2.0,1.0,0.25
ind_nl_mD,1.0271015709526627,0.05070616801724821,1.0,1.0,0.5344827269030441,76,149,400,100,2,100,0.0,0,0.3,0.0,0.0,1.0,0.7,1.0,0.0,2.0,1.0,0.25
ind_nl_mD,1.0662043618912513,0.05546292172675105,1.0,1.0,1.193668848125602,77,150,400,100,2,100,0.0,0,0.3,0.0,0.0,1.0,0.7,1.0,0.0,2.0,1.0,0.25
ind_nl_mD,0.979135834717977,0.05180401380791022,1.0,1.0,-0.4027519056609682,78,151,400,100,2,100,0.0,0,0.3,0.0,0.0,1.0,0.7,1.0,0.0,2.0,1.0,0.25
ind_nl_mD,1.0345487282245909,0.04768077698374962,1.0,1.0,0.7245840024034349,79,152,400,100,2,100,0.0,0,0.3,0.0,0.0,1.0,0.7,1.0,0.0,2.0,1.0,0.25
ind_nl_mD,0.9750775834891167,0.05121546598719722,1.0,1.0,-0.4866189544602291,80,153,400,100,2,100,0.0,0,0.3,0.0,0.0,1.0,0.7,1.0,0.0,2.0,1.0,0.25
ind_nl_mD,0.8905560948479018,0.046245769357602655,1.0,1.0,-2.3665711841834893,81,154,400,100,2,100,0.0,0,0.3,0.0,0.0,1.0,0.7,1.0,0.0,2.0,1.0,0.25
ind_nl_mD,0.9537203363613306,0.050674448930139816,1.0,1.0,-0.9132741374745075,82,155,400,100,2,100,0.0,0,0.3,0.0,0.0,1.0,0.7,1.0,0.0,2.0,1.0,0.25
ind_nl_mD,0.9354816852561583,0.05375889568846241,1.0,1.0,-1.2001421144833613,83,156,400,100,2,100,0.0,0,0.3,0.0,0.0,1.0,0.7,1.0,0.0,2.0,1.0,0.25
ind_nl_mD,1.0344808815036413,0.048149318799989405,1.0,1.0,0.7161239735680092,84,157,400,100,2,100,0.0,0,0.3,0.0,0.0,1.0,0.7,1.0,0.0,2.0,1.0,0.25
ind_nl_mD,1.003349772300093,0.04640651636779849,1.0,1.0,0.07218323119848409,85,158,400,100,2,100,0.0,0,0.3,0.0,0.0,1.0,0.7,1.0,0.0,2.0,1.0,0.25
ind_nl_mD,1.0167249122359479,0.04984897473463593,1.0,1.0,0.335511659467032,86,159,400,100,2,100,0.0,0,0.3,0.0,0.0,1.0,0.7,1.0,0.0,2.0,1.0,0.25
ind_nl_mD,1.0370555551426208,0.04857471573879973,1.0,1.0,0.7628568603855397,87,160,400,100,2,100,0.0,0,0.3,0.0,0.0,1.0,0.7,1.0,0.0,2.0,1.0,0.25
ind_nl_mD,1.0508788440284593,0.044255694313484896,1.0,1.0,1.1496564412267356,88,161,400,100,2,100,0.0,0,0.3,0.0,0.0,1.0,0.7,1.0,0.0,2.0,1.0,0.25
ind_nl_mD,1.0581396231361722,0.05470746833109022,1.0,1.0,1.0627364948476594,89,162,400,100,2,100,0.0,0,0.3,0.0,0.0,1.0,0.7,1.0,0.0,2.0,1.0,0.25
ind_nl_mD,0.9870412537553338,0.05189828178003689,1.0,1.0,-0.24969509201845846,90,163,400,100,2,100,0.0,0,0.3,0.0,0.0,1.0,0.7,1.0,0.0,2.0,1.0,0.25
ind_nl_mD,1.003083996380899,0.058195797779464147,1.0,1.0,0.052993454829608565,91,164,400,100,2,100,0.0,0,0.3,0.0,0.0,1.0,0.7,1.0,0.0,2.0,1.0,0.25
ind_nl_mD,1.0211050843468272,0.05437595571164728,1.0,1.0,0.3881326603020338,92,165,400,100,2,100,0.0,0,0.3,0.0,0.0,1.0,0.7,1.0,0.0,2.0,1.0,0.25
ind_nl_mD,0.9693114502549035,0.051455217619114875,1.0,1.0,-0.5964127869842326,93,166,400,100,2,100,0.0,0,0.3,0.0,0.0,1.0,0.7,1.0,0.0,2.0,1.0,0.25
ind_nl_mD,0.9724697146498776,0.04912665587321783,1.0,1.0,-0.5603940439416503,94,167,400,100,2,100,0.0,0,0.3,0.0,0.0,1.0,0.7,1.0,0.0,2.0,1.0,0.25
ind_nl_mD,0.9898559380856067,0.0457670493566669,1.0,1.0,-0.22164553006989146,95,168,400,100,2,100,0.0,0,0.3,0.0,0.0,1.0,0.7,1.0,0.0,2.0,1.0,0.25
ind_nl_mD,1.0158302293258892,0.05088833455693732,1.0,1.0,0.31107776396528053,96,169,400,100,2,100,0.0,0,0.3,0.0,0.0,1.0,0.7,1.0,0.0,2.0,1.0,0.25
ind_nl_mD,0.9333817611329221,0.04598007167925239,1.0,1.0,-1.4488502613000065,97,170,400,100,2,100,0.0,0,0.3,0.0,0.0,1.0,0.7,1.0,0.0,2.0,1.0,0.25
ind_nl_mD,0.8196444034915663,0.06039726583367216,1.0,1.0,-2.9861549859742724,98,171,400,100,2,100,0.0,0,0.3,0.0,0.0,1.0,0.7,1.0,0.0,2.0,1.0,0.25
ind_nl_mD,1.0817210298259814,0.05329035535008626,1.0,1.0,1.5335050646429798,99,172,400,100,2,100,0.0,0,0.3,0.0,0.0,1.0,0.7,1.0,0.0,2.0,1.0,0.25
ind_nl_mY,0.8985893175640295,0.04793868731261655,1.0,1.0,-2.1154246835056987,0,74,400,100,2,100,0.0,0,0.3,0.0,0.0,1.0,0.7,1.0,1.0,0.25,2.0,0.0
ind_nl_mY,1.0261995702719093,0.05053251525955924,1.0,1.0,0.518469546535251,1,75,400,100,2,100,0.0,0,0.3,0.0,0.0,1.0,0.7,1.0,1.0,0.25,2.0,0.0
ind_nl_mY,1.0634577616929044,0.046644663291708854,1.0,1.0,1.3604506328204988,2,76,400,100,2,100,0.0,0,0.3,0.0,0.0,1.0,0.7,1.0,1.0,0.25,2.0,0.0
ind_nl_mY,1.005076429078131,0.05260226404818265,1.0,1.0,0.09650590464093325,3,77,400,100,2,100,0.0,0,0.3,0.0,0.0,1.0,0.7,1.0,1.0,0.25,2.0,0.0
ind_nl_mY,1.0052685692938457,0.049606709213004536,1.0,1.0,0.10620678890879745,4,78,400,100,2,100,0.0,0,0.3,0.0,0.0,1.0,0.7,1.0,1.0,0.25,2.0,0.0
ind_nl_mY,1.0095731242097203,0.05579792545289057,1.0,1.0,0.17156774435642413,5,79,400,100,2,100,0.0,0,0.3,0.0,0.0,1.0,0.7,1.0,1.0,0.25,2.0,0.0
ind_nl_mY,1.03138901387793,0.04858344543501156,1.0,1.0,0.6460845581632957,6,80,400,100,2,100,0.0,0,0.3,0.0,0.0,1.0,0.7,1.0,1.0,0.25,2.0,0.0
ind_nl_mY,0.9366845830602685,0.04907617815642113,1.0,1.0,-1.2901456331404921,7,81,400,100,2,100,0.0,0,0.3,0.0,0.0,1.0,0.7,1.0,1.0,0.25,2.0,0.0
ind_nl_mY,1.0850846129765641,0.04639588279440185,1.0,1.0,1.8338828329575498,8,82,400,100,2,100,0.0,0,0.3,0.0,0.0,1.0,0.7,1.0,1.0,0.25,2.0,0.0
ind_nl_mY,1.007145187764054,0.04843741079863019,1.0,1.0,0.14751382549655412,9,83,400,100,2,100,0.0,0,0.3,0.0,0.0,1.0,0.7,1.0,1.0,0.25,2.0,0.0
ind_nl_mY,1.0265807513581484,0.056608513360331514,1.0,1.0,0.46955395540867373,10,84,400,100,2,100,0.0,0,0.3,0.0,0.0,1.0,0.7,1.0,1.0,0.25,2.0,0.0
ind_nl_mY,0.9743830279745648,0.04548167197348422,1.0,1.0,-0.5632372539068023,11,85,400,100,2,100,0.0,0,0.3,0.0,0.0,1.0,0.7,1.0,1.0,0.25,2.0,0.0
ind_nl_mY,0.9807267355544298,0.05066685574778443,1.0,1.0,-0.3803919576440855,12,86,400,100,2,100,0.0,0,0.3,0.0,0.0,1.0,0.7,1.0,1.0,0.25,2.0,0.0
ind_nl_mY,0.971462390042242,0.04872834741669211,1.0,1.0,-0.585646989291952,13,87,400,100,2,100,0.0,0,0.3,0.0,0.0,1.0,0.7,1.0,1.0,0.25,2.0,0.0
ind_nl_mY,0.9402300260842111,0.0546151646705669,1.0,1.0,-1.0943842113507347,14,88,400,100,2,100,0.0,0,0.3,0.0,0.0,1.0,0.7,1.0,1.0,0.25,2.0,0.0
ind_nl_mY,1.0148190772889145,0.05281970566091007,1.0,1.0,0.2805596340132878,15,89,400,100,2,100,0.0,0,0.3,0.0,0.0,1.0,0.7,1.0,1.0,0.25,2.0,0.0
ind_nl_mY,0.8805437921543924,0.043113246153934436,1.0,1.0,-2.7707541997439287,16,90,400,100,2,100,0.0,0,0.3,0.0,0.0,1.0,0.7,1.0,1.0,0.25,2.0,0.0
ind_nl_mY,0.992481879020542,0.05110989986341228,1.0,1.0,-0.14709715729339515,17,91,400,100,2,100,0.0,0,0.3,0.0,0.0,1.0,0.7,1.0,1.0,0.25,2.0,0.0
ind_nl_mY,1.0425210946747703,0.04167015714878231,1.0,1.0,1.0204207899420612,18,92,400,100,2,100,0.0,0,0.3,0.0,0.0,1.0,0.7,1.0,1.0,0.25,2.0,0.0
ind_nl_mY,1.0304874255856538,0.051762704614977006,1.0,1.0,0.5889844012677912,19,93,400,100,2,100,0.0,0,0.3,0.0,0.0,1.0,0.7,1.0,1.0,0.25,2.0,0.0
ind_nl_mY,0.9763230552814971,0.047148594163632894,1.0,1.0,-0.50217710916958,20,94,400,100,2,100,0.0,0,0.3,0.0,0.0,1.0,0.7,1.0,1.0,0.25,2.0,0.0
ind_nl_mY,0.9552866662899,0.05278027522702213,1.0,1.0,-0.8471599194543028,21,95,400,100,2,100,0.0,0,0.3,0.0,0.0,1.0,0.7,1.0,1.0,0.25,2.0,0.0
ind_nl_mY,1.016799680646869,0.046969147994789885,1.0,1.0,0.35767480067410684,22,96,400,100,2,100,0.0,0,0.3,0.0,0.0,1.0,0.7,1.0,1.0,0.25,2.0,0.0
ind_nl_mY,0.9750021965734065,0.04534550050718058,1.0,1.0,-0.5512741759821365,23,97,400,100,2,100,0.0,0,0.3,0.0,0.0,1.0,0.7,1.0,1.0,0.25,2.0,0.0
ind_nl_mY,1.0134638007169077,0.049807159202078406,1.0,1.0,0.2703185833643337,24,98,400,100,2,100,0.0,0,0.3,0.0,0.0,1.0,0.7,1.0,1.0,0.25,2.0,0.0
ind_nl_mY,0.9061436502102888,0.05304653065688472,1.0,1.0,-1.7693211719498183,25,99,400,100,2,100,0.0,0,0.3,0.0,0.0,1.0,0.7,1.0,1.0,0.25,2.0,0.0
ind_nl_mY,1.0457300973852446,0.051607798791319485,1.0,1.0,0.8861082715455103,26,100,400,100,2,100,0.0,0,0.3,0.0,0.0,1.0,0.7,1.0,1.0,0.25,2.0,0.0
ind_nl_mY,0.9063942246394078,0.05311207666499499,1.0,1.0,-1.7624197967443767,27,101,400,100,2,100,0.0,0,0.3,0.0,0.0,1.0,0.7,1.0,1.0,0.25,2.0,0.0
ind_nl_mY,0.985731394509004,0.049013341627742214,1.0,1.0,-0.29111676570364126,28,102,400,100,2,100,0.0,0,0.3,0.0,0.0,1.0,0.7,1.0,1.0,0.25,2.0,0.0
ind_nl_mY,1.0311825088176212,0.04585336731714428,1.0,1.0,0.6800483943076139,29,103,400,100,2,100,0.0,0,0.3,0.0,0.0,1.0,0.7,1.0,1.0,0.25,2.0,0.0
ind_nl_mY,1.007334247061323,0.05255925427262731,1.0,1.0,0.13954244904769433,30,104,400,100,2,100,0.0,0,0.3,0.0,0.0,1.0,0.7,1.0,1.0,0.25,2.0,0.0
ind_nl_mY,1.0009082540528584,0.05509312886661981,1.0,1.0,0.01648579544388041,31,105,400,100,2,100,0.0,0,0.3,0.0,0.0,1.0,0.7,1.0,1.0,0.25,2.0,0.0
ind_nl_mY,1.069916454261332,0.04556846793985877,1.0,1.0,1.5343165443615014,32,106,400,100,2,100,0.0,0,0.3,0.0,0.0,1.0,0.7,1.0,1.0,0.25,2.0,0.0
ind_nl_mY,0.9017225655004119,0.05139956634100402,1.0,1.0,-1.9120284760299096,33,107,400,100,2,100,0.0,0,0.3,0.0,0.0,1.0,0.7,1.0,1.0,0.25,2.0,0.0
ind_nl_mY,1.004475388613789,0.04803183585337344,1.0,1.0,0.09317546444510118,34,108,400,100,2,100,0.0,0,0.3,0.0,0.0,1.0,0.7,1.0,1.0,0.25,2.0,0.0
ind_nl_mY,1.0116651528828293,0.05169254520508891,1.0,1.0,0.22566412306741934,35,109,400,100,2,100,0.0,0,0.3,0.0,0.0,1.0,0.7,1.0,1.0,0.25,2.0,0.0
ind_nl_mY,0.9705504546434268,0.0540317741970592,1.0,1.0,-0.5450412427540837,36,110,400,100,2,100,0.0,0,0.3,0.0,0.0,1.0,0.7,1.0,1.0,0.25,2.0,0.0
ind_nl_mY,0.9656426467784724,0.05146104413808132,1.0,1.0,-0.6676380900733223,37,111,400,100,2,100,0.0,0,0.3,0.0,0.0,1.0,0.7,1.0,1.0,0.25,2.0,0.0
ind_nl_mY,0.9405265152318183,0.04546801111495055,1.0,1.0,-1.308029168415197,38,112,400,100,2,100,0.0,0,0.3,0.0,0.0,1.0,0.7,1.0,1.0,0.25,2.0,0.0
ind_nl_mY,0.9734321928795678,0.0416771212814111,1.0,1.0,-0.6374674234585866,39,113,400,100,2,100,0.0,0,0.3,0.0,0.0,1.0,0.7,1.0,1.0,0.25,2.0,0.0
ind_nl_mY,1.0479715022479388,0.055707909407477406,1.0,1.0,0.8611255162538876,40,114,400,100,2,100,0.0,0,0.3,0.0,0.0,1.0,0.7,1.0,1.0,0.25,2.0,0.0
ind_nl_mY,1.0203661964873294,0.04938777002916577,1.0,1.0,0.4123732753129412,41,115,400,100,2,100,0.0,0,0.3,0.0,0.0,1.0,0.7,1.0,1.0,0.25,2.0,0.0
ind_nl_mY,1.0290069827694572,0.05085614415493496,1.0,1.0,0.5703732213965432,42,116,400,100,2,100,0.0,0,0.3,0.0,0.0,1.0,0.7,1.0,1.0,0.25,2.0,0.0
ind_nl_mY,1.0098030665341895,0.050511078511649134,1.0,1.0,0.1940775533416627,43,117,400,100,2,100,0.0,0,0.3,0.0,0.0,1.0,0.7,1.0,1.0,0.25,2.0,0.0
ind_nl_mY,0.9342184676250538,0.05168929941545049,1.0,1.0,-1.2726334680265257,44,118,400,100,2,100,0.0,0,0.3,0.0,0.0,1.0,0.7,1.0,1.0,0.25,2.0,0.0
ind_nl_mY,0.9405676099857927,0.05199781376719875,1.0,1.0,-1.1429786313765835,45,119,400,100,2,100,0.0,0,0.3,0.0,0.0,1.0,0.7,1.0,1.0,0.25,2.0,0.0
ind_nl_mY,1.0229037695155445,0.04605344571950471,1.0,1.0,0.497330203152296,46,120,400,100,2,100,0.0,0,0.3,0.0,0.0,1.0,0.7,1.0,1.0,0.25,2.0,0.0
ind_nl_mY,0.9076156019297362,0.05284455403009507,1.0,1.0,-1.7482293069906636,47,121,400,100,2,100,0.0,0,0.3,0.0,0.0,1.0,0.7,1.0,1.0,0.25,2.0,0.0
ind_nl_mY,0.9751381801792852,0.050237119863409535,1.0,1.0,-0.4948894341138974,48,122,400,100,2,100,0.0,0,0.3,0.0,0.0,1.0,0.7,1.0,1.0,0.25,2.0,0.0
ind_nl_mY,1.0197034175620765,0.05338303889055329,1.0,1.0,0.36909509034269744,49,123,400,100,2,100,0.0,0,0.3,0.0,0.0,1.0,0.7,1.0,1.0,0.25,2.0,0.0
ind_nl_mY,0.9814075565900269,0.05144726550629568,1.0,1.0,-0.36138836976083677,50,124,400,100,2,100,0.0,0,0.3,0.0,0.0,1.0,0.7,1.0,1.0,0.25,2.0,0.0
ind_nl_mY,0.9520821270938732,0.046722224823859765,1.0,1.0,-1.0255905639505518,51,125,400,100,2,100,0.0,0,0.3,0.0,0.0,1.0,0.7,1.0,1.0,0.25,2.0,0.0
ind_nl_mY,1.029903011378815,0.050307764493817915,1.0,1.0,0.5944015139549612,52,126,400,100,2,100,0.0,0,0.3,0.0,0.0,1.0,0.7,1.0,1.0,0.25,2.0,0.0
ind_nl_mY,0.9519088774144406,0.051669990981306195,1.0,1.0,-0.9307360359896011,53,127,400,100,2,100,0.0,0,0.3,0.0,0.0,1.0,0.7,1.0,1.0,0.25,2.0,0.0
ind_nl_mY,1.0194192314673867,0.047829267333293735,1.0,1.0,0.4060114768655264,54,128,400,100,2,100,0.0,0,0.3,0.0,0.0,1.0,0.7,1.0,1.0,0.25,2.0,0.0
ind_nl_mY,0.9148804084586654,0.05117775085228311,1.0,1.0,-1.6632147783715534,55,129,400,100,2,100,0.0,0,0.3,0.0,0.0,1.0,0.7,1.0,1.0,0.25,2.0,0.0
ind_nl_mY,0.9689935947560478,0.05071402909720101,1.0,1.0,-0.6113969999213382,56,130,400,100,2,100,0.0,0,0.3,0.0,0.0,1.0,0.7,1.0,1.0,0.25,2.0,0.0
ind_nl_mY,0.9931626822705746,0.04795208862577166,1.0,1.0,-0.1425864425382032,57,131,400,100,2,100,0.0,0,0.3,0.0,0.0,1.0,0.7,1.0,1.0,0.25,2.0,0.0
ind_nl_mY,0.9512084495974792,0.04928049344687397,1.0,1.0,-0.9900783654920124,58,132,400,100,2,100,0.0,0,0.3,0.0,0.0,1.0,0.7,1.0,1.0,0.25,2.0,0.0
ind_nl_mY,1.0224405920776962,0.04413212353134492,1.0,1.0,0.5084865690126547,59,133,400,100,2,100,0.0,0,0.3,0.0,0.0,1.0,0.7,1.0,1.0,0.25,2.0,0.0
ind_nl_mY,0.9975788896236294,0.050806694548995314,1.0,1.0,-0.04765337319938839,60,134,400,100,2,100,0.0,0,0.3,0.0,0.0,1.0,0.7,1.0,1.0,0.25,2.0,0.0
ind_nl_mY,1.0318267626384137,0.05725160741173293,1.0,1.0,0.5559103766209926,61,135,400,100,2,100,0.0,0,0.3,0.0,0.0,1.0,0.7,1.0,1.0,0.25,2.0,0.0
ind_nl_mY,0.9975391070131023,0.048227589612829656,1.0,1.0,-0.05102666350638043,62,136,400,100,2,100,0.0,0,0.3,0.0,0.0,1.0,0.7,1.0,1.0,0.25,2.0,0.0
ind_nl_mY,1.0470340063323023,0.05654540868677424,1.0,1.0,0.8317917833584133,63,137,400,100,2,100,0.0,0,0.3,0.0,0.0,1.0,0.7,1.0,1.0,0.25,2.0,0.0
ind_nl_mY,0.9633468322487819,0.057014695793384945,1.0,1.0,-0.6428722847885598,64,138,400,100,2,100,0.0,0,0.3,0.0,0.0,1.0,0.7,1.0,1.0,0.25,2.0,0.0
ind_nl_mY,1.0444988906729895,0.05032047058223017,1.0,1.0,0.8843099072428695,65,139,400,100,2,100,0.0,0,0.3,0.0,0.0,1.0,0.7,1.0,1.0,0.25,2.0,0.0
ind_nl_mY,1.091419937442578,0.05006389380667139,1.0,1.0,1.8260652636330803,66,140,400,100,2,100,0.0,0,0.3,0.0,0.0,1.0,0.7,1.0,1.0,0.25,2.0,0.0
ind_nl_mY,1.0112827042852686,0.04962385893109768,1.0,1.0,0.22736450828893628,67,141,400,100,2,100,0.0,0,0.3,0.0,0.0,1.0,0.7,1.0,1.0,0.25,2.0,0.0
ind_nl_mY,0.9515125605789237,0.04702906412604423,1.0,1.0,-1.0310100854042805,68,142,400,100,2,100,0.0,0,0.3,0.0,0.0,1.0,0.7,1.0,1.0,0.25,2.0,0.0
ind_nl_mY,0.9498136382385801,0.0487382181460993,1.0,1.0,-1.0297126909929202,69,143,400,100,2,100,0.0,0,0.3,0.0,0.0,1.0,0.7,1.0,1.0,0.25,2.0,0.0
ind_nl_mY,1.0484354062788568,0.055918588099553225,1.0,1.0,0.8661772037703465,70,144,400,100,2,100,0.0,0,0.3,0.0,0.0,1.0,0.7,1.0,1.0,0.25,2.0,0.0
ind_nl_mY,0.969160970483608,0.05474139661706293,1.0,1.0,-0.5633584713251434,71,145,400,100,2,100,0.0,0,0.3,0.0,0.0,1.0,0.7,1.0,1.0,0.25,2.0,0.0
ind_nl_mY,0.9947232999439253,0.05706334114218417,1.0,1.0,-0.09247092705151669,72,146,400,100,2,100,0.0,0,0.3,0.0,0.0,1.0,0.7,1.0,1.0,0.25,2.0,0.0
ind_nl_mY,0.9157227926553541,0.05112429452348084,1.0,1.0,-1.6484766808065845,73,147,400,100,2,100,0.0,0,0.3,0.0,0.0,1.0,0.7,1.0,1.0,0.25,2.0,0.0
ind_nl_mY,0.9273920417096501,0.046499478402784636,1.0,1.0,-1.5614789839449423,74,148,400,100,2,100,0.0,0,0.3,0.0,0.0,1.0,0.7,1.0,1.0,0.25,2.0,0.0
ind_nl_mY,1.0364323787120409,0.0508923639144846,1.0,1.0,0.715871221334086,75,149,400,100,2,100,0.0,0,0.3,0.0,0.0,1.0,0.7,1.0,1.0,0.25,2.0,0.0
ind_nl_mY,1.0459838461513356,0.05356446037861136,1.0,1.0,0.8584767927522556,76,150,400,100,2,100,0.0,0,0.3,0.0,0.0,1.0,0.7,1.0,1.0,0.25,2.0,0.0
ind_nl_mY,1.001864598564307,0.0477860035397166,1.0,1.0,0.03901976365856508,77,151,400,100,2,100,0.0,0,0.3,0.0,0.0,1.0,0.7,1.0,1.0,0.25,2.0,0.0
ind_nl_mY,1.0546201997499307,0.04880596523191917,1.0,1.0,1.1191295877539376,78,152,400,100,2,100,0.0,0,0.3,0.0,0.0,1.0,0.7,1.0,1.0,0.25,2.0,0.0
ind_nl_mY,0.9599587667831779,0.04645614713016796,1.0,1.0,-0.861914637574838,79,153,400,100,2,100,0.0,0,0.3,0.0,0.0,1.0,0.7,1.0,1.0,0.25,2.0,0.0
ind_nl_mY,0.9048757718740233,0.04729186302082803,1.0,1.0,-2.011429071510305,80,154,400,100,2,100,0.0,0,0.3,0.0,0.0,1.0,0.7,1.0,1.0,0.25,2.0,0.0
ind_nl_mY,0.9636815015812629,0.05052587929604727,1.0,1.0,-0.7188098242869846,81,155,400,100,2,100,0.0,0,0.3,0.0,0.0,1.0,0.7,1.0,1.0,0.25,2.0,0.0
ind_nl_mY,0.9378439275430814,0.05097448135257968,1.0,1.0,-1.219356642924882,82,156,400,100,2,100,0.0,0,0.3,0.0,0.0,1.0,0.7,1.0,1.0,0.25,2.0,0.0
ind_nl_mY,1.0213504146472103,0.045175121553388806,1.0,1.0,0.4726144371737441,83,157,400,100,2,100,0.0,0,0.3,0.0,0.0,1.0,0.7,1.0,1.0,0.25,2.0,0.0
ind_nl_mY,0.9845863824032638,0.048316678761211304,1.0,1.0,-0.31901235747003126,84,158,400,100,2,100,0.0,0,0.3,0.0,0.0,1.0,0.7,1.0,1.0,0.25,2.0,0.0
ind_nl_mY,0.965977711338023,0.05403427915111625,1.0,1.0,-0.6296426860221036,85,159,400,100,2,100,0.0,0,0.3,0.0,0.0,1.0,0.7,1.0,1.0,0.25,2.0,0.0
ind_nl_mY,1.0278227147108367,0.047917784503270326,1.0,1.0,0.5806344136995292,86,160,400,100,2,100,0.0,0,0.3,0.0,0.0,1.0,0.7,1.0,1.0,0.25,2.0,0.0
ind_nl_mY,0.9751902755717246,0.04726793457019248,1.0,1.0,-0.5248743075801888,87,161,400,100,2,100,0.0,0,0.3,0.0,0.0,1.0,0.7,1.0,1.0,0.25,2.0,0.0
ind_nl_mY,0.9625030491422957,0.05138912961979096,1.0,1.0,-0.7296669769488277,88,162,400,100,2,100,0.0,0,0.3,0.0,0.0,1.0,0.7,1.0,1.0,0.25,2.0,0.0
ind_nl_mY,0.9770490378769355,0.05483413980099734,1.0,1.0,-0.4185524238432026,89,163,400,100,2,100,0.0,0,0.3,0.0,0.0,1.0,0.7,1.0,1.0,0.25,2.0,0.0
ind_nl_mY,0.9757976710408103,0.057115820355419636,1.0,1.0,-0.42374124732138596,90,164,400,100,2,100,0.0,0,0.3,0.0,0.0,1.0,0.7,1.0,1.0,0.25,2.0,0.0
ind_nl_mY,1.0044647502587059,0.05325262014249246,1.0,1.0,0.08384094992432575,91,165,400,100,2,100,0.0,0,0.3,0.0,0.0,1.0,0.7,1.0,1.0,0.25,2.0,0.0
ind_nl_mY,0.8737455830652638,0.05074609212532986,1.0,1.0,-2.487963341549928,92,166,400,100,2,100,0.0,0,0.3,0.0,0.0,1.0,0.7,1.0,1.0,0.25,2.0,0.0
ind_nl_mY,0.9336910422457069,0.053155367524167246,1.0,1.0,-1.2474555410447603,93,167,400,100,2,100,0.0,0,0.3,0.0,0.0,1.0,0.7,1.0,1.0,0.25,2.0,0.0
ind_nl_mY,0.9961433115367917,0.04517842006699414,1.0,1.0,-0.08536572234020798,94,168,400,100,2,100,0.0,0,0.3,0.0,0.0,1.0,0.7,1.0,1.0,0.25,2.0,0.0
ind_nl_mY,1.0403062922215343,0.050624794356856954,1.0,1.0,0.7961769076514759,95,169,400,100,2,100,0.0,0,0.3,0.0,0.0,1.0,0.7,1.0,1.0,0.25,2.0,0.0
ind_nl_mY,0.8953657912617491,0.04388446211250307,1.0,1.0,-2.384311068232045,96,170,400,100,2,100,0.0,0,0.3,0.0,0.0,1.0,0.7,1.0,1.0,0.25,2.0,0.0
ind_nl_mY,0.8379058913417039,0.0571584548381024,1.0,1.0,-2.835872822619455,97,171,400,100,2,100,0.0,0,0.3,0.0,0.0,1.0,0.7,1.0,1.0,0.25,2.0,0.0
ind_nl_mY,1.0789011425417634,0.049083662147121704,1.0,1.0,1.60748279754,98,172,400,100,2,100,0.0,0,0.3,0.0,0.0,1.0,0.7,1.0,1.0,0.25,2.0,0.0
ind_nl_mY,1.0569952923561527,0.05406088381059262,1.0,1.0,1.0542796998258688,99,173,400,100,2,100,0.0,0,0.3,0.0,0.0,1.0,0.7,1.0,1.0,0.25,2.0,0.0
ind_nl_both,1.0022731540849157,0.04837983478251747,1.0,1.0,0.046985569403744876,0,75,400,100,2,100,0.0,0,0.3,0.0,0.0,1.0,0.7,1.0,0.0,2.0,2.0,0.0
ind_nl_both,1.051744605642579,0.048522207768307034,1.0,1.0,1.0664107843084731,1,76,400,100,2,100,0.0,0,0.3,0.0,0.0,1.0,0.7,1.0,0.0,2.0,2.0,0.0
ind_nl_both,1.0344260547579889,0.05389544435201284,1.0,1.0,0.6387563025390134,2,77,400,100,2,100,0.0,0,0.3,0.0,0.0,1.0,0.7,1.0,0.0,2.0,2.0,0.0
ind_nl_both,0.9945436775586691,0.05088157587556584,1.0,1.0,-0.107235720345507,3,78,400,100,2,100,0.0,0,0.3,0.0,0.0,1.0,0.7,1.0,0.0,2.0,2.0,0.0
ind_nl_both,0.9264087745423484,0.056984455190131116,1.0,1.0,-1.2914263234089243,4,79,400,100,2,100,0.0,0,0.3,0.0,0.0,1.0,0.7,1.0,0.0,2.0,2.0,0.0
ind_nl_both,1.040270930106851,0.052694364762510174,1.0,1.0,0.7642359916159759,5,80,400,100,2,100,0.0,0,0.3,0.0,0.0,1.0,0.7,1.0,0.0,2.0,2.0,0.0
ind_nl_both,0.9650748593715943,0.047365209583438934,1.0,1.0,-0.7373585155763172,6,81,400,100,2,100,0.0,0,0.3,0.0,0.0,1.0,0.7,1.0,0.0,2.0,2.0,0.0
ind_nl_both,1.1201596227415187,0.04703061050317767,1.0,1.0,2.5549237285235753,7,82,400,100,2,100,0.0,0,0.3,0.0,0.0,1.0,0.7,1.0,0.0,2.0,2.0,0.0
ind_nl_both,0.9484117993248513,0.053408379058987175,1.0,1.0,-0.965919610070394,8,83,400,100,2,100,0.0,0,0.3,0.0,0.0,1.0,0.7,1.0,0.0,2.0,2.0,0.0
ind_nl_both,0.9842289496435604,0.05827854438905831,1.0,1.0,-0.270615035460641,9,84,400,100,2,100,0.0,0,0.3,0.0,0.0,1.0,0.7,1.0,0.0,2.0,2.0,0.0
ind_nl_both,0.9863671188431765,0.04740548099528291,1.0,1.0,-0.28758027279967957,10,85,400,100,2,100,0.0,0,0.3,0.0,0.0,1.0,0.7,1.0,0.0,2.0,2.0,0.0
ind_nl_both,0.9879246529127437,0.05152686191465216,1.0,1.0,-0.23435052395113132,11,86,400,100,2,100,0.0,0,0.3,0.0,0.0,1.0,0.7,1.0,0.0,2.0,2.0,0.0
ind_nl_both,0.968046923232354,0.04951892464127685,1.0,1.0,-0.6452700053387531,12,87,400,100,2,100,0.0,0,0.3,0.0,0.0,1.0,0.7,1.0,0.0,2.0,2.0,0.0
ind_nl_both,0.916598815251476,0.05520006276665761,1.0,1.0,-1.5108893100552894,13,88,400,100,2,100,0.0,0,0.3,0.0,0.0,1.0,0.7,1.0,0.0,2.0,2.0,0.0
ind_nl_both,0.9480013266923673,0.06085367152165433,1.0,1.0,-0.8544870343464717,14,89,400,100,2,100,0.0,0,0.3,0.0,0.0,1.0,0.7,1.0,0.0,2.0,2.0,0.0
ind_nl_both,0.9097954599375065,0.044721644896435694,1.0,1.0,-2.0170219648983156,15,90,400,100,2,100,0.0,0,0.3,0.0,0.0,1.0,0.7,1.0,0.0,2.0,2.0,0.0
ind_nl_both,0.9995733614378899,0.05241504732288981,1.0,1.0,-0.008139619897353428,16,91,400,100,2,100,0.0,0,0.3,0.0,0.0,1.0,0.7,1.0,0.0,2.0,2.0,0.0
ind_nl_both,1.0403366706127677,0.04430101833774198,1.0,1.0,0.9105133950928418,17,92,400,100,2,100,0.0,0,0.3,0.0,0.0,1.0,0.7,1.0,0.0,2.0,2.0,0.0
ind_nl_both,1.038953152773639,0.05266864202295967,1.0,1.0,0.7395890852218739,18,93,400,100,2,100,0.0,0,0.3,0.0,0.0,1.0,0.7,1.0,0.0,2.0,2.0,0.0
ind_nl_both,0.9938052616499399,0.04885883439744681,1.0,1.0,-0.12678850051289475,19,94,400,100,2,100,0.0,0,0.3,0.0,0.0,1.0,0.7,1.0,0.0,2.0,2.0,0.0
ind_nl_both,0.9228469515535599,0.04861410548622729,1.0,1.0,-1.5870506651263612,20,95,400,100,2,100,0.0,0,0.3,0.0,0.0,1.0,0.7,1.0,0.0,2.0,2.0,0.0
ind_nl_both,0.9985036529894561,0.05385810226506433,1.0,1.0,-0.027783136568377206,21,96,400,100,2,100,0.0,0,0.3,0.0,0.0,1.0,0.7,1.0,0.0,2.0,2.0,0.0
ind_nl_both,1.0109997821580186,0.04833640088436625,1.0,1.0,0.2275672569071291,22,97,400,100,2,100,0.0,0,0.3,0.0,0.0,1.0,0.7,1.0,0.0,2.0,2.0,0.0
ind_nl_both,0.9936523749648947,0.05085316835859976,1.0,1.0,-0.12482260673207173,23,98,400,100,2,100,0.0,0,0.3,0.0,0.0,1.0,0.7,1.0,0.0,2.0,2.0,0.0
ind_nl_both,0.9100177374458598,0.050070296491340455,1.0,1.0,-1.7971186284008214,24,99,400,100,2,100,0.0,0,0.3,0.0,0.0,1.0,0.7,1.0,0.0,2.0,2.0,0.0
ind_nl_both,1.0695789302452707,0.05162685729413508,1.0,1.0,1.347727401822211,25,100,400,100,2,100,0.0,0,0.3,0.0,0.0,1.0,0.7,1.0,0.0,2.0,2.0,0.0
ind_nl_both,0.9044123660816609,0.05393699145243552,1.0,1.0,-1.772209226809273,26,101,400,100,2,100,0.0,0,0.3,0.0,0.0,1.0,0.7,1.0,0.0,2.0,2.0,0.0
ind_nl_both,0.9906298558662961,0.05102569440302086,1.0,1.0,-0.18363579846057151,27,102,400,100,2,100,0.0,0,0.3,0.0,0.0,1.0,0.7,1.0,0.0,2.0,2.0,0.0
ind_nl_both,1.0189370214206297,0.04872850491182112,1.0,1.0,0.388623075033762,28,103,400,100,2,100,0.0,0,0.3,0.0,0.0,1.0,0.7,1.0,0.0,2.0,2.0,0.0
ind_nl_both,1.028314936662924,0.05120039330294169,1.0,1.0,0.5530218585507867,29,104,400,100,2,100,0.0,0,0.3,0.0,0.0,1.0,0.7,1.0,0.0,2.0,2.0,0.0
ind_nl_both,1.0053645995169962,0.05731340459892193,1.0,1.0,0.09360113143753289,30,105,400,100,2,100,0.0,0,0.3,0.0,0.0,1.0,0.7,1.0,0.0,2.0,2.0,0.0
ind_nl_both,1.0812189976274547,0.04857295335258725,1.0,1.0,1.6721033419131905,31,106,400,100,2,100,0.0,0,0.3,0.0,0.0,1.0,0.7,1.0,0.0,2.0,2.0,0.0
ind_nl_both,0.9097436406669056,0.054351134751919196,1.0,1.0,-1.6606159143697978,32,107,400,100,2,100,0.0,0,0.3,0.0,0.0,1.0,0.7,1.0,0.0,2.0,2.0,0.0
ind_nl_both,0.9960417057076663,0.04820078539360305,1.0,1.0,-0.08212095010507993,33,108,400,100,2,100,0.0,0,0.3,0.0,0.0,1.0,0.7,1.0,0.0,2.0,2.0,0.0
ind_nl_both,1.0421236884120977,0.057220044920562284,1.0,1.0,0.7361701388137208,34,109,400,100,2,100,0.0,0,0.3,0.0,0.0,1.0,0.7,1.0,0.0,2.0,2.0,0.0
ind_nl_both,1.0017000876317186,0.05624753666660875,1.0,1.0,0.030225103755127415,35,110,400,100,2,100,0.0,0,0.3,0.0,0.0,1.0,0.7,1.0,0.0,2.0,2.0,0.0
ind_nl_both,0.9613138528946458,0.05478968374237659,1.0,1.0,-0.7060845119540775,36,111,400,100,2,100,0.0,0,0.3,0.0,0.0,1.0,0.7,1.0,0.0,2.0,2.0,0.0
ind_nl_both,0.9302042099472287,0.04807142623176144,1.0,1.0,-1.4519184372910543,37,112,400,100,2,100,0.0,0,0.3,0.0,0.0,1.0,0.7,1.0,0.0,2.0,2.0,0.0
ind_nl_both,0.9832813940017108,0.04415153346550356,1.0,1.0,-0.3786642203798379,38,113,400,100,2,100,0.0,0,0.3,0.0,0.0,1.0,0.7,1.0,0.0,2.0,2.0,0.0
ind_nl_both,1.039260500859279,0.05440157659852149,1.0,1.0,0.7216794680238371,39,114,400,100,2,100,0.0,0,0.3,0.0,0.0,1.0,0.7,1.0,0.0,2.0,2.0,0.0
ind_nl_both,1.0019977843071084,0.05241724466449746,1.0,1.0,0.038113111818361356,40,115,400,100,2,100,0.0,0,0.3,0.0,0.0,1.0,0.7,1.0,0.0,2.0,2.0,0.0
ind_nl_both,1.0500372184313236,0.05267906450592864,1.0,1.0,0.949850171042659,41,116,400,100,2,100,0.0,0,0.3,0.0,0.0,1.0,0.7,1.0,0.0,2.0,2.0,0.0
ind_nl_both,1.0168850730212253,0.05035041269946443,1.0,1.0,0.33535123380239806,42,117,400,100,2,100,0.0,0,0.3,0.0,0.0,1.0,0.7,1.0,0.0,2.0,2.0,0.0
ind_nl_both,0.9566323101756959,0.05339678104621818,1.0,1.0,-0.8121779810428398,43,118,400,100,2,100,0.0,0,0.3,0.0,0.0,1.0,0.7,1.0,0.0,2.0,2.0,0.0
ind_nl_both,0.94539075145922,0.052553596696324124,1.0,1.0,-1.0391153407888376,44,119,400,100,2,100,0.0,0,0.3,0.0,0.0,1.0,0.7,1.0,0.0,2.0,2.0,0.0
ind_nl_both,0.9591599635840147,0.044240059901076996,1.0,1.0,-0.9231460469833384,45,120,400,100,2,100,0.0,0,0.3,0.0,0.0,1.0,0.7,1.0,0.0,2.0,2.0,0.0
ind_nl_both,0.9214948832219126,0.05355053820720273,1.0,1.0,-1.466000518506986,46,121,400,100,2,100,0.0,0,0.3,0.0,0.0,1.0,0.7,1.0,0.0,2.0,2.0,0.0
ind_nl_both,0.9366207046520403,0.05089651162422478,1.0,1.0,-1.2452581390232962,47,122,400,100,2,100,0.0,0,0.3,0.0,0.0,1.0,0.7,1.0,0.0,2.0,2.0,0.0
ind_nl_both,1.0275586822664526,0.05450618565708333,1.0,1.0,0.5056065093204932,48,123,400,100,2,100,0.0,0,0.3,0.0,0.0,1.0,0.7,1.0,0.0,2.0,2.0,0.0
ind_nl_both,0.9809493330195895,0.0525311263263112,1.0,1.0,-0.36265483557447703,49,124,400,100,2,100,0.0,0,0.3,0.0,0.0,1.0,0.7,1.0,0.0,2.0,2.0,0.0
ind_nl_both,0.9209968761524099,0.04633279242761622,1.0,1.0,-1.7051232983855524,50,125,400,100,2,100,0.0,0,0.3,0.0,0.0,1.0,0.7,1.0,0.0,2.0,2.0,0.0
ind_nl_both,1.0413867947886597,0.05201283416411763,1.0,1.0,0.7957035115231507,51,126,400,100,2,100,0.0,0,0.3,0.0,0.0,1.0,0.7,1.0,0.0,2.0,2.0,0.0
ind_nl_both,0.9322177819236919,0.05298683556471231,1.0,1.0,-1.2792275166824478,52,127,400,100,2,100,0.0,0,0.3,0.0,0.0,1.0,0.7,1.0,0.0,2.0,2.0,0.0
ind_nl_both,1.0664258271837121,0.05261032624286956,1.0,1.0,1.2626005563444886,53,128,400,100,2,100,0.0,0,0.3,0.0,0.0,1.0,0.7,1.0,0.0,2.0,2.0,0.0
ind_nl_both,0.9329751709618492,0.05351594753921581,1.0,1.0,-1.252427213197259,54,129,400,100,2,100,0.0,0,0.3,0.0,0.0,1.0,0.7,1.0,0.0,2.0,2.0,0.0
ind_nl_both,0.9394145142955802,0.05234374117616023,1.0,1.0,-1.1574542503662928,55,130,400,100,2,100,0.0,0,0.3,0.0,0.0,1.0,0.7,1.0,0.0,2.0,2.0,0.0
ind_nl_both,0.9785643724109893,0.04970751447300697,1.0,1.0,-0.431235152597523,56,131,400,100,2,100,0.0,0,0.3,0.0,0.0,1.0,0.7,1.0,0.0,2.0,2.0,0.0
ind_nl_both,0.9325993229898721,0.05294128445044993,1.0,1.0,-1.273121302397019,57,132,400,100,2,100,0.0,0,0.3,0.0,0.0,1.0,0.7,1.0,0.0,2.0,2.0,0.0
ind_nl_both,1.0196858074814779,0.049769799346860544,1.0,1.0,0.3955372081024801,58,133,400,100,2,100,0.0,0,0.3,0.0,0.0,1.0,0.7,1.0,0.0,2.0,2.0,0.0
ind_nl_both,1.0022625251621677,0.05312938447238698,1.0,1.0,0.04258519432581879,59,134,400,100,2,100,0.0,0,0.3,0.0,0.0,1.0,0.7,1.0,0.0,2.0,2.0,0.0
ind_nl_both,1.0202294507025234,0.05944372172007969,1.0,1.0,0.3403126540054773,60,135,400,100,2,100,0.0,0,0.3,0.0,0.0,1.0,0.7,1.0,0.0,2.0,2.0,0.0
ind_nl_both,0.9504288489590924,0.04691612410210141,1.0,1.0,-1.0565909266722069,61,136,400,100,2,100,0.0,0,0.3,0.0,0.0,1.0,0.7,1.0,0.0,2.0,2.0,0.0
ind_nl_both,1.04054948153794,0.05547523835929213,1.0,1.0,0.7309474053147147,62,137,400,100,2,100,0.0,0,0.3,0.0,0.0,1.0,0.7,1.0,0.0,2.0,2.0,0.0
ind_nl_both,0.9500591896304835,0.05620895885666447,1.0,1.0,-0.8884848854231213,63,138,400,100,2,100,0.0,0,0.3,0.0,0.0,1.0,0.7,1.0,0.0,2.0,2.0,0.0
ind_nl_both,1.0625919474525833,0.05186272042803131,1.0,1.0,1.2068774436821286,64,139,400,100,2,100,0.0,0,0.3,0.0,0.0,1.0,0.7,1.0,0.0,2.0,2.0,0.0
ind_nl_both,1.0718636046283734,0.04980072631967692,1.0,1.0,1.4430232235383909,65,140,400,100,2,100,0.0,0,0.3,0.0,0.0,1.0,0.7,1.0,0.0,2.0,2.0,0.0
ind_nl_both,1.0044201782517466,0.050609809976018105,1.0,1.0,0.08733836886250125,66,141,400,100,2,100,0.0,0,0.3,0.0,0.0,1.0,0.7,1.0,0.0,2.0,2.0,0.0
ind_nl_both,0.9571506016331046,0.05074808114844715,1.0,1.0,-0.8443550454952826,67,142,400,100,2,100,0.0,0,0.3,0.0,0.0,1.0,0.7,1.0,0.0,2.0,2.0,0.0
ind_nl_both,0.9392925527654704,0.0500435435830908,1.0,1.0,-1.2130924968119565,68,143,400,100,2,100,0.0,0,0.3,0.0,0.0,1.0,0.7,1.0,0.0,2.0,2.0,0.0
ind_nl_both,1.0529732722854854,0.05590633636287622,1.0,1.0,0.9475361064915273,69,144,400,100,2,100,0.0,0,0.3,0.0,0.0,1.0,0.7,1.0,0.0,2.0,2.0,0.0
ind_nl_both,0.9690731110076161,0.05547078572909175,1.0,1.0,-0.5575347200493012,70,145,400,100,2,100,0.0,0,0.3,0.0,0.0,1.0,0.7,1.0,0.0,2.0,2.0,0.0
ind_nl_both,0.9954074050359287,0.0595090254496067,1.0,1.0,-0.07717476348121956,71,146,400,100,2,100,0.0,0,0.3,0.0,0.0,1.0,0.7,1.0,0.0,2.0,2.0,0.0
ind_nl_both,0.9279714208051947,0.052836209681852195,1.0,1.0,-1.3632427388057926,72,147,400,100,2,100,0.0,0,0.3,0.0,0.0,1.0,0.7,1.0,0.0,2.0,2.0,0.0
ind_nl_both,0.897792665200639,0.04783249342340489,1.0,1.0,-2.1367762264584336,73,148,400,100,2,100,0.0,0,0.3,0.0,0.0,1.0,0.7,1.0,0.0,2.0,2.0,0.0
ind_nl_both,1.0169312261747099,0.05292836083733557,1.0,1.0,0.3198894865976394,74,149,400,100,2,100,0.0,0,0.3,0.0,0.0,1.0,0.7,1.0,0.0,2.0,2.0,0.0
ind_nl_both,1.0614591988143702,0.05585832773624258,1.0,1.0,1.1002692222469388,75,150,400,100,2,100,0.0,0,0.3,0.0,0.0,1.0,0.7,1.0,0.0,2.0,2.0,0.0
ind_nl_both,0.993340353002363,0.04969059193298094,1.0,1.0,-0.1340222915158475,76,151,400,100,2,100,0.0,0,0.3,0.0,0.0,1.0,0.7,1.0,0.0,2.0,2.0,0.0
ind_nl_both,1.014844489326231,0.04883912400821646,1.0,1.0,0.3039466744680675,77,152,400,100,2,100,0.0,0,0.3,0.0,0.0,1.0,0.7,1.0,0.0,2.0,2.0,0.0
ind_nl_both,0.9666361800828821,0.05130983453159282,1.0,1.0,-0.6502422044759258,78,153,400,100,2,100,0.0,0,0.3,0.0,0.0,1.0,0.7,1.0,0.0,2.0,2.0,0.0
ind_nl_both,0.8952723826966485,0.04893631610222194,1.0,1.0,-2.140079712673679,79,154,400,100,2,100,0.0,0,0.3,0.0,0.0,1.0,0.7,1.0,0.0,2.0,2.0,0.0
ind_nl_both,0.9552723308967532,0.05073633359219625,1.0,1.0,-0.8815707785027321,80,155,400,100,2,100,0.0,0,0.3,0.0,0.0,1.0,0.7,1.0,0.0,2.0,2.0,0.0
ind_nl_both,0.9098284378726653,0.0540241232923326,1.0,1.0,-1.6690981108458325,81,156,400,100,2,100,0.0,0,0.3,0.0,0.0,1.0,0.7,1.0,0.0,2.0,2.0,0.0
ind_nl_both,1.0284497493220393,0.04940549584657682,1.0,1.0,0.5758417931961807,82,157,400,100,2,100,0.0,0,0.3,0.0,0.0,1.0,0.7,1.0,0.0,2.0,2.0,0.0
ind_nl_both,0.9967341092479389,0.047981978007955464,1.0,1.0,-0.06806494620791968,83,158,400,100,2,100,0.0,0,0.3,0.0,0.0,1.0,0.7,1.0,0.0,2.0,2.0,0.0
ind_nl_both,0.9976248746446738,0.0509896054601839,1.0,1.0,-0.04658057919630117,84,159,400,100,2,100,0.0,0,0.3,0.0,0.0,1.0,0.7,1.0,0.0,2.0,2.0,0.0
ind_nl_both,1.0230130787854463,0.0509938997080092,1.0,1.0,0.4512908194356405,85,160,400,100,2,100,0.0,0,0.3,0.0,0.0,1.0,0.7,1.0,0.0,2.0,2.0,0.0
ind_nl_both,1.0274960367376358,0.04430768658445902,1.0,1.0,0.6205703537516684,86,161,400,100,2,100,0.0,0,0.3,0.0,0.0,1.0,0.7,1.0,0.0,2.0,2.0,0.0
ind_nl_both,1.0348162050857437,0.05545499489120311,1.0,1.0,0.6278281181713103,87,162,400,100,2,100,0.0,0,0.3,0.0,0.0,1.0,0.7,1.0,0.0,2.0,2.0,0.0
ind_nl_both,0.9831445639005626,0.05249437066113878,1.0,1.0,-0.32109035477808606,88,163,400,100,2,100,0.0,0,0.3,0.0,0.0,1.0,0.7,1.0,0.0,2.0,2.0,0.0
ind_nl_both,0.9902112160663029,0.056061300478936794,1.0,1.0,-0.17460857757616421,89,164,400,100,2,100,0.0,0,0.3,0.0,0.0,1.0,0.7,1.0,0.0,2.0,2.0,0.0
ind_nl_both,1.0175247431101906,0.052543119803551565,1.0,1.0,0.3335306920432622,90,165,400,100,2,100,0.0,0,0.3,0.0,0.0,1.0,0.7,1.0,0.0,2.0,2.0,0.0
ind_nl_both,0.9435800687206879,0.05067230449090428,1.0,1.0,-1.113427381015196,91,166,400,100,2,100,0.0,0,0.3,0.0,0.0,1.0,0.7,1.0,0.0,2.0,2.0,0.0
ind_nl_both,0.96585047358375,0.05125472352842817,1.0,1.0,-0.6662708149680909,92,167,400,100,2,100,0.0,0,0.3,0.0,0.0,1.0,0.7,1.0,0.0,2.0,2.0,0.0
ind_nl_both,0.9724751594033809,0.04419256219843626,1.0,1.0,-0.6228387589980705,93,168,400,100,2,100,0.0,0,0.3,0.0,0.0,1.0,0.7,1.0,0.0,2.0,2.0,0.0
ind_nl_both,1.0203423374217004,0.05218528271027237,1.0,1.0,0.3898098537597109,94,169,400,100,2,100,0.0,0,0.3,0.0,0.0,1.0,0.7,1.0,0.0,2.0,2.0,0.0
ind_nl_both,0.927918349712199,0.045680192466181636,1.0,1.0,-1.5779629287062467,95,170,400,100,2,100,0.0,0,0.3,0.0,0.0,1.0,0.7,1.0,0.0,2.0,2.0,0.0
ind_nl_both,0.8303798202377247,0.05906081780381566,1.0,1.0,-2.871957857503911,96,171,400,100,2,100,0.0,0,0.3,0.0,0.0,1.0,0.7,1.0,0.0,2.0,2.0,0.0
ind_nl_both,1.0840089156959287,0.05201891022371312,1.0,1.0,1.6149687745214003,97,172,400,100,2,100,0.0,0,0.3,0.0,0.0,1.0,0.7,1.0,0.0,2.0,2.0,0.0
ind_nl_both,1.0695079740670048,0.05046049598117769,1.0,1.0,1.3774730651266696,98,173,400,100,2,100,0.0,0,0.3,0.0,0.0,1.0,0.7,1.0,0.0,2.0,2.0,0.0
ind_nl_both,1.0104706341009821,0.047966468555220104,1.0,1.0,0.21829070215849036,99,174,400,100,2,100,0.0,0,0.3,0.0,0.0,1.0,0.7,1.0,0.0,2.0,2.0,0.0
ind_skew_Dpos,1.0272293410010502,0.22261293299836613,1.0,1.0,0.1223169769801743,0,76,400,100,2,100,0.0,0,0.3,0.0,0.0,1.0,0.7,0.2,0.0,4.0,1.0,0.25
ind_skew_Dpos,1.0075353089834154,0.23542175155514325,1.0,1.0,0.03200770079076724,1,77,400,100,2,100,0.0,0,0.3,0.0,0.0,1.0,0.7,0.2,0.0,4.0,1.0,0.25
ind_skew_Dpos,0.9436236611891852,0.2580633177149775,1.0,1.0,-0.21845932738522977,2,78,400,100,2,100,0.0,0,0.3,0.0,0.0,1.0,0.7,0.2,0.0,4.0,1.0,0.25
ind_skew_Dpos,0.9328731524695996,0.27285596774351334,1.0,1.0,-0.24601568397250587,3,79,400,100,2,100,0.0,0,0.3,0.0,0.0,1.0,0.7,0.2,0.0,4.0,1.0,0.25
ind_skew_Dpos,1.1703237247493505,0.2311791398354758,1.0,1.0,0.7367607859020736,4,80,400,100,2,100,0.0,0,0.3,0.0,0.0,1.0,0.7,0.2,0.0,4.0,1.0,0.25
ind_skew_Dpos,1.1113101477239062,0.21850260142568784,1.0,1.0,0.5094225285997912,5,81,400,100,2,100,0.0,0,0.3,0.0,0.0,1.0,0.7,0.2,0.0,4.0,1.0,0.25
ind_skew_Dpos,1.505460660249208,0.23342349170011528,1.0,1.0,2.1654232681027037,6,82,400,100,2,100,0.0,0,0.3,0.0,0.0,1.0,0.7,0.2,0.0,4.0,1.0,0.25
ind_skew_Dpos,0.6679055607974688,0.27311661648406577,1.0,1.0,-1.21594373670013,7,83,400,100,2,100,0.0,0,0.3,0.0,0.0,1.0,0.7,0.2,0.0,4.0,1.0,0.25
ind_skew_Dpos,0.9681439377421426,0.2809778303192829,1.0,1.0,-0.11337571445283955,8,84,400,100,2,100,0.0,0,0.3,0.0,0.0,1.0,0.7,0.2,0.0,4.0,1.0,0.25
ind_skew_Dpos,1.161606437131545,0.23698372617841118,1.0,1.0,0.6819305263597766,9,85,400,100,2,100,0.0,0,0.3,0.0,0.0,1.0,0.7,0.2,0.0,4.0,1.0,0.25
ind_skew_Dpos,0.9656166383695056,0.2513339851518318,1.0,1.0,-0.13680347132411586,10,86,400,100,2,100,0.0,0,0.3,0.0,0.0,1.0,0.7,0.2,0.0,4.0,1.0,0.25
ind_skew_Dpos,0.9571440564252214,0.22452769096283706,1.0,1.0,-0.19087152854510034,11,87,400,100,2,100,0.0,0,0.3,0.0,0.0,1.0,0.7,0.2,0.0,4.0,1.0,0.25
ind_skew_Dpos,1.0574980204203979,0.25699110254839524,1.0,1.0,0.22373545173444334,12,88,400,100,2,100,0.0,0,0.3,0.0,0.0,1.0,0.7,0.2,0.0,4.0,1.0,0.25
ind_skew_Dpos,1.0730086582246683,0.25169173562031083,1.0,1.0,0.29007173415819015,13,89,400,100,2,100,0.0,0,0.3,0.0,0.0,1.0,0.7,0.2,0.0,4.0,1.0,0.25
ind_skew_Dpos,0.6566567994398614,0.209512232481662,1.0,1.0,-1.6387740061439628,14,90,400,100,2,100,0.0,0,0.3,0.0,0.0,1.0,0.7,0.2,0.0,4.0,1.0,0.25
ind_skew_Dpos,1.0086333383666508,0.2373891435306975,1.0,1.0,0.03636787360300834,15,91,400,100,2,100,0.0,0,0.3,0.0,0.0,1.0,0.7,0.2,0.0,4.0,1.0,0.25
ind_skew_Dpos,1.1397250763319797,0.22106709857044407,1.0,1.0,0.6320482660492134,16,92,400,100,2,100,0.0,0,0.3,0.0,0.0,1.0,0.7,0.2,0.0,4.0,1.0,0.25
ind_skew_Dpos,1.3079458884163027,0.24401986132280784,1.0,1.0,1.261970590209166,17,93,400,100,2,100,0.0,0,0.3,0.0,0.0,1.0,0.7,0.2,0.0,4.0,1.0,0.25
ind_skew_Dpos,1.1878839705718438,0.22624016202978914,1.0,1.0,0.8304625000538368,18,94,400,100,2,100,0.0,0,0.3,0.0,0.0,1.0,0.7,0.2,0.0,4.0,1.0,0.25
ind_skew_Dpos,0.7780030260587907,0.2184422189044473,1.0,1.0,-1.0162732051276084,19,95,400,100,2,100,0.0,0,0.3,0.0,0.0,1.0,0.7,0.2,0.0,4.0,1.0,0.25
ind_skew_Dpos,0.9313728261964533,0.24832602194532682,1.0,1.0,-0.27635917197053195,20,96,400,100,2,100,0.0,0,0.3,0.0,0.0,1.0,0.7,0.2,0.0,4.0,1.0,0.25
ind_skew_Dpos,0.9883086449102054,0.23457365879821251,1.0,1.0,-0.04984086938700921,21,97,400,100,2,100,0.0,0,0.3,0.0,0.0,1.0,0.7,0.2,0.0,4.0,1.0,0.25
ind_skew_Dpos,0.9387909529546786,0.25871809043401384,1.0,1.0,-0.23658587979928203,22,98,400,100,2,100,0.0,0,0.3,0.0,0.0,1.0,0.7,0.2,0.0,4.0,1.0,0.25
ind_skew_Dpos,0.7736332549048158,0.24181806724251217,1.0,1.0,-0.9361035247551114,23,99,400,100,2,100,0.0,0,0.3,0.0,0.0,1.0,0.7,0.2,0.0,4.0,1.0,0.25
ind_skew_Dpos,1.174015698579055,0.23885390210391153,1.0,1.0,0.728544507945074,24,100,400,100,2,100,0.0,0,0.3,0.0,0.0,1.0,0.7,0.2,0.0,4.0,1.0,0.25
ind_skew_Dpos,0.511626964644439,0.24386469632981755,1.0,1.0,-2.0026393434786285,25,101,400,100,2,100,0.0,0,0.3,0.0,0.0,1.0,0.7,0.2,0.0,4.0,1.0,0.25
ind_skew_Dpos,0.8954481963086516,0.24426377961395582,1.0,1.0,-0.4280282727819337,26,102,400,100,2,100,0.0,0,0.3,0.0,0.0,1.0,0.7,0.2,0.0,4.0,1.0,0.25
ind_skew_Dpos,1.0757760980260127,0.23635418401973898,1.0,1.0,0.32060400513021725,27,103,400,100,2,100,0.0,0,0.3,0.0,0.0,1.0,0.7,0.2,0.0,4.0,1.0,0.25
ind_skew_Dpos,1.272947602957354,0.23154283376347393,1.0,1.0,1.1788212078123568,28,104,400,100,2,100,0.0,0,0.3,0.0,0.0,1.0,0.7,0.2,0.0,4.0,1.0,0.25
ind_skew_Dpos,0.9602209900687102,0.2817770236250804,1.0,1.0,-0.1411719430474854,29,105,400,100,2,100,0.0,0,0.3,0.0,0.0,1.0,0.7,0.2,0.0,4.0,1.0,0.25
ind_skew_Dpos,1.5883463428704296,0.22893284989240742,1.0,1.0,2.569951595618267,30,106,400,100,2,100,0.0,0,0.3,0.0,0.0,1.0,0.7,0.2,0.0,4.0,1.0,0.25
ind_skew_Dpos,0.6420916251259071,0.26106172812667244,1.0,1.0,-1.370972211983629,31,107,400,100,2,100,0.0,0,0.3,0.0,0.0,1.0,0.7,0.2,0.0,4.0,1.0,0.25
ind_skew_Dpos,1.1273117771618784,0.24024517702343304,1.0,1.0,0.5299243828293819,32,108,400,100,2,100,0.0,0,0.3,0.0,0.0,1.0,0.7,0.2,0.0,4.0,1.0,0.25
ind_skew_Dpos,1.160534264332535,0.24967805304394408,1.0,1.0,0.6429650599056875,33,109,400,100,2,100,0.0,0,0.3,0.0,0.0,1.0,0.7,0.2,0.0,4.0,1.0,0.25
ind_skew_Dpos,0.9566686370750231,0.2642296292365182,1.0,1.0,-0.1639913095672928,34,110,400,100,2,100,0.0,0,0.3,0.0,0.0,1.0,0.7,0.2,0.0,4.0,1.0,0.25
ind_skew_Dpos,0.7809642476223793,0.2650787412308266,1.0,1.0,-0.8263044835681022,35,111,400,100,2,100,0.0,0,0.3,0.0,0.0,1.0,0.7,0.2,0.0,4.0,1.0,0.25
ind_skew_Dpos,0.8814865080900205,0.2205344153055128,1.0,1.0,-0.5373922784151367,36,112,400,100,2,100,0.0,0,0.3,0.0,0.0,1.0,0.7,0.2,0.0,4.0,1.0,0.25
ind_skew_Dpos,0.8200907943634338,0.21460111750070773,1.0,1.0,-0.838342352229237,37,113,400,100,2,100,0.0,0,0.3,0.0,0.0,1.0,0.7,0.2,0.0,4.0,1.0,0.25
ind_skew_Dpos,1.4085977477572362,0.2650330685614376,1.0,1.0,1.5416859110263017,38,114,400,100,2,100,0.0,0,0.3,0.0,0.0,1.0,0.7,0.2,0.0,4.0,1.0,0.25
ind_skew_Dpos,1.1562311208865799,0.2458941895056016,1.0,1.0,0.6353591404526492,39,115,400,100,2,100,0.0,0,0.3,0.0,0.0,1.0,0.7,0.2,0.0,4.0,1.0,0.25
ind_skew_Dpos,1.079945123644429,0.22712256459671576,1.0,1.0,0.3519911101144069,40,116,400,100,2,100,0.0,0,0.3,0.0,0.0,1.0,0.7,0.2,0.0,4.0,1.0,0.25
ind_skew_Dpos,1.116360849740373,0.2411013047132046,1.0,1.0,0.48262223167471785,41,117,400,100,2,100,0.0,0,0.3,0.0,0.0,1.0,0.7,0.2,0.0,4.0,1.0,0.25
ind_skew_Dpos,0.9510271583241505,0.24816167121136837,1.0,1.0,-0.1973424882126036,42,118,400,100,2,100,0.0,0,0.3,0.0,0.0,1.0,0.7,0.2,0.0,4.0,1.0,0.25
ind_skew_Dpos,0.7957795419112257,0.22631399798749693,1.0,1.0,-0.9023766090688601,43,119,400,100,2,100,0.0,0,0.3,0.0,0.0,1.0,0.7,0.2,0.0,4.0,1.0,0.25
ind_skew_Dpos,1.043410010000246,0.2266361633617662,1.0,1.0,0.19154052626170265,44,120,400,100,2,100,0.0,0,0.3,0.0,0.0,1.0,0.7,0.2,0.0,4.0,1.0,0.25
ind_skew_Dpos,0.7023977262631477,0.25452788460827724,1.0,1.0,-1.169232495664934,45,121,400,100,2,100,0.0,0,0.3,0.0,0.0,1.0,0.7,0.2,0.0,4.0,1.0,0.25
ind_skew_Dpos,0.9474447622103563,0.24057488280767172,1.0,1.0,-0.2184568778597685,46,122,400,100,2,100,0.0,0,0.3,0.0,0.0,1.0,0.7,0.2,0.0,4.0,1.0,0.25
ind_skew_Dpos,1.051546459963915,0.24117313451412273,1.0,1.0,0.21373218069152958,47,123,400,100,2,100,0.0,0,0.3,0.0,0.0,1.0,0.7,0.2,0.0,4.0,1.0,0.25
ind_skew_Dpos,0.9757221333277065,0.24492390647647372,1.0,1.0,-0.0991241199014009,48,124,400,100,2,100,0.0,0,0.3,0.0,0.0,1.0,0.7,0.2,0.0,4.0,1.0,0.25
ind_skew_Dpos,1.0144431456913567,0.2177523759476187,1.0,1.0,0.06632830355353322,49,125,400,100,2,100,0.0,0,0.3,0.0,0.0,1.0,0.7,0.2,0.0,4.0,1.0,0.25
ind_skew_Dpos,1.4363495339533825,0.24970252645197277,1.0,1.0,1.7474774490810328,50,126,400,100,2,100,0.0,0,0.3,0.0,0.0,1.0,0.7,0.2,0.0,4.0,1.0,0.25
ind_skew_Dpos,0.7303610396204857,0.2678975278938724,1.0,1.0,-1.006500367880706,51,127,400,100,2,100,0.0,0,0.3,0.0,0.0,1.0,0.7,0.2,0.0,4.0,1.0,0.25
ind_skew_Dpos,1.0647093437173056,0.22705070910482222,1.0,1.0,0.28499952267240597,52,128,400,100,2,100,0.0,0,0.3,0.0,0.0,1.0,0.7,0.2,0.0,4.0,1.0,0.25
ind_skew_Dpos,0.7923627524351293,0.2564070155105809,1.0,1.0,-0.8097955009203026,53,129,400,100,2,100,0.0,0,0.3,0.0,0.0,1.0,0.7,0.2,0.0,4.0,1.0,0.25
ind_skew_Dpos,0.722747373992307,0.2522790431784148,1.0,1.0,-1.098991904022787,54,130,400,100,2,100,0.0,0,0.3,0.0,0.0,1.0,0.7,0.2,0.0,4.0,1.0,0.25
ind_skew_Dpos,0.9762062562680371,0.22474573380095425,1.0,1.0,-0.10586961242626192,55,131,400,100,2,100,0.0,0,0.3,0.0,0.0,1.0,0.7,0.2,0.0,4.0,1.0,0.25
ind_skew_Dpos,0.4200335682463475,0.24112111863775154,1.0,1.0,-2.405290897082165,56,132,400,100,2,100,0.0,0,0.3,0.0,0.0,1.0,0.7,0.2,0.0,4.0,1.0,0.25
ind_skew_Dpos,1.0513057967256867,0.22336798640286784,1.0,1.0,0.22969180835588163,57,133,400,100,2,100,0.0,0,0.3,0.0,0.0,1.0,0.7,0.2,0.0,4.0,1.0,0.25
ind_skew_Dpos,1.223286560921653,0.2473951597067797,1.0,1.0,0.9025502406203059,58,134,400,100,2,100,0.0,0,0.3,0.0,0.0,1.0,0.7,0.2,0.0,4.0,1.0,0.25
ind_skew_Dpos,1.1512441026752938,0.26372758665739293,1.0,1.0,0.5734860906749742,59,135,400,100,2,100,0.0,0,0.3,0.0,0.0,1.0,0.7,0.2,0.0,4.0,1.0,0.25
ind_skew_Dpos,0.9068917380822242,0.2203768745301238,1.0,1.0,-0.4224956094703512,60,136,400,100,2,100,0.0,0,0.3,0.0,0.0,1.0,0.7,0.2,0.0,4.0,1.0,0.25
ind_skew_Dpos,1.1354171265804056,0.2777700293598515,1.0,1.0,0.4875152545884369,61,137,400,100,2,100,0.0,0,0.3,0.0,0.0,1.0,0.7,0.2,0.0,4.0,1.0,0.25
ind_skew_Dpos,0.8489850923028813,0.2725120184562719,1.0,1.0,-0.5541587066603119,62,138,400,100,2,100,0.0,0,0.3,0.0,0.0,1.0,0.7,0.2,0.0,4.0,1.0,0.25
ind_skew_Dpos,1.569947515462482,0.2769364877979732,1.0,1.0,2.0580441385472543,63,139,400,100,2,100,0.0,0,0.3,0.0,0.0,1.0,0.7,0.2,0.0,4.0,1.0,0.25
ind_skew_Dpos,1.1498154100517177,0.2351538905991812,1.0,1.0,0.6370951791185859,64,140,400,100,2,100,0.0,0,0.3,0.0,0.0,1.0,0.7,0.2,0.0,4.0,1.0,0.25
ind_skew_Dpos,1.1440368460617834,0.2224340522111836,1.0,1.0,0.6475485413763524,65,141,400,100,2,100,0.0,0,0.3,0.0,0.0,1.0,0.7,0.2,0.0,4.0,1.0,0.25
ind_skew_Dpos,0.7663619841731663,0.23056922572933344,1.0,1.0,-1.0133096257221368,66,142,400,100,2,100,0.0,0,0.3,0.0,0.0,1.0,0.7,0.2,0.0,4.0,1.0,0.25
ind_skew_Dpos,0.8854962504312763,0.23034219068187708,1.0,1.0,-0.4971028070444266,67,143,400,100,2,100,0.0,0,0.3,0.0,0.0,1.0,0.7,0.2,0.0,4.0,1.0,0.25
ind_skew_Dpos,1.2384075204314933,0.24705564860771687,1.0,1.0,0.9649952218256892,68,144,400,100,2,100,0.0,0,0.3,0.0,0.0,1.0,0.7,0.2,0.0,4.0,1.0,0.25
ind_skew_Dpos,0.8534945885532124,0.25375736008364697,1.0,1.0,-0.5773444813521647,69,145,400,100,2,100,0.0,0,0.3,0.0,0.0,1.0,0.7,0.2,0.0,4.0,1.0,0.25
ind_skew_Dpos,1.0101528105175661,0.2464026183724104,1.0,1.0,0.04120415028309991,70,146,400,100,2,100,0.0,0,0.3,0.0,0.0,1.0,0.7,0.2,0.0,4.0,1.0,0.25
ind_skew_Dpos,0.7442933149181294,0.24336243485470646,1.0,1.0,-1.0507237291348352,71,147,400,100,2,100,0.0,0,0.3,0.0,0.0,1.0,0.7,0.2,0.0,4.0,1.0,0.25
ind_skew_Dpos,0.5190416583335464,0.24302588487476026,1.0,1.0,-1.9790416231353636,72,148,400,100,2,100,0.0,0,0.3,0.0,0.0,1.0,0.7,0.2,0.0,4.0,1.0,0.25
ind_skew_Dpos,0.833842873766809,0.2257460546568432,1.0,1.0,-0.7360355709683016,73,149,400,100,2,100,0.0,0,0.3,0.0,0.0,1.0,0.7,0.2,0.0,4.0,1.0,0.25
ind_skew_Dpos,1.1013625678691734,0.27660576159387407,1.0,1.0,0.36645139741520943,74,150,400,100,2,100,0.0,0,0.3,0.0,0.0,1.0,0.7,0.2,0.0,4.0,1.0,0.25
ind_skew_Dpos,1.2211622154796822,0.24613413322065278,1.0,1.0,0.8985434591528842,75,151,400,100,2,100,0.0,0,0.3,0.0,0.0,1.0,0.7,0.2,0.0,4.0,1.0,0.25
ind_skew_Dpos,1.0494838647619678,0.22159730249647858,1.0,1.0,0.2233053570801211,76,152,400,100,2,100,0.0,0,0.3,0.0,0.0,1.0,0.7,0.2,0.0,4.0,1.0,0.25
ind_skew_Dpos,1.0367625510670497,0.22412982740133577,1.0,1.0,0.16402346574434845,77,153,400,100,2,100,0.0,0,0.3,0.0,0.0,1.0,0.7,0.2,0.0,4.0,1.0,0.25
ind_skew_Dpos,0.34414246145676003,0.231307686008167,1.0,1.0,-2.8354333998226195,78,154,400,100,2,100,0.0,0,0.3,0.0,0.0,1.0,0.7,0.2,0.0,4.0,1.0,0.25
ind_skew_Dpos,0.903851777325441,0.2409169089093528,1.0,1.0,-0.399092878577218,79,155,400,100,2,100,0.0,0,0.3,0.0,0.0,1.0,0.7,0.2,0.0,4.0,1.0,0.25
ind_skew_Dpos,0.679703579786488,0.23322389165938467,1.0,1.0,-1.3733430907725943,80,156,400,100,2,100,0.0,0,0.3,0.0,0.0,1.0,0.7,0.2,0.0,4.0,1.0,0.25
ind_skew_Dpos,1.14500012898678,0.23465855757817292,1.0,1.0,0.617919629623886,81,157,400,100,2,100,0.0,0,0.3,0.0,0.0,1.0,0.7,0.2,0.0,4.0,1.0,0.25
ind_skew_Dpos,0.9595350489654222,0.20170728111382866,1.0,1.0,-0.20061224766468588,82,158,400,100,2,100,0.0,0,0.3,0.0,0.0,1.0,0.7,0.2,0.0,4.0,1.0,0.25
ind_skew_Dpos,1.156614395172131,0.2382376385471102,1.0,1.0,0.6573872882859415,83,159,400,100,2,100,0.0,0,0.3,0.0,0.0,1.0,0.7,0.2,0.0,4.0,1.0,0.25
ind_skew_Dpos,1.0105864325613079,0.2288990940383644,1.0,1.0,0.046249342339177366,84,160,400,100,2,100,0.0,0,0.3,0.0,0.0,1.0,0.7,0.2,0.0,4.0,1.0,0.25
ind_skew_Dpos,1.3852432572909033,0.2239761798009492,1.0,1.0,1.7200188771559297,85,161,400,100,2,100,0.0,0,0.3,0.0,0.0,1.0,0.7,0.2,0.0,4.0,1.0,0.25
ind_skew_Dpos,1.2358299556034114,0.2539621747976096,1.0,1.0,0.9286026779041078,86,162,400,100,2,100,0.0,0,0.3,0.0,0.0,1.0,0.7,0.2,0.0,4.0,1.0,0.25
ind_skew_Dpos,0.9459373768008826,0.2536286951078152,1.0,1.0,-0.2131565719570329,87,163,400,100,2,100,0.0,0,0.3,0.0,0.0,1.0,0.7,0.2,0.0,4.0,1.0,0.25
ind_skew_Dpos,1.0517406913606013,0.25646990245679996,1.0,1.0,0.2017417672208792,88,164,400,100,2,100,0.0,0,0.3,0.0,0.0,1.0,0.7,0.2,0.0,4.0,1.0,0.25
ind_skew_Dpos,1.1145211222056137,0.24980577065183995,1.0,1.0,0.4584406593441928,89,165,400,100,2,100,0.0,0,0.3,0.0,0.0,1.0,0.7,0.2,0.0,4.0,1.0,0.25
ind_skew_Dpos,0.724817496892635,0.23778746864200392,1.0,1.0,-1.157262427153638,90,166,400,100,2,100,0.0,0,0.3,0.0,0.0,1.0,0.7,0.2,0.0,4.0,1.0,0.25
ind_skew_Dpos,0.6749019270813504,0.22942992301607185,1.0,1.0,-1.416982007599227,91,167,400,100,2,100,0.0,0,0.3,0.0,0.0,1.0,0.7,0.2,0.0,4.0,1.0,0.25
ind_skew_Dpos,0.9614376374228314,0.21402237854885797,1.0,1.0,-0.1801791141591552,92,168,400,100,2,100,0.0,0,0.3,0.0,0.0,1.0,0.7,0.2,0.0,4.0,1.0,0.25
ind_skew_Dpos,1.0110041925085769,0.24763154114510036,1.0,1.0,0.04443776611691374,93,169,400,100,2,100,0.0,0,0.3,0.0,0.0,1.0,0.7,0.2,0.0,4.0,1.0,0.25
ind_skew_Dpos,0.6307537176743819,0.22470931676682035,1.0,1.0,-1.6432175026760594,94,170,400,100,2,100,0.0,0,0.3,0.0,0.0,1.0,0.7,0.2,0.0,4.0,1.0,0.25
ind_skew_Dpos,0.4838575114404249,0.2792429992732599,1.0,1.0,-1.848363217351392,95,171,400,100,2,100,0.0,0,0.3,0.0,0.0,1.0,0.7,0.2,0.0,4.0,1.0,0.25
ind_skew_Dpos,1.4679950231025687,0.2435643968207863,1.0,1.0,1.9214426624385401,96,172,400,100,2,100,0.0,0,0.3,0.0,0.0,1.0,0.7,0.2,0.0,4.0,1.0,0.25
ind_skew_Dpos,1.398779347103606,0.23303681027506662,1.0,1.0,1.7112289969679215,97,173,400,100,2,100,0.0,0,0.3,0.0,0.0,1.0,0.7,0.2,0.0,4.0,1.0,0.25
ind_skew_Dpos,1.1646003963059823,0.2340352045768301,1.0,1.0,0.7033146855132497,98,174,400,100,2,100,0.0,0,0.3,0.0,0.0,1.0,0.7,0.2,0.0,4.0,1.0,0.25
ind_skew_Dpos,1.013289905891142,0.2746772886069164,1.0,1.0,0.04838370860053459,99,175,400,100,2,100,0.0,0,0.3,0.0,0.0,1.0,0.7,0.2,0.0,4.0,1.0,0.25
ind_skew_Dneg,1.2394491350940304,0.24864948778049445,1.0,1.0,0.9629987064578793,0,77,400,100,2,100,0.0,0,0.3,0.0,0.0,1.0,0.7,0.2,0.0,-4.0,1.0,0.25
ind_skew_Dneg,0.9294088340101062,0.26112154032487606,1.0,1.0,-0.2703383485792376,1,78,400,100,2,100,0.0,0,0.3,0.0,0.0,1.0,0.7,0.2,0.0,-4.0,1.0,0.25
ind_skew_Dneg,0.8022766276803711,0.2561840400240491,1.0,1.0,-0.7718020697193617,2,79,400,100,2,100,0.0,0,0.3,0.0,0.0,1.0,0.7,0.2,0.0,-4.0,1.0,0.25
ind_skew_Dneg,1.1075241795920574,0.228805755378676,1.0,1.0,0.46993651630005423,3,80,400,100,2,100,0.0,0,0.3,0.0,0.0,1.0,0.7,0.2,0.0,-4.0,1.0,0.25
ind_skew_Dneg,0.9992988464156914,0.22547480355122515,1.0,1.0,-0.0031096759960110676,4,81,400,100,2,100,0.0,0,0.3,0.0,0.0,1.0,0.7,0.2,0.0,-4.0,1.0,0.25
ind_skew_Dneg,1.4732093567283666,0.22107937886131057,1.0,1.0,2.1404500011067267,5,82,400,100,2,100,0.0,0,0.3,0.0,0.0,1.0,0.7,0.2,0.0,-4.0,1.0,0.25
ind_skew_Dneg,0.8402776684117059,0.2602088268221787,1.0,1.0,-0.6138236490241931,6,83,400,100,2,100,0.0,0,0.3,0.0,0.0,1.0,0.7,0.2,0.0,-4.0,1.0,0.25
ind_skew_Dneg,1.00064343386206,0.2681470729883615,1.0,1.0,0.0023995557918617774,7,84,400,100,2,100,0.0,0,0.3,0.0,0.0,1.0,0.7,0.2,0.0,-4.0,1.0,0.25
ind_skew_Dneg,0.9108519548903129,0.21792051154295553,1.0,1.0,-0.40908514980295757,8,85,400,100,2,100,0.0,0,0.3,0.0,0.0,1.0,0.7,0.2,0.0,-4.0,1.0,0.25
ind_skew_Dneg,0.9618450707781885,0.26253231822057477,1.0,1.0,-0.1453342182037735,9,86,400,100,2,100,0.0,0,0.3,0.0,0.0,1.0,0.7,0.2,0.0,-4.0,1.0,0.25
ind_skew_Dneg,1.0146267217329654,0.22745525285026647,1.0,1.0,0.06430593072561035,10,87,400,100,2,100,0.0,0,0.3,0.0,0.0,1.0,0.7,0.2,0.0,-4.0,1.0,0.25
ind_skew_Dneg,0.8106983840993166,0.2531532155094887,1.0,1.0,-0.7477748821783698,11,88,400,100,2,100,0.0,0,0.3,0.0,0.0,1.0,0.7,0.2,0.0,-4.0,1.0,0.25
ind_skew_Dneg,1.0868018406953106,0.24641180188685127,1.0,1.0,0.35226332517615677,12,89,400,100,2,100,0.0,0,0.3,0.0,0.0,1.0,0.7,0.2,0.0,-4.0,1.0,0.25
ind_skew_Dneg,0.49987434086975424,0.20029760563212498,1.0,1.0,-2.4969128190618393,13,90,400,100,2,100,0.0,0,0.3,0.0,0.0,1.0,0.7,0.2,0.0,-4.0,1.0,0.25
ind_skew_Dneg,0.841595079462845,0.24837235876451938,1.0,1.0,-0.6377719377675919,14,91,400,100,2,100,0.0,0,0.3,0.0,0.0,1.0,0.7,0.2,0.0,-4.0,1.0,0.25
ind_skew_Dneg,1.1196529208676087,0.21730394382749868,1.0,1.0,0.5506247091520446,15,92,400,100,2,100,0.0,0,0.3,0.0,0.0,1.0,0.7,0.2,0.0,-4.0,1.0,0.25
ind_skew_Dneg,1.075359523358521,0.2383597921069434,1.0,1.0,0.31615870567931115,16,93,400,100,2,100,0.0,0,0.3,0.0,0.0,1.0,0.7,0.2,0.0,-4.0,1.0,0.25
ind_skew_Dneg,0.9374141572747411,0.22148777981876092,1.0,1.0,-0.2825701841269603,17,94,400,100,2,100,0.0,0,0.3,0.0,0.0,1.0,0.7,0.2,0.0,-4.0,1.0,0.25
ind_skew_Dneg,0.6841571326933733,0.2140473067897752,1.0,1.0,-1.4755750588201941,18,95,400,100,2,100,0.0,0,0.3,0.0,0.0,1.0,0.7,0.2,0.0,-4.0,1.0,0.25
ind_skew_Dneg,0.8591500721757228,0.237168453110703,1.0,1.0,-0.5938813783068051,19,96,400,100,2,100,0.0,0,0.3,0.0,0.0,1.0,0.7,0.2,0.0,-4.0,1.0,0.25
ind_skew_Dneg,0.7977390737219195,0.21975898611391897,1.0,1.0,-0.9203761350320034,20,97,400,100,2,100,0.0,0,0.3,0.0,0.0,1.0,0.7,0.2,0.0,-4.0,1.0,0.25
ind_skew_Dneg,1.0702663479940768,0.23945560325464055,1.0,1.0,0.2934420704257005,21,98,400,100,2,100,0.0,0,0.3,0.0,0.0,1.0,0.7,0.2,0.0,-4.0,1.0,0.25
ind_skew_Dneg,0.6388798882028107,0.24196628772909812,1.0,1.0,-1.4924397740956956,22,99,400,100,2,100,0.0,0,0.3,0.0,0.0,1.0,0.7,0.2,0.0,-4.0,1.0,0.25
ind_skew_Dneg,1.14209712735013,0.25227215794066576,1.0,1.0,0.5632691633911938,23,100,400,100,2,100,0.0,0,0.3,0.0,0.0,1.0,0.7,0.2,0.0,-4.0,1.0,0.25
ind_skew_Dneg,0.6556705990295573,0.23954660548074808,1.0,1.0,-1.43742133301954,24,101,400,100,2,100,0.0,0,0.3,0.0,0.0,1.0,0.7,0.2,0.0,-4.0,1.0,0.25
ind_skew_Dneg,0.8115993249391312,0.24768497158075575,1.0,1.0,-0.760646372117261,25,102,400,100,2,100,0.0,0,0.3,0.0,0.0,1.0,0.7,0.2,0.0,-4.0,1.0,0.25
ind_skew_Dneg,0.8312147487600401,0.21681630778224353,1.0,1.0,-0.7784711997285603,26,103,400,100,2,100,0.0,0,0.3,0.0,0.0,1.0,0.7,0.2,0.0,-4.0,1.0,0.25
ind_skew_Dneg,1.283547882268843,0.24441954966542467,1.0,1.0,1.1600867551592313,27,104,400,100,2,100,0.0,0,0.3,0.0,0.0,1.0,0.7,0.2,0.0,-4.0,1.0,0.25
ind_skew_Dneg,0.8363050899763329,0.2590863101145082,1.0,1.0,-0.63181613089213,28,105,400,100,2,100,0.0,0,0.3,0.0,0.0,1.0,0.7,0.2,0.0,-4.0,1.0,0.25
ind_skew_Dneg,1.3430571195303487,0.2365278885607745,1.0,1.0,1.4503876122929245,29,106,400,100,2,100,0.0,0,0.3,0.0,0.0,1.0,0.7,0.2,0.0,-4.0,1.0,0.25
ind_skew_Dneg,0.45120000356561873,0.24209393536584253,1.0,1.0,-2.2668886587557715,30,107,400,100,2,100,0.0,0,0.3,0.0,0.0,1.0,0.7,0.2,0.0,-4.0,1.0,0.25
ind_skew_Dneg,0.8717046770400363,0.22584988423555696,1.0,1.0,-0.568055739298738,31,108,400,100,2,100,0.0,0,0.3,0.0,0.0,1.0,0.7,0.2,0.0,-4.0,1.0,0.25
ind_skew_Dneg,1.3437214775766124,0.24585153634074686,1.0,1.0,1.398085538502469,32,109,400,100,2,100,0.0,0,0.3,0.0,0.0,1.0,0.7,0.2,0.0,-4.0,1.0,0.25
ind_skew_Dneg,1.0478645889464622,0.24489418459583787,1.0,1.0,0.1954500839840509,33,110,400,100,2,100,0.0,0,0.3,0.0,0.0,1.0,0.7,0.2,0.0,-4.0,1.0,0.25
ind_skew_Dneg,0.9570674317314185,0.2696073043354546,1.0,1.0,-0.15924111690669673,34,111,400,100,2,100,0.0,0,0.3,0.0,0.0,1.0,0.7,0.2,0.0,-4.0,1.0,0.25
ind_skew_Dneg,0.623489351014583,0.2265405818476478,1.0,1.0,-1.6620008914721798,35,112,400,100,2,100,0.0,0,0.3,0.0,0.0,1.0,0.7,0.2,0.0,-4.0,1.0,0.25
ind_skew_Dneg,0.7730045239772283,0.20235035184409594,1.0,1.0,-1.1217943233311696,36,113,400,100,2,100,0.0,0,0.3,0.0,0.0,1.0,0.7,0.2,0.0,-4.0,1.0,0.25
ind_skew_Dneg,1.2011939531558455,0.25011260007480157,1.0,1.0,0.8044135045402516,37,114,400,100,2,100,0.0,0,0.3,0.0,0.0,1.0,0.7,0.2,0.0,-4.0,1.0,0.25
ind_skew_Dneg,1.1561802858994812,0.24303779902094128,1.0,1.0,0.6426172658271315,38,115,400,100,2,100,0.0,0,0.3,0.0,0.0,1.0,0.7,0.2,0.0,-4.0,1.0,0.25
ind_skew_Dneg,0.9267113434087276,0.23627907401855847,1.0,1.0,-0.31017836385085856,39,116,400,100,2,100,0.0,0,0.3,0.0,0.0,1.0,0.7,0.2,0.0,-4.0,1.0,0.25
ind_skew_Dneg,0.9351812925104066,0.2359908951902641,1.0,1.0,-0.2746661367479211,40,117,400,100,2,100,0.0,0,0.3,0.0,0.0,1.0,0.7,0.2,0.0,-4.0,1.0,0.25
ind_skew_Dneg,0.7122870589078776,0.24310283683707845,1.0,1.0,-1.1835030180455712,41,118,400,100,2,100,0.0,0,0.3,0.0,0.0,1.0,0.7,0.2,0.0,-4.0,1.0,0.25
ind_skew_Dneg,0.6582333900897266,0.22958055170247202,1.0,1.0,-1.4886566278191997,42,119,400,100,2,100,0.0,0,0.3,0.0,0.0,1.0,0.7,0.2,0.0,-4.0,1.0,0.25
ind_skew_Dneg,0.9462709622305442,0.22022170442312855,1.0,1.0,-0.24397703173808047,43,120,400,100,2,100,0.0,0,0.3,0.0,0.0,1.0,0.7,0.2,0.0,-4.0,1.0,0.25
ind_skew_Dneg,0.7197645753320454,0.258433842318217,1.0,1.0,-1.0843604001479523,44,121,400,100,2,100,0.0,0,0.3,0.0,0.0,1.0,0.7,0.2,0.0,-4.0,1.0,0.25
ind_skew_Dneg,0.9163352859124665,0.2523469345656939,1.0,1.0,-0.33154638565959255,45,122,400,100,2,100,0.0,0,0.3,0.0,0.0,1.0,0.7,0.2,0.0,-4.0,1.0,0.25
ind_skew_Dneg,1.1661561950689074,0.2319383475612194,1.0,1.0,0.7163808693818992,46,123,400,100,2,100,0.0,0,0.3,0.0,0.0,1.0,0.7,0.2,0.0,-4.0,1.0,0.25
ind_skew_Dneg,0.9208246096869142,0.2279767936850633,1.0,1.0,-0.34729583232257427,47,124,400,100,2,100,0.0,0,0.3,0.0,0.0,1.0,0.7,0.2,0.0,-4.0,1.0,0.25
ind_skew_Dneg,0.8613875951697927,0.21678102399183077,1.0,1.0,-0.6394120771171873,48,125,400,100,2,100,0.0,0,0.3,0.0,0.0,1.0,0.7,0.2,0.0,-4.0,1.0,0.25
ind_skew_Dneg,1.1304487057710073,0.2483085043557642,1.0,1.0,0.5253493274805716,49,126,400,100,2,100,0.0,0,0.3,0.0,0.0,1.0,0.7,0.2,0.0,-4.0,1.0,0.25
ind_skew_Dneg,0.833310346235498,0.2668089824638956,1.0,1.0,-0.6247527809040622,50,127,400,100,2,100,0.0,0,0.3,0.0,0.0,1.0,0.7,0.2,0.0,-4.0,1.0,0.25
ind_skew_Dneg,1.0145077364837802,0.23962818514670978,1.0,1.0,0.06054269648997269,51,128,400,100,2,100,0.0,0,0.3,0.0,0.0,1.0,0.7,0.2,0.0,-4.0,1.0,0.25
ind_skew_Dneg,0.6492741503913773,0.24828367065018883,1.0,1.0,-1.412601355095827,52,129,400,100,2,100,0.0,0,0.3,0.0,0.0,1.0,0.7,0.2,0.0,-4.0,1.0,0.25
ind_skew_Dneg,0.5415021662906586,0.2538002445126989,1.0,1.0,-1.8065303072881809,53,130,400,100,2,100,0.0,0,0.3,0.0,0.0,1.0,0.7,0.2,0.0,-4.0,1.0,0.25
ind_skew_Dneg,0.9382537819313843,0.22756584744830255,1.0,1.0,-0.27133341299222385,54,131,400,100,2,100,0.0,0,0.3,0.0,0.0,1.0,0.7,0.2,0.0,-4.0,1.0,0.25
ind_skew_Dneg,0.7453526386627461,0.23754398064267362,1.0,1.0,-1.0720009012575573,55,132,400,100,2,100,0.0,0,0.3,0.0,0.0,1.0,0.7,0.2,0.0,-4.0,1.0,0.25
ind_skew_Dneg,0.8131489190951899,0.22949781270278097,1.0,1.0,-0.8141736895192024,56,133,400,100,2,100,0.0,0,0.3,0.0,0.0,1.0,0.7,0.2,0.0,-4.0,1.0,0.25
ind_skew_Dneg,1.2869531001470216,0.26551765072074085,1.0,1.0,1.0807307889629738,57,134,400,100,2,100,0.0,0,0.3,0.0,0.0,1.0,0.7,0.2,0.0,-4.0,1.0,0.25
ind_skew_Dneg,1.0096492732462907,0.2611306999796808,1.0,1.0,0.03695189132124854,58,135,400,100,2,100,0.0,0,0.3,0.0,0.0,1.0,0.7,0.2,0.0,-4.0,1.0,0.25
ind_skew_Dneg,0.8026228488739372,0.22648653220132764,1.0,1.0,-0.871474119046562,59,136,400,100,2,100,0.0,0,0.3,0.0,0.0,1.0,0.7,0.2,0.0,-4.0,1.0,0.25
ind_skew_Dneg,1.165543574608127,0.26486167167294494,1.0,1.0,0.6250189903375023,60,137,400,100,2,100,0.0,0,0.3,0.0,0.0,1.0,0.7,0.2,0.0,-4.0,1.0,0.25
ind_skew_Dneg,0.8115606254214939,0.26357330328774925,1.0,1.0,-0.7149410514189382,61,138,400,100,2,100,0.0,0,0.3,0.0,0.0,1.0,0.7,0.2,0.0,-4.0,1.0,0.25
ind_skew_Dneg,1.4595754802372152,0.25410217271173885,1.0,1.0,1.8086247564619269,62,139,400,100,2,100,0.0,0,0.3,0.0,0.0,1.0,0.7,0.2,0.0,-4.0,1.0,0.25
ind_skew_Dneg,0.9217203731723271,0.23561832312810604,1.0,1.0,-0.33223064228800286,63,140,400,100,2,100,0.0,0,0.3,0.0,0.0,1.0,0.7,0.2,0.0,-4.0,1.0,0.25
ind_skew_Dneg,1.0695469945304663,0.22642768783189995,1.0,1.0,0.30714880850657295,64,141,400,100,2,100,0.0,0,0.3,0.0,0.0,1.0,0.7,0.2,0.0,-4.0,1.0,0.25
ind_skew_Dneg,0.8838861661264226,0.23364942971232056,1.0,1.0,-0.4969574889035333,65,142,400,100,2,100,0.0,0,0.3,0.0,0.0,1.0,0.7,0.2,0.0,-4.0,1.0,0.25
ind_skew_Dneg,0.743810750992074,0.2474991431319337,1.0,1.0,-1.0351116604527388,66,143,400,100,2,100,0.0,0,0.3,0.0,0.0,1.0,0.7,0.2,0.0,-4.0,1.0,0.25
ind_skew_Dneg,1.1605058040544123,0.24900653221626146,1.0,1.0,0.6445847128018852,67,144,400,100,2,100,0.0,0,0.3,0.0,0.0,1.0,0.7,0.2,0.0,-4.0,1.0,0.25
ind_skew_Dneg,0.7796598673286221,0.24756843401248974,1.0,1.0,-0.8900170716443672,68,145,400,100,2,100,0.0,0,0.3,0.0,0.0,1.0,0.7,0.2,0.0,-4.0,1.0,0.25
ind_skew_Dneg,0.9498899622175989,0.2703766716761215,1.0,1.0,-0.18533417647224698,69,146,400,100,2,100,0.0,0,0.3,0.0,0.0,1.0,0.7,0.2,0.0,-4.0,1.0,0.25
ind_skew_Dneg,0.6711426501421148,0.23835644912413262,1.0,1.0,-1.379687233411591,70,147,400,100,2,100,0.0,0,0.3,0.0,0.0,1.0,0.7,0.2,0.0,-4.0,1.0,0.25
ind_skew_Dneg,0.5141830606456553,0.2326618200855036,1.0,1.0,-2.088081917247128,71,148,400,100,2,100,0.0,0,0.3,0.0,0.0,1.0,0.7,0.2,0.0,-4.0,1.0,0.25
ind_skew_Dneg,1.1086180606631326,0.23508615692717827,1.0,1.0,0.4620351197317791,72,149,400,100,2,100,0.0,0,0.3,0.0,0.0,1.0,0.7,0.2,0.0,-4.0,1.0,0.25
ind_skew_Dneg,1.1021181506320712,0.2729843029602366,1.0,1.0,0.37408066883225116,73,150,400,100,2,100,0.0,0,0.3,0.0,0.0,1.0,0.7,0.2,0.0,-4.0,1.0,0.25
ind_skew_Dneg,0.8355764450563552,0.24787690338175414,1.0,1.0,-0.6633274528624267,74,151,400,100,2,100,0.0,0,0.3,0.0,0.0,1.0,0.7,0.2,0.0,-4.0,1.0,0.25
ind_skew_Dneg,1.002578845644245,0.2304920952285709,1.0,1.0,0.011188434213709984,75,152,400,100,2,100,0.0,0,0.3,0.0,0.0,1.0,0.7,0.2,0.0,-4.0,1.0,0.25
ind_skew_Dneg,0.833169293198692,0.2331231639668141,1.0,1.0,-0.7156333328808839,76,153,400,100,2,100,0.0,0,0.3,0.0,0.0,1.0,0.7,0.2,0.0,-4.0,1.0,0.25
ind_skew_Dneg,0.5061311679513228,0.2227415335261692,1.0,1.0,-2.2172283014772995,77,154,400,100,2,100,0.0,0,0.3,0.0,0.0,1.0,0.7,0.2,0.0,-4.0,1.0,0.25
ind_skew_Dneg,0.8525082139254392,0.24313425767120325,1.0,1.0,-0.6066269208102207,78,155,400,100,2,100,0.0,0,0.3,0.0,0.0,1.0,0.7,0.2,0.0,-4.0,1.0,0.25
ind_skew_Dneg,0.6070911787585431,0.24176015444060028,1.0,1.0,-1.6252009027318575,79,156,400,100,2,100,0.0,0,0.3,0.0,0.0,1.0,0.7,0.2,0.0,-4.0,1.0,0.25
ind_skew_Dneg,1.171656216535979,0.22969836790030893,1.0,1.0,0.7473114332726963,80,157,400,100,2,100,0.0,0,0.3,0.0,0.0,1.0,0.7,0.2,0.0,-4.0,1.0,0.25
ind_skew_Dneg,0.9301508065080074,0.20401285846688938,1.0,1.0,-0.3423764267453215,81,158,400,100,2,100,0.0,0,0.3,0.0,0.0,1.0,0.7,0.2,0.0,-4.0,1.0,0.25
ind_skew_Dneg,0.9463045599743767,0.23283630304042302,1.0,1.0,-0.23061455333407,82,159,400,100,2,100,0.0,0,0.3,0.0,0.0,1.0,0.7,0.2,0.0,-4.0,1.0,0.25
ind_skew_Dneg,0.9628312656464192,0.2360014266242951,1.0,1.0,-0.15749368503925174,83,160,400,100,2,100,0.0,0,0.3,0.0,0.0,1.0,0.7,0.2,0.0,-4.0,1.0,0.25
ind_skew_Dneg,1.263653221318381,0.2193403928135431,1.0,1.0,1.2020276700357122,84,161,400,100,2,100,0.0,0,0.3,0.0,0.0,1.0,0.7,0.2,0.0,-4.0,1.0,0.25
ind_skew_Dneg,1.0956870786939146,0.2579685240239417,1.0,1.0,0.3709254028411388,85,162,400,100,2,100,0.0,0,0.3,0.0,0.0,1.0,0.7,0.2,0.0,-4.0,1.0,0.25
ind_skew_Dneg,0.8608771803592796,0.26140235648303406,1.0,1.0,-0.5322171594491725,86,163,400,100,2,100,0.0,0,0.3,0.0,0.0,1.0,0.7,0.2,0.0,-4.0,1.0,0.25
ind_skew_Dneg,0.7849029426276904,0.2494793882545367,1.0,1.0,-0.8621836812941523,87,164,400,100,2,100,0.0,0,0.3,0.0,0.0,1.0,0.7,0.2,0.0,-4.0,1.0,0.25
ind_skew_Dneg,1.0020469808397847,0.26315559982190806,1.0,1.0,0.007778595025794712,88,165,400,100,2,100,0.0,0,0.3,0.0,0.0,1.0,0.7,0.2,0.0,-4.0,1.0,0.25
ind_skew_Dneg,0.8035423145239867,0.26472294113772576,1.0,1.0,-0.7421256526981673,89,166,400,100,2,100,0.0,0,0.3,0.0,0.0,1.0,0.7,0.2,0.0,-4.0,1.0,0.25
ind_skew_Dneg,0.8894245567968817,0.23439295393987294,1.0,1.0,-0.4717524197910974,90,167,400,100,2,100,0.0,0,0.3,0.0,0.0,1.0,0.7,0.2,0.0,-4.0,1.0,0.25
ind_skew_Dneg,0.866837824765194,0.20291664738315188,1.0,1.0,-0.6562407616727775,91,168,400,100,2,100,0.0,0,0.3,0.0,0.0,1.0,0.7,0.2,0.0,-4.0,1.0,0.25
ind_skew_Dneg,1.0544565161212391,0.24213988504784947,1.0,1.0,0.2248969272884471,92,169,400,100,2,100,0.0,0,0.3,0.0,0.0,1.0,0.7,0.2,0.0,-4.0,1.0,0.25
ind_skew_Dneg,0.5446953103323208,0.24076545700212784,1.0,1.0,-1.8910714823333454,93,170,400,100,2,100,0.0,0,0.3,0.0,0.0,1.0,0.7,0.2,0.0,-4.0,1.0,0.25
ind_skew_Dneg,0.13922785532288146,0.2737573520597583,1.0,1.0,-3.144288685584675,94,171,400,100,2,100,0.0,0,0.3,0.0,0.0,1.0,0.7,0.2,0.0,-4.0,1.0,0.25
ind_skew_Dneg,1.1500260019348443,0.23500383775645384,1.0,1.0,0.6383980932699648,95,172,400,100,2,100,0.0,0,0.3,0.0,0.0,1.0,0.7,0.2,0.0,-4.0,1.0,0.25
ind_skew_Dneg,1.1957630190318642,0.22465688723434965,1.0,1.0,0.8713866796687834,96,173,400,100,2,100,0.0,0,0.3,0.0,0.0,1.0,0.7,0.2,0.0,-4.0,1.0,0.25
ind_skew_Dneg,0.8882432114076392,0.2131164316213747,1.0,1.0,-0.5243931110432128,97,174,400,100,2,100,0.0,0,0.3,0.0,0.0,1.0,0.7,0.2,0.0,-4.0,1.0,0.25
ind_skew_Dneg,1.0459445899951296,0.26259164516290623,1.0,1.0,0.17496592462653024,98,175,400,100,2,100,0.0,0,0.3,0.0,0.0,1.0,0.7,0.2,0.0,-4.0,1.0,0.25
ind_skew_Dneg,0.93974973170545,0.2469671030467208,1.0,1.0,-0.24396070388027352,99,176,400,100,2,100,0.0,0,0.3,0.0,0.0,1.0,0.7,0.2,0.0,-4.0,1.0,0.25
ind_skew_Y,1.0133415599579982,0.027812745543413134,1.0,1.0,0.4796923028391172,0,78,400,100,2,100,0.0,0,0.3,0.0,0.0,0.5,0.7,1.0,1.0,0.25,4.0,0.0
ind_skew_Y,0.996599479270203,0.029560851233976126,1.0,1.0,-0.11503460109729818,1,79,400,100,2,100,0.0,0,0.3,0.0,0.0,0.5,0.7,1.0,1.0,0.25,4.0,0.0
ind_skew_Y,0.9927797401562505,0.0267932548360768,1.0,1.0,-0.2694805049973819,2,80,400,100,2,100,0.0,0,0.3,0.0,0.0,0.5,0.7,1.0,1.0,0.25,4.0,0.0
ind_skew_Y,0.9735401871148466,0.026643180512983252,1.0,1.0,-0.9931176524611814,3,81,400,100,2,100,0.0,0,0.3,0.0,0.0,0.5,0.7,1.0,1.0,0.25,4.0,0.0
ind_skew_Y,1.0331385524778012,0.025972229346109068,1.0,1.0,1.2759225261795135,4,82,400,100,2,100,0.0,0,0.3,0.0,0.0,0.5,0.7,1.0,1.0,0.25,4.0,0.0
ind_skew_Y,1.0096686509102402,0.026633610862925945,1.0,1.0,0.3630244115227706,5,83,400,100,2,100,0.0,0,0.3,0.0,0.0,0.5,0.7,1.0,1.0,0.25,4.0,0.0
ind_skew_Y,1.0240310983329888,0.029750953162186296,1.0,1.0,0.8077421318901641,6,84,400,100,2,100,0.0,0,0.3,0.0,0.0,0.5,0.7,1.0,1.0,0.25,4.0,0.0
ind_skew_Y,0.9908823815138912,0.024928931362316206,1.0,1.0,-0.36574445785876936,7,85,400,100,2,100,0.0,0,0.3,0.0,0.0,0.5,0.7,1.0,1.0,0.25,4.0,0.0
ind_skew_Y,1.0034327206826679,0.026301762763250525,1.0,1.0,0.1305129513016576,8,86,400,100,2,100,0.0,0,0.3,0.0,0.0,0.5,0.7,1.0,1.0,0.25,4.0,0.0
ind_skew_Y,0.9776921631151556,0.02705009510310374,1.0,1.0,-0.8246860796539225,9,87,400,100,2,100,0.0,0,0.3,0.0,0.0,0.5,0.7,1.0,1.0,0.25,4.0,0.0
ind_skew_Y,0.9669107531948751,0.028421028754545472,1.0,1.0,-1.1642522545857124,10,88,400,100,2,100,0.0,0,0.3,0.0,0.0,0.5,0.7,1.0,1.0,0.25,4.0,0.0
ind_skew_Y,1.0287127390214872,0.02835485195801892,1.0,1.0,1.0126217221658622,11,89,400,100,2,100,0.0,0,0.3,0.0,0.0,0.5,0.7,1.0,1.0,0.25,4.0,0.0
ind_skew_Y,0.9417258038406375,0.02413488345308419,1.0,1.0,-2.414521548141788,12,90,400,100,2,100,0.0,0,0.3,0.0,0.0,0.5,0.7,1.0,1.0,0.25,4.0,0.0
ind_skew_Y,1.009908685098519,0.02672597263201983,1.0,1.0,0.37075115038648454,13,91,400,100,2,100,0.0,0,0.3,0.0,0.0,0.5,0.7,1.0,1.0,0.25,4.0,0.0
ind_skew_Y,1.021469544668056,0.02404236703559735,1.0,1.0,0.892987975612715,14,92,400,100,2,100,0.0,0,0.3,0.0,0.0,0.5,0.7,1.0,1.0,0.25,4.0,0.0
ind_skew_Y,1.0169533353180191,0.027322300212396473,1.0,1.0,0.6204944381047092,15,93,400,100,2,100,0.0,0,0.3,0.0,0.0,0.5,0.7,1.0,1.0,0.25,4.0,0.0
ind_skew_Y,0.9931902453014534,0.025175855893882822,1.0,1.0,-0.2704875149925382,16,94,400,100,2,100,0.0,0,0.3,0.0,0.0,0.5,0.7,1.0,1.0,0.25,4.0,0.0
ind_skew_Y,0.9705861511038618,0.027766144887384787,1.0,1.0,-1.0593421958804952,17,95,400,100,2,100,0.0,0,0.3,0.0,0.0,0.5,0.7,1.0,1.0,0.25,4.0,0.0
ind_skew_Y,1.007974729516767,0.02677547147664273,1.0,1.0,0.29783712767573794,18,96,400,100,2,100,0.0,0,0.3,0.0,0.0,0.5,0.7,1.0,1.0,0.25,4.0,0.0
ind_skew_Y,0.9848878670690536,0.025182511078015463,1.0,1.0,-0.6001042900022544,19,97,400,100,2,100,0.0,0,0.3,0.0,0.0,0.5,0.7,1.0,1.0,0.25,4.0,0.0
ind_skew_Y,1.013700238210091,0.02718424036256777,1.0,1.0,0.5039772319316314,20,98,400,100,2,100,0.0,0,0.3,0.0,0.0,0.5,0.7,1.0,1.0,0.25,4.0,0.0
ind_skew_Y,0.9500857020776762,0.02924991794105838,1.0,1.0,-1.7064765112471876,21,99,400,100,2,100,0.0,0,0.3,0.0,0.0,0.5,0.7,1.0,1.0,0.25,4.0,0.0
ind_skew_Y,1.0156418224450086,0.027973487961254696,1.0,1.0,0.5591659669567703,22,100,400,100,2,100,0.0,0,0.3,0.0,0.0,0.5,0.7,1.0,1.0,0.25,4.0,0.0
ind_skew_Y,0.9388623057088753,0.027173126424671647,1.0,1.0,-2.249932279990247,23,101,400,100,2,100,0.0,0,0.3,0.0,0.0,0.5,0.7,1.0,1.0,0.25,4.0,0.0
ind_skew_Y,1.0032048208120705,0.027087647517877313,1.0,1.0,0.11831299894002979,24,102,400,100,2,100,0.0,0,0.3,0.0,0.0,0.5,0.7,1.0,1.0,0.25,4.0,0.0
ind_skew_Y,1.0069511032139065,0.024597837586045546,1.0,1.0,0.28259001180859294,25,103,400,100,2,100,0.0,0,0.3,0.0,0.0,0.5,0.7,1.0,1.0,0.25,4.0,0.0
ind_skew_Y,1.0033022256351796,0.028585264831948454,1.0,1.0,0.11552195351672305,26,104,400,100,2,100,0.0,0,0.3,0.0,0.0,0.5,0.7,1.0,1.0,0.25,4.0,0.0
ind_skew_Y,1.0222122175237742,0.029298164614609296,1.0,1.0,0.7581436522033288,27,105,400,100,2,100,0.0,0,0.3,0.0,0.0,0.5,0.7,1.0,1.0,0.25,4.0,0.0
ind_skew_Y,1.0399275522927742,0.02561170335623243,1.0,1.0,1.5589573148424796,28,106,400,100,2,100,0.0,0,0.3,0.0,0.0,0.5,0.7,1.0,1.0,0.25,4.0,0.0
ind_skew_Y,0.9577519726182828,0.028360598482147576,1.0,1.0,-1.4896733370528643,29,107,400,100,2,100,0.0,0,0.3,0.0,0.0,0.5,0.7,1.0,1.0,0.25,4.0,0.0
ind_skew_Y,1.0006942153921523,0.02594633950652736,1.0,1.0,0.026755812394178524,30,108,400,100,2,100,0.0,0,0.3,0.0,0.0,0.5,0.7,1.0,1.0,0.25,4.0,0.0
ind_skew_Y,1.0097973097843747,0.026812701817347077,1.0,1.0,0.36539808077215347,31,109,400,100,2,100,0.0,0,0.3,0.0,0.0,0.5,0.7,1.0,1.0,0.25,4.0,0.0
ind_skew_Y,0.9940339959749636,0.02919344931220437,1.0,1.0,-0.20436105241398606,32,110,400,100,2,100,0.0,0,0.3,0.0,0.0,0.5,0.7,1.0,1.0,0.25,4.0,0.0
ind_skew_Y,0.9879795993288218,0.026160420708936753,1.0,1.0,-0.45948804894685136,33,111,400,100,2,100,0.0,0,0.3,0.0,0.0,0.5,0.7,1.0,1.0,0.25,4.0,0.0
ind_skew_Y,0.9696969232826829,0.024277695097425295,1.0,1.0,-1.248185900503003,34,112,400,100,2,100,0.0,0,0.3,0.0,0.0,0.5,0.7,1.0,1.0,0.25,4.0,0.0
ind_skew_Y,0.9769366826757552,0.022728736134493305,1.0,1.0,-1.0147206244892675,35,113,400,100,2,100,0.0,0,0.3,0.0,0.0,0.5,0.7,1.0,1.0,0.25,4.0,0.0
ind_skew_Y,1.0225735707800596,0.027851944270813406,1.0,1.0,0.8104845593747255,36,114,400,100,2,100,0.0,0,0.3,0.0,0.0,0.5,0.7,1.0,1.0,0.25,4.0,0.0
ind_skew_Y,1.0145313416652502,0.026083376568136866,1.0,1.0,0.5571112170730792,37,115,400,100,2,100,0.0,0,0.3,0.0,0.0,0.5,0.7,1.0,1.0,0.25,4.0,0.0
ind_skew_Y,1.0204221936655513,0.028707255152212324,1.0,1.0,0.7113948567102026,38,116,400,100,2,100,0.0,0,0.3,0.0,0.0,0.5,0.7,1.0,1.0,0.25,4.0,0.0
ind_skew_Y,1.0385764110041455,0.026899617345991063,1.0,1.0,1.4340877235524958,39,117,400,100,2,100,0.0,0,0.3,0.0,0.0,0.5,0.7,1.0,1.0,0.25,4.0,0.0
ind_skew_Y,0.9937853668322334,0.029167861698045923,1.0,1.0,-0.2130644073981929,40,118,400,100,2,100,0.0,0,0.3,0.0,0.0,0.5,0.7,1.0,1.0,0.25,4.0,0.0
ind_skew_Y,0.9749037086770369,0.028146562126924582,1.0,1.0,-0.891629009958426,41,119,400,100,2,100,0.0,0,0.3,0.0,0.0,0.5,0.7,1.0,1.0,0.25,4.0,0.0
ind_skew_Y,1.0162394053710206,0.02531792756896935,1.0,1.0,0.6414192206997344,42,120,400,100,2,100,0.0,0,0.3,0.0,0.0,0.5,0.7,1.0,1.0,0.25,4.0,0.0
ind_skew_Y,0.9558992773580678,0.0279278410431844,1.0,1.0,-1.5790953039921678,43,121,400,100,2,100,0.0,0,0.3,0.0,0.0,0.5,0.7,1.0,1.0,0.25,4.0,0.0
ind_skew_Y,0.980682301472794,0.02565918685493089,1.0,1.0,-0.752857003474907,44,122,400,100,2,100,0.0,0,0.3,0.0,0.0,0.5,0.7,1.0,1.0,0.25,4.0,0.0
ind_skew_Y,0.9939107883601324,0.027213081078080046,1.0,1.0,-0.22376046366805782,45,123,400,100,2,100,0.0,0,0.3,0.0,0.0,0.5,0.7,1.0,1.0,0.25,4.0,0.0
ind_skew_Y,1.0012661559474962,0.026291852587714205,1.0,1.0,0.04815773035666171,46,124,400,100,2,100,0.0,0,0.3,0.0,0.0,0.5,0.7,1.0,1.0,0.25,4.0,0.0
ind_skew_Y,0.9805656015085998,0.02665142325527237,1.0,1.0,-0.7292067783867984,47,125,400,100,2,100,0.0,0,0.3,0.0,0.0,0.5,0.7,1.0,1.0,0.25,4.0,0.0
ind_skew_Y,1.0205685362865393,0.02599558017199783,1.0,1.0,0.7912320536971716,48,126,400,100,2,100,0.0,0,0.3,0.0,0.0,0.5,0.7,1.0,1.0,0.25,4.0,0.0
ind_skew_Y,0.9818862947573749,0.027843339949492722,1.0,1.0,-0.650557917099135,49,127,400,100,2,100,0.0,0,0.3,0.0,0.0,0.5,0.7,1.0,1.0,0.25,4.0,0.0
ind_skew_Y,1.0130514534055808,0.025181209311501095,1.0,1.0,0.5183012953877377,50,128,400,100,2,100,0.0,0,0.3,0.0,0.0,0.5,0.7,1.0,1.0,0.25,4.0,0.0
ind_skew_Y,0.9616589826707438,0.026964444018101493,1.0,1.0,-1.421910175619327,51,129,400,100,2,100,0.0,0,0.3,0.0,0.0,0.5,0.7,1.0,1.0,0.25,4.0,0.0
ind_skew_Y,0.9912441779739383,0.026602425837737243,1.0,1.0,-0.3291362253753956,52,130,400,100,2,100,0.0,0,0.3,0.0,0.0,0.5,0.7,1.0,1.0,0.25,4.0,0.0
ind_skew_Y,0.9857332830221275,0.026806160881447928,1.0,1.0,-0.5322178375698051,53,131,400,100,2,100,0.0,0,0.3,0.0,0.0,0.5,0.7,1.0,1.0,0.25,4.0,0.0
ind_skew_Y,0.9868992944695353,0.0257603251655513,1.0,1.0,-0.5085613417638064,54,132,400,100,2,100,0.0,0,0.3,0.0,0.0,0.5,0.7,1.0,1.0,0.25,4.0,0.0
ind_skew_Y,1.0172181805283056,0.02302091178434045,1.0,1.0,0.7479365148350876,55,133,400,100,2,100,0.0,0,0.3,0.0,0.0,0.5,0.7,1.0,1.0,0.25,4.0,0.0
ind_skew_Y,1.0159958192964804,0.02792499288672389,1.0,1.0,0.5728137285966921,56,134,400,100,2,100,0.0,0,0.3,0.0,0.0,0.5,0.7,1.0,1.0,0.25,4.0,0.0
ind_skew_Y,1.0131943916411137,0.02994454381391046,1.0,1.0,0.44062757219177795,57,135,400,100,2,100,0.0,0,0.3,0.0,0.0,0.5,0.7,1.0,1.0,0.25,4.0,0.0
ind_skew_Y,1.002543663599115,0.026497511092793868,1.0,1.0,0.09599632170006774,58,136,400,100,2,100,0.0,0,0.3,0.0,0.0,0.5,0.7,1.0,1.0,0.25,4.0,0.0
ind_skew_Y,1.0214813685487538,0.031313609290399586,1.0,1.0,0.6860074272990235,59,137,400,100,2,100,0.0,0,0.3,0.0,0.0,0.5,0.7,1.0,1.0,0.25,4.0,0.0
ind_skew_Y,0.9837559660939326,0.029114104999162466,1.0,1.0,-0.5579437838303712,60,138,400,100,2,100,0.0,0,0.3,0.0,0.0,0.5,0.7,1.0,1.0,0.25,4.0,0.0
ind_skew_Y,1.0172252416247691,0.027287257116861804,1.0,1.0,0.6312558844225137,61,139,400,100,2,100,0.0,0,0.3,0.0,0.0,0.5,0.7,1.0,1.0,0.25,4.0,0.0
ind_skew_Y,1.052142936355115,0.026086039286976614,1.0,1.0,1.9988828423311902,62,140,400,100,2,100,0.0,0,0.3,0.0,0.0,0.5,0.7,1.0,1.0,0.25,4.0,0.0
ind_skew_Y,0.9917117419989876,0.028017796753772053,1.0,1.0,-0.2958211908613604,63,141,400,100,2,100,0.0,0,0.3,0.0,0.0,0.5,0.7,1.0,1.0,0.25,4.0,0.0
ind_skew_Y,0.9633021173996825,0.024823861365542734,1.0,1.0,-1.4783309518178633,64,142,400,100,2,100,0.0,0,0.3,0.0,0.0,0.5,0.7,1.0,1.0,0.25,4.0,0.0
ind_skew_Y,0.9755435002756102,0.025584348206151988,1.0,1.0,-0.9559164660880047,65,143,400,100,2,100,0.0,0,0.3,0.0,0.0,0.5,0.7,1.0,1.0,0.25,4.0,0.0
ind_skew_Y,1.0308762440471748,0.030793719646025133,1.0,1.0,1.0026799101277242,66,144,400,100,2,100,0.0,0,0.3,0.0,0.0,0.5,0.7,1.0,1.0,0.25,4.0,0.0
ind_skew_Y,0.9748198883171051,0.028555419499562702,1.0,1.0,-0.8817979957633093,67,145,400,100,2,100,0.0,0,0.3,0.0,0.0,0.5,0.7,1.0,1.0,0.25,4.0,0.0
ind_skew_Y,0.9862361355817959,0.028910036038398135,1.0,1.0,-0.4760929526315019,68,146,400,100,2,100,0.0,0,0.3,0.0,0.0,0.5,0.7,1.0,1.0,0.25,4.0,0.0
ind_skew_Y,0.9471808780114205,0.02518307403149187,1.0,1.0,-2.0974056591553634,69,147,400,100,2,100,0.0,0,0.3,0.0,0.0,0.5,0.7,1.0,1.0,0.25,4.0,0.0
ind_skew_Y,0.9695972923645806,0.024621614177055086,1.0,1.0,-1.234797500147319,70,148,400,100,2,100,0.0,0,0.3,0.0,0.0,0.5,0.7,1.0,1.0,0.25,4.0,0.0
ind_skew_Y,1.015302692895836,0.026681610674588616,1.0,1.0,0.5735295774482666,71,149,400,100,2,100,0.0,0,0.3,0.0,0.0,0.5,0.7,1.0,1.0,0.25,4.0,0.0
ind_skew_Y,1.027191951912496,0.028125378273542355,1.0,1.0,0.9668119535329227,72,150,400,100,2,100,0.0,0,0.3,0.0,0.0,0.5,0.7,1.0,1.0,0.25,4.0,0.0
ind_skew_Y,1.000195796185794,0.026068473819911377,1.0,1.0,0.00751084191374314,73,151,400,100,2,100,0.0,0,0.3,0.0,0.0,0.5,0.7,1.0,1.0,0.25,4.0,0.0
ind_skew_Y,1.0157736447118626,0.02808364417570785,1.0,1.0,0.5616665918843499,74,152,400,100,2,100,0.0,0,0.3,0.0,0.0,0.5,0.7,1.0,1.0,0.25,4.0,0.0
ind_skew_Y,0.9861931277150169,0.025949638182725655,1.0,1.0,-0.5320641539493286,75,153,400,100,2,100,0.0,0,0.3,0.0,0.0,0.5,0.7,1.0,1.0,0.25,4.0,0.0
ind_skew_Y,0.9424854899343552,0.025432953885973445,1.0,1.0,-2.26141683437584,76,154,400,100,2,100,0.0,0,0.3,0.0,0.0,0.5,0.7,1.0,1.0,0.25,4.0,0.0
ind_skew_Y,0.979968751287371,0.026841320229186772,1.0,1.0,-0.7462840330352802,77,155,400,100,2,100,0.0,0,0.3,0.0,0.0,0.5,0.7,1.0,1.0,0.25,4.0,0.0
ind_skew_Y,0.9853888969803856,0.027652044164957694,1.0,1.0,-0.5283914249685197,78,156,400,100,2,100,0.0,0,0.3,0.0,0.0,0.5,0.7,1.0,1.0,0.25,4.0,0.0
ind_skew_Y,1.0111392137379358,0.026130584328261687,1.0,1.0,0.42629026576677514,79,157,400,100,2,100,0.0,0,0.3,0.0,0.0,0.5,0.7,1.0,1.0,0.25,4.0,0.0
ind_skew_Y,1.0023847987848267,0.025567082052135304,1.0,1.0,0.09327614234442903,80,158,400,100,2,100,0.0,0,0.3,0.0,0.0,0.5,0.7,1.0,1.0,0.25,4.0,0.0
ind_skew_Y,0.9858948639086486,0.027740937852308818,1.0,1.0,-0.5084592369027461,81,159,400,100,2,100,0.0,0,0.3,0.0,0.0,0.5,0.7,1.0,1.0,0.25,4.0,0.0
ind_skew_Y,1.0038668720583737,0.026172852489977746,1.0,1.0,0.14774362327737814,82,160,400,100,2,100,0.0,0,0.3,0.0,0.0,0.5,0.7,1.0,1.0,0.25,4.0,0.0
ind_skew_Y,0.9799600070568611,0.025346077296992005,1.0,1.0,-0.7906546132689786,83,161,400,100,2,100,0.0,0,0.3,0.0,0.0,0.5,0.7,1.0,1.0,0.25,4.0,0.0
ind_skew_Y,0.9899896103645678,0.025752122227510513,1.0,1.0,-0.38872095849010463,84,162,400,100,2,100,0.0,0,0.3,0.0,0.0,0.5,0.7,1.0,1.0,0.25,4.0,0.0
ind_skew_Y,1.001027620591809,0.029852807819257005,1.0,1.0,0.03442291251230512,85,163,400,100,2,100,0.0,0,0.3,0.0,0.0,0.5,0.7,1.0,1.0,0.25,4.0,0.0
ind_skew_Y,0.9934226627340544,0.031035448619896735,1.0,1.0,-0.2119298272920356,86,164,400,100,2,100,0.0,0,0.3,0.0,0.0,0.5,0.7,1.0,1.0,0.25,4.0,0.0
ind_skew_Y,1.0021456126382284,0.02756852094793143,1.0,1.0,0.07782835511128235,87,165,400,100,2,100,0.0,0,0.3,0.0,0.0,0.5,0.7,1.0,1.0,0.25,4.0,0.0
ind_skew_Y,0.9400220118720043,0.026827219282225048,1.0,1.0,-2.2357139402716784,88,166,400,100,2,100,0.0,0,0.3,0.0,0.0,0.5,0.7,1.0,1.0,0.25,4.0,0.0
ind_skew_Y,0.9641246544856459,0.027743580346246712,1.0,1.0,-1.2931043890738316,89,167,400,100,2,100,0.0,0,0.3,0.0,0.0,0.5,0.7,1.0,1.0,0.25,4.0,0.0
ind_skew_Y,1.0022010850644523,0.02578618749793575,1.0,1.0,0.08535907313279525,90,168,400,100,2,100,0.0,0,0.3,0.0,0.0,0.5,0.7,1.0,1.0,0.25,4.0,0.0
ind_skew_Y,1.0243509107771933,0.025857108182866965,1.0,1.0,0.9417491934897938,91,169,400,100,2,100,0.0,0,0.3,0.0,0.0,0.5,0.7,1.0,1.0,0.25,4.0,0.0
ind_skew_Y,0.9521179707171061,0.02411596127513161,1.0,1.0,-1.9854912162373488,92,170,400,100,2,100,0.0,0,0.3,0.0,0.0,0.5,0.7,1.0,1.0,0.25,4.0,0.0
ind_skew_Y,0.9262451679708604,0.0286408356476418,1.0,1.0,-2.575163411309625,93,171,400,100,2,100,0.0,0,0.3,0.0,0.0,0.5,0.7,1.0,1.0,0.25,4.0,0.0
ind_skew_Y,1.049155109992181,0.026807205051043725,1.0,1.0,1.8336529264645272,94,172,400,100,2,100,0.0,0,0.3,0.0,0.0,0.5,0.7,1.0,1.0,0.25,4.0,0.0
ind_skew_Y,1.0108973408897441,0.027830530245001425,1.0,1.0,0.39156066355226526,95,173,400,100,2,100,0.0,0,0.3,0.0,0.0,0.5,0.7,1.0,1.0,0.25,4.0,0.0
ind_skew_Y,1.0231870815301276,0.025223607106128025,1.0,1.0,0.919261128377406,96,174,400,100,2,100,0.0,0,0.3,0.0,0.0,0.5,0.7,1.0,1.0,0.25,4.0,0.0
ind_skew_Y,0.9910711041283498,0.029161319072502658,1.0,1.0,-0.30618971142734236,97,175,400,100,2,100,0.0,0,0.3,0.0,0.0,0.5,0.7,1.0,1.0,0.25,4.0,0.0
ind_skew_Y,1.0198259436005679,0.02658185361163094,1.0,1.0,0.745845037378921,98,176,400,100,2,100,0.0,0,0.3,0.0,0.0,0.5,0.7,1.0,1.0,0.25,4.0,0.0
ind_skew_Y,0.9996652857866489,0.026628014414292463,1.0,1.0,-0.012570002710056235,99,177,400,100,2,100,0.0,0,0.3,0.0,0.0,0.5,0.7,1.0,1.0,0.25,4.0,0.0
