config_name,theta_hat,se,true_effect,true_theta,z,run_id,seed_used,n_samples,d_dim,dgp_num,n_runs,nonlinearity,sparse_k,skewness,interaction,heterogeneous,noise_std,rho,s1,a0,a1,b0,b1
0_base,0.9518092349705176,0.0376253356675784,1.0,1.0,-1.2808062486206118,0,60,800,3,2,100,0.0,0,0.3,0.0,0.0,1.0,0.7,1.0,1.0,0.25,1.0,0.25
0_base,0.9416100100431136,0.038566725385326774,1.0,1.0,-1.5139991630998475,1,61,800,3,2,100,0.0,0,0.3,0.0,0.0,1.0,0.7,1.0,1.0,0.25,1.0,0.25
0_base,0.9699127219068667,0.03580960971563249,1.0,1.0,-0.8402012290013549,2,62,800,3,2,100,0.0,0,0.3,0.0,0.0,1.0,0.7,1.0,1.0,0.25,1.0,0.25
0_base,1.0159785719992613,0.03542972156097557,1.0,1.0,0.45099343983727774,3,63,800,3,2,100,0.0,0,0.3,0.0,0.0,1.0,0.7,1.0,1.0,0.25,1.0,0.25
0_base,0.9007004550918711,0.037041486632291905,1.0,1.0,-2.6807656478226183,4,64,800,3,2,100,0.0,0,0.3,0.0,0.0,1.0,0.7,1.0,1.0,0.25,1.0,0.25
0_base,0.9492707800235203,0.03385977442966589,1.0,1.0,-1.4982149417993122,5,65,800,3,2,100,0.0,0,0.3,0.0,0.0,1.0,0.7,1.0,1.0,0.25,1.0,0.25
0_base,0.941609762767267,0.033509288889856985,1.0,1.0,-1.7425089927947486,6,66,800,3,2,100,0.0,0,0.3,0.0,0.0,1.0,0.7,1.0,1.0,0.25,1.0,0.25
0_base,1.051621480339485,0.03608445306643975,1.0,1.0,1.430573999401848,7,67,800,3,2,100,0.0,0,0.3,0.0,0.0,1.0,0.7,1.0,1.0,0.25,1.0,0.25
0_base,0.9977952724966148,0.03632561188503774,1.0,1.0,-0.06069347187771105,8,68,800,3,2,100,0.0,0,0.3,0.0,0.0,1.0,0.7,1.0,1.0,0.25,1.0,0.25
0_base,0.9405683947113234,0.03857459873386623,1.0,1.0,-1.5406927677642743,9,69,800,3,2,100,0.0,0,0.3,0.0,0.0,1.0,0.7,1.0,1.0,0.25,1.0,0.25
0_base,1.0461975140726996,0.04133208638360791,1.0,1.0,1.1177155114778152,10,70,800,3,2,100,0.0,0,0.3,0.0,0.0,1.0,0.7,1.0,1.0,0.25,1.0,0.25
0_base,0.9580261695389607,0.036764871322083774,1.0,1.0,-1.1416830510114322,11,71,800,3,2,100,0.0,0,0.3,0.0,0.0,1.0,0.7,1.0,1.0,0.25,1.0,0.25
0_base,1.0683410571501706,0.034897788598154185,1.0,1.0,1.958320566873549,12,72,800,3,2,100,0.0,0,0.3,0.0,0.0,1.0,0.7,1.0,1.0,0.25,1.0,0.25
0_base,1.0135003029646947,0.036495023213301,1.0,1.0,0.36992175305082153,13,73,800,3,2,100,0.0,0,0.3,0.0,0.0,1.0,0.7,1.0,1.0,0.25,1.0,0.25
0_base,0.9735155871760806,0.03378007384492567,1.0,1.0,-0.784024716627369,14,74,800,3,2,100,0.0,0,0.3,0.0,0.0,1.0,0.7,1.0,1.0,0.25,1.0,0.25
0_base,0.954987403309035,0.03306118742550634,1.0,1.0,-1.361493648477922,15,75,800,3,2,100,0.0,0,0.3,0.0,0.0,1.0,0.7,1.0,1.0,0.25,1.0,0.25
0_base,0.9797694516267833,0.03770168371533505,1.0,1.0,-0.5365953554214339,16,76,800,3,2,100,0.0,0,0.3,0.0,0.0,1.0,0.7,1.0,1.0,0.25,1.0,0.25
0_base,1.085939285654257,0.03776916009176657,1.0,1.0,2.2753824931624864,17,77,800,3,2,100,0.0,0,0.3,0.0,0.0,1.0,0.7,1.0,1.0,0.25,1.0,0.25
0_base,0.9572230289106374,0.036934864100225534,1.0,1.0,-1.158173236356958,18,78,800,3,2,100,0.0,0,0.3,0.0,0.0,1.0,0.7,1.0,1.0,0.25,1.0,0.25
0_base,0.9257073843418582,0.03887499308016478,1.0,1.0,-1.9110644085502926,19,79,800,3,2,100,0.0,0,0.3,0.0,0.0,1.0,0.7,1.0,1.0,0.25,1.0,0.25
0_base,0.9851009673918628,0.03769560770360694,1.0,1.0,-0.39524585265438117,20,80,800,3,2,100,0.0,0,0.3,0.0,0.0,1.0,0.7,1.0,1.0,0.25,1.0,0.25
0_base,0.9982730498678085,0.034324188168126636,1.0,1.0,-0.050312919965726295,21,81,800,3,2,100,0.0,0,0.3,0.0,0.0,1.0,0.7,1.0,1.0,0.25,1.0,0.25
0_base,1.0290978376267037,0.03550527812874528,1.0,1.0,0.8195355496496146,22,82,800,3,2,100,0.0,0,0.3,0.0,0.0,1.0,0.7,1.0,1.0,0.25,1.0,0.25
0_base,0.9405476243067327,0.03285357249211877,1.0,1.0,-1.8096167686947697,23,83,800,3,2,100,0.0,0,0.3,0.0,0.0,1.0,0.7,1.0,1.0,0.25,1.0,0.25
0_base,0.9713966889162804,0.035072075513394,1.0,1.0,-0.8155579806731432,24,84,800,3,2,100,0.0,0,0.3,0.0,0.0,1.0,0.7,1.0,1.0,0.25,1.0,0.25
0_base,0.930650322839508,0.038633539081032696,1.0,1.0,-1.7950640508246767,25,85,800,3,2,100,0.0,0,0.3,0.0,0.0,1.0,0.7,1.0,1.0,0.25,1.0,0.25
0_base,0.9912710954021469,0.03416256292021956,1.0,1.0,-0.2555108238874789,26,86,800,3,2,100,0.0,0,0.3,0.0,0.0,1.0,0.7,1.0,1.0,0.25,1.0,0.25
0_base,0.9800830302690645,0.0360228209343339,1.0,1.0,-0.5528986685202191,27,87,800,3,2,100,0.0,0,0.3,0.0,0.0,1.0,0.7,1.0,1.0,0.25,1.0,0.25
0_base,0.9687996109576166,0.03865596351722165,1.0,1.0,-0.8071300312688705,28,88,800,3,2,100,0.0,0,0.3,0.0,0.0,1.0,0.7,1.0,1.0,0.25,1.0,0.25
0_base,0.9535529784912223,0.03784601300266895,1.0,1.0,-1.2272632656312346,29,89,800,3,2,100,0.0,0,0.3,0.0,0.0,1.0,0.7,1.0,1.0,0.25,1.0,0.25
0_base,0.9475987058617744,0.035029445269522015,1.0,1.0,-1.4959213237618196,30,90,800,3,2,100,0.0,0,0.3,0.0,0.0,1.0,0.7,1.0,1.0,0.25,1.0,0.25
0_base,0.9782923939108744,0.035139611930825584,1.0,1.0,-0.6177531536733616,31,91,800,3,2,100,0.0,0,0.3,0.0,0.0,1.0,0.7,1.0,1.0,0.25,1.0,0.25
0_base,0.978368488231475,0.03934020900230448,1.0,1.0,-0.5498575710987662,32,92,800,3,2,100,0.0,0,0.3,0.0,0.0,1.0,0.7,1.0,1.0,0.25,1.0,0.25
0_base,1.0269328641455004,0.03830966883891654,1.0,1.0,0.7030304610240048,33,93,800,3,2,100,0.0,0,0.3,0.0,0.0,1.0,0.7,1.0,1.0,0.25,1.0,0.25
0_base,0.9220880106928826,0.03699853937640838,1.0,1.0,-2.1058125704496575,34,94,800,3,2,100,0.0,0,0.3,0.0,0.0,1.0,0.7,1.0,1.0,0.25,1.0,0.25
0_base,1.0535985264561096,0.03711474181757936,1.0,1.0,1.4441303867759292,35,95,800,3,2,100,0.0,0,0.3,0.0,0.0,1.0,0.7,1.0,1.0,0.25,1.0,0.25
0_base,0.9584722968318613,0.03994193105216193,1.0,1.0,-1.0397019391452516,36,96,800,3,2,100,0.0,0,0.3,0.0,0.0,1.0,0.7,1.0,1.0,0.25,1.0,0.25
0_base,0.9532008830747868,0.03724341913180399,1.0,1.0,-1.2565741281591716,37,97,800,3,2,100,0.0,0,0.3,0.0,0.0,1.0,0.7,1.0,1.0,0.25,1.0,0.25
0_base,0.9211608121164989,0.0340608284245621,1.0,1.0,-2.3146585544187235,38,98,800,3,2,100,0.0,0,0.3,0.0,0.0,1.0,0.7,1.0,1.0,0.25,1.0,0.25
0_base,1.0169507246806981,0.03193094951870706,1.0,1.0,0.530855641194365,39,99,800,3,2,100,0.0,0,0.3,0.0,0.0,1.0,0.7,1.0,1.0,0.25,1.0,0.25
0_base,1.0090229207183883,0.034868139115617244,1.0,1.0,0.25877264882045187,40,100,800,3,2,100,0.0,0,0.3,0.0,0.0,1.0,0.7,1.0,1.0,0.25,1.0,0.25
0_base,0.933220969032746,0.034584415180149645,1.0,1.0,-1.9308995285709807,41,101,800,3,2,100,0.0,0,0.3,0.0,0.0,1.0,0.7,1.0,1.0,0.25,1.0,0.25
0_base,0.9597023794444929,0.0353731366949869,1.0,1.0,-1.139215357206875,42,102,800,3,2,100,0.0,0,0.3,0.0,0.0,1.0,0.7,1.0,1.0,0.25,1.0,0.25
0_base,0.9890551797896427,0.036786400165131065,1.0,1.0,-0.2975235456915293,43,103,800,3,2,100,0.0,0,0.3,0.0,0.0,1.0,0.7,1.0,1.0,0.25,1.0,0.25
0_base,0.9639166344690108,0.037590241877612486,1.0,1.0,-0.9599130978851003,44,104,800,3,2,100,0.0,0,0.3,0.0,0.0,1.0,0.7,1.0,1.0,0.25,1.0,0.25
0_base,0.9635288003260305,0.03839180222727438,1.0,1.0,-0.949973628694606,45,105,800,3,2,100,0.0,0,0.3,0.0,0.0,1.0,0.7,1.0,1.0,0.25,1.0,0.25
0_base,1.0192039612116734,0.03699919823311827,1.0,1.0,0.5190372259062584,46,106,800,3,2,100,0.0,0,0.3,0.0,0.0,1.0,0.7,1.0,1.0,0.25,1.0,0.25
0_base,1.0081919681985105,0.03723848181576912,1.0,1.0,0.21998663208234068,47,107,800,3,2,100,0.0,0,0.3,0.0,0.0,1.0,0.7,1.0,1.0,0.25,1.0,0.25
0_base,1.0029057605601355,0.03201226112479398,1.0,1.0,0.09077023796625591,48,108,800,3,2,100,0.0,0,0.3,0.0,0.0,1.0,0.7,1.0,1.0,0.25,1.0,0.25
0_base,1.0294939333858968,0.03668304345433621,1.0,1.0,0.8040208938119168,49,109,800,3,2,100,0.0,0,0.3,0.0,0.0,1.0,0.7,1.0,1.0,0.25,1.0,0.25
0_base,0.9484456899668261,0.03315276853931338,1.0,1.0,-1.5550529353842506,50,110,800,3,2,100,0.0,0,0.3,0.0,0.0,1.0,0.7,1.0,1.0,0.25,1.0,0.25
0_base,0.9876903334691427,0.03532677734140149,1.0,1.0,-0.34845144270861333,51,111,800,3,2,100,0.0,0,0.3,0.0,0.0,1.0,0.7,1.0,1.0,0.25,1.0,0.25
0_base,0.8885121326260019,0.037323193585347574,1.0,1.0,-2.9870934575589545,52,112,800,3,2,100,0.0,0,0.3,0.0,0.0,1.0,0.7,1.0,1.0,0.25,1.0,0.25
0_base,0.9882102822331624,0.032985218112506855,1.0,1.0,-0.35742427794853104,53,113,800,3,2,100,0.0,0,0.3,0.0,0.0,1.0,0.7,1.0,1.0,0.25,1.0,0.25
0_base,0.9139182327308926,0.034556244581088476,1.0,1.0,-2.49106256517866,54,114,800,3,2,100,0.0,0,0.3,0.0,0.0,1.0,0.7,1.0,1.0,0.25,1.0,0.25
0_base,0.9070984334987872,0.034728606102683995,1.0,1.0,-2.675073287609806,55,115,800,3,2,100,0.0,0,0.3,0.0,0.0,1.0,0.7,1.0,1.0,0.25,1.0,0.25
0_base,0.9778880687673955,0.035565648748247684,1.0,1.0,-0.621721577163524,56,116,800,3,2,100,0.0,0,0.3,0.0,0.0,1.0,0.7,1.0,1.0,0.25,1.0,0.25
0_base,0.9497934634798026,0.0349409311037724,1.0,1.0,-1.4368974991275145,57,117,800,3,2,100,0.0,0,0.3,0.0,0.0,1.0,0.7,1.0,1.0,0.25,1.0,0.25
0_base,0.9230181860987486,0.03291472332964747,1.0,1.0,-2.3388260970710055,58,118,800,3,2,100,0.0,0,0.3,0.0,0.0,1.0,0.7,1.0,1.0,0.25,1.0,0.25
0_base,0.9550386611172326,0.03667609090252938,1.0,1.0,-1.2259032458572803,59,119,800,3,2,100,0.0,0,0.3,0.0,0.0,1.0,0.7,1.0,1.0,0.25,1.0,0.25
0_base,1.0327721358397317,0.03664964732892951,1.0,1.0,0.8942005784012804,60,120,800,3,2,100,0.0,0,0.3,0.0,0.0,1.0,0.7,1.0,1.0,0.25,1.0,0.25
0_base,0.9201778807576053,0.033268780360016535,1.0,1.0,-2.3993100552110236,61,121,800,3,2,100,0.0,0,0.3,0.0,0.0,1.0,0.7,1.0,1.0,0.25,1.0,0.25
0_base,0.9099933486404236,0.036908625384645156,1.0,1.0,-2.4386346124128826,62,122,800,3,2,100,0.0,0,0.3,0.0,0.0,1.0,0.7,1.0,1.0,0.25,1.0,0.25
0_base,1.033598652124248,0.03551904608378255,1.0,1.0,0.9459334027438474,63,123,800,3,2,100,0.0,0,0.3,0.0,0.0,1.0,0.7,1.0,1.0,0.25,1.0,0.25
0_base,0.9609510458444828,0.034234471110652864,1.0,1.0,-1.1406326106018396,64,124,800,3,2,100,0.0,0,0.3,0.0,0.0,1.0,0.7,1.0,1.0,0.25,1.0,0.25
0_base,1.0150179972510336,0.03422573287113427,1.0,1.0,0.4387925689591195,65,125,800,3,2,100,0.0,0,0.3,0.0,0.0,1.0,0.7,1.0,1.0,0.25,1.0,0.25
0_base,0.9580610386783482,0.03641333535904976,1.0,1.0,-1.1517473175175292,66,126,800,3,2,100,0.0,0,0.3,0.0,0.0,1.0,0.7,1.0,1.0,0.25,1.0,0.25
0_base,1.0098645660088053,0.033845497386773074,1.0,1.0,0.2914587395799465,67,127,800,3,2,100,0.0,0,0.3,0.0,0.0,1.0,0.7,1.0,1.0,0.25,1.0,0.25
0_base,0.9947257104507545,0.033526415572861096,1.0,1.0,-0.15731743042387425,68,128,800,3,2,100,0.0,0,0.3,0.0,0.0,1.0,0.7,1.0,1.0,0.25,1.0,0.25
0_base,0.9759907497677156,0.03537557343826203,1.0,1.0,-0.6786957185071697,69,129,800,3,2,100,0.0,0,0.3,0.0,0.0,1.0,0.7,1.0,1.0,0.25,1.0,0.25
0_base,0.9886154975760604,0.032778003205200704,1.0,1.0,-0.3473214140797115,70,130,800,3,2,100,0.0,0,0.3,0.0,0.0,1.0,0.7,1.0,1.0,0.25,1.0,0.25
0_base,0.9221618350822973,0.03702159544823982,1.0,1.0,-2.102507036103531,71,131,800,3,2,100,0.0,0,0.3,0.0,0.0,1.0,0.7,1.0,1.0,0.25,1.0,0.25
0_base,0.9532380366323012,0.040789964573601865,1.0,1.0,-1.1464085310326997,72,132,800,3,2,100,0.0,0,0.3,0.0,0.0,1.0,0.7,1.0,1.0,0.25,1.0,0.25
0_base,1.0064148039798433,0.03391717655383864,1.0,1.0,0.1891314263632973,73,133,800,3,2,100,0.0,0,0.3,0.0,0.0,1.0,0.7,1.0,1.0,0.25,1.0,0.25
0_base,0.9972356223834159,0.03278886147261578,1.0,1.0,-0.08430843562204263,74,134,800,3,2,100,0.0,0,0.3,0.0,0.0,1.0,0.7,1.0,1.0,0.25,1.0,0.25
0_base,0.982462334573973,0.03238936850287103,1.0,1.0,-0.5414636418265584,75,135,800,3,2,100,0.0,0,0.3,0.0,0.0,1.0,0.7,1.0,1.0,0.25,1.0,0.25
0_base,0.9427280347793522,0.04000379446784363,1.0,1.0,-1.4316633205053815,76,136,800,3,2,100,0.0,0,0.3,0.0,0.0,1.0,0.7,1.0,1.0,0.25,1.0,0.25
0_base,0.9609356033300874,0.034386166963059274,1.0,1.0,-1.1360497583775206,77,137,800,3,2,100,0.0,0,0.3,0.0,0.0,1.0,0.7,1.0,1.0,0.25,1.0,0.25
0_base,1.0584298054406478,0.03533033703012396,1.0,1.0,1.6538139840225234,78,138,800,3,2,100,0.0,0,0.3,0.0,0.0,1.0,0.7,1.0,1.0,0.25,1.0,0.25
0_base,0.9130803739891818,0.03369847285055557,1.0,1.0,-2.579334274175726,79,139,800,3,2,100,0.0,0,0.3,0.0,0.0,1.0,0.7,1.0,1.0,0.25,1.0,0.25
0_base,0.9778295885589429,0.03653518867458509,1.0,1.0,-0.6068235103019873,80,140,800,3,2,100,0.0,0,0.3,0.0,0.0,1.0,0.7,1.0,1.0,0.25,1.0,0.25
0_base,0.9483564804246637,0.03757474917082948,1.0,1.0,-1.374420873457989,81,141,800,3,2,100,0.0,0,0.3,0.0,0.0,1.0,0.7,1.0,1.0,0.25,1.0,0.25
0_base,1.0378232207114917,0.0376239149748246,1.0,1.0,1.0052973151996663,82,142,800,3,2,100,0.0,0,0.3,0.0,0.0,1.0,0.7,1.0,1.0,0.25,1.0,0.25
0_base,1.0034404663078822,0.03534223216263492,1.0,1.0,0.09734717071774487,83,143,800,3,2,100,0.0,0,0.3,0.0,0.0,1.0,0.7,1.0,1.0,0.25,1.0,0.25
0_base,0.9684635432912477,0.0339299723784301,1.0,1.0,-0.9294571877930725,84,144,800,3,2,100,0.0,0,0.3,0.0,0.0,1.0,0.7,1.0,1.0,0.25,1.0,0.25
0_base,0.9915000217807398,0.034574825393731336,1.0,1.0,-0.24584298322447326,85,145,800,3,2,100,0.0,0,0.3,0.0,0.0,1.0,0.7,1.0,1.0,0.25,1.0,0.25
0_base,1.0042370209422995,0.034617443576105036,1.0,1.0,0.12239554700174722,86,146,800,3,2,100,0.0,0,0.3,0.0,0.0,1.0,0.7,1.0,1.0,0.25,1.0,0.25
0_base,0.9976902662178251,0.035203422123348156,1.0,1.0,-0.06561105832500924,87,147,800,3,2,100,0.0,0,0.3,0.0,0.0,1.0,0.7,1.0,1.0,0.25,1.0,0.25
0_base,0.9667472506896583,0.03535850363879384,1.0,1.0,-0.9404456039779417,88,148,800,3,2,100,0.0,0,0.3,0.0,0.0,1.0,0.7,1.0,1.0,0.25,1.0,0.25
0_base,1.005759449791298,0.03925446001327092,1.0,1.0,0.14672090227074666,89,149,800,3,2,100,0.0,0,0.3,0.0,0.0,1.0,0.7,1.0,1.0,0.25,1.0,0.25
0_base,0.9882145101505391,0.03647144816365783,1.0,1.0,-0.32314290884683444,90,150,800,3,2,100,0.0,0,0.3,0.0,0.0,1.0,0.7,1.0,1.0,0.25,1.0,0.25
0_base,0.9851254609330486,0.035972404854001674,1.0,1.0,-0.4134986005890197,91,151,800,3,2,100,0.0,0,0.3,0.0,0.0,1.0,0.7,1.0,1.0,0.25,1.0,0.25
0_base,0.9718414117450945,0.03471617579209958,1.0,1.0,-0.8111085859092109,92,152,800,3,2,100,0.0,0,0.3,0.0,0.0,1.0,0.7,1.0,1.0,0.25,1.0,0.25
0_base,0.9553359641777374,0.03691048484455184,1.0,1.0,-1.2100636447980786,93,153,800,3,2,100,0.0,0,0.3,0.0,0.0,1.0,0.7,1.0,1.0,0.25,1.0,0.25
0_base,0.9782490392570271,0.03266553654462016,1.0,1.0,-0.6658687731414336,94,154,800,3,2,100,0.0,0,0.3,0.0,0.0,1.0,0.7,1.0,1.0,0.25,1.0,0.25
0_base,0.9680145099068382,0.03338528381456896,1.0,1.0,-0.9580715344766263,95,155,800,3,2,100,0.0,0,0.3,0.0,0.0,1.0,0.7,1.0,1.0,0.25,1.0,0.25
0_base,0.9337658794245683,0.03333625797866997,1.0,1.0,-1.986849292377423,96,156,800,3,2,100,0.0,0,0.3,0.0,0.0,1.0,0.7,1.0,1.0,0.25,1.0,0.25
0_base,0.9846751079288995,0.03760323746896439,1.0,1.0,-0.40754182625229696,97,157,800,3,2,100,0.0,0,0.3,0.0,0.0,1.0,0.7,1.0,1.0,0.25,1.0,0.25
0_base,1.0066417549754227,0.03531861300587809,1.0,1.0,0.1880525425592832,98,158,800,3,2,100,0.0,0,0.3,0.0,0.0,1.0,0.7,1.0,1.0,0.25,1.0,0.25
0_base,0.9509460847787483,0.035908622779796694,1.0,1.0,-1.3660762074353612,99,159,800,3,2,100,0.0,0,0.3,0.0,0.0,1.0,0.7,1.0,1.0,0.25,1.0,0.25
inter_0.25,0.9365939174396343,0.040972854083117384,1.0,0.9959644684380369,-1.4490216102096212,0,61,800,3,2,100,0.0,0,0.3,0.25,0.0,1.0,0.7,1.0,1.0,0.25,1.0,0.25
inter_0.25,0.9429269446753809,0.04062193031416565,1.0,0.9882471775743095,-1.1156592645506207,1,62,800,3,2,100,0.0,0,0.3,0.25,0.0,1.0,0.7,1.0,1.0,0.25,1.0,0.25
inter_0.25,1.0193026104995224,0.0380491134537713,1.0,0.9908127085651699,0.7487665111821075,2,63,800,3,2,100,0.0,0,0.3,0.25,0.0,1.0,0.7,1.0,1.0,0.25,1.0,0.25
inter_0.25,0.8953115641639409,0.04092532749700434,1.0,0.9998187988337816,-2.5536077793755085,3,64,800,3,2,100,0.0,0,0.3,0.25,0.0,1.0,0.7,1.0,1.0,0.25,1.0,0.25
inter_0.25,0.9293694922372617,0.038633812235422844,1.0,0.9846747937465957,-1.431525865796523,4,65,800,3,2,100,0.0,0,0.3,0.25,0.0,1.0,0.7,1.0,1.0,0.25,1.0,0.25
inter_0.25,0.9261280675104248,0.035190138381373394,1.0,0.990917700111292,-1.8411303729104185,5,66,800,3,2,100,0.0,0,0.3,0.25,0.0,1.0,0.7,1.0,1.0,0.25,1.0,0.25
inter_0.25,1.048122982520571,0.038752322142632016,1.0,1.0017700325555419,1.196133480580134,6,67,800,3,2,100,0.0,0,0.3,0.25,0.0,1.0,0.7,1.0,1.0,0.25,1.0,0.25
inter_0.25,0.9859106659314,0.03826397716852365,1.0,0.9885217544143147,-0.06823881562062505,7,68,800,3,2,100,0.0,0,0.3,0.25,0.0,1.0,0.7,1.0,1.0,0.25,1.0,0.25
inter_0.25,0.9423838626617146,0.041037014705585566,1.0,1.0014128276081036,-1.4384322390379563,8,69,800,3,2,100,0.0,0,0.3,0.25,0.0,1.0,0.7,1.0,1.0,0.25,1.0,0.25
inter_0.25,1.0669535827749226,0.04464889785682265,1.0,1.0070692559136825,1.3412274375343713,9,70,800,3,2,100,0.0,0,0.3,0.25,0.0,1.0,0.7,1.0,1.0,0.25,1.0,0.25
inter_0.25,0.9667746555597367,0.03905920839220193,1.0,0.9919926337373747,-0.6456346458540271,10,71,800,3,2,100,0.0,0,0.3,0.25,0.0,1.0,0.7,1.0,1.0,0.25,1.0,0.25
inter_0.25,1.033093945154456,0.036446312031799676,1.0,0.9837125602008291,1.3549075942317939,11,72,800,3,2,100,0.0,0,0.3,0.25,0.0,1.0,0.7,1.0,1.0,0.25,1.0,0.25
inter_0.25,0.9845604055567593,0.03862201927616661,1.0,0.9910240860581898,-0.16735739411272132,12,73,800,3,2,100,0.0,0,0.3,0.25,0.0,1.0,0.7,1.0,1.0,0.25,1.0,0.25
inter_0.25,0.9652260032150414,0.03818014256331757,1.0,0.9908247067708459,-0.6704716597993807,13,74,800,3,2,100,0.0,0,0.3,0.25,0.0,1.0,0.7,1.0,1.0,0.25,1.0,0.25
inter_0.25,0.9958429075615897,0.03335785458606191,1.0,1.0112542395421762,-0.4620000947850504,14,75,800,3,2,100,0.0,0,0.3,0.25,0.0,1.0,0.7,1.0,1.0,0.25,1.0,0.25
inter_0.25,0.9762323892795609,0.04181047505374442,1.0,0.9915365115909813,-0.3660355997330346,15,76,800,3,2,100,0.0,0,0.3,0.25,0.0,1.0,0.7,1.0,1.0,0.25,1.0,0.25
inter_0.25,1.0774925778610107,0.03967017542495657,1.0,0.9863955134211796,2.296361522579046,16,77,800,3,2,100,0.0,0,0.3,0.25,0.0,1.0,0.7,1.0,1.0,0.25,1.0,0.25
inter_0.25,0.9725015286662588,0.041347102857368735,1.0,1.0007385083165408,-0.6829252281033673,17,78,800,3,2,100,0.0,0,0.3,0.25,0.0,1.0,0.7,1.0,1.0,0.25,1.0,0.25
inter_0.25,0.9178375877361831,0.04117746491934,1.0,0.9897909005422146,-1.7473954005419343,18,79,800,3,2,100,0.0,0,0.3,0.25,0.0,1.0,0.7,1.0,1.0,0.25,1.0,0.25
inter_0.25,0.9861713529218997,0.041001867000301916,1.0,1.0005610622121208,-0.35095253809089083,19,80,800,3,2,100,0.0,0,0.3,0.25,0.0,1.0,0.7,1.0,1.0,0.25,1.0,0.25
inter_0.25,0.9680510378485215,0.04005105031241939,1.0,0.9883114375473353,-0.5058643791054649,20,81,800,3,2,100,0.0,0,0.3,0.25,0.0,1.0,0.7,1.0,1.0,0.25,1.0,0.25
inter_0.25,1.0481759211944939,0.04089864089000012,1.0,1.001497057316088,1.1413304418587435,21,82,800,3,2,100,0.0,0,0.3,0.25,0.0,1.0,0.7,1.0,1.0,0.25,1.0,0.25
inter_0.25,0.9599858697880084,0.037654093321901914,1.0,1.0017742772355804,-1.1097972029315968,22,83,800,3,2,100,0.0,0,0.3,0.25,0.0,1.0,0.7,1.0,1.0,0.25,1.0,0.25
inter_0.25,0.9580914085965218,0.04011446164591372,1.0,0.9916217824352037,-0.8358674767880762,23,84,800,3,2,100,0.0,0,0.3,0.25,0.0,1.0,0.7,1.0,1.0,0.25,1.0,0.25
inter_0.25,0.9187966747206944,0.0410725132517185,1.0,1.0256651417659484,-2.601946133422516,24,85,800,3,2,100,0.0,0,0.3,0.25,0.0,1.0,0.7,1.0,1.0,0.25,1.0,0.25
inter_0.25,1.0193216121462543,0.038101085015138265,1.0,1.0087068644923334,0.2785943667930575,25,86,800,3,2,100,0.0,0,0.3,0.25,0.0,1.0,0.7,1.0,1.0,0.25,1.0,0.25
inter_0.25,0.9910346438515651,0.042262163288395556,1.0,1.017307328408544,-0.6216597190658475,26,87,800,3,2,100,0.0,0,0.3,0.25,0.0,1.0,0.7,1.0,1.0,0.25,1.0,0.25
inter_0.25,0.9861770007413506,0.04333746531827618,1.0,1.0055526570551871,-0.4470878989239242,27,88,800,3,2,100,0.0,0,0.3,0.25,0.0,1.0,0.7,1.0,1.0,0.25,1.0,0.25
inter_0.25,0.9540129355355254,0.03933512059855822,1.0,0.9991716272485004,-1.148050165495877,28,89,800,3,2,100,0.0,0,0.3,0.25,0.0,1.0,0.7,1.0,1.0,0.25,1.0,0.25
inter_0.25,0.9213089145240742,0.04044232949976908,1.0,0.9909252408936777,-1.7213728098921968,29,90,800,3,2,100,0.0,0,0.3,0.25,0.0,1.0,0.7,1.0,1.0,0.25,1.0,0.25
inter_0.25,0.9752266390489873,0.03641578350990131,1.0,1.001100417271923,-0.7105099967408526,30,91,800,3,2,100,0.0,0,0.3,0.25,0.0,1.0,0.7,1.0,1.0,0.25,1.0,0.25
inter_0.25,0.9508853548587772,0.04356907911502982,1.0,0.9975698085366617,-1.0715042554521175,31,92,800,3,2,100,0.0,0,0.3,0.25,0.0,1.0,0.7,1.0,1.0,0.25,1.0,0.25
inter_0.25,1.0352764296952823,0.04196385506034415,1.0,0.9833971777502236,1.2362842229451083,32,93,800,3,2,100,0.0,0,0.3,0.25,0.0,1.0,0.7,1.0,1.0,0.25,1.0,0.25
inter_0.25,0.9206533437196633,0.03971002932258422,1.0,0.9933682714368557,-1.8311476711964378,33,94,800,3,2,100,0.0,0,0.3,0.25,0.0,1.0,0.7,1.0,1.0,0.25,1.0,0.25
inter_0.25,1.0495497225365713,0.04143121756683195,1.0,1.0004391958939964,1.1853507940807089,34,95,800,3,2,100,0.0,0,0.3,0.25,0.0,1.0,0.7,1.0,1.0,0.25,1.0,0.25
inter_0.25,0.9531640507520432,0.04341021253627216,1.0,0.9902223352719507,-0.853676643230962,35,96,800,3,2,100,0.0,0,0.3,0.25,0.0,1.0,0.7,1.0,1.0,0.25,1.0,0.25
inter_0.25,0.967044646329222,0.04080957846192585,1.0,0.997940981292532,-0.7570853737716327,36,97,800,3,2,100,0.0,0,0.3,0.25,0.0,1.0,0.7,1.0,1.0,0.25,1.0,0.25
inter_0.25,0.9595654842183342,0.04140209271749657,1.0,1.0234286150231156,-1.542509728688007,37,98,800,3,2,100,0.0,0,0.3,0.25,0.0,1.0,0.7,1.0,1.0,0.25,1.0,0.25
inter_0.25,1.0152573985269,0.03530406606588706,1.0,0.9972450489729351,0.5102060912856025,38,99,800,3,2,100,0.0,0,0.3,0.25,0.0,1.0,0.7,1.0,1.0,0.25,1.0,0.25
inter_0.25,0.9956824197325516,0.03712253185543303,1.0,1.012766825036459,-0.4602165975758211,39,100,800,3,2,100,0.0,0,0.3,0.25,0.0,1.0,0.7,1.0,1.0,0.25,1.0,0.25
inter_0.25,0.922362271440205,0.038294332714056925,1.0,0.9841732225896674,-1.614101794409206,40,101,800,3,2,100,0.0,0,0.3,0.25,0.0,1.0,0.7,1.0,1.0,0.25,1.0,0.25
inter_0.25,0.947342347970457,0.039330783810826456,1.0,0.9951315124009781,-1.2150575147542901,41,102,800,3,2,100,0.0,0,0.3,0.25,0.0,1.0,0.7,1.0,1.0,0.25,1.0,0.25
inter_0.25,0.9908140665907353,0.038744174728647676,1.0,1.0003079497806404,-0.2450402739611134,42,103,800,3,2,100,0.0,0,0.3,0.25,0.0,1.0,0.7,1.0,1.0,0.25,1.0,0.25
inter_0.25,0.9735721389923331,0.04102142959416754,1.0,0.9917024974611371,-0.4419728578006909,43,104,800,3,2,100,0.0,0,0.3,0.25,0.0,1.0,0.7,1.0,1.0,0.25,1.0,0.25
inter_0.25,0.9669714985604035,0.04079431659662177,1.0,1.0051129011793338,-0.9349685397619536,44,105,800,3,2,100,0.0,0,0.3,0.25,0.0,1.0,0.7,1.0,1.0,0.25,1.0,0.25
inter_0.25,1.0614048781124155,0.044668587963384646,1.0,0.9999303224998607,1.376236823580503,45,106,800,3,2,100,0.0,0,0.3,0.25,0.0,1.0,0.7,1.0,1.0,0.25,1.0,0.25
inter_0.25,1.0000793730519983,0.03926120077302617,1.0,1.0120522553420732,-0.30495456212079647,46,107,800,3,2,100,0.0,0,0.3,0.25,0.0,1.0,0.7,1.0,1.0,0.25,1.0,0.25
inter_0.25,1.0049925989125323,0.03397810814229618,1.0,1.0014475730031833,0.10433264543460992,47,108,800,3,2,100,0.0,0,0.3,0.25,0.0,1.0,0.7,1.0,1.0,0.25,1.0,0.25
inter_0.25,1.0393115577221912,0.0413926897267974,1.0,1.0098747351954562,0.7111599347862075,48,109,800,3,2,100,0.0,0,0.3,0.25,0.0,1.0,0.7,1.0,1.0,0.25,1.0,0.25
inter_0.25,0.9316958462909146,0.03757709946959353,1.0,1.0047210120331764,-1.9433422689090727,49,110,800,3,2,100,0.0,0,0.3,0.25,0.0,1.0,0.7,1.0,1.0,0.25,1.0,0.25
inter_0.25,0.9974740608409378,0.0392952578437624,1.0,1.0040951917767102,-0.1684969459189705,50,111,800,3,2,100,0.0,0,0.3,0.25,0.0,1.0,0.7,1.0,1.0,0.25,1.0,0.25
inter_0.25,0.8798723461684185,0.04232421986450709,1.0,0.9956290088432017,-2.7349981416162215,51,112,800,3,2,100,0.0,0,0.3,0.25,0.0,1.0,0.7,1.0,1.0,0.25,1.0,0.25
inter_0.25,0.983747912814409,0.03639142428752933,1.0,1.0044823041980178,-0.5697603704594235,52,113,800,3,2,100,0.0,0,0.3,0.25,0.0,1.0,0.7,1.0,1.0,0.25,1.0,0.25
inter_0.25,0.9386440187025897,0.03813838720189133,1.0,1.0184786300526383,-2.0932875563780904,53,114,800,3,2,100,0.0,0,0.3,0.25,0.0,1.0,0.7,1.0,1.0,0.25,1.0,0.25
inter_0.25,0.916392059989526,0.036463323234978536,1.0,0.994749944397729,-2.1489507114654836,54,115,800,3,2,100,0.0,0,0.3,0.25,0.0,1.0,0.7,1.0,1.0,0.25,1.0,0.25
inter_0.25,0.9710852172601021,0.03795955682964701,1.0,0.9901057609798153,-0.5010739141416382,55,116,800,3,2,100,0.0,0,0.3,0.25,0.0,1.0,0.7,1.0,1.0,0.25,1.0,0.25
inter_0.25,0.9742294581427529,0.04020967519153013,1.0,1.0116540396285731,-0.9307357323220431,56,117,800,3,2,100,0.0,0,0.3,0.25,0.0,1.0,0.7,1.0,1.0,0.25,1.0,0.25
inter_0.25,0.9496894502357469,0.03891283947578505,1.0,1.0110944877886394,-1.5780148244155778,57,118,800,3,2,100,0.0,0,0.3,0.25,0.0,1.0,0.7,1.0,1.0,0.25,1.0,0.25
inter_0.25,0.9374011669727229,0.03969334038525496,1.0,1.002146046898148,-1.631127017706883,58,119,800,3,2,100,0.0,0,0.3,0.25,0.0,1.0,0.7,1.0,1.0,0.25,1.0,0.25
inter_0.25,1.0526927587256885,0.04101397135833759,1.0,0.982216374058386,1.7183506579149042,59,120,800,3,2,100,0.0,0,0.3,0.25,0.0,1.0,0.7,1.0,1.0,0.25,1.0,0.25
inter_0.25,0.9034547182809965,0.03759748662122029,1.0,0.9879970855360678,-2.2486175234744263,60,121,800,3,2,100,0.0,0,0.3,0.25,0.0,1.0,0.7,1.0,1.0,0.25,1.0,0.25
inter_0.25,0.8726180782939541,0.04023394989609257,1.0,0.9872896882606041,-2.8501206136309944,61,122,800,3,2,100,0.0,0,0.3,0.25,0.0,1.0,0.7,1.0,1.0,0.25,1.0,0.25
inter_0.25,1.0377127227553615,0.037222034548594844,1.0,0.9982963848703684,1.0589517301514915,62,123,800,3,2,100,0.0,0,0.3,0.25,0.0,1.0,0.7,1.0,1.0,0.25,1.0,0.25
inter_0.25,0.9841218339636437,0.03895192499003717,1.0,1.0061924345954523,-0.5666112942416478,63,124,800,3,2,100,0.0,0,0.3,0.25,0.0,1.0,0.7,1.0,1.0,0.25,1.0,0.25
inter_0.25,0.975154686754828,0.03852792353147011,1.0,0.980892415925725,-0.14892391400772834,64,125,800,3,2,100,0.0,0,0.3,0.25,0.0,1.0,0.7,1.0,1.0,0.25,1.0,0.25
inter_0.25,0.9572657740746047,0.039936244978709255,1.0,1.0087088391310248,-1.2881297448932767,65,126,800,3,2,100,0.0,0,0.3,0.25,0.0,1.0,0.7,1.0,1.0,0.25,1.0,0.25
inter_0.25,0.9962962720782765,0.03692533735836648,1.0,0.999502009459613,-0.08681673914646303,66,127,800,3,2,100,0.0,0,0.3,0.25,0.0,1.0,0.7,1.0,1.0,0.25,1.0,0.25
inter_0.25,0.9467754094554038,0.03728176169952733,1.0,0.9937256547875409,-1.2593354817975877,67,128,800,3,2,100,0.0,0,0.3,0.25,0.0,1.0,0.7,1.0,1.0,0.25,1.0,0.25
inter_0.25,0.9538876607638569,0.03692121605092519,1.0,1.0017872646573351,-1.2973463232470632,68,129,800,3,2,100,0.0,0,0.3,0.25,0.0,1.0,0.7,1.0,1.0,0.25,1.0,0.25
inter_0.25,0.986637914696421,0.03746137602682756,1.0,1.0080944580871547,-0.5727644220908434,69,130,800,3,2,100,0.0,0,0.3,0.25,0.0,1.0,0.7,1.0,1.0,0.25,1.0,0.25
inter_0.25,0.9208705065498207,0.038343665040295606,1.0,0.9924496473641169,-1.8667787948562868,70,131,800,3,2,100,0.0,0,0.3,0.25,0.0,1.0,0.7,1.0,1.0,0.25,1.0,0.25
inter_0.25,0.9467784429705618,0.04675940638111109,1.0,1.0092361920973107,-1.3357258776488523,71,132,800,3,2,100,0.0,0,0.3,0.25,0.0,1.0,0.7,1.0,1.0,0.25,1.0,0.25
inter_0.25,0.9987577020813715,0.036402931844726844,1.0,1.0025063495701056,-0.10297652685568427,72,133,800,3,2,100,0.0,0,0.3,0.25,0.0,1.0,0.7,1.0,1.0,0.25,1.0,0.25
inter_0.25,0.9977943225573642,0.0360904938665875,1.0,1.0143095793351262,-0.4576068379339023,73,134,800,3,2,100,0.0,0,0.3,0.25,0.0,1.0,0.7,1.0,1.0,0.25,1.0,0.25
inter_0.25,0.9762693005730572,0.03484793392337603,1.0,0.999821526428699,-0.6758571658058331,74,135,800,3,2,100,0.0,0,0.3,0.25,0.0,1.0,0.7,1.0,1.0,0.25,1.0,0.25
inter_0.25,0.9476921521499023,0.04036307054175034,1.0,0.9891137758225197,-1.0262257830402692,75,136,800,3,2,100,0.0,0,0.3,0.25,0.0,1.0,0.7,1.0,1.0,0.25,1.0,0.25
inter_0.25,0.9563838489730062,0.03828521405200343,1.0,0.9978683043223927,-1.083563364515541,76,137,800,3,2,100,0.0,0,0.3,0.25,0.0,1.0,0.7,1.0,1.0,0.25,1.0,0.25
inter_0.25,1.0519029293178899,0.038527122887477734,1.0,1.0043036814027557,1.2354737220880065,77,138,800,3,2,100,0.0,0,0.3,0.25,0.0,1.0,0.7,1.0,1.0,0.25,1.0,0.25
inter_0.25,0.9390104479174122,0.03874651216517121,1.0,1.007343193347963,-1.7635844263673988,78,139,800,3,2,100,0.0,0,0.3,0.25,0.0,1.0,0.7,1.0,1.0,0.25,1.0,0.25
inter_0.25,0.9971137305368124,0.04059635979327675,1.0,1.0006197359675248,-0.08636255685400349,79,140,800,3,2,100,0.0,0,0.3,0.25,0.0,1.0,0.7,1.0,1.0,0.25,1.0,0.25
inter_0.25,0.9540220692644937,0.04153620378423066,1.0,0.9961695839995867,-1.0147175450611197,80,141,800,3,2,100,0.0,0,0.3,0.25,0.0,1.0,0.7,1.0,1.0,0.25,1.0,0.25
inter_0.25,1.0322483475049815,0.03847759491386649,1.0,0.9969597174584811,0.9171215125450355,81,142,800,3,2,100,0.0,0,0.3,0.25,0.0,1.0,0.7,1.0,1.0,0.25,1.0,0.25
inter_0.25,0.9989603527471342,0.03710454696205223,1.0,1.008203023134699,-0.24909805251139386,82,143,800,3,2,100,0.0,0,0.3,0.25,0.0,1.0,0.7,1.0,1.0,0.25,1.0,0.25
inter_0.25,0.9886136679774988,0.03943996940088537,1.0,0.9903321631197016,-0.04357242584889566,83,144,800,3,2,100,0.0,0,0.3,0.25,0.0,1.0,0.7,1.0,1.0,0.25,1.0,0.25
inter_0.25,1.0312104483585958,0.040525431457320876,1.0,1.0189895305634478,0.3015616948586566,84,145,800,3,2,100,0.0,0,0.3,0.25,0.0,1.0,0.7,1.0,1.0,0.25,1.0,0.25
inter_0.25,1.009172892767121,0.03939587040273006,1.0,1.0125121418344474,-0.08476139842045212,85,146,800,3,2,100,0.0,0,0.3,0.25,0.0,1.0,0.7,1.0,1.0,0.25,1.0,0.25
inter_0.25,0.9888231153770957,0.03719706415531104,1.0,0.9986396750248467,-0.26390683971088236,86,147,800,3,2,100,0.0,0,0.3,0.25,0.0,1.0,0.7,1.0,1.0,0.25,1.0,0.25
inter_0.25,0.9974547202816179,0.03597078465548194,1.0,1.0027077476358075,-0.1460359401247891,87,148,800,3,2,100,0.0,0,0.3,0.25,0.0,1.0,0.7,1.0,1.0,0.25,1.0,0.25
inter_0.25,0.9771444735318828,0.04547338779891969,1.0,0.9978742246130955,-0.45586555312039323,88,149,800,3,2,100,0.0,0,0.3,0.25,0.0,1.0,0.7,1.0,1.0,0.25,1.0,0.25
inter_0.25,0.9754268953702333,0.038396594110920106,1.0,0.9893323969609452,-0.36215455856687934,89,150,800,3,2,100,0.0,0,0.3,0.25,0.0,1.0,0.7,1.0,1.0,0.25,1.0,0.25
inter_0.25,0.9821064704188857,0.03923386679553379,1.0,1.0017157199921214,-0.4998041532696431,90,151,800,3,2,100,0.0,0,0.3,0.25,0.0,1.0,0.7,1.0,1.0,0.25,1.0,0.25
inter_0.25,1.0132447149640933,0.039124562759662355,1.0,1.0109678329756746,0.05819571716124498,91,152,800,3,2,100,0.0,0,0.3,0.25,0.0,1.0,0.7,1.0,1.0,0.25,1.0,0.25
inter_0.25,0.9616284662418584,0.04035277581248043,1.0,1.007406039936367,-1.1344343176597604,92,153,800,3,2,100,0.0,0,0.3,0.25,0.0,1.0,0.7,1.0,1.0,0.25,1.0,0.25
inter_0.25,0.990798279173023,0.035107895697475126,1.0,1.0041911849591931,-0.3814784543504647,93,154,800,3,2,100,0.0,0,0.3,0.25,0.0,1.0,0.7,1.0,1.0,0.25,1.0,0.25
inter_0.25,0.975900382830811,0.03633149693081644,1.0,0.9950100508194339,-0.5259807495686765,94,155,800,3,2,100,0.0,0,0.3,0.25,0.0,1.0,0.7,1.0,1.0,0.25,1.0,0.25
inter_0.25,0.9289119318889298,0.03639941772888108,1.0,0.9915288051147044,-1.7202712881885276,95,156,800,3,2,100,0.0,0,0.3,0.25,0.0,1.0,0.7,1.0,1.0,0.25,1.0,0.25
inter_0.25,0.9954948451096136,0.040064754017385296,1.0,1.0077493121955043,-0.3058665249903481,96,157,800,3,2,100,0.0,0,0.3,0.25,0.0,1.0,0.7,1.0,1.0,0.25,1.0,0.25
inter_0.25,0.9696246369513422,0.039438666298053156,1.0,0.9944240304926469,-0.6288091324865358,97,158,800,3,2,100,0.0,0,0.3,0.25,0.0,1.0,0.7,1.0,1.0,0.25,1.0,0.25
inter_0.25,0.9570026547548147,0.039745400396089064,1.0,1.0120813422431363,-1.385787712274281,98,159,800,3,2,100,0.0,0,0.3,0.25,0.0,1.0,0.7,1.0,1.0,0.25,1.0,0.25
inter_0.25,0.9575093799442168,0.0421100804830248,1.0,0.996156137703462,-0.9177554950250992,99,160,800,3,2,100,0.0,0,0.3,0.25,0.0,1.0,0.7,1.0,1.0,0.25,1.0,0.25
inter_0.5,0.9261579005156341,0.04931250754096215,1.0,0.9764943551486189,-1.0207644498948296,0,62,800,3,2,100,0.0,0,0.3,0.5,0.0,1.0,0.7,1.0,1.0,0.25,1.0,0.25
inter_0.5,1.0243527366767218,0.045805048170854165,1.0,0.9816254171303399,0.9328080910865484,1,63,800,3,2,100,0.0,0,0.3,0.5,0.0,1.0,0.7,1.0,1.0,0.25,1.0,0.25
inter_0.5,0.8859125458013393,0.048546878277855254,1.0,0.9996375976675631,-2.342582178308666,2,64,800,3,2,100,0.0,0,0.3,0.5,0.0,1.0,0.7,1.0,1.0,0.25,1.0,0.25
inter_0.5,0.9173977157407759,0.0468760001068946,1.0,0.9693495874931918,-1.108282951487892,3,65,800,3,2,100,0.0,0,0.3,0.5,0.0,1.0,0.7,1.0,1.0,0.25,1.0,0.25
inter_0.5,0.9121275013113929,0.04186651914624344,1.0,0.9818354002225843,-1.6650034522262436,4,66,800,3,2,100,0.0,0,0.3,0.5,0.0,1.0,0.7,1.0,1.0,0.25,1.0,0.25
inter_0.5,1.0635115621805586,0.04680160245650492,1.0,1.0035400651110837,1.2813983693231323,5,67,800,3,2,100,0.0,0,0.3,0.5,0.0,1.0,0.7,1.0,1.0,0.25,1.0,0.25
inter_0.5,0.9696321551829292,0.048186721156902514,1.0,0.9770435088286294,-0.15380489619884802,6,68,800,3,2,100,0.0,0,0.3,0.5,0.0,1.0,0.7,1.0,1.0,0.25,1.0,0.25
inter_0.5,0.9420047908167398,0.04862598410213293,1.0,1.0028256552162071,-1.2507893777886436,7,69,800,3,2,100,0.0,0,0.3,0.5,0.0,1.0,0.7,1.0,1.0,0.25,1.0,0.25
inter_0.5,1.0944238093904823,0.052165671344754555,1.0,1.014138511827365,1.5390446531882005,8,70,800,3,2,100,0.0,0,0.3,0.5,0.0,1.0,0.7,1.0,1.0,0.25,1.0,0.25
inter_0.5,0.9844107786959896,0.04719970303046478,1.0,0.9839852674747493,0.009015124967324352,9,71,800,3,2,100,0.0,0,0.3,0.5,0.0,1.0,0.7,1.0,1.0,0.25,1.0,0.25
inter_0.5,1.001836282567996,0.042961818541452056,1.0,0.9674251204016584,0.8009707999938545,10,72,800,3,2,100,0.0,0,0.3,0.5,0.0,1.0,0.7,1.0,1.0,0.25,1.0,0.25
inter_0.5,0.9683313432318976,0.04484517571066704,1.0,0.9820481721163794,-0.30587078023688163,11,73,800,3,2,100,0.0,0,0.3,0.5,0.0,1.0,0.7,1.0,1.0,0.25,1.0,0.25
inter_0.5,0.9746719650258011,0.047658452586814365,1.0,0.9816494135416918,-0.14640526784164007,12,74,800,3,2,100,0.0,0,0.3,0.5,0.0,1.0,0.7,1.0,1.0,0.25,1.0,0.25
inter_0.5,1.0193949667621485,0.040287907973458284,1.0,1.0225084790843524,-0.07728155863181331,13,75,800,3,2,100,0.0,0,0.3,0.5,0.0,1.0,0.7,1.0,1.0,0.25,1.0,0.25
inter_0.5,0.9787220004006618,0.051793760862533726,1.0,0.9830730231819625,-0.0840066971164503,14,76,800,3,2,100,0.0,0,0.3,0.5,0.0,1.0,0.7,1.0,1.0,0.25,1.0,0.25
inter_0.5,1.0773767038021391,0.047969822130725606,1.0,0.9727910268423591,2.180238998484651,15,77,800,3,2,100,0.0,0,0.3,0.5,0.0,1.0,0.7,1.0,1.0,0.25,1.0,0.25
inter_0.5,0.9889805748423834,0.05130846640760406,1.0,1.001477016633082,-0.24355516088562187,16,78,800,3,2,100,0.0,0,0.3,0.5,0.0,1.0,0.7,1.0,1.0,0.25,1.0,0.25
inter_0.5,0.8975145129865065,0.047559429583457546,1.0,0.9795818010844292,-1.7255734313194506,17,79,800,3,2,100,0.0,0,0.3,0.5,0.0,1.0,0.7,1.0,1.0,0.25,1.0,0.25
inter_0.5,0.9962328044619273,0.048850540437571394,1.0,1.0011221244242419,-0.10008732592350492,18,80,800,3,2,100,0.0,0,0.3,0.5,0.0,1.0,0.7,1.0,1.0,0.25,1.0,0.25
inter_0.5,0.9423371927254173,0.04988831809103245,1.0,0.9766228750946706,-0.6872487123476763,19,81,800,3,2,100,0.0,0,0.3,0.5,0.0,1.0,0.7,1.0,1.0,0.25,1.0,0.25
inter_0.5,1.0722250047734285,0.05088868764851665,1.0,1.0029941146321764,1.360437718878179,20,82,800,3,2,100,0.0,0,0.3,0.5,0.0,1.0,0.7,1.0,1.0,0.25,1.0,0.25
inter_0.5,0.9569231812157487,0.04655114832896391,1.0,1.003548554471161,-1.0015944811054702,21,83,800,3,2,100,0.0,0,0.3,0.5,0.0,1.0,0.7,1.0,1.0,0.25,1.0,0.25
inter_0.5,0.9419186979995116,0.0507605081213456,1.0,0.9832435648704074,-0.8141145232846498,22,84,800,3,2,100,0.0,0,0.3,0.5,0.0,1.0,0.7,1.0,1.0,0.25,1.0,0.25
inter_0.5,0.9166032450013344,0.04770730847213492,1.0,1.051330283531897,-2.8240335253717883,23,85,800,3,2,100,0.0,0,0.3,0.5,0.0,1.0,0.7,1.0,1.0,0.25,1.0,0.25
inter_0.5,1.0435438825564356,0.047640809569473065,1.0,1.0174137289846668,0.5484825679476348,24,86,800,3,2,100,0.0,0,0.3,0.5,0.0,1.0,0.7,1.0,1.0,0.25,1.0,0.25
inter_0.5,1.0066153171726318,0.052273063293781855,1.0,1.0346146568170886,-0.5356360978329646,25,87,800,3,2,100,0.0,0,0.3,0.5,0.0,1.0,0.7,1.0,1.0,0.25,1.0,0.25
inter_0.5,1.0026218458144827,0.05464397599904057,1.0,1.011105314110374,-0.15524983570083495,26,88,800,3,2,100,0.0,0,0.3,0.5,0.0,1.0,0.7,1.0,1.0,0.25,1.0,0.25
inter_0.5,0.9447006940829369,0.04593839452612794,1.0,0.9983432544970006,-1.167706467920944,27,89,800,3,2,100,0.0,0,0.3,0.5,0.0,1.0,0.7,1.0,1.0,0.25,1.0,0.25
inter_0.5,0.9012464813180782,0.04969970720043624,1.0,0.9818504817873555,-1.6218204293277967,28,90,800,3,2,100,0.0,0,0.3,0.5,0.0,1.0,0.7,1.0,1.0,0.25,1.0,0.25
inter_0.5,0.9845192896127013,0.04311888897137615,1.0,1.0022008345438458,-0.4100649472411529,29,91,800,3,2,100,0.0,0,0.3,0.5,0.0,1.0,0.7,1.0,1.0,0.25,1.0,0.25
inter_0.5,0.9277427408791871,0.05354365212991906,1.0,0.9951396170733233,-1.258727664497064,30,92,800,3,2,100,0.0,0,0.3,0.5,0.0,1.0,0.7,1.0,1.0,0.25,1.0,0.25
inter_0.5,1.0463346957106971,0.05102069146214948,1.0,0.9667943555004473,1.5589820116267552,31,93,800,3,2,100,0.0,0,0.3,0.5,0.0,1.0,0.7,1.0,1.0,0.25,1.0,0.25
inter_0.5,0.9252404543096187,0.047061760038130104,1.0,0.9867365428737114,-1.3067103422028357,32,94,800,3,2,100,0.0,0,0.3,0.5,0.0,1.0,0.7,1.0,1.0,0.25,1.0,0.25
inter_0.5,1.0656313988650652,0.05284431504697271,1.0,1.0008783917879929,1.2253542697925806,33,95,800,3,2,100,0.0,0,0.3,0.5,0.0,1.0,0.7,1.0,1.0,0.25,1.0,0.25
inter_0.5,0.9309527505718457,0.05274090119983487,1.0,0.9804446705439014,-0.9383973130176749,34,96,800,3,2,100,0.0,0,0.3,0.5,0.0,1.0,0.7,1.0,1.0,0.25,1.0,0.25
inter_0.5,0.9729225104283603,0.049236817875143016,1.0,0.995881962585064,-0.4663065800662693,35,97,800,3,2,100,0.0,0,0.3,0.5,0.0,1.0,0.7,1.0,1.0,0.25,1.0,0.25
inter_0.5,1.0118567854662281,0.0529502117829343,1.0,1.0468572300462313,-0.6610066966962297,36,98,800,3,2,100,0.0,0,0.3,0.5,0.0,1.0,0.7,1.0,1.0,0.25,1.0,0.25
inter_0.5,1.003020064984688,0.04555364660453963,1.0,0.9944900979458703,0.18725102543092037,37,99,800,3,2,100,0.0,0,0.3,0.5,0.0,1.0,0.7,1.0,1.0,0.25,1.0,0.25
inter_0.5,1.0092541459068611,0.04391911425834245,1.0,1.025533650072918,-0.37067013852549496,38,100,800,3,2,100,0.0,0,0.3,0.5,0.0,1.0,0.7,1.0,1.0,0.25,1.0,0.25
inter_0.5,0.9074894505691531,0.04803861791991469,1.0,0.968346445179335,-1.2668348350828236,39,101,800,3,2,100,0.0,0,0.3,0.5,0.0,1.0,0.7,1.0,1.0,0.25,1.0,0.25
inter_0.5,0.9430979007241402,0.04818189770749426,1.0,0.9902630248019564,-0.9788971859130413,40,102,800,3,2,100,0.0,0,0.3,0.5,0.0,1.0,0.7,1.0,1.0,0.25,1.0,0.25
inter_0.5,0.9989446756092369,0.0445338236647469,1.0,1.0006158995612813,-0.03752707076368287,41,103,800,3,2,100,0.0,0,0.3,0.5,0.0,1.0,0.7,1.0,1.0,0.25,1.0,0.25
inter_0.5,0.9809086088004983,0.04907034642731341,1.0,0.9834049949222741,-0.05087361927378173,42,104,800,3,2,100,0.0,0,0.3,0.5,0.0,1.0,0.7,1.0,1.0,0.25,1.0,0.25
inter_0.5,0.9601402722203827,0.04840848113522385,1.0,1.0102258023586677,-1.03464370217228,43,105,800,3,2,100,0.0,0,0.3,0.5,0.0,1.0,0.7,1.0,1.0,0.25,1.0,0.25
inter_0.5,1.0890210352822312,0.06159459603283847,1.0,0.9998606449997217,1.4475359207644543,44,106,800,3,2,100,0.0,0,0.3,0.5,0.0,1.0,0.7,1.0,1.0,0.25,1.0,0.25
inter_0.5,0.9919764116558298,0.0469479521181373,1.0,1.0241045106841464,-0.6843344081861371,45,107,800,3,2,100,0.0,0,0.3,0.5,0.0,1.0,0.7,1.0,1.0,0.25,1.0,0.25
inter_0.5,1.0015625427076895,0.041544999378076146,1.0,1.0028951460063664,-0.03207614198160602,46,108,800,3,2,100,0.0,0,0.3,0.5,0.0,1.0,0.7,1.0,1.0,0.25,1.0,0.25
inter_0.5,1.0558189365102417,0.05061615074455871,1.0,1.0197494703909127,0.7126078452974132,47,109,800,3,2,100,0.0,0,0.3,0.5,0.0,1.0,0.7,1.0,1.0,0.25,1.0,0.25
inter_0.5,0.9304246106564419,0.049655011205795005,1.0,1.0094420240663529,-1.591328075275698,48,110,800,3,2,100,0.0,0,0.3,0.5,0.0,1.0,0.7,1.0,1.0,0.25,1.0,0.25
inter_0.5,1.022199420578828,0.04816278924327244,1.0,1.0081903835534205,0.29086847430382995,49,111,800,3,2,100,0.0,0,0.3,0.5,0.0,1.0,0.7,1.0,1.0,0.25,1.0,0.25
inter_0.5,0.8724890098901699,0.05241583648720591,1.0,0.9912580176864034,-2.2658993112744406,50,112,800,3,2,100,0.0,0,0.3,0.5,0.0,1.0,0.7,1.0,1.0,0.25,1.0,0.25
inter_0.5,0.9788093051839174,0.04520137484220137,1.0,1.0089646083960355,-0.6671324338560655,51,113,800,3,2,100,0.0,0,0.3,0.5,0.0,1.0,0.7,1.0,1.0,0.25,1.0,0.25
inter_0.5,0.9624051777911482,0.04667022272210937,1.0,1.0369572601052763,-1.5974228954945637,52,114,800,3,2,100,0.0,0,0.3,0.5,0.0,1.0,0.7,1.0,1.0,0.25,1.0,0.25
inter_0.5,0.9232792718218845,0.044405216518525074,1.0,0.9894998887954578,-1.491280127999088,53,115,800,3,2,100,0.0,0,0.3,0.5,0.0,1.0,0.7,1.0,1.0,0.25,1.0,0.25
inter_0.5,0.9671465594196045,0.04550175039618414,1.0,0.9802115219596302,-0.2871309878470392,54,116,800,3,2,100,0.0,0,0.3,0.5,0.0,1.0,0.7,1.0,1.0,0.25,1.0,0.25
inter_0.5,1.0013989901062024,0.05078551326021111,1.0,1.0233080792571463,-0.4314043069465051,55,117,800,3,2,100,0.0,0,0.3,0.5,0.0,1.0,0.7,1.0,1.0,0.25,1.0,0.25
inter_0.5,0.979225843659783,0.04985351411664448,1.0,1.0221889755772786,-0.8617874322153664,56,118,800,3,2,100,0.0,0,0.3,0.5,0.0,1.0,0.7,1.0,1.0,0.25,1.0,0.25
inter_0.5,0.945055223044279,0.04841748030841394,1.0,1.004292093796296,-1.2234604191437628,57,119,800,3,2,100,0.0,0,0.3,0.5,0.0,1.0,0.7,1.0,1.0,0.25,1.0,0.25
inter_0.5,1.0636372711592235,0.04971181863919624,1.0,0.9644327481167718,1.9955923110049312,58,120,800,3,2,100,0.0,0,0.3,0.5,0.0,1.0,0.7,1.0,1.0,0.25,1.0,0.25
inter_0.5,0.8891622211709769,0.04817803709790635,1.0,0.9759941710721356,-1.8023139822965544,59,121,800,3,2,100,0.0,0,0.3,0.5,0.0,1.0,0.7,1.0,1.0,0.25,1.0,0.25
inter_0.5,0.8618124332465519,0.047704573676742905,1.0,0.9745793765212082,-2.363860204239344,60,122,800,3,2,100,0.0,0,0.3,0.5,0.0,1.0,0.7,1.0,1.0,0.25,1.0,0.25
inter_0.5,1.0247060890580408,0.04362114310013371,1.0,0.996592769740737,0.6444883677800205,61,123,800,3,2,100,0.0,0,0.3,0.5,0.0,1.0,0.7,1.0,1.0,0.25,1.0,0.25
inter_0.5,1.011166635436359,0.04861608349213403,1.0,1.0123848691909045,-0.025058245482537614,62,124,800,3,2,100,0.0,0,0.3,0.5,0.0,1.0,0.7,1.0,1.0,0.25,1.0,0.25
inter_0.5,0.9540545912189317,0.04758498174668679,1.0,0.9617848318514498,-0.16245126821040304,63,125,800,3,2,100,0.0,0,0.3,0.5,0.0,1.0,0.7,1.0,1.0,0.25,1.0,0.25
inter_0.5,0.9550291038949451,0.05024874197315465,1.0,1.01741767826205,-1.2415947527688562,64,126,800,3,2,100,0.0,0,0.3,0.5,0.0,1.0,0.7,1.0,1.0,0.25,1.0,0.25
inter_0.5,0.9805676170624738,0.04685056671139639,1.0,0.9990040189192261,-0.39351502342164146,65,127,800,3,2,100,0.0,0,0.3,0.5,0.0,1.0,0.7,1.0,1.0,0.25,1.0,0.25
inter_0.5,0.9082002880422703,0.046794925234187795,1.0,0.987451309575082,-1.6935815397972236,66,128,800,3,2,100,0.0,0,0.3,0.5,0.0,1.0,0.7,1.0,1.0,0.25,1.0,0.25
inter_0.5,0.9334121451850671,0.042893880794385185,1.0,1.00357452931467,-1.6357201267456132,67,129,800,3,2,100,0.0,0,0.3,0.5,0.0,1.0,0.7,1.0,1.0,0.25,1.0,0.25
inter_0.5,0.9910861259099156,0.045736320564823914,1.0,1.0161889161743096,-0.5488589802237109,68,130,800,3,2,100,0.0,0,0.3,0.5,0.0,1.0,0.7,1.0,1.0,0.25,1.0,0.25
inter_0.5,0.9205613922364437,0.045367739727108156,1.0,0.9848992947282338,-1.4181421176983793,69,131,800,3,2,100,0.0,0,0.3,0.5,0.0,1.0,0.7,1.0,1.0,0.25,1.0,0.25
inter_0.5,0.948078763432834,0.056728090060604544,1.0,1.018472384194621,-1.2408953075378197,70,132,800,3,2,100,0.0,0,0.3,0.5,0.0,1.0,0.7,1.0,1.0,0.25,1.0,0.25
inter_0.5,1.0055730483427785,0.04455552757430644,1.0,1.0050126991402113,0.012576423915813621,71,133,800,3,2,100,0.0,0,0.3,0.5,0.0,1.0,0.7,1.0,1.0,0.25,1.0,0.25
inter_0.5,1.003869012280979,0.0437452456809177,1.0,1.0286191586702524,-0.5657791150563771,72,134,800,3,2,100,0.0,0,0.3,0.5,0.0,1.0,0.7,1.0,1.0,0.25,1.0,0.25
inter_0.5,0.9722360363912959,0.04048014910925068,1.0,0.9996430528573981,-0.6770483081011938,73,135,800,3,2,100,0.0,0,0.3,0.5,0.0,1.0,0.7,1.0,1.0,0.25,1.0,0.25
inter_0.5,0.9527816748048015,0.0471003613186689,1.0,0.9782275516450395,-0.5402480178034683,74,136,800,3,2,100,0.0,0,0.3,0.5,0.0,1.0,0.7,1.0,1.0,0.25,1.0,0.25
inter_0.5,0.9437807794775726,0.04773442496215159,1.0,0.9957366086447853,-1.088435216479685,75,137,800,3,2,100,0.0,0,0.3,0.5,0.0,1.0,0.7,1.0,1.0,0.25,1.0,0.25
inter_0.5,1.0533522805254958,0.04589007348190131,1.0,1.008607362805511,0.9750456760029343,76,138,800,3,2,100,0.0,0,0.3,0.5,0.0,1.0,0.7,1.0,1.0,0.25,1.0,0.25
inter_0.5,0.9564548522496535,0.04916858032541828,1.0,1.014686386695926,-1.1843240960156196,77,139,800,3,2,100,0.0,0,0.3,0.5,0.0,1.0,0.7,1.0,1.0,0.25,1.0,0.25
inter_0.5,1.0097885996730165,0.05027630968985075,1.0,1.0012394719350501,0.1700428649339025,78,140,800,3,2,100,0.0,0,0.3,0.5,0.0,1.0,0.7,1.0,1.0,0.25,1.0,0.25
inter_0.5,0.9698541818156291,0.05096518357409259,1.0,0.9923391679991732,-0.44118326682480596,79,141,800,3,2,100,0.0,0,0.3,0.5,0.0,1.0,0.7,1.0,1.0,0.25,1.0,0.25
inter_0.5,1.023940313738707,0.04575586610987559,1.0,0.9939194349169621,0.6561099455456599,80,142,800,3,2,100,0.0,0,0.3,0.5,0.0,1.0,0.7,1.0,1.0,0.25,1.0,0.25
inter_0.5,0.9965550008571291,0.043726468521663245,1.0,1.016406046269398,-0.4539823608767803,81,143,800,3,2,100,0.0,0,0.3,0.5,0.0,1.0,0.7,1.0,1.0,0.25,1.0,0.25
inter_0.5,0.9977910161313239,0.050250031694391996,1.0,0.9806643262394033,0.340829434617691,82,144,800,3,2,100,0.0,0,0.3,0.5,0.0,1.0,0.7,1.0,1.0,0.25,1.0,0.25
inter_0.5,1.0827967495050548,0.05180595699822036,1.0,1.0379790611268953,0.8651068520884393,83,145,800,3,2,100,0.0,0,0.3,0.5,0.0,1.0,0.7,1.0,1.0,0.25,1.0,0.25
inter_0.5,1.0168750793267423,0.04918677582106775,1.0,1.025024283668895,-0.1656787664188031,84,146,800,3,2,100,0.0,0,0.3,0.5,0.0,1.0,0.7,1.0,1.0,0.25,1.0,0.25
inter_0.5,0.9808048478264413,0.044232957499612764,1.0,0.9972793500496933,-0.37244858030115213,85,147,800,3,2,100,0.0,0,0.3,0.5,0.0,1.0,0.7,1.0,1.0,0.25,1.0,0.25
inter_0.5,1.021326002378918,0.04260639358402979,1.0,1.0054154952716148,0.37343003640812455,86,148,800,3,2,100,0.0,0,0.3,0.5,0.0,1.0,0.7,1.0,1.0,0.25,1.0,0.25
inter_0.5,0.9712652481759525,0.05745267355808166,1.0,0.9957484492261908,-0.42614554787406067,87,149,800,3,2,100,0.0,0,0.3,0.5,0.0,1.0,0.7,1.0,1.0,0.25,1.0,0.25
inter_0.5,0.9662341380819409,0.04515808785872604,1.0,0.9786647939218903,-0.27526975630230066,88,150,800,3,2,100,0.0,0,0.3,0.5,0.0,1.0,0.7,1.0,1.0,0.25,1.0,0.25
inter_0.5,0.9735274664630416,0.048018065692284506,1.0,1.0034314399842428,-0.6227650591516052,89,151,800,3,2,100,0.0,0,0.3,0.5,0.0,1.0,0.7,1.0,1.0,0.25,1.0,0.25
inter_0.5,1.0607902709138566,0.04883234265760401,1.0,1.0219356659513494,0.7956735812357517,90,152,800,3,2,100,0.0,0,0.3,0.5,0.0,1.0,0.7,1.0,1.0,0.25,1.0,0.25
inter_0.5,0.9619986132202631,0.04785287132008359,1.0,1.0148120798727336,-1.1036634834136885,91,153,800,3,2,100,0.0,0,0.3,0.5,0.0,1.0,0.7,1.0,1.0,0.25,1.0,0.25
inter_0.5,1.0026988247516333,0.041164469647837286,1.0,1.0083823699183867,-0.13806919451109714,92,154,800,3,2,100,0.0,0,0.3,0.5,0.0,1.0,0.7,1.0,1.0,0.25,1.0,0.25
inter_0.5,0.978071307798195,0.044102766873386226,1.0,0.9900201016388678,-0.27093070770313304,93,155,800,3,2,100,0.0,0,0.3,0.5,0.0,1.0,0.7,1.0,1.0,0.25,1.0,0.25
inter_0.5,0.9340969737390932,0.04522787522449136,1.0,0.9830576102294089,-1.082532315464667,94,156,800,3,2,100,0.0,0,0.3,0.5,0.0,1.0,0.7,1.0,1.0,0.25,1.0,0.25
inter_0.5,1.0122279951968736,0.047652508039338896,1.0,1.015498624391009,-0.06863498541221208,95,157,800,3,2,100,0.0,0,0.3,0.5,0.0,1.0,0.7,1.0,1.0,0.25,1.0,0.25
inter_0.5,0.9367238345197451,0.04796448781586299,1.0,0.9888480609852938,-1.08672538453147,96,158,800,3,2,100,0.0,0,0.3,0.5,0.0,1.0,0.7,1.0,1.0,0.25,1.0,0.25
inter_0.5,0.9571823332580977,0.0492021215127753,1.0,1.0241626844862723,-1.3613305517889769,97,159,800,3,2,100,0.0,0,0.3,0.5,0.0,1.0,0.7,1.0,1.0,0.25,1.0,0.25
inter_0.5,0.9556733896324446,0.04968704316091613,1.0,0.992312275406924,-0.7373931601407822,98,160,800,3,2,100,0.0,0,0.3,0.5,0.0,1.0,0.7,1.0,1.0,0.25,1.0,0.25
inter_0.5,1.0322604374424298,0.04950486055461271,1.0,1.0082116086466135,0.48578722425217447,99,161,800,3,2,100,0.0,0,0.3,0.5,0.0,1.0,0.7,1.0,1.0,0.25,1.0,0.25
inter_1.0,1.0635947453640144,0.06985116417812985,1.0,0.9632508342606799,1.4365388506259404,0,63,800,3,2,100,0.0,0,0.3,1.0,0.0,1.0,0.7,1.0,1.0,0.25,1.0,0.25
inter_1.0,0.8875413082587238,0.06995679249230595,1.0,0.9992751953351262,-1.5971842489589732,1,64,800,3,2,100,0.0,0,0.3,1.0,0.0,1.0,0.7,1.0,1.0,0.25,1.0,0.25
inter_1.0,0.8888993105705376,0.07040794353918464,1.0,0.9386991749863834,-0.7073046294574752,2,65,800,3,2,100,0.0,0,0.3,1.0,0.0,1.0,0.7,1.0,1.0,0.25,1.0,0.25
inter_1.0,0.8920827120961337,0.06311831371079588,1.0,0.9636708004451687,-1.1341888612082884,3,66,800,3,2,100,0.0,0,0.3,1.0,0.0,1.0,0.7,1.0,1.0,0.25,1.0,0.25
inter_1.0,1.0824634136936286,0.07290243046508282,1.0,1.0070801302221672,1.0340297708944943,4,67,800,3,2,100,0.0,0,0.3,1.0,0.0,1.0,0.7,1.0,1.0,0.25,1.0,0.25
inter_1.0,0.9394393384295128,0.0786565382380669,1.0,0.9540870176572588,-0.18622328869104832,5,68,800,3,2,100,0.0,0,0.3,1.0,0.0,1.0,0.7,1.0,1.0,0.25,1.0,0.25
inter_1.0,0.9468744808077507,0.0706922977497516,1.0,1.0056513104324143,-0.8314460202260169,6,69,800,3,2,100,0.0,0,0.3,1.0,0.0,1.0,0.7,1.0,1.0,0.25,1.0,0.25
inter_1.0,1.152387048668745,0.07264609119011636,1.0,1.02827702365473,1.708419861011055,7,70,800,3,2,100,0.0,0,0.3,1.0,0.0,1.0,0.7,1.0,1.0,0.25,1.0,0.25
inter_1.0,1.007688347973482,0.0697727525157195,1.0,0.9679705349494987,0.5692453227359061,8,71,800,3,2,100,0.0,0,0.3,1.0,0.0,1.0,0.7,1.0,1.0,0.25,1.0,0.25
inter_1.0,0.936444442236082,0.06463378694925564,1.0,0.9348502408033167,0.024665140447626216,9,72,800,3,2,100,0.0,0,0.3,1.0,0.0,1.0,0.7,1.0,1.0,0.25,1.0,0.25
inter_1.0,0.919773664315397,0.06565044844577148,1.0,0.964096344232759,-0.6751314113866782,10,73,800,3,2,100,0.0,0,0.3,1.0,0.0,1.0,0.7,1.0,1.0,0.25,1.0,0.25
inter_1.0,0.9610625350121936,0.0727400424492636,1.0,0.9632988270833833,-0.03074361790137137,11,74,800,3,2,100,0.0,0,0.3,1.0,0.0,1.0,0.7,1.0,1.0,0.25,1.0,0.25
inter_1.0,1.0915672833277765,0.06211430630295099,1.0,1.045016958168705,0.74943000944148,12,75,800,3,2,100,0.0,0,0.3,1.0,0.0,1.0,0.7,1.0,1.0,0.25,1.0,0.25
inter_1.0,0.9929502149066528,0.08006979937334689,1.0,0.9661460463639253,0.33476003127903287,13,76,800,3,2,100,0.0,0,0.3,1.0,0.0,1.0,0.7,1.0,1.0,0.25,1.0,0.25
inter_1.0,1.0870241099832099,0.07372649026949658,1.0,0.9455820536847184,1.9184699526787508,14,77,800,3,2,100,0.0,0,0.3,1.0,0.0,1.0,0.7,1.0,1.0,0.25,1.0,0.25
inter_1.0,1.0096850394237546,0.07836625220078272,1.0,1.0029540332661637,0.08589164300399828,15,78,800,3,2,100,0.0,0,0.3,1.0,0.0,1.0,0.7,1.0,1.0,0.25,1.0,0.25
inter_1.0,0.8689787334197603,0.0686064222600405,1.0,0.9591636021688583,-1.3145251680268102,16,79,800,3,2,100,0.0,0,0.3,1.0,0.0,1.0,0.7,1.0,1.0,0.25,1.0,0.25
inter_1.0,1.0083155366579901,0.07155781330104351,1.0,1.0022442488484835,0.08484451284117249,17,80,800,3,2,100,0.0,0,0.3,1.0,0.0,1.0,0.7,1.0,1.0,0.25,1.0,0.25
inter_1.0,0.8897839055292106,0.07829952118827234,1.0,0.9532457501893412,-0.8105010566735865,18,81,800,3,2,100,0.0,0,0.3,1.0,0.0,1.0,0.7,1.0,1.0,0.25,1.0,0.25
inter_1.0,1.1225841657887399,0.07634207517893031,1.0,1.0059882292643527,1.5272827762555572,19,82,800,3,2,100,0.0,0,0.3,1.0,0.0,1.0,0.7,1.0,1.0,0.25,1.0,0.25
inter_1.0,0.9664276091545724,0.07177139332898866,1.0,1.0070971089423224,-0.5666533405771782,20,83,800,3,2,100,0.0,0,0.3,1.0,0.0,1.0,0.7,1.0,1.0,0.25,1.0,0.25
inter_1.0,0.9356797789338304,0.07902641786830324,1.0,0.9664871297408149,-0.38983610339424274,21,84,800,3,2,100,0.0,0,0.3,1.0,0.0,1.0,0.7,1.0,1.0,0.25,1.0,0.25
inter_1.0,0.9003343859145366,0.06591540805066923,1.0,1.102660567063794,-3.069482343092361,22,85,800,3,2,100,0.0,0,0.3,1.0,0.0,1.0,0.7,1.0,1.0,0.25,1.0,0.25
inter_1.0,1.0852038848548011,0.07272649984181301,1.0,1.0348274579693333,0.6926832309411468,23,86,800,3,2,100,0.0,0,0.3,1.0,0.0,1.0,0.7,1.0,1.0,0.25,1.0,0.25
inter_1.0,1.0303315463026972,0.08079176293457879,1.0,1.069229313634177,-0.48145709313185026,24,87,800,3,2,100,0.0,0,0.3,1.0,0.0,1.0,0.7,1.0,1.0,0.25,1.0,0.25
inter_1.0,1.0339880468038272,0.08203422935596744,1.0,1.0222106282207486,0.14356712649756662,25,88,800,3,2,100,0.0,0,0.3,1.0,0.0,1.0,0.7,1.0,1.0,0.25,1.0,0.25
inter_1.0,0.963573189513592,0.06780471396595954,1.0,0.9966865089940015,-0.48836308780881393,26,89,800,3,2,100,0.0,0,0.3,1.0,0.0,1.0,0.7,1.0,1.0,0.25,1.0,0.25
inter_1.0,0.8464229050543878,0.07616387080541827,1.0,0.9637009635747106,-1.539812213850608,27,90,800,3,2,100,0.0,0,0.3,1.0,0.0,1.0,0.7,1.0,1.0,0.25,1.0,0.25
inter_1.0,0.976164898909213,0.06375445019012128,1.0,1.0044016690876918,-0.4428988108951504,28,91,800,3,2,100,0.0,0,0.3,1.0,0.0,1.0,0.7,1.0,1.0,0.25,1.0,0.25
inter_1.0,0.8930558715437146,0.08227969083940338,1.0,0.9902792341466466,-1.1816204170321485,29,92,800,3,2,100,0.0,0,0.3,1.0,0.0,1.0,0.7,1.0,1.0,0.25,1.0,0.25
inter_1.0,1.0906928694581797,0.07488242220631734,1.0,0.9335887110008949,2.098011173095185,30,93,800,3,2,100,0.0,0,0.3,1.0,0.0,1.0,0.7,1.0,1.0,0.25,1.0,0.25
inter_1.0,0.9564377673603636,0.06858950175632518,1.0,0.973473085747423,-0.24836626525703615,31,94,800,3,2,100,0.0,0,0.3,1.0,0.0,1.0,0.7,1.0,1.0,0.25,1.0,0.25
inter_1.0,1.0957682203113968,0.08354626545283646,1.0,1.0017567835759857,1.1252619877842698,32,95,800,3,2,100,0.0,0,0.3,1.0,0.0,1.0,0.7,1.0,1.0,0.25,1.0,0.25
inter_1.0,0.9113281014874423,0.07646754213176495,1.0,0.9608893410878027,-0.6481343354146132,33,96,800,3,2,100,0.0,0,0.3,1.0,0.0,1.0,0.7,1.0,1.0,0.25,1.0,0.25
inter_1.0,0.9979963946148503,0.0752112854073658,1.0,0.9917639251701279,0.08286614716083643,34,97,800,3,2,100,0.0,0,0.3,1.0,0.0,1.0,0.7,1.0,1.0,0.25,1.0,0.25
inter_1.0,1.1104853624855149,0.08579526513048193,1.0,1.0937144600924626,0.19547585018294622,35,98,800,3,2,100,0.0,0,0.3,1.0,0.0,1.0,0.7,1.0,1.0,0.25,1.0,0.25
inter_1.0,0.9827578642300114,0.07302606265314261,1.0,0.9889801958917407,-0.08520699919539589,36,99,800,3,2,100,0.0,0,0.3,1.0,0.0,1.0,0.7,1.0,1.0,0.25,1.0,0.25
inter_1.0,1.0006789925716326,0.06775831757227083,1.0,1.051067300145836,-0.7436475606180643,37,100,800,3,2,100,0.0,0,0.3,1.0,0.0,1.0,0.7,1.0,1.0,0.25,1.0,0.25
inter_1.0,0.8737690540580986,0.07489435656958306,1.0,0.9366928903586696,-0.8401679269666951,38,101,800,3,2,100,0.0,0,0.3,1.0,0.0,1.0,0.7,1.0,1.0,0.25,1.0,0.25
inter_1.0,0.9302004054130293,0.07181133818055983,1.0,0.9805260496039128,-0.7008035982332831,39,102,800,3,2,100,0.0,0,0.3,1.0,0.0,1.0,0.7,1.0,1.0,0.25,1.0,0.25
inter_1.0,1.0358348890261835,0.06257618373904486,1.0,1.0012317991225623,0.5529753947272165,40,103,800,3,2,100,0.0,0,0.3,1.0,0.0,1.0,0.7,1.0,1.0,0.25,1.0,0.25
inter_1.0,0.983712526547868,0.07389495927462258,1.0,0.9668099898445481,0.22873734378150787,41,104,800,3,2,100,0.0,0,0.3,1.0,0.0,1.0,0.7,1.0,1.0,0.25,1.0,0.25
inter_1.0,0.9547659374160398,0.07040760535639404,1.0,1.0204516047173353,-0.9329342614168361,42,105,800,3,2,100,0.0,0,0.3,1.0,0.0,1.0,0.7,1.0,1.0,0.25,1.0,0.25
inter_1.0,1.1648299306068022,0.10376126767822715,1.0,0.9997212899994434,1.5912357693949464,43,106,800,3,2,100,0.0,0,0.3,1.0,0.0,1.0,0.7,1.0,1.0,0.25,1.0,0.25
inter_1.0,0.9874948612571438,0.07326278878760797,1.0,1.0482090213682929,-0.8287175674838431,44,107,800,3,2,100,0.0,0,0.3,1.0,0.0,1.0,0.7,1.0,1.0,0.25,1.0,0.25
inter_1.0,1.0109421683668665,0.06156028452754117,1.0,1.005790292012733,0.0836883129061646,45,108,800,3,2,100,0.0,0,0.3,1.0,0.0,1.0,0.7,1.0,1.0,0.25,1.0,0.25
inter_1.0,1.079661886829783,0.07691877263588982,1.0,1.0394989407818251,0.522147515770656,46,109,800,3,2,100,0.0,0,0.3,1.0,0.0,1.0,0.7,1.0,1.0,0.25,1.0,0.25
inter_1.0,0.9206738937906934,0.07802867684535743,1.0,1.0188840481327057,-1.2586418008426814,47,110,800,3,2,100,0.0,0,0.3,1.0,0.0,1.0,0.7,1.0,1.0,0.25,1.0,0.25
inter_1.0,1.062271898638375,0.0730630575115439,1.0,1.0163807671068414,0.6281030810171447,48,111,800,3,2,100,0.0,0,0.3,1.0,0.0,1.0,0.7,1.0,1.0,0.25,1.0,0.25
inter_1.0,0.8671327269766225,0.07962303976361924,1.0,0.982516035372807,-1.4491196108403859,49,112,800,3,2,100,0.0,0,0.3,1.0,0.0,1.0,0.7,1.0,1.0,0.25,1.0,0.25
inter_1.0,0.980824010192171,0.06888844178736547,1.0,1.0179292167920713,-0.5386274625637641,50,113,800,3,2,100,0.0,0,0.3,1.0,0.0,1.0,0.7,1.0,1.0,0.25,1.0,0.25
inter_1.0,1.0137083848050503,0.06974980015149995,1.0,1.073914520210553,-0.8631728732517071,51,114,800,3,2,100,0.0,0,0.3,1.0,0.0,1.0,0.7,1.0,1.0,0.25,1.0,0.25
inter_1.0,0.9315091243581327,0.06752304119452829,1.0,0.9789997775909158,-0.7033251523130672,52,115,800,3,2,100,0.0,0,0.3,1.0,0.0,1.0,0.7,1.0,1.0,0.25,1.0,0.25
inter_1.0,0.9631782940938933,0.06781459932426227,1.0,0.9604230439192605,0.040629159533308555,53,116,800,3,2,100,0.0,0,0.3,1.0,0.0,1.0,0.7,1.0,1.0,0.25,1.0,0.25
inter_1.0,1.0473939514416972,0.07902492338333407,1.0,1.0466161585142926,0.009842374963550863,54,117,800,3,2,100,0.0,0,0.3,1.0,0.0,1.0,0.7,1.0,1.0,0.25,1.0,0.25
inter_1.0,1.0428544047953965,0.0769270049151515,1.0,1.0443779511545574,-0.019805091343948693,55,118,800,3,2,100,0.0,0,0.3,1.0,0.0,1.0,0.7,1.0,1.0,0.25,1.0,0.25
inter_1.0,0.9259010647281628,0.07439126410331826,1.0,1.008584187592592,-1.1114628022666055,56,119,800,3,2,100,0.0,0,0.3,1.0,0.0,1.0,0.7,1.0,1.0,0.25,1.0,0.25
inter_1.0,1.1000096953166658,0.07500291454601396,1.0,0.9288654962335436,2.281833980973179,57,120,800,3,2,100,0.0,0,0.3,1.0,0.0,1.0,0.7,1.0,1.0,0.25,1.0,0.25
inter_1.0,0.8416082387499199,0.0784772752047934,1.0,0.951988342144271,-1.406523138148011,58,121,800,3,2,100,0.0,0,0.3,1.0,0.0,1.0,0.7,1.0,1.0,0.25,1.0,0.25
inter_1.0,0.812698608077694,0.06962580336605256,1.0,0.9491587530424163,-1.959907654455246,59,122,800,3,2,100,0.0,0,0.3,1.0,0.0,1.0,0.7,1.0,1.0,0.25,1.0,0.25
inter_1.0,1.0114877928397927,0.0649463513407586,1.0,0.9931855394814738,0.281805720883244,60,123,800,3,2,100,0.0,0,0.3,1.0,0.0,1.0,0.7,1.0,1.0,0.25,1.0,0.25
inter_1.0,1.0555959049791155,0.07615286185694088,1.0,1.0247697383818095,0.40479327822525357,61,124,800,3,2,100,0.0,0,0.3,1.0,0.0,1.0,0.7,1.0,1.0,0.25,1.0,0.25
inter_1.0,0.8723062825918344,0.07423228686304764,1.0,0.9235696637028997,-0.6905806526699355,62,125,800,3,2,100,0.0,0,0.3,1.0,0.0,1.0,0.7,1.0,1.0,0.25,1.0,0.25
inter_1.0,0.9678634074257096,0.0787801383539665,1.0,1.0348353565241002,-0.8501121030973485,63,126,800,3,2,100,0.0,0,0.3,1.0,0.0,1.0,0.7,1.0,1.0,0.25,1.0,0.25
inter_1.0,0.9529352721269292,0.07219180053771748,1.0,0.9980080378384522,-0.624347438016512,64,127,800,3,2,100,0.0,0,0.3,1.0,0.0,1.0,0.7,1.0,1.0,0.25,1.0,0.25
inter_1.0,0.8525193187436533,0.07346149360731977,1.0,0.9749026191501641,-1.6659517033603632,65,128,800,3,2,100,0.0,0,0.3,1.0,0.0,1.0,0.7,1.0,1.0,0.25,1.0,0.25
inter_1.0,0.8942357996510726,0.06155937861524497,1.0,1.0071490586293401,-1.8342170034559926,66,129,800,3,2,100,0.0,0,0.3,1.0,0.0,1.0,0.7,1.0,1.0,0.25,1.0,0.25
inter_1.0,0.985874916024255,0.06994310509279182,1.0,1.0323778323486195,-0.6648677702065148,67,130,800,3,2,100,0.0,0,0.3,1.0,0.0,1.0,0.7,1.0,1.0,0.25,1.0,0.25
inter_1.0,0.9441427939002823,0.06839709050370615,1.0,0.9697985894564677,-0.37510068582223066,68,131,800,3,2,100,0.0,0,0.3,1.0,0.0,1.0,0.7,1.0,1.0,0.25,1.0,0.25
inter_1.0,0.9511445367417514,0.08570549245431976,1.0,1.0369447683892423,-1.0011054039882181,69,132,800,3,2,100,0.0,0,0.3,1.0,0.0,1.0,0.7,1.0,1.0,0.25,1.0,0.25
inter_1.0,0.9985128395173025,0.06775725394295576,1.0,1.0100253982804228,-0.1699088745953698,70,133,800,3,2,100,0.0,0,0.3,1.0,0.0,1.0,0.7,1.0,1.0,0.25,1.0,0.25
inter_1.0,1.0142692113981144,0.0675269408067693,1.0,1.057238317340505,-0.6363253751617192,71,134,800,3,2,100,0.0,0,0.3,1.0,0.0,1.0,0.7,1.0,1.0,0.25,1.0,0.25
inter_1.0,0.9638489995572713,0.05988363727691896,1.0,0.9992861057147963,-0.5917660945285217,72,135,800,3,2,100,0.0,0,0.3,1.0,0.0,1.0,0.7,1.0,1.0,0.25,1.0,0.25
inter_1.0,0.9569696826951147,0.06830455324718314,1.0,0.9564551032900789,0.0075336032602932555,73,136,800,3,2,100,0.0,0,0.3,1.0,0.0,1.0,0.7,1.0,1.0,0.25,1.0,0.25
inter_1.0,0.9160353424115955,0.07269730298739019,1.0,0.9914732172895705,-1.0376983983994594,74,137,800,3,2,100,0.0,0,0.3,1.0,0.0,1.0,0.7,1.0,1.0,0.25,1.0,0.25
inter_1.0,1.037376819539212,0.06602951226773005,1.0,1.0172147256110222,0.3053497328049068,75,138,800,3,2,100,0.0,0,0.3,1.0,0.0,1.0,0.7,1.0,1.0,0.25,1.0,0.25
inter_1.0,1.0110216092180955,0.0758743123494042,1.0,1.029372773391852,-0.24186267533139227,76,139,800,3,2,100,0.0,0,0.3,1.0,0.0,1.0,0.7,1.0,1.0,0.25,1.0,0.25
inter_1.0,1.020451137178802,0.0724907618273486,1.0,1.0024789438701,0.2479239127256856,77,140,800,3,2,100,0.0,0,0.3,1.0,0.0,1.0,0.7,1.0,1.0,0.25,1.0,0.25
inter_1.0,1.009429465740945,0.07618362142246855,1.0,0.9846783359983465,0.32488780764757347,78,141,800,3,2,100,0.0,0,0.3,1.0,0.0,1.0,0.7,1.0,1.0,0.25,1.0,0.25
inter_1.0,1.0043647312349695,0.06803006160577976,1.0,0.9878388698339243,0.2429199828865237,79,142,800,3,2,100,0.0,0,0.3,1.0,0.0,1.0,0.7,1.0,1.0,0.25,1.0,0.25
inter_1.0,0.9860495515542077,0.06467116852312935,1.0,1.0328120925387958,-0.7230817387792164,80,143,800,3,2,100,0.0,0,0.3,1.0,0.0,1.0,0.7,1.0,1.0,0.25,1.0,0.25
inter_1.0,1.0293436615082805,0.07820529769357196,1.0,0.9613286524788066,0.8696982306233756,81,144,800,3,2,100,0.0,0,0.3,1.0,0.0,1.0,0.7,1.0,1.0,0.25,1.0,0.25
inter_1.0,1.1762481389319577,0.08167593799665596,1.0,1.0759581222537908,1.2279016211882745,82,145,800,3,2,100,0.0,0,0.3,1.0,0.0,1.0,0.7,1.0,1.0,0.25,1.0,0.25
inter_1.0,1.02697536308124,0.07555328032116705,1.0,1.0500485673377897,-0.30538984089729315,83,146,800,3,2,100,0.0,0,0.3,1.0,0.0,1.0,0.7,1.0,1.0,0.25,1.0,0.25
inter_1.0,0.9823467212570058,0.06491683944389717,1.0,0.9945587000993865,-0.18811727353015373,84,147,800,3,2,100,0.0,0,0.3,1.0,0.0,1.0,0.7,1.0,1.0,0.25,1.0,0.25
inter_1.0,1.0749095796529604,0.06459804188792313,1.0,1.0108309905432296,0.991958691579328,85,148,800,3,2,100,0.0,0,0.3,1.0,0.0,1.0,0.7,1.0,1.0,0.25,1.0,0.25
inter_1.0,0.9331241413476404,0.08418200232868751,1.0,0.9914968984523815,-0.6934113645435214,86,149,800,3,2,100,0.0,0,0.3,1.0,0.0,1.0,0.7,1.0,1.0,0.25,1.0,0.25
inter_1.0,0.9646163354307946,0.06709570467433805,1.0,0.9573295878437807,0.10860229611390923,87,150,800,3,2,100,0.0,0,0.3,1.0,0.0,1.0,0.7,1.0,1.0,0.25,1.0,0.25
inter_1.0,0.9600699962630602,0.07088884075466596,1.0,1.0068628799684851,-0.6600881493797731,88,151,800,3,2,100,0.0,0,0.3,1.0,0.0,1.0,0.7,1.0,1.0,0.25,1.0,0.25
inter_1.0,1.1360054750557451,0.07317337509959386,1.0,1.0438713319026989,1.2591211356267975,89,152,800,3,2,100,0.0,0,0.3,1.0,0.0,1.0,0.7,1.0,1.0,0.25,1.0,0.25
inter_1.0,0.96765865930813,0.06928518220153719,1.0,1.0296241597454674,-0.894354297244853,90,153,800,3,2,100,0.0,0,0.3,1.0,0.0,1.0,0.7,1.0,1.0,0.25,1.0,0.25
inter_1.0,1.0171053609054825,0.06100011978678554,1.0,1.0167647398367732,0.005583940980770758,91,154,800,3,2,100,0.0,0,0.3,1.0,0.0,1.0,0.7,1.0,1.0,0.25,1.0,0.25
inter_1.0,1.0063577042677687,0.06296652205706857,1.0,0.9800402032777354,0.41796021330479205,92,155,800,3,2,100,0.0,0,0.3,1.0,0.0,1.0,0.7,1.0,1.0,0.25,1.0,0.25
inter_1.0,0.9439396578638461,0.0700454601723834,1.0,0.9661152204588177,-0.316588149187642,93,156,800,3,2,100,0.0,0,0.3,1.0,0.0,1.0,0.7,1.0,1.0,0.25,1.0,0.25
inter_1.0,1.0558485242258624,0.06811314325487183,1.0,1.0309972487820176,0.3648528647526085,94,157,800,3,2,100,0.0,0,0.3,1.0,0.0,1.0,0.7,1.0,1.0,0.25,1.0,0.25
inter_1.0,0.8789650252631614,0.07054390120819022,1.0,0.9776961219705876,-1.399569559047344,95,158,800,3,2,100,0.0,0,0.3,1.0,0.0,1.0,0.7,1.0,1.0,0.25,1.0,0.25
inter_1.0,0.9836848955905099,0.0729003231409185,1.0,1.0483253689725447,-0.8866966646647486,96,159,800,3,2,100,0.0,0,0.3,1.0,0.0,1.0,0.7,1.0,1.0,0.25,1.0,0.25
inter_1.0,0.9649744108521641,0.07156345583993666,1.0,0.9846245508138479,-0.2745834411020423,97,160,800,3,2,100,0.0,0,0.3,1.0,0.0,1.0,0.7,1.0,1.0,0.25,1.0,0.25
inter_1.0,1.0246745314184955,0.07484542788215853,1.0,1.0164232172932268,0.11024473182597198,98,161,800,3,2,100,0.0,0,0.3,1.0,0.0,1.0,0.7,1.0,1.0,0.25,1.0,0.25
inter_1.0,1.0950178562557409,0.06498638011583856,1.0,1.0476746337981424,0.7285099181275975,99,162,800,3,2,100,0.0,0,0.3,1.0,0.0,1.0,0.7,1.0,1.0,0.25,1.0,0.25
hete_0.15,0.8978071153073458,0.03827704462551326,1.0,0.9998912793002688,-2.666981345912991,0,64,800,3,2,100,0.0,0,0.3,0.0,0.15,1.0,0.7,1.0,1.0,0.25,1.0,0.25
hete_0.15,0.940838278035459,0.03645166622578065,1.0,0.9908048762479575,-1.3707630785107794,1,65,800,3,2,100,0.0,0,0.3,0.0,0.15,1.0,0.7,1.0,1.0,0.25,1.0,0.25
hete_0.15,0.9290362349554349,0.03373046749429505,1.0,0.9945506200667754,-1.94229104955101,2,66,800,3,2,100,0.0,0,0.3,0.0,0.15,1.0,0.7,1.0,1.0,0.25,1.0,0.25
hete_0.15,1.0434625419434385,0.03707728270521138,1.0,1.001062019533325,1.1435714625374582,3,67,800,3,2,100,0.0,0,0.3,0.0,0.15,1.0,0.7,1.0,1.0,0.25,1.0,0.25
hete_0.15,0.9909541055325475,0.03575647321879776,1.0,0.9931130526485887,-0.06037919631587884,4,68,800,3,2,100,0.0,0,0.3,0.0,0.15,1.0,0.7,1.0,1.0,0.25,1.0,0.25
hete_0.15,0.9524558651634932,0.039374654768008194,1.0,1.000847696564862,-1.22900966843999,5,69,800,3,2,100,0.0,0,0.3,0.0,0.15,1.0,0.7,1.0,1.0,0.25,1.0,0.25
hete_0.15,1.053235797052533,0.04275349699095397,1.0,1.0042415535482094,1.1459704340604013,6,70,800,3,2,100,0.0,0,0.3,0.0,0.15,1.0,0.7,1.0,1.0,0.25,1.0,0.25
hete_0.15,0.9610220627155661,0.03694077763455714,1.0,0.9951955802424248,-0.9250892838511952,7,71,800,3,2,100,0.0,0,0.3,0.0,0.15,1.0,0.7,1.0,1.0,0.25,1.0,0.25
hete_0.15,1.0465581588818365,0.03520937025291256,1.0,0.9902275361204975,1.5998758954423273,8,72,800,3,2,100,0.0,0,0.3,0.0,0.15,1.0,0.7,1.0,1.0,0.25,1.0,0.25
hete_0.15,0.9939354444644539,0.03691716095448299,1.0,0.9946144516349139,-0.018392724491928577,9,73,800,3,2,100,0.0,0,0.3,0.0,0.15,1.0,0.7,1.0,1.0,0.25,1.0,0.25
hete_0.15,0.9746114083357953,0.035809234860589956,1.0,0.9944948240625076,-0.5552594408710771,10,74,800,3,2,100,0.0,0,0.3,0.0,0.15,1.0,0.7,1.0,1.0,0.25,1.0,0.25
hete_0.15,0.9818493235072189,0.03264299429256655,1.0,1.0067525437253058,-0.7628963199542586,11,75,800,3,2,100,0.0,0,0.3,0.0,0.15,1.0,0.7,1.0,1.0,0.25,1.0,0.25
hete_0.15,0.9747805978042027,0.03960834885338687,1.0,0.9949219069545887,-0.5085117086031666,12,76,800,3,2,100,0.0,0,0.3,0.0,0.15,1.0,0.7,1.0,1.0,0.25,1.0,0.25
hete_0.15,1.0853716607675914,0.03779386122154614,1.0,0.9918373080527079,2.474855695918149,13,77,800,3,2,100,0.0,0,0.3,0.0,0.15,1.0,0.7,1.0,1.0,0.25,1.0,0.25
hete_0.15,0.9589972917754338,0.03928861577536762,1.0,1.0004431049899247,-1.054906425094156,14,78,800,3,2,100,0.0,0,0.3,0.0,0.15,1.0,0.7,1.0,1.0,0.25,1.0,0.25
hete_0.15,0.9160072458530638,0.03957760886233775,1.0,0.9938745403253287,-1.9674582853933813,15,79,800,3,2,100,0.0,0,0.3,0.0,0.15,1.0,0.7,1.0,1.0,0.25,1.0,0.25
hete_0.15,0.9869724451426866,0.039267848191223975,1.0,1.0003366373272724,-0.3403342123435382,16,80,800,3,2,100,0.0,0,0.3,0.0,0.15,1.0,0.7,1.0,1.0,0.25,1.0,0.25
hete_0.15,0.9825531071281375,0.03715970101641078,1.0,0.9929868625284013,-0.2807814679578818,17,81,800,3,2,100,0.0,0,0.3,0.0,0.15,1.0,0.7,1.0,1.0,0.25,1.0,0.25
hete_0.15,1.0300962284953834,0.03769191571350187,1.0,1.0008982343896529,0.7746487158590174,18,82,800,3,2,100,0.0,0,0.3,0.0,0.15,1.0,0.7,1.0,1.0,0.25,1.0,0.25
hete_0.15,0.9466906738670445,0.0352358894133435,1.0,1.0010645663413484,-1.5431394915694403,19,83,800,3,2,100,0.0,0,0.3,0.0,0.15,1.0,0.7,1.0,1.0,0.25,1.0,0.25
hete_0.15,0.9595204354334965,0.03742588083823625,1.0,0.9949730694611222,-0.9472758752388637,20,84,800,3,2,100,0.0,0,0.3,0.0,0.15,1.0,0.7,1.0,1.0,0.25,1.0,0.25
hete_0.15,0.9246076079210686,0.03952700033533468,1.0,1.015399085059569,-2.2969483231273338,21,85,800,3,2,100,0.0,0,0.3,0.0,0.15,1.0,0.7,1.0,1.0,0.25,1.0,0.25
hete_0.15,1.0072260738398435,0.03597256199203442,1.0,1.0052241186954,0.05565228144958815,22,86,800,3,2,100,0.0,0,0.3,0.0,0.15,1.0,0.7,1.0,1.0,0.25,1.0,0.25
hete_0.15,0.988995843777708,0.03857913065036313,1.0,1.0103843970451265,-0.5544073416599186,23,87,800,3,2,100,0.0,0,0.3,0.0,0.15,1.0,0.7,1.0,1.0,0.25,1.0,0.25
hete_0.15,0.9815968129579533,0.04056432580618143,1.0,1.0033315942331122,-0.5358102431927232,24,88,800,3,2,100,0.0,0,0.3,0.0,0.15,1.0,0.7,1.0,1.0,0.25,1.0,0.25
hete_0.15,0.9548515141665792,0.03790545216277976,1.0,0.9995029763491001,-1.177969385268677,25,89,800,3,2,100,0.0,0,0.3,0.0,0.15,1.0,0.7,1.0,1.0,0.25,1.0,0.25
hete_0.15,0.9351250945274459,0.03832155979883031,1.0,0.9945551445362066,-1.5508254444949487,26,90,800,3,2,100,0.0,0,0.3,0.0,0.15,1.0,0.7,1.0,1.0,0.25,1.0,0.25
hete_0.15,0.976901006802151,0.0356331178725288,1.0,1.0006602503631539,-0.6667741971386676,27,91,800,3,2,100,0.0,0,0.3,0.0,0.15,1.0,0.7,1.0,1.0,0.25,1.0,0.25
hete_0.15,0.9612578901931614,0.04081600030528809,1.0,0.9985418851219969,-0.9134651766455668,28,92,800,3,2,100,0.0,0,0.3,0.0,0.15,1.0,0.7,1.0,1.0,0.25,1.0,0.25
hete_0.15,1.0279988034998284,0.0390246968970908,1.0,0.9900383066501343,0.9727300880721004,29,93,800,3,2,100,0.0,0,0.3,0.0,0.15,1.0,0.7,1.0,1.0,0.25,1.0,0.25
hete_0.15,0.9210888083283422,0.03807179872382337,1.0,0.9960209628621135,-1.9681800452176337,30,94,800,3,2,100,0.0,0,0.3,0.0,0.15,1.0,0.7,1.0,1.0,0.25,1.0,0.25
hete_0.15,1.0502990623995525,0.03846844545026353,1.0,1.000263517536398,1.300690586206458,31,95,800,3,2,100,0.0,0,0.3,0.0,0.15,1.0,0.7,1.0,1.0,0.25,1.0,0.25
hete_0.15,0.9534717918384875,0.04137586719500052,1.0,0.9941334011631704,-0.9827373317167852,32,96,800,3,2,100,0.0,0,0.3,0.0,0.15,1.0,0.7,1.0,1.0,0.25,1.0,0.25
hete_0.15,0.954690586700042,0.03873154728756964,1.0,0.9987645887755191,-1.1379354857228237,33,97,800,3,2,100,0.0,0,0.3,0.0,0.15,1.0,0.7,1.0,1.0,0.25,1.0,0.25
hete_0.15,0.9490847879539815,0.037417734865579234,1.0,1.0140571690138693,-1.736406046311911,34,98,800,3,2,100,0.0,0,0.3,0.0,0.15,1.0,0.7,1.0,1.0,0.25,1.0,0.25
hete_0.15,1.0197836848352682,0.03333288878145623,1.0,0.998347029383761,0.6431082403944791,35,99,800,3,2,100,0.0,0,0.3,0.0,0.15,1.0,0.7,1.0,1.0,0.25,1.0,0.25
hete_0.15,0.9976759884921077,0.03541304026438079,1.0,1.0076600950218755,-0.28193305220986664,36,100,800,3,2,100,0.0,0,0.3,0.0,0.15,1.0,0.7,1.0,1.0,0.25,1.0,0.25
hete_0.15,0.9314797003571904,0.03598156779864428,1.0,0.9905039335538004,-1.6404019282015252,37,101,800,3,2,100,0.0,0,0.3,0.0,0.15,1.0,0.7,1.0,1.0,0.25,1.0,0.25
hete_0.15,0.9496129325751766,0.036806894837134944,1.0,0.9970789074405869,-1.2895946554426874,38,102,800,3,2,100,0.0,0,0.3,0.0,0.15,1.0,0.7,1.0,1.0,0.25,1.0,0.25
hete_0.15,0.988122324328945,0.03755131459578475,1.0,1.0001847698683841,-0.32122565266445247,39,103,800,3,2,100,0.0,0,0.3,0.0,0.15,1.0,0.7,1.0,1.0,0.25,1.0,0.25
hete_0.15,0.9695527773181458,0.03987422238644549,1.0,0.9950214984766822,-0.6387264662293203,40,104,800,3,2,100,0.0,0,0.3,0.0,0.15,1.0,0.7,1.0,1.0,0.25,1.0,0.25
hete_0.15,0.9632033994223719,0.03864324137825242,1.0,1.0030677407076003,-1.0315993137072403,41,105,800,3,2,100,0.0,0,0.3,0.0,0.15,1.0,0.7,1.0,1.0,0.25,1.0,0.25
hete_0.15,1.0420264382326985,0.04002303840173375,1.0,0.9999581934999164,1.0511007262996728,42,106,800,3,2,100,0.0,0,0.3,0.0,0.15,1.0,0.7,1.0,1.0,0.25,1.0,0.25
hete_0.15,0.9988750447821978,0.03775046846442706,1.0,1.007231353205244,-0.22135641656792765,43,107,800,3,2,100,0.0,0,0.3,0.0,0.15,1.0,0.7,1.0,1.0,0.25,1.0,0.25
hete_0.15,1.002381549926774,0.03217958519448265,1.0,1.00086854380191,0.04701757700479804,44,108,800,3,2,100,0.0,0,0.3,0.0,0.15,1.0,0.7,1.0,1.0,0.25,1.0,0.25
hete_0.15,1.04417995751131,0.03958061614871023,1.0,1.0059248411172736,0.9665113915939612,45,109,800,3,2,100,0.0,0,0.3,0.0,0.15,1.0,0.7,1.0,1.0,0.25,1.0,0.25
hete_0.15,0.9320288427000326,0.034639960637523295,1.0,1.0028326072199059,-2.043990905785729,46,110,800,3,2,100,0.0,0,0.3,0.0,0.15,1.0,0.7,1.0,1.0,0.25,1.0,0.25
hete_0.15,0.998528303274572,0.03671196017524922,1.0,1.0024571150660262,-0.10701721653378159,47,111,800,3,2,100,0.0,0,0.3,0.0,0.15,1.0,0.7,1.0,1.0,0.25,1.0,0.25
hete_0.15,0.8871360621312341,0.03967279204457387,1.0,0.997377405305921,-2.778764425020216,48,112,800,3,2,100,0.0,0,0.3,0.0,0.15,1.0,0.7,1.0,1.0,0.25,1.0,0.25
hete_0.15,0.9879595551612896,0.034372827321084404,1.0,1.0026893825188106,-0.4285311539817851,49,113,800,3,2,100,0.0,0,0.3,0.0,0.15,1.0,0.7,1.0,1.0,0.25,1.0,0.25
hete_0.15,0.9252627798448827,0.03572515825497035,1.0,1.011087178031583,-2.402351798532897,50,114,800,3,2,100,0.0,0,0.3,0.0,0.15,1.0,0.7,1.0,1.0,0.25,1.0,0.25
hete_0.15,0.921161891167907,0.03448464761409171,1.0,0.9968499666386372,-2.194833953872309,51,115,800,3,2,100,0.0,0,0.3,0.0,0.15,1.0,0.7,1.0,1.0,0.25,1.0,0.25
hete_0.15,0.9729315633120084,0.03621480184413865,1.0,0.9940634565878891,-0.5835153638787867,52,116,800,3,2,100,0.0,0,0.3,0.0,0.15,1.0,0.7,1.0,1.0,0.25,1.0,0.25
hete_0.15,0.9632652198361547,0.03687142054431207,1.0,1.006992423777144,-1.1859375987002705,53,117,800,3,2,100,0.0,0,0.3,0.0,0.15,1.0,0.7,1.0,1.0,0.25,1.0,0.25
hete_0.15,0.9431905393641998,0.0358802404495496,1.0,1.0066566926731835,-1.7688329987147655,54,118,800,3,2,100,0.0,0,0.3,0.0,0.15,1.0,0.7,1.0,1.0,0.25,1.0,0.25
hete_0.15,0.9441035783859579,0.03704794735343881,1.0,1.001287628138889,-1.5435146570306049,55,119,800,3,2,100,0.0,0,0.3,0.0,0.15,1.0,0.7,1.0,1.0,0.25,1.0,0.25
hete_0.15,1.0503073227624697,0.038660614037895016,1.0,0.9893298244350316,1.5772511597376129,56,120,800,3,2,100,0.0,0,0.3,0.0,0.15,1.0,0.7,1.0,1.0,0.25,1.0,0.25
hete_0.15,0.9102839413875983,0.03475349635271042,1.0,0.9927982513216407,-2.374273629812994,57,121,800,3,2,100,0.0,0,0.3,0.0,0.15,1.0,0.7,1.0,1.0,0.25,1.0,0.25
hete_0.15,0.8835913072997351,0.0379109759852777,1.0,0.9923738129563625,-2.8694198139048663,58,122,800,3,2,100,0.0,0,0.3,0.0,0.15,1.0,0.7,1.0,1.0,0.25,1.0,0.25
hete_0.15,1.0408263274859195,0.035743795361894926,1.0,0.998977830922221,1.170790514549318,59,123,800,3,2,100,0.0,0,0.3,0.0,0.15,1.0,0.7,1.0,1.0,0.25,1.0,0.25
hete_0.15,0.9752326003823069,0.03593299869193502,1.0,1.0037154607572714,-0.7926658339638473,60,124,800,3,2,100,0.0,0,0.3,0.0,0.15,1.0,0.7,1.0,1.0,0.25,1.0,0.25
hete_0.15,0.9867019425231551,0.036001075761145224,1.0,0.9885354495554349,-0.05092922901650194,61,125,800,3,2,100,0.0,0,0.3,0.0,0.15,1.0,0.7,1.0,1.0,0.25,1.0,0.25
hete_0.15,0.9557035712376802,0.03811467802429021,1.0,1.005225303478615,-1.299282449910107,62,126,800,3,2,100,0.0,0,0.3,0.0,0.15,1.0,0.7,1.0,1.0,0.25,1.0,0.25
hete_0.15,1.0014189569025327,0.034592953253836364,1.0,0.9997012056757677,0.049656102332763,63,127,800,3,2,100,0.0,0,0.3,0.0,0.15,1.0,0.7,1.0,1.0,0.25,1.0,0.25
hete_0.15,0.9627122046868706,0.03459798118840415,1.0,0.9962353928725246,-0.968934805851899,64,128,800,3,2,100,0.0,0,0.3,0.0,0.15,1.0,0.7,1.0,1.0,0.25,1.0,0.25
hete_0.15,0.9659312606115864,0.03613268588042009,1.0,1.001072358794401,-0.9725570443092141,65,129,800,3,2,100,0.0,0,0.3,0.0,0.15,1.0,0.7,1.0,1.0,0.25,1.0,0.25
hete_0.15,0.9920055084526301,0.03483287174983581,1.0,1.004856674852293,-0.3689378955590518,66,130,800,3,2,100,0.0,0,0.3,0.0,0.15,1.0,0.7,1.0,1.0,0.25,1.0,0.25
hete_0.15,0.9231139879448816,0.03710954043023698,1.0,0.9954697884184702,-1.949789720775761,67,131,800,3,2,100,0.0,0,0.3,0.0,0.15,1.0,0.7,1.0,1.0,0.25,1.0,0.25
hete_0.15,0.9527377333377102,0.04310982176667825,1.0,1.0055417152583863,-1.224871264986092,68,132,800,3,2,100,0.0,0,0.3,0.0,0.15,1.0,0.7,1.0,1.0,0.25,1.0,0.25
hete_0.15,1.0005462541754373,0.03496656584935342,1.0,1.0015038097420634,-0.027384890204876677,69,133,800,3,2,100,0.0,0,0.3,0.0,0.15,1.0,0.7,1.0,1.0,0.25,1.0,0.25
hete_0.15,1.0011716732376994,0.03408497228175294,1.0,1.0085857476010758,-0.21751739453065158,70,134,800,3,2,100,0.0,0,0.3,0.0,0.15,1.0,0.7,1.0,1.0,0.25,1.0,0.25
hete_0.15,0.9812650958959493,0.033316039049043546,1.0,0.9998929158572196,-0.5591246886776912,71,135,800,3,2,100,0.0,0,0.3,0.0,0.15,1.0,0.7,1.0,1.0,0.25,1.0,0.25
hete_0.15,0.9446755741655841,0.03970346274497012,1.0,0.9934682654935117,-1.2289278555208383,72,136,800,3,2,100,0.0,0,0.3,0.0,0.15,1.0,0.7,1.0,1.0,0.25,1.0,0.25
hete_0.15,0.9534691771506048,0.03570127022128254,1.0,0.9987209825934356,-1.2675124767929102,73,137,800,3,2,100,0.0,0,0.3,0.0,0.15,1.0,0.7,1.0,1.0,0.25,1.0,0.25
hete_0.15,1.0550076923027567,0.036502684878301175,1.0,1.0025822088416532,1.4362089702685839,74,138,800,3,2,100,0.0,0,0.3,0.0,0.15,1.0,0.7,1.0,1.0,0.25,1.0,0.25
hete_0.15,0.9280485647163901,0.036226084904187564,1.0,1.0044059160087777,-2.107800263107126,75,139,800,3,2,100,0.0,0,0.3,0.0,0.15,1.0,0.7,1.0,1.0,0.25,1.0,0.25
hete_0.15,0.9929731006833468,0.038696715823253645,1.0,1.000371841580515,-0.19119816087137126,76,140,800,3,2,100,0.0,0,0.3,0.0,0.15,1.0,0.7,1.0,1.0,0.25,1.0,0.25
hete_0.15,0.9480672739635346,0.03879351744359778,1.0,0.997701750399752,-1.2794528495226374,77,141,800,3,2,100,0.0,0,0.3,0.0,0.15,1.0,0.7,1.0,1.0,0.25,1.0,0.25
hete_0.15,1.0355490415159514,0.03700940140715443,1.0,0.9981758304750886,1.009830195028175,78,142,800,3,2,100,0.0,0,0.3,0.0,0.15,1.0,0.7,1.0,1.0,0.25,1.0,0.25
hete_0.15,0.9936395504510153,0.035775730487352546,1.0,1.0049218138808194,-0.315360812375099,79,143,800,3,2,100,0.0,0,0.3,0.0,0.15,1.0,0.7,1.0,1.0,0.25,1.0,0.25
hete_0.15,0.9770152160108234,0.03651598403880283,1.0,0.994199297871821,-0.4705906827743537,80,144,800,3,2,100,0.0,0,0.3,0.0,0.15,1.0,0.7,1.0,1.0,0.25,1.0,0.25
hete_0.15,1.020156037355974,0.037087472652807756,1.0,1.0113937183380686,0.23626088248000365,81,145,800,3,2,100,0.0,0,0.3,0.0,0.15,1.0,0.7,1.0,1.0,0.25,1.0,0.25
hete_0.15,1.010144962450829,0.036713449254390504,1.0,1.0075072851006686,0.07184498879099381,82,146,800,3,2,100,0.0,0,0.3,0.0,0.15,1.0,0.7,1.0,1.0,0.25,1.0,0.25
hete_0.15,0.9892743093459289,0.035183274399677666,1.0,0.999183805014908,-0.28165359359133235,83,147,800,3,2,100,0.0,0,0.3,0.0,0.15,1.0,0.7,1.0,1.0,0.25,1.0,0.25
hete_0.15,0.9927507201454402,0.03482700540999714,1.0,1.0016246485814844,-0.2548002141320167,84,148,800,3,2,100,0.0,0,0.3,0.0,0.15,1.0,0.7,1.0,1.0,0.25,1.0,0.25
hete_0.15,0.9924770455716234,0.042547595094125944,1.0,0.9987245347678573,-0.14683530719921645,85,149,800,3,2,100,0.0,0,0.3,0.0,0.15,1.0,0.7,1.0,1.0,0.25,1.0,0.25
hete_0.15,0.9738333053975307,0.03637170244311984,1.0,0.9935994381765672,-0.5434481052941613,86,150,800,3,2,100,0.0,0,0.3,0.0,0.15,1.0,0.7,1.0,1.0,0.25,1.0,0.25
hete_0.15,0.9778748962076257,0.03742856084231427,1.0,1.0010294319952728,-0.6186328105212678,87,151,800,3,2,100,0.0,0,0.3,0.0,0.15,1.0,0.7,1.0,1.0,0.25,1.0,0.25
hete_0.15,1.0014534191101458,0.0368825176443454,1.0,1.0065806997854048,-0.13901655859561418,88,152,800,3,2,100,0.0,0,0.3,0.0,0.15,1.0,0.7,1.0,1.0,0.25,1.0,0.25
hete_0.15,0.9672905115038094,0.038318418584382744,1.0,1.0044436239618202,-0.9695888773748378,89,153,800,3,2,100,0.0,0,0.3,0.0,0.15,1.0,0.7,1.0,1.0,0.25,1.0,0.25
hete_0.15,0.9880438573902824,0.03379318496501988,1.0,1.002514710975516,-0.4282181037452551,90,154,800,3,2,100,0.0,0,0.3,0.0,0.15,1.0,0.7,1.0,1.0,0.25,1.0,0.25
hete_0.15,0.9646805211809262,0.034569962273570856,1.0,0.9970060304916604,-0.9350750531610335,91,155,800,3,2,100,0.0,0,0.3,0.0,0.15,1.0,0.7,1.0,1.0,0.25,1.0,0.25
hete_0.15,0.9253388760571793,0.03455687954064886,1.0,0.9949172830688227,-2.013445887954062,92,156,800,3,2,100,0.0,0,0.3,0.0,0.15,1.0,0.7,1.0,1.0,0.25,1.0,0.25
hete_0.15,0.9939192695009216,0.038959431638082166,1.0,1.0046495873173027,-0.27542285308629655,93,157,800,3,2,100,0.0,0,0.3,0.0,0.15,1.0,0.7,1.0,1.0,0.25,1.0,0.25
hete_0.15,0.9886265407632256,0.037081544010498645,1.0,0.9966544182955882,-0.21649253682882463,94,158,800,3,2,100,0.0,0,0.3,0.0,0.15,1.0,0.7,1.0,1.0,0.25,1.0,0.25
hete_0.15,0.9572196428890767,0.03698378121255617,1.0,1.007248805345882,-1.352732490203573,95,159,800,3,2,100,0.0,0,0.3,0.0,0.15,1.0,0.7,1.0,1.0,0.25,1.0,0.25
hete_0.15,0.9611136471414957,0.03960661777660337,1.0,0.9976936826220772,-0.9235839244569447,96,160,800,3,2,100,0.0,0,0.3,0.0,0.15,1.0,0.7,1.0,1.0,0.25,1.0,0.25
hete_0.15,1.0205967666549962,0.037596583723332085,1.0,1.002463482593984,0.482312015220651,97,161,800,3,2,100,0.0,0,0.3,0.0,0.15,1.0,0.7,1.0,1.0,0.25,1.0,0.25
hete_0.15,0.9831546155998413,0.03682106235005537,1.0,1.0071511950697214,-0.6517079611051476,98,162,800,3,2,100,0.0,0,0.3,0.0,0.15,1.0,0.7,1.0,1.0,0.25,1.0,0.25
hete_0.15,0.902047223998226,0.036762741351365834,1.0,0.9958219622611341,-2.5508091838593008,99,163,800,3,2,100,0.0,0,0.3,0.0,0.15,1.0,0.7,1.0,1.0,0.25,1.0,0.25
hete_0.3,0.9271674649575561,0.03977510355209576,1.0,0.981609752495915,-1.3687528799781168,0,65,800,3,2,100,0.0,0,0.3,0.0,0.3,1.0,0.7,1.0,1.0,0.25,1.0,0.25
hete_0.3,0.9252161048565644,0.036185250386773476,1.0,0.9891012401335506,-1.7655020925414877,1,66,800,3,2,100,0.0,0,0.3,0.0,0.3,1.0,0.7,1.0,1.0,0.25,1.0,0.25
hete_0.3,1.0440726030591678,0.04017337357974473,1.0,1.0021240390666502,1.044188233513652,2,67,800,3,2,100,0.0,0,0.3,0.0,0.3,1.0,0.7,1.0,1.0,0.25,1.0,0.25
hete_0.3,0.9841363370247841,0.03969855415400078,1.0,0.9862261052971778,-0.05264091644967644,3,68,800,3,2,100,0.0,0,0.3,0.0,0.3,1.0,0.7,1.0,1.0,0.25,1.0,0.25
hete_0.3,0.9400837049268392,0.042201220691255224,1.0,1.0016953931297243,-1.4599503804318161,4,69,800,3,2,100,0.0,0,0.3,0.0,0.3,1.0,0.7,1.0,1.0,0.25,1.0,0.25
hete_0.3,1.0674525829126018,0.04615878145790213,1.0,1.008483107096419,1.2775353671319127,5,70,800,3,2,100,0.0,0,0.3,0.0,0.3,1.0,0.7,1.0,1.0,0.25,1.0,0.25
hete_0.3,0.9647771013987354,0.040144980098431336,1.0,0.9903911604848497,-0.6380389035767667,6,71,800,3,2,100,0.0,0,0.3,0.0,0.3,1.0,0.7,1.0,1.0,0.25,1.0,0.25
hete_0.3,1.0222769753068295,0.03729696310338586,1.0,0.980455072240995,1.1213219411431867,7,72,800,3,2,100,0.0,0,0.3,0.0,0.3,1.0,0.7,1.0,1.0,0.25,1.0,0.25
hete_0.3,0.982974456588269,0.03992826485524371,1.0,0.9892289032698278,-0.15664208560611792,8,73,800,3,2,100,0.0,0,0.3,0.0,0.3,1.0,0.7,1.0,1.0,0.25,1.0,0.25
hete_0.3,0.9667406548601395,0.03989669393612532,1.0,0.988989648125015,-0.5576650862474014,9,74,800,3,2,100,0.0,0,0.3,0.0,0.3,1.0,0.7,1.0,1.0,0.25,1.0,0.25
hete_0.3,1.0040968347572083,0.034531574297268025,1.0,1.0135050874506115,-0.27245362787144956,10,75,800,3,2,100,0.0,0,0.3,0.0,0.3,1.0,0.7,1.0,1.0,0.25,1.0,0.25
hete_0.3,0.9760038602280954,0.04275885779638449,1.0,0.9898438139091776,-0.3236745412374535,11,76,800,3,2,100,0.0,0,0.3,0.0,0.3,1.0,0.7,1.0,1.0,0.25,1.0,0.25
hete_0.3,1.0766654535156872,0.04107148106344215,1.0,0.9836746161054154,2.2641218432476555,12,77,800,3,2,100,0.0,0,0.3,0.0,0.3,1.0,0.7,1.0,1.0,0.25,1.0,0.25
hete_0.3,0.9713604227089775,0.04292978813546007,1.0,1.000886209979849,-0.6877692286229378,13,78,800,3,2,100,0.0,0,0.3,0.0,0.3,1.0,0.7,1.0,1.0,0.25,1.0,0.25
hete_0.3,0.9115076274840692,0.042365620104490194,1.0,0.9877490806506576,-1.799606685292157,14,79,800,3,2,100,0.0,0,0.3,0.0,0.3,1.0,0.7,1.0,1.0,0.25,1.0,0.25
hete_0.3,0.9935167198107396,0.04195791951144556,1.0,1.000673274654545,-0.17056505487249393,15,80,800,3,2,100,0.0,0,0.3,0.0,0.3,1.0,0.7,1.0,1.0,0.25,1.0,0.25
hete_0.3,0.9608345793926243,0.04131756482033892,1.0,0.9859737250568024,-0.6084372535867147,16,81,800,3,2,100,0.0,0,0.3,0.0,0.3,1.0,0.7,1.0,1.0,0.25,1.0,0.25
hete_0.3,1.0592896708344535,0.04261176324125659,1.0,1.0017964687793057,1.3492331150353098,17,82,800,3,2,100,0.0,0,0.3,0.0,0.3,1.0,0.7,1.0,1.0,0.25,1.0,0.25
hete_0.3,0.9551344261293176,0.038602404153700184,1.0,1.0021291326826967,-1.2174036198953786,18,83,800,3,2,100,0.0,0,0.3,0.0,0.3,1.0,0.7,1.0,1.0,0.25,1.0,0.25
hete_0.3,0.9562223364212444,0.04207403305311495,1.0,0.9899461389222445,-0.8015348197884088,19,84,800,3,2,100,0.0,0,0.3,0.0,0.3,1.0,0.7,1.0,1.0,0.25,1.0,0.25
hete_0.3,0.9138128258474428,0.04238929225883526,1.0,1.0307981701191382,-2.7597852674058734,20,85,800,3,2,100,0.0,0,0.3,0.0,0.3,1.0,0.7,1.0,1.0,0.25,1.0,0.25
hete_0.3,1.0249525984210193,0.039448844341993354,1.0,1.0104482373908,0.3676751821796573,21,86,800,3,2,100,0.0,0,0.3,0.0,0.3,1.0,0.7,1.0,1.0,0.25,1.0,0.25
hete_0.3,0.9914107096224298,0.04382904986435991,1.0,1.020768794090253,-0.669831642681719,22,87,800,3,2,100,0.0,0,0.3,0.0,0.3,1.0,0.7,1.0,1.0,0.25,1.0,0.25
hete_0.3,0.984302358565429,0.0450241105447575,1.0,1.0066631884662245,-0.49664123577892877,23,88,800,3,2,100,0.0,0,0.3,0.0,0.3,1.0,0.7,1.0,1.0,0.25,1.0,0.25
hete_0.3,0.9531837673886498,0.04008805744106089,1.0,0.9990059526982005,-1.1430383070299748,24,89,800,3,2,100,0.0,0,0.3,0.0,0.3,1.0,0.7,1.0,1.0,0.25,1.0,0.25
hete_0.3,0.9218010161271308,0.04225540854584149,1.0,0.9891102890724132,-1.5929149725829945,25,90,800,3,2,100,0.0,0,0.3,0.0,0.3,1.0,0.7,1.0,1.0,0.25,1.0,0.25
hete_0.3,0.9759125851039316,0.037634632418652364,1.0,1.0013205007263075,-0.6751206000827918,26,91,800,3,2,100,0.0,0,0.3,0.0,0.3,1.0,0.7,1.0,1.0,0.25,1.0,0.25
hete_0.3,0.9459340392523718,0.04494757319804577,1.0,0.997083770243994,-1.1379864885307314,27,92,800,3,2,100,0.0,0,0.3,0.0,0.3,1.0,0.7,1.0,1.0,0.25,1.0,0.25
hete_0.3,1.0351689282049368,0.04341653431918695,1.0,0.9800766133002685,1.2689247487983275,28,93,800,3,2,100,0.0,0,0.3,0.0,0.3,1.0,0.7,1.0,1.0,0.25,1.0,0.25
hete_0.3,0.9234477035422529,0.040865147625947035,1.0,0.9920419257242269,-1.6785507007056684,29,94,800,3,2,100,0.0,0,0.3,0.0,0.3,1.0,0.7,1.0,1.0,0.25,1.0,0.25
hete_0.3,1.0541953951487288,0.04293594909463844,1.0,1.0005270350727957,1.2499632873524829,30,95,800,3,2,100,0.0,0,0.3,0.0,0.3,1.0,0.7,1.0,1.0,0.25,1.0,0.25
hete_0.3,0.9464078867011044,0.04491694184527377,1.0,0.9882668023263408,-0.9319182006964889,31,96,800,3,2,100,0.0,0,0.3,0.0,0.3,1.0,0.7,1.0,1.0,0.25,1.0,0.25
hete_0.3,0.967204713838379,0.04221732992963787,1.0,0.9975291775510384,-0.7182942114814014,32,97,800,3,2,100,0.0,0,0.3,0.0,0.3,1.0,0.7,1.0,1.0,0.25,1.0,0.25
hete_0.3,0.9678408274300214,0.04346472040484176,1.0,1.0281143380277387,-1.386722611725418,33,98,800,3,2,100,0.0,0,0.3,0.0,0.3,1.0,0.7,1.0,1.0,0.25,1.0,0.25
hete_0.3,1.0088136407200408,0.03708618057943837,1.0,0.9966940587675223,0.32679509626391506,34,99,800,3,2,100,0.0,0,0.3,0.0,0.3,1.0,0.7,1.0,1.0,0.25,1.0,0.25
hete_0.3,1.0024749164846374,0.0377526783988399,1.0,1.0153201900437507,-0.3402480063376928,35,100,800,3,2,100,0.0,0,0.3,0.0,0.3,1.0,0.7,1.0,1.0,0.25,1.0,0.25
hete_0.3,0.9125031508911279,0.0401370237068024,1.0,0.9810078671076009,-1.7067712024911026,36,101,800,3,2,100,0.0,0,0.3,0.0,0.3,1.0,0.7,1.0,1.0,0.25,1.0,0.25
hete_0.3,0.943862126844947,0.04069871754734887,1.0,0.9941578148811737,-1.2358052309071599,37,102,800,3,2,100,0.0,0,0.3,0.0,0.3,1.0,0.7,1.0,1.0,0.25,1.0,0.25
hete_0.3,0.9932102850030435,0.039838965457182886,1.0,1.0003695397367687,-0.1797048354937726,38,103,800,3,2,100,0.0,0,0.3,0.0,0.3,1.0,0.7,1.0,1.0,0.25,1.0,0.25
hete_0.3,0.9726535331509425,0.042072361773172105,1.0,0.9900429969533644,-0.4133227389556837,39,104,800,3,2,100,0.0,0,0.3,0.0,0.3,1.0,0.7,1.0,1.0,0.25,1.0,0.25
hete_0.3,0.9649677768670062,0.041950740647503315,1.0,1.0061354814152006,-0.981334391545349,40,105,800,3,2,100,0.0,0,0.3,0.0,0.3,1.0,0.7,1.0,1.0,0.25,1.0,0.25
hete_0.3,1.0646624904870454,0.04801541065207675,1.0,0.999916386999833,1.3484442308817797,41,106,800,3,2,100,0.0,0,0.3,0.0,0.3,1.0,0.7,1.0,1.0,0.25,1.0,0.25
hete_0.3,0.9982784644794949,0.04028647069871394,1.0,1.0144627064104879,-0.40172895888618115,42,107,800,3,2,100,0.0,0,0.3,0.0,0.3,1.0,0.7,1.0,1.0,0.25,1.0,0.25
hete_0.3,0.9980164839782404,0.035062688933685714,1.0,1.00173708760382,-0.10611290059973692,43,108,800,3,2,100,0.0,0,0.3,0.0,0.3,1.0,0.7,1.0,1.0,0.25,1.0,0.25
hete_0.3,1.0386143069391733,0.04299536584239706,1.0,1.0118496822345475,0.6225002202035838,44,109,800,3,2,100,0.0,0,0.3,0.0,0.3,1.0,0.7,1.0,1.0,0.25,1.0,0.25
hete_0.3,0.9319911540153523,0.0394088885215649,1.0,1.0056652144398117,-1.8694782620967436,45,110,800,3,2,100,0.0,0,0.3,0.0,0.3,1.0,0.7,1.0,1.0,0.25,1.0,0.25
hete_0.3,0.9990664205683014,0.04109360981078501,1.0,1.0049142301320524,-0.14230459652187127,46,111,800,3,2,100,0.0,0,0.3,0.0,0.3,1.0,0.7,1.0,1.0,0.25,1.0,0.25
hete_0.3,0.8744716717041792,0.04433524925080231,1.0,0.9947548106118421,-2.7130362621224298,47,112,800,3,2,100,0.0,0,0.3,0.0,0.3,1.0,0.7,1.0,1.0,0.25,1.0,0.25
hete_0.3,0.9836639352930069,0.03744131825060593,1.0,1.0053787650376214,-0.5799696901500804,48,113,800,3,2,100,0.0,0,0.3,0.0,0.3,1.0,0.7,1.0,1.0,0.25,1.0,0.25
hete_0.3,0.9455356458144014,0.03945399541783241,1.0,1.0221743560631658,-1.9424828699129717,49,114,800,3,2,100,0.0,0,0.3,0.0,0.3,1.0,0.7,1.0,1.0,0.25,1.0,0.25
hete_0.3,0.9166119483162437,0.03787948629931603,1.0,0.9936999332772747,-2.0350852794543552,50,115,800,3,2,100,0.0,0,0.3,0.0,0.3,1.0,0.7,1.0,1.0,0.25,1.0,0.25
hete_0.3,0.9772636119393261,0.0389292688482455,1.0,0.9881269131757782,-0.2790522801442666,51,116,800,3,2,100,0.0,0,0.3,0.0,0.3,1.0,0.7,1.0,1.0,0.25,1.0,0.25
hete_0.3,0.9802280570502591,0.041802066877089886,1.0,1.0139848475542879,-0.8075387899666178,52,117,800,3,2,100,0.0,0,0.3,0.0,0.3,1.0,0.7,1.0,1.0,0.25,1.0,0.25
hete_0.3,0.9538631350681939,0.040634575323853464,1.0,1.0133133853463674,-1.4630459357421857,53,118,800,3,2,100,0.0,0,0.3,0.0,0.3,1.0,0.7,1.0,1.0,0.25,1.0,0.25
hete_0.3,0.9389452454201119,0.04111270318214478,1.0,1.0025752562777774,-1.5476970846640894,54,119,800,3,2,100,0.0,0,0.3,0.0,0.3,1.0,0.7,1.0,1.0,0.25,1.0,0.25
hete_0.3,1.0553483712215959,0.042064304402181625,1.0,0.978659648870063,1.8231306434620493,55,120,800,3,2,100,0.0,0,0.3,0.0,0.3,1.0,0.7,1.0,1.0,0.25,1.0,0.25
hete_0.3,0.8977589347174414,0.03884235050180223,1.0,0.9855965026432812,-2.2613865224702177,56,121,800,3,2,100,0.0,0,0.3,0.0,0.3,1.0,0.7,1.0,1.0,0.25,1.0,0.25
hete_0.3,0.8698817053288882,0.04082830504495971,1.0,0.9847476259127248,-2.813389398784677,57,122,800,3,2,100,0.0,0,0.3,0.0,0.3,1.0,0.7,1.0,1.0,0.25,1.0,0.25
hete_0.3,1.0330502730332909,0.03779826787639692,1.0,0.9979556618444421,0.9284714131242933,58,123,800,3,2,100,0.0,0,0.3,0.0,0.3,1.0,0.7,1.0,1.0,0.25,1.0,0.25
hete_0.3,0.9889974736591308,0.04018691208000828,1.0,1.0074309215145427,-0.4586928156787134,59,124,800,3,2,100,0.0,0,0.3,0.0,0.3,1.0,0.7,1.0,1.0,0.25,1.0,0.25
hete_0.3,0.9775345916359806,0.04027271494306103,1.0,0.97707089911087,0.011513813403595122,60,125,800,3,2,100,0.0,0,0.3,0.0,0.3,1.0,0.7,1.0,1.0,0.25,1.0,0.25
hete_0.3,0.9586660203910394,0.04119117840366407,1.0,1.01045060695723,-1.257176623079671,61,126,800,3,2,100,0.0,0,0.3,0.0,0.3,1.0,0.7,1.0,1.0,0.25,1.0,0.25
hete_0.3,0.9926169371124548,0.03836958276065091,1.0,0.9994024113515355,-0.17684514010507846,62,127,800,3,2,100,0.0,0,0.3,0.0,0.3,1.0,0.7,1.0,1.0,0.25,1.0,0.25
hete_0.3,0.9360452805905384,0.03895724708582619,1.0,0.9924707857450491,-1.448395597106758,63,128,800,3,2,100,0.0,0,0.3,0.0,0.3,1.0,0.7,1.0,1.0,0.25,1.0,0.25
hete_0.3,0.9546173548147409,0.03782159127369334,1.0,1.0021447175888019,-1.2566198611299169,64,129,800,3,2,100,0.0,0,0.3,0.0,0.3,1.0,0.7,1.0,1.0,0.25,1.0,0.25
hete_0.3,0.9902916341247867,0.03882364520374051,1.0,1.0097133497045858,-0.5002548183684693,65,130,800,3,2,100,0.0,0,0.3,0.0,0.3,1.0,0.7,1.0,1.0,0.25,1.0,0.25
hete_0.3,0.9172425848599248,0.03939193324098003,1.0,0.9909395768369403,-1.8708650709315124,66,131,800,3,2,100,0.0,0,0.3,0.0,0.3,1.0,0.7,1.0,1.0,0.25,1.0,0.25
hete_0.3,0.9484463273176701,0.04807618702229721,1.0,1.0110834305167729,-1.302871693423864,67,132,800,3,2,100,0.0,0,0.3,0.0,0.3,1.0,0.7,1.0,1.0,0.25,1.0,0.25
hete_0.3,1.0020245016143052,0.037277337175888756,1.0,1.0030076194841269,-0.026373071262652432,68,133,800,3,2,100,0.0,0,0.3,0.0,0.3,1.0,0.7,1.0,1.0,0.25,1.0,0.25
hete_0.3,0.998181376838401,0.03731366930748935,1.0,1.0171714952021516,-0.5089319468224734,69,134,800,3,2,100,0.0,0,0.3,0.0,0.3,1.0,0.7,1.0,1.0,0.25,1.0,0.25
hete_0.3,0.9779431583497294,0.03548326892465073,1.0,0.9997858317144389,-0.6155766936550496,70,135,800,3,2,100,0.0,0,0.3,0.0,0.3,1.0,0.7,1.0,1.0,0.25,1.0,0.25
hete_0.3,0.9511750658429716,0.04132748452414061,1.0,0.9869365309870236,-0.8653191830042947,71,136,800,3,2,100,0.0,0,0.3,0.0,0.3,1.0,0.7,1.0,1.0,0.25,1.0,0.25
hete_0.3,0.9513733215585567,0.039861405582577496,1.0,0.9974419651868712,-1.1557205009461602,72,137,800,3,2,100,0.0,0,0.3,0.0,0.3,1.0,0.7,1.0,1.0,0.25,1.0,0.25
hete_0.3,1.048445952879942,0.039495564701345486,1.0,1.0051644176833066,1.0958581178397708,73,138,800,3,2,100,0.0,0,0.3,0.0,0.3,1.0,0.7,1.0,1.0,0.25,1.0,0.25
hete_0.3,0.9385352559805274,0.04082427278253581,1.0,1.0088118320175556,-1.7214409773170967,74,139,800,3,2,100,0.0,0,0.3,0.0,0.3,1.0,0.7,1.0,1.0,0.25,1.0,0.25
hete_0.3,1.000077652807737,0.04207080045222214,1.0,1.0007436831610301,-0.015831178540313857,75,140,800,3,2,100,0.0,0,0.3,0.0,0.3,1.0,0.7,1.0,1.0,0.25,1.0,0.25
hete_0.3,0.9575331974813655,0.04314111335916893,1.0,0.9954035007995039,-0.877823968121809,76,141,800,3,2,100,0.0,0,0.3,0.0,0.3,1.0,0.7,1.0,1.0,0.25,1.0,0.25
hete_0.3,1.0324018269106956,0.03930008992165419,1.0,0.9963516609501772,0.9173049230265212,77,142,800,3,2,100,0.0,0,0.3,0.0,0.3,1.0,0.7,1.0,1.0,0.25,1.0,0.25
hete_0.3,0.9988745142787677,0.03766419991199094,1.0,1.0098436277616387,-0.291234474872751,78,143,800,3,2,100,0.0,0,0.3,0.0,0.3,1.0,0.7,1.0,1.0,0.25,1.0,0.25
hete_0.3,0.9876710121386015,0.0414761475684511,1.0,0.988398595743642,-0.017542217580349146,79,144,800,3,2,100,0.0,0,0.3,0.0,0.3,1.0,0.7,1.0,1.0,0.25,1.0,0.25
hete_0.3,1.0421681541743884,0.04236877545283097,1.0,1.0227874366761371,0.4574292575396167,80,145,800,3,2,100,0.0,0,0.3,0.0,0.3,1.0,0.7,1.0,1.0,0.25,1.0,0.25
hete_0.3,1.0104939283230137,0.040985267726443245,1.0,1.015014570201337,-0.1102991911263415,81,146,800,3,2,100,0.0,0,0.3,0.0,0.3,1.0,0.7,1.0,1.0,0.25,1.0,0.25
hete_0.3,0.9767696321472296,0.03819057895948446,1.0,0.998367610029816,-0.5655315648788476,82,147,800,3,2,100,0.0,0,0.3,0.0,0.3,1.0,0.7,1.0,1.0,0.25,1.0,0.25
hete_0.3,1.0019357472341694,0.036680986398913276,1.0,1.0032492971629687,-0.03581010375550316,83,148,800,3,2,100,0.0,0,0.3,0.0,0.3,1.0,0.7,1.0,1.0,0.25,1.0,0.25
hete_0.3,0.9765759985523282,0.04756451366850138,1.0,0.9974490695357144,-0.4388370525316431,84,149,800,3,2,100,0.0,0,0.3,0.0,0.3,1.0,0.7,1.0,1.0,0.25,1.0,0.25
hete_0.3,0.9744239303486159,0.0390058394025643,1.0,0.9871988763531341,-0.327513680007573,85,150,800,3,2,100,0.0,0,0.3,0.0,0.3,1.0,0.7,1.0,1.0,0.25,1.0,0.25
hete_0.3,0.9785300342137381,0.040552077660759224,1.0,1.0020588639905454,-0.5802126829021973,86,151,800,3,2,100,0.0,0,0.3,0.0,0.3,1.0,0.7,1.0,1.0,0.25,1.0,0.25
hete_0.3,1.0280390028909008,0.04072979492375801,1.0,1.0131613995708095,0.36527567467355515,87,152,800,3,2,100,0.0,0,0.3,0.0,0.3,1.0,0.7,1.0,1.0,0.25,1.0,0.25
hete_0.3,0.9661569097852389,0.041392540229382505,1.0,1.0088872479236402,-1.0323197827822383,88,153,800,3,2,100,0.0,0,0.3,0.0,0.3,1.0,0.7,1.0,1.0,0.25,1.0,0.25
hete_0.3,0.9869549195387313,0.03643841172471224,1.0,1.005029421951032,-0.4960288211476247,89,154,800,3,2,100,0.0,0,0.3,0.0,0.3,1.0,0.7,1.0,1.0,0.25,1.0,0.25
hete_0.3,0.9704579327728176,0.03759829352838473,1.0,0.9940120609833207,-0.626468012244254,90,155,800,3,2,100,0.0,0,0.3,0.0,0.3,1.0,0.7,1.0,1.0,0.25,1.0,0.25
hete_0.3,0.931648900597021,0.03789093033513416,1.0,0.9898345661376453,-1.5356093140492773,91,156,800,3,2,100,0.0,0,0.3,0.0,0.3,1.0,0.7,1.0,1.0,0.25,1.0,0.25
hete_0.3,0.9990431289374927,0.04177100488073315,1.0,1.0092991746346052,-0.24553026019833835,92,157,800,3,2,100,0.0,0,0.3,0.0,0.3,1.0,0.7,1.0,1.0,0.25,1.0,0.25
hete_0.3,0.9676961071889866,0.04069982747204349,1.0,0.9933088365911763,-0.6293080583642028,93,158,800,3,2,100,0.0,0,0.3,0.0,0.3,1.0,0.7,1.0,1.0,0.25,1.0,0.25
hete_0.3,0.9612247248887155,0.041260713624027945,1.0,1.0144976106917634,-1.2911285608987804,94,159,800,3,2,100,0.0,0,0.3,0.0,0.3,1.0,0.7,1.0,1.0,0.25,1.0,0.25
hete_0.3,0.9552129330257918,0.04346110483068475,1.0,0.9953873652441544,-0.9243766897982382,95,160,800,3,2,100,0.0,0,0.3,0.0,0.3,1.0,0.7,1.0,1.0,0.25,1.0,0.25
hete_0.3,1.0258430334450699,0.0418102110875253,1.0,1.004926965187968,0.500262201817549,96,161,800,3,2,100,0.0,0,0.3,0.0,0.3,1.0,0.7,1.0,1.0,0.25,1.0,0.25
hete_0.3,0.999035520768505,0.03883242631447945,1.0,1.0143023901394428,-0.39314744969322807,97,162,800,3,2,100,0.0,0,0.3,0.0,0.3,1.0,0.7,1.0,1.0,0.25,1.0,0.25
hete_0.3,0.8980308429859265,0.039591518393495465,1.0,0.9916439245222679,-2.3644731330062148,98,163,800,3,2,100,0.0,0,0.3,0.0,0.3,1.0,0.7,1.0,1.0,0.25,1.0,0.25
hete_0.3,1.0074813866550627,0.039737560139736526,1.0,1.0097490352660432,-0.05706562262520264,99,164,800,3,2,100,0.0,0,0.3,0.0,0.3,1.0,0.7,1.0,1.0,0.25,1.0,0.25
hete_0.5,0.91399718668547,0.04194180069081166,1.0,0.9818354002225843,-1.6174368391382834,0,66,800,3,2,100,0.0,0,0.3,0.0,0.5,1.0,0.7,1.0,1.0,0.25,1.0,0.25
hete_0.5,1.0642149307483333,0.04699241947696168,1.0,1.0035400651110837,1.2911628367421213,1,67,800,3,2,100,0.0,0,0.3,0.0,0.5,1.0,0.7,1.0,1.0,0.25,1.0,0.25
hete_0.5,0.9697620376306995,0.04823249450611914,1.0,0.9770435088286294,-0.1509660918948782,2,68,800,3,2,100,0.0,0,0.3,0.0,0.5,1.0,0.7,1.0,1.0,0.25,1.0,0.25
hete_0.5,0.9426363456493589,0.048632745646950234,1.0,1.0028256552162071,-1.2376292715157997,3,69,800,3,2,100,0.0,0,0.3,0.0,0.5,1.0,0.7,1.0,1.0,0.25,1.0,0.25
hete_0.5,1.0916152734056772,0.05222565260459878,1.0,1.014138511827365,1.4835001137255297,4,70,800,3,2,100,0.0,0,0.3,0.0,0.5,1.0,0.7,1.0,1.0,0.25,1.0,0.25
hete_0.5,0.982735786561077,0.04721622868957225,1.0,0.9839852674747493,-0.026462954546565342,5,71,800,3,2,100,0.0,0,0.3,0.0,0.5,1.0,0.7,1.0,1.0,0.25,1.0,0.25
hete_0.5,1.001841372187549,0.042962577154974056,1.0,0.9674251204016584,0.8010751231646258,6,72,800,3,2,100,0.0,0,0.3,0.0,0.5,1.0,0.7,1.0,1.0,0.25,1.0,0.25
hete_0.5,0.9689131666757215,0.04490674405464901,1.0,0.9820481721163794,-0.29249516341406,7,73,800,3,2,100,0.0,0,0.3,0.0,0.5,1.0,0.7,1.0,1.0,0.25,1.0,0.25
hete_0.5,0.9738390181589296,0.04777596316107064,1.0,0.9816494135416918,-0.16347960074463422,8,74,800,3,2,100,0.0,0,0.3,0.0,0.5,1.0,0.7,1.0,1.0,0.25,1.0,0.25
hete_0.5,1.0196973541007026,0.04027331920978227,1.0,1.0225084790843524,-0.0698011745445346,9,75,800,3,2,100,0.0,0,0.3,0.0,0.5,1.0,0.7,1.0,1.0,0.25,1.0,0.25
hete_0.5,0.9789794630105902,0.05191848017358338,1.0,0.9830730231819625,-0.07884591686208765,10,76,800,3,2,100,0.0,0,0.3,0.0,0.5,1.0,0.7,1.0,1.0,0.25,1.0,0.25
hete_0.5,1.077467802321464,0.04794662849664335,1.0,0.9727910268423591,2.1831936626458157,11,77,800,3,2,100,0.0,0,0.3,0.0,0.5,1.0,0.7,1.0,1.0,0.25,1.0,0.25
hete_0.5,0.9879779306175076,0.051292461372015256,1.0,1.001477016633082,-0.2631787528710673,12,78,800,3,2,100,0.0,0,0.3,0.0,0.5,1.0,0.7,1.0,1.0,0.25,1.0,0.25
hete_0.5,0.8987484070089233,0.047551157679210664,1.0,0.9795818010844292,-1.6999248392820125,13,79,800,3,2,100,0.0,0,0.3,0.0,0.5,1.0,0.7,1.0,1.0,0.25,1.0,0.25
hete_0.5,0.998129380526785,0.04891291020930662,1.0,1.0011221244242419,-0.06118515305367016,14,80,800,3,2,100,0.0,0,0.3,0.0,0.5,1.0,0.7,1.0,1.0,0.25,1.0,0.25
hete_0.5,0.9403010893101936,0.049944325958735186,1.0,0.9766228750946706,-0.7272454895974896,15,81,800,3,2,100,0.0,0,0.3,0.0,0.5,1.0,0.7,1.0,1.0,0.25,1.0,0.25
hete_0.5,1.0716354522223874,0.05083815343358374,1.0,1.0029941146321764,1.3501933676620623,16,82,800,3,2,100,0.0,0,0.3,0.0,0.5,1.0,0.7,1.0,1.0,0.25,1.0,0.25
hete_0.5,0.9563180550985,0.04657155909500953,1.0,1.003548554471161,-1.0141489847120488,17,83,800,3,2,100,0.0,0,0.3,0.0,0.5,1.0,0.7,1.0,1.0,0.25,1.0,0.25
hete_0.5,0.9413261633368022,0.050604005622615314,1.0,0.9832435648704074,-0.8283415713413808,18,84,800,3,2,100,0.0,0,0.3,0.0,0.5,1.0,0.7,1.0,1.0,0.25,1.0,0.25
hete_0.5,0.9185128921357392,0.047706453386459124,1.0,1.051330283531897,-2.7840550275291753,19,85,800,3,2,100,0.0,0,0.3,0.0,0.5,1.0,0.7,1.0,1.0,0.25,1.0,0.25
hete_0.5,1.0421758628830176,0.047564299529318975,1.0,1.0174137289846668,0.5206033546880522,20,86,800,3,2,100,0.0,0,0.3,0.0,0.5,1.0,0.7,1.0,1.0,0.25,1.0,0.25
hete_0.5,1.0081601452156992,0.05229517773205531,1.0,1.0346146568170886,-0.5058690446934586,21,87,800,3,2,100,0.0,0,0.3,0.0,0.5,1.0,0.7,1.0,1.0,0.25,1.0,0.25
hete_0.5,1.0033276534649913,0.054675026811369966,1.0,1.011105314110374,-0.14225252549424192,22,88,800,3,2,100,0.0,0,0.3,0.0,0.5,1.0,0.7,1.0,1.0,0.25,1.0,0.25
hete_0.5,0.9462521970455617,0.046056640984843876,1.0,0.9983432544970006,-1.1310216363494838,23,89,800,3,2,100,0.0,0,0.3,0.0,0.5,1.0,0.7,1.0,1.0,0.25,1.0,0.25
hete_0.5,0.9014800699184161,0.04981251740754327,1.0,0.9818504817873555,-1.6134581436907782,24,90,800,3,2,100,0.0,0,0.3,0.0,0.5,1.0,0.7,1.0,1.0,0.25,1.0,0.25
hete_0.5,0.9831311807755075,0.04302489324424576,1.0,1.0022008345438458,-0.4432237323654176,25,91,800,3,2,100,0.0,0,0.3,0.0,0.5,1.0,0.7,1.0,1.0,0.25,1.0,0.25
hete_0.5,0.9294366732203659,0.0536051807346732,1.0,0.9951396170733233,-1.2256827223130515,26,92,800,3,2,100,0.0,0,0.3,0.0,0.5,1.0,0.7,1.0,1.0,0.25,1.0,0.25
hete_0.5,1.0474537949880842,0.051097315283154525,1.0,0.9667943555004473,1.578545546682141,27,93,800,3,2,100,0.0,0,0.3,0.0,0.5,1.0,0.7,1.0,1.0,0.25,1.0,0.25
hete_0.5,0.9270148240489275,0.047058085589460626,1.0,0.9867365428737114,-1.2691064261687564,28,94,800,3,2,100,0.0,0,0.3,0.0,0.5,1.0,0.7,1.0,1.0,0.25,1.0,0.25
hete_0.5,1.066284112121619,0.05263802188029766,1.0,1.0008783917879929,1.24255657787375,29,95,800,3,2,100,0.0,0,0.3,0.0,0.5,1.0,0.7,1.0,1.0,0.25,1.0,0.25
hete_0.5,0.9317208145161766,0.05258923537220998,1.0,0.9804446705439014,-0.9264986585728567,30,96,800,3,2,100,0.0,0,0.3,0.0,0.5,1.0,0.7,1.0,1.0,0.25,1.0,0.25
hete_0.5,0.9721813958493993,0.04927081089548756,1.0,0.995881962585064,-0.48102652067038093,31,97,800,3,2,100,0.0,0,0.3,0.0,0.5,1.0,0.7,1.0,1.0,0.25,1.0,0.25
hete_0.5,1.0111708690238603,0.05288081711256326,1.0,1.0468572300462313,-0.6748451134256913,32,98,800,3,2,100,0.0,0,0.3,0.0,0.5,1.0,0.7,1.0,1.0,0.25,1.0,0.25
hete_0.5,1.0027377836324447,0.04546551913146976,1.0,0.9944900979458703,0.1814052900776323,33,99,800,3,2,100,0.0,0,0.3,0.0,0.5,1.0,0.7,1.0,1.0,0.25,1.0,0.25
hete_0.5,1.0083086279346343,0.04387194583433623,1.0,1.025533650072918,-0.3926204277176736,34,100,800,3,2,100,0.0,0,0.3,0.0,0.5,1.0,0.7,1.0,1.0,0.25,1.0,0.25
hete_0.5,0.9071769668889864,0.04804988131963542,1.0,0.968346445179335,-1.2730411940757882,35,101,800,3,2,100,0.0,0,0.3,0.0,0.5,1.0,0.7,1.0,1.0,0.25,1.0,0.25
hete_0.5,0.9407714906249776,0.04815588607446047,1.0,0.9902630248019564,-1.0277359262054306,36,102,800,3,2,100,0.0,0,0.3,0.0,0.5,1.0,0.7,1.0,1.0,0.25,1.0,0.25
hete_0.5,0.9977660720201205,0.044512935723325084,1.0,1.0006158995612813,-0.06402245762612059,37,103,800,3,2,100,0.0,0,0.3,0.0,0.5,1.0,0.7,1.0,1.0,0.25,1.0,0.25
hete_0.5,0.9807401621566643,0.04903544555918512,1.0,0.9834049949222741,-0.05434503011486633,38,104,800,3,2,100,0.0,0,0.3,0.0,0.5,1.0,0.7,1.0,1.0,0.25,1.0,0.25
hete_0.5,0.9603829091300292,0.048399100699441464,1.0,1.0102258023586677,-1.0298309784341435,39,105,800,3,2,100,0.0,0,0.3,0.0,0.5,1.0,0.7,1.0,1.0,0.25,1.0,0.25
hete_0.5,1.0904902790877735,0.06190913174196962,1.0,0.9998606449997217,1.4639138288320057,40,106,800,3,2,100,0.0,0,0.3,0.0,0.5,1.0,0.7,1.0,1.0,0.25,1.0,0.25
hete_0.5,0.9917397670990727,0.046950851278452686,1.0,1.0241045106841464,-0.6893324125930587,41,107,800,3,2,100,0.0,0,0.3,0.0,0.5,1.0,0.7,1.0,1.0,0.25,1.0,0.25
hete_0.5,1.0007513800123613,0.04162118408808136,1.0,1.0028951460063664,-0.051506607535920845,42,108,800,3,2,100,0.0,0,0.3,0.0,0.5,1.0,0.7,1.0,1.0,0.25,1.0,0.25
hete_0.5,1.05405044714354,0.05051983419686137,1.0,1.0197494703909127,0.6789605963267042,43,109,800,3,2,100,0.0,0,0.3,0.0,0.5,1.0,0.7,1.0,1.0,0.25,1.0,0.25
hete_0.5,0.9290825625559372,0.04944145412848891,1.0,1.0094420240663529,-1.6253458343190454,44,110,800,3,2,100,0.0,0,0.3,0.0,0.5,1.0,0.7,1.0,1.0,0.25,1.0,0.25
hete_0.5,1.0222602232648925,0.048234319967388924,1.0,1.0081903835534205,0.2916976899640048,45,111,800,3,2,100,0.0,0,0.3,0.0,0.5,1.0,0.7,1.0,1.0,0.25,1.0,0.25
hete_0.5,0.8730268780782672,0.052407267812819715,1.0,0.9912580176864034,-2.2560065529539948,46,112,800,3,2,100,0.0,0,0.3,0.0,0.5,1.0,0.7,1.0,1.0,0.25,1.0,0.25
hete_0.5,0.9779723181267639,0.04522826436793649,1.0,1.0089646083960355,-0.6852416448516846,47,113,800,3,2,100,0.0,0,0.3,0.0,0.5,1.0,0.7,1.0,1.0,0.25,1.0,0.25
hete_0.5,0.9616340991262813,0.0466738168146546,1.0,1.0369572601052763,-1.6138204697959297,48,114,800,3,2,100,0.0,0,0.3,0.0,0.5,1.0,0.7,1.0,1.0,0.25,1.0,0.25
hete_0.5,0.9228873371322227,0.044472006099551355,1.0,0.9894998887954578,-1.49785353766416,49,115,800,3,2,100,0.0,0,0.3,0.0,0.5,1.0,0.7,1.0,1.0,0.25,1.0,0.25
hete_0.5,0.9683877813315277,0.045522253218528624,1.0,0.9802115219596302,-0.25973539954937913,50,116,800,3,2,100,0.0,0,0.3,0.0,0.5,1.0,0.7,1.0,1.0,0.25,1.0,0.25
hete_0.5,1.0005914850833708,0.05080223022936609,1.0,1.0233080792571463,-0.4471574194914814,51,117,800,3,2,100,0.0,0,0.3,0.0,0.5,1.0,0.7,1.0,1.0,0.25,1.0,0.25
hete_0.5,0.9793616792697551,0.049910093138398476,1.0,1.0221889755772786,-0.8580888877278845,52,118,800,3,2,100,0.0,0,0.3,0.0,0.5,1.0,0.7,1.0,1.0,0.25,1.0,0.25
hete_0.5,0.9453088298476845,0.04853065139869233,1.0,1.004292093796296,-1.2153816659918324,53,119,800,3,2,100,0.0,0,0.3,0.0,0.5,1.0,0.7,1.0,1.0,0.25,1.0,0.25
hete_0.5,1.0643260830128762,0.049817538529121824,1.0,0.9644327481167718,2.005184074634876,54,120,800,3,2,100,0.0,0,0.3,0.0,0.5,1.0,0.7,1.0,1.0,0.25,1.0,0.25
hete_0.5,0.8874780317429781,0.048189660008185024,1.0,0.9759941710721356,-1.836828467229754,55,121,800,3,2,100,0.0,0,0.3,0.0,0.5,1.0,0.7,1.0,1.0,0.25,1.0,0.25
hete_0.5,0.8635803388631249,0.047655280053570434,1.0,0.9745793765212082,-2.3292075407658213,56,122,800,3,2,100,0.0,0,0.3,0.0,0.5,1.0,0.7,1.0,1.0,0.25,1.0,0.25
hete_0.5,1.0250467638277008,0.043570154235626234,1.0,0.996592769740737,0.6530615873674755,57,123,800,3,2,100,0.0,0,0.3,0.0,0.5,1.0,0.7,1.0,1.0,0.25,1.0,0.25
hete_0.5,1.0115746722407508,0.04877789687093168,1.0,1.0123848691909045,-0.016609919699849568,58,124,800,3,2,100,0.0,0,0.3,0.0,0.5,1.0,0.7,1.0,1.0,0.25,1.0,0.25
hete_0.5,0.9562107478226526,0.04768217661939334,1.0,0.9617848318514498,-0.11690078817689972,59,125,800,3,2,100,0.0,0,0.3,0.0,0.5,1.0,0.7,1.0,1.0,0.25,1.0,0.25
hete_0.5,0.954450835516297,0.05027327220865069,1.0,1.01741767826205,-1.2524914329113082,60,126,800,3,2,100,0.0,0,0.3,0.0,0.5,1.0,0.7,1.0,1.0,0.25,1.0,0.25
hete_0.5,0.981089765947205,0.04682396055114461,1.0,0.9990040189192261,-0.38258730703597393,61,127,800,3,2,100,0.0,0,0.3,0.0,0.5,1.0,0.7,1.0,1.0,0.25,1.0,0.25
hete_0.5,0.9081756154429554,0.0466828944114283,1.0,0.987451309575082,-1.6981743555455142,62,128,800,3,2,100,0.0,0,0.3,0.0,0.5,1.0,0.7,1.0,1.0,0.25,1.0,0.25
hete_0.5,0.9326655803954373,0.042898433025453306,1.0,1.00357452931467,-1.6529496281871108,63,129,800,3,2,100,0.0,0,0.3,0.0,0.5,1.0,0.7,1.0,1.0,0.25,1.0,0.25
hete_0.5,0.9924981824800179,0.045655858673917235,1.0,1.0161889161743096,-0.5188979986883052,64,130,800,3,2,100,0.0,0,0.3,0.0,0.5,1.0,0.7,1.0,1.0,0.25,1.0,0.25
hete_0.5,0.9190720864677911,0.04534888437745878,1.0,0.9848992947282338,-1.4515728261920124,65,131,800,3,2,100,0.0,0,0.3,0.0,0.5,1.0,0.7,1.0,1.0,0.25,1.0,0.25
hete_0.5,0.9477832726460385,0.05683096010802585,1.0,1.018472384194621,-1.2438486243099673,66,132,800,3,2,100,0.0,0,0.3,0.0,0.5,1.0,0.7,1.0,1.0,0.25,1.0,0.25
hete_0.5,1.0042976010961149,0.04458998051895875,1.0,1.0050126991402113,-0.016037191220399236,67,133,800,3,2,100,0.0,0,0.3,0.0,0.5,1.0,0.7,1.0,1.0,0.25,1.0,0.25
hete_0.5,1.0040848629640229,0.04371472594663039,1.0,1.0286191586702524,-0.5612364066100409,68,134,800,3,2,100,0.0,0,0.3,0.0,0.5,1.0,0.7,1.0,1.0,0.25,1.0,0.25
hete_0.5,0.9717427490181995,0.04055142339908015,1.0,0.9996430528573981,-0.6880227992152673,69,135,800,3,2,100,0.0,0,0.3,0.0,0.5,1.0,0.7,1.0,1.0,0.25,1.0,0.25
hete_0.5,0.9529294879134524,0.047166915895061,1.0,0.9782275516450395,-0.5363518740099793,70,136,800,3,2,100,0.0,0,0.3,0.0,0.5,1.0,0.7,1.0,1.0,0.25,1.0,0.25
hete_0.5,0.9459914068747416,0.04778401941501991,1.0,0.9957366086447853,-1.0410426410133122,71,137,800,3,2,100,0.0,0,0.3,0.0,0.5,1.0,0.7,1.0,1.0,0.25,1.0,0.25
hete_0.5,1.0538060011831962,0.04591973898041115,1.0,1.008607362805511,0.9842965003996749,72,138,800,3,2,100,0.0,0,0.3,0.0,0.5,1.0,0.7,1.0,1.0,0.25,1.0,0.25
hete_0.5,0.9561549509198982,0.04916714853947111,1.0,1.014686386695926,-1.1904582127442067,73,139,800,3,2,100,0.0,0,0.3,0.0,0.5,1.0,0.7,1.0,1.0,0.25,1.0,0.25
hete_0.5,1.0099321759596616,0.050137004428490325,1.0,1.0012394719350501,0.17337900665784084,74,140,800,3,2,100,0.0,0,0.3,0.0,0.5,1.0,0.7,1.0,1.0,0.25,1.0,0.25
hete_0.5,0.9706938726471884,0.050858605552012784,1.0,0.9923391679991732,-0.4255974995194918,75,141,800,3,2,100,0.0,0,0.3,0.0,0.5,1.0,0.7,1.0,1.0,0.25,1.0,0.25
hete_0.5,1.0245610646146017,0.04580778463029858,1.0,0.9939194349169621,0.66891752013199,76,142,800,3,2,100,0.0,0,0.3,0.0,0.5,1.0,0.7,1.0,1.0,0.25,1.0,0.25
hete_0.5,0.9981187031661471,0.043643157419556995,1.0,1.016406046269398,-0.41901970857534926,77,143,800,3,2,100,0.0,0,0.3,0.0,0.5,1.0,0.7,1.0,1.0,0.25,1.0,0.25
hete_0.5,0.9973876684104049,0.05033629465999298,1.0,0.9806643262394033,0.33223228455656095,78,144,800,3,2,100,0.0,0,0.3,0.0,0.5,1.0,0.7,1.0,1.0,0.25,1.0,0.25
hete_0.5,1.0833386768993511,0.05184389463806686,1.0,1.0379790611268953,0.8749268566553664,79,145,800,3,2,100,0.0,0,0.3,0.0,0.5,1.0,0.7,1.0,1.0,0.25,1.0,0.25
hete_0.5,1.0154707175188256,0.04937323199091702,1.0,1.025024283668895,-0.19349687603653218,80,146,800,3,2,100,0.0,0,0.3,0.0,0.5,1.0,0.7,1.0,1.0,0.25,1.0,0.25
hete_0.5,0.9785762005868467,0.04424255670363903,1.0,0.9972793500496933,-0.42274115368446147,81,147,800,3,2,100,0.0,0,0.3,0.0,0.5,1.0,0.7,1.0,1.0,0.25,1.0,0.25
hete_0.5,1.0222973047844282,0.04269050198785173,1.0,1.0054154952716148,0.39544649809030974,82,148,800,3,2,100,0.0,0,0.3,0.0,0.5,1.0,0.7,1.0,1.0,0.25,1.0,0.25
hete_0.5,0.9715459409810374,0.057382366223420564,1.0,0.9957484492261908,-0.42177605836120297,83,149,800,3,2,100,0.0,0,0.3,0.0,0.5,1.0,0.7,1.0,1.0,0.25,1.0,0.25
hete_0.5,0.966051141293855,0.045139898981736835,1.0,0.9786647939218903,-0.27943466672662753,84,150,800,3,2,100,0.0,0,0.3,0.0,0.5,1.0,0.7,1.0,1.0,0.25,1.0,0.25
hete_0.5,0.9742677583051635,0.047926879289188914,1.0,1.0034314399842428,-0.6085036645742511,85,151,800,3,2,100,0.0,0,0.3,0.0,0.5,1.0,0.7,1.0,1.0,0.25,1.0,0.25
hete_0.5,1.0580625714647307,0.048752072578331876,1.0,1.0219356659513494,0.7410332238764772,86,152,800,3,2,100,0.0,0,0.3,0.0,0.5,1.0,0.7,1.0,1.0,0.25,1.0,0.25
hete_0.5,0.9623326322924786,0.047908413102049074,1.0,1.0148120798727336,-1.0954119366982422,87,153,800,3,2,100,0.0,0,0.3,0.0,0.5,1.0,0.7,1.0,1.0,0.25,1.0,0.25
hete_0.5,1.003289236005162,0.04117536118213826,1.0,1.0083823699183867,-0.12369372768086684,88,154,800,3,2,100,0.0,0,0.3,0.0,0.5,1.0,0.7,1.0,1.0,0.25,1.0,0.25
hete_0.5,0.9785758125631218,0.044112502340442436,1.0,0.9900201016388678,-0.2594341392701694,89,155,800,3,2,100,0.0,0,0.3,0.0,0.5,1.0,0.7,1.0,1.0,0.25,1.0,0.25
hete_0.5,0.9346621245683717,0.045140562214528654,1.0,0.9830576102294089,-1.0721064002490617,90,156,800,3,2,100,0.0,0,0.3,0.0,0.5,1.0,0.7,1.0,1.0,0.25,1.0,0.25
hete_0.5,1.0144003735799652,0.04754723337439356,1.0,1.015498624391009,-0.023098101258510136,91,157,800,3,2,100,0.0,0,0.3,0.0,0.5,1.0,0.7,1.0,1.0,0.25,1.0,0.25
hete_0.5,0.9363557198498069,0.048022626981630394,1.0,0.9888480609852938,-1.0930751696604646,92,158,800,3,2,100,0.0,0,0.3,0.0,0.5,1.0,0.7,1.0,1.0,0.25,1.0,0.25
hete_0.5,0.9584128041202029,0.04924946822986108,1.0,1.0241626844862723,-1.3350373664786856,93,159,800,3,2,100,0.0,0,0.3,0.0,0.5,1.0,0.7,1.0,1.0,0.25,1.0,0.25
hete_0.5,0.9559753717609613,0.04971435568794267,1.0,0.992312275406924,-0.7309136997379537,94,160,800,3,2,100,0.0,0,0.3,0.0,0.5,1.0,0.7,1.0,1.0,0.25,1.0,0.25
hete_0.5,1.034050926710542,0.04937349724125424,1.0,1.0082116086466135,0.5233438890842498,95,161,800,3,2,100,0.0,0,0.3,0.0,0.5,1.0,0.7,1.0,1.0,0.25,1.0,0.25
hete_0.5,1.0291169316817663,0.04428186689487956,1.0,1.0238373168990713,0.1192274660693112,96,162,800,3,2,100,0.0,0,0.3,0.0,0.5,1.0,0.7,1.0,1.0,0.25,1.0,0.25
hete_0.5,0.8901142903559681,0.04606541870191249,1.0,0.9860732075371132,-2.0831009439443395,97,163,800,3,2,100,0.0,0,0.3,0.0,0.5,1.0,0.7,1.0,1.0,0.25,1.0,0.25
hete_0.5,1.0236418327458572,0.04650492715977644,1.0,1.0162483921100718,0.1589818775628621,98,164,800,3,2,100,0.0,0,0.3,0.0,0.5,1.0,0.7,1.0,1.0,0.25,1.0,0.25
hete_0.5,0.9872395676849334,0.04833000505847756,1.0,0.9946659653971227,-0.15366018901102252,99,165,800,3,2,100,0.0,0,0.3,0.0,0.5,1.0,0.7,1.0,1.0,0.25,1.0,0.25
noise_0.5,1.032354505671391,0.018905281050090584,1.0,1.0,1.711400406355554,0,67,800,3,2,100,0.0,0,0.3,0.0,0.0,0.5,0.7,1.0,1.0,0.25,1.0,0.25
noise_0.5,1.002880945193998,0.019113234473777208,1.0,1.0,0.1507303851658663,1,68,800,3,2,100,0.0,0,0.3,0.0,0.0,0.5,0.7,1.0,1.0,0.25,1.0,0.25
noise_0.5,0.9747052562366862,0.020086244010405305,1.0,1.0,-1.2593068047072555,2,69,800,3,2,100,0.0,0,0.3,0.0,0.0,0.5,0.7,1.0,1.0,0.25,1.0,0.25
noise_0.5,1.0158144565484677,0.02155632255495498,1.0,1.0,0.7336342508399026,3,70,800,3,2,100,0.0,0,0.3,0.0,0.0,0.5,0.7,1.0,1.0,0.25,1.0,0.25
noise_0.5,0.971257479663547,0.019297082930770905,1.0,1.0,-1.4894748827876196,4,71,800,3,2,100,0.0,0,0.3,0.0,0.0,0.5,0.7,1.0,1.0,0.25,1.0,0.25
noise_0.5,1.0290609664642913,0.0178925834219888,1.0,1.0,1.6241906369192805,5,72,800,3,2,100,0.0,0,0.3,0.0,0.0,0.5,0.7,1.0,1.0,0.25,1.0,0.25
noise_0.5,1.0077898936404674,0.0184739499691988,1.0,1.0,0.4216690882813563,6,73,800,3,2,100,0.0,0,0.3,0.0,0.0,0.5,0.7,1.0,1.0,0.25,1.0,0.25
noise_0.5,0.9956679566149442,0.01713354254833983,1.0,1.0,-0.2528399117014788,7,74,800,3,2,100,0.0,0,0.3,0.0,0.0,0.5,0.7,1.0,1.0,0.25,1.0,0.25
noise_0.5,0.9772648788095942,0.0169931997848371,1.0,1.0,-1.3378952450551511,8,75,800,3,2,100,0.0,0,0.3,0.0,0.0,0.5,0.7,1.0,1.0,0.25,1.0,0.25
noise_0.5,0.9817863404948275,0.01972814423576203,1.0,1.0,-0.9232322760574635,9,76,800,3,2,100,0.0,0,0.3,0.0,0.0,0.5,0.7,1.0,1.0,0.25,1.0,0.25
noise_0.5,1.0470117545198077,0.019717088191243133,1.0,1.0,2.384315273321483,10,77,800,3,2,100,0.0,0,0.3,0.0,0.0,0.5,0.7,1.0,1.0,0.25,1.0,0.25
noise_0.5,0.9750959357645526,0.019262934146919618,1.0,1.0,-1.2928489525792162,11,78,800,3,2,100,0.0,0,0.3,0.0,0.0,0.5,0.7,1.0,1.0,0.25,1.0,0.25
noise_0.5,0.964127397026636,0.020138176657225965,1.0,1.0,-1.7813232838282929,12,79,800,3,2,100,0.0,0,0.3,0.0,0.0,0.5,0.7,1.0,1.0,0.25,1.0,0.25
noise_0.5,0.9972404351429288,0.019498079652709194,1.0,1.0,-0.1415300843069308,13,80,800,3,2,100,0.0,0,0.3,0.0,0.0,0.5,0.7,1.0,1.0,0.25,1.0,0.25
noise_0.5,0.9979656393123219,0.018615574489038427,1.0,1.0,-0.10928272392968909,14,81,800,3,2,100,0.0,0,0.3,0.0,0.0,0.5,0.7,1.0,1.0,0.25,1.0,0.25
noise_0.5,1.0157720803762953,0.0185047894943366,1.0,1.0,0.8523242256347929,15,82,800,3,2,100,0.0,0,0.3,0.0,0.0,0.5,0.7,1.0,1.0,0.25,1.0,0.25
noise_0.5,0.9675965285670012,0.01745933542892245,1.0,1.0,-1.8559395668245484,16,83,800,3,2,100,0.0,0,0.3,0.0,0.0,0.5,0.7,1.0,1.0,0.25,1.0,0.25
noise_0.5,0.9753814184954362,0.018433778736634883,1.0,1.0,-1.3355146471210122,17,84,800,3,2,100,0.0,0,0.3,0.0,0.0,0.5,0.7,1.0,1.0,0.25,1.0,0.25
noise_0.5,0.9639305031171067,0.019980696828120714,1.0,1.0,-1.8052171650054416,18,85,800,3,2,100,0.0,0,0.3,0.0,0.0,0.5,0.7,1.0,1.0,0.25,1.0,0.25
noise_0.5,0.9897867849211356,0.01779606714006111,1.0,1.0,-0.5739029302644754,19,86,800,3,2,100,0.0,0,0.3,0.0,0.0,0.5,0.7,1.0,1.0,0.25,1.0,0.25
noise_0.5,0.9907776820396772,0.018620225197521434,1.0,1.0,-0.49528498514348784,20,87,800,3,2,100,0.0,0,0.3,0.0,0.0,0.5,0.7,1.0,1.0,0.25,1.0,0.25
noise_0.5,0.9917610790770494,0.019906302466925405,1.0,1.0,-0.4138850465393924,21,88,800,3,2,100,0.0,0,0.3,0.0,0.0,0.5,0.7,1.0,1.0,0.25,1.0,0.25
noise_0.5,0.9778495349090572,0.01853898891894472,1.0,1.0,-1.1948043762142564,22,89,800,3,2,100,0.0,0,0.3,0.0,0.0,0.5,0.7,1.0,1.0,0.25,1.0,0.25
noise_0.5,0.9718959234798381,0.01820031678653019,1.0,1.0,-1.544153151277089,23,90,800,3,2,100,0.0,0,0.3,0.0,0.0,0.5,0.7,1.0,1.0,0.25,1.0,0.25
noise_0.5,0.9899573870298026,0.017421362935080405,1.0,1.0,-0.5764539208338939,24,91,800,3,2,100,0.0,0,0.3,0.0,0.0,0.5,0.7,1.0,1.0,0.25,1.0,0.25
noise_0.5,0.9924197330923853,0.020395165286755917,1.0,1.0,-0.3716697953184588,25,92,800,3,2,100,0.0,0,0.3,0.0,0.0,0.5,0.7,1.0,1.0,0.25,1.0,0.25
noise_0.5,1.0152531252108645,0.019728661014304212,1.0,1.0,0.773145486143499,26,93,800,3,2,100,0.0,0,0.3,0.0,0.0,0.5,0.7,1.0,1.0,0.25,1.0,0.25
noise_0.5,0.9634067791071425,0.018835570131351863,1.0,1.0,-1.9427721400345628,27,94,800,3,2,100,0.0,0,0.3,0.0,0.0,0.5,0.7,1.0,1.0,0.25,1.0,0.25
noise_0.5,1.0225564120936061,0.018934178100153375,1.0,1.0,1.1913066399974042,28,95,800,3,2,100,0.0,0,0.3,0.0,0.0,0.5,0.7,1.0,1.0,0.25,1.0,0.25
noise_0.5,0.9830484551035275,0.02036927515532099,1.0,1.0,-0.8322114933993789,29,96,800,3,2,100,0.0,0,0.3,0.0,0.0,0.5,0.7,1.0,1.0,0.25,1.0,0.25
noise_0.5,0.9705083890259107,0.019064862172596172,1.0,1.0,-1.5469092148214159,30,97,800,3,2,100,0.0,0,0.3,0.0,0.0,0.5,0.7,1.0,1.0,0.25,1.0,0.25
noise_0.5,0.9559037252986967,0.0181781142269411,1.0,1.0,-2.425789284344459,31,98,800,3,2,100,0.0,0,0.3,0.0,0.0,0.5,0.7,1.0,1.0,0.25,1.0,0.25
noise_0.5,1.0067454454324642,0.016587017530316647,1.0,1.0,0.40667018167282765,32,99,800,3,2,100,0.0,0,0.3,0.0,0.0,0.5,0.7,1.0,1.0,0.25,1.0,0.25
noise_0.5,1.0066546886113217,0.018208712529115358,1.0,1.0,0.3654672784075738,33,100,800,3,2,100,0.0,0,0.3,0.0,0.0,0.5,0.7,1.0,1.0,0.25,1.0,0.25
noise_0.5,0.9682027812042484,0.017752985258966042,1.0,1.0,-1.7910913760091471,34,101,800,3,2,100,0.0,0,0.3,0.0,0.0,0.5,0.7,1.0,1.0,0.25,1.0,0.25
noise_0.5,0.9782023132004776,0.018557537006929737,1.0,1.0,-1.1746002064488816,35,102,800,3,2,100,0.0,0,0.3,0.0,0.0,0.5,0.7,1.0,1.0,0.25,1.0,0.25
noise_0.5,0.9946054077106985,0.0190759188540166,1.0,1.0,-0.282795934003757,36,103,800,3,2,100,0.0,0,0.3,0.0,0.0,0.5,0.7,1.0,1.0,0.25,1.0,0.25
noise_0.5,0.9790851290446905,0.0195731278580999,1.0,1.0,-1.068550264778165,37,104,800,3,2,100,0.0,0,0.3,0.0,0.0,0.5,0.7,1.0,1.0,0.25,1.0,0.25
noise_0.5,0.9770153173951068,0.019787622260595567,1.0,1.0,-1.1615686969456722,38,105,800,3,2,100,0.0,0,0.3,0.0,0.0,0.5,0.7,1.0,1.0,0.25,1.0,0.25
noise_0.5,1.0123812417117903,0.01868849875465349,1.0,1.0,0.6625059548299658,39,106,800,3,2,100,0.0,0,0.3,0.0,0.0,0.5,0.7,1.0,1.0,0.25,1.0,0.25
noise_0.5,1.0004620006189457,0.019539646708896463,1.0,1.0,0.02364426674794461,40,107,800,3,2,100,0.0,0,0.3,0.0,0.0,0.5,0.7,1.0,1.0,0.25,1.0,0.25
noise_0.5,1.0002432691035612,0.01653608264101556,1.0,1.0,0.014711410727823095,41,108,800,3,2,100,0.0,0,0.3,0.0,0.0,0.5,0.7,1.0,1.0,0.25,1.0,0.25
noise_0.5,1.011962181864996,0.01871416039788936,1.0,1.0,0.6392048379763332,42,109,800,3,2,100,0.0,0,0.3,0.0,0.0,0.5,0.7,1.0,1.0,0.25,1.0,0.25
noise_0.5,0.9655003780572299,0.017005362091205754,1.0,1.0,-2.0287496236620237,43,110,800,3,2,100,0.0,0,0.3,0.0,0.0,0.5,0.7,1.0,1.0,0.25,1.0,0.25
noise_0.5,0.9924300969257581,0.01801333493298203,1.0,1.0,-0.42023884541121526,44,111,800,3,2,100,0.0,0,0.3,0.0,0.0,0.5,0.7,1.0,1.0,0.25,1.0,0.25
noise_0.5,0.9431679870997876,0.01908448859963484,1.0,1.0,-2.9779164688384614,45,112,800,3,2,100,0.0,0,0.3,0.0,0.0,0.5,0.7,1.0,1.0,0.25,1.0,0.25
noise_0.5,0.9920116163335946,0.01741985473884459,1.0,1.0,-0.4585792353705508,46,113,800,3,2,100,0.0,0,0.3,0.0,0.0,0.5,0.7,1.0,1.0,0.25,1.0,0.25
noise_0.5,0.9486025907138251,0.018087740949873643,1.0,1.0,-2.8415604485165913,47,114,800,3,2,100,0.0,0,0.3,0.0,0.0,0.5,0.7,1.0,1.0,0.25,1.0,0.25
noise_0.5,0.9509036927823169,0.01764675027126775,1.0,1.0,-2.7821727209242133,48,115,800,3,2,100,0.0,0,0.3,0.0,0.0,0.5,0.7,1.0,1.0,0.25,1.0,0.25
noise_0.5,0.9900372770162129,0.018603010615053765,1.0,1.0,-0.5355435843123768,49,116,800,3,2,100,0.0,0,0.3,0.0,0.0,0.5,0.7,1.0,1.0,0.25,1.0,0.25
noise_0.5,0.9714479169783781,0.017491250175691024,1.0,1.0,-1.6323637667308095,50,117,800,3,2,100,0.0,0,0.3,0.0,0.0,0.5,0.7,1.0,1.0,0.25,1.0,0.25
noise_0.5,0.9614238495982096,0.01723351764869024,1.0,1.0,-2.2384373978763543,51,118,800,3,2,100,0.0,0,0.3,0.0,0.0,0.5,0.7,1.0,1.0,0.25,1.0,0.25
noise_0.5,0.9723863854879975,0.01881985606653599,1.0,1.0,-1.4672596014750023,52,119,800,3,2,100,0.0,0,0.3,0.0,0.0,0.5,0.7,1.0,1.0,0.25,1.0,0.25
noise_0.5,1.006808444534369,0.01924371325084169,1.0,1.0,0.35380097622641654,53,120,800,3,2,100,0.0,0,0.3,0.0,0.0,0.5,0.7,1.0,1.0,0.25,1.0,0.25
noise_0.5,0.9618511507027839,0.01718678439123217,1.0,1.0,-2.2196618302070332,54,121,800,3,2,100,0.0,0,0.3,0.0,0.0,0.5,0.7,1.0,1.0,0.25,1.0,0.25
noise_0.5,0.9520328850961467,0.018837547349269883,1.0,1.0,-2.5463566999720078,55,122,800,3,2,100,0.0,0,0.3,0.0,0.0,0.5,0.7,1.0,1.0,0.25,1.0,0.25
noise_0.5,1.0120661062574532,0.018177702032128297,1.0,1.0,0.6637861175261248,56,123,800,3,2,100,0.0,0,0.3,0.0,0.0,0.5,0.7,1.0,1.0,0.25,1.0,0.25
noise_0.5,0.9833012037484463,0.01754934435807112,1.0,1.0,-0.9515339098052252,57,124,800,3,2,100,0.0,0,0.3,0.0,0.0,0.5,0.7,1.0,1.0,0.25,1.0,0.25
noise_0.5,0.9977134275930948,0.018083427859019334,1.0,1.0,-0.12644573942128798,58,125,800,3,2,100,0.0,0,0.3,0.0,0.0,0.5,0.7,1.0,1.0,0.25,1.0,0.25
noise_0.5,0.9745749973204648,0.01864378787764928,1.0,1.0,-1.3637251639199037,59,126,800,3,2,100,0.0,0,0.3,0.0,0.0,0.5,0.7,1.0,1.0,0.25,1.0,0.25
noise_0.5,1.0047795995031927,0.01778681623727065,1.0,1.0,0.2687158533283499,60,127,800,3,2,100,0.0,0,0.3,0.0,0.0,0.5,0.7,1.0,1.0,0.25,1.0,0.25
noise_0.5,0.996296894250038,0.017961441636246234,1.0,1.0,-0.2061697398770678,61,128,800,3,2,100,0.0,0,0.3,0.0,0.0,0.5,0.7,1.0,1.0,0.25,1.0,0.25
noise_0.5,0.9807277441433144,0.018708103393651056,1.0,1.0,-1.030155513424518,62,129,800,3,2,100,0.0,0,0.3,0.0,0.0,0.5,0.7,1.0,1.0,0.25,1.0,0.25
noise_0.5,0.9870877830456135,0.017087892015654523,1.0,1.0,-0.7556354489223935,63,130,800,3,2,100,0.0,0,0.3,0.0,0.0,0.5,0.7,1.0,1.0,0.25,1.0,0.25
noise_0.5,0.9585896835243592,0.01925863674707151,1.0,1.0,-2.1502205488110495,64,131,800,3,2,100,0.0,0,0.3,0.0,0.0,0.5,0.7,1.0,1.0,0.25,1.0,0.25
noise_0.5,0.9841437559647153,0.02172191216537696,1.0,1.0,-0.7299653876953963,65,132,800,3,2,100,0.0,0,0.3,0.0,0.0,0.5,0.7,1.0,1.0,0.25,1.0,0.25
noise_0.5,0.9971232959824827,0.017914708466726267,1.0,1.0,-0.160577774562187,66,133,800,3,2,100,0.0,0,0.3,0.0,0.0,0.5,0.7,1.0,1.0,0.25,1.0,0.25
noise_0.5,0.9937276318030199,0.017249588972330452,1.0,1.0,-0.36362421197637745,67,134,800,3,2,100,0.0,0,0.3,0.0,0.0,0.5,0.7,1.0,1.0,0.25,1.0,0.25
noise_0.5,0.9878227983763755,0.01666665980808565,1.0,1.0,-0.7306323980835571,68,135,800,3,2,100,0.0,0,0.3,0.0,0.0,0.5,0.7,1.0,1.0,0.25,1.0,0.25
noise_0.5,0.9687062326173473,0.020521555292280343,1.0,1.0,-1.5249218169358019,69,136,800,3,2,100,0.0,0,0.3,0.0,0.0,0.5,0.7,1.0,1.0,0.25,1.0,0.25
noise_0.5,0.980761285477583,0.01766493928230834,1.0,1.0,-1.0890903283027304,70,137,800,3,2,100,0.0,0,0.3,0.0,0.0,0.5,0.7,1.0,1.0,0.25,1.0,0.25
noise_0.5,1.03309010070793,0.017853299951958723,1.0,1.0,1.8534445058880935,71,138,800,3,2,100,0.0,0,0.3,0.0,0.0,0.5,0.7,1.0,1.0,0.25,1.0,0.25
noise_0.5,0.954419250175888,0.017358765253427208,1.0,1.0,-2.6258059924574875,72,139,800,3,2,100,0.0,0,0.3,0.0,0.0,0.5,0.7,1.0,1.0,0.25,1.0,0.25
noise_0.5,0.9793093268474589,0.01937329055242415,1.0,1.0,-1.0679999402554847,73,140,800,3,2,100,0.0,0,0.3,0.0,0.0,0.5,0.7,1.0,1.0,0.25,1.0,0.25
noise_0.5,0.9714210451361764,0.019048995441770137,1.0,1.0,-1.5002867185928543,74,141,800,3,2,100,0.0,0,0.3,0.0,0.0,0.5,0.7,1.0,1.0,0.25,1.0,0.25
noise_0.5,1.0106117458317723,0.019410285130332588,1.0,1.0,0.5467073647047678,75,142,800,3,2,100,0.0,0,0.3,0.0,0.0,0.5,0.7,1.0,1.0,0.25,1.0,0.25
noise_0.5,0.992074079454234,0.018129916021352145,1.0,1.0,-0.4371735939886001,76,143,800,3,2,100,0.0,0,0.3,0.0,0.0,0.5,0.7,1.0,1.0,0.25,1.0,0.25
noise_0.5,0.9862187246423694,0.017533484501894177,1.0,1.0,-0.7859975212652003,77,144,800,3,2,100,0.0,0,0.3,0.0,0.0,0.5,0.7,1.0,1.0,0.25,1.0,0.25
noise_0.5,0.99608476422256,0.017395935167191456,1.0,1.0,-0.22506612836912096,78,145,800,3,2,100,0.0,0,0.3,0.0,0.0,0.5,0.7,1.0,1.0,0.25,1.0,0.25
noise_0.5,0.9950263358577036,0.017549521906210803,1.0,1.0,-0.28340738675827964,79,146,800,3,2,100,0.0,0,0.3,0.0,0.0,0.5,0.7,1.0,1.0,0.25,1.0,0.25
noise_0.5,0.993272922611864,0.018417334847591657,1.0,1.0,-0.365257918358134,80,147,800,3,2,100,0.0,0,0.3,0.0,0.0,0.5,0.7,1.0,1.0,0.25,1.0,0.25
noise_0.5,0.9845093507895462,0.017780591585717043,1.0,1.0,-0.8712111256690309,81,148,800,3,2,100,0.0,0,0.3,0.0,0.0,0.5,0.7,1.0,1.0,0.25,1.0,0.25
noise_0.5,1.001750934706433,0.020644794894635537,1.0,1.0,0.08481240503329164,82,149,800,3,2,100,0.0,0,0.3,0.0,0.0,0.5,0.7,1.0,1.0,0.25,1.0,0.25
noise_0.5,0.9904580796936886,0.018956451821848547,1.0,1.0,-0.5033600378375512,83,150,800,3,2,100,0.0,0,0.3,0.0,0.0,0.5,0.7,1.0,1.0,0.25,1.0,0.25
noise_0.5,0.9935153376396673,0.019071091254848446,1.0,1.0,-0.3400257632705806,84,151,800,3,2,100,0.0,0,0.3,0.0,0.0,0.5,0.7,1.0,1.0,0.25,1.0,0.25
noise_0.5,0.9780690139964183,0.01796310259667807,1.0,1.0,-1.2208907612450752,85,152,800,3,2,100,0.0,0,0.3,0.0,0.0,0.5,0.7,1.0,1.0,0.25,1.0,0.25
noise_0.5,0.968155330882719,0.019021127263474435,1.0,1.0,-1.6741736005536931,86,153,800,3,2,100,0.0,0,0.3,0.0,0.0,0.5,0.7,1.0,1.0,0.25,1.0,0.25
noise_0.5,0.9892229250379126,0.016962729029654913,1.0,1.0,-0.6353385085174941,87,154,800,3,2,100,0.0,0,0.3,0.0,0.0,0.5,0.7,1.0,1.0,0.25,1.0,0.25
noise_0.5,0.9858924144013859,0.017390697964282182,1.0,1.0,-0.8112144565783931,88,155,800,3,2,100,0.0,0,0.3,0.0,0.0,0.5,0.7,1.0,1.0,0.25,1.0,0.25
noise_0.5,0.9676811958409738,0.017626315005598258,1.0,1.0,-1.8335542141826868,89,156,800,3,2,100,0.0,0,0.3,0.0,0.0,0.5,0.7,1.0,1.0,0.25,1.0,0.25
noise_0.5,0.9924478420799421,0.019474458033089965,1.0,1.0,-0.38779810494472794,90,157,800,3,2,100,0.0,0,0.3,0.0,0.0,0.5,0.7,1.0,1.0,0.25,1.0,0.25
noise_0.5,1.0009243752014687,0.017968035366156553,1.0,1.0,0.05144553550967526,91,158,800,3,2,100,0.0,0,0.3,0.0,0.0,0.5,0.7,1.0,1.0,0.25,1.0,0.25
noise_0.5,0.973297168515958,0.018436063456541796,1.0,1.0,-1.4484020163516418,92,159,800,3,2,100,0.0,0,0.3,0.0,0.0,0.5,0.7,1.0,1.0,0.25,1.0,0.25
noise_0.5,0.9747426282770866,0.01933115628629545,1.0,1.0,-1.3065629054387853,93,160,800,3,2,100,0.0,0,0.3,0.0,0.0,0.5,0.7,1.0,1.0,0.25,1.0,0.25
noise_0.5,1.0033469332089535,0.018379126012074243,1.0,1.0,0.1821051342025043,94,161,800,3,2,100,0.0,0,0.3,0.0,0.0,0.5,0.7,1.0,1.0,0.25,1.0,0.25
noise_0.5,0.97756067455468,0.018824662720987494,1.0,1.0,-1.1920173964287049,95,162,800,3,2,100,0.0,0,0.3,0.0,0.0,0.5,0.7,1.0,1.0,0.25,1.0,0.25
noise_0.5,0.9586944128959871,0.018643754884968923,1.0,1.0,-2.215518674154771,96,163,800,3,2,100,0.0,0,0.3,0.0,0.0,0.5,0.7,1.0,1.0,0.25,1.0,0.25
noise_0.5,0.9907649717400587,0.018064359848104606,1.0,1.0,-0.5112292014549439,97,164,800,3,2,100,0.0,0,0.3,0.0,0.0,0.5,0.7,1.0,1.0,0.25,1.0,0.25
noise_0.5,0.9875110924214301,0.016873196297111915,1.0,1.0,-0.7401625251469136,98,165,800,3,2,100,0.0,0,0.3,0.0,0.0,0.5,0.7,1.0,1.0,0.25,1.0,0.25
noise_0.5,0.9838537149028163,0.017391608923284122,1.0,1.0,-0.9283951340216072,99,166,800,3,2,100,0.0,0,0.3,0.0,0.0,0.5,0.7,1.0,1.0,0.25,1.0,0.25
noise_1.0,0.9977952724966147,0.03632561188503768,1.0,1.0,-0.0606934718777142,0,68,800,3,2,100,0.0,0,0.3,0.0,0.0,1.0,0.7,1.0,1.0,0.25,1.0,0.25
noise_1.0,0.9405683947113233,0.03857459873386629,1.0,1.0,-1.540692767764275,1,69,800,3,2,100,0.0,0,0.3,0.0,0.0,1.0,0.7,1.0,1.0,0.25,1.0,0.25
noise_1.0,1.0461975140726991,0.041332086383607795,1.0,1.0,1.1177155114778077,2,70,800,3,2,100,0.0,0,0.3,0.0,0.0,1.0,0.7,1.0,1.0,0.25,1.0,0.25
noise_1.0,0.9580261695389607,0.036764871322083774,1.0,1.0,-1.1416830510114322,3,71,800,3,2,100,0.0,0,0.3,0.0,0.0,1.0,0.7,1.0,1.0,0.25,1.0,0.25
noise_1.0,1.0683410571501706,0.034897788598154185,1.0,1.0,1.958320566873549,4,72,800,3,2,100,0.0,0,0.3,0.0,0.0,1.0,0.7,1.0,1.0,0.25,1.0,0.25
noise_1.0,1.013500302964695,0.036495023213301,1.0,1.0,0.3699217530508276,5,73,800,3,2,100,0.0,0,0.3,0.0,0.0,1.0,0.7,1.0,1.0,0.25,1.0,0.25
noise_1.0,0.9735155871760806,0.03378007384492567,1.0,1.0,-0.784024716627369,6,74,800,3,2,100,0.0,0,0.3,0.0,0.0,1.0,0.7,1.0,1.0,0.25,1.0,0.25
noise_1.0,0.9549874033090352,0.03306118742550634,1.0,1.0,-1.3614936484779154,7,75,800,3,2,100,0.0,0,0.3,0.0,0.0,1.0,0.7,1.0,1.0,0.25,1.0,0.25
noise_1.0,0.9797694516267833,0.03770168371533505,1.0,1.0,-0.5365953554214339,8,76,800,3,2,100,0.0,0,0.3,0.0,0.0,1.0,0.7,1.0,1.0,0.25,1.0,0.25
noise_1.0,1.085939285654257,0.03776916009176657,1.0,1.0,2.2753824931624864,9,77,800,3,2,100,0.0,0,0.3,0.0,0.0,1.0,0.7,1.0,1.0,0.25,1.0,0.25
noise_1.0,0.9572230289106374,0.036934864100225534,1.0,1.0,-1.158173236356958,10,78,800,3,2,100,0.0,0,0.3,0.0,0.0,1.0,0.7,1.0,1.0,0.25,1.0,0.25
noise_1.0,0.9257073843418577,0.03887499308016478,1.0,1.0,-1.9110644085503041,11,79,800,3,2,100,0.0,0,0.3,0.0,0.0,1.0,0.7,1.0,1.0,0.25,1.0,0.25
noise_1.0,0.985100967391863,0.03769560770360694,1.0,1.0,-0.3952458526543753,12,80,800,3,2,100,0.0,0,0.3,0.0,0.0,1.0,0.7,1.0,1.0,0.25,1.0,0.25
noise_1.0,0.9982730498678085,0.034324188168126636,1.0,1.0,-0.050312919965726295,13,81,800,3,2,100,0.0,0,0.3,0.0,0.0,1.0,0.7,1.0,1.0,0.25,1.0,0.25
noise_1.0,1.0290978376267037,0.03550527812874528,1.0,1.0,0.8195355496496146,14,82,800,3,2,100,0.0,0,0.3,0.0,0.0,1.0,0.7,1.0,1.0,0.25,1.0,0.25
noise_1.0,0.9405476243067328,0.03285357249211882,1.0,1.0,-1.8096167686947633,15,83,800,3,2,100,0.0,0,0.3,0.0,0.0,1.0,0.7,1.0,1.0,0.25,1.0,0.25
noise_1.0,0.9713966889162802,0.035072075513394,1.0,1.0,-0.8155579806731496,16,84,800,3,2,100,0.0,0,0.3,0.0,0.0,1.0,0.7,1.0,1.0,0.25,1.0,0.25
noise_1.0,0.930650322839508,0.038633539081032696,1.0,1.0,-1.7950640508246767,17,85,800,3,2,100,0.0,0,0.3,0.0,0.0,1.0,0.7,1.0,1.0,0.25,1.0,0.25
noise_1.0,0.9912710954021472,0.034162562920219505,1.0,1.0,-0.2555108238874696,18,86,800,3,2,100,0.0,0,0.3,0.0,0.0,1.0,0.7,1.0,1.0,0.25,1.0,0.25
noise_1.0,0.9800830302690643,0.0360228209343339,1.0,1.0,-0.5528986685202252,19,87,800,3,2,100,0.0,0,0.3,0.0,0.0,1.0,0.7,1.0,1.0,0.25,1.0,0.25
noise_1.0,0.9687996109576166,0.03865596351722165,1.0,1.0,-0.8071300312688705,20,88,800,3,2,100,0.0,0,0.3,0.0,0.0,1.0,0.7,1.0,1.0,0.25,1.0,0.25
noise_1.0,0.9535529784912223,0.03784601300266895,1.0,1.0,-1.2272632656312346,21,89,800,3,2,100,0.0,0,0.3,0.0,0.0,1.0,0.7,1.0,1.0,0.25,1.0,0.25
noise_1.0,0.9475987058617742,0.035029445269522015,1.0,1.0,-1.495921323761826,22,90,800,3,2,100,0.0,0,0.3,0.0,0.0,1.0,0.7,1.0,1.0,0.25,1.0,0.25
noise_1.0,0.9782923939108746,0.03513961193082547,1.0,1.0,-0.6177531536733571,23,91,800,3,2,100,0.0,0,0.3,0.0,0.0,1.0,0.7,1.0,1.0,0.25,1.0,0.25
noise_1.0,0.978368488231475,0.03934020900230448,1.0,1.0,-0.5498575710987662,24,92,800,3,2,100,0.0,0,0.3,0.0,0.0,1.0,0.7,1.0,1.0,0.25,1.0,0.25
noise_1.0,1.0269328641455004,0.03830966883891654,1.0,1.0,0.7030304610240048,25,93,800,3,2,100,0.0,0,0.3,0.0,0.0,1.0,0.7,1.0,1.0,0.25,1.0,0.25
noise_1.0,0.9220880106928824,0.03699853937640838,1.0,1.0,-2.1058125704496637,26,94,800,3,2,100,0.0,0,0.3,0.0,0.0,1.0,0.7,1.0,1.0,0.25,1.0,0.25
noise_1.0,1.0535985264561096,0.03711474181757936,1.0,1.0,1.4441303867759292,27,95,800,3,2,100,0.0,0,0.3,0.0,0.0,1.0,0.7,1.0,1.0,0.25,1.0,0.25
noise_1.0,0.9584722968318615,0.03994193105216193,1.0,1.0,-1.039701939145246,28,96,800,3,2,100,0.0,0,0.3,0.0,0.0,1.0,0.7,1.0,1.0,0.25,1.0,0.25
noise_1.0,0.9532008830747868,0.03724341913180399,1.0,1.0,-1.2565741281591716,29,97,800,3,2,100,0.0,0,0.3,0.0,0.0,1.0,0.7,1.0,1.0,0.25,1.0,0.25
noise_1.0,0.9211608121164989,0.0340608284245621,1.0,1.0,-2.3146585544187235,30,98,800,3,2,100,0.0,0,0.3,0.0,0.0,1.0,0.7,1.0,1.0,0.25,1.0,0.25
noise_1.0,1.0169507246806981,0.03193094951870706,1.0,1.0,0.530855641194365,31,99,800,3,2,100,0.0,0,0.3,0.0,0.0,1.0,0.7,1.0,1.0,0.25,1.0,0.25
noise_1.0,1.0090229207183883,0.034868139115617244,1.0,1.0,0.25877264882045187,32,100,800,3,2,100,0.0,0,0.3,0.0,0.0,1.0,0.7,1.0,1.0,0.25,1.0,0.25
noise_1.0,0.933220969032746,0.034584415180149645,1.0,1.0,-1.9308995285709807,33,101,800,3,2,100,0.0,0,0.3,0.0,0.0,1.0,0.7,1.0,1.0,0.25,1.0,0.25
noise_1.0,0.9597023794444929,0.0353731366949869,1.0,1.0,-1.139215357206875,34,102,800,3,2,100,0.0,0,0.3,0.0,0.0,1.0,0.7,1.0,1.0,0.25,1.0,0.25
noise_1.0,0.9890551797896432,0.036786400165131065,1.0,1.0,-0.29752354569151723,35,103,800,3,2,100,0.0,0,0.3,0.0,0.0,1.0,0.7,1.0,1.0,0.25,1.0,0.25
noise_1.0,0.9639166344690108,0.037590241877612486,1.0,1.0,-0.9599130978851003,36,104,800,3,2,100,0.0,0,0.3,0.0,0.0,1.0,0.7,1.0,1.0,0.25,1.0,0.25
noise_1.0,0.9635288003260305,0.03839180222727438,1.0,1.0,-0.949973628694606,37,105,800,3,2,100,0.0,0,0.3,0.0,0.0,1.0,0.7,1.0,1.0,0.25,1.0,0.25
noise_1.0,1.0192039612116732,0.03699919823311827,1.0,1.0,0.5190372259062525,38,106,800,3,2,100,0.0,0,0.3,0.0,0.0,1.0,0.7,1.0,1.0,0.25,1.0,0.25
noise_1.0,1.0081919681985105,0.03723848181576912,1.0,1.0,0.21998663208234068,39,107,800,3,2,100,0.0,0,0.3,0.0,0.0,1.0,0.7,1.0,1.0,0.25,1.0,0.25
noise_1.0,1.0029057605601357,0.03201226112479398,1.0,1.0,0.09077023796626285,40,108,800,3,2,100,0.0,0,0.3,0.0,0.0,1.0,0.7,1.0,1.0,0.25,1.0,0.25
noise_1.0,1.0294939333858968,0.03668304345433621,1.0,1.0,0.8040208938119168,41,109,800,3,2,100,0.0,0,0.3,0.0,0.0,1.0,0.7,1.0,1.0,0.25,1.0,0.25
noise_1.0,0.9484456899668262,0.03315276853931344,1.0,1.0,-1.5550529353842442,42,110,800,3,2,100,0.0,0,0.3,0.0,0.0,1.0,0.7,1.0,1.0,0.25,1.0,0.25
noise_1.0,0.9876903334691429,0.03532677734140149,1.0,1.0,-0.348451442708607,43,111,800,3,2,100,0.0,0,0.3,0.0,0.0,1.0,0.7,1.0,1.0,0.25,1.0,0.25
noise_1.0,0.888512132626002,0.037323193585347574,1.0,1.0,-2.9870934575589514,44,112,800,3,2,100,0.0,0,0.3,0.0,0.0,1.0,0.7,1.0,1.0,0.25,1.0,0.25
noise_1.0,0.9882102822331624,0.032985218112506855,1.0,1.0,-0.35742427794853104,45,113,800,3,2,100,0.0,0,0.3,0.0,0.0,1.0,0.7,1.0,1.0,0.25,1.0,0.25
noise_1.0,0.9139182327308927,0.03455624458108853,1.0,1.0,-2.491062565178653,46,114,800,3,2,100,0.0,0,0.3,0.0,0.0,1.0,0.7,1.0,1.0,0.25,1.0,0.25
noise_1.0,0.9070984334987872,0.034728606102683995,1.0,1.0,-2.675073287609806,47,115,800,3,2,100,0.0,0,0.3,0.0,0.0,1.0,0.7,1.0,1.0,0.25,1.0,0.25
noise_1.0,0.9778880687673955,0.035565648748247684,1.0,1.0,-0.621721577163524,48,116,800,3,2,100,0.0,0,0.3,0.0,0.0,1.0,0.7,1.0,1.0,0.25,1.0,0.25
noise_1.0,0.9497934634798029,0.03494093110377251,1.0,1.0,-1.4368974991275036,49,117,800,3,2,100,0.0,0,0.3,0.0,0.0,1.0,0.7,1.0,1.0,0.25,1.0,0.25
noise_1.0,0.9230181860987485,0.032914723329647524,1.0,1.0,-2.338826097071005,50,118,800,3,2,100,0.0,0,0.3,0.0,0.0,1.0,0.7,1.0,1.0,0.25,1.0,0.25
noise_1.0,0.9550386611172326,0.03667609090252938,1.0,1.0,-1.2259032458572803,51,119,800,3,2,100,0.0,0,0.3,0.0,0.0,1.0,0.7,1.0,1.0,0.25,1.0,0.25
noise_1.0,1.0327721358397317,0.03664964732892951,1.0,1.0,0.8942005784012804,52,120,800,3,2,100,0.0,0,0.3,0.0,0.0,1.0,0.7,1.0,1.0,0.25,1.0,0.25
noise_1.0,0.9201778807576053,0.033268780360016535,1.0,1.0,-2.3993100552110236,53,121,800,3,2,100,0.0,0,0.3,0.0,0.0,1.0,0.7,1.0,1.0,0.25,1.0,0.25
noise_1.0,0.9099933486404236,0.036908625384645156,1.0,1.0,-2.4386346124128826,54,122,800,3,2,100,0.0,0,0.3,0.0,0.0,1.0,0.7,1.0,1.0,0.25,1.0,0.25
noise_1.0,1.033598652124248,0.03551904608378255,1.0,1.0,0.9459334027438474,55,123,800,3,2,100,0.0,0,0.3,0.0,0.0,1.0,0.7,1.0,1.0,0.25,1.0,0.25
noise_1.0,0.9609510458444825,0.034234471110652864,1.0,1.0,-1.140632610601846,56,124,800,3,2,100,0.0,0,0.3,0.0,0.0,1.0,0.7,1.0,1.0,0.25,1.0,0.25
noise_1.0,1.0150179972510336,0.03422573287113427,1.0,1.0,0.4387925689591195,57,125,800,3,2,100,0.0,0,0.3,0.0,0.0,1.0,0.7,1.0,1.0,0.25,1.0,0.25
noise_1.0,0.9580610386783482,0.03641333535904976,1.0,1.0,-1.1517473175175292,58,126,800,3,2,100,0.0,0,0.3,0.0,0.0,1.0,0.7,1.0,1.0,0.25,1.0,0.25
noise_1.0,1.009864566008805,0.033845497386773074,1.0,1.0,0.29145873957993995,59,127,800,3,2,100,0.0,0,0.3,0.0,0.0,1.0,0.7,1.0,1.0,0.25,1.0,0.25
noise_1.0,0.9947257104507545,0.033526415572861096,1.0,1.0,-0.15731743042387425,60,128,800,3,2,100,0.0,0,0.3,0.0,0.0,1.0,0.7,1.0,1.0,0.25,1.0,0.25
noise_1.0,0.9759907497677158,0.03537557343826203,1.0,1.0,-0.6786957185071634,61,129,800,3,2,100,0.0,0,0.3,0.0,0.0,1.0,0.7,1.0,1.0,0.25,1.0,0.25
noise_1.0,0.9886154975760604,0.032778003205200704,1.0,1.0,-0.3473214140797115,62,130,800,3,2,100,0.0,0,0.3,0.0,0.0,1.0,0.7,1.0,1.0,0.25,1.0,0.25
noise_1.0,0.9221618350822973,0.03702159544823982,1.0,1.0,-2.102507036103531,63,131,800,3,2,100,0.0,0,0.3,0.0,0.0,1.0,0.7,1.0,1.0,0.25,1.0,0.25
noise_1.0,0.9532380366323012,0.040789964573601865,1.0,1.0,-1.1464085310326997,64,132,800,3,2,100,0.0,0,0.3,0.0,0.0,1.0,0.7,1.0,1.0,0.25,1.0,0.25
noise_1.0,1.0064148039798433,0.03391717655383864,1.0,1.0,0.1891314263632973,65,133,800,3,2,100,0.0,0,0.3,0.0,0.0,1.0,0.7,1.0,1.0,0.25,1.0,0.25
noise_1.0,0.9972356223834159,0.03278886147261578,1.0,1.0,-0.08430843562204263,66,134,800,3,2,100,0.0,0,0.3,0.0,0.0,1.0,0.7,1.0,1.0,0.25,1.0,0.25
noise_1.0,0.982462334573973,0.03238936850287103,1.0,1.0,-0.5414636418265584,67,135,800,3,2,100,0.0,0,0.3,0.0,0.0,1.0,0.7,1.0,1.0,0.25,1.0,0.25
noise_1.0,0.9427280347793522,0.04000379446784363,1.0,1.0,-1.4316633205053815,68,136,800,3,2,100,0.0,0,0.3,0.0,0.0,1.0,0.7,1.0,1.0,0.25,1.0,0.25
noise_1.0,0.9609356033300877,0.03438616696305939,1.0,1.0,-1.1360497583775102,69,137,800,3,2,100,0.0,0,0.3,0.0,0.0,1.0,0.7,1.0,1.0,0.25,1.0,0.25
noise_1.0,1.0584298054406478,0.03533033703012396,1.0,1.0,1.6538139840225234,70,138,800,3,2,100,0.0,0,0.3,0.0,0.0,1.0,0.7,1.0,1.0,0.25,1.0,0.25
noise_1.0,0.913080373989182,0.03369847285055557,1.0,1.0,-2.5793342741757224,71,139,800,3,2,100,0.0,0,0.3,0.0,0.0,1.0,0.7,1.0,1.0,0.25,1.0,0.25
noise_1.0,0.9778295885589431,0.03653518867458509,1.0,1.0,-0.6068235103019812,72,140,800,3,2,100,0.0,0,0.3,0.0,0.0,1.0,0.7,1.0,1.0,0.25,1.0,0.25
noise_1.0,0.9483564804246635,0.03757474917082948,1.0,1.0,-1.374420873457995,73,141,800,3,2,100,0.0,0,0.3,0.0,0.0,1.0,0.7,1.0,1.0,0.25,1.0,0.25
noise_1.0,1.0378232207114915,0.0376239149748246,1.0,1.0,1.0052973151996605,74,142,800,3,2,100,0.0,0,0.3,0.0,0.0,1.0,0.7,1.0,1.0,0.25,1.0,0.25
noise_1.0,1.003440466307882,0.03534223216263492,1.0,1.0,0.09734717071773859,75,143,800,3,2,100,0.0,0,0.3,0.0,0.0,1.0,0.7,1.0,1.0,0.25,1.0,0.25
noise_1.0,0.9684635432912477,0.0339299723784301,1.0,1.0,-0.9294571877930725,76,144,800,3,2,100,0.0,0,0.3,0.0,0.0,1.0,0.7,1.0,1.0,0.25,1.0,0.25
noise_1.0,0.9915000217807396,0.034574825393731336,1.0,1.0,-0.24584298322447967,77,145,800,3,2,100,0.0,0,0.3,0.0,0.0,1.0,0.7,1.0,1.0,0.25,1.0,0.25
noise_1.0,1.0042370209422995,0.034617443576105036,1.0,1.0,0.12239554700174722,78,146,800,3,2,100,0.0,0,0.3,0.0,0.0,1.0,0.7,1.0,1.0,0.25,1.0,0.25
noise_1.0,0.9976902662178251,0.035203422123348156,1.0,1.0,-0.06561105832500924,79,147,800,3,2,100,0.0,0,0.3,0.0,0.0,1.0,0.7,1.0,1.0,0.25,1.0,0.25
noise_1.0,0.9667472506896585,0.03535850363879384,1.0,1.0,-0.9404456039779355,80,148,800,3,2,100,0.0,0,0.3,0.0,0.0,1.0,0.7,1.0,1.0,0.25,1.0,0.25
noise_1.0,1.0057594497912985,0.03925446001327092,1.0,1.0,0.14672090227075796,81,149,800,3,2,100,0.0,0,0.3,0.0,0.0,1.0,0.7,1.0,1.0,0.25,1.0,0.25
noise_1.0,0.9882145101505391,0.03647144816365783,1.0,1.0,-0.32314290884683444,82,150,800,3,2,100,0.0,0,0.3,0.0,0.0,1.0,0.7,1.0,1.0,0.25,1.0,0.25
noise_1.0,0.9851254609330486,0.035972404854001674,1.0,1.0,-0.4134986005890197,83,151,800,3,2,100,0.0,0,0.3,0.0,0.0,1.0,0.7,1.0,1.0,0.25,1.0,0.25
noise_1.0,0.9718414117450945,0.03471617579209958,1.0,1.0,-0.8111085859092109,84,152,800,3,2,100,0.0,0,0.3,0.0,0.0,1.0,0.7,1.0,1.0,0.25,1.0,0.25
noise_1.0,0.9553359641777374,0.03691048484455184,1.0,1.0,-1.2100636447980786,85,153,800,3,2,100,0.0,0,0.3,0.0,0.0,1.0,0.7,1.0,1.0,0.25,1.0,0.25
noise_1.0,0.9782490392570271,0.03266553654462016,1.0,1.0,-0.6658687731414336,86,154,800,3,2,100,0.0,0,0.3,0.0,0.0,1.0,0.7,1.0,1.0,0.25,1.0,0.25
noise_1.0,0.9680145099068382,0.03338528381456896,1.0,1.0,-0.9580715344766263,87,155,800,3,2,100,0.0,0,0.3,0.0,0.0,1.0,0.7,1.0,1.0,0.25,1.0,0.25
noise_1.0,0.9337658794245686,0.03333625797866997,1.0,1.0,-1.9868492923774164,88,156,800,3,2,100,0.0,0,0.3,0.0,0.0,1.0,0.7,1.0,1.0,0.25,1.0,0.25
noise_1.0,0.9846751079288995,0.03760323746896439,1.0,1.0,-0.40754182625229696,89,157,800,3,2,100,0.0,0,0.3,0.0,0.0,1.0,0.7,1.0,1.0,0.25,1.0,0.25
noise_1.0,1.0066417549754227,0.03531861300587809,1.0,1.0,0.1880525425592832,90,158,800,3,2,100,0.0,0,0.3,0.0,0.0,1.0,0.7,1.0,1.0,0.25,1.0,0.25
noise_1.0,0.9509460847787484,0.035908622779796756,1.0,1.0,-1.3660762074353558,91,159,800,3,2,100,0.0,0,0.3,0.0,0.0,1.0,0.7,1.0,1.0,0.25,1.0,0.25
noise_1.0,0.9636916160813509,0.03729459337487324,1.0,1.0,-0.9735562351810334,92,160,800,3,2,100,0.0,0,0.3,0.0,0.0,1.0,0.7,1.0,1.0,0.25,1.0,0.25
noise_1.0,1.0216703487320253,0.03557572066136499,1.0,1.0,0.6091330921529075,93,161,800,3,2,100,0.0,0,0.3,0.0,0.0,1.0,0.7,1.0,1.0,0.25,1.0,0.25
noise_1.0,0.9557858390531553,0.036812146113879736,1.0,1.0,-1.201075341004748,94,162,800,3,2,100,0.0,0,0.3,0.0,0.0,1.0,0.7,1.0,1.0,0.25,1.0,0.25
noise_1.0,0.9204905954754745,0.0357988980960713,1.0,1.0,-2.2210014484566254,95,163,800,3,2,100,0.0,0,0.3,0.0,0.0,1.0,0.7,1.0,1.0,0.25,1.0,0.25
noise_1.0,0.9848805937333461,0.03529104883347484,1.0,1.0,-0.4284204285907355,96,164,800,3,2,100,0.0,0,0.3,0.0,0.0,1.0,0.7,1.0,1.0,0.25,1.0,0.25
noise_1.0,0.980975780540456,0.03298576449540497,1.0,1.0,-0.5767402923826175,97,165,800,3,2,100,0.0,0,0.3,0.0,0.0,1.0,0.7,1.0,1.0,0.25,1.0,0.25
noise_1.0,0.953736104579877,0.03314747366987813,1.0,1.0,-1.395698986923521,98,166,800,3,2,100,0.0,0,0.3,0.0,0.0,1.0,0.7,1.0,1.0,0.25,1.0,0.25
noise_1.0,0.985598332058676,0.036417305819083194,1.0,1.0,-0.3954622017584108,99,167,800,3,2,100,0.0,0,0.3,0.0,0.0,1.0,0.7,1.0,1.0,0.25,1.0,0.25
noise_2.0,0.8902733880509299,0.07467523631020566,1.0,1.0,-1.469384194423688,0,69,800,3,2,100,0.0,0,0.3,0.0,0.0,2.0,0.7,1.0,1.0,0.25,1.0,0.25
noise_2.0,1.0919505681832584,0.0805758213487988,1.0,1.0,1.1411682393558273,1,70,800,3,2,100,0.0,0,0.3,0.0,0.0,2.0,0.7,1.0,1.0,0.25,1.0,0.25
noise_2.0,0.9175785811010414,0.07178097418235692,1.0,1.0,-1.1482348886707783,2,71,800,3,2,100,0.0,0,0.3,0.0,0.0,2.0,0.7,1.0,1.0,0.25,1.0,0.25
noise_2.0,1.1454734401870392,0.06861607705491984,1.0,1.0,2.1201072173013222,3,72,800,3,2,100,0.0,0,0.3,0.0,0.0,2.0,0.7,1.0,1.0,0.25,1.0,0.25
noise_2.0,1.028384463440956,0.07202989748595459,1.0,1.0,0.3940650262134668,4,73,800,3,2,100,0.0,0,0.3,0.0,0.0,2.0,0.7,1.0,1.0,0.25,1.0,0.25
noise_2.0,0.9549263252474012,0.06845461905362989,1.0,1.0,-0.6584460680043582,5,74,800,3,2,100,0.0,0,0.3,0.0,0.0,2.0,0.7,1.0,1.0,0.25,1.0,0.25
noise_2.0,0.918324371867877,0.06330180317280674,1.0,1.0,-1.2902575288283311,6,75,800,3,2,100,0.0,0,0.3,0.0,0.0,2.0,0.7,1.0,1.0,0.25,1.0,0.25
noise_2.0,0.9603123785098837,0.0719749745048126,1.0,1.0,-0.5514086217211869,7,76,800,3,2,100,0.0,0,0.3,0.0,0.0,2.0,0.7,1.0,1.0,0.25,1.0,0.25
noise_2.0,1.188642571741761,0.07407301736086717,1.0,1.0,2.546711048946968,8,77,800,3,2,100,0.0,0,0.3,0.0,0.0,2.0,0.7,1.0,1.0,0.25,1.0,0.25
noise_2.0,0.9137096997903613,0.07201696901100639,1.0,1.0,-1.1981940005896512,9,78,800,3,2,100,0.0,0,0.3,0.0,0.0,2.0,0.7,1.0,1.0,0.25,1.0,0.25
noise_2.0,0.870242534565426,0.07677057883916535,1.0,1.0,-1.6901978257375962,10,79,800,3,2,100,0.0,0,0.3,0.0,0.0,2.0,0.7,1.0,1.0,0.25,1.0,0.25
noise_2.0,0.9721187683433135,0.0745863921867582,1.0,1.0,-0.3738112387427754,11,80,800,3,2,100,0.0,0,0.3,0.0,0.0,2.0,0.7,1.0,1.0,0.25,1.0,0.25
noise_2.0,0.9892170944617459,0.06791870840865655,1.0,1.0,-0.15876193453760948,12,81,800,3,2,100,0.0,0,0.3,0.0,0.0,2.0,0.7,1.0,1.0,0.25,1.0,0.25
noise_2.0,1.0493161558395732,0.07026491786117917,1.0,1.0,0.701860293027112,13,82,800,3,2,100,0.0,0,0.3,0.0,0.0,2.0,0.7,1.0,1.0,0.25,1.0,0.25
noise_2.0,0.9136647649374366,0.06402003462173797,1.0,1.0,-1.34856589148498,14,83,800,3,2,100,0.0,0,0.3,0.0,0.0,2.0,0.7,1.0,1.0,0.25,1.0,0.25
noise_2.0,0.9668288000460625,0.0698632346066915,1.0,1.0,-0.47480194898906575,15,84,800,3,2,100,0.0,0,0.3,0.0,0.0,2.0,0.7,1.0,1.0,0.25,1.0,0.25
noise_2.0,0.8934091293827512,0.07559489083489913,1.0,1.0,-1.4100274428604649,16,85,800,3,2,100,0.0,0,0.3,0.0,0.0,2.0,0.7,1.0,1.0,0.25,1.0,0.25
noise_2.0,1.0138801814610903,0.06655861847716417,1.0,1.0,0.20854070860639135,17,86,800,3,2,100,0.0,0,0.3,0.0,0.0,2.0,0.7,1.0,1.0,0.25,1.0,0.25
noise_2.0,0.9553900296071722,0.07160108154112312,1.0,1.0,-0.6230348680865475,18,87,800,3,2,100,0.0,0,0.3,0.0,0.0,2.0,0.7,1.0,1.0,0.25,1.0,0.25
noise_2.0,0.9370641690619778,0.07454218398732487,1.0,1.0,-0.8442981889117152,19,88,800,3,2,100,0.0,0,0.3,0.0,0.0,2.0,0.7,1.0,1.0,0.25,1.0,0.25
noise_2.0,0.9276274964629477,0.07463996975122998,1.0,1.0,-0.9696212870699837,20,89,800,3,2,100,0.0,0,0.3,0.0,0.0,2.0,0.7,1.0,1.0,0.25,1.0,0.25
noise_2.0,0.9268804952940704,0.07004213344284246,1.0,1.0,-1.0439360012584205,21,90,800,3,2,100,0.0,0,0.3,0.0,0.0,2.0,0.7,1.0,1.0,0.25,1.0,0.25
noise_2.0,0.97169144903424,0.07101117690728476,1.0,1.0,-0.39864922958143445,22,91,800,3,2,100,0.0,0,0.3,0.0,0.0,2.0,0.7,1.0,1.0,0.25,1.0,0.25
noise_2.0,0.9758768449477498,0.0757490850917471,1.0,1.0,-0.3184613388139573,23,92,800,3,2,100,0.0,0,0.3,0.0,0.0,2.0,0.7,1.0,1.0,0.25,1.0,0.25
noise_2.0,1.053418757337838,0.07518515128991365,1.0,1.0,0.7104961075605932,24,93,800,3,2,100,0.0,0,0.3,0.0,0.0,2.0,0.7,1.0,1.0,0.25,1.0,0.25
noise_2.0,0.8459776382331987,0.07340902096378657,1.0,1.0,-2.098139434971924,25,94,800,3,2,100,0.0,0,0.3,0.0,0.0,2.0,0.7,1.0,1.0,0.25,1.0,0.25
noise_2.0,1.0983188996478708,0.07299707138529397,1.0,1.0,1.3468882762285468,26,95,800,3,2,100,0.0,0,0.3,0.0,0.0,2.0,0.7,1.0,1.0,0.25,1.0,0.25
noise_2.0,0.9242619442870863,0.07856120248153892,1.0,1.0,-0.9640643640951317,27,96,800,3,2,100,0.0,0,0.3,0.0,0.0,2.0,0.7,1.0,1.0,0.25,1.0,0.25
noise_2.0,0.9307228615389517,0.07431483288236476,1.0,1.0,-0.9322114546191504,28,97,800,3,2,100,0.0,0,0.3,0.0,0.0,2.0,0.7,1.0,1.0,0.25,1.0,0.25
noise_2.0,0.8690912053014199,0.06714642288840005,1.0,1.0,-1.9496019157439788,29,98,800,3,2,100,0.0,0,0.3,0.0,0.0,2.0,0.7,1.0,1.0,0.25,1.0,0.25
noise_2.0,1.0432244521401255,0.06206264864908414,1.0,1.0,0.6964648316014685,30,99,800,3,2,100,0.0,0,0.3,0.0,0.0,2.0,0.7,1.0,1.0,0.25,1.0,0.25
noise_2.0,1.0117500828937238,0.06950537081728082,1.0,1.0,0.16905287685771817,31,100,800,3,2,100,0.0,0,0.3,0.0,0.0,2.0,0.7,1.0,1.0,0.25,1.0,0.25
noise_2.0,0.8819734584721379,0.06844268570358696,1.0,1.0,-1.724458067572245,32,101,800,3,2,100,0.0,0,0.3,0.0,0.0,2.0,0.7,1.0,1.0,0.25,1.0,0.25
noise_2.0,0.9302071347895381,0.07098312055641579,1.0,1.0,-0.9832318537615166,33,102,800,3,2,100,0.0,0,0.3,0.0,0.0,2.0,0.7,1.0,1.0,0.25,1.0,0.25
noise_2.0,0.9854827732542347,0.07150899053908172,1.0,1.0,-0.20301260913243063,34,103,800,3,2,100,0.0,0,0.3,0.0,0.0,2.0,0.7,1.0,1.0,0.25,1.0,0.25
noise_2.0,0.90521840630606,0.07152932054689684,1.0,1.0,-1.325073312164321,35,104,800,3,2,100,0.0,0,0.3,0.0,0.0,2.0,0.7,1.0,1.0,0.25,1.0,0.25
noise_2.0,0.953213464364686,0.07639634473239337,1.0,1.0,-0.6124185103253466,36,105,800,3,2,100,0.0,0,0.3,0.0,0.0,2.0,0.7,1.0,1.0,0.25,1.0,0.25
noise_2.0,1.0450294799785942,0.07318117146877959,1.0,1.0,0.6153151018879847,37,106,800,3,2,100,0.0,0,0.3,0.0,0.0,2.0,0.7,1.0,1.0,0.25,1.0,0.25
noise_2.0,1.0137631887970682,0.0728340001379249,1.0,1.0,0.18896653720796577,38,107,800,3,2,100,0.0,0,0.3,0.0,0.0,2.0,0.7,1.0,1.0,0.25,1.0,0.25
noise_2.0,1.0031115635362489,0.06333881281795453,1.0,1.0,0.04912570030625572,39,108,800,3,2,100,0.0,0,0.3,0.0,0.0,2.0,0.7,1.0,1.0,0.25,1.0,0.25
noise_2.0,1.0997453414400948,0.0728409922140482,1.0,1.0,1.3693572589866208,40,109,800,3,2,100,0.0,0,0.3,0.0,0.0,2.0,0.7,1.0,1.0,0.25,1.0,0.25
noise_2.0,0.9065913470517813,0.06524176448342969,1.0,1.0,-1.4317309424079552,41,110,800,3,2,100,0.0,0,0.3,0.0,0.0,2.0,0.7,1.0,1.0,0.25,1.0,0.25
noise_2.0,0.9725786795126817,0.07003054655620336,1.0,1.0,-0.3915622801160227,42,111,800,3,2,100,0.0,0,0.3,0.0,0.0,2.0,0.7,1.0,1.0,0.25,1.0,0.25
noise_2.0,0.7970212714058837,0.07330999335534819,1.0,1.0,-2.7687729776517345,43,112,800,3,2,100,0.0,0,0.3,0.0,0.0,2.0,0.7,1.0,1.0,0.25,1.0,0.25
noise_2.0,0.996736623884744,0.06565487376515895,1.0,1.0,-0.049705009363489636,44,113,800,3,2,100,0.0,0,0.3,0.0,0.0,2.0,0.7,1.0,1.0,0.25,1.0,0.25
noise_2.0,0.844331557467303,0.0674471473318387,1.0,1.0,-2.3080063233336046,45,114,800,3,2,100,0.0,0,0.3,0.0,0.0,2.0,0.7,1.0,1.0,0.25,1.0,0.25
noise_2.0,0.8493692272660545,0.06781263653867582,1.0,1.0,-2.22127881206972,46,115,800,3,2,100,0.0,0,0.3,0.0,0.0,2.0,0.7,1.0,1.0,0.25,1.0,0.25
noise_2.0,0.9555286178340119,0.06967146700086457,1.0,1.0,-0.6383012168444259,47,116,800,3,2,100,0.0,0,0.3,0.0,0.0,2.0,0.7,1.0,1.0,0.25,1.0,0.25
noise_2.0,0.9069984213239787,0.06928574114337711,1.0,1.0,-1.3422903059313116,48,117,800,3,2,100,0.0,0,0.3,0.0,0.0,2.0,0.7,1.0,1.0,0.25,1.0,0.25
noise_2.0,0.8347203824423285,0.06549200784688215,1.0,1.0,-2.5236608708667023,49,118,800,3,2,100,0.0,0,0.3,0.0,0.0,2.0,0.7,1.0,1.0,0.25,1.0,0.25
noise_2.0,0.917495545709392,0.07225829559088005,1.0,1.0,-1.1417990642588751,50,119,800,3,2,100,0.0,0,0.3,0.0,0.0,2.0,0.7,1.0,1.0,0.25,1.0,0.25
noise_2.0,1.0681191169331712,0.07191179230500812,1.0,1.0,0.9472593402240539,51,120,800,3,2,100,0.0,0,0.3,0.0,0.0,2.0,0.7,1.0,1.0,0.25,1.0,0.25
noise_2.0,0.8515302822228866,0.06454472644092589,1.0,1.0,-2.3002610122300116,52,121,800,3,2,100,0.0,0,0.3,0.0,0.0,2.0,0.7,1.0,1.0,0.25,1.0,0.25
noise_2.0,0.8229128001048549,0.07177849366901175,1.0,1.0,-2.4671345251648447,53,122,800,3,2,100,0.0,0,0.3,0.0,0.0,2.0,0.7,1.0,1.0,0.25,1.0,0.25
noise_2.0,1.095578592610352,0.07020959137394119,1.0,1.0,1.3613324154144952,54,123,800,3,2,100,0.0,0,0.3,0.0,0.0,2.0,0.7,1.0,1.0,0.25,1.0,0.25
noise_2.0,0.9444627368987404,0.06711328526200534,1.0,1.0,-0.8275151914326085,55,124,800,3,2,100,0.0,0,0.3,0.0,0.0,2.0,0.7,1.0,1.0,0.25,1.0,0.25
noise_2.0,1.0214189199810182,0.06839953352240964,1.0,1.0,0.31314424058171014,56,125,800,3,2,100,0.0,0,0.3,0.0,0.0,2.0,0.7,1.0,1.0,0.25,1.0,0.25
noise_2.0,0.9303164835526804,0.07225465213535161,1.0,1.0,-0.9644156381347518,57,126,800,3,2,100,0.0,0,0.3,0.0,0.0,2.0,0.7,1.0,1.0,0.25,1.0,0.25
noise_2.0,1.0320425669306215,0.06695354768231604,1.0,1.0,0.478579075191928,58,127,800,3,2,100,0.0,0,0.3,0.0,0.0,2.0,0.7,1.0,1.0,0.25,1.0,0.25
noise_2.0,0.9986574006663897,0.0649456680747561,1.0,1.0,-0.020672654133988482,59,128,800,3,2,100,0.0,0,0.3,0.0,0.0,2.0,0.7,1.0,1.0,0.25,1.0,0.25
noise_2.0,0.9603653693725369,0.07033640741875585,1.0,1.0,-0.563500924798359,60,129,800,3,2,100,0.0,0,0.3,0.0,0.0,2.0,0.7,1.0,1.0,0.25,1.0,0.25
noise_2.0,0.9870904731070619,0.06568602417112429,1.0,1.0,-0.19653384499732243,61,130,800,3,2,100,0.0,0,0.3,0.0,0.0,2.0,0.7,1.0,1.0,0.25,1.0,0.25
noise_2.0,0.8665057854781941,0.07282902745809067,1.0,1.0,-1.8329808756354036,62,131,800,3,2,100,0.0,0,0.3,0.0,0.0,2.0,0.7,1.0,1.0,0.25,1.0,0.25
noise_2.0,0.9212695594751936,0.079683791866897,1.0,1.0,-0.9880358185804825,63,132,800,3,2,100,0.0,0,0.3,0.0,0.0,2.0,0.7,1.0,1.0,0.25,1.0,0.25
noise_2.0,1.0081930199992177,0.06691710140153923,1.0,1.0,0.1224353689508326,64,133,800,3,2,100,0.0,0,0.3,0.0,0.0,2.0,0.7,1.0,1.0,0.25,1.0,0.25
noise_2.0,1.0036409656453968,0.06504199061940004,1.0,1.0,0.05597869331371377,65,134,800,3,2,100,0.0,0,0.3,0.0,0.0,2.0,0.7,1.0,1.0,0.25,1.0,0.25
noise_2.0,0.9673390951358172,0.06449289829346898,1.0,1.0,-0.5064263776076925,66,135,800,3,2,100,0.0,0,0.3,0.0,0.0,2.0,0.7,1.0,1.0,0.25,1.0,0.25
noise_2.0,0.908397534702016,0.07917602681115966,1.0,1.0,-1.1569469824049425,67,136,800,3,2,100,0.0,0,0.3,0.0,0.0,2.0,0.7,1.0,1.0,0.25,1.0,0.25
noise_2.0,0.9283478695268451,0.06824478691467006,1.0,1.0,-1.049928261373945,68,137,800,3,2,100,0.0,0,0.3,0.0,0.0,2.0,0.7,1.0,1.0,0.25,1.0,0.25
noise_2.0,1.1119239303562474,0.06941427755231375,1.0,1.0,1.612405031110443,69,138,800,3,2,100,0.0,0,0.3,0.0,0.0,2.0,0.7,1.0,1.0,0.25,1.0,0.25
noise_2.0,0.8564745297629108,0.06599437280353447,1.0,1.0,-2.1748137627486073,70,139,800,3,2,100,0.0,0,0.3,0.0,0.0,2.0,0.7,1.0,1.0,0.25,1.0,0.25
noise_2.0,0.9889253777110915,0.07418076509960685,1.0,1.0,-0.14929237079232063,71,140,800,3,2,100,0.0,0,0.3,0.0,0.0,2.0,0.7,1.0,1.0,0.25,1.0,0.25
noise_2.0,0.9135010569739095,0.07392005084810895,1.0,1.0,-1.17016887885844,72,141,800,3,2,100,0.0,0,0.3,0.0,0.0,2.0,0.7,1.0,1.0,0.25,1.0,0.25
noise_2.0,1.0920827587405557,0.07279601688347084,1.0,1.0,1.264942268585359,73,142,800,3,2,100,0.0,0,0.3,0.0,0.0,2.0,0.7,1.0,1.0,0.25,1.0,0.25
noise_2.0,1.0120948946798478,0.06965812484769839,1.0,1.0,0.17363221743755347,74,143,800,3,2,100,0.0,0,0.3,0.0,0.0,2.0,0.7,1.0,1.0,0.25,1.0,0.25
noise_2.0,0.9519322425599535,0.06795917068060625,1.0,1.0,-0.7073034729331065,75,144,800,3,2,100,0.0,0,0.3,0.0,0.0,2.0,0.7,1.0,1.0,0.25,1.0,0.25
noise_2.0,0.9905017977909083,0.06780542692680619,1.0,1.0,-0.14008026554194117,76,145,800,3,2,100,0.0,0,0.3,0.0,0.0,2.0,0.7,1.0,1.0,0.25,1.0,0.25
noise_2.0,1.034552694625655,0.06654936823630493,1.0,1.0,0.5192039465042622,77,146,800,3,2,100,0.0,0,0.3,0.0,0.0,2.0,0.7,1.0,1.0,0.25,1.0,0.25
noise_2.0,0.98882029042845,0.06822204700562001,1.0,1.0,-0.16387238528080295,78,147,800,3,2,100,0.0,0,0.3,0.0,0.0,2.0,0.7,1.0,1.0,0.25,1.0,0.25
noise_2.0,0.9485060403108331,0.06950014799844248,1.0,1.0,-0.7409187055302519,79,148,800,3,2,100,0.0,0,0.3,0.0,0.0,2.0,0.7,1.0,1.0,0.25,1.0,0.25
noise_2.0,0.9952225238422645,0.07803989130141854,1.0,1.0,-0.06121838559824664,80,149,800,3,2,100,0.0,0,0.3,0.0,0.0,2.0,0.7,1.0,1.0,0.25,1.0,0.25
noise_2.0,0.9818381838074317,0.07115245804848594,1.0,1.0,-0.25525212607823267,81,150,800,3,2,100,0.0,0,0.3,0.0,0.0,2.0,0.7,1.0,1.0,0.25,1.0,0.25
noise_2.0,0.9693891469898513,0.07024669621751396,1.0,1.0,-0.435762173289464,82,151,800,3,2,100,0.0,0,0.3,0.0,0.0,2.0,0.7,1.0,1.0,0.25,1.0,0.25
noise_2.0,0.9732895492068951,0.06796438872486132,1.0,1.0,-0.393006562616728,83,152,800,3,2,100,0.0,0,0.3,0.0,0.0,2.0,0.7,1.0,1.0,0.25,1.0,0.25
noise_2.0,0.9279408804926892,0.07324104933321435,1.0,1.0,-0.9838624673367761,84,153,800,3,2,100,0.0,0,0.3,0.0,0.0,2.0,0.7,1.0,1.0,0.25,1.0,0.25
noise_2.0,1.0125500631346793,0.06403400334923756,1.0,1.0,0.1959906062132652,85,154,800,3,2,100,0.0,0,0.3,0.0,0.0,2.0,0.7,1.0,1.0,0.25,1.0,0.25
noise_2.0,0.936519963391222,0.06577694432036571,1.0,1.0,-0.9650803524651334,86,155,800,3,2,100,0.0,0,0.3,0.0,0.0,2.0,0.7,1.0,1.0,0.25,1.0,0.25
noise_2.0,0.8385277527408395,0.0648163433929971,1.0,1.0,-2.4912273480180054,87,156,800,3,2,100,0.0,0,0.3,0.0,0.0,2.0,0.7,1.0,1.0,0.25,1.0,0.25
noise_2.0,0.9803449373931491,0.07286623518819302,1.0,1.0,-0.26974170623866317,88,157,800,3,2,100,0.0,0,0.3,0.0,0.0,2.0,0.7,1.0,1.0,0.25,1.0,0.25
noise_2.0,1.020648706302412,0.06986489316333919,1.0,1.0,0.2955519627595604,89,158,800,3,2,100,0.0,0,0.3,0.0,0.0,2.0,0.7,1.0,1.0,0.25,1.0,0.25
noise_2.0,0.9121523966397587,0.07136154006801418,1.0,1.0,-1.2310216858620822,90,159,800,3,2,100,0.0,0,0.3,0.0,0.0,2.0,0.7,1.0,1.0,0.25,1.0,0.25
noise_2.0,0.9045051257116898,0.07375431602587126,1.0,1.0,-1.2947699800349695,91,160,800,3,2,100,0.0,0,0.3,0.0,0.0,2.0,0.7,1.0,1.0,0.25,1.0,0.25
noise_2.0,1.0428271649945255,0.07149606022525917,1.0,1.0,0.5990143353296961,92,161,800,3,2,100,0.0,0,0.3,0.0,0.0,2.0,0.7,1.0,1.0,0.25,1.0,0.25
noise_2.0,0.9370819458660646,0.07203621581426718,1.0,1.0,-0.8734225336899788,93,162,800,3,2,100,0.0,0,0.3,0.0,0.0,2.0,0.7,1.0,1.0,0.25,1.0,0.25
noise_2.0,0.8355770709704026,0.07014281220676973,1.0,1.0,-2.3441165795421073,94,163,800,3,2,100,0.0,0,0.3,0.0,0.0,2.0,0.7,1.0,1.0,0.25,1.0,0.25
noise_2.0,0.9828180384443108,0.07026870591827698,1.0,1.0,-0.24451797327350713,95,164,800,3,2,100,0.0,0,0.3,0.0,0.0,2.0,0.7,1.0,1.0,0.25,1.0,0.25
noise_2.0,0.98162817679364,0.06479790876685378,1.0,1.0,-0.2835249401714917,96,165,800,3,2,100,0.0,0,0.3,0.0,0.0,2.0,0.7,1.0,1.0,0.25,1.0,0.25
noise_2.0,0.9007067531048168,0.0660260041346609,1.0,1.0,-1.503850614565032,97,166,800,3,2,100,0.0,0,0.3,0.0,0.0,2.0,0.7,1.0,1.0,0.25,1.0,0.25
noise_2.0,1.0051739976977663,0.0697397271468206,1.0,1.0,0.0741901052591393,98,167,800,3,2,100,0.0,0,0.3,0.0,0.0,2.0,0.7,1.0,1.0,0.25,1.0,0.25
noise_2.0,1.0110139342288205,0.06670273548078003,1.0,1.0,0.16511967836752456,99,168,800,3,2,100,0.0,0,0.3,0.0,0.0,2.0,0.7,1.0,1.0,0.25,1.0,0.25
rho_0.3,1.0237134832214705,0.041311548963081,1.0,1.0,0.5740158337481507,0,70,800,3,2,100,0.0,0,0.3,0.0,0.0,1.0,0.3,1.0,1.0,0.25,1.0,0.25
rho_0.3,0.9417069022528038,0.036626473718679,1.0,1.0,-1.5915563751764472,1,71,800,3,2,100,0.0,0,0.3,0.0,0.0,1.0,0.3,1.0,1.0,0.25,1.0,0.25
rho_0.3,1.057059534472966,0.03453869656919173,1.0,1.0,1.6520465489674203,2,72,800,3,2,100,0.0,0,0.3,0.0,0.0,1.0,0.3,1.0,1.0,0.25,1.0,0.25
rho_0.3,0.9968122898319457,0.03801704730768622,1.0,1.0,-0.0838494936825306,3,73,800,3,2,100,0.0,0,0.3,0.0,0.0,1.0,0.3,1.0,1.0,0.25,1.0,0.25
rho_0.3,0.9721800447062912,0.034276483643241644,1.0,1.0,-0.8116338765453892,4,74,800,3,2,100,0.0,0,0.3,0.0,0.0,1.0,0.3,1.0,1.0,0.25,1.0,0.25
rho_0.3,0.9292816352264408,0.034029693600940734,1.0,1.0,-2.078136982450063,5,75,800,3,2,100,0.0,0,0.3,0.0,0.0,1.0,0.3,1.0,1.0,0.25,1.0,0.25
rho_0.3,0.9944500745068986,0.038315123842875685,1.0,1.0,-0.14484947290946465,6,76,800,3,2,100,0.0,0,0.3,0.0,0.0,1.0,0.3,1.0,1.0,0.25,1.0,0.25
rho_0.3,1.0731970185838455,0.036786583552982796,1.0,1.0,1.9897748449083807,7,77,800,3,2,100,0.0,0,0.3,0.0,0.0,1.0,0.3,1.0,1.0,0.25,1.0,0.25
rho_0.3,0.9585261123871179,0.037207155441987896,1.0,1.0,-1.1146750435557136,8,78,800,3,2,100,0.0,0,0.3,0.0,0.0,1.0,0.3,1.0,1.0,0.25,1.0,0.25
rho_0.3,0.9495462923591464,0.04025960566111318,1.0,1.0,-1.2532091860399635,9,79,800,3,2,100,0.0,0,0.3,0.0,0.0,1.0,0.3,1.0,1.0,0.25,1.0,0.25
rho_0.3,0.9825014545278009,0.03717750282341666,1.0,1.0,-0.47067565444921267,10,80,800,3,2,100,0.0,0,0.3,0.0,0.0,1.0,0.3,1.0,1.0,0.25,1.0,0.25
rho_0.3,0.9730368527999,0.033476509636937386,1.0,1.0,-0.8054348405052748,11,81,800,3,2,100,0.0,0,0.3,0.0,0.0,1.0,0.3,1.0,1.0,0.25,1.0,0.25
rho_0.3,1.018050215584795,0.03392111328232051,1.0,1.0,0.5321233249205501,12,82,800,3,2,100,0.0,0,0.3,0.0,0.0,1.0,0.3,1.0,1.0,0.25,1.0,0.25
rho_0.3,0.9658403037089413,0.03452601641026779,1.0,1.0,-0.9893900264989708,13,83,800,3,2,100,0.0,0,0.3,0.0,0.0,1.0,0.3,1.0,1.0,0.25,1.0,0.25
rho_0.3,0.9544853842385022,0.03494208253408959,1.0,1.0,-1.3025730712270416,14,84,800,3,2,100,0.0,0,0.3,0.0,0.0,1.0,0.3,1.0,1.0,0.25,1.0,0.25
rho_0.3,0.9623021374689107,0.03684256508722834,1.0,1.0,-1.0232149265892851,15,85,800,3,2,100,0.0,0,0.3,0.0,0.0,1.0,0.3,1.0,1.0,0.25,1.0,0.25
rho_0.3,0.9782212973580378,0.03434880996343875,1.0,1.0,-0.6340453327245902,16,86,800,3,2,100,0.0,0,0.3,0.0,0.0,1.0,0.3,1.0,1.0,0.25,1.0,0.25
rho_0.3,0.9874789361695847,0.03668873871380064,1.0,1.0,-0.3412781215535609,17,87,800,3,2,100,0.0,0,0.3,0.0,0.0,1.0,0.3,1.0,1.0,0.25,1.0,0.25
rho_0.3,0.9692644743704538,0.03630032689490054,1.0,1.0,-0.8467010701731145,18,88,800,3,2,100,0.0,0,0.3,0.0,0.0,1.0,0.3,1.0,1.0,0.25,1.0,0.25
rho_0.3,0.9554150002798297,0.03833659922828715,1.0,1.0,-1.1629878658426398,19,89,800,3,2,100,0.0,0,0.3,0.0,0.0,1.0,0.3,1.0,1.0,0.25,1.0,0.25
rho_0.3,0.925128691040999,0.035845697534771605,1.0,1.0,-2.0887111733946067,20,90,800,3,2,100,0.0,0,0.3,0.0,0.0,1.0,0.3,1.0,1.0,0.25,1.0,0.25
rho_0.3,0.9591829764809947,0.03569852066451127,1.0,1.0,-1.143381371530682,21,91,800,3,2,100,0.0,0,0.3,0.0,0.0,1.0,0.3,1.0,1.0,0.25,1.0,0.25
rho_0.3,0.9565635008526314,0.03922982965180919,1.0,1.0,-1.107231398476526,22,92,800,3,2,100,0.0,0,0.3,0.0,0.0,1.0,0.3,1.0,1.0,0.25,1.0,0.25
rho_0.3,1.0165613702972112,0.037939243105257904,1.0,1.0,0.43652347652966134,23,93,800,3,2,100,0.0,0,0.3,0.0,0.0,1.0,0.3,1.0,1.0,0.25,1.0,0.25
rho_0.3,0.9086021594229555,0.03543828890589489,1.0,1.0,-2.579070361431619,24,94,800,3,2,100,0.0,0,0.3,0.0,0.0,1.0,0.3,1.0,1.0,0.25,1.0,0.25
rho_0.3,1.0200092093135438,0.03692287846035016,1.0,1.0,0.541918998407201,25,95,800,3,2,100,0.0,0,0.3,0.0,0.0,1.0,0.3,1.0,1.0,0.25,1.0,0.25
rho_0.3,0.9470125673049086,0.036934563057411496,1.0,1.0,-1.4346300134301624,26,96,800,3,2,100,0.0,0,0.3,0.0,0.0,1.0,0.3,1.0,1.0,0.25,1.0,0.25
rho_0.3,0.9585353638107087,0.03700243778339535,1.0,1.0,-1.1205920115862837,27,97,800,3,2,100,0.0,0,0.3,0.0,0.0,1.0,0.3,1.0,1.0,0.25,1.0,0.25
rho_0.3,0.9268163230219014,0.03445109745604859,1.0,1.0,-2.1242770878769117,28,98,800,3,2,100,0.0,0,0.3,0.0,0.0,1.0,0.3,1.0,1.0,0.25,1.0,0.25
rho_0.3,1.0112680559791294,0.030505217468228745,1.0,1.0,0.36938127029794476,29,99,800,3,2,100,0.0,0,0.3,0.0,0.0,1.0,0.3,1.0,1.0,0.25,1.0,0.25
rho_0.3,0.9911800402776924,0.03482633555092966,1.0,1.0,-0.25325546264864507,30,100,800,3,2,100,0.0,0,0.3,0.0,0.0,1.0,0.3,1.0,1.0,0.25,1.0,0.25
rho_0.3,0.9397913491263578,0.033353611445261055,1.0,1.0,-1.8051613682810592,31,101,800,3,2,100,0.0,0,0.3,0.0,0.0,1.0,0.3,1.0,1.0,0.25,1.0,0.25
rho_0.3,0.9629864537954465,0.03585336277209703,1.0,1.0,-1.032359124577275,32,102,800,3,2,100,0.0,0,0.3,0.0,0.0,1.0,0.3,1.0,1.0,0.25,1.0,0.25
rho_0.3,1.015624647982877,0.03563344304237376,1.0,1.0,0.4384826906649698,33,103,800,3,2,100,0.0,0,0.3,0.0,0.0,1.0,0.3,1.0,1.0,0.25,1.0,0.25
rho_0.3,0.9747890008034371,0.035232658827546774,1.0,1.0,-0.7155576682407966,34,104,800,3,2,100,0.0,0,0.3,0.0,0.0,1.0,0.3,1.0,1.0,0.25,1.0,0.25
rho_0.3,0.9510400820707002,0.03532386937351034,1.0,1.0,-1.3860292996671313,35,105,800,3,2,100,0.0,0,0.3,0.0,0.0,1.0,0.3,1.0,1.0,0.25,1.0,0.25
rho_0.3,1.014557923892905,0.0376858910423449,1.0,1.0,0.38629639608487215,36,106,800,3,2,100,0.0,0,0.3,0.0,0.0,1.0,0.3,1.0,1.0,0.25,1.0,0.25
rho_0.3,0.9925967902298819,0.036103935628622054,1.0,1.0,-0.20505270800031764,37,107,800,3,2,100,0.0,0,0.3,0.0,0.0,1.0,0.3,1.0,1.0,0.25,1.0,0.25
rho_0.3,1.0091779382285555,0.03220207068669674,1.0,1.0,0.28501080933118617,38,108,800,3,2,100,0.0,0,0.3,0.0,0.0,1.0,0.3,1.0,1.0,0.25,1.0,0.25
rho_0.3,1.0633111792812453,0.0368562784833009,1.0,1.0,1.717785459807907,39,109,800,3,2,100,0.0,0,0.3,0.0,0.0,1.0,0.3,1.0,1.0,0.25,1.0,0.25
rho_0.3,0.9471676497530652,0.031355548023769934,1.0,1.0,-1.6849442467688258,40,110,800,3,2,100,0.0,0,0.3,0.0,0.0,1.0,0.3,1.0,1.0,0.25,1.0,0.25
rho_0.3,1.0036447032171343,0.035742828338753994,1.0,1.0,0.1019701961633106,41,111,800,3,2,100,0.0,0,0.3,0.0,0.0,1.0,0.3,1.0,1.0,0.25,1.0,0.25
rho_0.3,0.9010707390350025,0.03557405330526571,1.0,1.0,-2.780938683485751,42,112,800,3,2,100,0.0,0,0.3,0.0,0.0,1.0,0.3,1.0,1.0,0.25,1.0,0.25
rho_0.3,0.9940743523264879,0.03400812937460004,1.0,1.0,-0.1742420939488032,43,113,800,3,2,100,0.0,0,0.3,0.0,0.0,1.0,0.3,1.0,1.0,0.25,1.0,0.25
rho_0.3,0.931346836788157,0.03653035629069936,1.0,1.0,-1.8793455685326048,44,114,800,3,2,100,0.0,0,0.3,0.0,0.0,1.0,0.3,1.0,1.0,0.25,1.0,0.25
rho_0.3,0.9201904327546601,0.033632112443507334,1.0,1.0,-2.373016782082838,45,115,800,3,2,100,0.0,0,0.3,0.0,0.0,1.0,0.3,1.0,1.0,0.25,1.0,0.25
rho_0.3,0.9966491736668369,0.03579916844444141,1.0,1.0,-0.09360067506493631,46,116,800,3,2,100,0.0,0,0.3,0.0,0.0,1.0,0.3,1.0,1.0,0.25,1.0,0.25
rho_0.3,0.9477950201711056,0.03561966045719857,1.0,1.0,-1.4656226128720438,47,117,800,3,2,100,0.0,0,0.3,0.0,0.0,1.0,0.3,1.0,1.0,0.25,1.0,0.25
rho_0.3,0.9075576019381246,0.03385893362891396,1.0,1.0,-2.730221780609589,48,118,800,3,2,100,0.0,0,0.3,0.0,0.0,1.0,0.3,1.0,1.0,0.25,1.0,0.25
rho_0.3,0.9490891860046734,0.035679053066182936,1.0,1.0,-1.4269104592234967,49,119,800,3,2,100,0.0,0,0.3,0.0,0.0,1.0,0.3,1.0,1.0,0.25,1.0,0.25
rho_0.3,1.0349000585189931,0.03571732811018626,1.0,1.0,0.9771184006633451,50,120,800,3,2,100,0.0,0,0.3,0.0,0.0,1.0,0.3,1.0,1.0,0.25,1.0,0.25
rho_0.3,0.9232569894028335,0.0340294094325808,1.0,1.0,-2.2551966630279034,51,121,800,3,2,100,0.0,0,0.3,0.0,0.0,1.0,0.3,1.0,1.0,0.25,1.0,0.25
rho_0.3,0.9129262654126336,0.03609023134674099,1.0,1.0,-2.412667675936895,52,122,800,3,2,100,0.0,0,0.3,0.0,0.0,1.0,0.3,1.0,1.0,0.25,1.0,0.25
rho_0.3,1.0154037205378725,0.03625984643946936,1.0,1.0,0.42481483101664114,53,123,800,3,2,100,0.0,0,0.3,0.0,0.0,1.0,0.3,1.0,1.0,0.25,1.0,0.25
rho_0.3,0.9711588892453603,0.0351542217351051,1.0,1.0,-0.8204167047691707,54,124,800,3,2,100,0.0,0,0.3,0.0,0.0,1.0,0.3,1.0,1.0,0.25,1.0,0.25
rho_0.3,1.0133773269548096,0.034542281279030786,1.0,1.0,0.3872739859521228,55,125,800,3,2,100,0.0,0,0.3,0.0,0.0,1.0,0.3,1.0,1.0,0.25,1.0,0.25
rho_0.3,0.9484705983402437,0.0374176666641109,1.0,1.0,-1.3771409671886523,56,126,800,3,2,100,0.0,0,0.3,0.0,0.0,1.0,0.3,1.0,1.0,0.25,1.0,0.25
rho_0.3,1.003178271955709,0.03423629519025168,1.0,1.0,0.09283340788035781,57,127,800,3,2,100,0.0,0,0.3,0.0,0.0,1.0,0.3,1.0,1.0,0.25,1.0,0.25
rho_0.3,0.9873273209245266,0.03354107529783121,1.0,1.0,-0.3778256648883541,58,128,800,3,2,100,0.0,0,0.3,0.0,0.0,1.0,0.3,1.0,1.0,0.25,1.0,0.25
rho_0.3,0.9876516700787958,0.03535606472003477,1.0,1.0,-0.3492563445333578,59,129,800,3,2,100,0.0,0,0.3,0.0,0.0,1.0,0.3,1.0,1.0,0.25,1.0,0.25
rho_0.3,0.9564918368052485,0.033939325404410116,1.0,1.0,-1.2819395399384685,60,130,800,3,2,100,0.0,0,0.3,0.0,0.0,1.0,0.3,1.0,1.0,0.25,1.0,0.25
rho_0.3,0.9566781984538898,0.03710798314933825,1.0,1.0,-1.1674523342258973,61,131,800,3,2,100,0.0,0,0.3,0.0,0.0,1.0,0.3,1.0,1.0,0.25,1.0,0.25
rho_0.3,0.962812548180896,0.04011617229812635,1.0,1.0,-0.9269940198367543,62,132,800,3,2,100,0.0,0,0.3,0.0,0.0,1.0,0.3,1.0,1.0,0.25,1.0,0.25
rho_0.3,0.9620805088056984,0.03289172303226073,1.0,1.0,-1.1528581569627578,63,133,800,3,2,100,0.0,0,0.3,0.0,0.0,1.0,0.3,1.0,1.0,0.25,1.0,0.25
rho_0.3,0.9930190159716605,0.033799940140983885,1.0,1.0,-0.2065383547787625,64,134,800,3,2,100,0.0,0,0.3,0.0,0.0,1.0,0.3,1.0,1.0,0.25,1.0,0.25
rho_0.3,0.96462277135132,0.03254368588561685,1.0,1.0,-1.0870688948087301,65,135,800,3,2,100,0.0,0,0.3,0.0,0.0,1.0,0.3,1.0,1.0,0.25,1.0,0.25
rho_0.3,0.9279371262793371,0.039472482572125774,1.0,1.0,-1.8256483764097327,66,136,800,3,2,100,0.0,0,0.3,0.0,0.0,1.0,0.3,1.0,1.0,0.25,1.0,0.25
rho_0.3,0.9561472787746763,0.03664015786690563,1.0,1.0,-1.1968485884972848,67,137,800,3,2,100,0.0,0,0.3,0.0,0.0,1.0,0.3,1.0,1.0,0.25,1.0,0.25
rho_0.3,1.0794894137775528,0.0343708161655892,1.0,1.0,2.3127007922824565,68,138,800,3,2,100,0.0,0,0.3,0.0,0.0,1.0,0.3,1.0,1.0,0.25,1.0,0.25
rho_0.3,0.9295653106147824,0.03406079019454573,1.0,1.0,-2.0679111959210075,69,139,800,3,2,100,0.0,0,0.3,0.0,0.0,1.0,0.3,1.0,1.0,0.25,1.0,0.25
rho_0.3,0.983050618910226,0.035565398038091084,1.0,1.0,-0.47656941928840235,70,140,800,3,2,100,0.0,0,0.3,0.0,0.0,1.0,0.3,1.0,1.0,0.25,1.0,0.25
rho_0.3,0.9545373755121254,0.036741729008638375,1.0,1.0,-1.2373566980798831,71,141,800,3,2,100,0.0,0,0.3,0.0,0.0,1.0,0.3,1.0,1.0,0.25,1.0,0.25
rho_0.3,1.0373194594299,0.0371786784363848,1.0,1.0,1.0037866056416203,72,142,800,3,2,100,0.0,0,0.3,0.0,0.0,1.0,0.3,1.0,1.0,0.25,1.0,0.25
rho_0.3,0.9964322374122623,0.03504750814855494,1.0,1.0,-0.10179789594784147,73,143,800,3,2,100,0.0,0,0.3,0.0,0.0,1.0,0.3,1.0,1.0,0.25,1.0,0.25
rho_0.3,0.9749311368474076,0.03404749873745267,1.0,1.0,-0.7362908901444887,74,144,800,3,2,100,0.0,0,0.3,0.0,0.0,1.0,0.3,1.0,1.0,0.25,1.0,0.25
rho_0.3,0.9992241139249597,0.03705762977847158,1.0,1.0,-0.020937282812703184,75,145,800,3,2,100,0.0,0,0.3,0.0,0.0,1.0,0.3,1.0,1.0,0.25,1.0,0.25
rho_0.3,1.0273479073578764,0.03444042601484051,1.0,1.0,0.794064142705206,76,146,800,3,2,100,0.0,0,0.3,0.0,0.0,1.0,0.3,1.0,1.0,0.25,1.0,0.25
rho_0.3,0.989023615694974,0.03649615512885441,1.0,1.0,-0.3007545388349118,77,147,800,3,2,100,0.0,0,0.3,0.0,0.0,1.0,0.3,1.0,1.0,0.25,1.0,0.25
rho_0.3,0.97686763314138,0.036499034414916705,1.0,1.0,-0.6337802418456872,78,148,800,3,2,100,0.0,0,0.3,0.0,0.0,1.0,0.3,1.0,1.0,0.25,1.0,0.25
rho_0.3,0.9542940974260495,0.03853023610373922,1.0,1.0,-1.1862346872438414,79,149,800,3,2,100,0.0,0,0.3,0.0,0.0,1.0,0.3,1.0,1.0,0.25,1.0,0.25
rho_0.3,0.9705339763536639,0.03616423465026354,1.0,1.0,-0.8147835542849342,80,150,800,3,2,100,0.0,0,0.3,0.0,0.0,1.0,0.3,1.0,1.0,0.25,1.0,0.25
rho_0.3,1.0039797105022417,0.03634590702059841,1.0,1.0,0.10949542406483984,81,151,800,3,2,100,0.0,0,0.3,0.0,0.0,1.0,0.3,1.0,1.0,0.25,1.0,0.25
rho_0.3,0.996018481626429,0.03465558930038229,1.0,1.0,-0.11488820285410782,82,152,800,3,2,100,0.0,0,0.3,0.0,0.0,1.0,0.3,1.0,1.0,0.25,1.0,0.25
rho_0.3,0.9617524165166628,0.03789600083909174,1.0,1.0,-1.0092775658766298,83,153,800,3,2,100,0.0,0,0.3,0.0,0.0,1.0,0.3,1.0,1.0,0.25,1.0,0.25
rho_0.3,0.9803010806409331,0.03418202981031709,1.0,1.0,-0.5762946047493408,84,154,800,3,2,100,0.0,0,0.3,0.0,0.0,1.0,0.3,1.0,1.0,0.25,1.0,0.25
rho_0.3,0.9868351778599926,0.032390941279481514,1.0,1.0,-0.4064353062918489,85,155,800,3,2,100,0.0,0,0.3,0.0,0.0,1.0,0.3,1.0,1.0,0.25,1.0,0.25
rho_0.3,0.913410237872457,0.032932170982739276,1.0,1.0,-2.6293365892253884,86,156,800,3,2,100,0.0,0,0.3,0.0,0.0,1.0,0.3,1.0,1.0,0.25,1.0,0.25
rho_0.3,1.0057412206273522,0.03822145094133412,1.0,1.0,0.15020938467679648,87,157,800,3,2,100,0.0,0,0.3,0.0,0.0,1.0,0.3,1.0,1.0,0.25,1.0,0.25
rho_0.3,0.9723982088062203,0.034618984065943846,1.0,1.0,-0.7973021721608736,88,158,800,3,2,100,0.0,0,0.3,0.0,0.0,1.0,0.3,1.0,1.0,0.25,1.0,0.25
rho_0.3,0.9564904331918999,0.03576906896727731,1.0,1.0,-1.2164019937981636,89,159,800,3,2,100,0.0,0,0.3,0.0,0.0,1.0,0.3,1.0,1.0,0.25,1.0,0.25
rho_0.3,0.9644680904397461,0.03709611895665282,1.0,1.0,-0.9578336106203794,90,160,800,3,2,100,0.0,0,0.3,0.0,0.0,1.0,0.3,1.0,1.0,0.25,1.0,0.25
rho_0.3,1.0078361922456915,0.03685802963729187,1.0,1.0,0.21260475187645714,91,161,800,3,2,100,0.0,0,0.3,0.0,0.0,1.0,0.3,1.0,1.0,0.25,1.0,0.25
rho_0.3,0.9804618630208547,0.03487522796275097,1.0,1.0,-0.560229656420119,92,162,800,3,2,100,0.0,0,0.3,0.0,0.0,1.0,0.3,1.0,1.0,0.25,1.0,0.25
rho_0.3,0.9267259335451711,0.034771104065374286,1.0,1.0,-2.107326425904221,93,163,800,3,2,100,0.0,0,0.3,0.0,0.0,1.0,0.3,1.0,1.0,0.25,1.0,0.25
rho_0.3,1.0022432181090406,0.0367040235324874,1.0,1.0,0.06111640886060048,94,164,800,3,2,100,0.0,0,0.3,0.0,0.0,1.0,0.3,1.0,1.0,0.25,1.0,0.25
rho_0.3,0.9877472853870592,0.034290773554366,1.0,1.0,-0.3573181163007243,95,165,800,3,2,100,0.0,0,0.3,0.0,0.0,1.0,0.3,1.0,1.0,0.25,1.0,0.25
rho_0.3,0.9604734429669356,0.033235114095838555,1.0,1.0,-1.1893010783439317,96,166,800,3,2,100,0.0,0,0.3,0.0,0.0,1.0,0.3,1.0,1.0,0.25,1.0,0.25
rho_0.3,0.9793904413811837,0.03585564742557268,1.0,1.0,-0.5747925389325789,97,167,800,3,2,100,0.0,0,0.3,0.0,0.0,1.0,0.3,1.0,1.0,0.25,1.0,0.25
rho_0.3,1.0107475104666774,0.03468105438512657,1.0,1.0,0.3098957242570643,98,168,800,3,2,100,0.0,0,0.3,0.0,0.0,1.0,0.3,1.0,1.0,0.25,1.0,0.25
rho_0.3,0.9528110838240574,0.03340625319357738,1.0,1.0,-1.4125773370182984,99,169,800,3,2,100,0.0,0,0.3,0.0,0.0,1.0,0.3,1.0,1.0,0.25,1.0,0.25
rho_0.5,0.9392589134657289,0.03845495858525829,1.0,1.0,-1.579538472251956,0,71,800,3,2,100,0.0,0,0.3,0.0,0.0,1.0,0.5,1.0,1.0,0.25,1.0,0.25
rho_0.5,1.0557700319439036,0.034092029055076224,1.0,1.0,1.6358671950503805,1,72,800,3,2,100,0.0,0,0.3,0.0,0.0,1.0,0.5,1.0,1.0,0.25,1.0,0.25
rho_0.5,1.0121437728583966,0.03662387830368978,1.0,1.0,0.3315807451548125,2,73,800,3,2,100,0.0,0,0.3,0.0,0.0,1.0,0.5,1.0,1.0,0.25,1.0,0.25
rho_0.5,0.9801351517364412,0.03400044452565009,1.0,1.0,-0.5842526043614724,3,74,800,3,2,100,0.0,0,0.3,0.0,0.0,1.0,0.5,1.0,1.0,0.25,1.0,0.25
rho_0.5,0.938833205263331,0.033334680949885426,1.0,1.0,-1.8349296586526713,4,75,800,3,2,100,0.0,0,0.3,0.0,0.0,1.0,0.5,1.0,1.0,0.25,1.0,0.25
rho_0.5,1.0013884732366898,0.03766044952652679,1.0,1.0,0.036868206676922026,5,76,800,3,2,100,0.0,0,0.3,0.0,0.0,1.0,0.5,1.0,1.0,0.25,1.0,0.25
rho_0.5,1.0825449854879396,0.03753443515790218,1.0,1.0,2.199180169907561,6,77,800,3,2,100,0.0,0,0.3,0.0,0.0,1.0,0.5,1.0,1.0,0.25,1.0,0.25
rho_0.5,0.9500978256447099,0.03847136109738319,1.0,1.0,-1.2971252623210263,7,78,800,3,2,100,0.0,0,0.3,0.0,0.0,1.0,0.5,1.0,1.0,0.25,1.0,0.25
rho_0.5,0.9460903356816406,0.04011680095714881,1.0,1.0,-1.3438176283284302,8,79,800,3,2,100,0.0,0,0.3,0.0,0.0,1.0,0.5,1.0,1.0,0.25,1.0,0.25
rho_0.5,0.9886732141286853,0.03689681826405088,1.0,1.0,-0.30698543679986096,9,80,800,3,2,100,0.0,0,0.3,0.0,0.0,1.0,0.5,1.0,1.0,0.25,1.0,0.25
rho_0.5,0.9930232348943663,0.034413514260039066,1.0,1.0,-0.202733294045913,10,81,800,3,2,100,0.0,0,0.3,0.0,0.0,1.0,0.5,1.0,1.0,0.25,1.0,0.25
rho_0.5,1.0113737955089228,0.03360623910936369,1.0,1.0,0.3384429739938897,11,82,800,3,2,100,0.0,0,0.3,0.0,0.0,1.0,0.5,1.0,1.0,0.25,1.0,0.25
rho_0.5,0.9440451045035592,0.03475786438681711,1.0,1.0,-1.6098484899337857,12,83,800,3,2,100,0.0,0,0.3,0.0,0.0,1.0,0.5,1.0,1.0,0.25,1.0,0.25
rho_0.5,0.9592960691104708,0.035119476357467656,1.0,1.0,-1.1590130352519923,13,84,800,3,2,100,0.0,0,0.3,0.0,0.0,1.0,0.5,1.0,1.0,0.25,1.0,0.25
rho_0.5,0.961873190465609,0.03738986601918338,1.0,1.0,-1.0197097126485952,14,85,800,3,2,100,0.0,0,0.3,0.0,0.0,1.0,0.5,1.0,1.0,0.25,1.0,0.25
rho_0.5,0.9709649683113885,0.03413939243464757,1.0,1.0,-0.8504847221341969,15,86,800,3,2,100,0.0,0,0.3,0.0,0.0,1.0,0.5,1.0,1.0,0.25,1.0,0.25
rho_0.5,0.977896390487677,0.03603868775246476,1.0,1.0,-0.6133300319962769,16,87,800,3,2,100,0.0,0,0.3,0.0,0.0,1.0,0.5,1.0,1.0,0.25,1.0,0.25
rho_0.5,0.9824231234553328,0.037712367777990946,1.0,1.0,-0.46607724681039886,17,88,800,3,2,100,0.0,0,0.3,0.0,0.0,1.0,0.5,1.0,1.0,0.25,1.0,0.25
rho_0.5,0.9593077401686517,0.03779617741771689,1.0,1.0,-1.0766236855548745,18,89,800,3,2,100,0.0,0,0.3,0.0,0.0,1.0,0.5,1.0,1.0,0.25,1.0,0.25
rho_0.5,0.9226191162362823,0.03599462103635009,1.0,1.0,-2.1497902057524816,19,90,800,3,2,100,0.0,0,0.3,0.0,0.0,1.0,0.5,1.0,1.0,0.25,1.0,0.25
rho_0.5,0.96837739172891,0.0359548102767742,1.0,1.0,-0.8795098076631294,20,91,800,3,2,100,0.0,0,0.3,0.0,0.0,1.0,0.5,1.0,1.0,0.25,1.0,0.25
rho_0.5,0.970212323474255,0.03899933615790978,1.0,1.0,-0.7637995786680462,21,92,800,3,2,100,0.0,0,0.3,0.0,0.0,1.0,0.5,1.0,1.0,0.25,1.0,0.25
rho_0.5,1.0175168834205963,0.03834331276531329,1.0,1.0,0.45684324481328353,22,93,800,3,2,100,0.0,0,0.3,0.0,0.0,1.0,0.5,1.0,1.0,0.25,1.0,0.25
rho_0.5,0.905655885646726,0.03684710850926592,1.0,1.0,-2.560421106843412,23,94,800,3,2,100,0.0,0,0.3,0.0,0.0,1.0,0.5,1.0,1.0,0.25,1.0,0.25
rho_0.5,1.0446550599362778,0.037026366732262,1.0,1.0,1.2060340745604068,24,95,800,3,2,100,0.0,0,0.3,0.0,0.0,1.0,0.5,1.0,1.0,0.25,1.0,0.25
rho_0.5,0.9577045682517242,0.039286104824874685,1.0,1.0,-1.076600287476087,25,96,800,3,2,100,0.0,0,0.3,0.0,0.0,1.0,0.5,1.0,1.0,0.25,1.0,0.25
rho_0.5,0.948088026307603,0.037554841862559106,1.0,1.0,-1.3822977575669526,26,97,800,3,2,100,0.0,0,0.3,0.0,0.0,1.0,0.5,1.0,1.0,0.25,1.0,0.25
rho_0.5,0.9168784111757924,0.0340425557783079,1.0,1.0,-2.441696486171968,27,98,800,3,2,100,0.0,0,0.3,0.0,0.0,1.0,0.5,1.0,1.0,0.25,1.0,0.25
rho_0.5,0.9989628148237149,0.03083129098690372,1.0,1.0,-0.03364066644908631,28,99,800,3,2,100,0.0,0,0.3,0.0,0.0,1.0,0.5,1.0,1.0,0.25,1.0,0.25
rho_0.5,0.998012555335562,0.03439954056631018,1.0,1.0,-0.05777532582468412,29,100,800,3,2,100,0.0,0,0.3,0.0,0.0,1.0,0.5,1.0,1.0,0.25,1.0,0.25
rho_0.5,0.9443986456713535,0.033348189238561435,1.0,1.0,-1.667297553426174,30,101,800,3,2,100,0.0,0,0.3,0.0,0.0,1.0,0.5,1.0,1.0,0.25,1.0,0.25
rho_0.5,0.9758967019702615,0.03529493550513237,1.0,1.0,-0.6829109526559012,31,102,800,3,2,100,0.0,0,0.3,0.0,0.0,1.0,0.5,1.0,1.0,0.25,1.0,0.25
rho_0.5,1.0009961346574354,0.035486551549555455,1.0,1.0,0.028070765231847386,32,103,800,3,2,100,0.0,0,0.3,0.0,0.0,1.0,0.5,1.0,1.0,0.25,1.0,0.25
rho_0.5,0.9662040871436595,0.036528198478887934,1.0,1.0,-0.9252006467242954,33,104,800,3,2,100,0.0,0,0.3,0.0,0.0,1.0,0.5,1.0,1.0,0.25,1.0,0.25
rho_0.5,0.9614357178229539,0.03648467605331464,1.0,1.0,-1.056999440551221,34,105,800,3,2,100,0.0,0,0.3,0.0,0.0,1.0,0.5,1.0,1.0,0.25,1.0,0.25
rho_0.5,1.0369243073340373,0.037187852193377294,1.0,1.0,0.9929131465304969,35,106,800,3,2,100,0.0,0,0.3,0.0,0.0,1.0,0.5,1.0,1.0,0.25,1.0,0.25
rho_0.5,1.01801432370846,0.03690984586419903,1.0,1.0,0.48806282677905016,36,107,800,3,2,100,0.0,0,0.3,0.0,0.0,1.0,0.5,1.0,1.0,0.25,1.0,0.25
rho_0.5,0.9973395389214391,0.032265376490411155,1.0,1.0,-0.08245560312465397,37,108,800,3,2,100,0.0,0,0.3,0.0,0.0,1.0,0.5,1.0,1.0,0.25,1.0,0.25
rho_0.5,1.068916002615519,0.03723043776902874,1.0,1.0,1.8510661368813863,38,109,800,3,2,100,0.0,0,0.3,0.0,0.0,1.0,0.5,1.0,1.0,0.25,1.0,0.25
rho_0.5,0.9608802080977431,0.03284393296094617,1.0,1.0,-1.1910812249182574,39,110,800,3,2,100,0.0,0,0.3,0.0,0.0,1.0,0.5,1.0,1.0,0.25,1.0,0.25
rho_0.5,1.0172589436055306,0.03604956699472375,1.0,1.0,0.47875591981608634,40,111,800,3,2,100,0.0,0,0.3,0.0,0.0,1.0,0.5,1.0,1.0,0.25,1.0,0.25
rho_0.5,0.8910420750685505,0.03642280815218781,1.0,1.0,-2.9914751349259907,41,112,800,3,2,100,0.0,0,0.3,0.0,0.0,1.0,0.5,1.0,1.0,0.25,1.0,0.25
rho_0.5,1.0022897982570829,0.03377191042333957,1.0,1.0,0.06780185747207237,42,113,800,3,2,100,0.0,0,0.3,0.0,0.0,1.0,0.5,1.0,1.0,0.25,1.0,0.25
rho_0.5,0.9257240051253045,0.03587972934395796,1.0,1.0,-2.0701381039598994,43,114,800,3,2,100,0.0,0,0.3,0.0,0.0,1.0,0.5,1.0,1.0,0.25,1.0,0.25
rho_0.5,0.9127649494670584,0.03349255375712478,1.0,1.0,-2.6046103013086688,44,115,800,3,2,100,0.0,0,0.3,0.0,0.0,1.0,0.5,1.0,1.0,0.25,1.0,0.25
rho_0.5,0.9873268633294441,0.03496906993399884,1.0,1.0,-0.36240988663625856,45,116,800,3,2,100,0.0,0,0.3,0.0,0.0,1.0,0.5,1.0,1.0,0.25,1.0,0.25
rho_0.5,0.944939966444767,0.03528521138074934,1.0,1.0,-1.5604280490515159,46,117,800,3,2,100,0.0,0,0.3,0.0,0.0,1.0,0.5,1.0,1.0,0.25,1.0,0.25
rho_0.5,0.9064515948668641,0.03409328355280602,1.0,1.0,-2.7438954358339145,47,118,800,3,2,100,0.0,0,0.3,0.0,0.0,1.0,0.5,1.0,1.0,0.25,1.0,0.25
rho_0.5,0.9401822612231322,0.0363006908542249,1.0,1.0,-1.6478402302887807,48,119,800,3,2,100,0.0,0,0.3,0.0,0.0,1.0,0.5,1.0,1.0,0.25,1.0,0.25
rho_0.5,1.020300468699245,0.036169446789268124,1.0,1.0,0.5612601380806391,49,120,800,3,2,100,0.0,0,0.3,0.0,0.0,1.0,0.5,1.0,1.0,0.25,1.0,0.25
rho_0.5,0.9573844286719487,0.033969319748460326,1.0,1.0,-1.254531195903116,50,121,800,3,2,100,0.0,0,0.3,0.0,0.0,1.0,0.5,1.0,1.0,0.25,1.0,0.25
rho_0.5,0.9132201754430243,0.03585889410883403,1.0,1.0,-2.4200362758983434,51,122,800,3,2,100,0.0,0,0.3,0.0,0.0,1.0,0.5,1.0,1.0,0.25,1.0,0.25
rho_0.5,1.0496100209627575,0.035208731784665354,1.0,1.0,1.409026069617321,52,123,800,3,2,100,0.0,0,0.3,0.0,0.0,1.0,0.5,1.0,1.0,0.25,1.0,0.25
rho_0.5,0.9595051995012461,0.03394633488220457,1.0,1.0,-1.1929064106411722,53,124,800,3,2,100,0.0,0,0.3,0.0,0.0,1.0,0.5,1.0,1.0,0.25,1.0,0.25
rho_0.5,1.0090651699272368,0.03543114337205238,1.0,1.0,0.2558531581113838,54,125,800,3,2,100,0.0,0,0.3,0.0,0.0,1.0,0.5,1.0,1.0,0.25,1.0,0.25
rho_0.5,0.9732343178013764,0.036712984904327964,1.0,1.0,-0.7290521941589205,55,126,800,3,2,100,0.0,0,0.3,0.0,0.0,1.0,0.5,1.0,1.0,0.25,1.0,0.25
rho_0.5,1.0122780664586346,0.03442566393441012,1.0,1.0,0.3566544564551472,56,127,800,3,2,100,0.0,0,0.3,0.0,0.0,1.0,0.5,1.0,1.0,0.25,1.0,0.25
rho_0.5,1.0017076521707138,0.03408241967360405,1.0,1.0,0.05010360728690612,57,128,800,3,2,100,0.0,0,0.3,0.0,0.0,1.0,0.5,1.0,1.0,0.25,1.0,0.25
rho_0.5,0.9923035333044437,0.03554144980534653,1.0,1.0,-0.2165490360609477,58,129,800,3,2,100,0.0,0,0.3,0.0,0.0,1.0,0.5,1.0,1.0,0.25,1.0,0.25
rho_0.5,0.969786838164867,0.03423639047346016,1.0,1.0,-0.8824867755423594,59,130,800,3,2,100,0.0,0,0.3,0.0,0.0,1.0,0.5,1.0,1.0,0.25,1.0,0.25
rho_0.5,0.934847137737029,0.036530452791838815,1.0,1.0,-1.7835218915634865,60,131,800,3,2,100,0.0,0,0.3,0.0,0.0,1.0,0.5,1.0,1.0,0.25,1.0,0.25
rho_0.5,0.9765533185004087,0.04130892677722774,1.0,1.0,-0.5675935767112853,61,132,800,3,2,100,0.0,0,0.3,0.0,0.0,1.0,0.5,1.0,1.0,0.25,1.0,0.25
rho_0.5,0.9843114945934068,0.0324594067026133,1.0,1.0,-0.48332693047436665,62,133,800,3,2,100,0.0,0,0.3,0.0,0.0,1.0,0.5,1.0,1.0,0.25,1.0,0.25
rho_0.5,0.9913537370168559,0.03330104200653428,1.0,1.0,-0.259639412527918,63,134,800,3,2,100,0.0,0,0.3,0.0,0.0,1.0,0.5,1.0,1.0,0.25,1.0,0.25
rho_0.5,0.9782442110096947,0.032898083908523806,1.0,1.0,-0.6613086966037075,64,135,800,3,2,100,0.0,0,0.3,0.0,0.0,1.0,0.5,1.0,1.0,0.25,1.0,0.25
rho_0.5,0.9350935660207788,0.03874631165041102,1.0,1.0,-1.6751641953649727,65,136,800,3,2,100,0.0,0,0.3,0.0,0.0,1.0,0.5,1.0,1.0,0.25,1.0,0.25
rho_0.5,0.9508867042806082,0.03521108787515745,1.0,1.0,-1.3948247180980407,66,137,800,3,2,100,0.0,0,0.3,0.0,0.0,1.0,0.5,1.0,1.0,0.25,1.0,0.25
rho_0.5,1.069972148276004,0.03397421512055583,1.0,1.0,2.0595662924871507,67,138,800,3,2,100,0.0,0,0.3,0.0,0.0,1.0,0.5,1.0,1.0,0.25,1.0,0.25
rho_0.5,0.9237996700905882,0.03365806497339709,1.0,1.0,-2.263954566896214,68,139,800,3,2,100,0.0,0,0.3,0.0,0.0,1.0,0.5,1.0,1.0,0.25,1.0,0.25
rho_0.5,0.9930173553639003,0.03706146093487499,1.0,1.0,-0.18840716096890173,69,140,800,3,2,100,0.0,0,0.3,0.0,0.0,1.0,0.5,1.0,1.0,0.25,1.0,0.25
rho_0.5,0.9547001523851565,0.03690079358575445,1.0,1.0,-1.2276117452479807,70,141,800,3,2,100,0.0,0,0.3,0.0,0.0,1.0,0.5,1.0,1.0,0.25,1.0,0.25
rho_0.5,1.0374892930942858,0.03790405487681596,1.0,1.0,0.9890575880633865,71,142,800,3,2,100,0.0,0,0.3,0.0,0.0,1.0,0.5,1.0,1.0,0.25,1.0,0.25
rho_0.5,0.9844444407098607,0.0360088833423865,1.0,1.0,-0.43199227096910997,72,143,800,3,2,100,0.0,0,0.3,0.0,0.0,1.0,0.5,1.0,1.0,0.25,1.0,0.25
rho_0.5,0.9575526155068512,0.03433110936794954,1.0,1.0,-1.2364116765995434,73,144,800,3,2,100,0.0,0,0.3,0.0,0.0,1.0,0.5,1.0,1.0,0.25,1.0,0.25
rho_0.5,0.9960306508467658,0.03580858132019752,1.0,1.0,-0.1108491039547366,74,145,800,3,2,100,0.0,0,0.3,0.0,0.0,1.0,0.5,1.0,1.0,0.25,1.0,0.25
rho_0.5,1.00875030881847,0.034864559459496285,1.0,1.0,0.2509800483392187,75,146,800,3,2,100,0.0,0,0.3,0.0,0.0,1.0,0.5,1.0,1.0,0.25,1.0,0.25
rho_0.5,0.981193651320034,0.035726657800789506,1.0,1.0,-0.5263954099717217,76,147,800,3,2,100,0.0,0,0.3,0.0,0.0,1.0,0.5,1.0,1.0,0.25,1.0,0.25
rho_0.5,1.0067810647987132,0.036131308442046074,1.0,1.0,0.18767836237068214,77,148,800,3,2,100,0.0,0,0.3,0.0,0.0,1.0,0.5,1.0,1.0,0.25,1.0,0.25
rho_0.5,0.9803379473004409,0.03873896781414176,1.0,1.0,-0.5075523125420351,78,149,800,3,2,100,0.0,0,0.3,0.0,0.0,1.0,0.5,1.0,1.0,0.25,1.0,0.25
rho_0.5,0.9985216212006987,0.036244433706125,1.0,1.0,-0.040789126719105465,79,150,800,3,2,100,0.0,0,0.3,0.0,0.0,1.0,0.5,1.0,1.0,0.25,1.0,0.25
rho_0.5,0.9985690649121693,0.035068377422353296,1.0,1.0,-0.04080414302027406,80,151,800,3,2,100,0.0,0,0.3,0.0,0.0,1.0,0.5,1.0,1.0,0.25,1.0,0.25
rho_0.5,0.9812884545634902,0.03438875302061321,1.0,1.0,-0.5441181721620947,81,152,800,3,2,100,0.0,0,0.3,0.0,0.0,1.0,0.5,1.0,1.0,0.25,1.0,0.25
rho_0.5,0.9572354799133695,0.03641927519053578,1.0,1.0,-1.174227654529039,82,153,800,3,2,100,0.0,0,0.3,0.0,0.0,1.0,0.5,1.0,1.0,0.25,1.0,0.25
rho_0.5,0.9980744281079091,0.03219314251525881,1.0,1.0,-0.05981310743982771,83,154,800,3,2,100,0.0,0,0.3,0.0,0.0,1.0,0.5,1.0,1.0,0.25,1.0,0.25
rho_0.5,0.9851043133605145,0.032855642087509185,1.0,1.0,-0.45336769252025716,84,155,800,3,2,100,0.0,0,0.3,0.0,0.0,1.0,0.5,1.0,1.0,0.25,1.0,0.25
rho_0.5,0.9301328747167316,0.03367962604907687,1.0,1.0,-2.0744626196698355,85,156,800,3,2,100,0.0,0,0.3,0.0,0.0,1.0,0.5,1.0,1.0,0.25,1.0,0.25
rho_0.5,1.005813918449298,0.03751076011777803,1.0,1.0,0.15499335206866524,86,157,800,3,2,100,0.0,0,0.3,0.0,0.0,1.0,0.5,1.0,1.0,0.25,1.0,0.25
rho_0.5,1.0122090602366698,0.035454209841123234,1.0,1.0,0.3443613689708728,87,158,800,3,2,100,0.0,0,0.3,0.0,0.0,1.0,0.5,1.0,1.0,0.25,1.0,0.25
rho_0.5,0.9456354810144271,0.035809294783949376,1.0,1.0,-1.5181678196561545,88,159,800,3,2,100,0.0,0,0.3,0.0,0.0,1.0,0.5,1.0,1.0,0.25,1.0,0.25
rho_0.5,0.9732296905174581,0.037565513098954714,1.0,1.0,-0.712629943640695,89,160,800,3,2,100,0.0,0,0.3,0.0,0.0,1.0,0.5,1.0,1.0,0.25,1.0,0.25
rho_0.5,1.014285873236166,0.03685046826293824,1.0,1.0,0.38767141666239585,90,161,800,3,2,100,0.0,0,0.3,0.0,0.0,1.0,0.5,1.0,1.0,0.25,1.0,0.25
rho_0.5,0.9761420140244041,0.03511443488460795,1.0,1.0,-0.6794352822136333,91,162,800,3,2,100,0.0,0,0.3,0.0,0.0,1.0,0.5,1.0,1.0,0.25,1.0,0.25
rho_0.5,0.9279139430488894,0.035822572792037814,1.0,1.0,-2.012308199346669,92,163,800,3,2,100,0.0,0,0.3,0.0,0.0,1.0,0.5,1.0,1.0,0.25,1.0,0.25
rho_0.5,1.0008293766505425,0.03541487447166769,1.0,1.0,0.023418878731477997,93,164,800,3,2,100,0.0,0,0.3,0.0,0.0,1.0,0.5,1.0,1.0,0.25,1.0,0.25
rho_0.5,0.9715036083752946,0.03445404454290676,1.0,1.0,-0.8270840768554157,94,165,800,3,2,100,0.0,0,0.3,0.0,0.0,1.0,0.5,1.0,1.0,0.25,1.0,0.25
rho_0.5,0.9428334800639444,0.033964261986407104,1.0,1.0,-1.6831374095198743,95,166,800,3,2,100,0.0,0,0.3,0.0,0.0,1.0,0.5,1.0,1.0,0.25,1.0,0.25
rho_0.5,0.9864628270672514,0.03633766299253225,1.0,1.0,-0.37253834776140143,96,167,800,3,2,100,0.0,0,0.3,0.0,0.0,1.0,0.5,1.0,1.0,0.25,1.0,0.25
rho_0.5,1.0175148292907754,0.03396970697230226,1.0,1.0,0.5156014240881267,97,168,800,3,2,100,0.0,0,0.3,0.0,0.0,1.0,0.5,1.0,1.0,0.25,1.0,0.25
rho_0.5,0.9527362123837236,0.033438079082862913,1.0,1.0,-1.4134719730506038,98,169,800,3,2,100,0.0,0,0.3,0.0,0.0,1.0,0.5,1.0,1.0,0.25,1.0,0.25
rho_0.5,0.9081208140757774,0.03566780348009334,1.0,1.0,-2.5759698372091115,99,170,800,3,2,100,0.0,0,0.3,0.0,0.0,1.0,0.5,1.0,1.0,0.25,1.0,0.25
rho_0.7,1.0683410571501706,0.034897788598154185,1.0,1.0,1.958320566873549,0,72,800,3,2,100,0.0,0,0.3,0.0,0.0,1.0,0.7,1.0,1.0,0.25,1.0,0.25
rho_0.7,1.0135003029646947,0.036495023213301,1.0,1.0,0.36992175305082153,1,73,800,3,2,100,0.0,0,0.3,0.0,0.0,1.0,0.7,1.0,1.0,0.25,1.0,0.25
rho_0.7,0.9735155871760806,0.03378007384492567,1.0,1.0,-0.784024716627369,2,74,800,3,2,100,0.0,0,0.3,0.0,0.0,1.0,0.7,1.0,1.0,0.25,1.0,0.25
rho_0.7,0.9549874033090352,0.03306118742550634,1.0,1.0,-1.3614936484779154,3,75,800,3,2,100,0.0,0,0.3,0.0,0.0,1.0,0.7,1.0,1.0,0.25,1.0,0.25
rho_0.7,0.9797694516267833,0.03770168371533505,1.0,1.0,-0.5365953554214339,4,76,800,3,2,100,0.0,0,0.3,0.0,0.0,1.0,0.7,1.0,1.0,0.25,1.0,0.25
rho_0.7,1.085939285654257,0.03776916009176657,1.0,1.0,2.2753824931624864,5,77,800,3,2,100,0.0,0,0.3,0.0,0.0,1.0,0.7,1.0,1.0,0.25,1.0,0.25
rho_0.7,0.9572230289106373,0.03693486410022548,1.0,1.0,-1.1581732363569626,6,78,800,3,2,100,0.0,0,0.3,0.0,0.0,1.0,0.7,1.0,1.0,0.25,1.0,0.25
rho_0.7,0.9257073843418577,0.03887499308016478,1.0,1.0,-1.9110644085503041,7,79,800,3,2,100,0.0,0,0.3,0.0,0.0,1.0,0.7,1.0,1.0,0.25,1.0,0.25
rho_0.7,0.9851009673918628,0.03769560770360694,1.0,1.0,-0.39524585265438117,8,80,800,3,2,100,0.0,0,0.3,0.0,0.0,1.0,0.7,1.0,1.0,0.25,1.0,0.25
rho_0.7,0.9982730498678085,0.034324188168126636,1.0,1.0,-0.050312919965726295,9,81,800,3,2,100,0.0,0,0.3,0.0,0.0,1.0,0.7,1.0,1.0,0.25,1.0,0.25
rho_0.7,1.029097837626704,0.03550527812874528,1.0,1.0,0.8195355496496209,10,82,800,3,2,100,0.0,0,0.3,0.0,0.0,1.0,0.7,1.0,1.0,0.25,1.0,0.25
rho_0.7,0.9405476243067327,0.03285357249211877,1.0,1.0,-1.8096167686947697,11,83,800,3,2,100,0.0,0,0.3,0.0,0.0,1.0,0.7,1.0,1.0,0.25,1.0,0.25
rho_0.7,0.9713966889162802,0.035072075513394,1.0,1.0,-0.8155579806731496,12,84,800,3,2,100,0.0,0,0.3,0.0,0.0,1.0,0.7,1.0,1.0,0.25,1.0,0.25
rho_0.7,0.9306503228395081,0.03863353908103275,1.0,1.0,-1.7950640508246711,13,85,800,3,2,100,0.0,0,0.3,0.0,0.0,1.0,0.7,1.0,1.0,0.25,1.0,0.25
rho_0.7,0.9912710954021472,0.034162562920219505,1.0,1.0,-0.2555108238874696,14,86,800,3,2,100,0.0,0,0.3,0.0,0.0,1.0,0.7,1.0,1.0,0.25,1.0,0.25
rho_0.7,0.9800830302690645,0.0360228209343339,1.0,1.0,-0.5528986685202191,15,87,800,3,2,100,0.0,0,0.3,0.0,0.0,1.0,0.7,1.0,1.0,0.25,1.0,0.25
rho_0.7,0.9687996109576166,0.03865596351722165,1.0,1.0,-0.8071300312688705,16,88,800,3,2,100,0.0,0,0.3,0.0,0.0,1.0,0.7,1.0,1.0,0.25,1.0,0.25
rho_0.7,0.9535529784912223,0.03784601300266895,1.0,1.0,-1.2272632656312346,17,89,800,3,2,100,0.0,0,0.3,0.0,0.0,1.0,0.7,1.0,1.0,0.25,1.0,0.25
rho_0.7,0.9475987058617744,0.035029445269522015,1.0,1.0,-1.4959213237618196,18,90,800,3,2,100,0.0,0,0.3,0.0,0.0,1.0,0.7,1.0,1.0,0.25,1.0,0.25
rho_0.7,0.9782923939108746,0.03513961193082547,1.0,1.0,-0.6177531536733571,19,91,800,3,2,100,0.0,0,0.3,0.0,0.0,1.0,0.7,1.0,1.0,0.25,1.0,0.25
rho_0.7,0.978368488231475,0.03934020900230448,1.0,1.0,-0.5498575710987662,20,92,800,3,2,100,0.0,0,0.3,0.0,0.0,1.0,0.7,1.0,1.0,0.25,1.0,0.25
rho_0.7,1.0269328641455004,0.03830966883891654,1.0,1.0,0.7030304610240048,21,93,800,3,2,100,0.0,0,0.3,0.0,0.0,1.0,0.7,1.0,1.0,0.25,1.0,0.25
rho_0.7,0.9220880106928826,0.03699853937640838,1.0,1.0,-2.1058125704496575,22,94,800,3,2,100,0.0,0,0.3,0.0,0.0,1.0,0.7,1.0,1.0,0.25,1.0,0.25
rho_0.7,1.0535985264561099,0.03711474181757936,1.0,1.0,1.4441303867759352,23,95,800,3,2,100,0.0,0,0.3,0.0,0.0,1.0,0.7,1.0,1.0,0.25,1.0,0.25
rho_0.7,0.9584722968318613,0.03994193105216193,1.0,1.0,-1.0397019391452516,24,96,800,3,2,100,0.0,0,0.3,0.0,0.0,1.0,0.7,1.0,1.0,0.25,1.0,0.25
rho_0.7,0.9532008830747868,0.03724341913180399,1.0,1.0,-1.2565741281591716,25,97,800,3,2,100,0.0,0,0.3,0.0,0.0,1.0,0.7,1.0,1.0,0.25,1.0,0.25
rho_0.7,0.9211608121164987,0.0340608284245621,1.0,1.0,-2.31465855441873,26,98,800,3,2,100,0.0,0,0.3,0.0,0.0,1.0,0.7,1.0,1.0,0.25,1.0,0.25
rho_0.7,1.0169507246806981,0.03193094951870706,1.0,1.0,0.530855641194365,27,99,800,3,2,100,0.0,0,0.3,0.0,0.0,1.0,0.7,1.0,1.0,0.25,1.0,0.25
rho_0.7,1.0090229207183883,0.034868139115617244,1.0,1.0,0.25877264882045187,28,100,800,3,2,100,0.0,0,0.3,0.0,0.0,1.0,0.7,1.0,1.0,0.25,1.0,0.25
rho_0.7,0.933220969032746,0.034584415180149645,1.0,1.0,-1.9308995285709807,29,101,800,3,2,100,0.0,0,0.3,0.0,0.0,1.0,0.7,1.0,1.0,0.25,1.0,0.25
rho_0.7,0.9597023794444929,0.0353731366949869,1.0,1.0,-1.139215357206875,30,102,800,3,2,100,0.0,0,0.3,0.0,0.0,1.0,0.7,1.0,1.0,0.25,1.0,0.25
rho_0.7,0.9890551797896427,0.036786400165131065,1.0,1.0,-0.2975235456915293,31,103,800,3,2,100,0.0,0,0.3,0.0,0.0,1.0,0.7,1.0,1.0,0.25,1.0,0.25
rho_0.7,0.9639166344690108,0.037590241877612486,1.0,1.0,-0.9599130978851003,32,104,800,3,2,100,0.0,0,0.3,0.0,0.0,1.0,0.7,1.0,1.0,0.25,1.0,0.25
rho_0.7,0.9635288003260305,0.03839180222727438,1.0,1.0,-0.949973628694606,33,105,800,3,2,100,0.0,0,0.3,0.0,0.0,1.0,0.7,1.0,1.0,0.25,1.0,0.25
rho_0.7,1.0192039612116734,0.03699919823311827,1.0,1.0,0.5190372259062584,34,106,800,3,2,100,0.0,0,0.3,0.0,0.0,1.0,0.7,1.0,1.0,0.25,1.0,0.25
rho_0.7,1.0081919681985105,0.03723848181576912,1.0,1.0,0.21998663208234068,35,107,800,3,2,100,0.0,0,0.3,0.0,0.0,1.0,0.7,1.0,1.0,0.25,1.0,0.25
rho_0.7,1.0029057605601357,0.03201226112479398,1.0,1.0,0.09077023796626285,36,108,800,3,2,100,0.0,0,0.3,0.0,0.0,1.0,0.7,1.0,1.0,0.25,1.0,0.25
rho_0.7,1.0294939333858968,0.03668304345433621,1.0,1.0,0.8040208938119168,37,109,800,3,2,100,0.0,0,0.3,0.0,0.0,1.0,0.7,1.0,1.0,0.25,1.0,0.25
rho_0.7,0.9484456899668262,0.03315276853931344,1.0,1.0,-1.5550529353842442,38,110,800,3,2,100,0.0,0,0.3,0.0,0.0,1.0,0.7,1.0,1.0,0.25,1.0,0.25
rho_0.7,0.9876903334691427,0.03532677734140149,1.0,1.0,-0.34845144270861333,39,111,800,3,2,100,0.0,0,0.3,0.0,0.0,1.0,0.7,1.0,1.0,0.25,1.0,0.25
rho_0.7,0.8885121326260019,0.037323193585347574,1.0,1.0,-2.9870934575589545,40,112,800,3,2,100,0.0,0,0.3,0.0,0.0,1.0,0.7,1.0,1.0,0.25,1.0,0.25
rho_0.7,0.9882102822331624,0.032985218112506855,1.0,1.0,-0.35742427794853104,41,113,800,3,2,100,0.0,0,0.3,0.0,0.0,1.0,0.7,1.0,1.0,0.25,1.0,0.25
rho_0.7,0.9139182327308927,0.03455624458108853,1.0,1.0,-2.491062565178653,42,114,800,3,2,100,0.0,0,0.3,0.0,0.0,1.0,0.7,1.0,1.0,0.25,1.0,0.25
rho_0.7,0.907098433498787,0.034728606102683995,1.0,1.0,-2.675073287609809,43,115,800,3,2,100,0.0,0,0.3,0.0,0.0,1.0,0.7,1.0,1.0,0.25,1.0,0.25
rho_0.7,0.9778880687673955,0.035565648748247684,1.0,1.0,-0.621721577163524,44,116,800,3,2,100,0.0,0,0.3,0.0,0.0,1.0,0.7,1.0,1.0,0.25,1.0,0.25
rho_0.7,0.9497934634798029,0.03494093110377251,1.0,1.0,-1.4368974991275036,45,117,800,3,2,100,0.0,0,0.3,0.0,0.0,1.0,0.7,1.0,1.0,0.25,1.0,0.25
rho_0.7,0.9230181860987489,0.032914723329647524,1.0,1.0,-2.338826097070995,46,118,800,3,2,100,0.0,0,0.3,0.0,0.0,1.0,0.7,1.0,1.0,0.25,1.0,0.25
rho_0.7,0.9550386611172326,0.03667609090252938,1.0,1.0,-1.2259032458572803,47,119,800,3,2,100,0.0,0,0.3,0.0,0.0,1.0,0.7,1.0,1.0,0.25,1.0,0.25
rho_0.7,1.0327721358397317,0.03664964732892951,1.0,1.0,0.8942005784012804,48,120,800,3,2,100,0.0,0,0.3,0.0,0.0,1.0,0.7,1.0,1.0,0.25,1.0,0.25
rho_0.7,0.9201778807576053,0.033268780360016535,1.0,1.0,-2.3993100552110236,49,121,800,3,2,100,0.0,0,0.3,0.0,0.0,1.0,0.7,1.0,1.0,0.25,1.0,0.25
rho_0.7,0.9099933486404236,0.036908625384645156,1.0,1.0,-2.4386346124128826,50,122,800,3,2,100,0.0,0,0.3,0.0,0.0,1.0,0.7,1.0,1.0,0.25,1.0,0.25
rho_0.7,1.033598652124248,0.03551904608378255,1.0,1.0,0.9459334027438474,51,123,800,3,2,100,0.0,0,0.3,0.0,0.0,1.0,0.7,1.0,1.0,0.25,1.0,0.25
rho_0.7,0.9609510458444825,0.034234471110652864,1.0,1.0,-1.140632610601846,52,124,800,3,2,100,0.0,0,0.3,0.0,0.0,1.0,0.7,1.0,1.0,0.25,1.0,0.25
rho_0.7,1.0150179972510336,0.03422573287113427,1.0,1.0,0.4387925689591195,53,125,800,3,2,100,0.0,0,0.3,0.0,0.0,1.0,0.7,1.0,1.0,0.25,1.0,0.25
rho_0.7,0.9580610386783485,0.03641333535904976,1.0,1.0,-1.151747317517523,54,126,800,3,2,100,0.0,0,0.3,0.0,0.0,1.0,0.7,1.0,1.0,0.25,1.0,0.25
rho_0.7,1.009864566008805,0.033845497386773074,1.0,1.0,0.29145873957993995,55,127,800,3,2,100,0.0,0,0.3,0.0,0.0,1.0,0.7,1.0,1.0,0.25,1.0,0.25
rho_0.7,0.9947257104507546,0.03352641557286115,1.0,1.0,-0.1573174304238707,56,128,800,3,2,100,0.0,0,0.3,0.0,0.0,1.0,0.7,1.0,1.0,0.25,1.0,0.25
rho_0.7,0.975990749767716,0.03537557343826203,1.0,1.0,-0.6786957185071572,57,129,800,3,2,100,0.0,0,0.3,0.0,0.0,1.0,0.7,1.0,1.0,0.25,1.0,0.25
rho_0.7,0.9886154975760604,0.032778003205200704,1.0,1.0,-0.3473214140797115,58,130,800,3,2,100,0.0,0,0.3,0.0,0.0,1.0,0.7,1.0,1.0,0.25,1.0,0.25
rho_0.7,0.9221618350822973,0.03702159544823982,1.0,1.0,-2.102507036103531,59,131,800,3,2,100,0.0,0,0.3,0.0,0.0,1.0,0.7,1.0,1.0,0.25,1.0,0.25
rho_0.7,0.9532380366323012,0.040789964573601865,1.0,1.0,-1.1464085310326997,60,132,800,3,2,100,0.0,0,0.3,0.0,0.0,1.0,0.7,1.0,1.0,0.25,1.0,0.25
rho_0.7,1.0064148039798433,0.03391717655383864,1.0,1.0,0.1891314263632973,61,133,800,3,2,100,0.0,0,0.3,0.0,0.0,1.0,0.7,1.0,1.0,0.25,1.0,0.25
rho_0.7,0.9972356223834157,0.03278886147261578,1.0,1.0,-0.0843084356220494,62,134,800,3,2,100,0.0,0,0.3,0.0,0.0,1.0,0.7,1.0,1.0,0.25,1.0,0.25
rho_0.7,0.982462334573973,0.03238936850287103,1.0,1.0,-0.5414636418265584,63,135,800,3,2,100,0.0,0,0.3,0.0,0.0,1.0,0.7,1.0,1.0,0.25,1.0,0.25
rho_0.7,0.9427280347793523,0.04000379446784369,1.0,1.0,-1.4316633205053764,64,136,800,3,2,100,0.0,0,0.3,0.0,0.0,1.0,0.7,1.0,1.0,0.25,1.0,0.25
rho_0.7,0.9609356033300877,0.03438616696305939,1.0,1.0,-1.1360497583775102,65,137,800,3,2,100,0.0,0,0.3,0.0,0.0,1.0,0.7,1.0,1.0,0.25,1.0,0.25
rho_0.7,1.058429805440648,0.03533033703012396,1.0,1.0,1.6538139840225297,66,138,800,3,2,100,0.0,0,0.3,0.0,0.0,1.0,0.7,1.0,1.0,0.25,1.0,0.25
rho_0.7,0.913080373989182,0.03369847285055557,1.0,1.0,-2.5793342741757224,67,139,800,3,2,100,0.0,0,0.3,0.0,0.0,1.0,0.7,1.0,1.0,0.25,1.0,0.25
rho_0.7,0.9778295885589429,0.03653518867458509,1.0,1.0,-0.6068235103019873,68,140,800,3,2,100,0.0,0,0.3,0.0,0.0,1.0,0.7,1.0,1.0,0.25,1.0,0.25
rho_0.7,0.9483564804246635,0.03757474917082948,1.0,1.0,-1.374420873457995,69,141,800,3,2,100,0.0,0,0.3,0.0,0.0,1.0,0.7,1.0,1.0,0.25,1.0,0.25
rho_0.7,1.0378232207114917,0.0376239149748246,1.0,1.0,1.0052973151996663,70,142,800,3,2,100,0.0,0,0.3,0.0,0.0,1.0,0.7,1.0,1.0,0.25,1.0,0.25
rho_0.7,1.0034404663078824,0.03534223216263492,1.0,1.0,0.09734717071775115,71,143,800,3,2,100,0.0,0,0.3,0.0,0.0,1.0,0.7,1.0,1.0,0.25,1.0,0.25
rho_0.7,0.9684635432912477,0.0339299723784301,1.0,1.0,-0.9294571877930725,72,144,800,3,2,100,0.0,0,0.3,0.0,0.0,1.0,0.7,1.0,1.0,0.25,1.0,0.25
rho_0.7,0.9915000217807398,0.034574825393731336,1.0,1.0,-0.24584298322447326,73,145,800,3,2,100,0.0,0,0.3,0.0,0.0,1.0,0.7,1.0,1.0,0.25,1.0,0.25
rho_0.7,1.0042370209422993,0.034617443576105036,1.0,1.0,0.12239554700174081,74,146,800,3,2,100,0.0,0,0.3,0.0,0.0,1.0,0.7,1.0,1.0,0.25,1.0,0.25
rho_0.7,0.9976902662178252,0.0352034221233481,1.0,1.0,-0.06561105832500619,75,147,800,3,2,100,0.0,0,0.3,0.0,0.0,1.0,0.7,1.0,1.0,0.25,1.0,0.25
rho_0.7,0.9667472506896583,0.03535850363879384,1.0,1.0,-0.9404456039779417,76,148,800,3,2,100,0.0,0,0.3,0.0,0.0,1.0,0.7,1.0,1.0,0.25,1.0,0.25
rho_0.7,1.0057594497912978,0.03925446001327092,1.0,1.0,0.146720902270741,77,149,800,3,2,100,0.0,0,0.3,0.0,0.0,1.0,0.7,1.0,1.0,0.25,1.0,0.25
rho_0.7,0.9882145101505391,0.03647144816365783,1.0,1.0,-0.32314290884683444,78,150,800,3,2,100,0.0,0,0.3,0.0,0.0,1.0,0.7,1.0,1.0,0.25,1.0,0.25
rho_0.7,0.9851254609330482,0.035972404854001674,1.0,1.0,-0.4134986005890321,79,151,800,3,2,100,0.0,0,0.3,0.0,0.0,1.0,0.7,1.0,1.0,0.25,1.0,0.25
rho_0.7,0.9718414117450945,0.03471617579209958,1.0,1.0,-0.8111085859092109,80,152,800,3,2,100,0.0,0,0.3,0.0,0.0,1.0,0.7,1.0,1.0,0.25,1.0,0.25
rho_0.7,0.9553359641777374,0.03691048484455184,1.0,1.0,-1.2100636447980786,81,153,800,3,2,100,0.0,0,0.3,0.0,0.0,1.0,0.7,1.0,1.0,0.25,1.0,0.25
rho_0.7,0.9782490392570271,0.03266553654462016,1.0,1.0,-0.6658687731414336,82,154,800,3,2,100,0.0,0,0.3,0.0,0.0,1.0,0.7,1.0,1.0,0.25,1.0,0.25
rho_0.7,0.9680145099068382,0.03338528381456896,1.0,1.0,-0.9580715344766263,83,155,800,3,2,100,0.0,0,0.3,0.0,0.0,1.0,0.7,1.0,1.0,0.25,1.0,0.25
rho_0.7,0.9337658794245686,0.03333625797866997,1.0,1.0,-1.9868492923774164,84,156,800,3,2,100,0.0,0,0.3,0.0,0.0,1.0,0.7,1.0,1.0,0.25,1.0,0.25
rho_0.7,0.9846751079288995,0.03760323746896439,1.0,1.0,-0.40754182625229696,85,157,800,3,2,100,0.0,0,0.3,0.0,0.0,1.0,0.7,1.0,1.0,0.25,1.0,0.25
rho_0.7,1.0066417549754227,0.03531861300587809,1.0,1.0,0.1880525425592832,86,158,800,3,2,100,0.0,0,0.3,0.0,0.0,1.0,0.7,1.0,1.0,0.25,1.0,0.25
rho_0.7,0.9509460847787483,0.035908622779796694,1.0,1.0,-1.3660762074353612,87,159,800,3,2,100,0.0,0,0.3,0.0,0.0,1.0,0.7,1.0,1.0,0.25,1.0,0.25
rho_0.7,0.9636916160813509,0.03729459337487324,1.0,1.0,-0.9735562351810334,88,160,800,3,2,100,0.0,0,0.3,0.0,0.0,1.0,0.7,1.0,1.0,0.25,1.0,0.25
rho_0.7,1.0216703487320253,0.03557572066136499,1.0,1.0,0.6091330921529075,89,161,800,3,2,100,0.0,0,0.3,0.0,0.0,1.0,0.7,1.0,1.0,0.25,1.0,0.25
rho_0.7,0.9557858390531553,0.036812146113879736,1.0,1.0,-1.201075341004748,90,162,800,3,2,100,0.0,0,0.3,0.0,0.0,1.0,0.7,1.0,1.0,0.25,1.0,0.25
rho_0.7,0.9204905954754747,0.0357988980960713,1.0,1.0,-2.221001448456619,91,163,800,3,2,100,0.0,0,0.3,0.0,0.0,1.0,0.7,1.0,1.0,0.25,1.0,0.25
rho_0.7,0.9848805937333461,0.03529104883347484,1.0,1.0,-0.4284204285907355,92,164,800,3,2,100,0.0,0,0.3,0.0,0.0,1.0,0.7,1.0,1.0,0.25,1.0,0.25
rho_0.7,0.980975780540456,0.03298576449540497,1.0,1.0,-0.5767402923826175,93,165,800,3,2,100,0.0,0,0.3,0.0,0.0,1.0,0.7,1.0,1.0,0.25,1.0,0.25
rho_0.7,0.953736104579877,0.03314747366987813,1.0,1.0,-1.395698986923521,94,166,800,3,2,100,0.0,0,0.3,0.0,0.0,1.0,0.7,1.0,1.0,0.25,1.0,0.25
rho_0.7,0.985598332058676,0.036417305819083194,1.0,1.0,-0.3954622017584108,95,167,800,3,2,100,0.0,0,0.3,0.0,0.0,1.0,0.7,1.0,1.0,0.25,1.0,0.25
rho_0.7,0.9906939570349641,0.033678801001595746,1.0,1.0,-0.27631752581081986,96,168,800,3,2,100,0.0,0,0.3,0.0,0.0,1.0,0.7,1.0,1.0,0.25,1.0,0.25
rho_0.7,0.9400622708174605,0.032994770703692666,1.0,1.0,-1.8165826858081922,97,169,800,3,2,100,0.0,0,0.3,0.0,0.0,1.0,0.7,1.0,1.0,0.25,1.0,0.25
rho_0.7,0.927262360655223,0.03535323165322703,1.0,1.0,-2.0574537586336183,98,170,800,3,2,100,0.0,0,0.3,0.0,0.0,1.0,0.7,1.0,1.0,0.25,1.0,0.25
rho_0.7,0.9697929542699678,0.04345221086886455,1.0,1.0,-0.6951785680409852,99,171,800,3,2,100,0.0,0,0.3,0.0,0.0,1.0,0.7,1.0,1.0,0.25,1.0,0.25
s1_0.5,1.0472377611016748,0.07050012236293927,1.0,1.0,0.6700380016149712,0,73,800,3,2,100,0.0,0,0.3,0.0,0.0,1.0,0.7,0.5,1.0,0.25,1.0,0.25
s1_0.5,0.9468037039669708,0.06610110653098725,1.0,1.0,-0.8047716418800276,1,74,800,3,2,100,0.0,0,0.3,0.0,0.0,1.0,0.7,0.5,1.0,0.25,1.0,0.25
s1_0.5,0.909127194213154,0.06581881263252048,1.0,1.0,-1.38065094389057,2,75,800,3,2,100,0.0,0,0.3,0.0,0.0,1.0,0.7,0.5,1.0,0.25,1.0,0.25
s1_0.5,0.9682108059970411,0.07171868102399365,1.0,1.0,-0.44324844725356466,3,76,800,3,2,100,0.0,0,0.3,0.0,0.0,1.0,0.7,0.5,1.0,0.25,1.0,0.25
s1_0.5,1.136121718930231,0.0740026295542833,1.0,1.0,1.8394173254395159,4,77,800,3,2,100,0.0,0,0.3,0.0,0.0,1.0,0.7,0.5,1.0,0.25,1.0,0.25
s1_0.5,0.9042048289386678,0.07167071440740787,1.0,1.0,-1.33660131412658,5,78,800,3,2,100,0.0,0,0.3,0.0,0.0,1.0,0.7,0.5,1.0,0.25,1.0,0.25
s1_0.5,0.8760575519440319,0.07457125675790363,1.0,1.0,-1.6620673091020655,6,79,800,3,2,100,0.0,0,0.3,0.0,0.0,1.0,0.7,0.5,1.0,0.25,1.0,0.25
s1_0.5,0.9959535813769731,0.07397714394887756,1.0,1.0,-0.05469822714192928,7,80,800,3,2,100,0.0,0,0.3,0.0,0.0,1.0,0.7,0.5,1.0,0.25,1.0,0.25
s1_0.5,0.9755648240307494,0.0678467784726254,1.0,1.0,-0.36015233912852074,8,81,800,3,2,100,0.0,0,0.3,0.0,0.0,1.0,0.7,0.5,1.0,0.25,1.0,0.25
s1_0.5,1.044152280452157,0.07157078487505299,1.0,1.0,0.6169036783547546,9,82,800,3,2,100,0.0,0,0.3,0.0,0.0,1.0,0.7,0.5,1.0,0.25,1.0,0.25
s1_0.5,0.9140994458894554,0.06542142655575271,1.0,1.0,-1.3130339497769807,10,83,800,3,2,100,0.0,0,0.3,0.0,0.0,1.0,0.7,0.5,1.0,0.25,1.0,0.25
s1_0.5,0.9513896725799516,0.06945369411457708,1.0,1.0,-0.6998954920937174,11,84,800,3,2,100,0.0,0,0.3,0.0,0.0,1.0,0.7,0.5,1.0,0.25,1.0,0.25
s1_0.5,0.8886438324316025,0.0759354874846366,1.0,1.0,-1.4664575320060633,12,85,800,3,2,100,0.0,0,0.3,0.0,0.0,1.0,0.7,0.5,1.0,0.25,1.0,0.25
s1_0.5,0.989800361141611,0.0666378639678582,1.0,1.0,-0.15306071129934,13,86,800,3,2,100,0.0,0,0.3,0.0,0.0,1.0,0.7,0.5,1.0,0.25,1.0,0.25
s1_0.5,0.9354907551472202,0.07070193890714353,1.0,1.0,-0.9124112556163848,14,87,800,3,2,100,0.0,0,0.3,0.0,0.0,1.0,0.7,0.5,1.0,0.25,1.0,0.25
s1_0.5,0.9408124897527986,0.07457105973802867,1.0,1.0,-0.7937061703981361,15,88,800,3,2,100,0.0,0,0.3,0.0,0.0,1.0,0.7,0.5,1.0,0.25,1.0,0.25
s1_0.5,0.8981535207401989,0.0754158616902705,1.0,1.0,-1.3504649682062895,16,89,800,3,2,100,0.0,0,0.3,0.0,0.0,1.0,0.7,0.5,1.0,0.25,1.0,0.25
s1_0.5,0.8974079539262642,0.06965510345850631,1.0,1.0,-1.472857565057672,17,90,800,3,2,100,0.0,0,0.3,0.0,0.0,1.0,0.7,0.5,1.0,0.25,1.0,0.25
s1_0.5,0.9605176285762995,0.07124556192827755,1.0,1.0,-0.5541730650317156,18,91,800,3,2,100,0.0,0,0.3,0.0,0.0,1.0,0.7,0.5,1.0,0.25,1.0,0.25
s1_0.5,0.9829777372437074,0.07488036923828718,1.0,1.0,-0.22732610602017328,19,92,800,3,2,100,0.0,0,0.3,0.0,0.0,1.0,0.7,0.5,1.0,0.25,1.0,0.25
s1_0.5,1.0409841739388828,0.07493009707556667,1.0,1.0,0.5469654456412942,20,93,800,3,2,100,0.0,0,0.3,0.0,0.0,1.0,0.7,0.5,1.0,0.25,1.0,0.25
s1_0.5,0.7896572007855595,0.07219755419450155,1.0,1.0,-2.913433862977867,21,94,800,3,2,100,0.0,0,0.3,0.0,0.0,1.0,0.7,0.5,1.0,0.25,1.0,0.25
s1_0.5,1.1209842695678842,0.07324273812462141,1.0,1.0,1.6518261423000231,22,95,800,3,2,100,0.0,0,0.3,0.0,0.0,1.0,0.7,0.5,1.0,0.25,1.0,0.25
s1_0.5,0.9271801740348055,0.07779312584237823,1.0,1.0,-0.936070188421784,23,96,800,3,2,100,0.0,0,0.3,0.0,0.0,1.0,0.7,0.5,1.0,0.25,1.0,0.25
s1_0.5,0.9038696778283901,0.07381990106512719,1.0,1.0,-1.3022277297120657,24,97,800,3,2,100,0.0,0,0.3,0.0,0.0,1.0,0.7,0.5,1.0,0.25,1.0,0.25
s1_0.5,0.8727203257023269,0.06762486182067433,1.0,1.0,-1.8821432069641733,25,98,800,3,2,100,0.0,0,0.3,0.0,0.0,1.0,0.7,0.5,1.0,0.25,1.0,0.25
s1_0.5,1.0263044116823798,0.06172892231165031,1.0,1.0,0.42612782950554323,26,99,800,3,2,100,0.0,0,0.3,0.0,0.0,1.0,0.7,0.5,1.0,0.25,1.0,0.25
s1_0.5,1.0208015559618842,0.06994223096719791,1.0,1.0,0.29741052972187637,27,100,800,3,2,100,0.0,0,0.3,0.0,0.0,1.0,0.7,0.5,1.0,0.25,1.0,0.25
s1_0.5,0.8992425649335737,0.06752411868417375,1.0,1.0,-1.4921695688868244,28,101,800,3,2,100,0.0,0,0.3,0.0,0.0,1.0,0.7,0.5,1.0,0.25,1.0,0.25
s1_0.5,0.9065194702346762,0.06949769200452545,1.0,1.0,-1.34508826220066,29,102,800,3,2,100,0.0,0,0.3,0.0,0.0,1.0,0.7,0.5,1.0,0.25,1.0,0.25
s1_0.5,0.9865660908906121,0.07271103032527683,1.0,1.0,-0.18475751270873994,30,103,800,3,2,100,0.0,0,0.3,0.0,0.0,1.0,0.7,0.5,1.0,0.25,1.0,0.25
s1_0.5,0.9322827077007746,0.07431062607573144,1.0,1.0,-0.9112733383542397,31,104,800,3,2,100,0.0,0,0.3,0.0,0.0,1.0,0.7,0.5,1.0,0.25,1.0,0.25
s1_0.5,0.9341233114346603,0.07697747776034372,1.0,1.0,-0.8557917261258616,32,105,800,3,2,100,0.0,0,0.3,0.0,0.0,1.0,0.7,0.5,1.0,0.25,1.0,0.25
s1_0.5,1.0338735053611767,0.073210450538649,1.0,1.0,0.46268674911779634,33,106,800,3,2,100,0.0,0,0.3,0.0,0.0,1.0,0.7,0.5,1.0,0.25,1.0,0.25
s1_0.5,1.0186980314786935,0.07186520129905609,1.0,1.0,0.26018199546793896,34,107,800,3,2,100,0.0,0,0.3,0.0,0.0,1.0,0.7,0.5,1.0,0.25,1.0,0.25
s1_0.5,0.9980760597429604,0.06256554450743151,1.0,1.0,-0.030750795380851265,35,108,800,3,2,100,0.0,0,0.3,0.0,0.0,1.0,0.7,0.5,1.0,0.25,1.0,0.25
s1_0.5,1.0843055595684654,0.07204426352440266,1.0,1.0,1.170191149777104,36,109,800,3,2,100,0.0,0,0.3,0.0,0.0,1.0,0.7,0.5,1.0,0.25,1.0,0.25
s1_0.5,0.9184730740866252,0.06607837398305873,1.0,1.0,-1.2337913450212448,37,110,800,3,2,100,0.0,0,0.3,0.0,0.0,1.0,0.7,0.5,1.0,0.25,1.0,0.25
s1_0.5,0.9999102345179162,0.06875621740349558,1.0,1.0,-0.0013055616709838525,38,111,800,3,2,100,0.0,0,0.3,0.0,0.0,1.0,0.7,0.5,1.0,0.25,1.0,0.25
s1_0.5,0.8054736100919523,0.07369663602939851,1.0,1.0,-2.6395558927608134,39,112,800,3,2,100,0.0,0,0.3,0.0,0.0,1.0,0.7,0.5,1.0,0.25,1.0,0.25
s1_0.5,1.007751938702681,0.06562816335286853,1.0,1.0,0.11811908648121805,40,113,800,3,2,100,0.0,0,0.3,0.0,0.0,1.0,0.7,0.5,1.0,0.25,1.0,0.25
s1_0.5,0.8546044278313905,0.06822039814131454,1.0,1.0,-2.1312624395335713,41,114,800,3,2,100,0.0,0,0.3,0.0,0.0,1.0,0.7,0.5,1.0,0.25,1.0,0.25
s1_0.5,0.8294427141680788,0.06740062598279575,1.0,1.0,-2.530500026445697,42,115,800,3,2,100,0.0,0,0.3,0.0,0.0,1.0,0.7,0.5,1.0,0.25,1.0,0.25
s1_0.5,0.9531346701128561,0.07050118742705967,1.0,1.0,-0.6647452560374335,43,116,800,3,2,100,0.0,0,0.3,0.0,0.0,1.0,0.7,0.5,1.0,0.25,1.0,0.25
s1_0.5,0.8956919893521746,0.06998897960213361,1.0,1.0,-1.4903490698219228,44,117,800,3,2,100,0.0,0,0.3,0.0,0.0,1.0,0.7,0.5,1.0,0.25,1.0,0.25
s1_0.5,0.8515262684593666,0.06559867285106476,1.0,1.0,-2.263364868337019,45,118,800,3,2,100,0.0,0,0.3,0.0,0.0,1.0,0.7,0.5,1.0,0.25,1.0,0.25
s1_0.5,0.9026539455282978,0.07134562953482629,1.0,1.0,-1.3644291192943248,46,119,800,3,2,100,0.0,0,0.3,0.0,0.0,1.0,0.7,0.5,1.0,0.25,1.0,0.25
s1_0.5,1.07388089546788,0.07242190094289574,1.0,1.0,1.0201457640021723,47,120,800,3,2,100,0.0,0,0.3,0.0,0.0,1.0,0.7,0.5,1.0,0.25,1.0,0.25
s1_0.5,0.8718902299154924,0.06536343212581039,1.0,1.0,-1.9599608820712504,48,121,800,3,2,100,0.0,0,0.3,0.0,0.0,1.0,0.7,0.5,1.0,0.25,1.0,0.25
s1_0.5,0.8222574267625331,0.07236950193044259,1.0,1.0,-2.4560425109503012,49,122,800,3,2,100,0.0,0,0.3,0.0,0.0,1.0,0.7,0.5,1.0,0.25,1.0,0.25
s1_0.5,1.0838480745500503,0.0698751317649948,1.0,1.0,1.199970181552566,50,123,800,3,2,100,0.0,0,0.3,0.0,0.0,1.0,0.7,0.5,1.0,0.25,1.0,0.25
s1_0.5,0.9406575786071418,0.06655734820132318,1.0,1.0,-0.8915983433318099,51,124,800,3,2,100,0.0,0,0.3,0.0,0.0,1.0,0.7,0.5,1.0,0.25,1.0,0.25
s1_0.5,1.0211265407473997,0.06872922813272453,1.0,1.0,0.3073880112053899,52,125,800,3,2,100,0.0,0,0.3,0.0,0.0,1.0,0.7,0.5,1.0,0.25,1.0,0.25
s1_0.5,0.9329935652283957,0.07200976924643564,1.0,1.0,-0.9305186709082669,53,126,800,3,2,100,0.0,0,0.3,0.0,0.0,1.0,0.7,0.5,1.0,0.25,1.0,0.25
s1_0.5,1.0258999703131955,0.0672965449602835,1.0,1.0,0.38486329912599354,54,127,800,3,2,100,0.0,0,0.3,0.0,0.0,1.0,0.7,0.5,1.0,0.25,1.0,0.25
s1_0.5,1.0012182016483249,0.06544489252587972,1.0,1.0,0.018614159200324745,55,128,800,3,2,100,0.0,0,0.3,0.0,0.0,1.0,0.7,0.5,1.0,0.25,1.0,0.25
s1_0.5,0.959245259379902,0.06967514612660372,1.0,1.0,-0.5849250828415098,56,129,800,3,2,100,0.0,0,0.3,0.0,0.0,1.0,0.7,0.5,1.0,0.25,1.0,0.25
s1_0.5,0.9844844500267474,0.06487417580539957,1.0,1.0,-0.23916373164869048,57,130,800,3,2,100,0.0,0,0.3,0.0,0.0,1.0,0.7,0.5,1.0,0.25,1.0,0.25
s1_0.5,0.8635669580043789,0.07314411081673004,1.0,1.0,-1.8652635252818628,58,131,800,3,2,100,0.0,0,0.3,0.0,0.0,1.0,0.7,0.5,1.0,0.25,1.0,0.25
s1_0.5,0.91364514340063,0.07965480041022759,1.0,1.0,-1.084113652342818,59,132,800,3,2,100,0.0,0,0.3,0.0,0.0,1.0,0.7,0.5,1.0,0.25,1.0,0.25
s1_0.5,0.9913512267738924,0.06689076705864898,1.0,1.0,-0.12929696588057424,60,133,800,3,2,100,0.0,0,0.3,0.0,0.0,1.0,0.7,0.5,1.0,0.25,1.0,0.25
s1_0.5,0.9973104425876783,0.06465442320157581,1.0,1.0,-0.04159897001843694,61,134,800,3,2,100,0.0,0,0.3,0.0,0.0,1.0,0.7,0.5,1.0,0.25,1.0,0.25
s1_0.5,0.9512033373123054,0.06533533556446298,1.0,1.0,-0.7468648054856843,62,135,800,3,2,100,0.0,0,0.3,0.0,0.0,1.0,0.7,0.5,1.0,0.25,1.0,0.25
s1_0.5,0.9164373196228057,0.07812452934755122,1.0,1.0,-1.069608752527013,63,136,800,3,2,100,0.0,0,0.3,0.0,0.0,1.0,0.7,0.5,1.0,0.25,1.0,0.25
s1_0.5,0.939320984427911,0.06772359837581157,1.0,1.0,-0.8959803824269524,64,137,800,3,2,100,0.0,0,0.3,0.0,0.0,1.0,0.7,0.5,1.0,0.25,1.0,0.25
s1_0.5,1.1087289707460868,0.06895065287436267,1.0,1.0,1.5769099524583987,65,138,800,3,2,100,0.0,0,0.3,0.0,0.0,1.0,0.7,0.5,1.0,0.25,1.0,0.25
s1_0.5,0.8543398756322849,0.06771406984589246,1.0,1.0,-2.151105740641742,66,139,800,3,2,100,0.0,0,0.3,0.0,0.0,1.0,0.7,0.5,1.0,0.25,1.0,0.25
s1_0.5,0.9767493487926647,0.07311228290540302,1.0,1.0,-0.31801292865411324,67,140,800,3,2,100,0.0,0,0.3,0.0,0.0,1.0,0.7,0.5,1.0,0.25,1.0,0.25
s1_0.5,0.9310817190609026,0.07181100818576065,1.0,1.0,-0.9597174956911844,68,141,800,3,2,100,0.0,0,0.3,0.0,0.0,1.0,0.7,0.5,1.0,0.25,1.0,0.25
s1_0.5,1.0738854766224013,0.07276976287890366,1.0,1.0,1.0153321063496428,69,142,800,3,2,100,0.0,0,0.3,0.0,0.0,1.0,0.7,0.5,1.0,0.25,1.0,0.25
s1_0.5,1.0134159401997116,0.06933037681097357,1.0,1.0,0.19350738906683873,70,143,800,3,2,100,0.0,0,0.3,0.0,0.0,1.0,0.7,0.5,1.0,0.25,1.0,0.25
s1_0.5,0.9351146126251547,0.06641213545467456,1.0,1.0,-0.977011007560941,71,144,800,3,2,100,0.0,0,0.3,0.0,0.0,1.0,0.7,0.5,1.0,0.25,1.0,0.25
s1_0.5,1.0189777743401884,0.06734286935885062,1.0,1.0,0.2818082229175799,72,145,800,3,2,100,0.0,0,0.3,0.0,0.0,1.0,0.7,0.5,1.0,0.25,1.0,0.25
s1_0.5,1.0064612820138985,0.06937658594084802,1.0,1.0,0.09313346752761134,73,146,800,3,2,100,0.0,0,0.3,0.0,0.0,1.0,0.7,0.5,1.0,0.25,1.0,0.25
s1_0.5,1.013613724779221,0.06746900076673083,1.0,1.0,0.2017774774268471,74,147,800,3,2,100,0.0,0,0.3,0.0,0.0,1.0,0.7,0.5,1.0,0.25,1.0,0.25
s1_0.5,0.9526926724874359,0.06936595471187676,1.0,1.0,-0.6819963440143375,75,148,800,3,2,100,0.0,0,0.3,0.0,0.0,1.0,0.7,0.5,1.0,0.25,1.0,0.25
s1_0.5,0.9725342060903746,0.07698764776375286,1.0,1.0,-0.3567558524960783,76,149,800,3,2,100,0.0,0,0.3,0.0,0.0,1.0,0.7,0.5,1.0,0.25,1.0,0.25
s1_0.5,0.9831765726849098,0.07045138787496645,1.0,1.0,-0.2387948317632521,77,150,800,3,2,100,0.0,0,0.3,0.0,0.0,1.0,0.7,0.5,1.0,0.25,1.0,0.25
s1_0.5,0.9774866945351589,0.07117500349648091,1.0,1.0,-0.31630915853701663,78,151,800,3,2,100,0.0,0,0.3,0.0,0.0,1.0,0.7,0.5,1.0,0.25,1.0,0.25
s1_0.5,0.9904681464960852,0.06730726282876534,1.0,1.0,-0.1416170128350721,79,152,800,3,2,100,0.0,0,0.3,0.0,0.0,1.0,0.7,0.5,1.0,0.25,1.0,0.25
s1_0.5,0.9378267265129933,0.07269994444713257,1.0,1.0,-0.8552038651448925,80,153,800,3,2,100,0.0,0,0.3,0.0,0.0,1.0,0.7,0.5,1.0,0.25,1.0,0.25
s1_0.5,0.9967229729649593,0.06402804100442609,1.0,1.0,-0.05118112288980079,81,154,800,3,2,100,0.0,0,0.3,0.0,0.0,1.0,0.7,0.5,1.0,0.25,1.0,0.25
s1_0.5,0.9298739328028975,0.06603533686299917,1.0,1.0,-1.061947595460748,82,155,800,3,2,100,0.0,0,0.3,0.0,0.0,1.0,0.7,0.5,1.0,0.25,1.0,0.25
s1_0.5,0.8558100407958992,0.06640330728302456,1.0,1.0,-2.171427374686829,83,156,800,3,2,100,0.0,0,0.3,0.0,0.0,1.0,0.7,0.5,1.0,0.25,1.0,0.25
s1_0.5,0.9824055070190242,0.07422038169041971,1.0,1.0,-0.2370574305904829,84,157,800,3,2,100,0.0,0,0.3,0.0,0.0,1.0,0.7,0.5,1.0,0.25,1.0,0.25
s1_0.5,0.9903796798525855,0.0701362845425409,1.0,1.0,-0.13716609327343784,85,158,800,3,2,100,0.0,0,0.3,0.0,0.0,1.0,0.7,0.5,1.0,0.25,1.0,0.25
s1_0.5,0.9113486149529013,0.07150413044080488,1.0,1.0,-1.2398078894266011,86,159,800,3,2,100,0.0,0,0.3,0.0,0.0,1.0,0.7,0.5,1.0,0.25,1.0,0.25
s1_0.5,0.9111030677426016,0.07444553187570394,1.0,1.0,-1.1941204531364331,87,160,800,3,2,100,0.0,0,0.3,0.0,0.0,1.0,0.7,0.5,1.0,0.25,1.0,0.25
s1_0.5,1.0615768549239648,0.07204185759273449,1.0,1.0,0.8547371900384605,88,161,800,3,2,100,0.0,0,0.3,0.0,0.0,1.0,0.7,0.5,1.0,0.25,1.0,0.25
s1_0.5,0.9069407117851428,0.07165312128175418,1.0,1.0,-1.2987471662110819,89,162,800,3,2,100,0.0,0,0.3,0.0,0.0,1.0,0.7,0.5,1.0,0.25,1.0,0.25
s1_0.5,0.8512341272488481,0.07061979395257936,1.0,1.0,-2.106574721119224,90,163,800,3,2,100,0.0,0,0.3,0.0,0.0,1.0,0.7,0.5,1.0,0.25,1.0,0.25
s1_0.5,0.9925877680213445,0.07083018897897454,1.0,1.0,-0.10464792040659035,91,164,800,3,2,100,0.0,0,0.3,0.0,0.0,1.0,0.7,0.5,1.0,0.25,1.0,0.25
s1_0.5,0.9879238740659528,0.06564395135731858,1.0,1.0,-0.1839640314811855,92,165,800,3,2,100,0.0,0,0.3,0.0,0.0,1.0,0.7,0.5,1.0,0.25,1.0,0.25
s1_0.5,0.9078289846236145,0.0648976399586061,1.0,1.0,-1.4202521915307749,93,166,800,3,2,100,0.0,0,0.3,0.0,0.0,1.0,0.7,0.5,1.0,0.25,1.0,0.25
s1_0.5,0.9776500279393622,0.06802920010246057,1.0,1.0,-0.32853498243366,94,167,800,3,2,100,0.0,0,0.3,0.0,0.0,1.0,0.7,0.5,1.0,0.25,1.0,0.25
s1_0.5,1.0285306355890549,0.06664527169249876,1.0,1.0,0.42809692067421107,95,168,800,3,2,100,0.0,0,0.3,0.0,0.0,1.0,0.7,0.5,1.0,0.25,1.0,0.25
s1_0.5,0.9001304198841135,0.06605575037050888,1.0,1.0,-1.5118983518575562,96,169,800,3,2,100,0.0,0,0.3,0.0,0.0,1.0,0.7,0.5,1.0,0.25,1.0,0.25
s1_0.5,0.8379180783876821,0.06964937386538131,1.0,1.0,-2.3271124005449173,97,170,800,3,2,100,0.0,0,0.3,0.0,0.0,1.0,0.7,0.5,1.0,0.25,1.0,0.25
s1_0.5,0.9724181895684523,0.0846536285891511,1.0,1.0,-0.32581958849525927,98,171,800,3,2,100,0.0,0,0.3,0.0,0.0,1.0,0.7,0.5,1.0,0.25,1.0,0.25
s1_0.5,0.9047743013336464,0.07465644686005535,1.0,1.0,-1.2755187618941413,99,172,800,3,2,100,0.0,0,0.3,0.0,0.0,1.0,0.7,0.5,1.0,0.25,1.0,0.25
s1_1.0,0.9735155871760806,0.03378007384492567,1.0,1.0,-0.784024716627369,0,74,800,3,2,100,0.0,0,0.3,0.0,0.0,1.0,0.7,1.0,1.0,0.25,1.0,0.25
s1_1.0,0.954987403309035,0.03306118742550634,1.0,1.0,-1.361493648477922,1,75,800,3,2,100,0.0,0,0.3,0.0,0.0,1.0,0.7,1.0,1.0,0.25,1.0,0.25
s1_1.0,0.9797694516267833,0.03770168371533505,1.0,1.0,-0.5365953554214339,2,76,800,3,2,100,0.0,0,0.3,0.0,0.0,1.0,0.7,1.0,1.0,0.25,1.0,0.25
s1_1.0,1.085939285654257,0.03776916009176657,1.0,1.0,2.2753824931624864,3,77,800,3,2,100,0.0,0,0.3,0.0,0.0,1.0,0.7,1.0,1.0,0.25,1.0,0.25
s1_1.0,0.9572230289106373,0.03693486410022548,1.0,1.0,-1.1581732363569626,4,78,800,3,2,100,0.0,0,0.3,0.0,0.0,1.0,0.7,1.0,1.0,0.25,1.0,0.25
s1_1.0,0.925707384341858,0.03887499308016478,1.0,1.0,-1.9110644085502984,5,79,800,3,2,100,0.0,0,0.3,0.0,0.0,1.0,0.7,1.0,1.0,0.25,1.0,0.25
s1_1.0,0.985100967391863,0.03769560770360694,1.0,1.0,-0.3952458526543753,6,80,800,3,2,100,0.0,0,0.3,0.0,0.0,1.0,0.7,1.0,1.0,0.25,1.0,0.25
s1_1.0,0.9982730498678085,0.034324188168126636,1.0,1.0,-0.050312919965726295,7,81,800,3,2,100,0.0,0,0.3,0.0,0.0,1.0,0.7,1.0,1.0,0.25,1.0,0.25
s1_1.0,1.0290978376267037,0.03550527812874528,1.0,1.0,0.8195355496496146,8,82,800,3,2,100,0.0,0,0.3,0.0,0.0,1.0,0.7,1.0,1.0,0.25,1.0,0.25
s1_1.0,0.9405476243067327,0.03285357249211877,1.0,1.0,-1.8096167686947697,9,83,800,3,2,100,0.0,0,0.3,0.0,0.0,1.0,0.7,1.0,1.0,0.25,1.0,0.25
s1_1.0,0.9713966889162802,0.035072075513394,1.0,1.0,-0.8155579806731496,10,84,800,3,2,100,0.0,0,0.3,0.0,0.0,1.0,0.7,1.0,1.0,0.25,1.0,0.25
s1_1.0,0.9306503228395079,0.03863353908103275,1.0,1.0,-1.795064050824677,11,85,800,3,2,100,0.0,0,0.3,0.0,0.0,1.0,0.7,1.0,1.0,0.25,1.0,0.25
s1_1.0,0.9912710954021471,0.03416256292021956,1.0,1.0,-0.2555108238874724,12,86,800,3,2,100,0.0,0,0.3,0.0,0.0,1.0,0.7,1.0,1.0,0.25,1.0,0.25
s1_1.0,0.9800830302690645,0.0360228209343339,1.0,1.0,-0.5528986685202191,13,87,800,3,2,100,0.0,0,0.3,0.0,0.0,1.0,0.7,1.0,1.0,0.25,1.0,0.25
s1_1.0,0.9687996109576166,0.03865596351722165,1.0,1.0,-0.8071300312688705,14,88,800,3,2,100,0.0,0,0.3,0.0,0.0,1.0,0.7,1.0,1.0,0.25,1.0,0.25
s1_1.0,0.9535529784912223,0.03784601300266895,1.0,1.0,-1.2272632656312346,15,89,800,3,2,100,0.0,0,0.3,0.0,0.0,1.0,0.7,1.0,1.0,0.25,1.0,0.25
s1_1.0,0.9475987058617744,0.035029445269522015,1.0,1.0,-1.4959213237618196,16,90,800,3,2,100,0.0,0,0.3,0.0,0.0,1.0,0.7,1.0,1.0,0.25,1.0,0.25
s1_1.0,0.9782923939108744,0.035139611930825584,1.0,1.0,-0.6177531536733616,17,91,800,3,2,100,0.0,0,0.3,0.0,0.0,1.0,0.7,1.0,1.0,0.25,1.0,0.25
s1_1.0,0.978368488231475,0.03934020900230448,1.0,1.0,-0.5498575710987662,18,92,800,3,2,100,0.0,0,0.3,0.0,0.0,1.0,0.7,1.0,1.0,0.25,1.0,0.25
s1_1.0,1.0269328641455004,0.03830966883891654,1.0,1.0,0.7030304610240048,19,93,800,3,2,100,0.0,0,0.3,0.0,0.0,1.0,0.7,1.0,1.0,0.25,1.0,0.25
s1_1.0,0.9220880106928826,0.03699853937640838,1.0,1.0,-2.1058125704496575,20,94,800,3,2,100,0.0,0,0.3,0.0,0.0,1.0,0.7,1.0,1.0,0.25,1.0,0.25
s1_1.0,1.0535985264561096,0.03711474181757936,1.0,1.0,1.4441303867759292,21,95,800,3,2,100,0.0,0,0.3,0.0,0.0,1.0,0.7,1.0,1.0,0.25,1.0,0.25
s1_1.0,0.9584722968318613,0.03994193105216193,1.0,1.0,-1.0397019391452516,22,96,800,3,2,100,0.0,0,0.3,0.0,0.0,1.0,0.7,1.0,1.0,0.25,1.0,0.25
s1_1.0,0.9532008830747868,0.03724341913180399,1.0,1.0,-1.2565741281591716,23,97,800,3,2,100,0.0,0,0.3,0.0,0.0,1.0,0.7,1.0,1.0,0.25,1.0,0.25
s1_1.0,0.9211608121164989,0.0340608284245621,1.0,1.0,-2.3146585544187235,24,98,800,3,2,100,0.0,0,0.3,0.0,0.0,1.0,0.7,1.0,1.0,0.25,1.0,0.25
s1_1.0,1.0169507246806981,0.03193094951870706,1.0,1.0,0.530855641194365,25,99,800,3,2,100,0.0,0,0.3,0.0,0.0,1.0,0.7,1.0,1.0,0.25,1.0,0.25
s1_1.0,1.0090229207183883,0.034868139115617244,1.0,1.0,0.25877264882045187,26,100,800,3,2,100,0.0,0,0.3,0.0,0.0,1.0,0.7,1.0,1.0,0.25,1.0,0.25
s1_1.0,0.933220969032746,0.034584415180149645,1.0,1.0,-1.9308995285709807,27,101,800,3,2,100,0.0,0,0.3,0.0,0.0,1.0,0.7,1.0,1.0,0.25,1.0,0.25
s1_1.0,0.9597023794444929,0.0353731366949869,1.0,1.0,-1.139215357206875,28,102,800,3,2,100,0.0,0,0.3,0.0,0.0,1.0,0.7,1.0,1.0,0.25,1.0,0.25
s1_1.0,0.9890551797896427,0.036786400165131065,1.0,1.0,-0.2975235456915293,29,103,800,3,2,100,0.0,0,0.3,0.0,0.0,1.0,0.7,1.0,1.0,0.25,1.0,0.25
s1_1.0,0.9639166344690108,0.037590241877612486,1.0,1.0,-0.9599130978851003,30,104,800,3,2,100,0.0,0,0.3,0.0,0.0,1.0,0.7,1.0,1.0,0.25,1.0,0.25
s1_1.0,0.9635288003260305,0.0383918022272745,1.0,1.0,-0.9499736286946031,31,105,800,3,2,100,0.0,0,0.3,0.0,0.0,1.0,0.7,1.0,1.0,0.25,1.0,0.25
s1_1.0,1.0192039612116734,0.03699919823311827,1.0,1.0,0.5190372259062584,32,106,800,3,2,100,0.0,0,0.3,0.0,0.0,1.0,0.7,1.0,1.0,0.25,1.0,0.25
s1_1.0,1.0081919681985105,0.03723848181576912,1.0,1.0,0.21998663208234068,33,107,800,3,2,100,0.0,0,0.3,0.0,0.0,1.0,0.7,1.0,1.0,0.25,1.0,0.25
s1_1.0,1.0029057605601357,0.03201226112479398,1.0,1.0,0.09077023796626285,34,108,800,3,2,100,0.0,0,0.3,0.0,0.0,1.0,0.7,1.0,1.0,0.25,1.0,0.25
s1_1.0,1.0294939333858968,0.03668304345433621,1.0,1.0,0.8040208938119168,35,109,800,3,2,100,0.0,0,0.3,0.0,0.0,1.0,0.7,1.0,1.0,0.25,1.0,0.25
s1_1.0,0.9484456899668264,0.03315276853931344,1.0,1.0,-1.5550529353842375,36,110,800,3,2,100,0.0,0,0.3,0.0,0.0,1.0,0.7,1.0,1.0,0.25,1.0,0.25
s1_1.0,0.9876903334691429,0.03532677734140149,1.0,1.0,-0.348451442708607,37,111,800,3,2,100,0.0,0,0.3,0.0,0.0,1.0,0.7,1.0,1.0,0.25,1.0,0.25
s1_1.0,0.888512132626002,0.037323193585347574,1.0,1.0,-2.9870934575589514,38,112,800,3,2,100,0.0,0,0.3,0.0,0.0,1.0,0.7,1.0,1.0,0.25,1.0,0.25
s1_1.0,0.9882102822331624,0.032985218112506855,1.0,1.0,-0.35742427794853104,39,113,800,3,2,100,0.0,0,0.3,0.0,0.0,1.0,0.7,1.0,1.0,0.25,1.0,0.25
s1_1.0,0.9139182327308926,0.034556244581088476,1.0,1.0,-2.49106256517866,40,114,800,3,2,100,0.0,0,0.3,0.0,0.0,1.0,0.7,1.0,1.0,0.25,1.0,0.25
s1_1.0,0.907098433498787,0.034728606102683995,1.0,1.0,-2.675073287609809,41,115,800,3,2,100,0.0,0,0.3,0.0,0.0,1.0,0.7,1.0,1.0,0.25,1.0,0.25
s1_1.0,0.9778880687673955,0.035565648748247684,1.0,1.0,-0.621721577163524,42,116,800,3,2,100,0.0,0,0.3,0.0,0.0,1.0,0.7,1.0,1.0,0.25,1.0,0.25
s1_1.0,0.9497934634798029,0.03494093110377251,1.0,1.0,-1.4368974991275036,43,117,800,3,2,100,0.0,0,0.3,0.0,0.0,1.0,0.7,1.0,1.0,0.25,1.0,0.25
s1_1.0,0.9230181860987489,0.032914723329647524,1.0,1.0,-2.338826097070995,44,118,800,3,2,100,0.0,0,0.3,0.0,0.0,1.0,0.7,1.0,1.0,0.25,1.0,0.25
s1_1.0,0.9550386611172326,0.03667609090252938,1.0,1.0,-1.2259032458572803,45,119,800,3,2,100,0.0,0,0.3,0.0,0.0,1.0,0.7,1.0,1.0,0.25,1.0,0.25
s1_1.0,1.0327721358397317,0.03664964732892951,1.0,1.0,0.8942005784012804,46,120,800,3,2,100,0.0,0,0.3,0.0,0.0,1.0,0.7,1.0,1.0,0.25,1.0,0.25
s1_1.0,0.9201778807576053,0.033268780360016535,1.0,1.0,-2.3993100552110236,47,121,800,3,2,100,0.0,0,0.3,0.0,0.0,1.0,0.7,1.0,1.0,0.25,1.0,0.25
s1_1.0,0.9099933486404236,0.036908625384645156,1.0,1.0,-2.4386346124128826,48,122,800,3,2,100,0.0,0,0.3,0.0,0.0,1.0,0.7,1.0,1.0,0.25,1.0,0.25
s1_1.0,1.033598652124248,0.03551904608378255,1.0,1.0,0.9459334027438474,49,123,800,3,2,100,0.0,0,0.3,0.0,0.0,1.0,0.7,1.0,1.0,0.25,1.0,0.25
s1_1.0,0.9609510458444828,0.034234471110652864,1.0,1.0,-1.1406326106018396,50,124,800,3,2,100,0.0,0,0.3,0.0,0.0,1.0,0.7,1.0,1.0,0.25,1.0,0.25
s1_1.0,1.0150179972510336,0.03422573287113427,1.0,1.0,0.4387925689591195,51,125,800,3,2,100,0.0,0,0.3,0.0,0.0,1.0,0.7,1.0,1.0,0.25,1.0,0.25
s1_1.0,0.9580610386783482,0.03641333535904976,1.0,1.0,-1.1517473175175292,52,126,800,3,2,100,0.0,0,0.3,0.0,0.0,1.0,0.7,1.0,1.0,0.25,1.0,0.25
s1_1.0,1.009864566008805,0.033845497386773074,1.0,1.0,0.29145873957993995,53,127,800,3,2,100,0.0,0,0.3,0.0,0.0,1.0,0.7,1.0,1.0,0.25,1.0,0.25
s1_1.0,0.9947257104507549,0.03352641557286115,1.0,1.0,-0.15731743042386406,54,128,800,3,2,100,0.0,0,0.3,0.0,0.0,1.0,0.7,1.0,1.0,0.25,1.0,0.25
s1_1.0,0.9759907497677158,0.03537557343826203,1.0,1.0,-0.6786957185071634,55,129,800,3,2,100,0.0,0,0.3,0.0,0.0,1.0,0.7,1.0,1.0,0.25,1.0,0.25
s1_1.0,0.9886154975760602,0.032778003205200704,1.0,1.0,-0.3473214140797183,56,130,800,3,2,100,0.0,0,0.3,0.0,0.0,1.0,0.7,1.0,1.0,0.25,1.0,0.25
s1_1.0,0.9221618350822973,0.03702159544823982,1.0,1.0,-2.102507036103531,57,131,800,3,2,100,0.0,0,0.3,0.0,0.0,1.0,0.7,1.0,1.0,0.25,1.0,0.25
s1_1.0,0.9532380366323012,0.040789964573601865,1.0,1.0,-1.1464085310326997,58,132,800,3,2,100,0.0,0,0.3,0.0,0.0,1.0,0.7,1.0,1.0,0.25,1.0,0.25
s1_1.0,1.0064148039798433,0.03391717655383864,1.0,1.0,0.1891314263632973,59,133,800,3,2,100,0.0,0,0.3,0.0,0.0,1.0,0.7,1.0,1.0,0.25,1.0,0.25
s1_1.0,0.9972356223834157,0.03278886147261578,1.0,1.0,-0.0843084356220494,60,134,800,3,2,100,0.0,0,0.3,0.0,0.0,1.0,0.7,1.0,1.0,0.25,1.0,0.25
s1_1.0,0.9824623345739728,0.03238936850287103,1.0,1.0,-0.5414636418265653,61,135,800,3,2,100,0.0,0,0.3,0.0,0.0,1.0,0.7,1.0,1.0,0.25,1.0,0.25
s1_1.0,0.9427280347793522,0.04000379446784363,1.0,1.0,-1.4316633205053815,62,136,800,3,2,100,0.0,0,0.3,0.0,0.0,1.0,0.7,1.0,1.0,0.25,1.0,0.25
s1_1.0,0.9609356033300873,0.034386166963059336,1.0,1.0,-1.1360497583775218,63,137,800,3,2,100,0.0,0,0.3,0.0,0.0,1.0,0.7,1.0,1.0,0.25,1.0,0.25
s1_1.0,1.0584298054406478,0.03533033703012396,1.0,1.0,1.6538139840225234,64,138,800,3,2,100,0.0,0,0.3,0.0,0.0,1.0,0.7,1.0,1.0,0.25,1.0,0.25
s1_1.0,0.913080373989182,0.03369847285055557,1.0,1.0,-2.5793342741757224,65,139,800,3,2,100,0.0,0,0.3,0.0,0.0,1.0,0.7,1.0,1.0,0.25,1.0,0.25
s1_1.0,0.9778295885589429,0.03653518867458509,1.0,1.0,-0.6068235103019873,66,140,800,3,2,100,0.0,0,0.3,0.0,0.0,1.0,0.7,1.0,1.0,0.25,1.0,0.25
s1_1.0,0.9483564804246635,0.03757474917082948,1.0,1.0,-1.374420873457995,67,141,800,3,2,100,0.0,0,0.3,0.0,0.0,1.0,0.7,1.0,1.0,0.25,1.0,0.25
s1_1.0,1.0378232207114915,0.0376239149748246,1.0,1.0,1.0052973151996605,68,142,800,3,2,100,0.0,0,0.3,0.0,0.0,1.0,0.7,1.0,1.0,0.25,1.0,0.25
s1_1.0,1.0034404663078824,0.03534223216263492,1.0,1.0,0.09734717071775115,69,143,800,3,2,100,0.0,0,0.3,0.0,0.0,1.0,0.7,1.0,1.0,0.25,1.0,0.25
s1_1.0,0.9684635432912477,0.0339299723784301,1.0,1.0,-0.9294571877930725,70,144,800,3,2,100,0.0,0,0.3,0.0,0.0,1.0,0.7,1.0,1.0,0.25,1.0,0.25
s1_1.0,0.9915000217807398,0.034574825393731336,1.0,1.0,-0.24584298322447326,71,145,800,3,2,100,0.0,0,0.3,0.0,0.0,1.0,0.7,1.0,1.0,0.25,1.0,0.25
s1_1.0,1.0042370209422993,0.034617443576105036,1.0,1.0,0.12239554700174081,72,146,800,3,2,100,0.0,0,0.3,0.0,0.0,1.0,0.7,1.0,1.0,0.25,1.0,0.25
s1_1.0,0.9976902662178252,0.0352034221233481,1.0,1.0,-0.06561105832500619,73,147,800,3,2,100,0.0,0,0.3,0.0,0.0,1.0,0.7,1.0,1.0,0.25,1.0,0.25
s1_1.0,0.9667472506896585,0.03535850363879384,1.0,1.0,-0.9404456039779355,74,148,800,3,2,100,0.0,0,0.3,0.0,0.0,1.0,0.7,1.0,1.0,0.25,1.0,0.25
s1_1.0,1.0057594497912978,0.03925446001327092,1.0,1.0,0.146720902270741,75,149,800,3,2,100,0.0,0,0.3,0.0,0.0,1.0,0.7,1.0,1.0,0.25,1.0,0.25
s1_1.0,0.9882145101505391,0.03647144816365783,1.0,1.0,-0.32314290884683444,76,150,800,3,2,100,0.0,0,0.3,0.0,0.0,1.0,0.7,1.0,1.0,0.25,1.0,0.25
s1_1.0,0.9851254609330486,0.035972404854001674,1.0,1.0,-0.4134986005890197,77,151,800,3,2,100,0.0,0,0.3,0.0,0.0,1.0,0.7,1.0,1.0,0.25,1.0,0.25
s1_1.0,0.9718414117450945,0.03471617579209958,1.0,1.0,-0.8111085859092109,78,152,800,3,2,100,0.0,0,0.3,0.0,0.0,1.0,0.7,1.0,1.0,0.25,1.0,0.25
s1_1.0,0.9553359641777374,0.03691048484455184,1.0,1.0,-1.2100636447980786,79,153,800,3,2,100,0.0,0,0.3,0.0,0.0,1.0,0.7,1.0,1.0,0.25,1.0,0.25
s1_1.0,0.9782490392570271,0.03266553654462016,1.0,1.0,-0.6658687731414336,80,154,800,3,2,100,0.0,0,0.3,0.0,0.0,1.0,0.7,1.0,1.0,0.25,1.0,0.25
s1_1.0,0.9680145099068382,0.03338528381456896,1.0,1.0,-0.9580715344766263,81,155,800,3,2,100,0.0,0,0.3,0.0,0.0,1.0,0.7,1.0,1.0,0.25,1.0,0.25
s1_1.0,0.9337658794245686,0.03333625797866997,1.0,1.0,-1.9868492923774164,82,156,800,3,2,100,0.0,0,0.3,0.0,0.0,1.0,0.7,1.0,1.0,0.25,1.0,0.25
s1_1.0,0.9846751079288995,0.03760323746896439,1.0,1.0,-0.40754182625229696,83,157,800,3,2,100,0.0,0,0.3,0.0,0.0,1.0,0.7,1.0,1.0,0.25,1.0,0.25
s1_1.0,1.0066417549754227,0.03531861300587809,1.0,1.0,0.1880525425592832,84,158,800,3,2,100,0.0,0,0.3,0.0,0.0,1.0,0.7,1.0,1.0,0.25,1.0,0.25
s1_1.0,0.9509460847787483,0.035908622779796694,1.0,1.0,-1.3660762074353612,85,159,800,3,2,100,0.0,0,0.3,0.0,0.0,1.0,0.7,1.0,1.0,0.25,1.0,0.25
s1_1.0,0.9636916160813509,0.03729459337487324,1.0,1.0,-0.9735562351810334,86,160,800,3,2,100,0.0,0,0.3,0.0,0.0,1.0,0.7,1.0,1.0,0.25,1.0,0.25
s1_1.0,1.0216703487320253,0.03557572066136499,1.0,1.0,0.6091330921529075,87,161,800,3,2,100,0.0,0,0.3,0.0,0.0,1.0,0.7,1.0,1.0,0.25,1.0,0.25
s1_1.0,0.9557858390531553,0.036812146113879736,1.0,1.0,-1.201075341004748,88,162,800,3,2,100,0.0,0,0.3,0.0,0.0,1.0,0.7,1.0,1.0,0.25,1.0,0.25
s1_1.0,0.9204905954754747,0.0357988980960713,1.0,1.0,-2.221001448456619,89,163,800,3,2,100,0.0,0,0.3,0.0,0.0,1.0,0.7,1.0,1.0,0.25,1.0,0.25
s1_1.0,0.9848805937333461,0.03529104883347484,1.0,1.0,-0.4284204285907355,90,164,800,3,2,100,0.0,0,0.3,0.0,0.0,1.0,0.7,1.0,1.0,0.25,1.0,0.25
s1_1.0,0.980975780540456,0.03298576449540497,1.0,1.0,-0.5767402923826175,91,165,800,3,2,100,0.0,0,0.3,0.0,0.0,1.0,0.7,1.0,1.0,0.25,1.0,0.25
s1_1.0,0.9537361045798768,0.03314747366987813,1.0,1.0,-1.3956989869235277,92,166,800,3,2,100,0.0,0,0.3,0.0,0.0,1.0,0.7,1.0,1.0,0.25,1.0,0.25
s1_1.0,0.985598332058676,0.036417305819083194,1.0,1.0,-0.3954622017584108,93,167,800,3,2,100,0.0,0,0.3,0.0,0.0,1.0,0.7,1.0,1.0,0.25,1.0,0.25
s1_1.0,0.9906939570349639,0.033678801001595746,1.0,1.0,-0.27631752581082647,94,168,800,3,2,100,0.0,0,0.3,0.0,0.0,1.0,0.7,1.0,1.0,0.25,1.0,0.25
s1_1.0,0.9400622708174605,0.032994770703692666,1.0,1.0,-1.8165826858081922,95,169,800,3,2,100,0.0,0,0.3,0.0,0.0,1.0,0.7,1.0,1.0,0.25,1.0,0.25
s1_1.0,0.9272623606552228,0.03535323165322703,1.0,1.0,-2.0574537586336246,96,170,800,3,2,100,0.0,0,0.3,0.0,0.0,1.0,0.7,1.0,1.0,0.25,1.0,0.25
s1_1.0,0.9697929542699678,0.04345221086886455,1.0,1.0,-0.6951785680409852,97,171,800,3,2,100,0.0,0,0.3,0.0,0.0,1.0,0.7,1.0,1.0,0.25,1.0,0.25
s1_1.0,0.960180015201405,0.03818927728567671,1.0,1.0,-1.0427006643964418,98,172,800,3,2,100,0.0,0,0.3,0.0,0.0,1.0,0.7,1.0,1.0,0.25,1.0,0.25
s1_1.0,1.0617159820551723,0.03396435503162387,1.0,1.0,1.817080936696991,99,173,800,3,2,100,0.0,0,0.3,0.0,0.0,1.0,0.7,1.0,1.0,0.25,1.0,0.25
s1_2.0,0.9823374045294937,0.01727804631659347,1.0,1.0,-1.0222565182930157,0,75,800,3,2,100,0.0,0,0.3,0.0,0.0,1.0,0.7,2.0,1.0,0.25,1.0,0.25
s1_2.0,0.9866040554113331,0.019276868268770533,1.0,1.0,-0.6949232832787974,1,76,800,3,2,100,0.0,0,0.3,0.0,0.0,1.0,0.7,2.0,1.0,0.25,1.0,0.25
s1_2.0,1.0343423819525892,0.019030061155346133,1.0,1.0,1.8046385490958536,2,77,800,3,2,100,0.0,0,0.3,0.0,0.0,1.0,0.7,2.0,1.0,0.25,1.0,0.25
s1_2.0,0.9774630713902076,0.018678211555482122,1.0,1.0,-1.2065892145427448,3,78,800,3,2,100,0.0,0,0.3,0.0,0.0,1.0,0.7,2.0,1.0,0.25,1.0,0.25
s1_2.0,0.9633049150978987,0.02037323435275427,1.0,1.0,-1.8011418445761136,4,79,800,3,2,100,0.0,0,0.3,0.0,0.0,1.0,0.7,2.0,1.0,0.25,1.0,0.25
s1_2.0,1.0007311479139807,0.019227606972141716,1.0,1.0,0.03802594441627573,5,80,800,3,2,100,0.0,0,0.3,0.0,0.0,1.0,0.7,2.0,1.0,0.25,1.0,0.25
s1_2.0,1.0038264413108609,0.017731304621334928,1.0,1.0,0.21580145356347566,6,81,800,3,2,100,0.0,0,0.3,0.0,0.0,1.0,0.7,2.0,1.0,0.25,1.0,0.25
s1_2.0,1.012629737243224,0.018047127095292628,1.0,1.0,0.6998198204365912,7,82,800,3,2,100,0.0,0,0.3,0.0,0.0,1.0,0.7,2.0,1.0,0.25,1.0,0.25
s1_2.0,0.9643400897450204,0.017048264409947514,1.0,1.0,-2.0917032606657813,8,83,800,3,2,100,0.0,0,0.3,0.0,0.0,1.0,0.7,2.0,1.0,0.25,1.0,0.25
s1_2.0,0.9847342740185997,0.018015491480453807,1.0,1.0,-0.8473666121161942,9,84,800,3,2,100,0.0,0,0.3,0.0,0.0,1.0,0.7,2.0,1.0,0.25,1.0,0.25
s1_2.0,0.9630406348165123,0.019756446837574392,1.0,1.0,-1.8707496083352126,10,85,800,3,2,100,0.0,0,0.3,0.0,0.0,1.0,0.7,2.0,1.0,0.25,1.0,0.25
s1_2.0,0.9900231309815393,0.017814886002490433,1.0,1.0,-0.5600299107760788,11,86,800,3,2,100,0.0,0,0.3,0.0,0.0,1.0,0.7,2.0,1.0,0.25,1.0,0.25
s1_2.0,0.9942451382605982,0.01856592403744535,1.0,1.0,-0.3099690447830586,12,87,800,3,2,100,0.0,0,0.3,0.0,0.0,1.0,0.7,2.0,1.0,0.25,1.0,0.25
s1_2.0,0.9939828924117318,0.019611990498780832,1.0,1.0,-0.3068075924594336,13,88,800,3,2,100,0.0,0,0.3,0.0,0.0,1.0,0.7,2.0,1.0,0.25,1.0,0.25
s1_2.0,0.9753962242287192,0.018499378373535335,1.0,1.0,-1.329978514655295,14,89,800,3,2,100,0.0,0,0.3,0.0,0.0,1.0,0.7,2.0,1.0,0.25,1.0,0.25
s1_2.0,0.9842034358577842,0.01824541081373729,1.0,1.0,-0.8657828701956243,15,90,800,3,2,100,0.0,0,0.3,0.0,0.0,1.0,0.7,2.0,1.0,0.25,1.0,0.25
s1_2.0,0.9964053413417302,0.017916547187509495,1.0,1.0,-0.2006334491042902,16,91,800,3,2,100,0.0,0,0.3,0.0,0.0,1.0,0.7,2.0,1.0,0.25,1.0,0.25
s1_2.0,0.9933896974417675,0.019437121817675033,1.0,1.0,-0.3400864912119567,17,92,800,3,2,100,0.0,0,0.3,0.0,0.0,1.0,0.7,2.0,1.0,0.25,1.0,0.25
s1_2.0,1.0122460664143786,0.01921631844712413,1.0,1.0,0.6372743274459713,18,93,800,3,2,100,0.0,0,0.3,0.0,0.0,1.0,0.7,2.0,1.0,0.25,1.0,0.25
s1_2.0,0.9525491456867412,0.019262086312706917,1.0,1.0,-2.463432752970075,19,94,800,3,2,100,0.0,0,0.3,0.0,0.0,1.0,0.7,2.0,1.0,0.25,1.0,0.25
s1_2.0,1.016396578195528,0.01925200879808141,1.0,1.0,0.8516814202350668,20,95,800,3,2,100,0.0,0,0.3,0.0,0.0,1.0,0.7,2.0,1.0,0.25,1.0,0.25
s1_2.0,0.9829120173805863,0.020592330175035273,1.0,1.0,-0.8298226802972489,21,96,800,3,2,100,0.0,0,0.3,0.0,0.0,1.0,0.7,2.0,1.0,0.25,1.0,0.25
s1_2.0,0.9770261991949856,0.018778507968299985,1.0,1.0,-1.223409274250996,22,97,800,3,2,100,0.0,0,0.3,0.0,0.0,1.0,0.7,2.0,1.0,0.25,1.0,0.25
s1_2.0,0.9529995638986849,0.01771724199711767,1.0,1.0,-2.6528077061295074,23,98,800,3,2,100,0.0,0,0.3,0.0,0.0,1.0,0.7,2.0,1.0,0.25,1.0,0.25
s1_2.0,1.0020674856805887,0.016473481243308084,1.0,1.0,0.1255038719535094,24,99,800,3,2,100,0.0,0,0.3,0.0,0.0,1.0,0.7,2.0,1.0,0.25,1.0,0.25
s1_2.0,0.9938345268228246,0.018351527226291773,1.0,1.0,-0.33596512710627696,25,100,800,3,2,100,0.0,0,0.3,0.0,0.0,1.0,0.7,2.0,1.0,0.25,1.0,0.25
s1_2.0,0.9666451379982116,0.01817614360626256,1.0,1.0,-1.8350901447706447,26,101,800,3,2,100,0.0,0,0.3,0.0,0.0,1.0,0.7,2.0,1.0,0.25,1.0,0.25
s1_2.0,0.9702835274369903,0.01838622284566114,1.0,1.0,-1.6162358529240992,27,102,800,3,2,100,0.0,0,0.3,0.0,0.0,1.0,0.7,2.0,1.0,0.25,1.0,0.25
s1_2.0,0.9905495925466126,0.01829949921406778,1.0,1.0,-0.5164298401194722,28,103,800,3,2,100,0.0,0,0.3,0.0,0.0,1.0,0.7,2.0,1.0,0.25,1.0,0.25
s1_2.0,0.9789805856926345,0.019246028162285687,1.0,1.0,-1.0921429673762484,29,104,800,3,2,100,0.0,0,0.3,0.0,0.0,1.0,0.7,2.0,1.0,0.25,1.0,0.25
s1_2.0,0.9803199237336485,0.019292936990355208,1.0,1.0,-1.0200663733152613,30,105,800,3,2,100,0.0,0,0.3,0.0,0.0,1.0,0.7,2.0,1.0,0.25,1.0,0.25
s1_2.0,1.0007375923651338,0.01908373545473669,1.0,1.0,0.038650313869800924,31,106,800,3,2,100,0.0,0,0.3,0.0,0.0,1.0,0.7,2.0,1.0,0.25,1.0,0.25
s1_2.0,1.0035912151442732,0.019115813788704045,1.0,1.0,0.18786619204228247,32,107,800,3,2,100,0.0,0,0.3,0.0,0.0,1.0,0.7,2.0,1.0,0.25,1.0,0.25
s1_2.0,0.9971895392608283,0.016421451678613808,1.0,1.0,-0.17114569370452418,33,108,800,3,2,100,0.0,0,0.3,0.0,0.0,1.0,0.7,2.0,1.0,0.25,1.0,0.25
s1_2.0,1.0193342731120403,0.01891418325731922,1.0,1.0,1.0222103090049366,34,109,800,3,2,100,0.0,0,0.3,0.0,0.0,1.0,0.7,2.0,1.0,0.25,1.0,0.25
s1_2.0,0.9689647099639248,0.016348420885697143,1.0,1.0,-1.8983662246686621,35,110,800,3,2,100,0.0,0,0.3,0.0,0.0,1.0,0.7,2.0,1.0,0.25,1.0,0.25
s1_2.0,0.9876774032583846,0.018351700899896524,1.0,1.0,-0.6714689177222194,36,111,800,3,2,100,0.0,0,0.3,0.0,0.0,1.0,0.7,2.0,1.0,0.25,1.0,0.25
s1_2.0,0.9450141984794542,0.01935012671054739,1.0,1.0,-2.841624881483285,37,112,800,3,2,100,0.0,0,0.3,0.0,0.0,1.0,0.7,2.0,1.0,0.25,1.0,0.25
s1_2.0,0.9915763465473745,0.01815543835724214,1.0,1.0,-0.4639741154619578,38,113,800,3,2,100,0.0,0,0.3,0.0,0.0,1.0,0.7,2.0,1.0,0.25,1.0,0.25
s1_2.0,0.9604593042834447,0.017510604015013066,1.0,1.0,-2.2581000451300404,39,114,800,3,2,100,0.0,0,0.3,0.0,0.0,1.0,0.7,2.0,1.0,0.25,1.0,0.25
s1_2.0,0.9537908270577079,0.018083786325334073,1.0,1.0,-2.5552819587099633,40,115,800,3,2,100,0.0,0,0.3,0.0,0.0,1.0,0.7,2.0,1.0,0.25,1.0,0.25
s1_2.0,0.991391851650669,0.018248568477796656,1.0,1.0,-0.4717163628371547,41,116,800,3,2,100,0.0,0,0.3,0.0,0.0,1.0,0.7,2.0,1.0,0.25,1.0,0.25
s1_2.0,0.985733507377265,0.017844519411714003,1.0,1.0,-0.7994887558232494,42,117,800,3,2,100,0.0,0,0.3,0.0,0.0,1.0,0.7,2.0,1.0,0.25,1.0,0.25
s1_2.0,0.9595691728277949,0.017227660557172498,1.0,1.0,-2.3468553398779575,43,118,800,3,2,100,0.0,0,0.3,0.0,0.0,1.0,0.7,2.0,1.0,0.25,1.0,0.25
s1_2.0,0.9729573512760299,0.018520588044233476,1.0,1.0,-1.460139854057714,44,119,800,3,2,100,0.0,0,0.3,0.0,0.0,1.0,0.7,2.0,1.0,0.25,1.0,0.25
s1_2.0,1.0123428499674625,0.01871559575255748,1.0,1.0,0.6594954352856143,45,120,800,3,2,100,0.0,0,0.3,0.0,0.0,1.0,0.7,2.0,1.0,0.25,1.0,0.25
s1_2.0,0.9655189054612017,0.017168094163132624,1.0,1.0,-2.0084404367285136,46,121,800,3,2,100,0.0,0,0.3,0.0,0.0,1.0,0.7,2.0,1.0,0.25,1.0,0.25
s1_2.0,0.950915640894286,0.01828038110446618,1.0,1.0,-2.685084015766055,47,122,800,3,2,100,0.0,0,0.3,0.0,0.0,1.0,0.7,2.0,1.0,0.25,1.0,0.25
s1_2.0,1.0237181532958453,0.018195852137230836,1.0,1.0,1.3034923078603804,48,123,800,3,2,100,0.0,0,0.3,0.0,0.0,1.0,0.7,2.0,1.0,0.25,1.0,0.25
s1_2.0,0.9750807472739511,0.017374373053880465,1.0,1.0,-1.4342533482371222,49,124,800,3,2,100,0.0,0,0.3,0.0,0.0,1.0,0.7,2.0,1.0,0.25,1.0,0.25
s1_2.0,0.9990316147963966,0.017614032295702034,1.0,1.0,-0.054978053142307554,50,125,800,3,2,100,0.0,0,0.3,0.0,0.0,1.0,0.7,2.0,1.0,0.25,1.0,0.25
s1_2.0,0.9680584097044509,0.0189824965673945,1.0,1.0,-1.6826864781534552,51,126,800,3,2,100,0.0,0,0.3,0.0,0.0,1.0,0.7,2.0,1.0,0.25,1.0,0.25
s1_2.0,1.0038163925681742,0.01723393406357156,1.0,1.0,0.2214463948914124,52,127,800,3,2,100,0.0,0,0.3,0.0,0.0,1.0,0.7,2.0,1.0,0.25,1.0,0.25
s1_2.0,1.0023772648803289,0.017593922781378623,1.0,1.0,0.13511852415567882,53,128,800,3,2,100,0.0,0,0.3,0.0,0.0,1.0,0.7,2.0,1.0,0.25,1.0,0.25
s1_2.0,0.9854960137941369,0.017979778013525995,1.0,1.0,-0.8066832746740218,54,129,800,3,2,100,0.0,0,0.3,0.0,0.0,1.0,0.7,2.0,1.0,0.25,1.0,0.25
s1_2.0,0.9910385450185838,0.016970007373155935,1.0,1.0,-0.5280760806027648,55,130,800,3,2,100,0.0,0,0.3,0.0,0.0,1.0,0.7,2.0,1.0,0.25,1.0,0.25
s1_2.0,0.9632920448255524,0.019240910834224217,1.0,1.0,-1.9078075612280454,56,131,800,3,2,100,0.0,0,0.3,0.0,0.0,1.0,0.7,2.0,1.0,0.25,1.0,0.25
s1_2.0,0.9796670802495754,0.02121843094253121,1.0,1.0,-0.9582668862506872,57,132,800,3,2,100,0.0,0,0.3,0.0,0.0,1.0,0.7,2.0,1.0,0.25,1.0,0.25
s1_2.0,1.0048694026762155,0.017926922918955628,1.0,1.0,0.27162512485992063,58,133,800,3,2,100,0.0,0,0.3,0.0,0.0,1.0,0.7,2.0,1.0,0.25,1.0,0.25
s1_2.0,0.9861310930821441,0.01664169530707496,1.0,1.0,-0.8333830575518207,59,134,800,3,2,100,0.0,0,0.3,0.0,0.0,1.0,0.7,2.0,1.0,0.25,1.0,0.25
s1_2.0,1.0010397993776785,0.017204560164994692,1.0,1.0,0.060437428664647776,60,135,800,3,2,100,0.0,0,0.3,0.0,0.0,1.0,0.7,2.0,1.0,0.25,1.0,0.25
s1_2.0,0.9565700113250366,0.019777675515391033,1.0,1.0,-2.195909657895139,61,136,800,3,2,100,0.0,0,0.3,0.0,0.0,1.0,0.7,2.0,1.0,0.25,1.0,0.25
s1_2.0,0.9786017508463586,0.017746386725925947,1.0,1.0,-1.2057806179992916,62,137,800,3,2,100,0.0,0,0.3,0.0,0.0,1.0,0.7,2.0,1.0,0.25,1.0,0.25
s1_2.0,1.0374044178808501,0.017584966100492996,1.0,1.0,2.127067954927789,63,138,800,3,2,100,0.0,0,0.3,0.0,0.0,1.0,0.7,2.0,1.0,0.25,1.0,0.25
s1_2.0,0.9581600208733035,0.01663445514046563,1.0,1.0,-2.5152599693460878,64,139,800,3,2,100,0.0,0,0.3,0.0,0.0,1.0,0.7,2.0,1.0,0.25,1.0,0.25
s1_2.0,0.9875345124070833,0.018738358390182727,1.0,1.0,-0.6652390424684956,65,140,800,3,2,100,0.0,0,0.3,0.0,0.0,1.0,0.7,2.0,1.0,0.25,1.0,0.25
s1_2.0,0.9676602693109183,0.019124102390111142,1.0,1.0,-1.691045677825078,66,141,800,3,2,100,0.0,0,0.3,0.0,0.0,1.0,0.7,2.0,1.0,0.25,1.0,0.25
s1_2.0,1.0275148147723838,0.019382845057393665,1.0,1.0,1.419544689693951,67,142,800,3,2,100,0.0,0,0.3,0.0,0.0,1.0,0.7,2.0,1.0,0.25,1.0,0.25
s1_2.0,1.0028752210300718,0.018080108341890926,1.0,1.0,0.15902675889446877,68,143,800,3,2,100,0.0,0,0.3,0.0,0.0,1.0,0.7,2.0,1.0,0.25,1.0,0.25
s1_2.0,0.9858849704472222,0.017142901642177792,1.0,1.0,-0.8233745866014681,69,144,800,3,2,100,0.0,0,0.3,0.0,0.0,1.0,0.7,2.0,1.0,0.25,1.0,0.25
s1_2.0,0.9928694571715985,0.017782593475576536,1.0,1.0,-0.40098441423603143,70,145,800,3,2,100,0.0,0,0.3,0.0,0.0,1.0,0.7,2.0,1.0,0.25,1.0,0.25
s1_2.0,1.0029851954539208,0.017958912024737823,1.0,1.0,0.16622362478355207,71,146,800,3,2,100,0.0,0,0.3,0.0,0.0,1.0,0.7,2.0,1.0,0.25,1.0,0.25
s1_2.0,0.9954777738874568,0.017216979684244953,1.0,1.0,-0.2626608264329541,72,147,800,3,2,100,0.0,0,0.3,0.0,0.0,1.0,0.7,2.0,1.0,0.25,1.0,0.25
s1_2.0,0.9927839937999889,0.01800533847363661,1.0,1.0,-0.4007703721080682,73,148,800,3,2,100,0.0,0,0.3,0.0,0.0,1.0,0.7,2.0,1.0,0.25,1.0,0.25
s1_2.0,0.9929043116395212,0.021051052534526608,1.0,1.0,-0.33707047896255554,74,149,800,3,2,100,0.0,0,0.3,0.0,0.0,1.0,0.7,2.0,1.0,0.25,1.0,0.25
s1_2.0,0.989908715076842,0.018653887472227335,1.0,1.0,-0.5409749007107684,75,150,800,3,2,100,0.0,0,0.3,0.0,0.0,1.0,0.7,2.0,1.0,0.25,1.0,0.25
s1_2.0,1.0019271223535389,0.01826492106755095,1.0,1.0,0.10550948161295647,76,151,800,3,2,100,0.0,0,0.3,0.0,0.0,1.0,0.7,2.0,1.0,0.25,1.0,0.25
s1_2.0,0.9815996902478913,0.01747559863213158,1.0,1.0,-1.0529144173794944,77,152,800,3,2,100,0.0,0,0.3,0.0,0.0,1.0,0.7,2.0,1.0,0.25,1.0,0.25
s1_2.0,0.9765221719681167,0.018966710518487664,1.0,1.0,-1.2378439587085177,78,153,800,3,2,100,0.0,0,0.3,0.0,0.0,1.0,0.7,2.0,1.0,0.25,1.0,0.25
s1_2.0,1.0004865017358058,0.017408031227957796,1.0,1.0,0.02794697053532636,79,154,800,3,2,100,0.0,0,0.3,0.0,0.0,1.0,0.7,2.0,1.0,0.25,1.0,0.25
s1_2.0,0.980812289807059,0.017202204051020926,1.0,1.0,-1.1154216131857941,80,155,800,3,2,100,0.0,0,0.3,0.0,0.0,1.0,0.7,2.0,1.0,0.25,1.0,0.25
s1_2.0,0.957023049989843,0.0168904979525,1.0,1.0,-2.5444454113205044,81,156,800,3,2,100,0.0,0,0.3,0.0,0.0,1.0,0.7,2.0,1.0,0.25,1.0,0.25
s1_2.0,0.994870094388966,0.019200435847199375,1.0,1.0,-0.26717651890085886,82,157,800,3,2,100,0.0,0,0.3,0.0,0.0,1.0,0.7,2.0,1.0,0.25,1.0,0.25
s1_2.0,0.9992348424871086,0.018445386117025866,1.0,1.0,-0.041482325609065986,83,158,800,3,2,100,0.0,0,0.3,0.0,0.0,1.0,0.7,2.0,1.0,0.25,1.0,0.25
s1_2.0,0.9788835648990092,0.018403252819440212,1.0,1.0,-1.1474294956533198,84,159,800,3,2,100,0.0,0,0.3,0.0,0.0,1.0,0.7,2.0,1.0,0.25,1.0,0.25
s1_2.0,0.9718824332413111,0.01900631216332403,1.0,1.0,-1.479380456191109,85,160,800,3,2,100,0.0,0,0.3,0.0,0.0,1.0,0.7,2.0,1.0,0.25,1.0,0.25
s1_2.0,1.0024761962592506,0.018086790351112034,1.0,1.0,0.13690633944337763,86,161,800,3,2,100,0.0,0,0.3,0.0,0.0,1.0,0.7,2.0,1.0,0.25,1.0,0.25
s1_2.0,0.980164695499681,0.018787198833245148,1.0,1.0,-1.0557882884179184,87,162,800,3,2,100,0.0,0,0.3,0.0,0.0,1.0,0.7,2.0,1.0,0.25,1.0,0.25
s1_2.0,0.957486833114477,0.01838036859209164,1.0,1.0,-2.3129659599870456,88,163,800,3,2,100,0.0,0,0.3,0.0,0.0,1.0,0.7,2.0,1.0,0.25,1.0,0.25
s1_2.0,0.982726062692796,0.01792255367708007,1.0,1.0,-0.9638100472978025,89,164,800,3,2,100,0.0,0,0.3,0.0,0.0,1.0,0.7,2.0,1.0,0.25,1.0,0.25
s1_2.0,0.9889725341067601,0.016625159216629493,1.0,1.0,-0.6632998667591432,90,165,800,3,2,100,0.0,0,0.3,0.0,0.0,1.0,0.7,2.0,1.0,0.25,1.0,0.25
s1_2.0,0.9712436201212401,0.016834993224244667,1.0,1.0,-1.7081313604181807,91,166,800,3,2,100,0.0,0,0.3,0.0,0.0,1.0,0.7,2.0,1.0,0.25,1.0,0.25
s1_2.0,0.9839452388326038,0.018383270752876404,1.0,1.0,-0.8733354027810405,92,167,800,3,2,100,0.0,0,0.3,0.0,0.0,1.0,0.7,2.0,1.0,0.25,1.0,0.25
s1_2.0,1.0067057928301066,0.01739680636332251,1.0,1.0,0.38546114097380463,93,168,800,3,2,100,0.0,0,0.3,0.0,0.0,1.0,0.7,2.0,1.0,0.25,1.0,0.25
s1_2.0,0.9760710816774695,0.017273541141508607,1.0,1.0,-1.385293155960299,94,169,800,3,2,100,0.0,0,0.3,0.0,0.0,1.0,0.7,2.0,1.0,0.25,1.0,0.25
s1_2.0,0.9663343873354338,0.018770296560654643,1.0,1.0,-1.7935578458112602,95,170,800,3,2,100,0.0,0,0.3,0.0,0.0,1.0,0.7,2.0,1.0,0.25,1.0,0.25
s1_2.0,0.9879239599879338,0.02204832274496813,1.0,1.0,-0.5477078756397552,96,171,800,3,2,100,0.0,0,0.3,0.0,0.0,1.0,0.7,2.0,1.0,0.25,1.0,0.25
s1_2.0,0.9844623047716954,0.01946657394661117,1.0,1.0,-0.7981730771381828,97,172,800,3,2,100,0.0,0,0.3,0.0,0.0,1.0,0.7,2.0,1.0,0.25,1.0,0.25
s1_2.0,1.0244756743017063,0.017270788374777888,1.0,1.0,1.4171718030805323,98,173,800,3,2,100,0.0,0,0.3,0.0,0.0,1.0,0.7,2.0,1.0,0.25,1.0,0.25
s1_2.0,1.0252668001686527,0.01610384037482831,1.0,1.0,1.5689922143134796,99,174,800,3,2,100,0.0,0,0.3,0.0,0.0,1.0,0.7,2.0,1.0,0.25,1.0,0.25
