config_name,theta_hat,se,true_effect,z,run_id,seed_used,n_samples,d_dim,dgp_num,n_runs,nonlinearity,sparse_k,skewness,interaction,heterogeneous,noise_std,rho,s1,a0,a1,b0,b1
0_基准,1.0247654403120787,0.15077560269981732,1.0,0.16425363167928977,0,60,50,3,3,100,0.0,0,0.3,0.0,0.0,1.0,0.7,1.0,1.0,0.25,1.0,0.25
0_基准,1.285522500730527,0.15391033693320205,1.0,1.8551223161472608,1,61,50,3,3,100,0.0,0,0.3,0.0,0.0,1.0,0.7,1.0,1.0,0.25,1.0,0.25
0_基准,0.7227188666217423,0.11157196150505187,1.0,-2.485222359075426,2,62,50,3,3,100,0.0,0,0.3,0.0,0.0,1.0,0.7,1.0,1.0,0.25,1.0,0.25
0_基准,1.170887278310244,0.10237880281251535,1.0,1.66916660105107,3,63,50,3,3,100,0.0,0,0.3,0.0,0.0,1.0,0.7,1.0,1.0,0.25,1.0,0.25
0_基准,1.0560420789907101,0.15263133230497017,1.0,0.3671728349899571,4,64,50,3,3,100,0.0,0,0.3,0.0,0.0,1.0,0.7,1.0,1.0,0.25,1.0,0.25
0_基准,0.7471570491185892,0.16999563041233157,1.0,-1.4873497058020233,5,65,50,3,3,100,0.0,0,0.3,0.0,0.0,1.0,0.7,1.0,1.0,0.25,1.0,0.25
0_基准,0.9461463103567344,0.11416373011728109,1.0,-0.47172328363781935,6,66,50,3,3,100,0.0,0,0.3,0.0,0.0,1.0,0.7,1.0,1.0,0.25,1.0,0.25
0_基准,0.8908429537297102,0.10577046698620009,1.0,-1.0320181935523791,7,67,50,3,3,100,0.0,0,0.3,0.0,0.0,1.0,0.7,1.0,1.0,0.25,1.0,0.25
0_基准,1.0882439590774415,0.10983098047422765,1.0,0.803452347383427,8,68,50,3,3,100,0.0,0,0.3,0.0,0.0,1.0,0.7,1.0,1.0,0.25,1.0,0.25
0_基准,1.2674383005111531,0.13726475227264676,1.0,1.9483392209818349,9,69,50,3,3,100,0.0,0,0.3,0.0,0.0,1.0,0.7,1.0,1.0,0.25,1.0,0.25
0_基准,0.87338601561911,0.10261987680071576,1.0,-1.2338154003709239,10,70,50,3,3,100,0.0,0,0.3,0.0,0.0,1.0,0.7,1.0,1.0,0.25,1.0,0.25
0_基准,1.010195662067495,0.1825045669195927,1.0,0.05586524348175341,11,71,50,3,3,100,0.0,0,0.3,0.0,0.0,1.0,0.7,1.0,1.0,0.25,1.0,0.25
0_基准,0.8047903051567441,0.0990735968087426,1.0,-1.9703503368319208,12,72,50,3,3,100,0.0,0,0.3,0.0,0.0,1.0,0.7,1.0,1.0,0.25,1.0,0.25
0_基准,1.0735044907459494,0.13630659491815747,1.0,0.5392585060912404,13,73,50,3,3,100,0.0,0,0.3,0.0,0.0,1.0,0.7,1.0,1.0,0.25,1.0,0.25
0_基准,0.8205033678805879,0.11958603294258895,1.0,-1.5009832478144431,14,74,50,3,3,100,0.0,0,0.3,0.0,0.0,1.0,0.7,1.0,1.0,0.25,1.0,0.25
0_基准,0.8966361760384475,0.14119373434675114,1.0,-0.7320708984699428,15,75,50,3,3,100,0.0,0,0.3,0.0,0.0,1.0,0.7,1.0,1.0,0.25,1.0,0.25
0_基准,1.3133764034355302,0.13026985065051996,1.0,2.405594248175177,16,76,50,3,3,100,0.0,0,0.3,0.0,0.0,1.0,0.7,1.0,1.0,0.25,1.0,0.25
0_基准,1.3560901315602152,0.1566419228639671,1.0,2.2732747724851112,17,77,50,3,3,100,0.0,0,0.3,0.0,0.0,1.0,0.7,1.0,1.0,0.25,1.0,0.25
0_基准,0.7242250831208565,0.09784856350490224,1.0,-2.818384930764232,18,78,50,3,3,100,0.0,0,0.3,0.0,0.0,1.0,0.7,1.0,1.0,0.25,1.0,0.25
0_基准,1.0544732055947763,0.0951489770645336,1.0,0.5725043744593338,19,79,50,3,3,100,0.0,0,0.3,0.0,0.0,1.0,0.7,1.0,1.0,0.25,1.0,0.25
0_基准,1.2412907248049851,0.12091227404643318,1.0,1.99558503640684,20,80,50,3,3,100,0.0,0,0.3,0.0,0.0,1.0,0.7,1.0,1.0,0.25,1.0,0.25
0_基准,0.9376430849072989,0.09796180768996704,1.0,-0.6365431239289753,21,81,50,3,3,100,0.0,0,0.3,0.0,0.0,1.0,0.7,1.0,1.0,0.25,1.0,0.25
0_基准,0.9510806012169934,0.18934115292364803,1.0,-0.2583664355457545,22,82,50,3,3,100,0.0,0,0.3,0.0,0.0,1.0,0.7,1.0,1.0,0.25,1.0,0.25
0_基准,0.734000299017006,0.1976641641692163,1.0,-1.3457153556437118,23,83,50,3,3,100,0.0,0,0.3,0.0,0.0,1.0,0.7,1.0,1.0,0.25,1.0,0.25
0_基准,1.0165833240943294,0.1104066939855265,1.0,0.15020216162349123,24,84,50,3,3,100,0.0,0,0.3,0.0,0.0,1.0,0.7,1.0,1.0,0.25,1.0,0.25
0_基准,0.8459326653663227,0.15864780151701638,1.0,-0.9711280784256704,25,85,50,3,3,100,0.0,0,0.3,0.0,0.0,1.0,0.7,1.0,1.0,0.25,1.0,0.25
0_基准,0.8264195472483048,0.1506004366701113,1.0,-1.1525893057795136,26,86,50,3,3,100,0.0,0,0.3,0.0,0.0,1.0,0.7,1.0,1.0,0.25,1.0,0.25
0_基准,0.8377590360743179,0.1651205661863605,1.0,-0.9825606081229857,27,87,50,3,3,100,0.0,0,0.3,0.0,0.0,1.0,0.7,1.0,1.0,0.25,1.0,0.25
0_基准,0.9870751639071833,0.19353162040136346,1.0,-0.06678410518142718,28,88,50,3,3,100,0.0,0,0.3,0.0,0.0,1.0,0.7,1.0,1.0,0.25,1.0,0.25
0_基准,0.7352850686779036,0.13447455328060656,1.0,-1.9685131860577274,29,89,50,3,3,100,0.0,0,0.3,0.0,0.0,1.0,0.7,1.0,1.0,0.25,1.0,0.25
0_基准,1.0425856408889498,0.12889087576785166,1.0,0.3304007412103535,30,90,50,3,3,100,0.0,0,0.3,0.0,0.0,1.0,0.7,1.0,1.0,0.25,1.0,0.25
0_基准,1.1059600753511392,0.14369549304872695,1.0,0.7373931715117067,31,91,50,3,3,100,0.0,0,0.3,0.0,0.0,1.0,0.7,1.0,1.0,0.25,1.0,0.25
0_基准,0.5673977817338803,0.16937853865317457,1.0,-2.5540556773366143,32,92,50,3,3,100,0.0,0,0.3,0.0,0.0,1.0,0.7,1.0,1.0,0.25,1.0,0.25
0_基准,0.9399136212639252,0.1440057057449517,1.0,-0.41724998620883613,33,93,50,3,3,100,0.0,0,0.3,0.0,0.0,1.0,0.7,1.0,1.0,0.25,1.0,0.25
0_基准,0.8128391137655357,0.13290985728619895,1.0,-1.40817912272259,34,94,50,3,3,100,0.0,0,0.3,0.0,0.0,1.0,0.7,1.0,1.0,0.25,1.0,0.25
0_基准,0.8362817177186516,0.13895177600715267,1.0,-1.178238141216136,35,95,50,3,3,100,0.0,0,0.3,0.0,0.0,1.0,0.7,1.0,1.0,0.25,1.0,0.25
0_基准,1.0634343329421716,0.11997508067928304,1.0,0.5287292376301378,36,96,50,3,3,100,0.0,0,0.3,0.0,0.0,1.0,0.7,1.0,1.0,0.25,1.0,0.25
0_基准,1.0755578347046704,0.15151417860521316,1.0,0.4986849112091655,37,97,50,3,3,100,0.0,0,0.3,0.0,0.0,1.0,0.7,1.0,1.0,0.25,1.0,0.25
0_基准,0.748034131051291,0.17281455807661977,1.0,-1.4580129808103108,38,98,50,3,3,100,0.0,0,0.3,0.0,0.0,1.0,0.7,1.0,1.0,0.25,1.0,0.25
0_基准,0.845063412266801,0.1331526697890145,1.0,-1.163601060186791,39,99,50,3,3,100,0.0,0,0.3,0.0,0.0,1.0,0.7,1.0,1.0,0.25,1.0,0.25
0_基准,1.0012306019433845,0.18198500890798358,1.0,0.0067621061249432905,40,100,50,3,3,100,0.0,0,0.3,0.0,0.0,1.0,0.7,1.0,1.0,0.25,1.0,0.25
0_基准,1.1940458435966155,0.13124847077280988,1.0,1.4784617485753977,41,101,50,3,3,100,0.0,0,0.3,0.0,0.0,1.0,0.7,1.0,1.0,0.25,1.0,0.25
0_基准,0.6901289992906804,0.134485954186101,1.0,-2.3041142295092145,42,102,50,3,3,100,0.0,0,0.3,0.0,0.0,1.0,0.7,1.0,1.0,0.25,1.0,0.25
0_基准,1.1385107282186824,0.1548403544703893,1.0,0.8945389507305107,43,103,50,3,3,100,0.0,0,0.3,0.0,0.0,1.0,0.7,1.0,1.0,0.25,1.0,0.25
0_基准,1.1843403219233024,0.12313164289235763,1.0,1.4970995074308702,44,104,50,3,3,100,0.0,0,0.3,0.0,0.0,1.0,0.7,1.0,1.0,0.25,1.0,0.25
0_基准,1.0278443066364342,0.14757166514676825,1.0,0.18868328556665337,45,105,50,3,3,100,0.0,0,0.3,0.0,0.0,1.0,0.7,1.0,1.0,0.25,1.0,0.25
0_基准,1.0238493665396464,0.12662713078972035,1.0,0.18834325938610405,46,106,50,3,3,100,0.0,0,0.3,0.0,0.0,1.0,0.7,1.0,1.0,0.25,1.0,0.25
0_基准,1.2622243217967797,0.1263859049941102,1.0,2.0747908701448927,47,107,50,3,3,100,0.0,0,0.3,0.0,0.0,1.0,0.7,1.0,1.0,0.25,1.0,0.25
0_基准,1.1328217975757424,0.1492847726251107,1.0,0.8897210026188626,48,108,50,3,3,100,0.0,0,0.3,0.0,0.0,1.0,0.7,1.0,1.0,0.25,1.0,0.25
0_基准,1.0188353533031476,0.15246642233919738,1.0,0.1235377141679359,49,109,50,3,3,100,0.0,0,0.3,0.0,0.0,1.0,0.7,1.0,1.0,0.25,1.0,0.25
0_基准,0.9459752009501807,0.0931828036199569,1.0,-0.5797721999239012,50,110,50,3,3,100,0.0,0,0.3,0.0,0.0,1.0,0.7,1.0,1.0,0.25,1.0,0.25
0_基准,0.9369409027882186,0.11546249170673045,1.0,-0.5461435681809869,51,111,50,3,3,100,0.0,0,0.3,0.0,0.0,1.0,0.7,1.0,1.0,0.25,1.0,0.25
0_基准,1.0624815334729252,0.16520203422664353,1.0,0.37821285776182195,52,112,50,3,3,100,0.0,0,0.3,0.0,0.0,1.0,0.7,1.0,1.0,0.25,1.0,0.25
0_基准,0.8770377301662319,0.13755834495982922,1.0,-0.8938917509488534,53,113,50,3,3,100,0.0,0,0.3,0.0,0.0,1.0,0.7,1.0,1.0,0.25,1.0,0.25
0_基准,0.89672023518267,0.15462462601862076,1.0,-0.6679386555469664,54,114,50,3,3,100,0.0,0,0.3,0.0,0.0,1.0,0.7,1.0,1.0,0.25,1.0,0.25
0_基准,1.2028979535939215,0.12377801078493997,1.0,1.6392083885275042,55,115,50,3,3,100,0.0,0,0.3,0.0,0.0,1.0,0.7,1.0,1.0,0.25,1.0,0.25
0_基准,1.030118089399868,0.09503303280807726,1.0,0.316922321743563,56,116,50,3,3,100,0.0,0,0.3,0.0,0.0,1.0,0.7,1.0,1.0,0.25,1.0,0.25
0_基准,0.9867038128118731,0.1168719506814093,1.0,-0.11376713668767294,57,117,50,3,3,100,0.0,0,0.3,0.0,0.0,1.0,0.7,1.0,1.0,0.25,1.0,0.25
0_基准,0.6635398272801434,0.15201084316317276,1.0,-2.213395871758245,58,118,50,3,3,100,0.0,0,0.3,0.0,0.0,1.0,0.7,1.0,1.0,0.25,1.0,0.25
0_基准,1.0299587046883103,0.15971597241864421,1.0,0.18757488205239212,59,119,50,3,3,100,0.0,0,0.3,0.0,0.0,1.0,0.7,1.0,1.0,0.25,1.0,0.25
0_基准,0.8558015118502462,0.19188562634857326,1.0,-0.7514814470147307,60,120,50,3,3,100,0.0,0,0.3,0.0,0.0,1.0,0.7,1.0,1.0,0.25,1.0,0.25
0_基准,1.1505576169902483,0.152300512524405,1.0,0.9885562070326098,61,121,50,3,3,100,0.0,0,0.3,0.0,0.0,1.0,0.7,1.0,1.0,0.25,1.0,0.25
0_基准,1.1407434408103947,0.13157051738810266,1.0,1.0697186847356845,62,122,50,3,3,100,0.0,0,0.3,0.0,0.0,1.0,0.7,1.0,1.0,0.25,1.0,0.25
0_基准,0.7167475162084207,0.12056302607583588,1.0,-2.3494141861818347,63,123,50,3,3,100,0.0,0,0.3,0.0,0.0,1.0,0.7,1.0,1.0,0.25,1.0,0.25
0_基准,1.3154766999227792,0.14828089101981107,1.0,2.1275613988631203,64,124,50,3,3,100,0.0,0,0.3,0.0,0.0,1.0,0.7,1.0,1.0,0.25,1.0,0.25
0_基准,0.966121622652927,0.09229332075488579,1.0,-0.3670729048426785,65,125,50,3,3,100,0.0,0,0.3,0.0,0.0,1.0,0.7,1.0,1.0,0.25,1.0,0.25
0_基准,0.8470062796322007,0.13216138312335474,1.0,-1.1576280207736662,66,126,50,3,3,100,0.0,0,0.3,0.0,0.0,1.0,0.7,1.0,1.0,0.25,1.0,0.25
0_基准,1.1455205891561016,0.12206509257935846,1.0,1.19215564483756,67,127,50,3,3,100,0.0,0,0.3,0.0,0.0,1.0,0.7,1.0,1.0,0.25,1.0,0.25
0_基准,0.8594628243235897,0.15963242936172142,1.0,-0.8803798591447736,68,128,50,3,3,100,0.0,0,0.3,0.0,0.0,1.0,0.7,1.0,1.0,0.25,1.0,0.25
0_基准,1.1526922732186888,0.12199248779885859,1.0,1.2516530810524014,69,129,50,3,3,100,0.0,0,0.3,0.0,0.0,1.0,0.7,1.0,1.0,0.25,1.0,0.25
0_基准,0.7059786146920106,0.15124564791896675,1.0,-1.943998980159204,70,130,50,3,3,100,0.0,0,0.3,0.0,0.0,1.0,0.7,1.0,1.0,0.25,1.0,0.25
0_基准,1.12166224991822,0.12070146875459153,1.0,1.0079599790585976,71,131,50,3,3,100,0.0,0,0.3,0.0,0.0,1.0,0.7,1.0,1.0,0.25,1.0,0.25
0_基准,0.8407786600805973,0.2023351222150018,1.0,-0.7869189401047916,72,132,50,3,3,100,0.0,0,0.3,0.0,0.0,1.0,0.7,1.0,1.0,0.25,1.0,0.25
0_基准,1.0573711922033953,0.12489951550882834,1.0,0.4593387890230852,73,133,50,3,3,100,0.0,0,0.3,0.0,0.0,1.0,0.7,1.0,1.0,0.25,1.0,0.25
0_基准,0.9256704311882965,0.13288711485401175,1.0,-0.5593436872593788,74,134,50,3,3,100,0.0,0,0.3,0.0,0.0,1.0,0.7,1.0,1.0,0.25,1.0,0.25
0_基准,0.6408246484020663,0.13851018669160692,1.0,-2.5931331130008366,75,135,50,3,3,100,0.0,0,0.3,0.0,0.0,1.0,0.7,1.0,1.0,0.25,1.0,0.25
0_基准,1.1940037295442014,0.1050168083039625,1.0,1.847358843573627,76,136,50,3,3,100,0.0,0,0.3,0.0,0.0,1.0,0.7,1.0,1.0,0.25,1.0,0.25
0_基准,1.0851495033974103,0.13478953628226464,1.0,0.6317219106615041,77,137,50,3,3,100,0.0,0,0.3,0.0,0.0,1.0,0.7,1.0,1.0,0.25,1.0,0.25
0_基准,1.0372075794255757,0.14427990016512793,1.0,0.2578847045429874,78,138,50,3,3,100,0.0,0,0.3,0.0,0.0,1.0,0.7,1.0,1.0,0.25,1.0,0.25
0_基准,1.098013324617469,0.1682199809456785,1.0,0.5826497189362984,79,139,50,3,3,100,0.0,0,0.3,0.0,0.0,1.0,0.7,1.0,1.0,0.25,1.0,0.25
0_基准,1.1659604009980846,0.15143222708006301,1.0,1.0959384550974112,80,140,50,3,3,100,0.0,0,0.3,0.0,0.0,1.0,0.7,1.0,1.0,0.25,1.0,0.25
0_基准,0.9908637214891993,0.15212232468422315,1.0,-0.060058762116381295,81,141,50,3,3,100,0.0,0,0.3,0.0,0.0,1.0,0.7,1.0,1.0,0.25,1.0,0.25
0_基准,1.0939374103497028,0.12703217590518107,1.0,0.7394772991987422,82,142,50,3,3,100,0.0,0,0.3,0.0,0.0,1.0,0.7,1.0,1.0,0.25,1.0,0.25
0_基准,0.8894382905802224,0.1142959517524517,1.0,-0.9673283062486595,83,143,50,3,3,100,0.0,0,0.3,0.0,0.0,1.0,0.7,1.0,1.0,0.25,1.0,0.25
0_基准,1.0199887679375694,0.1052889233772701,1.0,0.18984682620360643,84,144,50,3,3,100,0.0,0,0.3,0.0,0.0,1.0,0.7,1.0,1.0,0.25,1.0,0.25
0_基准,1.2570756424573617,0.22615958741345057,1.0,1.1367001744099947,85,145,50,3,3,100,0.0,0,0.3,0.0,0.0,1.0,0.7,1.0,1.0,0.25,1.0,0.25
0_基准,0.6565106880423033,0.14319652307889208,1.0,-2.3987266210957943,86,146,50,3,3,100,0.0,0,0.3,0.0,0.0,1.0,0.7,1.0,1.0,0.25,1.0,0.25
0_基准,0.7163919117683285,0.15291801111920036,1.0,-1.8546414915807239,87,147,50,3,3,100,0.0,0,0.3,0.0,0.0,1.0,0.7,1.0,1.0,0.25,1.0,0.25
0_基准,0.8810468317433859,0.08644466614252473,1.0,-1.3760613993290376,88,148,50,3,3,100,0.0,0,0.3,0.0,0.0,1.0,0.7,1.0,1.0,0.25,1.0,0.25
0_基准,0.9346250316401762,0.09246006427512428,1.0,-0.7070616797896007,89,149,50,3,3,100,0.0,0,0.3,0.0,0.0,1.0,0.7,1.0,1.0,0.25,1.0,0.25
0_基准,1.1732742625224584,0.1739983865274321,1.0,0.9958383291970379,90,150,50,3,3,100,0.0,0,0.3,0.0,0.0,1.0,0.7,1.0,1.0,0.25,1.0,0.25
0_基准,0.9335181693137719,0.1716977240156303,1.0,-0.38720274871072874,91,151,50,3,3,100,0.0,0,0.3,0.0,0.0,1.0,0.7,1.0,1.0,0.25,1.0,0.25
0_基准,1.1821680296097477,0.10272395480610495,1.0,1.7733743794579966,92,152,50,3,3,100,0.0,0,0.3,0.0,0.0,1.0,0.7,1.0,1.0,0.25,1.0,0.25
0_基准,1.1256243539609447,0.15818406764055654,1.0,0.7941656567234217,93,153,50,3,3,100,0.0,0,0.3,0.0,0.0,1.0,0.7,1.0,1.0,0.25,1.0,0.25
0_基准,0.9034463503824843,0.10444561961088761,1.0,-0.9244394353466092,94,154,50,3,3,100,0.0,0,0.3,0.0,0.0,1.0,0.7,1.0,1.0,0.25,1.0,0.25
0_基准,0.9204449401818308,0.13641549614644094,1.0,-0.5831819849320309,95,155,50,3,3,100,0.0,0,0.3,0.0,0.0,1.0,0.7,1.0,1.0,0.25,1.0,0.25
0_基准,1.383613700475947,0.1446647769418535,1.0,2.6517422456617514,96,156,50,3,3,100,0.0,0,0.3,0.0,0.0,1.0,0.7,1.0,1.0,0.25,1.0,0.25
0_基准,1.315993311965347,0.12849537463517957,1.0,2.459180440249358,97,157,50,3,3,100,0.0,0,0.3,0.0,0.0,1.0,0.7,1.0,1.0,0.25,1.0,0.25
0_基准,0.9871594682941982,0.11939134739044656,1.0,-0.107549935455618,98,158,50,3,3,100,0.0,0,0.3,0.0,0.0,1.0,0.7,1.0,1.0,0.25,1.0,0.25
0_基准,0.9486296509577423,0.1120986176695337,1.0,-0.45826032568659564,99,159,50,3,3,100,0.0,0,0.3,0.0,0.0,1.0,0.7,1.0,1.0,0.25,1.0,0.25
inter_0.25,1.285522500730527,0.15391033693320205,1.0,1.8551223161472608,0,61,50,3,3,100,0.0,0,0.3,0.25,0.0,1.0,0.7,1.0,1.0,0.25,1.0,0.25
inter_0.25,0.7227188666217423,0.11157196150505187,1.0,-2.485222359075426,1,62,50,3,3,100,0.0,0,0.3,0.25,0.0,1.0,0.7,1.0,1.0,0.25,1.0,0.25
inter_0.25,1.170887278310244,0.10237880281251535,1.0,1.66916660105107,2,63,50,3,3,100,0.0,0,0.3,0.25,0.0,1.0,0.7,1.0,1.0,0.25,1.0,0.25
inter_0.25,1.0560420789907101,0.15263133230497017,1.0,0.3671728349899571,3,64,50,3,3,100,0.0,0,0.3,0.25,0.0,1.0,0.7,1.0,1.0,0.25,1.0,0.25
inter_0.25,0.7471570491185892,0.16999563041233157,1.0,-1.4873497058020233,4,65,50,3,3,100,0.0,0,0.3,0.25,0.0,1.0,0.7,1.0,1.0,0.25,1.0,0.25
inter_0.25,0.9461463103567344,0.11416373011728109,1.0,-0.47172328363781935,5,66,50,3,3,100,0.0,0,0.3,0.25,0.0,1.0,0.7,1.0,1.0,0.25,1.0,0.25
inter_0.25,0.8908429537297102,0.10577046698620009,1.0,-1.0320181935523791,6,67,50,3,3,100,0.0,0,0.3,0.25,0.0,1.0,0.7,1.0,1.0,0.25,1.0,0.25
inter_0.25,1.0882439590774415,0.10983098047422765,1.0,0.803452347383427,7,68,50,3,3,100,0.0,0,0.3,0.25,0.0,1.0,0.7,1.0,1.0,0.25,1.0,0.25
inter_0.25,1.2674383005111531,0.13726475227264676,1.0,1.9483392209818349,8,69,50,3,3,100,0.0,0,0.3,0.25,0.0,1.0,0.7,1.0,1.0,0.25,1.0,0.25
inter_0.25,0.87338601561911,0.10261987680071576,1.0,-1.2338154003709239,9,70,50,3,3,100,0.0,0,0.3,0.25,0.0,1.0,0.7,1.0,1.0,0.25,1.0,0.25
inter_0.25,1.010195662067495,0.1825045669195927,1.0,0.05586524348175341,10,71,50,3,3,100,0.0,0,0.3,0.25,0.0,1.0,0.7,1.0,1.0,0.25,1.0,0.25
inter_0.25,0.8047903051567441,0.0990735968087426,1.0,-1.9703503368319208,11,72,50,3,3,100,0.0,0,0.3,0.25,0.0,1.0,0.7,1.0,1.0,0.25,1.0,0.25
inter_0.25,1.0735044907459494,0.13630659491815747,1.0,0.5392585060912404,12,73,50,3,3,100,0.0,0,0.3,0.25,0.0,1.0,0.7,1.0,1.0,0.25,1.0,0.25
inter_0.25,0.8205033678805879,0.11958603294258895,1.0,-1.5009832478144431,13,74,50,3,3,100,0.0,0,0.3,0.25,0.0,1.0,0.7,1.0,1.0,0.25,1.0,0.25
inter_0.25,0.8966361760384475,0.14119373434675114,1.0,-0.7320708984699428,14,75,50,3,3,100,0.0,0,0.3,0.25,0.0,1.0,0.7,1.0,1.0,0.25,1.0,0.25
inter_0.25,1.3133764034355302,0.13026985065051996,1.0,2.405594248175177,15,76,50,3,3,100,0.0,0,0.3,0.25,0.0,1.0,0.7,1.0,1.0,0.25,1.0,0.25
inter_0.25,1.3560901315602152,0.1566419228639671,1.0,2.2732747724851112,16,77,50,3,3,100,0.0,0,0.3,0.25,0.0,1.0,0.7,1.0,1.0,0.25,1.0,0.25
inter_0.25,0.7242250831208565,0.09784856350490224,1.0,-2.818384930764232,17,78,50,3,3,100,0.0,0,0.3,0.25,0.0,1.0,0.7,1.0,1.0,0.25,1.0,0.25
inter_0.25,1.0544732055947763,0.0951489770645336,1.0,0.5725043744593338,18,79,50,3,3,100,0.0,0,0.3,0.25,0.0,1.0,0.7,1.0,1.0,0.25,1.0,0.25
inter_0.25,1.2412907248049851,0.12091227404643318,1.0,1.99558503640684,19,80,50,3,3,100,0.0,0,0.3,0.25,0.0,1.0,0.7,1.0,1.0,0.25,1.0,0.25
inter_0.25,0.9376430849072989,0.09796180768996704,1.0,-0.6365431239289753,20,81,50,3,3,100,0.0,0,0.3,0.25,0.0,1.0,0.7,1.0,1.0,0.25,1.0,0.25
inter_0.25,0.9510806012169934,0.18934115292364803,1.0,-0.2583664355457545,21,82,50,3,3,100,0.0,0,0.3,0.25,0.0,1.0,0.7,1.0,1.0,0.25,1.0,0.25
inter_0.25,0.734000299017006,0.1976641641692163,1.0,-1.3457153556437118,22,83,50,3,3,100,0.0,0,0.3,0.25,0.0,1.0,0.7,1.0,1.0,0.25,1.0,0.25
inter_0.25,1.0165833240943294,0.1104066939855265,1.0,0.15020216162349123,23,84,50,3,3,100,0.0,0,0.3,0.25,0.0,1.0,0.7,1.0,1.0,0.25,1.0,0.25
inter_0.25,0.8459326653663227,0.15864780151701638,1.0,-0.9711280784256704,24,85,50,3,3,100,0.0,0,0.3,0.25,0.0,1.0,0.7,1.0,1.0,0.25,1.0,0.25
inter_0.25,0.8264195472483048,0.1506004366701113,1.0,-1.1525893057795136,25,86,50,3,3,100,0.0,0,0.3,0.25,0.0,1.0,0.7,1.0,1.0,0.25,1.0,0.25
inter_0.25,0.8377590360743179,0.1651205661863605,1.0,-0.9825606081229857,26,87,50,3,3,100,0.0,0,0.3,0.25,0.0,1.0,0.7,1.0,1.0,0.25,1.0,0.25
inter_0.25,0.9870751639071833,0.19353162040136346,1.0,-0.06678410518142718,27,88,50,3,3,100,0.0,0,0.3,0.25,0.0,1.0,0.7,1.0,1.0,0.25,1.0,0.25
inter_0.25,0.7352850686779036,0.13447455328060656,1.0,-1.9685131860577274,28,89,50,3,3,100,0.0,0,0.3,0.25,0.0,1.0,0.7,1.0,1.0,0.25,1.0,0.25
inter_0.25,1.0425856408889498,0.12889087576785166,1.0,0.3304007412103535,29,90,50,3,3,100,0.0,0,0.3,0.25,0.0,1.0,0.7,1.0,1.0,0.25,1.0,0.25
inter_0.25,1.1059600753511392,0.14369549304872695,1.0,0.7373931715117067,30,91,50,3,3,100,0.0,0,0.3,0.25,0.0,1.0,0.7,1.0,1.0,0.25,1.0,0.25
inter_0.25,0.5673977817338803,0.16937853865317457,1.0,-2.5540556773366143,31,92,50,3,3,100,0.0,0,0.3,0.25,0.0,1.0,0.7,1.0,1.0,0.25,1.0,0.25
inter_0.25,0.9399136212639252,0.1440057057449517,1.0,-0.41724998620883613,32,93,50,3,3,100,0.0,0,0.3,0.25,0.0,1.0,0.7,1.0,1.0,0.25,1.0,0.25
inter_0.25,0.8128391137655357,0.13290985728619895,1.0,-1.40817912272259,33,94,50,3,3,100,0.0,0,0.3,0.25,0.0,1.0,0.7,1.0,1.0,0.25,1.0,0.25
inter_0.25,0.8362817177186516,0.13895177600715267,1.0,-1.178238141216136,34,95,50,3,3,100,0.0,0,0.3,0.25,0.0,1.0,0.7,1.0,1.0,0.25,1.0,0.25
inter_0.25,1.0634343329421716,0.11997508067928304,1.0,0.5287292376301378,35,96,50,3,3,100,0.0,0,0.3,0.25,0.0,1.0,0.7,1.0,1.0,0.25,1.0,0.25
inter_0.25,1.0755578347046704,0.15151417860521316,1.0,0.4986849112091655,36,97,50,3,3,100,0.0,0,0.3,0.25,0.0,1.0,0.7,1.0,1.0,0.25,1.0,0.25
inter_0.25,0.748034131051291,0.17281455807661977,1.0,-1.4580129808103108,37,98,50,3,3,100,0.0,0,0.3,0.25,0.0,1.0,0.7,1.0,1.0,0.25,1.0,0.25
inter_0.25,0.845063412266801,0.1331526697890145,1.0,-1.163601060186791,38,99,50,3,3,100,0.0,0,0.3,0.25,0.0,1.0,0.7,1.0,1.0,0.25,1.0,0.25
inter_0.25,1.0012306019433845,0.18198500890798358,1.0,0.0067621061249432905,39,100,50,3,3,100,0.0,0,0.3,0.25,0.0,1.0,0.7,1.0,1.0,0.25,1.0,0.25
inter_0.25,1.1940458435966155,0.13124847077280988,1.0,1.4784617485753977,40,101,50,3,3,100,0.0,0,0.3,0.25,0.0,1.0,0.7,1.0,1.0,0.25,1.0,0.25
inter_0.25,0.6901289992906804,0.134485954186101,1.0,-2.3041142295092145,41,102,50,3,3,100,0.0,0,0.3,0.25,0.0,1.0,0.7,1.0,1.0,0.25,1.0,0.25
inter_0.25,1.1385107282186824,0.1548403544703893,1.0,0.8945389507305107,42,103,50,3,3,100,0.0,0,0.3,0.25,0.0,1.0,0.7,1.0,1.0,0.25,1.0,0.25
inter_0.25,1.1843403219233024,0.12313164289235763,1.0,1.4970995074308702,43,104,50,3,3,100,0.0,0,0.3,0.25,0.0,1.0,0.7,1.0,1.0,0.25,1.0,0.25
inter_0.25,1.0278443066364342,0.14757166514676825,1.0,0.18868328556665337,44,105,50,3,3,100,0.0,0,0.3,0.25,0.0,1.0,0.7,1.0,1.0,0.25,1.0,0.25
inter_0.25,1.0238493665396464,0.12662713078972035,1.0,0.18834325938610405,45,106,50,3,3,100,0.0,0,0.3,0.25,0.0,1.0,0.7,1.0,1.0,0.25,1.0,0.25
inter_0.25,1.2622243217967797,0.1263859049941102,1.0,2.0747908701448927,46,107,50,3,3,100,0.0,0,0.3,0.25,0.0,1.0,0.7,1.0,1.0,0.25,1.0,0.25
inter_0.25,1.1328217975757424,0.1492847726251107,1.0,0.8897210026188626,47,108,50,3,3,100,0.0,0,0.3,0.25,0.0,1.0,0.7,1.0,1.0,0.25,1.0,0.25
inter_0.25,1.0188353533031476,0.15246642233919738,1.0,0.1235377141679359,48,109,50,3,3,100,0.0,0,0.3,0.25,0.0,1.0,0.7,1.0,1.0,0.25,1.0,0.25
inter_0.25,0.9459752009501807,0.0931828036199569,1.0,-0.5797721999239012,49,110,50,3,3,100,0.0,0,0.3,0.25,0.0,1.0,0.7,1.0,1.0,0.25,1.0,0.25
inter_0.25,0.9369409027882186,0.11546249170673045,1.0,-0.5461435681809869,50,111,50,3,3,100,0.0,0,0.3,0.25,0.0,1.0,0.7,1.0,1.0,0.25,1.0,0.25
inter_0.25,1.0624815334729252,0.16520203422664353,1.0,0.37821285776182195,51,112,50,3,3,100,0.0,0,0.3,0.25,0.0,1.0,0.7,1.0,1.0,0.25,1.0,0.25
inter_0.25,0.8770377301662319,0.13755834495982922,1.0,-0.8938917509488534,52,113,50,3,3,100,0.0,0,0.3,0.25,0.0,1.0,0.7,1.0,1.0,0.25,1.0,0.25
inter_0.25,0.89672023518267,0.15462462601862076,1.0,-0.6679386555469664,53,114,50,3,3,100,0.0,0,0.3,0.25,0.0,1.0,0.7,1.0,1.0,0.25,1.0,0.25
inter_0.25,1.2028979535939215,0.12377801078493997,1.0,1.6392083885275042,54,115,50,3,3,100,0.0,0,0.3,0.25,0.0,1.0,0.7,1.0,1.0,0.25,1.0,0.25
inter_0.25,1.030118089399868,0.09503303280807726,1.0,0.316922321743563,55,116,50,3,3,100,0.0,0,0.3,0.25,0.0,1.0,0.7,1.0,1.0,0.25,1.0,0.25
inter_0.25,0.9867038128118731,0.1168719506814093,1.0,-0.11376713668767294,56,117,50,3,3,100,0.0,0,0.3,0.25,0.0,1.0,0.7,1.0,1.0,0.25,1.0,0.25
inter_0.25,0.6635398272801434,0.15201084316317276,1.0,-2.213395871758245,57,118,50,3,3,100,0.0,0,0.3,0.25,0.0,1.0,0.7,1.0,1.0,0.25,1.0,0.25
inter_0.25,1.0299587046883103,0.15971597241864421,1.0,0.18757488205239212,58,119,50,3,3,100,0.0,0,0.3,0.25,0.0,1.0,0.7,1.0,1.0,0.25,1.0,0.25
inter_0.25,0.8558015118502462,0.19188562634857326,1.0,-0.7514814470147307,59,120,50,3,3,100,0.0,0,0.3,0.25,0.0,1.0,0.7,1.0,1.0,0.25,1.0,0.25
inter_0.25,1.1505576169902483,0.152300512524405,1.0,0.9885562070326098,60,121,50,3,3,100,0.0,0,0.3,0.25,0.0,1.0,0.7,1.0,1.0,0.25,1.0,0.25
inter_0.25,1.1407434408103947,0.13157051738810266,1.0,1.0697186847356845,61,122,50,3,3,100,0.0,0,0.3,0.25,0.0,1.0,0.7,1.0,1.0,0.25,1.0,0.25
inter_0.25,0.7167475162084207,0.12056302607583588,1.0,-2.3494141861818347,62,123,50,3,3,100,0.0,0,0.3,0.25,0.0,1.0,0.7,1.0,1.0,0.25,1.0,0.25
inter_0.25,1.3154766999227792,0.14828089101981107,1.0,2.1275613988631203,63,124,50,3,3,100,0.0,0,0.3,0.25,0.0,1.0,0.7,1.0,1.0,0.25,1.0,0.25
inter_0.25,0.966121622652927,0.09229332075488579,1.0,-0.3670729048426785,64,125,50,3,3,100,0.0,0,0.3,0.25,0.0,1.0,0.7,1.0,1.0,0.25,1.0,0.25
inter_0.25,0.8470062796322007,0.13216138312335474,1.0,-1.1576280207736662,65,126,50,3,3,100,0.0,0,0.3,0.25,0.0,1.0,0.7,1.0,1.0,0.25,1.0,0.25
inter_0.25,1.1455205891561016,0.12206509257935846,1.0,1.19215564483756,66,127,50,3,3,100,0.0,0,0.3,0.25,0.0,1.0,0.7,1.0,1.0,0.25,1.0,0.25
inter_0.25,0.8594628243235897,0.15963242936172142,1.0,-0.8803798591447736,67,128,50,3,3,100,0.0,0,0.3,0.25,0.0,1.0,0.7,1.0,1.0,0.25,1.0,0.25
inter_0.25,1.1526922732186888,0.12199248779885859,1.0,1.2516530810524014,68,129,50,3,3,100,0.0,0,0.3,0.25,0.0,1.0,0.7,1.0,1.0,0.25,1.0,0.25
inter_0.25,0.7059786146920106,0.15124564791896675,1.0,-1.943998980159204,69,130,50,3,3,100,0.0,0,0.3,0.25,0.0,1.0,0.7,1.0,1.0,0.25,1.0,0.25
inter_0.25,1.12166224991822,0.12070146875459153,1.0,1.0079599790585976,70,131,50,3,3,100,0.0,0,0.3,0.25,0.0,1.0,0.7,1.0,1.0,0.25,1.0,0.25
inter_0.25,0.8407786600805973,0.2023351222150018,1.0,-0.7869189401047916,71,132,50,3,3,100,0.0,0,0.3,0.25,0.0,1.0,0.7,1.0,1.0,0.25,1.0,0.25
inter_0.25,1.0573711922033953,0.12489951550882834,1.0,0.4593387890230852,72,133,50,3,3,100,0.0,0,0.3,0.25,0.0,1.0,0.7,1.0,1.0,0.25,1.0,0.25
inter_0.25,0.9256704311882965,0.13288711485401175,1.0,-0.5593436872593788,73,134,50,3,3,100,0.0,0,0.3,0.25,0.0,1.0,0.7,1.0,1.0,0.25,1.0,0.25
inter_0.25,0.6408246484020663,0.13851018669160692,1.0,-2.5931331130008366,74,135,50,3,3,100,0.0,0,0.3,0.25,0.0,1.0,0.7,1.0,1.0,0.25,1.0,0.25
inter_0.25,1.1940037295442014,0.1050168083039625,1.0,1.847358843573627,75,136,50,3,3,100,0.0,0,0.3,0.25,0.0,1.0,0.7,1.0,1.0,0.25,1.0,0.25
inter_0.25,1.0851495033974103,0.13478953628226464,1.0,0.6317219106615041,76,137,50,3,3,100,0.0,0,0.3,0.25,0.0,1.0,0.7,1.0,1.0,0.25,1.0,0.25
inter_0.25,1.0372075794255757,0.14427990016512793,1.0,0.2578847045429874,77,138,50,3,3,100,0.0,0,0.3,0.25,0.0,1.0,0.7,1.0,1.0,0.25,1.0,0.25
inter_0.25,1.098013324617469,0.1682199809456785,1.0,0.5826497189362984,78,139,50,3,3,100,0.0,0,0.3,0.25,0.0,1.0,0.7,1.0,1.0,0.25,1.0,0.25
inter_0.25,1.1659604009980846,0.15143222708006301,1.0,1.0959384550974112,79,140,50,3,3,100,0.0,0,0.3,0.25,0.0,1.0,0.7,1.0,1.0,0.25,1.0,0.25
inter_0.25,0.9908637214891993,0.15212232468422315,1.0,-0.060058762116381295,80,141,50,3,3,100,0.0,0,0.3,0.25,0.0,1.0,0.7,1.0,1.0,0.25,1.0,0.25
inter_0.25,1.0939374103497028,0.12703217590518107,1.0,0.7394772991987422,81,142,50,3,3,100,0.0,0,0.3,0.25,0.0,1.0,0.7,1.0,1.0,0.25,1.0,0.25
inter_0.25,0.8894382905802224,0.1142959517524517,1.0,-0.9673283062486595,82,143,50,3,3,100,0.0,0,0.3,0.25,0.0,1.0,0.7,1.0,1.0,0.25,1.0,0.25
inter_0.25,1.0199887679375694,0.1052889233772701,1.0,0.18984682620360643,83,144,50,3,3,100,0.0,0,0.3,0.25,0.0,1.0,0.7,1.0,1.0,0.25,1.0,0.25
inter_0.25,1.2570756424573617,0.22615958741345057,1.0,1.1367001744099947,84,145,50,3,3,100,0.0,0,0.3,0.25,0.0,1.0,0.7,1.0,1.0,0.25,1.0,0.25
inter_0.25,0.6565106880423033,0.14319652307889208,1.0,-2.3987266210957943,85,146,50,3,3,100,0.0,0,0.3,0.25,0.0,1.0,0.7,1.0,1.0,0.25,1.0,0.25
inter_0.25,0.7163919117683285,0.15291801111920036,1.0,-1.8546414915807239,86,147,50,3,3,100,0.0,0,0.3,0.25,0.0,1.0,0.7,1.0,1.0,0.25,1.0,0.25
inter_0.25,0.8810468317433859,0.08644466614252473,1.0,-1.3760613993290376,87,148,50,3,3,100,0.0,0,0.3,0.25,0.0,1.0,0.7,1.0,1.0,0.25,1.0,0.25
inter_0.25,0.9346250316401762,0.09246006427512428,1.0,-0.7070616797896007,88,149,50,3,3,100,0.0,0,0.3,0.25,0.0,1.0,0.7,1.0,1.0,0.25,1.0,0.25
inter_0.25,1.1732742625224584,0.1739983865274321,1.0,0.9958383291970379,89,150,50,3,3,100,0.0,0,0.3,0.25,0.0,1.0,0.7,1.0,1.0,0.25,1.0,0.25
inter_0.25,0.9335181693137719,0.1716977240156303,1.0,-0.38720274871072874,90,151,50,3,3,100,0.0,0,0.3,0.25,0.0,1.0,0.7,1.0,1.0,0.25,1.0,0.25
inter_0.25,1.1821680296097477,0.10272395480610495,1.0,1.7733743794579966,91,152,50,3,3,100,0.0,0,0.3,0.25,0.0,1.0,0.7,1.0,1.0,0.25,1.0,0.25
inter_0.25,1.1256243539609447,0.15818406764055654,1.0,0.7941656567234217,92,153,50,3,3,100,0.0,0,0.3,0.25,0.0,1.0,0.7,1.0,1.0,0.25,1.0,0.25
inter_0.25,0.9034463503824843,0.10444561961088761,1.0,-0.9244394353466092,93,154,50,3,3,100,0.0,0,0.3,0.25,0.0,1.0,0.7,1.0,1.0,0.25,1.0,0.25
inter_0.25,0.9204449401818308,0.13641549614644094,1.0,-0.5831819849320309,94,155,50,3,3,100,0.0,0,0.3,0.25,0.0,1.0,0.7,1.0,1.0,0.25,1.0,0.25
inter_0.25,1.383613700475947,0.1446647769418535,1.0,2.6517422456617514,95,156,50,3,3,100,0.0,0,0.3,0.25,0.0,1.0,0.7,1.0,1.0,0.25,1.0,0.25
inter_0.25,1.315993311965347,0.12849537463517957,1.0,2.459180440249358,96,157,50,3,3,100,0.0,0,0.3,0.25,0.0,1.0,0.7,1.0,1.0,0.25,1.0,0.25
inter_0.25,0.9871594682941982,0.11939134739044656,1.0,-0.107549935455618,97,158,50,3,3,100,0.0,0,0.3,0.25,0.0,1.0,0.7,1.0,1.0,0.25,1.0,0.25
inter_0.25,0.9486296509577423,0.1120986176695337,1.0,-0.45826032568659564,98,159,50,3,3,100,0.0,0,0.3,0.25,0.0,1.0,0.7,1.0,1.0,0.25,1.0,0.25
inter_0.25,0.8293521810390839,0.12152807797998885,1.0,-1.4041842987841495,99,160,50,3,3,100,0.0,0,0.3,0.25,0.0,1.0,0.7,1.0,1.0,0.25,1.0,0.25
inter_0.5,0.7227188666217423,0.11157196150505187,1.0,-2.485222359075426,0,62,50,3,3,100,0.0,0,0.3,0.5,0.0,1.0,0.7,1.0,1.0,0.25,1.0,0.25
inter_0.5,1.170887278310244,0.10237880281251535,1.0,1.66916660105107,1,63,50,3,3,100,0.0,0,0.3,0.5,0.0,1.0,0.7,1.0,1.0,0.25,1.0,0.25
inter_0.5,1.0560420789907101,0.15263133230497017,1.0,0.3671728349899571,2,64,50,3,3,100,0.0,0,0.3,0.5,0.0,1.0,0.7,1.0,1.0,0.25,1.0,0.25
inter_0.5,0.7471570491185892,0.16999563041233157,1.0,-1.4873497058020233,3,65,50,3,3,100,0.0,0,0.3,0.5,0.0,1.0,0.7,1.0,1.0,0.25,1.0,0.25
inter_0.5,0.9461463103567344,0.11416373011728109,1.0,-0.47172328363781935,4,66,50,3,3,100,0.0,0,0.3,0.5,0.0,1.0,0.7,1.0,1.0,0.25,1.0,0.25
inter_0.5,0.8908429537297102,0.10577046698620009,1.0,-1.0320181935523791,5,67,50,3,3,100,0.0,0,0.3,0.5,0.0,1.0,0.7,1.0,1.0,0.25,1.0,0.25
inter_0.5,1.0882439590774415,0.10983098047422765,1.0,0.803452347383427,6,68,50,3,3,100,0.0,0,0.3,0.5,0.0,1.0,0.7,1.0,1.0,0.25,1.0,0.25
inter_0.5,1.2674383005111531,0.13726475227264676,1.0,1.9483392209818349,7,69,50,3,3,100,0.0,0,0.3,0.5,0.0,1.0,0.7,1.0,1.0,0.25,1.0,0.25
inter_0.5,0.87338601561911,0.10261987680071576,1.0,-1.2338154003709239,8,70,50,3,3,100,0.0,0,0.3,0.5,0.0,1.0,0.7,1.0,1.0,0.25,1.0,0.25
inter_0.5,1.010195662067495,0.1825045669195927,1.0,0.05586524348175341,9,71,50,3,3,100,0.0,0,0.3,0.5,0.0,1.0,0.7,1.0,1.0,0.25,1.0,0.25
inter_0.5,0.8047903051567441,0.0990735968087426,1.0,-1.9703503368319208,10,72,50,3,3,100,0.0,0,0.3,0.5,0.0,1.0,0.7,1.0,1.0,0.25,1.0,0.25
inter_0.5,1.0735044907459494,0.13630659491815747,1.0,0.5392585060912404,11,73,50,3,3,100,0.0,0,0.3,0.5,0.0,1.0,0.7,1.0,1.0,0.25,1.0,0.25
inter_0.5,0.8205033678805879,0.11958603294258895,1.0,-1.5009832478144431,12,74,50,3,3,100,0.0,0,0.3,0.5,0.0,1.0,0.7,1.0,1.0,0.25,1.0,0.25
inter_0.5,0.8966361760384475,0.14119373434675114,1.0,-0.7320708984699428,13,75,50,3,3,100,0.0,0,0.3,0.5,0.0,1.0,0.7,1.0,1.0,0.25,1.0,0.25
inter_0.5,1.3133764034355302,0.13026985065051996,1.0,2.405594248175177,14,76,50,3,3,100,0.0,0,0.3,0.5,0.0,1.0,0.7,1.0,1.0,0.25,1.0,0.25
inter_0.5,1.3560901315602152,0.1566419228639671,1.0,2.2732747724851112,15,77,50,3,3,100,0.0,0,0.3,0.5,0.0,1.0,0.7,1.0,1.0,0.25,1.0,0.25
inter_0.5,0.7242250831208565,0.09784856350490224,1.0,-2.818384930764232,16,78,50,3,3,100,0.0,0,0.3,0.5,0.0,1.0,0.7,1.0,1.0,0.25,1.0,0.25
inter_0.5,1.0544732055947763,0.0951489770645336,1.0,0.5725043744593338,17,79,50,3,3,100,0.0,0,0.3,0.5,0.0,1.0,0.7,1.0,1.0,0.25,1.0,0.25
inter_0.5,1.2412907248049851,0.12091227404643318,1.0,1.99558503640684,18,80,50,3,3,100,0.0,0,0.3,0.5,0.0,1.0,0.7,1.0,1.0,0.25,1.0,0.25
inter_0.5,0.9376430849072989,0.09796180768996704,1.0,-0.6365431239289753,19,81,50,3,3,100,0.0,0,0.3,0.5,0.0,1.0,0.7,1.0,1.0,0.25,1.0,0.25
inter_0.5,0.9510806012169934,0.18934115292364803,1.0,-0.2583664355457545,20,82,50,3,3,100,0.0,0,0.3,0.5,0.0,1.0,0.7,1.0,1.0,0.25,1.0,0.25
inter_0.5,0.734000299017006,0.1976641641692163,1.0,-1.3457153556437118,21,83,50,3,3,100,0.0,0,0.3,0.5,0.0,1.0,0.7,1.0,1.0,0.25,1.0,0.25
inter_0.5,1.0165833240943294,0.1104066939855265,1.0,0.15020216162349123,22,84,50,3,3,100,0.0,0,0.3,0.5,0.0,1.0,0.7,1.0,1.0,0.25,1.0,0.25
inter_0.5,0.8459326653663227,0.15864780151701638,1.0,-0.9711280784256704,23,85,50,3,3,100,0.0,0,0.3,0.5,0.0,1.0,0.7,1.0,1.0,0.25,1.0,0.25
inter_0.5,0.8264195472483048,0.1506004366701113,1.0,-1.1525893057795136,24,86,50,3,3,100,0.0,0,0.3,0.5,0.0,1.0,0.7,1.0,1.0,0.25,1.0,0.25
inter_0.5,0.8377590360743179,0.1651205661863605,1.0,-0.9825606081229857,25,87,50,3,3,100,0.0,0,0.3,0.5,0.0,1.0,0.7,1.0,1.0,0.25,1.0,0.25
inter_0.5,0.9870751639071833,0.19353162040136346,1.0,-0.06678410518142718,26,88,50,3,3,100,0.0,0,0.3,0.5,0.0,1.0,0.7,1.0,1.0,0.25,1.0,0.25
inter_0.5,0.7352850686779036,0.13447455328060656,1.0,-1.9685131860577274,27,89,50,3,3,100,0.0,0,0.3,0.5,0.0,1.0,0.7,1.0,1.0,0.25,1.0,0.25
inter_0.5,1.0425856408889498,0.12889087576785166,1.0,0.3304007412103535,28,90,50,3,3,100,0.0,0,0.3,0.5,0.0,1.0,0.7,1.0,1.0,0.25,1.0,0.25
inter_0.5,1.1059600753511392,0.14369549304872695,1.0,0.7373931715117067,29,91,50,3,3,100,0.0,0,0.3,0.5,0.0,1.0,0.7,1.0,1.0,0.25,1.0,0.25
inter_0.5,0.5673977817338803,0.16937853865317457,1.0,-2.5540556773366143,30,92,50,3,3,100,0.0,0,0.3,0.5,0.0,1.0,0.7,1.0,1.0,0.25,1.0,0.25
inter_0.5,0.9399136212639252,0.1440057057449517,1.0,-0.41724998620883613,31,93,50,3,3,100,0.0,0,0.3,0.5,0.0,1.0,0.7,1.0,1.0,0.25,1.0,0.25
inter_0.5,0.8128391137655357,0.13290985728619895,1.0,-1.40817912272259,32,94,50,3,3,100,0.0,0,0.3,0.5,0.0,1.0,0.7,1.0,1.0,0.25,1.0,0.25
inter_0.5,0.8362817177186516,0.13895177600715267,1.0,-1.178238141216136,33,95,50,3,3,100,0.0,0,0.3,0.5,0.0,1.0,0.7,1.0,1.0,0.25,1.0,0.25
inter_0.5,1.0634343329421716,0.11997508067928304,1.0,0.5287292376301378,34,96,50,3,3,100,0.0,0,0.3,0.5,0.0,1.0,0.7,1.0,1.0,0.25,1.0,0.25
inter_0.5,1.0755578347046704,0.15151417860521316,1.0,0.4986849112091655,35,97,50,3,3,100,0.0,0,0.3,0.5,0.0,1.0,0.7,1.0,1.0,0.25,1.0,0.25
inter_0.5,0.748034131051291,0.17281455807661977,1.0,-1.4580129808103108,36,98,50,3,3,100,0.0,0,0.3,0.5,0.0,1.0,0.7,1.0,1.0,0.25,1.0,0.25
inter_0.5,0.845063412266801,0.1331526697890145,1.0,-1.163601060186791,37,99,50,3,3,100,0.0,0,0.3,0.5,0.0,1.0,0.7,1.0,1.0,0.25,1.0,0.25
inter_0.5,1.0012306019433845,0.18198500890798358,1.0,0.0067621061249432905,38,100,50,3,3,100,0.0,0,0.3,0.5,0.0,1.0,0.7,1.0,1.0,0.25,1.0,0.25
inter_0.5,1.1940458435966155,0.13124847077280988,1.0,1.4784617485753977,39,101,50,3,3,100,0.0,0,0.3,0.5,0.0,1.0,0.7,1.0,1.0,0.25,1.0,0.25
inter_0.5,0.6901289992906804,0.134485954186101,1.0,-2.3041142295092145,40,102,50,3,3,100,0.0,0,0.3,0.5,0.0,1.0,0.7,1.0,1.0,0.25,1.0,0.25
inter_0.5,1.1385107282186824,0.1548403544703893,1.0,0.8945389507305107,41,103,50,3,3,100,0.0,0,0.3,0.5,0.0,1.0,0.7,1.0,1.0,0.25,1.0,0.25
inter_0.5,1.1843403219233024,0.12313164289235763,1.0,1.4970995074308702,42,104,50,3,3,100,0.0,0,0.3,0.5,0.0,1.0,0.7,1.0,1.0,0.25,1.0,0.25
inter_0.5,1.0278443066364342,0.14757166514676825,1.0,0.18868328556665337,43,105,50,3,3,100,0.0,0,0.3,0.5,0.0,1.0,0.7,1.0,1.0,0.25,1.0,0.25
inter_0.5,1.0238493665396464,0.12662713078972035,1.0,0.18834325938610405,44,106,50,3,3,100,0.0,0,0.3,0.5,0.0,1.0,0.7,1.0,1.0,0.25,1.0,0.25
inter_0.5,1.2622243217967797,0.1263859049941102,1.0,2.0747908701448927,45,107,50,3,3,100,0.0,0,0.3,0.5,0.0,1.0,0.7,1.0,1.0,0.25,1.0,0.25
inter_0.5,1.1328217975757424,0.1492847726251107,1.0,0.8897210026188626,46,108,50,3,3,100,0.0,0,0.3,0.5,0.0,1.0,0.7,1.0,1.0,0.25,1.0,0.25
inter_0.5,1.0188353533031476,0.15246642233919738,1.0,0.1235377141679359,47,109,50,3,3,100,0.0,0,0.3,0.5,0.0,1.0,0.7,1.0,1.0,0.25,1.0,0.25
inter_0.5,0.9459752009501807,0.0931828036199569,1.0,-0.5797721999239012,48,110,50,3,3,100,0.0,0,0.3,0.5,0.0,1.0,0.7,1.0,1.0,0.25,1.0,0.25
inter_0.5,0.9369409027882186,0.11546249170673045,1.0,-0.5461435681809869,49,111,50,3,3,100,0.0,0,0.3,0.5,0.0,1.0,0.7,1.0,1.0,0.25,1.0,0.25
inter_0.5,1.0624815334729252,0.16520203422664353,1.0,0.37821285776182195,50,112,50,3,3,100,0.0,0,0.3,0.5,0.0,1.0,0.7,1.0,1.0,0.25,1.0,0.25
inter_0.5,0.8770377301662319,0.13755834495982922,1.0,-0.8938917509488534,51,113,50,3,3,100,0.0,0,0.3,0.5,0.0,1.0,0.7,1.0,1.0,0.25,1.0,0.25
inter_0.5,0.89672023518267,0.15462462601862076,1.0,-0.6679386555469664,52,114,50,3,3,100,0.0,0,0.3,0.5,0.0,1.0,0.7,1.0,1.0,0.25,1.0,0.25
inter_0.5,1.2028979535939215,0.12377801078493997,1.0,1.6392083885275042,53,115,50,3,3,100,0.0,0,0.3,0.5,0.0,1.0,0.7,1.0,1.0,0.25,1.0,0.25
inter_0.5,1.030118089399868,0.09503303280807726,1.0,0.316922321743563,54,116,50,3,3,100,0.0,0,0.3,0.5,0.0,1.0,0.7,1.0,1.0,0.25,1.0,0.25
inter_0.5,0.9867038128118731,0.1168719506814093,1.0,-0.11376713668767294,55,117,50,3,3,100,0.0,0,0.3,0.5,0.0,1.0,0.7,1.0,1.0,0.25,1.0,0.25
inter_0.5,0.6635398272801434,0.15201084316317276,1.0,-2.213395871758245,56,118,50,3,3,100,0.0,0,0.3,0.5,0.0,1.0,0.7,1.0,1.0,0.25,1.0,0.25
inter_0.5,1.0299587046883103,0.15971597241864421,1.0,0.18757488205239212,57,119,50,3,3,100,0.0,0,0.3,0.5,0.0,1.0,0.7,1.0,1.0,0.25,1.0,0.25
inter_0.5,0.8558015118502462,0.19188562634857326,1.0,-0.7514814470147307,58,120,50,3,3,100,0.0,0,0.3,0.5,0.0,1.0,0.7,1.0,1.0,0.25,1.0,0.25
inter_0.5,1.1505576169902483,0.152300512524405,1.0,0.9885562070326098,59,121,50,3,3,100,0.0,0,0.3,0.5,0.0,1.0,0.7,1.0,1.0,0.25,1.0,0.25
inter_0.5,1.1407434408103947,0.13157051738810266,1.0,1.0697186847356845,60,122,50,3,3,100,0.0,0,0.3,0.5,0.0,1.0,0.7,1.0,1.0,0.25,1.0,0.25
inter_0.5,0.7167475162084207,0.12056302607583588,1.0,-2.3494141861818347,61,123,50,3,3,100,0.0,0,0.3,0.5,0.0,1.0,0.7,1.0,1.0,0.25,1.0,0.25
inter_0.5,1.3154766999227792,0.14828089101981107,1.0,2.1275613988631203,62,124,50,3,3,100,0.0,0,0.3,0.5,0.0,1.0,0.7,1.0,1.0,0.25,1.0,0.25
inter_0.5,0.966121622652927,0.09229332075488579,1.0,-0.3670729048426785,63,125,50,3,3,100,0.0,0,0.3,0.5,0.0,1.0,0.7,1.0,1.0,0.25,1.0,0.25
inter_0.5,0.8470062796322007,0.13216138312335474,1.0,-1.1576280207736662,64,126,50,3,3,100,0.0,0,0.3,0.5,0.0,1.0,0.7,1.0,1.0,0.25,1.0,0.25
inter_0.5,1.1455205891561016,0.12206509257935846,1.0,1.19215564483756,65,127,50,3,3,100,0.0,0,0.3,0.5,0.0,1.0,0.7,1.0,1.0,0.25,1.0,0.25
inter_0.5,0.8594628243235897,0.15963242936172142,1.0,-0.8803798591447736,66,128,50,3,3,100,0.0,0,0.3,0.5,0.0,1.0,0.7,1.0,1.0,0.25,1.0,0.25
inter_0.5,1.1526922732186888,0.12199248779885859,1.0,1.2516530810524014,67,129,50,3,3,100,0.0,0,0.3,0.5,0.0,1.0,0.7,1.0,1.0,0.25,1.0,0.25
inter_0.5,0.7059786146920106,0.15124564791896675,1.0,-1.943998980159204,68,130,50,3,3,100,0.0,0,0.3,0.5,0.0,1.0,0.7,1.0,1.0,0.25,1.0,0.25
inter_0.5,1.12166224991822,0.12070146875459153,1.0,1.0079599790585976,69,131,50,3,3,100,0.0,0,0.3,0.5,0.0,1.0,0.7,1.0,1.0,0.25,1.0,0.25
inter_0.5,0.8407786600805973,0.2023351222150018,1.0,-0.7869189401047916,70,132,50,3,3,100,0.0,0,0.3,0.5,0.0,1.0,0.7,1.0,1.0,0.25,1.0,0.25
inter_0.5,1.0573711922033953,0.12489951550882834,1.0,0.4593387890230852,71,133,50,3,3,100,0.0,0,0.3,0.5,0.0,1.0,0.7,1.0,1.0,0.25,1.0,0.25
inter_0.5,0.9256704311882965,0.13288711485401175,1.0,-0.5593436872593788,72,134,50,3,3,100,0.0,0,0.3,0.5,0.0,1.0,0.7,1.0,1.0,0.25,1.0,0.25
inter_0.5,0.6408246484020663,0.13851018669160692,1.0,-2.5931331130008366,73,135,50,3,3,100,0.0,0,0.3,0.5,0.0,1.0,0.7,1.0,1.0,0.25,1.0,0.25
inter_0.5,1.1940037295442014,0.1050168083039625,1.0,1.847358843573627,74,136,50,3,3,100,0.0,0,0.3,0.5,0.0,1.0,0.7,1.0,1.0,0.25,1.0,0.25
inter_0.5,1.0851495033974103,0.13478953628226464,1.0,0.6317219106615041,75,137,50,3,3,100,0.0,0,0.3,0.5,0.0,1.0,0.7,1.0,1.0,0.25,1.0,0.25
inter_0.5,1.0372075794255757,0.14427990016512793,1.0,0.2578847045429874,76,138,50,3,3,100,0.0,0,0.3,0.5,0.0,1.0,0.7,1.0,1.0,0.25,1.0,0.25
inter_0.5,1.098013324617469,0.1682199809456785,1.0,0.5826497189362984,77,139,50,3,3,100,0.0,0,0.3,0.5,0.0,1.0,0.7,1.0,1.0,0.25,1.0,0.25
inter_0.5,1.1659604009980846,0.15143222708006301,1.0,1.0959384550974112,78,140,50,3,3,100,0.0,0,0.3,0.5,0.0,1.0,0.7,1.0,1.0,0.25,1.0,0.25
inter_0.5,0.9908637214891993,0.15212232468422315,1.0,-0.060058762116381295,79,141,50,3,3,100,0.0,0,0.3,0.5,0.0,1.0,0.7,1.0,1.0,0.25,1.0,0.25
inter_0.5,1.0939374103497028,0.12703217590518107,1.0,0.7394772991987422,80,142,50,3,3,100,0.0,0,0.3,0.5,0.0,1.0,0.7,1.0,1.0,0.25,1.0,0.25
inter_0.5,0.8894382905802224,0.1142959517524517,1.0,-0.9673283062486595,81,143,50,3,3,100,0.0,0,0.3,0.5,0.0,1.0,0.7,1.0,1.0,0.25,1.0,0.25
inter_0.5,1.0199887679375694,0.1052889233772701,1.0,0.18984682620360643,82,144,50,3,3,100,0.0,0,0.3,0.5,0.0,1.0,0.7,1.0,1.0,0.25,1.0,0.25
inter_0.5,1.2570756424573617,0.22615958741345057,1.0,1.1367001744099947,83,145,50,3,3,100,0.0,0,0.3,0.5,0.0,1.0,0.7,1.0,1.0,0.25,1.0,0.25
inter_0.5,0.6565106880423033,0.14319652307889208,1.0,-2.3987266210957943,84,146,50,3,3,100,0.0,0,0.3,0.5,0.0,1.0,0.7,1.0,1.0,0.25,1.0,0.25
inter_0.5,0.7163919117683285,0.15291801111920036,1.0,-1.8546414915807239,85,147,50,3,3,100,0.0,0,0.3,0.5,0.0,1.0,0.7,1.0,1.0,0.25,1.0,0.25
inter_0.5,0.8810468317433859,0.08644466614252473,1.0,-1.3760613993290376,86,148,50,3,3,100,0.0,0,0.3,0.5,0.0,1.0,0.7,1.0,1.0,0.25,1.0,0.25
inter_0.5,0.9346250316401762,0.09246006427512428,1.0,-0.7070616797896007,87,149,50,3,3,100,0.0,0,0.3,0.5,0.0,1.0,0.7,1.0,1.0,0.25,1.0,0.25
inter_0.5,1.1732742625224584,0.1739983865274321,1.0,0.9958383291970379,88,150,50,3,3,100,0.0,0,0.3,0.5,0.0,1.0,0.7,1.0,1.0,0.25,1.0,0.25
inter_0.5,0.9335181693137719,0.1716977240156303,1.0,-0.38720274871072874,89,151,50,3,3,100,0.0,0,0.3,0.5,0.0,1.0,0.7,1.0,1.0,0.25,1.0,0.25
inter_0.5,1.1821680296097477,0.10272395480610495,1.0,1.7733743794579966,90,152,50,3,3,100,0.0,0,0.3,0.5,0.0,1.0,0.7,1.0,1.0,0.25,1.0,0.25
inter_0.5,1.1256243539609447,0.15818406764055654,1.0,0.7941656567234217,91,153,50,3,3,100,0.0,0,0.3,0.5,0.0,1.0,0.7,1.0,1.0,0.25,1.0,0.25
inter_0.5,0.9034463503824843,0.10444561961088761,1.0,-0.9244394353466092,92,154,50,3,3,100,0.0,0,0.3,0.5,0.0,1.0,0.7,1.0,1.0,0.25,1.0,0.25
inter_0.5,0.9204449401818308,0.13641549614644094,1.0,-0.5831819849320309,93,155,50,3,3,100,0.0,0,0.3,0.5,0.0,1.0,0.7,1.0,1.0,0.25,1.0,0.25
inter_0.5,1.383613700475947,0.1446647769418535,1.0,2.6517422456617514,94,156,50,3,3,100,0.0,0,0.3,0.5,0.0,1.0,0.7,1.0,1.0,0.25,1.0,0.25
inter_0.5,1.315993311965347,0.12849537463517957,1.0,2.459180440249358,95,157,50,3,3,100,0.0,0,0.3,0.5,0.0,1.0,0.7,1.0,1.0,0.25,1.0,0.25
inter_0.5,0.9871594682941982,0.11939134739044656,1.0,-0.107549935455618,96,158,50,3,3,100,0.0,0,0.3,0.5,0.0,1.0,0.7,1.0,1.0,0.25,1.0,0.25
inter_0.5,0.9486296509577423,0.1120986176695337,1.0,-0.45826032568659564,97,159,50,3,3,100,0.0,0,0.3,0.5,0.0,1.0,0.7,1.0,1.0,0.25,1.0,0.25
inter_0.5,0.8293521810390839,0.12152807797998885,1.0,-1.4041842987841495,98,160,50,3,3,100,0.0,0,0.3,0.5,0.0,1.0,0.7,1.0,1.0,0.25,1.0,0.25
inter_0.5,1.159693562204226,0.13678481410707596,1.0,1.1674802005375893,99,161,50,3,3,100,0.0,0,0.3,0.5,0.0,1.0,0.7,1.0,1.0,0.25,1.0,0.25
inter_1.0,1.170887278310244,0.10237880281251535,1.0,1.66916660105107,0,63,50,3,3,100,0.0,0,0.3,1.0,0.0,1.0,0.7,1.0,1.0,0.25,1.0,0.25
inter_1.0,1.0560420789907101,0.15263133230497017,1.0,0.3671728349899571,1,64,50,3,3,100,0.0,0,0.3,1.0,0.0,1.0,0.7,1.0,1.0,0.25,1.0,0.25
inter_1.0,0.7471570491185892,0.16999563041233157,1.0,-1.4873497058020233,2,65,50,3,3,100,0.0,0,0.3,1.0,0.0,1.0,0.7,1.0,1.0,0.25,1.0,0.25
inter_1.0,0.9461463103567344,0.11416373011728109,1.0,-0.47172328363781935,3,66,50,3,3,100,0.0,0,0.3,1.0,0.0,1.0,0.7,1.0,1.0,0.25,1.0,0.25
inter_1.0,0.8908429537297102,0.10577046698620009,1.0,-1.0320181935523791,4,67,50,3,3,100,0.0,0,0.3,1.0,0.0,1.0,0.7,1.0,1.0,0.25,1.0,0.25
inter_1.0,1.0882439590774415,0.10983098047422765,1.0,0.803452347383427,5,68,50,3,3,100,0.0,0,0.3,1.0,0.0,1.0,0.7,1.0,1.0,0.25,1.0,0.25
inter_1.0,1.2674383005111531,0.13726475227264676,1.0,1.9483392209818349,6,69,50,3,3,100,0.0,0,0.3,1.0,0.0,1.0,0.7,1.0,1.0,0.25,1.0,0.25
inter_1.0,0.87338601561911,0.10261987680071576,1.0,-1.2338154003709239,7,70,50,3,3,100,0.0,0,0.3,1.0,0.0,1.0,0.7,1.0,1.0,0.25,1.0,0.25
inter_1.0,1.010195662067495,0.1825045669195927,1.0,0.05586524348175341,8,71,50,3,3,100,0.0,0,0.3,1.0,0.0,1.0,0.7,1.0,1.0,0.25,1.0,0.25
inter_1.0,0.8047903051567441,0.0990735968087426,1.0,-1.9703503368319208,9,72,50,3,3,100,0.0,0,0.3,1.0,0.0,1.0,0.7,1.0,1.0,0.25,1.0,0.25
inter_1.0,1.0735044907459494,0.13630659491815747,1.0,0.5392585060912404,10,73,50,3,3,100,0.0,0,0.3,1.0,0.0,1.0,0.7,1.0,1.0,0.25,1.0,0.25
inter_1.0,0.8205033678805879,0.11958603294258895,1.0,-1.5009832478144431,11,74,50,3,3,100,0.0,0,0.3,1.0,0.0,1.0,0.7,1.0,1.0,0.25,1.0,0.25
inter_1.0,0.8966361760384475,0.14119373434675114,1.0,-0.7320708984699428,12,75,50,3,3,100,0.0,0,0.3,1.0,0.0,1.0,0.7,1.0,1.0,0.25,1.0,0.25
inter_1.0,1.3133764034355302,0.13026985065051996,1.0,2.405594248175177,13,76,50,3,3,100,0.0,0,0.3,1.0,0.0,1.0,0.7,1.0,1.0,0.25,1.0,0.25
inter_1.0,1.3560901315602152,0.1566419228639671,1.0,2.2732747724851112,14,77,50,3,3,100,0.0,0,0.3,1.0,0.0,1.0,0.7,1.0,1.0,0.25,1.0,0.25
inter_1.0,0.7242250831208565,0.09784856350490224,1.0,-2.818384930764232,15,78,50,3,3,100,0.0,0,0.3,1.0,0.0,1.0,0.7,1.0,1.0,0.25,1.0,0.25
inter_1.0,1.0544732055947763,0.0951489770645336,1.0,0.5725043744593338,16,79,50,3,3,100,0.0,0,0.3,1.0,0.0,1.0,0.7,1.0,1.0,0.25,1.0,0.25
inter_1.0,1.2412907248049851,0.12091227404643318,1.0,1.99558503640684,17,80,50,3,3,100,0.0,0,0.3,1.0,0.0,1.0,0.7,1.0,1.0,0.25,1.0,0.25
inter_1.0,0.9376430849072989,0.09796180768996704,1.0,-0.6365431239289753,18,81,50,3,3,100,0.0,0,0.3,1.0,0.0,1.0,0.7,1.0,1.0,0.25,1.0,0.25
inter_1.0,0.9510806012169934,0.18934115292364803,1.0,-0.2583664355457545,19,82,50,3,3,100,0.0,0,0.3,1.0,0.0,1.0,0.7,1.0,1.0,0.25,1.0,0.25
inter_1.0,0.734000299017006,0.1976641641692163,1.0,-1.3457153556437118,20,83,50,3,3,100,0.0,0,0.3,1.0,0.0,1.0,0.7,1.0,1.0,0.25,1.0,0.25
inter_1.0,1.0165833240943294,0.1104066939855265,1.0,0.15020216162349123,21,84,50,3,3,100,0.0,0,0.3,1.0,0.0,1.0,0.7,1.0,1.0,0.25,1.0,0.25
inter_1.0,0.8459326653663227,0.15864780151701638,1.0,-0.9711280784256704,22,85,50,3,3,100,0.0,0,0.3,1.0,0.0,1.0,0.7,1.0,1.0,0.25,1.0,0.25
inter_1.0,0.8264195472483048,0.1506004366701113,1.0,-1.1525893057795136,23,86,50,3,3,100,0.0,0,0.3,1.0,0.0,1.0,0.7,1.0,1.0,0.25,1.0,0.25
inter_1.0,0.8377590360743179,0.1651205661863605,1.0,-0.9825606081229857,24,87,50,3,3,100,0.0,0,0.3,1.0,0.0,1.0,0.7,1.0,1.0,0.25,1.0,0.25
inter_1.0,0.9870751639071833,0.19353162040136346,1.0,-0.06678410518142718,25,88,50,3,3,100,0.0,0,0.3,1.0,0.0,1.0,0.7,1.0,1.0,0.25,1.0,0.25
inter_1.0,0.7352850686779036,0.13447455328060656,1.0,-1.9685131860577274,26,89,50,3,3,100,0.0,0,0.3,1.0,0.0,1.0,0.7,1.0,1.0,0.25,1.0,0.25
inter_1.0,1.0425856408889498,0.12889087576785166,1.0,0.3304007412103535,27,90,50,3,3,100,0.0,0,0.3,1.0,0.0,1.0,0.7,1.0,1.0,0.25,1.0,0.25
inter_1.0,1.1059600753511392,0.14369549304872695,1.0,0.7373931715117067,28,91,50,3,3,100,0.0,0,0.3,1.0,0.0,1.0,0.7,1.0,1.0,0.25,1.0,0.25
inter_1.0,0.5673977817338803,0.16937853865317457,1.0,-2.5540556773366143,29,92,50,3,3,100,0.0,0,0.3,1.0,0.0,1.0,0.7,1.0,1.0,0.25,1.0,0.25
inter_1.0,0.9399136212639252,0.1440057057449517,1.0,-0.41724998620883613,30,93,50,3,3,100,0.0,0,0.3,1.0,0.0,1.0,0.7,1.0,1.0,0.25,1.0,0.25
inter_1.0,0.8128391137655357,0.13290985728619895,1.0,-1.40817912272259,31,94,50,3,3,100,0.0,0,0.3,1.0,0.0,1.0,0.7,1.0,1.0,0.25,1.0,0.25
inter_1.0,0.8362817177186516,0.13895177600715267,1.0,-1.178238141216136,32,95,50,3,3,100,0.0,0,0.3,1.0,0.0,1.0,0.7,1.0,1.0,0.25,1.0,0.25
inter_1.0,1.0634343329421716,0.11997508067928304,1.0,0.5287292376301378,33,96,50,3,3,100,0.0,0,0.3,1.0,0.0,1.0,0.7,1.0,1.0,0.25,1.0,0.25
inter_1.0,1.0755578347046704,0.15151417860521316,1.0,0.4986849112091655,34,97,50,3,3,100,0.0,0,0.3,1.0,0.0,1.0,0.7,1.0,1.0,0.25,1.0,0.25
inter_1.0,0.748034131051291,0.17281455807661977,1.0,-1.4580129808103108,35,98,50,3,3,100,0.0,0,0.3,1.0,0.0,1.0,0.7,1.0,1.0,0.25,1.0,0.25
inter_1.0,0.845063412266801,0.1331526697890145,1.0,-1.163601060186791,36,99,50,3,3,100,0.0,0,0.3,1.0,0.0,1.0,0.7,1.0,1.0,0.25,1.0,0.25
inter_1.0,1.0012306019433845,0.18198500890798358,1.0,0.0067621061249432905,37,100,50,3,3,100,0.0,0,0.3,1.0,0.0,1.0,0.7,1.0,1.0,0.25,1.0,0.25
inter_1.0,1.1940458435966155,0.13124847077280988,1.0,1.4784617485753977,38,101,50,3,3,100,0.0,0,0.3,1.0,0.0,1.0,0.7,1.0,1.0,0.25,1.0,0.25
inter_1.0,0.6901289992906804,0.134485954186101,1.0,-2.3041142295092145,39,102,50,3,3,100,0.0,0,0.3,1.0,0.0,1.0,0.7,1.0,1.0,0.25,1.0,0.25
inter_1.0,1.1385107282186824,0.1548403544703893,1.0,0.8945389507305107,40,103,50,3,3,100,0.0,0,0.3,1.0,0.0,1.0,0.7,1.0,1.0,0.25,1.0,0.25
inter_1.0,1.1843403219233024,0.12313164289235763,1.0,1.4970995074308702,41,104,50,3,3,100,0.0,0,0.3,1.0,0.0,1.0,0.7,1.0,1.0,0.25,1.0,0.25
inter_1.0,1.0278443066364342,0.14757166514676825,1.0,0.18868328556665337,42,105,50,3,3,100,0.0,0,0.3,1.0,0.0,1.0,0.7,1.0,1.0,0.25,1.0,0.25
inter_1.0,1.0238493665396464,0.12662713078972035,1.0,0.18834325938610405,43,106,50,3,3,100,0.0,0,0.3,1.0,0.0,1.0,0.7,1.0,1.0,0.25,1.0,0.25
inter_1.0,1.2622243217967797,0.1263859049941102,1.0,2.0747908701448927,44,107,50,3,3,100,0.0,0,0.3,1.0,0.0,1.0,0.7,1.0,1.0,0.25,1.0,0.25
inter_1.0,1.1328217975757424,0.1492847726251107,1.0,0.8897210026188626,45,108,50,3,3,100,0.0,0,0.3,1.0,0.0,1.0,0.7,1.0,1.0,0.25,1.0,0.25
inter_1.0,1.0188353533031476,0.15246642233919738,1.0,0.1235377141679359,46,109,50,3,3,100,0.0,0,0.3,1.0,0.0,1.0,0.7,1.0,1.0,0.25,1.0,0.25
inter_1.0,0.9459752009501807,0.0931828036199569,1.0,-0.5797721999239012,47,110,50,3,3,100,0.0,0,0.3,1.0,0.0,1.0,0.7,1.0,1.0,0.25,1.0,0.25
inter_1.0,0.9369409027882186,0.11546249170673045,1.0,-0.5461435681809869,48,111,50,3,3,100,0.0,0,0.3,1.0,0.0,1.0,0.7,1.0,1.0,0.25,1.0,0.25
inter_1.0,1.0624815334729252,0.16520203422664353,1.0,0.37821285776182195,49,112,50,3,3,100,0.0,0,0.3,1.0,0.0,1.0,0.7,1.0,1.0,0.25,1.0,0.25
inter_1.0,0.8770377301662319,0.13755834495982922,1.0,-0.8938917509488534,50,113,50,3,3,100,0.0,0,0.3,1.0,0.0,1.0,0.7,1.0,1.0,0.25,1.0,0.25
inter_1.0,0.89672023518267,0.15462462601862076,1.0,-0.6679386555469664,51,114,50,3,3,100,0.0,0,0.3,1.0,0.0,1.0,0.7,1.0,1.0,0.25,1.0,0.25
inter_1.0,1.2028979535939215,0.12377801078493997,1.0,1.6392083885275042,52,115,50,3,3,100,0.0,0,0.3,1.0,0.0,1.0,0.7,1.0,1.0,0.25,1.0,0.25
inter_1.0,1.030118089399868,0.09503303280807726,1.0,0.316922321743563,53,116,50,3,3,100,0.0,0,0.3,1.0,0.0,1.0,0.7,1.0,1.0,0.25,1.0,0.25
inter_1.0,0.9867038128118731,0.1168719506814093,1.0,-0.11376713668767294,54,117,50,3,3,100,0.0,0,0.3,1.0,0.0,1.0,0.7,1.0,1.0,0.25,1.0,0.25
inter_1.0,0.6635398272801434,0.15201084316317276,1.0,-2.213395871758245,55,118,50,3,3,100,0.0,0,0.3,1.0,0.0,1.0,0.7,1.0,1.0,0.25,1.0,0.25
inter_1.0,1.0299587046883103,0.15971597241864421,1.0,0.18757488205239212,56,119,50,3,3,100,0.0,0,0.3,1.0,0.0,1.0,0.7,1.0,1.0,0.25,1.0,0.25
inter_1.0,0.8558015118502462,0.19188562634857326,1.0,-0.7514814470147307,57,120,50,3,3,100,0.0,0,0.3,1.0,0.0,1.0,0.7,1.0,1.0,0.25,1.0,0.25
inter_1.0,1.1505576169902483,0.152300512524405,1.0,0.9885562070326098,58,121,50,3,3,100,0.0,0,0.3,1.0,0.0,1.0,0.7,1.0,1.0,0.25,1.0,0.25
inter_1.0,1.1407434408103947,0.13157051738810266,1.0,1.0697186847356845,59,122,50,3,3,100,0.0,0,0.3,1.0,0.0,1.0,0.7,1.0,1.0,0.25,1.0,0.25
inter_1.0,0.7167475162084207,0.12056302607583588,1.0,-2.3494141861818347,60,123,50,3,3,100,0.0,0,0.3,1.0,0.0,1.0,0.7,1.0,1.0,0.25,1.0,0.25
inter_1.0,1.3154766999227792,0.14828089101981107,1.0,2.1275613988631203,61,124,50,3,3,100,0.0,0,0.3,1.0,0.0,1.0,0.7,1.0,1.0,0.25,1.0,0.25
inter_1.0,0.966121622652927,0.09229332075488579,1.0,-0.3670729048426785,62,125,50,3,3,100,0.0,0,0.3,1.0,0.0,1.0,0.7,1.0,1.0,0.25,1.0,0.25
inter_1.0,0.8470062796322007,0.13216138312335474,1.0,-1.1576280207736662,63,126,50,3,3,100,0.0,0,0.3,1.0,0.0,1.0,0.7,1.0,1.0,0.25,1.0,0.25
inter_1.0,1.1455205891561016,0.12206509257935846,1.0,1.19215564483756,64,127,50,3,3,100,0.0,0,0.3,1.0,0.0,1.0,0.7,1.0,1.0,0.25,1.0,0.25
inter_1.0,0.8594628243235897,0.15963242936172142,1.0,-0.8803798591447736,65,128,50,3,3,100,0.0,0,0.3,1.0,0.0,1.0,0.7,1.0,1.0,0.25,1.0,0.25
inter_1.0,1.1526922732186888,0.12199248779885859,1.0,1.2516530810524014,66,129,50,3,3,100,0.0,0,0.3,1.0,0.0,1.0,0.7,1.0,1.0,0.25,1.0,0.25
inter_1.0,0.7059786146920106,0.15124564791896675,1.0,-1.943998980159204,67,130,50,3,3,100,0.0,0,0.3,1.0,0.0,1.0,0.7,1.0,1.0,0.25,1.0,0.25
inter_1.0,1.12166224991822,0.12070146875459153,1.0,1.0079599790585976,68,131,50,3,3,100,0.0,0,0.3,1.0,0.0,1.0,0.7,1.0,1.0,0.25,1.0,0.25
inter_1.0,0.8407786600805973,0.2023351222150018,1.0,-0.7869189401047916,69,132,50,3,3,100,0.0,0,0.3,1.0,0.0,1.0,0.7,1.0,1.0,0.25,1.0,0.25
inter_1.0,1.0573711922033953,0.12489951550882834,1.0,0.4593387890230852,70,133,50,3,3,100,0.0,0,0.3,1.0,0.0,1.0,0.7,1.0,1.0,0.25,1.0,0.25
inter_1.0,0.9256704311882965,0.13288711485401175,1.0,-0.5593436872593788,71,134,50,3,3,100,0.0,0,0.3,1.0,0.0,1.0,0.7,1.0,1.0,0.25,1.0,0.25
inter_1.0,0.6408246484020663,0.13851018669160692,1.0,-2.5931331130008366,72,135,50,3,3,100,0.0,0,0.3,1.0,0.0,1.0,0.7,1.0,1.0,0.25,1.0,0.25
inter_1.0,1.1940037295442014,0.1050168083039625,1.0,1.847358843573627,73,136,50,3,3,100,0.0,0,0.3,1.0,0.0,1.0,0.7,1.0,1.0,0.25,1.0,0.25
inter_1.0,1.0851495033974103,0.13478953628226464,1.0,0.6317219106615041,74,137,50,3,3,100,0.0,0,0.3,1.0,0.0,1.0,0.7,1.0,1.0,0.25,1.0,0.25
inter_1.0,1.0372075794255757,0.14427990016512793,1.0,0.2578847045429874,75,138,50,3,3,100,0.0,0,0.3,1.0,0.0,1.0,0.7,1.0,1.0,0.25,1.0,0.25
inter_1.0,1.098013324617469,0.1682199809456785,1.0,0.5826497189362984,76,139,50,3,3,100,0.0,0,0.3,1.0,0.0,1.0,0.7,1.0,1.0,0.25,1.0,0.25
inter_1.0,1.1659604009980846,0.15143222708006301,1.0,1.0959384550974112,77,140,50,3,3,100,0.0,0,0.3,1.0,0.0,1.0,0.7,1.0,1.0,0.25,1.0,0.25
inter_1.0,0.9908637214891993,0.15212232468422315,1.0,-0.060058762116381295,78,141,50,3,3,100,0.0,0,0.3,1.0,0.0,1.0,0.7,1.0,1.0,0.25,1.0,0.25
inter_1.0,1.0939374103497028,0.12703217590518107,1.0,0.7394772991987422,79,142,50,3,3,100,0.0,0,0.3,1.0,0.0,1.0,0.7,1.0,1.0,0.25,1.0,0.25
inter_1.0,0.8894382905802224,0.1142959517524517,1.0,-0.9673283062486595,80,143,50,3,3,100,0.0,0,0.3,1.0,0.0,1.0,0.7,1.0,1.0,0.25,1.0,0.25
inter_1.0,1.0199887679375694,0.1052889233772701,1.0,0.18984682620360643,81,144,50,3,3,100,0.0,0,0.3,1.0,0.0,1.0,0.7,1.0,1.0,0.25,1.0,0.25
inter_1.0,1.2570756424573617,0.22615958741345057,1.0,1.1367001744099947,82,145,50,3,3,100,0.0,0,0.3,1.0,0.0,1.0,0.7,1.0,1.0,0.25,1.0,0.25
inter_1.0,0.6565106880423033,0.14319652307889208,1.0,-2.3987266210957943,83,146,50,3,3,100,0.0,0,0.3,1.0,0.0,1.0,0.7,1.0,1.0,0.25,1.0,0.25
inter_1.0,0.7163919117683285,0.15291801111920036,1.0,-1.8546414915807239,84,147,50,3,3,100,0.0,0,0.3,1.0,0.0,1.0,0.7,1.0,1.0,0.25,1.0,0.25
inter_1.0,0.8810468317433859,0.08644466614252473,1.0,-1.3760613993290376,85,148,50,3,3,100,0.0,0,0.3,1.0,0.0,1.0,0.7,1.0,1.0,0.25,1.0,0.25
inter_1.0,0.9346250316401762,0.09246006427512428,1.0,-0.7070616797896007,86,149,50,3,3,100,0.0,0,0.3,1.0,0.0,1.0,0.7,1.0,1.0,0.25,1.0,0.25
inter_1.0,1.1732742625224584,0.1739983865274321,1.0,0.9958383291970379,87,150,50,3,3,100,0.0,0,0.3,1.0,0.0,1.0,0.7,1.0,1.0,0.25,1.0,0.25
inter_1.0,0.9335181693137719,0.1716977240156303,1.0,-0.38720274871072874,88,151,50,3,3,100,0.0,0,0.3,1.0,0.0,1.0,0.7,1.0,1.0,0.25,1.0,0.25
inter_1.0,1.1821680296097477,0.10272395480610495,1.0,1.7733743794579966,89,152,50,3,3,100,0.0,0,0.3,1.0,0.0,1.0,0.7,1.0,1.0,0.25,1.0,0.25
inter_1.0,1.1256243539609447,0.15818406764055654,1.0,0.7941656567234217,90,153,50,3,3,100,0.0,0,0.3,1.0,0.0,1.0,0.7,1.0,1.0,0.25,1.0,0.25
inter_1.0,0.9034463503824843,0.10444561961088761,1.0,-0.9244394353466092,91,154,50,3,3,100,0.0,0,0.3,1.0,0.0,1.0,0.7,1.0,1.0,0.25,1.0,0.25
inter_1.0,0.9204449401818308,0.13641549614644094,1.0,-0.5831819849320309,92,155,50,3,3,100,0.0,0,0.3,1.0,0.0,1.0,0.7,1.0,1.0,0.25,1.0,0.25
inter_1.0,1.383613700475947,0.1446647769418535,1.0,2.6517422456617514,93,156,50,3,3,100,0.0,0,0.3,1.0,0.0,1.0,0.7,1.0,1.0,0.25,1.0,0.25
inter_1.0,1.315993311965347,0.12849537463517957,1.0,2.459180440249358,94,157,50,3,3,100,0.0,0,0.3,1.0,0.0,1.0,0.7,1.0,1.0,0.25,1.0,0.25
inter_1.0,0.9871594682941982,0.11939134739044656,1.0,-0.107549935455618,95,158,50,3,3,100,0.0,0,0.3,1.0,0.0,1.0,0.7,1.0,1.0,0.25,1.0,0.25
inter_1.0,0.9486296509577423,0.1120986176695337,1.0,-0.45826032568659564,96,159,50,3,3,100,0.0,0,0.3,1.0,0.0,1.0,0.7,1.0,1.0,0.25,1.0,0.25
inter_1.0,0.8293521810390839,0.12152807797998885,1.0,-1.4041842987841495,97,160,50,3,3,100,0.0,0,0.3,1.0,0.0,1.0,0.7,1.0,1.0,0.25,1.0,0.25
inter_1.0,1.159693562204226,0.13678481410707596,1.0,1.1674802005375893,98,161,50,3,3,100,0.0,0,0.3,1.0,0.0,1.0,0.7,1.0,1.0,0.25,1.0,0.25
inter_1.0,0.7271077987741873,0.11094044493244941,1.0,-2.4598080654172083,99,162,50,3,3,100,0.0,0,0.3,1.0,0.0,1.0,0.7,1.0,1.0,0.25,1.0,0.25
hete_0.15,1.0560420789907101,0.15263133230497017,1.0,0.3671728349899571,0,64,50,3,3,100,0.0,0,0.3,0.0,0.15,1.0,0.7,1.0,1.0,0.25,1.0,0.25
hete_0.15,0.7471570491185892,0.16999563041233157,1.0,-1.4873497058020233,1,65,50,3,3,100,0.0,0,0.3,0.0,0.15,1.0,0.7,1.0,1.0,0.25,1.0,0.25
hete_0.15,0.9461463103567344,0.11416373011728109,1.0,-0.47172328363781935,2,66,50,3,3,100,0.0,0,0.3,0.0,0.15,1.0,0.7,1.0,1.0,0.25,1.0,0.25
hete_0.15,0.8908429537297102,0.10577046698620009,1.0,-1.0320181935523791,3,67,50,3,3,100,0.0,0,0.3,0.0,0.15,1.0,0.7,1.0,1.0,0.25,1.0,0.25
hete_0.15,1.0882439590774415,0.10983098047422765,1.0,0.803452347383427,4,68,50,3,3,100,0.0,0,0.3,0.0,0.15,1.0,0.7,1.0,1.0,0.25,1.0,0.25
hete_0.15,1.2674383005111531,0.13726475227264676,1.0,1.9483392209818349,5,69,50,3,3,100,0.0,0,0.3,0.0,0.15,1.0,0.7,1.0,1.0,0.25,1.0,0.25
hete_0.15,0.87338601561911,0.10261987680071576,1.0,-1.2338154003709239,6,70,50,3,3,100,0.0,0,0.3,0.0,0.15,1.0,0.7,1.0,1.0,0.25,1.0,0.25
hete_0.15,1.010195662067495,0.1825045669195927,1.0,0.05586524348175341,7,71,50,3,3,100,0.0,0,0.3,0.0,0.15,1.0,0.7,1.0,1.0,0.25,1.0,0.25
hete_0.15,0.8047903051567441,0.0990735968087426,1.0,-1.9703503368319208,8,72,50,3,3,100,0.0,0,0.3,0.0,0.15,1.0,0.7,1.0,1.0,0.25,1.0,0.25
hete_0.15,1.0735044907459494,0.13630659491815747,1.0,0.5392585060912404,9,73,50,3,3,100,0.0,0,0.3,0.0,0.15,1.0,0.7,1.0,1.0,0.25,1.0,0.25
hete_0.15,0.8205033678805879,0.11958603294258895,1.0,-1.5009832478144431,10,74,50,3,3,100,0.0,0,0.3,0.0,0.15,1.0,0.7,1.0,1.0,0.25,1.0,0.25
hete_0.15,0.8966361760384475,0.14119373434675114,1.0,-0.7320708984699428,11,75,50,3,3,100,0.0,0,0.3,0.0,0.15,1.0,0.7,1.0,1.0,0.25,1.0,0.25
hete_0.15,1.3133764034355302,0.13026985065051996,1.0,2.405594248175177,12,76,50,3,3,100,0.0,0,0.3,0.0,0.15,1.0,0.7,1.0,1.0,0.25,1.0,0.25
hete_0.15,1.3560901315602152,0.1566419228639671,1.0,2.2732747724851112,13,77,50,3,3,100,0.0,0,0.3,0.0,0.15,1.0,0.7,1.0,1.0,0.25,1.0,0.25
hete_0.15,0.7242250831208565,0.09784856350490224,1.0,-2.818384930764232,14,78,50,3,3,100,0.0,0,0.3,0.0,0.15,1.0,0.7,1.0,1.0,0.25,1.0,0.25
hete_0.15,1.0544732055947763,0.0951489770645336,1.0,0.5725043744593338,15,79,50,3,3,100,0.0,0,0.3,0.0,0.15,1.0,0.7,1.0,1.0,0.25,1.0,0.25
hete_0.15,1.2412907248049851,0.12091227404643318,1.0,1.99558503640684,16,80,50,3,3,100,0.0,0,0.3,0.0,0.15,1.0,0.7,1.0,1.0,0.25,1.0,0.25
hete_0.15,0.9376430849072989,0.09796180768996704,1.0,-0.6365431239289753,17,81,50,3,3,100,0.0,0,0.3,0.0,0.15,1.0,0.7,1.0,1.0,0.25,1.0,0.25
hete_0.15,0.9510806012169934,0.18934115292364803,1.0,-0.2583664355457545,18,82,50,3,3,100,0.0,0,0.3,0.0,0.15,1.0,0.7,1.0,1.0,0.25,1.0,0.25
hete_0.15,0.734000299017006,0.1976641641692163,1.0,-1.3457153556437118,19,83,50,3,3,100,0.0,0,0.3,0.0,0.15,1.0,0.7,1.0,1.0,0.25,1.0,0.25
hete_0.15,1.0165833240943294,0.1104066939855265,1.0,0.15020216162349123,20,84,50,3,3,100,0.0,0,0.3,0.0,0.15,1.0,0.7,1.0,1.0,0.25,1.0,0.25
hete_0.15,0.8459326653663227,0.15864780151701638,1.0,-0.9711280784256704,21,85,50,3,3,100,0.0,0,0.3,0.0,0.15,1.0,0.7,1.0,1.0,0.25,1.0,0.25
hete_0.15,0.8264195472483048,0.1506004366701113,1.0,-1.1525893057795136,22,86,50,3,3,100,0.0,0,0.3,0.0,0.15,1.0,0.7,1.0,1.0,0.25,1.0,0.25
hete_0.15,0.8377590360743179,0.1651205661863605,1.0,-0.9825606081229857,23,87,50,3,3,100,0.0,0,0.3,0.0,0.15,1.0,0.7,1.0,1.0,0.25,1.0,0.25
hete_0.15,0.9870751639071833,0.19353162040136346,1.0,-0.06678410518142718,24,88,50,3,3,100,0.0,0,0.3,0.0,0.15,1.0,0.7,1.0,1.0,0.25,1.0,0.25
hete_0.15,0.7352850686779036,0.13447455328060656,1.0,-1.9685131860577274,25,89,50,3,3,100,0.0,0,0.3,0.0,0.15,1.0,0.7,1.0,1.0,0.25,1.0,0.25
hete_0.15,1.0425856408889498,0.12889087576785166,1.0,0.3304007412103535,26,90,50,3,3,100,0.0,0,0.3,0.0,0.15,1.0,0.7,1.0,1.0,0.25,1.0,0.25
hete_0.15,1.1059600753511392,0.14369549304872695,1.0,0.7373931715117067,27,91,50,3,3,100,0.0,0,0.3,0.0,0.15,1.0,0.7,1.0,1.0,0.25,1.0,0.25
hete_0.15,0.5673977817338803,0.16937853865317457,1.0,-2.5540556773366143,28,92,50,3,3,100,0.0,0,0.3,0.0,0.15,1.0,0.7,1.0,1.0,0.25,1.0,0.25
hete_0.15,0.9399136212639252,0.1440057057449517,1.0,-0.41724998620883613,29,93,50,3,3,100,0.0,0,0.3,0.0,0.15,1.0,0.7,1.0,1.0,0.25,1.0,0.25
hete_0.15,0.8128391137655357,0.13290985728619895,1.0,-1.40817912272259,30,94,50,3,3,100,0.0,0,0.3,0.0,0.15,1.0,0.7,1.0,1.0,0.25,1.0,0.25
hete_0.15,0.8362817177186516,0.13895177600715267,1.0,-1.178238141216136,31,95,50,3,3,100,0.0,0,0.3,0.0,0.15,1.0,0.7,1.0,1.0,0.25,1.0,0.25
hete_0.15,1.0634343329421716,0.11997508067928304,1.0,0.5287292376301378,32,96,50,3,3,100,0.0,0,0.3,0.0,0.15,1.0,0.7,1.0,1.0,0.25,1.0,0.25
hete_0.15,1.0755578347046704,0.15151417860521316,1.0,0.4986849112091655,33,97,50,3,3,100,0.0,0,0.3,0.0,0.15,1.0,0.7,1.0,1.0,0.25,1.0,0.25
hete_0.15,0.748034131051291,0.17281455807661977,1.0,-1.4580129808103108,34,98,50,3,3,100,0.0,0,0.3,0.0,0.15,1.0,0.7,1.0,1.0,0.25,1.0,0.25
hete_0.15,0.845063412266801,0.1331526697890145,1.0,-1.163601060186791,35,99,50,3,3,100,0.0,0,0.3,0.0,0.15,1.0,0.7,1.0,1.0,0.25,1.0,0.25
hete_0.15,1.0012306019433845,0.18198500890798358,1.0,0.0067621061249432905,36,100,50,3,3,100,0.0,0,0.3,0.0,0.15,1.0,0.7,1.0,1.0,0.25,1.0,0.25
hete_0.15,1.1940458435966155,0.13124847077280988,1.0,1.4784617485753977,37,101,50,3,3,100,0.0,0,0.3,0.0,0.15,1.0,0.7,1.0,1.0,0.25,1.0,0.25
hete_0.15,0.6901289992906804,0.134485954186101,1.0,-2.3041142295092145,38,102,50,3,3,100,0.0,0,0.3,0.0,0.15,1.0,0.7,1.0,1.0,0.25,1.0,0.25
hete_0.15,1.1385107282186824,0.1548403544703893,1.0,0.8945389507305107,39,103,50,3,3,100,0.0,0,0.3,0.0,0.15,1.0,0.7,1.0,1.0,0.25,1.0,0.25
hete_0.15,1.1843403219233024,0.12313164289235763,1.0,1.4970995074308702,40,104,50,3,3,100,0.0,0,0.3,0.0,0.15,1.0,0.7,1.0,1.0,0.25,1.0,0.25
hete_0.15,1.0278443066364342,0.14757166514676825,1.0,0.18868328556665337,41,105,50,3,3,100,0.0,0,0.3,0.0,0.15,1.0,0.7,1.0,1.0,0.25,1.0,0.25
hete_0.15,1.0238493665396464,0.12662713078972035,1.0,0.18834325938610405,42,106,50,3,3,100,0.0,0,0.3,0.0,0.15,1.0,0.7,1.0,1.0,0.25,1.0,0.25
hete_0.15,1.2622243217967797,0.1263859049941102,1.0,2.0747908701448927,43,107,50,3,3,100,0.0,0,0.3,0.0,0.15,1.0,0.7,1.0,1.0,0.25,1.0,0.25
hete_0.15,1.1328217975757424,0.1492847726251107,1.0,0.8897210026188626,44,108,50,3,3,100,0.0,0,0.3,0.0,0.15,1.0,0.7,1.0,1.0,0.25,1.0,0.25
hete_0.15,1.0188353533031476,0.15246642233919738,1.0,0.1235377141679359,45,109,50,3,3,100,0.0,0,0.3,0.0,0.15,1.0,0.7,1.0,1.0,0.25,1.0,0.25
hete_0.15,0.9459752009501807,0.0931828036199569,1.0,-0.5797721999239012,46,110,50,3,3,100,0.0,0,0.3,0.0,0.15,1.0,0.7,1.0,1.0,0.25,1.0,0.25
hete_0.15,0.9369409027882186,0.11546249170673045,1.0,-0.5461435681809869,47,111,50,3,3,100,0.0,0,0.3,0.0,0.15,1.0,0.7,1.0,1.0,0.25,1.0,0.25
hete_0.15,1.0624815334729252,0.16520203422664353,1.0,0.37821285776182195,48,112,50,3,3,100,0.0,0,0.3,0.0,0.15,1.0,0.7,1.0,1.0,0.25,1.0,0.25
hete_0.15,0.8770377301662319,0.13755834495982922,1.0,-0.8938917509488534,49,113,50,3,3,100,0.0,0,0.3,0.0,0.15,1.0,0.7,1.0,1.0,0.25,1.0,0.25
hete_0.15,0.89672023518267,0.15462462601862076,1.0,-0.6679386555469664,50,114,50,3,3,100,0.0,0,0.3,0.0,0.15,1.0,0.7,1.0,1.0,0.25,1.0,0.25
hete_0.15,1.2028979535939215,0.12377801078493997,1.0,1.6392083885275042,51,115,50,3,3,100,0.0,0,0.3,0.0,0.15,1.0,0.7,1.0,1.0,0.25,1.0,0.25
hete_0.15,1.030118089399868,0.09503303280807726,1.0,0.316922321743563,52,116,50,3,3,100,0.0,0,0.3,0.0,0.15,1.0,0.7,1.0,1.0,0.25,1.0,0.25
hete_0.15,0.9867038128118731,0.1168719506814093,1.0,-0.11376713668767294,53,117,50,3,3,100,0.0,0,0.3,0.0,0.15,1.0,0.7,1.0,1.0,0.25,1.0,0.25
hete_0.15,0.6635398272801434,0.15201084316317276,1.0,-2.213395871758245,54,118,50,3,3,100,0.0,0,0.3,0.0,0.15,1.0,0.7,1.0,1.0,0.25,1.0,0.25
hete_0.15,1.0299587046883103,0.15971597241864421,1.0,0.18757488205239212,55,119,50,3,3,100,0.0,0,0.3,0.0,0.15,1.0,0.7,1.0,1.0,0.25,1.0,0.25
hete_0.15,0.8558015118502462,0.19188562634857326,1.0,-0.7514814470147307,56,120,50,3,3,100,0.0,0,0.3,0.0,0.15,1.0,0.7,1.0,1.0,0.25,1.0,0.25
hete_0.15,1.1505576169902483,0.152300512524405,1.0,0.9885562070326098,57,121,50,3,3,100,0.0,0,0.3,0.0,0.15,1.0,0.7,1.0,1.0,0.25,1.0,0.25
hete_0.15,1.1407434408103947,0.13157051738810266,1.0,1.0697186847356845,58,122,50,3,3,100,0.0,0,0.3,0.0,0.15,1.0,0.7,1.0,1.0,0.25,1.0,0.25
hete_0.15,0.7167475162084207,0.12056302607583588,1.0,-2.3494141861818347,59,123,50,3,3,100,0.0,0,0.3,0.0,0.15,1.0,0.7,1.0,1.0,0.25,1.0,0.25
hete_0.15,1.3154766999227792,0.14828089101981107,1.0,2.1275613988631203,60,124,50,3,3,100,0.0,0,0.3,0.0,0.15,1.0,0.7,1.0,1.0,0.25,1.0,0.25
hete_0.15,0.966121622652927,0.09229332075488579,1.0,-0.3670729048426785,61,125,50,3,3,100,0.0,0,0.3,0.0,0.15,1.0,0.7,1.0,1.0,0.25,1.0,0.25
hete_0.15,0.8470062796322007,0.13216138312335474,1.0,-1.1576280207736662,62,126,50,3,3,100,0.0,0,0.3,0.0,0.15,1.0,0.7,1.0,1.0,0.25,1.0,0.25
hete_0.15,1.1455205891561016,0.12206509257935846,1.0,1.19215564483756,63,127,50,3,3,100,0.0,0,0.3,0.0,0.15,1.0,0.7,1.0,1.0,0.25,1.0,0.25
hete_0.15,0.8594628243235897,0.15963242936172142,1.0,-0.8803798591447736,64,128,50,3,3,100,0.0,0,0.3,0.0,0.15,1.0,0.7,1.0,1.0,0.25,1.0,0.25
hete_0.15,1.1526922732186888,0.12199248779885859,1.0,1.2516530810524014,65,129,50,3,3,100,0.0,0,0.3,0.0,0.15,1.0,0.7,1.0,1.0,0.25,1.0,0.25
hete_0.15,0.7059786146920106,0.15124564791896675,1.0,-1.943998980159204,66,130,50,3,3,100,0.0,0,0.3,0.0,0.15,1.0,0.7,1.0,1.0,0.25,1.0,0.25
hete_0.15,1.12166224991822,0.12070146875459153,1.0,1.0079599790585976,67,131,50,3,3,100,0.0,0,0.3,0.0,0.15,1.0,0.7,1.0,1.0,0.25,1.0,0.25
hete_0.15,0.8407786600805973,0.2023351222150018,1.0,-0.7869189401047916,68,132,50,3,3,100,0.0,0,0.3,0.0,0.15,1.0,0.7,1.0,1.0,0.25,1.0,0.25
hete_0.15,1.0573711922033953,0.12489951550882834,1.0,0.4593387890230852,69,133,50,3,3,100,0.0,0,0.3,0.0,0.15,1.0,0.7,1.0,1.0,0.25,1.0,0.25
hete_0.15,0.9256704311882965,0.13288711485401175,1.0,-0.5593436872593788,70,134,50,3,3,100,0.0,0,0.3,0.0,0.15,1.0,0.7,1.0,1.0,0.25,1.0,0.25
hete_0.15,0.6408246484020663,0.13851018669160692,1.0,-2.5931331130008366,71,135,50,3,3,100,0.0,0,0.3,0.0,0.15,1.0,0.7,1.0,1.0,0.25,1.0,0.25
hete_0.15,1.1940037295442014,0.1050168083039625,1.0,1.847358843573627,72,136,50,3,3,100,0.0,0,0.3,0.0,0.15,1.0,0.7,1.0,1.0,0.25,1.0,0.25
hete_0.15,1.0851495033974103,0.13478953628226464,1.0,0.6317219106615041,73,137,50,3,3,100,0.0,0,0.3,0.0,0.15,1.0,0.7,1.0,1.0,0.25,1.0,0.25
hete_0.15,1.0372075794255757,0.14427990016512793,1.0,0.2578847045429874,74,138,50,3,3,100,0.0,0,0.3,0.0,0.15,1.0,0.7,1.0,1.0,0.25,1.0,0.25
hete_0.15,1.098013324617469,0.1682199809456785,1.0,0.5826497189362984,75,139,50,3,3,100,0.0,0,0.3,0.0,0.15,1.0,0.7,1.0,1.0,0.25,1.0,0.25
hete_0.15,1.1659604009980846,0.15143222708006301,1.0,1.0959384550974112,76,140,50,3,3,100,0.0,0,0.3,0.0,0.15,1.0,0.7,1.0,1.0,0.25,1.0,0.25
hete_0.15,0.9908637214891993,0.15212232468422315,1.0,-0.060058762116381295,77,141,50,3,3,100,0.0,0,0.3,0.0,0.15,1.0,0.7,1.0,1.0,0.25,1.0,0.25
hete_0.15,1.0939374103497028,0.12703217590518107,1.0,0.7394772991987422,78,142,50,3,3,100,0.0,0,0.3,0.0,0.15,1.0,0.7,1.0,1.0,0.25,1.0,0.25
hete_0.15,0.8894382905802224,0.1142959517524517,1.0,-0.9673283062486595,79,143,50,3,3,100,0.0,0,0.3,0.0,0.15,1.0,0.7,1.0,1.0,0.25,1.0,0.25
hete_0.15,1.0199887679375694,0.1052889233772701,1.0,0.18984682620360643,80,144,50,3,3,100,0.0,0,0.3,0.0,0.15,1.0,0.7,1.0,1.0,0.25,1.0,0.25
hete_0.15,1.2570756424573617,0.22615958741345057,1.0,1.1367001744099947,81,145,50,3,3,100,0.0,0,0.3,0.0,0.15,1.0,0.7,1.0,1.0,0.25,1.0,0.25
hete_0.15,0.6565106880423033,0.14319652307889208,1.0,-2.3987266210957943,82,146,50,3,3,100,0.0,0,0.3,0.0,0.15,1.0,0.7,1.0,1.0,0.25,1.0,0.25
hete_0.15,0.7163919117683285,0.15291801111920036,1.0,-1.8546414915807239,83,147,50,3,3,100,0.0,0,0.3,0.0,0.15,1.0,0.7,1.0,1.0,0.25,1.0,0.25
hete_0.15,0.8810468317433859,0.08644466614252473,1.0,-1.3760613993290376,84,148,50,3,3,100,0.0,0,0.3,0.0,0.15,1.0,0.7,1.0,1.0,0.25,1.0,0.25
hete_0.15,0.9346250316401762,0.09246006427512428,1.0,-0.7070616797896007,85,149,50,3,3,100,0.0,0,0.3,0.0,0.15,1.0,0.7,1.0,1.0,0.25,1.0,0.25
hete_0.15,1.1732742625224584,0.1739983865274321,1.0,0.9958383291970379,86,150,50,3,3,100,0.0,0,0.3,0.0,0.15,1.0,0.7,1.0,1.0,0.25,1.0,0.25
hete_0.15,0.9335181693137719,0.1716977240156303,1.0,-0.38720274871072874,87,151,50,3,3,100,0.0,0,0.3,0.0,0.15,1.0,0.7,1.0,1.0,0.25,1.0,0.25
hete_0.15,1.1821680296097477,0.10272395480610495,1.0,1.7733743794579966,88,152,50,3,3,100,0.0,0,0.3,0.0,0.15,1.0,0.7,1.0,1.0,0.25,1.0,0.25
hete_0.15,1.1256243539609447,0.15818406764055654,1.0,0.7941656567234217,89,153,50,3,3,100,0.0,0,0.3,0.0,0.15,1.0,0.7,1.0,1.0,0.25,1.0,0.25
hete_0.15,0.9034463503824843,0.10444561961088761,1.0,-0.9244394353466092,90,154,50,3,3,100,0.0,0,0.3,0.0,0.15,1.0,0.7,1.0,1.0,0.25,1.0,0.25
hete_0.15,0.9204449401818308,0.13641549614644094,1.0,-0.5831819849320309,91,155,50,3,3,100,0.0,0,0.3,0.0,0.15,1.0,0.7,1.0,1.0,0.25,1.0,0.25
hete_0.15,1.383613700475947,0.1446647769418535,1.0,2.6517422456617514,92,156,50,3,3,100,0.0,0,0.3,0.0,0.15,1.0,0.7,1.0,1.0,0.25,1.0,0.25
hete_0.15,1.315993311965347,0.12849537463517957,1.0,2.459180440249358,93,157,50,3,3,100,0.0,0,0.3,0.0,0.15,1.0,0.7,1.0,1.0,0.25,1.0,0.25
hete_0.15,0.9871594682941982,0.11939134739044656,1.0,-0.107549935455618,94,158,50,3,3,100,0.0,0,0.3,0.0,0.15,1.0,0.7,1.0,1.0,0.25,1.0,0.25
hete_0.15,0.9486296509577423,0.1120986176695337,1.0,-0.45826032568659564,95,159,50,3,3,100,0.0,0,0.3,0.0,0.15,1.0,0.7,1.0,1.0,0.25,1.0,0.25
hete_0.15,0.8293521810390839,0.12152807797998885,1.0,-1.4041842987841495,96,160,50,3,3,100,0.0,0,0.3,0.0,0.15,1.0,0.7,1.0,1.0,0.25,1.0,0.25
hete_0.15,1.159693562204226,0.13678481410707596,1.0,1.1674802005375893,97,161,50,3,3,100,0.0,0,0.3,0.0,0.15,1.0,0.7,1.0,1.0,0.25,1.0,0.25
hete_0.15,0.7271077987741873,0.11094044493244941,1.0,-2.4598080654172083,98,162,50,3,3,100,0.0,0,0.3,0.0,0.15,1.0,0.7,1.0,1.0,0.25,1.0,0.25
hete_0.15,0.9197832274573584,0.22833579618565988,1.0,-0.3513105429926428,99,163,50,3,3,100,0.0,0,0.3,0.0,0.15,1.0,0.7,1.0,1.0,0.25,1.0,0.25
hete_0.3,0.7471570491185892,0.16999563041233157,1.0,-1.4873497058020233,0,65,50,3,3,100,0.0,0,0.3,0.0,0.3,1.0,0.7,1.0,1.0,0.25,1.0,0.25
hete_0.3,0.9461463103567344,0.11416373011728109,1.0,-0.47172328363781935,1,66,50,3,3,100,0.0,0,0.3,0.0,0.3,1.0,0.7,1.0,1.0,0.25,1.0,0.25
hete_0.3,0.8908429537297102,0.10577046698620009,1.0,-1.0320181935523791,2,67,50,3,3,100,0.0,0,0.3,0.0,0.3,1.0,0.7,1.0,1.0,0.25,1.0,0.25
hete_0.3,1.0882439590774415,0.10983098047422765,1.0,0.803452347383427,3,68,50,3,3,100,0.0,0,0.3,0.0,0.3,1.0,0.7,1.0,1.0,0.25,1.0,0.25
hete_0.3,1.2674383005111531,0.13726475227264676,1.0,1.9483392209818349,4,69,50,3,3,100,0.0,0,0.3,0.0,0.3,1.0,0.7,1.0,1.0,0.25,1.0,0.25
hete_0.3,0.87338601561911,0.10261987680071576,1.0,-1.2338154003709239,5,70,50,3,3,100,0.0,0,0.3,0.0,0.3,1.0,0.7,1.0,1.0,0.25,1.0,0.25
hete_0.3,1.010195662067495,0.1825045669195927,1.0,0.05586524348175341,6,71,50,3,3,100,0.0,0,0.3,0.0,0.3,1.0,0.7,1.0,1.0,0.25,1.0,0.25
hete_0.3,0.8047903051567441,0.0990735968087426,1.0,-1.9703503368319208,7,72,50,3,3,100,0.0,0,0.3,0.0,0.3,1.0,0.7,1.0,1.0,0.25,1.0,0.25
hete_0.3,1.0735044907459494,0.13630659491815747,1.0,0.5392585060912404,8,73,50,3,3,100,0.0,0,0.3,0.0,0.3,1.0,0.7,1.0,1.0,0.25,1.0,0.25
hete_0.3,0.8205033678805879,0.11958603294258895,1.0,-1.5009832478144431,9,74,50,3,3,100,0.0,0,0.3,0.0,0.3,1.0,0.7,1.0,1.0,0.25,1.0,0.25
hete_0.3,0.8966361760384475,0.14119373434675114,1.0,-0.7320708984699428,10,75,50,3,3,100,0.0,0,0.3,0.0,0.3,1.0,0.7,1.0,1.0,0.25,1.0,0.25
hete_0.3,1.3133764034355302,0.13026985065051996,1.0,2.405594248175177,11,76,50,3,3,100,0.0,0,0.3,0.0,0.3,1.0,0.7,1.0,1.0,0.25,1.0,0.25
hete_0.3,1.3560901315602152,0.1566419228639671,1.0,2.2732747724851112,12,77,50,3,3,100,0.0,0,0.3,0.0,0.3,1.0,0.7,1.0,1.0,0.25,1.0,0.25
hete_0.3,0.7242250831208565,0.09784856350490224,1.0,-2.818384930764232,13,78,50,3,3,100,0.0,0,0.3,0.0,0.3,1.0,0.7,1.0,1.0,0.25,1.0,0.25
hete_0.3,1.0544732055947763,0.0951489770645336,1.0,0.5725043744593338,14,79,50,3,3,100,0.0,0,0.3,0.0,0.3,1.0,0.7,1.0,1.0,0.25,1.0,0.25
hete_0.3,1.2412907248049851,0.12091227404643318,1.0,1.99558503640684,15,80,50,3,3,100,0.0,0,0.3,0.0,0.3,1.0,0.7,1.0,1.0,0.25,1.0,0.25
hete_0.3,0.9376430849072989,0.09796180768996704,1.0,-0.6365431239289753,16,81,50,3,3,100,0.0,0,0.3,0.0,0.3,1.0,0.7,1.0,1.0,0.25,1.0,0.25
hete_0.3,0.9510806012169934,0.18934115292364803,1.0,-0.2583664355457545,17,82,50,3,3,100,0.0,0,0.3,0.0,0.3,1.0,0.7,1.0,1.0,0.25,1.0,0.25
hete_0.3,0.734000299017006,0.1976641641692163,1.0,-1.3457153556437118,18,83,50,3,3,100,0.0,0,0.3,0.0,0.3,1.0,0.7,1.0,1.0,0.25,1.0,0.25
hete_0.3,1.0165833240943294,0.1104066939855265,1.0,0.15020216162349123,19,84,50,3,3,100,0.0,0,0.3,0.0,0.3,1.0,0.7,1.0,1.0,0.25,1.0,0.25
hete_0.3,0.8459326653663227,0.15864780151701638,1.0,-0.9711280784256704,20,85,50,3,3,100,0.0,0,0.3,0.0,0.3,1.0,0.7,1.0,1.0,0.25,1.0,0.25
hete_0.3,0.8264195472483048,0.1506004366701113,1.0,-1.1525893057795136,21,86,50,3,3,100,0.0,0,0.3,0.0,0.3,1.0,0.7,1.0,1.0,0.25,1.0,0.25
hete_0.3,0.8377590360743179,0.1651205661863605,1.0,-0.9825606081229857,22,87,50,3,3,100,0.0,0,0.3,0.0,0.3,1.0,0.7,1.0,1.0,0.25,1.0,0.25
hete_0.3,0.9870751639071833,0.19353162040136346,1.0,-0.06678410518142718,23,88,50,3,3,100,0.0,0,0.3,0.0,0.3,1.0,0.7,1.0,1.0,0.25,1.0,0.25
hete_0.3,0.7352850686779036,0.13447455328060656,1.0,-1.9685131860577274,24,89,50,3,3,100,0.0,0,0.3,0.0,0.3,1.0,0.7,1.0,1.0,0.25,1.0,0.25
hete_0.3,1.0425856408889498,0.12889087576785166,1.0,0.3304007412103535,25,90,50,3,3,100,0.0,0,0.3,0.0,0.3,1.0,0.7,1.0,1.0,0.25,1.0,0.25
hete_0.3,1.1059600753511392,0.14369549304872695,1.0,0.7373931715117067,26,91,50,3,3,100,0.0,0,0.3,0.0,0.3,1.0,0.7,1.0,1.0,0.25,1.0,0.25
hete_0.3,0.5673977817338803,0.16937853865317457,1.0,-2.5540556773366143,27,92,50,3,3,100,0.0,0,0.3,0.0,0.3,1.0,0.7,1.0,1.0,0.25,1.0,0.25
hete_0.3,0.9399136212639252,0.1440057057449517,1.0,-0.41724998620883613,28,93,50,3,3,100,0.0,0,0.3,0.0,0.3,1.0,0.7,1.0,1.0,0.25,1.0,0.25
hete_0.3,0.8128391137655357,0.13290985728619895,1.0,-1.40817912272259,29,94,50,3,3,100,0.0,0,0.3,0.0,0.3,1.0,0.7,1.0,1.0,0.25,1.0,0.25
hete_0.3,0.8362817177186516,0.13895177600715267,1.0,-1.178238141216136,30,95,50,3,3,100,0.0,0,0.3,0.0,0.3,1.0,0.7,1.0,1.0,0.25,1.0,0.25
hete_0.3,1.0634343329421716,0.11997508067928304,1.0,0.5287292376301378,31,96,50,3,3,100,0.0,0,0.3,0.0,0.3,1.0,0.7,1.0,1.0,0.25,1.0,0.25
hete_0.3,1.0755578347046704,0.15151417860521316,1.0,0.4986849112091655,32,97,50,3,3,100,0.0,0,0.3,0.0,0.3,1.0,0.7,1.0,1.0,0.25,1.0,0.25
hete_0.3,0.748034131051291,0.17281455807661977,1.0,-1.4580129808103108,33,98,50,3,3,100,0.0,0,0.3,0.0,0.3,1.0,0.7,1.0,1.0,0.25,1.0,0.25
hete_0.3,0.845063412266801,0.1331526697890145,1.0,-1.163601060186791,34,99,50,3,3,100,0.0,0,0.3,0.0,0.3,1.0,0.7,1.0,1.0,0.25,1.0,0.25
hete_0.3,1.0012306019433845,0.18198500890798358,1.0,0.0067621061249432905,35,100,50,3,3,100,0.0,0,0.3,0.0,0.3,1.0,0.7,1.0,1.0,0.25,1.0,0.25
hete_0.3,1.1940458435966155,0.13124847077280988,1.0,1.4784617485753977,36,101,50,3,3,100,0.0,0,0.3,0.0,0.3,1.0,0.7,1.0,1.0,0.25,1.0,0.25
hete_0.3,0.6901289992906804,0.134485954186101,1.0,-2.3041142295092145,37,102,50,3,3,100,0.0,0,0.3,0.0,0.3,1.0,0.7,1.0,1.0,0.25,1.0,0.25
hete_0.3,1.1385107282186824,0.1548403544703893,1.0,0.8945389507305107,38,103,50,3,3,100,0.0,0,0.3,0.0,0.3,1.0,0.7,1.0,1.0,0.25,1.0,0.25
hete_0.3,1.1843403219233024,0.12313164289235763,1.0,1.4970995074308702,39,104,50,3,3,100,0.0,0,0.3,0.0,0.3,1.0,0.7,1.0,1.0,0.25,1.0,0.25
hete_0.3,1.0278443066364342,0.14757166514676825,1.0,0.18868328556665337,40,105,50,3,3,100,0.0,0,0.3,0.0,0.3,1.0,0.7,1.0,1.0,0.25,1.0,0.25
hete_0.3,1.0238493665396464,0.12662713078972035,1.0,0.18834325938610405,41,106,50,3,3,100,0.0,0,0.3,0.0,0.3,1.0,0.7,1.0,1.0,0.25,1.0,0.25
hete_0.3,1.2622243217967797,0.1263859049941102,1.0,2.0747908701448927,42,107,50,3,3,100,0.0,0,0.3,0.0,0.3,1.0,0.7,1.0,1.0,0.25,1.0,0.25
hete_0.3,1.1328217975757424,0.1492847726251107,1.0,0.8897210026188626,43,108,50,3,3,100,0.0,0,0.3,0.0,0.3,1.0,0.7,1.0,1.0,0.25,1.0,0.25
hete_0.3,1.0188353533031476,0.15246642233919738,1.0,0.1235377141679359,44,109,50,3,3,100,0.0,0,0.3,0.0,0.3,1.0,0.7,1.0,1.0,0.25,1.0,0.25
hete_0.3,0.9459752009501807,0.0931828036199569,1.0,-0.5797721999239012,45,110,50,3,3,100,0.0,0,0.3,0.0,0.3,1.0,0.7,1.0,1.0,0.25,1.0,0.25
hete_0.3,0.9369409027882186,0.11546249170673045,1.0,-0.5461435681809869,46,111,50,3,3,100,0.0,0,0.3,0.0,0.3,1.0,0.7,1.0,1.0,0.25,1.0,0.25
hete_0.3,1.0624815334729252,0.16520203422664353,1.0,0.37821285776182195,47,112,50,3,3,100,0.0,0,0.3,0.0,0.3,1.0,0.7,1.0,1.0,0.25,1.0,0.25
hete_0.3,0.8770377301662319,0.13755834495982922,1.0,-0.8938917509488534,48,113,50,3,3,100,0.0,0,0.3,0.0,0.3,1.0,0.7,1.0,1.0,0.25,1.0,0.25
hete_0.3,0.89672023518267,0.15462462601862076,1.0,-0.6679386555469664,49,114,50,3,3,100,0.0,0,0.3,0.0,0.3,1.0,0.7,1.0,1.0,0.25,1.0,0.25
hete_0.3,1.2028979535939215,0.12377801078493997,1.0,1.6392083885275042,50,115,50,3,3,100,0.0,0,0.3,0.0,0.3,1.0,0.7,1.0,1.0,0.25,1.0,0.25
hete_0.3,1.030118089399868,0.09503303280807726,1.0,0.316922321743563,51,116,50,3,3,100,0.0,0,0.3,0.0,0.3,1.0,0.7,1.0,1.0,0.25,1.0,0.25
hete_0.3,0.9867038128118731,0.1168719506814093,1.0,-0.11376713668767294,52,117,50,3,3,100,0.0,0,0.3,0.0,0.3,1.0,0.7,1.0,1.0,0.25,1.0,0.25
hete_0.3,0.6635398272801434,0.15201084316317276,1.0,-2.213395871758245,53,118,50,3,3,100,0.0,0,0.3,0.0,0.3,1.0,0.7,1.0,1.0,0.25,1.0,0.25
hete_0.3,1.0299587046883103,0.15971597241864421,1.0,0.18757488205239212,54,119,50,3,3,100,0.0,0,0.3,0.0,0.3,1.0,0.7,1.0,1.0,0.25,1.0,0.25
hete_0.3,0.8558015118502462,0.19188562634857326,1.0,-0.7514814470147307,55,120,50,3,3,100,0.0,0,0.3,0.0,0.3,1.0,0.7,1.0,1.0,0.25,1.0,0.25
hete_0.3,1.1505576169902483,0.152300512524405,1.0,0.9885562070326098,56,121,50,3,3,100,0.0,0,0.3,0.0,0.3,1.0,0.7,1.0,1.0,0.25,1.0,0.25
hete_0.3,1.1407434408103947,0.13157051738810266,1.0,1.0697186847356845,57,122,50,3,3,100,0.0,0,0.3,0.0,0.3,1.0,0.7,1.0,1.0,0.25,1.0,0.25
hete_0.3,0.7167475162084207,0.12056302607583588,1.0,-2.3494141861818347,58,123,50,3,3,100,0.0,0,0.3,0.0,0.3,1.0,0.7,1.0,1.0,0.25,1.0,0.25
hete_0.3,1.3154766999227792,0.14828089101981107,1.0,2.1275613988631203,59,124,50,3,3,100,0.0,0,0.3,0.0,0.3,1.0,0.7,1.0,1.0,0.25,1.0,0.25
hete_0.3,0.966121622652927,0.09229332075488579,1.0,-0.3670729048426785,60,125,50,3,3,100,0.0,0,0.3,0.0,0.3,1.0,0.7,1.0,1.0,0.25,1.0,0.25
hete_0.3,0.8470062796322007,0.13216138312335474,1.0,-1.1576280207736662,61,126,50,3,3,100,0.0,0,0.3,0.0,0.3,1.0,0.7,1.0,1.0,0.25,1.0,0.25
hete_0.3,1.1455205891561016,0.12206509257935846,1.0,1.19215564483756,62,127,50,3,3,100,0.0,0,0.3,0.0,0.3,1.0,0.7,1.0,1.0,0.25,1.0,0.25
hete_0.3,0.8594628243235897,0.15963242936172142,1.0,-0.8803798591447736,63,128,50,3,3,100,0.0,0,0.3,0.0,0.3,1.0,0.7,1.0,1.0,0.25,1.0,0.25
hete_0.3,1.1526922732186888,0.12199248779885859,1.0,1.2516530810524014,64,129,50,3,3,100,0.0,0,0.3,0.0,0.3,1.0,0.7,1.0,1.0,0.25,1.0,0.25
hete_0.3,0.7059786146920106,0.15124564791896675,1.0,-1.943998980159204,65,130,50,3,3,100,0.0,0,0.3,0.0,0.3,1.0,0.7,1.0,1.0,0.25,1.0,0.25
hete_0.3,1.12166224991822,0.12070146875459153,1.0,1.0079599790585976,66,131,50,3,3,100,0.0,0,0.3,0.0,0.3,1.0,0.7,1.0,1.0,0.25,1.0,0.25
hete_0.3,0.8407786600805973,0.2023351222150018,1.0,-0.7869189401047916,67,132,50,3,3,100,0.0,0,0.3,0.0,0.3,1.0,0.7,1.0,1.0,0.25,1.0,0.25
hete_0.3,1.0573711922033953,0.12489951550882834,1.0,0.4593387890230852,68,133,50,3,3,100,0.0,0,0.3,0.0,0.3,1.0,0.7,1.0,1.0,0.25,1.0,0.25
hete_0.3,0.9256704311882965,0.13288711485401175,1.0,-0.5593436872593788,69,134,50,3,3,100,0.0,0,0.3,0.0,0.3,1.0,0.7,1.0,1.0,0.25,1.0,0.25
hete_0.3,0.6408246484020663,0.13851018669160692,1.0,-2.5931331130008366,70,135,50,3,3,100,0.0,0,0.3,0.0,0.3,1.0,0.7,1.0,1.0,0.25,1.0,0.25
hete_0.3,1.1940037295442014,0.1050168083039625,1.0,1.847358843573627,71,136,50,3,3,100,0.0,0,0.3,0.0,0.3,1.0,0.7,1.0,1.0,0.25,1.0,0.25
hete_0.3,1.0851495033974103,0.13478953628226464,1.0,0.6317219106615041,72,137,50,3,3,100,0.0,0,0.3,0.0,0.3,1.0,0.7,1.0,1.0,0.25,1.0,0.25
hete_0.3,1.0372075794255757,0.14427990016512793,1.0,0.2578847045429874,73,138,50,3,3,100,0.0,0,0.3,0.0,0.3,1.0,0.7,1.0,1.0,0.25,1.0,0.25
hete_0.3,1.098013324617469,0.1682199809456785,1.0,0.5826497189362984,74,139,50,3,3,100,0.0,0,0.3,0.0,0.3,1.0,0.7,1.0,1.0,0.25,1.0,0.25
hete_0.3,1.1659604009980846,0.15143222708006301,1.0,1.0959384550974112,75,140,50,3,3,100,0.0,0,0.3,0.0,0.3,1.0,0.7,1.0,1.0,0.25,1.0,0.25
hete_0.3,0.9908637214891993,0.15212232468422315,1.0,-0.060058762116381295,76,141,50,3,3,100,0.0,0,0.3,0.0,0.3,1.0,0.7,1.0,1.0,0.25,1.0,0.25
hete_0.3,1.0939374103497028,0.12703217590518107,1.0,0.7394772991987422,77,142,50,3,3,100,0.0,0,0.3,0.0,0.3,1.0,0.7,1.0,1.0,0.25,1.0,0.25
hete_0.3,0.8894382905802224,0.1142959517524517,1.0,-0.9673283062486595,78,143,50,3,3,100,0.0,0,0.3,0.0,0.3,1.0,0.7,1.0,1.0,0.25,1.0,0.25
hete_0.3,1.0199887679375694,0.1052889233772701,1.0,0.18984682620360643,79,144,50,3,3,100,0.0,0,0.3,0.0,0.3,1.0,0.7,1.0,1.0,0.25,1.0,0.25
hete_0.3,1.2570756424573617,0.22615958741345057,1.0,1.1367001744099947,80,145,50,3,3,100,0.0,0,0.3,0.0,0.3,1.0,0.7,1.0,1.0,0.25,1.0,0.25
hete_0.3,0.6565106880423033,0.14319652307889208,1.0,-2.3987266210957943,81,146,50,3,3,100,0.0,0,0.3,0.0,0.3,1.0,0.7,1.0,1.0,0.25,1.0,0.25
hete_0.3,0.7163919117683285,0.15291801111920036,1.0,-1.8546414915807239,82,147,50,3,3,100,0.0,0,0.3,0.0,0.3,1.0,0.7,1.0,1.0,0.25,1.0,0.25
hete_0.3,0.8810468317433859,0.08644466614252473,1.0,-1.3760613993290376,83,148,50,3,3,100,0.0,0,0.3,0.0,0.3,1.0,0.7,1.0,1.0,0.25,1.0,0.25
hete_0.3,0.9346250316401762,0.09246006427512428,1.0,-0.7070616797896007,84,149,50,3,3,100,0.0,0,0.3,0.0,0.3,1.0,0.7,1.0,1.0,0.25,1.0,0.25
hete_0.3,1.1732742625224584,0.1739983865274321,1.0,0.9958383291970379,85,150,50,3,3,100,0.0,0,0.3,0.0,0.3,1.0,0.7,1.0,1.0,0.25,1.0,0.25
hete_0.3,0.9335181693137719,0.1716977240156303,1.0,-0.38720274871072874,86,151,50,3,3,100,0.0,0,0.3,0.0,0.3,1.0,0.7,1.0,1.0,0.25,1.0,0.25
hete_0.3,1.1821680296097477,0.10272395480610495,1.0,1.7733743794579966,87,152,50,3,3,100,0.0,0,0.3,0.0,0.3,1.0,0.7,1.0,1.0,0.25,1.0,0.25
hete_0.3,1.1256243539609447,0.15818406764055654,1.0,0.7941656567234217,88,153,50,3,3,100,0.0,0,0.3,0.0,0.3,1.0,0.7,1.0,1.0,0.25,1.0,0.25
hete_0.3,0.9034463503824843,0.10444561961088761,1.0,-0.9244394353466092,89,154,50,3,3,100,0.0,0,0.3,0.0,0.3,1.0,0.7,1.0,1.0,0.25,1.0,0.25
hete_0.3,0.9204449401818308,0.13641549614644094,1.0,-0.5831819849320309,90,155,50,3,3,100,0.0,0,0.3,0.0,0.3,1.0,0.7,1.0,1.0,0.25,1.0,0.25
hete_0.3,1.383613700475947,0.1446647769418535,1.0,2.6517422456617514,91,156,50,3,3,100,0.0,0,0.3,0.0,0.3,1.0,0.7,1.0,1.0,0.25,1.0,0.25
hete_0.3,1.315993311965347,0.12849537463517957,1.0,2.459180440249358,92,157,50,3,3,100,0.0,0,0.3,0.0,0.3,1.0,0.7,1.0,1.0,0.25,1.0,0.25
hete_0.3,0.9871594682941982,0.11939134739044656,1.0,-0.107549935455618,93,158,50,3,3,100,0.0,0,0.3,0.0,0.3,1.0,0.7,1.0,1.0,0.25,1.0,0.25
hete_0.3,0.9486296509577423,0.1120986176695337,1.0,-0.45826032568659564,94,159,50,3,3,100,0.0,0,0.3,0.0,0.3,1.0,0.7,1.0,1.0,0.25,1.0,0.25
hete_0.3,0.8293521810390839,0.12152807797998885,1.0,-1.4041842987841495,95,160,50,3,3,100,0.0,0,0.3,0.0,0.3,1.0,0.7,1.0,1.0,0.25,1.0,0.25
hete_0.3,1.159693562204226,0.13678481410707596,1.0,1.1674802005375893,96,161,50,3,3,100,0.0,0,0.3,0.0,0.3,1.0,0.7,1.0,1.0,0.25,1.0,0.25
hete_0.3,0.7271077987741873,0.11094044493244941,1.0,-2.4598080654172083,97,162,50,3,3,100,0.0,0,0.3,0.0,0.3,1.0,0.7,1.0,1.0,0.25,1.0,0.25
hete_0.3,0.9197832274573584,0.22833579618565988,1.0,-0.3513105429926428,98,163,50,3,3,100,0.0,0,0.3,0.0,0.3,1.0,0.7,1.0,1.0,0.25,1.0,0.25
hete_0.3,0.9680932250680101,0.11009449990316392,1.0,-0.2898126151629211,99,164,50,3,3,100,0.0,0,0.3,0.0,0.3,1.0,0.7,1.0,1.0,0.25,1.0,0.25
hete_0.5,0.9461463103567344,0.11416373011728109,1.0,-0.47172328363781935,0,66,50,3,3,100,0.0,0,0.3,0.0,0.5,1.0,0.7,1.0,1.0,0.25,1.0,0.25
hete_0.5,0.8908429537297102,0.10577046698620009,1.0,-1.0320181935523791,1,67,50,3,3,100,0.0,0,0.3,0.0,0.5,1.0,0.7,1.0,1.0,0.25,1.0,0.25
hete_0.5,1.0882439590774415,0.10983098047422765,1.0,0.803452347383427,2,68,50,3,3,100,0.0,0,0.3,0.0,0.5,1.0,0.7,1.0,1.0,0.25,1.0,0.25
hete_0.5,1.2674383005111531,0.13726475227264676,1.0,1.9483392209818349,3,69,50,3,3,100,0.0,0,0.3,0.0,0.5,1.0,0.7,1.0,1.0,0.25,1.0,0.25
hete_0.5,0.87338601561911,0.10261987680071576,1.0,-1.2338154003709239,4,70,50,3,3,100,0.0,0,0.3,0.0,0.5,1.0,0.7,1.0,1.0,0.25,1.0,0.25
hete_0.5,1.010195662067495,0.1825045669195927,1.0,0.05586524348175341,5,71,50,3,3,100,0.0,0,0.3,0.0,0.5,1.0,0.7,1.0,1.0,0.25,1.0,0.25
hete_0.5,0.8047903051567441,0.0990735968087426,1.0,-1.9703503368319208,6,72,50,3,3,100,0.0,0,0.3,0.0,0.5,1.0,0.7,1.0,1.0,0.25,1.0,0.25
hete_0.5,1.0735044907459494,0.13630659491815747,1.0,0.5392585060912404,7,73,50,3,3,100,0.0,0,0.3,0.0,0.5,1.0,0.7,1.0,1.0,0.25,1.0,0.25
hete_0.5,0.8205033678805879,0.11958603294258895,1.0,-1.5009832478144431,8,74,50,3,3,100,0.0,0,0.3,0.0,0.5,1.0,0.7,1.0,1.0,0.25,1.0,0.25
hete_0.5,0.8966361760384475,0.14119373434675114,1.0,-0.7320708984699428,9,75,50,3,3,100,0.0,0,0.3,0.0,0.5,1.0,0.7,1.0,1.0,0.25,1.0,0.25
hete_0.5,1.3133764034355302,0.13026985065051996,1.0,2.405594248175177,10,76,50,3,3,100,0.0,0,0.3,0.0,0.5,1.0,0.7,1.0,1.0,0.25,1.0,0.25
hete_0.5,1.3560901315602152,0.1566419228639671,1.0,2.2732747724851112,11,77,50,3,3,100,0.0,0,0.3,0.0,0.5,1.0,0.7,1.0,1.0,0.25,1.0,0.25
hete_0.5,0.7242250831208565,0.09784856350490224,1.0,-2.818384930764232,12,78,50,3,3,100,0.0,0,0.3,0.0,0.5,1.0,0.7,1.0,1.0,0.25,1.0,0.25
hete_0.5,1.0544732055947763,0.0951489770645336,1.0,0.5725043744593338,13,79,50,3,3,100,0.0,0,0.3,0.0,0.5,1.0,0.7,1.0,1.0,0.25,1.0,0.25
hete_0.5,1.2412907248049851,0.12091227404643318,1.0,1.99558503640684,14,80,50,3,3,100,0.0,0,0.3,0.0,0.5,1.0,0.7,1.0,1.0,0.25,1.0,0.25
hete_0.5,0.9376430849072989,0.09796180768996704,1.0,-0.6365431239289753,15,81,50,3,3,100,0.0,0,0.3,0.0,0.5,1.0,0.7,1.0,1.0,0.25,1.0,0.25
hete_0.5,0.9510806012169934,0.18934115292364803,1.0,-0.2583664355457545,16,82,50,3,3,100,0.0,0,0.3,0.0,0.5,1.0,0.7,1.0,1.0,0.25,1.0,0.25
hete_0.5,0.734000299017006,0.1976641641692163,1.0,-1.3457153556437118,17,83,50,3,3,100,0.0,0,0.3,0.0,0.5,1.0,0.7,1.0,1.0,0.25,1.0,0.25
hete_0.5,1.0165833240943294,0.1104066939855265,1.0,0.15020216162349123,18,84,50,3,3,100,0.0,0,0.3,0.0,0.5,1.0,0.7,1.0,1.0,0.25,1.0,0.25
hete_0.5,0.8459326653663227,0.15864780151701638,1.0,-0.9711280784256704,19,85,50,3,3,100,0.0,0,0.3,0.0,0.5,1.0,0.7,1.0,1.0,0.25,1.0,0.25
hete_0.5,0.8264195472483048,0.1506004366701113,1.0,-1.1525893057795136,20,86,50,3,3,100,0.0,0,0.3,0.0,0.5,1.0,0.7,1.0,1.0,0.25,1.0,0.25
hete_0.5,0.8377590360743179,0.1651205661863605,1.0,-0.9825606081229857,21,87,50,3,3,100,0.0,0,0.3,0.0,0.5,1.0,0.7,1.0,1.0,0.25,1.0,0.25
hete_0.5,0.9870751639071833,0.19353162040136346,1.0,-0.06678410518142718,22,88,50,3,3,100,0.0,0,0.3,0.0,0.5,1.0,0.7,1.0,1.0,0.25,1.0,0.25
hete_0.5,0.7352850686779036,0.13447455328060656,1.0,-1.9685131860577274,23,89,50,3,3,100,0.0,0,0.3,0.0,0.5,1.0,0.7,1.0,1.0,0.25,1.0,0.25
hete_0.5,1.0425856408889498,0.12889087576785166,1.0,0.3304007412103535,24,90,50,3,3,100,0.0,0,0.3,0.0,0.5,1.0,0.7,1.0,1.0,0.25,1.0,0.25
hete_0.5,1.1059600753511392,0.14369549304872695,1.0,0.7373931715117067,25,91,50,3,3,100,0.0,0,0.3,0.0,0.5,1.0,0.7,1.0,1.0,0.25,1.0,0.25
hete_0.5,0.5673977817338803,0.16937853865317457,1.0,-2.5540556773366143,26,92,50,3,3,100,0.0,0,0.3,0.0,0.5,1.0,0.7,1.0,1.0,0.25,1.0,0.25
hete_0.5,0.9399136212639252,0.1440057057449517,1.0,-0.41724998620883613,27,93,50,3,3,100,0.0,0,0.3,0.0,0.5,1.0,0.7,1.0,1.0,0.25,1.0,0.25
hete_0.5,0.8128391137655357,0.13290985728619895,1.0,-1.40817912272259,28,94,50,3,3,100,0.0,0,0.3,0.0,0.5,1.0,0.7,1.0,1.0,0.25,1.0,0.25
hete_0.5,0.8362817177186516,0.13895177600715267,1.0,-1.178238141216136,29,95,50,3,3,100,0.0,0,0.3,0.0,0.5,1.0,0.7,1.0,1.0,0.25,1.0,0.25
hete_0.5,1.0634343329421716,0.11997508067928304,1.0,0.5287292376301378,30,96,50,3,3,100,0.0,0,0.3,0.0,0.5,1.0,0.7,1.0,1.0,0.25,1.0,0.25
hete_0.5,1.0755578347046704,0.15151417860521316,1.0,0.4986849112091655,31,97,50,3,3,100,0.0,0,0.3,0.0,0.5,1.0,0.7,1.0,1.0,0.25,1.0,0.25
hete_0.5,0.748034131051291,0.17281455807661977,1.0,-1.4580129808103108,32,98,50,3,3,100,0.0,0,0.3,0.0,0.5,1.0,0.7,1.0,1.0,0.25,1.0,0.25
hete_0.5,0.845063412266801,0.1331526697890145,1.0,-1.163601060186791,33,99,50,3,3,100,0.0,0,0.3,0.0,0.5,1.0,0.7,1.0,1.0,0.25,1.0,0.25
hete_0.5,1.0012306019433845,0.18198500890798358,1.0,0.0067621061249432905,34,100,50,3,3,100,0.0,0,0.3,0.0,0.5,1.0,0.7,1.0,1.0,0.25,1.0,0.25
hete_0.5,1.1940458435966155,0.13124847077280988,1.0,1.4784617485753977,35,101,50,3,3,100,0.0,0,0.3,0.0,0.5,1.0,0.7,1.0,1.0,0.25,1.0,0.25
hete_0.5,0.6901289992906804,0.134485954186101,1.0,-2.3041142295092145,36,102,50,3,3,100,0.0,0,0.3,0.0,0.5,1.0,0.7,1.0,1.0,0.25,1.0,0.25
hete_0.5,1.1385107282186824,0.1548403544703893,1.0,0.8945389507305107,37,103,50,3,3,100,0.0,0,0.3,0.0,0.5,1.0,0.7,1.0,1.0,0.25,1.0,0.25
hete_0.5,1.1843403219233024,0.12313164289235763,1.0,1.4970995074308702,38,104,50,3,3,100,0.0,0,0.3,0.0,0.5,1.0,0.7,1.0,1.0,0.25,1.0,0.25
hete_0.5,1.0278443066364342,0.14757166514676825,1.0,0.18868328556665337,39,105,50,3,3,100,0.0,0,0.3,0.0,0.5,1.0,0.7,1.0,1.0,0.25,1.0,0.25
hete_0.5,1.0238493665396464,0.12662713078972035,1.0,0.18834325938610405,40,106,50,3,3,100,0.0,0,0.3,0.0,0.5,1.0,0.7,1.0,1.0,0.25,1.0,0.25
hete_0.5,1.2622243217967797,0.1263859049941102,1.0,2.0747908701448927,41,107,50,3,3,100,0.0,0,0.3,0.0,0.5,1.0,0.7,1.0,1.0,0.25,1.0,0.25
hete_0.5,1.1328217975757424,0.1492847726251107,1.0,0.8897210026188626,42,108,50,3,3,100,0.0,0,0.3,0.0,0.5,1.0,0.7,1.0,1.0,0.25,1.0,0.25
hete_0.5,1.0188353533031476,0.15246642233919738,1.0,0.1235377141679359,43,109,50,3,3,100,0.0,0,0.3,0.0,0.5,1.0,0.7,1.0,1.0,0.25,1.0,0.25
hete_0.5,0.9459752009501807,0.0931828036199569,1.0,-0.5797721999239012,44,110,50,3,3,100,0.0,0,0.3,0.0,0.5,1.0,0.7,1.0,1.0,0.25,1.0,0.25
hete_0.5,0.9369409027882186,0.11546249170673045,1.0,-0.5461435681809869,45,111,50,3,3,100,0.0,0,0.3,0.0,0.5,1.0,0.7,1.0,1.0,0.25,1.0,0.25
hete_0.5,1.0624815334729252,0.16520203422664353,1.0,0.37821285776182195,46,112,50,3,3,100,0.0,0,0.3,0.0,0.5,1.0,0.7,1.0,1.0,0.25,1.0,0.25
hete_0.5,0.8770377301662319,0.13755834495982922,1.0,-0.8938917509488534,47,113,50,3,3,100,0.0,0,0.3,0.0,0.5,1.0,0.7,1.0,1.0,0.25,1.0,0.25
hete_0.5,0.89672023518267,0.15462462601862076,1.0,-0.6679386555469664,48,114,50,3,3,100,0.0,0,0.3,0.0,0.5,1.0,0.7,1.0,1.0,0.25,1.0,0.25
hete_0.5,1.2028979535939215,0.12377801078493997,1.0,1.6392083885275042,49,115,50,3,3,100,0.0,0,0.3,0.0,0.5,1.0,0.7,1.0,1.0,0.25,1.0,0.25
hete_0.5,1.030118089399868,0.09503303280807726,1.0,0.316922321743563,50,116,50,3,3,100,0.0,0,0.3,0.0,0.5,1.0,0.7,1.0,1.0,0.25,1.0,0.25
hete_0.5,0.9867038128118731,0.1168719506814093,1.0,-0.11376713668767294,51,117,50,3,3,100,0.0,0,0.3,0.0,0.5,1.0,0.7,1.0,1.0,0.25,1.0,0.25
hete_0.5,0.6635398272801434,0.15201084316317276,1.0,-2.213395871758245,52,118,50,3,3,100,0.0,0,0.3,0.0,0.5,1.0,0.7,1.0,1.0,0.25,1.0,0.25
hete_0.5,1.0299587046883103,0.15971597241864421,1.0,0.18757488205239212,53,119,50,3,3,100,0.0,0,0.3,0.0,0.5,1.0,0.7,1.0,1.0,0.25,1.0,0.25
hete_0.5,0.8558015118502462,0.19188562634857326,1.0,-0.7514814470147307,54,120,50,3,3,100,0.0,0,0.3,0.0,0.5,1.0,0.7,1.0,1.0,0.25,1.0,0.25
hete_0.5,1.1505576169902483,0.152300512524405,1.0,0.9885562070326098,55,121,50,3,3,100,0.0,0,0.3,0.0,0.5,1.0,0.7,1.0,1.0,0.25,1.0,0.25
hete_0.5,1.1407434408103947,0.13157051738810266,1.0,1.0697186847356845,56,122,50,3,3,100,0.0,0,0.3,0.0,0.5,1.0,0.7,1.0,1.0,0.25,1.0,0.25
hete_0.5,0.7167475162084207,0.12056302607583588,1.0,-2.3494141861818347,57,123,50,3,3,100,0.0,0,0.3,0.0,0.5,1.0,0.7,1.0,1.0,0.25,1.0,0.25
hete_0.5,1.3154766999227792,0.14828089101981107,1.0,2.1275613988631203,58,124,50,3,3,100,0.0,0,0.3,0.0,0.5,1.0,0.7,1.0,1.0,0.25,1.0,0.25
hete_0.5,0.966121622652927,0.09229332075488579,1.0,-0.3670729048426785,59,125,50,3,3,100,0.0,0,0.3,0.0,0.5,1.0,0.7,1.0,1.0,0.25,1.0,0.25
hete_0.5,0.8470062796322007,0.13216138312335474,1.0,-1.1576280207736662,60,126,50,3,3,100,0.0,0,0.3,0.0,0.5,1.0,0.7,1.0,1.0,0.25,1.0,0.25
hete_0.5,1.1455205891561016,0.12206509257935846,1.0,1.19215564483756,61,127,50,3,3,100,0.0,0,0.3,0.0,0.5,1.0,0.7,1.0,1.0,0.25,1.0,0.25
hete_0.5,0.8594628243235897,0.15963242936172142,1.0,-0.8803798591447736,62,128,50,3,3,100,0.0,0,0.3,0.0,0.5,1.0,0.7,1.0,1.0,0.25,1.0,0.25
hete_0.5,1.1526922732186888,0.12199248779885859,1.0,1.2516530810524014,63,129,50,3,3,100,0.0,0,0.3,0.0,0.5,1.0,0.7,1.0,1.0,0.25,1.0,0.25
hete_0.5,0.7059786146920106,0.15124564791896675,1.0,-1.943998980159204,64,130,50,3,3,100,0.0,0,0.3,0.0,0.5,1.0,0.7,1.0,1.0,0.25,1.0,0.25
hete_0.5,1.12166224991822,0.12070146875459153,1.0,1.0079599790585976,65,131,50,3,3,100,0.0,0,0.3,0.0,0.5,1.0,0.7,1.0,1.0,0.25,1.0,0.25
hete_0.5,0.8407786600805973,0.2023351222150018,1.0,-0.7869189401047916,66,132,50,3,3,100,0.0,0,0.3,0.0,0.5,1.0,0.7,1.0,1.0,0.25,1.0,0.25
hete_0.5,1.0573711922033953,0.12489951550882834,1.0,0.4593387890230852,67,133,50,3,3,100,0.0,0,0.3,0.0,0.5,1.0,0.7,1.0,1.0,0.25,1.0,0.25
hete_0.5,0.9256704311882965,0.13288711485401175,1.0,-0.5593436872593788,68,134,50,3,3,100,0.0,0,0.3,0.0,0.5,1.0,0.7,1.0,1.0,0.25,1.0,0.25
hete_0.5,0.6408246484020663,0.13851018669160692,1.0,-2.5931331130008366,69,135,50,3,3,100,0.0,0,0.3,0.0,0.5,1.0,0.7,1.0,1.0,0.25,1.0,0.25
hete_0.5,1.1940037295442014,0.1050168083039625,1.0,1.847358843573627,70,136,50,3,3,100,0.0,0,0.3,0.0,0.5,1.0,0.7,1.0,1.0,0.25,1.0,0.25
hete_0.5,1.0851495033974103,0.13478953628226464,1.0,0.6317219106615041,71,137,50,3,3,100,0.0,0,0.3,0.0,0.5,1.0,0.7,1.0,1.0,0.25,1.0,0.25
hete_0.5,1.0372075794255757,0.14427990016512793,1.0,0.2578847045429874,72,138,50,3,3,100,0.0,0,0.3,0.0,0.5,1.0,0.7,1.0,1.0,0.25,1.0,0.25
hete_0.5,1.098013324617469,0.1682199809456785,1.0,0.5826497189362984,73,139,50,3,3,100,0.0,0,0.3,0.0,0.5,1.0,0.7,1.0,1.0,0.25,1.0,0.25
hete_0.5,1.1659604009980846,0.15143222708006301,1.0,1.0959384550974112,74,140,50,3,3,100,0.0,0,0.3,0.0,0.5,1.0,0.7,1.0,1.0,0.25,1.0,0.25
hete_0.5,0.9908637214891993,0.15212232468422315,1.0,-0.060058762116381295,75,141,50,3,3,100,0.0,0,0.3,0.0,0.5,1.0,0.7,1.0,1.0,0.25,1.0,0.25
hete_0.5,1.0939374103497028,0.12703217590518107,1.0,0.7394772991987422,76,142,50,3,3,100,0.0,0,0.3,0.0,0.5,1.0,0.7,1.0,1.0,0.25,1.0,0.25
hete_0.5,0.8894382905802224,0.1142959517524517,1.0,-0.9673283062486595,77,143,50,3,3,100,0.0,0,0.3,0.0,0.5,1.0,0.7,1.0,1.0,0.25,1.0,0.25
hete_0.5,1.0199887679375694,0.1052889233772701,1.0,0.18984682620360643,78,144,50,3,3,100,0.0,0,0.3,0.0,0.5,1.0,0.7,1.0,1.0,0.25,1.0,0.25
hete_0.5,1.2570756424573617,0.22615958741345057,1.0,1.1367001744099947,79,145,50,3,3,100,0.0,0,0.3,0.0,0.5,1.0,0.7,1.0,1.0,0.25,1.0,0.25
hete_0.5,0.6565106880423033,0.14319652307889208,1.0,-2.3987266210957943,80,146,50,3,3,100,0.0,0,0.3,0.0,0.5,1.0,0.7,1.0,1.0,0.25,1.0,0.25
hete_0.5,0.7163919117683285,0.15291801111920036,1.0,-1.8546414915807239,81,147,50,3,3,100,0.0,0,0.3,0.0,0.5,1.0,0.7,1.0,1.0,0.25,1.0,0.25
hete_0.5,0.8810468317433859,0.08644466614252473,1.0,-1.3760613993290376,82,148,50,3,3,100,0.0,0,0.3,0.0,0.5,1.0,0.7,1.0,1.0,0.25,1.0,0.25
hete_0.5,0.9346250316401762,0.09246006427512428,1.0,-0.7070616797896007,83,149,50,3,3,100,0.0,0,0.3,0.0,0.5,1.0,0.7,1.0,1.0,0.25,1.0,0.25
hete_0.5,1.1732742625224584,0.1739983865274321,1.0,0.9958383291970379,84,150,50,3,3,100,0.0,0,0.3,0.0,0.5,1.0,0.7,1.0,1.0,0.25,1.0,0.25
hete_0.5,0.9335181693137719,0.1716977240156303,1.0,-0.38720274871072874,85,151,50,3,3,100,0.0,0,0.3,0.0,0.5,1.0,0.7,1.0,1.0,0.25,1.0,0.25
hete_0.5,1.1821680296097477,0.10272395480610495,1.0,1.7733743794579966,86,152,50,3,3,100,0.0,0,0.3,0.0,0.5,1.0,0.7,1.0,1.0,0.25,1.0,0.25
hete_0.5,1.1256243539609447,0.15818406764055654,1.0,0.7941656567234217,87,153,50,3,3,100,0.0,0,0.3,0.0,0.5,1.0,0.7,1.0,1.0,0.25,1.0,0.25
hete_0.5,0.9034463503824843,0.10444561961088761,1.0,-0.9244394353466092,88,154,50,3,3,100,0.0,0,0.3,0.0,0.5,1.0,0.7,1.0,1.0,0.25,1.0,0.25
hete_0.5,0.9204449401818308,0.13641549614644094,1.0,-0.5831819849320309,89,155,50,3,3,100,0.0,0,0.3,0.0,0.5,1.0,0.7,1.0,1.0,0.25,1.0,0.25
hete_0.5,1.383613700475947,0.1446647769418535,1.0,2.6517422456617514,90,156,50,3,3,100,0.0,0,0.3,0.0,0.5,1.0,0.7,1.0,1.0,0.25,1.0,0.25
hete_0.5,1.315993311965347,0.12849537463517957,1.0,2.459180440249358,91,157,50,3,3,100,0.0,0,0.3,0.0,0.5,1.0,0.7,1.0,1.0,0.25,1.0,0.25
hete_0.5,0.9871594682941982,0.11939134739044656,1.0,-0.107549935455618,92,158,50,3,3,100,0.0,0,0.3,0.0,0.5,1.0,0.7,1.0,1.0,0.25,1.0,0.25
hete_0.5,0.9486296509577423,0.1120986176695337,1.0,-0.45826032568659564,93,159,50,3,3,100,0.0,0,0.3,0.0,0.5,1.0,0.7,1.0,1.0,0.25,1.0,0.25
hete_0.5,0.8293521810390839,0.12152807797998885,1.0,-1.4041842987841495,94,160,50,3,3,100,0.0,0,0.3,0.0,0.5,1.0,0.7,1.0,1.0,0.25,1.0,0.25
hete_0.5,1.159693562204226,0.13678481410707596,1.0,1.1674802005375893,95,161,50,3,3,100,0.0,0,0.3,0.0,0.5,1.0,0.7,1.0,1.0,0.25,1.0,0.25
hete_0.5,0.7271077987741873,0.11094044493244941,1.0,-2.4598080654172083,96,162,50,3,3,100,0.0,0,0.3,0.0,0.5,1.0,0.7,1.0,1.0,0.25,1.0,0.25
hete_0.5,0.9197832274573584,0.22833579618565988,1.0,-0.3513105429926428,97,163,50,3,3,100,0.0,0,0.3,0.0,0.5,1.0,0.7,1.0,1.0,0.25,1.0,0.25
hete_0.5,0.9680932250680101,0.11009449990316392,1.0,-0.2898126151629211,98,164,50,3,3,100,0.0,0,0.3,0.0,0.5,1.0,0.7,1.0,1.0,0.25,1.0,0.25
hete_0.5,0.6994736306198375,0.197557366792291,1.0,-1.5212106450888854,99,165,50,3,3,100,0.0,0,0.3,0.0,0.5,1.0,0.7,1.0,1.0,0.25,1.0,0.25
noise_0.5,0.8908429537297102,0.10577046698620009,1.0,-1.0320181935523791,0,67,50,3,3,100,0.0,0,0.3,0.0,0.0,0.5,0.7,1.0,1.0,0.25,1.0,0.25
noise_0.5,1.0882439590774415,0.10983098047422765,1.0,0.803452347383427,1,68,50,3,3,100,0.0,0,0.3,0.0,0.0,0.5,0.7,1.0,1.0,0.25,1.0,0.25
noise_0.5,1.2674383005111531,0.13726475227264676,1.0,1.9483392209818349,2,69,50,3,3,100,0.0,0,0.3,0.0,0.0,0.5,0.7,1.0,1.0,0.25,1.0,0.25
noise_0.5,0.87338601561911,0.10261987680071576,1.0,-1.2338154003709239,3,70,50,3,3,100,0.0,0,0.3,0.0,0.0,0.5,0.7,1.0,1.0,0.25,1.0,0.25
noise_0.5,1.010195662067495,0.1825045669195927,1.0,0.05586524348175341,4,71,50,3,3,100,0.0,0,0.3,0.0,0.0,0.5,0.7,1.0,1.0,0.25,1.0,0.25
noise_0.5,0.8047903051567441,0.0990735968087426,1.0,-1.9703503368319208,5,72,50,3,3,100,0.0,0,0.3,0.0,0.0,0.5,0.7,1.0,1.0,0.25,1.0,0.25
noise_0.5,1.0735044907459494,0.13630659491815747,1.0,0.5392585060912404,6,73,50,3,3,100,0.0,0,0.3,0.0,0.0,0.5,0.7,1.0,1.0,0.25,1.0,0.25
noise_0.5,0.8205033678805879,0.11958603294258895,1.0,-1.5009832478144431,7,74,50,3,3,100,0.0,0,0.3,0.0,0.0,0.5,0.7,1.0,1.0,0.25,1.0,0.25
noise_0.5,0.8966361760384475,0.14119373434675114,1.0,-0.7320708984699428,8,75,50,3,3,100,0.0,0,0.3,0.0,0.0,0.5,0.7,1.0,1.0,0.25,1.0,0.25
noise_0.5,1.3133764034355302,0.13026985065051996,1.0,2.405594248175177,9,76,50,3,3,100,0.0,0,0.3,0.0,0.0,0.5,0.7,1.0,1.0,0.25,1.0,0.25
noise_0.5,1.3560901315602152,0.1566419228639671,1.0,2.2732747724851112,10,77,50,3,3,100,0.0,0,0.3,0.0,0.0,0.5,0.7,1.0,1.0,0.25,1.0,0.25
noise_0.5,0.7242250831208565,0.09784856350490224,1.0,-2.818384930764232,11,78,50,3,3,100,0.0,0,0.3,0.0,0.0,0.5,0.7,1.0,1.0,0.25,1.0,0.25
noise_0.5,1.0544732055947763,0.0951489770645336,1.0,0.5725043744593338,12,79,50,3,3,100,0.0,0,0.3,0.0,0.0,0.5,0.7,1.0,1.0,0.25,1.0,0.25
noise_0.5,1.2412907248049851,0.12091227404643318,1.0,1.99558503640684,13,80,50,3,3,100,0.0,0,0.3,0.0,0.0,0.5,0.7,1.0,1.0,0.25,1.0,0.25
noise_0.5,0.9376430849072989,0.09796180768996704,1.0,-0.6365431239289753,14,81,50,3,3,100,0.0,0,0.3,0.0,0.0,0.5,0.7,1.0,1.0,0.25,1.0,0.25
noise_0.5,0.9510806012169934,0.18934115292364803,1.0,-0.2583664355457545,15,82,50,3,3,100,0.0,0,0.3,0.0,0.0,0.5,0.7,1.0,1.0,0.25,1.0,0.25
noise_0.5,0.734000299017006,0.1976641641692163,1.0,-1.3457153556437118,16,83,50,3,3,100,0.0,0,0.3,0.0,0.0,0.5,0.7,1.0,1.0,0.25,1.0,0.25
noise_0.5,1.0165833240943294,0.1104066939855265,1.0,0.15020216162349123,17,84,50,3,3,100,0.0,0,0.3,0.0,0.0,0.5,0.7,1.0,1.0,0.25,1.0,0.25
noise_0.5,0.8459326653663227,0.15864780151701638,1.0,-0.9711280784256704,18,85,50,3,3,100,0.0,0,0.3,0.0,0.0,0.5,0.7,1.0,1.0,0.25,1.0,0.25
noise_0.5,0.8264195472483048,0.1506004366701113,1.0,-1.1525893057795136,19,86,50,3,3,100,0.0,0,0.3,0.0,0.0,0.5,0.7,1.0,1.0,0.25,1.0,0.25
noise_0.5,0.8377590360743179,0.1651205661863605,1.0,-0.9825606081229857,20,87,50,3,3,100,0.0,0,0.3,0.0,0.0,0.5,0.7,1.0,1.0,0.25,1.0,0.25
noise_0.5,0.9870751639071833,0.19353162040136346,1.0,-0.06678410518142718,21,88,50,3,3,100,0.0,0,0.3,0.0,0.0,0.5,0.7,1.0,1.0,0.25,1.0,0.25
noise_0.5,0.7352850686779036,0.13447455328060656,1.0,-1.9685131860577274,22,89,50,3,3,100,0.0,0,0.3,0.0,0.0,0.5,0.7,1.0,1.0,0.25,1.0,0.25
noise_0.5,1.0425856408889498,0.12889087576785166,1.0,0.3304007412103535,23,90,50,3,3,100,0.0,0,0.3,0.0,0.0,0.5,0.7,1.0,1.0,0.25,1.0,0.25
noise_0.5,1.1059600753511392,0.14369549304872695,1.0,0.7373931715117067,24,91,50,3,3,100,0.0,0,0.3,0.0,0.0,0.5,0.7,1.0,1.0,0.25,1.0,0.25
noise_0.5,0.5673977817338803,0.16937853865317457,1.0,-2.5540556773366143,25,92,50,3,3,100,0.0,0,0.3,0.0,0.0,0.5,0.7,1.0,1.0,0.25,1.0,0.25
noise_0.5,0.9399136212639252,0.1440057057449517,1.0,-0.41724998620883613,26,93,50,3,3,100,0.0,0,0.3,0.0,0.0,0.5,0.7,1.0,1.0,0.25,1.0,0.25
noise_0.5,0.8128391137655357,0.13290985728619895,1.0,-1.40817912272259,27,94,50,3,3,100,0.0,0,0.3,0.0,0.0,0.5,0.7,1.0,1.0,0.25,1.0,0.25
noise_0.5,0.8362817177186516,0.13895177600715267,1.0,-1.178238141216136,28,95,50,3,3,100,0.0,0,0.3,0.0,0.0,0.5,0.7,1.0,1.0,0.25,1.0,0.25
noise_0.5,1.0634343329421716,0.11997508067928304,1.0,0.5287292376301378,29,96,50,3,3,100,0.0,0,0.3,0.0,0.0,0.5,0.7,1.0,1.0,0.25,1.0,0.25
noise_0.5,1.0755578347046704,0.15151417860521316,1.0,0.4986849112091655,30,97,50,3,3,100,0.0,0,0.3,0.0,0.0,0.5,0.7,1.0,1.0,0.25,1.0,0.25
noise_0.5,0.748034131051291,0.17281455807661977,1.0,-1.4580129808103108,31,98,50,3,3,100,0.0,0,0.3,0.0,0.0,0.5,0.7,1.0,1.0,0.25,1.0,0.25
noise_0.5,0.845063412266801,0.1331526697890145,1.0,-1.163601060186791,32,99,50,3,3,100,0.0,0,0.3,0.0,0.0,0.5,0.7,1.0,1.0,0.25,1.0,0.25
noise_0.5,1.0012306019433845,0.18198500890798358,1.0,0.0067621061249432905,33,100,50,3,3,100,0.0,0,0.3,0.0,0.0,0.5,0.7,1.0,1.0,0.25,1.0,0.25
noise_0.5,1.1940458435966155,0.13124847077280988,1.0,1.4784617485753977,34,101,50,3,3,100,0.0,0,0.3,0.0,0.0,0.5,0.7,1.0,1.0,0.25,1.0,0.25
noise_0.5,0.6901289992906804,0.134485954186101,1.0,-2.3041142295092145,35,102,50,3,3,100,0.0,0,0.3,0.0,0.0,0.5,0.7,1.0,1.0,0.25,1.0,0.25
noise_0.5,1.1385107282186824,0.1548403544703893,1.0,0.8945389507305107,36,103,50,3,3,100,0.0,0,0.3,0.0,0.0,0.5,0.7,1.0,1.0,0.25,1.0,0.25
noise_0.5,1.1843403219233024,0.12313164289235763,1.0,1.4970995074308702,37,104,50,3,3,100,0.0,0,0.3,0.0,0.0,0.5,0.7,1.0,1.0,0.25,1.0,0.25
noise_0.5,1.0278443066364342,0.14757166514676825,1.0,0.18868328556665337,38,105,50,3,3,100,0.0,0,0.3,0.0,0.0,0.5,0.7,1.0,1.0,0.25,1.0,0.25
noise_0.5,1.0238493665396464,0.12662713078972035,1.0,0.18834325938610405,39,106,50,3,3,100,0.0,0,0.3,0.0,0.0,0.5,0.7,1.0,1.0,0.25,1.0,0.25
noise_0.5,1.2622243217967797,0.1263859049941102,1.0,2.0747908701448927,40,107,50,3,3,100,0.0,0,0.3,0.0,0.0,0.5,0.7,1.0,1.0,0.25,1.0,0.25
noise_0.5,1.1328217975757424,0.1492847726251107,1.0,0.8897210026188626,41,108,50,3,3,100,0.0,0,0.3,0.0,0.0,0.5,0.7,1.0,1.0,0.25,1.0,0.25
noise_0.5,1.0188353533031476,0.15246642233919738,1.0,0.1235377141679359,42,109,50,3,3,100,0.0,0,0.3,0.0,0.0,0.5,0.7,1.0,1.0,0.25,1.0,0.25
noise_0.5,0.9459752009501807,0.0931828036199569,1.0,-0.5797721999239012,43,110,50,3,3,100,0.0,0,0.3,0.0,0.0,0.5,0.7,1.0,1.0,0.25,1.0,0.25
noise_0.5,0.9369409027882186,0.11546249170673045,1.0,-0.5461435681809869,44,111,50,3,3,100,0.0,0,0.3,0.0,0.0,0.5,0.7,1.0,1.0,0.25,1.0,0.25
noise_0.5,1.0624815334729252,0.16520203422664353,1.0,0.37821285776182195,45,112,50,3,3,100,0.0,0,0.3,0.0,0.0,0.5,0.7,1.0,1.0,0.25,1.0,0.25
noise_0.5,0.8770377301662319,0.13755834495982922,1.0,-0.8938917509488534,46,113,50,3,3,100,0.0,0,0.3,0.0,0.0,0.5,0.7,1.0,1.0,0.25,1.0,0.25
noise_0.5,0.89672023518267,0.15462462601862076,1.0,-0.6679386555469664,47,114,50,3,3,100,0.0,0,0.3,0.0,0.0,0.5,0.7,1.0,1.0,0.25,1.0,0.25
noise_0.5,1.2028979535939215,0.12377801078493997,1.0,1.6392083885275042,48,115,50,3,3,100,0.0,0,0.3,0.0,0.0,0.5,0.7,1.0,1.0,0.25,1.0,0.25
noise_0.5,1.030118089399868,0.09503303280807726,1.0,0.316922321743563,49,116,50,3,3,100,0.0,0,0.3,0.0,0.0,0.5,0.7,1.0,1.0,0.25,1.0,0.25
noise_0.5,0.9867038128118731,0.1168719506814093,1.0,-0.11376713668767294,50,117,50,3,3,100,0.0,0,0.3,0.0,0.0,0.5,0.7,1.0,1.0,0.25,1.0,0.25
noise_0.5,0.6635398272801434,0.15201084316317276,1.0,-2.213395871758245,51,118,50,3,3,100,0.0,0,0.3,0.0,0.0,0.5,0.7,1.0,1.0,0.25,1.0,0.25
noise_0.5,1.0299587046883103,0.15971597241864421,1.0,0.18757488205239212,52,119,50,3,3,100,0.0,0,0.3,0.0,0.0,0.5,0.7,1.0,1.0,0.25,1.0,0.25
noise_0.5,0.8558015118502462,0.19188562634857326,1.0,-0.7514814470147307,53,120,50,3,3,100,0.0,0,0.3,0.0,0.0,0.5,0.7,1.0,1.0,0.25,1.0,0.25
noise_0.5,1.1505576169902483,0.152300512524405,1.0,0.9885562070326098,54,121,50,3,3,100,0.0,0,0.3,0.0,0.0,0.5,0.7,1.0,1.0,0.25,1.0,0.25
noise_0.5,1.1407434408103947,0.13157051738810266,1.0,1.0697186847356845,55,122,50,3,3,100,0.0,0,0.3,0.0,0.0,0.5,0.7,1.0,1.0,0.25,1.0,0.25
noise_0.5,0.7167475162084207,0.12056302607583588,1.0,-2.3494141861818347,56,123,50,3,3,100,0.0,0,0.3,0.0,0.0,0.5,0.7,1.0,1.0,0.25,1.0,0.25
noise_0.5,1.3154766999227792,0.14828089101981107,1.0,2.1275613988631203,57,124,50,3,3,100,0.0,0,0.3,0.0,0.0,0.5,0.7,1.0,1.0,0.25,1.0,0.25
noise_0.5,0.966121622652927,0.09229332075488579,1.0,-0.3670729048426785,58,125,50,3,3,100,0.0,0,0.3,0.0,0.0,0.5,0.7,1.0,1.0,0.25,1.0,0.25
noise_0.5,0.8470062796322007,0.13216138312335474,1.0,-1.1576280207736662,59,126,50,3,3,100,0.0,0,0.3,0.0,0.0,0.5,0.7,1.0,1.0,0.25,1.0,0.25
noise_0.5,1.1455205891561016,0.12206509257935846,1.0,1.19215564483756,60,127,50,3,3,100,0.0,0,0.3,0.0,0.0,0.5,0.7,1.0,1.0,0.25,1.0,0.25
noise_0.5,0.8594628243235897,0.15963242936172142,1.0,-0.8803798591447736,61,128,50,3,3,100,0.0,0,0.3,0.0,0.0,0.5,0.7,1.0,1.0,0.25,1.0,0.25
noise_0.5,1.1526922732186888,0.12199248779885859,1.0,1.2516530810524014,62,129,50,3,3,100,0.0,0,0.3,0.0,0.0,0.5,0.7,1.0,1.0,0.25,1.0,0.25
noise_0.5,0.7059786146920106,0.15124564791896675,1.0,-1.943998980159204,63,130,50,3,3,100,0.0,0,0.3,0.0,0.0,0.5,0.7,1.0,1.0,0.25,1.0,0.25
noise_0.5,1.12166224991822,0.12070146875459153,1.0,1.0079599790585976,64,131,50,3,3,100,0.0,0,0.3,0.0,0.0,0.5,0.7,1.0,1.0,0.25,1.0,0.25
noise_0.5,0.8407786600805973,0.2023351222150018,1.0,-0.7869189401047916,65,132,50,3,3,100,0.0,0,0.3,0.0,0.0,0.5,0.7,1.0,1.0,0.25,1.0,0.25
noise_0.5,1.0573711922033953,0.12489951550882834,1.0,0.4593387890230852,66,133,50,3,3,100,0.0,0,0.3,0.0,0.0,0.5,0.7,1.0,1.0,0.25,1.0,0.25
noise_0.5,0.9256704311882965,0.13288711485401175,1.0,-0.5593436872593788,67,134,50,3,3,100,0.0,0,0.3,0.0,0.0,0.5,0.7,1.0,1.0,0.25,1.0,0.25
noise_0.5,0.6408246484020663,0.13851018669160692,1.0,-2.5931331130008366,68,135,50,3,3,100,0.0,0,0.3,0.0,0.0,0.5,0.7,1.0,1.0,0.25,1.0,0.25
noise_0.5,1.1940037295442014,0.1050168083039625,1.0,1.847358843573627,69,136,50,3,3,100,0.0,0,0.3,0.0,0.0,0.5,0.7,1.0,1.0,0.25,1.0,0.25
noise_0.5,1.0851495033974103,0.13478953628226464,1.0,0.6317219106615041,70,137,50,3,3,100,0.0,0,0.3,0.0,0.0,0.5,0.7,1.0,1.0,0.25,1.0,0.25
noise_0.5,1.0372075794255757,0.14427990016512793,1.0,0.2578847045429874,71,138,50,3,3,100,0.0,0,0.3,0.0,0.0,0.5,0.7,1.0,1.0,0.25,1.0,0.25
noise_0.5,1.098013324617469,0.1682199809456785,1.0,0.5826497189362984,72,139,50,3,3,100,0.0,0,0.3,0.0,0.0,0.5,0.7,1.0,1.0,0.25,1.0,0.25
noise_0.5,1.1659604009980846,0.15143222708006301,1.0,1.0959384550974112,73,140,50,3,3,100,0.0,0,0.3,0.0,0.0,0.5,0.7,1.0,1.0,0.25,1.0,0.25
noise_0.5,0.9908637214891993,0.15212232468422315,1.0,-0.060058762116381295,74,141,50,3,3,100,0.0,0,0.3,0.0,0.0,0.5,0.7,1.0,1.0,0.25,1.0,0.25
noise_0.5,1.0939374103497028,0.12703217590518107,1.0,0.7394772991987422,75,142,50,3,3,100,0.0,0,0.3,0.0,0.0,0.5,0.7,1.0,1.0,0.25,1.0,0.25
noise_0.5,0.8894382905802224,0.1142959517524517,1.0,-0.9673283062486595,76,143,50,3,3,100,0.0,0,0.3,0.0,0.0,0.5,0.7,1.0,1.0,0.25,1.0,0.25
noise_0.5,1.0199887679375694,0.1052889233772701,1.0,0.18984682620360643,77,144,50,3,3,100,0.0,0,0.3,0.0,0.0,0.5,0.7,1.0,1.0,0.25,1.0,0.25
noise_0.5,1.2570756424573617,0.22615958741345057,1.0,1.1367001744099947,78,145,50,3,3,100,0.0,0,0.3,0.0,0.0,0.5,0.7,1.0,1.0,0.25,1.0,0.25
noise_0.5,0.6565106880423033,0.14319652307889208,1.0,-2.3987266210957943,79,146,50,3,3,100,0.0,0,0.3,0.0,0.0,0.5,0.7,1.0,1.0,0.25,1.0,0.25
noise_0.5,0.7163919117683285,0.15291801111920036,1.0,-1.8546414915807239,80,147,50,3,3,100,0.0,0,0.3,0.0,0.0,0.5,0.7,1.0,1.0,0.25,1.0,0.25
noise_0.5,0.8810468317433859,0.08644466614252473,1.0,-1.3760613993290376,81,148,50,3,3,100,0.0,0,0.3,0.0,0.0,0.5,0.7,1.0,1.0,0.25,1.0,0.25
noise_0.5,0.9346250316401762,0.09246006427512428,1.0,-0.7070616797896007,82,149,50,3,3,100,0.0,0,0.3,0.0,0.0,0.5,0.7,1.0,1.0,0.25,1.0,0.25
noise_0.5,1.1732742625224584,0.1739983865274321,1.0,0.9958383291970379,83,150,50,3,3,100,0.0,0,0.3,0.0,0.0,0.5,0.7,1.0,1.0,0.25,1.0,0.25
noise_0.5,0.9335181693137719,0.1716977240156303,1.0,-0.38720274871072874,84,151,50,3,3,100,0.0,0,0.3,0.0,0.0,0.5,0.7,1.0,1.0,0.25,1.0,0.25
noise_0.5,1.1821680296097477,0.10272395480610495,1.0,1.7733743794579966,85,152,50,3,3,100,0.0,0,0.3,0.0,0.0,0.5,0.7,1.0,1.0,0.25,1.0,0.25
noise_0.5,1.1256243539609447,0.15818406764055654,1.0,0.7941656567234217,86,153,50,3,3,100,0.0,0,0.3,0.0,0.0,0.5,0.7,1.0,1.0,0.25,1.0,0.25
noise_0.5,0.9034463503824843,0.10444561961088761,1.0,-0.9244394353466092,87,154,50,3,3,100,0.0,0,0.3,0.0,0.0,0.5,0.7,1.0,1.0,0.25,1.0,0.25
noise_0.5,0.9204449401818308,0.13641549614644094,1.0,-0.5831819849320309,88,155,50,3,3,100,0.0,0,0.3,0.0,0.0,0.5,0.7,1.0,1.0,0.25,1.0,0.25
noise_0.5,1.383613700475947,0.1446647769418535,1.0,2.6517422456617514,89,156,50,3,3,100,0.0,0,0.3,0.0,0.0,0.5,0.7,1.0,1.0,0.25,1.0,0.25
noise_0.5,1.315993311965347,0.12849537463517957,1.0,2.459180440249358,90,157,50,3,3,100,0.0,0,0.3,0.0,0.0,0.5,0.7,1.0,1.0,0.25,1.0,0.25
noise_0.5,0.9871594682941982,0.11939134739044656,1.0,-0.107549935455618,91,158,50,3,3,100,0.0,0,0.3,0.0,0.0,0.5,0.7,1.0,1.0,0.25,1.0,0.25
noise_0.5,0.9486296509577423,0.1120986176695337,1.0,-0.45826032568659564,92,159,50,3,3,100,0.0,0,0.3,0.0,0.0,0.5,0.7,1.0,1.0,0.25,1.0,0.25
noise_0.5,0.8293521810390839,0.12152807797998885,1.0,-1.4041842987841495,93,160,50,3,3,100,0.0,0,0.3,0.0,0.0,0.5,0.7,1.0,1.0,0.25,1.0,0.25
noise_0.5,1.159693562204226,0.13678481410707596,1.0,1.1674802005375893,94,161,50,3,3,100,0.0,0,0.3,0.0,0.0,0.5,0.7,1.0,1.0,0.25,1.0,0.25
noise_0.5,0.7271077987741873,0.11094044493244941,1.0,-2.4598080654172083,95,162,50,3,3,100,0.0,0,0.3,0.0,0.0,0.5,0.7,1.0,1.0,0.25,1.0,0.25
noise_0.5,0.9197832274573584,0.22833579618565988,1.0,-0.3513105429926428,96,163,50,3,3,100,0.0,0,0.3,0.0,0.0,0.5,0.7,1.0,1.0,0.25,1.0,0.25
noise_0.5,0.9680932250680101,0.11009449990316392,1.0,-0.2898126151629211,97,164,50,3,3,100,0.0,0,0.3,0.0,0.0,0.5,0.7,1.0,1.0,0.25,1.0,0.25
noise_0.5,0.6994736306198375,0.197557366792291,1.0,-1.5212106450888854,98,165,50,3,3,100,0.0,0,0.3,0.0,0.0,0.5,0.7,1.0,1.0,0.25,1.0,0.25
noise_0.5,0.9384498715893244,0.11796200454384854,1.0,-0.5217792682371414,99,166,50,3,3,100,0.0,0,0.3,0.0,0.0,0.5,0.7,1.0,1.0,0.25,1.0,0.25
noise_1.0,1.0882439590774415,0.10983098047422765,1.0,0.803452347383427,0,68,50,3,3,100,0.0,0,0.3,0.0,0.0,1.0,0.7,1.0,1.0,0.25,1.0,0.25
noise_1.0,1.2674383005111531,0.13726475227264676,1.0,1.9483392209818349,1,69,50,3,3,100,0.0,0,0.3,0.0,0.0,1.0,0.7,1.0,1.0,0.25,1.0,0.25
noise_1.0,0.87338601561911,0.10261987680071576,1.0,-1.2338154003709239,2,70,50,3,3,100,0.0,0,0.3,0.0,0.0,1.0,0.7,1.0,1.0,0.25,1.0,0.25
noise_1.0,1.010195662067495,0.1825045669195927,1.0,0.05586524348175341,3,71,50,3,3,100,0.0,0,0.3,0.0,0.0,1.0,0.7,1.0,1.0,0.25,1.0,0.25
noise_1.0,0.8047903051567441,0.0990735968087426,1.0,-1.9703503368319208,4,72,50,3,3,100,0.0,0,0.3,0.0,0.0,1.0,0.7,1.0,1.0,0.25,1.0,0.25
noise_1.0,1.0735044907459494,0.13630659491815747,1.0,0.5392585060912404,5,73,50,3,3,100,0.0,0,0.3,0.0,0.0,1.0,0.7,1.0,1.0,0.25,1.0,0.25
noise_1.0,0.8205033678805879,0.11958603294258895,1.0,-1.5009832478144431,6,74,50,3,3,100,0.0,0,0.3,0.0,0.0,1.0,0.7,1.0,1.0,0.25,1.0,0.25
noise_1.0,0.8966361760384475,0.14119373434675114,1.0,-0.7320708984699428,7,75,50,3,3,100,0.0,0,0.3,0.0,0.0,1.0,0.7,1.0,1.0,0.25,1.0,0.25
noise_1.0,1.3133764034355302,0.13026985065051996,1.0,2.405594248175177,8,76,50,3,3,100,0.0,0,0.3,0.0,0.0,1.0,0.7,1.0,1.0,0.25,1.0,0.25
noise_1.0,1.3560901315602152,0.1566419228639671,1.0,2.2732747724851112,9,77,50,3,3,100,0.0,0,0.3,0.0,0.0,1.0,0.7,1.0,1.0,0.25,1.0,0.25
noise_1.0,0.7242250831208565,0.09784856350490224,1.0,-2.818384930764232,10,78,50,3,3,100,0.0,0,0.3,0.0,0.0,1.0,0.7,1.0,1.0,0.25,1.0,0.25
noise_1.0,1.0544732055947763,0.0951489770645336,1.0,0.5725043744593338,11,79,50,3,3,100,0.0,0,0.3,0.0,0.0,1.0,0.7,1.0,1.0,0.25,1.0,0.25
noise_1.0,1.2412907248049851,0.12091227404643318,1.0,1.99558503640684,12,80,50,3,3,100,0.0,0,0.3,0.0,0.0,1.0,0.7,1.0,1.0,0.25,1.0,0.25
noise_1.0,0.9376430849072989,0.09796180768996704,1.0,-0.6365431239289753,13,81,50,3,3,100,0.0,0,0.3,0.0,0.0,1.0,0.7,1.0,1.0,0.25,1.0,0.25
noise_1.0,0.9510806012169934,0.18934115292364803,1.0,-0.2583664355457545,14,82,50,3,3,100,0.0,0,0.3,0.0,0.0,1.0,0.7,1.0,1.0,0.25,1.0,0.25
noise_1.0,0.734000299017006,0.1976641641692163,1.0,-1.3457153556437118,15,83,50,3,3,100,0.0,0,0.3,0.0,0.0,1.0,0.7,1.0,1.0,0.25,1.0,0.25
noise_1.0,1.0165833240943294,0.1104066939855265,1.0,0.15020216162349123,16,84,50,3,3,100,0.0,0,0.3,0.0,0.0,1.0,0.7,1.0,1.0,0.25,1.0,0.25
noise_1.0,0.8459326653663227,0.15864780151701638,1.0,-0.9711280784256704,17,85,50,3,3,100,0.0,0,0.3,0.0,0.0,1.0,0.7,1.0,1.0,0.25,1.0,0.25
noise_1.0,0.8264195472483048,0.1506004366701113,1.0,-1.1525893057795136,18,86,50,3,3,100,0.0,0,0.3,0.0,0.0,1.0,0.7,1.0,1.0,0.25,1.0,0.25
noise_1.0,0.8377590360743179,0.1651205661863605,1.0,-0.9825606081229857,19,87,50,3,3,100,0.0,0,0.3,0.0,0.0,1.0,0.7,1.0,1.0,0.25,1.0,0.25
noise_1.0,0.9870751639071833,0.19353162040136346,1.0,-0.06678410518142718,20,88,50,3,3,100,0.0,0,0.3,0.0,0.0,1.0,0.7,1.0,1.0,0.25,1.0,0.25
noise_1.0,0.7352850686779036,0.13447455328060656,1.0,-1.9685131860577274,21,89,50,3,3,100,0.0,0,0.3,0.0,0.0,1.0,0.7,1.0,1.0,0.25,1.0,0.25
noise_1.0,1.0425856408889498,0.12889087576785166,1.0,0.3304007412103535,22,90,50,3,3,100,0.0,0,0.3,0.0,0.0,1.0,0.7,1.0,1.0,0.25,1.0,0.25
noise_1.0,1.1059600753511392,0.14369549304872695,1.0,0.7373931715117067,23,91,50,3,3,100,0.0,0,0.3,0.0,0.0,1.0,0.7,1.0,1.0,0.25,1.0,0.25
noise_1.0,0.5673977817338803,0.16937853865317457,1.0,-2.5540556773366143,24,92,50,3,3,100,0.0,0,0.3,0.0,0.0,1.0,0.7,1.0,1.0,0.25,1.0,0.25
noise_1.0,0.9399136212639252,0.1440057057449517,1.0,-0.41724998620883613,25,93,50,3,3,100,0.0,0,0.3,0.0,0.0,1.0,0.7,1.0,1.0,0.25,1.0,0.25
noise_1.0,0.8128391137655357,0.13290985728619895,1.0,-1.40817912272259,26,94,50,3,3,100,0.0,0,0.3,0.0,0.0,1.0,0.7,1.0,1.0,0.25,1.0,0.25
noise_1.0,0.8362817177186516,0.13895177600715267,1.0,-1.178238141216136,27,95,50,3,3,100,0.0,0,0.3,0.0,0.0,1.0,0.7,1.0,1.0,0.25,1.0,0.25
noise_1.0,1.0634343329421716,0.11997508067928304,1.0,0.5287292376301378,28,96,50,3,3,100,0.0,0,0.3,0.0,0.0,1.0,0.7,1.0,1.0,0.25,1.0,0.25
noise_1.0,1.0755578347046704,0.15151417860521316,1.0,0.4986849112091655,29,97,50,3,3,100,0.0,0,0.3,0.0,0.0,1.0,0.7,1.0,1.0,0.25,1.0,0.25
noise_1.0,0.748034131051291,0.17281455807661977,1.0,-1.4580129808103108,30,98,50,3,3,100,0.0,0,0.3,0.0,0.0,1.0,0.7,1.0,1.0,0.25,1.0,0.25
noise_1.0,0.845063412266801,0.1331526697890145,1.0,-1.163601060186791,31,99,50,3,3,100,0.0,0,0.3,0.0,0.0,1.0,0.7,1.0,1.0,0.25,1.0,0.25
noise_1.0,1.0012306019433845,0.18198500890798358,1.0,0.0067621061249432905,32,100,50,3,3,100,0.0,0,0.3,0.0,0.0,1.0,0.7,1.0,1.0,0.25,1.0,0.25
noise_1.0,1.1940458435966155,0.13124847077280988,1.0,1.4784617485753977,33,101,50,3,3,100,0.0,0,0.3,0.0,0.0,1.0,0.7,1.0,1.0,0.25,1.0,0.25
noise_1.0,0.6901289992906804,0.134485954186101,1.0,-2.3041142295092145,34,102,50,3,3,100,0.0,0,0.3,0.0,0.0,1.0,0.7,1.0,1.0,0.25,1.0,0.25
noise_1.0,1.1385107282186824,0.1548403544703893,1.0,0.8945389507305107,35,103,50,3,3,100,0.0,0,0.3,0.0,0.0,1.0,0.7,1.0,1.0,0.25,1.0,0.25
noise_1.0,1.1843403219233024,0.12313164289235763,1.0,1.4970995074308702,36,104,50,3,3,100,0.0,0,0.3,0.0,0.0,1.0,0.7,1.0,1.0,0.25,1.0,0.25
noise_1.0,1.0278443066364342,0.14757166514676825,1.0,0.18868328556665337,37,105,50,3,3,100,0.0,0,0.3,0.0,0.0,1.0,0.7,1.0,1.0,0.25,1.0,0.25
noise_1.0,1.0238493665396464,0.12662713078972035,1.0,0.18834325938610405,38,106,50,3,3,100,0.0,0,0.3,0.0,0.0,1.0,0.7,1.0,1.0,0.25,1.0,0.25
noise_1.0,1.2622243217967797,0.1263859049941102,1.0,2.0747908701448927,39,107,50,3,3,100,0.0,0,0.3,0.0,0.0,1.0,0.7,1.0,1.0,0.25,1.0,0.25
noise_1.0,1.1328217975757424,0.1492847726251107,1.0,0.8897210026188626,40,108,50,3,3,100,0.0,0,0.3,0.0,0.0,1.0,0.7,1.0,1.0,0.25,1.0,0.25
noise_1.0,1.0188353533031476,0.15246642233919738,1.0,0.1235377141679359,41,109,50,3,3,100,0.0,0,0.3,0.0,0.0,1.0,0.7,1.0,1.0,0.25,1.0,0.25
noise_1.0,0.9459752009501807,0.0931828036199569,1.0,-0.5797721999239012,42,110,50,3,3,100,0.0,0,0.3,0.0,0.0,1.0,0.7,1.0,1.0,0.25,1.0,0.25
noise_1.0,0.9369409027882186,0.11546249170673045,1.0,-0.5461435681809869,43,111,50,3,3,100,0.0,0,0.3,0.0,0.0,1.0,0.7,1.0,1.0,0.25,1.0,0.25
noise_1.0,1.0624815334729252,0.16520203422664353,1.0,0.37821285776182195,44,112,50,3,3,100,0.0,0,0.3,0.0,0.0,1.0,0.7,1.0,1.0,0.25,1.0,0.25
noise_1.0,0.8770377301662319,0.13755834495982922,1.0,-0.8938917509488534,45,113,50,3,3,100,0.0,0,0.3,0.0,0.0,1.0,0.7,1.0,1.0,0.25,1.0,0.25
noise_1.0,0.89672023518267,0.15462462601862076,1.0,-0.6679386555469664,46,114,50,3,3,100,0.0,0,0.3,0.0,0.0,1.0,0.7,1.0,1.0,0.25,1.0,0.25
noise_1.0,1.2028979535939215,0.12377801078493997,1.0,1.6392083885275042,47,115,50,3,3,100,0.0,0,0.3,0.0,0.0,1.0,0.7,1.0,1.0,0.25,1.0,0.25
noise_1.0,1.030118089399868,0.09503303280807726,1.0,0.316922321743563,48,116,50,3,3,100,0.0,0,0.3,0.0,0.0,1.0,0.7,1.0,1.0,0.25,1.0,0.25
noise_1.0,0.9867038128118731,0.1168719506814093,1.0,-0.11376713668767294,49,117,50,3,3,100,0.0,0,0.3,0.0,0.0,1.0,0.7,1.0,1.0,0.25,1.0,0.25
noise_1.0,0.6635398272801434,0.15201084316317276,1.0,-2.213395871758245,50,118,50,3,3,100,0.0,0,0.3,0.0,0.0,1.0,0.7,1.0,1.0,0.25,1.0,0.25
noise_1.0,1.0299587046883103,0.15971597241864421,1.0,0.18757488205239212,51,119,50,3,3,100,0.0,0,0.3,0.0,0.0,1.0,0.7,1.0,1.0,0.25,1.0,0.25
noise_1.0,0.8558015118502462,0.19188562634857326,1.0,-0.7514814470147307,52,120,50,3,3,100,0.0,0,0.3,0.0,0.0,1.0,0.7,1.0,1.0,0.25,1.0,0.25
noise_1.0,1.1505576169902483,0.152300512524405,1.0,0.9885562070326098,53,121,50,3,3,100,0.0,0,0.3,0.0,0.0,1.0,0.7,1.0,1.0,0.25,1.0,0.25
noise_1.0,1.1407434408103947,0.13157051738810266,1.0,1.0697186847356845,54,122,50,3,3,100,0.0,0,0.3,0.0,0.0,1.0,0.7,1.0,1.0,0.25,1.0,0.25
noise_1.0,0.7167475162084207,0.12056302607583588,1.0,-2.3494141861818347,55,123,50,3,3,100,0.0,0,0.3,0.0,0.0,1.0,0.7,1.0,1.0,0.25,1.0,0.25
noise_1.0,1.3154766999227792,0.14828089101981107,1.0,2.1275613988631203,56,124,50,3,3,100,0.0,0,0.3,0.0,0.0,1.0,0.7,1.0,1.0,0.25,1.0,0.25
noise_1.0,0.966121622652927,0.09229332075488579,1.0,-0.3670729048426785,57,125,50,3,3,100,0.0,0,0.3,0.0,0.0,1.0,0.7,1.0,1.0,0.25,1.0,0.25
noise_1.0,0.8470062796322007,0.13216138312335474,1.0,-1.1576280207736662,58,126,50,3,3,100,0.0,0,0.3,0.0,0.0,1.0,0.7,1.0,1.0,0.25,1.0,0.25
noise_1.0,1.1455205891561016,0.12206509257935846,1.0,1.19215564483756,59,127,50,3,3,100,0.0,0,0.3,0.0,0.0,1.0,0.7,1.0,1.0,0.25,1.0,0.25
noise_1.0,0.8594628243235897,0.15963242936172142,1.0,-0.8803798591447736,60,128,50,3,3,100,0.0,0,0.3,0.0,0.0,1.0,0.7,1.0,1.0,0.25,1.0,0.25
noise_1.0,1.1526922732186888,0.12199248779885859,1.0,1.2516530810524014,61,129,50,3,3,100,0.0,0,0.3,0.0,0.0,1.0,0.7,1.0,1.0,0.25,1.0,0.25
noise_1.0,0.7059786146920106,0.15124564791896675,1.0,-1.943998980159204,62,130,50,3,3,100,0.0,0,0.3,0.0,0.0,1.0,0.7,1.0,1.0,0.25,1.0,0.25
noise_1.0,1.12166224991822,0.12070146875459153,1.0,1.0079599790585976,63,131,50,3,3,100,0.0,0,0.3,0.0,0.0,1.0,0.7,1.0,1.0,0.25,1.0,0.25
noise_1.0,0.8407786600805973,0.2023351222150018,1.0,-0.7869189401047916,64,132,50,3,3,100,0.0,0,0.3,0.0,0.0,1.0,0.7,1.0,1.0,0.25,1.0,0.25
noise_1.0,1.0573711922033953,0.12489951550882834,1.0,0.4593387890230852,65,133,50,3,3,100,0.0,0,0.3,0.0,0.0,1.0,0.7,1.0,1.0,0.25,1.0,0.25
noise_1.0,0.9256704311882965,0.13288711485401175,1.0,-0.5593436872593788,66,134,50,3,3,100,0.0,0,0.3,0.0,0.0,1.0,0.7,1.0,1.0,0.25,1.0,0.25
noise_1.0,0.6408246484020663,0.13851018669160692,1.0,-2.5931331130008366,67,135,50,3,3,100,0.0,0,0.3,0.0,0.0,1.0,0.7,1.0,1.0,0.25,1.0,0.25
noise_1.0,1.1940037295442014,0.1050168083039625,1.0,1.847358843573627,68,136,50,3,3,100,0.0,0,0.3,0.0,0.0,1.0,0.7,1.0,1.0,0.25,1.0,0.25
noise_1.0,1.0851495033974103,0.13478953628226464,1.0,0.6317219106615041,69,137,50,3,3,100,0.0,0,0.3,0.0,0.0,1.0,0.7,1.0,1.0,0.25,1.0,0.25
noise_1.0,1.0372075794255757,0.14427990016512793,1.0,0.2578847045429874,70,138,50,3,3,100,0.0,0,0.3,0.0,0.0,1.0,0.7,1.0,1.0,0.25,1.0,0.25
noise_1.0,1.098013324617469,0.1682199809456785,1.0,0.5826497189362984,71,139,50,3,3,100,0.0,0,0.3,0.0,0.0,1.0,0.7,1.0,1.0,0.25,1.0,0.25
noise_1.0,1.1659604009980846,0.15143222708006301,1.0,1.0959384550974112,72,140,50,3,3,100,0.0,0,0.3,0.0,0.0,1.0,0.7,1.0,1.0,0.25,1.0,0.25
noise_1.0,0.9908637214891993,0.15212232468422315,1.0,-0.060058762116381295,73,141,50,3,3,100,0.0,0,0.3,0.0,0.0,1.0,0.7,1.0,1.0,0.25,1.0,0.25
noise_1.0,1.0939374103497028,0.12703217590518107,1.0,0.7394772991987422,74,142,50,3,3,100,0.0,0,0.3,0.0,0.0,1.0,0.7,1.0,1.0,0.25,1.0,0.25
noise_1.0,0.8894382905802224,0.1142959517524517,1.0,-0.9673283062486595,75,143,50,3,3,100,0.0,0,0.3,0.0,0.0,1.0,0.7,1.0,1.0,0.25,1.0,0.25
noise_1.0,1.0199887679375694,0.1052889233772701,1.0,0.18984682620360643,76,144,50,3,3,100,0.0,0,0.3,0.0,0.0,1.0,0.7,1.0,1.0,0.25,1.0,0.25
noise_1.0,1.2570756424573617,0.22615958741345057,1.0,1.1367001744099947,77,145,50,3,3,100,0.0,0,0.3,0.0,0.0,1.0,0.7,1.0,1.0,0.25,1.0,0.25
noise_1.0,0.6565106880423033,0.14319652307889208,1.0,-2.3987266210957943,78,146,50,3,3,100,0.0,0,0.3,0.0,0.0,1.0,0.7,1.0,1.0,0.25,1.0,0.25
noise_1.0,0.7163919117683285,0.15291801111920036,1.0,-1.8546414915807239,79,147,50,3,3,100,0.0,0,0.3,0.0,0.0,1.0,0.7,1.0,1.0,0.25,1.0,0.25
noise_1.0,0.8810468317433859,0.08644466614252473,1.0,-1.3760613993290376,80,148,50,3,3,100,0.0,0,0.3,0.0,0.0,1.0,0.7,1.0,1.0,0.25,1.0,0.25
noise_1.0,0.9346250316401762,0.09246006427512428,1.0,-0.7070616797896007,81,149,50,3,3,100,0.0,0,0.3,0.0,0.0,1.0,0.7,1.0,1.0,0.25,1.0,0.25
noise_1.0,1.1732742625224584,0.1739983865274321,1.0,0.9958383291970379,82,150,50,3,3,100,0.0,0,0.3,0.0,0.0,1.0,0.7,1.0,1.0,0.25,1.0,0.25
noise_1.0,0.9335181693137719,0.1716977240156303,1.0,-0.38720274871072874,83,151,50,3,3,100,0.0,0,0.3,0.0,0.0,1.0,0.7,1.0,1.0,0.25,1.0,0.25
noise_1.0,1.1821680296097477,0.10272395480610495,1.0,1.7733743794579966,84,152,50,3,3,100,0.0,0,0.3,0.0,0.0,1.0,0.7,1.0,1.0,0.25,1.0,0.25
noise_1.0,1.1256243539609447,0.15818406764055654,1.0,0.7941656567234217,85,153,50,3,3,100,0.0,0,0.3,0.0,0.0,1.0,0.7,1.0,1.0,0.25,1.0,0.25
noise_1.0,0.9034463503824843,0.10444561961088761,1.0,-0.9244394353466092,86,154,50,3,3,100,0.0,0,0.3,0.0,0.0,1.0,0.7,1.0,1.0,0.25,1.0,0.25
noise_1.0,0.9204449401818308,0.13641549614644094,1.0,-0.5831819849320309,87,155,50,3,3,100,0.0,0,0.3,0.0,0.0,1.0,0.7,1.0,1.0,0.25,1.0,0.25
noise_1.0,1.383613700475947,0.1446647769418535,1.0,2.6517422456617514,88,156,50,3,3,100,0.0,0,0.3,0.0,0.0,1.0,0.7,1.0,1.0,0.25,1.0,0.25
noise_1.0,1.315993311965347,0.12849537463517957,1.0,2.459180440249358,89,157,50,3,3,100,0.0,0,0.3,0.0,0.0,1.0,0.7,1.0,1.0,0.25,1.0,0.25
noise_1.0,0.9871594682941982,0.11939134739044656,1.0,-0.107549935455618,90,158,50,3,3,100,0.0,0,0.3,0.0,0.0,1.0,0.7,1.0,1.0,0.25,1.0,0.25
noise_1.0,0.9486296509577423,0.1120986176695337,1.0,-0.45826032568659564,91,159,50,3,3,100,0.0,0,0.3,0.0,0.0,1.0,0.7,1.0,1.0,0.25,1.0,0.25
noise_1.0,0.8293521810390839,0.12152807797998885,1.0,-1.4041842987841495,92,160,50,3,3,100,0.0,0,0.3,0.0,0.0,1.0,0.7,1.0,1.0,0.25,1.0,0.25
noise_1.0,1.159693562204226,0.13678481410707596,1.0,1.1674802005375893,93,161,50,3,3,100,0.0,0,0.3,0.0,0.0,1.0,0.7,1.0,1.0,0.25,1.0,0.25
noise_1.0,0.7271077987741873,0.11094044493244941,1.0,-2.4598080654172083,94,162,50,3,3,100,0.0,0,0.3,0.0,0.0,1.0,0.7,1.0,1.0,0.25,1.0,0.25
noise_1.0,0.9197832274573584,0.22833579618565988,1.0,-0.3513105429926428,95,163,50,3,3,100,0.0,0,0.3,0.0,0.0,1.0,0.7,1.0,1.0,0.25,1.0,0.25
noise_1.0,0.9680932250680101,0.11009449990316392,1.0,-0.2898126151629211,96,164,50,3,3,100,0.0,0,0.3,0.0,0.0,1.0,0.7,1.0,1.0,0.25,1.0,0.25
noise_1.0,0.6994736306198375,0.197557366792291,1.0,-1.5212106450888854,97,165,50,3,3,100,0.0,0,0.3,0.0,0.0,1.0,0.7,1.0,1.0,0.25,1.0,0.25
noise_1.0,0.9384498715893244,0.11796200454384854,1.0,-0.5217792682371414,98,166,50,3,3,100,0.0,0,0.3,0.0,0.0,1.0,0.7,1.0,1.0,0.25,1.0,0.25
noise_1.0,1.1553808132155896,0.10072220787466694,1.0,1.5426668705369997,99,167,50,3,3,100,0.0,0,0.3,0.0,0.0,1.0,0.7,1.0,1.0,0.25,1.0,0.25
noise_2.0,1.2674383005111531,0.13726475227264676,1.0,1.9483392209818349,0,69,50,3,3,100,0.0,0,0.3,0.0,0.0,2.0,0.7,1.0,1.0,0.25,1.0,0.25
noise_2.0,0.87338601561911,0.10261987680071576,1.0,-1.2338154003709239,1,70,50,3,3,100,0.0,0,0.3,0.0,0.0,2.0,0.7,1.0,1.0,0.25,1.0,0.25
noise_2.0,1.010195662067495,0.1825045669195927,1.0,0.05586524348175341,2,71,50,3,3,100,0.0,0,0.3,0.0,0.0,2.0,0.7,1.0,1.0,0.25,1.0,0.25
noise_2.0,0.8047903051567441,0.0990735968087426,1.0,-1.9703503368319208,3,72,50,3,3,100,0.0,0,0.3,0.0,0.0,2.0,0.7,1.0,1.0,0.25,1.0,0.25
noise_2.0,1.0735044907459494,0.13630659491815747,1.0,0.5392585060912404,4,73,50,3,3,100,0.0,0,0.3,0.0,0.0,2.0,0.7,1.0,1.0,0.25,1.0,0.25
noise_2.0,0.8205033678805879,0.11958603294258895,1.0,-1.5009832478144431,5,74,50,3,3,100,0.0,0,0.3,0.0,0.0,2.0,0.7,1.0,1.0,0.25,1.0,0.25
noise_2.0,0.8966361760384475,0.14119373434675114,1.0,-0.7320708984699428,6,75,50,3,3,100,0.0,0,0.3,0.0,0.0,2.0,0.7,1.0,1.0,0.25,1.0,0.25
noise_2.0,1.3133764034355302,0.13026985065051996,1.0,2.405594248175177,7,76,50,3,3,100,0.0,0,0.3,0.0,0.0,2.0,0.7,1.0,1.0,0.25,1.0,0.25
noise_2.0,1.3560901315602152,0.1566419228639671,1.0,2.2732747724851112,8,77,50,3,3,100,0.0,0,0.3,0.0,0.0,2.0,0.7,1.0,1.0,0.25,1.0,0.25
noise_2.0,0.7242250831208565,0.09784856350490224,1.0,-2.818384930764232,9,78,50,3,3,100,0.0,0,0.3,0.0,0.0,2.0,0.7,1.0,1.0,0.25,1.0,0.25
noise_2.0,1.0544732055947763,0.0951489770645336,1.0,0.5725043744593338,10,79,50,3,3,100,0.0,0,0.3,0.0,0.0,2.0,0.7,1.0,1.0,0.25,1.0,0.25
noise_2.0,1.2412907248049851,0.12091227404643318,1.0,1.99558503640684,11,80,50,3,3,100,0.0,0,0.3,0.0,0.0,2.0,0.7,1.0,1.0,0.25,1.0,0.25
noise_2.0,0.9376430849072989,0.09796180768996704,1.0,-0.6365431239289753,12,81,50,3,3,100,0.0,0,0.3,0.0,0.0,2.0,0.7,1.0,1.0,0.25,1.0,0.25
noise_2.0,0.9510806012169934,0.18934115292364803,1.0,-0.2583664355457545,13,82,50,3,3,100,0.0,0,0.3,0.0,0.0,2.0,0.7,1.0,1.0,0.25,1.0,0.25
noise_2.0,0.734000299017006,0.1976641641692163,1.0,-1.3457153556437118,14,83,50,3,3,100,0.0,0,0.3,0.0,0.0,2.0,0.7,1.0,1.0,0.25,1.0,0.25
noise_2.0,1.0165833240943294,0.1104066939855265,1.0,0.15020216162349123,15,84,50,3,3,100,0.0,0,0.3,0.0,0.0,2.0,0.7,1.0,1.0,0.25,1.0,0.25
noise_2.0,0.8459326653663227,0.15864780151701638,1.0,-0.9711280784256704,16,85,50,3,3,100,0.0,0,0.3,0.0,0.0,2.0,0.7,1.0,1.0,0.25,1.0,0.25
noise_2.0,0.8264195472483048,0.1506004366701113,1.0,-1.1525893057795136,17,86,50,3,3,100,0.0,0,0.3,0.0,0.0,2.0,0.7,1.0,1.0,0.25,1.0,0.25
noise_2.0,0.8377590360743179,0.1651205661863605,1.0,-0.9825606081229857,18,87,50,3,3,100,0.0,0,0.3,0.0,0.0,2.0,0.7,1.0,1.0,0.25,1.0,0.25
noise_2.0,0.9870751639071833,0.19353162040136346,1.0,-0.06678410518142718,19,88,50,3,3,100,0.0,0,0.3,0.0,0.0,2.0,0.7,1.0,1.0,0.25,1.0,0.25
noise_2.0,0.7352850686779036,0.13447455328060656,1.0,-1.9685131860577274,20,89,50,3,3,100,0.0,0,0.3,0.0,0.0,2.0,0.7,1.0,1.0,0.25,1.0,0.25
noise_2.0,1.0425856408889498,0.12889087576785166,1.0,0.3304007412103535,21,90,50,3,3,100,0.0,0,0.3,0.0,0.0,2.0,0.7,1.0,1.0,0.25,1.0,0.25
noise_2.0,1.1059600753511392,0.14369549304872695,1.0,0.7373931715117067,22,91,50,3,3,100,0.0,0,0.3,0.0,0.0,2.0,0.7,1.0,1.0,0.25,1.0,0.25
noise_2.0,0.5673977817338803,0.16937853865317457,1.0,-2.5540556773366143,23,92,50,3,3,100,0.0,0,0.3,0.0,0.0,2.0,0.7,1.0,1.0,0.25,1.0,0.25
noise_2.0,0.9399136212639252,0.1440057057449517,1.0,-0.41724998620883613,24,93,50,3,3,100,0.0,0,0.3,0.0,0.0,2.0,0.7,1.0,1.0,0.25,1.0,0.25
noise_2.0,0.8128391137655357,0.13290985728619895,1.0,-1.40817912272259,25,94,50,3,3,100,0.0,0,0.3,0.0,0.0,2.0,0.7,1.0,1.0,0.25,1.0,0.25
noise_2.0,0.8362817177186516,0.13895177600715267,1.0,-1.178238141216136,26,95,50,3,3,100,0.0,0,0.3,0.0,0.0,2.0,0.7,1.0,1.0,0.25,1.0,0.25
noise_2.0,1.0634343329421716,0.11997508067928304,1.0,0.5287292376301378,27,96,50,3,3,100,0.0,0,0.3,0.0,0.0,2.0,0.7,1.0,1.0,0.25,1.0,0.25
noise_2.0,1.0755578347046704,0.15151417860521316,1.0,0.4986849112091655,28,97,50,3,3,100,0.0,0,0.3,0.0,0.0,2.0,0.7,1.0,1.0,0.25,1.0,0.25
noise_2.0,0.748034131051291,0.17281455807661977,1.0,-1.4580129808103108,29,98,50,3,3,100,0.0,0,0.3,0.0,0.0,2.0,0.7,1.0,1.0,0.25,1.0,0.25
noise_2.0,0.845063412266801,0.1331526697890145,1.0,-1.163601060186791,30,99,50,3,3,100,0.0,0,0.3,0.0,0.0,2.0,0.7,1.0,1.0,0.25,1.0,0.25
noise_2.0,1.0012306019433845,0.18198500890798358,1.0,0.0067621061249432905,31,100,50,3,3,100,0.0,0,0.3,0.0,0.0,2.0,0.7,1.0,1.0,0.25,1.0,0.25
noise_2.0,1.1940458435966155,0.13124847077280988,1.0,1.4784617485753977,32,101,50,3,3,100,0.0,0,0.3,0.0,0.0,2.0,0.7,1.0,1.0,0.25,1.0,0.25
noise_2.0,0.6901289992906804,0.134485954186101,1.0,-2.3041142295092145,33,102,50,3,3,100,0.0,0,0.3,0.0,0.0,2.0,0.7,1.0,1.0,0.25,1.0,0.25
noise_2.0,1.1385107282186824,0.1548403544703893,1.0,0.8945389507305107,34,103,50,3,3,100,0.0,0,0.3,0.0,0.0,2.0,0.7,1.0,1.0,0.25,1.0,0.25
noise_2.0,1.1843403219233024,0.12313164289235763,1.0,1.4970995074308702,35,104,50,3,3,100,0.0,0,0.3,0.0,0.0,2.0,0.7,1.0,1.0,0.25,1.0,0.25
noise_2.0,1.0278443066364342,0.14757166514676825,1.0,0.18868328556665337,36,105,50,3,3,100,0.0,0,0.3,0.0,0.0,2.0,0.7,1.0,1.0,0.25,1.0,0.25
noise_2.0,1.0238493665396464,0.12662713078972035,1.0,0.18834325938610405,37,106,50,3,3,100,0.0,0,0.3,0.0,0.0,2.0,0.7,1.0,1.0,0.25,1.0,0.25
noise_2.0,1.2622243217967797,0.1263859049941102,1.0,2.0747908701448927,38,107,50,3,3,100,0.0,0,0.3,0.0,0.0,2.0,0.7,1.0,1.0,0.25,1.0,0.25
noise_2.0,1.1328217975757424,0.1492847726251107,1.0,0.8897210026188626,39,108,50,3,3,100,0.0,0,0.3,0.0,0.0,2.0,0.7,1.0,1.0,0.25,1.0,0.25
noise_2.0,1.0188353533031476,0.15246642233919738,1.0,0.1235377141679359,40,109,50,3,3,100,0.0,0,0.3,0.0,0.0,2.0,0.7,1.0,1.0,0.25,1.0,0.25
noise_2.0,0.9459752009501807,0.0931828036199569,1.0,-0.5797721999239012,41,110,50,3,3,100,0.0,0,0.3,0.0,0.0,2.0,0.7,1.0,1.0,0.25,1.0,0.25
noise_2.0,0.9369409027882186,0.11546249170673045,1.0,-0.5461435681809869,42,111,50,3,3,100,0.0,0,0.3,0.0,0.0,2.0,0.7,1.0,1.0,0.25,1.0,0.25
noise_2.0,1.0624815334729252,0.16520203422664353,1.0,0.37821285776182195,43,112,50,3,3,100,0.0,0,0.3,0.0,0.0,2.0,0.7,1.0,1.0,0.25,1.0,0.25
noise_2.0,0.8770377301662319,0.13755834495982922,1.0,-0.8938917509488534,44,113,50,3,3,100,0.0,0,0.3,0.0,0.0,2.0,0.7,1.0,1.0,0.25,1.0,0.25
noise_2.0,0.89672023518267,0.15462462601862076,1.0,-0.6679386555469664,45,114,50,3,3,100,0.0,0,0.3,0.0,0.0,2.0,0.7,1.0,1.0,0.25,1.0,0.25
noise_2.0,1.2028979535939215,0.12377801078493997,1.0,1.6392083885275042,46,115,50,3,3,100,0.0,0,0.3,0.0,0.0,2.0,0.7,1.0,1.0,0.25,1.0,0.25
noise_2.0,1.030118089399868,0.09503303280807726,1.0,0.316922321743563,47,116,50,3,3,100,0.0,0,0.3,0.0,0.0,2.0,0.7,1.0,1.0,0.25,1.0,0.25
noise_2.0,0.9867038128118731,0.1168719506814093,1.0,-0.11376713668767294,48,117,50,3,3,100,0.0,0,0.3,0.0,0.0,2.0,0.7,1.0,1.0,0.25,1.0,0.25
noise_2.0,0.6635398272801434,0.15201084316317276,1.0,-2.213395871758245,49,118,50,3,3,100,0.0,0,0.3,0.0,0.0,2.0,0.7,1.0,1.0,0.25,1.0,0.25
noise_2.0,1.0299587046883103,0.15971597241864421,1.0,0.18757488205239212,50,119,50,3,3,100,0.0,0,0.3,0.0,0.0,2.0,0.7,1.0,1.0,0.25,1.0,0.25
noise_2.0,0.8558015118502462,0.19188562634857326,1.0,-0.7514814470147307,51,120,50,3,3,100,0.0,0,0.3,0.0,0.0,2.0,0.7,1.0,1.0,0.25,1.0,0.25
noise_2.0,1.1505576169902483,0.152300512524405,1.0,0.9885562070326098,52,121,50,3,3,100,0.0,0,0.3,0.0,0.0,2.0,0.7,1.0,1.0,0.25,1.0,0.25
noise_2.0,1.1407434408103947,0.13157051738810266,1.0,1.0697186847356845,53,122,50,3,3,100,0.0,0,0.3,0.0,0.0,2.0,0.7,1.0,1.0,0.25,1.0,0.25
noise_2.0,0.7167475162084207,0.12056302607583588,1.0,-2.3494141861818347,54,123,50,3,3,100,0.0,0,0.3,0.0,0.0,2.0,0.7,1.0,1.0,0.25,1.0,0.25
noise_2.0,1.3154766999227792,0.14828089101981107,1.0,2.1275613988631203,55,124,50,3,3,100,0.0,0,0.3,0.0,0.0,2.0,0.7,1.0,1.0,0.25,1.0,0.25
noise_2.0,0.966121622652927,0.09229332075488579,1.0,-0.3670729048426785,56,125,50,3,3,100,0.0,0,0.3,0.0,0.0,2.0,0.7,1.0,1.0,0.25,1.0,0.25
noise_2.0,0.8470062796322007,0.13216138312335474,1.0,-1.1576280207736662,57,126,50,3,3,100,0.0,0,0.3,0.0,0.0,2.0,0.7,1.0,1.0,0.25,1.0,0.25
noise_2.0,1.1455205891561016,0.12206509257935846,1.0,1.19215564483756,58,127,50,3,3,100,0.0,0,0.3,0.0,0.0,2.0,0.7,1.0,1.0,0.25,1.0,0.25
noise_2.0,0.8594628243235897,0.15963242936172142,1.0,-0.8803798591447736,59,128,50,3,3,100,0.0,0,0.3,0.0,0.0,2.0,0.7,1.0,1.0,0.25,1.0,0.25
noise_2.0,1.1526922732186888,0.12199248779885859,1.0,1.2516530810524014,60,129,50,3,3,100,0.0,0,0.3,0.0,0.0,2.0,0.7,1.0,1.0,0.25,1.0,0.25
noise_2.0,0.7059786146920106,0.15124564791896675,1.0,-1.943998980159204,61,130,50,3,3,100,0.0,0,0.3,0.0,0.0,2.0,0.7,1.0,1.0,0.25,1.0,0.25
noise_2.0,1.12166224991822,0.12070146875459153,1.0,1.0079599790585976,62,131,50,3,3,100,0.0,0,0.3,0.0,0.0,2.0,0.7,1.0,1.0,0.25,1.0,0.25
noise_2.0,0.8407786600805973,0.2023351222150018,1.0,-0.7869189401047916,63,132,50,3,3,100,0.0,0,0.3,0.0,0.0,2.0,0.7,1.0,1.0,0.25,1.0,0.25
noise_2.0,1.0573711922033953,0.12489951550882834,1.0,0.4593387890230852,64,133,50,3,3,100,0.0,0,0.3,0.0,0.0,2.0,0.7,1.0,1.0,0.25,1.0,0.25
noise_2.0,0.9256704311882965,0.13288711485401175,1.0,-0.5593436872593788,65,134,50,3,3,100,0.0,0,0.3,0.0,0.0,2.0,0.7,1.0,1.0,0.25,1.0,0.25
noise_2.0,0.6408246484020663,0.13851018669160692,1.0,-2.5931331130008366,66,135,50,3,3,100,0.0,0,0.3,0.0,0.0,2.0,0.7,1.0,1.0,0.25,1.0,0.25
noise_2.0,1.1940037295442014,0.1050168083039625,1.0,1.847358843573627,67,136,50,3,3,100,0.0,0,0.3,0.0,0.0,2.0,0.7,1.0,1.0,0.25,1.0,0.25
noise_2.0,1.0851495033974103,0.13478953628226464,1.0,0.6317219106615041,68,137,50,3,3,100,0.0,0,0.3,0.0,0.0,2.0,0.7,1.0,1.0,0.25,1.0,0.25
noise_2.0,1.0372075794255757,0.14427990016512793,1.0,0.2578847045429874,69,138,50,3,3,100,0.0,0,0.3,0.0,0.0,2.0,0.7,1.0,1.0,0.25,1.0,0.25
noise_2.0,1.098013324617469,0.1682199809456785,1.0,0.5826497189362984,70,139,50,3,3,100,0.0,0,0.3,0.0,0.0,2.0,0.7,1.0,1.0,0.25,1.0,0.25
noise_2.0,1.1659604009980846,0.15143222708006301,1.0,1.0959384550974112,71,140,50,3,3,100,0.0,0,0.3,0.0,0.0,2.0,0.7,1.0,1.0,0.25,1.0,0.25
noise_2.0,0.9908637214891993,0.15212232468422315,1.0,-0.060058762116381295,72,141,50,3,3,100,0.0,0,0.3,0.0,0.0,2.0,0.7,1.0,1.0,0.25,1.0,0.25
noise_2.0,1.0939374103497028,0.12703217590518107,1.0,0.7394772991987422,73,142,50,3,3,100,0.0,0,0.3,0.0,0.0,2.0,0.7,1.0,1.0,0.25,1.0,0.25
noise_2.0,0.8894382905802224,0.1142959517524517,1.0,-0.9673283062486595,74,143,50,3,3,100,0.0,0,0.3,0.0,0.0,2.0,0.7,1.0,1.0,0.25,1.0,0.25
noise_2.0,1.0199887679375694,0.1052889233772701,1.0,0.18984682620360643,75,144,50,3,3,100,0.0,0,0.3,0.0,0.0,2.0,0.7,1.0,1.0,0.25,1.0,0.25
noise_2.0,1.2570756424573617,0.22615958741345057,1.0,1.1367001744099947,76,145,50,3,3,100,0.0,0,0.3,0.0,0.0,2.0,0.7,1.0,1.0,0.25,1.0,0.25
noise_2.0,0.6565106880423033,0.14319652307889208,1.0,-2.3987266210957943,77,146,50,3,3,100,0.0,0,0.3,0.0,0.0,2.0,0.7,1.0,1.0,0.25,1.0,0.25
noise_2.0,0.7163919117683285,0.15291801111920036,1.0,-1.8546414915807239,78,147,50,3,3,100,0.0,0,0.3,0.0,0.0,2.0,0.7,1.0,1.0,0.25,1.0,0.25
noise_2.0,0.8810468317433859,0.08644466614252473,1.0,-1.3760613993290376,79,148,50,3,3,100,0.0,0,0.3,0.0,0.0,2.0,0.7,1.0,1.0,0.25,1.0,0.25
noise_2.0,0.9346250316401762,0.09246006427512428,1.0,-0.7070616797896007,80,149,50,3,3,100,0.0,0,0.3,0.0,0.0,2.0,0.7,1.0,1.0,0.25,1.0,0.25
noise_2.0,1.1732742625224584,0.1739983865274321,1.0,0.9958383291970379,81,150,50,3,3,100,0.0,0,0.3,0.0,0.0,2.0,0.7,1.0,1.0,0.25,1.0,0.25
noise_2.0,0.9335181693137719,0.1716977240156303,1.0,-0.38720274871072874,82,151,50,3,3,100,0.0,0,0.3,0.0,0.0,2.0,0.7,1.0,1.0,0.25,1.0,0.25
noise_2.0,1.1821680296097477,0.10272395480610495,1.0,1.7733743794579966,83,152,50,3,3,100,0.0,0,0.3,0.0,0.0,2.0,0.7,1.0,1.0,0.25,1.0,0.25
noise_2.0,1.1256243539609447,0.15818406764055654,1.0,0.7941656567234217,84,153,50,3,3,100,0.0,0,0.3,0.0,0.0,2.0,0.7,1.0,1.0,0.25,1.0,0.25
noise_2.0,0.9034463503824843,0.10444561961088761,1.0,-0.9244394353466092,85,154,50,3,3,100,0.0,0,0.3,0.0,0.0,2.0,0.7,1.0,1.0,0.25,1.0,0.25
noise_2.0,0.9204449401818308,0.13641549614644094,1.0,-0.5831819849320309,86,155,50,3,3,100,0.0,0,0.3,0.0,0.0,2.0,0.7,1.0,1.0,0.25,1.0,0.25
noise_2.0,1.383613700475947,0.1446647769418535,1.0,2.6517422456617514,87,156,50,3,3,100,0.0,0,0.3,0.0,0.0,2.0,0.7,1.0,1.0,0.25,1.0,0.25
noise_2.0,1.315993311965347,0.12849537463517957,1.0,2.459180440249358,88,157,50,3,3,100,0.0,0,0.3,0.0,0.0,2.0,0.7,1.0,1.0,0.25,1.0,0.25
noise_2.0,0.9871594682941982,0.11939134739044656,1.0,-0.107549935455618,89,158,50,3,3,100,0.0,0,0.3,0.0,0.0,2.0,0.7,1.0,1.0,0.25,1.0,0.25
noise_2.0,0.9486296509577423,0.1120986176695337,1.0,-0.45826032568659564,90,159,50,3,3,100,0.0,0,0.3,0.0,0.0,2.0,0.7,1.0,1.0,0.25,1.0,0.25
noise_2.0,0.8293521810390839,0.12152807797998885,1.0,-1.4041842987841495,91,160,50,3,3,100,0.0,0,0.3,0.0,0.0,2.0,0.7,1.0,1.0,0.25,1.0,0.25
noise_2.0,1.159693562204226,0.13678481410707596,1.0,1.1674802005375893,92,161,50,3,3,100,0.0,0,0.3,0.0,0.0,2.0,0.7,1.0,1.0,0.25,1.0,0.25
noise_2.0,0.7271077987741873,0.11094044493244941,1.0,-2.4598080654172083,93,162,50,3,3,100,0.0,0,0.3,0.0,0.0,2.0,0.7,1.0,1.0,0.25,1.0,0.25
noise_2.0,0.9197832274573584,0.22833579618565988,1.0,-0.3513105429926428,94,163,50,3,3,100,0.0,0,0.3,0.0,0.0,2.0,0.7,1.0,1.0,0.25,1.0,0.25
noise_2.0,0.9680932250680101,0.11009449990316392,1.0,-0.2898126151629211,95,164,50,3,3,100,0.0,0,0.3,0.0,0.0,2.0,0.7,1.0,1.0,0.25,1.0,0.25
noise_2.0,0.6994736306198375,0.197557366792291,1.0,-1.5212106450888854,96,165,50,3,3,100,0.0,0,0.3,0.0,0.0,2.0,0.7,1.0,1.0,0.25,1.0,0.25
noise_2.0,0.9384498715893244,0.11796200454384854,1.0,-0.5217792682371414,97,166,50,3,3,100,0.0,0,0.3,0.0,0.0,2.0,0.7,1.0,1.0,0.25,1.0,0.25
noise_2.0,1.1553808132155896,0.10072220787466694,1.0,1.5426668705369997,98,167,50,3,3,100,0.0,0,0.3,0.0,0.0,2.0,0.7,1.0,1.0,0.25,1.0,0.25
noise_2.0,0.679747610868129,0.13664923159378653,1.0,-2.343609147279193,99,168,50,3,3,100,0.0,0,0.3,0.0,0.0,2.0,0.7,1.0,1.0,0.25,1.0,0.25
rho_0.3,0.87338601561911,0.10261987680071576,1.0,-1.2338154003709239,0,70,50,3,3,100,0.0,0,0.3,0.0,0.0,1.0,0.3,1.0,1.0,0.25,1.0,0.25
rho_0.3,1.010195662067495,0.1825045669195927,1.0,0.05586524348175341,1,71,50,3,3,100,0.0,0,0.3,0.0,0.0,1.0,0.3,1.0,1.0,0.25,1.0,0.25
rho_0.3,0.8047903051567441,0.0990735968087426,1.0,-1.9703503368319208,2,72,50,3,3,100,0.0,0,0.3,0.0,0.0,1.0,0.3,1.0,1.0,0.25,1.0,0.25
rho_0.3,1.0735044907459494,0.13630659491815747,1.0,0.5392585060912404,3,73,50,3,3,100,0.0,0,0.3,0.0,0.0,1.0,0.3,1.0,1.0,0.25,1.0,0.25
rho_0.3,0.8205033678805879,0.11958603294258895,1.0,-1.5009832478144431,4,74,50,3,3,100,0.0,0,0.3,0.0,0.0,1.0,0.3,1.0,1.0,0.25,1.0,0.25
rho_0.3,0.8966361760384475,0.14119373434675114,1.0,-0.7320708984699428,5,75,50,3,3,100,0.0,0,0.3,0.0,0.0,1.0,0.3,1.0,1.0,0.25,1.0,0.25
rho_0.3,1.3133764034355302,0.13026985065051996,1.0,2.405594248175177,6,76,50,3,3,100,0.0,0,0.3,0.0,0.0,1.0,0.3,1.0,1.0,0.25,1.0,0.25
rho_0.3,1.3560901315602152,0.1566419228639671,1.0,2.2732747724851112,7,77,50,3,3,100,0.0,0,0.3,0.0,0.0,1.0,0.3,1.0,1.0,0.25,1.0,0.25
rho_0.3,0.7242250831208565,0.09784856350490224,1.0,-2.818384930764232,8,78,50,3,3,100,0.0,0,0.3,0.0,0.0,1.0,0.3,1.0,1.0,0.25,1.0,0.25
rho_0.3,1.0544732055947763,0.0951489770645336,1.0,0.5725043744593338,9,79,50,3,3,100,0.0,0,0.3,0.0,0.0,1.0,0.3,1.0,1.0,0.25,1.0,0.25
rho_0.3,1.2412907248049851,0.12091227404643318,1.0,1.99558503640684,10,80,50,3,3,100,0.0,0,0.3,0.0,0.0,1.0,0.3,1.0,1.0,0.25,1.0,0.25
rho_0.3,0.9376430849072989,0.09796180768996704,1.0,-0.6365431239289753,11,81,50,3,3,100,0.0,0,0.3,0.0,0.0,1.0,0.3,1.0,1.0,0.25,1.0,0.25
rho_0.3,0.9510806012169934,0.18934115292364803,1.0,-0.2583664355457545,12,82,50,3,3,100,0.0,0,0.3,0.0,0.0,1.0,0.3,1.0,1.0,0.25,1.0,0.25
rho_0.3,0.734000299017006,0.1976641641692163,1.0,-1.3457153556437118,13,83,50,3,3,100,0.0,0,0.3,0.0,0.0,1.0,0.3,1.0,1.0,0.25,1.0,0.25
rho_0.3,1.0165833240943294,0.1104066939855265,1.0,0.15020216162349123,14,84,50,3,3,100,0.0,0,0.3,0.0,0.0,1.0,0.3,1.0,1.0,0.25,1.0,0.25
rho_0.3,0.8459326653663227,0.15864780151701638,1.0,-0.9711280784256704,15,85,50,3,3,100,0.0,0,0.3,0.0,0.0,1.0,0.3,1.0,1.0,0.25,1.0,0.25
rho_0.3,0.8264195472483048,0.1506004366701113,1.0,-1.1525893057795136,16,86,50,3,3,100,0.0,0,0.3,0.0,0.0,1.0,0.3,1.0,1.0,0.25,1.0,0.25
rho_0.3,0.8377590360743179,0.1651205661863605,1.0,-0.9825606081229857,17,87,50,3,3,100,0.0,0,0.3,0.0,0.0,1.0,0.3,1.0,1.0,0.25,1.0,0.25
rho_0.3,0.9870751639071833,0.19353162040136346,1.0,-0.06678410518142718,18,88,50,3,3,100,0.0,0,0.3,0.0,0.0,1.0,0.3,1.0,1.0,0.25,1.0,0.25
rho_0.3,0.7352850686779036,0.13447455328060656,1.0,-1.9685131860577274,19,89,50,3,3,100,0.0,0,0.3,0.0,0.0,1.0,0.3,1.0,1.0,0.25,1.0,0.25
rho_0.3,1.0425856408889498,0.12889087576785166,1.0,0.3304007412103535,20,90,50,3,3,100,0.0,0,0.3,0.0,0.0,1.0,0.3,1.0,1.0,0.25,1.0,0.25
rho_0.3,1.1059600753511392,0.14369549304872695,1.0,0.7373931715117067,21,91,50,3,3,100,0.0,0,0.3,0.0,0.0,1.0,0.3,1.0,1.0,0.25,1.0,0.25
rho_0.3,0.5673977817338803,0.16937853865317457,1.0,-2.5540556773366143,22,92,50,3,3,100,0.0,0,0.3,0.0,0.0,1.0,0.3,1.0,1.0,0.25,1.0,0.25
rho_0.3,0.9399136212639252,0.1440057057449517,1.0,-0.41724998620883613,23,93,50,3,3,100,0.0,0,0.3,0.0,0.0,1.0,0.3,1.0,1.0,0.25,1.0,0.25
rho_0.3,0.8128391137655357,0.13290985728619895,1.0,-1.40817912272259,24,94,50,3,3,100,0.0,0,0.3,0.0,0.0,1.0,0.3,1.0,1.0,0.25,1.0,0.25
rho_0.3,0.8362817177186516,0.13895177600715267,1.0,-1.178238141216136,25,95,50,3,3,100,0.0,0,0.3,0.0,0.0,1.0,0.3,1.0,1.0,0.25,1.0,0.25
rho_0.3,1.0634343329421716,0.11997508067928304,1.0,0.5287292376301378,26,96,50,3,3,100,0.0,0,0.3,0.0,0.0,1.0,0.3,1.0,1.0,0.25,1.0,0.25
rho_0.3,1.0755578347046704,0.15151417860521316,1.0,0.4986849112091655,27,97,50,3,3,100,0.0,0,0.3,0.0,0.0,1.0,0.3,1.0,1.0,0.25,1.0,0.25
rho_0.3,0.748034131051291,0.17281455807661977,1.0,-1.4580129808103108,28,98,50,3,3,100,0.0,0,0.3,0.0,0.0,1.0,0.3,1.0,1.0,0.25,1.0,0.25
rho_0.3,0.845063412266801,0.1331526697890145,1.0,-1.163601060186791,29,99,50,3,3,100,0.0,0,0.3,0.0,0.0,1.0,0.3,1.0,1.0,0.25,1.0,0.25
rho_0.3,1.0012306019433845,0.18198500890798358,1.0,0.0067621061249432905,30,100,50,3,3,100,0.0,0,0.3,0.0,0.0,1.0,0.3,1.0,1.0,0.25,1.0,0.25
rho_0.3,1.1940458435966155,0.13124847077280988,1.0,1.4784617485753977,31,101,50,3,3,100,0.0,0,0.3,0.0,0.0,1.0,0.3,1.0,1.0,0.25,1.0,0.25
rho_0.3,0.6901289992906804,0.134485954186101,1.0,-2.3041142295092145,32,102,50,3,3,100,0.0,0,0.3,0.0,0.0,1.0,0.3,1.0,1.0,0.25,1.0,0.25
rho_0.3,1.1385107282186824,0.1548403544703893,1.0,0.8945389507305107,33,103,50,3,3,100,0.0,0,0.3,0.0,0.0,1.0,0.3,1.0,1.0,0.25,1.0,0.25
rho_0.3,1.1843403219233024,0.12313164289235763,1.0,1.4970995074308702,34,104,50,3,3,100,0.0,0,0.3,0.0,0.0,1.0,0.3,1.0,1.0,0.25,1.0,0.25
rho_0.3,1.0278443066364342,0.14757166514676825,1.0,0.18868328556665337,35,105,50,3,3,100,0.0,0,0.3,0.0,0.0,1.0,0.3,1.0,1.0,0.25,1.0,0.25
rho_0.3,1.0238493665396464,0.12662713078972035,1.0,0.18834325938610405,36,106,50,3,3,100,0.0,0,0.3,0.0,0.0,1.0,0.3,1.0,1.0,0.25,1.0,0.25
rho_0.3,1.2622243217967797,0.1263859049941102,1.0,2.0747908701448927,37,107,50,3,3,100,0.0,0,0.3,0.0,0.0,1.0,0.3,1.0,1.0,0.25,1.0,0.25
rho_0.3,1.1328217975757424,0.1492847726251107,1.0,0.8897210026188626,38,108,50,3,3,100,0.0,0,0.3,0.0,0.0,1.0,0.3,1.0,1.0,0.25,1.0,0.25
rho_0.3,1.0188353533031476,0.15246642233919738,1.0,0.1235377141679359,39,109,50,3,3,100,0.0,0,0.3,0.0,0.0,1.0,0.3,1.0,1.0,0.25,1.0,0.25
rho_0.3,0.9459752009501807,0.0931828036199569,1.0,-0.5797721999239012,40,110,50,3,3,100,0.0,0,0.3,0.0,0.0,1.0,0.3,1.0,1.0,0.25,1.0,0.25
rho_0.3,0.9369409027882186,0.11546249170673045,1.0,-0.5461435681809869,41,111,50,3,3,100,0.0,0,0.3,0.0,0.0,1.0,0.3,1.0,1.0,0.25,1.0,0.25
rho_0.3,1.0624815334729252,0.16520203422664353,1.0,0.37821285776182195,42,112,50,3,3,100,0.0,0,0.3,0.0,0.0,1.0,0.3,1.0,1.0,0.25,1.0,0.25
rho_0.3,0.8770377301662319,0.13755834495982922,1.0,-0.8938917509488534,43,113,50,3,3,100,0.0,0,0.3,0.0,0.0,1.0,0.3,1.0,1.0,0.25,1.0,0.25
rho_0.3,0.89672023518267,0.15462462601862076,1.0,-0.6679386555469664,44,114,50,3,3,100,0.0,0,0.3,0.0,0.0,1.0,0.3,1.0,1.0,0.25,1.0,0.25
rho_0.3,1.2028979535939215,0.12377801078493997,1.0,1.6392083885275042,45,115,50,3,3,100,0.0,0,0.3,0.0,0.0,1.0,0.3,1.0,1.0,0.25,1.0,0.25
rho_0.3,1.030118089399868,0.09503303280807726,1.0,0.316922321743563,46,116,50,3,3,100,0.0,0,0.3,0.0,0.0,1.0,0.3,1.0,1.0,0.25,1.0,0.25
rho_0.3,0.9867038128118731,0.1168719506814093,1.0,-0.11376713668767294,47,117,50,3,3,100,0.0,0,0.3,0.0,0.0,1.0,0.3,1.0,1.0,0.25,1.0,0.25
rho_0.3,0.6635398272801434,0.15201084316317276,1.0,-2.213395871758245,48,118,50,3,3,100,0.0,0,0.3,0.0,0.0,1.0,0.3,1.0,1.0,0.25,1.0,0.25
rho_0.3,1.0299587046883103,0.15971597241864421,1.0,0.18757488205239212,49,119,50,3,3,100,0.0,0,0.3,0.0,0.0,1.0,0.3,1.0,1.0,0.25,1.0,0.25
rho_0.3,0.8558015118502462,0.19188562634857326,1.0,-0.7514814470147307,50,120,50,3,3,100,0.0,0,0.3,0.0,0.0,1.0,0.3,1.0,1.0,0.25,1.0,0.25
rho_0.3,1.1505576169902483,0.152300512524405,1.0,0.9885562070326098,51,121,50,3,3,100,0.0,0,0.3,0.0,0.0,1.0,0.3,1.0,1.0,0.25,1.0,0.25
rho_0.3,1.1407434408103947,0.13157051738810266,1.0,1.0697186847356845,52,122,50,3,3,100,0.0,0,0.3,0.0,0.0,1.0,0.3,1.0,1.0,0.25,1.0,0.25
rho_0.3,0.7167475162084207,0.12056302607583588,1.0,-2.3494141861818347,53,123,50,3,3,100,0.0,0,0.3,0.0,0.0,1.0,0.3,1.0,1.0,0.25,1.0,0.25
rho_0.3,1.3154766999227792,0.14828089101981107,1.0,2.1275613988631203,54,124,50,3,3,100,0.0,0,0.3,0.0,0.0,1.0,0.3,1.0,1.0,0.25,1.0,0.25
rho_0.3,0.966121622652927,0.09229332075488579,1.0,-0.3670729048426785,55,125,50,3,3,100,0.0,0,0.3,0.0,0.0,1.0,0.3,1.0,1.0,0.25,1.0,0.25
rho_0.3,0.8470062796322007,0.13216138312335474,1.0,-1.1576280207736662,56,126,50,3,3,100,0.0,0,0.3,0.0,0.0,1.0,0.3,1.0,1.0,0.25,1.0,0.25
rho_0.3,1.1455205891561016,0.12206509257935846,1.0,1.19215564483756,57,127,50,3,3,100,0.0,0,0.3,0.0,0.0,1.0,0.3,1.0,1.0,0.25,1.0,0.25
rho_0.3,0.8594628243235897,0.15963242936172142,1.0,-0.8803798591447736,58,128,50,3,3,100,0.0,0,0.3,0.0,0.0,1.0,0.3,1.0,1.0,0.25,1.0,0.25
rho_0.3,1.1526922732186888,0.12199248779885859,1.0,1.2516530810524014,59,129,50,3,3,100,0.0,0,0.3,0.0,0.0,1.0,0.3,1.0,1.0,0.25,1.0,0.25
rho_0.3,0.7059786146920106,0.15124564791896675,1.0,-1.943998980159204,60,130,50,3,3,100,0.0,0,0.3,0.0,0.0,1.0,0.3,1.0,1.0,0.25,1.0,0.25
rho_0.3,1.12166224991822,0.12070146875459153,1.0,1.0079599790585976,61,131,50,3,3,100,0.0,0,0.3,0.0,0.0,1.0,0.3,1.0,1.0,0.25,1.0,0.25
rho_0.3,0.8407786600805973,0.2023351222150018,1.0,-0.7869189401047916,62,132,50,3,3,100,0.0,0,0.3,0.0,0.0,1.0,0.3,1.0,1.0,0.25,1.0,0.25
rho_0.3,1.0573711922033953,0.12489951550882834,1.0,0.4593387890230852,63,133,50,3,3,100,0.0,0,0.3,0.0,0.0,1.0,0.3,1.0,1.0,0.25,1.0,0.25
rho_0.3,0.9256704311882965,0.13288711485401175,1.0,-0.5593436872593788,64,134,50,3,3,100,0.0,0,0.3,0.0,0.0,1.0,0.3,1.0,1.0,0.25,1.0,0.25
rho_0.3,0.6408246484020663,0.13851018669160692,1.0,-2.5931331130008366,65,135,50,3,3,100,0.0,0,0.3,0.0,0.0,1.0,0.3,1.0,1.0,0.25,1.0,0.25
rho_0.3,1.1940037295442014,0.1050168083039625,1.0,1.847358843573627,66,136,50,3,3,100,0.0,0,0.3,0.0,0.0,1.0,0.3,1.0,1.0,0.25,1.0,0.25
rho_0.3,1.0851495033974103,0.13478953628226464,1.0,0.6317219106615041,67,137,50,3,3,100,0.0,0,0.3,0.0,0.0,1.0,0.3,1.0,1.0,0.25,1.0,0.25
rho_0.3,1.0372075794255757,0.14427990016512793,1.0,0.2578847045429874,68,138,50,3,3,100,0.0,0,0.3,0.0,0.0,1.0,0.3,1.0,1.0,0.25,1.0,0.25
rho_0.3,1.098013324617469,0.1682199809456785,1.0,0.5826497189362984,69,139,50,3,3,100,0.0,0,0.3,0.0,0.0,1.0,0.3,1.0,1.0,0.25,1.0,0.25
rho_0.3,1.1659604009980846,0.15143222708006301,1.0,1.0959384550974112,70,140,50,3,3,100,0.0,0,0.3,0.0,0.0,1.0,0.3,1.0,1.0,0.25,1.0,0.25
rho_0.3,0.9908637214891993,0.15212232468422315,1.0,-0.060058762116381295,71,141,50,3,3,100,0.0,0,0.3,0.0,0.0,1.0,0.3,1.0,1.0,0.25,1.0,0.25
rho_0.3,1.0939374103497028,0.12703217590518107,1.0,0.7394772991987422,72,142,50,3,3,100,0.0,0,0.3,0.0,0.0,1.0,0.3,1.0,1.0,0.25,1.0,0.25
rho_0.3,0.8894382905802224,0.1142959517524517,1.0,-0.9673283062486595,73,143,50,3,3,100,0.0,0,0.3,0.0,0.0,1.0,0.3,1.0,1.0,0.25,1.0,0.25
rho_0.3,1.0199887679375694,0.1052889233772701,1.0,0.18984682620360643,74,144,50,3,3,100,0.0,0,0.3,0.0,0.0,1.0,0.3,1.0,1.0,0.25,1.0,0.25
rho_0.3,1.2570756424573617,0.22615958741345057,1.0,1.1367001744099947,75,145,50,3,3,100,0.0,0,0.3,0.0,0.0,1.0,0.3,1.0,1.0,0.25,1.0,0.25
rho_0.3,0.6565106880423033,0.14319652307889208,1.0,-2.3987266210957943,76,146,50,3,3,100,0.0,0,0.3,0.0,0.0,1.0,0.3,1.0,1.0,0.25,1.0,0.25
rho_0.3,0.7163919117683285,0.15291801111920036,1.0,-1.8546414915807239,77,147,50,3,3,100,0.0,0,0.3,0.0,0.0,1.0,0.3,1.0,1.0,0.25,1.0,0.25
rho_0.3,0.8810468317433859,0.08644466614252473,1.0,-1.3760613993290376,78,148,50,3,3,100,0.0,0,0.3,0.0,0.0,1.0,0.3,1.0,1.0,0.25,1.0,0.25
rho_0.3,0.9346250316401762,0.09246006427512428,1.0,-0.7070616797896007,79,149,50,3,3,100,0.0,0,0.3,0.0,0.0,1.0,0.3,1.0,1.0,0.25,1.0,0.25
rho_0.3,1.1732742625224584,0.1739983865274321,1.0,0.9958383291970379,80,150,50,3,3,100,0.0,0,0.3,0.0,0.0,1.0,0.3,1.0,1.0,0.25,1.0,0.25
rho_0.3,0.9335181693137719,0.1716977240156303,1.0,-0.38720274871072874,81,151,50,3,3,100,0.0,0,0.3,0.0,0.0,1.0,0.3,1.0,1.0,0.25,1.0,0.25
rho_0.3,1.1821680296097477,0.10272395480610495,1.0,1.7733743794579966,82,152,50,3,3,100,0.0,0,0.3,0.0,0.0,1.0,0.3,1.0,1.0,0.25,1.0,0.25
rho_0.3,1.1256243539609447,0.15818406764055654,1.0,0.7941656567234217,83,153,50,3,3,100,0.0,0,0.3,0.0,0.0,1.0,0.3,1.0,1.0,0.25,1.0,0.25
rho_0.3,0.9034463503824843,0.10444561961088761,1.0,-0.9244394353466092,84,154,50,3,3,100,0.0,0,0.3,0.0,0.0,1.0,0.3,1.0,1.0,0.25,1.0,0.25
rho_0.3,0.9204449401818308,0.13641549614644094,1.0,-0.5831819849320309,85,155,50,3,3,100,0.0,0,0.3,0.0,0.0,1.0,0.3,1.0,1.0,0.25,1.0,0.25
rho_0.3,1.383613700475947,0.1446647769418535,1.0,2.6517422456617514,86,156,50,3,3,100,0.0,0,0.3,0.0,0.0,1.0,0.3,1.0,1.0,0.25,1.0,0.25
rho_0.3,1.315993311965347,0.12849537463517957,1.0,2.459180440249358,87,157,50,3,3,100,0.0,0,0.3,0.0,0.0,1.0,0.3,1.0,1.0,0.25,1.0,0.25
rho_0.3,0.9871594682941982,0.11939134739044656,1.0,-0.107549935455618,88,158,50,3,3,100,0.0,0,0.3,0.0,0.0,1.0,0.3,1.0,1.0,0.25,1.0,0.25
rho_0.3,0.9486296509577423,0.1120986176695337,1.0,-0.45826032568659564,89,159,50,3,3,100,0.0,0,0.3,0.0,0.0,1.0,0.3,1.0,1.0,0.25,1.0,0.25
rho_0.3,0.8293521810390839,0.12152807797998885,1.0,-1.4041842987841495,90,160,50,3,3,100,0.0,0,0.3,0.0,0.0,1.0,0.3,1.0,1.0,0.25,1.0,0.25
rho_0.3,1.159693562204226,0.13678481410707596,1.0,1.1674802005375893,91,161,50,3,3,100,0.0,0,0.3,0.0,0.0,1.0,0.3,1.0,1.0,0.25,1.0,0.25
rho_0.3,0.7271077987741873,0.11094044493244941,1.0,-2.4598080654172083,92,162,50,3,3,100,0.0,0,0.3,0.0,0.0,1.0,0.3,1.0,1.0,0.25,1.0,0.25
rho_0.3,0.9197832274573584,0.22833579618565988,1.0,-0.3513105429926428,93,163,50,3,3,100,0.0,0,0.3,0.0,0.0,1.0,0.3,1.0,1.0,0.25,1.0,0.25
rho_0.3,0.9680932250680101,0.11009449990316392,1.0,-0.2898126151629211,94,164,50,3,3,100,0.0,0,0.3,0.0,0.0,1.0,0.3,1.0,1.0,0.25,1.0,0.25
rho_0.3,0.6994736306198375,0.197557366792291,1.0,-1.5212106450888854,95,165,50,3,3,100,0.0,0,0.3,0.0,0.0,1.0,0.3,1.0,1.0,0.25,1.0,0.25
rho_0.3,0.9384498715893244,0.11796200454384854,1.0,-0.5217792682371414,96,166,50,3,3,100,0.0,0,0.3,0.0,0.0,1.0,0.3,1.0,1.0,0.25,1.0,0.25
rho_0.3,1.1553808132155896,0.10072220787466694,1.0,1.5426668705369997,97,167,50,3,3,100,0.0,0,0.3,0.0,0.0,1.0,0.3,1.0,1.0,0.25,1.0,0.25
rho_0.3,0.679747610868129,0.13664923159378653,1.0,-2.343609147279193,98,168,50,3,3,100,0.0,0,0.3,0.0,0.0,1.0,0.3,1.0,1.0,0.25,1.0,0.25
rho_0.3,0.7808950994153243,0.17546290274116758,1.0,-1.248724927957485,99,169,50,3,3,100,0.0,0,0.3,0.0,0.0,1.0,0.3,1.0,1.0,0.25,1.0,0.25
rho_0.5,1.010195662067495,0.1825045669195927,1.0,0.05586524348175341,0,71,50,3,3,100,0.0,0,0.3,0.0,0.0,1.0,0.5,1.0,1.0,0.25,1.0,0.25
rho_0.5,0.8047903051567441,0.0990735968087426,1.0,-1.9703503368319208,1,72,50,3,3,100,0.0,0,0.3,0.0,0.0,1.0,0.5,1.0,1.0,0.25,1.0,0.25
rho_0.5,1.0735044907459494,0.13630659491815747,1.0,0.5392585060912404,2,73,50,3,3,100,0.0,0,0.3,0.0,0.0,1.0,0.5,1.0,1.0,0.25,1.0,0.25
rho_0.5,0.8205033678805879,0.11958603294258895,1.0,-1.5009832478144431,3,74,50,3,3,100,0.0,0,0.3,0.0,0.0,1.0,0.5,1.0,1.0,0.25,1.0,0.25
rho_0.5,0.8966361760384475,0.14119373434675114,1.0,-0.7320708984699428,4,75,50,3,3,100,0.0,0,0.3,0.0,0.0,1.0,0.5,1.0,1.0,0.25,1.0,0.25
rho_0.5,1.3133764034355302,0.13026985065051996,1.0,2.405594248175177,5,76,50,3,3,100,0.0,0,0.3,0.0,0.0,1.0,0.5,1.0,1.0,0.25,1.0,0.25
rho_0.5,1.3560901315602152,0.1566419228639671,1.0,2.2732747724851112,6,77,50,3,3,100,0.0,0,0.3,0.0,0.0,1.0,0.5,1.0,1.0,0.25,1.0,0.25
rho_0.5,0.7242250831208565,0.09784856350490224,1.0,-2.818384930764232,7,78,50,3,3,100,0.0,0,0.3,0.0,0.0,1.0,0.5,1.0,1.0,0.25,1.0,0.25
rho_0.5,1.0544732055947763,0.0951489770645336,1.0,0.5725043744593338,8,79,50,3,3,100,0.0,0,0.3,0.0,0.0,1.0,0.5,1.0,1.0,0.25,1.0,0.25
rho_0.5,1.2412907248049851,0.12091227404643318,1.0,1.99558503640684,9,80,50,3,3,100,0.0,0,0.3,0.0,0.0,1.0,0.5,1.0,1.0,0.25,1.0,0.25
rho_0.5,0.9376430849072989,0.09796180768996704,1.0,-0.6365431239289753,10,81,50,3,3,100,0.0,0,0.3,0.0,0.0,1.0,0.5,1.0,1.0,0.25,1.0,0.25
rho_0.5,0.9510806012169934,0.18934115292364803,1.0,-0.2583664355457545,11,82,50,3,3,100,0.0,0,0.3,0.0,0.0,1.0,0.5,1.0,1.0,0.25,1.0,0.25
rho_0.5,0.734000299017006,0.1976641641692163,1.0,-1.3457153556437118,12,83,50,3,3,100,0.0,0,0.3,0.0,0.0,1.0,0.5,1.0,1.0,0.25,1.0,0.25
rho_0.5,1.0165833240943294,0.1104066939855265,1.0,0.15020216162349123,13,84,50,3,3,100,0.0,0,0.3,0.0,0.0,1.0,0.5,1.0,1.0,0.25,1.0,0.25
rho_0.5,0.8459326653663227,0.15864780151701638,1.0,-0.9711280784256704,14,85,50,3,3,100,0.0,0,0.3,0.0,0.0,1.0,0.5,1.0,1.0,0.25,1.0,0.25
rho_0.5,0.8264195472483048,0.1506004366701113,1.0,-1.1525893057795136,15,86,50,3,3,100,0.0,0,0.3,0.0,0.0,1.0,0.5,1.0,1.0,0.25,1.0,0.25
rho_0.5,0.8377590360743179,0.1651205661863605,1.0,-0.9825606081229857,16,87,50,3,3,100,0.0,0,0.3,0.0,0.0,1.0,0.5,1.0,1.0,0.25,1.0,0.25
rho_0.5,0.9870751639071833,0.19353162040136346,1.0,-0.06678410518142718,17,88,50,3,3,100,0.0,0,0.3,0.0,0.0,1.0,0.5,1.0,1.0,0.25,1.0,0.25
rho_0.5,0.7352850686779036,0.13447455328060656,1.0,-1.9685131860577274,18,89,50,3,3,100,0.0,0,0.3,0.0,0.0,1.0,0.5,1.0,1.0,0.25,1.0,0.25
rho_0.5,1.0425856408889498,0.12889087576785166,1.0,0.3304007412103535,19,90,50,3,3,100,0.0,0,0.3,0.0,0.0,1.0,0.5,1.0,1.0,0.25,1.0,0.25
rho_0.5,1.1059600753511392,0.14369549304872695,1.0,0.7373931715117067,20,91,50,3,3,100,0.0,0,0.3,0.0,0.0,1.0,0.5,1.0,1.0,0.25,1.0,0.25
rho_0.5,0.5673977817338803,0.16937853865317457,1.0,-2.5540556773366143,21,92,50,3,3,100,0.0,0,0.3,0.0,0.0,1.0,0.5,1.0,1.0,0.25,1.0,0.25
rho_0.5,0.9399136212639252,0.1440057057449517,1.0,-0.41724998620883613,22,93,50,3,3,100,0.0,0,0.3,0.0,0.0,1.0,0.5,1.0,1.0,0.25,1.0,0.25
rho_0.5,0.8128391137655357,0.13290985728619895,1.0,-1.40817912272259,23,94,50,3,3,100,0.0,0,0.3,0.0,0.0,1.0,0.5,1.0,1.0,0.25,1.0,0.25
rho_0.5,0.8362817177186516,0.13895177600715267,1.0,-1.178238141216136,24,95,50,3,3,100,0.0,0,0.3,0.0,0.0,1.0,0.5,1.0,1.0,0.25,1.0,0.25
rho_0.5,1.0634343329421716,0.11997508067928304,1.0,0.5287292376301378,25,96,50,3,3,100,0.0,0,0.3,0.0,0.0,1.0,0.5,1.0,1.0,0.25,1.0,0.25
rho_0.5,1.0755578347046704,0.15151417860521316,1.0,0.4986849112091655,26,97,50,3,3,100,0.0,0,0.3,0.0,0.0,1.0,0.5,1.0,1.0,0.25,1.0,0.25
rho_0.5,0.748034131051291,0.17281455807661977,1.0,-1.4580129808103108,27,98,50,3,3,100,0.0,0,0.3,0.0,0.0,1.0,0.5,1.0,1.0,0.25,1.0,0.25
rho_0.5,0.845063412266801,0.1331526697890145,1.0,-1.163601060186791,28,99,50,3,3,100,0.0,0,0.3,0.0,0.0,1.0,0.5,1.0,1.0,0.25,1.0,0.25
rho_0.5,1.0012306019433845,0.18198500890798358,1.0,0.0067621061249432905,29,100,50,3,3,100,0.0,0,0.3,0.0,0.0,1.0,0.5,1.0,1.0,0.25,1.0,0.25
rho_0.5,1.1940458435966155,0.13124847077280988,1.0,1.4784617485753977,30,101,50,3,3,100,0.0,0,0.3,0.0,0.0,1.0,0.5,1.0,1.0,0.25,1.0,0.25
rho_0.5,0.6901289992906804,0.134485954186101,1.0,-2.3041142295092145,31,102,50,3,3,100,0.0,0,0.3,0.0,0.0,1.0,0.5,1.0,1.0,0.25,1.0,0.25
rho_0.5,1.1385107282186824,0.1548403544703893,1.0,0.8945389507305107,32,103,50,3,3,100,0.0,0,0.3,0.0,0.0,1.0,0.5,1.0,1.0,0.25,1.0,0.25
rho_0.5,1.1843403219233024,0.12313164289235763,1.0,1.4970995074308702,33,104,50,3,3,100,0.0,0,0.3,0.0,0.0,1.0,0.5,1.0,1.0,0.25,1.0,0.25
rho_0.5,1.0278443066364342,0.14757166514676825,1.0,0.18868328556665337,34,105,50,3,3,100,0.0,0,0.3,0.0,0.0,1.0,0.5,1.0,1.0,0.25,1.0,0.25
rho_0.5,1.0238493665396464,0.12662713078972035,1.0,0.18834325938610405,35,106,50,3,3,100,0.0,0,0.3,0.0,0.0,1.0,0.5,1.0,1.0,0.25,1.0,0.25
rho_0.5,1.2622243217967797,0.1263859049941102,1.0,2.0747908701448927,36,107,50,3,3,100,0.0,0,0.3,0.0,0.0,1.0,0.5,1.0,1.0,0.25,1.0,0.25
rho_0.5,1.1328217975757424,0.1492847726251107,1.0,0.8897210026188626,37,108,50,3,3,100,0.0,0,0.3,0.0,0.0,1.0,0.5,1.0,1.0,0.25,1.0,0.25
rho_0.5,1.0188353533031476,0.15246642233919738,1.0,0.1235377141679359,38,109,50,3,3,100,0.0,0,0.3,0.0,0.0,1.0,0.5,1.0,1.0,0.25,1.0,0.25
rho_0.5,0.9459752009501807,0.0931828036199569,1.0,-0.5797721999239012,39,110,50,3,3,100,0.0,0,0.3,0.0,0.0,1.0,0.5,1.0,1.0,0.25,1.0,0.25
rho_0.5,0.9369409027882186,0.11546249170673045,1.0,-0.5461435681809869,40,111,50,3,3,100,0.0,0,0.3,0.0,0.0,1.0,0.5,1.0,1.0,0.25,1.0,0.25
rho_0.5,1.0624815334729252,0.16520203422664353,1.0,0.37821285776182195,41,112,50,3,3,100,0.0,0,0.3,0.0,0.0,1.0,0.5,1.0,1.0,0.25,1.0,0.25
rho_0.5,0.8770377301662319,0.13755834495982922,1.0,-0.8938917509488534,42,113,50,3,3,100,0.0,0,0.3,0.0,0.0,1.0,0.5,1.0,1.0,0.25,1.0,0.25
rho_0.5,0.89672023518267,0.15462462601862076,1.0,-0.6679386555469664,43,114,50,3,3,100,0.0,0,0.3,0.0,0.0,1.0,0.5,1.0,1.0,0.25,1.0,0.25
rho_0.5,1.2028979535939215,0.12377801078493997,1.0,1.6392083885275042,44,115,50,3,3,100,0.0,0,0.3,0.0,0.0,1.0,0.5,1.0,1.0,0.25,1.0,0.25
rho_0.5,1.030118089399868,0.09503303280807726,1.0,0.316922321743563,45,116,50,3,3,100,0.0,0,0.3,0.0,0.0,1.0,0.5,1.0,1.0,0.25,1.0,0.25
rho_0.5,0.9867038128118731,0.1168719506814093,1.0,-0.11376713668767294,46,117,50,3,3,100,0.0,0,0.3,0.0,0.0,1.0,0.5,1.0,1.0,0.25,1.0,0.25
rho_0.5,0.6635398272801434,0.15201084316317276,1.0,-2.213395871758245,47,118,50,3,3,100,0.0,0,0.3,0.0,0.0,1.0,0.5,1.0,1.0,0.25,1.0,0.25
rho_0.5,1.0299587046883103,0.15971597241864421,1.0,0.18757488205239212,48,119,50,3,3,100,0.0,0,0.3,0.0,0.0,1.0,0.5,1.0,1.0,0.25,1.0,0.25
rho_0.5,0.8558015118502462,0.19188562634857326,1.0,-0.7514814470147307,49,120,50,3,3,100,0.0,0,0.3,0.0,0.0,1.0,0.5,1.0,1.0,0.25,1.0,0.25
rho_0.5,1.1505576169902483,0.152300512524405,1.0,0.9885562070326098,50,121,50,3,3,100,0.0,0,0.3,0.0,0.0,1.0,0.5,1.0,1.0,0.25,1.0,0.25
rho_0.5,1.1407434408103947,0.13157051738810266,1.0,1.0697186847356845,51,122,50,3,3,100,0.0,0,0.3,0.0,0.0,1.0,0.5,1.0,1.0,0.25,1.0,0.25
rho_0.5,0.7167475162084207,0.12056302607583588,1.0,-2.3494141861818347,52,123,50,3,3,100,0.0,0,0.3,0.0,0.0,1.0,0.5,1.0,1.0,0.25,1.0,0.25
rho_0.5,1.3154766999227792,0.14828089101981107,1.0,2.1275613988631203,53,124,50,3,3,100,0.0,0,0.3,0.0,0.0,1.0,0.5,1.0,1.0,0.25,1.0,0.25
rho_0.5,0.966121622652927,0.09229332075488579,1.0,-0.3670729048426785,54,125,50,3,3,100,0.0,0,0.3,0.0,0.0,1.0,0.5,1.0,1.0,0.25,1.0,0.25
rho_0.5,0.8470062796322007,0.13216138312335474,1.0,-1.1576280207736662,55,126,50,3,3,100,0.0,0,0.3,0.0,0.0,1.0,0.5,1.0,1.0,0.25,1.0,0.25
rho_0.5,1.1455205891561016,0.12206509257935846,1.0,1.19215564483756,56,127,50,3,3,100,0.0,0,0.3,0.0,0.0,1.0,0.5,1.0,1.0,0.25,1.0,0.25
rho_0.5,0.8594628243235897,0.15963242936172142,1.0,-0.8803798591447736,57,128,50,3,3,100,0.0,0,0.3,0.0,0.0,1.0,0.5,1.0,1.0,0.25,1.0,0.25
rho_0.5,1.1526922732186888,0.12199248779885859,1.0,1.2516530810524014,58,129,50,3,3,100,0.0,0,0.3,0.0,0.0,1.0,0.5,1.0,1.0,0.25,1.0,0.25
rho_0.5,0.7059786146920106,0.15124564791896675,1.0,-1.943998980159204,59,130,50,3,3,100,0.0,0,0.3,0.0,0.0,1.0,0.5,1.0,1.0,0.25,1.0,0.25
rho_0.5,1.12166224991822,0.12070146875459153,1.0,1.0079599790585976,60,131,50,3,3,100,0.0,0,0.3,0.0,0.0,1.0,0.5,1.0,1.0,0.25,1.0,0.25
rho_0.5,0.8407786600805973,0.2023351222150018,1.0,-0.7869189401047916,61,132,50,3,3,100,0.0,0,0.3,0.0,0.0,1.0,0.5,1.0,1.0,0.25,1.0,0.25
rho_0.5,1.0573711922033953,0.12489951550882834,1.0,0.4593387890230852,62,133,50,3,3,100,0.0,0,0.3,0.0,0.0,1.0,0.5,1.0,1.0,0.25,1.0,0.25
rho_0.5,0.9256704311882965,0.13288711485401175,1.0,-0.5593436872593788,63,134,50,3,3,100,0.0,0,0.3,0.0,0.0,1.0,0.5,1.0,1.0,0.25,1.0,0.25
rho_0.5,0.6408246484020663,0.13851018669160692,1.0,-2.5931331130008366,64,135,50,3,3,100,0.0,0,0.3,0.0,0.0,1.0,0.5,1.0,1.0,0.25,1.0,0.25
rho_0.5,1.1940037295442014,0.1050168083039625,1.0,1.847358843573627,65,136,50,3,3,100,0.0,0,0.3,0.0,0.0,1.0,0.5,1.0,1.0,0.25,1.0,0.25
rho_0.5,1.0851495033974103,0.13478953628226464,1.0,0.6317219106615041,66,137,50,3,3,100,0.0,0,0.3,0.0,0.0,1.0,0.5,1.0,1.0,0.25,1.0,0.25
rho_0.5,1.0372075794255757,0.14427990016512793,1.0,0.2578847045429874,67,138,50,3,3,100,0.0,0,0.3,0.0,0.0,1.0,0.5,1.0,1.0,0.25,1.0,0.25
rho_0.5,1.098013324617469,0.1682199809456785,1.0,0.5826497189362984,68,139,50,3,3,100,0.0,0,0.3,0.0,0.0,1.0,0.5,1.0,1.0,0.25,1.0,0.25
rho_0.5,1.1659604009980846,0.15143222708006301,1.0,1.0959384550974112,69,140,50,3,3,100,0.0,0,0.3,0.0,0.0,1.0,0.5,1.0,1.0,0.25,1.0,0.25
rho_0.5,0.9908637214891993,0.15212232468422315,1.0,-0.060058762116381295,70,141,50,3,3,100,0.0,0,0.3,0.0,0.0,1.0,0.5,1.0,1.0,0.25,1.0,0.25
rho_0.5,1.0939374103497028,0.12703217590518107,1.0,0.7394772991987422,71,142,50,3,3,100,0.0,0,0.3,0.0,0.0,1.0,0.5,1.0,1.0,0.25,1.0,0.25
rho_0.5,0.8894382905802224,0.1142959517524517,1.0,-0.9673283062486595,72,143,50,3,3,100,0.0,0,0.3,0.0,0.0,1.0,0.5,1.0,1.0,0.25,1.0,0.25
rho_0.5,1.0199887679375694,0.1052889233772701,1.0,0.18984682620360643,73,144,50,3,3,100,0.0,0,0.3,0.0,0.0,1.0,0.5,1.0,1.0,0.25,1.0,0.25
rho_0.5,1.2570756424573617,0.22615958741345057,1.0,1.1367001744099947,74,145,50,3,3,100,0.0,0,0.3,0.0,0.0,1.0,0.5,1.0,1.0,0.25,1.0,0.25
rho_0.5,0.6565106880423033,0.14319652307889208,1.0,-2.3987266210957943,75,146,50,3,3,100,0.0,0,0.3,0.0,0.0,1.0,0.5,1.0,1.0,0.25,1.0,0.25
rho_0.5,0.7163919117683285,0.15291801111920036,1.0,-1.8546414915807239,76,147,50,3,3,100,0.0,0,0.3,0.0,0.0,1.0,0.5,1.0,1.0,0.25,1.0,0.25
rho_0.5,0.8810468317433859,0.08644466614252473,1.0,-1.3760613993290376,77,148,50,3,3,100,0.0,0,0.3,0.0,0.0,1.0,0.5,1.0,1.0,0.25,1.0,0.25
rho_0.5,0.9346250316401762,0.09246006427512428,1.0,-0.7070616797896007,78,149,50,3,3,100,0.0,0,0.3,0.0,0.0,1.0,0.5,1.0,1.0,0.25,1.0,0.25
rho_0.5,1.1732742625224584,0.1739983865274321,1.0,0.9958383291970379,79,150,50,3,3,100,0.0,0,0.3,0.0,0.0,1.0,0.5,1.0,1.0,0.25,1.0,0.25
rho_0.5,0.9335181693137719,0.1716977240156303,1.0,-0.38720274871072874,80,151,50,3,3,100,0.0,0,0.3,0.0,0.0,1.0,0.5,1.0,1.0,0.25,1.0,0.25
rho_0.5,1.1821680296097477,0.10272395480610495,1.0,1.7733743794579966,81,152,50,3,3,100,0.0,0,0.3,0.0,0.0,1.0,0.5,1.0,1.0,0.25,1.0,0.25
rho_0.5,1.1256243539609447,0.15818406764055654,1.0,0.7941656567234217,82,153,50,3,3,100,0.0,0,0.3,0.0,0.0,1.0,0.5,1.0,1.0,0.25,1.0,0.25
rho_0.5,0.9034463503824843,0.10444561961088761,1.0,-0.9244394353466092,83,154,50,3,3,100,0.0,0,0.3,0.0,0.0,1.0,0.5,1.0,1.0,0.25,1.0,0.25
rho_0.5,0.9204449401818308,0.13641549614644094,1.0,-0.5831819849320309,84,155,50,3,3,100,0.0,0,0.3,0.0,0.0,1.0,0.5,1.0,1.0,0.25,1.0,0.25
rho_0.5,1.383613700475947,0.1446647769418535,1.0,2.6517422456617514,85,156,50,3,3,100,0.0,0,0.3,0.0,0.0,1.0,0.5,1.0,1.0,0.25,1.0,0.25
rho_0.5,1.315993311965347,0.12849537463517957,1.0,2.459180440249358,86,157,50,3,3,100,0.0,0,0.3,0.0,0.0,1.0,0.5,1.0,1.0,0.25,1.0,0.25
rho_0.5,0.9871594682941982,0.11939134739044656,1.0,-0.107549935455618,87,158,50,3,3,100,0.0,0,0.3,0.0,0.0,1.0,0.5,1.0,1.0,0.25,1.0,0.25
rho_0.5,0.9486296509577423,0.1120986176695337,1.0,-0.45826032568659564,88,159,50,3,3,100,0.0,0,0.3,0.0,0.0,1.0,0.5,1.0,1.0,0.25,1.0,0.25
rho_0.5,0.8293521810390839,0.12152807797998885,1.0,-1.4041842987841495,89,160,50,3,3,100,0.0,0,0.3,0.0,0.0,1.0,0.5,1.0,1.0,0.25,1.0,0.25
rho_0.5,1.159693562204226,0.13678481410707596,1.0,1.1674802005375893,90,161,50,3,3,100,0.0,0,0.3,0.0,0.0,1.0,0.5,1.0,1.0,0.25,1.0,0.25
rho_0.5,0.7271077987741873,0.11094044493244941,1.0,-2.4598080654172083,91,162,50,3,3,100,0.0,0,0.3,0.0,0.0,1.0,0.5,1.0,1.0,0.25,1.0,0.25
rho_0.5,0.9197832274573584,0.22833579618565988,1.0,-0.3513105429926428,92,163,50,3,3,100,0.0,0,0.3,0.0,0.0,1.0,0.5,1.0,1.0,0.25,1.0,0.25
rho_0.5,0.9680932250680101,0.11009449990316392,1.0,-0.2898126151629211,93,164,50,3,3,100,0.0,0,0.3,0.0,0.0,1.0,0.5,1.0,1.0,0.25,1.0,0.25
rho_0.5,0.6994736306198375,0.197557366792291,1.0,-1.5212106450888854,94,165,50,3,3,100,0.0,0,0.3,0.0,0.0,1.0,0.5,1.0,1.0,0.25,1.0,0.25
rho_0.5,0.9384498715893244,0.11796200454384854,1.0,-0.5217792682371414,95,166,50,3,3,100,0.0,0,0.3,0.0,0.0,1.0,0.5,1.0,1.0,0.25,1.0,0.25
rho_0.5,1.1553808132155896,0.10072220787466694,1.0,1.5426668705369997,96,167,50,3,3,100,0.0,0,0.3,0.0,0.0,1.0,0.5,1.0,1.0,0.25,1.0,0.25
rho_0.5,0.679747610868129,0.13664923159378653,1.0,-2.343609147279193,97,168,50,3,3,100,0.0,0,0.3,0.0,0.0,1.0,0.5,1.0,1.0,0.25,1.0,0.25
rho_0.5,0.7808950994153243,0.17546290274116758,1.0,-1.248724927957485,98,169,50,3,3,100,0.0,0,0.3,0.0,0.0,1.0,0.5,1.0,1.0,0.25,1.0,0.25
rho_0.5,0.922629976693731,0.11689975009887255,1.0,-0.6618493473324814,99,170,50,3,3,100,0.0,0,0.3,0.0,0.0,1.0,0.5,1.0,1.0,0.25,1.0,0.25
rho_0.7,0.8047903051567441,0.0990735968087426,1.0,-1.9703503368319208,0,72,50,3,3,100,0.0,0,0.3,0.0,0.0,1.0,0.7,1.0,1.0,0.25,1.0,0.25
rho_0.7,1.0735044907459494,0.13630659491815747,1.0,0.5392585060912404,1,73,50,3,3,100,0.0,0,0.3,0.0,0.0,1.0,0.7,1.0,1.0,0.25,1.0,0.25
rho_0.7,0.8205033678805879,0.11958603294258895,1.0,-1.5009832478144431,2,74,50,3,3,100,0.0,0,0.3,0.0,0.0,1.0,0.7,1.0,1.0,0.25,1.0,0.25
rho_0.7,0.8966361760384475,0.14119373434675114,1.0,-0.7320708984699428,3,75,50,3,3,100,0.0,0,0.3,0.0,0.0,1.0,0.7,1.0,1.0,0.25,1.0,0.25
rho_0.7,1.3133764034355302,0.13026985065051996,1.0,2.405594248175177,4,76,50,3,3,100,0.0,0,0.3,0.0,0.0,1.0,0.7,1.0,1.0,0.25,1.0,0.25
rho_0.7,1.3560901315602152,0.1566419228639671,1.0,2.2732747724851112,5,77,50,3,3,100,0.0,0,0.3,0.0,0.0,1.0,0.7,1.0,1.0,0.25,1.0,0.25
rho_0.7,0.7242250831208565,0.09784856350490224,1.0,-2.818384930764232,6,78,50,3,3,100,0.0,0,0.3,0.0,0.0,1.0,0.7,1.0,1.0,0.25,1.0,0.25
rho_0.7,1.0544732055947763,0.0951489770645336,1.0,0.5725043744593338,7,79,50,3,3,100,0.0,0,0.3,0.0,0.0,1.0,0.7,1.0,1.0,0.25,1.0,0.25
rho_0.7,1.2412907248049851,0.12091227404643318,1.0,1.99558503640684,8,80,50,3,3,100,0.0,0,0.3,0.0,0.0,1.0,0.7,1.0,1.0,0.25,1.0,0.25
rho_0.7,0.9376430849072989,0.09796180768996704,1.0,-0.6365431239289753,9,81,50,3,3,100,0.0,0,0.3,0.0,0.0,1.0,0.7,1.0,1.0,0.25,1.0,0.25
rho_0.7,0.9510806012169934,0.18934115292364803,1.0,-0.2583664355457545,10,82,50,3,3,100,0.0,0,0.3,0.0,0.0,1.0,0.7,1.0,1.0,0.25,1.0,0.25
rho_0.7,0.734000299017006,0.1976641641692163,1.0,-1.3457153556437118,11,83,50,3,3,100,0.0,0,0.3,0.0,0.0,1.0,0.7,1.0,1.0,0.25,1.0,0.25
rho_0.7,1.0165833240943294,0.1104066939855265,1.0,0.15020216162349123,12,84,50,3,3,100,0.0,0,0.3,0.0,0.0,1.0,0.7,1.0,1.0,0.25,1.0,0.25
rho_0.7,0.8459326653663227,0.15864780151701638,1.0,-0.9711280784256704,13,85,50,3,3,100,0.0,0,0.3,0.0,0.0,1.0,0.7,1.0,1.0,0.25,1.0,0.25
rho_0.7,0.8264195472483048,0.1506004366701113,1.0,-1.1525893057795136,14,86,50,3,3,100,0.0,0,0.3,0.0,0.0,1.0,0.7,1.0,1.0,0.25,1.0,0.25
rho_0.7,0.8377590360743179,0.1651205661863605,1.0,-0.9825606081229857,15,87,50,3,3,100,0.0,0,0.3,0.0,0.0,1.0,0.7,1.0,1.0,0.25,1.0,0.25
rho_0.7,0.9870751639071833,0.19353162040136346,1.0,-0.06678410518142718,16,88,50,3,3,100,0.0,0,0.3,0.0,0.0,1.0,0.7,1.0,1.0,0.25,1.0,0.25
rho_0.7,0.7352850686779036,0.13447455328060656,1.0,-1.9685131860577274,17,89,50,3,3,100,0.0,0,0.3,0.0,0.0,1.0,0.7,1.0,1.0,0.25,1.0,0.25
rho_0.7,1.0425856408889498,0.12889087576785166,1.0,0.3304007412103535,18,90,50,3,3,100,0.0,0,0.3,0.0,0.0,1.0,0.7,1.0,1.0,0.25,1.0,0.25
rho_0.7,1.1059600753511392,0.14369549304872695,1.0,0.7373931715117067,19,91,50,3,3,100,0.0,0,0.3,0.0,0.0,1.0,0.7,1.0,1.0,0.25,1.0,0.25
rho_0.7,0.5673977817338803,0.16937853865317457,1.0,-2.5540556773366143,20,92,50,3,3,100,0.0,0,0.3,0.0,0.0,1.0,0.7,1.0,1.0,0.25,1.0,0.25
rho_0.7,0.9399136212639252,0.1440057057449517,1.0,-0.41724998620883613,21,93,50,3,3,100,0.0,0,0.3,0.0,0.0,1.0,0.7,1.0,1.0,0.25,1.0,0.25
rho_0.7,0.8128391137655357,0.13290985728619895,1.0,-1.40817912272259,22,94,50,3,3,100,0.0,0,0.3,0.0,0.0,1.0,0.7,1.0,1.0,0.25,1.0,0.25
rho_0.7,0.8362817177186516,0.13895177600715267,1.0,-1.178238141216136,23,95,50,3,3,100,0.0,0,0.3,0.0,0.0,1.0,0.7,1.0,1.0,0.25,1.0,0.25
rho_0.7,1.0634343329421716,0.11997508067928304,1.0,0.5287292376301378,24,96,50,3,3,100,0.0,0,0.3,0.0,0.0,1.0,0.7,1.0,1.0,0.25,1.0,0.25
rho_0.7,1.0755578347046704,0.15151417860521316,1.0,0.4986849112091655,25,97,50,3,3,100,0.0,0,0.3,0.0,0.0,1.0,0.7,1.0,1.0,0.25,1.0,0.25
rho_0.7,0.748034131051291,0.17281455807661977,1.0,-1.4580129808103108,26,98,50,3,3,100,0.0,0,0.3,0.0,0.0,1.0,0.7,1.0,1.0,0.25,1.0,0.25
rho_0.7,0.845063412266801,0.1331526697890145,1.0,-1.163601060186791,27,99,50,3,3,100,0.0,0,0.3,0.0,0.0,1.0,0.7,1.0,1.0,0.25,1.0,0.25
rho_0.7,1.0012306019433845,0.18198500890798358,1.0,0.0067621061249432905,28,100,50,3,3,100,0.0,0,0.3,0.0,0.0,1.0,0.7,1.0,1.0,0.25,1.0,0.25
rho_0.7,1.1940458435966155,0.13124847077280988,1.0,1.4784617485753977,29,101,50,3,3,100,0.0,0,0.3,0.0,0.0,1.0,0.7,1.0,1.0,0.25,1.0,0.25
rho_0.7,0.6901289992906804,0.134485954186101,1.0,-2.3041142295092145,30,102,50,3,3,100,0.0,0,0.3,0.0,0.0,1.0,0.7,1.0,1.0,0.25,1.0,0.25
rho_0.7,1.1385107282186824,0.1548403544703893,1.0,0.8945389507305107,31,103,50,3,3,100,0.0,0,0.3,0.0,0.0,1.0,0.7,1.0,1.0,0.25,1.0,0.25
rho_0.7,1.1843403219233024,0.12313164289235763,1.0,1.4970995074308702,32,104,50,3,3,100,0.0,0,0.3,0.0,0.0,1.0,0.7,1.0,1.0,0.25,1.0,0.25
rho_0.7,1.0278443066364342,0.14757166514676825,1.0,0.18868328556665337,33,105,50,3,3,100,0.0,0,0.3,0.0,0.0,1.0,0.7,1.0,1.0,0.25,1.0,0.25
rho_0.7,1.0238493665396464,0.12662713078972035,1.0,0.18834325938610405,34,106,50,3,3,100,0.0,0,0.3,0.0,0.0,1.0,0.7,1.0,1.0,0.25,1.0,0.25
rho_0.7,1.2622243217967797,0.1263859049941102,1.0,2.0747908701448927,35,107,50,3,3,100,0.0,0,0.3,0.0,0.0,1.0,0.7,1.0,1.0,0.25,1.0,0.25
rho_0.7,1.1328217975757424,0.1492847726251107,1.0,0.8897210026188626,36,108,50,3,3,100,0.0,0,0.3,0.0,0.0,1.0,0.7,1.0,1.0,0.25,1.0,0.25
rho_0.7,1.0188353533031476,0.15246642233919738,1.0,0.1235377141679359,37,109,50,3,3,100,0.0,0,0.3,0.0,0.0,1.0,0.7,1.0,1.0,0.25,1.0,0.25
rho_0.7,0.9459752009501807,0.0931828036199569,1.0,-0.5797721999239012,38,110,50,3,3,100,0.0,0,0.3,0.0,0.0,1.0,0.7,1.0,1.0,0.25,1.0,0.25
rho_0.7,0.9369409027882186,0.11546249170673045,1.0,-0.5461435681809869,39,111,50,3,3,100,0.0,0,0.3,0.0,0.0,1.0,0.7,1.0,1.0,0.25,1.0,0.25
rho_0.7,1.0624815334729252,0.16520203422664353,1.0,0.37821285776182195,40,112,50,3,3,100,0.0,0,0.3,0.0,0.0,1.0,0.7,1.0,1.0,0.25,1.0,0.25
rho_0.7,0.8770377301662319,0.13755834495982922,1.0,-0.8938917509488534,41,113,50,3,3,100,0.0,0,0.3,0.0,0.0,1.0,0.7,1.0,1.0,0.25,1.0,0.25
rho_0.7,0.89672023518267,0.15462462601862076,1.0,-0.6679386555469664,42,114,50,3,3,100,0.0,0,0.3,0.0,0.0,1.0,0.7,1.0,1.0,0.25,1.0,0.25
rho_0.7,1.2028979535939215,0.12377801078493997,1.0,1.6392083885275042,43,115,50,3,3,100,0.0,0,0.3,0.0,0.0,1.0,0.7,1.0,1.0,0.25,1.0,0.25
rho_0.7,1.030118089399868,0.09503303280807726,1.0,0.316922321743563,44,116,50,3,3,100,0.0,0,0.3,0.0,0.0,1.0,0.7,1.0,1.0,0.25,1.0,0.25
rho_0.7,0.9867038128118731,0.1168719506814093,1.0,-0.11376713668767294,45,117,50,3,3,100,0.0,0,0.3,0.0,0.0,1.0,0.7,1.0,1.0,0.25,1.0,0.25
rho_0.7,0.6635398272801434,0.15201084316317276,1.0,-2.213395871758245,46,118,50,3,3,100,0.0,0,0.3,0.0,0.0,1.0,0.7,1.0,1.0,0.25,1.0,0.25
rho_0.7,1.0299587046883103,0.15971597241864421,1.0,0.18757488205239212,47,119,50,3,3,100,0.0,0,0.3,0.0,0.0,1.0,0.7,1.0,1.0,0.25,1.0,0.25
rho_0.7,0.8558015118502462,0.19188562634857326,1.0,-0.7514814470147307,48,120,50,3,3,100,0.0,0,0.3,0.0,0.0,1.0,0.7,1.0,1.0,0.25,1.0,0.25
rho_0.7,1.1505576169902483,0.152300512524405,1.0,0.9885562070326098,49,121,50,3,3,100,0.0,0,0.3,0.0,0.0,1.0,0.7,1.0,1.0,0.25,1.0,0.25
rho_0.7,1.1407434408103947,0.13157051738810266,1.0,1.0697186847356845,50,122,50,3,3,100,0.0,0,0.3,0.0,0.0,1.0,0.7,1.0,1.0,0.25,1.0,0.25
rho_0.7,0.7167475162084207,0.12056302607583588,1.0,-2.3494141861818347,51,123,50,3,3,100,0.0,0,0.3,0.0,0.0,1.0,0.7,1.0,1.0,0.25,1.0,0.25
rho_0.7,1.3154766999227792,0.14828089101981107,1.0,2.1275613988631203,52,124,50,3,3,100,0.0,0,0.3,0.0,0.0,1.0,0.7,1.0,1.0,0.25,1.0,0.25
rho_0.7,0.966121622652927,0.09229332075488579,1.0,-0.3670729048426785,53,125,50,3,3,100,0.0,0,0.3,0.0,0.0,1.0,0.7,1.0,1.0,0.25,1.0,0.25
rho_0.7,0.8470062796322007,0.13216138312335474,1.0,-1.1576280207736662,54,126,50,3,3,100,0.0,0,0.3,0.0,0.0,1.0,0.7,1.0,1.0,0.25,1.0,0.25
rho_0.7,1.1455205891561016,0.12206509257935846,1.0,1.19215564483756,55,127,50,3,3,100,0.0,0,0.3,0.0,0.0,1.0,0.7,1.0,1.0,0.25,1.0,0.25
rho_0.7,0.8594628243235897,0.15963242936172142,1.0,-0.8803798591447736,56,128,50,3,3,100,0.0,0,0.3,0.0,0.0,1.0,0.7,1.0,1.0,0.25,1.0,0.25
rho_0.7,1.1526922732186888,0.12199248779885859,1.0,1.2516530810524014,57,129,50,3,3,100,0.0,0,0.3,0.0,0.0,1.0,0.7,1.0,1.0,0.25,1.0,0.25
rho_0.7,0.7059786146920106,0.15124564791896675,1.0,-1.943998980159204,58,130,50,3,3,100,0.0,0,0.3,0.0,0.0,1.0,0.7,1.0,1.0,0.25,1.0,0.25
rho_0.7,1.12166224991822,0.12070146875459153,1.0,1.0079599790585976,59,131,50,3,3,100,0.0,0,0.3,0.0,0.0,1.0,0.7,1.0,1.0,0.25,1.0,0.25
rho_0.7,0.8407786600805973,0.2023351222150018,1.0,-0.7869189401047916,60,132,50,3,3,100,0.0,0,0.3,0.0,0.0,1.0,0.7,1.0,1.0,0.25,1.0,0.25
rho_0.7,1.0573711922033953,0.12489951550882834,1.0,0.4593387890230852,61,133,50,3,3,100,0.0,0,0.3,0.0,0.0,1.0,0.7,1.0,1.0,0.25,1.0,0.25
rho_0.7,0.9256704311882965,0.13288711485401175,1.0,-0.5593436872593788,62,134,50,3,3,100,0.0,0,0.3,0.0,0.0,1.0,0.7,1.0,1.0,0.25,1.0,0.25
rho_0.7,0.6408246484020663,0.13851018669160692,1.0,-2.5931331130008366,63,135,50,3,3,100,0.0,0,0.3,0.0,0.0,1.0,0.7,1.0,1.0,0.25,1.0,0.25
rho_0.7,1.1940037295442014,0.1050168083039625,1.0,1.847358843573627,64,136,50,3,3,100,0.0,0,0.3,0.0,0.0,1.0,0.7,1.0,1.0,0.25,1.0,0.25
rho_0.7,1.0851495033974103,0.13478953628226464,1.0,0.6317219106615041,65,137,50,3,3,100,0.0,0,0.3,0.0,0.0,1.0,0.7,1.0,1.0,0.25,1.0,0.25
rho_0.7,1.0372075794255757,0.14427990016512793,1.0,0.2578847045429874,66,138,50,3,3,100,0.0,0,0.3,0.0,0.0,1.0,0.7,1.0,1.0,0.25,1.0,0.25
rho_0.7,1.098013324617469,0.1682199809456785,1.0,0.5826497189362984,67,139,50,3,3,100,0.0,0,0.3,0.0,0.0,1.0,0.7,1.0,1.0,0.25,1.0,0.25
rho_0.7,1.1659604009980846,0.15143222708006301,1.0,1.0959384550974112,68,140,50,3,3,100,0.0,0,0.3,0.0,0.0,1.0,0.7,1.0,1.0,0.25,1.0,0.25
rho_0.7,0.9908637214891993,0.15212232468422315,1.0,-0.060058762116381295,69,141,50,3,3,100,0.0,0,0.3,0.0,0.0,1.0,0.7,1.0,1.0,0.25,1.0,0.25
rho_0.7,1.0939374103497028,0.12703217590518107,1.0,0.7394772991987422,70,142,50,3,3,100,0.0,0,0.3,0.0,0.0,1.0,0.7,1.0,1.0,0.25,1.0,0.25
rho_0.7,0.8894382905802224,0.1142959517524517,1.0,-0.9673283062486595,71,143,50,3,3,100,0.0,0,0.3,0.0,0.0,1.0,0.7,1.0,1.0,0.25,1.0,0.25
rho_0.7,1.0199887679375694,0.1052889233772701,1.0,0.18984682620360643,72,144,50,3,3,100,0.0,0,0.3,0.0,0.0,1.0,0.7,1.0,1.0,0.25,1.0,0.25
rho_0.7,1.2570756424573617,0.22615958741345057,1.0,1.1367001744099947,73,145,50,3,3,100,0.0,0,0.3,0.0,0.0,1.0,0.7,1.0,1.0,0.25,1.0,0.25
rho_0.7,0.6565106880423033,0.14319652307889208,1.0,-2.3987266210957943,74,146,50,3,3,100,0.0,0,0.3,0.0,0.0,1.0,0.7,1.0,1.0,0.25,1.0,0.25
rho_0.7,0.7163919117683285,0.15291801111920036,1.0,-1.8546414915807239,75,147,50,3,3,100,0.0,0,0.3,0.0,0.0,1.0,0.7,1.0,1.0,0.25,1.0,0.25
rho_0.7,0.8810468317433859,0.08644466614252473,1.0,-1.3760613993290376,76,148,50,3,3,100,0.0,0,0.3,0.0,0.0,1.0,0.7,1.0,1.0,0.25,1.0,0.25
rho_0.7,0.9346250316401762,0.09246006427512428,1.0,-0.7070616797896007,77,149,50,3,3,100,0.0,0,0.3,0.0,0.0,1.0,0.7,1.0,1.0,0.25,1.0,0.25
rho_0.7,1.1732742625224584,0.1739983865274321,1.0,0.9958383291970379,78,150,50,3,3,100,0.0,0,0.3,0.0,0.0,1.0,0.7,1.0,1.0,0.25,1.0,0.25
rho_0.7,0.9335181693137719,0.1716977240156303,1.0,-0.38720274871072874,79,151,50,3,3,100,0.0,0,0.3,0.0,0.0,1.0,0.7,1.0,1.0,0.25,1.0,0.25
rho_0.7,1.1821680296097477,0.10272395480610495,1.0,1.7733743794579966,80,152,50,3,3,100,0.0,0,0.3,0.0,0.0,1.0,0.7,1.0,1.0,0.25,1.0,0.25
rho_0.7,1.1256243539609447,0.15818406764055654,1.0,0.7941656567234217,81,153,50,3,3,100,0.0,0,0.3,0.0,0.0,1.0,0.7,1.0,1.0,0.25,1.0,0.25
rho_0.7,0.9034463503824843,0.10444561961088761,1.0,-0.9244394353466092,82,154,50,3,3,100,0.0,0,0.3,0.0,0.0,1.0,0.7,1.0,1.0,0.25,1.0,0.25
rho_0.7,0.9204449401818308,0.13641549614644094,1.0,-0.5831819849320309,83,155,50,3,3,100,0.0,0,0.3,0.0,0.0,1.0,0.7,1.0,1.0,0.25,1.0,0.25
rho_0.7,1.383613700475947,0.1446647769418535,1.0,2.6517422456617514,84,156,50,3,3,100,0.0,0,0.3,0.0,0.0,1.0,0.7,1.0,1.0,0.25,1.0,0.25
rho_0.7,1.315993311965347,0.12849537463517957,1.0,2.459180440249358,85,157,50,3,3,100,0.0,0,0.3,0.0,0.0,1.0,0.7,1.0,1.0,0.25,1.0,0.25
rho_0.7,0.9871594682941982,0.11939134739044656,1.0,-0.107549935455618,86,158,50,3,3,100,0.0,0,0.3,0.0,0.0,1.0,0.7,1.0,1.0,0.25,1.0,0.25
rho_0.7,0.9486296509577423,0.1120986176695337,1.0,-0.45826032568659564,87,159,50,3,3,100,0.0,0,0.3,0.0,0.0,1.0,0.7,1.0,1.0,0.25,1.0,0.25
rho_0.7,0.8293521810390839,0.12152807797998885,1.0,-1.4041842987841495,88,160,50,3,3,100,0.0,0,0.3,0.0,0.0,1.0,0.7,1.0,1.0,0.25,1.0,0.25
rho_0.7,1.159693562204226,0.13678481410707596,1.0,1.1674802005375893,89,161,50,3,3,100,0.0,0,0.3,0.0,0.0,1.0,0.7,1.0,1.0,0.25,1.0,0.25
rho_0.7,0.7271077987741873,0.11094044493244941,1.0,-2.4598080654172083,90,162,50,3,3,100,0.0,0,0.3,0.0,0.0,1.0,0.7,1.0,1.0,0.25,1.0,0.25
rho_0.7,0.9197832274573584,0.22833579618565988,1.0,-0.3513105429926428,91,163,50,3,3,100,0.0,0,0.3,0.0,0.0,1.0,0.7,1.0,1.0,0.25,1.0,0.25
rho_0.7,0.9680932250680101,0.11009449990316392,1.0,-0.2898126151629211,92,164,50,3,3,100,0.0,0,0.3,0.0,0.0,1.0,0.7,1.0,1.0,0.25,1.0,0.25
rho_0.7,0.6994736306198375,0.197557366792291,1.0,-1.5212106450888854,93,165,50,3,3,100,0.0,0,0.3,0.0,0.0,1.0,0.7,1.0,1.0,0.25,1.0,0.25
rho_0.7,0.9384498715893244,0.11796200454384854,1.0,-0.5217792682371414,94,166,50,3,3,100,0.0,0,0.3,0.0,0.0,1.0,0.7,1.0,1.0,0.25,1.0,0.25
rho_0.7,1.1553808132155896,0.10072220787466694,1.0,1.5426668705369997,95,167,50,3,3,100,0.0,0,0.3,0.0,0.0,1.0,0.7,1.0,1.0,0.25,1.0,0.25
rho_0.7,0.679747610868129,0.13664923159378653,1.0,-2.343609147279193,96,168,50,3,3,100,0.0,0,0.3,0.0,0.0,1.0,0.7,1.0,1.0,0.25,1.0,0.25
rho_0.7,0.7808950994153243,0.17546290274116758,1.0,-1.248724927957485,97,169,50,3,3,100,0.0,0,0.3,0.0,0.0,1.0,0.7,1.0,1.0,0.25,1.0,0.25
rho_0.7,0.922629976693731,0.11689975009887255,1.0,-0.6618493473324814,98,170,50,3,3,100,0.0,0,0.3,0.0,0.0,1.0,0.7,1.0,1.0,0.25,1.0,0.25
rho_0.7,0.9016879705614207,0.1599743018334681,1.0,-0.6145488888641708,99,171,50,3,3,100,0.0,0,0.3,0.0,0.0,1.0,0.7,1.0,1.0,0.25,1.0,0.25
s1_0.5,1.0735044907459494,0.13630659491815747,1.0,0.5392585060912404,0,73,50,3,3,100,0.0,0,0.3,0.0,0.0,1.0,0.7,0.5,1.0,0.25,1.0,0.25
s1_0.5,0.8205033678805879,0.11958603294258895,1.0,-1.5009832478144431,1,74,50,3,3,100,0.0,0,0.3,0.0,0.0,1.0,0.7,0.5,1.0,0.25,1.0,0.25
s1_0.5,0.8966361760384475,0.14119373434675114,1.0,-0.7320708984699428,2,75,50,3,3,100,0.0,0,0.3,0.0,0.0,1.0,0.7,0.5,1.0,0.25,1.0,0.25
s1_0.5,1.3133764034355302,0.13026985065051996,1.0,2.405594248175177,3,76,50,3,3,100,0.0,0,0.3,0.0,0.0,1.0,0.7,0.5,1.0,0.25,1.0,0.25
s1_0.5,1.3560901315602152,0.1566419228639671,1.0,2.2732747724851112,4,77,50,3,3,100,0.0,0,0.3,0.0,0.0,1.0,0.7,0.5,1.0,0.25,1.0,0.25
s1_0.5,0.7242250831208565,0.09784856350490224,1.0,-2.818384930764232,5,78,50,3,3,100,0.0,0,0.3,0.0,0.0,1.0,0.7,0.5,1.0,0.25,1.0,0.25
s1_0.5,1.0544732055947763,0.0951489770645336,1.0,0.5725043744593338,6,79,50,3,3,100,0.0,0,0.3,0.0,0.0,1.0,0.7,0.5,1.0,0.25,1.0,0.25
s1_0.5,1.2412907248049851,0.12091227404643318,1.0,1.99558503640684,7,80,50,3,3,100,0.0,0,0.3,0.0,0.0,1.0,0.7,0.5,1.0,0.25,1.0,0.25
s1_0.5,0.9376430849072989,0.09796180768996704,1.0,-0.6365431239289753,8,81,50,3,3,100,0.0,0,0.3,0.0,0.0,1.0,0.7,0.5,1.0,0.25,1.0,0.25
s1_0.5,0.9510806012169934,0.18934115292364803,1.0,-0.2583664355457545,9,82,50,3,3,100,0.0,0,0.3,0.0,0.0,1.0,0.7,0.5,1.0,0.25,1.0,0.25
s1_0.5,0.734000299017006,0.1976641641692163,1.0,-1.3457153556437118,10,83,50,3,3,100,0.0,0,0.3,0.0,0.0,1.0,0.7,0.5,1.0,0.25,1.0,0.25
s1_0.5,1.0165833240943294,0.1104066939855265,1.0,0.15020216162349123,11,84,50,3,3,100,0.0,0,0.3,0.0,0.0,1.0,0.7,0.5,1.0,0.25,1.0,0.25
s1_0.5,0.8459326653663227,0.15864780151701638,1.0,-0.9711280784256704,12,85,50,3,3,100,0.0,0,0.3,0.0,0.0,1.0,0.7,0.5,1.0,0.25,1.0,0.25
s1_0.5,0.8264195472483048,0.1506004366701113,1.0,-1.1525893057795136,13,86,50,3,3,100,0.0,0,0.3,0.0,0.0,1.0,0.7,0.5,1.0,0.25,1.0,0.25
s1_0.5,0.8377590360743179,0.1651205661863605,1.0,-0.9825606081229857,14,87,50,3,3,100,0.0,0,0.3,0.0,0.0,1.0,0.7,0.5,1.0,0.25,1.0,0.25
s1_0.5,0.9870751639071833,0.19353162040136346,1.0,-0.06678410518142718,15,88,50,3,3,100,0.0,0,0.3,0.0,0.0,1.0,0.7,0.5,1.0,0.25,1.0,0.25
s1_0.5,0.7352850686779036,0.13447455328060656,1.0,-1.9685131860577274,16,89,50,3,3,100,0.0,0,0.3,0.0,0.0,1.0,0.7,0.5,1.0,0.25,1.0,0.25
s1_0.5,1.0425856408889498,0.12889087576785166,1.0,0.3304007412103535,17,90,50,3,3,100,0.0,0,0.3,0.0,0.0,1.0,0.7,0.5,1.0,0.25,1.0,0.25
s1_0.5,1.1059600753511392,0.14369549304872695,1.0,0.7373931715117067,18,91,50,3,3,100,0.0,0,0.3,0.0,0.0,1.0,0.7,0.5,1.0,0.25,1.0,0.25
s1_0.5,0.5673977817338803,0.16937853865317457,1.0,-2.5540556773366143,19,92,50,3,3,100,0.0,0,0.3,0.0,0.0,1.0,0.7,0.5,1.0,0.25,1.0,0.25
s1_0.5,0.9399136212639252,0.1440057057449517,1.0,-0.41724998620883613,20,93,50,3,3,100,0.0,0,0.3,0.0,0.0,1.0,0.7,0.5,1.0,0.25,1.0,0.25
s1_0.5,0.8128391137655357,0.13290985728619895,1.0,-1.40817912272259,21,94,50,3,3,100,0.0,0,0.3,0.0,0.0,1.0,0.7,0.5,1.0,0.25,1.0,0.25
s1_0.5,0.8362817177186516,0.13895177600715267,1.0,-1.178238141216136,22,95,50,3,3,100,0.0,0,0.3,0.0,0.0,1.0,0.7,0.5,1.0,0.25,1.0,0.25
s1_0.5,1.0634343329421716,0.11997508067928304,1.0,0.5287292376301378,23,96,50,3,3,100,0.0,0,0.3,0.0,0.0,1.0,0.7,0.5,1.0,0.25,1.0,0.25
s1_0.5,1.0755578347046704,0.15151417860521316,1.0,0.4986849112091655,24,97,50,3,3,100,0.0,0,0.3,0.0,0.0,1.0,0.7,0.5,1.0,0.25,1.0,0.25
s1_0.5,0.748034131051291,0.17281455807661977,1.0,-1.4580129808103108,25,98,50,3,3,100,0.0,0,0.3,0.0,0.0,1.0,0.7,0.5,1.0,0.25,1.0,0.25
s1_0.5,0.845063412266801,0.1331526697890145,1.0,-1.163601060186791,26,99,50,3,3,100,0.0,0,0.3,0.0,0.0,1.0,0.7,0.5,1.0,0.25,1.0,0.25
s1_0.5,1.0012306019433845,0.18198500890798358,1.0,0.0067621061249432905,27,100,50,3,3,100,0.0,0,0.3,0.0,0.0,1.0,0.7,0.5,1.0,0.25,1.0,0.25
s1_0.5,1.1940458435966155,0.13124847077280988,1.0,1.4784617485753977,28,101,50,3,3,100,0.0,0,0.3,0.0,0.0,1.0,0.7,0.5,1.0,0.25,1.0,0.25
s1_0.5,0.6901289992906804,0.134485954186101,1.0,-2.3041142295092145,29,102,50,3,3,100,0.0,0,0.3,0.0,0.0,1.0,0.7,0.5,1.0,0.25,1.0,0.25
s1_0.5,1.1385107282186824,0.1548403544703893,1.0,0.8945389507305107,30,103,50,3,3,100,0.0,0,0.3,0.0,0.0,1.0,0.7,0.5,1.0,0.25,1.0,0.25
s1_0.5,1.1843403219233024,0.12313164289235763,1.0,1.4970995074308702,31,104,50,3,3,100,0.0,0,0.3,0.0,0.0,1.0,0.7,0.5,1.0,0.25,1.0,0.25
s1_0.5,1.0278443066364342,0.14757166514676825,1.0,0.18868328556665337,32,105,50,3,3,100,0.0,0,0.3,0.0,0.0,1.0,0.7,0.5,1.0,0.25,1.0,0.25
s1_0.5,1.0238493665396464,0.12662713078972035,1.0,0.18834325938610405,33,106,50,3,3,100,0.0,0,0.3,0.0,0.0,1.0,0.7,0.5,1.0,0.25,1.0,0.25
s1_0.5,1.2622243217967797,0.1263859049941102,1.0,2.0747908701448927,34,107,50,3,3,100,0.0,0,0.3,0.0,0.0,1.0,0.7,0.5,1.0,0.25,1.0,0.25
s1_0.5,1.1328217975757424,0.1492847726251107,1.0,0.8897210026188626,35,108,50,3,3,100,0.0,0,0.3,0.0,0.0,1.0,0.7,0.5,1.0,0.25,1.0,0.25
s1_0.5,1.0188353533031476,0.15246642233919738,1.0,0.1235377141679359,36,109,50,3,3,100,0.0,0,0.3,0.0,0.0,1.0,0.7,0.5,1.0,0.25,1.0,0.25
s1_0.5,0.9459752009501807,0.0931828036199569,1.0,-0.5797721999239012,37,110,50,3,3,100,0.0,0,0.3,0.0,0.0,1.0,0.7,0.5,1.0,0.25,1.0,0.25
s1_0.5,0.9369409027882186,0.11546249170673045,1.0,-0.5461435681809869,38,111,50,3,3,100,0.0,0,0.3,0.0,0.0,1.0,0.7,0.5,1.0,0.25,1.0,0.25
s1_0.5,1.0624815334729252,0.16520203422664353,1.0,0.37821285776182195,39,112,50,3,3,100,0.0,0,0.3,0.0,0.0,1.0,0.7,0.5,1.0,0.25,1.0,0.25
s1_0.5,0.8770377301662319,0.13755834495982922,1.0,-0.8938917509488534,40,113,50,3,3,100,0.0,0,0.3,0.0,0.0,1.0,0.7,0.5,1.0,0.25,1.0,0.25
s1_0.5,0.89672023518267,0.15462462601862076,1.0,-0.6679386555469664,41,114,50,3,3,100,0.0,0,0.3,0.0,0.0,1.0,0.7,0.5,1.0,0.25,1.0,0.25
s1_0.5,1.2028979535939215,0.12377801078493997,1.0,1.6392083885275042,42,115,50,3,3,100,0.0,0,0.3,0.0,0.0,1.0,0.7,0.5,1.0,0.25,1.0,0.25
s1_0.5,1.030118089399868,0.09503303280807726,1.0,0.316922321743563,43,116,50,3,3,100,0.0,0,0.3,0.0,0.0,1.0,0.7,0.5,1.0,0.25,1.0,0.25
s1_0.5,0.9867038128118731,0.1168719506814093,1.0,-0.11376713668767294,44,117,50,3,3,100,0.0,0,0.3,0.0,0.0,1.0,0.7,0.5,1.0,0.25,1.0,0.25
s1_0.5,0.6635398272801434,0.15201084316317276,1.0,-2.213395871758245,45,118,50,3,3,100,0.0,0,0.3,0.0,0.0,1.0,0.7,0.5,1.0,0.25,1.0,0.25
s1_0.5,1.0299587046883103,0.15971597241864421,1.0,0.18757488205239212,46,119,50,3,3,100,0.0,0,0.3,0.0,0.0,1.0,0.7,0.5,1.0,0.25,1.0,0.25
s1_0.5,0.8558015118502462,0.19188562634857326,1.0,-0.7514814470147307,47,120,50,3,3,100,0.0,0,0.3,0.0,0.0,1.0,0.7,0.5,1.0,0.25,1.0,0.25
s1_0.5,1.1505576169902483,0.152300512524405,1.0,0.9885562070326098,48,121,50,3,3,100,0.0,0,0.3,0.0,0.0,1.0,0.7,0.5,1.0,0.25,1.0,0.25
s1_0.5,1.1407434408103947,0.13157051738810266,1.0,1.0697186847356845,49,122,50,3,3,100,0.0,0,0.3,0.0,0.0,1.0,0.7,0.5,1.0,0.25,1.0,0.25
s1_0.5,0.7167475162084207,0.12056302607583588,1.0,-2.3494141861818347,50,123,50,3,3,100,0.0,0,0.3,0.0,0.0,1.0,0.7,0.5,1.0,0.25,1.0,0.25
s1_0.5,1.3154766999227792,0.14828089101981107,1.0,2.1275613988631203,51,124,50,3,3,100,0.0,0,0.3,0.0,0.0,1.0,0.7,0.5,1.0,0.25,1.0,0.25
s1_0.5,0.966121622652927,0.09229332075488579,1.0,-0.3670729048426785,52,125,50,3,3,100,0.0,0,0.3,0.0,0.0,1.0,0.7,0.5,1.0,0.25,1.0,0.25
s1_0.5,0.8470062796322007,0.13216138312335474,1.0,-1.1576280207736662,53,126,50,3,3,100,0.0,0,0.3,0.0,0.0,1.0,0.7,0.5,1.0,0.25,1.0,0.25
s1_0.5,1.1455205891561016,0.12206509257935846,1.0,1.19215564483756,54,127,50,3,3,100,0.0,0,0.3,0.0,0.0,1.0,0.7,0.5,1.0,0.25,1.0,0.25
s1_0.5,0.8594628243235897,0.15963242936172142,1.0,-0.8803798591447736,55,128,50,3,3,100,0.0,0,0.3,0.0,0.0,1.0,0.7,0.5,1.0,0.25,1.0,0.25
s1_0.5,1.1526922732186888,0.12199248779885859,1.0,1.2516530810524014,56,129,50,3,3,100,0.0,0,0.3,0.0,0.0,1.0,0.7,0.5,1.0,0.25,1.0,0.25
s1_0.5,0.7059786146920106,0.15124564791896675,1.0,-1.943998980159204,57,130,50,3,3,100,0.0,0,0.3,0.0,0.0,1.0,0.7,0.5,1.0,0.25,1.0,0.25
s1_0.5,1.12166224991822,0.12070146875459153,1.0,1.0079599790585976,58,131,50,3,3,100,0.0,0,0.3,0.0,0.0,1.0,0.7,0.5,1.0,0.25,1.0,0.25
s1_0.5,0.8407786600805973,0.2023351222150018,1.0,-0.7869189401047916,59,132,50,3,3,100,0.0,0,0.3,0.0,0.0,1.0,0.7,0.5,1.0,0.25,1.0,0.25
s1_0.5,1.0573711922033953,0.12489951550882834,1.0,0.4593387890230852,60,133,50,3,3,100,0.0,0,0.3,0.0,0.0,1.0,0.7,0.5,1.0,0.25,1.0,0.25
s1_0.5,0.9256704311882965,0.13288711485401175,1.0,-0.5593436872593788,61,134,50,3,3,100,0.0,0,0.3,0.0,0.0,1.0,0.7,0.5,1.0,0.25,1.0,0.25
s1_0.5,0.6408246484020663,0.13851018669160692,1.0,-2.5931331130008366,62,135,50,3,3,100,0.0,0,0.3,0.0,0.0,1.0,0.7,0.5,1.0,0.25,1.0,0.25
s1_0.5,1.1940037295442014,0.1050168083039625,1.0,1.847358843573627,63,136,50,3,3,100,0.0,0,0.3,0.0,0.0,1.0,0.7,0.5,1.0,0.25,1.0,0.25
s1_0.5,1.0851495033974103,0.13478953628226464,1.0,0.6317219106615041,64,137,50,3,3,100,0.0,0,0.3,0.0,0.0,1.0,0.7,0.5,1.0,0.25,1.0,0.25
s1_0.5,1.0372075794255757,0.14427990016512793,1.0,0.2578847045429874,65,138,50,3,3,100,0.0,0,0.3,0.0,0.0,1.0,0.7,0.5,1.0,0.25,1.0,0.25
s1_0.5,1.098013324617469,0.1682199809456785,1.0,0.5826497189362984,66,139,50,3,3,100,0.0,0,0.3,0.0,0.0,1.0,0.7,0.5,1.0,0.25,1.0,0.25
s1_0.5,1.1659604009980846,0.15143222708006301,1.0,1.0959384550974112,67,140,50,3,3,100,0.0,0,0.3,0.0,0.0,1.0,0.7,0.5,1.0,0.25,1.0,0.25
s1_0.5,0.9908637214891993,0.15212232468422315,1.0,-0.060058762116381295,68,141,50,3,3,100,0.0,0,0.3,0.0,0.0,1.0,0.7,0.5,1.0,0.25,1.0,0.25
s1_0.5,1.0939374103497028,0.12703217590518107,1.0,0.7394772991987422,69,142,50,3,3,100,0.0,0,0.3,0.0,0.0,1.0,0.7,0.5,1.0,0.25,1.0,0.25
s1_0.5,0.8894382905802224,0.1142959517524517,1.0,-0.9673283062486595,70,143,50,3,3,100,0.0,0,0.3,0.0,0.0,1.0,0.7,0.5,1.0,0.25,1.0,0.25
s1_0.5,1.0199887679375694,0.1052889233772701,1.0,0.18984682620360643,71,144,50,3,3,100,0.0,0,0.3,0.0,0.0,1.0,0.7,0.5,1.0,0.25,1.0,0.25
s1_0.5,1.2570756424573617,0.22615958741345057,1.0,1.1367001744099947,72,145,50,3,3,100,0.0,0,0.3,0.0,0.0,1.0,0.7,0.5,1.0,0.25,1.0,0.25
s1_0.5,0.6565106880423033,0.14319652307889208,1.0,-2.3987266210957943,73,146,50,3,3,100,0.0,0,0.3,0.0,0.0,1.0,0.7,0.5,1.0,0.25,1.0,0.25
s1_0.5,0.7163919117683285,0.15291801111920036,1.0,-1.8546414915807239,74,147,50,3,3,100,0.0,0,0.3,0.0,0.0,1.0,0.7,0.5,1.0,0.25,1.0,0.25
s1_0.5,0.8810468317433859,0.08644466614252473,1.0,-1.3760613993290376,75,148,50,3,3,100,0.0,0,0.3,0.0,0.0,1.0,0.7,0.5,1.0,0.25,1.0,0.25
s1_0.5,0.9346250316401762,0.09246006427512428,1.0,-0.7070616797896007,76,149,50,3,3,100,0.0,0,0.3,0.0,0.0,1.0,0.7,0.5,1.0,0.25,1.0,0.25
s1_0.5,1.1732742625224584,0.1739983865274321,1.0,0.9958383291970379,77,150,50,3,3,100,0.0,0,0.3,0.0,0.0,1.0,0.7,0.5,1.0,0.25,1.0,0.25
s1_0.5,0.9335181693137719,0.1716977240156303,1.0,-0.38720274871072874,78,151,50,3,3,100,0.0,0,0.3,0.0,0.0,1.0,0.7,0.5,1.0,0.25,1.0,0.25
s1_0.5,1.1821680296097477,0.10272395480610495,1.0,1.7733743794579966,79,152,50,3,3,100,0.0,0,0.3,0.0,0.0,1.0,0.7,0.5,1.0,0.25,1.0,0.25
s1_0.5,1.1256243539609447,0.15818406764055654,1.0,0.7941656567234217,80,153,50,3,3,100,0.0,0,0.3,0.0,0.0,1.0,0.7,0.5,1.0,0.25,1.0,0.25
s1_0.5,0.9034463503824843,0.10444561961088761,1.0,-0.9244394353466092,81,154,50,3,3,100,0.0,0,0.3,0.0,0.0,1.0,0.7,0.5,1.0,0.25,1.0,0.25
s1_0.5,0.9204449401818308,0.13641549614644094,1.0,-0.5831819849320309,82,155,50,3,3,100,0.0,0,0.3,0.0,0.0,1.0,0.7,0.5,1.0,0.25,1.0,0.25
s1_0.5,1.383613700475947,0.1446647769418535,1.0,2.6517422456617514,83,156,50,3,3,100,0.0,0,0.3,0.0,0.0,1.0,0.7,0.5,1.0,0.25,1.0,0.25
s1_0.5,1.315993311965347,0.12849537463517957,1.0,2.459180440249358,84,157,50,3,3,100,0.0,0,0.3,0.0,0.0,1.0,0.7,0.5,1.0,0.25,1.0,0.25
s1_0.5,0.9871594682941982,0.11939134739044656,1.0,-0.107549935455618,85,158,50,3,3,100,0.0,0,0.3,0.0,0.0,1.0,0.7,0.5,1.0,0.25,1.0,0.25
s1_0.5,0.9486296509577423,0.1120986176695337,1.0,-0.45826032568659564,86,159,50,3,3,100,0.0,0,0.3,0.0,0.0,1.0,0.7,0.5,1.0,0.25,1.0,0.25
s1_0.5,0.8293521810390839,0.12152807797998885,1.0,-1.4041842987841495,87,160,50,3,3,100,0.0,0,0.3,0.0,0.0,1.0,0.7,0.5,1.0,0.25,1.0,0.25
s1_0.5,1.159693562204226,0.13678481410707596,1.0,1.1674802005375893,88,161,50,3,3,100,0.0,0,0.3,0.0,0.0,1.0,0.7,0.5,1.0,0.25,1.0,0.25
s1_0.5,0.7271077987741873,0.11094044493244941,1.0,-2.4598080654172083,89,162,50,3,3,100,0.0,0,0.3,0.0,0.0,1.0,0.7,0.5,1.0,0.25,1.0,0.25
s1_0.5,0.9197832274573584,0.22833579618565988,1.0,-0.3513105429926428,90,163,50,3,3,100,0.0,0,0.3,0.0,0.0,1.0,0.7,0.5,1.0,0.25,1.0,0.25
s1_0.5,0.9680932250680101,0.11009449990316392,1.0,-0.2898126151629211,91,164,50,3,3,100,0.0,0,0.3,0.0,0.0,1.0,0.7,0.5,1.0,0.25,1.0,0.25
s1_0.5,0.6994736306198375,0.197557366792291,1.0,-1.5212106450888854,92,165,50,3,3,100,0.0,0,0.3,0.0,0.0,1.0,0.7,0.5,1.0,0.25,1.0,0.25
s1_0.5,0.9384498715893244,0.11796200454384854,1.0,-0.5217792682371414,93,166,50,3,3,100,0.0,0,0.3,0.0,0.0,1.0,0.7,0.5,1.0,0.25,1.0,0.25
s1_0.5,1.1553808132155896,0.10072220787466694,1.0,1.5426668705369997,94,167,50,3,3,100,0.0,0,0.3,0.0,0.0,1.0,0.7,0.5,1.0,0.25,1.0,0.25
s1_0.5,0.679747610868129,0.13664923159378653,1.0,-2.343609147279193,95,168,50,3,3,100,0.0,0,0.3,0.0,0.0,1.0,0.7,0.5,1.0,0.25,1.0,0.25
s1_0.5,0.7808950994153243,0.17546290274116758,1.0,-1.248724927957485,96,169,50,3,3,100,0.0,0,0.3,0.0,0.0,1.0,0.7,0.5,1.0,0.25,1.0,0.25
s1_0.5,0.922629976693731,0.11689975009887255,1.0,-0.6618493473324814,97,170,50,3,3,100,0.0,0,0.3,0.0,0.0,1.0,0.7,0.5,1.0,0.25,1.0,0.25
s1_0.5,0.9016879705614207,0.1599743018334681,1.0,-0.6145488888641708,98,171,50,3,3,100,0.0,0,0.3,0.0,0.0,1.0,0.7,0.5,1.0,0.25,1.0,0.25
s1_0.5,1.08450631950454,0.18657847046712156,1.0,0.4529264244313302,99,172,50,3,3,100,0.0,0,0.3,0.0,0.0,1.0,0.7,0.5,1.0,0.25,1.0,0.25
s1_1.0,0.8205033678805879,0.11958603294258895,1.0,-1.5009832478144431,0,74,50,3,3,100,0.0,0,0.3,0.0,0.0,1.0,0.7,1.0,1.0,0.25,1.0,0.25
s1_1.0,0.8966361760384475,0.14119373434675114,1.0,-0.7320708984699428,1,75,50,3,3,100,0.0,0,0.3,0.0,0.0,1.0,0.7,1.0,1.0,0.25,1.0,0.25
s1_1.0,1.3133764034355302,0.13026985065051996,1.0,2.405594248175177,2,76,50,3,3,100,0.0,0,0.3,0.0,0.0,1.0,0.7,1.0,1.0,0.25,1.0,0.25
s1_1.0,1.3560901315602152,0.1566419228639671,1.0,2.2732747724851112,3,77,50,3,3,100,0.0,0,0.3,0.0,0.0,1.0,0.7,1.0,1.0,0.25,1.0,0.25
s1_1.0,0.7242250831208565,0.09784856350490224,1.0,-2.818384930764232,4,78,50,3,3,100,0.0,0,0.3,0.0,0.0,1.0,0.7,1.0,1.0,0.25,1.0,0.25
s1_1.0,1.0544732055947763,0.0951489770645336,1.0,0.5725043744593338,5,79,50,3,3,100,0.0,0,0.3,0.0,0.0,1.0,0.7,1.0,1.0,0.25,1.0,0.25
s1_1.0,1.2412907248049851,0.12091227404643318,1.0,1.99558503640684,6,80,50,3,3,100,0.0,0,0.3,0.0,0.0,1.0,0.7,1.0,1.0,0.25,1.0,0.25
s1_1.0,0.9376430849072989,0.09796180768996704,1.0,-0.6365431239289753,7,81,50,3,3,100,0.0,0,0.3,0.0,0.0,1.0,0.7,1.0,1.0,0.25,1.0,0.25
s1_1.0,0.9510806012169934,0.18934115292364803,1.0,-0.2583664355457545,8,82,50,3,3,100,0.0,0,0.3,0.0,0.0,1.0,0.7,1.0,1.0,0.25,1.0,0.25
s1_1.0,0.734000299017006,0.1976641641692163,1.0,-1.3457153556437118,9,83,50,3,3,100,0.0,0,0.3,0.0,0.0,1.0,0.7,1.0,1.0,0.25,1.0,0.25
s1_1.0,1.0165833240943294,0.1104066939855265,1.0,0.15020216162349123,10,84,50,3,3,100,0.0,0,0.3,0.0,0.0,1.0,0.7,1.0,1.0,0.25,1.0,0.25
s1_1.0,0.8459326653663227,0.15864780151701638,1.0,-0.9711280784256704,11,85,50,3,3,100,0.0,0,0.3,0.0,0.0,1.0,0.7,1.0,1.0,0.25,1.0,0.25
s1_1.0,0.8264195472483048,0.1506004366701113,1.0,-1.1525893057795136,12,86,50,3,3,100,0.0,0,0.3,0.0,0.0,1.0,0.7,1.0,1.0,0.25,1.0,0.25
s1_1.0,0.8377590360743179,0.1651205661863605,1.0,-0.9825606081229857,13,87,50,3,3,100,0.0,0,0.3,0.0,0.0,1.0,0.7,1.0,1.0,0.25,1.0,0.25
s1_1.0,0.9870751639071833,0.19353162040136346,1.0,-0.06678410518142718,14,88,50,3,3,100,0.0,0,0.3,0.0,0.0,1.0,0.7,1.0,1.0,0.25,1.0,0.25
s1_1.0,0.7352850686779036,0.13447455328060656,1.0,-1.9685131860577274,15,89,50,3,3,100,0.0,0,0.3,0.0,0.0,1.0,0.7,1.0,1.0,0.25,1.0,0.25
s1_1.0,1.0425856408889498,0.12889087576785166,1.0,0.3304007412103535,16,90,50,3,3,100,0.0,0,0.3,0.0,0.0,1.0,0.7,1.0,1.0,0.25,1.0,0.25
s1_1.0,1.1059600753511392,0.14369549304872695,1.0,0.7373931715117067,17,91,50,3,3,100,0.0,0,0.3,0.0,0.0,1.0,0.7,1.0,1.0,0.25,1.0,0.25
s1_1.0,0.5673977817338803,0.16937853865317457,1.0,-2.5540556773366143,18,92,50,3,3,100,0.0,0,0.3,0.0,0.0,1.0,0.7,1.0,1.0,0.25,1.0,0.25
s1_1.0,0.9399136212639252,0.1440057057449517,1.0,-0.41724998620883613,19,93,50,3,3,100,0.0,0,0.3,0.0,0.0,1.0,0.7,1.0,1.0,0.25,1.0,0.25
s1_1.0,0.8128391137655357,0.13290985728619895,1.0,-1.40817912272259,20,94,50,3,3,100,0.0,0,0.3,0.0,0.0,1.0,0.7,1.0,1.0,0.25,1.0,0.25
s1_1.0,0.8362817177186516,0.13895177600715267,1.0,-1.178238141216136,21,95,50,3,3,100,0.0,0,0.3,0.0,0.0,1.0,0.7,1.0,1.0,0.25,1.0,0.25
s1_1.0,1.0634343329421716,0.11997508067928304,1.0,0.5287292376301378,22,96,50,3,3,100,0.0,0,0.3,0.0,0.0,1.0,0.7,1.0,1.0,0.25,1.0,0.25
s1_1.0,1.0755578347046704,0.15151417860521316,1.0,0.4986849112091655,23,97,50,3,3,100,0.0,0,0.3,0.0,0.0,1.0,0.7,1.0,1.0,0.25,1.0,0.25
s1_1.0,0.748034131051291,0.17281455807661977,1.0,-1.4580129808103108,24,98,50,3,3,100,0.0,0,0.3,0.0,0.0,1.0,0.7,1.0,1.0,0.25,1.0,0.25
s1_1.0,0.845063412266801,0.1331526697890145,1.0,-1.163601060186791,25,99,50,3,3,100,0.0,0,0.3,0.0,0.0,1.0,0.7,1.0,1.0,0.25,1.0,0.25
s1_1.0,1.0012306019433845,0.18198500890798358,1.0,0.0067621061249432905,26,100,50,3,3,100,0.0,0,0.3,0.0,0.0,1.0,0.7,1.0,1.0,0.25,1.0,0.25
s1_1.0,1.1940458435966155,0.13124847077280988,1.0,1.4784617485753977,27,101,50,3,3,100,0.0,0,0.3,0.0,0.0,1.0,0.7,1.0,1.0,0.25,1.0,0.25
s1_1.0,0.6901289992906804,0.134485954186101,1.0,-2.3041142295092145,28,102,50,3,3,100,0.0,0,0.3,0.0,0.0,1.0,0.7,1.0,1.0,0.25,1.0,0.25
s1_1.0,1.1385107282186824,0.1548403544703893,1.0,0.8945389507305107,29,103,50,3,3,100,0.0,0,0.3,0.0,0.0,1.0,0.7,1.0,1.0,0.25,1.0,0.25
s1_1.0,1.1843403219233024,0.12313164289235763,1.0,1.4970995074308702,30,104,50,3,3,100,0.0,0,0.3,0.0,0.0,1.0,0.7,1.0,1.0,0.25,1.0,0.25
s1_1.0,1.0278443066364342,0.14757166514676825,1.0,0.18868328556665337,31,105,50,3,3,100,0.0,0,0.3,0.0,0.0,1.0,0.7,1.0,1.0,0.25,1.0,0.25
s1_1.0,1.0238493665396464,0.12662713078972035,1.0,0.18834325938610405,32,106,50,3,3,100,0.0,0,0.3,0.0,0.0,1.0,0.7,1.0,1.0,0.25,1.0,0.25
s1_1.0,1.2622243217967797,0.1263859049941102,1.0,2.0747908701448927,33,107,50,3,3,100,0.0,0,0.3,0.0,0.0,1.0,0.7,1.0,1.0,0.25,1.0,0.25
s1_1.0,1.1328217975757424,0.1492847726251107,1.0,0.8897210026188626,34,108,50,3,3,100,0.0,0,0.3,0.0,0.0,1.0,0.7,1.0,1.0,0.25,1.0,0.25
s1_1.0,1.0188353533031476,0.15246642233919738,1.0,0.1235377141679359,35,109,50,3,3,100,0.0,0,0.3,0.0,0.0,1.0,0.7,1.0,1.0,0.25,1.0,0.25
s1_1.0,0.9459752009501807,0.0931828036199569,1.0,-0.5797721999239012,36,110,50,3,3,100,0.0,0,0.3,0.0,0.0,1.0,0.7,1.0,1.0,0.25,1.0,0.25
s1_1.0,0.9369409027882186,0.11546249170673045,1.0,-0.5461435681809869,37,111,50,3,3,100,0.0,0,0.3,0.0,0.0,1.0,0.7,1.0,1.0,0.25,1.0,0.25
s1_1.0,1.0624815334729252,0.16520203422664353,1.0,0.37821285776182195,38,112,50,3,3,100,0.0,0,0.3,0.0,0.0,1.0,0.7,1.0,1.0,0.25,1.0,0.25
s1_1.0,0.8770377301662319,0.13755834495982922,1.0,-0.8938917509488534,39,113,50,3,3,100,0.0,0,0.3,0.0,0.0,1.0,0.7,1.0,1.0,0.25,1.0,0.25
s1_1.0,0.89672023518267,0.15462462601862076,1.0,-0.6679386555469664,40,114,50,3,3,100,0.0,0,0.3,0.0,0.0,1.0,0.7,1.0,1.0,0.25,1.0,0.25
s1_1.0,1.2028979535939215,0.12377801078493997,1.0,1.6392083885275042,41,115,50,3,3,100,0.0,0,0.3,0.0,0.0,1.0,0.7,1.0,1.0,0.25,1.0,0.25
s1_1.0,1.030118089399868,0.09503303280807726,1.0,0.316922321743563,42,116,50,3,3,100,0.0,0,0.3,0.0,0.0,1.0,0.7,1.0,1.0,0.25,1.0,0.25
s1_1.0,0.9867038128118731,0.1168719506814093,1.0,-0.11376713668767294,43,117,50,3,3,100,0.0,0,0.3,0.0,0.0,1.0,0.7,1.0,1.0,0.25,1.0,0.25
s1_1.0,0.6635398272801434,0.15201084316317276,1.0,-2.213395871758245,44,118,50,3,3,100,0.0,0,0.3,0.0,0.0,1.0,0.7,1.0,1.0,0.25,1.0,0.25
s1_1.0,1.0299587046883103,0.15971597241864421,1.0,0.18757488205239212,45,119,50,3,3,100,0.0,0,0.3,0.0,0.0,1.0,0.7,1.0,1.0,0.25,1.0,0.25
s1_1.0,0.8558015118502462,0.19188562634857326,1.0,-0.7514814470147307,46,120,50,3,3,100,0.0,0,0.3,0.0,0.0,1.0,0.7,1.0,1.0,0.25,1.0,0.25
s1_1.0,1.1505576169902483,0.152300512524405,1.0,0.9885562070326098,47,121,50,3,3,100,0.0,0,0.3,0.0,0.0,1.0,0.7,1.0,1.0,0.25,1.0,0.25
s1_1.0,1.1407434408103947,0.13157051738810266,1.0,1.0697186847356845,48,122,50,3,3,100,0.0,0,0.3,0.0,0.0,1.0,0.7,1.0,1.0,0.25,1.0,0.25
s1_1.0,0.7167475162084207,0.12056302607583588,1.0,-2.3494141861818347,49,123,50,3,3,100,0.0,0,0.3,0.0,0.0,1.0,0.7,1.0,1.0,0.25,1.0,0.25
s1_1.0,1.3154766999227792,0.14828089101981107,1.0,2.1275613988631203,50,124,50,3,3,100,0.0,0,0.3,0.0,0.0,1.0,0.7,1.0,1.0,0.25,1.0,0.25
s1_1.0,0.966121622652927,0.09229332075488579,1.0,-0.3670729048426785,51,125,50,3,3,100,0.0,0,0.3,0.0,0.0,1.0,0.7,1.0,1.0,0.25,1.0,0.25
s1_1.0,0.8470062796322007,0.13216138312335474,1.0,-1.1576280207736662,52,126,50,3,3,100,0.0,0,0.3,0.0,0.0,1.0,0.7,1.0,1.0,0.25,1.0,0.25
s1_1.0,1.1455205891561016,0.12206509257935846,1.0,1.19215564483756,53,127,50,3,3,100,0.0,0,0.3,0.0,0.0,1.0,0.7,1.0,1.0,0.25,1.0,0.25
s1_1.0,0.8594628243235897,0.15963242936172142,1.0,-0.8803798591447736,54,128,50,3,3,100,0.0,0,0.3,0.0,0.0,1.0,0.7,1.0,1.0,0.25,1.0,0.25
s1_1.0,1.1526922732186888,0.12199248779885859,1.0,1.2516530810524014,55,129,50,3,3,100,0.0,0,0.3,0.0,0.0,1.0,0.7,1.0,1.0,0.25,1.0,0.25
s1_1.0,0.7059786146920106,0.15124564791896675,1.0,-1.943998980159204,56,130,50,3,3,100,0.0,0,0.3,0.0,0.0,1.0,0.7,1.0,1.0,0.25,1.0,0.25
s1_1.0,1.12166224991822,0.12070146875459153,1.0,1.0079599790585976,57,131,50,3,3,100,0.0,0,0.3,0.0,0.0,1.0,0.7,1.0,1.0,0.25,1.0,0.25
s1_1.0,0.8407786600805973,0.2023351222150018,1.0,-0.7869189401047916,58,132,50,3,3,100,0.0,0,0.3,0.0,0.0,1.0,0.7,1.0,1.0,0.25,1.0,0.25
s1_1.0,1.0573711922033953,0.12489951550882834,1.0,0.4593387890230852,59,133,50,3,3,100,0.0,0,0.3,0.0,0.0,1.0,0.7,1.0,1.0,0.25,1.0,0.25
s1_1.0,0.9256704311882965,0.13288711485401175,1.0,-0.5593436872593788,60,134,50,3,3,100,0.0,0,0.3,0.0,0.0,1.0,0.7,1.0,1.0,0.25,1.0,0.25
s1_1.0,0.6408246484020663,0.13851018669160692,1.0,-2.5931331130008366,61,135,50,3,3,100,0.0,0,0.3,0.0,0.0,1.0,0.7,1.0,1.0,0.25,1.0,0.25
s1_1.0,1.1940037295442014,0.1050168083039625,1.0,1.847358843573627,62,136,50,3,3,100,0.0,0,0.3,0.0,0.0,1.0,0.7,1.0,1.0,0.25,1.0,0.25
s1_1.0,1.0851495033974103,0.13478953628226464,1.0,0.6317219106615041,63,137,50,3,3,100,0.0,0,0.3,0.0,0.0,1.0,0.7,1.0,1.0,0.25,1.0,0.25
s1_1.0,1.0372075794255757,0.14427990016512793,1.0,0.2578847045429874,64,138,50,3,3,100,0.0,0,0.3,0.0,0.0,1.0,0.7,1.0,1.0,0.25,1.0,0.25
s1_1.0,1.098013324617469,0.1682199809456785,1.0,0.5826497189362984,65,139,50,3,3,100,0.0,0,0.3,0.0,0.0,1.0,0.7,1.0,1.0,0.25,1.0,0.25
s1_1.0,1.1659604009980846,0.15143222708006301,1.0,1.0959384550974112,66,140,50,3,3,100,0.0,0,0.3,0.0,0.0,1.0,0.7,1.0,1.0,0.25,1.0,0.25
s1_1.0,0.9908637214891993,0.15212232468422315,1.0,-0.060058762116381295,67,141,50,3,3,100,0.0,0,0.3,0.0,0.0,1.0,0.7,1.0,1.0,0.25,1.0,0.25
s1_1.0,1.0939374103497028,0.12703217590518107,1.0,0.7394772991987422,68,142,50,3,3,100,0.0,0,0.3,0.0,0.0,1.0,0.7,1.0,1.0,0.25,1.0,0.25
s1_1.0,0.8894382905802224,0.1142959517524517,1.0,-0.9673283062486595,69,143,50,3,3,100,0.0,0,0.3,0.0,0.0,1.0,0.7,1.0,1.0,0.25,1.0,0.25
s1_1.0,1.0199887679375694,0.1052889233772701,1.0,0.18984682620360643,70,144,50,3,3,100,0.0,0,0.3,0.0,0.0,1.0,0.7,1.0,1.0,0.25,1.0,0.25
s1_1.0,1.2570756424573617,0.22615958741345057,1.0,1.1367001744099947,71,145,50,3,3,100,0.0,0,0.3,0.0,0.0,1.0,0.7,1.0,1.0,0.25,1.0,0.25
s1_1.0,0.6565106880423033,0.14319652307889208,1.0,-2.3987266210957943,72,146,50,3,3,100,0.0,0,0.3,0.0,0.0,1.0,0.7,1.0,1.0,0.25,1.0,0.25
s1_1.0,0.7163919117683285,0.15291801111920036,1.0,-1.8546414915807239,73,147,50,3,3,100,0.0,0,0.3,0.0,0.0,1.0,0.7,1.0,1.0,0.25,1.0,0.25
s1_1.0,0.8810468317433859,0.08644466614252473,1.0,-1.3760613993290376,74,148,50,3,3,100,0.0,0,0.3,0.0,0.0,1.0,0.7,1.0,1.0,0.25,1.0,0.25
s1_1.0,0.9346250316401762,0.09246006427512428,1.0,-0.7070616797896007,75,149,50,3,3,100,0.0,0,0.3,0.0,0.0,1.0,0.7,1.0,1.0,0.25,1.0,0.25
s1_1.0,1.1732742625224584,0.1739983865274321,1.0,0.9958383291970379,76,150,50,3,3,100,0.0,0,0.3,0.0,0.0,1.0,0.7,1.0,1.0,0.25,1.0,0.25
s1_1.0,0.9335181693137719,0.1716977240156303,1.0,-0.38720274871072874,77,151,50,3,3,100,0.0,0,0.3,0.0,0.0,1.0,0.7,1.0,1.0,0.25,1.0,0.25
s1_1.0,1.1821680296097477,0.10272395480610495,1.0,1.7733743794579966,78,152,50,3,3,100,0.0,0,0.3,0.0,0.0,1.0,0.7,1.0,1.0,0.25,1.0,0.25
s1_1.0,1.1256243539609447,0.15818406764055654,1.0,0.7941656567234217,79,153,50,3,3,100,0.0,0,0.3,0.0,0.0,1.0,0.7,1.0,1.0,0.25,1.0,0.25
s1_1.0,0.9034463503824843,0.10444561961088761,1.0,-0.9244394353466092,80,154,50,3,3,100,0.0,0,0.3,0.0,0.0,1.0,0.7,1.0,1.0,0.25,1.0,0.25
s1_1.0,0.9204449401818308,0.13641549614644094,1.0,-0.5831819849320309,81,155,50,3,3,100,0.0,0,0.3,0.0,0.0,1.0,0.7,1.0,1.0,0.25,1.0,0.25
s1_1.0,1.383613700475947,0.1446647769418535,1.0,2.6517422456617514,82,156,50,3,3,100,0.0,0,0.3,0.0,0.0,1.0,0.7,1.0,1.0,0.25,1.0,0.25
s1_1.0,1.315993311965347,0.12849537463517957,1.0,2.459180440249358,83,157,50,3,3,100,0.0,0,0.3,0.0,0.0,1.0,0.7,1.0,1.0,0.25,1.0,0.25
s1_1.0,0.9871594682941982,0.11939134739044656,1.0,-0.107549935455618,84,158,50,3,3,100,0.0,0,0.3,0.0,0.0,1.0,0.7,1.0,1.0,0.25,1.0,0.25
s1_1.0,0.9486296509577423,0.1120986176695337,1.0,-0.45826032568659564,85,159,50,3,3,100,0.0,0,0.3,0.0,0.0,1.0,0.7,1.0,1.0,0.25,1.0,0.25
s1_1.0,0.8293521810390839,0.12152807797998885,1.0,-1.4041842987841495,86,160,50,3,3,100,0.0,0,0.3,0.0,0.0,1.0,0.7,1.0,1.0,0.25,1.0,0.25
s1_1.0,1.159693562204226,0.13678481410707596,1.0,1.1674802005375893,87,161,50,3,3,100,0.0,0,0.3,0.0,0.0,1.0,0.7,1.0,1.0,0.25,1.0,0.25
s1_1.0,0.7271077987741873,0.11094044493244941,1.0,-2.4598080654172083,88,162,50,3,3,100,0.0,0,0.3,0.0,0.0,1.0,0.7,1.0,1.0,0.25,1.0,0.25
s1_1.0,0.9197832274573584,0.22833579618565988,1.0,-0.3513105429926428,89,163,50,3,3,100,0.0,0,0.3,0.0,0.0,1.0,0.7,1.0,1.0,0.25,1.0,0.25
s1_1.0,0.9680932250680101,0.11009449990316392,1.0,-0.2898126151629211,90,164,50,3,3,100,0.0,0,0.3,0.0,0.0,1.0,0.7,1.0,1.0,0.25,1.0,0.25
s1_1.0,0.6994736306198375,0.197557366792291,1.0,-1.5212106450888854,91,165,50,3,3,100,0.0,0,0.3,0.0,0.0,1.0,0.7,1.0,1.0,0.25,1.0,0.25
s1_1.0,0.9384498715893244,0.11796200454384854,1.0,-0.5217792682371414,92,166,50,3,3,100,0.0,0,0.3,0.0,0.0,1.0,0.7,1.0,1.0,0.25,1.0,0.25
s1_1.0,1.1553808132155896,0.10072220787466694,1.0,1.5426668705369997,93,167,50,3,3,100,0.0,0,0.3,0.0,0.0,1.0,0.7,1.0,1.0,0.25,1.0,0.25
s1_1.0,0.679747610868129,0.13664923159378653,1.0,-2.343609147279193,94,168,50,3,3,100,0.0,0,0.3,0.0,0.0,1.0,0.7,1.0,1.0,0.25,1.0,0.25
s1_1.0,0.7808950994153243,0.17546290274116758,1.0,-1.248724927957485,95,169,50,3,3,100,0.0,0,0.3,0.0,0.0,1.0,0.7,1.0,1.0,0.25,1.0,0.25
s1_1.0,0.922629976693731,0.11689975009887255,1.0,-0.6618493473324814,96,170,50,3,3,100,0.0,0,0.3,0.0,0.0,1.0,0.7,1.0,1.0,0.25,1.0,0.25
s1_1.0,0.9016879705614207,0.1599743018334681,1.0,-0.6145488888641708,97,171,50,3,3,100,0.0,0,0.3,0.0,0.0,1.0,0.7,1.0,1.0,0.25,1.0,0.25
s1_1.0,1.08450631950454,0.18657847046712156,1.0,0.4529264244313302,98,172,50,3,3,100,0.0,0,0.3,0.0,0.0,1.0,0.7,1.0,1.0,0.25,1.0,0.25
s1_1.0,0.9217252030593518,0.15585854429170745,1.0,-0.5022169127548618,99,173,50,3,3,100,0.0,0,0.3,0.0,0.0,1.0,0.7,1.0,1.0,0.25,1.0,0.25
s1_2.0,0.8966361760384475,0.14119373434675114,1.0,-0.7320708984699428,0,75,50,3,3,100,0.0,0,0.3,0.0,0.0,1.0,0.7,2.0,1.0,0.25,1.0,0.25
s1_2.0,1.3133764034355302,0.13026985065051996,1.0,2.405594248175177,1,76,50,3,3,100,0.0,0,0.3,0.0,0.0,1.0,0.7,2.0,1.0,0.25,1.0,0.25
s1_2.0,1.3560901315602152,0.1566419228639671,1.0,2.2732747724851112,2,77,50,3,3,100,0.0,0,0.3,0.0,0.0,1.0,0.7,2.0,1.0,0.25,1.0,0.25
s1_2.0,0.7242250831208565,0.09784856350490224,1.0,-2.818384930764232,3,78,50,3,3,100,0.0,0,0.3,0.0,0.0,1.0,0.7,2.0,1.0,0.25,1.0,0.25
s1_2.0,1.0544732055947763,0.0951489770645336,1.0,0.5725043744593338,4,79,50,3,3,100,0.0,0,0.3,0.0,0.0,1.0,0.7,2.0,1.0,0.25,1.0,0.25
s1_2.0,1.2412907248049851,0.12091227404643318,1.0,1.99558503640684,5,80,50,3,3,100,0.0,0,0.3,0.0,0.0,1.0,0.7,2.0,1.0,0.25,1.0,0.25
s1_2.0,0.9376430849072989,0.09796180768996704,1.0,-0.6365431239289753,6,81,50,3,3,100,0.0,0,0.3,0.0,0.0,1.0,0.7,2.0,1.0,0.25,1.0,0.25
s1_2.0,0.9510806012169934,0.18934115292364803,1.0,-0.2583664355457545,7,82,50,3,3,100,0.0,0,0.3,0.0,0.0,1.0,0.7,2.0,1.0,0.25,1.0,0.25
s1_2.0,0.734000299017006,0.1976641641692163,1.0,-1.3457153556437118,8,83,50,3,3,100,0.0,0,0.3,0.0,0.0,1.0,0.7,2.0,1.0,0.25,1.0,0.25
s1_2.0,1.0165833240943294,0.1104066939855265,1.0,0.15020216162349123,9,84,50,3,3,100,0.0,0,0.3,0.0,0.0,1.0,0.7,2.0,1.0,0.25,1.0,0.25
s1_2.0,0.8459326653663227,0.15864780151701638,1.0,-0.9711280784256704,10,85,50,3,3,100,0.0,0,0.3,0.0,0.0,1.0,0.7,2.0,1.0,0.25,1.0,0.25
s1_2.0,0.8264195472483048,0.1506004366701113,1.0,-1.1525893057795136,11,86,50,3,3,100,0.0,0,0.3,0.0,0.0,1.0,0.7,2.0,1.0,0.25,1.0,0.25
s1_2.0,0.8377590360743179,0.1651205661863605,1.0,-0.9825606081229857,12,87,50,3,3,100,0.0,0,0.3,0.0,0.0,1.0,0.7,2.0,1.0,0.25,1.0,0.25
s1_2.0,0.9870751639071833,0.19353162040136346,1.0,-0.06678410518142718,13,88,50,3,3,100,0.0,0,0.3,0.0,0.0,1.0,0.7,2.0,1.0,0.25,1.0,0.25
s1_2.0,0.7352850686779036,0.13447455328060656,1.0,-1.9685131860577274,14,89,50,3,3,100,0.0,0,0.3,0.0,0.0,1.0,0.7,2.0,1.0,0.25,1.0,0.25
s1_2.0,1.0425856408889498,0.12889087576785166,1.0,0.3304007412103535,15,90,50,3,3,100,0.0,0,0.3,0.0,0.0,1.0,0.7,2.0,1.0,0.25,1.0,0.25
s1_2.0,1.1059600753511392,0.14369549304872695,1.0,0.7373931715117067,16,91,50,3,3,100,0.0,0,0.3,0.0,0.0,1.0,0.7,2.0,1.0,0.25,1.0,0.25
s1_2.0,0.5673977817338803,0.16937853865317457,1.0,-2.5540556773366143,17,92,50,3,3,100,0.0,0,0.3,0.0,0.0,1.0,0.7,2.0,1.0,0.25,1.0,0.25
s1_2.0,0.9399136212639252,0.1440057057449517,1.0,-0.41724998620883613,18,93,50,3,3,100,0.0,0,0.3,0.0,0.0,1.0,0.7,2.0,1.0,0.25,1.0,0.25
s1_2.0,0.8128391137655357,0.13290985728619895,1.0,-1.40817912272259,19,94,50,3,3,100,0.0,0,0.3,0.0,0.0,1.0,0.7,2.0,1.0,0.25,1.0,0.25
s1_2.0,0.8362817177186516,0.13895177600715267,1.0,-1.178238141216136,20,95,50,3,3,100,0.0,0,0.3,0.0,0.0,1.0,0.7,2.0,1.0,0.25,1.0,0.25
s1_2.0,1.0634343329421716,0.11997508067928304,1.0,0.5287292376301378,21,96,50,3,3,100,0.0,0,0.3,0.0,0.0,1.0,0.7,2.0,1.0,0.25,1.0,0.25
s1_2.0,1.0755578347046704,0.15151417860521316,1.0,0.4986849112091655,22,97,50,3,3,100,0.0,0,0.3,0.0,0.0,1.0,0.7,2.0,1.0,0.25,1.0,0.25
s1_2.0,0.748034131051291,0.17281455807661977,1.0,-1.4580129808103108,23,98,50,3,3,100,0.0,0,0.3,0.0,0.0,1.0,0.7,2.0,1.0,0.25,1.0,0.25
s1_2.0,0.845063412266801,0.1331526697890145,1.0,-1.163601060186791,24,99,50,3,3,100,0.0,0,0.3,0.0,0.0,1.0,0.7,2.0,1.0,0.25,1.0,0.25
s1_2.0,1.0012306019433845,0.18198500890798358,1.0,0.0067621061249432905,25,100,50,3,3,100,0.0,0,0.3,0.0,0.0,1.0,0.7,2.0,1.0,0.25,1.0,0.25
s1_2.0,1.1940458435966155,0.13124847077280988,1.0,1.4784617485753977,26,101,50,3,3,100,0.0,0,0.3,0.0,0.0,1.0,0.7,2.0,1.0,0.25,1.0,0.25
s1_2.0,0.6901289992906804,0.134485954186101,1.0,-2.3041142295092145,27,102,50,3,3,100,0.0,0,0.3,0.0,0.0,1.0,0.7,2.0,1.0,0.25,1.0,0.25
s1_2.0,1.1385107282186824,0.1548403544703893,1.0,0.8945389507305107,28,103,50,3,3,100,0.0,0,0.3,0.0,0.0,1.0,0.7,2.0,1.0,0.25,1.0,0.25
s1_2.0,1.1843403219233024,0.12313164289235763,1.0,1.4970995074308702,29,104,50,3,3,100,0.0,0,0.3,0.0,0.0,1.0,0.7,2.0,1.0,0.25,1.0,0.25
s1_2.0,1.0278443066364342,0.14757166514676825,1.0,0.18868328556665337,30,105,50,3,3,100,0.0,0,0.3,0.0,0.0,1.0,0.7,2.0,1.0,0.25,1.0,0.25
s1_2.0,1.0238493665396464,0.12662713078972035,1.0,0.18834325938610405,31,106,50,3,3,100,0.0,0,0.3,0.0,0.0,1.0,0.7,2.0,1.0,0.25,1.0,0.25
s1_2.0,1.2622243217967797,0.1263859049941102,1.0,2.0747908701448927,32,107,50,3,3,100,0.0,0,0.3,0.0,0.0,1.0,0.7,2.0,1.0,0.25,1.0,0.25
s1_2.0,1.1328217975757424,0.1492847726251107,1.0,0.8897210026188626,33,108,50,3,3,100,0.0,0,0.3,0.0,0.0,1.0,0.7,2.0,1.0,0.25,1.0,0.25
s1_2.0,1.0188353533031476,0.15246642233919738,1.0,0.1235377141679359,34,109,50,3,3,100,0.0,0,0.3,0.0,0.0,1.0,0.7,2.0,1.0,0.25,1.0,0.25
s1_2.0,0.9459752009501807,0.0931828036199569,1.0,-0.5797721999239012,35,110,50,3,3,100,0.0,0,0.3,0.0,0.0,1.0,0.7,2.0,1.0,0.25,1.0,0.25
s1_2.0,0.9369409027882186,0.11546249170673045,1.0,-0.5461435681809869,36,111,50,3,3,100,0.0,0,0.3,0.0,0.0,1.0,0.7,2.0,1.0,0.25,1.0,0.25
s1_2.0,1.0624815334729252,0.16520203422664353,1.0,0.37821285776182195,37,112,50,3,3,100,0.0,0,0.3,0.0,0.0,1.0,0.7,2.0,1.0,0.25,1.0,0.25
s1_2.0,0.8770377301662319,0.13755834495982922,1.0,-0.8938917509488534,38,113,50,3,3,100,0.0,0,0.3,0.0,0.0,1.0,0.7,2.0,1.0,0.25,1.0,0.25
s1_2.0,0.89672023518267,0.15462462601862076,1.0,-0.6679386555469664,39,114,50,3,3,100,0.0,0,0.3,0.0,0.0,1.0,0.7,2.0,1.0,0.25,1.0,0.25
s1_2.0,1.2028979535939215,0.12377801078493997,1.0,1.6392083885275042,40,115,50,3,3,100,0.0,0,0.3,0.0,0.0,1.0,0.7,2.0,1.0,0.25,1.0,0.25
s1_2.0,1.030118089399868,0.09503303280807726,1.0,0.316922321743563,41,116,50,3,3,100,0.0,0,0.3,0.0,0.0,1.0,0.7,2.0,1.0,0.25,1.0,0.25
s1_2.0,0.9867038128118731,0.1168719506814093,1.0,-0.11376713668767294,42,117,50,3,3,100,0.0,0,0.3,0.0,0.0,1.0,0.7,2.0,1.0,0.25,1.0,0.25
s1_2.0,0.6635398272801434,0.15201084316317276,1.0,-2.213395871758245,43,118,50,3,3,100,0.0,0,0.3,0.0,0.0,1.0,0.7,2.0,1.0,0.25,1.0,0.25
s1_2.0,1.0299587046883103,0.15971597241864421,1.0,0.18757488205239212,44,119,50,3,3,100,0.0,0,0.3,0.0,0.0,1.0,0.7,2.0,1.0,0.25,1.0,0.25
s1_2.0,0.8558015118502462,0.19188562634857326,1.0,-0.7514814470147307,45,120,50,3,3,100,0.0,0,0.3,0.0,0.0,1.0,0.7,2.0,1.0,0.25,1.0,0.25
s1_2.0,1.1505576169902483,0.152300512524405,1.0,0.9885562070326098,46,121,50,3,3,100,0.0,0,0.3,0.0,0.0,1.0,0.7,2.0,1.0,0.25,1.0,0.25
s1_2.0,1.1407434408103947,0.13157051738810266,1.0,1.0697186847356845,47,122,50,3,3,100,0.0,0,0.3,0.0,0.0,1.0,0.7,2.0,1.0,0.25,1.0,0.25
s1_2.0,0.7167475162084207,0.12056302607583588,1.0,-2.3494141861818347,48,123,50,3,3,100,0.0,0,0.3,0.0,0.0,1.0,0.7,2.0,1.0,0.25,1.0,0.25
s1_2.0,1.3154766999227792,0.14828089101981107,1.0,2.1275613988631203,49,124,50,3,3,100,0.0,0,0.3,0.0,0.0,1.0,0.7,2.0,1.0,0.25,1.0,0.25
s1_2.0,0.966121622652927,0.09229332075488579,1.0,-0.3670729048426785,50,125,50,3,3,100,0.0,0,0.3,0.0,0.0,1.0,0.7,2.0,1.0,0.25,1.0,0.25
s1_2.0,0.8470062796322007,0.13216138312335474,1.0,-1.1576280207736662,51,126,50,3,3,100,0.0,0,0.3,0.0,0.0,1.0,0.7,2.0,1.0,0.25,1.0,0.25
s1_2.0,1.1455205891561016,0.12206509257935846,1.0,1.19215564483756,52,127,50,3,3,100,0.0,0,0.3,0.0,0.0,1.0,0.7,2.0,1.0,0.25,1.0,0.25
s1_2.0,0.8594628243235897,0.15963242936172142,1.0,-0.8803798591447736,53,128,50,3,3,100,0.0,0,0.3,0.0,0.0,1.0,0.7,2.0,1.0,0.25,1.0,0.25
s1_2.0,1.1526922732186888,0.12199248779885859,1.0,1.2516530810524014,54,129,50,3,3,100,0.0,0,0.3,0.0,0.0,1.0,0.7,2.0,1.0,0.25,1.0,0.25
s1_2.0,0.7059786146920106,0.15124564791896675,1.0,-1.943998980159204,55,130,50,3,3,100,0.0,0,0.3,0.0,0.0,1.0,0.7,2.0,1.0,0.25,1.0,0.25
s1_2.0,1.12166224991822,0.12070146875459153,1.0,1.0079599790585976,56,131,50,3,3,100,0.0,0,0.3,0.0,0.0,1.0,0.7,2.0,1.0,0.25,1.0,0.25
s1_2.0,0.8407786600805973,0.2023351222150018,1.0,-0.7869189401047916,57,132,50,3,3,100,0.0,0,0.3,0.0,0.0,1.0,0.7,2.0,1.0,0.25,1.0,0.25
s1_2.0,1.0573711922033953,0.12489951550882834,1.0,0.4593387890230852,58,133,50,3,3,100,0.0,0,0.3,0.0,0.0,1.0,0.7,2.0,1.0,0.25,1.0,0.25
s1_2.0,0.9256704311882965,0.13288711485401175,1.0,-0.5593436872593788,59,134,50,3,3,100,0.0,0,0.3,0.0,0.0,1.0,0.7,2.0,1.0,0.25,1.0,0.25
s1_2.0,0.6408246484020663,0.13851018669160692,1.0,-2.5931331130008366,60,135,50,3,3,100,0.0,0,0.3,0.0,0.0,1.0,0.7,2.0,1.0,0.25,1.0,0.25
s1_2.0,1.1940037295442014,0.1050168083039625,1.0,1.847358843573627,61,136,50,3,3,100,0.0,0,0.3,0.0,0.0,1.0,0.7,2.0,1.0,0.25,1.0,0.25
s1_2.0,1.0851495033974103,0.13478953628226464,1.0,0.6317219106615041,62,137,50,3,3,100,0.0,0,0.3,0.0,0.0,1.0,0.7,2.0,1.0,0.25,1.0,0.25
s1_2.0,1.0372075794255757,0.14427990016512793,1.0,0.2578847045429874,63,138,50,3,3,100,0.0,0,0.3,0.0,0.0,1.0,0.7,2.0,1.0,0.25,1.0,0.25
s1_2.0,1.098013324617469,0.1682199809456785,1.0,0.5826497189362984,64,139,50,3,3,100,0.0,0,0.3,0.0,0.0,1.0,0.7,2.0,1.0,0.25,1.0,0.25
s1_2.0,1.1659604009980846,0.15143222708006301,1.0,1.0959384550974112,65,140,50,3,3,100,0.0,0,0.3,0.0,0.0,1.0,0.7,2.0,1.0,0.25,1.0,0.25
s1_2.0,0.9908637214891993,0.15212232468422315,1.0,-0.060058762116381295,66,141,50,3,3,100,0.0,0,0.3,0.0,0.0,1.0,0.7,2.0,1.0,0.25,1.0,0.25
s1_2.0,1.0939374103497028,0.12703217590518107,1.0,0.7394772991987422,67,142,50,3,3,100,0.0,0,0.3,0.0,0.0,1.0,0.7,2.0,1.0,0.25,1.0,0.25
s1_2.0,0.8894382905802224,0.1142959517524517,1.0,-0.9673283062486595,68,143,50,3,3,100,0.0,0,0.3,0.0,0.0,1.0,0.7,2.0,1.0,0.25,1.0,0.25
s1_2.0,1.0199887679375694,0.1052889233772701,1.0,0.18984682620360643,69,144,50,3,3,100,0.0,0,0.3,0.0,0.0,1.0,0.7,2.0,1.0,0.25,1.0,0.25
s1_2.0,1.2570756424573617,0.22615958741345057,1.0,1.1367001744099947,70,145,50,3,3,100,0.0,0,0.3,0.0,0.0,1.0,0.7,2.0,1.0,0.25,1.0,0.25
s1_2.0,0.6565106880423033,0.14319652307889208,1.0,-2.3987266210957943,71,146,50,3,3,100,0.0,0,0.3,0.0,0.0,1.0,0.7,2.0,1.0,0.25,1.0,0.25
s1_2.0,0.7163919117683285,0.15291801111920036,1.0,-1.8546414915807239,72,147,50,3,3,100,0.0,0,0.3,0.0,0.0,1.0,0.7,2.0,1.0,0.25,1.0,0.25
s1_2.0,0.8810468317433859,0.08644466614252473,1.0,-1.3760613993290376,73,148,50,3,3,100,0.0,0,0.3,0.0,0.0,1.0,0.7,2.0,1.0,0.25,1.0,0.25
s1_2.0,0.9346250316401762,0.09246006427512428,1.0,-0.7070616797896007,74,149,50,3,3,100,0.0,0,0.3,0.0,0.0,1.0,0.7,2.0,1.0,0.25,1.0,0.25
s1_2.0,1.1732742625224584,0.1739983865274321,1.0,0.9958383291970379,75,150,50,3,3,100,0.0,0,0.3,0.0,0.0,1.0,0.7,2.0,1.0,0.25,1.0,0.25
s1_2.0,0.9335181693137719,0.1716977240156303,1.0,-0.38720274871072874,76,151,50,3,3,100,0.0,0,0.3,0.0,0.0,1.0,0.7,2.0,1.0,0.25,1.0,0.25
s1_2.0,1.1821680296097477,0.10272395480610495,1.0,1.7733743794579966,77,152,50,3,3,100,0.0,0,0.3,0.0,0.0,1.0,0.7,2.0,1.0,0.25,1.0,0.25
s1_2.0,1.1256243539609447,0.15818406764055654,1.0,0.7941656567234217,78,153,50,3,3,100,0.0,0,0.3,0.0,0.0,1.0,0.7,2.0,1.0,0.25,1.0,0.25
s1_2.0,0.9034463503824843,0.10444561961088761,1.0,-0.9244394353466092,79,154,50,3,3,100,0.0,0,0.3,0.0,0.0,1.0,0.7,2.0,1.0,0.25,1.0,0.25
s1_2.0,0.9204449401818308,0.13641549614644094,1.0,-0.5831819849320309,80,155,50,3,3,100,0.0,0,0.3,0.0,0.0,1.0,0.7,2.0,1.0,0.25,1.0,0.25
s1_2.0,1.383613700475947,0.1446647769418535,1.0,2.6517422456617514,81,156,50,3,3,100,0.0,0,0.3,0.0,0.0,1.0,0.7,2.0,1.0,0.25,1.0,0.25
s1_2.0,1.315993311965347,0.12849537463517957,1.0,2.459180440249358,82,157,50,3,3,100,0.0,0,0.3,0.0,0.0,1.0,0.7,2.0,1.0,0.25,1.0,0.25
s1_2.0,0.9871594682941982,0.11939134739044656,1.0,-0.107549935455618,83,158,50,3,3,100,0.0,0,0.3,0.0,0.0,1.0,0.7,2.0,1.0,0.25,1.0,0.25
s1_2.0,0.9486296509577423,0.1120986176695337,1.0,-0.45826032568659564,84,159,50,3,3,100,0.0,0,0.3,0.0,0.0,1.0,0.7,2.0,1.0,0.25,1.0,0.25
s1_2.0,0.8293521810390839,0.12152807797998885,1.0,-1.4041842987841495,85,160,50,3,3,100,0.0,0,0.3,0.0,0.0,1.0,0.7,2.0,1.0,0.25,1.0,0.25
s1_2.0,1.159693562204226,0.13678481410707596,1.0,1.1674802005375893,86,161,50,3,3,100,0.0,0,0.3,0.0,0.0,1.0,0.7,2.0,1.0,0.25,1.0,0.25
s1_2.0,0.7271077987741873,0.11094044493244941,1.0,-2.4598080654172083,87,162,50,3,3,100,0.0,0,0.3,0.0,0.0,1.0,0.7,2.0,1.0,0.25,1.0,0.25
s1_2.0,0.9197832274573584,0.22833579618565988,1.0,-0.3513105429926428,88,163,50,3,3,100,0.0,0,0.3,0.0,0.0,1.0,0.7,2.0,1.0,0.25,1.0,0.25
s1_2.0,0.9680932250680101,0.11009449990316392,1.0,-0.2898126151629211,89,164,50,3,3,100,0.0,0,0.3,0.0,0.0,1.0,0.7,2.0,1.0,0.25,1.0,0.25
s1_2.0,0.6994736306198375,0.197557366792291,1.0,-1.5212106450888854,90,165,50,3,3,100,0.0,0,0.3,0.0,0.0,1.0,0.7,2.0,1.0,0.25,1.0,0.25
s1_2.0,0.9384498715893244,0.11796200454384854,1.0,-0.5217792682371414,91,166,50,3,3,100,0.0,0,0.3,0.0,0.0,1.0,0.7,2.0,1.0,0.25,1.0,0.25
s1_2.0,1.1553808132155896,0.10072220787466694,1.0,1.5426668705369997,92,167,50,3,3,100,0.0,0,0.3,0.0,0.0,1.0,0.7,2.0,1.0,0.25,1.0,0.25
s1_2.0,0.679747610868129,0.13664923159378653,1.0,-2.343609147279193,93,168,50,3,3,100,0.0,0,0.3,0.0,0.0,1.0,0.7,2.0,1.0,0.25,1.0,0.25
s1_2.0,0.7808950994153243,0.17546290274116758,1.0,-1.248724927957485,94,169,50,3,3,100,0.0,0,0.3,0.0,0.0,1.0,0.7,2.0,1.0,0.25,1.0,0.25
s1_2.0,0.922629976693731,0.11689975009887255,1.0,-0.6618493473324814,95,170,50,3,3,100,0.0,0,0.3,0.0,0.0,1.0,0.7,2.0,1.0,0.25,1.0,0.25
s1_2.0,0.9016879705614207,0.1599743018334681,1.0,-0.6145488888641708,96,171,50,3,3,100,0.0,0,0.3,0.0,0.0,1.0,0.7,2.0,1.0,0.25,1.0,0.25
s1_2.0,1.08450631950454,0.18657847046712156,1.0,0.4529264244313302,97,172,50,3,3,100,0.0,0,0.3,0.0,0.0,1.0,0.7,2.0,1.0,0.25,1.0,0.25
s1_2.0,0.9217252030593518,0.15585854429170745,1.0,-0.5022169127548618,98,173,50,3,3,100,0.0,0,0.3,0.0,0.0,1.0,0.7,2.0,1.0,0.25,1.0,0.25
s1_2.0,0.9837349206731228,0.13139672258740567,1.0,-0.12378603519625499,99,174,50,3,3,100,0.0,0,0.3,0.0,0.0,1.0,0.7,2.0,1.0,0.25,1.0,0.25
