config_name,theta_hat,se,true_effect,z,run_id,seed_used,n_samples,d_dim,dgp_num,n_runs,nonlinearity,sparse_k,skewness,interaction,heterogeneous,noise_std,rho,s1,a0,a1,b0,b1
0_基准,1.0654740401106417,0.0696316588300775,1.0,0.940291258469346,0,60,200,30,2,100,0.0,0,0.3,0.0,0.0,1.0,0.7,1.0,1.0,0.25,1.0,0.25
0_基准,1.0631278724536974,0.06466406605496387,1.0,0.9762434734623604,1,61,200,30,2,100,0.0,0,0.3,0.0,0.0,1.0,0.7,1.0,1.0,0.25,1.0,0.25
0_基准,0.9793042284650113,0.07850390097039371,1.0,-0.2636273010534052,2,62,200,30,2,100,0.0,0,0.3,0.0,0.0,1.0,0.7,1.0,1.0,0.25,1.0,0.25
0_基准,0.9995749588738795,0.07661747697851425,1.0,-0.005547574037705674,3,63,200,30,2,100,0.0,0,0.3,0.0,0.0,1.0,0.7,1.0,1.0,0.25,1.0,0.25
0_基准,0.9585896019503344,0.0705303518888732,1.0,-0.5871287600395267,4,64,200,30,2,100,0.0,0,0.3,0.0,0.0,1.0,0.7,1.0,1.0,0.25,1.0,0.25
0_基准,0.8731517968503928,0.08639481368681867,1.0,-1.4682386330437858,5,65,200,30,2,100,0.0,0,0.3,0.0,0.0,1.0,0.7,1.0,1.0,0.25,1.0,0.25
0_基准,1.0952917573630525,0.06406717405391728,1.0,1.487372570590634,6,66,200,30,2,100,0.0,0,0.3,0.0,0.0,1.0,0.7,1.0,1.0,0.25,1.0,0.25
0_基准,1.0009900064009019,0.0678360573910944,1.0,0.014594102885345813,7,67,200,30,2,100,0.0,0,0.3,0.0,0.0,1.0,0.7,1.0,1.0,0.25,1.0,0.25
0_基准,0.9273214242624455,0.06250254507386314,1.0,-1.1628098608091197,8,68,200,30,2,100,0.0,0,0.3,0.0,0.0,1.0,0.7,1.0,1.0,0.25,1.0,0.25
0_基准,1.1058577624393726,0.07805021763963163,1.0,1.356277607426185,9,69,200,30,2,100,0.0,0,0.3,0.0,0.0,1.0,0.7,1.0,1.0,0.25,1.0,0.25
0_基准,0.9920890331772843,0.059942826723754096,1.0,-0.13197520462579046,10,70,200,30,2,100,0.0,0,0.3,0.0,0.0,1.0,0.7,1.0,1.0,0.25,1.0,0.25
0_基准,0.9276638273884726,0.06809480494708325,1.0,-1.0622862150459216,11,71,200,30,2,100,0.0,0,0.3,0.0,0.0,1.0,0.7,1.0,1.0,0.25,1.0,0.25
0_基准,1.0437131341915247,0.0641666189693968,1.0,0.6812441561300421,12,72,200,30,2,100,0.0,0,0.3,0.0,0.0,1.0,0.7,1.0,1.0,0.25,1.0,0.25
0_基准,0.9477390146786681,0.07191347983910557,1.0,-0.726720295530924,13,73,200,30,2,100,0.0,0,0.3,0.0,0.0,1.0,0.7,1.0,1.0,0.25,1.0,0.25
0_基准,0.965997326054329,0.06690718885424075,1.0,-0.5082065847923581,14,74,200,30,2,100,0.0,0,0.3,0.0,0.0,1.0,0.7,1.0,1.0,0.25,1.0,0.25
0_基准,1.0512943428690076,0.09580171360905756,1.0,0.5354219766707593,15,75,200,30,2,100,0.0,0,0.3,0.0,0.0,1.0,0.7,1.0,1.0,0.25,1.0,0.25
0_基准,0.8182757621295705,0.06646213873160689,1.0,-2.7342520318866637,16,76,200,30,2,100,0.0,0,0.3,0.0,0.0,1.0,0.7,1.0,1.0,0.25,1.0,0.25
0_基准,1.0743018155174657,0.07123379448824653,1.0,1.043069740300377,17,77,200,30,2,100,0.0,0,0.3,0.0,0.0,1.0,0.7,1.0,1.0,0.25,1.0,0.25
0_基准,1.0902248299173614,0.07705158644921807,1.0,1.170966544301139,18,78,200,30,2,100,0.0,0,0.3,0.0,0.0,1.0,0.7,1.0,1.0,0.25,1.0,0.25
0_基准,1.048947907783316,0.06959881869962178,1.0,0.7032864737915719,19,79,200,30,2,100,0.0,0,0.3,0.0,0.0,1.0,0.7,1.0,1.0,0.25,1.0,0.25
0_基准,0.9037327819309688,0.06483253526107224,1.0,-1.4848596878307396,20,80,200,30,2,100,0.0,0,0.3,0.0,0.0,1.0,0.7,1.0,1.0,0.25,1.0,0.25
0_基准,1.056193169589065,0.07561118045168175,1.0,0.7431859845776961,21,81,200,30,2,100,0.0,0,0.3,0.0,0.0,1.0,0.7,1.0,1.0,0.25,1.0,0.25
0_基准,1.0056656991653086,0.08681534713328024,1.0,0.06526149295481709,22,82,200,30,2,100,0.0,0,0.3,0.0,0.0,1.0,0.7,1.0,1.0,0.25,1.0,0.25
0_基准,0.916823969143852,0.058009670941865925,1.0,-1.4338304200949943,23,83,200,30,2,100,0.0,0,0.3,0.0,0.0,1.0,0.7,1.0,1.0,0.25,1.0,0.25
0_基准,0.9283505185925833,0.06052754546039807,1.0,-1.1837499912216902,24,84,200,30,2,100,0.0,0,0.3,0.0,0.0,1.0,0.7,1.0,1.0,0.25,1.0,0.25
0_基准,1.0255072542716337,0.07444849156950231,1.0,0.3426161327636985,25,85,200,30,2,100,0.0,0,0.3,0.0,0.0,1.0,0.7,1.0,1.0,0.25,1.0,0.25
0_基准,1.1181915782974827,0.0788520486208928,1.0,1.4989030768969323,26,86,200,30,2,100,0.0,0,0.3,0.0,0.0,1.0,0.7,1.0,1.0,0.25,1.0,0.25
0_基准,0.9621147467168171,0.06935433782146637,1.0,-0.5462564343229414,27,87,200,30,2,100,0.0,0,0.3,0.0,0.0,1.0,0.7,1.0,1.0,0.25,1.0,0.25
0_基准,0.8924928724802599,0.06594224351332709,1.0,-1.63032256398757,28,88,200,30,2,100,0.0,0,0.3,0.0,0.0,1.0,0.7,1.0,1.0,0.25,1.0,0.25
0_基准,0.904819958299335,0.07654812185218603,1.0,-1.243401397678405,29,89,200,30,2,100,0.0,0,0.3,0.0,0.0,1.0,0.7,1.0,1.0,0.25,1.0,0.25
0_基准,1.0355451953683026,0.06286935315574703,1.0,0.5653819163726089,30,90,200,30,2,100,0.0,0,0.3,0.0,0.0,1.0,0.7,1.0,1.0,0.25,1.0,0.25
0_基准,0.9708185387936066,0.07535474973079133,1.0,-0.38725443732008497,31,91,200,30,2,100,0.0,0,0.3,0.0,0.0,1.0,0.7,1.0,1.0,0.25,1.0,0.25
0_基准,1.0539608216336092,0.07771773325345506,1.0,0.6943180066463177,32,92,200,30,2,100,0.0,0,0.3,0.0,0.0,1.0,0.7,1.0,1.0,0.25,1.0,0.25
0_基准,1.0628929452968576,0.0581131330743981,1.0,1.0822501209208644,33,93,200,30,2,100,0.0,0,0.3,0.0,0.0,1.0,0.7,1.0,1.0,0.25,1.0,0.25
0_基准,0.9396927402281656,0.07287050897990238,1.0,-0.8275948750195646,34,94,200,30,2,100,0.0,0,0.3,0.0,0.0,1.0,0.7,1.0,1.0,0.25,1.0,0.25
0_基准,0.8648552322378891,0.06404030481661097,1.0,-2.1103080028915895,35,95,200,30,2,100,0.0,0,0.3,0.0,0.0,1.0,0.7,1.0,1.0,0.25,1.0,0.25
0_基准,1.0347763729045565,0.06800251470608615,1.0,0.5113983365889267,36,96,200,30,2,100,0.0,0,0.3,0.0,0.0,1.0,0.7,1.0,1.0,0.25,1.0,0.25
0_基准,1.0428111563587346,0.0738650224992105,1.0,0.5795863171799907,37,97,200,30,2,100,0.0,0,0.3,0.0,0.0,1.0,0.7,1.0,1.0,0.25,1.0,0.25
0_基准,0.9100480935261076,0.06660899719494207,1.0,-1.350446790403307,38,98,200,30,2,100,0.0,0,0.3,0.0,0.0,1.0,0.7,1.0,1.0,0.25,1.0,0.25
0_基准,0.9313876579914465,0.07128669782917024,1.0,-0.9624845040932388,39,99,200,30,2,100,0.0,0,0.3,0.0,0.0,1.0,0.7,1.0,1.0,0.25,1.0,0.25
0_基准,0.7411315734503848,0.06679611423319397,1.0,-3.875501285087807,40,100,200,30,2,100,0.0,0,0.3,0.0,0.0,1.0,0.7,1.0,1.0,0.25,1.0,0.25
0_基准,0.9189460140293996,0.0769450768770564,1.0,-1.0534005456919522,41,101,200,30,2,100,0.0,0,0.3,0.0,0.0,1.0,0.7,1.0,1.0,0.25,1.0,0.25
0_基准,1.0960422688869278,0.06706071867215599,1.0,1.4321687984952227,42,102,200,30,2,100,0.0,0,0.3,0.0,0.0,1.0,0.7,1.0,1.0,0.25,1.0,0.25
0_基准,0.9055886737894769,0.07696322062944608,1.0,-1.2267070613518654,43,103,200,30,2,100,0.0,0,0.3,0.0,0.0,1.0,0.7,1.0,1.0,0.25,1.0,0.25
0_基准,0.941360999872298,0.06980775506944718,1.0,-0.840006960105877,44,104,200,30,2,100,0.0,0,0.3,0.0,0.0,1.0,0.7,1.0,1.0,0.25,1.0,0.25
0_基准,0.9497075568314808,0.06955298974061831,1.0,-0.7230809682814956,45,105,200,30,2,100,0.0,0,0.3,0.0,0.0,1.0,0.7,1.0,1.0,0.25,1.0,0.25
0_基准,1.1087675706505078,0.06931217946251124,1.0,1.5692418200373677,46,106,200,30,2,100,0.0,0,0.3,0.0,0.0,1.0,0.7,1.0,1.0,0.25,1.0,0.25
0_基准,1.0038267579600815,0.0647562063732436,1.0,0.05909484471688629,47,107,200,30,2,100,0.0,0,0.3,0.0,0.0,1.0,0.7,1.0,1.0,0.25,1.0,0.25
0_基准,0.9584963083040136,0.07099172793912974,1.0,-0.5846271516531173,48,108,200,30,2,100,0.0,0,0.3,0.0,0.0,1.0,0.7,1.0,1.0,0.25,1.0,0.25
0_基准,1.0879361600928572,0.07542885010975137,1.0,1.1658159969946156,49,109,200,30,2,100,0.0,0,0.3,0.0,0.0,1.0,0.7,1.0,1.0,0.25,1.0,0.25
0_基准,0.8776785094057806,0.06651682244090769,1.0,-1.8389557123370937,50,110,200,30,2,100,0.0,0,0.3,0.0,0.0,1.0,0.7,1.0,1.0,0.25,1.0,0.25
0_基准,0.9460276522406346,0.07751935904829466,1.0,-0.6962434728819236,51,111,200,30,2,100,0.0,0,0.3,0.0,0.0,1.0,0.7,1.0,1.0,0.25,1.0,0.25
0_基准,0.8747122462700047,0.07289672173622273,1.0,-1.7187021685741906,52,112,200,30,2,100,0.0,0,0.3,0.0,0.0,1.0,0.7,1.0,1.0,0.25,1.0,0.25
0_基准,0.9641519225201582,0.07137545704870381,1.0,-0.5022465559188004,53,113,200,30,2,100,0.0,0,0.3,0.0,0.0,1.0,0.7,1.0,1.0,0.25,1.0,0.25
0_基准,0.9252955049710619,0.08671972420572442,1.0,-0.8614475623990369,54,114,200,30,2,100,0.0,0,0.3,0.0,0.0,1.0,0.7,1.0,1.0,0.25,1.0,0.25
0_基准,0.9618327346398516,0.06931541327677002,1.0,-0.550631721804067,55,115,200,30,2,100,0.0,0,0.3,0.0,0.0,1.0,0.7,1.0,1.0,0.25,1.0,0.25
0_基准,0.9204966065753696,0.07589259303985942,1.0,-1.047577770637967,56,116,200,30,2,100,0.0,0,0.3,0.0,0.0,1.0,0.7,1.0,1.0,0.25,1.0,0.25
0_基准,1.0041010458454742,0.07775772004110096,1.0,0.052741333507547505,57,117,200,30,2,100,0.0,0,0.3,0.0,0.0,1.0,0.7,1.0,1.0,0.25,1.0,0.25
0_基准,0.9428793661132451,0.06688207761818883,1.0,-0.8540499326716602,58,118,200,30,2,100,0.0,0,0.3,0.0,0.0,1.0,0.7,1.0,1.0,0.25,1.0,0.25
0_基准,0.9833352025282798,0.07533662002280736,1.0,-0.22120447488452677,59,119,200,30,2,100,0.0,0,0.3,0.0,0.0,1.0,0.7,1.0,1.0,0.25,1.0,0.25
0_基准,1.0583811078896117,0.07146196740821169,1.0,0.8169535489573316,60,120,200,30,2,100,0.0,0,0.3,0.0,0.0,1.0,0.7,1.0,1.0,0.25,1.0,0.25
0_基准,0.9817187559599369,0.06301198008710904,1.0,-0.29012330694561234,61,121,200,30,2,100,0.0,0,0.3,0.0,0.0,1.0,0.7,1.0,1.0,0.25,1.0,0.25
0_基准,0.9958453040354526,0.06124652603623102,1.0,-0.06783561833514727,62,122,200,30,2,100,0.0,0,0.3,0.0,0.0,1.0,0.7,1.0,1.0,0.25,1.0,0.25
0_基准,0.9124073300187693,0.08594472971434314,1.0,-1.0191744190989358,63,123,200,30,2,100,0.0,0,0.3,0.0,0.0,1.0,0.7,1.0,1.0,0.25,1.0,0.25
0_基准,1.048150686723769,0.06457314598557598,1.0,0.7456766429581231,64,124,200,30,2,100,0.0,0,0.3,0.0,0.0,1.0,0.7,1.0,1.0,0.25,1.0,0.25
0_基准,1.1143647545592572,0.06600148566819829,1.0,1.7327603068541524,65,125,200,30,2,100,0.0,0,0.3,0.0,0.0,1.0,0.7,1.0,1.0,0.25,1.0,0.25
0_基准,1.0544976229841327,0.0748632951132482,1.0,0.7279618523562498,66,126,200,30,2,100,0.0,0,0.3,0.0,0.0,1.0,0.7,1.0,1.0,0.25,1.0,0.25
0_基准,0.9848465700235345,0.06460361553408712,1.0,-0.2345600915860512,67,127,200,30,2,100,0.0,0,0.3,0.0,0.0,1.0,0.7,1.0,1.0,0.25,1.0,0.25
0_基准,0.9121136134950325,0.07269212123389655,1.0,-1.209022174799128,68,128,200,30,2,100,0.0,0,0.3,0.0,0.0,1.0,0.7,1.0,1.0,0.25,1.0,0.25
0_基准,0.9663380717233626,0.07316863694144216,1.0,-0.460059523912923,69,129,200,30,2,100,0.0,0,0.3,0.0,0.0,1.0,0.7,1.0,1.0,0.25,1.0,0.25
0_基准,0.7920901226983756,0.08317480174816398,1.0,-2.499673854722639,70,130,200,30,2,100,0.0,0,0.3,0.0,0.0,1.0,0.7,1.0,1.0,0.25,1.0,0.25
0_基准,0.9210385938598953,0.06531751370306443,1.0,-1.208885667312229,71,131,200,30,2,100,0.0,0,0.3,0.0,0.0,1.0,0.7,1.0,1.0,0.25,1.0,0.25
0_基准,0.9309768156340368,0.05093894907084757,1.0,-1.35501783262084,72,132,200,30,2,100,0.0,0,0.3,0.0,0.0,1.0,0.7,1.0,1.0,0.25,1.0,0.25
0_基准,1.0127607569157464,0.07831725677681452,1.0,0.1629367197080398,73,133,200,30,2,100,0.0,0,0.3,0.0,0.0,1.0,0.7,1.0,1.0,0.25,1.0,0.25
0_基准,0.980632593947318,0.07567304523744449,1.0,-0.25593533327371076,74,134,200,30,2,100,0.0,0,0.3,0.0,0.0,1.0,0.7,1.0,1.0,0.25,1.0,0.25
0_基准,0.8764978054000523,0.07928657135161801,1.0,-1.557668499149035,75,135,200,30,2,100,0.0,0,0.3,0.0,0.0,1.0,0.7,1.0,1.0,0.25,1.0,0.25
0_基准,0.9590626197159438,0.06481493514778586,1.0,-0.6316041231965146,76,136,200,30,2,100,0.0,0,0.3,0.0,0.0,1.0,0.7,1.0,1.0,0.25,1.0,0.25
0_基准,0.8345646498900082,0.07645068223321139,1.0,-2.1639486434579394,77,137,200,30,2,100,0.0,0,0.3,0.0,0.0,1.0,0.7,1.0,1.0,0.25,1.0,0.25
0_基准,0.893969378074909,0.06936211981395526,1.0,-1.5286531353062582,78,138,200,30,2,100,0.0,0,0.3,0.0,0.0,1.0,0.7,1.0,1.0,0.25,1.0,0.25
0_基准,0.887950406982262,0.07524376963287088,1.0,-1.489154431847978,79,139,200,30,2,100,0.0,0,0.3,0.0,0.0,1.0,0.7,1.0,1.0,0.25,1.0,0.25
0_基准,0.9338664199633889,0.0830168652727873,1.0,-0.7966282492033516,80,140,200,30,2,100,0.0,0,0.3,0.0,0.0,1.0,0.7,1.0,1.0,0.25,1.0,0.25
0_基准,1.0770993117037975,0.08065689302296922,1.0,0.955892408127367,81,141,200,30,2,100,0.0,0,0.3,0.0,0.0,1.0,0.7,1.0,1.0,0.25,1.0,0.25
0_基准,0.8959570676789805,0.07875233799141872,1.0,-1.3211408699047964,82,142,200,30,2,100,0.0,0,0.3,0.0,0.0,1.0,0.7,1.0,1.0,0.25,1.0,0.25
0_基准,0.9934632399733784,0.07357631202814706,1.0,-0.0888432682535236,83,143,200,30,2,100,0.0,0,0.3,0.0,0.0,1.0,0.7,1.0,1.0,0.25,1.0,0.25
0_基准,0.8468511722827701,0.07750018416065958,1.0,-1.9761092102665079,84,144,200,30,2,100,0.0,0,0.3,0.0,0.0,1.0,0.7,1.0,1.0,0.25,1.0,0.25
0_基准,0.8888023096530571,0.08502039651864496,1.0,-1.3078942806689604,85,145,200,30,2,100,0.0,0,0.3,0.0,0.0,1.0,0.7,1.0,1.0,0.25,1.0,0.25
0_基准,0.9805766828266873,0.07321672981037879,1.0,-0.2652852322633966,86,146,200,30,2,100,0.0,0,0.3,0.0,0.0,1.0,0.7,1.0,1.0,0.25,1.0,0.25
0_基准,1.0352172048914492,0.06891039050959216,1.0,0.5110579787898175,87,147,200,30,2,100,0.0,0,0.3,0.0,0.0,1.0,0.7,1.0,1.0,0.25,1.0,0.25
0_基准,1.0366612400163586,0.08740601609021212,1.0,0.41943611728648517,88,148,200,30,2,100,0.0,0,0.3,0.0,0.0,1.0,0.7,1.0,1.0,0.25,1.0,0.25
0_基准,0.8704401767594829,0.07444303817800021,1.0,-1.7403887107714155,89,149,200,30,2,100,0.0,0,0.3,0.0,0.0,1.0,0.7,1.0,1.0,0.25,1.0,0.25
0_基准,1.047538751908365,0.07208498308830932,1.0,0.6594820428843906,90,150,200,30,2,100,0.0,0,0.3,0.0,0.0,1.0,0.7,1.0,1.0,0.25,1.0,0.25
0_基准,1.0235702970891996,0.06488349522903322,1.0,0.3632710754252435,91,151,200,30,2,100,0.0,0,0.3,0.0,0.0,1.0,0.7,1.0,1.0,0.25,1.0,0.25
0_基准,0.9293615420315916,0.0633306273768657,1.0,-1.1153917289979698,92,152,200,30,2,100,0.0,0,0.3,0.0,0.0,1.0,0.7,1.0,1.0,0.25,1.0,0.25
0_基准,1.0965717284546774,0.06452330215712143,1.0,1.4966953833130627,93,153,200,30,2,100,0.0,0,0.3,0.0,0.0,1.0,0.7,1.0,1.0,0.25,1.0,0.25
0_基准,1.0541381145509037,0.07796809318128846,1.0,0.6943624288082021,94,154,200,30,2,100,0.0,0,0.3,0.0,0.0,1.0,0.7,1.0,1.0,0.25,1.0,0.25
0_基准,0.8838536352202768,0.06708553920747057,1.0,-1.7313174515975158,95,155,200,30,2,100,0.0,0,0.3,0.0,0.0,1.0,0.7,1.0,1.0,0.25,1.0,0.25
0_基准,0.8784126577780913,0.07381197300379867,1.0,-1.6472577181435226,96,156,200,30,2,100,0.0,0,0.3,0.0,0.0,1.0,0.7,1.0,1.0,0.25,1.0,0.25
0_基准,0.9610579994318456,0.06640480414346787,1.0,-0.5864334827947099,97,157,200,30,2,100,0.0,0,0.3,0.0,0.0,1.0,0.7,1.0,1.0,0.25,1.0,0.25
0_基准,1.1318002967319838,0.06615889733555094,1.0,1.99217795398715,98,158,200,30,2,100,0.0,0,0.3,0.0,0.0,1.0,0.7,1.0,1.0,0.25,1.0,0.25
0_基准,0.91283203917185,0.057530725920123586,1.0,-1.5151548921731872,99,159,200,30,2,100,0.0,0,0.3,0.0,0.0,1.0,0.7,1.0,1.0,0.25,1.0,0.25
inter_0.25,1.062158802792194,0.059904137031277,1.0,1.0376378973582374,0,61,200,30,2,100,0.0,0,0.3,0.25,0.0,1.0,0.7,1.0,1.0,0.25,1.0,0.25
inter_0.25,0.9446047747760794,0.09228629495354389,1.0,-0.6002540816250784,1,62,200,30,2,100,0.0,0,0.3,0.25,0.0,1.0,0.7,1.0,1.0,0.25,1.0,0.25
inter_0.25,0.940047608136988,0.08171150621134751,1.0,-0.7337080742086025,2,63,200,30,2,100,0.0,0,0.3,0.25,0.0,1.0,0.7,1.0,1.0,0.25,1.0,0.25
inter_0.25,0.9139311649264152,0.0786868686905822,1.0,-1.093814463656324,3,64,200,30,2,100,0.0,0,0.3,0.25,0.0,1.0,0.7,1.0,1.0,0.25,1.0,0.25
inter_0.25,0.9142921998560171,0.08659414545528409,1.0,-0.9897643737155551,4,65,200,30,2,100,0.0,0,0.3,0.25,0.0,1.0,0.7,1.0,1.0,0.25,1.0,0.25
inter_0.25,1.0667586996704652,0.07249790049971724,1.0,0.9208363167803126,5,66,200,30,2,100,0.0,0,0.3,0.25,0.0,1.0,0.7,1.0,1.0,0.25,1.0,0.25
inter_0.25,0.9437296895890698,0.06376462960987943,1.0,-0.8824690232688489,6,67,200,30,2,100,0.0,0,0.3,0.25,0.0,1.0,0.7,1.0,1.0,0.25,1.0,0.25
inter_0.25,0.9329713658012874,0.07205950315127393,1.0,-0.9301845178976597,7,68,200,30,2,100,0.0,0,0.3,0.25,0.0,1.0,0.7,1.0,1.0,0.25,1.0,0.25
inter_0.25,1.1529721476516166,0.10165266201874315,1.0,1.5048513694940024,8,69,200,30,2,100,0.0,0,0.3,0.25,0.0,1.0,0.7,1.0,1.0,0.25,1.0,0.25
inter_0.25,1.013738065861742,0.07467284892660328,1.0,0.18397672057812306,9,70,200,30,2,100,0.0,0,0.3,0.25,0.0,1.0,0.7,1.0,1.0,0.25,1.0,0.25
inter_0.25,0.9305526079350684,0.08174099519346498,1.0,-0.8496029672817554,10,71,200,30,2,100,0.0,0,0.3,0.25,0.0,1.0,0.7,1.0,1.0,0.25,1.0,0.25
inter_0.25,0.9829133946898686,0.07156251001720933,1.0,-0.23876475693798913,11,72,200,30,2,100,0.0,0,0.3,0.25,0.0,1.0,0.7,1.0,1.0,0.25,1.0,0.25
inter_0.25,0.91127662322476,0.08602995509963333,1.0,-1.0313079516604113,12,73,200,30,2,100,0.0,0,0.3,0.25,0.0,1.0,0.7,1.0,1.0,0.25,1.0,0.25
inter_0.25,0.9955122040353127,0.06892006188741089,1.0,-0.06511595958835091,13,74,200,30,2,100,0.0,0,0.3,0.25,0.0,1.0,0.7,1.0,1.0,0.25,1.0,0.25
inter_0.25,1.0541005307120974,0.10619435273070796,1.0,0.5094482834627543,14,75,200,30,2,100,0.0,0,0.3,0.25,0.0,1.0,0.7,1.0,1.0,0.25,1.0,0.25
inter_0.25,0.8645187351029873,0.08016087872030037,1.0,-1.690117012935173,15,76,200,30,2,100,0.0,0,0.3,0.25,0.0,1.0,0.7,1.0,1.0,0.25,1.0,0.25
inter_0.25,1.136803852758163,0.07453718640414045,1.0,1.8353772037545504,16,77,200,30,2,100,0.0,0,0.3,0.25,0.0,1.0,0.7,1.0,1.0,0.25,1.0,0.25
inter_0.25,1.1071052332276194,0.0826915916873555,1.0,1.2952372912661816,17,78,200,30,2,100,0.0,0,0.3,0.25,0.0,1.0,0.7,1.0,1.0,0.25,1.0,0.25
inter_0.25,0.9886930204733825,0.07833389402820815,1.0,-0.14434338630664606,18,79,200,30,2,100,0.0,0,0.3,0.25,0.0,1.0,0.7,1.0,1.0,0.25,1.0,0.25
inter_0.25,0.8576991350419657,0.09322526485193393,1.0,-1.5264195299851948,19,80,200,30,2,100,0.0,0,0.3,0.25,0.0,1.0,0.7,1.0,1.0,0.25,1.0,0.25
inter_0.25,1.0742526951978568,0.08661337948672165,1.0,0.8572889735729594,20,81,200,30,2,100,0.0,0,0.3,0.25,0.0,1.0,0.7,1.0,1.0,0.25,1.0,0.25
inter_0.25,0.9392467811508364,0.09598412491600196,1.0,-0.6329506978610291,21,82,200,30,2,100,0.0,0,0.3,0.25,0.0,1.0,0.7,1.0,1.0,0.25,1.0,0.25
inter_0.25,0.8721816493571101,0.06611003875172021,1.0,-1.9334181775769121,22,83,200,30,2,100,0.0,0,0.3,0.25,0.0,1.0,0.7,1.0,1.0,0.25,1.0,0.25
inter_0.25,0.9301550751011767,0.06544669958342743,1.0,-1.0672031644588786,23,84,200,30,2,100,0.0,0,0.3,0.25,0.0,1.0,0.7,1.0,1.0,0.25,1.0,0.25
inter_0.25,1.0092412051362314,0.0770872419872625,1.0,0.11987982574027436,24,85,200,30,2,100,0.0,0,0.3,0.25,0.0,1.0,0.7,1.0,1.0,0.25,1.0,0.25
inter_0.25,1.072581134390039,0.08011333027951918,1.0,0.9059807417417315,25,86,200,30,2,100,0.0,0,0.3,0.25,0.0,1.0,0.7,1.0,1.0,0.25,1.0,0.25
inter_0.25,0.9860622829862984,0.08210277175438704,1.0,-0.16975939686173713,26,87,200,30,2,100,0.0,0,0.3,0.25,0.0,1.0,0.7,1.0,1.0,0.25,1.0,0.25
inter_0.25,0.8541247149062166,0.07242388796842428,1.0,-2.014187434363961,27,88,200,30,2,100,0.0,0,0.3,0.25,0.0,1.0,0.7,1.0,1.0,0.25,1.0,0.25
inter_0.25,0.8940886924164038,0.0774247187023859,1.0,-1.3679262819243863,28,89,200,30,2,100,0.0,0,0.3,0.25,0.0,1.0,0.7,1.0,1.0,0.25,1.0,0.25
inter_0.25,0.9968898375187475,0.06901510904903804,1.0,-0.04506495061889437,29,90,200,30,2,100,0.0,0,0.3,0.25,0.0,1.0,0.7,1.0,1.0,0.25,1.0,0.25
inter_0.25,1.0078657652298817,0.07026344575277528,1.0,0.11194676187042833,30,91,200,30,2,100,0.0,0,0.3,0.25,0.0,1.0,0.7,1.0,1.0,0.25,1.0,0.25
inter_0.25,1.0316777936642072,0.08126080186626229,1.0,0.38982871121973417,31,92,200,30,2,100,0.0,0,0.3,0.25,0.0,1.0,0.7,1.0,1.0,0.25,1.0,0.25
inter_0.25,1.031346470524076,0.05791167169672982,1.0,0.5412807056966049,32,93,200,30,2,100,0.0,0,0.3,0.25,0.0,1.0,0.7,1.0,1.0,0.25,1.0,0.25
inter_0.25,0.8852306501648618,0.08781610302084121,1.0,-1.306928295461941,33,94,200,30,2,100,0.0,0,0.3,0.25,0.0,1.0,0.7,1.0,1.0,0.25,1.0,0.25
inter_0.25,0.9332677629053607,0.08563745714313716,1.0,-0.779241225987139,34,95,200,30,2,100,0.0,0,0.3,0.25,0.0,1.0,0.7,1.0,1.0,0.25,1.0,0.25
inter_0.25,0.9588109722841257,0.0794040337635271,1.0,-0.5187271447510993,35,96,200,30,2,100,0.0,0,0.3,0.25,0.0,1.0,0.7,1.0,1.0,0.25,1.0,0.25
inter_0.25,1.0791596139409916,0.08363122613886569,1.0,0.9465317871766079,36,97,200,30,2,100,0.0,0,0.3,0.25,0.0,1.0,0.7,1.0,1.0,0.25,1.0,0.25
inter_0.25,0.9260367810593952,0.06833062519886117,1.0,-1.0824314679596618,37,98,200,30,2,100,0.0,0,0.3,0.25,0.0,1.0,0.7,1.0,1.0,0.25,1.0,0.25
inter_0.25,0.8914902109065929,0.07495894149431796,1.0,-1.4475896661592054,38,99,200,30,2,100,0.0,0,0.3,0.25,0.0,1.0,0.7,1.0,1.0,0.25,1.0,0.25
inter_0.25,0.7337435892007378,0.06874355268540058,1.0,-3.8731837444852983,39,100,200,30,2,100,0.0,0,0.3,0.25,0.0,1.0,0.7,1.0,1.0,0.25,1.0,0.25
inter_0.25,0.8517400167474017,0.07444062412444617,1.0,-1.9916542210170687,40,101,200,30,2,100,0.0,0,0.3,0.25,0.0,1.0,0.7,1.0,1.0,0.25,1.0,0.25
inter_0.25,1.1404581366105058,0.08242567115238449,1.0,1.7040581489574254,41,102,200,30,2,100,0.0,0,0.3,0.25,0.0,1.0,0.7,1.0,1.0,0.25,1.0,0.25
inter_0.25,0.8933452803211301,0.07882319605674859,1.0,-1.35308798696876,42,103,200,30,2,100,0.0,0,0.3,0.25,0.0,1.0,0.7,1.0,1.0,0.25,1.0,0.25
inter_0.25,0.9659813508138735,0.0864816158000978,1.0,-0.393362784348995,43,104,200,30,2,100,0.0,0,0.3,0.25,0.0,1.0,0.7,1.0,1.0,0.25,1.0,0.25
inter_0.25,1.0138926778390478,0.0769176173810972,1.0,0.18061763107162981,44,105,200,30,2,100,0.0,0,0.3,0.25,0.0,1.0,0.7,1.0,1.0,0.25,1.0,0.25
inter_0.25,1.0759308354573056,0.08499876684300063,1.0,0.8933169065564892,45,106,200,30,2,100,0.0,0,0.3,0.25,0.0,1.0,0.7,1.0,1.0,0.25,1.0,0.25
inter_0.25,0.944691165121982,0.07847126612894782,1.0,-0.7048291381858397,46,107,200,30,2,100,0.0,0,0.3,0.25,0.0,1.0,0.7,1.0,1.0,0.25,1.0,0.25
inter_0.25,0.904350137787304,0.06514833287564804,1.0,-1.4681858766097329,47,108,200,30,2,100,0.0,0,0.3,0.25,0.0,1.0,0.7,1.0,1.0,0.25,1.0,0.25
inter_0.25,1.0645700270842096,0.08164361158376805,1.0,0.7908766629947447,48,109,200,30,2,100,0.0,0,0.3,0.25,0.0,1.0,0.7,1.0,1.0,0.25,1.0,0.25
inter_0.25,0.9005573391254679,0.09903983269649466,1.0,-1.00406733500118,49,110,200,30,2,100,0.0,0,0.3,0.25,0.0,1.0,0.7,1.0,1.0,0.25,1.0,0.25
inter_0.25,0.9198482475153644,0.08060962170028396,1.0,-0.994319918565667,50,111,200,30,2,100,0.0,0,0.3,0.25,0.0,1.0,0.7,1.0,1.0,0.25,1.0,0.25
inter_0.25,0.8476912058459894,0.07312374772408237,1.0,-2.0828909744713426,51,112,200,30,2,100,0.0,0,0.3,0.25,0.0,1.0,0.7,1.0,1.0,0.25,1.0,0.25
inter_0.25,0.9431906298767385,0.07775869676151469,1.0,-0.730585419885513,52,113,200,30,2,100,0.0,0,0.3,0.25,0.0,1.0,0.7,1.0,1.0,0.25,1.0,0.25
inter_0.25,0.850317658298998,0.08846423048148991,1.0,-1.6920097635656401,53,114,200,30,2,100,0.0,0,0.3,0.25,0.0,1.0,0.7,1.0,1.0,0.25,1.0,0.25
inter_0.25,0.950141391093042,0.07944015957574577,1.0,-0.627624732543722,54,115,200,30,2,100,0.0,0,0.3,0.25,0.0,1.0,0.7,1.0,1.0,0.25,1.0,0.25
inter_0.25,0.905415960855623,0.08424553078392631,1.0,-1.1227187752780257,55,116,200,30,2,100,0.0,0,0.3,0.25,0.0,1.0,0.7,1.0,1.0,0.25,1.0,0.25
inter_0.25,0.9315575834682217,0.08852185686290333,1.0,-0.7731696889026772,56,117,200,30,2,100,0.0,0,0.3,0.25,0.0,1.0,0.7,1.0,1.0,0.25,1.0,0.25
inter_0.25,0.9451298579682793,0.07128924920312078,1.0,-0.7696832642378099,57,118,200,30,2,100,0.0,0,0.3,0.25,0.0,1.0,0.7,1.0,1.0,0.25,1.0,0.25
inter_0.25,0.9241672189087454,0.08834917160057115,1.0,-0.8583304146200318,58,119,200,30,2,100,0.0,0,0.3,0.25,0.0,1.0,0.7,1.0,1.0,0.25,1.0,0.25
inter_0.25,0.9928129999017867,0.0730323330443397,1.0,-0.09840846921663954,59,120,200,30,2,100,0.0,0,0.3,0.25,0.0,1.0,0.7,1.0,1.0,0.25,1.0,0.25
inter_0.25,0.9577198442480219,0.07415022320163918,1.0,-0.5701959336926639,60,121,200,30,2,100,0.0,0,0.3,0.25,0.0,1.0,0.7,1.0,1.0,0.25,1.0,0.25
inter_0.25,0.9394445077108782,0.0689337492573706,1.0,-0.8784592879611441,61,122,200,30,2,100,0.0,0,0.3,0.25,0.0,1.0,0.7,1.0,1.0,0.25,1.0,0.25
inter_0.25,0.9143436236326986,0.08599352778372435,1.0,-0.9960793396304092,62,123,200,30,2,100,0.0,0,0.3,0.25,0.0,1.0,0.7,1.0,1.0,0.25,1.0,0.25
inter_0.25,1.0809462666231011,0.07542544815181208,1.0,1.0731956999470131,63,124,200,30,2,100,0.0,0,0.3,0.25,0.0,1.0,0.7,1.0,1.0,0.25,1.0,0.25
inter_0.25,1.051480329286712,0.07518023730479949,1.0,0.6847588027422414,64,125,200,30,2,100,0.0,0,0.3,0.25,0.0,1.0,0.7,1.0,1.0,0.25,1.0,0.25
inter_0.25,1.0414930588913989,0.07333472952088652,1.0,0.5658036671367446,65,126,200,30,2,100,0.0,0,0.3,0.25,0.0,1.0,0.7,1.0,1.0,0.25,1.0,0.25
inter_0.25,1.014825542983542,0.07086339715321432,1.0,0.2092129869456804,66,127,200,30,2,100,0.0,0,0.3,0.25,0.0,1.0,0.7,1.0,1.0,0.25,1.0,0.25
inter_0.25,0.9130473159189078,0.07605058647019895,1.0,-1.1433532352201567,67,128,200,30,2,100,0.0,0,0.3,0.25,0.0,1.0,0.7,1.0,1.0,0.25,1.0,0.25
inter_0.25,0.9693521624660012,0.07942726767985402,1.0,-0.38586040322487813,68,129,200,30,2,100,0.0,0,0.3,0.25,0.0,1.0,0.7,1.0,1.0,0.25,1.0,0.25
inter_0.25,0.8613297132649076,0.07307988331991974,1.0,-1.8975165317114617,69,130,200,30,2,100,0.0,0,0.3,0.25,0.0,1.0,0.7,1.0,1.0,0.25,1.0,0.25
inter_0.25,0.9610360583718649,0.07417130541798238,1.0,-0.5253236599862854,70,131,200,30,2,100,0.0,0,0.3,0.25,0.0,1.0,0.7,1.0,1.0,0.25,1.0,0.25
inter_0.25,0.9196447986471964,0.06298499059167287,1.0,-1.2757833350129486,71,132,200,30,2,100,0.0,0,0.3,0.25,0.0,1.0,0.7,1.0,1.0,0.25,1.0,0.25
inter_0.25,1.0174245950416123,0.10231693491551,1.0,0.1703002054938508,72,133,200,30,2,100,0.0,0,0.3,0.25,0.0,1.0,0.7,1.0,1.0,0.25,1.0,0.25
inter_0.25,0.9801620802875194,0.08240678917537438,1.0,-0.24073161824400724,73,134,200,30,2,100,0.0,0,0.3,0.25,0.0,1.0,0.7,1.0,1.0,0.25,1.0,0.25
inter_0.25,0.8843467755494295,0.08165447627362053,1.0,-1.4163733542668455,74,135,200,30,2,100,0.0,0,0.3,0.25,0.0,1.0,0.7,1.0,1.0,0.25,1.0,0.25
inter_0.25,0.9175803683255936,0.08786670575383106,1.0,-0.9380075304668264,75,136,200,30,2,100,0.0,0,0.3,0.25,0.0,1.0,0.7,1.0,1.0,0.25,1.0,0.25
inter_0.25,0.871503642684263,0.10338410540788884,1.0,-1.2429024443242123,76,137,200,30,2,100,0.0,0,0.3,0.25,0.0,1.0,0.7,1.0,1.0,0.25,1.0,0.25
inter_0.25,0.9570069067650563,0.10748442622984862,1.0,-0.39999369902208637,77,138,200,30,2,100,0.0,0,0.3,0.25,0.0,1.0,0.7,1.0,1.0,0.25,1.0,0.25
inter_0.25,0.9183957147381372,0.08511146941218516,1.0,-0.9587930489915824,78,139,200,30,2,100,0.0,0,0.3,0.25,0.0,1.0,0.7,1.0,1.0,0.25,1.0,0.25
inter_0.25,0.877805266180598,0.07923075576198359,1.0,-1.5422638929065142,79,140,200,30,2,100,0.0,0,0.3,0.25,0.0,1.0,0.7,1.0,1.0,0.25,1.0,0.25
inter_0.25,1.1495528688009622,0.08874240249536385,1.0,1.6852470137798585,80,141,200,30,2,100,0.0,0,0.3,0.25,0.0,1.0,0.7,1.0,1.0,0.25,1.0,0.25
inter_0.25,0.8854621229511294,0.07918881048703094,1.0,-1.4463896647068457,81,142,200,30,2,100,0.0,0,0.3,0.25,0.0,1.0,0.7,1.0,1.0,0.25,1.0,0.25
inter_0.25,0.9867263498483057,0.07070430151831679,1.0,-0.1877346903463243,82,143,200,30,2,100,0.0,0,0.3,0.25,0.0,1.0,0.7,1.0,1.0,0.25,1.0,0.25
inter_0.25,0.825289021755743,0.07525802662136706,1.0,-2.3214929501573387,83,144,200,30,2,100,0.0,0,0.3,0.25,0.0,1.0,0.7,1.0,1.0,0.25,1.0,0.25
inter_0.25,0.8638948043132226,0.09843969199721049,1.0,-1.3826251680128603,84,145,200,30,2,100,0.0,0,0.3,0.25,0.0,1.0,0.7,1.0,1.0,0.25,1.0,0.25
inter_0.25,1.0083868171369996,0.07550023904201657,1.0,0.11108331898568274,85,146,200,30,2,100,0.0,0,0.3,0.25,0.0,1.0,0.7,1.0,1.0,0.25,1.0,0.25
inter_0.25,1.0294185343765219,0.10804350210094706,1.0,0.27228416151334656,86,147,200,30,2,100,0.0,0,0.3,0.25,0.0,1.0,0.7,1.0,1.0,0.25,1.0,0.25
inter_0.25,1.0818338476591074,0.09907073422930839,1.0,0.8260143451616638,87,148,200,30,2,100,0.0,0,0.3,0.25,0.0,1.0,0.7,1.0,1.0,0.25,1.0,0.25
inter_0.25,0.9053360503744345,0.07544972948455235,1.0,-1.254662545144672,88,149,200,30,2,100,0.0,0,0.3,0.25,0.0,1.0,0.7,1.0,1.0,0.25,1.0,0.25
inter_0.25,1.045505616488436,0.0793817037603166,1.0,0.5732506904340912,89,150,200,30,2,100,0.0,0,0.3,0.25,0.0,1.0,0.7,1.0,1.0,0.25,1.0,0.25
inter_0.25,0.9443844334503003,0.07918393785277443,1.0,-0.7023591912428618,90,151,200,30,2,100,0.0,0,0.3,0.25,0.0,1.0,0.7,1.0,1.0,0.25,1.0,0.25
inter_0.25,0.8731072121335269,0.07218201109866716,1.0,-1.7579558387895367,91,152,200,30,2,100,0.0,0,0.3,0.25,0.0,1.0,0.7,1.0,1.0,0.25,1.0,0.25
inter_0.25,1.0665647699005423,0.07382260089238815,1.0,0.9016855149491999,92,153,200,30,2,100,0.0,0,0.3,0.25,0.0,1.0,0.7,1.0,1.0,0.25,1.0,0.25
inter_0.25,1.0058114228895327,0.0787565928903008,1.0,0.07378966860117225,93,154,200,30,2,100,0.0,0,0.3,0.25,0.0,1.0,0.7,1.0,1.0,0.25,1.0,0.25
inter_0.25,0.9243143199737682,0.08392696472258519,1.0,-0.901804089739282,94,155,200,30,2,100,0.0,0,0.3,0.25,0.0,1.0,0.7,1.0,1.0,0.25,1.0,0.25
inter_0.25,0.9077565298546378,0.07988065196416885,1.0,-1.1547661151631405,95,156,200,30,2,100,0.0,0,0.3,0.25,0.0,1.0,0.7,1.0,1.0,0.25,1.0,0.25
inter_0.25,1.0819977584114313,0.07881063048068424,1.0,1.0404403303375198,96,157,200,30,2,100,0.0,0,0.3,0.25,0.0,1.0,0.7,1.0,1.0,0.25,1.0,0.25
inter_0.25,1.209514536312985,0.0746057207764089,1.0,2.808290492104401,97,158,200,30,2,100,0.0,0,0.3,0.25,0.0,1.0,0.7,1.0,1.0,0.25,1.0,0.25
inter_0.25,0.9434932724210864,0.07389048976749786,1.0,-0.7647361352823131,98,159,200,30,2,100,0.0,0,0.3,0.25,0.0,1.0,0.7,1.0,1.0,0.25,1.0,0.25
inter_0.25,0.9811748041328736,0.06971745133081601,1.0,-0.27002128603065284,99,160,200,30,2,100,0.0,0,0.3,0.25,0.0,1.0,0.7,1.0,1.0,0.25,1.0,0.25
inter_0.5,0.8808771195912739,0.11456828298823175,1.0,-1.0397544355357249,0,62,200,30,2,100,0.0,0,0.3,0.5,0.0,1.0,0.7,1.0,1.0,0.25,1.0,0.25
inter_0.5,0.8732839519323459,0.10002299056877231,1.0,-1.2668692202372074,1,63,200,30,2,100,0.0,0,0.3,0.5,0.0,1.0,0.7,1.0,1.0,0.25,1.0,0.25
inter_0.5,0.8865674968703245,0.09333090889284894,1.0,-1.2153798187040554,2,64,200,30,2,100,0.0,0,0.3,0.5,0.0,1.0,0.7,1.0,1.0,0.25,1.0,0.25
inter_0.5,0.9814991035976902,0.10493919983426363,1.0,-0.1763011003660147,3,65,200,30,2,100,0.0,0,0.3,0.5,0.0,1.0,0.7,1.0,1.0,0.25,1.0,0.25
inter_0.5,1.068446159576036,0.09111175006248634,1.0,0.7512330685020773,4,66,200,30,2,100,0.0,0,0.3,0.5,0.0,1.0,0.7,1.0,1.0,0.25,1.0,0.25
inter_0.5,0.8847299415015578,0.07407425187900993,1.0,-1.5561420544175042,5,67,200,30,2,100,0.0,0,0.3,0.5,0.0,1.0,0.7,1.0,1.0,0.25,1.0,0.25
inter_0.5,0.9115353305807987,0.08759975583973649,1.0,-1.0098734702074643,6,68,200,30,2,100,0.0,0,0.3,0.5,0.0,1.0,0.7,1.0,1.0,0.25,1.0,0.25
inter_0.5,1.1944314855479083,0.13576754424728546,1.0,1.4320910540576108,7,69,200,30,2,100,0.0,0,0.3,0.5,0.0,1.0,0.7,1.0,1.0,0.25,1.0,0.25
inter_0.5,1.0058057099616335,0.10709806618097184,1.0,0.05420928844619088,8,70,200,30,2,100,0.0,0,0.3,0.5,0.0,1.0,0.7,1.0,1.0,0.25,1.0,0.25
inter_0.5,0.9050421042497773,0.1089412201257864,1.0,-0.8716434021996619,9,71,200,30,2,100,0.0,0,0.3,0.5,0.0,1.0,0.7,1.0,1.0,0.25,1.0,0.25
inter_0.5,0.9077644275315575,0.08494122977877407,1.0,-1.0858751716765374,10,72,200,30,2,100,0.0,0,0.3,0.5,0.0,1.0,0.7,1.0,1.0,0.25,1.0,0.25
inter_0.5,0.8860530482928263,0.11817342036421627,1.0,-0.9642350314984846,11,73,200,30,2,100,0.0,0,0.3,0.5,0.0,1.0,0.7,1.0,1.0,0.25,1.0,0.25
inter_0.5,1.0309740160303937,0.08270199968080252,1.0,0.3745255997429489,12,74,200,30,2,100,0.0,0,0.3,0.5,0.0,1.0,0.7,1.0,1.0,0.25,1.0,0.25
inter_0.5,1.040582238833696,0.1267045260039443,1.0,0.32029036462701205,13,75,200,30,2,100,0.0,0,0.3,0.5,0.0,1.0,0.7,1.0,1.0,0.25,1.0,0.25
inter_0.5,0.9042933265987981,0.10706614755889633,1.0,-0.8939022798831378,14,76,200,30,2,100,0.0,0,0.3,0.5,0.0,1.0,0.7,1.0,1.0,0.25,1.0,0.25
inter_0.5,1.1857450155441807,0.09872987565352465,1.0,1.881345583742256,15,77,200,30,2,100,0.0,0,0.3,0.5,0.0,1.0,0.7,1.0,1.0,0.25,1.0,0.25
inter_0.5,1.094860047613059,0.09585519085243094,1.0,0.989618264482891,16,78,200,30,2,100,0.0,0,0.3,0.5,0.0,1.0,0.7,1.0,1.0,0.25,1.0,0.25
inter_0.5,0.950807993876535,0.09927426395174639,1.0,-0.4955162009297336,17,79,200,30,2,100,0.0,0,0.3,0.5,0.0,1.0,0.7,1.0,1.0,0.25,1.0,0.25
inter_0.5,0.8171990276911858,0.15131434343586037,1.0,-1.2080875359070007,18,80,200,30,2,100,0.0,0,0.3,0.5,0.0,1.0,0.7,1.0,1.0,0.25,1.0,0.25
inter_0.5,1.0744783324858416,0.10440177069264711,1.0,0.713381889902055,19,81,200,30,2,100,0.0,0,0.3,0.5,0.0,1.0,0.7,1.0,1.0,0.25,1.0,0.25
inter_0.5,0.8945871894314095,0.10999347847905883,1.0,-0.9583550954674064,20,82,200,30,2,100,0.0,0,0.3,0.5,0.0,1.0,0.7,1.0,1.0,0.25,1.0,0.25
inter_0.5,0.832760462723362,0.09198043023922839,1.0,-1.8182078170505516,21,83,200,30,2,100,0.0,0,0.3,0.5,0.0,1.0,0.7,1.0,1.0,0.25,1.0,0.25
inter_0.5,0.9337847546338492,0.07708259663014724,1.0,-0.859016798355412,22,84,200,30,2,100,0.0,0,0.3,0.5,0.0,1.0,0.7,1.0,1.0,0.25,1.0,0.25
inter_0.5,0.9984472203476252,0.09388849336090482,1.0,-0.01653855117693631,23,85,200,30,2,100,0.0,0,0.3,0.5,0.0,1.0,0.7,1.0,1.0,0.25,1.0,0.25
inter_0.5,1.0420493354992302,0.09089775214695424,1.0,0.46260038896505484,24,86,200,30,2,100,0.0,0,0.3,0.5,0.0,1.0,0.7,1.0,1.0,0.25,1.0,0.25
inter_0.5,0.9488990777057695,0.11491666835552586,1.0,-0.444678069991865,25,87,200,30,2,100,0.0,0,0.3,0.5,0.0,1.0,0.7,1.0,1.0,0.25,1.0,0.25
inter_0.5,0.8345850022785992,0.09239669350125362,1.0,-1.7902696671624558,26,88,200,30,2,100,0.0,0,0.3,0.5,0.0,1.0,0.7,1.0,1.0,0.25,1.0,0.25
inter_0.5,0.8951653487105468,0.09057428172756703,1.0,-1.1574439155342036,27,89,200,30,2,100,0.0,0,0.3,0.5,0.0,1.0,0.7,1.0,1.0,0.25,1.0,0.25
inter_0.5,0.9491868296572233,0.08751946950894818,1.0,-0.5805927598496402,28,90,200,30,2,100,0.0,0,0.3,0.5,0.0,1.0,0.7,1.0,1.0,0.25,1.0,0.25
inter_0.5,0.9755861358339335,0.08596481591402676,1.0,-0.2839983300898679,29,91,200,30,2,100,0.0,0,0.3,0.5,0.0,1.0,0.7,1.0,1.0,0.25,1.0,0.25
inter_0.5,1.061857573009369,0.10154019294326269,1.0,0.609192982762332,30,92,200,30,2,100,0.0,0,0.3,0.5,0.0,1.0,0.7,1.0,1.0,0.25,1.0,0.25
inter_0.5,1.0225373237957571,0.07367421559300716,1.0,0.3059051747528381,31,93,200,30,2,100,0.0,0,0.3,0.5,0.0,1.0,0.7,1.0,1.0,0.25,1.0,0.25
inter_0.5,0.8324269167045215,0.11807412324700975,1.0,-1.4192193741292278,32,94,200,30,2,100,0.0,0,0.3,0.5,0.0,1.0,0.7,1.0,1.0,0.25,1.0,0.25
inter_0.5,0.9865126844685085,0.11571854155470854,1.0,-0.11655276112441398,33,95,200,30,2,100,0.0,0,0.3,0.5,0.0,1.0,0.7,1.0,1.0,0.25,1.0,0.25
inter_0.5,0.9168610789582596,0.10709894633183288,1.0,-0.7762814097549071,34,96,200,30,2,100,0.0,0,0.3,0.5,0.0,1.0,0.7,1.0,1.0,0.25,1.0,0.25
inter_0.5,1.0918789783918734,0.11332398589398957,1.0,0.8107637378535453,35,97,200,30,2,100,0.0,0,0.3,0.5,0.0,1.0,0.7,1.0,1.0,0.25,1.0,0.25
inter_0.5,0.96703550375899,0.08705901304989505,1.0,-0.3786454163237243,36,98,200,30,2,100,0.0,0,0.3,0.5,0.0,1.0,0.7,1.0,1.0,0.25,1.0,0.25
inter_0.5,0.826555412805598,0.09637409475058088,1.0,-1.79970133720355,37,99,200,30,2,100,0.0,0,0.3,0.5,0.0,1.0,0.7,1.0,1.0,0.25,1.0,0.25
inter_0.5,0.7228307346718058,0.09237576612121759,1.0,-3.0004543070796985,38,100,200,30,2,100,0.0,0,0.3,0.5,0.0,1.0,0.7,1.0,1.0,0.25,1.0,0.25
inter_0.5,0.8131312264773259,0.0861057873155232,1.0,-2.170223156289348,39,101,200,30,2,100,0.0,0,0.3,0.5,0.0,1.0,0.7,1.0,1.0,0.25,1.0,0.25
inter_0.5,1.1625789187316007,0.10882429114542444,1.0,1.4939579851188067,40,102,200,30,2,100,0.0,0,0.3,0.5,0.0,1.0,0.7,1.0,1.0,0.25,1.0,0.25
inter_0.5,0.8648401752381182,0.09705628255205903,1.0,-1.3925922280135221,41,103,200,30,2,100,0.0,0,0.3,0.5,0.0,1.0,0.7,1.0,1.0,0.25,1.0,0.25
inter_0.5,1.0085710763894409,0.12737305097783172,1.0,0.06729112888198469,42,104,200,30,2,100,0.0,0,0.3,0.5,0.0,1.0,0.7,1.0,1.0,0.25,1.0,0.25
inter_0.5,1.039255906762902,0.09521042245753449,1.0,0.4123068226108411,43,105,200,30,2,100,0.0,0,0.3,0.5,0.0,1.0,0.7,1.0,1.0,0.25,1.0,0.25
inter_0.5,1.0379809650374086,0.12479007546017531,1.0,0.30435885944735686,44,106,200,30,2,100,0.0,0,0.3,0.5,0.0,1.0,0.7,1.0,1.0,0.25,1.0,0.25
inter_0.5,0.854284704744532,0.1393058782742868,1.0,-1.0460096663585248,45,107,200,30,2,100,0.0,0,0.3,0.5,0.0,1.0,0.7,1.0,1.0,0.25,1.0,0.25
inter_0.5,0.8834005204732002,0.07880094355449203,1.0,-1.479671108838558,46,108,200,30,2,100,0.0,0,0.3,0.5,0.0,1.0,0.7,1.0,1.0,0.25,1.0,0.25
inter_0.5,1.0416560540140989,0.0999380066238706,1.0,0.41681894027441174,47,109,200,30,2,100,0.0,0,0.3,0.5,0.0,1.0,0.7,1.0,1.0,0.25,1.0,0.25
inter_0.5,0.9171556824984939,0.1524634047832264,1.0,-0.5433718184327234,48,110,200,30,2,100,0.0,0,0.3,0.5,0.0,1.0,0.7,1.0,1.0,0.25,1.0,0.25
inter_0.5,0.8851473850811742,0.09236301027534029,1.0,-1.243491464564034,49,111,200,30,2,100,0.0,0,0.3,0.5,0.0,1.0,0.7,1.0,1.0,0.25,1.0,0.25
inter_0.5,0.8336053044837534,0.09157804728498277,1.0,-1.8169714298279487,50,112,200,30,2,100,0.0,0,0.3,0.5,0.0,1.0,0.7,1.0,1.0,0.25,1.0,0.25
inter_0.5,0.8998082684975276,0.10230364025885808,1.0,-0.9793564652143176,51,113,200,30,2,100,0.0,0,0.3,0.5,0.0,1.0,0.7,1.0,1.0,0.25,1.0,0.25
inter_0.5,0.7921034354762202,0.10124774693138948,1.0,-2.053345094826267,52,114,200,30,2,100,0.0,0,0.3,0.5,0.0,1.0,0.7,1.0,1.0,0.25,1.0,0.25
inter_0.5,0.9547066892440863,0.09715929198604573,1.0,-0.4661758008942556,53,115,200,30,2,100,0.0,0,0.3,0.5,0.0,1.0,0.7,1.0,1.0,0.25,1.0,0.25
inter_0.5,0.8919390679850288,0.10244496076791586,1.0,-1.0548193996557635,54,116,200,30,2,100,0.0,0,0.3,0.5,0.0,1.0,0.7,1.0,1.0,0.25,1.0,0.25
inter_0.5,0.8838226858727901,0.10712996804668916,1.0,-1.0844520561844817,55,117,200,30,2,100,0.0,0,0.3,0.5,0.0,1.0,0.7,1.0,1.0,0.25,1.0,0.25
inter_0.5,0.9561167540040355,0.08516820265610724,1.0,-0.5152538697236171,56,118,200,30,2,100,0.0,0,0.3,0.5,0.0,1.0,0.7,1.0,1.0,0.25,1.0,0.25
inter_0.5,0.8793749719001243,0.11763480718707933,1.0,-1.025419524920383,57,119,200,30,2,100,0.0,0,0.3,0.5,0.0,1.0,0.7,1.0,1.0,0.25,1.0,0.25
inter_0.5,0.8986165948961237,0.09580940619799513,1.0,-1.0581779924025647,58,120,200,30,2,100,0.0,0,0.3,0.5,0.0,1.0,0.7,1.0,1.0,0.25,1.0,0.25
inter_0.5,0.925751315155671,0.09814260843248884,1.0,-0.7565387351142578,59,121,200,30,2,100,0.0,0,0.3,0.5,0.0,1.0,0.7,1.0,1.0,0.25,1.0,0.25
inter_0.5,0.914513387129119,0.08699638177436927,1.0,-0.9826456126945146,60,122,200,30,2,100,0.0,0,0.3,0.5,0.0,1.0,0.7,1.0,1.0,0.25,1.0,0.25
inter_0.5,0.9369714701197492,0.09791094915543812,1.0,-0.643733212923818,61,123,200,30,2,100,0.0,0,0.3,0.5,0.0,1.0,0.7,1.0,1.0,0.25,1.0,0.25
inter_0.5,1.1453481844736446,0.09585677603614833,1.0,1.5163057895754046,62,124,200,30,2,100,0.0,0,0.3,0.5,0.0,1.0,0.7,1.0,1.0,0.25,1.0,0.25
inter_0.5,0.9610385974233663,0.09846244239508962,1.0,-0.3956981121826889,63,125,200,30,2,100,0.0,0,0.3,0.5,0.0,1.0,0.7,1.0,1.0,0.25,1.0,0.25
inter_0.5,1.0296755806015805,0.09677144720517689,1.0,0.3066563687805731,64,126,200,30,2,100,0.0,0,0.3,0.5,0.0,1.0,0.7,1.0,1.0,0.25,1.0,0.25
inter_0.5,1.0531942688798561,0.08747739743055714,1.0,0.608091580708991,65,127,200,30,2,100,0.0,0,0.3,0.5,0.0,1.0,0.7,1.0,1.0,0.25,1.0,0.25
inter_0.5,0.9004845824006936,0.0865021819605009,1.0,-1.1504382357054028,66,128,200,30,2,100,0.0,0,0.3,0.5,0.0,1.0,0.7,1.0,1.0,0.25,1.0,0.25
inter_0.5,0.9347513707889609,0.09300372962072105,1.0,-0.7015700281819867,67,129,200,30,2,100,0.0,0,0.3,0.5,0.0,1.0,0.7,1.0,1.0,0.25,1.0,0.25
inter_0.5,0.9188222411587127,0.08652012164086198,1.0,-0.9382529439596676,68,130,200,30,2,100,0.0,0,0.3,0.5,0.0,1.0,0.7,1.0,1.0,0.25,1.0,0.25
inter_0.5,0.960725536313313,0.0890831136279776,1.0,-0.44087439344230955,69,131,200,30,2,100,0.0,0,0.3,0.5,0.0,1.0,0.7,1.0,1.0,0.25,1.0,0.25
inter_0.5,0.9193784079620348,0.08690809355331414,1.0,-0.9276649474367712,70,132,200,30,2,100,0.0,0,0.3,0.5,0.0,1.0,0.7,1.0,1.0,0.25,1.0,0.25
inter_0.5,0.9910189687121216,0.1373743048899449,1.0,-0.06537635473441279,71,133,200,30,2,100,0.0,0,0.3,0.5,0.0,1.0,0.7,1.0,1.0,0.25,1.0,0.25
inter_0.5,0.9517564243674498,0.10146416915368361,1.0,-0.4754740125006854,72,134,200,30,2,100,0.0,0,0.3,0.5,0.0,1.0,0.7,1.0,1.0,0.25,1.0,0.25
inter_0.5,0.9101567691163169,0.09381357121954911,1.0,-0.9576784010644432,73,135,200,30,2,100,0.0,0,0.3,0.5,0.0,1.0,0.7,1.0,1.0,0.25,1.0,0.25
inter_0.5,0.8933827390341161,0.12240325187080812,1.0,-0.8710329124132604,74,136,200,30,2,100,0.0,0,0.3,0.5,0.0,1.0,0.7,1.0,1.0,0.25,1.0,0.25
inter_0.5,0.9142997983893352,0.14122061832964758,1.0,-0.6068533237166339,75,137,200,30,2,100,0.0,0,0.3,0.5,0.0,1.0,0.7,1.0,1.0,0.25,1.0,0.25
inter_0.5,0.9807640092364505,0.14947142771341332,1.0,-0.12869343029512878,76,138,200,30,2,100,0.0,0,0.3,0.5,0.0,1.0,0.7,1.0,1.0,0.25,1.0,0.25
inter_0.5,0.931466847152266,0.10518488695391293,1.0,-0.6515494272267649,77,139,200,30,2,100,0.0,0,0.3,0.5,0.0,1.0,0.7,1.0,1.0,0.25,1.0,0.25
inter_0.5,0.7760952955911423,0.08232390522813397,1.0,-2.7198017852576175,78,140,200,30,2,100,0.0,0,0.3,0.5,0.0,1.0,0.7,1.0,1.0,0.25,1.0,0.25
inter_0.5,1.2046682924016723,0.11472665746451574,1.0,1.7839645721830164,79,141,200,30,2,100,0.0,0,0.3,0.5,0.0,1.0,0.7,1.0,1.0,0.25,1.0,0.25
inter_0.5,0.8605527400865763,0.09342600509009164,1.0,-1.4925957690147755,80,142,200,30,2,100,0.0,0,0.3,0.5,0.0,1.0,0.7,1.0,1.0,0.25,1.0,0.25
inter_0.5,0.9766556120623626,0.07367896963741473,1.0,-0.31683922905706496,81,143,200,30,2,100,0.0,0,0.3,0.5,0.0,1.0,0.7,1.0,1.0,0.25,1.0,0.25
inter_0.5,0.8163876890204603,0.08756037201918714,1.0,-2.0969795667303086,82,144,200,30,2,100,0.0,0,0.3,0.5,0.0,1.0,0.7,1.0,1.0,0.25,1.0,0.25
inter_0.5,0.8583012765827942,0.11919211584636465,1.0,-1.1888263112960553,83,145,200,30,2,100,0.0,0,0.3,0.5,0.0,1.0,0.7,1.0,1.0,0.25,1.0,0.25
inter_0.5,0.9892490809182795,0.09217157981635488,1.0,-0.11664028221216305,84,146,200,30,2,100,0.0,0,0.3,0.5,0.0,1.0,0.7,1.0,1.0,0.25,1.0,0.25
inter_0.5,1.0036383052559141,0.15823548199074605,1.0,0.022992979893895777,85,147,200,30,2,100,0.0,0,0.3,0.5,0.0,1.0,0.7,1.0,1.0,0.25,1.0,0.25
inter_0.5,1.1387075309728425,0.114092691177868,1.0,1.2157442298963788,86,148,200,30,2,100,0.0,0,0.3,0.5,0.0,1.0,0.7,1.0,1.0,0.25,1.0,0.25
inter_0.5,0.9084502085399745,0.08460031056226529,1.0,-1.0821448627265433,87,149,200,30,2,100,0.0,0,0.3,0.5,0.0,1.0,0.7,1.0,1.0,0.25,1.0,0.25
inter_0.5,1.0283882060370308,0.09402667481044709,1.0,0.30191651565111716,88,150,200,30,2,100,0.0,0,0.3,0.5,0.0,1.0,0.7,1.0,1.0,0.25,1.0,0.25
inter_0.5,0.9312426287891369,0.11446883780604382,1.0,-0.6006645348087286,89,151,200,30,2,100,0.0,0,0.3,0.5,0.0,1.0,0.7,1.0,1.0,0.25,1.0,0.25
inter_0.5,0.8218984178509167,0.10164200238911841,1.0,-1.7522439342276332,90,152,200,30,2,100,0.0,0,0.3,0.5,0.0,1.0,0.7,1.0,1.0,0.25,1.0,0.25
inter_0.5,1.0241195341026679,0.09942572998671749,1.0,0.2425884537723792,91,153,200,30,2,100,0.0,0,0.3,0.5,0.0,1.0,0.7,1.0,1.0,0.25,1.0,0.25
inter_0.5,0.9631733603261322,0.08548851062357818,1.0,-0.43077881934359974,92,154,200,30,2,100,0.0,0,0.3,0.5,0.0,1.0,0.7,1.0,1.0,0.25,1.0,0.25
inter_0.5,0.9682515610982221,0.12881871779049908,1.0,-0.24645827443657028,93,155,200,30,2,100,0.0,0,0.3,0.5,0.0,1.0,0.7,1.0,1.0,0.25,1.0,0.25
inter_0.5,0.9266192402112975,0.10194888236019449,1.0,-0.7197799337264115,94,156,200,30,2,100,0.0,0,0.3,0.5,0.0,1.0,0.7,1.0,1.0,0.25,1.0,0.25
inter_0.5,1.1991781926926444,0.09814415808817431,1.0,2.029445221932613,95,157,200,30,2,100,0.0,0,0.3,0.5,0.0,1.0,0.7,1.0,1.0,0.25,1.0,0.25
inter_0.5,1.2811671543053447,0.10135158080773805,1.0,2.774176308495012,96,158,200,30,2,100,0.0,0,0.3,0.5,0.0,1.0,0.7,1.0,1.0,0.25,1.0,0.25
inter_0.5,0.9625079477932184,0.10025539564357697,1.0,-0.3739654306494539,97,159,200,30,2,100,0.0,0,0.3,0.5,0.0,1.0,0.7,1.0,1.0,0.25,1.0,0.25
inter_0.5,0.9489687778801604,0.10556723937584048,1.0,-0.48340017624367554,98,160,200,30,2,100,0.0,0,0.3,0.5,0.0,1.0,0.7,1.0,1.0,0.25,1.0,0.25
inter_0.5,0.9803086030447606,0.10385217537307856,1.0,-0.18960986502689986,99,161,200,30,2,100,0.0,0,0.3,0.5,0.0,1.0,0.7,1.0,1.0,0.25,1.0,0.25
inter_1.0,0.7602639137978102,0.14888283967132698,1.0,-1.610233165430146,0,63,200,30,2,100,0.0,0,0.3,1.0,0.0,1.0,0.7,1.0,1.0,0.25,1.0,0.25
inter_1.0,0.8684723679326177,0.14197651375548676,1.0,-0.9264041536750252,1,64,200,30,2,100,0.0,0,0.3,1.0,0.0,1.0,0.7,1.0,1.0,0.25,1.0,0.25
inter_1.0,1.0855091663748617,0.15011263971913888,1.0,0.5696333535593644,2,65,200,30,2,100,0.0,0,0.3,1.0,0.0,1.0,0.7,1.0,1.0,0.25,1.0,0.25
inter_1.0,1.028825280057802,0.14370539813996927,1.0,0.2005859239172496,3,66,200,30,2,100,0.0,0,0.3,1.0,0.0,1.0,0.7,1.0,1.0,0.25,1.0,0.25
inter_1.0,0.7689774962387362,0.1177865936385202,1.0,-1.9613650129849038,4,67,200,30,2,100,0.0,0,0.3,1.0,0.0,1.0,0.7,1.0,1.0,0.25,1.0,0.25
inter_1.0,0.9128099637296155,0.13013956784613998,1.0,-0.6699733041488701,5,68,200,30,2,100,0.0,0,0.3,1.0,0.0,1.0,0.7,1.0,1.0,0.25,1.0,0.25
inter_1.0,1.2998976271369198,0.22465496389745787,1.0,1.3349254427060242,6,69,200,30,2,100,0.0,0,0.3,1.0,0.0,1.0,0.7,1.0,1.0,0.25,1.0,0.25
inter_1.0,1.0240885029267572,0.16893867568221096,1.0,0.14258726031491986,7,70,200,30,2,100,0.0,0,0.3,1.0,0.0,1.0,0.7,1.0,1.0,0.25,1.0,0.25
inter_1.0,0.859714261119814,0.1739695562950133,1.0,-0.8063809661173874,8,71,200,30,2,100,0.0,0,0.3,1.0,0.0,1.0,0.7,1.0,1.0,0.25,1.0,0.25
inter_1.0,0.8219945823627484,0.12724632460804852,1.0,-1.3989041977090828,9,72,200,30,2,100,0.0,0,0.3,1.0,0.0,1.0,0.7,1.0,1.0,0.25,1.0,0.25
inter_1.0,0.8416635794764091,0.18190915982037548,1.0,-0.8704147755942511,10,73,200,30,2,100,0.0,0,0.3,1.0,0.0,1.0,0.7,1.0,1.0,0.25,1.0,0.25
inter_1.0,1.125330289465587,0.128486404429281,1.0,0.9754361951545533,11,74,200,30,2,100,0.0,0,0.3,1.0,0.0,1.0,0.7,1.0,1.0,0.25,1.0,0.25
inter_1.0,0.977268719816422,0.18780553119076673,1.0,-0.12103626575560364,12,75,200,30,2,100,0.0,0,0.3,1.0,0.0,1.0,0.7,1.0,1.0,0.25,1.0,0.25
inter_1.0,0.9594143363055178,0.17123676303548338,1.0,-0.23701489665552808,13,76,200,30,2,100,0.0,0,0.3,1.0,0.0,1.0,0.7,1.0,1.0,0.25,1.0,0.25
inter_1.0,1.3163107434269585,0.1689048132882175,1.0,1.872715982860767,14,77,200,30,2,100,0.0,0,0.3,1.0,0.0,1.0,0.7,1.0,1.0,0.25,1.0,0.25
inter_1.0,1.1065057176925428,0.12243003545247827,1.0,0.8699312819678423,15,78,200,30,2,100,0.0,0,0.3,1.0,0.0,1.0,0.7,1.0,1.0,0.25,1.0,0.25
inter_1.0,0.8703304483712938,0.15754090461608164,1.0,-0.82308497557954,16,79,200,30,2,100,0.0,0,0.3,1.0,0.0,1.0,0.7,1.0,1.0,0.25,1.0,0.25
inter_1.0,0.7324949316443365,0.2843033825229824,1.0,-0.9409141248399991,17,80,200,30,2,100,0.0,0,0.3,1.0,0.0,1.0,0.7,1.0,1.0,0.25,1.0,0.25
inter_1.0,1.1116560412356824,0.1594179199914205,1.0,0.7003983068007127,18,81,200,30,2,100,0.0,0,0.3,1.0,0.0,1.0,0.7,1.0,1.0,0.25,1.0,0.25
inter_1.0,0.8548358808193244,0.16498484802935887,1.0,-0.8798633384493819,19,82,200,30,2,100,0.0,0,0.3,1.0,0.0,1.0,0.7,1.0,1.0,0.25,1.0,0.25
inter_1.0,0.7433393795395485,0.1509025335514009,1.0,-1.7008370530308352,20,83,200,30,2,100,0.0,0,0.3,1.0,0.0,1.0,0.7,1.0,1.0,0.25,1.0,0.25
inter_1.0,0.9695640023949813,0.10887349726332063,1.0,-0.2795537791112415,21,84,200,30,2,100,0.0,0,0.3,1.0,0.0,1.0,0.7,1.0,1.0,0.25,1.0,0.25
inter_1.0,0.9975150600977705,0.15024526943538577,1.0,-0.016539222243520963,22,85,200,30,2,100,0.0,0,0.3,1.0,0.0,1.0,0.7,1.0,1.0,0.25,1.0,0.25
inter_1.0,0.9346741699281921,0.1309672923269203,1.0,-0.49879499614866973,23,86,200,30,2,100,0.0,0,0.3,1.0,0.0,1.0,0.7,1.0,1.0,0.25,1.0,0.25
inter_1.0,1.0025817236068004,0.187230017668961,1.0,0.013789047498596812,24,87,200,30,2,100,0.0,0,0.3,1.0,0.0,1.0,0.7,1.0,1.0,0.25,1.0,0.25
inter_1.0,0.7735552137863874,0.14315062260704733,1.0,-1.5818637885719171,25,88,200,30,2,100,0.0,0,0.3,1.0,0.0,1.0,0.7,1.0,1.0,0.25,1.0,0.25
inter_1.0,0.8748682806070335,0.12400321185237206,1.0,-1.0091006315379796,26,89,200,30,2,100,0.0,0,0.3,1.0,0.0,1.0,0.7,1.0,1.0,0.25,1.0,0.25
inter_1.0,0.958822503499909,0.12645457093288706,1.0,-0.32563074783548146,27,90,200,30,2,100,0.0,0,0.3,1.0,0.0,1.0,0.7,1.0,1.0,0.25,1.0,0.25
inter_1.0,0.8878269328962277,0.14556467222077757,1.0,-0.7706063936560079,28,91,200,30,2,100,0.0,0,0.3,1.0,0.0,1.0,0.7,1.0,1.0,0.25,1.0,0.25
inter_1.0,1.0260473256427198,0.15189514105157448,1.0,0.17148228351738865,29,92,200,30,2,100,0.0,0,0.3,1.0,0.0,1.0,0.7,1.0,1.0,0.25,1.0,0.25
inter_1.0,0.9486993133848336,0.12449671626186504,1.0,-0.4120645761231252,30,93,200,30,2,100,0.0,0,0.3,1.0,0.0,1.0,0.7,1.0,1.0,0.25,1.0,0.25
inter_1.0,0.7271036690219184,0.20167830772339432,1.0,-1.3531268387692157,31,94,200,30,2,100,0.0,0,0.3,1.0,0.0,1.0,0.7,1.0,1.0,0.25,1.0,0.25
inter_1.0,1.049960653037525,0.18167850871530625,1.0,0.27499484331310897,32,95,200,30,2,100,0.0,0,0.3,1.0,0.0,1.0,0.7,1.0,1.0,0.25,1.0,0.25
inter_1.0,0.845121602931906,0.17840195636098025,1.0,-0.8681429297485482,33,96,200,30,2,100,0.0,0,0.3,1.0,0.0,1.0,0.7,1.0,1.0,0.25,1.0,0.25
inter_1.0,1.1398738035733105,0.18969234175044974,1.0,0.7373719059113194,34,97,200,30,2,100,0.0,0,0.3,1.0,0.0,1.0,0.7,1.0,1.0,0.25,1.0,0.25
inter_1.0,1.0345216734649008,0.14276074591791332,1.0,0.24181488575823595,35,98,200,30,2,100,0.0,0,0.3,1.0,0.0,1.0,0.7,1.0,1.0,0.25,1.0,0.25
inter_1.0,0.7192523817679557,0.14358881743834032,1.0,-1.9552192381039875,36,99,200,30,2,100,0.0,0,0.3,1.0,0.0,1.0,0.7,1.0,1.0,0.25,1.0,0.25
inter_1.0,0.751366432220394,0.1526642911012777,1.0,-1.6286294980052811,37,100,200,30,2,100,0.0,0,0.3,1.0,0.0,1.0,0.7,1.0,1.0,0.25,1.0,0.25
inter_1.0,0.7291752657010712,0.1357867400709012,1.0,-1.9944858692204954,38,101,200,30,2,100,0.0,0,0.3,1.0,0.0,1.0,0.7,1.0,1.0,0.25,1.0,0.25
inter_1.0,1.1705385696941906,0.17334120332418207,1.0,0.9838316939293998,39,102,200,30,2,100,0.0,0,0.3,1.0,0.0,1.0,0.7,1.0,1.0,0.25,1.0,0.25
inter_1.0,0.8603808801755611,0.14730706174288968,1.0,-0.9478100925543584,40,103,200,30,2,100,0.0,0,0.3,1.0,0.0,1.0,0.7,1.0,1.0,0.25,1.0,0.25
inter_1.0,1.0852424921862163,0.22586731194294235,1.0,0.377400746716948,41,104,200,30,2,100,0.0,0,0.3,1.0,0.0,1.0,0.7,1.0,1.0,0.25,1.0,0.25
inter_1.0,1.0725551605013397,0.1533493600796353,1.0,0.47313637607396175,42,105,200,30,2,100,0.0,0,0.3,1.0,0.0,1.0,0.7,1.0,1.0,0.25,1.0,0.25
inter_1.0,0.9414214595390722,0.21087382358294615,1.0,-0.2777895305620341,43,106,200,30,2,100,0.0,0,0.3,1.0,0.0,1.0,0.7,1.0,1.0,0.25,1.0,0.25
inter_1.0,0.7782022921089073,0.2184765128819887,1.0,-1.0152016112180349,44,107,200,30,2,100,0.0,0,0.3,1.0,0.0,1.0,0.7,1.0,1.0,0.25,1.0,0.25
inter_1.0,0.865427223835384,0.141228030073831,1.0,-0.9528758285041876,45,108,200,30,2,100,0.0,0,0.3,1.0,0.0,1.0,0.7,1.0,1.0,0.25,1.0,0.25
inter_1.0,1.0153213297898314,0.1495923862403235,1.0,0.10242051868346631,46,109,200,30,2,100,0.0,0,0.3,1.0,0.0,1.0,0.7,1.0,1.0,0.25,1.0,0.25
inter_1.0,0.9117346917379593,0.2556950057394077,1.0,-0.34519762326526066,47,110,200,30,2,100,0.0,0,0.3,1.0,0.0,1.0,0.7,1.0,1.0,0.25,1.0,0.25
inter_1.0,0.8243252418694405,0.11725261689461737,1.0,-1.49825874068508,48,111,200,30,2,100,0.0,0,0.3,1.0,0.0,1.0,0.7,1.0,1.0,0.25,1.0,0.25
inter_1.0,0.8099069795726032,0.14931613991218193,1.0,-1.2730909099257268,49,112,200,30,2,100,0.0,0,0.3,1.0,0.0,1.0,0.7,1.0,1.0,0.25,1.0,0.25
inter_1.0,0.8474821906571918,0.1491127818365671,1.0,-1.0228352490262917,50,113,200,30,2,100,0.0,0,0.3,1.0,0.0,1.0,0.7,1.0,1.0,0.25,1.0,0.25
inter_1.0,0.6563565080832557,0.1570282319116676,1.0,-2.1884185266127973,51,114,200,30,2,100,0.0,0,0.3,1.0,0.0,1.0,0.7,1.0,1.0,0.25,1.0,0.25
inter_1.0,0.8870793101243025,0.15051190959719163,1.0,-0.7502442177360059,52,115,200,30,2,100,0.0,0,0.3,1.0,0.0,1.0,0.7,1.0,1.0,0.25,1.0,0.25
inter_1.0,0.8629992867157703,0.14960111881897484,1.0,-0.9157733201849092,53,116,200,30,2,100,0.0,0,0.3,1.0,0.0,1.0,0.7,1.0,1.0,0.25,1.0,0.25
inter_1.0,0.7675573218294751,0.15083662769507641,1.0,-1.5410227722700025,54,117,200,30,2,100,0.0,0,0.3,1.0,0.0,1.0,0.7,1.0,1.0,0.25,1.0,0.25
inter_1.0,0.9407491972286469,0.13011636480252697,1.0,-0.45536779990184895,55,118,200,30,2,100,0.0,0,0.3,1.0,0.0,1.0,0.7,1.0,1.0,0.25,1.0,0.25
inter_1.0,0.8353723508428393,0.15779600177935524,1.0,-1.0432941728609706,56,119,200,30,2,100,0.0,0,0.3,1.0,0.0,1.0,0.7,1.0,1.0,0.25,1.0,0.25
inter_1.0,0.7729479023883733,0.16017908179904886,1.0,-1.4174890694933109,57,120,200,30,2,100,0.0,0,0.3,1.0,0.0,1.0,0.7,1.0,1.0,0.25,1.0,0.25
inter_1.0,0.8879680396028882,0.14187295742664707,1.0,-0.7896639530830672,58,121,200,30,2,100,0.0,0,0.3,1.0,0.0,1.0,0.7,1.0,1.0,0.25,1.0,0.25
inter_1.0,0.8373318671112417,0.13636351285890785,1.0,-1.1929007215960121,59,122,200,30,2,100,0.0,0,0.3,1.0,0.0,1.0,0.7,1.0,1.0,0.25,1.0,0.25
inter_1.0,1.0032389226316716,0.1417427687402888,1.0,0.02285070808519457,60,123,200,30,2,100,0.0,0,0.3,1.0,0.0,1.0,0.7,1.0,1.0,0.25,1.0,0.25
inter_1.0,1.184402082026429,0.1572632929648593,1.0,1.1725691262717857,61,124,200,30,2,100,0.0,0,0.3,1.0,0.0,1.0,0.7,1.0,1.0,0.25,1.0,0.25
inter_1.0,0.8292867266646156,0.15958927053864547,1.0,-1.0697039516453284,62,125,200,30,2,100,0.0,0,0.3,1.0,0.0,1.0,0.7,1.0,1.0,0.25,1.0,0.25
inter_1.0,1.0554690041977497,0.14172330885023354,1.0,0.3913894238552298,63,126,200,30,2,100,0.0,0,0.3,1.0,0.0,1.0,0.7,1.0,1.0,0.25,1.0,0.25
inter_1.0,1.108335703362098,0.1374385790751636,1.0,0.7882481330285757,64,127,200,30,2,100,0.0,0,0.3,1.0,0.0,1.0,0.7,1.0,1.0,0.25,1.0,0.25
inter_1.0,0.8557044162111728,0.1209213558443911,1.0,-1.193301073918783,65,128,200,30,2,100,0.0,0,0.3,1.0,0.0,1.0,0.7,1.0,1.0,0.25,1.0,0.25
inter_1.0,0.9477854848818853,0.124616731502247,1.0,-0.41900083952348893,66,129,200,30,2,100,0.0,0,0.3,1.0,0.0,1.0,0.7,1.0,1.0,0.25,1.0,0.25
inter_1.0,1.032568946575342,0.14887461284948542,1.0,0.2187676323851788,67,130,200,30,2,100,0.0,0,0.3,1.0,0.0,1.0,0.7,1.0,1.0,0.25,1.0,0.25
inter_1.0,1.0059468788289063,0.13121141706286227,1.0,0.045322876332150444,68,131,200,30,2,100,0.0,0,0.3,1.0,0.0,1.0,0.7,1.0,1.0,0.25,1.0,0.25
inter_1.0,0.9349859547508724,0.13956327056596224,1.0,-0.4658392210606714,69,132,200,30,2,100,0.0,0,0.3,1.0,0.0,1.0,0.7,1.0,1.0,0.25,1.0,0.25
inter_1.0,1.0024661318042725,0.21908017731666074,1.0,0.01125675464790177,70,133,200,30,2,100,0.0,0,0.3,1.0,0.0,1.0,0.7,1.0,1.0,0.25,1.0,0.25
inter_1.0,0.8984884400512576,0.16088567685320404,1.0,-0.6309546128296056,71,134,200,30,2,100,0.0,0,0.3,1.0,0.0,1.0,0.7,1.0,1.0,0.25,1.0,0.25
inter_1.0,0.9559669796763706,0.12625678665464798,1.0,-0.34875765089819366,72,135,200,30,2,100,0.0,0,0.3,1.0,0.0,1.0,0.7,1.0,1.0,0.25,1.0,0.25
inter_1.0,0.8804589579406655,0.20161766355060032,1.0,-0.5929095693013675,73,136,200,30,2,100,0.0,0,0.3,1.0,0.0,1.0,0.7,1.0,1.0,0.25,1.0,0.25
inter_1.0,1.0027086537634682,0.22195007037214984,1.0,0.012203887833540705,74,137,200,30,2,100,0.0,0,0.3,1.0,0.0,1.0,0.7,1.0,1.0,0.25,1.0,0.25
inter_1.0,1.0134429992796825,0.25354438456801226,1.0,0.05302029978927212,75,138,200,30,2,100,0.0,0,0.3,1.0,0.0,1.0,0.7,1.0,1.0,0.25,1.0,0.25
inter_1.0,0.9840285160479271,0.16603973889265689,1.0,-0.0961907315597403,76,139,200,30,2,100,0.0,0,0.3,1.0,0.0,1.0,0.7,1.0,1.0,0.25,1.0,0.25
inter_1.0,0.6243578214517522,0.10879849563795299,1.0,-3.4526412920107483,77,140,200,30,2,100,0.0,0,0.3,1.0,0.0,1.0,0.7,1.0,1.0,0.25,1.0,0.25
inter_1.0,1.3550085425342224,0.1759529829022421,1.0,2.0176329873956274,78,141,200,30,2,100,0.0,0,0.3,1.0,0.0,1.0,0.7,1.0,1.0,0.25,1.0,0.25
inter_1.0,0.8237176984344403,0.13886866859730115,1.0,-1.2694173807970508,79,142,200,30,2,100,0.0,0,0.3,1.0,0.0,1.0,0.7,1.0,1.0,0.25,1.0,0.25
inter_1.0,0.9435654274122255,0.11007825794896674,1.0,-0.5126768322763436,80,143,200,30,2,100,0.0,0,0.3,1.0,0.0,1.0,0.7,1.0,1.0,0.25,1.0,0.25
inter_1.0,0.8044402376127274,0.14128829871950857,1.0,-1.3841186011837114,81,144,200,30,2,100,0.0,0,0.3,1.0,0.0,1.0,0.7,1.0,1.0,0.25,1.0,0.25
inter_1.0,0.781375561089088,0.18187921126012774,1.0,-1.202030937984608,82,145,200,30,2,100,0.0,0,0.3,1.0,0.0,1.0,0.7,1.0,1.0,0.25,1.0,0.25
inter_1.0,1.0693480807019862,0.14057737046675342,1.0,0.4933089904280647,83,146,200,30,2,100,0.0,0,0.3,1.0,0.0,1.0,0.7,1.0,1.0,0.25,1.0,0.25
inter_1.0,0.963880369581681,0.2777236313221229,1.0,-0.13005602096720742,84,147,200,30,2,100,0.0,0,0.3,1.0,0.0,1.0,0.7,1.0,1.0,0.25,1.0,0.25
inter_1.0,1.2356739905129086,0.14796303037468775,1.0,1.592789698319302,85,148,200,30,2,100,0.0,0,0.3,1.0,0.0,1.0,0.7,1.0,1.0,0.25,1.0,0.25
inter_1.0,0.9159136329549834,0.11657644300218248,1.0,-0.7212981017394945,86,149,200,30,2,100,0.0,0,0.3,1.0,0.0,1.0,0.7,1.0,1.0,0.25,1.0,0.25
inter_1.0,0.9862230267580514,0.13807891750394685,1.0,-0.0997760808890669,87,150,200,30,2,100,0.0,0,0.3,1.0,0.0,1.0,0.7,1.0,1.0,0.25,1.0,0.25
inter_1.0,0.8915958297776506,0.18291714794478248,1.0,-0.5926408291423477,88,151,200,30,2,100,0.0,0,0.3,1.0,0.0,1.0,0.7,1.0,1.0,0.25,1.0,0.25
inter_1.0,0.6998644306381504,0.18975256874936905,1.0,-1.581720718407126,89,152,200,30,2,100,0.0,0,0.3,1.0,0.0,1.0,0.7,1.0,1.0,0.25,1.0,0.25
inter_1.0,1.0048363587553635,0.17269735359517005,1.0,0.028004822625717067,90,153,200,30,2,100,0.0,0,0.3,1.0,0.0,1.0,0.7,1.0,1.0,0.25,1.0,0.25
inter_1.0,0.9340770159807071,0.12162547067436012,1.0,-0.5420162705540107,91,154,200,30,2,100,0.0,0,0.3,1.0,0.0,1.0,0.7,1.0,1.0,0.25,1.0,0.25
inter_1.0,1.0075256978631535,0.2315797215706239,1.0,0.032497223038841984,92,155,200,30,2,100,0.0,0,0.3,1.0,0.0,1.0,0.7,1.0,1.0,0.25,1.0,0.25
inter_1.0,0.9587289529430127,0.1818058701044379,1.0,-0.2270061304031559,93,156,200,30,2,100,0.0,0,0.3,1.0,0.0,1.0,0.7,1.0,1.0,0.25,1.0,0.25
inter_1.0,1.40532836575461,0.14735157905951382,1.0,2.7507568520246535,94,157,200,30,2,100,0.0,0,0.3,1.0,0.0,1.0,0.7,1.0,1.0,0.25,1.0,0.25
inter_1.0,1.4791265350971936,0.17424352050919414,1.0,2.749752379296721,95,158,200,30,2,100,0.0,0,0.3,1.0,0.0,1.0,0.7,1.0,1.0,0.25,1.0,0.25
inter_1.0,0.9984010952093154,0.15792911333153833,1.0,-0.01012419279102788,96,159,200,30,2,100,0.0,0,0.3,1.0,0.0,1.0,0.7,1.0,1.0,0.25,1.0,0.25
inter_1.0,0.8735159986875783,0.19041607632506327,1.0,-0.6642506439240885,97,160,200,30,2,100,0.0,0,0.3,1.0,0.0,1.0,0.7,1.0,1.0,0.25,1.0,0.25
inter_1.0,0.8993405309045948,0.16887666200432075,1.0,-0.5960531662618358,98,161,200,30,2,100,0.0,0,0.3,1.0,0.0,1.0,0.7,1.0,1.0,0.25,1.0,0.25
inter_1.0,1.434216418100842,0.21460722768047288,1.0,2.0233075222766668,99,162,200,30,2,100,0.0,0,0.3,1.0,0.0,1.0,0.7,1.0,1.0,0.25,1.0,0.25
hete_0.15,0.9358972213598122,0.07252617173345871,1.0,-0.88385719400401,0,64,200,30,2,100,0.0,0,0.3,0.0,0.15,1.0,0.7,1.0,1.0,0.25,1.0,0.25
hete_0.15,0.8873711460859867,0.08830611333659494,1.0,-1.2754366561769943,1,65,200,30,2,100,0.0,0,0.3,0.0,0.15,1.0,0.7,1.0,1.0,0.25,1.0,0.25
hete_0.15,1.0789728705686656,0.06749065049488923,1.0,1.1701305290374393,2,66,200,30,2,100,0.0,0,0.3,0.0,0.15,1.0,0.7,1.0,1.0,0.25,1.0,0.25
hete_0.15,0.9757154164334474,0.06424435913239959,1.0,-0.37800335927556095,3,67,200,30,2,100,0.0,0,0.3,0.0,0.15,1.0,0.7,1.0,1.0,0.25,1.0,0.25
hete_0.15,0.9187459508191771,0.0673899879233982,1.0,-1.205728798663444,4,68,200,30,2,100,0.0,0,0.3,0.0,0.15,1.0,0.7,1.0,1.0,0.25,1.0,0.25
hete_0.15,1.1471336774318972,0.09228099212380922,1.0,1.5944093582619336,5,69,200,30,2,100,0.0,0,0.3,0.0,0.15,1.0,0.7,1.0,1.0,0.25,1.0,0.25
hete_0.15,1.000074023179368,0.06643074178871841,1.0,0.0011142910251332023,6,70,200,30,2,100,0.0,0,0.3,0.0,0.15,1.0,0.7,1.0,1.0,0.25,1.0,0.25
hete_0.15,0.9226151961760133,0.07467740710961555,1.0,-1.0362545623791823,7,71,200,30,2,100,0.0,0,0.3,0.0,0.15,1.0,0.7,1.0,1.0,0.25,1.0,0.25
hete_0.15,1.0161402173019742,0.06753082928804152,1.0,0.2390051695223647,8,72,200,30,2,100,0.0,0,0.3,0.0,0.15,1.0,0.7,1.0,1.0,0.25,1.0,0.25
hete_0.15,0.9284022773440279,0.07901235449147287,1.0,-0.9061585762983309,9,73,200,30,2,100,0.0,0,0.3,0.0,0.15,1.0,0.7,1.0,1.0,0.25,1.0,0.25
hete_0.15,0.9904124768398763,0.06740353455533878,1.0,-0.142240658792934,10,74,200,30,2,100,0.0,0,0.3,0.0,0.15,1.0,0.7,1.0,1.0,0.25,1.0,0.25
hete_0.15,1.0443231067286018,0.1009792192587359,1.0,0.43893295129400967,11,75,200,30,2,100,0.0,0,0.3,0.0,0.15,1.0,0.7,1.0,1.0,0.25,1.0,0.25
hete_0.15,0.8440829657800564,0.07399964603502422,1.0,-2.1069970273391267,12,76,200,30,2,100,0.0,0,0.3,0.0,0.15,1.0,0.7,1.0,1.0,0.25,1.0,0.25
hete_0.15,1.1312014249944264,0.07025031954987267,1.0,1.8676274476058843,13,77,200,30,2,100,0.0,0,0.3,0.0,0.15,1.0,0.7,1.0,1.0,0.25,1.0,0.25
hete_0.15,1.0970768379818097,0.08001116333673032,1.0,1.213291170049081,14,78,200,30,2,100,0.0,0,0.3,0.0,0.15,1.0,0.7,1.0,1.0,0.25,1.0,0.25
hete_0.15,1.0018384751577907,0.07370950347403721,1.0,0.02494217259838474,15,79,200,30,2,100,0.0,0,0.3,0.0,0.15,1.0,0.7,1.0,1.0,0.25,1.0,0.25
hete_0.15,0.887955209514255,0.07485426420416058,1.0,-1.4968391136695895,16,80,200,30,2,100,0.0,0,0.3,0.0,0.15,1.0,0.7,1.0,1.0,0.25,1.0,0.25
hete_0.15,1.0616392707777793,0.08051058767481421,1.0,0.7656045317510664,17,81,200,30,2,100,0.0,0,0.3,0.0,0.15,1.0,0.7,1.0,1.0,0.25,1.0,0.25
hete_0.15,0.9613685187786595,0.0895090599615684,1.0,-0.4315929721296072,18,82,200,30,2,100,0.0,0,0.3,0.0,0.15,1.0,0.7,1.0,1.0,0.25,1.0,0.25
hete_0.15,0.8878981994731832,0.06178962846708933,1.0,-1.8142494672309772,19,83,200,30,2,100,0.0,0,0.3,0.0,0.15,1.0,0.7,1.0,1.0,0.25,1.0,0.25
hete_0.15,0.9291430817142782,0.06288315666311403,1.0,-1.1268028204329164,20,84,200,30,2,100,0.0,0,0.3,0.0,0.15,1.0,0.7,1.0,1.0,0.25,1.0,0.25
hete_0.15,1.0095048787693273,0.07352137380861636,1.0,0.12928048371442885,21,85,200,30,2,100,0.0,0,0.3,0.0,0.15,1.0,0.7,1.0,1.0,0.25,1.0,0.25
hete_0.15,1.0886853391620523,0.07666511405932788,1.0,1.1567887200092408,22,86,200,30,2,100,0.0,0,0.3,0.0,0.15,1.0,0.7,1.0,1.0,0.25,1.0,0.25
hete_0.15,0.9770623749233117,0.07366736164771483,1.0,-0.311367538671718,23,87,200,30,2,100,0.0,0,0.3,0.0,0.15,1.0,0.7,1.0,1.0,0.25,1.0,0.25
hete_0.15,0.8727914076475086,0.06917400187225396,1.0,-1.838965346943667,24,88,200,30,2,100,0.0,0,0.3,0.0,0.15,1.0,0.7,1.0,1.0,0.25,1.0,0.25
hete_0.15,0.8974455428983579,0.07714293109062342,1.0,-1.3294083547482347,25,89,200,30,2,100,0.0,0,0.3,0.0,0.15,1.0,0.7,1.0,1.0,0.25,1.0,0.25
hete_0.15,1.0219198054088428,0.06522773334278165,1.0,0.33605039276239823,26,90,200,30,2,100,0.0,0,0.3,0.0,0.15,1.0,0.7,1.0,1.0,0.25,1.0,0.25
hete_0.15,0.9922681689398761,0.06870076454596662,1.0,-0.1125435955658197,27,91,200,30,2,100,0.0,0,0.3,0.0,0.15,1.0,0.7,1.0,1.0,0.25,1.0,0.25
hete_0.15,1.0481078449872545,0.07828969456857587,1.0,0.6144850258052248,28,92,200,30,2,100,0.0,0,0.3,0.0,0.15,1.0,0.7,1.0,1.0,0.25,1.0,0.25
hete_0.15,1.0479300643017093,0.05554166751546093,1.0,0.8629568834671232,29,93,200,30,2,100,0.0,0,0.3,0.0,0.15,1.0,0.7,1.0,1.0,0.25,1.0,0.25
hete_0.15,0.9114237247532431,0.079291457914286,1.0,-1.1170973214101803,30,94,200,30,2,100,0.0,0,0.3,0.0,0.15,1.0,0.7,1.0,1.0,0.25,1.0,0.25
hete_0.15,0.8899795509612775,0.07544583205935057,1.0,-1.458270735912533,31,95,200,30,2,100,0.0,0,0.3,0.0,0.15,1.0,0.7,1.0,1.0,0.25,1.0,0.25
hete_0.15,0.9801057120974213,0.07464112657435044,1.0,-0.26653252456957405,32,96,200,30,2,100,0.0,0,0.3,0.0,0.15,1.0,0.7,1.0,1.0,0.25,1.0,0.25
hete_0.15,1.0684163808042844,0.07792477194850315,1.0,0.8779798656260112,33,97,200,30,2,100,0.0,0,0.3,0.0,0.15,1.0,0.7,1.0,1.0,0.25,1.0,0.25
hete_0.15,0.9179071817071881,0.06508644564480731,1.0,-1.2612890054069403,34,98,200,30,2,100,0.0,0,0.3,0.0,0.15,1.0,0.7,1.0,1.0,0.25,1.0,0.25
hete_0.15,0.9128747840303271,0.07229922933947659,1.0,-1.2050642415644823,35,99,200,30,2,100,0.0,0,0.3,0.0,0.15,1.0,0.7,1.0,1.0,0.25,1.0,0.25
hete_0.15,0.7343295931725835,0.06420070516794339,1.0,-4.138122877816468,36,100,200,30,2,100,0.0,0,0.3,0.0,0.15,1.0,0.7,1.0,1.0,0.25,1.0,0.25
hete_0.15,0.8795272782016533,0.07526971424612015,1.0,-1.6005470859689965,37,101,200,30,2,100,0.0,0,0.3,0.0,0.15,1.0,0.7,1.0,1.0,0.25,1.0,0.25
hete_0.15,1.1059338714873028,0.07241587015360648,1.0,1.4628543613796108,38,102,200,30,2,100,0.0,0,0.3,0.0,0.15,1.0,0.7,1.0,1.0,0.25,1.0,0.25
hete_0.15,0.8898184586949183,0.07638427381449021,1.0,-1.442463687913992,39,103,200,30,2,100,0.0,0,0.3,0.0,0.15,1.0,0.7,1.0,1.0,0.25,1.0,0.25
hete_0.15,0.9788742969086297,0.07922791011373706,1.0,-0.26664470968681253,40,104,200,30,2,100,0.0,0,0.3,0.0,0.15,1.0,0.7,1.0,1.0,0.25,1.0,0.25
hete_0.15,0.9764877557414438,0.07251743219241366,1.0,-0.3242288584649576,41,105,200,30,2,100,0.0,0,0.3,0.0,0.15,1.0,0.7,1.0,1.0,0.25,1.0,0.25
hete_0.15,1.0912036440269837,0.07666722359817693,1.0,1.1896041065083305,42,106,200,30,2,100,0.0,0,0.3,0.0,0.15,1.0,0.7,1.0,1.0,0.25,1.0,0.25
hete_0.15,0.9823552762969843,0.06619271071819864,1.0,-0.2665659634054629,43,107,200,30,2,100,0.0,0,0.3,0.0,0.15,1.0,0.7,1.0,1.0,0.25,1.0,0.25
hete_0.15,0.9303627292011006,0.0644298309634312,1.0,-1.080823428489573,44,108,200,30,2,100,0.0,0,0.3,0.0,0.15,1.0,0.7,1.0,1.0,0.25,1.0,0.25
hete_0.15,1.0674556772123702,0.07817065219345862,1.0,0.8629284177574633,45,109,200,30,2,100,0.0,0,0.3,0.0,0.15,1.0,0.7,1.0,1.0,0.25,1.0,0.25
hete_0.15,0.8930094871696399,0.08261048672487353,1.0,-1.2951202331815566,46,110,200,30,2,100,0.0,0,0.3,0.0,0.15,1.0,0.7,1.0,1.0,0.25,1.0,0.25
hete_0.15,0.9505653411325817,0.08006457340548911,1.0,-0.6174348624460303,47,111,200,30,2,100,0.0,0,0.3,0.0,0.15,1.0,0.7,1.0,1.0,0.25,1.0,0.25
hete_0.15,0.8671893624103916,0.06791654436651899,1.0,-1.9554975717386538,48,112,200,30,2,100,0.0,0,0.3,0.0,0.15,1.0,0.7,1.0,1.0,0.25,1.0,0.25
hete_0.15,0.9529885517635432,0.07320893594039402,1.0,-0.6421545079515021,49,113,200,30,2,100,0.0,0,0.3,0.0,0.15,1.0,0.7,1.0,1.0,0.25,1.0,0.25
hete_0.15,0.8801333850188465,0.08706031070255957,1.0,-1.376822733733127,50,114,200,30,2,100,0.0,0,0.3,0.0,0.15,1.0,0.7,1.0,1.0,0.25,1.0,0.25
hete_0.15,0.9654482505353861,0.07283850320237796,1.0,-0.4743610583074957,51,115,200,30,2,100,0.0,0,0.3,0.0,0.15,1.0,0.7,1.0,1.0,0.25,1.0,0.25
hete_0.15,0.9135726388274218,0.08067051289241536,1.0,-1.0713624851727466,52,116,200,30,2,100,0.0,0,0.3,0.0,0.15,1.0,0.7,1.0,1.0,0.25,1.0,0.25
hete_0.15,0.9738559871436875,0.08547156291499428,1.0,-0.30587966295075286,53,117,200,30,2,100,0.0,0,0.3,0.0,0.15,1.0,0.7,1.0,1.0,0.25,1.0,0.25
hete_0.15,0.941396253527553,0.06938011853946352,1.0,-0.844676367036086,54,118,200,30,2,100,0.0,0,0.3,0.0,0.15,1.0,0.7,1.0,1.0,0.25,1.0,0.25
hete_0.15,0.9567732776886443,0.08090538833650524,1.0,-0.534287310154983,55,119,200,30,2,100,0.0,0,0.3,0.0,0.15,1.0,0.7,1.0,1.0,0.25,1.0,0.25
hete_0.15,1.0306432489744137,0.071672780668183,1.0,0.42754374378580356,56,120,200,30,2,100,0.0,0,0.3,0.0,0.15,1.0,0.7,1.0,1.0,0.25,1.0,0.25
hete_0.15,0.9691753308969425,0.06961111095163924,1.0,-0.442812486134178,57,121,200,30,2,100,0.0,0,0.3,0.0,0.15,1.0,0.7,1.0,1.0,0.25,1.0,0.25
hete_0.15,0.9640211320662702,0.06375733905128127,1.0,-0.5643094343192607,58,122,200,30,2,100,0.0,0,0.3,0.0,0.15,1.0,0.7,1.0,1.0,0.25,1.0,0.25
hete_0.15,0.9216946862595746,0.08516583371156512,1.0,-0.9194451616081799,59,123,200,30,2,100,0.0,0,0.3,0.0,0.15,1.0,0.7,1.0,1.0,0.25,1.0,0.25
hete_0.15,1.0725075935738868,0.06915816161500132,1.0,1.0484314776545325,60,124,200,30,2,100,0.0,0,0.3,0.0,0.15,1.0,0.7,1.0,1.0,0.25,1.0,0.25
hete_0.15,1.0720923322686253,0.07042453841004172,1.0,1.0236819991474138,61,125,200,30,2,100,0.0,0,0.3,0.0,0.15,1.0,0.7,1.0,1.0,0.25,1.0,0.25
hete_0.15,1.0579948212822605,0.07236924253386738,1.0,0.801373888294051,62,126,200,30,2,100,0.0,0,0.3,0.0,0.15,1.0,0.7,1.0,1.0,0.25,1.0,0.25
hete_0.15,1.002271183334729,0.06654201315425733,1.0,0.03413156932093478,63,127,200,30,2,100,0.0,0,0.3,0.0,0.15,1.0,0.7,1.0,1.0,0.25,1.0,0.25
hete_0.15,0.9134216443731439,0.07326769497530558,1.0,-1.1816716174302577,64,128,200,30,2,100,0.0,0,0.3,0.0,0.15,1.0,0.7,1.0,1.0,0.25,1.0,0.25
hete_0.15,0.9728346867968929,0.07610895506582632,1.0,-0.3569266347121957,65,129,200,30,2,100,0.0,0,0.3,0.0,0.15,1.0,0.7,1.0,1.0,0.25,1.0,0.25
hete_0.15,0.8479558645483515,0.0728245642993444,1.0,-2.0878138704225284,66,130,200,30,2,100,0.0,0,0.3,0.0,0.15,1.0,0.7,1.0,1.0,0.25,1.0,0.25
hete_0.15,0.9513433447328029,0.06864285009718368,1.0,-0.7088379226432121,67,131,200,30,2,100,0.0,0,0.3,0.0,0.15,1.0,0.7,1.0,1.0,0.25,1.0,0.25
hete_0.15,0.9233991579953251,0.05509898175042859,1.0,-1.3902406101012752,68,132,200,30,2,100,0.0,0,0.3,0.0,0.15,1.0,0.7,1.0,1.0,0.25,1.0,0.25
hete_0.15,1.0150895968544305,0.09112634488487054,1.0,0.16558983983714834,69,133,200,30,2,100,0.0,0,0.3,0.0,0.15,1.0,0.7,1.0,1.0,0.25,1.0,0.25
hete_0.15,0.9943311800874746,0.07656235543501269,1.0,-0.07404186927526306,70,134,200,30,2,100,0.0,0,0.3,0.0,0.15,1.0,0.7,1.0,1.0,0.25,1.0,0.25
hete_0.15,0.8676880875637671,0.08039533603374663,1.0,-1.6457660228037831,71,135,200,30,2,100,0.0,0,0.3,0.0,0.15,1.0,0.7,1.0,1.0,0.25,1.0,0.25
hete_0.15,0.9598604357448323,0.07747833106485812,1.0,-0.5180747146136432,72,136,200,30,2,100,0.0,0,0.3,0.0,0.15,1.0,0.7,1.0,1.0,0.25,1.0,0.25
hete_0.15,0.8659342921744313,0.09156977667089049,1.0,-1.4640825029792546,73,137,200,30,2,100,0.0,0,0.3,0.0,0.15,1.0,0.7,1.0,1.0,0.25,1.0,0.25
hete_0.15,0.9185708541164243,0.0887664860253086,1.0,-0.9173410994365502,74,138,200,30,2,100,0.0,0,0.3,0.0,0.15,1.0,0.7,1.0,1.0,0.25,1.0,0.25
hete_0.15,0.8979946971052576,0.07982278666054915,1.0,-1.2778970412111224,75,139,200,30,2,100,0.0,0,0.3,0.0,0.15,1.0,0.7,1.0,1.0,0.25,1.0,0.25
hete_0.15,0.9081775837217441,0.08116314417898833,1.0,-1.1313314338311096,76,140,200,30,2,100,0.0,0,0.3,0.0,0.15,1.0,0.7,1.0,1.0,0.25,1.0,0.25
hete_0.15,1.1316618664552396,0.08149198990402097,1.0,1.6156418147391827,77,141,200,30,2,100,0.0,0,0.3,0.0,0.15,1.0,0.7,1.0,1.0,0.25,1.0,0.25
hete_0.15,0.8917729536240859,0.0775949091527081,1.0,-1.3947699347507632,78,142,200,30,2,100,0.0,0,0.3,0.0,0.15,1.0,0.7,1.0,1.0,0.25,1.0,0.25
hete_0.15,0.982967781598217,0.06880506311585576,1.0,-0.24754309683727413,79,143,200,30,2,100,0.0,0,0.3,0.0,0.15,1.0,0.7,1.0,1.0,0.25,1.0,0.25
hete_0.15,0.8328244639275233,0.0755773961168887,1.0,-2.211977981007992,80,144,200,30,2,100,0.0,0,0.3,0.0,0.15,1.0,0.7,1.0,1.0,0.25,1.0,0.25
hete_0.15,0.8697487768357575,0.09200617540617453,1.0,-1.4156791388102996,81,145,200,30,2,100,0.0,0,0.3,0.0,0.15,1.0,0.7,1.0,1.0,0.25,1.0,0.25
hete_0.15,0.9867474046186205,0.07288012753080093,1.0,-0.18184100152374993,82,146,200,30,2,100,0.0,0,0.3,0.0,0.15,1.0,0.7,1.0,1.0,0.25,1.0,0.25
hete_0.15,1.0290194059665476,0.09222487663564134,1.0,0.3146592006969705,83,147,200,30,2,100,0.0,0,0.3,0.0,0.15,1.0,0.7,1.0,1.0,0.25,1.0,0.25
hete_0.15,1.0525270059225276,0.09464813553705653,1.0,0.5549713750247331,84,148,200,30,2,100,0.0,0,0.3,0.0,0.15,1.0,0.7,1.0,1.0,0.25,1.0,0.25
hete_0.15,0.881319446283835,0.07257221413752461,1.0,-1.635344258496302,85,149,200,30,2,100,0.0,0,0.3,0.0,0.15,1.0,0.7,1.0,1.0,0.25,1.0,0.25
hete_0.15,1.0389367180100417,0.07626964521673595,1.0,0.51051395216793,86,150,200,30,2,100,0.0,0,0.3,0.0,0.15,1.0,0.7,1.0,1.0,0.25,1.0,0.25
hete_0.15,0.9801302326306253,0.0712164772568628,1.0,-0.279005198441769,87,151,200,30,2,100,0.0,0,0.3,0.0,0.15,1.0,0.7,1.0,1.0,0.25,1.0,0.25
hete_0.15,0.898575767733464,0.06339636134407034,1.0,-1.599843115854511,88,152,200,30,2,100,0.0,0,0.3,0.0,0.15,1.0,0.7,1.0,1.0,0.25,1.0,0.25
hete_0.15,1.0762195953272375,0.06811758254199364,1.0,1.1189415784133137,89,153,200,30,2,100,0.0,0,0.3,0.0,0.15,1.0,0.7,1.0,1.0,0.25,1.0,0.25
hete_0.15,1.0268459902737235,0.07602889135081876,1.0,0.3531024824477382,90,154,200,30,2,100,0.0,0,0.3,0.0,0.15,1.0,0.7,1.0,1.0,0.25,1.0,0.25
hete_0.15,0.8992322605478085,0.07218258418717063,1.0,-1.3960118023884973,91,155,200,30,2,100,0.0,0,0.3,0.0,0.15,1.0,0.7,1.0,1.0,0.25,1.0,0.25
hete_0.15,0.8972493924049921,0.07256146913630958,1.0,-1.416049162427883,92,156,200,30,2,100,0.0,0,0.3,0.0,0.15,1.0,0.7,1.0,1.0,0.25,1.0,0.25
hete_0.15,1.0333795215693107,0.07460358373092432,1.0,0.447425175842784,93,157,200,30,2,100,0.0,0,0.3,0.0,0.15,1.0,0.7,1.0,1.0,0.25,1.0,0.25
hete_0.15,1.1720773860710518,0.06794613678769038,1.0,2.5325558480055728,94,158,200,30,2,100,0.0,0,0.3,0.0,0.15,1.0,0.7,1.0,1.0,0.25,1.0,0.25
hete_0.15,0.9395871751705435,0.06761549940185406,1.0,-0.8934759835227953,95,159,200,30,2,100,0.0,0,0.3,0.0,0.15,1.0,0.7,1.0,1.0,0.25,1.0,0.25
hete_0.15,1.013659205703396,0.06425752969642085,1.0,0.21256972946093164,96,160,200,30,2,100,0.0,0,0.3,0.0,0.15,1.0,0.7,1.0,1.0,0.25,1.0,0.25
hete_0.15,0.9930531597056218,0.07241632804654478,1.0,-0.09592919831440769,97,161,200,30,2,100,0.0,0,0.3,0.0,0.15,1.0,0.7,1.0,1.0,0.25,1.0,0.25
hete_0.15,1.0353248523711729,0.07673840288413694,1.0,0.46032821955531084,98,162,200,30,2,100,0.0,0,0.3,0.0,0.15,1.0,0.7,1.0,1.0,0.25,1.0,0.25
hete_0.15,1.0591910500779294,0.08193512179181936,1.0,0.7224136461079766,99,163,200,30,2,100,0.0,0,0.3,0.0,0.15,1.0,0.7,1.0,1.0,0.25,1.0,0.25
hete_0.3,0.910171621967385,0.08894847825534931,1.0,-1.0098922409300777,0,65,200,30,2,100,0.0,0,0.3,0.0,0.3,1.0,0.7,1.0,1.0,0.25,1.0,0.25
hete_0.3,1.0764516691237225,0.075457765005288,1.0,1.0131716612381088,1,66,200,30,2,100,0.0,0,0.3,0.0,0.3,1.0,0.7,1.0,1.0,0.25,1.0,0.25
hete_0.3,0.9338278860338052,0.06366602620144768,1.0,-1.0393630310272162,2,67,200,30,2,100,0.0,0,0.3,0.0,0.3,1.0,0.7,1.0,1.0,0.25,1.0,0.25
hete_0.3,0.9244549072370865,0.07567219645087563,1.0,-0.9983203383286939,3,68,200,30,2,100,0.0,0,0.3,0.0,0.3,1.0,0.7,1.0,1.0,0.25,1.0,0.25
hete_0.3,1.1664040471048671,0.1098570005997141,1.0,1.514733209503812,4,69,200,30,2,100,0.0,0,0.3,0.0,0.3,1.0,0.7,1.0,1.0,0.25,1.0,0.25
hete_0.3,1.0053912077231806,0.07963143214316974,1.0,0.06770200633196828,5,70,200,30,2,100,0.0,0,0.3,0.0,0.3,1.0,0.7,1.0,1.0,0.25,1.0,0.25
hete_0.3,0.9241781610041832,0.08622903981140108,1.0,-0.8793074718407312,6,71,200,30,2,100,0.0,0,0.3,0.0,0.3,1.0,0.7,1.0,1.0,0.25,1.0,0.25
hete_0.3,0.9696294153204154,0.07430958823433133,1.0,-0.4087034446189181,7,72,200,30,2,100,0.0,0,0.3,0.0,0.3,1.0,0.7,1.0,1.0,0.25,1.0,0.25
hete_0.3,0.9237603860935476,0.09275080979391435,1.0,-0.8219832697509741,8,73,200,30,2,100,0.0,0,0.3,0.0,0.3,1.0,0.7,1.0,1.0,0.25,1.0,0.25
hete_0.3,1.0125720740926079,0.07067097709954301,1.0,0.17789585779887498,9,74,200,30,2,100,0.0,0,0.3,0.0,0.3,1.0,0.7,1.0,1.0,0.25,1.0,0.25
hete_0.3,1.0545756460152682,0.1072572182388034,1.0,0.5088295865902281,10,75,200,30,2,100,0.0,0,0.3,0.0,0.3,1.0,0.7,1.0,1.0,0.25,1.0,0.25
hete_0.3,0.8825828086569464,0.08593795483157451,1.0,-1.3663019043584836,11,76,200,30,2,100,0.0,0,0.3,0.0,0.3,1.0,0.7,1.0,1.0,0.25,1.0,0.25
hete_0.3,1.1692981292468336,0.07909530652585753,1.0,2.1404320519509885,12,77,200,30,2,100,0.0,0,0.3,0.0,0.3,1.0,0.7,1.0,1.0,0.25,1.0,0.25
hete_0.3,1.100806005000748,0.0851949913164738,1.0,1.1832386322604806,13,78,200,30,2,100,0.0,0,0.3,0.0,0.3,1.0,0.7,1.0,1.0,0.25,1.0,0.25
hete_0.3,0.9779481789688441,0.08264868023901406,1.0,-0.2668139523508857,14,79,200,30,2,100,0.0,0,0.3,0.0,0.3,1.0,0.7,1.0,1.0,0.25,1.0,0.25
hete_0.3,0.8522858791376228,0.10350082070687511,1.0,-1.4271782566895648,15,80,200,30,2,100,0.0,0,0.3,0.0,0.3,1.0,0.7,1.0,1.0,0.25,1.0,0.25
hete_0.3,1.0788987225339233,0.08825189441968533,1.0,0.8940173245314975,16,81,200,30,2,100,0.0,0,0.3,0.0,0.3,1.0,0.7,1.0,1.0,0.25,1.0,0.25
hete_0.3,0.9348265615893819,0.09712176677608805,1.0,-0.6710487316491461,17,82,200,30,2,100,0.0,0,0.3,0.0,0.3,1.0,0.7,1.0,1.0,0.25,1.0,0.25
hete_0.3,0.8600045813720932,0.07158641545978207,1.0,-1.9556143121393963,18,83,200,30,2,100,0.0,0,0.3,0.0,0.3,1.0,0.7,1.0,1.0,0.25,1.0,0.25
hete_0.3,0.9401119428062288,0.06684555452044041,1.0,-0.8959168283278779,19,84,200,30,2,100,0.0,0,0.3,0.0,0.3,1.0,0.7,1.0,1.0,0.25,1.0,0.25
hete_0.3,1.0182781328052084,0.07908588445976263,1.0,0.2311175114252906,20,85,200,30,2,100,0.0,0,0.3,0.0,0.3,1.0,0.7,1.0,1.0,0.25,1.0,0.25
hete_0.3,1.049033024608269,0.07949398133269038,1.0,0.6168143019917558,21,86,200,30,2,100,0.0,0,0.3,0.0,0.3,1.0,0.7,1.0,1.0,0.25,1.0,0.25
hete_0.3,0.9807011181353987,0.0886946267119942,1.0,-0.21758794844774376,22,87,200,30,2,100,0.0,0,0.3,0.0,0.3,1.0,0.7,1.0,1.0,0.25,1.0,0.25
hete_0.3,0.8480992228151557,0.07736895383803888,1.0,-1.963329858418758,23,88,200,30,2,100,0.0,0,0.3,0.0,0.3,1.0,0.7,1.0,1.0,0.25,1.0,0.25
hete_0.3,0.8903326493737292,0.07896311585431433,1.0,-1.3888427456257584,24,89,200,30,2,100,0.0,0,0.3,0.0,0.3,1.0,0.7,1.0,1.0,0.25,1.0,0.25
hete_0.3,0.976392323089287,0.07196743626889458,1.0,-0.3280327622413384,25,90,200,30,2,100,0.0,0,0.3,0.0,0.3,1.0,0.7,1.0,1.0,0.25,1.0,0.25
hete_0.3,1.0015284232748485,0.0707120353372926,1.0,0.021614754370426214,26,91,200,30,2,100,0.0,0,0.3,0.0,0.3,1.0,0.7,1.0,1.0,0.25,1.0,0.25
hete_0.3,1.0493407462263555,0.0837055021949036,1.0,0.5894564267886281,27,92,200,30,2,100,0.0,0,0.3,0.0,0.3,1.0,0.7,1.0,1.0,0.25,1.0,0.25
hete_0.3,1.025935244305543,0.0607220077644305,1.0,0.42711440646294296,28,93,200,30,2,100,0.0,0,0.3,0.0,0.3,1.0,0.7,1.0,1.0,0.25,1.0,0.25
hete_0.3,0.8890265316876127,0.09224677582411608,1.0,-1.2030064717272806,29,94,200,30,2,100,0.0,0,0.3,0.0,0.3,1.0,0.7,1.0,1.0,0.25,1.0,0.25
hete_0.3,0.9493356777889109,0.09201604777951065,1.0,-0.5506031114538976,30,95,200,30,2,100,0.0,0,0.3,0.0,0.3,1.0,0.7,1.0,1.0,0.25,1.0,0.25
hete_0.3,0.9510657330245801,0.08860925955542487,1.0,-0.55224778111154,31,96,200,30,2,100,0.0,0,0.3,0.0,0.3,1.0,0.7,1.0,1.0,0.25,1.0,0.25
hete_0.3,1.0689533748683377,0.08846214061021251,1.0,0.7794676275375754,32,97,200,30,2,100,0.0,0,0.3,0.0,0.3,1.0,0.7,1.0,1.0,0.25,1.0,0.25
hete_0.3,0.9251843518733115,0.07041753202116363,1.0,-1.0624576860234614,33,98,200,30,2,100,0.0,0,0.3,0.0,0.3,1.0,0.7,1.0,1.0,0.25,1.0,0.25
hete_0.3,0.8698106491234732,0.07819314101017019,1.0,-1.6649714948731085,34,99,200,30,2,100,0.0,0,0.3,0.0,0.3,1.0,0.7,1.0,1.0,0.25,1.0,0.25
hete_0.3,0.7487041506874003,0.07252650387762491,1.0,-3.4648829859028516,35,100,200,30,2,100,0.0,0,0.3,0.0,0.3,1.0,0.7,1.0,1.0,0.25,1.0,0.25
hete_0.3,0.8594420766489476,0.07661488290024755,1.0,-1.8346033829231145,36,101,200,30,2,100,0.0,0,0.3,0.0,0.3,1.0,0.7,1.0,1.0,0.25,1.0,0.25
hete_0.3,1.1367571408184034,0.0883412397845253,1.0,1.548055485206798,37,102,200,30,2,100,0.0,0,0.3,0.0,0.3,1.0,0.7,1.0,1.0,0.25,1.0,0.25
hete_0.3,0.88145354278432,0.081301828917789,1.0,-1.458103203748985,38,103,200,30,2,100,0.0,0,0.3,0.0,0.3,1.0,0.7,1.0,1.0,0.25,1.0,0.25
hete_0.3,0.9840390135906485,0.09037102356441105,1.0,-0.17661619598648756,39,104,200,30,2,100,0.0,0,0.3,0.0,0.3,1.0,0.7,1.0,1.0,0.25,1.0,0.25
hete_0.3,1.0153877978681325,0.08055751356745267,1.0,0.19101629614285368,40,105,200,30,2,100,0.0,0,0.3,0.0,0.3,1.0,0.7,1.0,1.0,0.25,1.0,0.25
hete_0.3,1.0590757286703385,0.0930261922573425,1.0,0.6350440369193515,41,106,200,30,2,100,0.0,0,0.3,0.0,0.3,1.0,0.7,1.0,1.0,0.25,1.0,0.25
hete_0.3,0.9280698748407143,0.0856251971943753,1.0,-0.8400579212214735,42,107,200,30,2,100,0.0,0,0.3,0.0,0.3,1.0,0.7,1.0,1.0,0.25,1.0,0.25
hete_0.3,0.9041561639694412,0.0658625755110912,1.0,-1.4552093550368186,43,108,200,30,2,100,0.0,0,0.3,0.0,0.3,1.0,0.7,1.0,1.0,0.25,1.0,0.25
hete_0.3,1.0539273379369607,0.08421860283499108,1.0,0.6403257252156053,44,109,200,30,2,100,0.0,0,0.3,0.0,0.3,1.0,0.7,1.0,1.0,0.25,1.0,0.25
hete_0.3,0.9014276976924144,0.10678617199499085,1.0,-0.9230811486735331,45,110,200,30,2,100,0.0,0,0.3,0.0,0.3,1.0,0.7,1.0,1.0,0.25,1.0,0.25
hete_0.3,0.9223065525357502,0.08271638726149008,1.0,-0.9392751549779204,46,111,200,30,2,100,0.0,0,0.3,0.0,0.3,1.0,0.7,1.0,1.0,0.25,1.0,0.25
hete_0.3,0.8413384888720196,0.07580514606575008,1.0,-2.0930176823399873,47,112,200,30,2,100,0.0,0,0.3,0.0,0.3,1.0,0.7,1.0,1.0,0.25,1.0,0.25
hete_0.3,0.9307147018016492,0.08327456079148175,1.0,-0.8320103707522418,48,113,200,30,2,100,0.0,0,0.3,0.0,0.3,1.0,0.7,1.0,1.0,0.25,1.0,0.25
hete_0.3,0.8361030558979581,0.08982885814754493,1.0,-1.8245466711025013,49,114,200,30,2,100,0.0,0,0.3,0.0,0.3,1.0,0.7,1.0,1.0,0.25,1.0,0.25
hete_0.3,0.9491543749727355,0.08440320075397746,1.0,-0.6024134697861971,50,115,200,30,2,100,0.0,0,0.3,0.0,0.3,1.0,0.7,1.0,1.0,0.25,1.0,0.25
hete_0.3,0.9063099044325303,0.08873904783431313,1.0,-1.0557933384906355,51,116,200,30,2,100,0.0,0,0.3,0.0,0.3,1.0,0.7,1.0,1.0,0.25,1.0,0.25
hete_0.3,0.9343586321238263,0.09216221166440233,1.0,-0.7122373334007964,52,117,200,30,2,100,0.0,0,0.3,0.0,0.3,1.0,0.7,1.0,1.0,0.25,1.0,0.25
hete_0.3,0.9505966275308237,0.07388983795354771,1.0,-0.668608483080375,53,118,200,30,2,100,0.0,0,0.3,0.0,0.3,1.0,0.7,1.0,1.0,0.25,1.0,0.25
hete_0.3,0.9109641731600493,0.09253458576537386,1.0,-0.9621897164559159,54,119,200,30,2,100,0.0,0,0.3,0.0,0.3,1.0,0.7,1.0,1.0,0.25,1.0,0.25
hete_0.3,0.9833635240183943,0.07633236857856653,1.0,-0.21794785477516349,55,120,200,30,2,100,0.0,0,0.3,0.0,0.3,1.0,0.7,1.0,1.0,0.25,1.0,0.25
hete_0.3,0.9512791965970346,0.07981969072555807,1.0,-0.610385770229063,56,121,200,30,2,100,0.0,0,0.3,0.0,0.3,1.0,0.7,1.0,1.0,0.25,1.0,0.25
hete_0.3,0.937010017403725,0.07145438572219663,1.0,-0.8815411672723642,57,122,200,30,2,100,0.0,0,0.3,0.0,0.3,1.0,0.7,1.0,1.0,0.25,1.0,0.25
hete_0.3,0.9260930155817775,0.08765315697572505,1.0,-0.8431753854420846,58,123,200,30,2,100,0.0,0,0.3,0.0,0.3,1.0,0.7,1.0,1.0,0.25,1.0,0.25
hete_0.3,1.0884131463681193,0.07791647547866527,1.0,1.1347169622980204,59,124,200,30,2,100,0.0,0,0.3,0.0,0.3,1.0,0.7,1.0,1.0,0.25,1.0,0.25
hete_0.3,1.0390272221321815,0.08060454681687046,1.0,0.4841813976182929,60,125,200,30,2,100,0.0,0,0.3,0.0,0.3,1.0,0.7,1.0,1.0,0.25,1.0,0.25
hete_0.3,1.040504183855598,0.07645154279248788,1.0,0.5298020468408113,61,126,200,30,2,100,0.0,0,0.3,0.0,0.3,1.0,0.7,1.0,1.0,0.25,1.0,0.25
hete_0.3,1.018875979461324,0.07217484183404943,1.0,0.26153128959707717,62,127,200,30,2,100,0.0,0,0.3,0.0,0.3,1.0,0.7,1.0,1.0,0.25,1.0,0.25
hete_0.3,0.9080174271044142,0.07584805486663002,1.0,-1.2127215794436181,63,128,200,30,2,100,0.0,0,0.3,0.0,0.3,1.0,0.7,1.0,1.0,0.25,1.0,0.25
hete_0.3,0.9599869289147498,0.08251110132698294,1.0,-0.48494166774822883,64,129,200,30,2,100,0.0,0,0.3,0.0,0.3,1.0,0.7,1.0,1.0,0.25,1.0,0.25
hete_0.3,0.8742477750405023,0.0738349506315925,1.0,-1.7031530986856354,65,130,200,30,2,100,0.0,0,0.3,0.0,0.3,1.0,0.7,1.0,1.0,0.25,1.0,0.25
hete_0.3,0.9526574413900188,0.0769789215018671,1.0,-0.6150067796004764,66,131,200,30,2,100,0.0,0,0.3,0.0,0.3,1.0,0.7,1.0,1.0,0.25,1.0,0.25
hete_0.3,0.9189127647725636,0.0648949977437793,1.0,-1.2495144163127627,67,132,200,30,2,100,0.0,0,0.3,0.0,0.3,1.0,0.7,1.0,1.0,0.25,1.0,0.25
hete_0.3,1.0168682814955783,0.10864763813787999,1.0,0.15525677119802167,68,133,200,30,2,100,0.0,0,0.3,0.0,0.3,1.0,0.7,1.0,1.0,0.25,1.0,0.25
hete_0.3,0.9713475652303174,0.0862139846869162,1.0,-0.3323409174710247,69,134,200,30,2,100,0.0,0,0.3,0.0,0.3,1.0,0.7,1.0,1.0,0.25,1.0,0.25
hete_0.3,0.8993869350426965,0.08483881833246716,1.0,-1.1859319464236295,70,135,200,30,2,100,0.0,0,0.3,0.0,0.3,1.0,0.7,1.0,1.0,0.25,1.0,0.25
hete_0.3,0.906194498938551,0.09495604370323792,1.0,-0.9878834185069396,71,136,200,30,2,100,0.0,0,0.3,0.0,0.3,1.0,0.7,1.0,1.0,0.25,1.0,0.25
hete_0.3,0.8882737156005666,0.11137382392405816,1.0,-1.0031646617037735,72,137,200,30,2,100,0.0,0,0.3,0.0,0.3,1.0,0.7,1.0,1.0,0.25,1.0,0.25
hete_0.3,0.9658288092942351,0.11756694702170598,1.0,-0.2906530412791616,73,138,200,30,2,100,0.0,0,0.3,0.0,0.3,1.0,0.7,1.0,1.0,0.25,1.0,0.25
hete_0.3,0.9102729738675172,0.08798596347526964,1.0,-1.0197879592203656,74,139,200,30,2,100,0.0,0,0.3,0.0,0.3,1.0,0.7,1.0,1.0,0.25,1.0,0.25
hete_0.3,0.8512346171270232,0.07847544260051771,1.0,-1.895693454451385,75,140,200,30,2,100,0.0,0,0.3,0.0,0.3,1.0,0.7,1.0,1.0,0.25,1.0,0.25
hete_0.3,1.1589911842643315,0.0938898187429387,1.0,1.6933804579986893,76,141,200,30,2,100,0.0,0,0.3,0.0,0.3,1.0,0.7,1.0,1.0,0.25,1.0,0.25
hete_0.3,0.8898928699392458,0.0809113232683843,1.0,-1.3608370944018173,77,142,200,30,2,100,0.0,0,0.3,0.0,0.3,1.0,0.7,1.0,1.0,0.25,1.0,0.25
hete_0.3,0.9774681550656886,0.06902968515105368,1.0,-0.3264080501744465,78,143,200,30,2,100,0.0,0,0.3,0.0,0.3,1.0,0.7,1.0,1.0,0.25,1.0,0.25
hete_0.3,0.8290070267654788,0.07645730105876496,1.0,-2.236450553009925,79,144,200,30,2,100,0.0,0,0.3,0.0,0.3,1.0,0.7,1.0,1.0,0.25,1.0,0.25
hete_0.3,0.8713286618587871,0.10178057506679816,1.0,-1.26420329278712,80,145,200,30,2,100,0.0,0,0.3,0.0,0.3,1.0,0.7,1.0,1.0,0.25,1.0,0.25
hete_0.3,1.0143683605891638,0.07951537394260778,1.0,0.18069915133059078,81,146,200,30,2,100,0.0,0,0.3,0.0,0.3,1.0,0.7,1.0,1.0,0.25,1.0,0.25
hete_0.3,1.0329298912865823,0.11614749826128054,1.0,0.28351786977369586,82,147,200,30,2,100,0.0,0,0.3,0.0,0.3,1.0,0.7,1.0,1.0,0.25,1.0,0.25
hete_0.3,1.0990282951060821,0.10108205629791096,1.0,0.9796822377081849,83,148,200,30,2,100,0.0,0,0.3,0.0,0.3,1.0,0.7,1.0,1.0,0.25,1.0,0.25
hete_0.3,0.9117393950067503,0.077157994840862,1.0,-1.1438944878659276,84,149,200,30,2,100,0.0,0,0.3,0.0,0.3,1.0,0.7,1.0,1.0,0.25,1.0,0.25
hete_0.3,1.0453765094600664,0.08190905553515365,1.0,0.5539864812699713,85,150,200,30,2,100,0.0,0,0.3,0.0,0.3,1.0,0.7,1.0,1.0,0.25,1.0,0.25
hete_0.3,0.9475764768284403,0.08581941730417887,1.0,-0.6108585308351545,86,151,200,30,2,100,0.0,0,0.3,0.0,0.3,1.0,0.7,1.0,1.0,0.25,1.0,0.25
hete_0.3,0.8559859440143277,0.07616675304050627,1.0,-1.890773207951823,87,152,200,30,2,100,0.0,0,0.3,0.0,0.3,1.0,0.7,1.0,1.0,0.25,1.0,0.25
hete_0.3,1.059170763215267,0.07730005480112055,1.0,0.7654685804234279,88,153,200,30,2,100,0.0,0,0.3,0.0,0.3,1.0,0.7,1.0,1.0,0.25,1.0,0.25
hete_0.3,0.9963806945535665,0.07867642004963542,1.0,-0.046002416532808295,89,154,200,30,2,100,0.0,0,0.3,0.0,0.3,1.0,0.7,1.0,1.0,0.25,1.0,0.25
hete_0.3,0.9343276355398343,0.09266378813590533,1.0,-0.7087165955685657,90,155,200,30,2,100,0.0,0,0.3,0.0,0.3,1.0,0.7,1.0,1.0,0.25,1.0,0.25
hete_0.3,0.9096590538877276,0.08357769907096267,1.0,-1.080921670690734,91,156,200,30,2,100,0.0,0,0.3,0.0,0.3,1.0,0.7,1.0,1.0,0.25,1.0,0.25
hete_0.3,1.104764607890101,0.08369863949288604,1.0,1.251688301325441,92,157,200,30,2,100,0.0,0,0.3,0.0,0.3,1.0,0.7,1.0,1.0,0.25,1.0,0.25
hete_0.3,1.2307698558191724,0.07811341170245745,1.0,2.954292365288052,93,158,200,30,2,100,0.0,0,0.3,0.0,0.3,1.0,0.7,1.0,1.0,0.25,1.0,0.25
hete_0.3,0.9477016700953592,0.07870943395203134,1.0,-0.6644480499823372,94,159,200,30,2,100,0.0,0,0.3,0.0,0.3,1.0,0.7,1.0,1.0,0.25,1.0,0.25
hete_0.3,0.9825078441292994,0.07494447828876202,1.0,-0.2334015296404244,95,160,200,30,2,100,0.0,0,0.3,0.0,0.3,1.0,0.7,1.0,1.0,0.25,1.0,0.25
hete_0.3,0.980791662348465,0.08557641979813387,1.0,-0.22445829934046652,96,161,200,30,2,100,0.0,0,0.3,0.0,0.3,1.0,0.7,1.0,1.0,0.25,1.0,0.25
hete_0.3,1.1187919674574334,0.09424328345058657,1.0,1.2604820535536425,97,162,200,30,2,100,0.0,0,0.3,0.0,0.3,1.0,0.7,1.0,1.0,0.25,1.0,0.25
hete_0.3,1.051175215067894,0.08623758350893596,1.0,0.5934212553925647,98,163,200,30,2,100,0.0,0,0.3,0.0,0.3,1.0,0.7,1.0,1.0,0.25,1.0,0.25
hete_0.3,1.053561589092582,0.09409322160435411,1.0,0.569239613431447,99,164,200,30,2,100,0.0,0,0.3,0.0,0.3,1.0,0.7,1.0,1.0,0.25,1.0,0.25
hete_0.5,1.0682708676067783,0.09123561953122378,1.0,0.7482918180153724,0,66,200,30,2,100,0.0,0,0.3,0.0,0.5,1.0,0.7,1.0,1.0,0.25,1.0,0.25
hete_0.5,0.8874723353733943,0.07357336247648565,1.0,-1.5294620340693277,1,67,200,30,2,100,0.0,0,0.3,0.0,0.5,1.0,0.7,1.0,1.0,0.25,1.0,0.25
hete_0.5,0.9122933010639788,0.08842940118895475,1.0,-0.9918273533099105,2,68,200,30,2,100,0.0,0,0.3,0.0,0.5,1.0,0.7,1.0,1.0,0.25,1.0,0.25
hete_0.5,1.1967730459641628,0.13559842897040278,1.0,1.4511454701817574,3,69,200,30,2,100,0.0,0,0.3,0.0,0.5,1.0,0.7,1.0,1.0,0.25,1.0,0.25
hete_0.5,1.0113205234798854,0.10672696964489359,1.0,0.10606994199827421,4,70,200,30,2,100,0.0,0,0.3,0.0,0.5,1.0,0.7,1.0,1.0,0.25,1.0,0.25
hete_0.5,0.9059323165641122,0.10851107576971163,1.0,-0.8668947641393177,5,71,200,30,2,100,0.0,0,0.3,0.0,0.5,1.0,0.7,1.0,1.0,0.25,1.0,0.25
hete_0.5,0.9116155794620837,0.08454851878051939,1.0,-1.0453692366551632,6,72,200,30,2,100,0.0,0,0.3,0.0,0.5,1.0,0.7,1.0,1.0,0.25,1.0,0.25
hete_0.5,0.8836815045610596,0.11856086684270774,1.0,-0.9810867492497141,7,73,200,30,2,100,0.0,0,0.3,0.0,0.5,1.0,0.7,1.0,1.0,0.25,1.0,0.25
hete_0.5,1.0274234091459007,0.08301567885818803,1.0,0.33034011795225904,8,74,200,30,2,100,0.0,0,0.3,0.0,0.5,1.0,0.7,1.0,1.0,0.25,1.0,0.25
hete_0.5,1.031462397071749,0.1260772984232902,1.0,0.24954847117771742,9,75,200,30,2,100,0.0,0,0.3,0.0,0.5,1.0,0.7,1.0,1.0,0.25,1.0,0.25
hete_0.5,0.9045310013059299,0.10683019755434635,1.0,-0.8936518033255849,10,76,200,30,2,100,0.0,0,0.3,0.0,0.5,1.0,0.7,1.0,1.0,0.25,1.0,0.25
hete_0.5,1.182672463340607,0.09721732962494707,1.0,1.8790113248876064,11,77,200,30,2,100,0.0,0,0.3,0.0,0.5,1.0,0.7,1.0,1.0,0.25,1.0,0.25
hete_0.5,1.0952830711249917,0.09616992797201922,1.0,0.990778231140138,12,78,200,30,2,100,0.0,0,0.3,0.0,0.5,1.0,0.7,1.0,1.0,0.25,1.0,0.25
hete_0.5,0.9509447606464909,0.1001427863850573,1.0,-0.4898529502153817,13,79,200,30,2,100,0.0,0,0.3,0.0,0.5,1.0,0.7,1.0,1.0,0.25,1.0,0.25
hete_0.5,0.8211564220018829,0.15167282843754898,1.0,-1.1791405213476034,14,80,200,30,2,100,0.0,0,0.3,0.0,0.5,1.0,0.7,1.0,1.0,0.25,1.0,0.25
hete_0.5,1.0644332455451513,0.10347002183177773,1.0,0.6227238035177696,15,81,200,30,2,100,0.0,0,0.3,0.0,0.5,1.0,0.7,1.0,1.0,0.25,1.0,0.25
hete_0.5,0.8935943980135681,0.1106204658022764,1.0,-0.961897974436501,16,82,200,30,2,100,0.0,0,0.3,0.0,0.5,1.0,0.7,1.0,1.0,0.25,1.0,0.25
hete_0.5,0.8301927263206624,0.09095946702054744,1.0,-1.8668455218738107,17,83,200,30,2,100,0.0,0,0.3,0.0,0.5,1.0,0.7,1.0,1.0,0.25,1.0,0.25
hete_0.5,0.9325433201425545,0.07674643899665926,1.0,-0.8789551768047751,18,84,200,30,2,100,0.0,0,0.3,0.0,0.5,1.0,0.7,1.0,1.0,0.25,1.0,0.25
hete_0.5,0.9976512386444945,0.09349856087423382,1.0,-0.02512082895762318,19,85,200,30,2,100,0.0,0,0.3,0.0,0.5,1.0,0.7,1.0,1.0,0.25,1.0,0.25
hete_0.5,1.0483009775118788,0.09025362628663798,1.0,0.5351693832054893,20,86,200,30,2,100,0.0,0,0.3,0.0,0.5,1.0,0.7,1.0,1.0,0.25,1.0,0.25
hete_0.5,0.9509152956687615,0.11379922307690862,1.0,-0.43132723584646687,21,87,200,30,2,100,0.0,0,0.3,0.0,0.5,1.0,0.7,1.0,1.0,0.25,1.0,0.25
hete_0.5,0.8353610568041754,0.09271701532448147,1.0,-1.7757144427011393,22,88,200,30,2,100,0.0,0,0.3,0.0,0.5,1.0,0.7,1.0,1.0,0.25,1.0,0.25
hete_0.5,0.8938076332986229,0.09107261671311162,1.0,-1.1660186182625487,23,89,200,30,2,100,0.0,0,0.3,0.0,0.5,1.0,0.7,1.0,1.0,0.25,1.0,0.25
hete_0.5,0.951279186682175,0.08810020139238647,1.0,-0.5530159131059077,24,90,200,30,2,100,0.0,0,0.3,0.0,0.5,1.0,0.7,1.0,1.0,0.25,1.0,0.25
hete_0.5,0.979644507451441,0.08671782270090614,1.0,-0.23473251420029312,25,91,200,30,2,100,0.0,0,0.3,0.0,0.5,1.0,0.7,1.0,1.0,0.25,1.0,0.25
hete_0.5,1.0631192899749673,0.10190857193339518,1.0,0.6193717444713134,26,92,200,30,2,100,0.0,0,0.3,0.0,0.5,1.0,0.7,1.0,1.0,0.25,1.0,0.25
hete_0.5,1.0198812614166455,0.07335317686708179,1.0,0.27103476994147013,27,93,200,30,2,100,0.0,0,0.3,0.0,0.5,1.0,0.7,1.0,1.0,0.25,1.0,0.25
hete_0.5,0.8304241401426536,0.11781987917045607,1.0,-1.43928054460158,28,94,200,30,2,100,0.0,0,0.3,0.0,0.5,1.0,0.7,1.0,1.0,0.25,1.0,0.25
hete_0.5,0.9857168341712146,0.1158046116926278,1.0,-0.12333848902923002,29,95,200,30,2,100,0.0,0,0.3,0.0,0.5,1.0,0.7,1.0,1.0,0.25,1.0,0.25
hete_0.5,0.9228505558432374,0.10782917211894663,1.0,-0.7154784057106445,30,96,200,30,2,100,0.0,0,0.3,0.0,0.5,1.0,0.7,1.0,1.0,0.25,1.0,0.25
hete_0.5,1.0951510209339084,0.1138534569414609,1.0,0.8357323834517505,31,97,200,30,2,100,0.0,0,0.3,0.0,0.5,1.0,0.7,1.0,1.0,0.25,1.0,0.25
hete_0.5,0.966288641528575,0.08647007570852024,1.0,-0.3898615584085041,32,98,200,30,2,100,0.0,0,0.3,0.0,0.5,1.0,0.7,1.0,1.0,0.25,1.0,0.25
hete_0.5,0.8248917100773578,0.09620781784613489,1.0,-1.820104580302328,33,99,200,30,2,100,0.0,0,0.3,0.0,0.5,1.0,0.7,1.0,1.0,0.25,1.0,0.25
hete_0.5,0.7219670616538173,0.09348844467938455,1.0,-2.973981857326723,34,100,200,30,2,100,0.0,0,0.3,0.0,0.5,1.0,0.7,1.0,1.0,0.25,1.0,0.25
hete_0.5,0.8154348892201346,0.08643044526339128,1.0,-2.1354177942438564,35,101,200,30,2,100,0.0,0,0.3,0.0,0.5,1.0,0.7,1.0,1.0,0.25,1.0,0.25
hete_0.5,1.1695039573232027,0.11009499515247623,1.0,1.539615466520053,36,102,200,30,2,100,0.0,0,0.3,0.0,0.5,1.0,0.7,1.0,1.0,0.25,1.0,0.25
hete_0.5,0.8572623360027343,0.09630644610095751,1.0,-1.4821195234183455,37,103,200,30,2,100,0.0,0,0.3,0.0,0.5,1.0,0.7,1.0,1.0,0.25,1.0,0.25
hete_0.5,1.0138467810850191,0.12714661554163567,1.0,0.10890404770927496,38,104,200,30,2,100,0.0,0,0.3,0.0,0.5,1.0,0.7,1.0,1.0,0.25,1.0,0.25
hete_0.5,1.0452908286910607,0.09567001171563422,1.0,0.4734067434389095,39,105,200,30,2,100,0.0,0,0.3,0.0,0.5,1.0,0.7,1.0,1.0,0.25,1.0,0.25
hete_0.5,1.035910379087384,0.12477733052180273,1.0,0.2877956992444978,40,106,200,30,2,100,0.0,0,0.3,0.0,0.5,1.0,0.7,1.0,1.0,0.25,1.0,0.25
hete_0.5,0.8595877798975499,0.13834478122429156,1.0,-1.0149441045759922,41,107,200,30,2,100,0.0,0,0.3,0.0,0.5,1.0,0.7,1.0,1.0,0.25,1.0,0.25
hete_0.5,0.8866437010782318,0.0788630651392372,1.0,-1.4373813485645186,42,108,200,30,2,100,0.0,0,0.3,0.0,0.5,1.0,0.7,1.0,1.0,0.25,1.0,0.25
hete_0.5,1.0445451356424666,0.09945107520476074,1.0,0.44791004572602416,43,109,200,30,2,100,0.0,0,0.3,0.0,0.5,1.0,0.7,1.0,1.0,0.25,1.0,0.25
hete_0.5,0.9122435547143329,0.15147028288597586,1.0,-0.5793641076892195,44,110,200,30,2,100,0.0,0,0.3,0.0,0.5,1.0,0.7,1.0,1.0,0.25,1.0,0.25
hete_0.5,0.8883839288689925,0.09267376402528865,1.0,-1.2043977311696314,45,111,200,30,2,100,0.0,0,0.3,0.0,0.5,1.0,0.7,1.0,1.0,0.25,1.0,0.25
hete_0.5,0.8369434848962075,0.09194754586874827,1.0,-1.773364515204676,46,112,200,30,2,100,0.0,0,0.3,0.0,0.5,1.0,0.7,1.0,1.0,0.25,1.0,0.25
hete_0.5,0.8951588709236413,0.10227827250262056,1.0,-1.0250576834260907,47,113,200,30,2,100,0.0,0,0.3,0.0,0.5,1.0,0.7,1.0,1.0,0.25,1.0,0.25
hete_0.5,0.7899998531805097,0.1014741715275486,1.0,-2.0694935830294376,48,114,200,30,2,100,0.0,0,0.3,0.0,0.5,1.0,0.7,1.0,1.0,0.25,1.0,0.25
hete_0.5,0.9524261891417231,0.09699912970314613,1.0,-0.49045605876950366,49,115,200,30,2,100,0.0,0,0.3,0.0,0.5,1.0,0.7,1.0,1.0,0.25,1.0,0.25
hete_0.5,0.890947099755517,0.10230714934967351,1.0,-1.0659362609327852,50,116,200,30,2,100,0.0,0,0.3,0.0,0.5,1.0,0.7,1.0,1.0,0.25,1.0,0.25
hete_0.5,0.8790584701747598,0.1070438247241491,1.0,-1.129831918253158,51,117,200,30,2,100,0.0,0,0.3,0.0,0.5,1.0,0.7,1.0,1.0,0.25,1.0,0.25
hete_0.5,0.9533228580239734,0.08565065289267103,1.0,-0.5449712337221501,52,118,200,30,2,100,0.0,0,0.3,0.0,0.5,1.0,0.7,1.0,1.0,0.25,1.0,0.25
hete_0.5,0.8772855424347726,0.11731908228970557,1.0,-1.0459888977157064,53,119,200,30,2,100,0.0,0,0.3,0.0,0.5,1.0,0.7,1.0,1.0,0.25,1.0,0.25
hete_0.5,0.904695977133139,0.09586816470081991,1.0,-0.9941154413905864,54,120,200,30,2,100,0.0,0,0.3,0.0,0.5,1.0,0.7,1.0,1.0,0.25,1.0,0.25
hete_0.5,0.9272000409137141,0.09783138819807899,1.0,-0.7441370344136177,55,121,200,30,2,100,0.0,0,0.3,0.0,0.5,1.0,0.7,1.0,1.0,0.25,1.0,0.25
hete_0.5,0.9102672103603195,0.08754415403204138,1.0,-1.0250003627522408,56,122,200,30,2,100,0.0,0,0.3,0.0,0.5,1.0,0.7,1.0,1.0,0.25,1.0,0.25
hete_0.5,0.9387492271248047,0.09720798534183138,1.0,-0.6301002192341224,57,123,200,30,2,100,0.0,0,0.3,0.0,0.5,1.0,0.7,1.0,1.0,0.25,1.0,0.25
hete_0.5,1.1441692671173054,0.0952517519130414,1.0,1.5135602676255493,58,124,200,30,2,100,0.0,0,0.3,0.0,0.5,1.0,0.7,1.0,1.0,0.25,1.0,0.25
hete_0.5,0.9650461732492386,0.09707102297494852,1.0,-0.3600850766740357,59,125,200,30,2,100,0.0,0,0.3,0.0,0.5,1.0,0.7,1.0,1.0,0.25,1.0,0.25
hete_0.5,1.0291666313888612,0.09704932322207446,1.0,0.30053410390220103,60,126,200,30,2,100,0.0,0,0.3,0.0,0.5,1.0,0.7,1.0,1.0,0.25,1.0,0.25
hete_0.5,1.0472644235778672,0.08761543906973064,1.0,0.5394531383932321,61,127,200,30,2,100,0.0,0,0.3,0.0,0.5,1.0,0.7,1.0,1.0,0.25,1.0,0.25
hete_0.5,0.9008539537909162,0.08606990109558156,1.0,-1.1519247140644566,62,128,200,30,2,100,0.0,0,0.3,0.0,0.5,1.0,0.7,1.0,1.0,0.25,1.0,0.25
hete_0.5,0.9354440104339414,0.09295628914266836,1.0,-0.6944768359565074,63,129,200,30,2,100,0.0,0,0.3,0.0,0.5,1.0,0.7,1.0,1.0,0.25,1.0,0.25
hete_0.5,0.9226313689501013,0.08622898487769991,1.0,-0.8972462236408321,64,130,200,30,2,100,0.0,0,0.3,0.0,0.5,1.0,0.7,1.0,1.0,0.25,1.0,0.25
hete_0.5,0.9621600878588394,0.09021378273037574,1.0,-0.41944712876361345,65,131,200,30,2,100,0.0,0,0.3,0.0,0.5,1.0,0.7,1.0,1.0,0.25,1.0,0.25
hete_0.5,0.9158848390509383,0.08638704956004141,1.0,-0.9737010509960674,66,132,200,30,2,100,0.0,0,0.3,0.0,0.5,1.0,0.7,1.0,1.0,0.25,1.0,0.25
hete_0.5,0.9896137059234531,0.13809815034340936,1.0,-0.07520950896676928,67,133,200,30,2,100,0.0,0,0.3,0.0,0.5,1.0,0.7,1.0,1.0,0.25,1.0,0.25
hete_0.5,0.9612685802460227,0.10230332284002173,1.0,-0.3785939564694699,68,134,200,30,2,100,0.0,0,0.3,0.0,0.5,1.0,0.7,1.0,1.0,0.25,1.0,0.25
hete_0.5,0.9110737049344969,0.09414269904508062,1.0,-0.9445904564826676,69,135,200,30,2,100,0.0,0,0.3,0.0,0.5,1.0,0.7,1.0,1.0,0.25,1.0,0.25
hete_0.5,0.8897140531479534,0.12199443136094723,1.0,-0.9040244347362176,70,136,200,30,2,100,0.0,0,0.3,0.0,0.5,1.0,0.7,1.0,1.0,0.25,1.0,0.25
hete_0.5,0.9127251904184317,0.1406017566859098,1.0,-0.6207234649032974,71,137,200,30,2,100,0.0,0,0.3,0.0,0.5,1.0,0.7,1.0,1.0,0.25,1.0,0.25
hete_0.5,0.9877178709774664,0.1499872435603157,1.0,-0.08188782413081976,72,138,200,30,2,100,0.0,0,0.3,0.0,0.5,1.0,0.7,1.0,1.0,0.25,1.0,0.25
hete_0.5,0.9320188340411016,0.10552536217164599,1.0,-0.6442163718739122,73,139,200,30,2,100,0.0,0,0.3,0.0,0.5,1.0,0.7,1.0,1.0,0.25,1.0,0.25
hete_0.5,0.7712920052480452,0.08199129197223688,1.0,-2.7894181107598324,74,140,200,30,2,100,0.0,0,0.3,0.0,0.5,1.0,0.7,1.0,1.0,0.25,1.0,0.25
hete_0.5,1.204666882153291,0.11268152177583668,1.0,1.816330476619279,75,141,200,30,2,100,0.0,0,0.3,0.0,0.5,1.0,0.7,1.0,1.0,0.25,1.0,0.25
hete_0.5,0.8666422158686695,0.0935336434577588,1.0,-1.4257734351122209,76,142,200,30,2,100,0.0,0,0.3,0.0,0.5,1.0,0.7,1.0,1.0,0.25,1.0,0.25
hete_0.5,0.9767953421920451,0.07348499612263666,1.0,-0.31577409039022614,77,143,200,30,2,100,0.0,0,0.3,0.0,0.5,1.0,0.7,1.0,1.0,0.25,1.0,0.25
hete_0.5,0.8184762626069386,0.08677834505185064,1.0,-2.091809163733184,78,144,200,30,2,100,0.0,0,0.3,0.0,0.5,1.0,0.7,1.0,1.0,0.25,1.0,0.25
hete_0.5,0.8560422852149455,0.11806034741263352,1.0,-1.2193570317213018,79,145,200,30,2,100,0.0,0,0.3,0.0,0.5,1.0,0.7,1.0,1.0,0.25,1.0,0.25
hete_0.5,0.9911573366464148,0.09073550637223073,1.0,-0.09745538110857399,80,146,200,30,2,100,0.0,0,0.3,0.0,0.5,1.0,0.7,1.0,1.0,0.25,1.0,0.25
hete_0.5,1.015340444302516,0.1579004291019897,1.0,0.09715264480128456,81,147,200,30,2,100,0.0,0,0.3,0.0,0.5,1.0,0.7,1.0,1.0,0.25,1.0,0.25
hete_0.5,1.1357879891129363,0.11399351175980935,1.0,1.191190507395273,82,148,200,30,2,100,0.0,0,0.3,0.0,0.5,1.0,0.7,1.0,1.0,0.25,1.0,0.25
hete_0.5,0.9116446536285813,0.08501228824939296,1.0,-1.0393244105160249,83,149,200,30,2,100,0.0,0,0.3,0.0,0.5,1.0,0.7,1.0,1.0,0.25,1.0,0.25
hete_0.5,1.0237113960942847,0.09415184807928687,1.0,0.2518420676598613,84,150,200,30,2,100,0.0,0,0.3,0.0,0.5,1.0,0.7,1.0,1.0,0.25,1.0,0.25
hete_0.5,0.9294802104364405,0.11456034937140595,1.0,-0.6155689114995064,85,151,200,30,2,100,0.0,0,0.3,0.0,0.5,1.0,0.7,1.0,1.0,0.25,1.0,0.25
hete_0.5,0.8221566723083779,0.10207990876677168,1.0,-1.7421971653398698,86,152,200,30,2,100,0.0,0,0.3,0.0,0.5,1.0,0.7,1.0,1.0,0.25,1.0,0.25
hete_0.5,1.0258816732936722,0.09942991522687046,1.0,0.26030066740595786,87,153,200,30,2,100,0.0,0,0.3,0.0,0.5,1.0,0.7,1.0,1.0,0.25,1.0,0.25
hete_0.5,0.9609263571180428,0.08594446794377125,1.0,-0.45463825440772976,88,154,200,30,2,100,0.0,0,0.3,0.0,0.5,1.0,0.7,1.0,1.0,0.25,1.0,0.25
hete_0.5,0.9685782317705782,0.12965181100656442,1.0,-0.24235502755785537,89,155,200,30,2,100,0.0,0,0.3,0.0,0.5,1.0,0.7,1.0,1.0,0.25,1.0,0.25
hete_0.5,0.9328119935111786,0.10180353403619488,1.0,-0.6599771523151013,90,156,200,30,2,100,0.0,0,0.3,0.0,0.5,1.0,0.7,1.0,1.0,0.25,1.0,0.25
hete_0.5,1.2014333683385339,0.09760075923863326,1.0,2.063850424011872,91,157,200,30,2,100,0.0,0,0.3,0.0,0.5,1.0,0.7,1.0,1.0,0.25,1.0,0.25
hete_0.5,1.2847475207233705,0.100598754397624,1.0,2.8305273005457394,92,158,200,30,2,100,0.0,0,0.3,0.0,0.5,1.0,0.7,1.0,1.0,0.25,1.0,0.25
hete_0.5,0.9548003180776853,0.0996571250968253,1.0,-0.45355193498106045,93,159,200,30,2,100,0.0,0,0.3,0.0,0.5,1.0,0.7,1.0,1.0,0.25,1.0,0.25
hete_0.5,0.9489410448308302,0.1040734482064068,1.0,-0.4906050106834704,94,160,200,30,2,100,0.0,0,0.3,0.0,0.5,1.0,0.7,1.0,1.0,0.25,1.0,0.25
hete_0.5,0.9832097088066193,0.10441320985603796,1.0,-0.16080619699873896,95,161,200,30,2,100,0.0,0,0.3,0.0,0.5,1.0,0.7,1.0,1.0,0.25,1.0,0.25
hete_0.5,1.2033608737479413,0.12563047006930506,1.0,1.6187225410822363,96,162,200,30,2,100,0.0,0,0.3,0.0,0.5,1.0,0.7,1.0,1.0,0.25,1.0,0.25
hete_0.5,1.0573458089332868,0.0943664832832895,1.0,0.6076925507665032,97,163,200,30,2,100,0.0,0,0.3,0.0,0.5,1.0,0.7,1.0,1.0,0.25,1.0,0.25
hete_0.5,1.0877837434586202,0.11719267212620184,1.0,0.7490548842856665,98,164,200,30,2,100,0.0,0,0.3,0.0,0.5,1.0,0.7,1.0,1.0,0.25,1.0,0.25
hete_0.5,0.9764237037857401,0.08192211423300194,1.0,-0.2877891572378675,99,165,200,30,2,100,0.0,0,0.3,0.0,0.5,1.0,0.7,1.0,1.0,0.25,1.0,0.25
noise_0.5,0.988763137835447,0.03688192459262231,1.0,-0.3046712526168108,0,67,200,30,2,100,0.0,0,0.3,0.0,0.0,0.5,0.7,1.0,1.0,0.25,1.0,0.25
noise_0.5,0.9403942122602104,0.03484251086066619,1.0,-1.7107202169829494,1,68,200,30,2,100,0.0,0,0.3,0.0,0.0,0.5,0.7,1.0,1.0,0.25,1.0,0.25
noise_0.5,1.0570113068280202,0.0398133508245183,1.0,1.431964545745065,2,69,200,30,2,100,0.0,0,0.3,0.0,0.0,0.5,0.7,1.0,1.0,0.25,1.0,0.25
noise_0.5,0.9778020606481084,0.032156019627440795,1.0,-0.6903198719579304,3,70,200,30,2,100,0.0,0,0.3,0.0,0.0,0.5,0.7,1.0,1.0,0.25,1.0,0.25
noise_0.5,0.9579108514769643,0.0359051688237499,1.0,-1.1722309044038062,4,71,200,30,2,100,0.0,0,0.3,0.0,0.0,0.5,0.7,1.0,1.0,0.25,1.0,0.25
noise_0.5,1.0128339727767794,0.03363682149519719,1.0,0.3815453484096865,5,72,200,30,2,100,0.0,0,0.3,0.0,0.0,0.5,0.7,1.0,1.0,0.25,1.0,0.25
noise_0.5,0.9644105404627894,0.03886782647946244,1.0,-0.9156534532749312,6,73,200,30,2,100,0.0,0,0.3,0.0,0.0,0.5,0.7,1.0,1.0,0.25,1.0,0.25
noise_0.5,0.9901187545372896,0.03580931766421072,1.0,-0.2759406240400421,7,74,200,30,2,100,0.0,0,0.3,0.0,0.0,0.5,0.7,1.0,1.0,0.25,1.0,0.25
noise_0.5,0.99895531434732,0.04822146621159823,1.0,-0.02166432783474226,8,75,200,30,2,100,0.0,0,0.3,0.0,0.0,0.5,0.7,1.0,1.0,0.25,1.0,0.25
noise_0.5,0.9207312203931529,0.035240468348692586,1.0,-2.24936793752311,9,76,200,30,2,100,0.0,0,0.3,0.0,0.0,0.5,0.7,1.0,1.0,0.25,1.0,0.25
noise_0.5,1.033429869812398,0.038593781386083194,1.0,0.8661983514383681,10,77,200,30,2,100,0.0,0,0.3,0.0,0.0,0.5,0.7,1.0,1.0,0.25,1.0,0.25
noise_0.5,1.0446587066048656,0.038946088386817616,1.0,1.1466801533779083,11,78,200,30,2,100,0.0,0,0.3,0.0,0.0,0.5,0.7,1.0,1.0,0.25,1.0,0.25
noise_0.5,1.028342792503209,0.037933624562222774,1.0,0.74716805552599,12,79,200,30,2,100,0.0,0,0.3,0.0,0.0,0.5,0.7,1.0,1.0,0.25,1.0,0.25
noise_0.5,0.9377577084402675,0.035588217832890505,1.0,-1.748957811037348,13,80,200,30,2,100,0.0,0,0.3,0.0,0.0,0.5,0.7,1.0,1.0,0.25,1.0,0.25
noise_0.5,1.0193958586455654,0.04060381478809023,1.0,0.4776856250278852,14,81,200,30,2,100,0.0,0,0.3,0.0,0.0,0.5,0.7,1.0,1.0,0.25,1.0,0.25
noise_0.5,0.9972158381027955,0.0437995516432168,1.0,-0.06356599080930823,15,82,200,30,2,100,0.0,0,0.3,0.0,0.0,0.5,0.7,1.0,1.0,0.25,1.0,0.25
noise_0.5,0.9538178752437955,0.03171486820238581,1.0,-1.4561663779113672,16,83,200,30,2,100,0.0,0,0.3,0.0,0.0,0.5,0.7,1.0,1.0,0.25,1.0,0.25
noise_0.5,0.9466011386746607,0.031948222334612635,1.0,-1.671418859117151,17,84,200,30,2,100,0.0,0,0.3,0.0,0.0,0.5,0.7,1.0,1.0,0.25,1.0,0.25
noise_0.5,1.020658614755891,0.03858198825426165,1.0,0.5354471267718827,18,85,200,30,2,100,0.0,0,0.3,0.0,0.0,0.5,0.7,1.0,1.0,0.25,1.0,0.25
noise_0.5,1.043732013467336,0.04069405781813992,1.0,1.0746535443275917,19,86,200,30,2,100,0.0,0,0.3,0.0,0.0,0.5,0.7,1.0,1.0,0.25,1.0,0.25
noise_0.5,0.985975480949324,0.037241789041541275,1.0,-0.37658016469166966,20,87,200,30,2,100,0.0,0,0.3,0.0,0.0,0.5,0.7,1.0,1.0,0.25,1.0,0.25
noise_0.5,0.9524026145298606,0.034570199105145784,1.0,-1.376832841644076,21,88,200,30,2,100,0.0,0,0.3,0.0,0.0,0.5,0.7,1.0,1.0,0.25,1.0,0.25
noise_0.5,0.9422000286413339,0.04106738573551084,1.0,-1.407442191010631,22,89,200,30,2,100,0.0,0,0.3,0.0,0.0,0.5,0.7,1.0,1.0,0.25,1.0,0.25
noise_0.5,1.0032009357587672,0.03334774314773452,1.0,0.09598657829966786,23,90,200,30,2,100,0.0,0,0.3,0.0,0.0,0.5,0.7,1.0,1.0,0.25,1.0,0.25
noise_0.5,1.0051947728096264,0.038127264123022024,1.0,0.13624824463840104,24,91,200,30,2,100,0.0,0,0.3,0.0,0.0,0.5,0.7,1.0,1.0,0.25,1.0,0.25
noise_0.5,1.0241838020685712,0.04091040523625805,1.0,0.5911406139565094,25,92,200,30,2,100,0.0,0,0.3,0.0,0.0,0.5,0.7,1.0,1.0,0.25,1.0,0.25
noise_0.5,1.030764477004537,0.030538398707148497,1.0,1.0074030829041334,26,93,200,30,2,100,0.0,0,0.3,0.0,0.0,0.5,0.7,1.0,1.0,0.25,1.0,0.25
noise_0.5,0.9469973648149688,0.0388330876785599,1.0,-1.3648833598749468,27,94,200,30,2,100,0.0,0,0.3,0.0,0.0,0.5,0.7,1.0,1.0,0.25,1.0,0.25
noise_0.5,0.9249612528190375,0.035882094069217274,1.0,-2.091258861208358,28,95,200,30,2,100,0.0,0,0.3,0.0,0.0,0.5,0.7,1.0,1.0,0.25,1.0,0.25
noise_0.5,1.0367302467800947,0.037599035442389905,1.0,0.9768933257975102,29,96,200,30,2,100,0.0,0,0.3,0.0,0.0,0.5,0.7,1.0,1.0,0.25,1.0,0.25
noise_0.5,1.0263746355360435,0.03688410978384591,1.0,0.7150676996302276,30,97,200,30,2,100,0.0,0,0.3,0.0,0.0,0.5,0.7,1.0,1.0,0.25,1.0,0.25
noise_0.5,0.9421284403728574,0.0344243978642,1.0,-1.6811204615818929,31,98,200,30,2,100,0.0,0,0.3,0.0,0.0,0.5,0.7,1.0,1.0,0.25,1.0,0.25
noise_0.5,0.9670033720009763,0.036770915819518434,1.0,-0.8973567087907204,32,99,200,30,2,100,0.0,0,0.3,0.0,0.0,0.5,0.7,1.0,1.0,0.25,1.0,0.25
noise_0.5,0.8739187652200594,0.03488943745007947,1.0,-3.6137365344551697,33,100,200,30,2,100,0.0,0,0.3,0.0,0.0,0.5,0.7,1.0,1.0,0.25,1.0,0.25
noise_0.5,0.9756887424324148,0.040426727414673944,1.0,-0.6013659557009016,34,101,200,30,2,100,0.0,0,0.3,0.0,0.0,0.5,0.7,1.0,1.0,0.25,1.0,0.25
noise_0.5,1.0556462255432146,0.03771993896541801,1.0,1.4752469667098775,35,102,200,30,2,100,0.0,0,0.3,0.0,0.0,0.5,0.7,1.0,1.0,0.25,1.0,0.25
noise_0.5,0.942430781730547,0.04015317713721451,1.0,-1.4337400518201364,36,103,200,30,2,100,0.0,0,0.3,0.0,0.0,0.5,0.7,1.0,1.0,0.25,1.0,0.25
noise_0.5,0.9644105818967637,0.03635377949490736,1.0,-0.9789743624379388,37,104,200,30,2,100,0.0,0,0.3,0.0,0.0,0.5,0.7,1.0,1.0,0.25,1.0,0.25
noise_0.5,0.9753202477975331,0.03767458482335359,1.0,-0.6550769522261192,38,105,200,30,2,100,0.0,0,0.3,0.0,0.0,0.5,0.7,1.0,1.0,0.25,1.0,0.25
noise_0.5,1.0709209066738494,0.034353998142753264,1.0,2.064414930080262,39,106,200,30,2,100,0.0,0,0.3,0.0,0.0,0.5,0.7,1.0,1.0,0.25,1.0,0.25
noise_0.5,0.975164588189956,0.03604692579784372,1.0,-0.6889744759185435,40,107,200,30,2,100,0.0,0,0.3,0.0,0.0,0.5,0.7,1.0,1.0,0.25,1.0,0.25
noise_0.5,0.9696676594494281,0.039580830656604386,1.0,-0.7663391608359457,41,108,200,30,2,100,0.0,0,0.3,0.0,0.0,0.5,0.7,1.0,1.0,0.25,1.0,0.25
noise_0.5,1.0498779660611177,0.038983425461042845,1.0,1.2794659646049338,42,109,200,30,2,100,0.0,0,0.3,0.0,0.0,0.5,0.7,1.0,1.0,0.25,1.0,0.25
noise_0.5,0.9435450102563672,0.0359222730801576,1.0,-1.5715873440875572,43,110,200,30,2,100,0.0,0,0.3,0.0,0.0,0.5,0.7,1.0,1.0,0.25,1.0,0.25
noise_0.5,0.972629457666763,0.0402589507302563,1.0,-0.6798622874357944,44,111,200,30,2,100,0.0,0,0.3,0.0,0.0,0.5,0.7,1.0,1.0,0.25,1.0,0.25
noise_0.5,0.9375098286969397,0.035571565015134796,1.0,-1.756745065236021,45,112,200,30,2,100,0.0,0,0.3,0.0,0.0,0.5,0.7,1.0,1.0,0.25,1.0,0.25
noise_0.5,0.9876302512700323,0.038040848418711776,1.0,-0.32517015903050006,46,113,200,30,2,100,0.0,0,0.3,0.0,0.0,0.5,0.7,1.0,1.0,0.25,1.0,0.25
noise_0.5,0.9715115173567768,0.04461413484016383,1.0,-0.6385528430683924,47,114,200,30,2,100,0.0,0,0.3,0.0,0.0,0.5,0.7,1.0,1.0,0.25,1.0,0.25
noise_0.5,0.9966530475557829,0.03720644239003736,1.0,-0.08995626104562265,48,115,200,30,2,100,0.0,0,0.3,0.0,0.0,0.5,0.7,1.0,1.0,0.25,1.0,0.25
noise_0.5,0.9664799930550061,0.039955314515386094,1.0,-0.8389373817114101,49,116,200,30,2,100,0.0,0,0.3,0.0,0.0,0.5,0.7,1.0,1.0,0.25,1.0,0.25
noise_0.5,0.976823262909656,0.04137246537829198,1.0,-0.56019714750924,50,117,200,30,2,100,0.0,0,0.3,0.0,0.0,0.5,0.7,1.0,1.0,0.25,1.0,0.25
noise_0.5,0.982076571730498,0.03378727527575919,1.0,-0.5304786527832632,51,118,200,30,2,100,0.0,0,0.3,0.0,0.0,0.5,0.7,1.0,1.0,0.25,1.0,0.25
noise_0.5,0.9876695456656648,0.03964977266011876,1.0,-0.3109842379181572,52,119,200,30,2,100,0.0,0,0.3,0.0,0.0,0.5,0.7,1.0,1.0,0.25,1.0,0.25
noise_0.5,1.0380819063967088,0.0362828297044321,1.0,1.0495847955336561,53,120,200,30,2,100,0.0,0,0.3,0.0,0.0,0.5,0.7,1.0,1.0,0.25,1.0,0.25
noise_0.5,0.998105549149332,0.0316400748082408,1.0,-0.059875043347702654,54,121,200,30,2,100,0.0,0,0.3,0.0,0.0,0.5,0.7,1.0,1.0,0.25,1.0,0.25
noise_0.5,0.9976123332005139,0.032936348909620265,1.0,-0.07249336609950392,55,122,200,30,2,100,0.0,0,0.3,0.0,0.0,0.5,0.7,1.0,1.0,0.25,1.0,0.25
noise_0.5,0.9608649146478765,0.04877696704600363,1.0,-0.8023271581280064,56,123,200,30,2,100,0.0,0,0.3,0.0,0.0,0.5,0.7,1.0,1.0,0.25,1.0,0.25
noise_0.5,1.0183581738290848,0.03469658613741575,1.0,0.5291060554596718,57,124,200,30,2,100,0.0,0,0.3,0.0,0.0,0.5,0.7,1.0,1.0,0.25,1.0,0.25
noise_0.5,1.0415700699001496,0.03529983444949145,1.0,1.1776278996330656,58,125,200,30,2,100,0.0,0,0.3,0.0,0.0,0.5,0.7,1.0,1.0,0.25,1.0,0.25
noise_0.5,0.997176319774109,0.03902161099349375,1.0,-0.07236195928358193,59,126,200,30,2,100,0.0,0,0.3,0.0,0.0,0.5,0.7,1.0,1.0,0.25,1.0,0.25
noise_0.5,0.9836013335843466,0.03430058955350316,1.0,-0.4780870133463504,60,127,200,30,2,100,0.0,0,0.3,0.0,0.0,0.5,0.7,1.0,1.0,0.25,1.0,0.25
noise_0.5,0.937983661357065,0.038495240654791235,1.0,-1.6110131431329615,61,128,200,30,2,100,0.0,0,0.3,0.0,0.0,0.5,0.7,1.0,1.0,0.25,1.0,0.25
noise_0.5,1.0058204741326051,0.03766267252911696,1.0,0.15454224944088377,62,129,200,30,2,100,0.0,0,0.3,0.0,0.0,0.5,0.7,1.0,1.0,0.25,1.0,0.25
noise_0.5,0.8990954959999106,0.04359346536716826,1.0,-2.314670401864498,63,130,200,30,2,100,0.0,0,0.3,0.0,0.0,0.5,0.7,1.0,1.0,0.25,1.0,0.25
noise_0.5,0.9707740607654163,0.03506463581881785,1.0,-0.8334876023123923,64,131,200,30,2,100,0.0,0,0.3,0.0,0.0,0.5,0.7,1.0,1.0,0.25,1.0,0.25
noise_0.5,0.9728917586593849,0.02805984611814228,1.0,-0.9660866002785402,65,132,200,30,2,100,0.0,0,0.3,0.0,0.0,0.5,0.7,1.0,1.0,0.25,1.0,0.25
noise_0.5,1.0046759206861695,0.04178184223069101,1.0,0.11191274574137364,66,133,200,30,2,100,0.0,0,0.3,0.0,0.0,0.5,0.7,1.0,1.0,0.25,1.0,0.25
noise_0.5,0.9989730448107911,0.03944003136109099,1.0,-0.02603839687161229,67,134,200,30,2,100,0.0,0,0.3,0.0,0.0,0.5,0.7,1.0,1.0,0.25,1.0,0.25
noise_0.5,0.9187060056429223,0.040127184585637826,1.0,-2.0259082513896125,68,135,200,30,2,100,0.0,0,0.3,0.0,0.0,0.5,0.7,1.0,1.0,0.25,1.0,0.25
noise_0.5,0.9754638354323507,0.03536648216394346,1.0,-0.6937688756803806,69,136,200,30,2,100,0.0,0,0.3,0.0,0.0,0.5,0.7,1.0,1.0,0.25,1.0,0.25
noise_0.5,0.9026845927314519,0.03981892703082951,1.0,-2.4439485070303983,70,137,200,30,2,100,0.0,0,0.3,0.0,0.0,0.5,0.7,1.0,1.0,0.25,1.0,0.25
noise_0.5,0.9476053917337085,0.038528800576290836,1.0,-1.3598816335469617,71,138,200,30,2,100,0.0,0,0.3,0.0,0.0,0.5,0.7,1.0,1.0,0.25,1.0,0.25
noise_0.5,0.9573107563043455,0.04244658444525393,1.0,-1.0057168145228166,72,139,200,30,2,100,0.0,0,0.3,0.0,0.0,0.5,0.7,1.0,1.0,0.25,1.0,0.25
noise_0.5,0.9468377478081146,0.04392810087008853,1.0,-1.2102105745273546,73,140,200,30,2,100,0.0,0,0.3,0.0,0.0,0.5,0.7,1.0,1.0,0.25,1.0,0.25
noise_0.5,1.0505440692848063,0.041222886214809754,1.0,1.2261167018103591,74,141,200,30,2,100,0.0,0,0.3,0.0,0.0,0.5,0.7,1.0,1.0,0.25,1.0,0.25
noise_0.5,0.9454257418762053,0.03887041152794089,1.0,-1.404005154011954,75,142,200,30,2,100,0.0,0,0.3,0.0,0.0,0.5,0.7,1.0,1.0,0.25,1.0,0.25
noise_0.5,0.9676570409888111,0.040935357804774745,1.0,-0.7900983586227838,76,143,200,30,2,100,0.0,0,0.3,0.0,0.0,0.5,0.7,1.0,1.0,0.25,1.0,0.25
noise_0.5,0.9193320517796939,0.0431686782712871,1.0,-1.8686684756331997,77,144,200,30,2,100,0.0,0,0.3,0.0,0.0,0.5,0.7,1.0,1.0,0.25,1.0,0.25
noise_0.5,0.9301250321349248,0.04512421698103032,1.0,-1.5485026121217746,78,145,200,30,2,100,0.0,0,0.3,0.0,0.0,0.5,0.7,1.0,1.0,0.25,1.0,0.25
noise_0.5,0.9824735140662888,0.037236467437518184,1.0,-0.47068068320713247,79,146,200,30,2,100,0.0,0,0.3,0.0,0.0,0.5,0.7,1.0,1.0,0.25,1.0,0.25
noise_0.5,1.0039880621753332,0.03947448414878354,1.0,0.10102886108154766,80,147,200,30,2,100,0.0,0,0.3,0.0,0.0,0.5,0.7,1.0,1.0,0.25,1.0,0.25
noise_0.5,1.0266109580182596,0.0454403072639756,1.0,0.58562451753834,81,148,200,30,2,100,0.0,0,0.3,0.0,0.0,0.5,0.7,1.0,1.0,0.25,1.0,0.25
noise_0.5,0.9241398877818501,0.03853456014820989,1.0,-1.9686253567286138,82,149,200,30,2,100,0.0,0,0.3,0.0,0.0,0.5,0.7,1.0,1.0,0.25,1.0,0.25
noise_0.5,1.0207956302736405,0.040588940520528485,1.0,0.5123472060849382,83,150,200,30,2,100,0.0,0,0.3,0.0,0.0,0.5,0.7,1.0,1.0,0.25,1.0,0.25
noise_0.5,1.0085561935531573,0.03530371320846374,1.0,0.24235959267610466,84,151,200,30,2,100,0.0,0,0.3,0.0,0.0,0.5,0.7,1.0,1.0,0.25,1.0,0.25
noise_0.5,0.961584188799962,0.03260490414262865,1.0,-1.1782218721450557,85,152,200,30,2,100,0.0,0,0.3,0.0,0.0,0.5,0.7,1.0,1.0,0.25,1.0,0.25
noise_0.5,1.0524626015210663,0.03638223073571432,1.0,1.4419841900888946,86,153,200,30,2,100,0.0,0,0.3,0.0,0.0,0.5,0.7,1.0,1.0,0.25,1.0,0.25
noise_0.5,1.0466962232734844,0.04140989879237971,1.0,1.127658473825527,87,154,200,30,2,100,0.0,0,0.3,0.0,0.0,0.5,0.7,1.0,1.0,0.25,1.0,0.25
noise_0.5,0.936726152217558,0.03597355307165602,1.0,-1.7588990349773441,88,155,200,30,2,100,0.0,0,0.3,0.0,0.0,0.5,0.7,1.0,1.0,0.25,1.0,0.25
noise_0.5,0.9290884305925461,0.04047952950347917,1.0,-1.751788379886163,89,156,200,30,2,100,0.0,0,0.3,0.0,0.0,0.5,0.7,1.0,1.0,0.25,1.0,0.25
noise_0.5,1.0095740993487015,0.034966837029298925,1.0,0.2738051297198904,90,157,200,30,2,100,0.0,0,0.3,0.0,0.0,0.5,0.7,1.0,1.0,0.25,1.0,0.25
noise_0.5,1.0733367919565886,0.03535545417508015,1.0,2.0742709623648143,91,158,200,30,2,100,0.0,0,0.3,0.0,0.0,0.5,0.7,1.0,1.0,0.25,1.0,0.25
noise_0.5,0.9694552333190642,0.03354284509179859,1.0,-0.9106194360479015,92,159,200,30,2,100,0.0,0,0.3,0.0,0.0,0.5,0.7,1.0,1.0,0.25,1.0,0.25
noise_0.5,1.015156697995472,0.03445062655969838,1.0,0.4399542042931347,93,160,200,30,2,100,0.0,0,0.3,0.0,0.0,0.5,0.7,1.0,1.0,0.25,1.0,0.25
noise_0.5,0.9829958897278486,0.03669107470462948,1.0,-0.46343996214441613,94,161,200,30,2,100,0.0,0,0.3,0.0,0.0,0.5,0.7,1.0,1.0,0.25,1.0,0.25
noise_0.5,0.9927690083213339,0.03745559298584893,1.0,-0.19305505806297282,95,162,200,30,2,100,0.0,0,0.3,0.0,0.0,0.5,0.7,1.0,1.0,0.25,1.0,0.25
noise_0.5,1.0234823860118083,0.041322683246733896,1.0,0.5682686642490555,96,163,200,30,2,100,0.0,0,0.3,0.0,0.0,0.5,0.7,1.0,1.0,0.25,1.0,0.25
noise_0.5,1.0124313446979596,0.03877887654381415,1.0,0.32057000630005583,97,164,200,30,2,100,0.0,0,0.3,0.0,0.0,0.5,0.7,1.0,1.0,0.25,1.0,0.25
noise_0.5,1.0060488502278968,0.03326387991147751,1.0,0.18184439830813862,98,165,200,30,2,100,0.0,0,0.3,0.0,0.0,0.5,0.7,1.0,1.0,0.25,1.0,0.25
noise_0.5,1.0058660145354297,0.03994074186802324,1.0,0.14686794138208126,99,166,200,30,2,100,0.0,0,0.3,0.0,0.0,0.5,0.7,1.0,1.0,0.25,1.0,0.25
noise_1.0,0.9273214242624455,0.06250254507386314,1.0,-1.1628098608091197,0,68,200,30,2,100,0.0,0,0.3,0.0,0.0,1.0,0.7,1.0,1.0,0.25,1.0,0.25
noise_1.0,1.1058577624393726,0.07805021763963163,1.0,1.356277607426185,1,69,200,30,2,100,0.0,0,0.3,0.0,0.0,1.0,0.7,1.0,1.0,0.25,1.0,0.25
noise_1.0,0.9920890331772843,0.059942826723754096,1.0,-0.13197520462579046,2,70,200,30,2,100,0.0,0,0.3,0.0,0.0,1.0,0.7,1.0,1.0,0.25,1.0,0.25
noise_1.0,0.9276638273884726,0.06809480494708325,1.0,-1.0622862150459216,3,71,200,30,2,100,0.0,0,0.3,0.0,0.0,1.0,0.7,1.0,1.0,0.25,1.0,0.25
noise_1.0,1.0437131341915247,0.0641666189693968,1.0,0.6812441561300421,4,72,200,30,2,100,0.0,0,0.3,0.0,0.0,1.0,0.7,1.0,1.0,0.25,1.0,0.25
noise_1.0,0.9477390146786681,0.07191347983910557,1.0,-0.726720295530924,5,73,200,30,2,100,0.0,0,0.3,0.0,0.0,1.0,0.7,1.0,1.0,0.25,1.0,0.25
noise_1.0,0.965997326054329,0.06690718885424075,1.0,-0.5082065847923581,6,74,200,30,2,100,0.0,0,0.3,0.0,0.0,1.0,0.7,1.0,1.0,0.25,1.0,0.25
noise_1.0,1.0512943428690076,0.09580171360905756,1.0,0.5354219766707593,7,75,200,30,2,100,0.0,0,0.3,0.0,0.0,1.0,0.7,1.0,1.0,0.25,1.0,0.25
noise_1.0,0.8182757621295705,0.06646213873160689,1.0,-2.7342520318866637,8,76,200,30,2,100,0.0,0,0.3,0.0,0.0,1.0,0.7,1.0,1.0,0.25,1.0,0.25
noise_1.0,1.0743018155174657,0.07123379448824653,1.0,1.043069740300377,9,77,200,30,2,100,0.0,0,0.3,0.0,0.0,1.0,0.7,1.0,1.0,0.25,1.0,0.25
noise_1.0,1.0902248299173614,0.07705158644921807,1.0,1.170966544301139,10,78,200,30,2,100,0.0,0,0.3,0.0,0.0,1.0,0.7,1.0,1.0,0.25,1.0,0.25
noise_1.0,1.048947907783316,0.06959881869962178,1.0,0.7032864737915719,11,79,200,30,2,100,0.0,0,0.3,0.0,0.0,1.0,0.7,1.0,1.0,0.25,1.0,0.25
noise_1.0,0.9037327819309688,0.06483253526107224,1.0,-1.4848596878307396,12,80,200,30,2,100,0.0,0,0.3,0.0,0.0,1.0,0.7,1.0,1.0,0.25,1.0,0.25
noise_1.0,1.056193169589065,0.07561118045168175,1.0,0.7431859845776961,13,81,200,30,2,100,0.0,0,0.3,0.0,0.0,1.0,0.7,1.0,1.0,0.25,1.0,0.25
noise_1.0,1.0056656991653086,0.08681534713328024,1.0,0.06526149295481709,14,82,200,30,2,100,0.0,0,0.3,0.0,0.0,1.0,0.7,1.0,1.0,0.25,1.0,0.25
noise_1.0,0.916823969143852,0.058009670941865925,1.0,-1.4338304200949943,15,83,200,30,2,100,0.0,0,0.3,0.0,0.0,1.0,0.7,1.0,1.0,0.25,1.0,0.25
noise_1.0,0.9283505185925833,0.06052754546039807,1.0,-1.1837499912216902,16,84,200,30,2,100,0.0,0,0.3,0.0,0.0,1.0,0.7,1.0,1.0,0.25,1.0,0.25
noise_1.0,1.0255072542716337,0.07444849156950231,1.0,0.3426161327636985,17,85,200,30,2,100,0.0,0,0.3,0.0,0.0,1.0,0.7,1.0,1.0,0.25,1.0,0.25
noise_1.0,1.1181915782974827,0.0788520486208928,1.0,1.4989030768969323,18,86,200,30,2,100,0.0,0,0.3,0.0,0.0,1.0,0.7,1.0,1.0,0.25,1.0,0.25
noise_1.0,0.9621147467168171,0.06935433782146637,1.0,-0.5462564343229414,19,87,200,30,2,100,0.0,0,0.3,0.0,0.0,1.0,0.7,1.0,1.0,0.25,1.0,0.25
noise_1.0,0.8924928724802599,0.06594224351332709,1.0,-1.63032256398757,20,88,200,30,2,100,0.0,0,0.3,0.0,0.0,1.0,0.7,1.0,1.0,0.25,1.0,0.25
noise_1.0,0.904819958299335,0.07654812185218603,1.0,-1.243401397678405,21,89,200,30,2,100,0.0,0,0.3,0.0,0.0,1.0,0.7,1.0,1.0,0.25,1.0,0.25
noise_1.0,1.0355451953683026,0.06286935315574703,1.0,0.5653819163726089,22,90,200,30,2,100,0.0,0,0.3,0.0,0.0,1.0,0.7,1.0,1.0,0.25,1.0,0.25
noise_1.0,0.9708185387936066,0.07535474973079133,1.0,-0.38725443732008497,23,91,200,30,2,100,0.0,0,0.3,0.0,0.0,1.0,0.7,1.0,1.0,0.25,1.0,0.25
noise_1.0,1.0539608216336092,0.07771773325345506,1.0,0.6943180066463177,24,92,200,30,2,100,0.0,0,0.3,0.0,0.0,1.0,0.7,1.0,1.0,0.25,1.0,0.25
noise_1.0,1.0628929452968576,0.0581131330743981,1.0,1.0822501209208644,25,93,200,30,2,100,0.0,0,0.3,0.0,0.0,1.0,0.7,1.0,1.0,0.25,1.0,0.25
noise_1.0,0.9396927402281656,0.07287050897990238,1.0,-0.8275948750195646,26,94,200,30,2,100,0.0,0,0.3,0.0,0.0,1.0,0.7,1.0,1.0,0.25,1.0,0.25
noise_1.0,0.8648552322378891,0.06404030481661097,1.0,-2.1103080028915895,27,95,200,30,2,100,0.0,0,0.3,0.0,0.0,1.0,0.7,1.0,1.0,0.25,1.0,0.25
noise_1.0,1.0347763729045565,0.06800251470608615,1.0,0.5113983365889267,28,96,200,30,2,100,0.0,0,0.3,0.0,0.0,1.0,0.7,1.0,1.0,0.25,1.0,0.25
noise_1.0,1.0428111563587346,0.0738650224992105,1.0,0.5795863171799907,29,97,200,30,2,100,0.0,0,0.3,0.0,0.0,1.0,0.7,1.0,1.0,0.25,1.0,0.25
noise_1.0,0.9100480935261076,0.06660899719494207,1.0,-1.350446790403307,30,98,200,30,2,100,0.0,0,0.3,0.0,0.0,1.0,0.7,1.0,1.0,0.25,1.0,0.25
noise_1.0,0.9313876579914465,0.07128669782917024,1.0,-0.9624845040932388,31,99,200,30,2,100,0.0,0,0.3,0.0,0.0,1.0,0.7,1.0,1.0,0.25,1.0,0.25
noise_1.0,0.7411315734503848,0.06679611423319397,1.0,-3.875501285087807,32,100,200,30,2,100,0.0,0,0.3,0.0,0.0,1.0,0.7,1.0,1.0,0.25,1.0,0.25
noise_1.0,0.9189460140293996,0.0769450768770564,1.0,-1.0534005456919522,33,101,200,30,2,100,0.0,0,0.3,0.0,0.0,1.0,0.7,1.0,1.0,0.25,1.0,0.25
noise_1.0,1.0960422688869278,0.06706071867215599,1.0,1.4321687984952227,34,102,200,30,2,100,0.0,0,0.3,0.0,0.0,1.0,0.7,1.0,1.0,0.25,1.0,0.25
noise_1.0,0.9055886737894769,0.07696322062944608,1.0,-1.2267070613518654,35,103,200,30,2,100,0.0,0,0.3,0.0,0.0,1.0,0.7,1.0,1.0,0.25,1.0,0.25
noise_1.0,0.941360999872298,0.06980775506944718,1.0,-0.840006960105877,36,104,200,30,2,100,0.0,0,0.3,0.0,0.0,1.0,0.7,1.0,1.0,0.25,1.0,0.25
noise_1.0,0.9497075568314808,0.06955298974061831,1.0,-0.7230809682814956,37,105,200,30,2,100,0.0,0,0.3,0.0,0.0,1.0,0.7,1.0,1.0,0.25,1.0,0.25
noise_1.0,1.1087675706505078,0.06931217946251124,1.0,1.5692418200373677,38,106,200,30,2,100,0.0,0,0.3,0.0,0.0,1.0,0.7,1.0,1.0,0.25,1.0,0.25
noise_1.0,1.0038267579600815,0.0647562063732436,1.0,0.05909484471688629,39,107,200,30,2,100,0.0,0,0.3,0.0,0.0,1.0,0.7,1.0,1.0,0.25,1.0,0.25
noise_1.0,0.9584963083040136,0.07099172793912974,1.0,-0.5846271516531173,40,108,200,30,2,100,0.0,0,0.3,0.0,0.0,1.0,0.7,1.0,1.0,0.25,1.0,0.25
noise_1.0,1.0879361600928572,0.07542885010975137,1.0,1.1658159969946156,41,109,200,30,2,100,0.0,0,0.3,0.0,0.0,1.0,0.7,1.0,1.0,0.25,1.0,0.25
noise_1.0,0.8776785094057806,0.06651682244090769,1.0,-1.8389557123370937,42,110,200,30,2,100,0.0,0,0.3,0.0,0.0,1.0,0.7,1.0,1.0,0.25,1.0,0.25
noise_1.0,0.9460276522406346,0.07751935904829466,1.0,-0.6962434728819236,43,111,200,30,2,100,0.0,0,0.3,0.0,0.0,1.0,0.7,1.0,1.0,0.25,1.0,0.25
noise_1.0,0.8747122462700047,0.07289672173622273,1.0,-1.7187021685741906,44,112,200,30,2,100,0.0,0,0.3,0.0,0.0,1.0,0.7,1.0,1.0,0.25,1.0,0.25
noise_1.0,0.9641519225201582,0.07137545704870381,1.0,-0.5022465559188004,45,113,200,30,2,100,0.0,0,0.3,0.0,0.0,1.0,0.7,1.0,1.0,0.25,1.0,0.25
noise_1.0,0.9252955049710619,0.08671972420572442,1.0,-0.8614475623990369,46,114,200,30,2,100,0.0,0,0.3,0.0,0.0,1.0,0.7,1.0,1.0,0.25,1.0,0.25
noise_1.0,0.9618327346398516,0.06931541327677002,1.0,-0.550631721804067,47,115,200,30,2,100,0.0,0,0.3,0.0,0.0,1.0,0.7,1.0,1.0,0.25,1.0,0.25
noise_1.0,0.9204966065753696,0.07589259303985942,1.0,-1.047577770637967,48,116,200,30,2,100,0.0,0,0.3,0.0,0.0,1.0,0.7,1.0,1.0,0.25,1.0,0.25
noise_1.0,1.0041010458454742,0.07775772004110096,1.0,0.052741333507547505,49,117,200,30,2,100,0.0,0,0.3,0.0,0.0,1.0,0.7,1.0,1.0,0.25,1.0,0.25
noise_1.0,0.9428793661132451,0.06688207761818883,1.0,-0.8540499326716602,50,118,200,30,2,100,0.0,0,0.3,0.0,0.0,1.0,0.7,1.0,1.0,0.25,1.0,0.25
noise_1.0,0.9833352025282798,0.07533662002280736,1.0,-0.22120447488452677,51,119,200,30,2,100,0.0,0,0.3,0.0,0.0,1.0,0.7,1.0,1.0,0.25,1.0,0.25
noise_1.0,1.0583811078896117,0.07146196740821169,1.0,0.8169535489573316,52,120,200,30,2,100,0.0,0,0.3,0.0,0.0,1.0,0.7,1.0,1.0,0.25,1.0,0.25
noise_1.0,0.9817187559599369,0.06301198008710904,1.0,-0.29012330694561234,53,121,200,30,2,100,0.0,0,0.3,0.0,0.0,1.0,0.7,1.0,1.0,0.25,1.0,0.25
noise_1.0,0.9958453040354526,0.06124652603623102,1.0,-0.06783561833514727,54,122,200,30,2,100,0.0,0,0.3,0.0,0.0,1.0,0.7,1.0,1.0,0.25,1.0,0.25
noise_1.0,0.9124073300187693,0.08594472971434314,1.0,-1.0191744190989358,55,123,200,30,2,100,0.0,0,0.3,0.0,0.0,1.0,0.7,1.0,1.0,0.25,1.0,0.25
noise_1.0,1.048150686723769,0.06457314598557598,1.0,0.7456766429581231,56,124,200,30,2,100,0.0,0,0.3,0.0,0.0,1.0,0.7,1.0,1.0,0.25,1.0,0.25
noise_1.0,1.1143647545592572,0.06600148566819829,1.0,1.7327603068541524,57,125,200,30,2,100,0.0,0,0.3,0.0,0.0,1.0,0.7,1.0,1.0,0.25,1.0,0.25
noise_1.0,1.0544976229841327,0.0748632951132482,1.0,0.7279618523562498,58,126,200,30,2,100,0.0,0,0.3,0.0,0.0,1.0,0.7,1.0,1.0,0.25,1.0,0.25
noise_1.0,0.9848465700235345,0.06460361553408712,1.0,-0.2345600915860512,59,127,200,30,2,100,0.0,0,0.3,0.0,0.0,1.0,0.7,1.0,1.0,0.25,1.0,0.25
noise_1.0,0.9121136134950325,0.07269212123389655,1.0,-1.209022174799128,60,128,200,30,2,100,0.0,0,0.3,0.0,0.0,1.0,0.7,1.0,1.0,0.25,1.0,0.25
noise_1.0,0.9663380717233626,0.07316863694144216,1.0,-0.460059523912923,61,129,200,30,2,100,0.0,0,0.3,0.0,0.0,1.0,0.7,1.0,1.0,0.25,1.0,0.25
noise_1.0,0.7920901226983756,0.08317480174816398,1.0,-2.499673854722639,62,130,200,30,2,100,0.0,0,0.3,0.0,0.0,1.0,0.7,1.0,1.0,0.25,1.0,0.25
noise_1.0,0.9210385938598953,0.06531751370306443,1.0,-1.208885667312229,63,131,200,30,2,100,0.0,0,0.3,0.0,0.0,1.0,0.7,1.0,1.0,0.25,1.0,0.25
noise_1.0,0.9309768156340368,0.05093894907084757,1.0,-1.35501783262084,64,132,200,30,2,100,0.0,0,0.3,0.0,0.0,1.0,0.7,1.0,1.0,0.25,1.0,0.25
noise_1.0,1.0127607569157464,0.07831725677681452,1.0,0.1629367197080398,65,133,200,30,2,100,0.0,0,0.3,0.0,0.0,1.0,0.7,1.0,1.0,0.25,1.0,0.25
noise_1.0,0.980632593947318,0.07567304523744449,1.0,-0.25593533327371076,66,134,200,30,2,100,0.0,0,0.3,0.0,0.0,1.0,0.7,1.0,1.0,0.25,1.0,0.25
noise_1.0,0.8764978054000523,0.07928657135161801,1.0,-1.557668499149035,67,135,200,30,2,100,0.0,0,0.3,0.0,0.0,1.0,0.7,1.0,1.0,0.25,1.0,0.25
noise_1.0,0.9590626197159438,0.06481493514778586,1.0,-0.6316041231965146,68,136,200,30,2,100,0.0,0,0.3,0.0,0.0,1.0,0.7,1.0,1.0,0.25,1.0,0.25
noise_1.0,0.8345646498900082,0.07645068223321139,1.0,-2.1639486434579394,69,137,200,30,2,100,0.0,0,0.3,0.0,0.0,1.0,0.7,1.0,1.0,0.25,1.0,0.25
noise_1.0,0.893969378074909,0.06936211981395526,1.0,-1.5286531353062582,70,138,200,30,2,100,0.0,0,0.3,0.0,0.0,1.0,0.7,1.0,1.0,0.25,1.0,0.25
noise_1.0,0.887950406982262,0.07524376963287088,1.0,-1.489154431847978,71,139,200,30,2,100,0.0,0,0.3,0.0,0.0,1.0,0.7,1.0,1.0,0.25,1.0,0.25
noise_1.0,0.9338664199633889,0.0830168652727873,1.0,-0.7966282492033516,72,140,200,30,2,100,0.0,0,0.3,0.0,0.0,1.0,0.7,1.0,1.0,0.25,1.0,0.25
noise_1.0,1.0770993117037975,0.08065689302296922,1.0,0.955892408127367,73,141,200,30,2,100,0.0,0,0.3,0.0,0.0,1.0,0.7,1.0,1.0,0.25,1.0,0.25
noise_1.0,0.8959570676789805,0.07875233799141872,1.0,-1.3211408699047964,74,142,200,30,2,100,0.0,0,0.3,0.0,0.0,1.0,0.7,1.0,1.0,0.25,1.0,0.25
noise_1.0,0.9934632399733784,0.07357631202814706,1.0,-0.0888432682535236,75,143,200,30,2,100,0.0,0,0.3,0.0,0.0,1.0,0.7,1.0,1.0,0.25,1.0,0.25
noise_1.0,0.8468511722827701,0.07750018416065958,1.0,-1.9761092102665079,76,144,200,30,2,100,0.0,0,0.3,0.0,0.0,1.0,0.7,1.0,1.0,0.25,1.0,0.25
noise_1.0,0.8888023096530571,0.08502039651864496,1.0,-1.3078942806689604,77,145,200,30,2,100,0.0,0,0.3,0.0,0.0,1.0,0.7,1.0,1.0,0.25,1.0,0.25
noise_1.0,0.9805766828266873,0.07321672981037879,1.0,-0.2652852322633966,78,146,200,30,2,100,0.0,0,0.3,0.0,0.0,1.0,0.7,1.0,1.0,0.25,1.0,0.25
noise_1.0,1.0352172048914492,0.06891039050959216,1.0,0.5110579787898175,79,147,200,30,2,100,0.0,0,0.3,0.0,0.0,1.0,0.7,1.0,1.0,0.25,1.0,0.25
noise_1.0,1.0366612400163586,0.08740601609021212,1.0,0.41943611728648517,80,148,200,30,2,100,0.0,0,0.3,0.0,0.0,1.0,0.7,1.0,1.0,0.25,1.0,0.25
noise_1.0,0.8704401767594829,0.07444303817800021,1.0,-1.7403887107714155,81,149,200,30,2,100,0.0,0,0.3,0.0,0.0,1.0,0.7,1.0,1.0,0.25,1.0,0.25
noise_1.0,1.047538751908365,0.07208498308830932,1.0,0.6594820428843906,82,150,200,30,2,100,0.0,0,0.3,0.0,0.0,1.0,0.7,1.0,1.0,0.25,1.0,0.25
noise_1.0,1.0235702970891996,0.06488349522903322,1.0,0.3632710754252435,83,151,200,30,2,100,0.0,0,0.3,0.0,0.0,1.0,0.7,1.0,1.0,0.25,1.0,0.25
noise_1.0,0.9293615420315916,0.0633306273768657,1.0,-1.1153917289979698,84,152,200,30,2,100,0.0,0,0.3,0.0,0.0,1.0,0.7,1.0,1.0,0.25,1.0,0.25
noise_1.0,1.0965717284546774,0.06452330215712143,1.0,1.4966953833130627,85,153,200,30,2,100,0.0,0,0.3,0.0,0.0,1.0,0.7,1.0,1.0,0.25,1.0,0.25
noise_1.0,1.0541381145509037,0.07796809318128846,1.0,0.6943624288082021,86,154,200,30,2,100,0.0,0,0.3,0.0,0.0,1.0,0.7,1.0,1.0,0.25,1.0,0.25
noise_1.0,0.8838536352202768,0.06708553920747057,1.0,-1.7313174515975158,87,155,200,30,2,100,0.0,0,0.3,0.0,0.0,1.0,0.7,1.0,1.0,0.25,1.0,0.25
noise_1.0,0.8784126577780913,0.07381197300379867,1.0,-1.6472577181435226,88,156,200,30,2,100,0.0,0,0.3,0.0,0.0,1.0,0.7,1.0,1.0,0.25,1.0,0.25
noise_1.0,0.9610579994318456,0.06640480414346787,1.0,-0.5864334827947099,89,157,200,30,2,100,0.0,0,0.3,0.0,0.0,1.0,0.7,1.0,1.0,0.25,1.0,0.25
noise_1.0,1.1318002967319838,0.06615889733555094,1.0,1.99217795398715,90,158,200,30,2,100,0.0,0,0.3,0.0,0.0,1.0,0.7,1.0,1.0,0.25,1.0,0.25
noise_1.0,0.91283203917185,0.057530725920123586,1.0,-1.5151548921731872,91,159,200,30,2,100,0.0,0,0.3,0.0,0.0,1.0,0.7,1.0,1.0,0.25,1.0,0.25
noise_1.0,1.0343370093458648,0.061980794266103145,1.0,0.5539943421577526,92,160,200,30,2,100,0.0,0,0.3,0.0,0.0,1.0,0.7,1.0,1.0,0.25,1.0,0.25
noise_1.0,1.0024923460758715,0.0693224081695289,1.0,0.03595296444082536,93,161,200,30,2,100,0.0,0,0.3,0.0,0.0,1.0,0.7,1.0,1.0,0.25,1.0,0.25
noise_1.0,0.9714058265371613,0.07208232729982966,1.0,-0.39668771159260596,94,162,200,30,2,100,0.0,0,0.3,0.0,0.0,1.0,0.7,1.0,1.0,0.25,1.0,0.25
noise_1.0,1.0513177987073963,0.08025477288211547,1.0,0.6394360966266256,95,163,200,30,2,100,0.0,0,0.3,0.0,0.0,1.0,0.7,1.0,1.0,0.25,1.0,0.25
noise_1.0,1.0375937094475742,0.07360184745522075,1.0,0.5107712747352733,96,164,200,30,2,100,0.0,0,0.3,0.0,0.0,1.0,0.7,1.0,1.0,0.25,1.0,0.25
noise_1.0,0.9961890351724111,0.06331510816968196,1.0,-0.060190449606051064,97,165,200,30,2,100,0.0,0,0.3,0.0,0.0,1.0,0.7,1.0,1.0,0.25,1.0,0.25
noise_1.0,0.9996120828172567,0.07138830378243839,1.0,-0.0054339039056810305,98,166,200,30,2,100,0.0,0,0.3,0.0,0.0,1.0,0.7,1.0,1.0,0.25,1.0,0.25
noise_1.0,0.9044847398701389,0.07511674037627827,1.0,-1.2715575736034554,99,167,200,30,2,100,0.0,0,0.3,0.0,0.0,1.0,0.7,1.0,1.0,0.25,1.0,0.25
noise_2.0,1.236543361568139,0.14652769907151952,1.0,1.6143252304308904,0,69,200,30,2,100,0.0,0,0.3,0.0,0.0,2.0,0.7,1.0,1.0,0.25,1.0,0.25
noise_2.0,0.9829010691508029,0.1180477463729773,1.0,-0.1448475839189022,1,70,200,30,2,100,0.0,0,0.3,0.0,0.0,2.0,0.7,1.0,1.0,0.25,1.0,0.25
noise_2.0,0.829508206575109,0.1368281097211151,1.0,-1.2460290050954417,2,71,200,30,2,100,0.0,0,0.3,0.0,0.0,2.0,0.7,1.0,1.0,0.25,1.0,0.25
noise_2.0,1.050939671074114,0.13466491127904892,1.0,0.3782698149821531,3,72,200,30,2,100,0.0,0,0.3,0.0,0.0,2.0,0.7,1.0,1.0,0.25,1.0,0.25
noise_2.0,0.9363055029602907,0.13898171283696126,1.0,-0.45829408588760884,4,73,200,30,2,100,0.0,0,0.3,0.0,0.0,2.0,0.7,1.0,1.0,0.25,1.0,0.25
noise_2.0,0.938609442334972,0.1302192395040828,1.0,-0.4714399953403445,5,74,200,30,2,100,0.0,0,0.3,0.0,0.0,2.0,0.7,1.0,1.0,0.25,1.0,0.25
noise_2.0,1.1488927855978783,0.18461664162390823,1.0,0.8064970973808269,6,75,200,30,2,100,0.0,0,0.3,0.0,0.0,2.0,0.7,1.0,1.0,0.25,1.0,0.25
noise_2.0,0.6931223265323933,0.12735669442944328,1.0,-2.4095920111810036,7,76,200,30,2,100,0.0,0,0.3,0.0,0.0,2.0,0.7,1.0,1.0,0.25,1.0,0.25
noise_2.0,1.218628984913684,0.13216720211709465,1.0,1.654184861384807,8,77,200,30,2,100,0.0,0,0.3,0.0,0.0,2.0,0.7,1.0,1.0,0.25,1.0,0.25
noise_2.0,1.199367373974779,0.15451961251178847,1.0,1.2902399296372105,9,78,200,30,2,100,0.0,0,0.3,0.0,0.0,2.0,0.7,1.0,1.0,0.25,1.0,0.25
noise_2.0,1.0620522470221965,0.13665850498113122,1.0,0.4540679486488176,10,79,200,30,2,100,0.0,0,0.3,0.0,0.0,2.0,0.7,1.0,1.0,0.25,1.0,0.25
noise_2.0,0.8707928637493803,0.1192980887738811,1.0,-1.083061242460643,11,80,200,30,2,100,0.0,0,0.3,0.0,0.0,2.0,0.7,1.0,1.0,0.25,1.0,0.25
noise_2.0,1.1557569941053771,0.14462488740833254,1.0,1.0769722756334068,12,81,200,30,2,100,0.0,0,0.3,0.0,0.0,2.0,0.7,1.0,1.0,0.25,1.0,0.25
noise_2.0,1.0387958552804255,0.1729093658335487,1.0,0.2243710460298163,13,82,200,30,2,100,0.0,0,0.3,0.0,0.0,2.0,0.7,1.0,1.0,0.25,1.0,0.25
noise_2.0,0.8283491574232317,0.11580447996616185,1.0,-1.4822469962036429,14,83,200,30,2,100,0.0,0,0.3,0.0,0.0,2.0,0.7,1.0,1.0,0.25,1.0,0.25
noise_2.0,0.8284281203795376,0.11677263036181765,1.0,-1.469281620948765,15,84,200,30,2,100,0.0,0,0.3,0.0,0.0,2.0,0.7,1.0,1.0,0.25,1.0,0.25
noise_2.0,1.0290653025288616,0.14278158187996892,1.0,0.2035647885824359,16,85,200,30,2,100,0.0,0,0.3,0.0,0.0,2.0,0.7,1.0,1.0,0.25,1.0,0.25
noise_2.0,1.2315560074674459,0.152840141713736,1.0,1.5150208896111979,17,86,200,30,2,100,0.0,0,0.3,0.0,0.0,2.0,0.7,1.0,1.0,0.25,1.0,0.25
noise_2.0,0.9365453189799793,0.13348527680581385,1.0,-0.47536838922191155,18,87,200,30,2,100,0.0,0,0.3,0.0,0.0,2.0,0.7,1.0,1.0,0.25,1.0,0.25
noise_2.0,0.7543475241356955,0.1211615962118791,1.0,-2.0274780420911944,19,88,200,30,2,100,0.0,0,0.3,0.0,0.0,2.0,0.7,1.0,1.0,0.25,1.0,0.25
noise_2.0,0.8280213673433034,0.14616942114294848,1.0,-1.1765705255718812,20,89,200,30,2,100,0.0,0,0.3,0.0,0.0,2.0,0.7,1.0,1.0,0.25,1.0,0.25
noise_2.0,1.0523440250682594,0.12453180467957779,1.0,0.4203265599735054,21,90,200,30,2,100,0.0,0,0.3,0.0,0.0,2.0,0.7,1.0,1.0,0.25,1.0,0.25
noise_2.0,0.9814799656090848,0.14374009815582958,1.0,-0.12884389692594697,22,91,200,30,2,100,0.0,0,0.3,0.0,0.0,2.0,0.7,1.0,1.0,0.25,1.0,0.25
noise_2.0,1.1330510324919132,0.15214626217893043,1.0,0.8744942569501941,23,92,200,30,2,100,0.0,0,0.3,0.0,0.0,2.0,0.7,1.0,1.0,0.25,1.0,0.25
noise_2.0,1.1503259808515278,0.10860825973012002,1.0,1.3841118642824395,24,93,200,30,2,100,0.0,0,0.3,0.0,0.0,2.0,0.7,1.0,1.0,0.25,1.0,0.25
noise_2.0,0.9076476341591717,0.14316904152395357,1.0,-0.6450582113129314,25,94,200,30,2,100,0.0,0,0.3,0.0,0.0,2.0,0.7,1.0,1.0,0.25,1.0,0.25
noise_2.0,0.770955653819841,0.11937548588396064,1.0,-1.9186882841490787,26,95,200,30,2,100,0.0,0,0.3,0.0,0.0,2.0,0.7,1.0,1.0,0.25,1.0,0.25
noise_2.0,1.0386638222830804,0.13551291310468766,1.0,0.28531467147497214,27,96,200,30,2,100,0.0,0,0.3,0.0,0.0,2.0,0.7,1.0,1.0,0.25,1.0,0.25
noise_2.0,1.050738067060989,0.14301185721119436,1.0,0.35478224009118997,28,97,200,30,2,100,0.0,0,0.3,0.0,0.0,2.0,0.7,1.0,1.0,0.25,1.0,0.25
noise_2.0,0.8675903847511548,0.12574285313823647,1.0,-1.0530190141564513,29,98,200,30,2,100,0.0,0,0.3,0.0,0.0,2.0,0.7,1.0,1.0,0.25,1.0,0.25
noise_2.0,0.8816536717766219,0.13521337665248245,1.0,-0.8752560667687853,30,99,200,30,2,100,0.0,0,0.3,0.0,0.0,2.0,0.7,1.0,1.0,0.25,1.0,0.25
noise_2.0,0.5240945384111019,0.1311537045173803,1.0,-3.6286086110959364,31,100,200,30,2,100,0.0,0,0.3,0.0,0.0,2.0,0.7,1.0,1.0,0.25,1.0,0.25
noise_2.0,0.7592374774967859,0.1437462630465564,1.0,-1.67491326313809,32,101,200,30,2,100,0.0,0,0.3,0.0,0.0,2.0,0.7,1.0,1.0,0.25,1.0,0.25
noise_2.0,1.1581731837100258,0.1254936404331515,1.0,1.2604079630177127,33,102,200,30,2,100,0.0,0,0.3,0.0,0.0,2.0,0.7,1.0,1.0,0.25,1.0,0.25
noise_2.0,0.8361589152779414,0.14977738508973973,1.0,-1.0938973505505691,34,103,200,30,2,100,0.0,0,0.3,0.0,0.0,2.0,0.7,1.0,1.0,0.25,1.0,0.25
noise_2.0,0.9254783110604993,0.13655797851549564,1.0,-0.5457146462595338,35,104,200,30,2,100,0.0,0,0.3,0.0,0.0,2.0,0.7,1.0,1.0,0.25,1.0,0.25
noise_2.0,0.9465292047444006,0.13782187565988682,1.0,-0.38797030587185743,36,105,200,30,2,100,0.0,0,0.3,0.0,0.0,2.0,0.7,1.0,1.0,0.25,1.0,0.25
noise_2.0,1.1854573399234545,0.1298180518433557,1.0,1.4285943849106257,37,106,200,30,2,100,0.0,0,0.3,0.0,0.0,2.0,0.7,1.0,1.0,0.25,1.0,0.25
noise_2.0,0.9749555376247576,0.12788815813682908,1.0,-0.19583097246929626,38,107,200,30,2,100,0.0,0,0.3,0.0,0.0,2.0,0.7,1.0,1.0,0.25,1.0,0.25
noise_2.0,0.9601387911678826,0.13383855745970324,1.0,-0.29783053246161156,39,108,200,30,2,100,0.0,0,0.3,0.0,0.0,2.0,0.7,1.0,1.0,0.25,1.0,0.25
noise_2.0,1.1370648025581964,0.1414747930839361,1.0,0.9688284362916633,40,109,200,30,2,100,0.0,0,0.3,0.0,0.0,2.0,0.7,1.0,1.0,0.25,1.0,0.25
noise_2.0,0.7913527126611406,0.1332929017797421,1.0,-1.5653293202636969,41,110,200,30,2,100,0.0,0,0.3,0.0,0.0,2.0,0.7,1.0,1.0,0.25,1.0,0.25
noise_2.0,0.9289789106424882,0.1530285398028365,1.0,-0.4641035551212611,42,111,200,30,2,100,0.0,0,0.3,0.0,0.0,2.0,0.7,1.0,1.0,0.25,1.0,0.25
noise_2.0,0.7671500289083649,0.1383588050756146,1.0,-1.682942917614676,43,112,200,30,2,100,0.0,0,0.3,0.0,0.0,2.0,0.7,1.0,1.0,0.25,1.0,0.25
noise_2.0,0.9488715332142764,0.13672027151742688,1.0,-0.3739640524280743,44,113,200,30,2,100,0.0,0,0.3,0.0,0.0,2.0,0.7,1.0,1.0,0.25,1.0,0.25
noise_2.0,0.8749962858665122,0.16345913938978882,1.0,-0.7647398279480766,45,114,200,30,2,100,0.0,0,0.3,0.0,0.0,2.0,0.7,1.0,1.0,0.25,1.0,0.25
noise_2.0,0.9018148797273248,0.13762487854809377,1.0,-0.713425663357544,46,115,200,30,2,100,0.0,0,0.3,0.0,0.0,2.0,0.7,1.0,1.0,0.25,1.0,0.25
noise_2.0,0.8690776940477803,0.142387460687243,1.0,-0.9194791825088671,47,116,200,30,2,100,0.0,0,0.3,0.0,0.0,2.0,0.7,1.0,1.0,0.25,1.0,0.25
noise_2.0,1.016495671978868,0.1474025468792148,1.0,0.1119090024433905,48,117,200,30,2,100,0.0,0,0.3,0.0,0.0,2.0,0.7,1.0,1.0,0.25,1.0,0.25
noise_2.0,0.9384725753227768,0.1309198252426954,1.0,-0.46996262455411464,49,118,200,30,2,100,0.0,0,0.3,0.0,0.0,2.0,0.7,1.0,1.0,0.25,1.0,0.25
noise_2.0,1.0651448672043593,0.14548090625973334,1.0,0.4477898088430475,50,119,200,30,2,100,0.0,0,0.3,0.0,0.0,2.0,0.7,1.0,1.0,0.25,1.0,0.25
noise_2.0,1.1069879233860562,0.1384015016093441,1.0,0.7730257413539001,51,120,200,30,2,100,0.0,0,0.3,0.0,0.0,2.0,0.7,1.0,1.0,0.25,1.0,0.25
noise_2.0,0.9527218390046507,0.1300953382276095,1.0,-0.36341164594716974,52,121,200,30,2,100,0.0,0,0.3,0.0,0.0,2.0,0.7,1.0,1.0,0.25,1.0,0.25
noise_2.0,1.016752315236729,0.11739628872742462,1.0,0.14269884864610358,53,122,200,30,2,100,0.0,0,0.3,0.0,0.0,2.0,0.7,1.0,1.0,0.25,1.0,0.25
noise_2.0,0.8453219438647022,0.16716503509351774,1.0,-0.9253014905226188,54,123,200,30,2,100,0.0,0,0.3,0.0,0.0,2.0,0.7,1.0,1.0,0.25,1.0,0.25
noise_2.0,1.1328888927927359,0.12373913710487568,1.0,1.0739439105681274,55,124,200,30,2,100,0.0,0,0.3,0.0,0.0,2.0,0.7,1.0,1.0,0.25,1.0,0.25
noise_2.0,1.2544577981264409,0.1285434683213588,1.0,1.9795466969219793,56,125,200,30,2,100,0.0,0,0.3,0.0,0.0,2.0,0.7,1.0,1.0,0.25,1.0,0.25
noise_2.0,1.1078005748008684,0.13800981036104046,1.0,0.7811080568754986,57,126,200,30,2,100,0.0,0,0.3,0.0,0.0,2.0,0.7,1.0,1.0,0.25,1.0,0.25
noise_2.0,0.9845792333186839,0.11783119118281238,1.0,-0.13087168623621165,58,127,200,30,2,100,0.0,0,0.3,0.0,0.0,2.0,0.7,1.0,1.0,0.25,1.0,0.25
noise_2.0,0.8390126262079213,0.13804417673743924,1.0,-1.1662018463718145,59,128,200,30,2,100,0.0,0,0.3,0.0,0.0,2.0,0.7,1.0,1.0,0.25,1.0,0.25
noise_2.0,0.9519440142253917,0.14734634706250166,1.0,-0.32614304143029665,60,129,200,30,2,100,0.0,0,0.3,0.0,0.0,2.0,0.7,1.0,1.0,0.25,1.0,0.25
noise_2.0,0.6046902017064374,0.1587486516177431,1.0,-2.490161612493214,61,130,200,30,2,100,0.0,0,0.3,0.0,0.0,2.0,0.7,1.0,1.0,0.25,1.0,0.25
noise_2.0,0.8858380396168162,0.12959219911961845,1.0,-0.8809323490051131,62,131,200,30,2,100,0.0,0,0.3,0.0,0.0,2.0,0.7,1.0,1.0,0.25,1.0,0.25
noise_2.0,0.812380950877366,0.10280148517029548,1.0,-1.825061659487062,63,132,200,30,2,100,0.0,0,0.3,0.0,0.0,2.0,0.7,1.0,1.0,0.25,1.0,0.25
noise_2.0,0.9965801705029852,0.16074634807819085,1.0,-0.021274694808937848,64,133,200,30,2,100,0.0,0,0.3,0.0,0.0,2.0,0.7,1.0,1.0,0.25,1.0,0.25
noise_2.0,0.9664100664300627,0.15098341432390516,1.0,-0.2224743275302859,65,134,200,30,2,100,0.0,0,0.3,0.0,0.0,2.0,0.7,1.0,1.0,0.25,1.0,0.25
noise_2.0,0.803936865442779,0.14756208714570443,1.0,-1.3286823082383359,66,135,200,30,2,100,0.0,0,0.3,0.0,0.0,2.0,0.7,1.0,1.0,0.25,1.0,0.25
noise_2.0,0.9207129948939098,0.12926998391601482,1.0,-0.6133442791916958,67,136,200,30,2,100,0.0,0,0.3,0.0,0.0,2.0,0.7,1.0,1.0,0.25,1.0,0.25
noise_2.0,0.7485295476181553,0.1450198509007843,1.0,-1.7340415868575738,68,137,200,30,2,100,0.0,0,0.3,0.0,0.0,2.0,0.7,1.0,1.0,0.25,1.0,0.25
noise_2.0,0.7458350807172968,0.13311904350958956,1.0,-1.909305480131352,69,138,200,30,2,100,0.0,0,0.3,0.0,0.0,2.0,0.7,1.0,1.0,0.25,1.0,0.25
noise_2.0,0.7780929017048754,0.14577299747468236,1.0,-1.5222784887418197,70,139,200,30,2,100,0.0,0,0.3,0.0,0.0,2.0,0.7,1.0,1.0,0.25,1.0,0.25
noise_2.0,0.8919550710169714,0.1578383655213627,1.0,-0.684528939628466,71,140,200,30,2,100,0.0,0,0.3,0.0,0.0,2.0,0.7,1.0,1.0,0.25,1.0,0.25
noise_2.0,1.2339139568381552,0.14812300625886032,1.0,1.579187208969863,72,141,200,30,2,100,0.0,0,0.3,0.0,0.0,2.0,0.7,1.0,1.0,0.25,1.0,0.25
noise_2.0,0.8595523552477855,0.1525024378172349,1.0,-0.9209534402363628,73,142,200,30,2,100,0.0,0,0.3,0.0,0.0,2.0,0.7,1.0,1.0,0.25,1.0,0.25
noise_2.0,1.007241232955458,0.14314549729284792,1.0,0.05058652275065229,74,143,200,30,2,100,0.0,0,0.3,0.0,0.0,2.0,0.7,1.0,1.0,0.25,1.0,0.25
noise_2.0,0.7263334224377856,0.14449336434681023,1.0,-1.89397332396085,75,144,200,30,2,100,0.0,0,0.3,0.0,0.0,2.0,0.7,1.0,1.0,0.25,1.0,0.25
noise_2.0,0.8215823771490134,0.16238173796790367,1.0,-1.0987542385231313,76,145,200,30,2,100,0.0,0,0.3,0.0,0.0,2.0,0.7,1.0,1.0,0.25,1.0,0.25
noise_2.0,0.9872471409243869,0.13574288494400355,1.0,-0.09394863738805807,77,146,200,30,2,100,0.0,0,0.3,0.0,0.0,2.0,0.7,1.0,1.0,0.25,1.0,0.25
noise_2.0,1.0571932709574032,0.1277291325775885,1.0,0.44776997857291034,78,147,200,30,2,100,0.0,0,0.3,0.0,0.0,2.0,0.7,1.0,1.0,0.25,1.0,0.25
noise_2.0,1.0396782117565437,0.17218941473643037,1.0,0.23043351310113347,79,148,200,30,2,100,0.0,0,0.3,0.0,0.0,2.0,0.7,1.0,1.0,0.25,1.0,0.25
noise_2.0,0.7772780247337829,0.14187565091496426,1.0,-1.5698393193607938,80,149,200,30,2,100,0.0,0,0.3,0.0,0.0,2.0,0.7,1.0,1.0,0.25,1.0,0.25
noise_2.0,1.1454147037620683,0.13776467997031483,1.0,1.0555296451412794,81,150,200,30,2,100,0.0,0,0.3,0.0,0.0,2.0,0.7,1.0,1.0,0.25,1.0,0.25
noise_2.0,1.0115670583557996,0.12366533228007728,1.0,0.09353517386426904,82,151,200,30,2,100,0.0,0,0.3,0.0,0.0,2.0,0.7,1.0,1.0,0.25,1.0,0.25
noise_2.0,0.8936394895378033,0.12053097470252695,1.0,-0.8824330071560176,83,152,200,30,2,100,0.0,0,0.3,0.0,0.0,2.0,0.7,1.0,1.0,0.25,1.0,0.25
noise_2.0,1.1502783907346303,0.12435375778873002,1.0,1.2084748656324868,84,153,200,30,2,100,0.0,0,0.3,0.0,0.0,2.0,0.7,1.0,1.0,0.25,1.0,0.25
noise_2.0,1.1071235691392107,0.14292858258560628,1.0,0.7494901803496838,85,154,200,30,2,100,0.0,0,0.3,0.0,0.0,2.0,0.7,1.0,1.0,0.25,1.0,0.25
noise_2.0,0.8726116596091885,0.1260471697297499,1.0,-1.0106402282886406,86,155,200,30,2,100,0.0,0,0.3,0.0,0.0,2.0,0.7,1.0,1.0,0.25,1.0,0.25
noise_2.0,0.8105641949083013,0.13267561178101225,1.0,-1.4278118076769977,87,156,200,30,2,100,0.0,0,0.3,0.0,0.0,2.0,0.7,1.0,1.0,0.25,1.0,0.25
noise_2.0,0.9424818475744653,0.1442398876951094,1.0,-0.3987673128747515,88,157,200,30,2,100,0.0,0,0.3,0.0,0.0,2.0,0.7,1.0,1.0,0.25,1.0,0.25
noise_2.0,1.2202051871343171,0.13085960948736652,1.0,1.6827590117145828,89,158,200,30,2,100,0.0,0,0.3,0.0,0.0,2.0,0.7,1.0,1.0,0.25,1.0,0.25
noise_2.0,0.8499370390194665,0.11122796139054837,1.0,-1.349147814133049,90,159,200,30,2,100,0.0,0,0.3,0.0,0.0,2.0,0.7,1.0,1.0,0.25,1.0,0.25
noise_2.0,1.089541276871397,0.11890224588272132,1.0,0.7530663210492731,91,160,200,30,2,100,0.0,0,0.3,0.0,0.0,2.0,0.7,1.0,1.0,0.25,1.0,0.25
noise_2.0,1.0489727603952466,0.13273317713989943,1.0,0.36895643915484494,92,161,200,30,2,100,0.0,0,0.3,0.0,0.0,2.0,0.7,1.0,1.0,0.25,1.0,0.25
noise_2.0,0.9880927051125387,0.13751342977565537,1.0,-0.08659005092729745,93,162,200,30,2,100,0.0,0,0.3,0.0,0.0,2.0,0.7,1.0,1.0,0.25,1.0,0.25
noise_2.0,1.1187916513649305,0.1629395849177706,1.0,0.7290533569536227,94,163,200,30,2,100,0.0,0,0.3,0.0,0.0,2.0,0.7,1.0,1.0,0.25,1.0,0.25
noise_2.0,1.095866145862567,0.14447308554916136,1.0,0.6635571289847308,95,164,200,30,2,100,0.0,0,0.3,0.0,0.0,2.0,0.7,1.0,1.0,0.25,1.0,0.25
noise_2.0,1.0035851500714346,0.12373206152538171,1.0,0.028975109823892523,96,165,200,30,2,100,0.0,0,0.3,0.0,0.0,2.0,0.7,1.0,1.0,0.25,1.0,0.25
noise_2.0,0.9849721242721708,0.1350861177773118,1.0,-0.11124663270434987,97,166,200,30,2,100,0.0,0,0.3,0.0,0.0,2.0,0.7,1.0,1.0,0.25,1.0,0.25
noise_2.0,0.8871167721671299,0.14730473485160914,1.0,-0.7663245037342868,98,167,200,30,2,100,0.0,0,0.3,0.0,0.0,2.0,0.7,1.0,1.0,0.25,1.0,0.25
noise_2.0,0.9138833265928646,0.14296738783992574,1.0,-0.602351869949225,99,168,200,30,2,100,0.0,0,0.3,0.0,0.0,2.0,0.7,1.0,1.0,0.25,1.0,0.25
rho_0.3,0.9352189678320595,0.06336183622032562,1.0,-1.0223982768220286,0,70,200,30,2,100,0.0,0,0.3,0.0,0.0,1.0,0.3,1.0,1.0,0.25,1.0,0.25
rho_0.3,0.9122547416239817,0.06935121318037657,1.0,-1.2652303305466397,1,71,200,30,2,100,0.0,0,0.3,0.0,0.0,1.0,0.3,1.0,1.0,0.25,1.0,0.25
rho_0.3,1.0710807682973131,0.06819839858307203,1.0,1.042264477966152,2,72,200,30,2,100,0.0,0,0.3,0.0,0.0,1.0,0.3,1.0,1.0,0.25,1.0,0.25
rho_0.3,0.9227729900362108,0.0747881651300614,1.0,-1.032610037022388,3,73,200,30,2,100,0.0,0,0.3,0.0,0.0,1.0,0.3,1.0,1.0,0.25,1.0,0.25
rho_0.3,1.059096159448401,0.06837388122997179,1.0,0.8643089785942425,4,74,200,30,2,100,0.0,0,0.3,0.0,0.0,1.0,0.3,1.0,1.0,0.25,1.0,0.25
rho_0.3,1.0684743933301206,0.09554792889241188,1.0,0.716649686956832,5,75,200,30,2,100,0.0,0,0.3,0.0,0.0,1.0,0.3,1.0,1.0,0.25,1.0,0.25
rho_0.3,0.8395505875740248,0.06575201527633155,1.0,-2.440220451824409,6,76,200,30,2,100,0.0,0,0.3,0.0,0.0,1.0,0.3,1.0,1.0,0.25,1.0,0.25
rho_0.3,1.0913752856225327,0.06823771424289625,1.0,1.3390730717807589,7,77,200,30,2,100,0.0,0,0.3,0.0,0.0,1.0,0.3,1.0,1.0,0.25,1.0,0.25
rho_0.3,1.0760447563607962,0.0742567075166499,1.0,1.024079290665364,8,78,200,30,2,100,0.0,0,0.3,0.0,0.0,1.0,0.3,1.0,1.0,0.25,1.0,0.25
rho_0.3,1.0846675936658725,0.07072051741092122,1.0,1.197214001898655,9,79,200,30,2,100,0.0,0,0.3,0.0,0.0,1.0,0.3,1.0,1.0,0.25,1.0,0.25
rho_0.3,0.9234696829800002,0.06482314562624793,1.0,-1.1806017168813765,10,80,200,30,2,100,0.0,0,0.3,0.0,0.0,1.0,0.3,1.0,1.0,0.25,1.0,0.25
rho_0.3,1.0834456469666505,0.08016892810994589,1.0,1.0408726789038616,11,81,200,30,2,100,0.0,0,0.3,0.0,0.0,1.0,0.3,1.0,1.0,0.25,1.0,0.25
rho_0.3,0.9598326107027131,0.09139381425107104,1.0,-0.4394978984785745,12,82,200,30,2,100,0.0,0,0.3,0.0,0.0,1.0,0.3,1.0,1.0,0.25,1.0,0.25
rho_0.3,0.9254979732981519,0.059083939705555116,1.0,-1.2609522498521437,13,83,200,30,2,100,0.0,0,0.3,0.0,0.0,1.0,0.3,1.0,1.0,0.25,1.0,0.25
rho_0.3,0.9039253405589093,0.06776782534167339,1.0,-1.4177031497867798,14,84,200,30,2,100,0.0,0,0.3,0.0,0.0,1.0,0.3,1.0,1.0,0.25,1.0,0.25
rho_0.3,1.0020926742191225,0.06500383237155648,1.0,0.032193089896007415,15,85,200,30,2,100,0.0,0,0.3,0.0,0.0,1.0,0.3,1.0,1.0,0.25,1.0,0.25
rho_0.3,1.1085390373251398,0.08642791800402373,1.0,1.25583306681166,16,86,200,30,2,100,0.0,0,0.3,0.0,0.0,1.0,0.3,1.0,1.0,0.25,1.0,0.25
rho_0.3,1.009675036334298,0.06549762674846182,1.0,0.1477158305514498,17,87,200,30,2,100,0.0,0,0.3,0.0,0.0,1.0,0.3,1.0,1.0,0.25,1.0,0.25
rho_0.3,0.9041111798524383,0.06626475273729014,1.0,-1.4470561827600512,18,88,200,30,2,100,0.0,0,0.3,0.0,0.0,1.0,0.3,1.0,1.0,0.25,1.0,0.25
rho_0.3,0.9281390905241536,0.07938917344982775,1.0,-0.905172662129566,19,89,200,30,2,100,0.0,0,0.3,0.0,0.0,1.0,0.3,1.0,1.0,0.25,1.0,0.25
rho_0.3,1.0234636527813394,0.0615806461622493,1.0,0.3810231662642626,20,90,200,30,2,100,0.0,0,0.3,0.0,0.0,1.0,0.3,1.0,1.0,0.25,1.0,0.25
rho_0.3,1.002643752925211,0.07549567020273891,1.0,0.03501860329355822,21,91,200,30,2,100,0.0,0,0.3,0.0,0.0,1.0,0.3,1.0,1.0,0.25,1.0,0.25
rho_0.3,1.0625667449787206,0.07494202296148697,1.0,0.8348686425354962,22,92,200,30,2,100,0.0,0,0.3,0.0,0.0,1.0,0.3,1.0,1.0,0.25,1.0,0.25
rho_0.3,1.073086743332599,0.056593231837793884,1.0,1.2914396467421834,23,93,200,30,2,100,0.0,0,0.3,0.0,0.0,1.0,0.3,1.0,1.0,0.25,1.0,0.25
rho_0.3,0.9901732484161938,0.07622403348784086,1.0,-0.1289193333671294,24,94,200,30,2,100,0.0,0,0.3,0.0,0.0,1.0,0.3,1.0,1.0,0.25,1.0,0.25
rho_0.3,0.8317306209369122,0.06332642138420061,1.0,-2.657174926121272,25,95,200,30,2,100,0.0,0,0.3,0.0,0.0,1.0,0.3,1.0,1.0,0.25,1.0,0.25
rho_0.3,0.9750796888680622,0.07339104492823242,1.0,-0.3395552026314229,26,96,200,30,2,100,0.0,0,0.3,0.0,0.0,1.0,0.3,1.0,1.0,0.25,1.0,0.25
rho_0.3,1.001111969204721,0.06714191735942214,1.0,0.016561475281804173,27,97,200,30,2,100,0.0,0,0.3,0.0,0.0,1.0,0.3,1.0,1.0,0.25,1.0,0.25
rho_0.3,0.9269625483442142,0.07046573636961335,1.0,-1.0364959683765034,28,98,200,30,2,100,0.0,0,0.3,0.0,0.0,1.0,0.3,1.0,1.0,0.25,1.0,0.25
rho_0.3,0.9584486185582948,0.07207230619190438,1.0,-0.5765235447172709,29,99,200,30,2,100,0.0,0,0.3,0.0,0.0,1.0,0.3,1.0,1.0,0.25,1.0,0.25
rho_0.3,0.7518421876258925,0.06694730903695308,1.0,-3.706763064025937,30,100,200,30,2,100,0.0,0,0.3,0.0,0.0,1.0,0.3,1.0,1.0,0.25,1.0,0.25
rho_0.3,0.9273976999758715,0.07458698757104258,1.0,-0.9733909678947186,31,101,200,30,2,100,0.0,0,0.3,0.0,0.0,1.0,0.3,1.0,1.0,0.25,1.0,0.25
rho_0.3,1.0827949522789764,0.06408183031666641,1.0,1.2920191553492981,32,102,200,30,2,100,0.0,0,0.3,0.0,0.0,1.0,0.3,1.0,1.0,0.25,1.0,0.25
rho_0.3,0.9001247616289364,0.0732654253319047,1.0,-1.3631974143139411,33,103,200,30,2,100,0.0,0,0.3,0.0,0.0,1.0,0.3,1.0,1.0,0.25,1.0,0.25
rho_0.3,0.9218629306842696,0.07076254610860863,1.0,-1.1042150630900576,34,104,200,30,2,100,0.0,0,0.3,0.0,0.0,1.0,0.3,1.0,1.0,0.25,1.0,0.25
rho_0.3,0.9499811122630649,0.06359052670925268,1.0,-0.7865776606259361,35,105,200,30,2,100,0.0,0,0.3,0.0,0.0,1.0,0.3,1.0,1.0,0.25,1.0,0.25
rho_0.3,1.1269549574767657,0.07317937532444915,1.0,1.7348461491218843,36,106,200,30,2,100,0.0,0,0.3,0.0,0.0,1.0,0.3,1.0,1.0,0.25,1.0,0.25
rho_0.3,1.00382065965707,0.06578419271326215,1.0,0.05807868880786258,37,107,200,30,2,100,0.0,0,0.3,0.0,0.0,1.0,0.3,1.0,1.0,0.25,1.0,0.25
rho_0.3,0.9653567333822669,0.07607671416886501,1.0,-0.4553728035734635,38,108,200,30,2,100,0.0,0,0.3,0.0,0.0,1.0,0.3,1.0,1.0,0.25,1.0,0.25
rho_0.3,1.0293100037501446,0.07366493298535286,1.0,0.39788271790014973,39,109,200,30,2,100,0.0,0,0.3,0.0,0.0,1.0,0.3,1.0,1.0,0.25,1.0,0.25
rho_0.3,0.8685150763347271,0.06513629588724423,1.0,-2.018612232615791,40,110,200,30,2,100,0.0,0,0.3,0.0,0.0,1.0,0.3,1.0,1.0,0.25,1.0,0.25
rho_0.3,0.9666110925705594,0.07591820600982081,1.0,-0.4398010593812156,41,111,200,30,2,100,0.0,0,0.3,0.0,0.0,1.0,0.3,1.0,1.0,0.25,1.0,0.25
rho_0.3,0.9071395891130454,0.06842934075887713,1.0,-1.3570262384108693,42,112,200,30,2,100,0.0,0,0.3,0.0,0.0,1.0,0.3,1.0,1.0,0.25,1.0,0.25
rho_0.3,0.9421991113621472,0.0724052769234766,1.0,-0.7982966310444637,43,113,200,30,2,100,0.0,0,0.3,0.0,0.0,1.0,0.3,1.0,1.0,0.25,1.0,0.25
rho_0.3,0.9398527541545556,0.0889641995703292,1.0,-0.6760837071084529,44,114,200,30,2,100,0.0,0,0.3,0.0,0.0,1.0,0.3,1.0,1.0,0.25,1.0,0.25
rho_0.3,0.9667411660708413,0.0750402907074199,1.0,-0.44321302084015174,45,115,200,30,2,100,0.0,0,0.3,0.0,0.0,1.0,0.3,1.0,1.0,0.25,1.0,0.25
rho_0.3,0.9627342103629623,0.07333295053394673,1.0,-0.508172511343137,46,116,200,30,2,100,0.0,0,0.3,0.0,0.0,1.0,0.3,1.0,1.0,0.25,1.0,0.25
rho_0.3,0.9987582622869029,0.08031565187306128,1.0,-0.015460718852903862,47,117,200,30,2,100,0.0,0,0.3,0.0,0.0,1.0,0.3,1.0,1.0,0.25,1.0,0.25
rho_0.3,0.9125216622317873,0.07076775045204352,1.0,-1.2361328035641497,48,118,200,30,2,100,0.0,0,0.3,0.0,0.0,1.0,0.3,1.0,1.0,0.25,1.0,0.25
rho_0.3,0.992222483421902,0.0825734838223385,1.0,-0.09418903282356068,49,119,200,30,2,100,0.0,0,0.3,0.0,0.0,1.0,0.3,1.0,1.0,0.25,1.0,0.25
rho_0.3,1.0065711907211499,0.07384078765916609,1.0,0.08899134109296251,50,120,200,30,2,100,0.0,0,0.3,0.0,0.0,1.0,0.3,1.0,1.0,0.25,1.0,0.25
rho_0.3,0.9566491452524841,0.06261384367873325,1.0,-0.6923525565679329,51,121,200,30,2,100,0.0,0,0.3,0.0,0.0,1.0,0.3,1.0,1.0,0.25,1.0,0.25
rho_0.3,1.0193949659871007,0.05902216382452171,1.0,0.32860479403574006,52,122,200,30,2,100,0.0,0,0.3,0.0,0.0,1.0,0.3,1.0,1.0,0.25,1.0,0.25
rho_0.3,0.932867059481237,0.08747703699072186,1.0,-0.7674350072680596,53,123,200,30,2,100,0.0,0,0.3,0.0,0.0,1.0,0.3,1.0,1.0,0.25,1.0,0.25
rho_0.3,1.0779691315170394,0.06226714126828695,1.0,1.2521713688620808,54,124,200,30,2,100,0.0,0,0.3,0.0,0.0,1.0,0.3,1.0,1.0,0.25,1.0,0.25
rho_0.3,1.1265571900348297,0.06867136560507056,1.0,1.842939759821595,55,125,200,30,2,100,0.0,0,0.3,0.0,0.0,1.0,0.3,1.0,1.0,0.25,1.0,0.25
rho_0.3,1.0660251006827737,0.07337827451215011,1.0,0.8997908593754289,56,126,200,30,2,100,0.0,0,0.3,0.0,0.0,1.0,0.3,1.0,1.0,0.25,1.0,0.25
rho_0.3,0.982266023183722,0.06239810737867655,1.0,-0.284206966545563,57,127,200,30,2,100,0.0,0,0.3,0.0,0.0,1.0,0.3,1.0,1.0,0.25,1.0,0.25
rho_0.3,0.8929700141279058,0.07663811589709936,1.0,-1.3965633760595249,58,128,200,30,2,100,0.0,0,0.3,0.0,0.0,1.0,0.3,1.0,1.0,0.25,1.0,0.25
rho_0.3,0.9903451977429393,0.07172280685075852,1.0,-0.13461272196374754,59,129,200,30,2,100,0.0,0,0.3,0.0,0.0,1.0,0.3,1.0,1.0,0.25,1.0,0.25
rho_0.3,0.8093548632172807,0.07648697914740141,1.0,-2.492517535766692,60,130,200,30,2,100,0.0,0,0.3,0.0,0.0,1.0,0.3,1.0,1.0,0.25,1.0,0.25
rho_0.3,0.9465064064847125,0.07011264394124796,1.0,-0.7629664281397421,61,131,200,30,2,100,0.0,0,0.3,0.0,0.0,1.0,0.3,1.0,1.0,0.25,1.0,0.25
rho_0.3,0.9722370545009392,0.05537759893078359,1.0,-0.5013389174521932,62,132,200,30,2,100,0.0,0,0.3,0.0,0.0,1.0,0.3,1.0,1.0,0.25,1.0,0.25
rho_0.3,1.035358715517011,0.08069226430480628,1.0,0.4381921342973753,63,133,200,30,2,100,0.0,0,0.3,0.0,0.0,1.0,0.3,1.0,1.0,0.25,1.0,0.25
rho_0.3,0.9894193967119932,0.07324888279129796,1.0,-0.14444729919162388,64,134,200,30,2,100,0.0,0,0.3,0.0,0.0,1.0,0.3,1.0,1.0,0.25,1.0,0.25
rho_0.3,0.9067961978225109,0.07523124288729297,1.0,-1.2388975457593012,65,135,200,30,2,100,0.0,0,0.3,0.0,0.0,1.0,0.3,1.0,1.0,0.25,1.0,0.25
rho_0.3,0.9869424892396396,0.06824804008067026,1.0,-0.19132433319588743,66,136,200,30,2,100,0.0,0,0.3,0.0,0.0,1.0,0.3,1.0,1.0,0.25,1.0,0.25
rho_0.3,0.8991586226889567,0.08219505229118997,1.0,-1.2268545916096691,67,137,200,30,2,100,0.0,0,0.3,0.0,0.0,1.0,0.3,1.0,1.0,0.25,1.0,0.25
rho_0.3,0.908744204187404,0.07317801441730656,1.0,-1.2470384245765225,68,138,200,30,2,100,0.0,0,0.3,0.0,0.0,1.0,0.3,1.0,1.0,0.25,1.0,0.25
rho_0.3,0.9026803227400476,0.07854329053879588,1.0,-1.2390578061137132,69,139,200,30,2,100,0.0,0,0.3,0.0,0.0,1.0,0.3,1.0,1.0,0.25,1.0,0.25
rho_0.3,0.9315146075628055,0.0824425578245268,1.0,-0.8307043624599918,70,140,200,30,2,100,0.0,0,0.3,0.0,0.0,1.0,0.3,1.0,1.0,0.25,1.0,0.25
rho_0.3,1.114965882835975,0.07936290591711168,1.0,1.4486097945562606,71,141,200,30,2,100,0.0,0,0.3,0.0,0.0,1.0,0.3,1.0,1.0,0.25,1.0,0.25
rho_0.3,0.8914333086869857,0.07655523250694786,1.0,-1.4181485413575254,72,142,200,30,2,100,0.0,0,0.3,0.0,0.0,1.0,0.3,1.0,1.0,0.25,1.0,0.25
rho_0.3,0.964761182778134,0.07431200988903848,1.0,-0.4742008361028587,73,143,200,30,2,100,0.0,0,0.3,0.0,0.0,1.0,0.3,1.0,1.0,0.25,1.0,0.25
rho_0.3,0.8979441904104236,0.07715294885782825,1.0,-1.3227726366964572,74,144,200,30,2,100,0.0,0,0.3,0.0,0.0,1.0,0.3,1.0,1.0,0.25,1.0,0.25
rho_0.3,0.9004422781052824,0.08447823337244316,1.0,-1.1785014662391524,75,145,200,30,2,100,0.0,0,0.3,0.0,0.0,1.0,0.3,1.0,1.0,0.25,1.0,0.25
rho_0.3,0.9903606023704231,0.07129153268299468,1.0,-0.13521097480733768,76,146,200,30,2,100,0.0,0,0.3,0.0,0.0,1.0,0.3,1.0,1.0,0.25,1.0,0.25
rho_0.3,1.0319589301727519,0.06616901730584093,1.0,0.4829893426561551,77,147,200,30,2,100,0.0,0,0.3,0.0,0.0,1.0,0.3,1.0,1.0,0.25,1.0,0.25
rho_0.3,1.0235068628121171,0.08977434557606545,1.0,0.2618438782402467,78,148,200,30,2,100,0.0,0,0.3,0.0,0.0,1.0,0.3,1.0,1.0,0.25,1.0,0.25
rho_0.3,0.8894413274377064,0.0677252159118878,1.0,-1.632459506753484,79,149,200,30,2,100,0.0,0,0.3,0.0,0.0,1.0,0.3,1.0,1.0,0.25,1.0,0.25
rho_0.3,0.9994178920348619,0.0746117134065838,1.0,-0.007801830819325062,80,150,200,30,2,100,0.0,0,0.3,0.0,0.0,1.0,0.3,1.0,1.0,0.25,1.0,0.25
rho_0.3,1.0076240070852596,0.068066361067696,1.0,0.1120084424327759,81,151,200,30,2,100,0.0,0,0.3,0.0,0.0,1.0,0.3,1.0,1.0,0.25,1.0,0.25
rho_0.3,0.968732130668363,0.06730687282081604,1.0,-0.4645568575868647,82,152,200,30,2,100,0.0,0,0.3,0.0,0.0,1.0,0.3,1.0,1.0,0.25,1.0,0.25
rho_0.3,1.1268268487325708,0.06770262519450397,1.0,1.8732929242877638,83,153,200,30,2,100,0.0,0,0.3,0.0,0.0,1.0,0.3,1.0,1.0,0.25,1.0,0.25
rho_0.3,1.0964712092893714,0.07753923995677288,1.0,1.2441598517492924,84,154,200,30,2,100,0.0,0,0.3,0.0,0.0,1.0,0.3,1.0,1.0,0.25,1.0,0.25
rho_0.3,0.9104703428285411,0.06492546356384488,1.0,-1.378960615097023,85,155,200,30,2,100,0.0,0,0.3,0.0,0.0,1.0,0.3,1.0,1.0,0.25,1.0,0.25
rho_0.3,0.8762516083666643,0.0750449048707521,1.0,-1.6489912519239565,86,156,200,30,2,100,0.0,0,0.3,0.0,0.0,1.0,0.3,1.0,1.0,0.25,1.0,0.25
rho_0.3,0.9572464410643807,0.0732716376259476,1.0,-0.5834939728504035,87,157,200,30,2,100,0.0,0,0.3,0.0,0.0,1.0,0.3,1.0,1.0,0.25,1.0,0.25
rho_0.3,1.130818464968254,0.06976181726680167,1.0,1.875215842900756,88,158,200,30,2,100,0.0,0,0.3,0.0,0.0,1.0,0.3,1.0,1.0,0.25,1.0,0.25
rho_0.3,0.9026501218623582,0.05944455925797745,1.0,-1.6376583383377934,89,159,200,30,2,100,0.0,0,0.3,0.0,0.0,1.0,0.3,1.0,1.0,0.25,1.0,0.25
rho_0.3,1.0648832976502982,0.06366532529251077,1.0,1.0191308589438828,90,160,200,30,2,100,0.0,0,0.3,0.0,0.0,1.0,0.3,1.0,1.0,0.25,1.0,0.25
rho_0.3,0.9580724353006467,0.07100117792523454,1.0,-0.5905192832646209,91,161,200,30,2,100,0.0,0,0.3,0.0,0.0,1.0,0.3,1.0,1.0,0.25,1.0,0.25
rho_0.3,0.952962699248115,0.06986644552664568,1.0,-0.67324593941087,92,162,200,30,2,100,0.0,0,0.3,0.0,0.0,1.0,0.3,1.0,1.0,0.25,1.0,0.25
rho_0.3,1.048385842454531,0.07945479491433097,1.0,0.6089732219018509,93,163,200,30,2,100,0.0,0,0.3,0.0,0.0,1.0,0.3,1.0,1.0,0.25,1.0,0.25
rho_0.3,0.9896737298231588,0.07430895193750198,1.0,-0.13896401318546595,94,164,200,30,2,100,0.0,0,0.3,0.0,0.0,1.0,0.3,1.0,1.0,0.25,1.0,0.25
rho_0.3,1.0627513358455456,0.06414596680740016,1.0,0.9782584777926573,95,165,200,30,2,100,0.0,0,0.3,0.0,0.0,1.0,0.3,1.0,1.0,0.25,1.0,0.25
rho_0.3,1.0295464898129543,0.06952280730825616,1.0,0.4249898839951689,96,166,200,30,2,100,0.0,0,0.3,0.0,0.0,1.0,0.3,1.0,1.0,0.25,1.0,0.25
rho_0.3,0.9338037299776403,0.07751611584777676,1.0,-0.8539678400857117,97,167,200,30,2,100,0.0,0,0.3,0.0,0.0,1.0,0.3,1.0,1.0,0.25,1.0,0.25
rho_0.3,0.9788597349867877,0.07110359856478002,1.0,-0.2973163867923246,98,168,200,30,2,100,0.0,0,0.3,0.0,0.0,1.0,0.3,1.0,1.0,0.25,1.0,0.25
rho_0.3,0.9196904009508577,0.08179800368531515,1.0,-0.9818039002284343,99,169,200,30,2,100,0.0,0,0.3,0.0,0.0,1.0,0.3,1.0,1.0,0.25,1.0,0.25
rho_0.5,0.876388413530108,0.06387303786368084,1.0,-1.9352701954415634,0,71,200,30,2,100,0.0,0,0.3,0.0,0.0,1.0,0.5,1.0,1.0,0.25,1.0,0.25
rho_0.5,1.0617896743583746,0.06618645601127846,1.0,0.9335697676250462,1,72,200,30,2,100,0.0,0,0.3,0.0,0.0,1.0,0.5,1.0,1.0,0.25,1.0,0.25
rho_0.5,0.9750355512142257,0.07082719692242662,1.0,-0.3524698120287971,2,73,200,30,2,100,0.0,0,0.3,0.0,0.0,1.0,0.5,1.0,1.0,0.25,1.0,0.25
rho_0.5,1.0065437294187443,0.06771644450156898,1.0,0.09663427350490385,3,74,200,30,2,100,0.0,0,0.3,0.0,0.0,1.0,0.5,1.0,1.0,0.25,1.0,0.25
rho_0.5,1.0250194304049562,0.09439376147391429,1.0,0.26505385540622156,4,75,200,30,2,100,0.0,0,0.3,0.0,0.0,1.0,0.5,1.0,1.0,0.25,1.0,0.25
rho_0.5,0.8469000383689554,0.06805203466608216,1.0,-2.2497484811773183,5,76,200,30,2,100,0.0,0,0.3,0.0,0.0,1.0,0.5,1.0,1.0,0.25,1.0,0.25
rho_0.5,1.1314970915030838,0.06637499587668123,1.0,1.9811239121941868,6,77,200,30,2,100,0.0,0,0.3,0.0,0.0,1.0,0.5,1.0,1.0,0.25,1.0,0.25
rho_0.5,1.087937875263466,0.0741425360503793,1.0,1.1860651111760319,7,78,200,30,2,100,0.0,0,0.3,0.0,0.0,1.0,0.5,1.0,1.0,0.25,1.0,0.25
rho_0.5,1.0561252487069674,0.07112965893352412,1.0,0.7890555015794551,8,79,200,30,2,100,0.0,0,0.3,0.0,0.0,1.0,0.5,1.0,1.0,0.25,1.0,0.25
rho_0.5,0.9133321418653553,0.06461882274104623,1.0,-1.3412169157268294,9,80,200,30,2,100,0.0,0,0.3,0.0,0.0,1.0,0.5,1.0,1.0,0.25,1.0,0.25
rho_0.5,1.0524149521113433,0.08063519312602231,1.0,0.6500257527680939,10,81,200,30,2,100,0.0,0,0.3,0.0,0.0,1.0,0.5,1.0,1.0,0.25,1.0,0.25
rho_0.5,1.0254150547743612,0.08795035632303538,1.0,0.28897045830051615,11,82,200,30,2,100,0.0,0,0.3,0.0,0.0,1.0,0.5,1.0,1.0,0.25,1.0,0.25
rho_0.5,0.9210622171484099,0.059506928340510065,1.0,-1.3265309612335054,12,83,200,30,2,100,0.0,0,0.3,0.0,0.0,1.0,0.5,1.0,1.0,0.25,1.0,0.25
rho_0.5,0.9187085778325943,0.06454511592247998,1.0,-1.2594511762135245,13,84,200,30,2,100,0.0,0,0.3,0.0,0.0,1.0,0.5,1.0,1.0,0.25,1.0,0.25
rho_0.5,1.0262256376524683,0.0738597708309098,1.0,0.355073368864192,14,85,200,30,2,100,0.0,0,0.3,0.0,0.0,1.0,0.5,1.0,1.0,0.25,1.0,0.25
rho_0.5,1.1215841911998896,0.08274424111739907,1.0,1.469397622819257,15,86,200,30,2,100,0.0,0,0.3,0.0,0.0,1.0,0.5,1.0,1.0,0.25,1.0,0.25
rho_0.5,0.9665298446426046,0.06864763979161762,1.0,-0.4875645464140538,16,87,200,30,2,100,0.0,0,0.3,0.0,0.0,1.0,0.5,1.0,1.0,0.25,1.0,0.25
rho_0.5,0.8730770229408454,0.06528446902862635,1.0,-1.9441527050407743,17,88,200,30,2,100,0.0,0,0.3,0.0,0.0,1.0,0.5,1.0,1.0,0.25,1.0,0.25
rho_0.5,0.9430423975994532,0.07948756207883191,1.0,-0.7165599360571535,18,89,200,30,2,100,0.0,0,0.3,0.0,0.0,1.0,0.5,1.0,1.0,0.25,1.0,0.25
rho_0.5,1.0345674718110582,0.06313085372066436,1.0,0.5475527380638512,19,90,200,30,2,100,0.0,0,0.3,0.0,0.0,1.0,0.5,1.0,1.0,0.25,1.0,0.25
rho_0.5,1.0166926555619709,0.07450911014656991,1.0,0.22403509489153817,20,91,200,30,2,100,0.0,0,0.3,0.0,0.0,1.0,0.5,1.0,1.0,0.25,1.0,0.25
rho_0.5,1.0880611090088934,0.07346326373641324,1.0,1.198709457353506,21,92,200,30,2,100,0.0,0,0.3,0.0,0.0,1.0,0.5,1.0,1.0,0.25,1.0,0.25
rho_0.5,1.077206130578755,0.05852506187595377,1.0,1.3191977608224752,22,93,200,30,2,100,0.0,0,0.3,0.0,0.0,1.0,0.5,1.0,1.0,0.25,1.0,0.25
rho_0.5,0.9815719432552256,0.07499835114270854,1.0,-0.24571282520210497,23,94,200,30,2,100,0.0,0,0.3,0.0,0.0,1.0,0.5,1.0,1.0,0.25,1.0,0.25
rho_0.5,0.8814643696429915,0.0621249263395275,1.0,-1.908020457186269,24,95,200,30,2,100,0.0,0,0.3,0.0,0.0,1.0,0.5,1.0,1.0,0.25,1.0,0.25
rho_0.5,0.9986094825792907,0.0698256469574011,1.0,-0.019914135869841653,25,96,200,30,2,100,0.0,0,0.3,0.0,0.0,1.0,0.5,1.0,1.0,0.25,1.0,0.25
rho_0.5,1.0367949046310954,0.0713289181682933,1.0,0.5158483484115312,26,97,200,30,2,100,0.0,0,0.3,0.0,0.0,1.0,0.5,1.0,1.0,0.25,1.0,0.25
rho_0.5,0.8917613378003553,0.06902915570848968,1.0,-1.5680137050601766,27,98,200,30,2,100,0.0,0,0.3,0.0,0.0,1.0,0.5,1.0,1.0,0.25,1.0,0.25
rho_0.5,0.9572291665259415,0.06843947003451122,1.0,-0.6249439607362673,28,99,200,30,2,100,0.0,0,0.3,0.0,0.0,1.0,0.5,1.0,1.0,0.25,1.0,0.25
rho_0.5,0.7595139067782991,0.06730238882802729,1.0,-3.5732177922569264,29,100,200,30,2,100,0.0,0,0.3,0.0,0.0,1.0,0.5,1.0,1.0,0.25,1.0,0.25
rho_0.5,0.9581951370644793,0.07689759297614888,1.0,-0.5436433224702776,30,101,200,30,2,100,0.0,0,0.3,0.0,0.0,1.0,0.5,1.0,1.0,0.25,1.0,0.25
rho_0.5,1.0799030186842784,0.06450891351487607,1.0,1.2386353192237902,31,102,200,30,2,100,0.0,0,0.3,0.0,0.0,1.0,0.5,1.0,1.0,0.25,1.0,0.25
rho_0.5,0.9323563912477701,0.07534793151018813,1.0,-0.8977500429866938,32,103,200,30,2,100,0.0,0,0.3,0.0,0.0,1.0,0.5,1.0,1.0,0.25,1.0,0.25
rho_0.5,0.9508797701365521,0.07057495083866541,1.0,-0.696000907967147,33,104,200,30,2,100,0.0,0,0.3,0.0,0.0,1.0,0.5,1.0,1.0,0.25,1.0,0.25
rho_0.5,0.9185236681870477,0.06899238437003742,1.0,-1.180946745889486,34,105,200,30,2,100,0.0,0,0.3,0.0,0.0,1.0,0.5,1.0,1.0,0.25,1.0,0.25
rho_0.5,1.0714580512965841,0.07019761509772453,1.0,1.017955541610707,35,106,200,30,2,100,0.0,0,0.3,0.0,0.0,1.0,0.5,1.0,1.0,0.25,1.0,0.25
rho_0.5,0.9749225133961551,0.06330724119897092,1.0,-0.3961235101846855,36,107,200,30,2,100,0.0,0,0.3,0.0,0.0,1.0,0.5,1.0,1.0,0.25,1.0,0.25
rho_0.5,0.9747704215214641,0.072794082151711,1.0,-0.34658831779696936,37,108,200,30,2,100,0.0,0,0.3,0.0,0.0,1.0,0.5,1.0,1.0,0.25,1.0,0.25
rho_0.5,1.056507338525934,0.07531728160002009,1.0,0.750257275959877,38,109,200,30,2,100,0.0,0,0.3,0.0,0.0,1.0,0.5,1.0,1.0,0.25,1.0,0.25
rho_0.5,0.8666585167404649,0.06733485767437389,1.0,-1.9802742274196836,39,110,200,30,2,100,0.0,0,0.3,0.0,0.0,1.0,0.5,1.0,1.0,0.25,1.0,0.25
rho_0.5,0.9562452597127195,0.08153205727409599,1.0,-0.5366568899418918,40,111,200,30,2,100,0.0,0,0.3,0.0,0.0,1.0,0.5,1.0,1.0,0.25,1.0,0.25
rho_0.5,0.8952070548161699,0.07330853013452363,1.0,-1.4294781929405964,41,112,200,30,2,100,0.0,0,0.3,0.0,0.0,1.0,0.5,1.0,1.0,0.25,1.0,0.25
rho_0.5,0.9162306933040941,0.07290608586168587,1.0,-1.1490029358430958,42,113,200,30,2,100,0.0,0,0.3,0.0,0.0,1.0,0.5,1.0,1.0,0.25,1.0,0.25
rho_0.5,0.9343263184249638,0.08199068673441909,1.0,-0.8009895293079285,43,114,200,30,2,100,0.0,0,0.3,0.0,0.0,1.0,0.5,1.0,1.0,0.25,1.0,0.25
rho_0.5,0.9519580306129527,0.07184795951297208,1.0,-0.6686615696911109,44,115,200,30,2,100,0.0,0,0.3,0.0,0.0,1.0,0.5,1.0,1.0,0.25,1.0,0.25
rho_0.5,0.9319440885097553,0.0733030601244005,1.0,-0.9284184231156106,45,116,200,30,2,100,0.0,0,0.3,0.0,0.0,1.0,0.5,1.0,1.0,0.25,1.0,0.25
rho_0.5,0.9752148189361544,0.07708469482638113,1.0,-0.3215318049798294,46,117,200,30,2,100,0.0,0,0.3,0.0,0.0,1.0,0.5,1.0,1.0,0.25,1.0,0.25
rho_0.5,0.952246708220174,0.06847043135783376,1.0,-0.6974293988343995,47,118,200,30,2,100,0.0,0,0.3,0.0,0.0,1.0,0.5,1.0,1.0,0.25,1.0,0.25
rho_0.5,0.990443894152102,0.07742867952138402,1.0,-0.12341816891322335,48,119,200,30,2,100,0.0,0,0.3,0.0,0.0,1.0,0.5,1.0,1.0,0.25,1.0,0.25
rho_0.5,1.026537563113837,0.07371751774507132,1.0,0.3599899172623891,49,120,200,30,2,100,0.0,0,0.3,0.0,0.0,1.0,0.5,1.0,1.0,0.25,1.0,0.25
rho_0.5,0.9807581026601965,0.06312987724920903,1.0,-0.30479858631508133,50,121,200,30,2,100,0.0,0,0.3,0.0,0.0,1.0,0.5,1.0,1.0,0.25,1.0,0.25
rho_0.5,1.0076075967370541,0.05969312740084929,1.0,0.12744510244819066,51,122,200,30,2,100,0.0,0,0.3,0.0,0.0,1.0,0.5,1.0,1.0,0.25,1.0,0.25
rho_0.5,0.9485396090371809,0.08853766237739408,1.0,-0.5812259955934664,52,123,200,30,2,100,0.0,0,0.3,0.0,0.0,1.0,0.5,1.0,1.0,0.25,1.0,0.25
rho_0.5,1.0541468267689156,0.06658539244775351,1.0,0.8131937768693351,53,124,200,30,2,100,0.0,0,0.3,0.0,0.0,1.0,0.5,1.0,1.0,0.25,1.0,0.25
rho_0.5,1.1207087757670016,0.06840268140718471,1.0,1.7646790050298067,54,125,200,30,2,100,0.0,0,0.3,0.0,0.0,1.0,0.5,1.0,1.0,0.25,1.0,0.25
rho_0.5,1.0333088717341268,0.07846796915112238,1.0,0.4244900447210101,55,126,200,30,2,100,0.0,0,0.3,0.0,0.0,1.0,0.5,1.0,1.0,0.25,1.0,0.25
rho_0.5,0.97819668233195,0.06300024994557236,1.0,-0.3460830343829822,56,127,200,30,2,100,0.0,0,0.3,0.0,0.0,1.0,0.5,1.0,1.0,0.25,1.0,0.25
rho_0.5,0.9170641881747417,0.07241462312905687,1.0,-1.1452909404423837,57,128,200,30,2,100,0.0,0,0.3,0.0,0.0,1.0,0.5,1.0,1.0,0.25,1.0,0.25
rho_0.5,0.9994582953311802,0.07312713705982742,1.0,-0.007407710606482097,58,129,200,30,2,100,0.0,0,0.3,0.0,0.0,1.0,0.5,1.0,1.0,0.25,1.0,0.25
rho_0.5,0.8286237198253972,0.07715000732828428,1.0,-2.221338482125767,59,130,200,30,2,100,0.0,0,0.3,0.0,0.0,1.0,0.5,1.0,1.0,0.25,1.0,0.25
rho_0.5,0.9460986318008696,0.06918974207766264,1.0,-0.7790369869948108,60,131,200,30,2,100,0.0,0,0.3,0.0,0.0,1.0,0.5,1.0,1.0,0.25,1.0,0.25
rho_0.5,0.9556269298365434,0.05591341010566038,1.0,-0.7936033606178583,61,132,200,30,2,100,0.0,0,0.3,0.0,0.0,1.0,0.5,1.0,1.0,0.25,1.0,0.25
rho_0.5,1.0391110444812015,0.08112802111800421,1.0,0.48209045336275125,62,133,200,30,2,100,0.0,0,0.3,0.0,0.0,1.0,0.5,1.0,1.0,0.25,1.0,0.25
rho_0.5,0.984231802053599,0.0736513102971392,1.0,-0.2140925651259395,63,134,200,30,2,100,0.0,0,0.3,0.0,0.0,1.0,0.5,1.0,1.0,0.25,1.0,0.25
rho_0.5,0.9096622611439185,0.07539635842436267,1.0,-1.198171115209868,64,135,200,30,2,100,0.0,0,0.3,0.0,0.0,1.0,0.5,1.0,1.0,0.25,1.0,0.25
rho_0.5,0.936495668811826,0.06572079397779129,1.0,-0.9662745585458646,65,136,200,30,2,100,0.0,0,0.3,0.0,0.0,1.0,0.5,1.0,1.0,0.25,1.0,0.25
rho_0.5,0.8611721716751043,0.07749784938693835,1.0,-1.7913765275181177,66,137,200,30,2,100,0.0,0,0.3,0.0,0.0,1.0,0.5,1.0,1.0,0.25,1.0,0.25
rho_0.5,0.9351182296735185,0.06827727134263774,1.0,-0.950268940902507,67,138,200,30,2,100,0.0,0,0.3,0.0,0.0,1.0,0.5,1.0,1.0,0.25,1.0,0.25
rho_0.5,0.8548653938322215,0.07572661168262643,1.0,-1.9165601489743667,68,139,200,30,2,100,0.0,0,0.3,0.0,0.0,1.0,0.5,1.0,1.0,0.25,1.0,0.25
rho_0.5,0.9021783306198837,0.08580006083420229,1.0,-1.1401118883720165,69,140,200,30,2,100,0.0,0,0.3,0.0,0.0,1.0,0.5,1.0,1.0,0.25,1.0,0.25
rho_0.5,1.0997758261779282,0.07847340407185714,1.0,1.2714604057008247,70,141,200,30,2,100,0.0,0,0.3,0.0,0.0,1.0,0.5,1.0,1.0,0.25,1.0,0.25
rho_0.5,0.9065920793658894,0.07642588088178269,1.0,-1.22220273494258,71,142,200,30,2,100,0.0,0,0.3,0.0,0.0,1.0,0.5,1.0,1.0,0.25,1.0,0.25
rho_0.5,1.0060840355134162,0.0750028921074651,1.0,0.08111734551114247,72,143,200,30,2,100,0.0,0,0.3,0.0,0.0,1.0,0.5,1.0,1.0,0.25,1.0,0.25
rho_0.5,0.8824853114666164,0.07857141024632638,1.0,-1.4956418392512951,73,144,200,30,2,100,0.0,0,0.3,0.0,0.0,1.0,0.5,1.0,1.0,0.25,1.0,0.25
rho_0.5,0.8916007987301517,0.08750447870320716,1.0,-1.2387846071000623,74,145,200,30,2,100,0.0,0,0.3,0.0,0.0,1.0,0.5,1.0,1.0,0.25,1.0,0.25
rho_0.5,0.9832799022311105,0.07096334651081865,1.0,-0.23561597065240505,75,146,200,30,2,100,0.0,0,0.3,0.0,0.0,1.0,0.5,1.0,1.0,0.25,1.0,0.25
rho_0.5,1.0381363008944395,0.0660041378720964,1.0,0.5777865164808381,76,147,200,30,2,100,0.0,0,0.3,0.0,0.0,1.0,0.5,1.0,1.0,0.25,1.0,0.25
rho_0.5,1.0266429643469523,0.08536019349912362,1.0,0.3121239919310385,77,148,200,30,2,100,0.0,0,0.3,0.0,0.0,1.0,0.5,1.0,1.0,0.25,1.0,0.25
rho_0.5,0.8780730172071131,0.07241491413296372,1.0,-1.6837275063119217,78,149,200,30,2,100,0.0,0,0.3,0.0,0.0,1.0,0.5,1.0,1.0,0.25,1.0,0.25
rho_0.5,1.0434078802689801,0.07395337236823145,1.0,0.5869628237214384,79,150,200,30,2,100,0.0,0,0.3,0.0,0.0,1.0,0.5,1.0,1.0,0.25,1.0,0.25
rho_0.5,0.9949091081838639,0.06863465998242763,1.0,-0.07417377484552992,80,151,200,30,2,100,0.0,0,0.3,0.0,0.0,1.0,0.5,1.0,1.0,0.25,1.0,0.25
rho_0.5,0.9589429737212827,0.06922400147319145,1.0,-0.5931039148989037,81,152,200,30,2,100,0.0,0,0.3,0.0,0.0,1.0,0.5,1.0,1.0,0.25,1.0,0.25
rho_0.5,1.1108453726691165,0.06780866216775808,1.0,1.6346786549908032,82,153,200,30,2,100,0.0,0,0.3,0.0,0.0,1.0,0.5,1.0,1.0,0.25,1.0,0.25
rho_0.5,1.0747688974743732,0.07578098588340543,1.0,0.9866445600141783,83,154,200,30,2,100,0.0,0,0.3,0.0,0.0,1.0,0.5,1.0,1.0,0.25,1.0,0.25
rho_0.5,0.879156843691224,0.06537246798777659,1.0,-1.8485328767359883,84,155,200,30,2,100,0.0,0,0.3,0.0,0.0,1.0,0.5,1.0,1.0,0.25,1.0,0.25
rho_0.5,0.8796205033626795,0.07436544505437327,1.0,-1.6187558152755417,85,156,200,30,2,100,0.0,0,0.3,0.0,0.0,1.0,0.5,1.0,1.0,0.25,1.0,0.25
rho_0.5,0.9730898600521135,0.07071999011337426,1.0,-0.38051673797953994,86,157,200,30,2,100,0.0,0,0.3,0.0,0.0,1.0,0.5,1.0,1.0,0.25,1.0,0.25
rho_0.5,1.127765587101509,0.066121542876706,1.0,1.9322838146676051,87,158,200,30,2,100,0.0,0,0.3,0.0,0.0,1.0,0.5,1.0,1.0,0.25,1.0,0.25
rho_0.5,0.8975075266654073,0.06006452251297147,1.0,-1.7063728977860182,88,159,200,30,2,100,0.0,0,0.3,0.0,0.0,1.0,0.5,1.0,1.0,0.25,1.0,0.25
rho_0.5,1.086071736265896,0.06361338610486159,1.0,1.3530444067859186,89,160,200,30,2,100,0.0,0,0.3,0.0,0.0,1.0,0.5,1.0,1.0,0.25,1.0,0.25
rho_0.5,1.00797266676604,0.06931473647881911,1.0,0.11502123748932204,90,161,200,30,2,100,0.0,0,0.3,0.0,0.0,1.0,0.5,1.0,1.0,0.25,1.0,0.25
rho_0.5,0.9481465437148151,0.06983890755525732,1.0,-0.7424723281096267,91,162,200,30,2,100,0.0,0,0.3,0.0,0.0,1.0,0.5,1.0,1.0,0.25,1.0,0.25
rho_0.5,1.0658243902636626,0.07962177901114155,1.0,0.8267133827096697,92,163,200,30,2,100,0.0,0,0.3,0.0,0.0,1.0,0.5,1.0,1.0,0.25,1.0,0.25
rho_0.5,1.010712133838046,0.06831905444281898,1.0,0.15679569814614122,93,164,200,30,2,100,0.0,0,0.3,0.0,0.0,1.0,0.5,1.0,1.0,0.25,1.0,0.25
rho_0.5,1.0161036927669387,0.06497183554045843,1.0,0.2478565155652836,94,165,200,30,2,100,0.0,0,0.3,0.0,0.0,1.0,0.5,1.0,1.0,0.25,1.0,0.25
rho_0.5,0.9855650322459023,0.07168396731715325,1.0,-0.20136954320946954,95,166,200,30,2,100,0.0,0,0.3,0.0,0.0,1.0,0.5,1.0,1.0,0.25,1.0,0.25
rho_0.5,0.899719945158879,0.07907413418317649,1.0,-1.2681777154691403,96,167,200,30,2,100,0.0,0,0.3,0.0,0.0,1.0,0.5,1.0,1.0,0.25,1.0,0.25
rho_0.5,0.9971559159766229,0.07229091267015415,1.0,-0.039342206624973265,97,168,200,30,2,100,0.0,0,0.3,0.0,0.0,1.0,0.5,1.0,1.0,0.25,1.0,0.25
rho_0.5,0.9272904828566734,0.0781677445547162,1.0,-0.9301728936598791,98,169,200,30,2,100,0.0,0,0.3,0.0,0.0,1.0,0.5,1.0,1.0,0.25,1.0,0.25
rho_0.5,0.9505088376400289,0.07520690976863044,1.0,-0.6580666924386028,99,170,200,30,2,100,0.0,0,0.3,0.0,0.0,1.0,0.5,1.0,1.0,0.25,1.0,0.25
rho_0.7,1.0437131341915247,0.0641666189693968,1.0,0.6812441561300421,0,72,200,30,2,100,0.0,0,0.3,0.0,0.0,1.0,0.7,1.0,1.0,0.25,1.0,0.25
rho_0.7,0.9477390146786681,0.07191347983910557,1.0,-0.726720295530924,1,73,200,30,2,100,0.0,0,0.3,0.0,0.0,1.0,0.7,1.0,1.0,0.25,1.0,0.25
rho_0.7,0.965997326054329,0.06690718885424075,1.0,-0.5082065847923581,2,74,200,30,2,100,0.0,0,0.3,0.0,0.0,1.0,0.7,1.0,1.0,0.25,1.0,0.25
rho_0.7,1.0512943428690076,0.09580171360905756,1.0,0.5354219766707593,3,75,200,30,2,100,0.0,0,0.3,0.0,0.0,1.0,0.7,1.0,1.0,0.25,1.0,0.25
rho_0.7,0.8182757621295705,0.06646213873160689,1.0,-2.7342520318866637,4,76,200,30,2,100,0.0,0,0.3,0.0,0.0,1.0,0.7,1.0,1.0,0.25,1.0,0.25
rho_0.7,1.0743018155174657,0.07123379448824653,1.0,1.043069740300377,5,77,200,30,2,100,0.0,0,0.3,0.0,0.0,1.0,0.7,1.0,1.0,0.25,1.0,0.25
rho_0.7,1.0902248299173614,0.07705158644921807,1.0,1.170966544301139,6,78,200,30,2,100,0.0,0,0.3,0.0,0.0,1.0,0.7,1.0,1.0,0.25,1.0,0.25
rho_0.7,1.048947907783316,0.06959881869962178,1.0,0.7032864737915719,7,79,200,30,2,100,0.0,0,0.3,0.0,0.0,1.0,0.7,1.0,1.0,0.25,1.0,0.25
rho_0.7,0.9037327819309688,0.06483253526107224,1.0,-1.4848596878307396,8,80,200,30,2,100,0.0,0,0.3,0.0,0.0,1.0,0.7,1.0,1.0,0.25,1.0,0.25
rho_0.7,1.056193169589065,0.07561118045168175,1.0,0.7431859845776961,9,81,200,30,2,100,0.0,0,0.3,0.0,0.0,1.0,0.7,1.0,1.0,0.25,1.0,0.25
rho_0.7,1.0056656991653086,0.08681534713328024,1.0,0.06526149295481709,10,82,200,30,2,100,0.0,0,0.3,0.0,0.0,1.0,0.7,1.0,1.0,0.25,1.0,0.25
rho_0.7,0.916823969143852,0.058009670941865925,1.0,-1.4338304200949943,11,83,200,30,2,100,0.0,0,0.3,0.0,0.0,1.0,0.7,1.0,1.0,0.25,1.0,0.25
rho_0.7,0.9283505185925833,0.06052754546039807,1.0,-1.1837499912216902,12,84,200,30,2,100,0.0,0,0.3,0.0,0.0,1.0,0.7,1.0,1.0,0.25,1.0,0.25
rho_0.7,1.0255072542716337,0.07444849156950231,1.0,0.3426161327636985,13,85,200,30,2,100,0.0,0,0.3,0.0,0.0,1.0,0.7,1.0,1.0,0.25,1.0,0.25
rho_0.7,1.1181915782974827,0.0788520486208928,1.0,1.4989030768969323,14,86,200,30,2,100,0.0,0,0.3,0.0,0.0,1.0,0.7,1.0,1.0,0.25,1.0,0.25
rho_0.7,0.9621147467168171,0.06935433782146637,1.0,-0.5462564343229414,15,87,200,30,2,100,0.0,0,0.3,0.0,0.0,1.0,0.7,1.0,1.0,0.25,1.0,0.25
rho_0.7,0.8924928724802599,0.06594224351332709,1.0,-1.63032256398757,16,88,200,30,2,100,0.0,0,0.3,0.0,0.0,1.0,0.7,1.0,1.0,0.25,1.0,0.25
rho_0.7,0.904819958299335,0.07654812185218603,1.0,-1.243401397678405,17,89,200,30,2,100,0.0,0,0.3,0.0,0.0,1.0,0.7,1.0,1.0,0.25,1.0,0.25
rho_0.7,1.0355451953683026,0.06286935315574703,1.0,0.5653819163726089,18,90,200,30,2,100,0.0,0,0.3,0.0,0.0,1.0,0.7,1.0,1.0,0.25,1.0,0.25
rho_0.7,0.9708185387936066,0.07535474973079133,1.0,-0.38725443732008497,19,91,200,30,2,100,0.0,0,0.3,0.0,0.0,1.0,0.7,1.0,1.0,0.25,1.0,0.25
rho_0.7,1.0539608216336092,0.07771773325345506,1.0,0.6943180066463177,20,92,200,30,2,100,0.0,0,0.3,0.0,0.0,1.0,0.7,1.0,1.0,0.25,1.0,0.25
rho_0.7,1.0628929452968576,0.0581131330743981,1.0,1.0822501209208644,21,93,200,30,2,100,0.0,0,0.3,0.0,0.0,1.0,0.7,1.0,1.0,0.25,1.0,0.25
rho_0.7,0.9396927402281656,0.07287050897990238,1.0,-0.8275948750195646,22,94,200,30,2,100,0.0,0,0.3,0.0,0.0,1.0,0.7,1.0,1.0,0.25,1.0,0.25
rho_0.7,0.8648552322378891,0.06404030481661097,1.0,-2.1103080028915895,23,95,200,30,2,100,0.0,0,0.3,0.0,0.0,1.0,0.7,1.0,1.0,0.25,1.0,0.25
rho_0.7,1.0347763729045565,0.06800251470608615,1.0,0.5113983365889267,24,96,200,30,2,100,0.0,0,0.3,0.0,0.0,1.0,0.7,1.0,1.0,0.25,1.0,0.25
rho_0.7,1.0428111563587346,0.0738650224992105,1.0,0.5795863171799907,25,97,200,30,2,100,0.0,0,0.3,0.0,0.0,1.0,0.7,1.0,1.0,0.25,1.0,0.25
rho_0.7,0.9100480935261076,0.06660899719494207,1.0,-1.350446790403307,26,98,200,30,2,100,0.0,0,0.3,0.0,0.0,1.0,0.7,1.0,1.0,0.25,1.0,0.25
rho_0.7,0.9313876579914465,0.07128669782917024,1.0,-0.9624845040932388,27,99,200,30,2,100,0.0,0,0.3,0.0,0.0,1.0,0.7,1.0,1.0,0.25,1.0,0.25
rho_0.7,0.7411315734503848,0.06679611423319397,1.0,-3.875501285087807,28,100,200,30,2,100,0.0,0,0.3,0.0,0.0,1.0,0.7,1.0,1.0,0.25,1.0,0.25
rho_0.7,0.9189460140293996,0.0769450768770564,1.0,-1.0534005456919522,29,101,200,30,2,100,0.0,0,0.3,0.0,0.0,1.0,0.7,1.0,1.0,0.25,1.0,0.25
rho_0.7,1.0960422688869278,0.06706071867215599,1.0,1.4321687984952227,30,102,200,30,2,100,0.0,0,0.3,0.0,0.0,1.0,0.7,1.0,1.0,0.25,1.0,0.25
rho_0.7,0.9055886737894769,0.07696322062944608,1.0,-1.2267070613518654,31,103,200,30,2,100,0.0,0,0.3,0.0,0.0,1.0,0.7,1.0,1.0,0.25,1.0,0.25
rho_0.7,0.941360999872298,0.06980775506944718,1.0,-0.840006960105877,32,104,200,30,2,100,0.0,0,0.3,0.0,0.0,1.0,0.7,1.0,1.0,0.25,1.0,0.25
rho_0.7,0.9497075568314808,0.06955298974061831,1.0,-0.7230809682814956,33,105,200,30,2,100,0.0,0,0.3,0.0,0.0,1.0,0.7,1.0,1.0,0.25,1.0,0.25
rho_0.7,1.1087675706505078,0.06931217946251124,1.0,1.5692418200373677,34,106,200,30,2,100,0.0,0,0.3,0.0,0.0,1.0,0.7,1.0,1.0,0.25,1.0,0.25
rho_0.7,1.0038267579600815,0.0647562063732436,1.0,0.05909484471688629,35,107,200,30,2,100,0.0,0,0.3,0.0,0.0,1.0,0.7,1.0,1.0,0.25,1.0,0.25
rho_0.7,0.9584963083040136,0.07099172793912974,1.0,-0.5846271516531173,36,108,200,30,2,100,0.0,0,0.3,0.0,0.0,1.0,0.7,1.0,1.0,0.25,1.0,0.25
rho_0.7,1.0879361600928572,0.07542885010975137,1.0,1.1658159969946156,37,109,200,30,2,100,0.0,0,0.3,0.0,0.0,1.0,0.7,1.0,1.0,0.25,1.0,0.25
rho_0.7,0.8776785094057806,0.06651682244090769,1.0,-1.8389557123370937,38,110,200,30,2,100,0.0,0,0.3,0.0,0.0,1.0,0.7,1.0,1.0,0.25,1.0,0.25
rho_0.7,0.9460276522406346,0.07751935904829466,1.0,-0.6962434728819236,39,111,200,30,2,100,0.0,0,0.3,0.0,0.0,1.0,0.7,1.0,1.0,0.25,1.0,0.25
rho_0.7,0.8747122462700047,0.07289672173622273,1.0,-1.7187021685741906,40,112,200,30,2,100,0.0,0,0.3,0.0,0.0,1.0,0.7,1.0,1.0,0.25,1.0,0.25
rho_0.7,0.9641519225201582,0.07137545704870381,1.0,-0.5022465559188004,41,113,200,30,2,100,0.0,0,0.3,0.0,0.0,1.0,0.7,1.0,1.0,0.25,1.0,0.25
rho_0.7,0.9252955049710619,0.08671972420572442,1.0,-0.8614475623990369,42,114,200,30,2,100,0.0,0,0.3,0.0,0.0,1.0,0.7,1.0,1.0,0.25,1.0,0.25
rho_0.7,0.9618327346398516,0.06931541327677002,1.0,-0.550631721804067,43,115,200,30,2,100,0.0,0,0.3,0.0,0.0,1.0,0.7,1.0,1.0,0.25,1.0,0.25
rho_0.7,0.9204966065753696,0.07589259303985942,1.0,-1.047577770637967,44,116,200,30,2,100,0.0,0,0.3,0.0,0.0,1.0,0.7,1.0,1.0,0.25,1.0,0.25
rho_0.7,1.0041010458454742,0.07775772004110096,1.0,0.052741333507547505,45,117,200,30,2,100,0.0,0,0.3,0.0,0.0,1.0,0.7,1.0,1.0,0.25,1.0,0.25
rho_0.7,0.9428793661132451,0.06688207761818883,1.0,-0.8540499326716602,46,118,200,30,2,100,0.0,0,0.3,0.0,0.0,1.0,0.7,1.0,1.0,0.25,1.0,0.25
rho_0.7,0.9833352025282798,0.07533662002280736,1.0,-0.22120447488452677,47,119,200,30,2,100,0.0,0,0.3,0.0,0.0,1.0,0.7,1.0,1.0,0.25,1.0,0.25
rho_0.7,1.0583811078896117,0.07146196740821169,1.0,0.8169535489573316,48,120,200,30,2,100,0.0,0,0.3,0.0,0.0,1.0,0.7,1.0,1.0,0.25,1.0,0.25
rho_0.7,0.9817187559599369,0.06301198008710904,1.0,-0.29012330694561234,49,121,200,30,2,100,0.0,0,0.3,0.0,0.0,1.0,0.7,1.0,1.0,0.25,1.0,0.25
rho_0.7,0.9958453040354526,0.06124652603623102,1.0,-0.06783561833514727,50,122,200,30,2,100,0.0,0,0.3,0.0,0.0,1.0,0.7,1.0,1.0,0.25,1.0,0.25
rho_0.7,0.9124073300187693,0.08594472971434314,1.0,-1.0191744190989358,51,123,200,30,2,100,0.0,0,0.3,0.0,0.0,1.0,0.7,1.0,1.0,0.25,1.0,0.25
rho_0.7,1.048150686723769,0.06457314598557598,1.0,0.7456766429581231,52,124,200,30,2,100,0.0,0,0.3,0.0,0.0,1.0,0.7,1.0,1.0,0.25,1.0,0.25
rho_0.7,1.1143647545592572,0.06600148566819829,1.0,1.7327603068541524,53,125,200,30,2,100,0.0,0,0.3,0.0,0.0,1.0,0.7,1.0,1.0,0.25,1.0,0.25
rho_0.7,1.0544976229841327,0.0748632951132482,1.0,0.7279618523562498,54,126,200,30,2,100,0.0,0,0.3,0.0,0.0,1.0,0.7,1.0,1.0,0.25,1.0,0.25
rho_0.7,0.9848465700235345,0.06460361553408712,1.0,-0.2345600915860512,55,127,200,30,2,100,0.0,0,0.3,0.0,0.0,1.0,0.7,1.0,1.0,0.25,1.0,0.25
rho_0.7,0.9121136134950325,0.07269212123389655,1.0,-1.209022174799128,56,128,200,30,2,100,0.0,0,0.3,0.0,0.0,1.0,0.7,1.0,1.0,0.25,1.0,0.25
rho_0.7,0.9663380717233626,0.07316863694144216,1.0,-0.460059523912923,57,129,200,30,2,100,0.0,0,0.3,0.0,0.0,1.0,0.7,1.0,1.0,0.25,1.0,0.25
rho_0.7,0.7920901226983756,0.08317480174816398,1.0,-2.499673854722639,58,130,200,30,2,100,0.0,0,0.3,0.0,0.0,1.0,0.7,1.0,1.0,0.25,1.0,0.25
rho_0.7,0.9210385938598953,0.06531751370306443,1.0,-1.208885667312229,59,131,200,30,2,100,0.0,0,0.3,0.0,0.0,1.0,0.7,1.0,1.0,0.25,1.0,0.25
rho_0.7,0.9309768156340368,0.05093894907084757,1.0,-1.35501783262084,60,132,200,30,2,100,0.0,0,0.3,0.0,0.0,1.0,0.7,1.0,1.0,0.25,1.0,0.25
rho_0.7,1.0127607569157464,0.07831725677681452,1.0,0.1629367197080398,61,133,200,30,2,100,0.0,0,0.3,0.0,0.0,1.0,0.7,1.0,1.0,0.25,1.0,0.25
rho_0.7,0.980632593947318,0.07567304523744449,1.0,-0.25593533327371076,62,134,200,30,2,100,0.0,0,0.3,0.0,0.0,1.0,0.7,1.0,1.0,0.25,1.0,0.25
rho_0.7,0.8764978054000523,0.07928657135161801,1.0,-1.557668499149035,63,135,200,30,2,100,0.0,0,0.3,0.0,0.0,1.0,0.7,1.0,1.0,0.25,1.0,0.25
rho_0.7,0.9590626197159438,0.06481493514778586,1.0,-0.6316041231965146,64,136,200,30,2,100,0.0,0,0.3,0.0,0.0,1.0,0.7,1.0,1.0,0.25,1.0,0.25
rho_0.7,0.8345646498900082,0.07645068223321139,1.0,-2.1639486434579394,65,137,200,30,2,100,0.0,0,0.3,0.0,0.0,1.0,0.7,1.0,1.0,0.25,1.0,0.25
rho_0.7,0.893969378074909,0.06936211981395526,1.0,-1.5286531353062582,66,138,200,30,2,100,0.0,0,0.3,0.0,0.0,1.0,0.7,1.0,1.0,0.25,1.0,0.25
rho_0.7,0.887950406982262,0.07524376963287088,1.0,-1.489154431847978,67,139,200,30,2,100,0.0,0,0.3,0.0,0.0,1.0,0.7,1.0,1.0,0.25,1.0,0.25
rho_0.7,0.9338664199633889,0.0830168652727873,1.0,-0.7966282492033516,68,140,200,30,2,100,0.0,0,0.3,0.0,0.0,1.0,0.7,1.0,1.0,0.25,1.0,0.25
rho_0.7,1.0770993117037975,0.08065689302296922,1.0,0.955892408127367,69,141,200,30,2,100,0.0,0,0.3,0.0,0.0,1.0,0.7,1.0,1.0,0.25,1.0,0.25
rho_0.7,0.8959570676789805,0.07875233799141872,1.0,-1.3211408699047964,70,142,200,30,2,100,0.0,0,0.3,0.0,0.0,1.0,0.7,1.0,1.0,0.25,1.0,0.25
rho_0.7,0.9934632399733784,0.07357631202814706,1.0,-0.0888432682535236,71,143,200,30,2,100,0.0,0,0.3,0.0,0.0,1.0,0.7,1.0,1.0,0.25,1.0,0.25
rho_0.7,0.8468511722827701,0.07750018416065958,1.0,-1.9761092102665079,72,144,200,30,2,100,0.0,0,0.3,0.0,0.0,1.0,0.7,1.0,1.0,0.25,1.0,0.25
rho_0.7,0.8888023096530571,0.08502039651864496,1.0,-1.3078942806689604,73,145,200,30,2,100,0.0,0,0.3,0.0,0.0,1.0,0.7,1.0,1.0,0.25,1.0,0.25
rho_0.7,0.9805766828266873,0.07321672981037879,1.0,-0.2652852322633966,74,146,200,30,2,100,0.0,0,0.3,0.0,0.0,1.0,0.7,1.0,1.0,0.25,1.0,0.25
rho_0.7,1.0352172048914492,0.06891039050959216,1.0,0.5110579787898175,75,147,200,30,2,100,0.0,0,0.3,0.0,0.0,1.0,0.7,1.0,1.0,0.25,1.0,0.25
rho_0.7,1.0366612400163586,0.08740601609021212,1.0,0.41943611728648517,76,148,200,30,2,100,0.0,0,0.3,0.0,0.0,1.0,0.7,1.0,1.0,0.25,1.0,0.25
rho_0.7,0.8704401767594829,0.07444303817800021,1.0,-1.7403887107714155,77,149,200,30,2,100,0.0,0,0.3,0.0,0.0,1.0,0.7,1.0,1.0,0.25,1.0,0.25
rho_0.7,1.047538751908365,0.07208498308830932,1.0,0.6594820428843906,78,150,200,30,2,100,0.0,0,0.3,0.0,0.0,1.0,0.7,1.0,1.0,0.25,1.0,0.25
rho_0.7,1.0235702970891996,0.06488349522903322,1.0,0.3632710754252435,79,151,200,30,2,100,0.0,0,0.3,0.0,0.0,1.0,0.7,1.0,1.0,0.25,1.0,0.25
rho_0.7,0.9293615420315916,0.0633306273768657,1.0,-1.1153917289979698,80,152,200,30,2,100,0.0,0,0.3,0.0,0.0,1.0,0.7,1.0,1.0,0.25,1.0,0.25
rho_0.7,1.0965717284546774,0.06452330215712143,1.0,1.4966953833130627,81,153,200,30,2,100,0.0,0,0.3,0.0,0.0,1.0,0.7,1.0,1.0,0.25,1.0,0.25
rho_0.7,1.0541381145509037,0.07796809318128846,1.0,0.6943624288082021,82,154,200,30,2,100,0.0,0,0.3,0.0,0.0,1.0,0.7,1.0,1.0,0.25,1.0,0.25
rho_0.7,0.8838536352202768,0.06708553920747057,1.0,-1.7313174515975158,83,155,200,30,2,100,0.0,0,0.3,0.0,0.0,1.0,0.7,1.0,1.0,0.25,1.0,0.25
rho_0.7,0.8784126577780913,0.07381197300379867,1.0,-1.6472577181435226,84,156,200,30,2,100,0.0,0,0.3,0.0,0.0,1.0,0.7,1.0,1.0,0.25,1.0,0.25
rho_0.7,0.9610579994318456,0.06640480414346787,1.0,-0.5864334827947099,85,157,200,30,2,100,0.0,0,0.3,0.0,0.0,1.0,0.7,1.0,1.0,0.25,1.0,0.25
rho_0.7,1.1318002967319838,0.06615889733555094,1.0,1.99217795398715,86,158,200,30,2,100,0.0,0,0.3,0.0,0.0,1.0,0.7,1.0,1.0,0.25,1.0,0.25
rho_0.7,0.91283203917185,0.057530725920123586,1.0,-1.5151548921731872,87,159,200,30,2,100,0.0,0,0.3,0.0,0.0,1.0,0.7,1.0,1.0,0.25,1.0,0.25
rho_0.7,1.0343370093458648,0.061980794266103145,1.0,0.5539943421577526,88,160,200,30,2,100,0.0,0,0.3,0.0,0.0,1.0,0.7,1.0,1.0,0.25,1.0,0.25
rho_0.7,1.0024923460758715,0.0693224081695289,1.0,0.03595296444082536,89,161,200,30,2,100,0.0,0,0.3,0.0,0.0,1.0,0.7,1.0,1.0,0.25,1.0,0.25
rho_0.7,0.9714058265371613,0.07208232729982966,1.0,-0.39668771159260596,90,162,200,30,2,100,0.0,0,0.3,0.0,0.0,1.0,0.7,1.0,1.0,0.25,1.0,0.25
rho_0.7,1.0513177987073963,0.08025477288211547,1.0,0.6394360966266256,91,163,200,30,2,100,0.0,0,0.3,0.0,0.0,1.0,0.7,1.0,1.0,0.25,1.0,0.25
rho_0.7,1.0375937094475742,0.07360184745522075,1.0,0.5107712747352733,92,164,200,30,2,100,0.0,0,0.3,0.0,0.0,1.0,0.7,1.0,1.0,0.25,1.0,0.25
rho_0.7,0.9961890351724111,0.06331510816968196,1.0,-0.060190449606051064,93,165,200,30,2,100,0.0,0,0.3,0.0,0.0,1.0,0.7,1.0,1.0,0.25,1.0,0.25
rho_0.7,0.9996120828172567,0.07138830378243839,1.0,-0.0054339039056810305,94,166,200,30,2,100,0.0,0,0.3,0.0,0.0,1.0,0.7,1.0,1.0,0.25,1.0,0.25
rho_0.7,0.9044847398701389,0.07511674037627827,1.0,-1.2715575736034554,95,167,200,30,2,100,0.0,0,0.3,0.0,0.0,1.0,0.7,1.0,1.0,0.25,1.0,0.25
rho_0.7,0.9396347898266876,0.07567009042132074,1.0,-0.7977420118993802,96,168,200,30,2,100,0.0,0,0.3,0.0,0.0,1.0,0.7,1.0,1.0,0.25,1.0,0.25
rho_0.7,0.9366055012855512,0.08085172296690146,1.0,-0.7840834602918829,97,169,200,30,2,100,0.0,0,0.3,0.0,0.0,1.0,0.7,1.0,1.0,0.25,1.0,0.25
rho_0.7,0.9604800702330704,0.07575811840848866,1.0,-0.5216593362817925,98,170,200,30,2,100,0.0,0,0.3,0.0,0.0,1.0,0.7,1.0,1.0,0.25,1.0,0.25
rho_0.7,0.885465816533593,0.0704753951995277,1.0,-1.6251655367400417,99,171,200,30,2,100,0.0,0,0.3,0.0,0.0,1.0,0.7,1.0,1.0,0.25,1.0,0.25
s1_0.5,0.8875186510651772,0.13859026681258307,1.0,-0.8116107394968245,0,73,200,30,2,100,0.0,0,0.3,0.0,0.0,1.0,0.7,0.5,1.0,0.25,1.0,0.25
s1_0.5,0.9543209718917461,0.12327218487828712,1.0,-0.3705542183206624,1,74,200,30,2,100,0.0,0,0.3,0.0,0.0,1.0,0.7,0.5,1.0,0.25,1.0,0.25
s1_0.5,1.1624818946190079,0.1804343094931874,1.0,0.9005044277631835,2,75,200,30,2,100,0.0,0,0.3,0.0,0.0,1.0,0.7,0.5,1.0,0.25,1.0,0.25
s1_0.5,0.7348410141478684,0.12615110266005666,1.0,-2.101915720599477,3,76,200,30,2,100,0.0,0,0.3,0.0,0.0,1.0,0.7,0.5,1.0,0.25,1.0,0.25
s1_0.5,1.1848442374632118,0.13947196350616745,1.0,1.32531465691338,4,77,200,30,2,100,0.0,0,0.3,0.0,0.0,1.0,0.7,0.5,1.0,0.25,1.0,0.25
s1_0.5,1.186599959221238,0.15025538112363507,1.0,1.2418853676042216,5,78,200,30,2,100,0.0,0,0.3,0.0,0.0,1.0,0.7,0.5,1.0,0.25,1.0,0.25
s1_0.5,1.1876534861347907,0.1359246187825791,1.0,1.3805702588355648,6,79,200,30,2,100,0.0,0,0.3,0.0,0.0,1.0,0.7,0.5,1.0,0.25,1.0,0.25
s1_0.5,0.892851746165057,0.11800245310995783,1.0,-0.9080171726184317,7,80,200,30,2,100,0.0,0,0.3,0.0,0.0,1.0,0.7,0.5,1.0,0.25,1.0,0.25
s1_0.5,1.1388335736026618,0.14980132605135868,1.0,0.9267846771600897,8,81,200,30,2,100,0.0,0,0.3,0.0,0.0,1.0,0.7,0.5,1.0,0.25,1.0,0.25
s1_0.5,1.041132226189636,0.16457410060006875,1.0,0.24993134423739877,9,82,200,30,2,100,0.0,0,0.3,0.0,0.0,1.0,0.7,0.5,1.0,0.25,1.0,0.25
s1_0.5,0.8814678281861291,0.1193202230046267,1.0,-0.9933954934803862,10,83,200,30,2,100,0.0,0,0.3,0.0,0.0,1.0,0.7,0.5,1.0,0.25,1.0,0.25
s1_0.5,0.8627190194901967,0.11885264473942236,1.0,-1.1550519621232158,11,84,200,30,2,100,0.0,0,0.3,0.0,0.0,1.0,0.7,0.5,1.0,0.25,1.0,0.25
s1_0.5,1.011568723652933,0.1366084745197722,1.0,0.08468525612046506,12,85,200,30,2,100,0.0,0,0.3,0.0,0.0,1.0,0.7,0.5,1.0,0.25,1.0,0.25
s1_0.5,1.2257420705898603,0.16003794965107304,1.0,1.4105533786332578,13,86,200,30,2,100,0.0,0,0.3,0.0,0.0,1.0,0.7,0.5,1.0,0.25,1.0,0.25
s1_0.5,1.010381889654209,0.13331849935725937,1.0,0.07787283613497735,14,87,200,30,2,100,0.0,0,0.3,0.0,0.0,1.0,0.7,0.5,1.0,0.25,1.0,0.25
s1_0.5,0.7331796686755646,0.1302272501653889,1.0,-2.048882480322459,15,88,200,30,2,100,0.0,0,0.3,0.0,0.0,1.0,0.7,0.5,1.0,0.25,1.0,0.25
s1_0.5,0.8321100675211486,0.1522466845391793,1.0,-1.1027493504178507,16,89,200,30,2,100,0.0,0,0.3,0.0,0.0,1.0,0.7,0.5,1.0,0.25,1.0,0.25
s1_0.5,0.9913662525994926,0.1197194667904267,1.0,-0.07211648725115911,17,90,200,30,2,100,0.0,0,0.3,0.0,0.0,1.0,0.7,0.5,1.0,0.25,1.0,0.25
s1_0.5,0.9423015975428654,0.1430276864132518,1.0,-0.403407227677765,18,91,200,30,2,100,0.0,0,0.3,0.0,0.0,1.0,0.7,0.5,1.0,0.25,1.0,0.25
s1_0.5,1.1099231917769061,0.14711068771595387,1.0,0.7472141792250296,19,92,200,30,2,100,0.0,0,0.3,0.0,0.0,1.0,0.7,0.5,1.0,0.25,1.0,0.25
s1_0.5,1.1655329877940237,0.11415879333154222,1.0,1.4500239794343264,20,93,200,30,2,100,0.0,0,0.3,0.0,0.0,1.0,0.7,0.5,1.0,0.25,1.0,0.25
s1_0.5,0.9128080919787269,0.13676085490578987,1.0,-0.6375501826259916,21,94,200,30,2,100,0.0,0,0.3,0.0,0.0,1.0,0.7,0.5,1.0,0.25,1.0,0.25
s1_0.5,0.7263182716733404,0.12129159744113382,1.0,-2.256394788266227,22,95,200,30,2,100,0.0,0,0.3,0.0,0.0,1.0,0.7,0.5,1.0,0.25,1.0,0.25
s1_0.5,0.9444833317326282,0.13125760174915088,1.0,-0.422959642165875,23,96,200,30,2,100,0.0,0,0.3,0.0,0.0,1.0,0.7,0.5,1.0,0.25,1.0,0.25
s1_0.5,1.0219054752092955,0.13337159362874132,1.0,0.16424393390898903,24,97,200,30,2,100,0.0,0,0.3,0.0,0.0,1.0,0.7,0.5,1.0,0.25,1.0,0.25
s1_0.5,0.9115923006910593,0.1292115310044366,1.0,-0.6842090533383208,25,98,200,30,2,100,0.0,0,0.3,0.0,0.0,1.0,0.7,0.5,1.0,0.25,1.0,0.25
s1_0.5,0.9175893127393321,0.14268758190231512,1.0,-0.5775603325949333,26,99,200,30,2,100,0.0,0,0.3,0.0,0.0,1.0,0.7,0.5,1.0,0.25,1.0,0.25
s1_0.5,0.5855398942198529,0.13520937141691194,1.0,-3.0653208534057765,27,100,200,30,2,100,0.0,0,0.3,0.0,0.0,1.0,0.7,0.5,1.0,0.25,1.0,0.25
s1_0.5,0.8790887049081483,0.14458363112631856,1.0,-0.8362723646511202,28,101,200,30,2,100,0.0,0,0.3,0.0,0.0,1.0,0.7,0.5,1.0,0.25,1.0,0.25
s1_0.5,1.2105924512006208,0.12894445774865837,1.0,1.6332028136572772,29,102,200,30,2,100,0.0,0,0.3,0.0,0.0,1.0,0.7,0.5,1.0,0.25,1.0,0.25
s1_0.5,0.8541404678767132,0.14017016094756238,1.0,-1.0405890321967517,30,103,200,30,2,100,0.0,0,0.3,0.0,0.0,1.0,0.7,0.5,1.0,0.25,1.0,0.25
s1_0.5,0.8515191895969453,0.1387937369944313,1.0,-1.0697947444776423,31,104,200,30,2,100,0.0,0,0.3,0.0,0.0,1.0,0.7,0.5,1.0,0.25,1.0,0.25
s1_0.5,0.9019959612194857,0.1306312933824427,1.0,-0.7502340078161274,32,105,200,30,2,100,0.0,0,0.3,0.0,0.0,1.0,0.7,0.5,1.0,0.25,1.0,0.25
s1_0.5,1.0922144475538642,0.12983425127299095,1.0,0.7102474628206781,33,106,200,30,2,100,0.0,0,0.3,0.0,0.0,1.0,0.7,0.5,1.0,0.25,1.0,0.25
s1_0.5,1.0280151705384066,0.1297905232594877,1.0,0.21584912237695844,34,107,200,30,2,100,0.0,0,0.3,0.0,0.0,1.0,0.7,0.5,1.0,0.25,1.0,0.25
s1_0.5,1.0115583572496858,0.1482454105729864,1.0,0.07796772395861258,35,108,200,30,2,100,0.0,0,0.3,0.0,0.0,1.0,0.7,0.5,1.0,0.25,1.0,0.25
s1_0.5,1.177747256452853,0.14441073421943754,1.0,1.2308451820676947,36,109,200,30,2,100,0.0,0,0.3,0.0,0.0,1.0,0.7,0.5,1.0,0.25,1.0,0.25
s1_0.5,0.799748964264681,0.12674294301163413,1.0,-1.579977795820453,37,110,200,30,2,100,0.0,0,0.3,0.0,0.0,1.0,0.7,0.5,1.0,0.25,1.0,0.25
s1_0.5,0.8861302598240708,0.15616764803055103,1.0,-0.7291506378686892,38,111,200,30,2,100,0.0,0,0.3,0.0,0.0,1.0,0.7,0.5,1.0,0.25,1.0,0.25
s1_0.5,0.8425772112902752,0.14685676892088578,1.0,-1.0719477887636975,39,112,200,30,2,100,0.0,0,0.3,0.0,0.0,1.0,0.7,0.5,1.0,0.25,1.0,0.25
s1_0.5,0.9350453238989529,0.1482946814238734,1.0,-0.43801082734306546,40,113,200,30,2,100,0.0,0,0.3,0.0,0.0,1.0,0.7,0.5,1.0,0.25,1.0,0.25
s1_0.5,0.8308110193606512,0.16871224454515651,1.0,-1.0028257349991259,41,114,200,30,2,100,0.0,0,0.3,0.0,0.0,1.0,0.7,0.5,1.0,0.25,1.0,0.25
s1_0.5,0.8705645770741921,0.13067662322888707,1.0,-0.9905017418386673,42,115,200,30,2,100,0.0,0,0.3,0.0,0.0,1.0,0.7,0.5,1.0,0.25,1.0,0.25
s1_0.5,0.875411676327954,0.13808088429788656,1.0,-0.9022850940269717,43,116,200,30,2,100,0.0,0,0.3,0.0,0.0,1.0,0.7,0.5,1.0,0.25,1.0,0.25
s1_0.5,0.9106963444066707,0.1469167967478029,1.0,-0.6078519105383696,44,117,200,30,2,100,0.0,0,0.3,0.0,0.0,1.0,0.7,0.5,1.0,0.25,1.0,0.25
s1_0.5,0.9657421591037078,0.13111002807866262,1.0,-0.26129077537637646,45,118,200,30,2,100,0.0,0,0.3,0.0,0.0,1.0,0.7,0.5,1.0,0.25,1.0,0.25
s1_0.5,0.9696300524814101,0.149976011734097,1.0,-0.20249870074178872,46,119,200,30,2,100,0.0,0,0.3,0.0,0.0,1.0,0.7,0.5,1.0,0.25,1.0,0.25
s1_0.5,1.0982233368473353,0.1387065390918646,1.0,0.7081377524839152,47,120,200,30,2,100,0.0,0,0.3,0.0,0.0,1.0,0.7,0.5,1.0,0.25,1.0,0.25
s1_0.5,0.9327036796361764,0.12113654562421461,1.0,-0.5555410220511636,48,121,200,30,2,100,0.0,0,0.3,0.0,0.0,1.0,0.7,0.5,1.0,0.25,1.0,0.25
s1_0.5,0.9513304261226541,0.11153908476023665,1.0,-0.4363454656452094,49,122,200,30,2,100,0.0,0,0.3,0.0,0.0,1.0,0.7,0.5,1.0,0.25,1.0,0.25
s1_0.5,0.7907483237014484,0.15702618832502413,1.0,-1.3325909425084392,50,123,200,30,2,100,0.0,0,0.3,0.0,0.0,1.0,0.7,0.5,1.0,0.25,1.0,0.25
s1_0.5,1.086490436035965,0.11942936319903392,1.0,0.7241974144317023,51,124,200,30,2,100,0.0,0,0.3,0.0,0.0,1.0,0.7,0.5,1.0,0.25,1.0,0.25
s1_0.5,1.1734998339607672,0.13751801603845093,1.0,1.2616516654243726,52,125,200,30,2,100,0.0,0,0.3,0.0,0.0,1.0,0.7,0.5,1.0,0.25,1.0,0.25
s1_0.5,1.1855626750969757,0.14310653480297955,1.0,1.2966750634584727,53,126,200,30,2,100,0.0,0,0.3,0.0,0.0,1.0,0.7,0.5,1.0,0.25,1.0,0.25
s1_0.5,0.9670634662656435,0.1236891313604519,1.0,-0.2662847848641899,54,127,200,30,2,100,0.0,0,0.3,0.0,0.0,1.0,0.7,0.5,1.0,0.25,1.0,0.25
s1_0.5,0.8614000538859355,0.1471242669262301,1.0,-0.9420604024729663,55,128,200,30,2,100,0.0,0,0.3,0.0,0.0,1.0,0.7,0.5,1.0,0.25,1.0,0.25
s1_0.5,1.0184391844831384,0.14419473509826297,1.0,0.12787696076817814,56,129,200,30,2,100,0.0,0,0.3,0.0,0.0,1.0,0.7,0.5,1.0,0.25,1.0,0.25
s1_0.5,0.581128938148173,0.15981290301520354,1.0,-2.6210090296149513,57,130,200,30,2,100,0.0,0,0.3,0.0,0.0,1.0,0.7,0.5,1.0,0.25,1.0,0.25
s1_0.5,0.9366471631472733,0.13313689224178207,1.0,-0.47584734618617497,58,131,200,30,2,100,0.0,0,0.3,0.0,0.0,1.0,0.7,0.5,1.0,0.25,1.0,0.25
s1_0.5,0.876738553353466,0.10307081683158548,1.0,-1.1958908489872495,59,132,200,30,2,100,0.0,0,0.3,0.0,0.0,1.0,0.7,0.5,1.0,0.25,1.0,0.25
s1_0.5,1.1277366259494848,0.14823810269600848,1.0,0.8616990073829665,60,133,200,30,2,100,0.0,0,0.3,0.0,0.0,1.0,0.7,0.5,1.0,0.25,1.0,0.25
s1_0.5,0.9699669145893534,0.1421729333810962,1.0,-0.21124334074294301,61,134,200,30,2,100,0.0,0,0.3,0.0,0.0,1.0,0.7,0.5,1.0,0.25,1.0,0.25
s1_0.5,0.791676926541663,0.15811066750912922,1.0,-1.3175775976425408,62,135,200,30,2,100,0.0,0,0.3,0.0,0.0,1.0,0.7,0.5,1.0,0.25,1.0,0.25
s1_0.5,0.8537009012498337,0.12464772719569392,1.0,-1.173700492111503,63,136,200,30,2,100,0.0,0,0.3,0.0,0.0,1.0,0.7,0.5,1.0,0.25,1.0,0.25
s1_0.5,0.6977744466034388,0.1645662941341088,1.0,-1.8364972911784156,64,137,200,30,2,100,0.0,0,0.3,0.0,0.0,1.0,0.7,0.5,1.0,0.25,1.0,0.25
s1_0.5,0.8198051608908772,0.12758630046604258,1.0,-1.412336892369429,65,138,200,30,2,100,0.0,0,0.3,0.0,0.0,1.0,0.7,0.5,1.0,0.25,1.0,0.25
s1_0.5,0.863789797574078,0.14428131527924098,1.0,-0.9440598885746346,66,139,200,30,2,100,0.0,0,0.3,0.0,0.0,1.0,0.7,0.5,1.0,0.25,1.0,0.25
s1_0.5,0.937976258205032,0.1598252531477889,1.0,-0.38807222621831344,67,140,200,30,2,100,0.0,0,0.3,0.0,0.0,1.0,0.7,0.5,1.0,0.25,1.0,0.25
s1_0.5,1.2451036042514065,0.15112071633028198,1.0,1.6219060510255932,68,141,200,30,2,100,0.0,0,0.3,0.0,0.0,1.0,0.7,0.5,1.0,0.25,1.0,0.25
s1_0.5,0.7779571711191862,0.15474900185640614,1.0,-1.4348579067854061,69,142,200,30,2,100,0.0,0,0.3,0.0,0.0,1.0,0.7,0.5,1.0,0.25,1.0,0.25
s1_0.5,0.9864677554117874,0.1296079168024597,1.0,-0.10440908952218994,70,143,200,30,2,100,0.0,0,0.3,0.0,0.0,1.0,0.7,0.5,1.0,0.25,1.0,0.25
s1_0.5,0.6722608137783997,0.14935092645075826,1.0,-2.194423523242472,71,144,200,30,2,100,0.0,0,0.3,0.0,0.0,1.0,0.7,0.5,1.0,0.25,1.0,0.25
s1_0.5,0.7951903113862262,0.1601077786479832,1.0,-1.27919886431048,72,145,200,30,2,100,0.0,0,0.3,0.0,0.0,1.0,0.7,0.5,1.0,0.25,1.0,0.25
s1_0.5,0.9664160726981321,0.1426795619889678,1.0,-0.23538008411088784,73,146,200,30,2,100,0.0,0,0.3,0.0,0.0,1.0,0.7,0.5,1.0,0.25,1.0,0.25
s1_0.5,1.0607348255542102,0.14192210310002523,1.0,0.4279447966706419,74,147,200,30,2,100,0.0,0,0.3,0.0,0.0,1.0,0.7,0.5,1.0,0.25,1.0,0.25
s1_0.5,1.0779109199401498,0.17355069157567732,1.0,0.4489231315230828,75,148,200,30,2,100,0.0,0,0.3,0.0,0.0,1.0,0.7,0.5,1.0,0.25,1.0,0.25
s1_0.5,0.8319547184880133,0.13989864203799865,1.0,-1.201193085679438,76,149,200,30,2,100,0.0,0,0.3,0.0,0.0,1.0,0.7,0.5,1.0,0.25,1.0,0.25
s1_0.5,1.03492721448843,0.1451494513164435,1.0,0.24062932495889683,77,150,200,30,2,100,0.0,0,0.3,0.0,0.0,1.0,0.7,0.5,1.0,0.25,1.0,0.25
s1_0.5,1.0511727983282189,0.11799809448736136,1.0,0.43367478560172784,78,151,200,30,2,100,0.0,0,0.3,0.0,0.0,1.0,0.7,0.5,1.0,0.25,1.0,0.25
s1_0.5,0.9485778260624209,0.12560012726333963,1.0,-0.4094117980451145,79,152,200,30,2,100,0.0,0,0.3,0.0,0.0,1.0,0.7,0.5,1.0,0.25,1.0,0.25
s1_0.5,1.2412813851050262,0.13193996309544043,1.0,1.8287210292039588,80,153,200,30,2,100,0.0,0,0.3,0.0,0.0,1.0,0.7,0.5,1.0,0.25,1.0,0.25
s1_0.5,1.2339459045013057,0.1445700757066056,1.0,1.6182180396452293,81,154,200,30,2,100,0.0,0,0.3,0.0,0.0,1.0,0.7,0.5,1.0,0.25,1.0,0.25
s1_0.5,0.8069978503945927,0.12211079521492893,1.0,-1.580549444999531,82,155,200,30,2,100,0.0,0,0.3,0.0,0.0,1.0,0.7,0.5,1.0,0.25,1.0,0.25
s1_0.5,0.8879899785042447,0.1349931922924141,1.0,-0.8297457049028516,83,156,200,30,2,100,0.0,0,0.3,0.0,0.0,1.0,0.7,0.5,1.0,0.25,1.0,0.25
s1_0.5,0.9636205835256686,0.12413723202284778,1.0,-0.2930580606762335,84,157,200,30,2,100,0.0,0,0.3,0.0,0.0,1.0,0.7,0.5,1.0,0.25,1.0,0.25
s1_0.5,1.2013620845889352,0.1224679341015483,1.0,1.6442025095480852,85,158,200,30,2,100,0.0,0,0.3,0.0,0.0,1.0,0.7,0.5,1.0,0.25,1.0,0.25
s1_0.5,0.8569516054833273,0.11773762598522744,1.0,-1.2149760394745943,86,159,200,30,2,100,0.0,0,0.3,0.0,0.0,1.0,0.7,0.5,1.0,0.25,1.0,0.25
s1_0.5,1.1247473759946864,0.1140219247018074,1.0,1.0940648153495782,87,160,200,30,2,100,0.0,0,0.3,0.0,0.0,1.0,0.7,0.5,1.0,0.25,1.0,0.25
s1_0.5,1.0880795421651164,0.13469920735380128,1.0,0.6538979990711187,88,161,200,30,2,100,0.0,0,0.3,0.0,0.0,1.0,0.7,0.5,1.0,0.25,1.0,0.25
s1_0.5,1.007994078947627,0.13749979016289657,1.0,0.05813884470773605,89,162,200,30,2,100,0.0,0,0.3,0.0,0.0,1.0,0.7,0.5,1.0,0.25,1.0,0.25
s1_0.5,1.0700072107495917,0.15957313600348697,1.0,0.4387155163013273,90,163,200,30,2,100,0.0,0,0.3,0.0,0.0,1.0,0.7,0.5,1.0,0.25,1.0,0.25
s1_0.5,1.0742043777085735,0.15584971612250106,1.0,0.4761277694612373,91,164,200,30,2,100,0.0,0,0.3,0.0,0.0,1.0,0.7,0.5,1.0,0.25,1.0,0.25
s1_0.5,1.0267258004331834,0.12083195617680377,1.0,0.22118155890878458,92,165,200,30,2,100,0.0,0,0.3,0.0,0.0,1.0,0.7,0.5,1.0,0.25,1.0,0.25
s1_0.5,0.9226574728809788,0.1325774405955769,1.0,-0.5833762272945971,93,166,200,30,2,100,0.0,0,0.3,0.0,0.0,1.0,0.7,0.5,1.0,0.25,1.0,0.25
s1_0.5,0.8423488699736555,0.14606424808528498,1.0,-1.0793272966721743,94,167,200,30,2,100,0.0,0,0.3,0.0,0.0,1.0,0.7,0.5,1.0,0.25,1.0,0.25
s1_0.5,0.9310057521808786,0.13862695707132658,1.0,-0.49769719596183887,95,168,200,30,2,100,0.0,0,0.3,0.0,0.0,1.0,0.7,0.5,1.0,0.25,1.0,0.25
s1_0.5,0.892750761074336,0.15498274184600577,1.0,-0.6920076238696895,96,169,200,30,2,100,0.0,0,0.3,0.0,0.0,1.0,0.7,0.5,1.0,0.25,1.0,0.25
s1_0.5,0.924709983081451,0.15230365629360604,1.0,-0.4943414935056275,97,170,200,30,2,100,0.0,0,0.3,0.0,0.0,1.0,0.7,0.5,1.0,0.25,1.0,0.25
s1_0.5,0.8515196264020457,0.13987416952131504,1.0,-1.0615281871277011,98,171,200,30,2,100,0.0,0,0.3,0.0,0.0,1.0,0.7,0.5,1.0,0.25,1.0,0.25
s1_0.5,0.7196315216177522,0.15028969732544267,1.0,-1.8655202809752678,99,172,200,30,2,100,0.0,0,0.3,0.0,0.0,1.0,0.7,0.5,1.0,0.25,1.0,0.25
s1_1.0,0.965997326054329,0.06690718885424075,1.0,-0.5082065847923581,0,74,200,30,2,100,0.0,0,0.3,0.0,0.0,1.0,0.7,1.0,1.0,0.25,1.0,0.25
s1_1.0,1.0512943428690076,0.09580171360905756,1.0,0.5354219766707593,1,75,200,30,2,100,0.0,0,0.3,0.0,0.0,1.0,0.7,1.0,1.0,0.25,1.0,0.25
s1_1.0,0.8182757621295705,0.06646213873160689,1.0,-2.7342520318866637,2,76,200,30,2,100,0.0,0,0.3,0.0,0.0,1.0,0.7,1.0,1.0,0.25,1.0,0.25
s1_1.0,1.0743018155174657,0.07123379448824653,1.0,1.043069740300377,3,77,200,30,2,100,0.0,0,0.3,0.0,0.0,1.0,0.7,1.0,1.0,0.25,1.0,0.25
s1_1.0,1.0902248299173614,0.07705158644921807,1.0,1.170966544301139,4,78,200,30,2,100,0.0,0,0.3,0.0,0.0,1.0,0.7,1.0,1.0,0.25,1.0,0.25
s1_1.0,1.048947907783316,0.06959881869962178,1.0,0.7032864737915719,5,79,200,30,2,100,0.0,0,0.3,0.0,0.0,1.0,0.7,1.0,1.0,0.25,1.0,0.25
s1_1.0,0.9037327819309688,0.06483253526107224,1.0,-1.4848596878307396,6,80,200,30,2,100,0.0,0,0.3,0.0,0.0,1.0,0.7,1.0,1.0,0.25,1.0,0.25
s1_1.0,1.056193169589065,0.07561118045168175,1.0,0.7431859845776961,7,81,200,30,2,100,0.0,0,0.3,0.0,0.0,1.0,0.7,1.0,1.0,0.25,1.0,0.25
s1_1.0,1.0056656991653086,0.08681534713328024,1.0,0.06526149295481709,8,82,200,30,2,100,0.0,0,0.3,0.0,0.0,1.0,0.7,1.0,1.0,0.25,1.0,0.25
s1_1.0,0.916823969143852,0.058009670941865925,1.0,-1.4338304200949943,9,83,200,30,2,100,0.0,0,0.3,0.0,0.0,1.0,0.7,1.0,1.0,0.25,1.0,0.25
s1_1.0,0.9283505185925833,0.06052754546039807,1.0,-1.1837499912216902,10,84,200,30,2,100,0.0,0,0.3,0.0,0.0,1.0,0.7,1.0,1.0,0.25,1.0,0.25
s1_1.0,1.0255072542716337,0.07444849156950231,1.0,0.3426161327636985,11,85,200,30,2,100,0.0,0,0.3,0.0,0.0,1.0,0.7,1.0,1.0,0.25,1.0,0.25
s1_1.0,1.1181915782974827,0.0788520486208928,1.0,1.4989030768969323,12,86,200,30,2,100,0.0,0,0.3,0.0,0.0,1.0,0.7,1.0,1.0,0.25,1.0,0.25
s1_1.0,0.9621147467168171,0.06935433782146637,1.0,-0.5462564343229414,13,87,200,30,2,100,0.0,0,0.3,0.0,0.0,1.0,0.7,1.0,1.0,0.25,1.0,0.25
s1_1.0,0.8924928724802599,0.06594224351332709,1.0,-1.63032256398757,14,88,200,30,2,100,0.0,0,0.3,0.0,0.0,1.0,0.7,1.0,1.0,0.25,1.0,0.25
s1_1.0,0.904819958299335,0.07654812185218603,1.0,-1.243401397678405,15,89,200,30,2,100,0.0,0,0.3,0.0,0.0,1.0,0.7,1.0,1.0,0.25,1.0,0.25
s1_1.0,1.0355451953683026,0.06286935315574703,1.0,0.5653819163726089,16,90,200,30,2,100,0.0,0,0.3,0.0,0.0,1.0,0.7,1.0,1.0,0.25,1.0,0.25
s1_1.0,0.9708185387936066,0.07535474973079133,1.0,-0.38725443732008497,17,91,200,30,2,100,0.0,0,0.3,0.0,0.0,1.0,0.7,1.0,1.0,0.25,1.0,0.25
s1_1.0,1.0539608216336092,0.07771773325345506,1.0,0.6943180066463177,18,92,200,30,2,100,0.0,0,0.3,0.0,0.0,1.0,0.7,1.0,1.0,0.25,1.0,0.25
s1_1.0,1.0628929452968576,0.0581131330743981,1.0,1.0822501209208644,19,93,200,30,2,100,0.0,0,0.3,0.0,0.0,1.0,0.7,1.0,1.0,0.25,1.0,0.25
s1_1.0,0.9396927402281656,0.07287050897990238,1.0,-0.8275948750195646,20,94,200,30,2,100,0.0,0,0.3,0.0,0.0,1.0,0.7,1.0,1.0,0.25,1.0,0.25
s1_1.0,0.8648552322378891,0.06404030481661097,1.0,-2.1103080028915895,21,95,200,30,2,100,0.0,0,0.3,0.0,0.0,1.0,0.7,1.0,1.0,0.25,1.0,0.25
s1_1.0,1.0347763729045565,0.06800251470608615,1.0,0.5113983365889267,22,96,200,30,2,100,0.0,0,0.3,0.0,0.0,1.0,0.7,1.0,1.0,0.25,1.0,0.25
s1_1.0,1.0428111563587346,0.0738650224992105,1.0,0.5795863171799907,23,97,200,30,2,100,0.0,0,0.3,0.0,0.0,1.0,0.7,1.0,1.0,0.25,1.0,0.25
s1_1.0,0.9100480935261076,0.06660899719494207,1.0,-1.350446790403307,24,98,200,30,2,100,0.0,0,0.3,0.0,0.0,1.0,0.7,1.0,1.0,0.25,1.0,0.25
s1_1.0,0.9313876579914465,0.07128669782917024,1.0,-0.9624845040932388,25,99,200,30,2,100,0.0,0,0.3,0.0,0.0,1.0,0.7,1.0,1.0,0.25,1.0,0.25
s1_1.0,0.7411315734503848,0.06679611423319397,1.0,-3.875501285087807,26,100,200,30,2,100,0.0,0,0.3,0.0,0.0,1.0,0.7,1.0,1.0,0.25,1.0,0.25
s1_1.0,0.9189460140293996,0.0769450768770564,1.0,-1.0534005456919522,27,101,200,30,2,100,0.0,0,0.3,0.0,0.0,1.0,0.7,1.0,1.0,0.25,1.0,0.25
s1_1.0,1.0960422688869278,0.06706071867215599,1.0,1.4321687984952227,28,102,200,30,2,100,0.0,0,0.3,0.0,0.0,1.0,0.7,1.0,1.0,0.25,1.0,0.25
s1_1.0,0.9055886737894769,0.07696322062944608,1.0,-1.2267070613518654,29,103,200,30,2,100,0.0,0,0.3,0.0,0.0,1.0,0.7,1.0,1.0,0.25,1.0,0.25
s1_1.0,0.941360999872298,0.06980775506944718,1.0,-0.840006960105877,30,104,200,30,2,100,0.0,0,0.3,0.0,0.0,1.0,0.7,1.0,1.0,0.25,1.0,0.25
s1_1.0,0.9497075568314808,0.06955298974061831,1.0,-0.7230809682814956,31,105,200,30,2,100,0.0,0,0.3,0.0,0.0,1.0,0.7,1.0,1.0,0.25,1.0,0.25
s1_1.0,1.1087675706505078,0.06931217946251124,1.0,1.5692418200373677,32,106,200,30,2,100,0.0,0,0.3,0.0,0.0,1.0,0.7,1.0,1.0,0.25,1.0,0.25
s1_1.0,1.0038267579600815,0.0647562063732436,1.0,0.05909484471688629,33,107,200,30,2,100,0.0,0,0.3,0.0,0.0,1.0,0.7,1.0,1.0,0.25,1.0,0.25
s1_1.0,0.9584963083040136,0.07099172793912974,1.0,-0.5846271516531173,34,108,200,30,2,100,0.0,0,0.3,0.0,0.0,1.0,0.7,1.0,1.0,0.25,1.0,0.25
s1_1.0,1.0879361600928572,0.07542885010975137,1.0,1.1658159969946156,35,109,200,30,2,100,0.0,0,0.3,0.0,0.0,1.0,0.7,1.0,1.0,0.25,1.0,0.25
s1_1.0,0.8776785094057806,0.06651682244090769,1.0,-1.8389557123370937,36,110,200,30,2,100,0.0,0,0.3,0.0,0.0,1.0,0.7,1.0,1.0,0.25,1.0,0.25
s1_1.0,0.9460276522406346,0.07751935904829466,1.0,-0.6962434728819236,37,111,200,30,2,100,0.0,0,0.3,0.0,0.0,1.0,0.7,1.0,1.0,0.25,1.0,0.25
s1_1.0,0.8747122462700047,0.07289672173622273,1.0,-1.7187021685741906,38,112,200,30,2,100,0.0,0,0.3,0.0,0.0,1.0,0.7,1.0,1.0,0.25,1.0,0.25
s1_1.0,0.9641519225201582,0.07137545704870381,1.0,-0.5022465559188004,39,113,200,30,2,100,0.0,0,0.3,0.0,0.0,1.0,0.7,1.0,1.0,0.25,1.0,0.25
s1_1.0,0.9252955049710619,0.08671972420572442,1.0,-0.8614475623990369,40,114,200,30,2,100,0.0,0,0.3,0.0,0.0,1.0,0.7,1.0,1.0,0.25,1.0,0.25
s1_1.0,0.9618327346398516,0.06931541327677002,1.0,-0.550631721804067,41,115,200,30,2,100,0.0,0,0.3,0.0,0.0,1.0,0.7,1.0,1.0,0.25,1.0,0.25
s1_1.0,0.9204966065753696,0.07589259303985942,1.0,-1.047577770637967,42,116,200,30,2,100,0.0,0,0.3,0.0,0.0,1.0,0.7,1.0,1.0,0.25,1.0,0.25
s1_1.0,1.0041010458454742,0.07775772004110096,1.0,0.052741333507547505,43,117,200,30,2,100,0.0,0,0.3,0.0,0.0,1.0,0.7,1.0,1.0,0.25,1.0,0.25
s1_1.0,0.9428793661132451,0.06688207761818883,1.0,-0.8540499326716602,44,118,200,30,2,100,0.0,0,0.3,0.0,0.0,1.0,0.7,1.0,1.0,0.25,1.0,0.25
s1_1.0,0.9833352025282798,0.07533662002280736,1.0,-0.22120447488452677,45,119,200,30,2,100,0.0,0,0.3,0.0,0.0,1.0,0.7,1.0,1.0,0.25,1.0,0.25
s1_1.0,1.0583811078896117,0.07146196740821169,1.0,0.8169535489573316,46,120,200,30,2,100,0.0,0,0.3,0.0,0.0,1.0,0.7,1.0,1.0,0.25,1.0,0.25
s1_1.0,0.9817187559599369,0.06301198008710904,1.0,-0.29012330694561234,47,121,200,30,2,100,0.0,0,0.3,0.0,0.0,1.0,0.7,1.0,1.0,0.25,1.0,0.25
s1_1.0,0.9958453040354526,0.06124652603623102,1.0,-0.06783561833514727,48,122,200,30,2,100,0.0,0,0.3,0.0,0.0,1.0,0.7,1.0,1.0,0.25,1.0,0.25
s1_1.0,0.9124073300187693,0.08594472971434314,1.0,-1.0191744190989358,49,123,200,30,2,100,0.0,0,0.3,0.0,0.0,1.0,0.7,1.0,1.0,0.25,1.0,0.25
s1_1.0,1.048150686723769,0.06457314598557598,1.0,0.7456766429581231,50,124,200,30,2,100,0.0,0,0.3,0.0,0.0,1.0,0.7,1.0,1.0,0.25,1.0,0.25
s1_1.0,1.1143647545592572,0.06600148566819829,1.0,1.7327603068541524,51,125,200,30,2,100,0.0,0,0.3,0.0,0.0,1.0,0.7,1.0,1.0,0.25,1.0,0.25
s1_1.0,1.0544976229841327,0.0748632951132482,1.0,0.7279618523562498,52,126,200,30,2,100,0.0,0,0.3,0.0,0.0,1.0,0.7,1.0,1.0,0.25,1.0,0.25
s1_1.0,0.9848465700235345,0.06460361553408712,1.0,-0.2345600915860512,53,127,200,30,2,100,0.0,0,0.3,0.0,0.0,1.0,0.7,1.0,1.0,0.25,1.0,0.25
s1_1.0,0.9121136134950325,0.07269212123389655,1.0,-1.209022174799128,54,128,200,30,2,100,0.0,0,0.3,0.0,0.0,1.0,0.7,1.0,1.0,0.25,1.0,0.25
s1_1.0,0.9663380717233626,0.07316863694144216,1.0,-0.460059523912923,55,129,200,30,2,100,0.0,0,0.3,0.0,0.0,1.0,0.7,1.0,1.0,0.25,1.0,0.25
s1_1.0,0.7920901226983756,0.08317480174816398,1.0,-2.499673854722639,56,130,200,30,2,100,0.0,0,0.3,0.0,0.0,1.0,0.7,1.0,1.0,0.25,1.0,0.25
s1_1.0,0.9210385938598953,0.06531751370306443,1.0,-1.208885667312229,57,131,200,30,2,100,0.0,0,0.3,0.0,0.0,1.0,0.7,1.0,1.0,0.25,1.0,0.25
s1_1.0,0.9309768156340368,0.05093894907084757,1.0,-1.35501783262084,58,132,200,30,2,100,0.0,0,0.3,0.0,0.0,1.0,0.7,1.0,1.0,0.25,1.0,0.25
s1_1.0,1.0127607569157464,0.07831725677681452,1.0,0.1629367197080398,59,133,200,30,2,100,0.0,0,0.3,0.0,0.0,1.0,0.7,1.0,1.0,0.25,1.0,0.25
s1_1.0,0.980632593947318,0.07567304523744449,1.0,-0.25593533327371076,60,134,200,30,2,100,0.0,0,0.3,0.0,0.0,1.0,0.7,1.0,1.0,0.25,1.0,0.25
s1_1.0,0.8764978054000523,0.07928657135161801,1.0,-1.557668499149035,61,135,200,30,2,100,0.0,0,0.3,0.0,0.0,1.0,0.7,1.0,1.0,0.25,1.0,0.25
s1_1.0,0.9590626197159438,0.06481493514778586,1.0,-0.6316041231965146,62,136,200,30,2,100,0.0,0,0.3,0.0,0.0,1.0,0.7,1.0,1.0,0.25,1.0,0.25
s1_1.0,0.8345646498900082,0.07645068223321139,1.0,-2.1639486434579394,63,137,200,30,2,100,0.0,0,0.3,0.0,0.0,1.0,0.7,1.0,1.0,0.25,1.0,0.25
s1_1.0,0.893969378074909,0.06936211981395526,1.0,-1.5286531353062582,64,138,200,30,2,100,0.0,0,0.3,0.0,0.0,1.0,0.7,1.0,1.0,0.25,1.0,0.25
s1_1.0,0.887950406982262,0.07524376963287088,1.0,-1.489154431847978,65,139,200,30,2,100,0.0,0,0.3,0.0,0.0,1.0,0.7,1.0,1.0,0.25,1.0,0.25
s1_1.0,0.9338664199633889,0.0830168652727873,1.0,-0.7966282492033516,66,140,200,30,2,100,0.0,0,0.3,0.0,0.0,1.0,0.7,1.0,1.0,0.25,1.0,0.25
s1_1.0,1.0770993117037975,0.08065689302296922,1.0,0.955892408127367,67,141,200,30,2,100,0.0,0,0.3,0.0,0.0,1.0,0.7,1.0,1.0,0.25,1.0,0.25
s1_1.0,0.8959570676789805,0.07875233799141872,1.0,-1.3211408699047964,68,142,200,30,2,100,0.0,0,0.3,0.0,0.0,1.0,0.7,1.0,1.0,0.25,1.0,0.25
s1_1.0,0.9934632399733784,0.07357631202814706,1.0,-0.0888432682535236,69,143,200,30,2,100,0.0,0,0.3,0.0,0.0,1.0,0.7,1.0,1.0,0.25,1.0,0.25
s1_1.0,0.8468511722827701,0.07750018416065958,1.0,-1.9761092102665079,70,144,200,30,2,100,0.0,0,0.3,0.0,0.0,1.0,0.7,1.0,1.0,0.25,1.0,0.25
s1_1.0,0.8888023096530571,0.08502039651864496,1.0,-1.3078942806689604,71,145,200,30,2,100,0.0,0,0.3,0.0,0.0,1.0,0.7,1.0,1.0,0.25,1.0,0.25
s1_1.0,0.9805766828266873,0.07321672981037879,1.0,-0.2652852322633966,72,146,200,30,2,100,0.0,0,0.3,0.0,0.0,1.0,0.7,1.0,1.0,0.25,1.0,0.25
s1_1.0,1.0352172048914492,0.06891039050959216,1.0,0.5110579787898175,73,147,200,30,2,100,0.0,0,0.3,0.0,0.0,1.0,0.7,1.0,1.0,0.25,1.0,0.25
s1_1.0,1.0366612400163586,0.08740601609021212,1.0,0.41943611728648517,74,148,200,30,2,100,0.0,0,0.3,0.0,0.0,1.0,0.7,1.0,1.0,0.25,1.0,0.25
s1_1.0,0.8704401767594829,0.07444303817800021,1.0,-1.7403887107714155,75,149,200,30,2,100,0.0,0,0.3,0.0,0.0,1.0,0.7,1.0,1.0,0.25,1.0,0.25
s1_1.0,1.047538751908365,0.07208498308830932,1.0,0.6594820428843906,76,150,200,30,2,100,0.0,0,0.3,0.0,0.0,1.0,0.7,1.0,1.0,0.25,1.0,0.25
s1_1.0,1.0235702970891996,0.06488349522903322,1.0,0.3632710754252435,77,151,200,30,2,100,0.0,0,0.3,0.0,0.0,1.0,0.7,1.0,1.0,0.25,1.0,0.25
s1_1.0,0.9293615420315916,0.0633306273768657,1.0,-1.1153917289979698,78,152,200,30,2,100,0.0,0,0.3,0.0,0.0,1.0,0.7,1.0,1.0,0.25,1.0,0.25
s1_1.0,1.0965717284546774,0.06452330215712143,1.0,1.4966953833130627,79,153,200,30,2,100,0.0,0,0.3,0.0,0.0,1.0,0.7,1.0,1.0,0.25,1.0,0.25
s1_1.0,1.0541381145509037,0.07796809318128846,1.0,0.6943624288082021,80,154,200,30,2,100,0.0,0,0.3,0.0,0.0,1.0,0.7,1.0,1.0,0.25,1.0,0.25
s1_1.0,0.8838536352202768,0.06708553920747057,1.0,-1.7313174515975158,81,155,200,30,2,100,0.0,0,0.3,0.0,0.0,1.0,0.7,1.0,1.0,0.25,1.0,0.25
s1_1.0,0.8784126577780913,0.07381197300379867,1.0,-1.6472577181435226,82,156,200,30,2,100,0.0,0,0.3,0.0,0.0,1.0,0.7,1.0,1.0,0.25,1.0,0.25
s1_1.0,0.9610579994318456,0.06640480414346787,1.0,-0.5864334827947099,83,157,200,30,2,100,0.0,0,0.3,0.0,0.0,1.0,0.7,1.0,1.0,0.25,1.0,0.25
s1_1.0,1.1318002967319838,0.06615889733555094,1.0,1.99217795398715,84,158,200,30,2,100,0.0,0,0.3,0.0,0.0,1.0,0.7,1.0,1.0,0.25,1.0,0.25
s1_1.0,0.91283203917185,0.057530725920123586,1.0,-1.5151548921731872,85,159,200,30,2,100,0.0,0,0.3,0.0,0.0,1.0,0.7,1.0,1.0,0.25,1.0,0.25
s1_1.0,1.0343370093458648,0.061980794266103145,1.0,0.5539943421577526,86,160,200,30,2,100,0.0,0,0.3,0.0,0.0,1.0,0.7,1.0,1.0,0.25,1.0,0.25
s1_1.0,1.0024923460758715,0.0693224081695289,1.0,0.03595296444082536,87,161,200,30,2,100,0.0,0,0.3,0.0,0.0,1.0,0.7,1.0,1.0,0.25,1.0,0.25
s1_1.0,0.9714058265371613,0.07208232729982966,1.0,-0.39668771159260596,88,162,200,30,2,100,0.0,0,0.3,0.0,0.0,1.0,0.7,1.0,1.0,0.25,1.0,0.25
s1_1.0,1.0513177987073963,0.08025477288211547,1.0,0.6394360966266256,89,163,200,30,2,100,0.0,0,0.3,0.0,0.0,1.0,0.7,1.0,1.0,0.25,1.0,0.25
s1_1.0,1.0375937094475742,0.07360184745522075,1.0,0.5107712747352733,90,164,200,30,2,100,0.0,0,0.3,0.0,0.0,1.0,0.7,1.0,1.0,0.25,1.0,0.25
s1_1.0,0.9961890351724111,0.06331510816968196,1.0,-0.060190449606051064,91,165,200,30,2,100,0.0,0,0.3,0.0,0.0,1.0,0.7,1.0,1.0,0.25,1.0,0.25
s1_1.0,0.9996120828172567,0.07138830378243839,1.0,-0.0054339039056810305,92,166,200,30,2,100,0.0,0,0.3,0.0,0.0,1.0,0.7,1.0,1.0,0.25,1.0,0.25
s1_1.0,0.9044847398701389,0.07511674037627827,1.0,-1.2715575736034554,93,167,200,30,2,100,0.0,0,0.3,0.0,0.0,1.0,0.7,1.0,1.0,0.25,1.0,0.25
s1_1.0,0.9396347898266876,0.07567009042132074,1.0,-0.7977420118993802,94,168,200,30,2,100,0.0,0,0.3,0.0,0.0,1.0,0.7,1.0,1.0,0.25,1.0,0.25
s1_1.0,0.9366055012855512,0.08085172296690146,1.0,-0.7840834602918829,95,169,200,30,2,100,0.0,0,0.3,0.0,0.0,1.0,0.7,1.0,1.0,0.25,1.0,0.25
s1_1.0,0.9604800702330704,0.07575811840848866,1.0,-0.5216593362817925,96,170,200,30,2,100,0.0,0,0.3,0.0,0.0,1.0,0.7,1.0,1.0,0.25,1.0,0.25
s1_1.0,0.885465816533593,0.0704753951995277,1.0,-1.6251655367400417,97,171,200,30,2,100,0.0,0,0.3,0.0,0.0,1.0,0.7,1.0,1.0,0.25,1.0,0.25
s1_1.0,0.8577734837899543,0.07838854226127334,1.0,-1.8143788888942065,98,172,200,30,2,100,0.0,0,0.3,0.0,0.0,1.0,0.7,1.0,1.0,0.25,1.0,0.25
s1_1.0,1.0930617603547577,0.062024880120750636,1.0,1.500394038224405,99,173,200,30,2,100,0.0,0,0.3,0.0,0.0,1.0,0.7,1.0,1.0,0.25,1.0,0.25
s1_2.0,1.0335744833368807,0.04847721773176714,1.0,0.6925827204575595,0,75,200,30,2,100,0.0,0,0.3,0.0,0.0,1.0,0.7,2.0,1.0,0.25,1.0,0.25
s1_2.0,0.9235035744752821,0.036092883500338124,1.0,-2.1194323674361257,1,76,200,30,2,100,0.0,0,0.3,0.0,0.0,1.0,0.7,2.0,1.0,0.25,1.0,0.25
s1_2.0,1.0640807213326693,0.034569008254088734,1.0,1.8537043603236718,2,77,200,30,2,100,0.0,0,0.3,0.0,0.0,1.0,0.7,2.0,1.0,0.25,1.0,0.25
s1_2.0,1.083887227211576,0.03954730147844367,1.0,2.1211871373145663,3,78,200,30,2,100,0.0,0,0.3,0.0,0.0,1.0,0.7,2.0,1.0,0.25,1.0,0.25
s1_2.0,1.0304686252894717,0.03452981547958242,1.0,0.8823859863221071,4,79,200,30,2,100,0.0,0,0.3,0.0,0.0,1.0,0.7,2.0,1.0,0.25,1.0,0.25
s1_2.0,0.9488496228897026,0.03231123557542436,1.0,-1.5830523407530064,5,80,200,30,2,100,0.0,0,0.3,0.0,0.0,1.0,0.7,2.0,1.0,0.25,1.0,0.25
s1_2.0,1.038214620091278,0.04154669277961295,1.0,0.9197993278066665,6,81,200,30,2,100,0.0,0,0.3,0.0,0.0,1.0,0.7,2.0,1.0,0.25,1.0,0.25
s1_2.0,0.9860577055111909,0.04868036555763369,1.0,-0.2864048847846583,7,82,200,30,2,100,0.0,0,0.3,0.0,0.0,1.0,0.7,2.0,1.0,0.25,1.0,0.25
s1_2.0,0.9405177836188852,0.030895922628155225,1.0,-1.9252448647352947,8,83,200,30,2,100,0.0,0,0.3,0.0,0.0,1.0,0.7,2.0,1.0,0.25,1.0,0.25
s1_2.0,0.9593789091381998,0.030927789089459798,1.0,-1.3134172230773489,9,84,200,30,2,100,0.0,0,0.3,0.0,0.0,1.0,0.7,2.0,1.0,0.25,1.0,0.25
s1_2.0,1.0035683906693105,0.03636496612977036,1.0,0.0981271550364292,10,85,200,30,2,100,0.0,0,0.3,0.0,0.0,1.0,0.7,2.0,1.0,0.25,1.0,0.25
s1_2.0,1.0370971417211312,0.03909228829021243,1.0,0.94896316751095,11,86,200,30,2,100,0.0,0,0.3,0.0,0.0,1.0,0.7,2.0,1.0,0.25,1.0,0.25
s1_2.0,0.9737657435563585,0.03899631896789698,1.0,-0.6727367386967577,12,87,200,30,2,100,0.0,0,0.3,0.0,0.0,1.0,0.7,2.0,1.0,0.25,1.0,0.25
s1_2.0,0.9443591617350503,0.03285010410900823,1.0,-1.6937796629293402,13,88,200,30,2,100,0.0,0,0.3,0.0,0.0,1.0,0.7,2.0,1.0,0.25,1.0,0.25
s1_2.0,0.9328699738344011,0.041072910450116594,1.0,-1.6344112318782213,14,89,200,30,2,100,0.0,0,0.3,0.0,0.0,1.0,0.7,2.0,1.0,0.25,1.0,0.25
s1_2.0,1.0085938258908398,0.03196610387682126,1.0,0.2688418308329157,15,90,200,30,2,100,0.0,0,0.3,0.0,0.0,1.0,0.7,2.0,1.0,0.25,1.0,0.25
s1_2.0,0.9976685905932577,0.03620441328602564,1.0,-0.06439572403296331,16,91,200,30,2,100,0.0,0,0.3,0.0,0.0,1.0,0.7,2.0,1.0,0.25,1.0,0.25
s1_2.0,1.0658857142967881,0.03779691228964307,1.0,1.7431507047955825,17,92,200,30,2,100,0.0,0,0.3,0.0,0.0,1.0,0.7,2.0,1.0,0.25,1.0,0.25
s1_2.0,1.0307734163244318,0.03273357692767863,1.0,0.9401177388105908,18,93,200,30,2,100,0.0,0,0.3,0.0,0.0,1.0,0.7,2.0,1.0,0.25,1.0,0.25
s1_2.0,0.9700484834259925,0.039250691280375824,1.0,-0.7630825240772864,19,94,200,30,2,100,0.0,0,0.3,0.0,0.0,1.0,0.7,2.0,1.0,0.25,1.0,0.25
s1_2.0,0.9490631802329083,0.032403083223889635,1.0,-1.5719744758590704,20,95,200,30,2,100,0.0,0,0.3,0.0,0.0,1.0,0.7,2.0,1.0,0.25,1.0,0.25
s1_2.0,1.0113816658039336,0.035931811960103394,1.0,0.31675735742386635,21,96,200,30,2,100,0.0,0,0.3,0.0,0.0,1.0,0.7,2.0,1.0,0.25,1.0,0.25
s1_2.0,0.9871703577997987,0.039353825788437706,1.0,-0.3260074959210376,22,97,200,30,2,100,0.0,0,0.3,0.0,0.0,1.0,0.7,2.0,1.0,0.25,1.0,0.25
s1_2.0,0.9592089305651702,0.03335456551206315,1.0,-1.2229531042782473,23,98,200,30,2,100,0.0,0,0.3,0.0,0.0,1.0,0.7,2.0,1.0,0.25,1.0,0.25
s1_2.0,0.9748439097896703,0.034003810172508864,1.0,-0.7398021010794761,24,99,200,30,2,100,0.0,0,0.3,0.0,0.0,1.0,0.7,2.0,1.0,0.25,1.0,0.25
s1_2.0,0.8610530162228129,0.033788455389204136,1.0,-4.1122620781766335,25,100,200,30,2,100,0.0,0,0.3,0.0,0.0,1.0,0.7,2.0,1.0,0.25,1.0,0.25
s1_2.0,0.9584724985827617,0.036111127937090294,1.0,-1.1499918110999998,26,101,200,30,2,100,0.0,0,0.3,0.0,0.0,1.0,0.7,2.0,1.0,0.25,1.0,0.25
s1_2.0,1.0342038422222597,0.035825289038481686,1.0,0.9547401609382602,27,102,200,30,2,100,0.0,0,0.3,0.0,0.0,1.0,0.7,2.0,1.0,0.25,1.0,0.25
s1_2.0,0.9417999059359377,0.0358074790917747,1.0,-1.6253613920961956,28,103,200,30,2,100,0.0,0,0.3,0.0,0.0,1.0,0.7,2.0,1.0,0.25,1.0,0.25
s1_2.0,0.9807871826153235,0.03800092510520355,1.0,-0.5055881490118158,29,104,200,30,2,100,0.0,0,0.3,0.0,0.0,1.0,0.7,2.0,1.0,0.25,1.0,0.25
s1_2.0,0.9599103604877058,0.03465236625542297,1.0,-1.1569091477561153,30,105,200,30,2,100,0.0,0,0.3,0.0,0.0,1.0,0.7,2.0,1.0,0.25,1.0,0.25
s1_2.0,1.0479420500930594,0.035926136927840795,1.0,1.3344615979545225,31,106,200,30,2,100,0.0,0,0.3,0.0,0.0,1.0,0.7,2.0,1.0,0.25,1.0,0.25
s1_2.0,0.9911337033018024,0.03529297917600539,1.0,-0.2512198433003221,32,107,200,30,2,100,0.0,0,0.3,0.0,0.0,1.0,0.7,2.0,1.0,0.25,1.0,0.25
s1_2.0,0.9905509440717949,0.03320972938301178,1.0,-0.28452673670501843,33,108,200,30,2,100,0.0,0,0.3,0.0,0.0,1.0,0.7,2.0,1.0,0.25,1.0,0.25
s1_2.0,1.0419891155940753,0.038096774864846486,1.0,1.102169822590951,34,109,200,30,2,100,0.0,0,0.3,0.0,0.0,1.0,0.7,2.0,1.0,0.25,1.0,0.25
s1_2.0,0.9466496824222654,0.033545765253587045,1.0,-1.590374140355311,35,110,200,30,2,100,0.0,0,0.3,0.0,0.0,1.0,0.7,2.0,1.0,0.25,1.0,0.25
s1_2.0,1.0081558538240312,0.038614810848908165,1.0,0.2112105082151859,36,111,200,30,2,100,0.0,0,0.3,0.0,0.0,1.0,0.7,2.0,1.0,0.25,1.0,0.25
s1_2.0,0.9173102107525116,0.03667026662967258,1.0,-2.254954677111021,37,112,200,30,2,100,0.0,0,0.3,0.0,0.0,1.0,0.7,2.0,1.0,0.25,1.0,0.25
s1_2.0,0.9950077506080134,0.0349416995955957,1.0,-0.1428736853033867,38,113,200,30,2,100,0.0,0,0.3,0.0,0.0,1.0,0.7,2.0,1.0,0.25,1.0,0.25
s1_2.0,0.9743552855181831,0.044419065320758004,1.0,-0.5773357520387219,39,114,200,30,2,100,0.0,0,0.3,0.0,0.0,1.0,0.7,2.0,1.0,0.25,1.0,0.25
s1_2.0,0.9790174535507701,0.038927166307646394,1.0,-0.5390206490604058,40,115,200,30,2,100,0.0,0,0.3,0.0,0.0,1.0,0.7,2.0,1.0,0.25,1.0,0.25
s1_2.0,0.9541300165345707,0.0371669353078131,1.0,-1.2341610381791859,41,116,200,30,2,100,0.0,0,0.3,0.0,0.0,1.0,0.7,2.0,1.0,0.25,1.0,0.25
s1_2.0,1.0071531768270374,0.03885604657282296,1.0,0.18409430340863756,42,117,200,30,2,100,0.0,0,0.3,0.0,0.0,1.0,0.7,2.0,1.0,0.25,1.0,0.25
s1_2.0,0.9626735257384205,0.036730653248368675,1.0,-1.0162213562928484,43,118,200,30,2,100,0.0,0,0.3,0.0,0.0,1.0,0.7,2.0,1.0,0.25,1.0,0.25
s1_2.0,1.0456538329912453,0.03932478576880988,1.0,1.1609429548998385,44,119,200,30,2,100,0.0,0,0.3,0.0,0.0,1.0,0.7,2.0,1.0,0.25,1.0,0.25
s1_2.0,1.0328169087059393,0.03777108900810683,1.0,0.8688367099740182,45,120,200,30,2,100,0.0,0,0.3,0.0,0.0,1.0,0.7,2.0,1.0,0.25,1.0,0.25
s1_2.0,0.9818916786921669,0.035880110352168766,1.0,-0.5046896770967868,46,121,200,30,2,100,0.0,0,0.3,0.0,0.0,1.0,0.7,2.0,1.0,0.25,1.0,0.25
s1_2.0,1.0058612513158174,0.03254141703709272,1.0,0.18011665899909543,47,122,200,30,2,100,0.0,0,0.3,0.0,0.0,1.0,0.7,2.0,1.0,0.25,1.0,0.25
s1_2.0,1.002517962246976,0.04379039191241093,1.0,0.057500335964391025,48,123,200,30,2,100,0.0,0,0.3,0.0,0.0,1.0,0.7,2.0,1.0,0.25,1.0,0.25
s1_2.0,1.0340272743690924,0.03624800130586897,1.0,0.9387351893408521,49,124,200,30,2,100,0.0,0,0.3,0.0,0.0,1.0,0.7,2.0,1.0,0.25,1.0,0.25
s1_2.0,1.0686093694219676,0.03335735427529375,1.0,2.0567988952524145,50,125,200,30,2,100,0.0,0,0.3,0.0,0.0,1.0,0.7,2.0,1.0,0.25,1.0,0.25
s1_2.0,1.0216253335659664,0.03801217505710903,1.0,0.5689054502531563,51,126,200,30,2,100,0.0,0,0.3,0.0,0.0,1.0,0.7,2.0,1.0,0.25,1.0,0.25
s1_2.0,1.012432660961644,0.031089212063341167,1.0,0.39990273591732645,52,127,200,30,2,100,0.0,0,0.3,0.0,0.0,1.0,0.7,2.0,1.0,0.25,1.0,0.25
s1_2.0,0.9454194243431941,0.035093702054853695,1.0,-1.5552812174530042,53,128,200,30,2,100,0.0,0,0.3,0.0,0.0,1.0,0.7,2.0,1.0,0.25,1.0,0.25
s1_2.0,0.9944448507992729,0.03855280026007689,1.0,-0.14409197680199856,54,129,200,30,2,100,0.0,0,0.3,0.0,0.0,1.0,0.7,2.0,1.0,0.25,1.0,0.25
s1_2.0,0.9063830449343478,0.039421638103284806,1.0,-2.3747606535369092,55,130,200,30,2,100,0.0,0,0.3,0.0,0.0,1.0,0.7,2.0,1.0,0.25,1.0,0.25
s1_2.0,0.9414937369024006,0.03344958562531969,1.0,-1.7490878288582765,56,131,200,30,2,100,0.0,0,0.3,0.0,0.0,1.0,0.7,2.0,1.0,0.25,1.0,0.25
s1_2.0,0.9644196123799899,0.02554251907535299,1.0,-1.3929866320171647,57,132,200,30,2,100,0.0,0,0.3,0.0,0.0,1.0,0.7,2.0,1.0,0.25,1.0,0.25
s1_2.0,1.0028260006787582,0.04482793856873883,1.0,0.0630410580764223,58,133,200,30,2,100,0.0,0,0.3,0.0,0.0,1.0,0.7,2.0,1.0,0.25,1.0,0.25
s1_2.0,0.9749652760552346,0.03795052761085085,1.0,-0.6596673490675636,59,134,200,30,2,100,0.0,0,0.3,0.0,0.0,1.0,0.7,2.0,1.0,0.25,1.0,0.25
s1_2.0,0.9526610185686316,0.03890777749698141,1.0,-1.2166971355544813,60,135,200,30,2,100,0.0,0,0.3,0.0,0.0,1.0,0.7,2.0,1.0,0.25,1.0,0.25
s1_2.0,1.0016431571873983,0.0358576980524739,1.0,0.04582439132020369,61,136,200,30,2,100,0.0,0,0.3,0.0,0.0,1.0,0.7,2.0,1.0,0.25,1.0,0.25
s1_2.0,0.947186475884452,0.03866846889947042,1.0,-1.3658033436196193,62,137,200,30,2,100,0.0,0,0.3,0.0,0.0,1.0,0.7,2.0,1.0,0.25,1.0,0.25
s1_2.0,0.964289483700647,0.037462579662580195,1.0,-0.9532316413069306,63,138,200,30,2,100,0.0,0,0.3,0.0,0.0,1.0,0.7,2.0,1.0,0.25,1.0,0.25
s1_2.0,0.9570456821427107,0.040598351484960944,1.0,-1.0580310846661127,64,139,200,30,2,100,0.0,0,0.3,0.0,0.0,1.0,0.7,2.0,1.0,0.25,1.0,0.25
s1_2.0,0.9435074027553566,0.04353934342543626,1.0,-1.2975068708004374,65,140,200,30,2,100,0.0,0,0.3,0.0,0.0,1.0,0.7,2.0,1.0,0.25,1.0,0.25
s1_2.0,1.038859127094869,0.04175815324615274,1.0,0.9305758055392264,66,141,200,30,2,100,0.0,0,0.3,0.0,0.0,1.0,0.7,2.0,1.0,0.25,1.0,0.25
s1_2.0,0.9554566198124382,0.03819519982559246,1.0,-1.1662036169716736,67,142,200,30,2,100,0.0,0,0.3,0.0,0.0,1.0,0.7,2.0,1.0,0.25,1.0,0.25
s1_2.0,0.9980140891761835,0.0366602440123275,1.0,-0.05417069300326275,68,143,200,30,2,100,0.0,0,0.3,0.0,0.0,1.0,0.7,2.0,1.0,0.25,1.0,0.25
s1_2.0,0.9302644448080352,0.03675010458202271,1.0,-1.8975607276524005,69,144,200,30,2,100,0.0,0,0.3,0.0,0.0,1.0,0.7,2.0,1.0,0.25,1.0,0.25
s1_2.0,0.9431740516406582,0.043825903669538466,1.0,-1.296629244380856,70,145,200,30,2,100,0.0,0,0.3,0.0,0.0,1.0,0.7,2.0,1.0,0.25,1.0,0.25
s1_2.0,0.9872508503655693,0.0374160418314878,1.0,-0.34074020153841034,71,146,200,30,2,100,0.0,0,0.3,0.0,0.0,1.0,0.7,2.0,1.0,0.25,1.0,0.25
s1_2.0,0.9897216198292899,0.03277195767662709,1.0,-0.31363338962324694,72,147,200,30,2,100,0.0,0,0.3,0.0,0.0,1.0,0.7,2.0,1.0,0.25,1.0,0.25
s1_2.0,1.00531866417435,0.044627692820792375,1.0,0.11917856017579943,73,148,200,30,2,100,0.0,0,0.3,0.0,0.0,1.0,0.7,2.0,1.0,0.25,1.0,0.25
s1_2.0,0.9403810611967698,0.03982318440393277,1.0,-1.4970911968893805,74,149,200,30,2,100,0.0,0,0.3,0.0,0.0,1.0,0.7,2.0,1.0,0.25,1.0,0.25
s1_2.0,1.0366401190184702,0.03809030773075146,1.0,0.9619276188963293,75,150,200,30,2,100,0.0,0,0.3,0.0,0.0,1.0,0.7,2.0,1.0,0.25,1.0,0.25
s1_2.0,1.011688795640962,0.033461914562673716,1.0,0.3493164032520903,76,151,200,30,2,100,0.0,0,0.3,0.0,0.0,1.0,0.7,2.0,1.0,0.25,1.0,0.25
s1_2.0,0.9473193683508278,0.03585217270586004,1.0,-1.4693846334328742,77,152,200,30,2,100,0.0,0,0.3,0.0,0.0,1.0,0.7,2.0,1.0,0.25,1.0,0.25
s1_2.0,1.0357035902522895,0.035466152552550506,1.0,1.006694769030478,78,153,200,30,2,100,0.0,0,0.3,0.0,0.0,1.0,0.7,2.0,1.0,0.25,1.0,0.25
s1_2.0,1.0244421216749253,0.0421894495254488,1.0,0.5793420381126746,79,154,200,30,2,100,0.0,0,0.3,0.0,0.0,1.0,0.7,2.0,1.0,0.25,1.0,0.25
s1_2.0,0.906805626122365,0.03408701002055298,1.0,-2.7340143304280082,80,155,200,30,2,100,0.0,0,0.3,0.0,0.0,1.0,0.7,2.0,1.0,0.25,1.0,0.25
s1_2.0,0.9255740882275189,0.03739759385157569,1.0,-1.9901256767444497,81,156,200,30,2,100,0.0,0,0.3,0.0,0.0,1.0,0.7,2.0,1.0,0.25,1.0,0.25
s1_2.0,0.9665565993987926,0.03665764908489244,1.0,-0.9123171135104328,82,157,200,30,2,100,0.0,0,0.3,0.0,0.0,1.0,0.7,2.0,1.0,0.25,1.0,0.25
s1_2.0,1.0464287057555168,0.03364061882405535,1.0,1.3801382786192127,83,158,200,30,2,100,0.0,0,0.3,0.0,0.0,1.0,0.7,2.0,1.0,0.25,1.0,0.25
s1_2.0,0.9642661450345263,0.027713401370988842,1.0,-1.2894070448848205,84,159,200,30,2,100,0.0,0,0.3,0.0,0.0,1.0,0.7,2.0,1.0,0.25,1.0,0.25
s1_2.0,1.0084749775389974,0.03179267591094217,1.0,0.2665701233434252,85,160,200,30,2,100,0.0,0,0.3,0.0,0.0,1.0,0.7,2.0,1.0,0.25,1.0,0.25
s1_2.0,0.9795100542397496,0.03527637019615368,1.0,-0.580840535642313,86,161,200,30,2,100,0.0,0,0.3,0.0,0.0,1.0,0.7,2.0,1.0,0.25,1.0,0.25
s1_2.0,1.0111430130168337,0.03752794462592262,1.0,0.2969257476770162,87,162,200,30,2,100,0.0,0,0.3,0.0,0.0,1.0,0.7,2.0,1.0,0.25,1.0,0.25
s1_2.0,1.0278614422622283,0.040250757466532304,1.0,0.6921967191647148,88,163,200,30,2,100,0.0,0,0.3,0.0,0.0,1.0,0.7,2.0,1.0,0.25,1.0,0.25
s1_2.0,0.9985753271032938,0.03826240642711477,1.0,-0.037234273265589125,89,164,200,30,2,100,0.0,0,0.3,0.0,0.0,1.0,0.7,2.0,1.0,0.25,1.0,0.25
s1_2.0,1.0175821753479244,0.03435998467904852,1.0,0.5117049821807798,90,165,200,30,2,100,0.0,0,0.3,0.0,0.0,1.0,0.7,2.0,1.0,0.25,1.0,0.25
s1_2.0,0.9972905228699825,0.03937684725918252,1.0,-0.0688088894517988,91,166,200,30,2,100,0.0,0,0.3,0.0,0.0,1.0,0.7,2.0,1.0,0.25,1.0,0.25
s1_2.0,0.9642929331822453,0.03528277288115808,1.0,-1.0120255269625706,92,167,200,30,2,100,0.0,0,0.3,0.0,0.0,1.0,0.7,2.0,1.0,0.25,1.0,0.25
s1_2.0,0.9989052711271843,0.03530542413894702,1.0,-0.03100738482866865,93,168,200,30,2,100,0.0,0,0.3,0.0,0.0,1.0,0.7,2.0,1.0,0.25,1.0,0.25
s1_2.0,0.9763878689806083,0.04145654811351232,1.0,-0.5695633643867137,94,169,200,30,2,100,0.0,0,0.3,0.0,0.0,1.0,0.7,2.0,1.0,0.25,1.0,0.25
s1_2.0,0.9984894903345876,0.03736279854883621,1.0,-0.04042817251598758,95,170,200,30,2,100,0.0,0,0.3,0.0,0.0,1.0,0.7,2.0,1.0,0.25,1.0,0.25
s1_2.0,0.9285444715224809,0.03391964393517264,1.0,-2.1066119860834984,96,171,200,30,2,100,0.0,0,0.3,0.0,0.0,1.0,0.7,2.0,1.0,0.25,1.0,0.25
s1_2.0,0.9300551794249018,0.03782989703227878,1.0,-1.8489297106840397,97,172,200,30,2,100,0.0,0,0.3,0.0,0.0,1.0,0.7,2.0,1.0,0.25,1.0,0.25
s1_2.0,1.032335392848696,0.03438053812320185,1.0,0.9405144484016772,98,173,200,30,2,100,0.0,0,0.3,0.0,0.0,1.0,0.7,2.0,1.0,0.25,1.0,0.25
s1_2.0,0.9397896996464774,0.03668860682749735,1.0,-1.6411171085514271,99,174,200,30,2,100,0.0,0,0.3,0.0,0.0,1.0,0.7,2.0,1.0,0.25,1.0,0.25
