config_name,theta_hat,se,true_effect,true_theta,z,run_id,seed_used,n_samples,d_dim,dgp_num,n_runs,nonlinearity,sparse_k,skewness,interaction,heterogeneous,noise_std,rho,s1,a0,a1,b0,b1
0_base,0.903973836154035,0.04809125839358855,1.0,1.0,-1.9967488282395833,0,60,400,20,2,100,0.0,0,0.3,0.0,0.0,1.0,0.7,1.0,1.0,0.25,1.0,0.25
0_base,1.0823060976331298,0.05142692048577173,1.0,1.0,1.6004477199038467,1,61,400,20,2,100,0.0,0,0.3,0.0,0.0,1.0,0.7,1.0,1.0,0.25,1.0,0.25
0_base,0.973876470335709,0.0590226292133442,1.0,1.0,-0.4426019310299519,2,62,400,20,2,100,0.0,0,0.3,0.0,0.0,1.0,0.7,1.0,1.0,0.25,1.0,0.25
0_base,0.8958798987610751,0.042970117067752715,1.0,1.0,-2.4230816284431933,3,63,400,20,2,100,0.0,0,0.3,0.0,0.0,1.0,0.7,1.0,1.0,0.25,1.0,0.25
0_base,1.009992286503122,0.05045545111424147,1.0,1.0,0.19804176322786834,4,64,400,20,2,100,0.0,0,0.3,0.0,0.0,1.0,0.7,1.0,1.0,0.25,1.0,0.25
0_base,1.0668560616213463,0.04418423998252643,1.0,1.0,1.5131201000127168,5,65,400,20,2,100,0.0,0,0.3,0.0,0.0,1.0,0.7,1.0,1.0,0.25,1.0,0.25
0_base,0.8821379072670184,0.05103505692059801,1.0,1.0,-2.309433942953278,6,66,400,20,2,100,0.0,0,0.3,0.0,0.0,1.0,0.7,1.0,1.0,0.25,1.0,0.25
0_base,1.0074317712350067,0.05611938205362076,1.0,1.0,0.13242788788917575,7,67,400,20,2,100,0.0,0,0.3,0.0,0.0,1.0,0.7,1.0,1.0,0.25,1.0,0.25
0_base,0.8348151383497278,0.05299836391708804,1.0,1.0,-3.11679171660264,8,68,400,20,2,100,0.0,0,0.3,0.0,0.0,1.0,0.7,1.0,1.0,0.25,1.0,0.25
0_base,1.0064725634714315,0.045107759762142444,1.0,1.0,0.1434911311393427,9,69,400,20,2,100,0.0,0,0.3,0.0,0.0,1.0,0.7,1.0,1.0,0.25,1.0,0.25
0_base,0.9798943875906945,0.05072023473074869,1.0,1.0,-0.3964021956135917,10,70,400,20,2,100,0.0,0,0.3,0.0,0.0,1.0,0.7,1.0,1.0,0.25,1.0,0.25
0_base,0.9829680816323851,0.04869590141921633,1.0,1.0,-0.34976081910856144,11,71,400,20,2,100,0.0,0,0.3,0.0,0.0,1.0,0.7,1.0,1.0,0.25,1.0,0.25
0_base,0.95283683776819,0.05494183357380609,1.0,1.0,-0.8584198808809946,12,72,400,20,2,100,0.0,0,0.3,0.0,0.0,1.0,0.7,1.0,1.0,0.25,1.0,0.25
0_base,0.9560624122471293,0.0496211309636948,1.0,1.0,-0.8854612319299526,13,73,400,20,2,100,0.0,0,0.3,0.0,0.0,1.0,0.7,1.0,1.0,0.25,1.0,0.25
0_base,0.9733057407636129,0.04827118711948987,1.0,1.0,-0.55300606488729,14,74,400,20,2,100,0.0,0,0.3,0.0,0.0,1.0,0.7,1.0,1.0,0.25,1.0,0.25
0_base,1.0554143723500042,0.04971423582419897,1.0,1.0,1.1146580336860104,15,75,400,20,2,100,0.0,0,0.3,0.0,0.0,1.0,0.7,1.0,1.0,0.25,1.0,0.25
0_base,0.9540975352628306,0.04825728929141454,1.0,1.0,-0.9512027179971736,16,76,400,20,2,100,0.0,0,0.3,0.0,0.0,1.0,0.7,1.0,1.0,0.25,1.0,0.25
0_base,1.0326133740738053,0.05056841084550856,1.0,1.0,0.6449357124043766,17,77,400,20,2,100,0.0,0,0.3,0.0,0.0,1.0,0.7,1.0,1.0,0.25,1.0,0.25
0_base,0.9612107087935917,0.051772689756214775,1.0,1.0,-0.7492230245146193,18,78,400,20,2,100,0.0,0,0.3,0.0,0.0,1.0,0.7,1.0,1.0,0.25,1.0,0.25
0_base,0.9223082387610271,0.050702477537183585,1.0,1.0,-1.532306999830457,19,79,400,20,2,100,0.0,0,0.3,0.0,0.0,1.0,0.7,1.0,1.0,0.25,1.0,0.25
0_base,0.9486940680040035,0.046016630281281785,1.0,1.0,-1.1149432646932924,20,80,400,20,2,100,0.0,0,0.3,0.0,0.0,1.0,0.7,1.0,1.0,0.25,1.0,0.25
0_base,0.975324248279331,0.05196144985023453,1.0,1.0,-0.4748857430227704,21,81,400,20,2,100,0.0,0,0.3,0.0,0.0,1.0,0.7,1.0,1.0,0.25,1.0,0.25
0_base,1.0016627099260058,0.051545299297311435,1.0,1.0,0.03225725621293536,22,82,400,20,2,100,0.0,0,0.3,0.0,0.0,1.0,0.7,1.0,1.0,0.25,1.0,0.25
0_base,0.912044810865746,0.04976783833208572,1.0,1.0,-1.7673098145705202,23,83,400,20,2,100,0.0,0,0.3,0.0,0.0,1.0,0.7,1.0,1.0,0.25,1.0,0.25
0_base,1.088570134930779,0.055488837219396896,1.0,1.0,1.5961793284761445,24,84,400,20,2,100,0.0,0,0.3,0.0,0.0,1.0,0.7,1.0,1.0,0.25,1.0,0.25
0_base,1.042960878995982,0.05352707409781432,1.0,1.0,0.8026009214977124,25,85,400,20,2,100,0.0,0,0.3,0.0,0.0,1.0,0.7,1.0,1.0,0.25,1.0,0.25
0_base,0.9124860076198795,0.049682640629472585,1.0,1.0,-1.7614601653883448,26,86,400,20,2,100,0.0,0,0.3,0.0,0.0,1.0,0.7,1.0,1.0,0.25,1.0,0.25
0_base,0.9534768962389285,0.04591920214235024,1.0,1.0,-1.0131513961599148,27,87,400,20,2,100,0.0,0,0.3,0.0,0.0,1.0,0.7,1.0,1.0,0.25,1.0,0.25
0_base,1.0965693740382132,0.052195305125752677,1.0,1.0,1.8501544115040869,28,88,400,20,2,100,0.0,0,0.3,0.0,0.0,1.0,0.7,1.0,1.0,0.25,1.0,0.25
0_base,0.9722567971165896,0.05414758103645123,1.0,1.0,-0.5123627381384611,29,89,400,20,2,100,0.0,0,0.3,0.0,0.0,1.0,0.7,1.0,1.0,0.25,1.0,0.25
0_base,0.9975631012648326,0.05049453049978556,1.0,1.0,-0.048260647461168905,30,90,400,20,2,100,0.0,0,0.3,0.0,0.0,1.0,0.7,1.0,1.0,0.25,1.0,0.25
0_base,0.9207435658774433,0.051766322133052635,1.0,1.0,-1.531042400865324,31,91,400,20,2,100,0.0,0,0.3,0.0,0.0,1.0,0.7,1.0,1.0,0.25,1.0,0.25
0_base,1.0535068605877056,0.04865778268700786,1.0,1.0,1.0996567790992353,32,92,400,20,2,100,0.0,0,0.3,0.0,0.0,1.0,0.7,1.0,1.0,0.25,1.0,0.25
0_base,0.9875276750241507,0.05261107334019262,1.0,1.0,-0.2370665372135821,33,93,400,20,2,100,0.0,0,0.3,0.0,0.0,1.0,0.7,1.0,1.0,0.25,1.0,0.25
0_base,1.0618256328100946,0.05947269358109379,1.0,1.0,1.0395633539919027,34,94,400,20,2,100,0.0,0,0.3,0.0,0.0,1.0,0.7,1.0,1.0,0.25,1.0,0.25
0_base,1.0524416935735221,0.051999188839979,1.0,1.0,1.0085098391612393,35,95,400,20,2,100,0.0,0,0.3,0.0,0.0,1.0,0.7,1.0,1.0,0.25,1.0,0.25
0_base,0.9768999951360157,0.0496144190230929,1.0,1.0,-0.4655905544965164,36,96,400,20,2,100,0.0,0,0.3,0.0,0.0,1.0,0.7,1.0,1.0,0.25,1.0,0.25
0_base,1.0482528721113005,0.053141712462820345,1.0,1.0,0.9080037107396518,37,97,400,20,2,100,0.0,0,0.3,0.0,0.0,1.0,0.7,1.0,1.0,0.25,1.0,0.25
0_base,1.0537064503508198,0.04478060647515744,1.0,1.0,1.1993238720564012,38,98,400,20,2,100,0.0,0,0.3,0.0,0.0,1.0,0.7,1.0,1.0,0.25,1.0,0.25
0_base,0.9551540551472625,0.05789848700187969,1.0,1.0,-0.7745616021241035,39,99,400,20,2,100,0.0,0,0.3,0.0,0.0,1.0,0.7,1.0,1.0,0.25,1.0,0.25
0_base,1.0164493606640308,0.04908467797309255,1.0,1.0,0.33512210619061367,40,100,400,20,2,100,0.0,0,0.3,0.0,0.0,1.0,0.7,1.0,1.0,0.25,1.0,0.25
0_base,1.014482037618242,0.04695261362518852,1.0,1.0,0.30843943499820053,41,101,400,20,2,100,0.0,0,0.3,0.0,0.0,1.0,0.7,1.0,1.0,0.25,1.0,0.25
0_base,0.9435406234016221,0.0504781048737944,1.0,1.0,-1.1184923986258568,42,102,400,20,2,100,0.0,0,0.3,0.0,0.0,1.0,0.7,1.0,1.0,0.25,1.0,0.25
0_base,1.0066507662495416,0.05037160356646298,1.0,1.0,0.13203403859808163,43,103,400,20,2,100,0.0,0,0.3,0.0,0.0,1.0,0.7,1.0,1.0,0.25,1.0,0.25
0_base,0.9145397381455211,0.0498531217575568,1.0,1.0,-1.7142409309909399,44,104,400,20,2,100,0.0,0,0.3,0.0,0.0,1.0,0.7,1.0,1.0,0.25,1.0,0.25
0_base,0.9947936172927667,0.048921808412112605,1.0,1.0,-0.10642253171377507,45,105,400,20,2,100,0.0,0,0.3,0.0,0.0,1.0,0.7,1.0,1.0,0.25,1.0,0.25
0_base,0.9285582808741808,0.05141968864390137,1.0,1.0,-1.3893845141804948,46,106,400,20,2,100,0.0,0,0.3,0.0,0.0,1.0,0.7,1.0,1.0,0.25,1.0,0.25
0_base,0.994858633276184,0.050381270601430286,1.0,1.0,-0.10204916752675317,47,107,400,20,2,100,0.0,0,0.3,0.0,0.0,1.0,0.7,1.0,1.0,0.25,1.0,0.25
0_base,0.9221729942172958,0.04797266984506613,1.0,1.0,-1.6223196673034135,48,108,400,20,2,100,0.0,0,0.3,0.0,0.0,1.0,0.7,1.0,1.0,0.25,1.0,0.25
0_base,0.8974224632211405,0.046415563911279795,1.0,1.0,-2.209981483256985,49,109,400,20,2,100,0.0,0,0.3,0.0,0.0,1.0,0.7,1.0,1.0,0.25,1.0,0.25
0_base,0.9524979599247297,0.04964326671413984,1.0,1.0,-0.9568677329153341,50,110,400,20,2,100,0.0,0,0.3,0.0,0.0,1.0,0.7,1.0,1.0,0.25,1.0,0.25
0_base,1.0557715953110822,0.05252644310472413,1.0,1.0,1.0617813050826248,51,111,400,20,2,100,0.0,0,0.3,0.0,0.0,1.0,0.7,1.0,1.0,0.25,1.0,0.25
0_base,0.93361062651595,0.04490892838850102,1.0,1.0,-1.4783112371269391,52,112,400,20,2,100,0.0,0,0.3,0.0,0.0,1.0,0.7,1.0,1.0,0.25,1.0,0.25
0_base,0.9697831087639309,0.04985530254867734,1.0,1.0,-0.6060918235641262,53,113,400,20,2,100,0.0,0,0.3,0.0,0.0,1.0,0.7,1.0,1.0,0.25,1.0,0.25
0_base,0.99275906129126,0.05220501860757439,1.0,1.0,-0.13870196586213654,54,114,400,20,2,100,0.0,0,0.3,0.0,0.0,1.0,0.7,1.0,1.0,0.25,1.0,0.25
0_base,1.0046558424422267,0.0473319746593001,1.0,1.0,0.09836569202404721,55,115,400,20,2,100,0.0,0,0.3,0.0,0.0,1.0,0.7,1.0,1.0,0.25,1.0,0.25
0_base,0.9905623725555086,0.051703265351713275,1.0,1.0,-0.18253445658202824,56,116,400,20,2,100,0.0,0,0.3,0.0,0.0,1.0,0.7,1.0,1.0,0.25,1.0,0.25
0_base,0.9270268670628878,0.051050480190334764,1.0,1.0,-1.429430882237381,57,117,400,20,2,100,0.0,0,0.3,0.0,0.0,1.0,0.7,1.0,1.0,0.25,1.0,0.25
0_base,0.9745309778906596,0.053592156257821176,1.0,1.0,-0.47523786851967753,58,118,400,20,2,100,0.0,0,0.3,0.0,0.0,1.0,0.7,1.0,1.0,0.25,1.0,0.25
0_base,1.0672734472339924,0.06397292696051811,1.0,1.0,1.051592453718919,59,119,400,20,2,100,0.0,0,0.3,0.0,0.0,1.0,0.7,1.0,1.0,0.25,1.0,0.25
0_base,0.9934705907113904,0.05050569366638381,1.0,1.0,-0.1292806575777315,60,120,400,20,2,100,0.0,0,0.3,0.0,0.0,1.0,0.7,1.0,1.0,0.25,1.0,0.25
0_base,0.9828948599398621,0.04971255365501622,1.0,1.0,-0.34408089712792034,61,121,400,20,2,100,0.0,0,0.3,0.0,0.0,1.0,0.7,1.0,1.0,0.25,1.0,0.25
0_base,1.0166731639716764,0.04341134374652252,1.0,1.0,0.3840738971138622,62,122,400,20,2,100,0.0,0,0.3,0.0,0.0,1.0,0.7,1.0,1.0,0.25,1.0,0.25
0_base,1.1075752102337324,0.04620655275950755,1.0,1.0,2.328137543469903,63,123,400,20,2,100,0.0,0,0.3,0.0,0.0,1.0,0.7,1.0,1.0,0.25,1.0,0.25
0_base,1.0469779203055254,0.04732118433222267,1.0,1.0,0.9927460812415986,64,124,400,20,2,100,0.0,0,0.3,0.0,0.0,1.0,0.7,1.0,1.0,0.25,1.0,0.25
0_base,0.9651938817848782,0.0519523839277216,1.0,1.0,-0.6699619071098948,65,125,400,20,2,100,0.0,0,0.3,0.0,0.0,1.0,0.7,1.0,1.0,0.25,1.0,0.25
0_base,0.9827074665927324,0.05810322081804463,1.0,1.0,-0.29761746704921316,66,126,400,20,2,100,0.0,0,0.3,0.0,0.0,1.0,0.7,1.0,1.0,0.25,1.0,0.25
0_base,0.8508394413715988,0.0535360574531205,1.0,1.0,-2.7861700267901766,67,127,400,20,2,100,0.0,0,0.3,0.0,0.0,1.0,0.7,1.0,1.0,0.25,1.0,0.25
0_base,0.9879291134734973,0.05129022693076735,1.0,1.0,-0.23534476739196766,68,128,400,20,2,100,0.0,0,0.3,0.0,0.0,1.0,0.7,1.0,1.0,0.25,1.0,0.25
0_base,0.9825863325287831,0.053825751916512815,1.0,1.0,-0.3235192607848113,69,129,400,20,2,100,0.0,0,0.3,0.0,0.0,1.0,0.7,1.0,1.0,0.25,1.0,0.25
0_base,0.885854615069794,0.04780841831035708,1.0,1.0,-2.3875582787368193,70,130,400,20,2,100,0.0,0,0.3,0.0,0.0,1.0,0.7,1.0,1.0,0.25,1.0,0.25
0_base,1.0344066981489646,0.05314468522636905,1.0,1.0,0.6474155976728382,71,131,400,20,2,100,0.0,0,0.3,0.0,0.0,1.0,0.7,1.0,1.0,0.25,1.0,0.25
0_base,0.9682407015959916,0.04809752254588429,1.0,1.0,-0.6603104842606081,72,132,400,20,2,100,0.0,0,0.3,0.0,0.0,1.0,0.7,1.0,1.0,0.25,1.0,0.25
0_base,0.9917926224560185,0.052080503637242495,1.0,1.0,-0.157590210746588,73,133,400,20,2,100,0.0,0,0.3,0.0,0.0,1.0,0.7,1.0,1.0,0.25,1.0,0.25
0_base,0.9353219372135348,0.055994263929636114,1.0,1.0,-1.1550837219280412,74,134,400,20,2,100,0.0,0,0.3,0.0,0.0,1.0,0.7,1.0,1.0,0.25,1.0,0.25
0_base,0.8531403458353023,0.05061015860737482,1.0,1.0,-2.9017821363495506,75,135,400,20,2,100,0.0,0,0.3,0.0,0.0,1.0,0.7,1.0,1.0,0.25,1.0,0.25
0_base,1.0291563781687547,0.04929560801938789,1.0,1.0,0.5914599563776057,76,136,400,20,2,100,0.0,0,0.3,0.0,0.0,1.0,0.7,1.0,1.0,0.25,1.0,0.25
0_base,0.8735493067114304,0.05042848839814742,1.0,1.0,-2.5075249587139123,77,137,400,20,2,100,0.0,0,0.3,0.0,0.0,1.0,0.7,1.0,1.0,0.25,1.0,0.25
0_base,0.9124785907036279,0.05560334342084753,1.0,1.0,-1.57403141451306,78,138,400,20,2,100,0.0,0,0.3,0.0,0.0,1.0,0.7,1.0,1.0,0.25,1.0,0.25
0_base,0.92629960399357,0.051051764176459444,1.0,1.0,-1.4436405322191406,79,139,400,20,2,100,0.0,0,0.3,0.0,0.0,1.0,0.7,1.0,1.0,0.25,1.0,0.25
0_base,1.0057717988438606,0.043828072717386035,1.0,1.0,0.13169182412100428,80,140,400,20,2,100,0.0,0,0.3,0.0,0.0,1.0,0.7,1.0,1.0,0.25,1.0,0.25
0_base,0.9814215734803959,0.052183523970159074,1.0,1.0,-0.3560209258812812,81,141,400,20,2,100,0.0,0,0.3,0.0,0.0,1.0,0.7,1.0,1.0,0.25,1.0,0.25
0_base,0.9221534020380834,0.048634432031524455,1.0,1.0,-1.6006478272730125,82,142,400,20,2,100,0.0,0,0.3,0.0,0.0,1.0,0.7,1.0,1.0,0.25,1.0,0.25
0_base,1.1170252102118587,0.05122190915044908,1.0,1.0,2.284670996313942,83,143,400,20,2,100,0.0,0,0.3,0.0,0.0,1.0,0.7,1.0,1.0,0.25,1.0,0.25
0_base,1.029194877907,0.04701512725798094,1.0,1.0,0.62096775250234,84,144,400,20,2,100,0.0,0,0.3,0.0,0.0,1.0,0.7,1.0,1.0,0.25,1.0,0.25
0_base,0.9050896572622916,0.053145976733644046,1.0,1.0,-1.7858424770962091,85,145,400,20,2,100,0.0,0,0.3,0.0,0.0,1.0,0.7,1.0,1.0,0.25,1.0,0.25
0_base,0.9444176193836479,0.051863434642305486,1.0,1.0,-1.0717065115277393,86,146,400,20,2,100,0.0,0,0.3,0.0,0.0,1.0,0.7,1.0,1.0,0.25,1.0,0.25
0_base,0.9918268890872066,0.05056029276133338,1.0,1.0,-0.16165078298446622,87,147,400,20,2,100,0.0,0,0.3,0.0,0.0,1.0,0.7,1.0,1.0,0.25,1.0,0.25
0_base,1.1106033995463322,0.049838529620745795,1.0,1.0,2.219234804637825,88,148,400,20,2,100,0.0,0,0.3,0.0,0.0,1.0,0.7,1.0,1.0,0.25,1.0,0.25
0_base,0.9125973006296461,0.051765320663993475,1.0,1.0,-1.6884411851262586,89,149,400,20,2,100,0.0,0,0.3,0.0,0.0,1.0,0.7,1.0,1.0,0.25,1.0,0.25
0_base,0.9486685976644856,0.04911966934906282,1.0,1.0,-1.0450274404482274,90,150,400,20,2,100,0.0,0,0.3,0.0,0.0,1.0,0.7,1.0,1.0,0.25,1.0,0.25
0_base,0.9831954777091274,0.05054533000608518,1.0,1.0,-0.332464389664673,91,151,400,20,2,100,0.0,0,0.3,0.0,0.0,1.0,0.7,1.0,1.0,0.25,1.0,0.25
0_base,0.9971353025938264,0.04435930697883996,1.0,1.0,-0.0645793994829556,92,152,400,20,2,100,0.0,0,0.3,0.0,0.0,1.0,0.7,1.0,1.0,0.25,1.0,0.25
0_base,0.8996216845748317,0.05408248592954453,1.0,1.0,-1.856022586608449,93,153,400,20,2,100,0.0,0,0.3,0.0,0.0,1.0,0.7,1.0,1.0,0.25,1.0,0.25
0_base,1.0314155371316363,0.054718811112702034,1.0,1.0,0.5741268220709509,94,154,400,20,2,100,0.0,0,0.3,0.0,0.0,1.0,0.7,1.0,1.0,0.25,1.0,0.25
0_base,0.9092287194366039,0.04140790628595427,1.0,1.0,-2.1921243720112,95,155,400,20,2,100,0.0,0,0.3,0.0,0.0,1.0,0.7,1.0,1.0,0.25,1.0,0.25
0_base,0.9192741720354007,0.048261791761960424,1.0,1.0,-1.6726653739413535,96,156,400,20,2,100,0.0,0,0.3,0.0,0.0,1.0,0.7,1.0,1.0,0.25,1.0,0.25
0_base,1.0140013842872238,0.05309404446014273,1.0,1.0,0.26370913027231285,97,157,400,20,2,100,0.0,0,0.3,0.0,0.0,1.0,0.7,1.0,1.0,0.25,1.0,0.25
0_base,0.9596717268272305,0.057359995222568724,1.0,1.0,-0.703073161291026,98,158,400,20,2,100,0.0,0,0.3,0.0,0.0,1.0,0.7,1.0,1.0,0.25,1.0,0.25
0_base,0.9115996302384627,0.05627619182320285,1.0,1.0,-1.570830699405811,99,159,400,20,2,100,0.0,0,0.3,0.0,0.0,1.0,0.7,1.0,1.0,0.25,1.0,0.25
inter_0.25,1.0769191542060044,0.0539474926958944,1.0,0.9990908476930772,1.4426677241822987,0,61,400,20,2,100,0.0,0,0.3,0.25,0.0,1.0,0.7,1.0,1.0,0.25,1.0,0.25
inter_0.25,0.9574879659444273,0.07056983724253837,1.0,0.9936849109014241,-0.5129237415213681,1,62,400,20,2,100,0.0,0,0.3,0.25,0.0,1.0,0.7,1.0,1.0,0.25,1.0,0.25
inter_0.25,0.9273348440683322,0.05467466184879235,1.0,1.0033517866408548,-1.3903504841557903,2,63,400,20,2,100,0.0,0,0.3,0.25,0.0,1.0,0.7,1.0,1.0,0.25,1.0,0.25
inter_0.25,1.0432419572791438,0.050902972801602824,1.0,0.9930599611014677,0.9858362570151509,3,64,400,20,2,100,0.0,0,0.3,0.25,0.0,1.0,0.7,1.0,1.0,0.25,1.0,0.25
inter_0.25,1.0970286633317514,0.05144376609801654,1.0,1.0083242022603165,1.724299517699094,4,65,400,20,2,100,0.0,0,0.3,0.25,0.0,1.0,0.7,1.0,1.0,0.25,1.0,0.25
inter_0.25,0.9190107211513808,0.06418152458852608,1.0,1.0022835438175215,-1.2974578463196493,5,66,400,20,2,100,0.0,0,0.3,0.25,0.0,1.0,0.7,1.0,1.0,0.25,1.0,0.25
inter_0.25,0.9761253876296203,0.061023726670145106,1.0,0.9922619130252599,-0.2644303499008383,6,67,400,20,2,100,0.0,0,0.3,0.25,0.0,1.0,0.7,1.0,1.0,0.25,1.0,0.25
inter_0.25,0.8308719281118601,0.05677141569694491,1.0,0.9977633248893616,-2.939708209293125,7,68,400,20,2,100,0.0,0,0.3,0.25,0.0,1.0,0.7,1.0,1.0,0.25,1.0,0.25
inter_0.25,0.9925271860922713,0.05114714222794532,1.0,0.9874845844406039,0.09859009579057644,8,69,400,20,2,100,0.0,0,0.3,0.25,0.0,1.0,0.7,1.0,1.0,0.25,1.0,0.25
inter_0.25,1.0032500943072564,0.05357176894630107,1.0,0.9934982741052525,0.18203282052864267,9,70,400,20,2,100,0.0,0,0.3,0.25,0.0,1.0,0.7,1.0,1.0,0.25,1.0,0.25
inter_0.25,0.9873501585701039,0.051631486315603034,1.0,1.0063360748052312,-0.36771973053562496,10,71,400,20,2,100,0.0,0,0.3,0.25,0.0,1.0,0.7,1.0,1.0,0.25,1.0,0.25
inter_0.25,0.9447172299531891,0.056209882430049984,1.0,1.0125244337014465,-1.2063217501413503,11,72,400,20,2,100,0.0,0,0.3,0.25,0.0,1.0,0.7,1.0,1.0,0.25,1.0,0.25
inter_0.25,0.9434480199950156,0.057886520594463024,1.0,0.9994063554749537,-0.9666902571665476,12,73,400,20,2,100,0.0,0,0.3,0.25,0.0,1.0,0.7,1.0,1.0,0.25,1.0,0.25
inter_0.25,1.022191732633361,0.05287797263205544,1.0,1.0124451427350918,0.1843223068722688,13,74,400,20,2,100,0.0,0,0.3,0.25,0.0,1.0,0.7,1.0,1.0,0.25,1.0,0.25
inter_0.25,1.1089614000374992,0.05668819079873223,1.0,1.018560476602814,1.5947046847137503,14,75,400,20,2,100,0.0,0,0.3,0.25,0.0,1.0,0.7,1.0,1.0,0.25,1.0,0.25
inter_0.25,0.961898303858441,0.05282806214552988,1.0,1.0101469909758405,-0.9133154834353908,15,76,400,20,2,100,0.0,0,0.3,0.25,0.0,1.0,0.7,1.0,1.0,0.25,1.0,0.25
inter_0.25,1.0018488614863,0.060655713644425575,1.0,0.9793596335774347,0.37076849908486775,16,77,400,20,2,100,0.0,0,0.3,0.25,0.0,1.0,0.7,1.0,1.0,0.25,1.0,0.25
inter_0.25,0.9784410017593452,0.05228047910316611,1.0,0.9949777833009594,-0.3163089134853152,17,78,400,20,2,100,0.0,0,0.3,0.25,0.0,1.0,0.7,1.0,1.0,0.25,1.0,0.25
inter_0.25,0.8666607203300549,0.05299699846624018,1.0,0.9736397432975185,-2.018586449487524,18,79,400,20,2,100,0.0,0,0.3,0.25,0.0,1.0,0.7,1.0,1.0,0.25,1.0,0.25
inter_0.25,0.9516408960404252,0.05898641572291787,1.0,1.0205247515867557,-1.1677918500745108,19,80,400,20,2,100,0.0,0,0.3,0.25,0.0,1.0,0.7,1.0,1.0,0.25,1.0,0.25
inter_0.25,0.9588827684589345,0.059030956012777275,1.0,0.9971910853792676,-0.6489530156354107,20,81,400,20,2,100,0.0,0,0.3,0.25,0.0,1.0,0.7,1.0,1.0,0.25,1.0,0.25
inter_0.25,1.0225280114507949,0.0575241541015154,1.0,1.0033728005945042,0.33299422052320216,21,82,400,20,2,100,0.0,0,0.3,0.25,0.0,1.0,0.7,1.0,1.0,0.25,1.0,0.25
inter_0.25,0.9155553644746719,0.05778188117503878,1.0,0.9901384724791467,-1.2907698137853973,22,83,400,20,2,100,0.0,0,0.3,0.25,0.0,1.0,0.7,1.0,1.0,0.25,1.0,0.25
inter_0.25,1.11061553971839,0.05988111141806996,1.0,1.0114262061098165,1.6564377524001979,23,84,400,20,2,100,0.0,0,0.3,0.25,0.0,1.0,0.7,1.0,1.0,0.25,1.0,0.25
inter_0.25,1.0392606559909225,0.05250399950048861,1.0,1.0051341892403558,0.6499784221247594,24,85,400,20,2,100,0.0,0,0.3,0.25,0.0,1.0,0.7,1.0,1.0,0.25,1.0,0.25
inter_0.25,0.9280821847015007,0.0552859263763381,1.0,1.0028170108666623,-1.3517875355191198,25,86,400,20,2,100,0.0,0,0.3,0.25,0.0,1.0,0.7,1.0,1.0,0.25,1.0,0.25
inter_0.25,0.9279168245168348,0.051183096862059185,1.0,1.01201150505312,-1.6430166537777944,26,87,400,20,2,100,0.0,0,0.3,0.25,0.0,1.0,0.7,1.0,1.0,0.25,1.0,0.25
inter_0.25,1.0658350309855595,0.05441461755707421,1.0,1.0076669950665902,1.0689781262903901,27,88,400,20,2,100,0.0,0,0.3,0.25,0.0,1.0,0.7,1.0,1.0,0.25,1.0,0.25
inter_0.25,0.9693881994402225,0.06222785589113593,1.0,0.9994137098418894,-0.48250915882743595,28,89,400,20,2,100,0.0,0,0.3,0.25,0.0,1.0,0.7,1.0,1.0,0.25,1.0,0.25
inter_0.25,0.9777565109674838,0.059623952911315475,1.0,0.979507014968334,-0.0293590732478588,29,90,400,20,2,100,0.0,0,0.3,0.25,0.0,1.0,0.7,1.0,1.0,0.25,1.0,0.25
inter_0.25,0.8980679851920539,0.06015209707911736,1.0,0.9992856400330059,-1.6826953631861181,30,91,400,20,2,100,0.0,0,0.3,0.25,0.0,1.0,0.7,1.0,1.0,0.25,1.0,0.25
inter_0.25,1.026144145917073,0.05410065144717365,1.0,1.007500528257314,0.34460985516900033,31,92,400,20,2,100,0.0,0,0.3,0.25,0.0,1.0,0.7,1.0,1.0,0.25,1.0,0.25
inter_0.25,0.9216955631574562,0.057702905064673043,1.0,0.9639867052341746,-0.7329118357094644,32,93,400,20,2,100,0.0,0,0.3,0.25,0.0,1.0,0.7,1.0,1.0,0.25,1.0,0.25
inter_0.25,1.042136957413625,0.06861770009806926,1.0,0.9760434618935606,0.9632135065092934,33,94,400,20,2,100,0.0,0,0.3,0.25,0.0,1.0,0.7,1.0,1.0,0.25,1.0,0.25
inter_0.25,1.0893949528236397,0.06304060673911159,1.0,1.029331320515853,0.9527768753298206,34,95,400,20,2,100,0.0,0,0.3,0.25,0.0,1.0,0.7,1.0,1.0,0.25,1.0,0.25
inter_0.25,0.93510151887749,0.054723163560800564,1.0,0.9906121728653696,-1.0143904404613608,35,96,400,20,2,100,0.0,0,0.3,0.25,0.0,1.0,0.7,1.0,1.0,0.25,1.0,0.25
inter_0.25,1.0918312612056262,0.0660184593205938,1.0,0.9928917096138021,1.4986649584074874,36,97,400,20,2,100,0.0,0,0.3,0.25,0.0,1.0,0.7,1.0,1.0,0.25,1.0,0.25
inter_0.25,1.0542813413712695,0.05054240832171852,1.0,1.0027680753328285,1.0192087743532647,37,98,400,20,2,100,0.0,0,0.3,0.25,0.0,1.0,0.7,1.0,1.0,0.25,1.0,0.25
inter_0.25,0.950368866045748,0.061232731844708205,1.0,0.9866499153795587,-0.5925107085834871,38,99,400,20,2,100,0.0,0,0.3,0.25,0.0,1.0,0.7,1.0,1.0,0.25,1.0,0.25
inter_0.25,1.0118129936598113,0.05495185467135673,1.0,0.9958665963035332,0.2901885195985925,39,100,400,20,2,100,0.0,0,0.3,0.25,0.0,1.0,0.7,1.0,1.0,0.25,1.0,0.25
inter_0.25,0.9976749207032514,0.050403418375595394,1.0,0.9922967603859685,0.10670229303111939,40,101,400,20,2,100,0.0,0,0.3,0.25,0.0,1.0,0.7,1.0,1.0,0.25,1.0,0.25
inter_0.25,0.9562779234595657,0.05547026838187306,1.0,1.02573059918167,-1.252070302670476,41,102,400,20,2,100,0.0,0,0.3,0.25,0.0,1.0,0.7,1.0,1.0,0.25,1.0,0.25
inter_0.25,0.9886019795713903,0.05371000403997698,1.0,0.9917199630788494,-0.058052192756089055,42,103,400,20,2,100,0.0,0,0.3,0.25,0.0,1.0,0.7,1.0,1.0,0.25,1.0,0.25
inter_0.25,0.9278517309845166,0.0573211708036709,1.0,0.9939241394452545,-1.1526702531433044,43,104,400,20,2,100,0.0,0,0.3,0.25,0.0,1.0,0.7,1.0,1.0,0.25,1.0,0.25
inter_0.25,0.9593191027487117,0.06059325065756976,1.0,1.0030692743746639,-0.7220304431791792,44,105,400,20,2,100,0.0,0,0.3,0.25,0.0,1.0,0.7,1.0,1.0,0.25,1.0,0.25
inter_0.25,0.9680063557299109,0.059500140415310473,1.0,1.008748450445309,-0.6847394717225651,45,106,400,20,2,100,0.0,0,0.3,0.25,0.0,1.0,0.7,1.0,1.0,0.25,1.0,0.25
inter_0.25,0.9637284217263277,0.05874702472725957,1.0,0.9904629791163644,-0.45507934255658483,46,107,400,20,2,100,0.0,0,0.3,0.25,0.0,1.0,0.7,1.0,1.0,0.25,1.0,0.25
inter_0.25,0.9726366881456316,0.05117519857004772,1.0,0.9843569141390327,-0.22902160266869537,47,108,400,20,2,100,0.0,0,0.3,0.25,0.0,1.0,0.7,1.0,1.0,0.25,1.0,0.25
inter_0.25,0.9327024485492567,0.05109206659708423,1.0,0.9954581964731614,-1.2282875229690966,48,109,400,20,2,100,0.0,0,0.3,0.25,0.0,1.0,0.7,1.0,1.0,0.25,1.0,0.25
inter_0.25,0.9535523612543093,0.05562326763507374,1.0,0.9977873157054159,-0.7952599034871128,49,110,400,20,2,100,0.0,0,0.3,0.25,0.0,1.0,0.7,1.0,1.0,0.25,1.0,0.25
inter_0.25,1.0431547727068047,0.0631759335541357,1.0,1.010030911175762,0.5243113899165223,50,111,400,20,2,100,0.0,0,0.3,0.25,0.0,1.0,0.7,1.0,1.0,0.25,1.0,0.25
inter_0.25,0.9701395347073287,0.05505068152598545,1.0,0.9900078367164287,-0.36090928319791205,51,112,400,20,2,100,0.0,0,0.3,0.25,0.0,1.0,0.7,1.0,1.0,0.25,1.0,0.25
inter_0.25,0.9353963696646964,0.059169831472662165,1.0,0.9952648994788688,-1.0118083544286076,52,113,400,20,2,100,0.0,0,0.3,0.25,0.0,1.0,0.7,1.0,1.0,0.25,1.0,0.25
inter_0.25,0.985257953220153,0.05360022046337575,1.0,0.9894126815137223,-0.07751326874500819,53,114,400,20,2,100,0.0,0,0.3,0.25,0.0,1.0,0.7,1.0,1.0,0.25,1.0,0.25
inter_0.25,0.9890611990916954,0.04937217541019223,1.0,0.9974983755141625,-0.17088929852431345,54,115,400,20,2,100,0.0,0,0.3,0.25,0.0,1.0,0.7,1.0,1.0,0.25,1.0,0.25
inter_0.25,0.9510709518497052,0.054697858673312706,1.0,1.004505068383801,-0.9768959485824719,55,116,400,20,2,100,0.0,0,0.3,0.25,0.0,1.0,0.7,1.0,1.0,0.25,1.0,0.25
inter_0.25,0.9126321145386248,0.059548879360537474,1.0,1.0062776216590974,-1.5725821900610049,56,117,400,20,2,100,0.0,0,0.3,0.25,0.0,1.0,0.7,1.0,1.0,0.25,1.0,0.25
inter_0.25,1.0219500510727721,0.06293729144030046,1.0,1.01903477206505,0.04632037606015098,57,118,400,20,2,100,0.0,0,0.3,0.25,0.0,1.0,0.7,1.0,1.0,0.25,1.0,0.25
inter_0.25,1.0875463632576563,0.07962851519333568,1.0,0.9988179859925488,1.114278937007398,58,119,400,20,2,100,0.0,0,0.3,0.25,0.0,1.0,0.7,1.0,1.0,0.25,1.0,0.25
inter_0.25,1.01581250158524,0.05398914689802003,1.0,1.00926869098451,0.12120603818931287,59,120,400,20,2,100,0.0,0,0.3,0.25,0.0,1.0,0.7,1.0,1.0,0.25,1.0,0.25
inter_0.25,0.9899584443611105,0.05884435719300269,1.0,1.010423901270045,-0.34778962478611686,60,121,400,20,2,100,0.0,0,0.3,0.25,0.0,1.0,0.7,1.0,1.0,0.25,1.0,0.25
inter_0.25,0.9807093070077817,0.04908279867311546,1.0,0.9991471929636042,-0.3756486275083099,61,122,400,20,2,100,0.0,0,0.3,0.25,0.0,1.0,0.7,1.0,1.0,0.25,1.0,0.25
inter_0.25,1.0922597778098033,0.050035359283002415,1.0,1.0101703853918444,1.6406276200328112,62,123,400,20,2,100,0.0,0,0.3,0.25,0.0,1.0,0.7,1.0,1.0,0.25,1.0,0.25
inter_0.25,1.0662908810028429,0.05483829003466502,1.0,1.0042936347924536,1.130546670423145,63,124,400,20,2,100,0.0,0,0.3,0.25,0.0,1.0,0.7,1.0,1.0,0.25,1.0,0.25
inter_0.25,0.9421426536766438,0.05776733785645461,1.0,0.9935948035814879,-0.8906789167383287,64,125,400,20,2,100,0.0,0,0.3,0.25,0.0,1.0,0.7,1.0,1.0,0.25,1.0,0.25
inter_0.25,0.9846662386864065,0.06694843948589564,1.0,1.0041503481630492,-0.2910315703586715,65,126,400,20,2,100,0.0,0,0.3,0.25,0.0,1.0,0.7,1.0,1.0,0.25,1.0,0.25
inter_0.25,0.8266187484770006,0.05675570229791874,1.0,0.9832903037290498,-2.7604548778140034,66,127,400,20,2,100,0.0,0,0.3,0.25,0.0,1.0,0.7,1.0,1.0,0.25,1.0,0.25
inter_0.25,0.9873348045697582,0.05604364622929627,1.0,1.0060319098222958,-0.33361685954622844,67,128,400,20,2,100,0.0,0,0.3,0.25,0.0,1.0,0.7,1.0,1.0,0.25,1.0,0.25
inter_0.25,0.9663478043628506,0.05525571688483673,1.0,0.9962947447223566,-0.5419699905789114,68,129,400,20,2,100,0.0,0,0.3,0.25,0.0,1.0,0.7,1.0,1.0,0.25,1.0,0.25
inter_0.25,0.880217846144656,0.055421004878627035,1.0,0.9999638326980019,-2.1606606884085138,69,130,400,20,2,100,0.0,0,0.3,0.25,0.0,1.0,0.7,1.0,1.0,0.25,1.0,0.25
inter_0.25,1.0121295418770964,0.056343568976582374,1.0,1.0070206130664097,0.09067456860622514,70,131,400,20,2,100,0.0,0,0.3,0.25,0.0,1.0,0.7,1.0,1.0,0.25,1.0,0.25
inter_0.25,0.9902577658112789,0.0511363214832186,1.0,1.020080604458313,-0.5832026587368261,71,132,400,20,2,100,0.0,0,0.3,0.25,0.0,1.0,0.7,1.0,1.0,0.25,1.0,0.25
inter_0.25,0.9676310557030955,0.05666766522008003,1.0,0.9885494071234145,-0.3691408731783553,72,133,400,20,2,100,0.0,0,0.3,0.25,0.0,1.0,0.7,1.0,1.0,0.25,1.0,0.25
inter_0.25,0.9143153969509232,0.05995779491507407,1.0,1.0110743169745282,-1.6137838317879614,73,134,400,20,2,100,0.0,0,0.3,0.25,0.0,1.0,0.7,1.0,1.0,0.25,1.0,0.25
inter_0.25,0.8468356214320625,0.051528312953825386,1.0,0.9946182049538967,-2.867988006016469,74,135,400,20,2,100,0.0,0,0.3,0.25,0.0,1.0,0.7,1.0,1.0,0.25,1.0,0.25
inter_0.25,1.0963251390256006,0.060599396541554766,1.0,1.007837936692423,1.4601993977365646,75,136,400,20,2,100,0.0,0,0.3,0.25,0.0,1.0,0.7,1.0,1.0,0.25,1.0,0.25
inter_0.25,0.860897034838043,0.05862071045801809,1.0,1.0082454858614591,-2.5135903313376153,76,137,400,20,2,100,0.0,0,0.3,0.25,0.0,1.0,0.7,1.0,1.0,0.25,1.0,0.25
inter_0.25,0.9395366386155155,0.06223491467480949,1.0,1.0116107799787784,-1.1580981791308846,77,138,400,20,2,100,0.0,0,0.3,0.25,0.0,1.0,0.7,1.0,1.0,0.25,1.0,0.25
inter_0.25,0.9837647724350417,0.0614019723845699,1.0,1.005895574438178,-0.3604249365888059,78,139,400,20,2,100,0.0,0,0.3,0.25,0.0,1.0,0.7,1.0,1.0,0.25,1.0,0.25
inter_0.25,1.0430583044746793,0.05078560701756412,1.0,0.9930412645926856,0.9848664379396976,79,140,400,20,2,100,0.0,0,0.3,0.25,0.0,1.0,0.7,1.0,1.0,0.25,1.0,0.25
inter_0.25,0.9953359958517041,0.05154654756749581,1.0,1.0132476270942161,-0.34748459572502494,80,141,400,20,2,100,0.0,0,0.3,0.25,0.0,1.0,0.7,1.0,1.0,0.25,1.0,0.25
inter_0.25,0.9150247392543545,0.0496507885167165,1.0,0.9841611624335489,-1.3924536798829992,81,142,400,20,2,100,0.0,0,0.3,0.25,0.0,1.0,0.7,1.0,1.0,0.25,1.0,0.25
inter_0.25,1.1044517770302718,0.056205175783524686,1.0,1.0082420233090914,1.7117596801357593,82,143,400,20,2,100,0.0,0,0.3,0.25,0.0,1.0,0.7,1.0,1.0,0.25,1.0,0.25
inter_0.25,0.9900275275242763,0.05521459827831422,1.0,0.9925719870155788,-0.04608309343259137,83,144,400,20,2,100,0.0,0,0.3,0.25,0.0,1.0,0.7,1.0,1.0,0.25,1.0,0.25
inter_0.25,0.8782888105354848,0.05575605239260358,1.0,0.9955421657262207,-2.1029708912155756,84,145,400,20,2,100,0.0,0,0.3,0.25,0.0,1.0,0.7,1.0,1.0,0.25,1.0,0.25
inter_0.25,0.935086571827213,0.05546838619294317,1.0,1.0072778960732856,-1.301485931012302,85,146,400,20,2,100,0.0,0,0.3,0.25,0.0,1.0,0.7,1.0,1.0,0.25,1.0,0.25
inter_0.25,0.9684137693197274,0.056755912516898495,1.0,0.9913185244849901,-0.4035659748831108,86,147,400,20,2,100,0.0,0,0.3,0.25,0.0,1.0,0.7,1.0,1.0,0.25,1.0,0.25
inter_0.25,1.0936615160212544,0.05751804715396321,1.0,0.9905266649522801,1.79308679922503,87,148,400,20,2,100,0.0,0,0.3,0.25,0.0,1.0,0.7,1.0,1.0,0.25,1.0,0.25
inter_0.25,0.8825055567347736,0.054638134740428786,1.0,0.9801707672072163,-1.7874916655999347,88,149,400,20,2,100,0.0,0,0.3,0.25,0.0,1.0,0.7,1.0,1.0,0.25,1.0,0.25
inter_0.25,0.90456408065369,0.05519311675178764,1.0,0.9711721408016959,-1.2068182423462896,89,150,400,20,2,100,0.0,0,0.3,0.25,0.0,1.0,0.7,1.0,1.0,0.25,1.0,0.25
inter_0.25,1.00425955714961,0.05383447150553688,1.0,0.9956208932323674,0.16046714448295782,90,151,400,20,2,100,0.0,0,0.3,0.25,0.0,1.0,0.7,1.0,1.0,0.25,1.0,0.25
inter_0.25,0.984513699470178,0.04643560011355771,1.0,1.010870364165133,-0.5675960821115741,91,152,400,20,2,100,0.0,0,0.3,0.25,0.0,1.0,0.7,1.0,1.0,0.25,1.0,0.25
inter_0.25,0.9534680468373805,0.05812201644534913,1.0,1.0084413803662815,-0.9458263303818997,92,153,400,20,2,100,0.0,0,0.3,0.25,0.0,1.0,0.7,1.0,1.0,0.25,1.0,0.25
inter_0.25,1.0077099679621826,0.06686173620263823,1.0,0.9948668036258307,0.1920854148541411,93,154,400,20,2,100,0.0,0,0.3,0.25,0.0,1.0,0.7,1.0,1.0,0.25,1.0,0.25
inter_0.25,0.8831183420218295,0.045176602815804816,1.0,1.002978868821264,-2.6531549370397074,94,155,400,20,2,100,0.0,0,0.3,0.25,0.0,1.0,0.7,1.0,1.0,0.25,1.0,0.25
inter_0.25,0.9257416890756366,0.05809361421719677,1.0,1.0067268902258868,-1.3940465271702291,95,156,400,20,2,100,0.0,0,0.3,0.25,0.0,1.0,0.7,1.0,1.0,0.25,1.0,0.25
inter_0.25,1.0420460579984485,0.059418459923324,1.0,1.0160264449756378,0.43790453432127857,96,157,400,20,2,100,0.0,0,0.3,0.25,0.0,1.0,0.7,1.0,1.0,0.25,1.0,0.25
inter_0.25,0.9597588606984622,0.06248900732788233,1.0,1.0115447472357049,-0.8287199421415046,97,158,400,20,2,100,0.0,0,0.3,0.25,0.0,1.0,0.7,1.0,1.0,0.25,1.0,0.25
inter_0.25,0.8887128675809733,0.05999534732058685,1.0,0.9847984264170873,-1.601550172260492,98,159,400,20,2,100,0.0,0,0.3,0.25,0.0,1.0,0.7,1.0,1.0,0.25,1.0,0.25
inter_0.25,1.0414593754826993,0.05324442595202764,1.0,0.9944557176143838,0.8827902081368111,99,160,400,20,2,100,0.0,0,0.3,0.25,0.0,1.0,0.7,1.0,1.0,0.25,1.0,0.25
inter_0.5,0.9655652471184215,0.0902997517316263,1.0,0.9873698218028479,-0.24146882207639184,0,62,400,20,2,100,0.0,0,0.3,0.5,0.0,1.0,0.7,1.0,1.0,0.25,1.0,0.25
inter_0.5,0.9659214678741523,0.07575486182647978,1.0,1.0067035732817096,-0.5383430769231766,1,63,400,20,2,100,0.0,0,0.3,0.5,0.0,1.0,0.7,1.0,1.0,0.25,1.0,0.25
inter_0.5,1.0613431453258204,0.0627776707169915,1.0,0.9861199222029355,1.1982480755299008,2,64,400,20,2,100,0.0,0,0.3,0.5,0.0,1.0,0.7,1.0,1.0,0.25,1.0,0.25
inter_0.5,1.0966737227482701,0.0685486011153412,1.0,1.016648404520633,1.167424526913175,3,65,400,20,2,100,0.0,0,0.3,0.5,0.0,1.0,0.7,1.0,1.0,0.25,1.0,0.25
inter_0.5,0.9478115822077342,0.07926955312366575,1.0,1.004567087635043,-0.7159811452294481,4,66,400,20,2,100,0.0,0,0.3,0.5,0.0,1.0,0.7,1.0,1.0,0.25,1.0,0.25
inter_0.5,0.9582094908890981,0.07444319644409467,1.0,0.9845238260505198,-0.3534820697977848,5,67,400,20,2,100,0.0,0,0.3,0.5,0.0,1.0,0.7,1.0,1.0,0.25,1.0,0.25
inter_0.5,0.8106059301865305,0.06466748560787976,1.0,0.9955266497787233,-2.859562542967654,6,68,400,20,2,100,0.0,0,0.3,0.5,0.0,1.0,0.7,1.0,1.0,0.25,1.0,0.25
inter_0.5,0.9589917045073425,0.0650426053552341,1.0,0.9749691688812075,-0.24564613127969223,7,69,400,20,2,100,0.0,0,0.3,0.5,0.0,1.0,0.7,1.0,1.0,0.25,1.0,0.25
inter_0.5,0.9887263595317355,0.0647642429293012,1.0,0.9869965482105048,0.026709357555820636,8,70,400,20,2,100,0.0,0,0.3,0.5,0.0,1.0,0.7,1.0,1.0,0.25,1.0,0.25
inter_0.5,0.9705708798370926,0.06112180079901472,1.0,1.0126721496104625,-0.6888093809901064,9,71,400,20,2,100,0.0,0,0.3,0.5,0.0,1.0,0.7,1.0,1.0,0.25,1.0,0.25
inter_0.5,0.9541315559455468,0.06443662368638023,1.0,1.0250488674028932,-1.100574601836813,10,72,400,20,2,100,0.0,0,0.3,0.5,0.0,1.0,0.7,1.0,1.0,0.25,1.0,0.25
inter_0.5,0.9325671237043556,0.07281221160820997,1.0,0.9988127109499075,-0.9098142438250346,11,73,400,20,2,100,0.0,0,0.3,0.5,0.0,1.0,0.7,1.0,1.0,0.25,1.0,0.25
inter_0.5,1.054041551464952,0.06795524390247773,1.0,1.0248902854701836,0.42897743162548596,12,74,400,20,2,100,0.0,0,0.3,0.5,0.0,1.0,0.7,1.0,1.0,0.25,1.0,0.25
inter_0.5,1.14633518260797,0.07119499839321769,1.0,1.0371209532056285,1.5340154767493563,13,75,400,20,2,100,0.0,0,0.3,0.5,0.0,1.0,0.7,1.0,1.0,0.25,1.0,0.25
inter_0.5,1.0008098746687548,0.0653927954976977,1.0,1.0202939819516808,-0.297954952600427,14,76,400,20,2,100,0.0,0,0.3,0.5,0.0,1.0,0.7,1.0,1.0,0.25,1.0,0.25
inter_0.5,0.9947306805781622,0.07886924710639238,1.0,0.9587192671548693,0.45659638889051973,15,77,400,20,2,100,0.0,0,0.3,0.5,0.0,1.0,0.7,1.0,1.0,0.25,1.0,0.25
inter_0.5,0.9846338889189277,0.05997274863396829,1.0,0.9899555666019189,-0.08873493051770875,16,78,400,20,2,100,0.0,0,0.3,0.5,0.0,1.0,0.7,1.0,1.0,0.25,1.0,0.25
inter_0.5,0.8040448621217607,0.06336340230390868,1.0,0.9472794865950368,-2.260526096535703,17,79,400,20,2,100,0.0,0,0.3,0.5,0.0,1.0,0.7,1.0,1.0,0.25,1.0,0.25
inter_0.5,0.9467210892968646,0.08062194982131983,1.0,1.0410495031735116,-1.170009086678063,18,80,400,20,2,100,0.0,0,0.3,0.5,0.0,1.0,0.7,1.0,1.0,0.25,1.0,0.25
inter_0.5,0.9466504736307472,0.07030323606557046,1.0,0.9943821707585353,-0.6789402565092411,19,81,400,20,2,100,0.0,0,0.3,0.5,0.0,1.0,0.7,1.0,1.0,0.25,1.0,0.25
inter_0.5,1.0535175416954798,0.06717172965194158,1.0,1.0067456011890084,0.6963039473425195,20,82,400,20,2,100,0.0,0,0.3,0.5,0.0,1.0,0.7,1.0,1.0,0.25,1.0,0.25
inter_0.5,0.9101639264176391,0.07058340752611526,1.0,0.9802769449582931,-0.9933357002453129,21,83,400,20,2,100,0.0,0,0.3,0.5,0.0,1.0,0.7,1.0,1.0,0.25,1.0,0.25
inter_0.5,1.1325092632828628,0.0732121354491609,1.0,1.0228524122196332,1.4977961015681103,22,84,400,20,2,100,0.0,0,0.3,0.5,0.0,1.0,0.7,1.0,1.0,0.25,1.0,0.25
inter_0.5,1.0440800774287553,0.060053025333807096,1.0,1.0102683784807118,0.5630307342569308,23,85,400,20,2,100,0.0,0,0.3,0.5,0.0,1.0,0.7,1.0,1.0,0.25,1.0,0.25
inter_0.5,0.9256189370649666,0.07315622339984076,1.0,1.0056340217333248,-1.0937563606998941,24,86,400,20,2,100,0.0,0,0.3,0.5,0.0,1.0,0.7,1.0,1.0,0.25,1.0,0.25
inter_0.5,0.9033231867601965,0.06664346785209405,1.0,1.0240230101062398,-1.8111275903877,25,87,400,20,2,100,0.0,0,0.3,0.5,0.0,1.0,0.7,1.0,1.0,0.25,1.0,0.25
inter_0.5,1.022245233858907,0.07577704741200098,1.0,1.0153339901331808,0.09120497514438136,26,88,400,20,2,100,0.0,0,0.3,0.5,0.0,1.0,0.7,1.0,1.0,0.25,1.0,0.25
inter_0.5,0.9623225797290026,0.07641486615667517,1.0,0.9988274196837787,-0.4777190851833652,27,89,400,20,2,100,0.0,0,0.3,0.5,0.0,1.0,0.7,1.0,1.0,0.25,1.0,0.25
inter_0.5,0.9546061620625825,0.07531206236484848,1.0,0.9590140299366684,-0.058528046313909184,28,90,400,20,2,100,0.0,0,0.3,0.5,0.0,1.0,0.7,1.0,1.0,0.25,1.0,0.25
inter_0.5,0.8873634847598327,0.07322652953375504,1.0,0.9985712800660116,-1.5186817675814568,29,91,400,20,2,100,0.0,0,0.3,0.5,0.0,1.0,0.7,1.0,1.0,0.25,1.0,0.25
inter_0.5,0.9983034728837253,0.06397659940860359,1.0,1.0150010565146277,-0.2609951730047229,30,92,400,20,2,100,0.0,0,0.3,0.5,0.0,1.0,0.7,1.0,1.0,0.25,1.0,0.25
inter_0.5,0.8627129270902135,0.06808746979373143,1.0,0.9279734104683491,-0.9584800782851813,31,93,400,20,2,100,0.0,0,0.3,0.5,0.0,1.0,0.7,1.0,1.0,0.25,1.0,0.25
inter_0.5,1.0460830629198419,0.08547737186524168,1.0,0.9520869237871213,1.0996610808403073,32,94,400,20,2,100,0.0,0,0.3,0.5,0.0,1.0,0.7,1.0,1.0,0.25,1.0,0.25
inter_0.5,1.1405962715174656,0.0855168364477879,1.0,1.058662641031706,0.9580994092991737,33,95,400,20,2,100,0.0,0,0.3,0.5,0.0,1.0,0.7,1.0,1.0,0.25,1.0,0.25
inter_0.5,0.9014296229946973,0.07255818655313956,1.0,0.9812243457307394,-1.0997342481485897,34,96,400,20,2,100,0.0,0,0.3,0.5,0.0,1.0,0.7,1.0,1.0,0.25,1.0,0.25
inter_0.5,1.1328600354008111,0.09018435935654595,1.0,0.9857834192276045,1.6308439425924828,35,97,400,20,2,100,0.0,0,0.3,0.5,0.0,1.0,0.7,1.0,1.0,0.25,1.0,0.25
inter_0.5,1.081963550487924,0.06623040649180859,1.0,1.005536150665657,1.1539624150082706,36,98,400,20,2,100,0.0,0,0.3,0.5,0.0,1.0,0.7,1.0,1.0,0.25,1.0,0.25
inter_0.5,0.9437533588191369,0.07195282928628076,1.0,0.9732998307591174,-0.4106366939710337,37,99,400,20,2,100,0.0,0,0.3,0.5,0.0,1.0,0.7,1.0,1.0,0.25,1.0,0.25
inter_0.5,0.9797967980254025,0.06689422453772514,1.0,0.9917331926070665,-0.17843684808592705,38,100,400,20,2,100,0.0,0,0.3,0.5,0.0,1.0,0.7,1.0,1.0,0.25,1.0,0.25
inter_0.5,1.00799841570119,0.06380484788579963,1.0,0.984593520771937,0.3668200098391287,39,101,400,20,2,100,0.0,0,0.3,0.5,0.0,1.0,0.7,1.0,1.0,0.25,1.0,0.25
inter_0.5,0.9636903305444009,0.06687391497065327,1.0,1.0514611983633404,-1.312482869553197,40,102,400,20,2,100,0.0,0,0.3,0.5,0.0,1.0,0.7,1.0,1.0,0.25,1.0,0.25
inter_0.5,0.9620197528948997,0.061155548952829604,1.0,0.9834399261576986,-0.3502572314299828,41,103,400,20,2,100,0.0,0,0.3,0.5,0.0,1.0,0.7,1.0,1.0,0.25,1.0,0.25
inter_0.5,0.9036318972413434,0.07203336923780618,1.0,0.9878482788905089,-1.1691301203909967,42,104,400,20,2,100,0.0,0,0.3,0.5,0.0,1.0,0.7,1.0,1.0,0.25,1.0,0.25
inter_0.5,0.933700943846198,0.08332727980494722,1.0,1.0061385487493277,-0.8693144078708914,43,105,400,20,2,100,0.0,0,0.3,0.5,0.0,1.0,0.7,1.0,1.0,0.25,1.0,0.25
inter_0.5,0.9938675963473129,0.07261387421614228,1.0,1.017496900890618,-0.3254103268608174,44,106,400,20,2,100,0.0,0,0.3,0.5,0.0,1.0,0.7,1.0,1.0,0.25,1.0,0.25
inter_0.5,0.9103965277335293,0.07616036415839715,1.0,0.9809259582327292,-0.926064775012287,45,107,400,20,2,100,0.0,0,0.3,0.5,0.0,1.0,0.7,1.0,1.0,0.25,1.0,0.25
inter_0.5,1.0215561759472185,0.06754028703604896,1.0,0.9687138282780654,0.7823826339522217,46,108,400,20,2,100,0.0,0,0.3,0.5,0.0,1.0,0.7,1.0,1.0,0.25,1.0,0.25
inter_0.5,0.9817085373686963,0.061728107780796036,1.0,0.9909163929463228,-0.14916795457791604,47,109,400,20,2,100,0.0,0,0.3,0.5,0.0,1.0,0.7,1.0,1.0,0.25,1.0,0.25
inter_0.5,0.9648977593241158,0.07331391034326445,1.0,0.995574631410832,-0.4184318084123933,48,110,400,20,2,100,0.0,0,0.3,0.5,0.0,1.0,0.7,1.0,1.0,0.25,1.0,0.25
inter_0.5,1.0332139482057925,0.0836125900423761,1.0,1.0200618223515239,0.15729839068019447,49,111,400,20,2,100,0.0,0,0.3,0.5,0.0,1.0,0.7,1.0,1.0,0.25,1.0,0.25
inter_0.5,1.0003801834473935,0.07232543557091875,1.0,0.9800156734328571,0.2815677479683893,50,112,400,20,2,100,0.0,0,0.3,0.5,0.0,1.0,0.7,1.0,1.0,0.25,1.0,0.25
inter_0.5,0.9198894240093751,0.07836159584890733,1.0,0.9905297989577377,-0.9014667731444321,51,113,400,20,2,100,0.0,0,0.3,0.5,0.0,1.0,0.7,1.0,1.0,0.25,1.0,0.25
inter_0.5,0.9838721983472879,0.06668874284587592,1.0,0.9788253630274446,0.07567746975688251,52,114,400,20,2,100,0.0,0,0.3,0.5,0.0,1.0,0.7,1.0,1.0,0.25,1.0,0.25
inter_0.5,0.9802344094095982,0.058249201603755414,1.0,0.994996751028325,-0.2534342310672127,53,115,400,20,2,100,0.0,0,0.3,0.5,0.0,1.0,0.7,1.0,1.0,0.25,1.0,0.25
inter_0.5,0.9154254763177497,0.06360884501298632,1.0,1.0090101367676025,-1.4712523145286895,54,116,400,20,2,100,0.0,0,0.3,0.5,0.0,1.0,0.7,1.0,1.0,0.25,1.0,0.25
inter_0.5,0.918152672302899,0.07953458242073096,1.0,1.0125552433181944,-1.1869374068743337,55,117,400,20,2,100,0.0,0,0.3,0.5,0.0,1.0,0.7,1.0,1.0,0.25,1.0,0.25
inter_0.5,1.0746713200316471,0.08467203737652199,1.0,1.0380695441301002,0.43227701890277065,56,118,400,20,2,100,0.0,0,0.3,0.5,0.0,1.0,0.7,1.0,1.0,0.25,1.0,0.25
inter_0.5,1.1186568282925693,0.10681098327617096,1.0,0.9976359719850976,1.1330375640729722,57,119,400,20,2,100,0.0,0,0.3,0.5,0.0,1.0,0.7,1.0,1.0,0.25,1.0,0.25
inter_0.5,1.018950195101805,0.06805339727156973,1.0,1.0185373819690202,0.006066017999621572,58,120,400,20,2,100,0.0,0,0.3,0.5,0.0,1.0,0.7,1.0,1.0,0.25,1.0,0.25
inter_0.5,0.9976848698371008,0.07920700663734404,1.0,1.0208478025400902,-0.29243540043171756,59,121,400,20,2,100,0.0,0,0.3,0.5,0.0,1.0,0.7,1.0,1.0,0.25,1.0,0.25
inter_0.5,0.979711272920113,0.06597280048899569,1.0,0.9982943859272083,-0.2816784018467587,60,122,400,20,2,100,0.0,0,0.3,0.5,0.0,1.0,0.7,1.0,1.0,0.25,1.0,0.25
inter_0.5,1.0832781162499008,0.06337334804617738,1.0,1.020340770783689,0.993120095538462,61,123,400,20,2,100,0.0,0,0.3,0.5,0.0,1.0,0.7,1.0,1.0,0.25,1.0,0.25
inter_0.5,1.0862013189703459,0.07243680066917618,1.0,1.0085872695849074,1.0714726308787041,62,124,400,20,2,100,0.0,0,0.3,0.5,0.0,1.0,0.7,1.0,1.0,0.25,1.0,0.25
inter_0.5,0.9233520555729008,0.06881916651193776,1.0,0.9871896071629755,-0.9276129721652636,63,125,400,20,2,100,0.0,0,0.3,0.5,0.0,1.0,0.7,1.0,1.0,0.25,1.0,0.25
inter_0.5,0.9841299236533292,0.08454912865390996,1.0,1.0083006963260983,-0.2858784360949337,64,126,400,20,2,100,0.0,0,0.3,0.5,0.0,1.0,0.7,1.0,1.0,0.25,1.0,0.25
inter_0.5,0.7994060951475337,0.06695453888592638,1.0,0.9665806074580996,-2.4968361382547797,65,127,400,20,2,100,0.0,0,0.3,0.5,0.0,1.0,0.7,1.0,1.0,0.25,1.0,0.25
inter_0.5,0.9796492222019231,0.07125377159677268,1.0,1.0120638196445915,-0.45491763756876774,66,128,400,20,2,100,0.0,0,0.3,0.5,0.0,1.0,0.7,1.0,1.0,0.25,1.0,0.25
inter_0.5,0.9726120768044632,0.06682700345401482,1.0,0.9925894894447131,-0.2989422180810023,67,129,400,20,2,100,0.0,0,0.3,0.5,0.0,1.0,0.7,1.0,1.0,0.25,1.0,0.25
inter_0.5,0.8768487462009383,0.07315302473678327,1.0,0.9999276653960036,-1.6824857159074924,68,130,400,20,2,100,0.0,0,0.3,0.5,0.0,1.0,0.7,1.0,1.0,0.25,1.0,0.25
inter_0.5,0.9970773399719417,0.06633756085150978,1.0,1.014041226132819,-0.2557206798551039,69,131,400,20,2,100,0.0,0,0.3,0.5,0.0,1.0,0.7,1.0,1.0,0.25,1.0,0.25
inter_0.5,1.0078468609773699,0.060990003410043785,1.0,1.0401612089166263,-0.5298302366373531,70,132,400,20,2,100,0.0,0,0.3,0.5,0.0,1.0,0.7,1.0,1.0,0.25,1.0,0.25
inter_0.5,0.9598394925697329,0.06937588134927336,1.0,0.9770988142468292,-0.24877985463282465,71,133,400,20,2,100,0.0,0,0.3,0.5,0.0,1.0,0.7,1.0,1.0,0.25,1.0,0.25
inter_0.5,0.9017267174386103,0.06826604001863652,1.0,1.0221486339490562,-1.7640091102042958,72,134,400,20,2,100,0.0,0,0.3,0.5,0.0,1.0,0.7,1.0,1.0,0.25,1.0,0.25
inter_0.5,0.8316195127032407,0.0619789396382625,1.0,0.9892364099077934,-2.5430718583518384,73,135,400,20,2,100,0.0,0,0.3,0.5,0.0,1.0,0.7,1.0,1.0,0.25,1.0,0.25
inter_0.5,1.1345089944912095,0.07617649666063486,1.0,1.0156758733848463,1.5599709400625612,74,136,400,20,2,100,0.0,0,0.3,0.5,0.0,1.0,0.7,1.0,1.0,0.25,1.0,0.25
inter_0.5,0.8675625026422693,0.08465591630363085,1.0,1.0164909717229182,-1.7592210395135899,75,137,400,20,2,100,0.0,0,0.3,0.5,0.0,1.0,0.7,1.0,1.0,0.25,1.0,0.25
inter_0.5,0.9371702785441565,0.07641092514326324,1.0,1.0232215599575567,-1.1261646322441752,76,138,400,20,2,100,0.0,0,0.3,0.5,0.0,1.0,0.7,1.0,1.0,0.25,1.0,0.25
inter_0.5,1.016187466326081,0.08162282645305782,1.0,1.011791148876356,0.05386137237300142,77,139,400,20,2,100,0.0,0,0.3,0.5,0.0,1.0,0.7,1.0,1.0,0.25,1.0,0.25
inter_0.5,1.0546438346180147,0.06563445632273189,1.0,0.9860825291853711,1.0445931797700903,78,140,400,20,2,100,0.0,0,0.3,0.5,0.0,1.0,0.7,1.0,1.0,0.25,1.0,0.25
inter_0.5,0.9976985140805698,0.05752408210262652,1.0,1.026495254188432,-0.5006032092174386,79,141,400,20,2,100,0.0,0,0.3,0.5,0.0,1.0,0.7,1.0,1.0,0.25,1.0,0.25
inter_0.5,0.893768490427929,0.06969436081454237,1.0,0.9683223248670978,-1.0697254923903743,80,142,400,20,2,100,0.0,0,0.3,0.5,0.0,1.0,0.7,1.0,1.0,0.25,1.0,0.25
inter_0.5,1.1043474133373912,0.06954058825921744,1.0,1.0164840466181828,1.263483224957653,81,143,400,20,2,100,0.0,0,0.3,0.5,0.0,1.0,0.7,1.0,1.0,0.25,1.0,0.25
inter_0.5,0.969086452760181,0.06946280356384026,1.0,0.9851439740311576,-0.2311671923264488,82,144,400,20,2,100,0.0,0,0.3,0.5,0.0,1.0,0.7,1.0,1.0,0.25,1.0,0.25
inter_0.5,0.8532878661021684,0.06659315823654206,1.0,0.9910843314524409,-2.0692285664063697,83,145,400,20,2,100,0.0,0,0.3,0.5,0.0,1.0,0.7,1.0,1.0,0.25,1.0,0.25
inter_0.5,0.9254324657641888,0.06199603207380403,1.0,1.014555792146571,-1.4375650086167482,84,146,400,20,2,100,0.0,0,0.3,0.5,0.0,1.0,0.7,1.0,1.0,0.25,1.0,0.25
inter_0.5,0.9451167173507888,0.07264172914924409,1.0,0.9826370489699804,-0.516512093787101,85,147,400,20,2,100,0.0,0,0.3,0.5,0.0,1.0,0.7,1.0,1.0,0.25,1.0,0.25
inter_0.5,1.0939329583414488,0.07566619407483678,1.0,0.9810533299045602,1.4918105742869303,86,148,400,20,2,100,0.0,0,0.3,0.5,0.0,1.0,0.7,1.0,1.0,0.25,1.0,0.25
inter_0.5,0.8669804855316454,0.06617622498100344,1.0,0.9603415344144328,-1.4107944191375021,87,149,400,20,2,100,0.0,0,0.3,0.5,0.0,1.0,0.7,1.0,1.0,0.25,1.0,0.25
inter_0.5,0.8683404456439339,0.07007874594601772,1.0,0.9423442816033915,-1.0560097068013088,88,150,400,20,2,100,0.0,0,0.3,0.5,0.0,1.0,0.7,1.0,1.0,0.25,1.0,0.25
inter_0.5,1.0001906378364664,0.06842790897782673,1.0,0.9912417864647348,0.13077779966404346,89,151,400,20,2,100,0.0,0,0.3,0.5,0.0,1.0,0.7,1.0,1.0,0.25,1.0,0.25
inter_0.5,0.9522791215117369,0.056650515601833776,1.0,1.021740728330266,-1.2261425351666282,90,152,400,20,2,100,0.0,0,0.3,0.5,0.0,1.0,0.7,1.0,1.0,0.25,1.0,0.25
inter_0.5,1.0058245779563793,0.06901042358553328,1.0,1.016882760732563,-0.1602393117103239,91,153,400,20,2,100,0.0,0,0.3,0.5,0.0,1.0,0.7,1.0,1.0,0.25,1.0,0.25
inter_0.5,0.99699056719636,0.0886118677420659,1.0,0.9897336072516615,0.08189602735631672,92,154,400,20,2,100,0.0,0,0.3,0.5,0.0,1.0,0.7,1.0,1.0,0.25,1.0,0.25
inter_0.5,0.8774316656360994,0.05829283974739428,1.0,1.005957737642528,-2.2048346342944067,93,155,400,20,2,100,0.0,0,0.3,0.5,0.0,1.0,0.7,1.0,1.0,0.25,1.0,0.25
inter_0.5,0.9296231605873874,0.07383233998687067,1.0,1.013453780451774,-1.1354187051269669,94,156,400,20,2,100,0.0,0,0.3,0.5,0.0,1.0,0.7,1.0,1.0,0.25,1.0,0.25
inter_0.5,1.0474262324016925,0.07576274224343947,1.0,1.0320528899512755,0.20291428207574178,95,157,400,20,2,100,0.0,0,0.3,0.5,0.0,1.0,0.7,1.0,1.0,0.25,1.0,0.25
inter_0.5,0.9496512952956141,0.07573496756595993,1.0,1.0230894944714095,-0.9696736070010964,96,158,400,20,2,100,0.0,0,0.3,0.5,0.0,1.0,0.7,1.0,1.0,0.25,1.0,0.25
inter_0.5,0.8728165244416,0.07087922674708856,1.0,0.9695968528341747,-1.3654258494933444,97,159,400,20,2,100,0.0,0,0.3,0.5,0.0,1.0,0.7,1.0,1.0,0.25,1.0,0.25
inter_0.5,1.006775694178323,0.06522121953313306,1.0,0.9889114352287673,0.2739025592810396,98,160,400,20,2,100,0.0,0,0.3,0.5,0.0,1.0,0.7,1.0,1.0,0.25,1.0,0.25
inter_0.5,0.9244935356546695,0.06470939414623639,1.0,0.9566613205513191,-0.4971115140400454,99,161,400,20,2,100,0.0,0,0.3,0.5,0.0,1.0,0.7,1.0,1.0,0.25,1.0,0.25
inter_1.0,1.031082965467479,0.12095628396237545,1.0,1.013407146563419,0.14613394463704116,0,63,400,20,2,100,0.0,0,0.3,1.0,0.0,1.0,0.7,1.0,1.0,0.25,1.0,0.25
inter_1.0,1.1111942692902985,0.10713755152859367,1.0,0.9722398444058712,1.2969721904400824,1,64,400,20,2,100,0.0,0,0.3,1.0,0.0,1.0,0.7,1.0,1.0,0.25,1.0,0.25
inter_1.0,1.1715874974398917,0.11383506263126367,1.0,1.033296809041266,1.2148338587608905,2,65,400,20,2,100,0.0,0,0.3,1.0,0.0,1.0,0.7,1.0,1.0,0.25,1.0,0.25
inter_1.0,1.052726612648691,0.11944674225964086,1.0,1.0091341752700864,0.36495292005409263,3,66,400,20,2,100,0.0,0,0.3,1.0,0.0,1.0,0.7,1.0,1.0,0.25,1.0,0.25
inter_1.0,0.9720451170390867,0.10823935896694313,1.0,0.9690476521010393,0.02769292950970695,4,67,400,20,2,100,0.0,0,0.3,1.0,0.0,1.0,0.7,1.0,1.0,0.25,1.0,0.25
inter_1.0,0.7746946458861551,0.09122283973281689,1.0,0.9910532995574465,-2.3717596854580005,5,68,400,20,2,100,0.0,0,0.3,1.0,0.0,1.0,0.7,1.0,1.0,0.25,1.0,0.25
inter_1.0,0.9564673345615846,0.09808666823377801,1.0,0.9499383377624153,0.06656354952956707,6,69,400,20,2,100,0.0,0,0.3,1.0,0.0,1.0,0.7,1.0,1.0,0.25,1.0,0.25
inter_1.0,1.031642708303586,0.09673573081079799,1.0,0.9739930964210096,0.5959495152347707,7,70,400,20,2,100,0.0,0,0.3,1.0,0.0,1.0,0.7,1.0,1.0,0.25,1.0,0.25
inter_1.0,0.9542837192304833,0.08809984362406577,1.0,1.025344299220925,-0.8065914429277198,8,71,400,20,2,100,0.0,0,0.3,1.0,0.0,1.0,0.7,1.0,1.0,0.25,1.0,0.25
inter_1.0,0.9556988054778407,0.10144189402101347,1.0,1.0500977348057867,-0.930571439334438,9,72,400,20,2,100,0.0,0,0.3,1.0,0.0,1.0,0.7,1.0,1.0,0.25,1.0,0.25
inter_1.0,0.9209698609411474,0.10919679697200853,1.0,0.9976254218998151,-0.7019945921886108,10,73,400,20,2,100,0.0,0,0.3,1.0,0.0,1.0,0.7,1.0,1.0,0.25,1.0,0.25
inter_1.0,1.1491371557578565,0.10786970452769888,1.0,1.0497805709403674,0.9210796048113419,11,74,400,20,2,100,0.0,0,0.3,1.0,0.0,1.0,0.7,1.0,1.0,0.25,1.0,0.25
inter_1.0,1.252454078325249,0.113247053728691,1.0,1.0742419064112565,1.5736583517743437,12,75,400,20,2,100,0.0,0,0.3,1.0,0.0,1.0,0.7,1.0,1.0,0.25,1.0,0.25
inter_1.0,1.068669530104479,0.09669356800915895,1.0,1.040587963903362,0.29041814030957264,13,76,400,20,2,100,0.0,0,0.3,1.0,0.0,1.0,0.7,1.0,1.0,0.25,1.0,0.25
inter_1.0,0.9700647617999507,0.11413742640249765,1.0,0.9174385343097388,0.4610777476673536,14,77,400,20,2,100,0.0,0,0.3,1.0,0.0,1.0,0.7,1.0,1.0,0.25,1.0,0.25
inter_1.0,1.00413985432444,0.09492637171102335,1.0,0.9799111332038375,0.2552369871921368,15,78,400,20,2,100,0.0,0,0.3,1.0,0.0,1.0,0.7,1.0,1.0,0.25,1.0,0.25
inter_1.0,0.6902941884182461,0.10203190103539572,1.0,0.8945589731900735,-2.001969802571514,16,79,400,20,2,100,0.0,0,0.3,1.0,0.0,1.0,0.7,1.0,1.0,0.25,1.0,0.25
inter_1.0,0.898009411137682,0.1329205818196693,1.0,1.0820990063470233,-1.3849592944085365,17,80,400,20,2,100,0.0,0,0.3,1.0,0.0,1.0,0.7,1.0,1.0,0.25,1.0,0.25
inter_1.0,0.9376233110613618,0.10516444910784303,1.0,0.9887643415170706,-0.48629580518474663,18,81,400,20,2,100,0.0,0,0.3,1.0,0.0,1.0,0.7,1.0,1.0,0.25,1.0,0.25
inter_1.0,1.1173824585613128,0.09683917875700651,1.0,1.013491202378017,1.0728225653790886,19,82,400,20,2,100,0.0,0,0.3,1.0,0.0,1.0,0.7,1.0,1.0,0.25,1.0,0.25
inter_1.0,0.9127136317191257,0.10524577066632103,1.0,0.9605538899165864,-0.4545575360851034,20,83,400,20,2,100,0.0,0,0.3,1.0,0.0,1.0,0.7,1.0,1.0,0.25,1.0,0.25
inter_1.0,1.1607582294146168,0.11441675498434484,1.0,1.0457048244392664,1.005564307352474,21,84,400,20,2,100,0.0,0,0.3,1.0,0.0,1.0,0.7,1.0,1.0,0.25,1.0,0.25
inter_1.0,1.0858143870777281,0.09410598314732795,1.0,1.0205367569614237,0.6936607847144944,22,85,400,20,2,100,0.0,0,0.3,1.0,0.0,1.0,0.7,1.0,1.0,0.25,1.0,0.25
inter_1.0,0.9402673267968331,0.1133910547131766,1.0,1.0112680434666494,-0.6261580055800089,23,86,400,20,2,100,0.0,0,0.3,1.0,0.0,1.0,0.7,1.0,1.0,0.25,1.0,0.25
inter_1.0,0.8736195267705469,0.10298372801165927,1.0,1.0480460202124793,-1.693728677429358,24,87,400,20,2,100,0.0,0,0.3,1.0,0.0,1.0,0.7,1.0,1.0,0.25,1.0,0.25
inter_1.0,0.9786339542708005,0.12262227100344905,1.0,1.0306679802663614,-0.42434400839059133,25,88,400,20,2,100,0.0,0,0.3,1.0,0.0,1.0,0.7,1.0,1.0,0.25,1.0,0.25
inter_1.0,0.9707114092572791,0.11162340928419025,1.0,0.9976548393675574,-0.2413779536305066,26,89,400,20,2,100,0.0,0,0.3,1.0,0.0,1.0,0.7,1.0,1.0,0.25,1.0,0.25
inter_1.0,0.9188166943394682,0.11729621258415952,1.0,0.9180280598733367,0.006723443568697418,27,90,400,20,2,100,0.0,0,0.3,1.0,0.0,1.0,0.7,1.0,1.0,0.25,1.0,0.25
inter_1.0,0.876737277826217,0.10386653684957575,1.0,0.9971425601320234,-1.1592307393495058,28,91,400,20,2,100,0.0,0,0.3,1.0,0.0,1.0,0.7,1.0,1.0,0.25,1.0,0.25
inter_1.0,0.9509533455239957,0.09068060729601299,1.0,1.0300021130292556,-0.8717273721736036,29,92,400,20,2,100,0.0,0,0.3,1.0,0.0,1.0,0.7,1.0,1.0,0.25,1.0,0.25
inter_1.0,0.7792474519364524,0.10537883969810433,1.0,0.8559468209366983,-0.7278441214572002,30,93,400,20,2,100,0.0,0,0.3,1.0,0.0,1.0,0.7,1.0,1.0,0.25,1.0,0.25
inter_1.0,1.0483817891625318,0.12378010541741774,1.0,0.9041738475742425,1.1650332749514452,31,94,400,20,2,100,0.0,0,0.3,1.0,0.0,1.0,0.7,1.0,1.0,0.25,1.0,0.25
inter_1.0,1.2492151786134922,0.135809491879815,1.0,1.1173252820634116,0.9711390177852729,32,95,400,20,2,100,0.0,0,0.3,1.0,0.0,1.0,0.7,1.0,1.0,0.25,1.0,0.25
inter_1.0,0.8387682874606127,0.11870256405880415,1.0,0.9624486914614786,-1.0419354036834096,33,96,400,20,2,100,0.0,0,0.3,1.0,0.0,1.0,0.7,1.0,1.0,0.25,1.0,0.25
inter_1.0,1.1835652916215498,0.14444497525119468,1.0,0.9715668384552086,1.4676762054039518,34,97,400,20,2,100,0.0,0,0.3,1.0,0.0,1.0,0.7,1.0,1.0,0.25,1.0,0.25
inter_1.0,1.1471479900258352,0.10876943082217141,1.0,1.0110723013313143,1.2510471707532687,35,98,400,20,2,100,0.0,0,0.3,1.0,0.0,1.0,0.7,1.0,1.0,0.25,1.0,0.25
inter_1.0,0.9210473417510934,0.09896977775759891,1.0,0.9465996615182348,-0.2581830569502268,36,99,400,20,2,100,0.0,0,0.3,1.0,0.0,1.0,0.7,1.0,1.0,0.25,1.0,0.25
inter_1.0,0.9606097747682298,0.09972567077241137,1.0,0.983466385214133,-0.22919485292874378,37,100,400,20,2,100,0.0,0,0.3,1.0,0.0,1.0,0.7,1.0,1.0,0.25,1.0,0.25
inter_1.0,1.0352519836111056,0.09537559085508168,1.0,0.9691870415438741,0.692681864142931,38,101,400,20,2,100,0.0,0,0.3,1.0,0.0,1.0,0.7,1.0,1.0,0.25,1.0,0.25
inter_1.0,0.9696812895325395,0.0970384709845186,1.0,1.1029223967266808,-1.3730750891097452,39,102,400,20,2,100,0.0,0,0.3,1.0,0.0,1.0,0.7,1.0,1.0,0.25,1.0,0.25
inter_1.0,0.9225510075327326,0.08784648909548524,1.0,0.9668798523153971,-0.5046171479258668,40,103,400,20,2,100,0.0,0,0.3,1.0,0.0,1.0,0.7,1.0,1.0,0.25,1.0,0.25
inter_1.0,0.8989581684425952,0.10858780427941717,1.0,0.9756965577810177,-0.706694364506717,41,104,400,20,2,100,0.0,0,0.3,1.0,0.0,1.0,0.7,1.0,1.0,0.25,1.0,0.25
inter_1.0,0.8801232242778356,0.13699637727109046,1.0,1.0122770974986555,-0.9646523203990409,42,105,400,20,2,100,0.0,0,0.3,1.0,0.0,1.0,0.7,1.0,1.0,0.25,1.0,0.25
inter_1.0,1.082385677508385,0.10897750628788713,1.0,1.034993801781236,0.4348775939316646,43,106,400,20,2,100,0.0,0,0.3,1.0,0.0,1.0,0.7,1.0,1.0,0.25,1.0,0.25
inter_1.0,0.8436667417129421,0.1141254199073665,1.0,0.9618519164654582,-1.0355727483714394,44,107,400,20,2,100,0.0,0,0.3,1.0,0.0,1.0,0.7,1.0,1.0,0.25,1.0,0.25
inter_1.0,1.1392313346487244,0.11271413236756038,1.0,0.9374276565561306,1.7904026216917746,45,108,400,20,2,100,0.0,0,0.3,1.0,0.0,1.0,0.7,1.0,1.0,0.25,1.0,0.25
inter_1.0,1.0616004963419943,0.09390749658500168,1.0,0.9818327858926459,0.8494285690721777,46,109,400,20,2,100,0.0,0,0.3,1.0,0.0,1.0,0.7,1.0,1.0,0.25,1.0,0.25
inter_1.0,1.0154961458674918,0.12036066229921419,1.0,0.991149262821664,0.2022827274354964,47,110,400,20,2,100,0.0,0,0.3,1.0,0.0,1.0,0.7,1.0,1.0,0.25,1.0,0.25
inter_1.0,1.0063831591460697,0.14155499224643375,1.0,1.040123644703048,-0.2383560270219175,48,111,400,20,2,100,0.0,0,0.3,1.0,0.0,1.0,0.7,1.0,1.0,0.25,1.0,0.25
inter_1.0,1.0456900393441073,0.11247553845635375,1.0,0.9600313468657142,0.7615761938462116,49,112,400,20,2,100,0.0,0,0.3,1.0,0.0,1.0,0.7,1.0,1.0,0.25,1.0,0.25
inter_1.0,0.8744588262561509,0.12045352438387874,1.0,0.9810595979154751,-0.8849950402413587,50,113,400,20,2,100,0.0,0,0.3,1.0,0.0,1.0,0.7,1.0,1.0,0.25,1.0,0.25
inter_1.0,0.9983869186262295,0.10275631631505759,1.0,0.9576507260548891,0.3964349251917575,51,114,400,20,2,100,0.0,0,0.3,1.0,0.0,1.0,0.7,1.0,1.0,0.25,1.0,0.25
inter_1.0,0.9837891574309243,0.08687598147308057,1.0,0.9899935020566503,-0.0714161097293436,52,115,400,20,2,100,0.0,0,0.3,1.0,0.0,1.0,0.7,1.0,1.0,0.25,1.0,0.25
inter_1.0,0.86664496562337,0.09014427963017003,1.0,1.0180202735352046,-1.6792558388937573,53,116,400,20,2,100,0.0,0,0.3,1.0,0.0,1.0,0.7,1.0,1.0,0.25,1.0,0.25
inter_1.0,0.9344771889398058,0.12729270482751442,1.0,1.0251104866363887,-0.7120070063668915,54,117,400,20,2,100,0.0,0,0.3,1.0,0.0,1.0,0.7,1.0,1.0,0.25,1.0,0.25
inter_1.0,1.1707000260292337,0.1315510432569134,1.0,1.0761390882602004,0.7188155671586727,55,118,400,20,2,100,0.0,0,0.3,1.0,0.0,1.0,0.7,1.0,1.0,0.25,1.0,0.25
inter_1.0,1.1711478483491888,0.1678410609665871,1.0,0.9952719439701952,1.0478717386921548,56,119,400,20,2,100,0.0,0,0.3,1.0,0.0,1.0,0.7,1.0,1.0,0.25,1.0,0.25
inter_1.0,1.0507548750366489,0.10495255497995813,1.0,1.0370747639380402,0.13034567001461797,57,120,400,20,2,100,0.0,0,0.3,1.0,0.0,1.0,0.7,1.0,1.0,0.25,1.0,0.25
inter_1.0,0.9966730835076507,0.12154947369721562,1.0,1.04169560508018,-0.37040490759081446,58,121,400,20,2,100,0.0,0,0.3,1.0,0.0,1.0,0.7,1.0,1.0,0.25,1.0,0.25
inter_1.0,0.9508976535655067,0.10558518255987583,1.0,0.9965887718544166,-0.4327417652850972,59,122,400,20,2,100,0.0,0,0.3,1.0,0.0,1.0,0.7,1.0,1.0,0.25,1.0,0.25
inter_1.0,1.1143131814773024,0.10836665578103627,1.0,1.0406815415673778,0.679467677388729,60,123,400,20,2,100,0.0,0,0.3,1.0,0.0,1.0,0.7,1.0,1.0,0.25,1.0,0.25
inter_1.0,1.1366558940982021,0.1126040978737186,1.0,1.0171745391698146,1.0610746605543744,61,124,400,20,2,100,0.0,0,0.3,1.0,0.0,1.0,0.7,1.0,1.0,0.25,1.0,0.25
inter_1.0,0.9114361389948855,0.10695162082928382,1.0,0.9743792143259512,-0.588519134567726,62,125,400,20,2,100,0.0,0,0.3,1.0,0.0,1.0,0.7,1.0,1.0,0.25,1.0,0.25
inter_1.0,1.0037072390418127,0.1273974752936673,1.0,1.0166013926521962,-0.10121200267635469,63,126,400,20,2,100,0.0,0,0.3,1.0,0.0,1.0,0.7,1.0,1.0,0.25,1.0,0.25
inter_1.0,0.7601511256374504,0.0990589059933298,1.0,0.9331612149161994,-1.746537452073202,64,127,400,20,2,100,0.0,0,0.3,1.0,0.0,1.0,0.7,1.0,1.0,0.25,1.0,0.25
inter_1.0,1.0143042469493015,0.11183921979847203,1.0,1.0241276392891827,-0.08783495054402529,65,128,400,20,2,100,0.0,0,0.3,1.0,0.0,1.0,0.7,1.0,1.0,0.25,1.0,0.25
inter_1.0,0.9507813222963899,0.09757389960278932,1.0,0.9851789788894264,-0.35252928019752106,66,129,400,20,2,100,0.0,0,0.3,1.0,0.0,1.0,0.7,1.0,1.0,0.25,1.0,0.25
inter_1.0,0.8866315784914006,0.10283510270596792,1.0,0.9998553307920074,-1.1010224069532237,67,130,400,20,2,100,0.0,0,0.3,1.0,0.0,1.0,0.7,1.0,1.0,0.25,1.0,0.25
inter_1.0,0.9947885238080832,0.09783361184747649,1.0,1.028082452265638,-0.3403117581865452,68,131,400,20,2,100,0.0,0,0.3,1.0,0.0,1.0,0.7,1.0,1.0,0.25,1.0,0.25
inter_1.0,1.0585788741366384,0.08893549584313908,1.0,1.0803224178332524,-0.24448667531987933,69,132,400,20,2,100,0.0,0,0.3,1.0,0.0,1.0,0.7,1.0,1.0,0.25,1.0,0.25
inter_1.0,0.9542600256163676,0.10132760078507286,1.0,0.9541976284936581,0.0006157959156839437,70,133,400,20,2,100,0.0,0,0.3,1.0,0.0,1.0,0.7,1.0,1.0,0.25,1.0,0.25
inter_1.0,0.8573797793830498,0.10226555117761468,1.0,1.0442972678981126,-1.827765912984958,71,134,400,20,2,100,0.0,0,0.3,1.0,0.0,1.0,0.7,1.0,1.0,0.25,1.0,0.25
inter_1.0,0.8213628371953586,0.09391431864062906,1.0,0.9784728198155866,-1.6729076555559372,72,135,400,20,2,100,0.0,0,0.3,1.0,0.0,1.0,0.7,1.0,1.0,0.25,1.0,0.25
inter_1.0,1.1963536069317375,0.1138177308868646,1.0,1.0313517467696927,1.449702597972697,73,136,400,20,2,100,0.0,0,0.3,1.0,0.0,1.0,0.7,1.0,1.0,0.25,1.0,0.25
inter_1.0,0.8769895296289556,0.14652752814575812,1.0,1.0329819434458363,-1.064594590456118,74,137,400,20,2,100,0.0,0,0.3,1.0,0.0,1.0,0.7,1.0,1.0,0.25,1.0,0.25
inter_1.0,0.9383058661497856,0.11684772095897775,1.0,1.0464431199151136,-0.9254545392741741,75,138,400,20,2,100,0.0,0,0.3,1.0,0.0,1.0,0.7,1.0,1.0,0.25,1.0,0.25
inter_1.0,1.1075293429318875,0.13349402642347724,1.0,1.0235822977527118,0.6288449560497501,76,139,400,20,2,100,0.0,0,0.3,1.0,0.0,1.0,0.7,1.0,1.0,0.25,1.0,0.25
inter_1.0,1.1072910333080386,0.10285037398421334,1.0,0.9721650583707421,1.3138112162629296,77,140,400,20,2,100,0.0,0,0.3,1.0,0.0,1.0,0.7,1.0,1.0,0.25,1.0,0.25
inter_1.0,1.0365275346837026,0.08292478471587753,1.0,1.0529905083768645,-0.198528989246923,78,141,400,20,2,100,0.0,0,0.3,1.0,0.0,1.0,0.7,1.0,1.0,0.25,1.0,0.25
inter_1.0,0.8802822850077329,0.12622912595090002,1.0,0.9366446497341954,-0.44650839734393827,79,142,400,20,2,100,0.0,0,0.3,1.0,0.0,1.0,0.7,1.0,1.0,0.25,1.0,0.25
inter_1.0,1.0729188385295583,0.10317181888701418,1.0,1.0329680932363658,0.38722536564896076,80,143,400,20,2,100,0.0,0,0.3,1.0,0.0,1.0,0.7,1.0,1.0,0.25,1.0,0.25
inter_1.0,0.9477803011651489,0.11158496071353895,1.0,0.970287948062315,-0.20170860618885525,81,144,400,20,2,100,0.0,0,0.3,1.0,0.0,1.0,0.7,1.0,1.0,0.25,1.0,0.25
inter_1.0,0.8133479501381753,0.10205022132413784,1.0,0.9821686629048821,-1.6542905108504242,82,145,400,20,2,100,0.0,0,0.3,1.0,0.0,1.0,0.7,1.0,1.0,0.25,1.0,0.25
inter_1.0,0.927138461159044,0.09114223774914057,1.0,1.0291115842931424,-1.1188349732510272,83,146,400,20,2,100,0.0,0,0.3,1.0,0.0,1.0,0.7,1.0,1.0,0.25,1.0,0.25
inter_1.0,0.9000548230252138,0.11494138499497092,1.0,0.9652740979399607,-0.567413337829542,84,147,400,20,2,100,0.0,0,0.3,1.0,0.0,1.0,0.7,1.0,1.0,0.25,1.0,0.25
inter_1.0,1.0809368413880474,0.11873403060344126,1.0,0.9621066598091201,1.0008098013265219,85,148,400,20,2,100,0.0,0,0.3,1.0,0.0,1.0,0.7,1.0,1.0,0.25,1.0,0.25
inter_1.0,0.8270737967506839,0.09253717922727504,1.0,0.9206830688288656,-1.0115855363202022,86,149,400,20,2,100,0.0,0,0.3,1.0,0.0,1.0,0.7,1.0,1.0,0.25,1.0,0.25
inter_1.0,0.8166213297665872,0.10783926667351518,1.0,0.8846885632067831,-0.6311915458983081,87,150,400,20,2,100,0.0,0,0.3,1.0,0.0,1.0,0.7,1.0,1.0,0.25,1.0,0.25
inter_1.0,1.045152342608142,0.10825726012226254,1.0,0.9824835729294693,0.5788874539028273,88,151,400,20,2,100,0.0,0,0.3,1.0,0.0,1.0,0.7,1.0,1.0,0.25,1.0,0.25
inter_1.0,0.9367786848398028,0.0856280433075209,1.0,1.0434814566605324,-1.246119468566178,89,152,400,20,2,100,0.0,0,0.3,1.0,0.0,1.0,0.7,1.0,1.0,0.25,1.0,0.25
inter_1.0,1.1030333282741376,0.0967799364057022,1.0,1.033765521465126,0.7157248638668289,90,153,400,20,2,100,0.0,0,0.3,1.0,0.0,1.0,0.7,1.0,1.0,0.25,1.0,0.25
inter_1.0,0.9795608570888862,0.14258145893751833,1.0,0.9794672145033229,0.0006567655167868689,91,154,400,20,2,100,0.0,0,0.3,1.0,0.0,1.0,0.7,1.0,1.0,0.25,1.0,0.25
inter_1.0,0.8649101521845691,0.09020334011105721,1.0,1.011915475285056,-1.629710417812643,92,155,400,20,2,100,0.0,0,0.3,1.0,0.0,1.0,0.7,1.0,1.0,0.25,1.0,0.25
inter_1.0,0.952982616967307,0.11895825120888076,1.0,1.0269075609035478,-0.621436034785303,93,156,400,20,2,100,0.0,0,0.3,1.0,0.0,1.0,0.7,1.0,1.0,0.25,1.0,0.25
inter_1.0,1.1316293126515888,0.11770822073408661,1.0,1.0641057799025508,0.5736518004258996,94,157,400,20,2,100,0.0,0,0.3,1.0,0.0,1.0,0.7,1.0,1.0,0.25,1.0,0.25
inter_1.0,0.9496587057952691,0.11697664277587287,1.0,1.0461789889428192,-0.8251244082332136,95,158,400,20,2,100,0.0,0,0.3,1.0,0.0,1.0,0.7,1.0,1.0,0.25,1.0,0.25
inter_1.0,0.8551748296977727,0.10245970925495096,1.0,0.9391937056683495,-0.8200186842372569,96,159,400,20,2,100,0.0,0,0.3,1.0,0.0,1.0,0.7,1.0,1.0,0.25,1.0,0.25
inter_1.0,1.0036914010912177,0.10507799443342372,1.0,0.9778228704575347,0.24618409185638784,97,160,400,20,2,100,0.0,0,0.3,1.0,0.0,1.0,0.7,1.0,1.0,0.25,1.0,0.25
inter_1.0,0.8848147573202415,0.11428618157932618,1.0,0.9133226411026382,-0.2494429631688176,98,161,400,20,2,100,0.0,0,0.3,1.0,0.0,1.0,0.7,1.0,1.0,0.25,1.0,0.25
inter_1.0,0.8664256371970293,0.09686873202457996,1.0,0.9615356264533813,-0.9818440612211004,99,162,400,20,2,100,0.0,0,0.3,1.0,0.0,1.0,0.7,1.0,1.0,0.25,1.0,0.25
hete_0.15,1.0371548570135303,0.04897665810668696,1.0,0.9958359766608806,0.8436443389551771,0,64,400,20,2,100,0.0,0,0.3,0.0,0.15,1.0,0.7,1.0,1.0,0.25,1.0,0.25
hete_0.15,1.0842003672986122,0.04783486920439973,1.0,1.00499452135619,1.6558181774047196,1,65,400,20,2,100,0.0,0,0.3,0.0,0.15,1.0,0.7,1.0,1.0,0.25,1.0,0.25
hete_0.15,0.9086308346191727,0.05801945507524492,1.0,1.001370126290513,-1.5984171438885035,2,66,400,20,2,100,0.0,0,0.3,0.0,0.15,1.0,0.7,1.0,1.0,0.25,1.0,0.25
hete_0.15,0.9894941100773689,0.057681114020891495,1.0,0.9953571478151559,-0.10164570912523531,3,67,400,20,2,100,0.0,0,0.3,0.0,0.15,1.0,0.7,1.0,1.0,0.25,1.0,0.25
hete_0.15,0.830077968391821,0.05511602011385696,1.0,0.998657994933617,-3.058639324710829,4,68,400,20,2,100,0.0,0,0.3,0.0,0.15,1.0,0.7,1.0,1.0,0.25,1.0,0.25
hete_0.15,0.9940213080421365,0.04704514792794742,1.0,0.9924907506643623,0.03253379881211837,5,69,400,20,2,100,0.0,0,0.3,0.0,0.15,1.0,0.7,1.0,1.0,0.25,1.0,0.25
hete_0.15,1.0109394628813961,0.05151602414215549,1.0,0.9960989644631515,0.2880753836377812,6,70,400,20,2,100,0.0,0,0.3,0.0,0.15,1.0,0.7,1.0,1.0,0.25,1.0,0.25
hete_0.15,0.9810878587411356,0.04893336852768591,1.0,1.0038016448831388,-0.4641778570619366,7,71,400,20,2,100,0.0,0,0.3,0.0,0.15,1.0,0.7,1.0,1.0,0.25,1.0,0.25
hete_0.15,0.9545083573886174,0.05459387882920975,1.0,1.0075146602208682,-0.9709202564279147,8,72,400,20,2,100,0.0,0,0.3,0.0,0.15,1.0,0.7,1.0,1.0,0.25,1.0,0.25
hete_0.15,0.9565445902974042,0.053517586191712437,1.0,0.9996438132849724,-0.8053282304844009,9,73,400,20,2,100,0.0,0,0.3,0.0,0.15,1.0,0.7,1.0,1.0,0.25,1.0,0.25
hete_0.15,0.9984141795523789,0.04847520829587486,1.0,1.0074670856410552,-0.18675332003569245,10,74,400,20,2,100,0.0,0,0.3,0.0,0.15,1.0,0.7,1.0,1.0,0.25,1.0,0.25
hete_0.15,1.092908324937363,0.05390504269263074,1.0,1.0111362859616886,1.5169645526846662,11,75,400,20,2,100,0.0,0,0.3,0.0,0.15,1.0,0.7,1.0,1.0,0.25,1.0,0.25
hete_0.15,0.9615160838348507,0.048487923896540115,1.0,1.0060881945855042,-0.9192414764088108,12,76,400,20,2,100,0.0,0,0.3,0.0,0.15,1.0,0.7,1.0,1.0,0.25,1.0,0.25
hete_0.15,1.0028242576843511,0.05578577789219219,1.0,0.9876157801464608,0.2726228460465535,13,77,400,20,2,100,0.0,0,0.3,0.0,0.15,1.0,0.7,1.0,1.0,0.25,1.0,0.25
hete_0.15,0.9690734313833961,0.05124382626959285,1.0,0.9969866699805757,-0.5447141759151356,14,78,400,20,2,100,0.0,0,0.3,0.0,0.15,1.0,0.7,1.0,1.0,0.25,1.0,0.25
hete_0.15,0.8808112418727216,0.05007055961166111,1.0,0.984183845978511,-2.0645386212482952,15,79,400,20,2,100,0.0,0,0.3,0.0,0.15,1.0,0.7,1.0,1.0,0.25,1.0,0.25
hete_0.15,0.9324801295481818,0.05241667503649867,1.0,1.0123148509520536,-1.523078702498422,16,80,400,20,2,100,0.0,0,0.3,0.0,0.15,1.0,0.7,1.0,1.0,0.25,1.0,0.25
hete_0.15,0.9657324851746248,0.05508014634620163,1.0,0.9983146512275607,-0.591541021843758,17,81,400,20,2,100,0.0,0,0.3,0.0,0.15,1.0,0.7,1.0,1.0,0.25,1.0,0.25
hete_0.15,1.0152594457180601,0.054281459164113095,1.0,1.0020236803567024,0.2438358431253861,18,82,400,20,2,100,0.0,0,0.3,0.0,0.15,1.0,0.7,1.0,1.0,0.25,1.0,0.25
hete_0.15,0.9208536288908014,0.05309425589083586,1.0,0.9940830834874879,-1.3792349731249554,19,83,400,20,2,100,0.0,0,0.3,0.0,0.15,1.0,0.7,1.0,1.0,0.25,1.0,0.25
hete_0.15,1.113038190287178,0.056960111352244665,1.0,1.00685572366589,1.8641548287124907,20,84,400,20,2,100,0.0,0,0.3,0.0,0.15,1.0,0.7,1.0,1.0,0.25,1.0,0.25
hete_0.15,1.043882109704966,0.052175627472189734,1.0,1.0030805135442136,0.7820048964911859,21,85,400,20,2,100,0.0,0,0.3,0.0,0.15,1.0,0.7,1.0,1.0,0.25,1.0,0.25
hete_0.15,0.9273088260475234,0.052474216894905466,1.0,1.0016902065199975,-1.417484335620367,22,86,400,20,2,100,0.0,0,0.3,0.0,0.15,1.0,0.7,1.0,1.0,0.25,1.0,0.25
hete_0.15,0.935727553757303,0.04774503247834586,1.0,1.0072069030318718,-1.4971054697048811,23,87,400,20,2,100,0.0,0,0.3,0.0,0.15,1.0,0.7,1.0,1.0,0.25,1.0,0.25
hete_0.15,1.0900398797386426,0.05208726710915405,1.0,1.004600197039954,1.6403180170624263,24,88,400,20,2,100,0.0,0,0.3,0.0,0.15,1.0,0.7,1.0,1.0,0.25,1.0,0.25
hete_0.15,0.9699259955772048,0.057231219936555465,1.0,0.9996482259051337,-0.5193359561595559,25,89,400,20,2,100,0.0,0,0.3,0.0,0.15,1.0,0.7,1.0,1.0,0.25,1.0,0.25
hete_0.15,0.9806519204896131,0.054752906178779384,1.0,0.9877042089810004,-0.1288020852876763,26,90,400,20,2,100,0.0,0,0.3,0.0,0.15,1.0,0.7,1.0,1.0,0.25,1.0,0.25
hete_0.15,0.9165892394139761,0.05582517079290481,1.0,0.9995713840198035,-1.4864646794125738,27,91,400,20,2,100,0.0,0,0.3,0.0,0.15,1.0,0.7,1.0,1.0,0.25,1.0,0.25
hete_0.15,1.0322211114934696,0.05138251217643113,1.0,1.0045003169543885,0.5394986224865147,28,92,400,20,2,100,0.0,0,0.3,0.0,0.15,1.0,0.7,1.0,1.0,0.25,1.0,0.25
hete_0.15,0.9407470751795237,0.055587370743276014,1.0,0.9783920231405047,-0.6772212367237134,29,93,400,20,2,100,0.0,0,0.3,0.0,0.15,1.0,0.7,1.0,1.0,0.25,1.0,0.25
hete_0.15,1.0522315473678734,0.06410125095296167,1.0,0.9856260771361365,1.0390666210338526,30,94,400,20,2,100,0.0,0,0.3,0.0,0.15,1.0,0.7,1.0,1.0,0.25,1.0,0.25
hete_0.15,1.0660303630583832,0.05702480776684306,1.0,1.0175987923095118,0.8493070410143814,31,95,400,20,2,100,0.0,0,0.3,0.0,0.15,1.0,0.7,1.0,1.0,0.25,1.0,0.25
hete_0.15,0.9530875112237346,0.05050819046141372,1.0,0.9943673037192218,-0.8172890796201328,32,96,400,20,2,100,0.0,0,0.3,0.0,0.15,1.0,0.7,1.0,1.0,0.25,1.0,0.25
hete_0.15,1.0723748448767818,0.0591861462814077,1.0,0.9957350257682813,1.2948945644155845,33,97,400,20,2,100,0.0,0,0.3,0.0,0.15,1.0,0.7,1.0,1.0,0.25,1.0,0.25
hete_0.15,1.0450604372152508,0.0466343780581916,1.0,1.0016608451996971,0.9306351627848131,34,98,400,20,2,100,0.0,0,0.3,0.0,0.15,1.0,0.7,1.0,1.0,0.25,1.0,0.25
hete_0.15,0.9461531553603697,0.058522651865331635,1.0,0.9919899492277352,-0.7832316616964321,35,99,400,20,2,100,0.0,0,0.3,0.0,0.15,1.0,0.7,1.0,1.0,0.25,1.0,0.25
hete_0.15,0.9897501058067046,0.05172404349693252,1.0,0.9975199577821201,-0.15021741244719689,36,100,400,20,2,100,0.0,0,0.3,0.0,0.15,1.0,0.7,1.0,1.0,0.25,1.0,0.25
hete_0.15,1.0040671884490964,0.04707518218660939,1.0,0.995378056231581,0.184579895688369,37,101,400,20,2,100,0.0,0,0.3,0.0,0.15,1.0,0.7,1.0,1.0,0.25,1.0,0.25
hete_0.15,0.9483167991117339,0.05327205772245092,1.0,1.0154383595090022,-1.259976867178168,38,102,400,20,2,100,0.0,0,0.3,0.0,0.15,1.0,0.7,1.0,1.0,0.25,1.0,0.25
hete_0.15,0.9914161979839338,0.051822891014346215,1.0,0.9950319778473096,-0.06977186707655578,39,103,400,20,2,100,0.0,0,0.3,0.0,0.15,1.0,0.7,1.0,1.0,0.25,1.0,0.25
hete_0.15,0.9218298687819165,0.05335549573823425,1.0,0.9963544836671525,-1.3967561139504523,40,104,400,20,2,100,0.0,0,0.3,0.0,0.15,1.0,0.7,1.0,1.0,0.25,1.0,0.25
hete_0.15,0.9781297735270946,0.0538017726300833,1.0,1.0018415646247982,-0.44072509024442696,41,105,400,20,2,100,0.0,0,0.3,0.0,0.15,1.0,0.7,1.0,1.0,0.25,1.0,0.25
hete_0.15,0.9482101494913311,0.05466896613266209,1.0,1.0052490702671855,-1.0433510053481028,42,106,400,20,2,100,0.0,0,0.3,0.0,0.15,1.0,0.7,1.0,1.0,0.25,1.0,0.25
hete_0.15,0.9700327574078078,0.052745956955599194,1.0,0.9942777874698188,-0.45965665354067003,43,107,400,20,2,100,0.0,0,0.3,0.0,0.15,1.0,0.7,1.0,1.0,0.25,1.0,0.25
hete_0.15,0.9560082297947495,0.04834753374067558,1.0,0.9906141484834197,-0.7157742290286795,44,108,400,20,2,100,0.0,0,0.3,0.0,0.15,1.0,0.7,1.0,1.0,0.25,1.0,0.25
hete_0.15,0.9183917588713324,0.04895601616471424,1.0,0.997274917883897,-1.6113067441427307,45,109,400,20,2,100,0.0,0,0.3,0.0,0.15,1.0,0.7,1.0,1.0,0.25,1.0,0.25
hete_0.15,0.9429911053546796,0.052371871014281035,1.0,0.9986723894232497,-1.0631906592259541,46,110,400,20,2,100,0.0,0,0.3,0.0,0.15,1.0,0.7,1.0,1.0,0.25,1.0,0.25
hete_0.15,1.0487000381682143,0.05697783130588706,1.0,1.0060185467054572,0.7490894350404522,47,111,400,20,2,100,0.0,0,0.3,0.0,0.15,1.0,0.7,1.0,1.0,0.25,1.0,0.25
hete_0.15,0.9627058508511595,0.04884983961089307,1.0,0.9940047020298571,-0.6407155361819924,48,112,400,20,2,100,0.0,0,0.3,0.0,0.15,1.0,0.7,1.0,1.0,0.25,1.0,0.25
hete_0.15,0.9335324196511995,0.05469154152546219,1.0,0.9971589396873213,-1.1633703907669128,49,113,400,20,2,100,0.0,0,0.3,0.0,0.15,1.0,0.7,1.0,1.0,0.25,1.0,0.25
hete_0.15,0.9990873651006685,0.05135067424863159,1.0,0.9936476089082333,0.10593349107933392,50,114,400,20,2,100,0.0,0,0.3,0.0,0.15,1.0,0.7,1.0,1.0,0.25,1.0,0.25
hete_0.15,0.9899531935931558,0.04673067295376589,1.0,0.9984990253084977,-0.1828741418681659,51,115,400,20,2,100,0.0,0,0.3,0.0,0.15,1.0,0.7,1.0,1.0,0.25,1.0,0.25
hete_0.15,0.9592888658621125,0.05290813490492021,1.0,1.0027030410302806,-0.8205576561371252,52,116,400,20,2,100,0.0,0,0.3,0.0,0.15,1.0,0.7,1.0,1.0,0.25,1.0,0.25
hete_0.15,0.9135649726738743,0.05440891200382321,1.0,1.0037665729954584,-1.6578460586612318,53,117,400,20,2,100,0.0,0,0.3,0.0,0.15,1.0,0.7,1.0,1.0,0.25,1.0,0.25
hete_0.15,1.0085638540925554,0.058334337172295664,1.0,1.0114208632390302,-0.04897645683427185,54,118,400,20,2,100,0.0,0,0.3,0.0,0.15,1.0,0.7,1.0,1.0,0.25,1.0,0.25
hete_0.15,1.0785408937303944,0.0720471670150901,1.0,0.9992907915955292,1.0999752720084943,55,119,400,20,2,100,0.0,0,0.3,0.0,0.15,1.0,0.7,1.0,1.0,0.25,1.0,0.25
hete_0.15,1.005484703919127,0.05114307307700305,1.0,1.005561214590706,-0.0014960124015972057,56,120,400,20,2,100,0.0,0,0.3,0.0,0.15,1.0,0.7,1.0,1.0,0.25,1.0,0.25
hete_0.15,0.9878417147778102,0.05390057792252767,1.0,1.006254340762027,-0.3416034984018464,57,121,400,20,2,100,0.0,0,0.3,0.0,0.15,1.0,0.7,1.0,1.0,0.25,1.0,0.25
hete_0.15,0.9987749189208036,0.045382794994612646,1.0,0.9994883157781627,-0.015719544321669405,58,122,400,20,2,100,0.0,0,0.3,0.0,0.15,1.0,0.7,1.0,1.0,0.25,1.0,0.25
hete_0.15,1.1008857664946978,0.047898239735256434,1.0,1.006102231235107,1.9788521620727466,59,123,400,20,2,100,0.0,0,0.3,0.0,0.15,1.0,0.7,1.0,1.0,0.25,1.0,0.25
hete_0.15,1.0537923733706778,0.04996683535508775,1.0,1.002576180875472,1.025003727597304,60,124,400,20,2,100,0.0,0,0.3,0.0,0.15,1.0,0.7,1.0,1.0,0.25,1.0,0.25
hete_0.15,0.9504363184963186,0.053997565973658096,1.0,0.9961568821488928,-0.8467152699971374,61,125,400,20,2,100,0.0,0,0.3,0.0,0.15,1.0,0.7,1.0,1.0,0.25,1.0,0.25
hete_0.15,0.9779525926756589,0.061685640868034027,1.0,1.0024902088978294,-0.3977848957533651,62,126,400,20,2,100,0.0,0,0.3,0.0,0.15,1.0,0.7,1.0,1.0,0.25,1.0,0.25
hete_0.15,0.8360380538107617,0.05463116024259096,1.0,0.9899741822374298,-2.817734928987617,63,127,400,20,2,100,0.0,0,0.3,0.0,0.15,1.0,0.7,1.0,1.0,0.25,1.0,0.25
hete_0.15,0.9972921272838079,0.052985794995367846,1.0,1.0036191458933774,-0.11940971368123565,64,128,400,20,2,100,0.0,0,0.3,0.0,0.15,1.0,0.7,1.0,1.0,0.25,1.0,0.25
hete_0.15,0.9657464665421999,0.05243094994414633,1.0,0.9977768468334139,-0.6109059691906292,65,129,400,20,2,100,0.0,0,0.3,0.0,0.15,1.0,0.7,1.0,1.0,0.25,1.0,0.25
hete_0.15,0.8938653602140311,0.05117471721416904,1.0,0.9999782996188011,-2.0735422720692624,66,130,400,20,2,100,0.0,0,0.3,0.0,0.15,1.0,0.7,1.0,1.0,0.25,1.0,0.25
hete_0.15,1.0184593816890195,0.053937047243567154,1.0,1.0042123678398456,0.2641415238182715,67,131,400,20,2,100,0.0,0,0.3,0.0,0.15,1.0,0.7,1.0,1.0,0.25,1.0,0.25
hete_0.15,0.9930815538863772,0.04961841819158484,1.0,1.0120483626749879,-0.3822533946039296,68,132,400,20,2,100,0.0,0,0.3,0.0,0.15,1.0,0.7,1.0,1.0,0.25,1.0,0.25
hete_0.15,0.9767127080673974,0.0536936970313884,1.0,0.9931296442740486,-0.30575164524532805,69,133,400,20,2,100,0.0,0,0.3,0.0,0.15,1.0,0.7,1.0,1.0,0.25,1.0,0.25
hete_0.15,0.9312776778885434,0.05536110025930894,1.0,1.006644590184717,-1.3613694804322578,70,134,400,20,2,100,0.0,0,0.3,0.0,0.15,1.0,0.7,1.0,1.0,0.25,1.0,0.25
hete_0.15,0.8432066801400434,0.050437964582082745,1.0,0.9967709229723379,-3.0446161756266763,71,135,400,20,2,100,0.0,0,0.3,0.0,0.15,1.0,0.7,1.0,1.0,0.25,1.0,0.25
hete_0.15,1.0559980936272975,0.05384048560006335,1.0,1.0047027620154538,0.9527278782898511,72,136,400,20,2,100,0.0,0,0.3,0.0,0.15,1.0,0.7,1.0,1.0,0.25,1.0,0.25
hete_0.15,0.8778981763342256,0.05295676472158989,1.0,1.0049472915168756,-2.3991102147305727,73,137,400,20,2,100,0.0,0,0.3,0.0,0.15,1.0,0.7,1.0,1.0,0.25,1.0,0.25
hete_0.15,0.926797083201816,0.05816328586590835,1.0,1.006966467987267,-1.3783503389109801,74,138,400,20,2,100,0.0,0,0.3,0.0,0.15,1.0,0.7,1.0,1.0,0.25,1.0,0.25
hete_0.15,0.9774926771024006,0.05447620565955493,1.0,1.0035373446629068,-0.4780925404986979,75,139,400,20,2,100,0.0,0,0.3,0.0,0.15,1.0,0.7,1.0,1.0,0.25,1.0,0.25
hete_0.15,1.0218428554252614,0.04622507169199188,1.0,0.9958247587556113,0.56285681595076,76,140,400,20,2,100,0.0,0,0.3,0.0,0.15,1.0,0.7,1.0,1.0,0.25,1.0,0.25
hete_0.15,0.9866255110754303,0.05151841920359797,1.0,1.0079485762565297,-0.4138920702677581,77,141,400,20,2,100,0.0,0,0.3,0.0,0.15,1.0,0.7,1.0,1.0,0.25,1.0,0.25
hete_0.15,0.9198955931573555,0.04673871289445534,1.0,0.9904966974601294,-1.5105487492178966,78,142,400,20,2,100,0.0,0,0.3,0.0,0.15,1.0,0.7,1.0,1.0,0.25,1.0,0.25
hete_0.15,1.1097354196459186,0.05371828388405367,1.0,1.0049452139854549,1.9507362872321912,79,143,400,20,2,100,0.0,0,0.3,0.0,0.15,1.0,0.7,1.0,1.0,0.25,1.0,0.25
hete_0.15,1.006460338004349,0.050329418368316045,1.0,0.9955431922093473,0.2169138080458027,80,144,400,20,2,100,0.0,0,0.3,0.0,0.15,1.0,0.7,1.0,1.0,0.25,1.0,0.25
hete_0.15,0.9026679327721067,0.054524128750014236,1.0,0.9973252994357322,-1.7360638094304413,81,145,400,20,2,100,0.0,0,0.3,0.0,0.15,1.0,0.7,1.0,1.0,0.25,1.0,0.25
hete_0.15,0.9389088067748859,0.05282526150920091,1.0,1.0043667376439713,-1.2391406875985695,82,146,400,20,2,100,0.0,0,0.3,0.0,0.15,1.0,0.7,1.0,1.0,0.25,1.0,0.25
hete_0.15,0.9746932993509133,0.05274840794124657,1.0,0.9947911146909941,-0.3810127380994441,83,147,400,20,2,100,0.0,0,0.3,0.0,0.15,1.0,0.7,1.0,1.0,0.25,1.0,0.25
hete_0.15,1.1109822318718354,0.05380948438850189,1.0,0.994315998971368,2.1681351201610264,84,148,400,20,2,100,0.0,0,0.3,0.0,0.15,1.0,0.7,1.0,1.0,0.25,1.0,0.25
hete_0.15,0.892505533763033,0.052599925904789915,1.0,0.9881024603243298,-1.8174346240398687,85,149,400,20,2,100,0.0,0,0.3,0.0,0.15,1.0,0.7,1.0,1.0,0.25,1.0,0.25
hete_0.15,0.9203616482067255,0.05157933035569072,1.0,0.9827032844810174,-1.208655402161765,86,150,400,20,2,100,0.0,0,0.3,0.0,0.15,1.0,0.7,1.0,1.0,0.25,1.0,0.25
hete_0.15,0.9872617849599415,0.05152095156764019,1.0,0.9973725359394204,-0.19624542388749966,87,151,400,20,2,100,0.0,0,0.3,0.0,0.15,1.0,0.7,1.0,1.0,0.25,1.0,0.25
hete_0.15,0.9898225606644433,0.04542508783056738,1.0,1.0065222184990796,-0.3676307219685513,88,152,400,20,2,100,0.0,0,0.3,0.0,0.15,1.0,0.7,1.0,1.0,0.25,1.0,0.25
hete_0.15,0.9344697545794212,0.05563732792493618,1.0,1.005064828219769,-1.2688437111069037,89,153,400,20,2,100,0.0,0,0.3,0.0,0.15,1.0,0.7,1.0,1.0,0.25,1.0,0.25
hete_0.15,1.0127450914066798,0.05979975348982547,1.0,0.9969200821754984,0.26463335227416734,90,154,400,20,2,100,0.0,0,0.3,0.0,0.15,1.0,0.7,1.0,1.0,0.25,1.0,0.25
hete_0.15,0.8904908955140334,0.04188937527028894,1.0,1.0017873212927584,-2.6569130014613687,91,155,400,20,2,100,0.0,0,0.3,0.0,0.15,1.0,0.7,1.0,1.0,0.25,1.0,0.25
hete_0.15,0.9278755630461044,0.053491495891565974,1.0,1.0040361341355322,-1.4237883951463026,92,156,400,20,2,100,0.0,0,0.3,0.0,0.15,1.0,0.7,1.0,1.0,0.25,1.0,0.25
hete_0.15,1.030656075820518,0.05423699275483528,1.0,1.0096158669853825,0.38793096310192865,93,157,400,20,2,100,0.0,0,0.3,0.0,0.15,1.0,0.7,1.0,1.0,0.25,1.0,0.25
hete_0.15,0.9646006714093938,0.05784295053364693,1.0,1.0069268483414229,-0.7317430480557559,94,158,400,20,2,100,0.0,0,0.3,0.0,0.15,1.0,0.7,1.0,1.0,0.25,1.0,0.25
hete_0.15,0.8967063985139708,0.05727956474257712,1.0,0.9908790558502524,-1.6440882146976408,95,159,400,20,2,100,0.0,0,0.3,0.0,0.15,1.0,0.7,1.0,1.0,0.25,1.0,0.25
hete_0.15,1.0529436366595977,0.049687995897267676,1.0,0.9966734305686302,1.1324708327401412,96,160,400,20,2,100,0.0,0,0.3,0.0,0.15,1.0,0.7,1.0,1.0,0.25,1.0,0.25
hete_0.15,0.9629056949950927,0.04737008816277706,1.0,0.9869983961653958,-0.5086057912223783,97,161,400,20,2,100,0.0,0,0.3,0.0,0.15,1.0,0.7,1.0,1.0,0.25,1.0,0.25
hete_0.15,0.9783363284118964,0.050809097837280756,1.0,0.9942303439680071,-0.31281829893953744,98,162,400,20,2,100,0.0,0,0.3,0.0,0.15,1.0,0.7,1.0,1.0,0.25,1.0,0.25
hete_0.15,0.919680835739945,0.051337261849453905,1.0,1.0031535369031443,-1.6259671465919314,99,163,400,20,2,100,0.0,0,0.3,0.0,0.15,1.0,0.7,1.0,1.0,0.25,1.0,0.25
hete_0.3,1.0961356721453221,0.05417922431295472,1.0,1.0099890427123799,1.5900306902759378,0,65,400,20,2,100,0.0,0,0.3,0.0,0.3,1.0,0.7,1.0,1.0,0.25,1.0,0.25
hete_0.3,0.9226797956180319,0.06622239364628713,1.0,1.0027402525810258,-1.2089635024463155,1,66,400,20,2,100,0.0,0,0.3,0.0,0.3,1.0,0.7,1.0,1.0,0.25,1.0,0.25
hete_0.3,0.9743320546677378,0.06324616884729428,1.0,0.9907142956303119,-0.25902345171497243,2,67,400,20,2,100,0.0,0,0.3,0.0,0.3,1.0,0.7,1.0,1.0,0.25,1.0,0.25
hete_0.3,0.8233864438449432,0.05719467360614375,1.0,0.9973159898672338,-3.0410095041368925,3,68,400,20,2,100,0.0,0,0.3,0.0,0.3,1.0,0.7,1.0,1.0,0.25,1.0,0.25
hete_0.3,0.986912507800426,0.053440093133972875,1.0,0.9849815013287245,0.03613404016457349,4,69,400,20,2,100,0.0,0,0.3,0.0,0.3,1.0,0.7,1.0,1.0,0.25,1.0,0.25
hete_0.3,1.0005637531660947,0.05595861260000049,1.0,0.992197928926303,0.14950020829843866,5,70,400,20,2,100,0.0,0,0.3,0.0,0.3,1.0,0.7,1.0,1.0,0.25,1.0,0.25
hete_0.3,0.9751923208306725,0.05229933297248936,1.0,1.0076032897662774,-0.6197205029871762,6,71,400,20,2,100,0.0,0,0.3,0.0,0.3,1.0,0.7,1.0,1.0,0.25,1.0,0.25
hete_0.3,0.9486418279647386,0.05686435313906437,1.0,1.015029320441736,-1.1674711627272667,7,72,400,20,2,100,0.0,0,0.3,0.0,0.3,1.0,0.7,1.0,1.0,0.25,1.0,0.25
hete_0.3,0.9441587979759745,0.06022441063046353,1.0,0.9992876265699445,-0.9153900887837672,8,73,400,20,2,100,0.0,0,0.3,0.0,0.3,1.0,0.7,1.0,1.0,0.25,1.0,0.25
hete_0.3,1.0302792895782589,0.05404554549660952,1.0,1.0149341712821103,0.2839293813235959,9,74,400,20,2,100,0.0,0,0.3,0.0,0.3,1.0,0.7,1.0,1.0,0.25,1.0,0.25
hete_0.3,1.1071435694175735,0.058826568607114146,1.0,1.022272571923377,1.442732416725268,10,75,400,20,2,100,0.0,0,0.3,0.0,0.3,1.0,0.7,1.0,1.0,0.25,1.0,0.25
hete_0.3,0.9673887638597629,0.05521426174347885,1.0,1.0121763891710085,-0.8111604483516486,11,76,400,20,2,100,0.0,0,0.3,0.0,0.3,1.0,0.7,1.0,1.0,0.25,1.0,0.25
hete_0.3,1.0017193448091202,0.06452752449217707,1.0,0.9752315602929217,0.4104881556305435,12,77,400,20,2,100,0.0,0,0.3,0.0,0.3,1.0,0.7,1.0,1.0,0.25,1.0,0.25
hete_0.3,0.9825540414584365,0.05359150884494141,1.0,0.9939733399611513,-0.21308036942484262,13,78,400,20,2,100,0.0,0,0.3,0.0,0.3,1.0,0.7,1.0,1.0,0.25,1.0,0.25
hete_0.3,0.849753273255425,0.054168948530392,1.0,0.968367691957022,-2.1897124075621885,14,79,400,20,2,100,0.0,0,0.3,0.0,0.3,1.0,0.7,1.0,1.0,0.25,1.0,0.25
hete_0.3,0.9528972156442651,0.06360118275368977,1.0,1.0246297019041068,-1.127848306495216,15,80,400,20,2,100,0.0,0,0.3,0.0,0.3,1.0,0.7,1.0,1.0,0.25,1.0,0.25
hete_0.3,0.9518473577573745,0.060843185645942606,1.0,0.9966293024551212,-0.7360223535687433,16,81,400,20,2,100,0.0,0,0.3,0.0,0.3,1.0,0.7,1.0,1.0,0.25,1.0,0.25
hete_0.3,1.0276296289158284,0.059780027237574425,1.0,1.004047360713405,0.3944840658687566,17,82,400,20,2,100,0.0,0,0.3,0.0,0.3,1.0,0.7,1.0,1.0,0.25,1.0,0.25
hete_0.3,0.9192760117755925,0.0586726055844191,1.0,0.988166166974976,-1.174145148544037,18,83,400,20,2,100,0.0,0,0.3,0.0,0.3,1.0,0.7,1.0,1.0,0.25,1.0,0.25
hete_0.3,1.1198832845874669,0.061124423612812104,1.0,1.01371144733178,1.7369789517889611,19,84,400,20,2,100,0.0,0,0.3,0.0,0.3,1.0,0.7,1.0,1.0,0.25,1.0,0.25
hete_0.3,1.0337367512566251,0.053626928542637835,1.0,1.0061610270884271,0.5142141255819453,20,85,400,20,2,100,0.0,0,0.3,0.0,0.3,1.0,0.7,1.0,1.0,0.25,1.0,0.25
hete_0.3,0.9249515702967694,0.05825816501783254,1.0,1.0033804130399948,-1.346229197559152,21,86,400,20,2,100,0.0,0,0.3,0.0,0.3,1.0,0.7,1.0,1.0,0.25,1.0,0.25
hete_0.3,0.922855734858697,0.05362878768789429,1.0,1.0144138060637438,-1.7072560308073927,22,87,400,20,2,100,0.0,0,0.3,0.0,0.3,1.0,0.7,1.0,1.0,0.25,1.0,0.25
hete_0.3,1.067051231087451,0.05835083140326867,1.0,1.0092003940799084,0.9914312378469711,23,88,400,20,2,100,0.0,0,0.3,0.0,0.3,1.0,0.7,1.0,1.0,0.25,1.0,0.25
hete_0.3,0.9646398174226555,0.06465266403747355,1.0,0.9992964518102673,-0.5360434083199471,24,89,400,20,2,100,0.0,0,0.3,0.0,0.3,1.0,0.7,1.0,1.0,0.25,1.0,0.25
hete_0.3,0.9674351403257944,0.06168863075596559,1.0,0.9754084179620012,-0.12925035842906524,25,90,400,20,2,100,0.0,0,0.3,0.0,0.3,1.0,0.7,1.0,1.0,0.25,1.0,0.25
hete_0.3,0.8960813755727404,0.061890257892088796,1.0,0.999142768039607,-1.6652280338945007,26,91,400,20,2,100,0.0,0,0.3,0.0,0.3,1.0,0.7,1.0,1.0,0.25,1.0,0.25
hete_0.3,1.0167082354468595,0.05523699889654553,1.0,1.0090006339087767,0.13953693524368566,27,92,400,20,2,100,0.0,0,0.3,0.0,0.3,1.0,0.7,1.0,1.0,0.25,1.0,0.25
hete_0.3,0.9081469638190448,0.0588911775656319,1.0,0.9567840462810095,-0.8258806237616938,28,93,400,20,2,100,0.0,0,0.3,0.0,0.3,1.0,0.7,1.0,1.0,0.25,1.0,0.25
hete_0.3,1.0441167600424588,0.07177155792462006,1.0,0.9712521542722726,1.0152295404638436,29,94,400,20,2,100,0.0,0,0.3,0.0,0.3,1.0,0.7,1.0,1.0,0.25,1.0,0.25
hete_0.3,1.1020275419160006,0.06675435599862439,1.0,1.0351975846190233,1.0011325298135516,30,95,400,20,2,100,0.0,0,0.3,0.0,0.3,1.0,0.7,1.0,1.0,0.25,1.0,0.25
hete_0.3,0.9169574059578215,0.05685851571360419,1.0,0.9887346074384437,-1.2623826102349076,31,96,400,20,2,100,0.0,0,0.3,0.0,0.3,1.0,0.7,1.0,1.0,0.25,1.0,0.25
hete_0.3,1.1105457638608969,0.07188194062907537,1.0,0.9914700515365626,1.6565455979936294,32,97,400,20,2,100,0.0,0,0.3,0.0,0.3,1.0,0.7,1.0,1.0,0.25,1.0,0.25
hete_0.3,1.0654257132546283,0.05297195730656289,1.0,1.0033216903993942,1.1723943386841738,33,98,400,20,2,100,0.0,0,0.3,0.0,0.3,1.0,0.7,1.0,1.0,0.25,1.0,0.25
hete_0.3,0.9367301507856041,0.06234290136360375,1.0,0.9839798984554704,-0.7579010061512969,34,99,400,20,2,100,0.0,0,0.3,0.0,0.3,1.0,0.7,1.0,1.0,0.25,1.0,0.25
hete_0.3,1.0018854094282441,0.056127883311725954,1.0,0.9950399155642399,0.12196244469055385,35,100,400,20,2,100,0.0,0,0.3,0.0,0.3,1.0,0.7,1.0,1.0,0.25,1.0,0.25
hete_0.3,0.9913893642100902,0.052718587416266886,1.0,0.9907561124631623,0.012011925545874122,36,101,400,20,2,100,0.0,0,0.3,0.0,0.3,1.0,0.7,1.0,1.0,0.25,1.0,0.25
hete_0.3,0.9540322690805958,0.05747987539882584,1.0,1.0308767190180044,-1.336893119621799,37,102,400,20,2,100,0.0,0,0.3,0.0,0.3,1.0,0.7,1.0,1.0,0.25,1.0,0.25
hete_0.3,0.9903188158816242,0.05495358031093586,1.0,0.9900639556946191,0.0046377358047102225,38,103,400,20,2,100,0.0,0,0.3,0.0,0.3,1.0,0.7,1.0,1.0,0.25,1.0,0.25
hete_0.3,0.9137657786092748,0.0602850189066082,1.0,0.9927089673343054,-1.3094992778774288,39,104,400,20,2,100,0.0,0,0.3,0.0,0.3,1.0,0.7,1.0,1.0,0.25,1.0,0.25
hete_0.3,0.9605235217560943,0.06478827645418685,1.0,1.0036831292495967,-0.666163847158697,40,105,400,20,2,100,0.0,0,0.3,0.0,0.3,1.0,0.7,1.0,1.0,0.25,1.0,0.25
hete_0.3,0.9705307241020679,0.0621220949386575,1.0,1.0104981405343707,-0.6433687800092494,41,106,400,20,2,100,0.0,0,0.3,0.0,0.3,1.0,0.7,1.0,1.0,0.25,1.0,0.25
hete_0.3,0.955446567841235,0.061283677668307425,1.0,0.9885555749396374,-0.5402581626644861,42,107,400,20,2,100,0.0,0,0.3,0.0,0.3,1.0,0.7,1.0,1.0,0.25,1.0,0.25
hete_0.3,0.9894937147863195,0.054245058091446044,1.0,0.9812282969668391,0.15237181248007192,43,108,400,20,2,100,0.0,0,0.3,0.0,0.3,1.0,0.7,1.0,1.0,0.25,1.0,0.25
hete_0.3,0.9497782358570486,0.05190263777451329,1.0,0.9945498357677937,-0.8626074093816116,44,109,400,20,2,100,0.0,0,0.3,0.0,0.3,1.0,0.7,1.0,1.0,0.25,1.0,0.25
hete_0.3,0.9605974829002537,0.058727104890423584,1.0,0.9973447788464992,-0.6257297378239691,45,110,400,20,2,100,0.0,0,0.3,0.0,0.3,1.0,0.7,1.0,1.0,0.25,1.0,0.25
hete_0.3,1.0429682549352386,0.0668239319534995,1.0,1.0120370934109144,0.46287550911921976,46,111,400,20,2,100,0.0,0,0.3,0.0,0.3,1.0,0.7,1.0,1.0,0.25,1.0,0.25
hete_0.3,0.9699741313800408,0.057512952596390304,1.0,0.9880094040597143,-0.3135862769251282,47,112,400,20,2,100,0.0,0,0.3,0.0,0.3,1.0,0.7,1.0,1.0,0.25,1.0,0.25
hete_0.3,0.9238221214501864,0.06273654921022982,1.0,0.9943178793746427,-1.1236792398036652,48,113,400,20,2,100,0.0,0,0.3,0.0,0.3,1.0,0.7,1.0,1.0,0.25,1.0,0.25
hete_0.3,0.9819844903878107,0.05524085001240649,1.0,0.9872952178164668,-0.09613768483764089,49,114,400,20,2,100,0.0,0,0.3,0.0,0.3,1.0,0.7,1.0,1.0,0.25,1.0,0.25
hete_0.3,0.9870132704431084,0.05121427611254705,1.0,0.996998050616995,-0.19496087676694535,50,115,400,20,2,100,0.0,0,0.3,0.0,0.3,1.0,0.7,1.0,1.0,0.25,1.0,0.25
hete_0.3,0.9378414184176209,0.05528307670657394,1.0,1.0054060820605613,-1.222158166079529,51,116,400,20,2,100,0.0,0,0.3,0.0,0.3,1.0,0.7,1.0,1.0,0.25,1.0,0.25
hete_0.3,0.9127201252744666,0.06247080813998947,1.0,1.0075331459909165,-1.5177172112770736,52,117,400,20,2,100,0.0,0,0.3,0.0,0.3,1.0,0.7,1.0,1.0,0.25,1.0,0.25
hete_0.3,1.0310006469413133,0.06686374178945514,1.0,1.0228417264780603,0.12202309121353686,53,118,400,20,2,100,0.0,0,0.3,0.0,0.3,1.0,0.7,1.0,1.0,0.25,1.0,0.25
hete_0.3,1.092814336053195,0.08389221416972382,1.0,0.9985815831910585,1.1232598137354266,54,119,400,20,2,100,0.0,0,0.3,0.0,0.3,1.0,0.7,1.0,1.0,0.25,1.0,0.25
hete_0.3,1.0163547729513558,0.05658081833376148,1.0,1.0111224291814118,0.0924755760703068,55,120,400,20,2,100,0.0,0,0.3,0.0,0.3,1.0,0.7,1.0,1.0,0.25,1.0,0.25
hete_0.3,1.0004667678998707,0.0626172042035828,1.0,1.012508681524054,-0.19230998536811675,56,121,400,20,2,100,0.0,0,0.3,0.0,0.3,1.0,0.7,1.0,1.0,0.25,1.0,0.25
hete_0.3,0.9872951007784604,0.05203415000163578,1.0,0.998976631556325,-0.2244973883016706,57,122,400,20,2,100,0.0,0,0.3,0.0,0.3,1.0,0.7,1.0,1.0,0.25,1.0,0.25
hete_0.3,1.0999863255603641,0.051935866576727954,1.0,1.0122044624702133,1.6901973313657028,58,123,400,20,2,100,0.0,0,0.3,0.0,0.3,1.0,0.7,1.0,1.0,0.25,1.0,0.25
hete_0.3,1.0759721055098488,0.05899282995459541,1.0,1.0051523617509444,1.2004805298103474,59,124,400,20,2,100,0.0,0,0.3,0.0,0.3,1.0,0.7,1.0,1.0,0.25,1.0,0.25
hete_0.3,0.9396696265884574,0.059280651433922554,1.0,0.9923137642977854,-0.8880492443307239,60,125,400,20,2,100,0.0,0,0.3,0.0,0.3,1.0,0.7,1.0,1.0,0.25,1.0,0.25
hete_0.3,0.9812588773550422,0.0698209811144544,1.0,1.0049804177956587,-0.33974802504895796,61,126,400,20,2,100,0.0,0,0.3,0.0,0.3,1.0,0.7,1.0,1.0,0.25,1.0,0.25
hete_0.3,0.8183481749931807,0.05799246847552671,1.0,0.9799483644748597,-2.7865720106374776,62,127,400,20,2,100,0.0,0,0.3,0.0,0.3,1.0,0.7,1.0,1.0,0.25,1.0,0.25
hete_0.3,0.993613150499613,0.058626084807138185,1.0,1.0072382917867548,-0.2324074911699187,63,128,400,20,2,100,0.0,0,0.3,0.0,0.3,1.0,0.7,1.0,1.0,0.25,1.0,0.25
hete_0.3,0.9722801884089661,0.05710177536365338,1.0,0.9955536936668278,-0.40757936350742224,64,129,400,20,2,100,0.0,0,0.3,0.0,0.3,1.0,0.7,1.0,1.0,0.25,1.0,0.25
hete_0.3,0.8693305906187361,0.059633652294609464,1.0,0.9999565992376023,-2.1904747335201207,65,130,400,20,2,100,0.0,0,0.3,0.0,0.3,1.0,0.7,1.0,1.0,0.25,1.0,0.25
hete_0.3,1.0166372001032278,0.05805858042949467,1.0,1.0084247356796914,0.1414513472906813,66,131,400,20,2,100,0.0,0,0.3,0.0,0.3,1.0,0.7,1.0,1.0,0.25,1.0,0.25
hete_0.3,0.9908540121624526,0.05236027873318539,1.0,1.0240967253499758,-0.6348841906843071,67,132,400,20,2,100,0.0,0,0.3,0.0,0.3,1.0,0.7,1.0,1.0,0.25,1.0,0.25
hete_0.3,0.9719770825219635,0.059440566866789,1.0,0.9862592885480974,-0.24027708312643617,68,133,400,20,2,100,0.0,0,0.3,0.0,0.3,1.0,0.7,1.0,1.0,0.25,1.0,0.25
hete_0.3,0.9125092255644279,0.061857493943700256,1.0,1.0132891803694337,-1.6292278975402867,69,134,400,20,2,100,0.0,0,0.3,0.0,0.3,1.0,0.7,1.0,1.0,0.25,1.0,0.25
hete_0.3,0.8463009630231499,0.05306622059072536,1.0,0.993541845944676,-2.774663077235616,70,135,400,20,2,100,0.0,0,0.3,0.0,0.3,1.0,0.7,1.0,1.0,0.25,1.0,0.25
hete_0.3,1.100687825929786,0.06375605981361977,1.0,1.0094055240309077,1.4317431498390434,71,136,400,20,2,100,0.0,0,0.3,0.0,0.3,1.0,0.7,1.0,1.0,0.25,1.0,0.25
hete_0.3,0.8599925952563124,0.06316585004141459,1.0,1.009894583033751,-2.3731492203327504,72,137,400,20,2,100,0.0,0,0.3,0.0,0.3,1.0,0.7,1.0,1.0,0.25,1.0,0.25
hete_0.3,0.942570178713288,0.06527469157061588,1.0,1.0139329359745342,-1.0932683945973773,73,138,400,20,2,100,0.0,0,0.3,0.0,0.3,1.0,0.7,1.0,1.0,0.25,1.0,0.25
hete_0.3,0.9878480489995282,0.06428261343501053,1.0,1.0070746893258136,-0.29909549874980523,74,139,400,20,2,100,0.0,0,0.3,0.0,0.3,1.0,0.7,1.0,1.0,0.25,1.0,0.25
hete_0.3,1.0406098334350284,0.053997457080783844,1.0,0.9916495175112225,0.906715215321306,75,140,400,20,2,100,0.0,0,0.3,0.0,0.3,1.0,0.7,1.0,1.0,0.25,1.0,0.25
hete_0.3,0.9826066588148962,0.05206166506672495,1.0,1.0158971525130593,-0.6394435071466948,76,141,400,20,2,100,0.0,0,0.3,0.0,0.3,1.0,0.7,1.0,1.0,0.25,1.0,0.25
hete_0.3,0.9127344689858082,0.05309856583120265,1.0,0.9809933949202587,-1.2855135513723999,77,142,400,20,2,100,0.0,0,0.3,0.0,0.3,1.0,0.7,1.0,1.0,0.25,1.0,0.25
hete_0.3,1.103269682685916,0.059321154975336465,1.0,1.0098904279709098,1.5741307591504232,78,143,400,20,2,100,0.0,0,0.3,0.0,0.3,1.0,0.7,1.0,1.0,0.25,1.0,0.25
hete_0.3,0.983588026151472,0.05745211962543837,1.0,0.9910863844186945,-0.1305149107832457,79,144,400,20,2,100,0.0,0,0.3,0.0,0.3,1.0,0.7,1.0,1.0,0.25,1.0,0.25
hete_0.3,0.8781039024603796,0.05731387856331495,1.0,0.9946505988714646,-2.0334812323394793,80,145,400,20,2,100,0.0,0,0.3,0.0,0.3,1.0,0.7,1.0,1.0,0.25,1.0,0.25
hete_0.3,0.9254036138041739,0.05633707383223337,1.0,1.0087334752879427,-1.4791300970284227,81,146,400,20,2,100,0.0,0,0.3,0.0,0.3,1.0,0.7,1.0,1.0,0.25,1.0,0.25
hete_0.3,0.9526250438838327,0.05959963721565205,1.0,0.9895822293819881,-0.6200907794863174,82,147,400,20,2,100,0.0,0,0.3,0.0,0.3,1.0,0.7,1.0,1.0,0.25,1.0,0.25
hete_0.3,1.0890785527314757,0.05993774608215959,1.0,0.9886319979427359,1.6758480482574831,83,148,400,20,2,100,0.0,0,0.3,0.0,0.3,1.0,0.7,1.0,1.0,0.25,1.0,0.25
hete_0.3,0.8766331509042903,0.05622818210682424,1.0,0.9762049206486597,-1.770851662164705,84,149,400,20,2,100,0.0,0,0.3,0.0,0.3,1.0,0.7,1.0,1.0,0.25,1.0,0.25
hete_0.3,0.8870322031817335,0.0584791635809314,1.0,0.965406568962035,-1.3402101018739172,85,150,400,20,2,100,0.0,0,0.3,0.0,0.3,1.0,0.7,1.0,1.0,0.25,1.0,0.25
hete_0.3,1.0084263579301975,0.056456360590197915,1.0,0.9947450718788409,0.24233382932112052,86,151,400,20,2,100,0.0,0,0.3,0.0,0.3,1.0,0.7,1.0,1.0,0.25,1.0,0.25
hete_0.3,0.9679249208402998,0.048519178454332644,1.0,1.0130444369981597,-0.9299315774756457,87,152,400,20,2,100,0.0,0,0.3,0.0,0.3,1.0,0.7,1.0,1.0,0.25,1.0,0.25
hete_0.3,0.9581569268491509,0.060099335306120875,1.0,1.0101296564395377,-0.8647804393452847,88,153,400,20,2,100,0.0,0,0.3,0.0,0.3,1.0,0.7,1.0,1.0,0.25,1.0,0.25
hete_0.3,1.0097764805141929,0.07083959972387043,1.0,0.993840164350997,0.22496338524377538,89,154,400,20,2,100,0.0,0,0.3,0.0,0.3,1.0,0.7,1.0,1.0,0.25,1.0,0.25
hete_0.3,0.8738603291926339,0.04703784694542785,1.0,1.0035746425855168,-2.7576583924722193,90,155,400,20,2,100,0.0,0,0.3,0.0,0.3,1.0,0.7,1.0,1.0,0.25,1.0,0.25
hete_0.3,0.9273975455164015,0.06032398574202219,1.0,1.0080722682710643,-1.3373573009527473,91,156,400,20,2,100,0.0,0,0.3,0.0,0.3,1.0,0.7,1.0,1.0,0.25,1.0,0.25
hete_0.3,1.0403469701020869,0.06238641823633705,1.0,1.0192317339707653,0.3384588621730331,92,157,400,20,2,100,0.0,0,0.3,0.0,0.3,1.0,0.7,1.0,1.0,0.25,1.0,0.25
hete_0.3,0.9561819998791478,0.06513110645348341,1.0,1.0138536966828458,-0.8854708593794131,93,158,400,20,2,100,0.0,0,0.3,0.0,0.3,1.0,0.7,1.0,1.0,0.25,1.0,0.25
hete_0.3,0.888316897432435,0.061449294707987816,1.0,0.9817581117005048,-1.5206230553517366,94,159,400,20,2,100,0.0,0,0.3,0.0,0.3,1.0,0.7,1.0,1.0,0.25,1.0,0.25
hete_0.3,1.040992066746312,0.05500241552260241,1.0,0.9933468611372603,0.8662384216466372,95,160,400,20,2,100,0.0,0,0.3,0.0,0.3,1.0,0.7,1.0,1.0,0.25,1.0,0.25
hete_0.3,0.9524458789385573,0.05215041932011062,1.0,0.9739967923307915,-0.4132452561876838,96,161,400,20,2,100,0.0,0,0.3,0.0,0.3,1.0,0.7,1.0,1.0,0.25,1.0,0.25
hete_0.3,0.9620194673375976,0.05522804520610447,1.0,0.9884606879360143,-0.47876437595683885,97,162,400,20,2,100,0.0,0,0.3,0.0,0.3,1.0,0.7,1.0,1.0,0.25,1.0,0.25
hete_0.3,0.9106418110513811,0.05670552342251931,1.0,1.0063070738062883,-1.687053693907283,98,163,400,20,2,100,0.0,0,0.3,0.0,0.3,1.0,0.7,1.0,1.0,0.25,1.0,0.25
hete_0.3,0.893280814710158,0.06272711993654063,1.0,0.9818933387976619,-1.4126668684478247,99,164,400,20,2,100,0.0,0,0.3,0.0,0.3,1.0,0.7,1.0,1.0,0.25,1.0,0.25
hete_0.5,0.9519009181341338,0.07976225501626004,1.0,1.004567087635043,-0.6602893748449421,0,66,400,20,2,100,0.0,0,0.3,0.0,0.5,1.0,0.7,1.0,1.0,0.25,1.0,0.25
hete_0.5,0.9632454095234874,0.07475273583843303,1.0,0.9845238260505198,-0.28465067249207554,1,67,400,20,2,100,0.0,0,0.3,0.0,0.5,1.0,0.7,1.0,1.0,0.25,1.0,0.25
hete_0.5,0.8077393338516704,0.06453764603890667,1.0,0.9955266497787233,-2.909732961345458,2,68,400,20,2,100,0.0,0,0.3,0.0,0.5,1.0,0.7,1.0,1.0,0.25,1.0,0.25
hete_0.5,0.9637141491784351,0.0653709825366954,1.0,0.9749691688812075,-0.1721714936203464,3,69,400,20,2,100,0.0,0,0.3,0.0,0.5,1.0,0.7,1.0,1.0,0.25,1.0,0.25
hete_0.5,0.9927897222488375,0.06502494639093086,1.0,0.9869965482105048,0.08909156192923487,4,70,400,20,2,100,0.0,0,0.3,0.0,0.5,1.0,0.7,1.0,1.0,0.25,1.0,0.25
hete_0.5,0.969457137996177,0.06097979358188225,1.0,1.0126721496104625,-0.708677564745399,5,71,400,20,2,100,0.0,0,0.3,0.0,0.5,1.0,0.7,1.0,1.0,0.25,1.0,0.25
hete_0.5,0.9545750852591584,0.06482876845271926,1.0,1.0250488674028932,-1.0870757508702737,6,72,400,20,2,100,0.0,0,0.3,0.0,0.5,1.0,0.7,1.0,1.0,0.25,1.0,0.25
hete_0.5,0.930067220220992,0.07273687685482962,1.0,0.9988127109499075,-0.9451256872922907,7,73,400,20,2,100,0.0,0,0.3,0.0,0.5,1.0,0.7,1.0,1.0,0.25,1.0,0.25
hete_0.5,1.0540633626716616,0.06824288639528495,1.0,1.0248902854701836,0.42748891118845794,8,74,400,20,2,100,0.0,0,0.3,0.0,0.5,1.0,0.7,1.0,1.0,0.25,1.0,0.25
hete_0.5,1.1456806588194508,0.07146865594905996,1.0,1.0371209532056285,1.518983450468124,9,75,400,20,2,100,0.0,0,0.3,0.0,0.5,1.0,0.7,1.0,1.0,0.25,1.0,0.25
hete_0.5,0.9963044476631707,0.06525550316127608,1.0,1.0202939819516808,-0.3676246925752907,10,76,400,20,2,100,0.0,0,0.3,0.0,0.5,1.0,0.7,1.0,1.0,0.25,1.0,0.25
hete_0.5,0.9976762543206591,0.07849376238746116,1.0,0.9587192671548693,0.49630678898394714,11,77,400,20,2,100,0.0,0,0.3,0.0,0.5,1.0,0.7,1.0,1.0,0.25,1.0,0.25
hete_0.5,0.9876844897985894,0.060181928398492686,1.0,0.9899555666019189,-0.03773685662399576,12,78,400,20,2,100,0.0,0,0.3,0.0,0.5,1.0,0.7,1.0,1.0,0.25,1.0,0.25
hete_0.5,0.8033748694607212,0.06318331917257493,1.0,0.9472794865950368,-2.2775729261905915,13,79,400,20,2,100,0.0,0,0.3,0.0,0.5,1.0,0.7,1.0,1.0,0.25,1.0,0.25
hete_0.5,0.9462689904488003,0.08065953686659709,1.0,1.0410495031735116,-1.1750688933593674,14,80,400,20,2,100,0.0,0,0.3,0.0,0.5,1.0,0.7,1.0,1.0,0.25,1.0,0.25
hete_0.5,0.9454943085910487,0.0701896656731306,1.0,0.9943821707585353,-0.6965108281773945,15,81,400,20,2,100,0.0,0,0.3,0.0,0.5,1.0,0.7,1.0,1.0,0.25,1.0,0.25
hete_0.5,1.051364127632451,0.06702522489458089,1.0,1.0067456011890084,0.6656975267687636,16,82,400,20,2,100,0.0,0,0.3,0.0,0.5,1.0,0.7,1.0,1.0,0.25,1.0,0.25
hete_0.5,0.9135326678647809,0.07091297559602133,1.0,0.9802769449582931,-0.9412138826854832,17,83,400,20,2,100,0.0,0,0.3,0.0,0.5,1.0,0.7,1.0,1.0,0.25,1.0,0.25
hete_0.5,1.1334501959831085,0.07287609364034951,1.0,1.0228524122196332,1.5176140520001788,18,84,400,20,2,100,0.0,0,0.3,0.0,0.5,1.0,0.7,1.0,1.0,0.25,1.0,0.25
hete_0.5,1.0450655976102996,0.06029895453573618,1.0,1.0102683784807118,0.577078315826607,19,85,400,20,2,100,0.0,0,0.3,0.0,0.5,1.0,0.7,1.0,1.0,0.25,1.0,0.25
hete_0.5,0.928513085975674,0.07286646343217988,1.0,1.0056340217333248,-1.0583872487434611,20,86,400,20,2,100,0.0,0,0.3,0.0,0.5,1.0,0.7,1.0,1.0,0.25,1.0,0.25
hete_0.5,0.9019679706805647,0.06695149657943014,1.0,1.0240230101062398,-1.8230367603638407,21,87,400,20,2,100,0.0,0,0.3,0.0,0.5,1.0,0.7,1.0,1.0,0.25,1.0,0.25
hete_0.5,1.0223200789360465,0.0755588266346353,1.0,1.0153339901331808,0.09245893714902292,22,88,400,20,2,100,0.0,0,0.3,0.0,0.5,1.0,0.7,1.0,1.0,0.25,1.0,0.25
hete_0.5,0.9630754278782095,0.07663072332126505,1.0,0.9988274196837787,-0.46654905834156485,23,89,400,20,2,100,0.0,0,0.3,0.0,0.5,1.0,0.7,1.0,1.0,0.25,1.0,0.25
hete_0.5,0.9521898407909076,0.07533934180063298,1.0,0.9590140299366684,-0.09057935711489634,24,90,400,20,2,100,0.0,0,0.3,0.0,0.5,1.0,0.7,1.0,1.0,0.25,1.0,0.25
hete_0.5,0.8865041047022119,0.07308431152939261,1.0,0.9985712800660116,-1.5333957865735552,25,91,400,20,2,100,0.0,0,0.3,0.0,0.5,1.0,0.7,1.0,1.0,0.25,1.0,0.25
hete_0.5,0.9971395648057899,0.06362986649186791,1.0,1.0150010565146277,-0.2807092438441706,26,92,400,20,2,100,0.0,0,0.3,0.0,0.5,1.0,0.7,1.0,1.0,0.25,1.0,0.25
hete_0.5,0.8619175330641358,0.06781576279109716,1.0,0.9279734104683491,-0.9740490217251552,27,93,400,20,2,100,0.0,0,0.3,0.0,0.5,1.0,0.7,1.0,1.0,0.25,1.0,0.25
hete_0.5,1.046697011369021,0.0857382955243316,1.0,0.9520869237871213,1.1034752557572174,28,94,400,20,2,100,0.0,0,0.3,0.0,0.5,1.0,0.7,1.0,1.0,0.25,1.0,0.25
hete_0.5,1.1414075356729794,0.08543971833345414,1.0,1.058662641031706,0.9684593565528465,29,95,400,20,2,100,0.0,0,0.3,0.0,0.5,1.0,0.7,1.0,1.0,0.25,1.0,0.25
hete_0.5,0.8998149297347288,0.07285524618471215,1.0,0.9812243457307394,-1.117413230470882,30,96,400,20,2,100,0.0,0,0.3,0.0,0.5,1.0,0.7,1.0,1.0,0.25,1.0,0.25
hete_0.5,1.1400317129122803,0.09152608477909105,1.0,0.9857834192276045,1.6852932588231238,31,97,400,20,2,100,0.0,0,0.3,0.0,0.5,1.0,0.7,1.0,1.0,0.25,1.0,0.25
hete_0.5,1.0839548151575062,0.0661174804222001,1.0,1.005536150665657,1.1860504059002037,32,98,400,20,2,100,0.0,0,0.3,0.0,0.5,1.0,0.7,1.0,1.0,0.25,1.0,0.25
hete_0.5,0.938247644747492,0.07204953301297723,1.0,0.9732998307591174,-0.4865012241691,33,99,400,20,2,100,0.0,0,0.3,0.0,0.5,1.0,0.7,1.0,1.0,0.25,1.0,0.25
hete_0.5,0.9774001124791263,0.06699141787509703,1.0,0.9917331926070665,-0.21395397474141684,34,100,400,20,2,100,0.0,0,0.3,0.0,0.5,1.0,0.7,1.0,1.0,0.25,1.0,0.25
hete_0.5,1.0066905647357842,0.06376493121838817,1.0,0.984593520771937,0.3465391327431565,35,101,400,20,2,100,0.0,0,0.3,0.0,0.5,1.0,0.7,1.0,1.0,0.25,1.0,0.25
hete_0.5,0.9636950899068508,0.06720889194955934,1.0,1.0514611983633404,-1.305870486934356,36,102,400,20,2,100,0.0,0,0.3,0.0,0.5,1.0,0.7,1.0,1.0,0.25,1.0,0.25
hete_0.5,0.9611806106942162,0.06134775917869964,1.0,0.9834399261576986,-0.3628382806720502,37,103,400,20,2,100,0.0,0,0.3,0.0,0.5,1.0,0.7,1.0,1.0,0.25,1.0,0.25
hete_0.5,0.9000749113220895,0.07196357574254378,1.0,0.9878482788905089,-1.219691582342108,38,104,400,20,2,100,0.0,0,0.3,0.0,0.5,1.0,0.7,1.0,1.0,0.25,1.0,0.25
hete_0.5,0.9329732173488974,0.0832355177665285,1.0,1.0061385487493277,-0.8790157538955363,39,105,400,20,2,100,0.0,0,0.3,0.0,0.5,1.0,0.7,1.0,1.0,0.25,1.0,0.25
hete_0.5,0.9958737053181212,0.0727120632569912,1.0,1.017496900890618,-0.2973811305019977,40,106,400,20,2,100,0.0,0,0.3,0.0,0.5,1.0,0.7,1.0,1.0,0.25,1.0,0.25
hete_0.5,0.9093631485009481,0.07612857277667544,1.0,0.9809259582327292,-0.9400256319228774,41,107,400,20,2,100,0.0,0,0.3,0.0,0.5,1.0,0.7,1.0,1.0,0.25,1.0,0.25
hete_0.5,1.0223151322438837,0.06864566728904789,1.0,0.9687138282780654,0.7808403076645473,42,108,400,20,2,100,0.0,0,0.3,0.0,0.5,1.0,0.7,1.0,1.0,0.25,1.0,0.25
hete_0.5,0.9768529297639651,0.06172901136486698,1.0,0.9909163929463228,-0.2278258289158661,43,109,400,20,2,100,0.0,0,0.3,0.0,0.5,1.0,0.7,1.0,1.0,0.25,1.0,0.25
hete_0.5,0.9644155427244313,0.07339025687239024,1.0,0.995574631410832,-0.424567102150625,44,110,400,20,2,100,0.0,0,0.3,0.0,0.5,1.0,0.7,1.0,1.0,0.25,1.0,0.25
hete_0.5,1.0313368371935578,0.08463645128275284,1.0,1.0200618223515239,0.1332170084065373,45,111,400,20,2,100,0.0,0,0.3,0.0,0.5,1.0,0.7,1.0,1.0,0.25,1.0,0.25
hete_0.5,1.0011361661025044,0.07262787256395753,1.0,0.9800156734328571,0.29080423154413904,46,112,400,20,2,100,0.0,0,0.3,0.0,0.5,1.0,0.7,1.0,1.0,0.25,1.0,0.25
hete_0.5,0.9208288103836277,0.07892410241966714,1.0,0.9905297989577377,-0.8831394521724858,47,113,400,20,2,100,0.0,0,0.3,0.0,0.5,1.0,0.7,1.0,1.0,0.25,1.0,0.25
hete_0.5,0.9833700917685548,0.06670553863170875,1.0,0.9788253630274446,0.06813120520924587,48,114,400,20,2,100,0.0,0,0.3,0.0,0.5,1.0,0.7,1.0,1.0,0.25,1.0,0.25
hete_0.5,0.9803867695546018,0.058487431938365156,1.0,0.994996751028325,-0.2497969390948702,49,115,400,20,2,100,0.0,0,0.3,0.0,0.5,1.0,0.7,1.0,1.0,0.25,1.0,0.25
hete_0.5,0.9203821022128477,0.06354876677477266,1.0,1.0090101367676025,-1.3946460183699125,50,116,400,20,2,100,0.0,0,0.3,0.0,0.5,1.0,0.7,1.0,1.0,0.25,1.0,0.25
hete_0.5,0.9184176852497558,0.07937601490178592,1.0,1.0125552433181944,-1.1859698195344972,51,117,400,20,2,100,0.0,0,0.3,0.0,0.5,1.0,0.7,1.0,1.0,0.25,1.0,0.25
hete_0.5,1.0759868028414046,0.08519836591915364,1.0,1.0380695441301002,0.44504678349447185,52,118,400,20,2,100,0.0,0,0.3,0.0,0.5,1.0,0.7,1.0,1.0,0.25,1.0,0.25
hete_0.5,1.1199514120322087,0.10675286770055968,1.0,0.9976359719850976,1.1457813048189418,53,119,400,20,2,100,0.0,0,0.3,0.0,0.5,1.0,0.7,1.0,1.0,0.25,1.0,0.25
hete_0.5,1.019807746215289,0.06825236640456978,1.0,1.0185373819690202,0.01861275019738731,54,120,400,20,2,100,0.0,0,0.3,0.0,0.5,1.0,0.7,1.0,1.0,0.25,1.0,0.25
hete_0.5,0.9980422050295593,0.07940805780252538,1.0,1.0208478025400902,-0.2871950044067899,55,121,400,20,2,100,0.0,0,0.3,0.0,0.5,1.0,0.7,1.0,1.0,0.25,1.0,0.25
hete_0.5,0.9808550033920627,0.06574206837257669,1.0,0.9982943859272083,-0.2652697575061424,56,122,400,20,2,100,0.0,0,0.3,0.0,0.5,1.0,0.7,1.0,1.0,0.25,1.0,0.25
hete_0.5,1.0855978623410243,0.06305093895501124,1.0,1.020340770783689,1.0349900039379003,57,123,400,20,2,100,0.0,0,0.3,0.0,0.5,1.0,0.7,1.0,1.0,0.25,1.0,0.25
hete_0.5,1.0883404403212487,0.07267627728061783,1.0,1.0085872695849074,1.0973755635335873,58,124,400,20,2,100,0.0,0,0.3,0.0,0.5,1.0,0.7,1.0,1.0,0.25,1.0,0.25
hete_0.5,0.9270613422352108,0.06854874776494183,1.0,0.9871896071629755,-0.8771606614018477,59,125,400,20,2,100,0.0,0,0.3,0.0,0.5,1.0,0.7,1.0,1.0,0.25,1.0,0.25
hete_0.5,0.9838477444581194,0.08364398077233678,1.0,1.0083006963260983,-0.29234562537781716,60,126,400,20,2,100,0.0,0,0.3,0.0,0.5,1.0,0.7,1.0,1.0,0.25,1.0,0.25
hete_0.5,0.7983949101804584,0.06659011760315595,1.0,0.9665806074580996,-2.5256855421091835,61,127,400,20,2,100,0.0,0,0.3,0.0,0.5,1.0,0.7,1.0,1.0,0.25,1.0,0.25
hete_0.5,0.9843067906541234,0.07126609446533134,1.0,1.0120638196445915,-0.3894843571646957,62,128,400,20,2,100,0.0,0,0.3,0.0,0.5,1.0,0.7,1.0,1.0,0.25,1.0,0.25
hete_0.5,0.9688802611391024,0.06669507537471837,1.0,0.9925894894447131,-0.3554869407134371,63,129,400,20,2,100,0.0,0,0.3,0.0,0.5,1.0,0.7,1.0,1.0,0.25,1.0,0.25
hete_0.5,0.8777775605778488,0.07327290144175296,1.0,0.9999276653960036,-1.66705702128168,64,130,400,20,2,100,0.0,0,0.3,0.0,0.5,1.0,0.7,1.0,1.0,0.25,1.0,0.25
hete_0.5,0.99751280375235,0.0657990833828039,1.0,1.014041226132819,-0.2511953287298942,65,131,400,20,2,100,0.0,0,0.3,0.0,0.5,1.0,0.7,1.0,1.0,0.25,1.0,0.25
hete_0.5,1.0111023270225779,0.060999784477802806,1.0,1.0401612089166263,-0.476376796128234,66,132,400,20,2,100,0.0,0,0.3,0.0,0.5,1.0,0.7,1.0,1.0,0.25,1.0,0.25
hete_0.5,0.9572757901762822,0.06929264880692632,1.0,0.9770988142468292,-0.28607686979582714,67,133,400,20,2,100,0.0,0,0.3,0.0,0.5,1.0,0.7,1.0,1.0,0.25,1.0,0.25
hete_0.5,0.9043378288222823,0.06855269678130438,1.0,1.0221486339490562,-1.718543699347261,68,134,400,20,2,100,0.0,0,0.3,0.0,0.5,1.0,0.7,1.0,1.0,0.25,1.0,0.25
hete_0.5,0.8286672578272748,0.06194065249427999,1.0,0.9892364099077934,-2.5923064355085152,69,135,400,20,2,100,0.0,0,0.3,0.0,0.5,1.0,0.7,1.0,1.0,0.25,1.0,0.25
hete_0.5,1.1391815326993118,0.07641155115090115,1.0,1.0156758733848463,1.6163218447242436,70,136,400,20,2,100,0.0,0,0.3,0.0,0.5,1.0,0.7,1.0,1.0,0.25,1.0,0.25
hete_0.5,0.8670466513314292,0.08406138924962031,1.0,1.0164909717229182,-1.7777997928122993,71,137,400,20,2,100,0.0,0,0.3,0.0,0.5,1.0,0.7,1.0,1.0,0.25,1.0,0.25
hete_0.5,0.9341165573079091,0.07596106485477791,1.0,1.0232215599575567,-1.1730351966497339,72,138,400,20,2,100,0.0,0,0.3,0.0,0.5,1.0,0.7,1.0,1.0,0.25,1.0,0.25
hete_0.5,1.0167550264399732,0.08169880087441418,1.0,1.011791148876356,0.060758267079678865,73,139,400,20,2,100,0.0,0,0.3,0.0,0.5,1.0,0.7,1.0,1.0,0.25,1.0,0.25
hete_0.5,1.0543033955024192,0.0652831569842178,1.0,0.9860825291853711,1.0449994986232138,74,140,400,20,2,100,0.0,0,0.3,0.0,0.5,1.0,0.7,1.0,1.0,0.25,1.0,0.25
hete_0.5,1.0004122703850202,0.05747243210437713,1.0,1.026495254188432,-0.453834696886358,75,141,400,20,2,100,0.0,0,0.3,0.0,0.5,1.0,0.7,1.0,1.0,0.25,1.0,0.25
hete_0.5,0.8943153328446012,0.0696846477546838,1.0,0.9683223248670978,-1.0620272098243086,76,142,400,20,2,100,0.0,0,0.3,0.0,0.5,1.0,0.7,1.0,1.0,0.25,1.0,0.25
hete_0.5,1.1059972341731334,0.06992703180512239,1.0,1.0164840466181828,1.2800941959671952,77,143,400,20,2,100,0.0,0,0.3,0.0,0.5,1.0,0.7,1.0,1.0,0.25,1.0,0.25
hete_0.5,0.9677469440003534,0.06945734707728843,1.0,0.9851439740311576,-0.25047069551109813,78,144,400,20,2,100,0.0,0,0.3,0.0,0.5,1.0,0.7,1.0,1.0,0.25,1.0,0.25
hete_0.5,0.855356673367379,0.06641019485644739,1.0,0.9910843314524409,-2.043777440774741,79,145,400,20,2,100,0.0,0,0.3,0.0,0.5,1.0,0.7,1.0,1.0,0.25,1.0,0.25
hete_0.5,0.927141567923688,0.062232381033360866,1.0,1.014555792146571,-1.4046421295695413,80,146,400,20,2,100,0.0,0,0.3,0.0,0.5,1.0,0.7,1.0,1.0,0.25,1.0,0.25
hete_0.5,0.9456100746697363,0.07272607012950152,1.0,0.9826370489699804,-0.5091293154478307,81,147,400,20,2,100,0.0,0,0.3,0.0,0.5,1.0,0.7,1.0,1.0,0.25,1.0,0.25
hete_0.5,1.092061015590866,0.07528943431169674,1.0,0.9810533299045602,1.4744125347885646,82,148,400,20,2,100,0.0,0,0.3,0.0,0.5,1.0,0.7,1.0,1.0,0.25,1.0,0.25
hete_0.5,0.8662016319127785,0.06606927175344515,1.0,0.9603415344144328,-1.424866658935822,83,149,400,20,2,100,0.0,0,0.3,0.0,0.5,1.0,0.7,1.0,1.0,0.25,1.0,0.25
hete_0.5,0.8610611302145329,0.0693489404593087,1.0,0.9423442816033915,-1.1720893044725376,84,150,400,20,2,100,0.0,0,0.3,0.0,0.5,1.0,0.7,1.0,1.0,0.25,1.0,0.25
hete_0.5,0.9988456700005398,0.06896520661816569,1.0,0.9912417864647348,0.11025680786987012,85,151,400,20,2,100,0.0,0,0.3,0.0,0.5,1.0,0.7,1.0,1.0,0.25,1.0,0.25
hete_0.5,0.9531199914500974,0.05659871057417942,1.0,1.021740728330266,-1.212408130574509,86,152,400,20,2,100,0.0,0,0.3,0.0,0.5,1.0,0.7,1.0,1.0,0.25,1.0,0.25
hete_0.5,1.0039647106875678,0.06924776931931648,1.0,1.016882760732563,-0.18654824800821113,87,153,400,20,2,100,0.0,0,0.3,0.0,0.5,1.0,0.7,1.0,1.0,0.25,1.0,0.25
hete_0.5,0.9951347560708214,0.0884213307345083,1.0,0.9897336072516615,0.06108422904623806,88,154,400,20,2,100,0.0,0,0.3,0.0,0.5,1.0,0.7,1.0,1.0,0.25,1.0,0.25
hete_0.5,0.8757152760287215,0.05833355116818007,1.0,1.005957737642528,-2.2327195757087983,89,155,400,20,2,100,0.0,0,0.3,0.0,0.5,1.0,0.7,1.0,1.0,0.25,1.0,0.25
hete_0.5,0.9252956228523447,0.07422022021162474,1.0,1.013453780451774,-1.1877916469132437,90,156,400,20,2,100,0.0,0,0.3,0.0,0.5,1.0,0.7,1.0,1.0,0.25,1.0,0.25
hete_0.5,1.0439738667700058,0.07560829710809937,1.0,1.0320528899512755,0.15766757452143795,91,157,400,20,2,100,0.0,0,0.3,0.0,0.5,1.0,0.7,1.0,1.0,0.25,1.0,0.25
hete_0.5,0.950487512359525,0.07534853248269328,1.0,1.0230894944714095,-0.9635487211188933,92,158,400,20,2,100,0.0,0,0.3,0.0,0.5,1.0,0.7,1.0,1.0,0.25,1.0,0.25
hete_0.5,0.8760461519062921,0.07065956242794606,1.0,0.9695968528341747,-1.3239637738102248,93,159,400,20,2,100,0.0,0,0.3,0.0,0.5,1.0,0.7,1.0,1.0,0.25,1.0,0.25
hete_0.5,1.0090337799190934,0.06538348482973909,1.0,0.9889114352287673,0.3077588284369567,94,160,400,20,2,100,0.0,0,0.3,0.0,0.5,1.0,0.7,1.0,1.0,0.25,1.0,0.25
hete_0.5,0.9238502152214292,0.06494553128901169,1.0,0.9566613205513191,-0.5052095914633215,95,161,400,20,2,100,0.0,0,0.3,0.0,0.5,1.0,0.7,1.0,1.0,0.25,1.0,0.25
hete_0.5,0.9178968557587351,0.06476280731213292,1.0,0.9807678132266906,-0.9707880198111326,96,162,400,20,2,100,0.0,0,0.3,0.0,0.5,1.0,0.7,1.0,1.0,0.25,1.0,0.25
hete_0.5,0.9182758986716362,0.06935029484698946,1.0,1.0105117896771472,-1.3299999835475107,97,163,400,20,2,100,0.0,0,0.3,0.0,0.5,1.0,0.7,1.0,1.0,0.25,1.0,0.25
hete_0.5,0.8519488114384404,0.07539667726822197,1.0,0.9698222313294367,-1.5633768511000066,98,164,400,20,2,100,0.0,0,0.3,0.0,0.5,1.0,0.7,1.0,1.0,0.25,1.0,0.25
hete_0.5,1.0987195392942555,0.08606630202513818,1.0,1.0123993101522302,1.0029503662979846,99,165,400,20,2,100,0.0,0,0.3,0.0,0.5,1.0,0.7,1.0,1.0,0.25,1.0,0.25
noise_0.5,0.9919513671221781,0.02932094432774069,1.0,1.0,-0.27450114797997893,0,67,400,20,2,100,0.0,0,0.3,0.0,0.0,0.5,0.7,1.0,1.0,0.25,1.0,0.25
noise_0.5,0.9233981477140729,0.02696994536464313,1.0,1.0,-2.8402672400793976,1,68,400,20,2,100,0.0,0,0.3,0.0,0.0,0.5,0.7,1.0,1.0,0.25,1.0,0.25
noise_0.5,1.008475006899638,0.02407386074163972,1.0,1.0,0.35204186775821367,2,69,400,20,2,100,0.0,0,0.3,0.0,0.0,0.5,0.7,1.0,1.0,0.25,1.0,0.25
noise_0.5,0.9779197036147289,0.02630483472212873,1.0,1.0,-0.8394006888283628,3,70,400,20,2,100,0.0,0,0.3,0.0,0.0,0.5,0.7,1.0,1.0,0.25,1.0,0.25
noise_0.5,0.9958282702199903,0.02491914148209294,1.0,1.0,-0.16741065429591598,4,71,400,20,2,100,0.0,0,0.3,0.0,0.0,0.5,0.7,1.0,1.0,0.25,1.0,0.25
noise_0.5,0.9811066986257806,0.028100378925214286,1.0,1.0,-0.6723504129428863,5,72,400,20,2,100,0.0,0,0.3,0.0,0.0,0.5,0.7,1.0,1.0,0.25,1.0,0.25
noise_0.5,0.981920342725593,0.026141892696709402,1.0,1.0,-0.6915971037048414,6,73,400,20,2,100,0.0,0,0.3,0.0,0.0,0.5,0.7,1.0,1.0,0.25,1.0,0.25
noise_0.5,0.9829257485013863,0.026019473331821724,1.0,1.0,-0.6562104959185318,7,74,400,20,2,100,0.0,0,0.3,0.0,0.0,0.5,0.7,1.0,1.0,0.25,1.0,0.25
noise_0.5,1.0276288118134098,0.026071895755478143,1.0,1.0,1.0597162581706219,8,75,400,20,2,100,0.0,0,0.3,0.0,0.0,0.5,0.7,1.0,1.0,0.25,1.0,0.25
noise_0.5,0.9669939793994996,0.026422675627534004,1.0,1.0,-1.2491551221294999,9,76,400,20,2,100,0.0,0,0.3,0.0,0.0,0.5,0.7,1.0,1.0,0.25,1.0,0.25
noise_0.5,1.0155716722389023,0.025744844822476937,1.0,1.0,0.6048462263523621,10,77,400,20,2,100,0.0,0,0.3,0.0,0.0,0.5,0.7,1.0,1.0,0.25,1.0,0.25
noise_0.5,0.9839398601955494,0.026825615695309297,1.0,1.0,-0.5986867174593464,11,78,400,20,2,100,0.0,0,0.3,0.0,0.0,0.5,0.7,1.0,1.0,0.25,1.0,0.25
noise_0.5,0.965182503767283,0.02649578344907927,1.0,1.0,-1.3140768718777753,12,79,400,20,2,100,0.0,0,0.3,0.0,0.0,0.5,0.7,1.0,1.0,0.25,1.0,0.25
noise_0.5,0.9671939552483947,0.02481743272130249,1.0,1.0,-1.3218951823105236,13,80,400,20,2,100,0.0,0,0.3,0.0,0.0,0.5,0.7,1.0,1.0,0.25,1.0,0.25
noise_0.5,0.9816016162498662,0.026496763419708292,1.0,1.0,-0.6943634382321989,14,81,400,20,2,100,0.0,0,0.3,0.0,0.0,0.5,0.7,1.0,1.0,0.25,1.0,0.25
noise_0.5,0.9975350137913432,0.02719954988246935,1.0,1.0,-0.09062599268400001,15,82,400,20,2,100,0.0,0,0.3,0.0,0.0,0.5,0.7,1.0,1.0,0.25,1.0,0.25
noise_0.5,0.9578615555528374,0.026861143631464905,1.0,1.0,-1.5687509446843522,16,83,400,20,2,100,0.0,0,0.3,0.0,0.0,0.5,0.7,1.0,1.0,0.25,1.0,0.25
noise_0.5,1.0447950045607979,0.02792405509735381,1.0,1.0,1.6041726176454518,17,84,400,20,2,100,0.0,0,0.3,0.0,0.0,0.5,0.7,1.0,1.0,0.25,1.0,0.25
noise_0.5,1.0171746519128673,0.028219843739205677,1.0,1.0,0.6086019494504363,18,85,400,20,2,100,0.0,0,0.3,0.0,0.0,0.5,0.7,1.0,1.0,0.25,1.0,0.25
noise_0.5,0.9578656730014596,0.02525203176683903,1.0,1.0,-1.6685519560398765,19,86,400,20,2,100,0.0,0,0.3,0.0,0.0,0.5,0.7,1.0,1.0,0.25,1.0,0.25
noise_0.5,0.9755738495542507,0.023655547088600022,1.0,1.0,-1.0325760107877866,20,87,400,20,2,100,0.0,0,0.3,0.0,0.0,0.5,0.7,1.0,1.0,0.25,1.0,0.25
noise_0.5,1.0474631919888673,0.026770215542331714,1.0,1.0,1.772985051757009,21,88,400,20,2,100,0.0,0,0.3,0.0,0.0,0.5,0.7,1.0,1.0,0.25,1.0,0.25
noise_0.5,0.9890831803314137,0.027682480796020533,1.0,1.0,-0.39435843012146515,22,89,400,20,2,100,0.0,0,0.3,0.0,0.0,0.5,0.7,1.0,1.0,0.25,1.0,0.25
noise_0.5,0.9856364266832838,0.02703671927657731,1.0,1.0,-0.5312616952442083,23,90,400,20,2,100,0.0,0,0.3,0.0,0.0,0.5,0.7,1.0,1.0,0.25,1.0,0.25
noise_0.5,0.9495463374862947,0.027819612104849702,1.0,1.0,-1.8136005032546765,24,91,400,20,2,100,0.0,0,0.3,0.0,0.0,0.5,0.7,1.0,1.0,0.25,1.0,0.25
noise_0.5,1.0196409281299303,0.026632212539786128,1.0,1.0,0.737487660876413,25,92,400,20,2,100,0.0,0,0.3,0.0,0.0,0.5,0.7,1.0,1.0,0.25,1.0,0.25
noise_0.5,0.9985441344444912,0.02779351812253795,1.0,1.0,-0.05238147790754978,26,93,400,20,2,100,0.0,0,0.3,0.0,0.0,0.5,0.7,1.0,1.0,0.25,1.0,0.25
noise_0.5,1.0262898332318238,0.032059649839794147,1.0,1.0,0.8200287078367096,27,94,400,20,2,100,0.0,0,0.3,0.0,0.0,0.5,0.7,1.0,1.0,0.25,1.0,0.25
noise_0.5,1.0272380401357146,0.026994692759867864,1.0,1.0,1.0090146377294036,28,95,400,20,2,100,0.0,0,0.3,0.0,0.0,0.5,0.7,1.0,1.0,0.25,1.0,0.25
noise_0.5,0.9744187249301609,0.02564290547571327,1.0,1.0,-0.9975965903734056,29,96,400,20,2,100,0.0,0,0.3,0.0,0.0,0.5,0.7,1.0,1.0,0.25,1.0,0.25
noise_0.5,1.02096272179208,0.027558348150939688,1.0,1.0,0.7606668468394845,30,97,400,20,2,100,0.0,0,0.3,0.0,0.0,0.5,0.7,1.0,1.0,0.25,1.0,0.25
noise_0.5,1.0155493391912556,0.023502359523525085,1.0,1.0,0.6616075792599116,31,98,400,20,2,100,0.0,0,0.3,0.0,0.0,0.5,0.7,1.0,1.0,0.25,1.0,0.25
noise_0.5,0.9770365671299847,0.031219511086182632,1.0,1.0,-0.7355474852448498,32,99,400,20,2,100,0.0,0,0.3,0.0,0.0,0.5,0.7,1.0,1.0,0.25,1.0,0.25
noise_0.5,1.0019319039666192,0.02546045445863087,1.0,1.0,0.07587861284087737,33,100,400,20,2,100,0.0,0,0.3,0.0,0.0,0.5,0.7,1.0,1.0,0.25,1.0,0.25
noise_0.5,1.010672880182878,0.02492379176754036,1.0,1.0,0.4282205646083842,34,101,400,20,2,100,0.0,0,0.3,0.0,0.0,0.5,0.7,1.0,1.0,0.25,1.0,0.25
noise_0.5,0.9712260833530185,0.02741637211181087,1.0,1.0,-1.049515834175076,35,102,400,20,2,100,0.0,0,0.3,0.0,0.0,0.5,0.7,1.0,1.0,0.25,1.0,0.25
noise_0.5,0.9982969964067444,0.026762786298849348,1.0,1.0,-0.06363326950485763,36,103,400,20,2,100,0.0,0,0.3,0.0,0.0,0.5,0.7,1.0,1.0,0.25,1.0,0.25
noise_0.5,0.9596439165063708,0.027380096331259502,1.0,1.0,-1.473920434953151,37,104,400,20,2,100,0.0,0,0.3,0.0,0.0,0.5,0.7,1.0,1.0,0.25,1.0,0.25
noise_0.5,1.002891070872003,0.02632265409518589,1.0,1.0,0.10983204283080455,38,105,400,20,2,100,0.0,0,0.3,0.0,0.0,0.5,0.7,1.0,1.0,0.25,1.0,0.25
noise_0.5,0.9524731852607252,0.025798369090689142,1.0,1.0,-1.842241056874701,39,106,400,20,2,100,0.0,0,0.3,0.0,0.0,0.5,0.7,1.0,1.0,0.25,1.0,0.25
noise_0.5,0.9863775529214661,0.027546211722890925,1.0,1.0,-0.49453068957622287,40,107,400,20,2,100,0.0,0,0.3,0.0,0.0,0.5,0.7,1.0,1.0,0.25,1.0,0.25
noise_0.5,0.9714613558961148,0.025172997959336037,1.0,1.0,-1.1337006482098773,41,108,400,20,2,100,0.0,0,0.3,0.0,0.0,0.5,0.7,1.0,1.0,0.25,1.0,0.25
noise_0.5,0.9469452605939377,0.02452420031338541,1.0,1.0,-2.1633626674099875,42,109,400,20,2,100,0.0,0,0.3,0.0,0.0,0.5,0.7,1.0,1.0,0.25,1.0,0.25
noise_0.5,0.9715958957945571,0.0263240113688207,1.0,1.0,-1.0790188397762954,43,110,400,20,2,100,0.0,0,0.3,0.0,0.0,0.5,0.7,1.0,1.0,0.25,1.0,0.25
noise_0.5,1.0149661365812312,0.027247376582531117,1.0,1.0,0.5492689006554254,44,111,400,20,2,100,0.0,0,0.3,0.0,0.0,0.5,0.7,1.0,1.0,0.25,1.0,0.25
noise_0.5,0.9689205943395715,0.022742381591301784,1.0,1.0,-1.3665853567559259,45,112,400,20,2,100,0.0,0,0.3,0.0,0.0,0.5,0.7,1.0,1.0,0.25,1.0,0.25
noise_0.5,0.9872345520775204,0.028348041584189698,1.0,1.0,-0.4503114574799812,46,113,400,20,2,100,0.0,0,0.3,0.0,0.0,0.5,0.7,1.0,1.0,0.25,1.0,0.25
noise_0.5,0.9998577024521225,0.027584229304986788,1.0,1.0,-0.005158655922709048,47,114,400,20,2,100,0.0,0,0.3,0.0,0.0,0.5,0.7,1.0,1.0,0.25,1.0,0.25
noise_0.5,1.0121377390664348,0.024158615805901937,1.0,1.0,0.5024186469934068,48,115,400,20,2,100,0.0,0,0.3,0.0,0.0,0.5,0.7,1.0,1.0,0.25,1.0,0.25
noise_0.5,0.9956787771891701,0.026587339132872093,1.0,1.0,-0.16252934485975834,49,116,400,20,2,100,0.0,0,0.3,0.0,0.0,0.5,0.7,1.0,1.0,0.25,1.0,0.25
noise_0.5,0.9670816537752969,0.028520621443723145,1.0,1.0,-1.1541945637354913,50,117,400,20,2,100,0.0,0,0.3,0.0,0.0,0.5,0.7,1.0,1.0,0.25,1.0,0.25
noise_0.5,0.9814892104339628,0.030167774873588415,1.0,1.0,-0.6135947925759435,51,118,400,20,2,100,0.0,0,0.3,0.0,0.0,0.5,0.7,1.0,1.0,0.25,1.0,0.25
noise_0.5,1.0392092612573145,0.03270351841959571,1.0,1.0,1.1989309759961666,52,119,400,20,2,100,0.0,0,0.3,0.0,0.0,0.5,0.7,1.0,1.0,0.25,1.0,0.25
noise_0.5,1.0012702643737488,0.02609869923781144,1.0,1.0,0.04867155876904521,53,120,400,20,2,100,0.0,0,0.3,0.0,0.0,0.5,0.7,1.0,1.0,0.25,1.0,0.25
noise_0.5,1.0042522657226445,0.027614428631129073,1.0,1.0,0.15398709781201128,54,121,400,20,2,100,0.0,0,0.3,0.0,0.0,0.5,0.7,1.0,1.0,0.25,1.0,0.25
noise_0.5,1.009529346059538,0.02347494814437557,1.0,1.0,0.40593683108182704,55,122,400,20,2,100,0.0,0,0.3,0.0,0.0,0.5,0.7,1.0,1.0,0.25,1.0,0.25
noise_0.5,1.0478332931806928,0.02488964225864416,1.0,1.0,1.9218152146835443,56,123,400,20,2,100,0.0,0,0.3,0.0,0.0,0.5,0.7,1.0,1.0,0.25,1.0,0.25
noise_0.5,1.029361191483661,0.025223150718054317,1.0,1.0,1.1640572508907319,57,124,400,20,2,100,0.0,0,0.3,0.0,0.0,0.5,0.7,1.0,1.0,0.25,1.0,0.25
noise_0.5,0.9710851928534675,0.027787023453856127,1.0,1.0,-1.040586703881731,58,125,400,20,2,100,0.0,0,0.3,0.0,0.0,0.5,0.7,1.0,1.0,0.25,1.0,0.25
noise_0.5,1.0039134360113415,0.03084555605063624,1.0,1.0,0.12687195539341914,59,126,400,20,2,100,0.0,0,0.3,0.0,0.0,0.5,0.7,1.0,1.0,0.25,1.0,0.25
noise_0.5,0.9255799136545643,0.027644386187018727,1.0,1.0,-2.6920505972522544,60,127,400,20,2,100,0.0,0,0.3,0.0,0.0,0.5,0.7,1.0,1.0,0.25,1.0,0.25
noise_0.5,1.004159065901388,0.027270633501203977,1.0,1.0,0.15251079155181,61,128,400,20,2,100,0.0,0,0.3,0.0,0.0,0.5,0.7,1.0,1.0,0.25,1.0,0.25
noise_0.5,0.9831502644792613,0.026921961431058846,1.0,1.0,-0.6258732508731608,62,129,400,20,2,100,0.0,0,0.3,0.0,0.0,0.5,0.7,1.0,1.0,0.25,1.0,0.25
noise_0.5,0.941156817603067,0.02501999784336677,1.0,1.0,-2.3518460219425363,63,130,400,20,2,100,0.0,0,0.3,0.0,0.0,0.5,0.7,1.0,1.0,0.25,1.0,0.25
noise_0.5,1.0143138255377244,0.027487699337766004,1.0,1.0,0.5207356702297131,64,131,400,20,2,100,0.0,0,0.3,0.0,0.0,0.5,0.7,1.0,1.0,0.25,1.0,0.25
noise_0.5,0.9936504383590675,0.024893287495420705,1.0,1.0,-0.2550712372602664,65,132,400,20,2,100,0.0,0,0.3,0.0,0.0,0.5,0.7,1.0,1.0,0.25,1.0,0.25
noise_0.5,1.0013957477926791,0.027399952972397994,1.0,1.0,0.05093978789252623,66,133,400,20,2,100,0.0,0,0.3,0.0,0.0,0.5,0.7,1.0,1.0,0.25,1.0,0.25
noise_0.5,0.9669314831034935,0.030130103060712496,1.0,1.0,-1.097524188014659,67,134,400,20,2,100,0.0,0,0.3,0.0,0.0,0.5,0.7,1.0,1.0,0.25,1.0,0.25
noise_0.5,0.9270061406044124,0.02644211879235259,1.0,1.0,-2.7605147669444077,68,135,400,20,2,100,0.0,0,0.3,0.0,0.0,0.5,0.7,1.0,1.0,0.25,1.0,0.25
noise_0.5,1.007735756825458,0.02610474493529104,1.0,1.0,0.29633527715491775,69,136,400,20,2,100,0.0,0,0.3,0.0,0.0,0.5,0.7,1.0,1.0,0.25,1.0,0.25
noise_0.5,0.9378254032835717,0.02709249269144551,1.0,1.0,-2.2949013006861505,70,137,400,20,2,100,0.0,0,0.3,0.0,0.0,0.5,0.7,1.0,1.0,0.25,1.0,0.25
noise_0.5,0.9539463037263677,0.029219340293073652,1.0,1.0,-1.5761374422457166,71,138,400,20,2,100,0.0,0,0.3,0.0,0.0,0.5,0.7,1.0,1.0,0.25,1.0,0.25
noise_0.5,0.9688789447032797,0.026358373881111695,1.0,1.0,-1.1806895006911444,72,139,400,20,2,100,0.0,0,0.3,0.0,0.0,0.5,0.7,1.0,1.0,0.25,1.0,0.25
noise_0.5,1.0105953114715802,0.02367166727090695,1.0,1.0,0.44759464343274663,73,140,400,20,2,100,0.0,0,0.3,0.0,0.0,0.5,0.7,1.0,1.0,0.25,1.0,0.25
noise_0.5,0.9924803299280812,0.027122896318605053,1.0,1.0,-0.2772443615013429,74,141,400,20,2,100,0.0,0,0.3,0.0,0.0,0.5,0.7,1.0,1.0,0.25,1.0,0.25
noise_0.5,0.9638477605688389,0.026062551013655844,1.0,1.0,-1.3871335700108023,75,142,400,20,2,100,0.0,0,0.3,0.0,0.0,0.5,0.7,1.0,1.0,0.25,1.0,0.25
noise_0.5,1.0482027471731101,0.027528424888614334,1.0,1.0,1.751017261908313,76,143,400,20,2,100,0.0,0,0.3,0.0,0.0,0.5,0.7,1.0,1.0,0.25,1.0,0.25
noise_0.5,1.0123625980076145,0.025179879368016845,1.0,1.0,0.4909712960466893,77,144,400,20,2,100,0.0,0,0.3,0.0,0.0,0.5,0.7,1.0,1.0,0.25,1.0,0.25
noise_0.5,0.9474689172076454,0.0282579012538541,1.0,1.0,-1.858987414544451,78,145,400,20,2,100,0.0,0,0.3,0.0,0.0,0.5,0.7,1.0,1.0,0.25,1.0,0.25
noise_0.5,0.9665780616527162,0.02731047411685168,1.0,1.0,-1.2237773025939924,79,146,400,20,2,100,0.0,0,0.3,0.0,0.0,0.5,0.7,1.0,1.0,0.25,1.0,0.25
noise_0.5,0.9998349728858884,0.027398839156384195,1.0,1.0,-0.006023142556137836,80,147,400,20,2,100,0.0,0,0.3,0.0,0.0,0.5,0.7,1.0,1.0,0.25,1.0,0.25
noise_0.5,1.0511491287385788,0.025261988398469992,1.0,1.0,2.0247467432799815,81,148,400,20,2,100,0.0,0,0.3,0.0,0.0,0.5,0.7,1.0,1.0,0.25,1.0,0.25
noise_0.5,0.9421531496349528,0.02733745833130478,1.0,1.0,-2.1160288445252204,82,149,400,20,2,100,0.0,0,0.3,0.0,0.0,0.5,0.7,1.0,1.0,0.25,1.0,0.25
noise_0.5,0.9734142182420683,0.02569774973340912,1.0,1.0,-1.0345568010325845,83,150,400,20,2,100,0.0,0,0.3,0.0,0.0,0.5,0.7,1.0,1.0,0.25,1.0,0.25
noise_0.5,0.9923764650556283,0.026449452976886827,1.0,1.0,-0.28823034453807617,84,151,400,20,2,100,0.0,0,0.3,0.0,0.0,0.5,0.7,1.0,1.0,0.25,1.0,0.25
noise_0.5,1.00202165979485,0.02536312304060425,1.0,1.0,0.07970863018774967,85,152,400,20,2,100,0.0,0,0.3,0.0,0.0,0.5,0.7,1.0,1.0,0.25,1.0,0.25
noise_0.5,0.9505916575990991,0.0285537333002646,1.0,1.0,-1.7303636579264055,86,153,400,20,2,100,0.0,0,0.3,0.0,0.0,0.5,0.7,1.0,1.0,0.25,1.0,0.25
noise_0.5,1.0032136424891904,0.029139198038527776,1.0,1.0,0.11028589341893887,87,154,400,20,2,100,0.0,0,0.3,0.0,0.0,0.5,0.7,1.0,1.0,0.25,1.0,0.25
noise_0.5,0.9608192777775351,0.02228311947366071,1.0,1.0,-1.7583140578130312,88,155,400,20,2,100,0.0,0,0.3,0.0,0.0,0.5,0.7,1.0,1.0,0.25,1.0,0.25
noise_0.5,0.951069573781145,0.026221890996442582,1.0,1.0,-1.8660144009252884,89,156,400,20,2,100,0.0,0,0.3,0.0,0.0,0.5,0.7,1.0,1.0,0.25,1.0,0.25
noise_0.5,0.9830398705477322,0.02853757031461568,1.0,1.0,-0.5943088099403313,90,157,400,20,2,100,0.0,0,0.3,0.0,0.0,0.5,0.7,1.0,1.0,0.25,1.0,0.25
noise_0.5,0.9730106717924181,0.0293832936782472,1.0,1.0,-0.9185263062446417,91,158,400,20,2,100,0.0,0,0.3,0.0,0.0,0.5,0.7,1.0,1.0,0.25,1.0,0.25
noise_0.5,0.9495567596378698,0.02999758209263903,1.0,1.0,-1.6815768753078353,92,159,400,20,2,100,0.0,0,0.3,0.0,0.0,0.5,0.7,1.0,1.0,0.25,1.0,0.25
noise_0.5,1.0296338647130117,0.025377155778318713,1.0,1.0,1.1677378257783213,93,160,400,20,2,100,0.0,0,0.3,0.0,0.0,0.5,0.7,1.0,1.0,0.25,1.0,0.25
noise_0.5,0.9876084989964369,0.02543795305801259,1.0,1.0,-0.4871264985552749,94,161,400,20,2,100,0.0,0,0.3,0.0,0.0,0.5,0.7,1.0,1.0,0.25,1.0,0.25
noise_0.5,0.9652832834786991,0.025691867747383607,1.0,1.0,-1.3512725840976036,95,162,400,20,2,100,0.0,0,0.3,0.0,0.0,0.5,0.7,1.0,1.0,0.25,1.0,0.25
noise_0.5,0.97523522003258,0.026544388132591034,1.0,1.0,-0.9329572730672194,96,163,400,20,2,100,0.0,0,0.3,0.0,0.0,0.5,0.7,1.0,1.0,0.25,1.0,0.25
noise_0.5,0.9606322511486113,0.02743944579646337,1.0,1.0,-1.4347137017054028,97,164,400,20,2,100,0.0,0,0.3,0.0,0.0,0.5,0.7,1.0,1.0,0.25,1.0,0.25
noise_0.5,1.0026700592441762,0.026939438927872254,1.0,1.0,0.09911339472677985,98,165,400,20,2,100,0.0,0,0.3,0.0,0.0,0.5,0.7,1.0,1.0,0.25,1.0,0.25
noise_0.5,0.9965896369513411,0.024981543872603016,1.0,1.0,-0.13651530369982637,99,166,400,20,2,100,0.0,0,0.3,0.0,0.0,0.5,0.7,1.0,1.0,0.25,1.0,0.25
noise_1.0,0.8348151383497276,0.05299836391708804,1.0,1.0,-3.116791716602642,0,68,400,20,2,100,0.0,0,0.3,0.0,0.0,1.0,0.7,1.0,1.0,0.25,1.0,0.25
noise_1.0,1.0064725634714315,0.045107759762142444,1.0,1.0,0.1434911311393427,1,69,400,20,2,100,0.0,0,0.3,0.0,0.0,1.0,0.7,1.0,1.0,0.25,1.0,0.25
noise_1.0,0.9798943875906945,0.05072023473074869,1.0,1.0,-0.3964021956135917,2,70,400,20,2,100,0.0,0,0.3,0.0,0.0,1.0,0.7,1.0,1.0,0.25,1.0,0.25
noise_1.0,0.9829680816323854,0.04869590141921633,1.0,1.0,-0.3497608191085569,3,71,400,20,2,100,0.0,0,0.3,0.0,0.0,1.0,0.7,1.0,1.0,0.25,1.0,0.25
noise_1.0,0.95283683776819,0.05494183357380609,1.0,1.0,-0.8584198808809946,4,72,400,20,2,100,0.0,0,0.3,0.0,0.0,1.0,0.7,1.0,1.0,0.25,1.0,0.25
noise_1.0,0.9560624122471293,0.0496211309636948,1.0,1.0,-0.8854612319299526,5,73,400,20,2,100,0.0,0,0.3,0.0,0.0,1.0,0.7,1.0,1.0,0.25,1.0,0.25
noise_1.0,0.9733057407636129,0.04827118711948987,1.0,1.0,-0.55300606488729,6,74,400,20,2,100,0.0,0,0.3,0.0,0.0,1.0,0.7,1.0,1.0,0.25,1.0,0.25
noise_1.0,1.0554143723500045,0.04971423582419897,1.0,1.0,1.1146580336860148,7,75,400,20,2,100,0.0,0,0.3,0.0,0.0,1.0,0.7,1.0,1.0,0.25,1.0,0.25
noise_1.0,0.9540975352628308,0.04825728929141454,1.0,1.0,-0.951202717997169,8,76,400,20,2,100,0.0,0,0.3,0.0,0.0,1.0,0.7,1.0,1.0,0.25,1.0,0.25
noise_1.0,1.0326133740738053,0.05056841084550856,1.0,1.0,0.6449357124043766,9,77,400,20,2,100,0.0,0,0.3,0.0,0.0,1.0,0.7,1.0,1.0,0.25,1.0,0.25
noise_1.0,0.9612107087935917,0.051772689756214775,1.0,1.0,-0.7492230245146193,10,78,400,20,2,100,0.0,0,0.3,0.0,0.0,1.0,0.7,1.0,1.0,0.25,1.0,0.25
noise_1.0,0.9223082387610272,0.05070247753718364,1.0,1.0,-1.5323069998304533,11,79,400,20,2,100,0.0,0,0.3,0.0,0.0,1.0,0.7,1.0,1.0,0.25,1.0,0.25
noise_1.0,0.9486940680040035,0.046016630281281785,1.0,1.0,-1.1149432646932924,12,80,400,20,2,100,0.0,0,0.3,0.0,0.0,1.0,0.7,1.0,1.0,0.25,1.0,0.25
noise_1.0,0.9753242482793312,0.05196144985023453,1.0,1.0,-0.47488574302276615,13,81,400,20,2,100,0.0,0,0.3,0.0,0.0,1.0,0.7,1.0,1.0,0.25,1.0,0.25
noise_1.0,1.001662709926006,0.051545299297311435,1.0,1.0,0.03225725621293967,14,82,400,20,2,100,0.0,0,0.3,0.0,0.0,1.0,0.7,1.0,1.0,0.25,1.0,0.25
noise_1.0,0.912044810865746,0.04976783833208572,1.0,1.0,-1.7673098145705202,15,83,400,20,2,100,0.0,0,0.3,0.0,0.0,1.0,0.7,1.0,1.0,0.25,1.0,0.25
noise_1.0,1.0885701349307793,0.055488837219396896,1.0,1.0,1.5961793284761485,16,84,400,20,2,100,0.0,0,0.3,0.0,0.0,1.0,0.7,1.0,1.0,0.25,1.0,0.25
noise_1.0,1.0429608789959819,0.05352707409781432,1.0,1.0,0.8026009214977083,17,85,400,20,2,100,0.0,0,0.3,0.0,0.0,1.0,0.7,1.0,1.0,0.25,1.0,0.25
noise_1.0,0.9124860076198795,0.049682640629472585,1.0,1.0,-1.7614601653883448,18,86,400,20,2,100,0.0,0,0.3,0.0,0.0,1.0,0.7,1.0,1.0,0.25,1.0,0.25
noise_1.0,0.9534768962389283,0.04591920214235024,1.0,1.0,-1.0131513961599194,19,87,400,20,2,100,0.0,0,0.3,0.0,0.0,1.0,0.7,1.0,1.0,0.25,1.0,0.25
noise_1.0,1.0965693740382132,0.052195305125752677,1.0,1.0,1.8501544115040869,20,88,400,20,2,100,0.0,0,0.3,0.0,0.0,1.0,0.7,1.0,1.0,0.25,1.0,0.25
noise_1.0,0.9722567971165896,0.05414758103645123,1.0,1.0,-0.5123627381384611,21,89,400,20,2,100,0.0,0,0.3,0.0,0.0,1.0,0.7,1.0,1.0,0.25,1.0,0.25
noise_1.0,0.9975631012648326,0.05049453049978556,1.0,1.0,-0.048260647461168905,22,90,400,20,2,100,0.0,0,0.3,0.0,0.0,1.0,0.7,1.0,1.0,0.25,1.0,0.25
noise_1.0,0.9207435658774433,0.051766322133052635,1.0,1.0,-1.531042400865324,23,91,400,20,2,100,0.0,0,0.3,0.0,0.0,1.0,0.7,1.0,1.0,0.25,1.0,0.25
noise_1.0,1.0535068605877054,0.048657782687007746,1.0,1.0,1.0996567790992333,24,92,400,20,2,100,0.0,0,0.3,0.0,0.0,1.0,0.7,1.0,1.0,0.25,1.0,0.25
noise_1.0,0.9875276750241507,0.05261107334019262,1.0,1.0,-0.2370665372135821,25,93,400,20,2,100,0.0,0,0.3,0.0,0.0,1.0,0.7,1.0,1.0,0.25,1.0,0.25
noise_1.0,1.0618256328100948,0.05947269358109379,1.0,1.0,1.0395633539919065,26,94,400,20,2,100,0.0,0,0.3,0.0,0.0,1.0,0.7,1.0,1.0,0.25,1.0,0.25
noise_1.0,1.0524416935735221,0.051999188839979,1.0,1.0,1.0085098391612393,27,95,400,20,2,100,0.0,0,0.3,0.0,0.0,1.0,0.7,1.0,1.0,0.25,1.0,0.25
noise_1.0,0.9768999951360157,0.0496144190230929,1.0,1.0,-0.4655905544965164,28,96,400,20,2,100,0.0,0,0.3,0.0,0.0,1.0,0.7,1.0,1.0,0.25,1.0,0.25
noise_1.0,1.0482528721113005,0.053141712462820345,1.0,1.0,0.9080037107396518,29,97,400,20,2,100,0.0,0,0.3,0.0,0.0,1.0,0.7,1.0,1.0,0.25,1.0,0.25
noise_1.0,1.0537064503508198,0.04478060647515744,1.0,1.0,1.1993238720564012,30,98,400,20,2,100,0.0,0,0.3,0.0,0.0,1.0,0.7,1.0,1.0,0.25,1.0,0.25
noise_1.0,0.9551540551472625,0.05789848700187969,1.0,1.0,-0.7745616021241035,31,99,400,20,2,100,0.0,0,0.3,0.0,0.0,1.0,0.7,1.0,1.0,0.25,1.0,0.25
noise_1.0,1.0164493606640308,0.04908467797309255,1.0,1.0,0.33512210619061367,32,100,400,20,2,100,0.0,0,0.3,0.0,0.0,1.0,0.7,1.0,1.0,0.25,1.0,0.25
noise_1.0,1.0144820376182417,0.04695261362518852,1.0,1.0,0.3084394349981958,33,101,400,20,2,100,0.0,0,0.3,0.0,0.0,1.0,0.7,1.0,1.0,0.25,1.0,0.25
noise_1.0,0.9435406234016221,0.0504781048737944,1.0,1.0,-1.1184923986258568,34,102,400,20,2,100,0.0,0,0.3,0.0,0.0,1.0,0.7,1.0,1.0,0.25,1.0,0.25
noise_1.0,1.0066507662495419,0.05037160356646298,1.0,1.0,0.13203403859808605,35,103,400,20,2,100,0.0,0,0.3,0.0,0.0,1.0,0.7,1.0,1.0,0.25,1.0,0.25
noise_1.0,0.9145397381455211,0.0498531217575568,1.0,1.0,-1.7142409309909399,36,104,400,20,2,100,0.0,0,0.3,0.0,0.0,1.0,0.7,1.0,1.0,0.25,1.0,0.25
noise_1.0,0.9947936172927667,0.048921808412112605,1.0,1.0,-0.10642253171377507,37,105,400,20,2,100,0.0,0,0.3,0.0,0.0,1.0,0.7,1.0,1.0,0.25,1.0,0.25
noise_1.0,0.9285582808741808,0.05141968864390137,1.0,1.0,-1.3893845141804948,38,106,400,20,2,100,0.0,0,0.3,0.0,0.0,1.0,0.7,1.0,1.0,0.25,1.0,0.25
noise_1.0,0.994858633276184,0.050381270601430286,1.0,1.0,-0.10204916752675317,39,107,400,20,2,100,0.0,0,0.3,0.0,0.0,1.0,0.7,1.0,1.0,0.25,1.0,0.25
noise_1.0,0.9221729942172955,0.047972669845066075,1.0,1.0,-1.6223196673034224,40,108,400,20,2,100,0.0,0,0.3,0.0,0.0,1.0,0.7,1.0,1.0,0.25,1.0,0.25
noise_1.0,0.8974224632211403,0.046415563911279795,1.0,1.0,-2.2099814832569895,41,109,400,20,2,100,0.0,0,0.3,0.0,0.0,1.0,0.7,1.0,1.0,0.25,1.0,0.25
noise_1.0,0.9524979599247295,0.04964326671413984,1.0,1.0,-0.9568677329153386,42,110,400,20,2,100,0.0,0,0.3,0.0,0.0,1.0,0.7,1.0,1.0,0.25,1.0,0.25
noise_1.0,1.055771595311082,0.05252644310472413,1.0,1.0,1.0617813050826206,43,111,400,20,2,100,0.0,0,0.3,0.0,0.0,1.0,0.7,1.0,1.0,0.25,1.0,0.25
noise_1.0,0.9336106265159497,0.04490892838850102,1.0,1.0,-1.478311237126944,44,112,400,20,2,100,0.0,0,0.3,0.0,0.0,1.0,0.7,1.0,1.0,0.25,1.0,0.25
noise_1.0,0.969783108763931,0.04985530254867728,1.0,1.0,-0.6060918235641247,45,113,400,20,2,100,0.0,0,0.3,0.0,0.0,1.0,0.7,1.0,1.0,0.25,1.0,0.25
noise_1.0,0.99275906129126,0.05220501860757439,1.0,1.0,-0.13870196586213654,46,114,400,20,2,100,0.0,0,0.3,0.0,0.0,1.0,0.7,1.0,1.0,0.25,1.0,0.25
noise_1.0,1.0046558424422265,0.0473319746593001,1.0,1.0,0.09836569202404252,47,115,400,20,2,100,0.0,0,0.3,0.0,0.0,1.0,0.7,1.0,1.0,0.25,1.0,0.25
noise_1.0,0.9905623725555086,0.051703265351713275,1.0,1.0,-0.18253445658202824,48,116,400,20,2,100,0.0,0,0.3,0.0,0.0,1.0,0.7,1.0,1.0,0.25,1.0,0.25
noise_1.0,0.9270268670628876,0.051050480190334764,1.0,1.0,-1.4294308822373853,49,117,400,20,2,100,0.0,0,0.3,0.0,0.0,1.0,0.7,1.0,1.0,0.25,1.0,0.25
noise_1.0,0.9745309778906593,0.053592156257821176,1.0,1.0,-0.4752378685196817,50,118,400,20,2,100,0.0,0,0.3,0.0,0.0,1.0,0.7,1.0,1.0,0.25,1.0,0.25
noise_1.0,1.0672734472339926,0.06397292696051811,1.0,1.0,1.0515924537189225,51,119,400,20,2,100,0.0,0,0.3,0.0,0.0,1.0,0.7,1.0,1.0,0.25,1.0,0.25
noise_1.0,0.9934705907113909,0.05050569366638381,1.0,1.0,-0.1292806575777227,52,120,400,20,2,100,0.0,0,0.3,0.0,0.0,1.0,0.7,1.0,1.0,0.25,1.0,0.25
noise_1.0,0.9828948599398621,0.04971255365501622,1.0,1.0,-0.34408089712792034,53,121,400,20,2,100,0.0,0,0.3,0.0,0.0,1.0,0.7,1.0,1.0,0.25,1.0,0.25
noise_1.0,1.0166731639716764,0.04341134374652252,1.0,1.0,0.3840738971138622,54,122,400,20,2,100,0.0,0,0.3,0.0,0.0,1.0,0.7,1.0,1.0,0.25,1.0,0.25
noise_1.0,1.1075752102337324,0.04620655275950755,1.0,1.0,2.328137543469903,55,123,400,20,2,100,0.0,0,0.3,0.0,0.0,1.0,0.7,1.0,1.0,0.25,1.0,0.25
noise_1.0,1.0469779203055254,0.04732118433222267,1.0,1.0,0.9927460812415986,56,124,400,20,2,100,0.0,0,0.3,0.0,0.0,1.0,0.7,1.0,1.0,0.25,1.0,0.25
noise_1.0,0.9651938817848782,0.0519523839277216,1.0,1.0,-0.6699619071098948,57,125,400,20,2,100,0.0,0,0.3,0.0,0.0,1.0,0.7,1.0,1.0,0.25,1.0,0.25
noise_1.0,0.9827074665927324,0.05810322081804463,1.0,1.0,-0.29761746704921316,58,126,400,20,2,100,0.0,0,0.3,0.0,0.0,1.0,0.7,1.0,1.0,0.25,1.0,0.25
noise_1.0,0.8508394413715988,0.0535360574531205,1.0,1.0,-2.7861700267901766,59,127,400,20,2,100,0.0,0,0.3,0.0,0.0,1.0,0.7,1.0,1.0,0.25,1.0,0.25
noise_1.0,0.9879291134734973,0.05129022693076735,1.0,1.0,-0.23534476739196766,60,128,400,20,2,100,0.0,0,0.3,0.0,0.0,1.0,0.7,1.0,1.0,0.25,1.0,0.25
noise_1.0,0.9825863325287829,0.053825751916512815,1.0,1.0,-0.3235192607848154,61,129,400,20,2,100,0.0,0,0.3,0.0,0.0,1.0,0.7,1.0,1.0,0.25,1.0,0.25
noise_1.0,0.8858546150697942,0.04780841831035708,1.0,1.0,-2.387558278736815,62,130,400,20,2,100,0.0,0,0.3,0.0,0.0,1.0,0.7,1.0,1.0,0.25,1.0,0.25
noise_1.0,1.0344066981489646,0.05314468522636905,1.0,1.0,0.6474155976728382,63,131,400,20,2,100,0.0,0,0.3,0.0,0.0,1.0,0.7,1.0,1.0,0.25,1.0,0.25
noise_1.0,0.9682407015959916,0.04809752254588429,1.0,1.0,-0.6603104842606081,64,132,400,20,2,100,0.0,0,0.3,0.0,0.0,1.0,0.7,1.0,1.0,0.25,1.0,0.25
noise_1.0,0.9917926224560185,0.052080503637242495,1.0,1.0,-0.157590210746588,65,133,400,20,2,100,0.0,0,0.3,0.0,0.0,1.0,0.7,1.0,1.0,0.25,1.0,0.25
noise_1.0,0.9353219372135347,0.05599426392963617,1.0,1.0,-1.155083721928042,66,134,400,20,2,100,0.0,0,0.3,0.0,0.0,1.0,0.7,1.0,1.0,0.25,1.0,0.25
noise_1.0,0.8531403458353023,0.05061015860737482,1.0,1.0,-2.9017821363495506,67,135,400,20,2,100,0.0,0,0.3,0.0,0.0,1.0,0.7,1.0,1.0,0.25,1.0,0.25
noise_1.0,1.0291563781687547,0.04929560801938789,1.0,1.0,0.5914599563776057,68,136,400,20,2,100,0.0,0,0.3,0.0,0.0,1.0,0.7,1.0,1.0,0.25,1.0,0.25
noise_1.0,0.8735493067114303,0.05042848839814742,1.0,1.0,-2.5075249587139146,69,137,400,20,2,100,0.0,0,0.3,0.0,0.0,1.0,0.7,1.0,1.0,0.25,1.0,0.25
noise_1.0,0.9124785907036279,0.05560334342084753,1.0,1.0,-1.57403141451306,70,138,400,20,2,100,0.0,0,0.3,0.0,0.0,1.0,0.7,1.0,1.0,0.25,1.0,0.25
noise_1.0,0.92629960399357,0.051051764176459444,1.0,1.0,-1.4436405322191406,71,139,400,20,2,100,0.0,0,0.3,0.0,0.0,1.0,0.7,1.0,1.0,0.25,1.0,0.25
noise_1.0,1.0057717988438606,0.043828072717386035,1.0,1.0,0.13169182412100428,72,140,400,20,2,100,0.0,0,0.3,0.0,0.0,1.0,0.7,1.0,1.0,0.25,1.0,0.25
noise_1.0,0.9814215734803959,0.052183523970159074,1.0,1.0,-0.3560209258812812,73,141,400,20,2,100,0.0,0,0.3,0.0,0.0,1.0,0.7,1.0,1.0,0.25,1.0,0.25
noise_1.0,0.9221534020380834,0.048634432031524455,1.0,1.0,-1.6006478272730125,74,142,400,20,2,100,0.0,0,0.3,0.0,0.0,1.0,0.7,1.0,1.0,0.25,1.0,0.25
noise_1.0,1.1170252102118587,0.05122190915044908,1.0,1.0,2.284670996313942,75,143,400,20,2,100,0.0,0,0.3,0.0,0.0,1.0,0.7,1.0,1.0,0.25,1.0,0.25
noise_1.0,1.029194877907,0.04701512725798094,1.0,1.0,0.62096775250234,76,144,400,20,2,100,0.0,0,0.3,0.0,0.0,1.0,0.7,1.0,1.0,0.25,1.0,0.25
noise_1.0,0.9050896572622918,0.053145976733644046,1.0,1.0,-1.785842477096205,77,145,400,20,2,100,0.0,0,0.3,0.0,0.0,1.0,0.7,1.0,1.0,0.25,1.0,0.25
noise_1.0,0.9444176193836477,0.051863434642305375,1.0,1.0,-1.071706511527746,78,146,400,20,2,100,0.0,0,0.3,0.0,0.0,1.0,0.7,1.0,1.0,0.25,1.0,0.25
noise_1.0,0.9918268890872066,0.05056029276133338,1.0,1.0,-0.16165078298446622,79,147,400,20,2,100,0.0,0,0.3,0.0,0.0,1.0,0.7,1.0,1.0,0.25,1.0,0.25
noise_1.0,1.110603399546332,0.049838529620745795,1.0,1.0,2.2192348046378205,80,148,400,20,2,100,0.0,0,0.3,0.0,0.0,1.0,0.7,1.0,1.0,0.25,1.0,0.25
noise_1.0,0.9125973006296461,0.051765320663993475,1.0,1.0,-1.6884411851262586,81,149,400,20,2,100,0.0,0,0.3,0.0,0.0,1.0,0.7,1.0,1.0,0.25,1.0,0.25
noise_1.0,0.9486685976644856,0.04911966934906282,1.0,1.0,-1.0450274404482274,82,150,400,20,2,100,0.0,0,0.3,0.0,0.0,1.0,0.7,1.0,1.0,0.25,1.0,0.25
noise_1.0,0.9831954777091276,0.05054533000608518,1.0,1.0,-0.3324643896646686,83,151,400,20,2,100,0.0,0,0.3,0.0,0.0,1.0,0.7,1.0,1.0,0.25,1.0,0.25
noise_1.0,0.9971353025938264,0.04435930697883996,1.0,1.0,-0.0645793994829556,84,152,400,20,2,100,0.0,0,0.3,0.0,0.0,1.0,0.7,1.0,1.0,0.25,1.0,0.25
noise_1.0,0.8996216845748317,0.05408248592954453,1.0,1.0,-1.856022586608449,85,153,400,20,2,100,0.0,0,0.3,0.0,0.0,1.0,0.7,1.0,1.0,0.25,1.0,0.25
noise_1.0,1.031415537131636,0.054718811112702034,1.0,1.0,0.5741268220709468,86,154,400,20,2,100,0.0,0,0.3,0.0,0.0,1.0,0.7,1.0,1.0,0.25,1.0,0.25
noise_1.0,0.9092287194366041,0.04140790628595427,1.0,1.0,-2.1921243720111945,87,155,400,20,2,100,0.0,0,0.3,0.0,0.0,1.0,0.7,1.0,1.0,0.25,1.0,0.25
noise_1.0,0.9192741720354007,0.048261791761960424,1.0,1.0,-1.6726653739413535,88,156,400,20,2,100,0.0,0,0.3,0.0,0.0,1.0,0.7,1.0,1.0,0.25,1.0,0.25
noise_1.0,1.0140013842872238,0.05309404446014273,1.0,1.0,0.26370913027231285,89,157,400,20,2,100,0.0,0,0.3,0.0,0.0,1.0,0.7,1.0,1.0,0.25,1.0,0.25
noise_1.0,0.9596717268272305,0.057359995222568724,1.0,1.0,-0.703073161291026,90,158,400,20,2,100,0.0,0,0.3,0.0,0.0,1.0,0.7,1.0,1.0,0.25,1.0,0.25
noise_1.0,0.9115996302384626,0.056276191823202905,1.0,1.0,-1.5708306994058114,91,159,400,20,2,100,0.0,0,0.3,0.0,0.0,1.0,0.7,1.0,1.0,0.25,1.0,0.25
noise_1.0,1.0633173006103858,0.048965472298374696,1.0,1.0,1.2931009880708828,92,160,400,20,2,100,0.0,0,0.3,0.0,0.0,1.0,0.7,1.0,1.0,0.25,1.0,0.25
noise_1.0,0.9637413334760311,0.049883143043333696,1.0,1.0,-0.7268721317834937,93,161,400,20,2,100,0.0,0,0.3,0.0,0.0,1.0,0.7,1.0,1.0,0.25,1.0,0.25
noise_1.0,0.9890996398657406,0.05093584891542098,1.0,1.0,-0.21400173681917997,94,162,400,20,2,100,0.0,0,0.3,0.0,0.0,1.0,0.7,1.0,1.0,0.25,1.0,0.25
noise_1.0,0.9219109141425472,0.05118537881570632,1.0,1.0,-1.5256131275029465,95,163,400,20,2,100,0.0,0,0.3,0.0,0.0,1.0,0.7,1.0,1.0,0.25,1.0,0.25
noise_1.0,0.9326134650894894,0.052630186807677316,1.0,1.0,-1.2803780301361336,96,164,400,20,2,100,0.0,0,0.3,0.0,0.0,1.0,0.7,1.0,1.0,0.25,1.0,0.25
noise_1.0,1.011129193162548,0.05359659260167927,1.0,1.0,0.2076474011185406,97,165,400,20,2,100,0.0,0,0.3,0.0,0.0,1.0,0.7,1.0,1.0,0.25,1.0,0.25
noise_1.0,0.9915047163995093,0.0484293782835529,1.0,1.0,-0.17541591285254554,98,166,400,20,2,100,0.0,0,0.3,0.0,0.0,1.0,0.7,1.0,1.0,0.25,1.0,0.25
noise_1.0,0.9874348662930251,0.05380276647644695,1.0,1.0,-0.23354066212330304,99,167,400,20,2,100,0.0,0,0.3,0.0,0.0,1.0,0.7,1.0,1.0,0.25,1.0,0.25
noise_2.0,0.9959878286461388,0.08928061352418845,1.0,1.0,-0.04493888645572787,0,69,400,20,2,100,0.0,0,0.3,0.0,0.0,2.0,0.7,1.0,1.0,0.25,1.0,0.25
noise_2.0,1.0160715454675129,0.0968290744548613,1.0,1.0,0.16597850963663746,1,70,400,20,2,100,0.0,0,0.3,0.0,0.0,2.0,0.7,1.0,1.0,0.25,1.0,0.25
noise_2.0,0.9579354480124369,0.09018732927325998,1.0,1.0,-0.46641310177964196,2,71,400,20,2,100,0.0,0,0.3,0.0,0.0,2.0,0.7,1.0,1.0,0.25,1.0,0.25
noise_2.0,0.9203276951868569,0.10687578404149696,1.0,1.0,-0.7454663891140069,3,72,400,20,2,100,0.0,0,0.3,0.0,0.0,2.0,0.7,1.0,1.0,0.25,1.0,0.25
noise_2.0,0.8908556292687128,0.09400928568491468,1.0,1.0,-1.160995639272273,4,73,400,20,2,100,0.0,0,0.3,0.0,0.0,2.0,0.7,1.0,1.0,0.25,1.0,0.25
noise_2.0,0.9557779554540983,0.09367673138752873,1.0,1.0,-0.47207074682143585,5,74,400,20,2,100,0.0,0,0.3,0.0,0.0,2.0,0.7,1.0,1.0,0.25,1.0,0.25
noise_2.0,1.1101994991176423,0.10056817330767827,1.0,1.0,1.095769123502899,6,75,400,20,2,100,0.0,0,0.3,0.0,0.0,2.0,0.7,1.0,1.0,0.25,1.0,0.25
noise_2.0,0.9125380586296273,0.09269474656555464,1.0,1.0,-0.943547985305928,7,76,400,20,2,100,0.0,0,0.3,0.0,0.0,2.0,0.7,1.0,1.0,0.25,1.0,0.25
noise_2.0,1.0289833194468498,0.0972122230040997,1.0,1.0,0.2981448068071393,8,77,400,20,2,100,0.0,0,0.3,0.0,0.0,2.0,0.7,1.0,1.0,0.25,1.0,0.25
noise_2.0,0.9010148693674519,0.09900768193790421,1.0,1.0,-0.999772226710951,9,78,400,20,2,100,0.0,0,0.3,0.0,0.0,2.0,0.7,1.0,1.0,0.25,1.0,0.25
noise_2.0,0.864432361866655,0.09940663054773088,1.0,1.0,-1.363768567412122,10,79,400,20,2,100,0.0,0,0.3,0.0,0.0,2.0,0.7,1.0,1.0,0.25,1.0,0.25
noise_2.0,0.9105039989253376,0.09036711795810161,1.0,1.0,-0.9903602449306492,11,80,400,20,2,100,0.0,0,0.3,0.0,0.0,2.0,0.7,1.0,1.0,0.25,1.0,0.25
noise_2.0,0.978063597525252,0.10182539832505752,1.0,1.0,-0.21543154100630568,12,81,400,20,2,100,0.0,0,0.3,0.0,0.0,2.0,0.7,1.0,1.0,0.25,1.0,0.25
noise_2.0,1.0213534853658843,0.10237589944932501,1.0,1.0,0.20857922109347696,13,82,400,20,2,100,0.0,0,0.3,0.0,0.0,2.0,0.7,1.0,1.0,0.25,1.0,0.25
noise_2.0,0.8429105615318438,0.10194255496096838,1.0,1.0,-1.54096038232809,14,83,400,20,2,100,0.0,0,0.3,0.0,0.0,2.0,0.7,1.0,1.0,0.25,1.0,0.25
noise_2.0,1.163524961093972,0.10926323943240228,1.0,1.0,1.4966146157064995,15,84,400,20,2,100,0.0,0,0.3,0.0,0.0,2.0,0.7,1.0,1.0,0.25,1.0,0.25
noise_2.0,1.0620959539435295,0.10616083833000421,1.0,1.0,0.5849233570528366,16,85,400,20,2,100,0.0,0,0.3,0.0,0.0,2.0,0.7,1.0,1.0,0.25,1.0,0.25
noise_2.0,0.844314361388655,0.09534611769953913,1.0,1.0,-1.6328471716273931,17,86,400,20,2,100,0.0,0,0.3,0.0,0.0,2.0,0.7,1.0,1.0,0.25,1.0,0.25
noise_2.0,0.9047381007577401,0.09360437137974173,1.0,1.0,-1.017707804006223,18,87,400,20,2,100,0.0,0,0.3,0.0,0.0,2.0,0.7,1.0,1.0,0.25,1.0,0.25
noise_2.0,1.190447539172698,0.10174274005151691,1.0,1.0,1.871853845063205,19,88,400,20,2,100,0.0,0,0.3,0.0,0.0,2.0,0.7,1.0,1.0,0.25,1.0,0.25
noise_2.0,0.9517121028377851,0.10461967930764529,1.0,1.0,-0.4615565396661104,20,89,400,20,2,100,0.0,0,0.3,0.0,0.0,2.0,0.7,1.0,1.0,0.25,1.0,0.25
noise_2.0,0.9824654794851022,0.09999102087648984,1.0,1.0,-0.17536095102535906,21,90,400,20,2,100,0.0,0,0.3,0.0,0.0,2.0,0.7,1.0,1.0,0.25,1.0,0.25
noise_2.0,0.8782375807878242,0.10244957001940574,1.0,1.0,-1.188510788177167,22,91,400,20,2,100,0.0,0,0.3,0.0,0.0,2.0,0.7,1.0,1.0,0.25,1.0,0.25
noise_2.0,1.1235355822833568,0.09503418990433429,1.0,1.0,1.2999067220724805,23,92,400,20,2,100,0.0,0,0.3,0.0,0.0,2.0,0.7,1.0,1.0,0.25,1.0,0.25
noise_2.0,0.9826802997410009,0.10575394288245435,1.0,1.0,-0.16377356519226866,24,93,400,20,2,100,0.0,0,0.3,0.0,0.0,2.0,0.7,1.0,1.0,0.25,1.0,0.25
noise_2.0,1.1304447980966577,0.11652600607959195,1.0,1.0,1.119447945444544,25,94,400,20,2,100,0.0,0,0.3,0.0,0.0,2.0,0.7,1.0,1.0,0.25,1.0,0.25
noise_2.0,1.11414974194702,0.10326559579106138,1.0,1.0,1.1053995386612667,26,95,400,20,2,100,0.0,0,0.3,0.0,0.0,2.0,0.7,1.0,1.0,0.25,1.0,0.25
noise_2.0,0.9533180547413375,0.0930182154484415,1.0,1.0,-0.5018581041746344,27,96,400,20,2,100,0.0,0,0.3,0.0,0.0,2.0,0.7,1.0,1.0,0.25,1.0,0.25
noise_2.0,1.1288537910616958,0.1027371274677177,1.0,1.0,1.2542086219237982,28,97,400,20,2,100,0.0,0,0.3,0.0,0.0,2.0,0.7,1.0,1.0,0.25,1.0,0.25
noise_2.0,1.0878694229598072,0.08971001015848017,1.0,1.0,0.9794829228597627,29,98,400,20,2,100,0.0,0,0.3,0.0,0.0,2.0,0.7,1.0,1.0,0.25,1.0,0.25
noise_2.0,0.894737443850826,0.11296127648285824,1.0,1.0,-0.931846376268132,30,99,400,20,2,100,0.0,0,0.3,0.0,0.0,2.0,0.7,1.0,1.0,0.25,1.0,0.25
noise_2.0,1.002833903182611,0.0986149836164251,1.0,1.0,0.028737044602003055,31,100,400,20,2,100,0.0,0,0.3,0.0,0.0,2.0,0.7,1.0,1.0,0.25,1.0,0.25
noise_2.0,1.0211152820252458,0.09209509092372205,1.0,1.0,0.2292769550847677,32,101,400,20,2,100,0.0,0,0.3,0.0,0.0,2.0,0.7,1.0,1.0,0.25,1.0,0.25
noise_2.0,0.8944125273902007,0.09954848585745,1.0,1.0,-1.0606637730381645,33,102,400,20,2,100,0.0,0,0.3,0.0,0.0,2.0,0.7,1.0,1.0,0.25,1.0,0.25
noise_2.0,1.0188345018629121,0.09747411943562488,1.0,1.0,0.1932256682282835,34,103,400,20,2,100,0.0,0,0.3,0.0,0.0,2.0,0.7,1.0,1.0,0.25,1.0,0.25
noise_2.0,0.8104732753263021,0.0987616390005016,1.0,1.0,-1.919031787967141,35,104,400,20,2,100,0.0,0,0.3,0.0,0.0,2.0,0.7,1.0,1.0,0.25,1.0,0.25
noise_2.0,0.9915949257125717,0.09794738831689892,1.0,1.0,-0.08581213273634763,36,105,400,20,2,100,0.0,0,0.3,0.0,0.0,2.0,0.7,1.0,1.0,0.25,1.0,0.25
noise_2.0,0.8410533921135498,0.10042665146998522,1.0,1.0,-1.5827134088400328,37,106,400,20,2,100,0.0,0,0.3,0.0,0.0,2.0,0.7,1.0,1.0,0.25,1.0,0.25
noise_2.0,1.0120310191973572,0.09632206329010223,1.0,1.0,0.12490408517436144,38,107,400,20,2,100,0.0,0,0.3,0.0,0.0,2.0,0.7,1.0,1.0,0.25,1.0,0.25
noise_2.0,0.8928039918320639,0.09336031422247966,1.0,1.0,-1.148196737132714,39,108,400,20,2,100,0.0,0,0.3,0.0,0.0,2.0,0.7,1.0,1.0,0.25,1.0,0.25
noise_2.0,0.8113522359565938,0.08763276348647084,1.0,1.0,-2.1527081486199,40,109,400,20,2,100,0.0,0,0.3,0.0,0.0,2.0,0.7,1.0,1.0,0.25,1.0,0.25
noise_2.0,0.8983323078635593,0.09846642799610868,1.0,1.0,-1.0325112244394454,41,110,400,20,2,100,0.0,0,0.3,0.0,0.0,2.0,0.7,1.0,1.0,0.25,1.0,0.25
noise_2.0,1.093495728369004,0.10335691018907561,1.0,1.0,0.9045909770132254,42,111,400,20,2,100,0.0,0,0.3,0.0,0.0,2.0,0.7,1.0,1.0,0.25,1.0,0.25
noise_2.0,0.9061248109039216,0.08642071024496073,1.0,1.0,-1.086258014195762,43,112,400,20,2,100,0.0,0,0.3,0.0,0.0,2.0,0.7,1.0,1.0,0.25,1.0,0.25
noise_2.0,0.9627327324478298,0.09794913595025645,1.0,1.0,-0.3804757151823826,44,113,400,20,2,100,0.0,0,0.3,0.0,0.0,2.0,0.7,1.0,1.0,0.25,1.0,0.25
noise_2.0,0.9931882096232584,0.10305384577343071,1.0,1.0,-0.06609933210758287,45,114,400,20,2,100,0.0,0,0.3,0.0,0.0,2.0,0.7,1.0,1.0,0.25,1.0,0.25
noise_2.0,1.0213991821648933,0.093119474100591,1.0,1.0,0.22980351179579442,46,115,400,20,2,100,0.0,0,0.3,0.0,0.0,2.0,0.7,1.0,1.0,0.25,1.0,0.25
noise_2.0,0.952020822250697,0.10148790422055648,1.0,1.0,-0.47275759725053834,47,116,400,20,2,100,0.0,0,0.3,0.0,0.0,2.0,0.7,1.0,1.0,0.25,1.0,0.25
noise_2.0,0.8802182398069036,0.09770706324960289,1.0,1.0,-1.2259273404533855,48,117,400,20,2,100,0.0,0,0.3,0.0,0.0,2.0,0.7,1.0,1.0,0.25,1.0,0.25
noise_2.0,0.9518671621109428,0.10705417115481143,1.0,1.0,-0.4496119802698031,49,118,400,20,2,100,0.0,0,0.3,0.0,0.0,2.0,0.7,1.0,1.0,0.25,1.0,0.25
noise_2.0,1.110817338110769,0.12810338228653648,1.0,1.0,0.8650617659953533,50,119,400,20,2,100,0.0,0,0.3,0.0,0.0,2.0,0.7,1.0,1.0,0.25,1.0,0.25
noise_2.0,0.9896945392768122,0.09887353710498657,1.0,1.0,-0.10422870491874096,51,120,400,20,2,100,0.0,0,0.3,0.0,0.0,2.0,0.7,1.0,1.0,0.25,1.0,0.25
noise_2.0,0.9460541265039516,0.09776889052886228,1.0,1.0,-0.5517693123470914,52,121,400,20,2,100,0.0,0,0.3,0.0,0.0,2.0,0.7,1.0,1.0,0.25,1.0,0.25
noise_2.0,1.010726321437553,0.08378910120629186,1.0,1.0,0.128015711866206,53,122,400,20,2,100,0.0,0,0.3,0.0,0.0,2.0,0.7,1.0,1.0,0.25,1.0,0.25
noise_2.0,1.19549372813498,0.09101265372954234,1.0,1.0,2.1479840453385606,54,123,400,20,2,100,0.0,0,0.3,0.0,0.0,2.0,0.7,1.0,1.0,0.25,1.0,0.25
noise_2.0,1.0936111746934785,0.09058265734607852,1.0,1.0,1.0334337436782102,55,124,400,20,2,100,0.0,0,0.3,0.0,0.0,2.0,0.7,1.0,1.0,0.25,1.0,0.25
noise_2.0,0.9229867515792969,0.0990351583750639,1.0,1.0,-0.7776354345700155,56,125,400,20,2,100,0.0,0,0.3,0.0,0.0,2.0,0.7,1.0,1.0,0.25,1.0,0.25
noise_2.0,0.9368761778685646,0.10983120008985095,1.0,1.0,-0.5747348848031792,57,126,400,20,2,100,0.0,0,0.3,0.0,0.0,2.0,0.7,1.0,1.0,0.25,1.0,0.25
noise_2.0,0.7647177425210202,0.10398210896363932,1.0,1.0,-2.262718652506402,58,127,400,20,2,100,0.0,0,0.3,0.0,0.0,2.0,0.7,1.0,1.0,0.25,1.0,0.25
noise_2.0,0.9737144204093314,0.10001763286924106,1.0,1.0,-0.262809455059122,59,128,400,20,2,100,0.0,0,0.3,0.0,0.0,2.0,0.7,1.0,1.0,0.25,1.0,0.25
noise_2.0,0.943636828053459,0.10318825096902536,1.0,1.0,-0.5462169521941003,60,129,400,20,2,100,0.0,0,0.3,0.0,0.0,2.0,0.7,1.0,1.0,0.25,1.0,0.25
noise_2.0,0.7744032243293745,0.09191545441883851,1.0,1.0,-2.45439438989912,61,130,400,20,2,100,0.0,0,0.3,0.0,0.0,2.0,0.7,1.0,1.0,0.25,1.0,0.25
noise_2.0,1.0649584528669755,0.10106755470007797,1.0,1.0,0.6427231079226401,62,131,400,20,2,100,0.0,0,0.3,0.0,0.0,2.0,0.7,1.0,1.0,0.25,1.0,0.25
noise_2.0,0.9018538794896016,0.09234781274673397,1.0,1.0,-1.0627877108423394,63,132,400,20,2,100,0.0,0,0.3,0.0,0.0,2.0,0.7,1.0,1.0,0.25,1.0,0.25
noise_2.0,1.0037566818667694,0.1040928399856667,1.0,1.0,0.0360897240125896,64,133,400,20,2,100,0.0,0,0.3,0.0,0.0,2.0,0.7,1.0,1.0,0.25,1.0,0.25
noise_2.0,0.8816088726670511,0.10792824072580794,1.0,1.0,-1.0969429922768956,65,134,400,20,2,100,0.0,0,0.3,0.0,0.0,2.0,0.7,1.0,1.0,0.25,1.0,0.25
noise_2.0,0.7320338816651966,0.09983311703832175,1.0,1.0,-2.684140556604503,66,135,400,20,2,100,0.0,0,0.3,0.0,0.0,2.0,0.7,1.0,1.0,0.25,1.0,0.25
noise_2.0,1.1021559816199356,0.09268886282910947,1.0,1.0,1.102138687452457,67,136,400,20,2,100,0.0,0,0.3,0.0,0.0,2.0,0.7,1.0,1.0,0.25,1.0,0.25
noise_2.0,0.7699995484111459,0.098406542841814,1.0,1.0,-2.3372475543478233,68,137,400,20,2,100,0.0,0,0.3,0.0,0.0,2.0,0.7,1.0,1.0,0.25,1.0,0.25
noise_2.0,0.8769485162133641,0.1085345761696917,1.0,1.0,-1.1337537596705338,69,138,400,20,2,100,0.0,0,0.3,0.0,0.0,2.0,0.7,1.0,1.0,0.25,1.0,0.25
noise_2.0,0.8916672611992135,0.10569145616213765,1.0,1.0,-1.024990502870894,70,139,400,20,2,100,0.0,0,0.3,0.0,0.0,2.0,0.7,1.0,1.0,0.25,1.0,0.25
noise_2.0,1.0251358639760528,0.08586156734329514,1.0,1.0,0.2927487204554934,71,140,400,20,2,100,0.0,0,0.3,0.0,0.0,2.0,0.7,1.0,1.0,0.25,1.0,0.25
noise_2.0,0.9546336676658286,0.10243792864524615,1.0,1.0,-0.4428665527910081,72,141,400,20,2,100,0.0,0,0.3,0.0,0.0,2.0,0.7,1.0,1.0,0.25,1.0,0.25
noise_2.0,0.9012291830524398,0.0904056381173855,1.0,1.0,-1.0925293931260467,73,142,400,20,2,100,0.0,0,0.3,0.0,0.0,2.0,0.7,1.0,1.0,0.25,1.0,0.25
noise_2.0,1.2525289411585458,0.10388456806322821,1.0,1.0,2.430860962956951,74,143,400,20,2,100,0.0,0,0.3,0.0,0.0,2.0,0.7,1.0,1.0,0.25,1.0,0.25
noise_2.0,1.0433008317093937,0.09295135306681135,1.0,1.0,0.46584401712011686,75,144,400,20,2,100,0.0,0,0.3,0.0,0.0,2.0,0.7,1.0,1.0,0.25,1.0,0.25
noise_2.0,0.828471414248952,0.10230002159138907,1.0,1.0,-1.676720914450776,76,145,400,20,2,100,0.0,0,0.3,0.0,0.0,2.0,0.7,1.0,1.0,0.25,1.0,0.25
noise_2.0,0.8680705596981818,0.1001442506606852,1.0,1.0,-1.3173940533923358,77,146,400,20,2,100,0.0,0,0.3,0.0,0.0,2.0,0.7,1.0,1.0,0.25,1.0,0.25
noise_2.0,0.9789129398402311,0.09702031204752601,1.0,1.0,-0.21734685979405305,78,147,400,20,2,100,0.0,0,0.3,0.0,0.0,2.0,0.7,1.0,1.0,0.25,1.0,0.25
noise_2.0,1.2193354570419048,0.09842828350212593,1.0,1.0,2.228378360750012,79,148,400,20,2,100,0.0,0,0.3,0.0,0.0,2.0,0.7,1.0,1.0,0.25,1.0,0.25
noise_2.0,0.814313519560013,0.09964343795983133,1.0,1.0,-1.8635093714333877,80,149,400,20,2,100,0.0,0,0.3,0.0,0.0,2.0,0.7,1.0,1.0,0.25,1.0,0.25
noise_2.0,0.9075164019406708,0.09548446019410758,1.0,1.0,-0.9685722459060033,81,150,400,20,2,100,0.0,0,0.3,0.0,0.0,2.0,0.7,1.0,1.0,0.25,1.0,0.25
noise_2.0,0.9804307781790852,0.09737719595785994,1.0,1.0,-0.20096308615605857,82,151,400,20,2,100,0.0,0,0.3,0.0,0.0,2.0,0.7,1.0,1.0,0.25,1.0,0.25
noise_2.0,1.0094624284175748,0.08739528760818803,1.0,1.0,0.1082716091054811,83,152,400,20,2,100,0.0,0,0.3,0.0,0.0,2.0,0.7,1.0,1.0,0.25,1.0,0.25
noise_2.0,0.8437590430192681,0.10044732368069018,1.0,1.0,-1.5554516661628828,84,153,400,20,2,100,0.0,0,0.3,0.0,0.0,2.0,0.7,1.0,1.0,0.25,1.0,0.25
noise_2.0,1.0704189741396437,0.10616055184104274,1.0,1.0,0.6633252457568615,85,154,400,20,2,100,0.0,0,0.3,0.0,0.0,2.0,0.7,1.0,1.0,0.25,1.0,0.25
noise_2.0,0.821620728079867,0.08053226161133367,1.0,1.0,-2.2150038798243425,86,155,400,20,2,100,0.0,0,0.3,0.0,0.0,2.0,0.7,1.0,1.0,0.25,1.0,0.25
noise_2.0,0.8512860981154196,0.09241775108735985,1.0,1.0,-1.6091486769030494,87,156,400,20,2,100,0.0,0,0.3,0.0,0.0,2.0,0.7,1.0,1.0,0.25,1.0,0.25
noise_2.0,1.0713632126008268,0.10024937147317964,1.0,1.0,0.7118569578256064,88,157,400,20,2,100,0.0,0,0.3,0.0,0.0,2.0,0.7,1.0,1.0,0.25,1.0,0.25
noise_2.0,0.9931940231293299,0.1091091415866519,1.0,1.0,-0.062377696054596275,89,158,400,20,2,100,0.0,0,0.3,0.0,0.0,2.0,0.7,1.0,1.0,0.25,1.0,0.25
noise_2.0,0.8112384793485062,0.10555906869595201,1.0,1.0,-1.7882075219438953,90,159,400,20,2,100,0.0,0,0.3,0.0,0.0,2.0,0.7,1.0,1.0,0.25,1.0,0.25
noise_2.0,1.1027182478001454,0.0955204394100259,1.0,1.0,1.0753535937918224,91,160,400,20,2,100,0.0,0,0.3,0.0,0.0,2.0,0.7,1.0,1.0,0.25,1.0,0.25
noise_2.0,0.9637019518534649,0.09992071155409156,1.0,1.0,-0.3632685114225331,92,161,400,20,2,100,0.0,0,0.3,0.0,0.0,2.0,0.7,1.0,1.0,0.25,1.0,0.25
noise_2.0,1.0048050614659552,0.10218583105753377,1.0,1.0,0.04702277621297384,93,162,400,20,2,100,0.0,0,0.3,0.0,0.0,2.0,0.7,1.0,1.0,0.25,1.0,0.25
noise_2.0,0.8769257852901142,0.0962476822366156,1.0,1.0,-1.27872393235735,94,163,400,20,2,100,0.0,0,0.3,0.0,0.0,2.0,0.7,1.0,1.0,0.25,1.0,0.25
noise_2.0,0.8989123613709956,0.10487082717891386,1.0,1.0,-0.9639252530786736,95,164,400,20,2,100,0.0,0,0.3,0.0,0.0,2.0,0.7,1.0,1.0,0.25,1.0,0.25
noise_2.0,1.0255291306056975,0.10448667198443942,1.0,1.0,0.24432906246166405,96,165,400,20,2,100,0.0,0,0.3,0.0,0.0,2.0,0.7,1.0,1.0,0.25,1.0,0.25
noise_2.0,0.9693184568259572,0.09337544292412467,1.0,1.0,-0.32858257174720046,97,166,400,20,2,100,0.0,0,0.3,0.0,0.0,2.0,0.7,1.0,1.0,0.25,1.0,0.25
noise_2.0,0.9678776872980941,0.10950257465897584,1.0,1.0,-0.29334755645649896,98,167,400,20,2,100,0.0,0,0.3,0.0,0.0,2.0,0.7,1.0,1.0,0.25,1.0,0.25
noise_2.0,0.9803572805362759,0.10655108907157276,1.0,1.0,-0.1843502458293001,99,168,400,20,2,100,0.0,0,0.3,0.0,0.0,2.0,0.7,1.0,1.0,0.25,1.0,0.25
s1_0.5,1.007631753220209,0.10025968058823287,1.0,1.0,0.07611986369229216,0,70,400,20,2,100,0.0,0,0.3,0.0,0.0,1.0,0.7,0.5,1.0,0.25,1.0,0.25
s1_0.5,0.9838097224092781,0.09518950919808875,1.0,1.0,-0.17008468398581644,1,71,400,20,2,100,0.0,0,0.3,0.0,0.0,1.0,0.7,0.5,1.0,0.25,1.0,0.25
s1_0.5,0.8946657362411264,0.10085225551148223,1.0,1.0,-1.0444413287998406,2,72,400,20,2,100,0.0,0,0.3,0.0,0.0,1.0,0.7,0.5,1.0,0.25,1.0,0.25
s1_0.5,0.9551248006678571,0.09521923007039954,1.0,1.0,-0.47128294672163173,3,73,400,20,2,100,0.0,0,0.3,0.0,0.0,1.0,0.7,0.5,1.0,0.25,1.0,0.25
s1_0.5,0.9515791310534027,0.0917244947391522,1.0,1.0,-0.5278946380058828,4,74,400,20,2,100,0.0,0,0.3,0.0,0.0,1.0,0.7,0.5,1.0,0.25,1.0,0.25
s1_0.5,1.1076351912916718,0.0973594529909107,1.0,1.0,1.1055443306744994,5,75,400,20,2,100,0.0,0,0.3,0.0,0.0,1.0,0.7,0.5,1.0,0.25,1.0,0.25
s1_0.5,0.9181630768894499,0.0945834859346921,1.0,1.0,-0.865234795501794,6,76,400,20,2,100,0.0,0,0.3,0.0,0.0,1.0,0.7,0.5,1.0,0.25,1.0,0.25
s1_0.5,1.0464763592178994,0.09659176049288529,1.0,1.0,0.4811627718631624,7,77,400,20,2,100,0.0,0,0.3,0.0,0.0,1.0,0.7,0.5,1.0,0.25,1.0,0.25
s1_0.5,0.8876043254781253,0.09847983881254857,1.0,1.0,-1.141306442791953,8,78,400,20,2,100,0.0,0,0.3,0.0,0.0,1.0,0.7,0.5,1.0,0.25,1.0,0.25
s1_0.5,0.9056593845158768,0.10735606767942533,1.0,1.0,-0.8787637021675625,9,79,400,20,2,100,0.0,0,0.3,0.0,0.0,1.0,0.7,0.5,1.0,0.25,1.0,0.25
s1_0.5,0.9114719181510075,0.08619606310664497,1.0,1.0,-1.0270548173350131,10,80,400,20,2,100,0.0,0,0.3,0.0,0.0,1.0,0.7,0.5,1.0,0.25,1.0,0.25
s1_0.5,0.9779702784305672,0.10149504379812752,1.0,1.0,-0.21705219038330287,11,81,400,20,2,100,0.0,0,0.3,0.0,0.0,1.0,0.7,0.5,1.0,0.25,1.0,0.25
s1_0.5,1.0824196583277343,0.10930886599389635,1.0,1.0,0.7540070750741897,12,82,400,20,2,100,0.0,0,0.3,0.0,0.0,1.0,0.7,0.5,1.0,0.25,1.0,0.25
s1_0.5,0.8297444291355178,0.09773761393819111,1.0,1.0,-1.7419656977931868,13,83,400,20,2,100,0.0,0,0.3,0.0,0.0,1.0,0.7,0.5,1.0,0.25,1.0,0.25
s1_0.5,1.168339224293434,0.10878470257318669,1.0,1.0,1.54745309139565,14,84,400,20,2,100,0.0,0,0.3,0.0,0.0,1.0,0.7,0.5,1.0,0.25,1.0,0.25
s1_0.5,1.1270908008474665,0.1075440807640356,1.0,1.0,1.181755424794775,15,85,400,20,2,100,0.0,0,0.3,0.0,0.0,1.0,0.7,0.5,1.0,0.25,1.0,0.25
s1_0.5,0.8290084227161123,0.09185434734339945,1.0,1.0,-1.8615512736118196,16,86,400,20,2,100,0.0,0,0.3,0.0,0.0,1.0,0.7,0.5,1.0,0.25,1.0,0.25
s1_0.5,0.8884143745420077,0.09140971557643542,1.0,1.0,-1.220719534617588,17,87,400,20,2,100,0.0,0,0.3,0.0,0.0,1.0,0.7,0.5,1.0,0.25,1.0,0.25
s1_0.5,1.20439859768049,0.09754080639974397,1.0,1.0,2.0955188420610247,18,88,400,20,2,100,0.0,0,0.3,0.0,0.0,1.0,0.7,0.5,1.0,0.25,1.0,0.25
s1_0.5,0.996038113812517,0.10653174721036067,1.0,1.0,-0.03718972316918636,19,89,400,20,2,100,0.0,0,0.3,0.0,0.0,1.0,0.7,0.5,1.0,0.25,1.0,0.25
s1_0.5,0.967312688737902,0.10101713108994805,1.0,1.0,-0.32358186091220953,20,90,400,20,2,100,0.0,0,0.3,0.0,0.0,1.0,0.7,0.5,1.0,0.25,1.0,0.25
s1_0.5,0.8648439337334718,0.10062548326961247,1.0,1.0,-1.3431594251765795,21,91,400,20,2,100,0.0,0,0.3,0.0,0.0,1.0,0.7,0.5,1.0,0.25,1.0,0.25
s1_0.5,1.1200558657948083,0.0935947241739963,1.0,1.0,1.2827204402207513,22,92,400,20,2,100,0.0,0,0.3,0.0,0.0,1.0,0.7,0.5,1.0,0.25,1.0,0.25
s1_0.5,1.025554441290997,0.095396724589734,1.0,1.0,0.2678754579981349,23,93,400,20,2,100,0.0,0,0.3,0.0,0.0,1.0,0.7,0.5,1.0,0.25,1.0,0.25
s1_0.5,1.1124013882143957,0.11260058335886383,1.0,1.0,0.9982309581484736,24,94,400,20,2,100,0.0,0,0.3,0.0,0.0,1.0,0.7,0.5,1.0,0.25,1.0,0.25
s1_0.5,1.077447573514484,0.10093366249997494,1.0,1.0,0.7673116341587543,25,95,400,20,2,100,0.0,0,0.3,0.0,0.0,1.0,0.7,0.5,1.0,0.25,1.0,0.25
s1_0.5,0.9432745336335608,0.09469909859251285,1.0,1.0,-0.5990074584608983,26,96,400,20,2,100,0.0,0,0.3,0.0,0.0,1.0,0.7,0.5,1.0,0.25,1.0,0.25
s1_0.5,1.0610559330604912,0.10352469290738676,1.0,1.0,0.5897716896886798,27,97,400,20,2,100,0.0,0,0.3,0.0,0.0,1.0,0.7,0.5,1.0,0.25,1.0,0.25
s1_0.5,1.089981473427418,0.08830624559470955,1.0,1.0,1.0189706608114346,28,98,400,20,2,100,0.0,0,0.3,0.0,0.0,1.0,0.7,0.5,1.0,0.25,1.0,0.25
s1_0.5,0.9170195007949079,0.1136769556387532,1.0,1.0,-0.7299676415402131,29,99,400,20,2,100,0.0,0,0.3,0.0,0.0,1.0,0.7,0.5,1.0,0.25,1.0,0.25
s1_0.5,0.9994195894325149,0.09650083790397607,1.0,1.0,-0.006014565055514729,30,100,400,20,2,100,0.0,0,0.3,0.0,0.0,1.0,0.7,0.5,1.0,0.25,1.0,0.25
s1_0.5,1.0175324420104614,0.09166851260312578,1.0,1.0,0.1912591522714814,31,101,400,20,2,100,0.0,0,0.3,0.0,0.0,1.0,0.7,0.5,1.0,0.25,1.0,0.25
s1_0.5,0.8815476389999194,0.10104931449145368,1.0,1.0,-1.1722233010308922,32,102,400,20,2,100,0.0,0,0.3,0.0,0.0,1.0,0.7,0.5,1.0,0.25,1.0,0.25
s1_0.5,0.9931464543451819,0.09902805159672218,1.0,1.0,-0.06920812380241718,33,103,400,20,2,100,0.0,0,0.3,0.0,0.0,1.0,0.7,0.5,1.0,0.25,1.0,0.25
s1_0.5,0.8743331141031883,0.09482026547755378,1.0,1.0,-1.325316748101281,34,104,400,20,2,100,0.0,0,0.3,0.0,0.0,1.0,0.7,0.5,1.0,0.25,1.0,0.25
s1_0.5,0.992361968740965,0.09772582969620401,1.0,1.0,-0.07815775299917085,35,105,400,20,2,100,0.0,0,0.3,0.0,0.0,1.0,0.7,0.5,1.0,0.25,1.0,0.25
s1_0.5,0.8299413203158712,0.09964911623415423,1.0,1.0,-1.7065748910861092,36,106,400,20,2,100,0.0,0,0.3,0.0,0.0,1.0,0.7,0.5,1.0,0.25,1.0,0.25
s1_0.5,0.9403583348205061,0.10112845807774268,1.0,1.0,-0.5897614411726148,37,107,400,20,2,100,0.0,0,0.3,0.0,0.0,1.0,0.7,0.5,1.0,0.25,1.0,0.25
s1_0.5,0.8467534879487795,0.09020928662683797,1.0,1.0,-1.6987886478378214,38,108,400,20,2,100,0.0,0,0.3,0.0,0.0,1.0,0.7,0.5,1.0,0.25,1.0,0.25
s1_0.5,0.8585725514676521,0.09412595917731129,1.0,1.0,-1.5025339424794777,39,109,400,20,2,100,0.0,0,0.3,0.0,0.0,1.0,0.7,0.5,1.0,0.25,1.0,0.25
s1_0.5,0.9093625563298979,0.09693189020017332,1.0,1.0,-0.9350632024499612,40,110,400,20,2,100,0.0,0,0.3,0.0,0.0,1.0,0.7,0.5,1.0,0.25,1.0,0.25
s1_0.5,1.0992068121147962,0.10686907241058152,1.0,1.0,0.928302359860039,41,111,400,20,2,100,0.0,0,0.3,0.0,0.0,1.0,0.7,0.5,1.0,0.25,1.0,0.25
s1_0.5,0.8520920142483857,0.09026247301284683,1.0,1.0,-1.6386431793261744,42,112,400,20,2,100,0.0,0,0.3,0.0,0.0,1.0,0.7,0.5,1.0,0.25,1.0,0.25
s1_0.5,0.9724348611898637,0.09565702656874087,1.0,1.0,-0.28816637730556605,43,113,400,20,2,100,0.0,0,0.3,0.0,0.0,1.0,0.7,0.5,1.0,0.25,1.0,0.25
s1_0.5,0.9509779150334896,0.09921199238963153,1.0,1.0,-0.494114509604724,44,114,400,20,2,100,0.0,0,0.3,0.0,0.0,1.0,0.7,0.5,1.0,0.25,1.0,0.25
s1_0.5,1.0342486425360833,0.0923056503850891,1.0,1.0,0.37103516841278605,45,115,400,20,2,100,0.0,0,0.3,0.0,0.0,1.0,0.7,0.5,1.0,0.25,1.0,0.25
s1_0.5,0.9541629679894923,0.10146466193317707,1.0,1.0,-0.4517536562699554,46,116,400,20,2,100,0.0,0,0.3,0.0,0.0,1.0,0.7,0.5,1.0,0.25,1.0,0.25
s1_0.5,0.9068247549064891,0.0974995182510913,1.0,1.0,-0.9556482612924915,47,117,400,20,2,100,0.0,0,0.3,0.0,0.0,1.0,0.7,0.5,1.0,0.25,1.0,0.25
s1_0.5,0.9336780599751894,0.10528499503335809,1.0,1.0,-0.6299277499495293,48,118,400,20,2,100,0.0,0,0.3,0.0,0.0,1.0,0.7,0.5,1.0,0.25,1.0,0.25
s1_0.5,1.165219900198695,0.1242754530110433,1.0,1.0,1.3294652821262558,49,119,400,20,2,100,0.0,0,0.3,0.0,0.0,1.0,0.7,0.5,1.0,0.25,1.0,0.25
s1_0.5,1.020782592776849,0.09999046554204984,1.0,1.0,0.20784574473362302,50,120,400,20,2,100,0.0,0,0.3,0.0,0.0,1.0,0.7,0.5,1.0,0.25,1.0,0.25
s1_0.5,0.9542157036868665,0.09401057597944225,1.0,1.0,-0.4870121881089783,51,121,400,20,2,100,0.0,0,0.3,0.0,0.0,1.0,0.7,0.5,1.0,0.25,1.0,0.25
s1_0.5,1.044344838061367,0.08510861513598893,1.0,1.0,0.5210381815109021,52,122,400,20,2,100,0.0,0,0.3,0.0,0.0,1.0,0.7,0.5,1.0,0.25,1.0,0.25
s1_0.5,1.1931236044145488,0.09330237811528079,1.0,1.0,2.069867974596883,53,123,400,20,2,100,0.0,0,0.3,0.0,0.0,1.0,0.7,0.5,1.0,0.25,1.0,0.25
s1_0.5,1.0823385805133354,0.09317397941998641,1.0,1.0,0.8837078873940772,54,124,400,20,2,100,0.0,0,0.3,0.0,0.0,1.0,0.7,0.5,1.0,0.25,1.0,0.25
s1_0.5,0.9144638423274856,0.09945504002445404,1.0,1.0,-0.8600484968030053,55,125,400,20,2,100,0.0,0,0.3,0.0,0.0,1.0,0.7,0.5,1.0,0.25,1.0,0.25
s1_0.5,1.0018918714302762,0.11453621535730138,1.0,1.0,0.016517670191689694,56,126,400,20,2,100,0.0,0,0.3,0.0,0.0,1.0,0.7,0.5,1.0,0.25,1.0,0.25
s1_0.5,0.759212855668848,0.10459201667854688,1.0,1.0,-2.302156053374391,57,127,400,20,2,100,0.0,0,0.3,0.0,0.0,1.0,0.7,0.5,1.0,0.25,1.0,0.25
s1_0.5,0.9756028100402235,0.09408148403798781,1.0,1.0,-0.25931978230621316,58,128,400,20,2,100,0.0,0,0.3,0.0,0.0,1.0,0.7,0.5,1.0,0.25,1.0,0.25
s1_0.5,0.919986341083425,0.10552116173405758,1.0,1.0,-0.7582712093165866,59,129,400,20,2,100,0.0,0,0.3,0.0,0.0,1.0,0.7,0.5,1.0,0.25,1.0,0.25
s1_0.5,0.8169547605139182,0.09271642826179684,1.0,1.0,-1.974248177132426,60,130,400,20,2,100,0.0,0,0.3,0.0,0.0,1.0,0.7,0.5,1.0,0.25,1.0,0.25
s1_0.5,1.0355428282359047,0.1034718298741124,1.0,1.0,0.3435024612896806,61,131,400,20,2,100,0.0,0,0.3,0.0,0.0,1.0,0.7,0.5,1.0,0.25,1.0,0.25
s1_0.5,0.9394308612786562,0.09349935783566422,1.0,1.0,-0.6478027242475932,62,132,400,20,2,100,0.0,0,0.3,0.0,0.0,1.0,0.7,0.5,1.0,0.25,1.0,0.25
s1_0.5,0.9502675769832744,0.10157442496539952,1.0,1.0,-0.48961559992750714,63,133,400,20,2,100,0.0,0,0.3,0.0,0.0,1.0,0.7,0.5,1.0,0.25,1.0,0.25
s1_0.5,0.8632293282569148,0.11279748740517107,1.0,1.0,-1.212532964070396,64,134,400,20,2,100,0.0,0,0.3,0.0,0.0,1.0,0.7,0.5,1.0,0.25,1.0,0.25
s1_0.5,0.7106782468566328,0.09801526445957645,1.0,1.0,-2.951803014954773,65,135,400,20,2,100,0.0,0,0.3,0.0,0.0,1.0,0.7,0.5,1.0,0.25,1.0,0.25
s1_0.5,1.058925760102645,0.09592303228536625,1.0,1.0,0.6143025162855958,66,136,400,20,2,100,0.0,0,0.3,0.0,0.0,1.0,0.7,0.5,1.0,0.25,1.0,0.25
s1_0.5,0.7676180635167545,0.09779488413049583,1.0,1.0,-2.3762177188446683,67,137,400,20,2,100,0.0,0,0.3,0.0,0.0,1.0,0.7,0.5,1.0,0.25,1.0,0.25
s1_0.5,0.8647799678326866,0.10664510938142217,1.0,1.0,-1.2679440524899404,68,138,400,20,2,100,0.0,0,0.3,0.0,0.0,1.0,0.7,0.5,1.0,0.25,1.0,0.25
s1_0.5,0.8535772280943842,0.10471159949124918,1.0,1.0,-1.3983433795016422,69,139,400,20,2,100,0.0,0,0.3,0.0,0.0,1.0,0.7,0.5,1.0,0.25,1.0,0.25
s1_0.5,0.9954802778981657,0.08667852485346512,1.0,1.0,-0.052143505089352976,70,140,400,20,2,100,0.0,0,0.3,0.0,0.0,1.0,0.7,0.5,1.0,0.25,1.0,0.25
s1_0.5,0.9640450072262452,0.09981217706198144,1.0,1.0,-0.36022651576297593,71,141,400,20,2,100,0.0,0,0.3,0.0,0.0,1.0,0.7,0.5,1.0,0.25,1.0,0.25
s1_0.5,0.8861220081056453,0.0958018690322456,1.0,1.0,-1.1886823612598296,72,142,400,20,2,100,0.0,0,0.3,0.0,0.0,1.0,0.7,0.5,1.0,0.25,1.0,0.25
s1_0.5,1.2695440101828508,0.09999822226134664,1.0,1.0,2.6954880205609464,73,143,400,20,2,100,0.0,0,0.3,0.0,0.0,1.0,0.7,0.5,1.0,0.25,1.0,0.25
s1_0.5,1.0242508804654291,0.08992487210925336,1.0,1.0,0.2696793433964047,74,144,400,20,2,100,0.0,0,0.3,0.0,0.0,1.0,0.7,0.5,1.0,0.25,1.0,0.25
s1_0.5,0.875877743497398,0.09967901793543847,1.0,1.0,-1.2452194962734813,75,145,400,20,2,100,0.0,0,0.3,0.0,0.0,1.0,0.7,0.5,1.0,0.25,1.0,0.25
s1_0.5,0.8979171979268354,0.10051407949797257,1.0,1.0,-1.0156069933986076,76,146,400,20,2,100,0.0,0,0.3,0.0,0.0,1.0,0.7,0.5,1.0,0.25,1.0,0.25
s1_0.5,0.9680548991766015,0.09647534721094107,1.0,1.0,-0.3311219057190985,77,147,400,20,2,100,0.0,0,0.3,0.0,0.0,1.0,0.7,0.5,1.0,0.25,1.0,0.25
s1_0.5,1.1572650478255115,0.09761008136409258,1.0,1.0,1.6111557907517942,78,148,400,20,2,100,0.0,0,0.3,0.0,0.0,1.0,0.7,0.5,1.0,0.25,1.0,0.25
s1_0.5,0.8239947727769069,0.1042214716517938,1.0,1.0,-1.6887616767793336,79,149,400,20,2,100,0.0,0,0.3,0.0,0.0,1.0,0.7,0.5,1.0,0.25,1.0,0.25
s1_0.5,0.903151274426852,0.09848072613188784,1.0,1.0,-0.9834282237465007,80,150,400,20,2,100,0.0,0,0.3,0.0,0.0,1.0,0.7,0.5,1.0,0.25,1.0,0.25
s1_0.5,1.0037358384940118,0.09646899995380163,1.0,1.0,0.03872579269818171,81,151,400,20,2,100,0.0,0,0.3,0.0,0.0,1.0,0.7,0.5,1.0,0.25,1.0,0.25
s1_0.5,1.0149528030220234,0.08630009261701772,1.0,1.0,0.17326520248803093,82,152,400,20,2,100,0.0,0,0.3,0.0,0.0,1.0,0.7,0.5,1.0,0.25,1.0,0.25
s1_0.5,0.8156409493005042,0.10374848286986772,1.0,1.0,-1.7769806902211602,83,153,400,20,2,100,0.0,0,0.3,0.0,0.0,1.0,0.7,0.5,1.0,0.25,1.0,0.25
s1_0.5,1.0413579867155127,0.10661951670075812,1.0,1.0,0.38790259040086833,84,154,400,20,2,100,0.0,0,0.3,0.0,0.0,1.0,0.7,0.5,1.0,0.25,1.0,0.25
s1_0.5,0.8283963471312551,0.0824323284745724,1.0,1.0,-2.0817518568783226,85,155,400,20,2,100,0.0,0,0.3,0.0,0.0,1.0,0.7,0.5,1.0,0.25,1.0,0.25
s1_0.5,0.8454686157190043,0.08624076741681594,1.0,1.0,-1.7918600322063445,86,156,400,20,2,100,0.0,0,0.3,0.0,0.0,1.0,0.7,0.5,1.0,0.25,1.0,0.25
s1_0.5,1.0635269150471875,0.10018168528060503,1.0,1.0,0.6341170531245418,87,157,400,20,2,100,0.0,0,0.3,0.0,0.0,1.0,0.7,0.5,1.0,0.25,1.0,0.25
s1_0.5,0.925292384285066,0.1125172882486332,1.0,1.0,-0.6639656614355128,88,158,400,20,2,100,0.0,0,0.3,0.0,0.0,1.0,0.7,0.5,1.0,0.25,1.0,0.25
s1_0.5,0.8836317848952957,0.1043653684477398,1.0,1.0,-1.1150079459832964,89,159,400,20,2,100,0.0,0,0.3,0.0,0.0,1.0,0.7,0.5,1.0,0.25,1.0,0.25
s1_0.5,1.1243442319178538,0.09369050384087618,1.0,1.0,1.3271807367909974,90,160,400,20,2,100,0.0,0,0.3,0.0,0.0,1.0,0.7,0.5,1.0,0.25,1.0,0.25
s1_0.5,0.9151197894220984,0.09769500925452382,1.0,1.0,-0.8688285228241708,91,161,400,20,2,100,0.0,0,0.3,0.0,0.0,1.0,0.7,0.5,1.0,0.25,1.0,0.25
s1_0.5,0.9377029417879111,0.10042211640854014,1.0,1.0,-0.6203519746452084,92,162,400,20,2,100,0.0,0,0.3,0.0,0.0,1.0,0.7,0.5,1.0,0.25,1.0,0.25
s1_0.5,0.8476427361766236,0.0964747709273471,1.0,1.0,-1.5792446290244435,93,163,400,20,2,100,0.0,0,0.3,0.0,0.0,1.0,0.7,0.5,1.0,0.25,1.0,0.25
s1_0.5,0.9277754153131518,0.09994182431227121,1.0,1.0,-0.7226662629369298,94,164,400,20,2,100,0.0,0,0.3,0.0,0.0,1.0,0.7,0.5,1.0,0.25,1.0,0.25
s1_0.5,1.0019235250370948,0.10621543804942574,1.0,1.0,0.018109655925909053,95,165,400,20,2,100,0.0,0,0.3,0.0,0.0,1.0,0.7,0.5,1.0,0.25,1.0,0.25
s1_0.5,0.9653037614242095,0.0954269094761108,1.0,1.0,-0.36358967052659696,96,166,400,20,2,100,0.0,0,0.3,0.0,0.0,1.0,0.7,0.5,1.0,0.25,1.0,0.25
s1_0.5,0.9340560393140457,0.10558633250569993,1.0,1.0,-0.6245501583492771,97,167,400,20,2,100,0.0,0,0.3,0.0,0.0,1.0,0.7,0.5,1.0,0.25,1.0,0.25
s1_0.5,0.9692622791685186,0.10301583124733237,1.0,1.0,-0.2983786128724499,98,168,400,20,2,100,0.0,0,0.3,0.0,0.0,1.0,0.7,0.5,1.0,0.25,1.0,0.25
s1_0.5,1.0462573937078685,0.09368128777168437,1.0,1.0,0.49377410161786917,99,169,400,20,2,100,0.0,0,0.3,0.0,0.0,1.0,0.7,0.5,1.0,0.25,1.0,0.25
s1_1.0,0.9829680816323854,0.04869590141921633,1.0,1.0,-0.3497608191085569,0,71,400,20,2,100,0.0,0,0.3,0.0,0.0,1.0,0.7,1.0,1.0,0.25,1.0,0.25
s1_1.0,0.95283683776819,0.05494183357380609,1.0,1.0,-0.8584198808809946,1,72,400,20,2,100,0.0,0,0.3,0.0,0.0,1.0,0.7,1.0,1.0,0.25,1.0,0.25
s1_1.0,0.9560624122471293,0.0496211309636948,1.0,1.0,-0.8854612319299526,2,73,400,20,2,100,0.0,0,0.3,0.0,0.0,1.0,0.7,1.0,1.0,0.25,1.0,0.25
s1_1.0,0.9733057407636126,0.04827118711948987,1.0,1.0,-0.5530060648872945,3,74,400,20,2,100,0.0,0,0.3,0.0,0.0,1.0,0.7,1.0,1.0,0.25,1.0,0.25
s1_1.0,1.0554143723500045,0.04971423582419897,1.0,1.0,1.1146580336860148,4,75,400,20,2,100,0.0,0,0.3,0.0,0.0,1.0,0.7,1.0,1.0,0.25,1.0,0.25
s1_1.0,0.9540975352628306,0.04825728929141454,1.0,1.0,-0.9512027179971736,5,76,400,20,2,100,0.0,0,0.3,0.0,0.0,1.0,0.7,1.0,1.0,0.25,1.0,0.25
s1_1.0,1.0326133740738053,0.05056841084550856,1.0,1.0,0.6449357124043766,6,77,400,20,2,100,0.0,0,0.3,0.0,0.0,1.0,0.7,1.0,1.0,0.25,1.0,0.25
s1_1.0,0.9612107087935915,0.051772689756214775,1.0,1.0,-0.7492230245146236,7,78,400,20,2,100,0.0,0,0.3,0.0,0.0,1.0,0.7,1.0,1.0,0.25,1.0,0.25
s1_1.0,0.9223082387610271,0.050702477537183585,1.0,1.0,-1.532306999830457,8,79,400,20,2,100,0.0,0,0.3,0.0,0.0,1.0,0.7,1.0,1.0,0.25,1.0,0.25
s1_1.0,0.9486940680040036,0.04601663028128173,1.0,1.0,-1.1149432646932913,9,80,400,20,2,100,0.0,0,0.3,0.0,0.0,1.0,0.7,1.0,1.0,0.25,1.0,0.25
s1_1.0,0.9753242482793312,0.05196144985023453,1.0,1.0,-0.47488574302276615,10,81,400,20,2,100,0.0,0,0.3,0.0,0.0,1.0,0.7,1.0,1.0,0.25,1.0,0.25
s1_1.0,1.0016627099260058,0.051545299297311435,1.0,1.0,0.03225725621293536,11,82,400,20,2,100,0.0,0,0.3,0.0,0.0,1.0,0.7,1.0,1.0,0.25,1.0,0.25
s1_1.0,0.9120448108657457,0.04976783833208572,1.0,1.0,-1.7673098145705246,12,83,400,20,2,100,0.0,0,0.3,0.0,0.0,1.0,0.7,1.0,1.0,0.25,1.0,0.25
s1_1.0,1.088570134930779,0.055488837219396896,1.0,1.0,1.5961793284761445,13,84,400,20,2,100,0.0,0,0.3,0.0,0.0,1.0,0.7,1.0,1.0,0.25,1.0,0.25
s1_1.0,1.0429608789959819,0.05352707409781432,1.0,1.0,0.8026009214977083,14,85,400,20,2,100,0.0,0,0.3,0.0,0.0,1.0,0.7,1.0,1.0,0.25,1.0,0.25
s1_1.0,0.9124860076198792,0.04968264062947253,1.0,1.0,-1.7614601653883535,15,86,400,20,2,100,0.0,0,0.3,0.0,0.0,1.0,0.7,1.0,1.0,0.25,1.0,0.25
s1_1.0,0.9534768962389283,0.04591920214235024,1.0,1.0,-1.0131513961599194,16,87,400,20,2,100,0.0,0,0.3,0.0,0.0,1.0,0.7,1.0,1.0,0.25,1.0,0.25
s1_1.0,1.0965693740382132,0.052195305125752677,1.0,1.0,1.8501544115040869,17,88,400,20,2,100,0.0,0,0.3,0.0,0.0,1.0,0.7,1.0,1.0,0.25,1.0,0.25
s1_1.0,0.9722567971165896,0.05414758103645123,1.0,1.0,-0.5123627381384611,18,89,400,20,2,100,0.0,0,0.3,0.0,0.0,1.0,0.7,1.0,1.0,0.25,1.0,0.25
s1_1.0,0.9975631012648325,0.05049453049978562,1.0,1.0,-0.04826064746117105,19,90,400,20,2,100,0.0,0,0.3,0.0,0.0,1.0,0.7,1.0,1.0,0.25,1.0,0.25
s1_1.0,0.9207435658774433,0.051766322133052635,1.0,1.0,-1.531042400865324,20,91,400,20,2,100,0.0,0,0.3,0.0,0.0,1.0,0.7,1.0,1.0,0.25,1.0,0.25
s1_1.0,1.0535068605877054,0.048657782687007746,1.0,1.0,1.0996567790992333,21,92,400,20,2,100,0.0,0,0.3,0.0,0.0,1.0,0.7,1.0,1.0,0.25,1.0,0.25
s1_1.0,0.987527675024151,0.05261107334019262,1.0,1.0,-0.23706653721357787,22,93,400,20,2,100,0.0,0,0.3,0.0,0.0,1.0,0.7,1.0,1.0,0.25,1.0,0.25
s1_1.0,1.0618256328100948,0.05947269358109379,1.0,1.0,1.0395633539919065,23,94,400,20,2,100,0.0,0,0.3,0.0,0.0,1.0,0.7,1.0,1.0,0.25,1.0,0.25
s1_1.0,1.052441693573522,0.051999188839979,1.0,1.0,1.008509839161235,24,95,400,20,2,100,0.0,0,0.3,0.0,0.0,1.0,0.7,1.0,1.0,0.25,1.0,0.25
s1_1.0,0.9768999951360159,0.0496144190230929,1.0,1.0,-0.46559055449651193,25,96,400,20,2,100,0.0,0,0.3,0.0,0.0,1.0,0.7,1.0,1.0,0.25,1.0,0.25
s1_1.0,1.0482528721113005,0.053141712462820345,1.0,1.0,0.9080037107396518,26,97,400,20,2,100,0.0,0,0.3,0.0,0.0,1.0,0.7,1.0,1.0,0.25,1.0,0.25
s1_1.0,1.0537064503508198,0.04478060647515744,1.0,1.0,1.1993238720564012,27,98,400,20,2,100,0.0,0,0.3,0.0,0.0,1.0,0.7,1.0,1.0,0.25,1.0,0.25
s1_1.0,0.9551540551472626,0.057898487001879745,1.0,1.0,-0.7745616021241009,28,99,400,20,2,100,0.0,0,0.3,0.0,0.0,1.0,0.7,1.0,1.0,0.25,1.0,0.25
s1_1.0,1.0164493606640308,0.04908467797309255,1.0,1.0,0.33512210619061367,29,100,400,20,2,100,0.0,0,0.3,0.0,0.0,1.0,0.7,1.0,1.0,0.25,1.0,0.25
s1_1.0,1.0144820376182417,0.04695261362518852,1.0,1.0,0.3084394349981958,30,101,400,20,2,100,0.0,0,0.3,0.0,0.0,1.0,0.7,1.0,1.0,0.25,1.0,0.25
s1_1.0,0.9435406234016221,0.0504781048737944,1.0,1.0,-1.1184923986258568,31,102,400,20,2,100,0.0,0,0.3,0.0,0.0,1.0,0.7,1.0,1.0,0.25,1.0,0.25
s1_1.0,1.0066507662495416,0.05037160356646298,1.0,1.0,0.13203403859808163,32,103,400,20,2,100,0.0,0,0.3,0.0,0.0,1.0,0.7,1.0,1.0,0.25,1.0,0.25
s1_1.0,0.9145397381455211,0.0498531217575568,1.0,1.0,-1.7142409309909399,33,104,400,20,2,100,0.0,0,0.3,0.0,0.0,1.0,0.7,1.0,1.0,0.25,1.0,0.25
s1_1.0,0.9947936172927667,0.048921808412112605,1.0,1.0,-0.10642253171377507,34,105,400,20,2,100,0.0,0,0.3,0.0,0.0,1.0,0.7,1.0,1.0,0.25,1.0,0.25
s1_1.0,0.9285582808741808,0.05141968864390137,1.0,1.0,-1.3893845141804948,35,106,400,20,2,100,0.0,0,0.3,0.0,0.0,1.0,0.7,1.0,1.0,0.25,1.0,0.25
s1_1.0,0.994858633276184,0.050381270601430286,1.0,1.0,-0.10204916752675317,36,107,400,20,2,100,0.0,0,0.3,0.0,0.0,1.0,0.7,1.0,1.0,0.25,1.0,0.25
s1_1.0,0.9221729942172955,0.047972669845066075,1.0,1.0,-1.6223196673034224,37,108,400,20,2,100,0.0,0,0.3,0.0,0.0,1.0,0.7,1.0,1.0,0.25,1.0,0.25
s1_1.0,0.8974224632211406,0.046415563911279795,1.0,1.0,-2.2099814832569824,38,109,400,20,2,100,0.0,0,0.3,0.0,0.0,1.0,0.7,1.0,1.0,0.25,1.0,0.25
s1_1.0,0.9524979599247297,0.04964326671413984,1.0,1.0,-0.9568677329153341,39,110,400,20,2,100,0.0,0,0.3,0.0,0.0,1.0,0.7,1.0,1.0,0.25,1.0,0.25
s1_1.0,1.0557715953110824,0.05252644310472413,1.0,1.0,1.061781305082629,40,111,400,20,2,100,0.0,0,0.3,0.0,0.0,1.0,0.7,1.0,1.0,0.25,1.0,0.25
s1_1.0,0.9336106265159497,0.04490892838850102,1.0,1.0,-1.478311237126944,41,112,400,20,2,100,0.0,0,0.3,0.0,0.0,1.0,0.7,1.0,1.0,0.25,1.0,0.25
s1_1.0,0.9697831087639311,0.04985530254867734,1.0,1.0,-0.6060918235641217,42,113,400,20,2,100,0.0,0,0.3,0.0,0.0,1.0,0.7,1.0,1.0,0.25,1.0,0.25
s1_1.0,0.99275906129126,0.05220501860757439,1.0,1.0,-0.13870196586213654,43,114,400,20,2,100,0.0,0,0.3,0.0,0.0,1.0,0.7,1.0,1.0,0.25,1.0,0.25
s1_1.0,1.0046558424422265,0.0473319746593001,1.0,1.0,0.09836569202404252,44,115,400,20,2,100,0.0,0,0.3,0.0,0.0,1.0,0.7,1.0,1.0,0.25,1.0,0.25
s1_1.0,0.9905623725555086,0.051703265351713275,1.0,1.0,-0.18253445658202824,45,116,400,20,2,100,0.0,0,0.3,0.0,0.0,1.0,0.7,1.0,1.0,0.25,1.0,0.25
s1_1.0,0.9270268670628877,0.05105048019033482,1.0,1.0,-1.4294308822373816,46,117,400,20,2,100,0.0,0,0.3,0.0,0.0,1.0,0.7,1.0,1.0,0.25,1.0,0.25
s1_1.0,0.9745309778906596,0.053592156257821176,1.0,1.0,-0.47523786851967753,47,118,400,20,2,100,0.0,0,0.3,0.0,0.0,1.0,0.7,1.0,1.0,0.25,1.0,0.25
s1_1.0,1.0672734472339924,0.06397292696051811,1.0,1.0,1.051592453718919,48,119,400,20,2,100,0.0,0,0.3,0.0,0.0,1.0,0.7,1.0,1.0,0.25,1.0,0.25
s1_1.0,0.9934705907113907,0.05050569366638381,1.0,1.0,-0.12928065757772708,49,120,400,20,2,100,0.0,0,0.3,0.0,0.0,1.0,0.7,1.0,1.0,0.25,1.0,0.25
s1_1.0,0.9828948599398621,0.04971255365501622,1.0,1.0,-0.34408089712792034,50,121,400,20,2,100,0.0,0,0.3,0.0,0.0,1.0,0.7,1.0,1.0,0.25,1.0,0.25
s1_1.0,1.0166731639716764,0.04341134374652252,1.0,1.0,0.3840738971138622,51,122,400,20,2,100,0.0,0,0.3,0.0,0.0,1.0,0.7,1.0,1.0,0.25,1.0,0.25
s1_1.0,1.1075752102337324,0.04620655275950755,1.0,1.0,2.328137543469903,52,123,400,20,2,100,0.0,0,0.3,0.0,0.0,1.0,0.7,1.0,1.0,0.25,1.0,0.25
s1_1.0,1.0469779203055254,0.047321184332222786,1.0,1.0,0.9927460812415961,53,124,400,20,2,100,0.0,0,0.3,0.0,0.0,1.0,0.7,1.0,1.0,0.25,1.0,0.25
s1_1.0,0.9651938817848782,0.0519523839277216,1.0,1.0,-0.6699619071098948,54,125,400,20,2,100,0.0,0,0.3,0.0,0.0,1.0,0.7,1.0,1.0,0.25,1.0,0.25
s1_1.0,0.9827074665927324,0.05810322081804463,1.0,1.0,-0.29761746704921316,55,126,400,20,2,100,0.0,0,0.3,0.0,0.0,1.0,0.7,1.0,1.0,0.25,1.0,0.25
s1_1.0,0.8508394413715988,0.0535360574531205,1.0,1.0,-2.7861700267901766,56,127,400,20,2,100,0.0,0,0.3,0.0,0.0,1.0,0.7,1.0,1.0,0.25,1.0,0.25
s1_1.0,0.9879291134734973,0.05129022693076735,1.0,1.0,-0.23534476739196766,57,128,400,20,2,100,0.0,0,0.3,0.0,0.0,1.0,0.7,1.0,1.0,0.25,1.0,0.25
s1_1.0,0.9825863325287828,0.05382575191651276,1.0,1.0,-0.3235192607848178,58,129,400,20,2,100,0.0,0,0.3,0.0,0.0,1.0,0.7,1.0,1.0,0.25,1.0,0.25
s1_1.0,0.885854615069794,0.04780841831035708,1.0,1.0,-2.3875582787368193,59,130,400,20,2,100,0.0,0,0.3,0.0,0.0,1.0,0.7,1.0,1.0,0.25,1.0,0.25
s1_1.0,1.0344066981489644,0.05314468522636905,1.0,1.0,0.6474155976728341,60,131,400,20,2,100,0.0,0,0.3,0.0,0.0,1.0,0.7,1.0,1.0,0.25,1.0,0.25
s1_1.0,0.9682407015959916,0.04809752254588429,1.0,1.0,-0.6603104842606081,61,132,400,20,2,100,0.0,0,0.3,0.0,0.0,1.0,0.7,1.0,1.0,0.25,1.0,0.25
s1_1.0,0.9917926224560187,0.052080503637242606,1.0,1.0,-0.1575902107465834,62,133,400,20,2,100,0.0,0,0.3,0.0,0.0,1.0,0.7,1.0,1.0,0.25,1.0,0.25
s1_1.0,0.9353219372135351,0.055994263929636114,1.0,1.0,-1.1550837219280372,63,134,400,20,2,100,0.0,0,0.3,0.0,0.0,1.0,0.7,1.0,1.0,0.25,1.0,0.25
s1_1.0,0.8531403458353025,0.05061015860737482,1.0,1.0,-2.901782136349546,64,135,400,20,2,100,0.0,0,0.3,0.0,0.0,1.0,0.7,1.0,1.0,0.25,1.0,0.25
s1_1.0,1.0291563781687547,0.04929560801938789,1.0,1.0,0.5914599563776057,65,136,400,20,2,100,0.0,0,0.3,0.0,0.0,1.0,0.7,1.0,1.0,0.25,1.0,0.25
s1_1.0,0.8735493067114303,0.05042848839814742,1.0,1.0,-2.5075249587139146,66,137,400,20,2,100,0.0,0,0.3,0.0,0.0,1.0,0.7,1.0,1.0,0.25,1.0,0.25
s1_1.0,0.9124785907036279,0.05560334342084753,1.0,1.0,-1.57403141451306,67,138,400,20,2,100,0.0,0,0.3,0.0,0.0,1.0,0.7,1.0,1.0,0.25,1.0,0.25
s1_1.0,0.92629960399357,0.051051764176459444,1.0,1.0,-1.4436405322191406,68,139,400,20,2,100,0.0,0,0.3,0.0,0.0,1.0,0.7,1.0,1.0,0.25,1.0,0.25
s1_1.0,1.0057717988438606,0.043828072717386035,1.0,1.0,0.13169182412100428,69,140,400,20,2,100,0.0,0,0.3,0.0,0.0,1.0,0.7,1.0,1.0,0.25,1.0,0.25
s1_1.0,0.9814215734803958,0.05218352397015913,1.0,1.0,-0.3560209258812829,70,141,400,20,2,100,0.0,0,0.3,0.0,0.0,1.0,0.7,1.0,1.0,0.25,1.0,0.25
s1_1.0,0.9221534020380834,0.048634432031524455,1.0,1.0,-1.6006478272730125,71,142,400,20,2,100,0.0,0,0.3,0.0,0.0,1.0,0.7,1.0,1.0,0.25,1.0,0.25
s1_1.0,1.1170252102118587,0.05122190915044908,1.0,1.0,2.284670996313942,72,143,400,20,2,100,0.0,0,0.3,0.0,0.0,1.0,0.7,1.0,1.0,0.25,1.0,0.25
s1_1.0,1.0291948779069997,0.04701512725798094,1.0,1.0,0.6209677525023353,73,144,400,20,2,100,0.0,0,0.3,0.0,0.0,1.0,0.7,1.0,1.0,0.25,1.0,0.25
s1_1.0,0.9050896572622916,0.053145976733644046,1.0,1.0,-1.7858424770962091,74,145,400,20,2,100,0.0,0,0.3,0.0,0.0,1.0,0.7,1.0,1.0,0.25,1.0,0.25
s1_1.0,0.9444176193836479,0.051863434642305486,1.0,1.0,-1.0717065115277393,75,146,400,20,2,100,0.0,0,0.3,0.0,0.0,1.0,0.7,1.0,1.0,0.25,1.0,0.25
s1_1.0,0.9918268890872066,0.05056029276133338,1.0,1.0,-0.16165078298446622,76,147,400,20,2,100,0.0,0,0.3,0.0,0.0,1.0,0.7,1.0,1.0,0.25,1.0,0.25
s1_1.0,1.110603399546332,0.049838529620745795,1.0,1.0,2.2192348046378205,77,148,400,20,2,100,0.0,0,0.3,0.0,0.0,1.0,0.7,1.0,1.0,0.25,1.0,0.25
s1_1.0,0.9125973006296461,0.051765320663993475,1.0,1.0,-1.6884411851262586,78,149,400,20,2,100,0.0,0,0.3,0.0,0.0,1.0,0.7,1.0,1.0,0.25,1.0,0.25
s1_1.0,0.9486685976644856,0.04911966934906282,1.0,1.0,-1.0450274404482274,79,150,400,20,2,100,0.0,0,0.3,0.0,0.0,1.0,0.7,1.0,1.0,0.25,1.0,0.25
s1_1.0,0.9831954777091274,0.05054533000608518,1.0,1.0,-0.332464389664673,80,151,400,20,2,100,0.0,0,0.3,0.0,0.0,1.0,0.7,1.0,1.0,0.25,1.0,0.25
s1_1.0,0.9971353025938264,0.04435930697883996,1.0,1.0,-0.0645793994829556,81,152,400,20,2,100,0.0,0,0.3,0.0,0.0,1.0,0.7,1.0,1.0,0.25,1.0,0.25
s1_1.0,0.8996216845748317,0.05408248592954453,1.0,1.0,-1.856022586608449,82,153,400,20,2,100,0.0,0,0.3,0.0,0.0,1.0,0.7,1.0,1.0,0.25,1.0,0.25
s1_1.0,1.031415537131636,0.054718811112702034,1.0,1.0,0.5741268220709468,83,154,400,20,2,100,0.0,0,0.3,0.0,0.0,1.0,0.7,1.0,1.0,0.25,1.0,0.25
s1_1.0,0.9092287194366039,0.04140790628595427,1.0,1.0,-2.1921243720112,84,155,400,20,2,100,0.0,0,0.3,0.0,0.0,1.0,0.7,1.0,1.0,0.25,1.0,0.25
s1_1.0,0.9192741720354007,0.048261791761960424,1.0,1.0,-1.6726653739413535,85,156,400,20,2,100,0.0,0,0.3,0.0,0.0,1.0,0.7,1.0,1.0,0.25,1.0,0.25
s1_1.0,1.0140013842872238,0.05309404446014273,1.0,1.0,0.26370913027231285,86,157,400,20,2,100,0.0,0,0.3,0.0,0.0,1.0,0.7,1.0,1.0,0.25,1.0,0.25
s1_1.0,0.9596717268272305,0.057359995222568724,1.0,1.0,-0.703073161291026,87,158,400,20,2,100,0.0,0,0.3,0.0,0.0,1.0,0.7,1.0,1.0,0.25,1.0,0.25
s1_1.0,0.9115996302384627,0.05627619182320285,1.0,1.0,-1.570830699405811,88,159,400,20,2,100,0.0,0,0.3,0.0,0.0,1.0,0.7,1.0,1.0,0.25,1.0,0.25
s1_1.0,1.0633173006103858,0.048965472298374696,1.0,1.0,1.2931009880708828,89,160,400,20,2,100,0.0,0,0.3,0.0,0.0,1.0,0.7,1.0,1.0,0.25,1.0,0.25
s1_1.0,0.9637413334760311,0.049883143043333696,1.0,1.0,-0.7268721317834937,90,161,400,20,2,100,0.0,0,0.3,0.0,0.0,1.0,0.7,1.0,1.0,0.25,1.0,0.25
s1_1.0,0.9890996398657403,0.05093584891542098,1.0,1.0,-0.21400173681918433,91,162,400,20,2,100,0.0,0,0.3,0.0,0.0,1.0,0.7,1.0,1.0,0.25,1.0,0.25
s1_1.0,0.921910914142547,0.05118537881570632,1.0,1.0,-1.5256131275029507,92,163,400,20,2,100,0.0,0,0.3,0.0,0.0,1.0,0.7,1.0,1.0,0.25,1.0,0.25
s1_1.0,0.9326134650894896,0.052630186807677316,1.0,1.0,-1.2803780301361294,93,164,400,20,2,100,0.0,0,0.3,0.0,0.0,1.0,0.7,1.0,1.0,0.25,1.0,0.25
s1_1.0,1.011129193162548,0.05359659260167927,1.0,1.0,0.2076474011185406,94,165,400,20,2,100,0.0,0,0.3,0.0,0.0,1.0,0.7,1.0,1.0,0.25,1.0,0.25
s1_1.0,0.9915047163995093,0.0484293782835529,1.0,1.0,-0.17541591285254554,95,166,400,20,2,100,0.0,0,0.3,0.0,0.0,1.0,0.7,1.0,1.0,0.25,1.0,0.25
s1_1.0,0.9874348662930253,0.05380276647644695,1.0,1.0,-0.2335406621232989,96,167,400,20,2,100,0.0,0,0.3,0.0,0.0,1.0,0.7,1.0,1.0,0.25,1.0,0.25
s1_1.0,0.9803353170826705,0.0526290703689903,1.0,1.0,-0.37364678455191097,97,168,400,20,2,100,0.0,0,0.3,0.0,0.0,1.0,0.7,1.0,1.0,0.25,1.0,0.25
s1_1.0,0.9906090594764392,0.050456625432382156,1.0,1.0,-0.18611907639653372,98,169,400,20,2,100,0.0,0,0.3,0.0,0.0,1.0,0.7,1.0,1.0,0.25,1.0,0.25
s1_1.0,0.9698423564652784,0.04716596490687207,1.0,1.0,-0.6393941816788243,99,170,400,20,2,100,0.0,0,0.3,0.0,0.0,1.0,0.7,1.0,1.0,0.25,1.0,0.25
s1_2.0,0.9801710454516424,0.02906901635916543,1.0,1.0,-0.6821336609178246,0,72,400,20,2,100,0.0,0,0.3,0.0,0.0,1.0,0.7,2.0,1.0,0.25,1.0,0.25
s1_2.0,0.9778710747446965,0.025524194436157607,1.0,1.0,-0.8669784000687465,1,73,400,20,2,100,0.0,0,0.3,0.0,0.0,1.0,0.7,2.0,1.0,0.25,1.0,0.25
s1_2.0,0.9767505606020542,0.02521179772387651,1.0,1.0,-0.9221650773410611,2,74,400,20,2,100,0.0,0,0.3,0.0,0.0,1.0,0.7,2.0,1.0,0.25,1.0,0.25
s1_2.0,1.0317482214232858,0.026200293427873642,1.0,1.0,1.2117506054153544,3,75,400,20,2,100,0.0,0,0.3,0.0,0.0,1.0,0.7,2.0,1.0,0.25,1.0,0.25
s1_2.0,0.9817762965869928,0.027264458348900022,1.0,1.0,-0.6684051148128676,4,76,400,20,2,100,0.0,0,0.3,0.0,0.0,1.0,0.7,2.0,1.0,0.25,1.0,0.25
s1_2.0,1.0335043913022366,0.02595654585877303,1.0,1.0,1.2907877452004066,5,77,400,20,2,100,0.0,0,0.3,0.0,0.0,1.0,0.7,2.0,1.0,0.25,1.0,0.25
s1_2.0,0.985837285347458,0.026030834929455182,1.0,1.0,-0.5440745443211361,6,78,400,20,2,100,0.0,0,0.3,0.0,0.0,1.0,0.7,2.0,1.0,0.25,1.0,0.25
s1_2.0,0.9482996326200268,0.02585811813404963,1.0,1.0,-1.9993863092416932,7,79,400,20,2,100,0.0,0,0.3,0.0,0.0,1.0,0.7,2.0,1.0,0.25,1.0,0.25
s1_2.0,0.9648214679730251,0.023070514573180417,1.0,1.0,-1.5248265016104177,8,80,400,20,2,100,0.0,0,0.3,0.0,0.0,1.0,0.7,2.0,1.0,0.25,1.0,0.25
s1_2.0,0.9865329854040342,0.026566133459722332,1.0,1.0,-0.5069241489877893,9,81,400,20,2,100,0.0,0,0.3,0.0,0.0,1.0,0.7,2.0,1.0,0.25,1.0,0.25
s1_2.0,0.9944664560101255,0.027536701211555034,1.0,1.0,-0.20095159356097772,10,82,400,20,2,100,0.0,0,0.3,0.0,0.0,1.0,0.7,2.0,1.0,0.25,1.0,0.25
s1_2.0,0.9726932094685696,0.02485672172066699,1.0,1.0,-1.0985676565999563,11,83,400,20,2,100,0.0,0,0.3,0.0,0.0,1.0,0.7,2.0,1.0,0.25,1.0,0.25
s1_2.0,1.050394621407751,0.02821934897635775,1.0,1.0,1.785818002037249,12,84,400,20,2,100,0.0,0,0.3,0.0,0.0,1.0,0.7,2.0,1.0,0.25,1.0,0.25
s1_2.0,1.0221537804125727,0.027030662185450235,1.0,1.0,0.8195796410972627,13,85,400,20,2,100,0.0,0,0.3,0.0,0.0,1.0,0.7,2.0,1.0,0.25,1.0,0.25
s1_2.0,0.9609583404910632,0.02632436878367306,1.0,1.0,-1.4830995504496678,14,86,400,20,2,100,0.0,0,0.3,0.0,0.0,1.0,0.7,2.0,1.0,0.25,1.0,0.25
s1_2.0,0.9718761885471793,0.024934455343680884,1.0,1.0,-1.1279095959859462,15,87,400,20,2,100,0.0,0,0.3,0.0,0.0,1.0,0.7,2.0,1.0,0.25,1.0,0.25
s1_2.0,1.0649788010948757,0.027503236895566694,1.0,1.0,2.3625874053155473,16,88,400,20,2,100,0.0,0,0.3,0.0,0.0,1.0,0.7,2.0,1.0,0.25,1.0,0.25
s1_2.0,0.9816742880406661,0.02759627021135264,1.0,1.0,-0.6640648108958931,17,89,400,20,2,100,0.0,0,0.3,0.0,0.0,1.0,0.7,2.0,1.0,0.25,1.0,0.25
s1_2.0,0.9936067997146737,0.02515813872154526,1.0,1.0,-0.2541205593977909,18,90,400,20,2,100,0.0,0,0.3,0.0,0.0,1.0,0.7,2.0,1.0,0.25,1.0,0.25
s1_2.0,0.9593002840595817,0.026188481078032518,1.0,1.0,-1.554107541370857,19,91,400,20,2,100,0.0,0,0.3,0.0,0.0,1.0,0.7,2.0,1.0,0.25,1.0,0.25
s1_2.0,1.0350810746788561,0.024245755384474762,1.0,1.0,1.446895513155244,20,92,400,20,2,100,0.0,0,0.3,0.0,0.0,1.0,0.7,2.0,1.0,0.25,1.0,0.25
s1_2.0,1.0008563514335587,0.026350794564018704,1.0,1.0,0.03249812568187189,21,93,400,20,2,100,0.0,0,0.3,0.0,0.0,1.0,0.7,2.0,1.0,0.25,1.0,0.25
s1_2.0,1.0180821214625173,0.03162051105677899,1.0,1.0,0.5718478562869641,22,94,400,20,2,100,0.0,0,0.3,0.0,0.0,1.0,0.7,2.0,1.0,0.25,1.0,0.25
s1_2.0,1.0233061601500308,0.027870711514411808,1.0,1.0,0.8362240819714754,23,95,400,20,2,100,0.0,0,0.3,0.0,0.0,1.0,0.7,2.0,1.0,0.25,1.0,0.25
s1_2.0,0.9891456557021171,0.02587708145369736,1.0,1.0,-0.4194578247668658,24,96,400,20,2,100,0.0,0,0.3,0.0,0.0,1.0,0.7,2.0,1.0,0.25,1.0,0.25
s1_2.0,1.0220826072140314,0.02559048974580428,1.0,1.0,0.8629224150605408,25,97,400,20,2,100,0.0,0,0.3,0.0,0.0,1.0,0.7,2.0,1.0,0.25,1.0,0.25
s1_2.0,1.0112304622274817,0.02317415065652848,1.0,1.0,0.48461159996463216,26,98,400,20,2,100,0.0,0,0.3,0.0,0.0,1.0,0.7,2.0,1.0,0.25,1.0,0.25
s1_2.0,1.0070132522350763,0.029383297173015622,1.0,1.0,0.23868159498168884,27,99,400,20,2,100,0.0,0,0.3,0.0,0.0,1.0,0.7,2.0,1.0,0.25,1.0,0.25
s1_2.0,0.9997074672835388,0.02543023139481174,1.0,1.0,-0.011503344657765011,28,100,400,20,2,100,0.0,0,0.3,0.0,0.0,1.0,0.7,2.0,1.0,0.25,1.0,0.25
s1_2.0,0.9872991107782199,0.025634201214329556,1.0,1.0,-0.49546654938014323,29,101,400,20,2,100,0.0,0,0.3,0.0,0.0,1.0,0.7,2.0,1.0,0.25,1.0,0.25
s1_2.0,0.959896421063028,0.026421046709946907,1.0,1.0,-1.5178648816314293,30,102,400,20,2,100,0.0,0,0.3,0.0,0.0,1.0,0.7,2.0,1.0,0.25,1.0,0.25
s1_2.0,0.9993589479109543,0.026016939460956613,1.0,1.0,-0.024639796314542193,31,103,400,20,2,100,0.0,0,0.3,0.0,0.0,1.0,0.7,2.0,1.0,0.25,1.0,0.25
s1_2.0,0.9637878981098718,0.025117940464772396,1.0,1.0,-1.4416827661852003,32,104,400,20,2,100,0.0,0,0.3,0.0,0.0,1.0,0.7,2.0,1.0,0.25,1.0,0.25
s1_2.0,0.9978367020604335,0.026704011528718187,1.0,1.0,-0.08101022339808467,33,105,400,20,2,100,0.0,0,0.3,0.0,0.0,1.0,0.7,2.0,1.0,0.25,1.0,0.25
s1_2.0,0.9538010287261202,0.026484310120056764,1.0,1.0,-1.744390209314647,34,106,400,20,2,100,0.0,0,0.3,0.0,0.0,1.0,0.7,2.0,1.0,0.25,1.0,0.25
s1_2.0,1.0018421423625723,0.026124006655748787,1.0,1.0,0.07051530750421545,35,107,400,20,2,100,0.0,0,0.3,0.0,0.0,1.0,0.7,2.0,1.0,0.25,1.0,0.25
s1_2.0,0.9792188519305288,0.024083668845927594,1.0,1.0,-0.862873019987781,36,108,400,20,2,100,0.0,0,0.3,0.0,0.0,1.0,0.7,2.0,1.0,0.25,1.0,0.25
s1_2.0,0.9489513559278803,0.02344657488089582,1.0,1.0,-2.1772324670634076,37,109,400,20,2,100,0.0,0,0.3,0.0,0.0,1.0,0.7,2.0,1.0,0.25,1.0,0.25
s1_2.0,0.9738561262660294,0.0264190602383692,1.0,1.0,-0.9895837890554906,38,110,400,20,2,100,0.0,0,0.3,0.0,0.0,1.0,0.7,2.0,1.0,0.25,1.0,0.25
s1_2.0,1.0047543174284186,0.027931575959231077,1.0,1.0,0.17021300321034472,39,111,400,20,2,100,0.0,0,0.3,0.0,0.0,1.0,0.7,2.0,1.0,0.25,1.0,0.25
s1_2.0,0.959566181633216,0.02295479018530203,1.0,1.0,-1.7614544955707656,40,112,400,20,2,100,0.0,0,0.3,0.0,0.0,1.0,0.7,2.0,1.0,0.25,1.0,0.25
s1_2.0,0.9774145657381376,0.0273667045379567,1.0,1.0,-0.8252887822330671,41,113,400,20,2,100,0.0,0,0.3,0.0,0.0,1.0,0.7,2.0,1.0,0.25,1.0,0.25
s1_2.0,0.9902139421397815,0.02644089826940344,1.0,1.0,-0.3701106430087732,42,114,400,20,2,100,0.0,0,0.3,0.0,0.0,1.0,0.7,2.0,1.0,0.25,1.0,0.25
s1_2.0,1.009704548213317,0.023699662530949305,1.0,1.0,0.4094804388308806,43,115,400,20,2,100,0.0,0,0.3,0.0,0.0,1.0,0.7,2.0,1.0,0.25,1.0,0.25
s1_2.0,1.002279159896957,0.026636361384512062,1.0,1.0,0.08556573715365512,44,116,400,20,2,100,0.0,0,0.3,0.0,0.0,1.0,0.7,2.0,1.0,0.25,1.0,0.25
s1_2.0,0.9734380532213223,0.02739406622735498,1.0,1.0,-0.9696240988186591,45,117,400,20,2,100,0.0,0,0.3,0.0,0.0,1.0,0.7,2.0,1.0,0.25,1.0,0.25
s1_2.0,0.9733519752244553,0.028952178373557992,1.0,1.0,-0.9204151905848424,46,118,400,20,2,100,0.0,0,0.3,0.0,0.0,1.0,0.7,2.0,1.0,0.25,1.0,0.25
s1_2.0,1.0349178425776295,0.03152914205900241,1.0,1.0,1.10747836120265,47,119,400,20,2,100,0.0,0,0.3,0.0,0.0,1.0,0.7,2.0,1.0,0.25,1.0,0.25
s1_2.0,0.9973790378643317,0.025877508480737787,1.0,1.0,-0.10128340360198343,48,120,400,20,2,100,0.0,0,0.3,0.0,0.0,1.0,0.7,2.0,1.0,0.25,1.0,0.25
s1_2.0,0.9946501912268776,0.025649580970817695,1.0,1.0,-0.2085729501471798,49,121,400,20,2,100,0.0,0,0.3,0.0,0.0,1.0,0.7,2.0,1.0,0.25,1.0,0.25
s1_2.0,1.0170640241965518,0.02334061355722842,1.0,1.0,0.7310872164826719,50,122,400,20,2,100,0.0,0,0.3,0.0,0.0,1.0,0.7,2.0,1.0,0.25,1.0,0.25
s1_2.0,1.0476109626897345,0.02344091336462449,1.0,1.0,2.0311052709057793,51,123,400,20,2,100,0.0,0,0.3,0.0,0.0,1.0,0.7,2.0,1.0,0.25,1.0,0.25
s1_2.0,1.0207815643242173,0.024879001129828306,1.0,1.0,0.8353054134195745,52,124,400,20,2,100,0.0,0,0.3,0.0,0.0,1.0,0.7,2.0,1.0,0.25,1.0,0.25
s1_2.0,0.9726722409606996,0.025269665409337026,1.0,1.0,-1.0814452267817887,53,125,400,20,2,100,0.0,0,0.3,0.0,0.0,1.0,0.7,2.0,1.0,0.25,1.0,0.25
s1_2.0,0.9980681225279346,0.030337985708435405,1.0,1.0,-0.06367850161944678,54,126,400,20,2,100,0.0,0,0.3,0.0,0.0,1.0,0.7,2.0,1.0,0.25,1.0,0.25
s1_2.0,0.9350910049685983,0.02711492325583813,1.0,1.0,-2.3938476395070043,55,127,400,20,2,100,0.0,0,0.3,0.0,0.0,1.0,0.7,2.0,1.0,0.25,1.0,0.25
s1_2.0,0.9891929928231485,0.0280031844300048,1.0,1.0,-0.3859206514124867,56,128,400,20,2,100,0.0,0,0.3,0.0,0.0,1.0,0.7,2.0,1.0,0.25,1.0,0.25
s1_2.0,0.9877846169489909,0.027547833822248822,1.0,1.0,-0.44342444962563404,57,129,400,20,2,100,0.0,0,0.3,0.0,0.0,1.0,0.7,2.0,1.0,0.25,1.0,0.25
s1_2.0,0.9409403173770421,0.024976516084344386,1.0,1.0,-2.3646085155958683,58,130,400,20,2,100,0.0,0,0.3,0.0,0.0,1.0,0.7,2.0,1.0,0.25,1.0,0.25
s1_2.0,1.032835946637888,0.028081271549958806,1.0,1.0,1.1693183686312165,59,131,400,20,2,100,0.0,0,0.3,0.0,0.0,1.0,0.7,2.0,1.0,0.25,1.0,0.25
s1_2.0,0.9773374525878776,0.02544899112310623,1.0,1.0,-0.8905086768467639,60,132,400,20,2,100,0.0,0,0.3,0.0,0.0,1.0,0.7,2.0,1.0,0.25,1.0,0.25
s1_2.0,0.9890481057113288,0.027086737037839523,1.0,1.0,-0.40432682140235743,61,133,400,20,2,100,0.0,0,0.3,0.0,0.0,1.0,0.7,2.0,1.0,0.25,1.0,0.25
s1_2.0,0.9652727132231997,0.02789386943655499,1.0,1.0,-1.2449791828196506,62,134,400,20,2,100,0.0,0,0.3,0.0,0.0,1.0,0.7,2.0,1.0,0.25,1.0,0.25
s1_2.0,0.9321522761340693,0.02593734904914721,1.0,1.0,-2.615831083483896,63,135,400,20,2,100,0.0,0,0.3,0.0,0.0,1.0,0.7,2.0,1.0,0.25,1.0,0.25
s1_2.0,0.9900926635920271,0.026046407279187677,1.0,1.0,-0.38037247524303885,64,136,400,20,2,100,0.0,0,0.3,0.0,0.0,1.0,0.7,2.0,1.0,0.25,1.0,0.25
s1_2.0,0.9410270664925757,0.02704742554935267,1.0,1.0,-2.180352928592706,65,137,400,20,2,100,0.0,0,0.3,0.0,0.0,1.0,0.7,2.0,1.0,0.25,1.0,0.25
s1_2.0,0.9609090811081211,0.027966302787733453,1.0,1.0,-1.3977864427980409,66,138,400,20,2,100,0.0,0,0.3,0.0,0.0,1.0,0.7,2.0,1.0,0.25,1.0,0.25
s1_2.0,0.9628585038927227,0.025370328554227092,1.0,1.0,-1.4639737923728622,67,139,400,20,2,100,0.0,0,0.3,0.0,0.0,1.0,0.7,2.0,1.0,0.25,1.0,0.25
s1_2.0,1.0085674389139172,0.02384351854289562,1.0,1.0,0.35931940575397775,68,140,400,20,2,100,0.0,0,0.3,0.0,0.0,1.0,0.7,2.0,1.0,0.25,1.0,0.25
s1_2.0,0.9828660890467765,0.025398655553129472,1.0,1.0,-0.6745991305477717,69,141,400,20,2,100,0.0,0,0.3,0.0,0.0,1.0,0.7,2.0,1.0,0.25,1.0,0.25
s1_2.0,0.9820504433576499,0.025222614032509957,1.0,1.0,-0.711645375820862,70,142,400,20,2,100,0.0,0,0.3,0.0,0.0,1.0,0.7,2.0,1.0,0.25,1.0,0.25
s1_2.0,1.0420562308723886,0.026914164231885793,1.0,1.0,1.5626058647053847,71,143,400,20,2,100,0.0,0,0.3,0.0,0.0,1.0,0.7,2.0,1.0,0.25,1.0,0.25
s1_2.0,0.9998414748228965,0.024821994322550188,1.0,1.0,-0.0063864802740466005,72,144,400,20,2,100,0.0,0,0.3,0.0,0.0,1.0,0.7,2.0,1.0,0.25,1.0,0.25
s1_2.0,0.9571055516824043,0.02844382210384225,1.0,1.0,-1.508040943337268,73,145,400,20,2,100,0.0,0,0.3,0.0,0.0,1.0,0.7,2.0,1.0,0.25,1.0,0.25
s1_2.0,0.9711180178639366,0.026181479183802057,1.0,1.0,-1.1031455454943164,74,146,400,20,2,100,0.0,0,0.3,0.0,0.0,1.0,0.7,2.0,1.0,0.25,1.0,0.25
s1_2.0,0.9932437761454556,0.026009264282657516,1.0,1.0,-0.2597622055403298,75,147,400,20,2,100,0.0,0,0.3,0.0,0.0,1.0,0.7,2.0,1.0,0.25,1.0,0.25
s1_2.0,1.0245282601386385,0.026464034800701062,1.0,1.0,0.9268526255863574,76,148,400,20,2,100,0.0,0,0.3,0.0,0.0,1.0,0.7,2.0,1.0,0.25,1.0,0.25
s1_2.0,0.9488287041794841,0.0261374859343891,1.0,1.0,-1.9577742078548515,77,149,400,20,2,100,0.0,0,0.3,0.0,0.0,1.0,0.7,2.0,1.0,0.25,1.0,0.25
s1_2.0,0.9549824745379697,0.02441349521139655,1.0,1.0,-1.843960689455704,78,150,400,20,2,100,0.0,0,0.3,0.0,0.0,1.0,0.7,2.0,1.0,0.25,1.0,0.25
s1_2.0,0.9802073564636166,0.02579753339131402,1.0,1.0,-0.7672300772386085,79,151,400,20,2,100,0.0,0,0.3,0.0,0.0,1.0,0.7,2.0,1.0,0.25,1.0,0.25
s1_2.0,0.9938106022099938,0.02266087209864684,1.0,1.0,-0.2731314912798854,80,152,400,20,2,100,0.0,0,0.3,0.0,0.0,1.0,0.7,2.0,1.0,0.25,1.0,0.25
s1_2.0,0.9550975697290582,0.02914730769785563,1.0,1.0,-1.5405344032596615,81,153,400,20,2,100,0.0,0,0.3,0.0,0.0,1.0,0.7,2.0,1.0,0.25,1.0,0.25
s1_2.0,0.9870692965927221,0.02861732898859515,1.0,1.0,-0.45184871769238605,82,154,400,20,2,100,0.0,0,0.3,0.0,0.0,1.0,0.7,2.0,1.0,0.25,1.0,0.25
s1_2.0,0.9503851288369288,0.02102055460719548,1.0,1.0,-2.3603026699441916,83,155,400,20,2,100,0.0,0,0.3,0.0,0.0,1.0,0.7,2.0,1.0,0.25,1.0,0.25
s1_2.0,0.9590031720201662,0.02549674726622205,1.0,1.0,-1.6079238481587104,84,156,400,20,2,100,0.0,0,0.3,0.0,0.0,1.0,0.7,2.0,1.0,0.25,1.0,0.25
s1_2.0,0.9983658939950049,0.027440900375307196,1.0,1.0,-0.059550014126562564,85,157,400,20,2,100,0.0,0,0.3,0.0,0.0,1.0,0.7,2.0,1.0,0.25,1.0,0.25
s1_2.0,1.0059791106884364,0.02917717783099864,1.0,1.0,0.20492422958343834,86,158,400,20,2,100,0.0,0,0.3,0.0,0.0,1.0,0.7,2.0,1.0,0.25,1.0,0.25
s1_2.0,0.9412728717717013,0.028018212153262594,1.0,1.0,-2.096034104783528,87,159,400,20,2,100,0.0,0,0.3,0.0,0.0,1.0,0.7,2.0,1.0,0.25,1.0,0.25
s1_2.0,1.0290262703954527,0.026048391312423567,1.0,1.0,1.114321036079063,88,160,400,20,2,100,0.0,0,0.3,0.0,0.0,1.0,0.7,2.0,1.0,0.25,1.0,0.25
s1_2.0,0.986345387741139,0.027138851532598422,1.0,1.0,-0.5031389129513997,89,161,400,20,2,100,0.0,0,0.3,0.0,0.0,1.0,0.7,2.0,1.0,0.25,1.0,0.25
s1_2.0,1.0031901921870519,0.026096302762424372,1.0,1.0,0.12224690279288754,90,162,400,20,2,100,0.0,0,0.3,0.0,0.0,1.0,0.7,2.0,1.0,0.25,1.0,0.25
s1_2.0,0.9633607554658306,0.025062501647615244,1.0,1.0,-1.4619148977754086,91,163,400,20,2,100,0.0,0,0.3,0.0,0.0,1.0,0.7,2.0,1.0,0.25,1.0,0.25
s1_2.0,0.9803711656628112,0.026768357304269137,1.0,1.0,-0.7332849795029547,92,164,400,20,2,100,0.0,0,0.3,0.0,0.0,1.0,0.7,2.0,1.0,0.25,1.0,0.25
s1_2.0,1.017808176621811,0.02645874940282478,1.0,1.0,0.6730543590964193,93,165,400,20,2,100,0.0,0,0.3,0.0,0.0,1.0,0.7,2.0,1.0,0.25,1.0,0.25
s1_2.0,0.9739044393027549,0.02537258816051398,1.0,1.0,-1.028494236857405,94,166,400,20,2,100,0.0,0,0.3,0.0,0.0,1.0,0.7,2.0,1.0,0.25,1.0,0.25
s1_2.0,1.0061309174095605,0.028477404218697853,1.0,1.0,0.21529059890701127,95,167,400,20,2,100,0.0,0,0.3,0.0,0.0,1.0,0.7,2.0,1.0,0.25,1.0,0.25
s1_2.0,0.9935304715947143,0.029318187576014475,1.0,1.0,-0.22066604180466076,96,168,400,20,2,100,0.0,0,0.3,0.0,0.0,1.0,0.7,2.0,1.0,0.25,1.0,0.25
s1_2.0,0.996717534700766,0.02682100371795656,1.0,1.0,-0.12238413348552056,97,169,400,20,2,100,0.0,0,0.3,0.0,0.0,1.0,0.7,2.0,1.0,0.25,1.0,0.25
s1_2.0,0.9982259099575542,0.02399340281989421,1.0,1.0,-0.0739407434519785,98,170,400,20,2,100,0.0,0,0.3,0.0,0.0,1.0,0.7,2.0,1.0,0.25,1.0,0.25
s1_2.0,0.9442299771685507,0.023823815104288118,1.0,1.0,-2.340935848742843,99,171,400,20,2,100,0.0,0,0.3,0.0,0.0,1.0,0.7,2.0,1.0,0.25,1.0,0.25
ind_nl_mD,0.9930696344553804,0.050685018235227135,1.0,1.0,-0.13673400515426506,0,73,400,20,2,100,0.0,0,0.3,0.0,0.0,1.0,0.7,1.0,0.0,2.0,1.0,0.25
ind_nl_mD,0.9802515728913553,0.04936420456844346,1.0,1.0,-0.40005561279253415,1,74,400,20,2,100,0.0,0,0.3,0.0,0.0,1.0,0.7,1.0,0.0,2.0,1.0,0.25
ind_nl_mD,1.0314925724752255,0.053027088847559745,1.0,1.0,0.5938959343168766,2,75,400,20,2,100,0.0,0,0.3,0.0,0.0,1.0,0.7,1.0,0.0,2.0,1.0,0.25
ind_nl_mD,0.9973793488679786,0.0496188411113352,1.0,1.0,-0.05281564569678536,3,76,400,20,2,100,0.0,0,0.3,0.0,0.0,1.0,0.7,1.0,0.0,2.0,1.0,0.25
ind_nl_mD,1.0679488383949325,0.04878871795897227,1.0,1.0,1.3927162105811526,4,77,400,20,2,100,0.0,0,0.3,0.0,0.0,1.0,0.7,1.0,0.0,2.0,1.0,0.25
ind_nl_mD,0.9331753403312597,0.04844984463915041,1.0,1.0,-1.379254364311045,5,78,400,20,2,100,0.0,0,0.3,0.0,0.0,1.0,0.7,1.0,0.0,2.0,1.0,0.25
ind_nl_mD,0.9185778728558461,0.05215041011442877,1.0,1.0,-1.5612940907942412,6,79,400,20,2,100,0.0,0,0.3,0.0,0.0,1.0,0.7,1.0,0.0,2.0,1.0,0.25
ind_nl_mD,0.9473331640614356,0.048244299531543626,1.0,1.0,-1.0916696158917,7,80,400,20,2,100,0.0,0,0.3,0.0,0.0,1.0,0.7,1.0,0.0,2.0,1.0,0.25
ind_nl_mD,1.0186137893585054,0.050808105272713934,1.0,1.0,0.36635472349530457,8,81,400,20,2,100,0.0,0,0.3,0.0,0.0,1.0,0.7,1.0,0.0,2.0,1.0,0.25
ind_nl_mD,0.9974638425853815,0.04812773005128753,1.0,1.0,-0.05269638547082685,9,82,400,20,2,100,0.0,0,0.3,0.0,0.0,1.0,0.7,1.0,0.0,2.0,1.0,0.25
ind_nl_mD,0.9200293879736723,0.051408873205101034,1.0,1.0,-1.55557994253787,10,83,400,20,2,100,0.0,0,0.3,0.0,0.0,1.0,0.7,1.0,0.0,2.0,1.0,0.25
ind_nl_mD,1.0456007336536732,0.053506046503580686,1.0,1.0,0.8522538410798409,11,84,400,20,2,100,0.0,0,0.3,0.0,0.0,1.0,0.7,1.0,0.0,2.0,1.0,0.25
ind_nl_mD,1.039169323848799,0.05278347086270258,1.0,1.0,0.7420755628345085,12,85,400,20,2,100,0.0,0,0.3,0.0,0.0,1.0,0.7,1.0,0.0,2.0,1.0,0.25
ind_nl_mD,0.9149639108800499,0.05075870715980182,1.0,1.0,-1.6753005322265995,13,86,400,20,2,100,0.0,0,0.3,0.0,0.0,1.0,0.7,1.0,0.0,2.0,1.0,0.25
ind_nl_mD,0.9579709068501071,0.04451368148993755,1.0,1.0,-0.9441837148291968,14,87,400,20,2,100,0.0,0,0.3,0.0,0.0,1.0,0.7,1.0,0.0,2.0,1.0,0.25
ind_nl_mD,1.0923489645169622,0.05180929913220444,1.0,1.0,1.7824785523793827,15,88,400,20,2,100,0.0,0,0.3,0.0,0.0,1.0,0.7,1.0,0.0,2.0,1.0,0.25
ind_nl_mD,1.021845909990983,0.055275264558098655,1.0,1.0,0.39522036060128,16,89,400,20,2,100,0.0,0,0.3,0.0,0.0,1.0,0.7,1.0,0.0,2.0,1.0,0.25
ind_nl_mD,0.9887856292596977,0.050708812837127075,1.0,1.0,-0.2211523029797999,17,90,400,20,2,100,0.0,0,0.3,0.0,0.0,1.0,0.7,1.0,0.0,2.0,1.0,0.25
ind_nl_mD,0.9470483179262073,0.05041573133147171,1.0,1.0,-1.050300782619769,18,91,400,20,2,100,0.0,0,0.3,0.0,0.0,1.0,0.7,1.0,0.0,2.0,1.0,0.25
ind_nl_mD,1.1002121051461173,0.04988618047221836,1.0,1.0,2.0088149503032313,19,92,400,20,2,100,0.0,0,0.3,0.0,0.0,1.0,0.7,1.0,0.0,2.0,1.0,0.25
ind_nl_mD,0.9805990222115848,0.0530436740917483,1.0,1.0,-0.3657547883062894,20,93,400,20,2,100,0.0,0,0.3,0.0,0.0,1.0,0.7,1.0,0.0,2.0,1.0,0.25
ind_nl_mD,1.0507081578868551,0.056449964692708396,1.0,1.0,0.8982850239657468,21,94,400,20,2,100,0.0,0,0.3,0.0,0.0,1.0,0.7,1.0,0.0,2.0,1.0,0.25
ind_nl_mD,1.029439540721452,0.05387618274896345,1.0,1.0,0.5464295950332237,22,95,400,20,2,100,0.0,0,0.3,0.0,0.0,1.0,0.7,1.0,0.0,2.0,1.0,0.25
ind_nl_mD,0.9640299212317807,0.04525704078882982,1.0,1.0,-0.794795199625543,23,96,400,20,2,100,0.0,0,0.3,0.0,0.0,1.0,0.7,1.0,0.0,2.0,1.0,0.25
ind_nl_mD,1.0642962722610005,0.05224876516932368,1.0,1.0,1.2305797477248361,24,97,400,20,2,100,0.0,0,0.3,0.0,0.0,1.0,0.7,1.0,0.0,2.0,1.0,0.25
ind_nl_mD,1.0543095538846292,0.04570948944014432,1.0,1.0,1.188146149734324,25,98,400,20,2,100,0.0,0,0.3,0.0,0.0,1.0,0.7,1.0,0.0,2.0,1.0,0.25
ind_nl_mD,0.9330697177071036,0.05785835079599149,1.0,1.0,-1.156795542425545,26,99,400,20,2,100,0.0,0,0.3,0.0,0.0,1.0,0.7,1.0,0.0,2.0,1.0,0.25
ind_nl_mD,1.042340824610652,0.051797705159552655,1.0,1.0,0.8174266500847757,27,100,400,20,2,100,0.0,0,0.3,0.0,0.0,1.0,0.7,1.0,0.0,2.0,1.0,0.25
ind_nl_mD,1.0021678466200705,0.04975608005941341,1.0,1.0,0.04356948170920844,28,101,400,20,2,100,0.0,0,0.3,0.0,0.0,1.0,0.7,1.0,0.0,2.0,1.0,0.25
ind_nl_mD,0.9318714013211654,0.050018136550709774,1.0,1.0,-1.3620779056765524,29,102,400,20,2,100,0.0,0,0.3,0.0,0.0,1.0,0.7,1.0,0.0,2.0,1.0,0.25
ind_nl_mD,0.9648324991501835,0.04641201723336132,1.0,1.0,-0.757724032398613,30,103,400,20,2,100,0.0,0,0.3,0.0,0.0,1.0,0.7,1.0,0.0,2.0,1.0,0.25
ind_nl_mD,0.9178538738367584,0.04807221516844505,1.0,1.0,-1.7088067582365725,31,104,400,20,2,100,0.0,0,0.3,0.0,0.0,1.0,0.7,1.0,0.0,2.0,1.0,0.25
ind_nl_mD,1.0117062376698218,0.04752228258103585,1.0,1.0,0.2463315529901185,32,105,400,20,2,100,0.0,0,0.3,0.0,0.0,1.0,0.7,1.0,0.0,2.0,1.0,0.25
ind_nl_mD,0.8896014895511526,0.051329046576312945,1.0,1.0,-2.15079994296628,33,106,400,20,2,100,0.0,0,0.3,0.0,0.0,1.0,0.7,1.0,0.0,2.0,1.0,0.25
ind_nl_mD,1.0311277588145866,0.05184132128480112,1.0,1.0,0.6004430065271636,34,107,400,20,2,100,0.0,0,0.3,0.0,0.0,1.0,0.7,1.0,0.0,2.0,1.0,0.25
ind_nl_mD,0.9173691522955698,0.05027058511045135,1.0,1.0,-1.6437216221549624,35,108,400,20,2,100,0.0,0,0.3,0.0,0.0,1.0,0.7,1.0,0.0,2.0,1.0,0.25
ind_nl_mD,0.8997616363028043,0.04617657512227003,1.0,1.0,-2.1707621977545233,36,109,400,20,2,100,0.0,0,0.3,0.0,0.0,1.0,0.7,1.0,0.0,2.0,1.0,0.25
ind_nl_mD,0.9451319366372212,0.05235578064145218,1.0,1.0,-1.0479848202155841,37,110,400,20,2,100,0.0,0,0.3,0.0,0.0,1.0,0.7,1.0,0.0,2.0,1.0,0.25
ind_nl_mD,0.9908927821910788,0.049426964185243755,1.0,1.0,-0.18425606263797475,38,111,400,20,2,100,0.0,0,0.3,0.0,0.0,1.0,0.7,1.0,0.0,2.0,1.0,0.25
ind_nl_mD,0.9550122950978058,0.04513671468267131,1.0,1.0,-0.9966987012341342,39,112,400,20,2,100,0.0,0,0.3,0.0,0.0,1.0,0.7,1.0,0.0,2.0,1.0,0.25
ind_nl_mD,0.9334587691442834,0.051402191656796097,1.0,1.0,-1.294521278392201,40,113,400,20,2,100,0.0,0,0.3,0.0,0.0,1.0,0.7,1.0,0.0,2.0,1.0,0.25
ind_nl_mD,0.995363751817325,0.049948219332366046,1.0,1.0,-0.09282109041414414,41,114,400,20,2,100,0.0,0,0.3,0.0,0.0,1.0,0.7,1.0,0.0,2.0,1.0,0.25
ind_nl_mD,1.0056007647146714,0.048606168575608254,1.0,1.0,0.11522744702576726,42,115,400,20,2,100,0.0,0,0.3,0.0,0.0,1.0,0.7,1.0,0.0,2.0,1.0,0.25
ind_nl_mD,1.0050438822394787,0.0505095716024508,1.0,1.0,0.09985992910765407,43,116,400,20,2,100,0.0,0,0.3,0.0,0.0,1.0,0.7,1.0,0.0,2.0,1.0,0.25
ind_nl_mD,0.889674170014017,0.04835216999224548,1.0,1.0,-2.281714140310074,44,117,400,20,2,100,0.0,0,0.3,0.0,0.0,1.0,0.7,1.0,0.0,2.0,1.0,0.25
ind_nl_mD,1.0039342699513558,0.056066304145525624,1.0,1.0,0.07017173704091556,45,118,400,20,2,100,0.0,0,0.3,0.0,0.0,1.0,0.7,1.0,0.0,2.0,1.0,0.25
ind_nl_mD,1.0541457025081848,0.05897315731502057,1.0,1.0,0.9181414896772677,46,119,400,20,2,100,0.0,0,0.3,0.0,0.0,1.0,0.7,1.0,0.0,2.0,1.0,0.25
ind_nl_mD,0.9693954868653892,0.05291737360426159,1.0,1.0,-0.5783452777434536,47,120,400,20,2,100,0.0,0,0.3,0.0,0.0,1.0,0.7,1.0,0.0,2.0,1.0,0.25
ind_nl_mD,1.0096522930055591,0.0500618848461152,1.0,1.0,0.19280722320442475,48,121,400,20,2,100,0.0,0,0.3,0.0,0.0,1.0,0.7,1.0,0.0,2.0,1.0,0.25
ind_nl_mD,1.0356567068161984,0.04733413791347691,1.0,1.0,0.7532979026971196,49,122,400,20,2,100,0.0,0,0.3,0.0,0.0,1.0,0.7,1.0,0.0,2.0,1.0,0.25
ind_nl_mD,1.0899615785335497,0.04653685992664573,1.0,1.0,1.9331252404084134,50,123,400,20,2,100,0.0,0,0.3,0.0,0.0,1.0,0.7,1.0,0.0,2.0,1.0,0.25
ind_nl_mD,1.0269485541751429,0.048924539900364404,1.0,1.0,0.5508187553735613,51,124,400,20,2,100,0.0,0,0.3,0.0,0.0,1.0,0.7,1.0,0.0,2.0,1.0,0.25
ind_nl_mD,0.9358322865314042,0.049729905515933946,1.0,1.0,-1.2903244597566323,52,125,400,20,2,100,0.0,0,0.3,0.0,0.0,1.0,0.7,1.0,0.0,2.0,1.0,0.25
ind_nl_mD,0.9631663239902423,0.05441516624293802,1.0,1.0,-0.6769009184923329,53,126,400,20,2,100,0.0,0,0.3,0.0,0.0,1.0,0.7,1.0,0.0,2.0,1.0,0.25
ind_nl_mD,0.8383905375256064,0.05030598842177247,1.0,1.0,-3.212529313994134,54,127,400,20,2,100,0.0,0,0.3,0.0,0.0,1.0,0.7,1.0,0.0,2.0,1.0,0.25
ind_nl_mD,0.9884233698242737,0.053754886414870716,1.0,1.0,-0.2153595877104067,55,128,400,20,2,100,0.0,0,0.3,0.0,0.0,1.0,0.7,1.0,0.0,2.0,1.0,0.25
ind_nl_mD,0.9817539936372491,0.05050745119264405,1.0,1.0,-0.3612537542858277,56,129,400,20,2,100,0.0,0,0.3,0.0,0.0,1.0,0.7,1.0,0.0,2.0,1.0,0.25
ind_nl_mD,0.9042968001784306,0.04788295259256203,1.0,1.0,-1.9986904449253948,57,130,400,20,2,100,0.0,0,0.3,0.0,0.0,1.0,0.7,1.0,0.0,2.0,1.0,0.25
ind_nl_mD,1.0136443184495654,0.05374546595333096,1.0,1.0,0.25386920008123487,58,131,400,20,2,100,0.0,0,0.3,0.0,0.0,1.0,0.7,1.0,0.0,2.0,1.0,0.25
ind_nl_mD,0.9460874519284984,0.04562912283791063,1.0,1.0,-1.181538121234904,59,132,400,20,2,100,0.0,0,0.3,0.0,0.0,1.0,0.7,1.0,0.0,2.0,1.0,0.25
ind_nl_mD,0.9477613950440844,0.05409609503452817,1.0,1.0,-0.9656631393185222,60,133,400,20,2,100,0.0,0,0.3,0.0,0.0,1.0,0.7,1.0,0.0,2.0,1.0,0.25
ind_nl_mD,0.9439899457857539,0.05438552657151235,1.0,1.0,-1.0298705877306829,61,134,400,20,2,100,0.0,0,0.3,0.0,0.0,1.0,0.7,1.0,0.0,2.0,1.0,0.25
ind_nl_mD,0.8198977943324324,0.05017382474051167,1.0,1.0,-3.5895650092257836,62,135,400,20,2,100,0.0,0,0.3,0.0,0.0,1.0,0.7,1.0,0.0,2.0,1.0,0.25
ind_nl_mD,0.9962700671824529,0.04879944580408973,1.0,1.0,-0.07643391755966382,63,136,400,20,2,100,0.0,0,0.3,0.0,0.0,1.0,0.7,1.0,0.0,2.0,1.0,0.25
ind_nl_mD,0.8798844140342189,0.0530135034788671,1.0,1.0,-2.2657545357979036,64,137,400,20,2,100,0.0,0,0.3,0.0,0.0,1.0,0.7,1.0,0.0,2.0,1.0,0.25
ind_nl_mD,0.9343988923635856,0.05300632375615788,1.0,1.0,-1.2376090811012583,65,138,400,20,2,100,0.0,0,0.3,0.0,0.0,1.0,0.7,1.0,0.0,2.0,1.0,0.25
ind_nl_mD,0.9694827305673981,0.04882547291096466,1.0,1.0,-0.6250276262198516,66,139,400,20,2,100,0.0,0,0.3,0.0,0.0,1.0,0.7,1.0,0.0,2.0,1.0,0.25
ind_nl_mD,1.0030716594269498,0.04694854950051442,1.0,1.0,0.06542607726179274,67,140,400,20,2,100,0.0,0,0.3,0.0,0.0,1.0,0.7,1.0,0.0,2.0,1.0,0.25
ind_nl_mD,1.0067125677846667,0.0488419799618967,1.0,1.0,0.13743439127372337,68,141,400,20,2,100,0.0,0,0.3,0.0,0.0,1.0,0.7,1.0,0.0,2.0,1.0,0.25
ind_nl_mD,0.9660170532813089,0.04855573374050448,1.0,1.0,-0.6998750528682257,69,142,400,20,2,100,0.0,0,0.3,0.0,0.0,1.0,0.7,1.0,0.0,2.0,1.0,0.25
ind_nl_mD,1.1423995164812502,0.05472383103266497,1.0,1.0,2.602148164594892,70,143,400,20,2,100,0.0,0,0.3,0.0,0.0,1.0,0.7,1.0,0.0,2.0,1.0,0.25
ind_nl_mD,1.0210689003892086,0.04697663946756885,1.0,1.0,0.448497394194276,71,144,400,20,2,100,0.0,0,0.3,0.0,0.0,1.0,0.7,1.0,0.0,2.0,1.0,0.25
ind_nl_mD,0.8794017376285839,0.05298066968770521,1.0,1.0,-2.2762691200825342,72,145,400,20,2,100,0.0,0,0.3,0.0,0.0,1.0,0.7,1.0,0.0,2.0,1.0,0.25
ind_nl_mD,0.9058540770213442,0.05092294500250393,1.0,1.0,-1.8487917965865193,73,146,400,20,2,100,0.0,0,0.3,0.0,0.0,1.0,0.7,1.0,0.0,2.0,1.0,0.25
ind_nl_mD,0.9998225162467204,0.05101983020788186,1.0,1.0,-0.0034787209709729763,74,147,400,20,2,100,0.0,0,0.3,0.0,0.0,1.0,0.7,1.0,0.0,2.0,1.0,0.25
ind_nl_mD,1.0776005544396265,0.05280693423682081,1.0,1.0,1.4695144787541525,75,148,400,20,2,100,0.0,0,0.3,0.0,0.0,1.0,0.7,1.0,0.0,2.0,1.0,0.25
ind_nl_mD,0.9128934843451583,0.0512391205649883,1.0,1.0,-1.700000208714777,76,149,400,20,2,100,0.0,0,0.3,0.0,0.0,1.0,0.7,1.0,0.0,2.0,1.0,0.25
ind_nl_mD,0.9783633133536236,0.05218335212126908,1.0,1.0,-0.41462814799813624,77,150,400,20,2,100,0.0,0,0.3,0.0,0.0,1.0,0.7,1.0,0.0,2.0,1.0,0.25
ind_nl_mD,0.9765015127625657,0.05110470765644631,1.0,1.0,-0.4598106185325223,78,151,400,20,2,100,0.0,0,0.3,0.0,0.0,1.0,0.7,1.0,0.0,2.0,1.0,0.25
ind_nl_mD,1.016419739969682,0.04534590641973262,1.0,1.0,0.3620997189403795,79,152,400,20,2,100,0.0,0,0.3,0.0,0.0,1.0,0.7,1.0,0.0,2.0,1.0,0.25
ind_nl_mD,0.9281924723936228,0.054163348417964705,1.0,1.0,-1.3257586486761654,80,153,400,20,2,100,0.0,0,0.3,0.0,0.0,1.0,0.7,1.0,0.0,2.0,1.0,0.25
ind_nl_mD,0.9780430846837986,0.05540666316930543,1.0,1.0,-0.3962865485890731,81,154,400,20,2,100,0.0,0,0.3,0.0,0.0,1.0,0.7,1.0,0.0,2.0,1.0,0.25
ind_nl_mD,0.9309701575555042,0.04379566258706995,1.0,1.0,-1.5761798855596245,82,155,400,20,2,100,0.0,0,0.3,0.0,0.0,1.0,0.7,1.0,0.0,2.0,1.0,0.25
ind_nl_mD,0.9080474050481707,0.047113193129612575,1.0,1.0,-1.9517376947654457,83,156,400,20,2,100,0.0,0,0.3,0.0,0.0,1.0,0.7,1.0,0.0,2.0,1.0,0.25
ind_nl_mD,1.0457930892174627,0.05312620978840042,1.0,1.0,0.8619679325864724,84,157,400,20,2,100,0.0,0,0.3,0.0,0.0,1.0,0.7,1.0,0.0,2.0,1.0,0.25
ind_nl_mD,1.0110211840339045,0.05604635480000385,1.0,1.0,0.19664408279954276,85,158,400,20,2,100,0.0,0,0.3,0.0,0.0,1.0,0.7,1.0,0.0,2.0,1.0,0.25
ind_nl_mD,0.9229636568659356,0.05284953503025609,1.0,1.0,-1.457654132433927,86,159,400,20,2,100,0.0,0,0.3,0.0,0.0,1.0,0.7,1.0,0.0,2.0,1.0,0.25
ind_nl_mD,1.0916259186406787,0.04732124081311474,1.0,1.0,1.936253510395806,87,160,400,20,2,100,0.0,0,0.3,0.0,0.0,1.0,0.7,1.0,0.0,2.0,1.0,0.25
ind_nl_mD,0.9928890964296316,0.053681774494741506,1.0,1.0,-0.13246401851088077,88,161,400,20,2,100,0.0,0,0.3,0.0,0.0,1.0,0.7,1.0,0.0,2.0,1.0,0.25
ind_nl_mD,0.9766243780364904,0.05055975613866752,1.0,1.0,-0.462336525108993,89,162,400,20,2,100,0.0,0,0.3,0.0,0.0,1.0,0.7,1.0,0.0,2.0,1.0,0.25
ind_nl_mD,0.9492533733834997,0.0529808722869784,1.0,1.0,-0.9578292018603246,90,163,400,20,2,100,0.0,0,0.3,0.0,0.0,1.0,0.7,1.0,0.0,2.0,1.0,0.25
ind_nl_mD,0.9869766088308892,0.05373652394169658,1.0,1.0,-0.24235641261874294,91,164,400,20,2,100,0.0,0,0.3,0.0,0.0,1.0,0.7,1.0,0.0,2.0,1.0,0.25
ind_nl_mD,1.0821748896116472,0.05350764648444401,1.0,1.0,1.5357597467034447,92,165,400,20,2,100,0.0,0,0.3,0.0,0.0,1.0,0.7,1.0,0.0,2.0,1.0,0.25
ind_nl_mD,0.9887739174792668,0.04630037706732824,1.0,1.0,-0.24246201071772408,93,166,400,20,2,100,0.0,0,0.3,0.0,0.0,1.0,0.7,1.0,0.0,2.0,1.0,0.25
ind_nl_mD,0.968982058546723,0.05509638737795392,1.0,1.0,-0.5629759577610415,94,167,400,20,2,100,0.0,0,0.3,0.0,0.0,1.0,0.7,1.0,0.0,2.0,1.0,0.25
ind_nl_mD,1.0440023281252047,0.05512931754468637,1.0,1.0,0.7981656600326593,95,168,400,20,2,100,0.0,0,0.3,0.0,0.0,1.0,0.7,1.0,0.0,2.0,1.0,0.25
ind_nl_mD,1.0572503160538251,0.04984599168199135,1.0,1.0,1.148544027753968,96,169,400,20,2,100,0.0,0,0.3,0.0,0.0,1.0,0.7,1.0,0.0,2.0,1.0,0.25
ind_nl_mD,1.0228535766236722,0.0453559553212501,1.0,1.0,0.5038715745661922,97,170,400,20,2,100,0.0,0,0.3,0.0,0.0,1.0,0.7,1.0,0.0,2.0,1.0,0.25
ind_nl_mD,0.9412227673403705,0.04542529423867256,1.0,1.0,-1.2939317982356595,98,171,400,20,2,100,0.0,0,0.3,0.0,0.0,1.0,0.7,1.0,0.0,2.0,1.0,0.25
ind_nl_mD,0.9129779872398232,0.04670458245764381,1.0,1.0,-1.8632435658555933,99,172,400,20,2,100,0.0,0,0.3,0.0,0.0,1.0,0.7,1.0,0.0,2.0,1.0,0.25
ind_nl_mY,0.9734866107573399,0.04722031842613351,1.0,1.0,-0.5614826440472838,0,74,400,20,2,100,0.0,0,0.3,0.0,0.0,1.0,0.7,1.0,1.0,0.25,2.0,0.0
ind_nl_mY,1.050239252838759,0.049980200934080635,1.0,1.0,1.0051830905005763,1,75,400,20,2,100,0.0,0,0.3,0.0,0.0,1.0,0.7,1.0,1.0,0.25,2.0,0.0
ind_nl_mY,0.9735983127481193,0.048471192638416205,1.0,1.0,-0.5446882120031825,2,76,400,20,2,100,0.0,0,0.3,0.0,0.0,1.0,0.7,1.0,1.0,0.25,2.0,0.0
ind_nl_mY,1.0338925067105942,0.05032857869398632,1.0,1.0,0.6734246742128632,3,77,400,20,2,100,0.0,0,0.3,0.0,0.0,1.0,0.7,1.0,1.0,0.25,2.0,0.0
ind_nl_mY,0.9516835061747945,0.050704993414428835,1.0,1.0,-0.9528941938774885,4,78,400,20,2,100,0.0,0,0.3,0.0,0.0,1.0,0.7,1.0,1.0,0.25,2.0,0.0
ind_nl_mY,0.934731191384183,0.05048048140238176,1.0,1.0,-1.2929513903711993,5,79,400,20,2,100,0.0,0,0.3,0.0,0.0,1.0,0.7,1.0,1.0,0.25,2.0,0.0
ind_nl_mY,0.9604426129258485,0.04751861083278109,1.0,1.0,-0.8324609322725084,6,80,400,20,2,100,0.0,0,0.3,0.0,0.0,1.0,0.7,1.0,1.0,0.25,2.0,0.0
ind_nl_mY,0.9679878357199319,0.05168226711236256,1.0,1.0,-0.619403251224843,7,81,400,20,2,100,0.0,0,0.3,0.0,0.0,1.0,0.7,1.0,1.0,0.25,2.0,0.0
ind_nl_mY,1.014792948286903,0.05343935900617867,1.0,1.0,0.2768174724025517,8,82,400,20,2,100,0.0,0,0.3,0.0,0.0,1.0,0.7,1.0,1.0,0.25,2.0,0.0
ind_nl_mY,0.9199257363839406,0.05011880992628388,1.0,1.0,-1.5976888464397863,9,83,400,20,2,100,0.0,0,0.3,0.0,0.0,1.0,0.7,1.0,1.0,0.25,2.0,0.0
ind_nl_mY,1.0878400413295866,0.055131700566623525,1.0,1.0,1.5932764711916851,10,84,400,20,2,100,0.0,0,0.3,0.0,0.0,1.0,0.7,1.0,1.0,0.25,2.0,0.0
ind_nl_mY,1.04206788997374,0.05319547249133629,1.0,1.0,0.7908171128772529,11,85,400,20,2,100,0.0,0,0.3,0.0,0.0,1.0,0.7,1.0,1.0,0.25,2.0,0.0
ind_nl_mY,0.9220084982202343,0.05003493072277203,1.0,1.0,-1.5587410765469485,12,86,400,20,2,100,0.0,0,0.3,0.0,0.0,1.0,0.7,1.0,1.0,0.25,2.0,0.0
ind_nl_mY,0.9295122909694089,0.04649485388470431,1.0,1.0,-1.516032488356305,13,87,400,20,2,100,0.0,0,0.3,0.0,0.0,1.0,0.7,1.0,1.0,0.25,2.0,0.0
ind_nl_mY,1.0843016686346456,0.05201995655448027,1.0,1.0,1.620563995403511,14,88,400,20,2,100,0.0,0,0.3,0.0,0.0,1.0,0.7,1.0,1.0,0.25,2.0,0.0
ind_nl_mY,0.9793706329678379,0.05453126735595258,1.0,1.0,-0.3783034584086231,15,89,400,20,2,100,0.0,0,0.3,0.0,0.0,1.0,0.7,1.0,1.0,0.25,2.0,0.0
ind_nl_mY,0.9870998635183864,0.05147253233715324,1.0,1.0,-0.25062175680643906,16,90,400,20,2,100,0.0,0,0.3,0.0,0.0,1.0,0.7,1.0,1.0,0.25,2.0,0.0
ind_nl_mY,0.9183332500549005,0.051780902954158915,1.0,1.0,-1.5771596338788876,17,91,400,20,2,100,0.0,0,0.3,0.0,0.0,1.0,0.7,1.0,1.0,0.25,2.0,0.0
ind_nl_mY,1.0689845396631674,0.04815499333733996,1.0,1.0,1.4325521588158123,18,92,400,20,2,100,0.0,0,0.3,0.0,0.0,1.0,0.7,1.0,1.0,0.25,2.0,0.0
ind_nl_mY,1.0063142413299584,0.052732801871316404,1.0,1.0,0.11974029647366366,19,93,400,20,2,100,0.0,0,0.3,0.0,0.0,1.0,0.7,1.0,1.0,0.25,2.0,0.0
ind_nl_mY,1.0816968560715237,0.05871000029880783,1.0,1.0,1.3915322032996584,20,94,400,20,2,100,0.0,0,0.3,0.0,0.0,1.0,0.7,1.0,1.0,0.25,2.0,0.0
ind_nl_mY,1.0472672016529012,0.05081404296248543,1.0,1.0,0.9301995845478631,21,95,400,20,2,100,0.0,0,0.3,0.0,0.0,1.0,0.7,1.0,1.0,0.25,2.0,0.0
ind_nl_mY,0.9736256158433714,0.04868611112917848,1.0,1.0,-0.5417229584562563,22,96,400,20,2,100,0.0,0,0.3,0.0,0.0,1.0,0.7,1.0,1.0,0.25,2.0,0.0
ind_nl_mY,1.0386305043006476,0.053521989595203656,1.0,1.0,0.7217688391783829,23,97,400,20,2,100,0.0,0,0.3,0.0,0.0,1.0,0.7,1.0,1.0,0.25,2.0,0.0
ind_nl_mY,1.0453283972038139,0.04568070213699728,1.0,1.0,0.992287663790131,24,98,400,20,2,100,0.0,0,0.3,0.0,0.0,1.0,0.7,1.0,1.0,0.25,2.0,0.0
ind_nl_mY,0.9659223073424351,0.05861857914132347,1.0,1.0,-0.5813462754770464,25,99,400,20,2,100,0.0,0,0.3,0.0,0.0,1.0,0.7,1.0,1.0,0.25,2.0,0.0
ind_nl_mY,1.0185014078814025,0.04913744338183556,1.0,1.0,0.376523616371988,26,100,400,20,2,100,0.0,0,0.3,0.0,0.0,1.0,0.7,1.0,1.0,0.25,2.0,0.0
ind_nl_mY,1.0244232869567635,0.04755797092563286,1.0,1.0,0.5135477078060083,27,101,400,20,2,100,0.0,0,0.3,0.0,0.0,1.0,0.7,1.0,1.0,0.25,2.0,0.0
ind_nl_mY,0.9478626555021606,0.049971583343361214,1.0,1.0,-1.0433398545648818,28,102,400,20,2,100,0.0,0,0.3,0.0,0.0,1.0,0.7,1.0,1.0,0.25,2.0,0.0
ind_nl_mY,1.0003409198934594,0.05021009907567223,1.0,1.0,0.006789866973686076,29,103,400,20,2,100,0.0,0,0.3,0.0,0.0,1.0,0.7,1.0,1.0,0.25,2.0,0.0
ind_nl_mY,0.9304230575148593,0.05008041345225177,1.0,1.0,-1.3893044743226315,30,104,400,20,2,100,0.0,0,0.3,0.0,0.0,1.0,0.7,1.0,1.0,0.25,2.0,0.0
ind_nl_mY,1.000650687854256,0.050212903961079504,1.0,1.0,0.012958578431559988,31,105,400,20,2,100,0.0,0,0.3,0.0,0.0,1.0,0.7,1.0,1.0,0.25,2.0,0.0
ind_nl_mY,0.92665727373121,0.05070097794409057,1.0,1.0,-1.4465741932959786,32,106,400,20,2,100,0.0,0,0.3,0.0,0.0,1.0,0.7,1.0,1.0,0.25,2.0,0.0
ind_nl_mY,0.9810129108124612,0.04975371644338614,1.0,1.0,-0.3816215258842793,33,107,400,20,2,100,0.0,0,0.3,0.0,0.0,1.0,0.7,1.0,1.0,0.25,2.0,0.0
ind_nl_mY,0.912668510170439,0.04702651184372037,1.0,1.0,-1.857069265944773,34,108,400,20,2,100,0.0,0,0.3,0.0,0.0,1.0,0.7,1.0,1.0,0.25,2.0,0.0
ind_nl_mY,0.9021485538491035,0.04572904762685384,1.0,1.0,-2.139809404065401,35,109,400,20,2,100,0.0,0,0.3,0.0,0.0,1.0,0.7,1.0,1.0,0.25,2.0,0.0
ind_nl_mY,0.9394699759090158,0.04932429182022702,1.0,1.0,-1.2271848587628762,36,110,400,20,2,100,0.0,0,0.3,0.0,0.0,1.0,0.7,1.0,1.0,0.25,2.0,0.0
ind_nl_mY,1.05803266358557,0.05316810043886792,1.0,1.0,1.0914940181527684,37,111,400,20,2,100,0.0,0,0.3,0.0,0.0,1.0,0.7,1.0,1.0,0.25,2.0,0.0
ind_nl_mY,0.939962787595856,0.04490655127197535,1.0,1.0,-1.3369366095501334,38,112,400,20,2,100,0.0,0,0.3,0.0,0.0,1.0,0.7,1.0,1.0,0.25,2.0,0.0
ind_nl_mY,0.9760118239004488,0.050738933351179454,1.0,1.0,-0.4727765152949073,39,113,400,20,2,100,0.0,0,0.3,0.0,0.0,1.0,0.7,1.0,1.0,0.25,2.0,0.0
ind_nl_mY,1.0090341817318578,0.0515912724601172,1.0,1.0,0.17511065924651645,40,114,400,20,2,100,0.0,0,0.3,0.0,0.0,1.0,0.7,1.0,1.0,0.25,2.0,0.0
ind_nl_mY,1.0271030678844009,0.047846181709643394,1.0,1.0,0.5664625037140267,41,115,400,20,2,100,0.0,0,0.3,0.0,0.0,1.0,0.7,1.0,1.0,0.25,2.0,0.0
ind_nl_mY,0.9630117320784433,0.051188037054787215,1.0,1.0,-0.7225959433054195,42,116,400,20,2,100,0.0,0,0.3,0.0,0.0,1.0,0.7,1.0,1.0,0.25,2.0,0.0
ind_nl_mY,0.9478891407434984,0.04917471318079448,1.0,1.0,-1.0597084535076426,43,117,400,20,2,100,0.0,0,0.3,0.0,0.0,1.0,0.7,1.0,1.0,0.25,2.0,0.0
ind_nl_mY,0.9632586130809333,0.05311619149523236,1.0,1.0,-0.6917172689680614,44,118,400,20,2,100,0.0,0,0.3,0.0,0.0,1.0,0.7,1.0,1.0,0.25,2.0,0.0
ind_nl_mY,1.0688020862405014,0.06564987095489862,1.0,1.0,1.048015559509148,45,119,400,20,2,100,0.0,0,0.3,0.0,0.0,1.0,0.7,1.0,1.0,0.25,2.0,0.0
ind_nl_mY,1.000724159008833,0.05098458126765233,1.0,1.0,0.0142034903656723,46,120,400,20,2,100,0.0,0,0.3,0.0,0.0,1.0,0.7,1.0,1.0,0.25,2.0,0.0
ind_nl_mY,0.9744298798413522,0.04907650370236921,1.0,1.0,-0.5210257094458294,47,121,400,20,2,100,0.0,0,0.3,0.0,0.0,1.0,0.7,1.0,1.0,0.25,2.0,0.0
ind_nl_mY,0.9929765085482952,0.04392365032512229,1.0,1.0,-0.15990227132118995,48,122,400,20,2,100,0.0,0,0.3,0.0,0.0,1.0,0.7,1.0,1.0,0.25,2.0,0.0
ind_nl_mY,1.08986455063413,0.04745649302892905,1.0,1.0,1.8936197114133444,49,123,400,20,2,100,0.0,0,0.3,0.0,0.0,1.0,0.7,1.0,1.0,0.25,2.0,0.0
ind_nl_mY,1.059626077409178,0.047401200753779564,1.0,1.0,1.2579022569259195,50,124,400,20,2,100,0.0,0,0.3,0.0,0.0,1.0,0.7,1.0,1.0,0.25,2.0,0.0
ind_nl_mY,0.9727415814666015,0.050877992247446366,1.0,1.0,-0.5357604993692855,51,125,400,20,2,100,0.0,0,0.3,0.0,0.0,1.0,0.7,1.0,1.0,0.25,2.0,0.0
ind_nl_mY,0.9744309912055494,0.05846753656038951,1.0,1.0,-0.43731975552007457,52,126,400,20,2,100,0.0,0,0.3,0.0,0.0,1.0,0.7,1.0,1.0,0.25,2.0,0.0
ind_nl_mY,0.8652431382252916,0.05420360123993149,1.0,1.0,-2.4861237757655434,53,127,400,20,2,100,0.0,0,0.3,0.0,0.0,1.0,0.7,1.0,1.0,0.25,2.0,0.0
ind_nl_mY,1.0048305720260085,0.051126533316429204,1.0,1.0,0.0944826827219317,54,128,400,20,2,100,0.0,0,0.3,0.0,0.0,1.0,0.7,1.0,1.0,0.25,2.0,0.0
ind_nl_mY,0.973899188215355,0.05445873990944667,1.0,1.0,-0.47927682182961034,55,129,400,20,2,100,0.0,0,0.3,0.0,0.0,1.0,0.7,1.0,1.0,0.25,2.0,0.0
ind_nl_mY,0.9062604140450636,0.0479362659964607,1.0,1.0,-1.955504543509031,56,130,400,20,2,100,0.0,0,0.3,0.0,0.0,1.0,0.7,1.0,1.0,0.25,2.0,0.0
ind_nl_mY,1.032012694565493,0.05215448361547018,1.0,1.0,0.6138052252903021,57,131,400,20,2,100,0.0,0,0.3,0.0,0.0,1.0,0.7,1.0,1.0,0.25,2.0,0.0
ind_nl_mY,0.9472445600557062,0.04669449198245541,1.0,1.0,-1.1298000621597006,58,132,400,20,2,100,0.0,0,0.3,0.0,0.0,1.0,0.7,1.0,1.0,0.25,2.0,0.0
ind_nl_mY,1.0039071375384059,0.0524323806481819,1.0,1.0,0.07451764520521273,59,133,400,20,2,100,0.0,0,0.3,0.0,0.0,1.0,0.7,1.0,1.0,0.25,2.0,0.0
ind_nl_mY,0.9389119000478208,0.05395617727599877,1.0,1.0,-1.1321799103687231,60,134,400,20,2,100,0.0,0,0.3,0.0,0.0,1.0,0.7,1.0,1.0,0.25,2.0,0.0
ind_nl_mY,0.8460031568915437,0.0508214710416197,1.0,1.0,-3.0301532000587357,61,135,400,20,2,100,0.0,0,0.3,0.0,0.0,1.0,0.7,1.0,1.0,0.25,2.0,0.0
ind_nl_mY,1.0339878992078515,0.04974174628301597,1.0,1.0,0.683287213409644,62,136,400,20,2,100,0.0,0,0.3,0.0,0.0,1.0,0.7,1.0,1.0,0.25,2.0,0.0
ind_nl_mY,0.8796443991833441,0.0502742478216877,1.0,1.0,-2.393981134109299,63,137,400,20,2,100,0.0,0,0.3,0.0,0.0,1.0,0.7,1.0,1.0,0.25,2.0,0.0
ind_nl_mY,0.9223532430175545,0.05538546263940759,1.0,1.0,-1.4019338881029524,64,138,400,20,2,100,0.0,0,0.3,0.0,0.0,1.0,0.7,1.0,1.0,0.25,2.0,0.0
ind_nl_mY,0.9472414794133124,0.05213290931319388,1.0,1.0,-1.0120003138465823,65,139,400,20,2,100,0.0,0,0.3,0.0,0.0,1.0,0.7,1.0,1.0,0.25,2.0,0.0
ind_nl_mY,1.0191617892327531,0.043148439955324094,1.0,1.0,0.44408996600093203,66,140,400,20,2,100,0.0,0,0.3,0.0,0.0,1.0,0.7,1.0,1.0,0.25,2.0,0.0
ind_nl_mY,0.9837344687583918,0.05070288500403149,1.0,1.0,-0.320800901966721,67,141,400,20,2,100,0.0,0,0.3,0.0,0.0,1.0,0.7,1.0,1.0,0.25,2.0,0.0
ind_nl_mY,0.9352938670824322,0.04801532144144048,1.0,1.0,-1.3476142817555312,68,142,400,20,2,100,0.0,0,0.3,0.0,0.0,1.0,0.7,1.0,1.0,0.25,2.0,0.0
ind_nl_mY,1.104432832198636,0.05211571967829652,1.0,1.0,2.0038643396519555,69,143,400,20,2,100,0.0,0,0.3,0.0,0.0,1.0,0.7,1.0,1.0,0.25,2.0,0.0
ind_nl_mY,1.021828806470636,0.04777965218809849,1.0,1.0,0.45686407227705567,70,144,400,20,2,100,0.0,0,0.3,0.0,0.0,1.0,0.7,1.0,1.0,0.25,2.0,0.0
ind_nl_mY,0.8936544242294354,0.05173872703877548,1.0,1.0,-2.0554347170324485,71,145,400,20,2,100,0.0,0,0.3,0.0,0.0,1.0,0.7,1.0,1.0,0.25,2.0,0.0
ind_nl_mY,0.947020792999462,0.05100372765283082,1.0,1.0,-1.038732058196879,72,146,400,20,2,100,0.0,0,0.3,0.0,0.0,1.0,0.7,1.0,1.0,0.25,2.0,0.0
ind_nl_mY,0.9633771755361702,0.04995380097340742,1.0,1.0,-0.733133890718861,73,147,400,20,2,100,0.0,0,0.3,0.0,0.0,1.0,0.7,1.0,1.0,0.25,2.0,0.0
ind_nl_mY,1.1164190373986105,0.050206730538675956,1.0,1.0,2.3187934396351286,74,148,400,20,2,100,0.0,0,0.3,0.0,0.0,1.0,0.7,1.0,1.0,0.25,2.0,0.0
ind_nl_mY,0.915299616902653,0.05118350682991001,1.0,1.0,-1.6548374338401282,75,149,400,20,2,100,0.0,0,0.3,0.0,0.0,1.0,0.7,1.0,1.0,0.25,2.0,0.0
ind_nl_mY,0.9538607368790128,0.049175156038831686,1.0,1.0,-0.9382636851127181,76,150,400,20,2,100,0.0,0,0.3,0.0,0.0,1.0,0.7,1.0,1.0,0.25,2.0,0.0
ind_nl_mY,0.9901468905424836,0.05017839658583695,1.0,1.0,-0.19636158442530752,77,151,400,20,2,100,0.0,0,0.3,0.0,0.0,1.0,0.7,1.0,1.0,0.25,2.0,0.0
ind_nl_mY,0.993875016942364,0.04372959535075073,1.0,1.0,-0.14006493791008356,78,152,400,20,2,100,0.0,0,0.3,0.0,0.0,1.0,0.7,1.0,1.0,0.25,2.0,0.0
ind_nl_mY,0.9221840676621971,0.05391861800516073,1.0,1.0,-1.443210809489867,79,153,400,20,2,100,0.0,0,0.3,0.0,0.0,1.0,0.7,1.0,1.0,0.25,2.0,0.0
ind_nl_mY,1.0171077203471395,0.053032840345695435,1.0,1.0,0.32258729186712465,80,154,400,20,2,100,0.0,0,0.3,0.0,0.0,1.0,0.7,1.0,1.0,0.25,2.0,0.0
ind_nl_mY,0.9233805253907559,0.04139035980536724,1.0,1.0,-1.8511429948794162,81,155,400,20,2,100,0.0,0,0.3,0.0,0.0,1.0,0.7,1.0,1.0,0.25,2.0,0.0
ind_nl_mY,0.911219355652308,0.04763242988155603,1.0,1.0,-1.8638697326266176,82,156,400,20,2,100,0.0,0,0.3,0.0,0.0,1.0,0.7,1.0,1.0,0.25,2.0,0.0
ind_nl_mY,1.0171724357261553,0.05038755528540851,1.0,1.0,0.34080708279824456,83,157,400,20,2,100,0.0,0,0.3,0.0,0.0,1.0,0.7,1.0,1.0,0.25,2.0,0.0
ind_nl_mY,0.9734127722374859,0.05680825676077571,1.0,1.0,-0.4680169622960818,84,158,400,20,2,100,0.0,0,0.3,0.0,0.0,1.0,0.7,1.0,1.0,0.25,2.0,0.0
ind_nl_mY,0.9020259670003945,0.053580862885826745,1.0,1.0,-1.8285265992892712,85,159,400,20,2,100,0.0,0,0.3,0.0,0.0,1.0,0.7,1.0,1.0,0.25,2.0,0.0
ind_nl_mY,1.0425723108681642,0.048749463070985155,1.0,1.0,0.8732877899839365,86,160,400,20,2,100,0.0,0,0.3,0.0,0.0,1.0,0.7,1.0,1.0,0.25,2.0,0.0
ind_nl_mY,0.9726102314802682,0.04989365720560083,1.0,1.0,-0.5489629354461754,87,161,400,20,2,100,0.0,0,0.3,0.0,0.0,1.0,0.7,1.0,1.0,0.25,2.0,0.0
ind_nl_mY,0.9857642699582003,0.05121648331899227,1.0,1.0,-0.27795211852276347,88,162,400,20,2,100,0.0,0,0.3,0.0,0.0,1.0,0.7,1.0,1.0,0.25,2.0,0.0
ind_nl_mY,0.9248878490703665,0.049980546329939264,1.0,1.0,-1.502827728888589,89,163,400,20,2,100,0.0,0,0.3,0.0,0.0,1.0,0.7,1.0,1.0,0.25,2.0,0.0
ind_nl_mY,0.9481806706831464,0.05284231685631692,1.0,1.0,-0.9806407515733102,90,164,400,20,2,100,0.0,0,0.3,0.0,0.0,1.0,0.7,1.0,1.0,0.25,2.0,0.0
ind_nl_mY,1.0011421963776104,0.052708625365809426,1.0,1.0,0.021670008839791935,91,165,400,20,2,100,0.0,0,0.3,0.0,0.0,1.0,0.7,1.0,1.0,0.25,2.0,0.0
ind_nl_mY,0.9713232242690668,0.047569902484107994,1.0,1.0,-0.6028344443319689,92,166,400,20,2,100,0.0,0,0.3,0.0,0.0,1.0,0.7,1.0,1.0,0.25,2.0,0.0
ind_nl_mY,0.9807306978033604,0.05377752867844799,1.0,1.0,-0.3583151303187718,93,167,400,20,2,100,0.0,0,0.3,0.0,0.0,1.0,0.7,1.0,1.0,0.25,2.0,0.0
ind_nl_mY,0.9886770413673119,0.0532710824850287,1.0,1.0,-0.21255356761091285,94,168,400,20,2,100,0.0,0,0.3,0.0,0.0,1.0,0.7,1.0,1.0,0.25,2.0,0.0
ind_nl_mY,1.0102176390397588,0.04889956930290412,1.0,1.0,0.20895151399936743,95,169,400,20,2,100,0.0,0,0.3,0.0,0.0,1.0,0.7,1.0,1.0,0.25,2.0,0.0
ind_nl_mY,0.9655914544103247,0.046606817875574524,1.0,1.0,-0.7382727926531106,96,170,400,20,2,100,0.0,0,0.3,0.0,0.0,1.0,0.7,1.0,1.0,0.25,2.0,0.0
ind_nl_mY,0.9230462307464322,0.045591435261052866,1.0,1.0,-1.6878996858277597,97,171,400,20,2,100,0.0,0,0.3,0.0,0.0,1.0,0.7,1.0,1.0,0.25,2.0,0.0
ind_nl_mY,0.9245516222781703,0.04562270049804402,1.0,1.0,-1.6537464222457494,98,172,400,20,2,100,0.0,0,0.3,0.0,0.0,1.0,0.7,1.0,1.0,0.25,2.0,0.0
ind_nl_mY,1.0829501364978815,0.050364974620673304,1.0,1.0,1.646980607508,99,173,400,20,2,100,0.0,0,0.3,0.0,0.0,1.0,0.7,1.0,1.0,0.25,2.0,0.0
ind_nl_both,1.0642470202834973,0.05262194757476908,1.0,1.0,1.220916808375639,0,75,400,20,2,100,0.0,0,0.3,0.0,0.0,1.0,0.7,1.0,0.0,2.0,2.0,0.0
ind_nl_both,0.9997207685265136,0.04905674632893096,1.0,1.0,-0.0056920096496846624,1,76,400,20,2,100,0.0,0,0.3,0.0,0.0,1.0,0.7,1.0,0.0,2.0,2.0,0.0
ind_nl_both,1.0505092912930185,0.04882703346442209,1.0,1.0,1.0344534105235412,2,77,400,20,2,100,0.0,0,0.3,0.0,0.0,1.0,0.7,1.0,0.0,2.0,2.0,0.0
ind_nl_both,0.9205348102279819,0.04872123677627663,1.0,1.0,-1.6310174993486894,3,78,400,20,2,100,0.0,0,0.3,0.0,0.0,1.0,0.7,1.0,0.0,2.0,2.0,0.0
ind_nl_both,0.9109841731729357,0.05159522065968636,1.0,1.0,-1.7252727227236446,4,79,400,20,2,100,0.0,0,0.3,0.0,0.0,1.0,0.7,1.0,0.0,2.0,2.0,0.0
ind_nl_both,0.9233922296633961,0.04714266491218746,1.0,1.0,-1.6250199363846116,5,80,400,20,2,100,0.0,0,0.3,0.0,0.0,1.0,0.7,1.0,0.0,2.0,2.0,0.0
ind_nl_both,0.98387041785816,0.05152955944809011,1.0,1.0,-0.3130161079309954,6,81,400,20,2,100,0.0,0,0.3,0.0,0.0,1.0,0.7,1.0,0.0,2.0,2.0,0.0
ind_nl_both,0.9839546096133946,0.05069622801623975,1.0,1.0,-0.3165006749903654,7,82,400,20,2,100,0.0,0,0.3,0.0,0.0,1.0,0.7,1.0,0.0,2.0,2.0,0.0
ind_nl_both,0.9062845800219163,0.04992488485367469,1.0,1.0,-1.8771284150730672,8,83,400,20,2,100,0.0,0,0.3,0.0,0.0,1.0,0.7,1.0,0.0,2.0,2.0,0.0
ind_nl_both,1.0307042014255816,0.054197661200763914,1.0,1.0,0.566522627458855,9,84,400,20,2,100,0.0,0,0.3,0.0,0.0,1.0,0.7,1.0,0.0,2.0,2.0,0.0
ind_nl_both,1.0291233768312134,0.0545882841378196,1.0,1.0,0.5335096585502719,10,85,400,20,2,100,0.0,0,0.3,0.0,0.0,1.0,0.7,1.0,0.0,2.0,2.0,0.0
ind_nl_both,0.9197469114481767,0.04993131179065769,1.0,1.0,-1.6072697806997922,11,86,400,20,2,100,0.0,0,0.3,0.0,0.0,1.0,0.7,1.0,0.0,2.0,2.0,0.0
ind_nl_both,0.9292715951297653,0.04505915991741283,1.0,1.0,-1.5696787290280159,12,87,400,20,2,100,0.0,0,0.3,0.0,0.0,1.0,0.7,1.0,0.0,2.0,2.0,0.0
ind_nl_both,1.0793738259011039,0.053428024179172195,1.0,1.0,1.4856215838138014,13,88,400,20,2,100,0.0,0,0.3,0.0,0.0,1.0,0.7,1.0,0.0,2.0,2.0,0.0
ind_nl_both,1.0134241056996176,0.05403119924927804,1.0,1.0,0.24845100397798367,14,89,400,20,2,100,0.0,0,0.3,0.0,0.0,1.0,0.7,1.0,0.0,2.0,2.0,0.0
ind_nl_both,0.9837125453201808,0.051505405813506086,1.0,1.0,-0.3162280623279387,15,90,400,20,2,100,0.0,0,0.3,0.0,0.0,1.0,0.7,1.0,0.0,2.0,2.0,0.0
ind_nl_both,0.9476819588032941,0.04984086051702009,1.0,1.0,-1.049701803981492,16,91,400,20,2,100,0.0,0,0.3,0.0,0.0,1.0,0.7,1.0,0.0,2.0,2.0,0.0
ind_nl_both,1.074099021202118,0.048866915808484734,1.0,1.0,1.5163433168674052,17,92,400,20,2,100,0.0,0,0.3,0.0,0.0,1.0,0.7,1.0,0.0,2.0,2.0,0.0
ind_nl_both,0.9779335954511983,0.05423833345700905,1.0,1.0,-0.4068414927662225,18,93,400,20,2,100,0.0,0,0.3,0.0,0.0,1.0,0.7,1.0,0.0,2.0,2.0,0.0
ind_nl_both,1.0298242214196769,0.05697958562309319,1.0,1.0,0.5234194158054647,19,94,400,20,2,100,0.0,0,0.3,0.0,0.0,1.0,0.7,1.0,0.0,2.0,2.0,0.0
ind_nl_both,1.0182280044607561,0.0534504589225886,1.0,1.0,0.34102615446493045,20,95,400,20,2,100,0.0,0,0.3,0.0,0.0,1.0,0.7,1.0,0.0,2.0,2.0,0.0
ind_nl_both,0.956428574401376,0.045341200943401536,1.0,1.0,-0.9609676120624446,21,96,400,20,2,100,0.0,0,0.3,0.0,0.0,1.0,0.7,1.0,0.0,2.0,2.0,0.0
ind_nl_both,1.0456091531845624,0.051404230828543146,1.0,1.0,0.8872645782151662,22,97,400,20,2,100,0.0,0,0.3,0.0,0.0,1.0,0.7,1.0,0.0,2.0,2.0,0.0
ind_nl_both,1.047359282482448,0.04566033710628957,1.0,1.0,1.0372083406262114,23,98,400,20,2,100,0.0,0,0.3,0.0,0.0,1.0,0.7,1.0,0.0,2.0,2.0,0.0
ind_nl_both,0.9247641432731979,0.059217885223166386,1.0,1.0,-1.270492123169731,24,99,400,20,2,100,0.0,0,0.3,0.0,0.0,1.0,0.7,1.0,0.0,2.0,2.0,0.0
ind_nl_both,1.032030700146036,0.051656711161803634,1.0,1.0,0.6200685143447615,25,100,400,20,2,100,0.0,0,0.3,0.0,0.0,1.0,0.7,1.0,0.0,2.0,2.0,0.0
ind_nl_both,1.0027617987461381,0.05006244748823279,1.0,1.0,0.05516707401865032,26,101,400,20,2,100,0.0,0,0.3,0.0,0.0,1.0,0.7,1.0,0.0,2.0,2.0,0.0
ind_nl_both,0.9176822270019084,0.04877970256992513,1.0,1.0,-1.6875415113507521,27,102,400,20,2,100,0.0,0,0.3,0.0,0.0,1.0,0.7,1.0,0.0,2.0,2.0,0.0
ind_nl_both,0.9923004561478241,0.04630752120081003,1.0,1.0,-0.16626983376603577,28,103,400,20,2,100,0.0,0,0.3,0.0,0.0,1.0,0.7,1.0,0.0,2.0,2.0,0.0
ind_nl_both,0.9044245430126738,0.047357275343279326,1.0,1.0,-2.018178966051722,29,104,400,20,2,100,0.0,0,0.3,0.0,0.0,1.0,0.7,1.0,0.0,2.0,2.0,0.0
ind_nl_both,1.0217569547346927,0.0475248641431079,1.0,1.0,0.45780151352306303,30,105,400,20,2,100,0.0,0,0.3,0.0,0.0,1.0,0.7,1.0,0.0,2.0,2.0,0.0
ind_nl_both,0.8864850138799779,0.052946124026744916,1.0,1.0,-2.1439715976693923,31,106,400,20,2,100,0.0,0,0.3,0.0,0.0,1.0,0.7,1.0,0.0,2.0,2.0,0.0
ind_nl_both,1.0235992570030032,0.05173660037822703,1.0,1.0,0.4561423988139512,32,107,400,20,2,100,0.0,0,0.3,0.0,0.0,1.0,0.7,1.0,0.0,2.0,2.0,0.0
ind_nl_both,0.9239911464564764,0.049733971737659324,1.0,1.0,-1.5283085361543434,33,108,400,20,2,100,0.0,0,0.3,0.0,0.0,1.0,0.7,1.0,0.0,2.0,2.0,0.0
ind_nl_both,0.9029888079627484,0.044970217673693656,1.0,1.0,-2.157231987204734,34,109,400,20,2,100,0.0,0,0.3,0.0,0.0,1.0,0.7,1.0,0.0,2.0,2.0,0.0
ind_nl_both,0.949974998804426,0.05200278910960025,1.0,1.0,-0.9619676569682072,35,110,400,20,2,100,0.0,0,0.3,0.0,0.0,1.0,0.7,1.0,0.0,2.0,2.0,0.0
ind_nl_both,1.008040673067297,0.05093646828986455,1.0,1.0,0.15785690169055175,36,111,400,20,2,100,0.0,0,0.3,0.0,0.0,1.0,0.7,1.0,0.0,2.0,2.0,0.0
ind_nl_both,0.9505470326231331,0.044378184039331185,1.0,1.0,-1.1143531094701409,37,112,400,20,2,100,0.0,0,0.3,0.0,0.0,1.0,0.7,1.0,0.0,2.0,2.0,0.0
ind_nl_both,0.9373727739797534,0.050863352570297136,1.0,1.0,-1.2312838783816087,38,113,400,20,2,100,0.0,0,0.3,0.0,0.0,1.0,0.7,1.0,0.0,2.0,2.0,0.0
ind_nl_both,0.981062949098203,0.05086891921436319,1.0,1.0,-0.3722715401519672,39,114,400,20,2,100,0.0,0,0.3,0.0,0.0,1.0,0.7,1.0,0.0,2.0,2.0,0.0
ind_nl_both,1.0045681250631129,0.04718874048331179,1.0,1.0,0.09680540349934516,40,115,400,20,2,100,0.0,0,0.3,0.0,0.0,1.0,0.7,1.0,0.0,2.0,2.0,0.0
ind_nl_both,0.9976743837815004,0.05045651444534089,1.0,1.0,-0.046091495698120453,41,116,400,20,2,100,0.0,0,0.3,0.0,0.0,1.0,0.7,1.0,0.0,2.0,2.0,0.0
ind_nl_both,0.8976053047006144,0.04970236734483986,1.0,1.0,-2.0601573077789483,42,117,400,20,2,100,0.0,0,0.3,0.0,0.0,1.0,0.7,1.0,0.0,2.0,2.0,0.0
ind_nl_both,0.9984530542502299,0.0565440611465087,1.0,1.0,-0.027358235655586916,43,118,400,20,2,100,0.0,0,0.3,0.0,0.0,1.0,0.7,1.0,0.0,2.0,2.0,0.0
ind_nl_both,1.0460871051545735,0.06105777311174556,1.0,1.0,0.754811431956856,44,119,400,20,2,100,0.0,0,0.3,0.0,0.0,1.0,0.7,1.0,0.0,2.0,2.0,0.0
ind_nl_both,0.9646516417789223,0.05325745635028968,1.0,1.0,-0.6637259952593562,45,120,400,20,2,100,0.0,0,0.3,0.0,0.0,1.0,0.7,1.0,0.0,2.0,2.0,0.0
ind_nl_both,0.9927400316016884,0.05020747384296273,1.0,1.0,-0.14459935628346976,46,121,400,20,2,100,0.0,0,0.3,0.0,0.0,1.0,0.7,1.0,0.0,2.0,2.0,0.0
ind_nl_both,1.0179441023081894,0.04522019387658815,1.0,1.0,0.39681612947439476,47,122,400,20,2,100,0.0,0,0.3,0.0,0.0,1.0,0.7,1.0,0.0,2.0,2.0,0.0
ind_nl_both,1.0947380663049446,0.04640810080236922,1.0,1.0,2.0414122678363964,48,123,400,20,2,100,0.0,0,0.3,0.0,0.0,1.0,0.7,1.0,0.0,2.0,2.0,0.0
ind_nl_both,1.0105699724479502,0.049802752054239896,1.0,1.0,0.21223671407633293,49,124,400,20,2,100,0.0,0,0.3,0.0,0.0,1.0,0.7,1.0,0.0,2.0,2.0,0.0
ind_nl_both,0.9390390286945631,0.04922023825028712,1.0,1.0,-1.238534665262033,50,125,400,20,2,100,0.0,0,0.3,0.0,0.0,1.0,0.7,1.0,0.0,2.0,2.0,0.0
ind_nl_both,0.9564636207571895,0.05523340251814534,1.0,1.0,-0.7882255529796103,51,126,400,20,2,100,0.0,0,0.3,0.0,0.0,1.0,0.7,1.0,0.0,2.0,2.0,0.0
ind_nl_both,0.8289683359468726,0.0519733767072604,1.0,1.0,-3.2907552845077164,52,127,400,20,2,100,0.0,0,0.3,0.0,0.0,1.0,0.7,1.0,0.0,2.0,2.0,0.0
ind_nl_both,0.9755231462163767,0.05305114393549787,1.0,1.0,-0.46138220531838925,53,128,400,20,2,100,0.0,0,0.3,0.0,0.0,1.0,0.7,1.0,0.0,2.0,2.0,0.0
ind_nl_both,0.9777664203734925,0.0512634089572525,1.0,1.0,-0.4337124681865702,54,129,400,20,2,100,0.0,0,0.3,0.0,0.0,1.0,0.7,1.0,0.0,2.0,2.0,0.0
ind_nl_both,0.8812427530419643,0.04767215788104205,1.0,1.0,-2.4911237971306996,55,130,400,20,2,100,0.0,0,0.3,0.0,0.0,1.0,0.7,1.0,0.0,2.0,2.0,0.0
ind_nl_both,1.0187990056491063,0.05332862412462443,1.0,1.0,0.35251248194918056,56,131,400,20,2,100,0.0,0,0.3,0.0,0.0,1.0,0.7,1.0,0.0,2.0,2.0,0.0
ind_nl_both,0.9417454564350992,0.04733382828422627,1.0,1.0,-1.230716924375918,57,132,400,20,2,100,0.0,0,0.3,0.0,0.0,1.0,0.7,1.0,0.0,2.0,2.0,0.0
ind_nl_both,0.9697917341826339,0.05237652040364853,1.0,1.0,-0.576752055779212,58,133,400,20,2,100,0.0,0,0.3,0.0,0.0,1.0,0.7,1.0,0.0,2.0,2.0,0.0
ind_nl_both,0.9377975818667657,0.05499276830797594,1.0,1.0,-1.1311017802355796,59,134,400,20,2,100,0.0,0,0.3,0.0,0.0,1.0,0.7,1.0,0.0,2.0,2.0,0.0
ind_nl_both,0.8171411582615924,0.05185532665085798,1.0,1.0,-3.5263270631693553,60,135,400,20,2,100,0.0,0,0.3,0.0,0.0,1.0,0.7,1.0,0.0,2.0,2.0,0.0
ind_nl_both,0.9974943243054263,0.049959076153388744,1.0,1.0,-0.050154564245354964,61,136,400,20,2,100,0.0,0,0.3,0.0,0.0,1.0,0.7,1.0,0.0,2.0,2.0,0.0
ind_nl_both,0.8857751569431892,0.051847371418165714,1.0,1.0,-2.2030980536226363,62,137,400,20,2,100,0.0,0,0.3,0.0,0.0,1.0,0.7,1.0,0.0,2.0,2.0,0.0
ind_nl_both,0.942368892492902,0.054001847738823425,1.0,1.0,-1.0672062146063457,63,138,400,20,2,100,0.0,0,0.3,0.0,0.0,1.0,0.7,1.0,0.0,2.0,2.0,0.0
ind_nl_both,0.9545310013627315,0.048540975024242504,1.0,1.0,-0.9367137478091491,64,139,400,20,2,100,0.0,0,0.3,0.0,0.0,1.0,0.7,1.0,0.0,2.0,2.0,0.0
ind_nl_both,1.001057600680176,0.047666443514470226,1.0,1.0,0.022187530728086498,65,140,400,20,2,100,0.0,0,0.3,0.0,0.0,1.0,0.7,1.0,0.0,2.0,2.0,0.0
ind_nl_both,0.988790882363046,0.04976728286315987,1.0,1.0,-0.22523065339481305,66,141,400,20,2,100,0.0,0,0.3,0.0,0.0,1.0,0.7,1.0,0.0,2.0,2.0,0.0
ind_nl_both,0.9575924024328544,0.04683233607318407,1.0,1.0,-0.905519585887751,67,142,400,20,2,100,0.0,0,0.3,0.0,0.0,1.0,0.7,1.0,0.0,2.0,2.0,0.0
ind_nl_both,1.1408043541782111,0.05336387151002405,1.0,1.0,2.638570819430932,68,143,400,20,2,100,0.0,0,0.3,0.0,0.0,1.0,0.7,1.0,0.0,2.0,2.0,0.0
ind_nl_both,1.0115728750803266,0.04664001379042136,1.0,1.0,0.24813189662270912,69,144,400,20,2,100,0.0,0,0.3,0.0,0.0,1.0,0.7,1.0,0.0,2.0,2.0,0.0
ind_nl_both,0.8818076637364654,0.05431486848322369,1.0,1.0,-2.1760585925019935,70,145,400,20,2,100,0.0,0,0.3,0.0,0.0,1.0,0.7,1.0,0.0,2.0,2.0,0.0
ind_nl_both,0.9078340078994246,0.05138373832806017,1.0,1.0,-1.7936801622361611,71,146,400,20,2,100,0.0,0,0.3,0.0,0.0,1.0,0.7,1.0,0.0,2.0,2.0,0.0
ind_nl_both,1.0006056159301904,0.05081871047344921,1.0,1.0,0.01191718413450856,72,147,400,20,2,100,0.0,0,0.3,0.0,0.0,1.0,0.7,1.0,0.0,2.0,2.0,0.0
ind_nl_both,1.0483941587942431,0.05516432632379492,1.0,1.0,0.8772727235022627,73,148,400,20,2,100,0.0,0,0.3,0.0,0.0,1.0,0.7,1.0,0.0,2.0,2.0,0.0
ind_nl_both,0.918578699049361,0.05229842095347485,1.0,1.0,-1.5568596425324612,74,149,400,20,2,100,0.0,0,0.3,0.0,0.0,1.0,0.7,1.0,0.0,2.0,2.0,0.0
ind_nl_both,0.9554659491135414,0.0528008647965826,1.0,1.0,-0.8434341190817184,75,150,400,20,2,100,0.0,0,0.3,0.0,0.0,1.0,0.7,1.0,0.0,2.0,2.0,0.0
ind_nl_both,0.9538958718583197,0.049124318766959704,1.0,1.0,-0.9385194400433958,76,151,400,20,2,100,0.0,0,0.3,0.0,0.0,1.0,0.7,1.0,0.0,2.0,2.0,0.0
ind_nl_both,1.0035787533940674,0.04548469338382173,1.0,1.0,0.07868038955145179,77,152,400,20,2,100,0.0,0,0.3,0.0,0.0,1.0,0.7,1.0,0.0,2.0,2.0,0.0
ind_nl_both,0.9178126683908506,0.05294796403731343,1.0,1.0,-1.5522283642715782,78,153,400,20,2,100,0.0,0,0.3,0.0,0.0,1.0,0.7,1.0,0.0,2.0,2.0,0.0
ind_nl_both,0.9779160007016803,0.0567914430325183,1.0,1.0,-0.38886138684087695,79,154,400,20,2,100,0.0,0,0.3,0.0,0.0,1.0,0.7,1.0,0.0,2.0,2.0,0.0
ind_nl_both,0.9284196577193073,0.04365113806330625,1.0,1.0,-1.6398276300810604,80,155,400,20,2,100,0.0,0,0.3,0.0,0.0,1.0,0.7,1.0,0.0,2.0,2.0,0.0
ind_nl_both,0.9090990508045602,0.04716331356741711,1.0,1.0,-1.9273656221270874,81,156,400,20,2,100,0.0,0,0.3,0.0,0.0,1.0,0.7,1.0,0.0,2.0,2.0,0.0
ind_nl_both,1.0240021051655726,0.05325896786307904,1.0,1.0,0.4506678617444939,82,157,400,20,2,100,0.0,0,0.3,0.0,0.0,1.0,0.7,1.0,0.0,2.0,2.0,0.0
ind_nl_both,1.0071845440981142,0.05520632735803766,1.0,1.0,0.13013986696704574,83,158,400,20,2,100,0.0,0,0.3,0.0,0.0,1.0,0.7,1.0,0.0,2.0,2.0,0.0
ind_nl_both,0.9159789724837402,0.05277686246881854,1.0,1.0,-1.5920049731243664,84,159,400,20,2,100,0.0,0,0.3,0.0,0.0,1.0,0.7,1.0,0.0,2.0,2.0,0.0
ind_nl_both,1.067765447536306,0.046595465602266226,1.0,1.0,1.4543356667952307,85,160,400,20,2,100,0.0,0,0.3,0.0,0.0,1.0,0.7,1.0,0.0,2.0,2.0,0.0
ind_nl_both,0.9887050154662813,0.056430342289053734,1.0,1.0,-0.2001580014500403,86,161,400,20,2,100,0.0,0,0.3,0.0,0.0,1.0,0.7,1.0,0.0,2.0,2.0,0.0
ind_nl_both,0.9687606915169202,0.050196390958632674,1.0,1.0,-0.6223417239064931,87,162,400,20,2,100,0.0,0,0.3,0.0,0.0,1.0,0.7,1.0,0.0,2.0,2.0,0.0
ind_nl_both,0.9418568031610097,0.05188718088752696,1.0,1.0,-1.1205695866388299,88,163,400,20,2,100,0.0,0,0.3,0.0,0.0,1.0,0.7,1.0,0.0,2.0,2.0,0.0
ind_nl_both,0.9694893982750897,0.053453716369909046,1.0,1.0,-0.570785415812281,89,164,400,20,2,100,0.0,0,0.3,0.0,0.0,1.0,0.7,1.0,0.0,2.0,2.0,0.0
ind_nl_both,1.0586096161063452,0.053807893182410624,1.0,1.0,1.0892382630120185,90,165,400,20,2,100,0.0,0,0.3,0.0,0.0,1.0,0.7,1.0,0.0,2.0,2.0,0.0
ind_nl_both,0.9797970206350337,0.047680932548633495,1.0,1.0,-0.4237119176383494,91,166,400,20,2,100,0.0,0,0.3,0.0,0.0,1.0,0.7,1.0,0.0,2.0,2.0,0.0
ind_nl_both,0.9651810489583599,0.055337171990334874,1.0,1.0,-0.6292145006564767,92,167,400,20,2,100,0.0,0,0.3,0.0,0.0,1.0,0.7,1.0,0.0,2.0,2.0,0.0
ind_nl_both,1.0131977962720944,0.0543740242559749,1.0,1.0,0.2427224479461651,93,168,400,20,2,100,0.0,0,0.3,0.0,0.0,1.0,0.7,1.0,0.0,2.0,2.0,0.0
ind_nl_both,1.0398906777988493,0.049820920438368686,1.0,1.0,0.8006812689901281,94,169,400,20,2,100,0.0,0,0.3,0.0,0.0,1.0,0.7,1.0,0.0,2.0,2.0,0.0
ind_nl_both,1.0111649839801558,0.04544658272504374,1.0,1.0,0.24567268451634733,95,170,400,20,2,100,0.0,0,0.3,0.0,0.0,1.0,0.7,1.0,0.0,2.0,2.0,0.0
ind_nl_both,0.9157335823191259,0.04629528814578506,1.0,1.0,-1.8201942585499615,96,171,400,20,2,100,0.0,0,0.3,0.0,0.0,1.0,0.7,1.0,0.0,2.0,2.0,0.0
ind_nl_both,0.9145266582158325,0.04701427739489819,1.0,1.0,-1.8180294693510015,97,172,400,20,2,100,0.0,0,0.3,0.0,0.0,1.0,0.7,1.0,0.0,2.0,2.0,0.0
ind_nl_both,1.111166522971285,0.05228762861582216,1.0,1.0,2.1260578441617493,98,173,400,20,2,100,0.0,0,0.3,0.0,0.0,1.0,0.7,1.0,0.0,2.0,2.0,0.0
ind_nl_both,1.0406117211557535,0.049216081247463746,1.0,1.0,0.8251717756957002,99,174,400,20,2,100,0.0,0,0.3,0.0,0.0,1.0,0.7,1.0,0.0,2.0,2.0,0.0
ind_skew_Dpos,0.9055710992381331,0.2312708841104104,1.0,1.0,-0.4083043186568435,0,76,400,20,2,100,0.0,0,0.3,0.0,0.0,1.0,0.7,0.2,0.0,4.0,1.0,0.25
ind_skew_Dpos,1.17482035783742,0.24335673888934542,1.0,1.0,0.7183707286483277,1,77,400,20,2,100,0.0,0,0.3,0.0,0.0,1.0,0.7,0.2,0.0,4.0,1.0,0.25
ind_skew_Dpos,0.78033853437923,0.24671522468521564,1.0,1.0,-0.890344184883752,2,78,400,20,2,100,0.0,0,0.3,0.0,0.0,1.0,0.7,0.2,0.0,4.0,1.0,0.25
ind_skew_Dpos,0.6739945609611333,0.2543560080444103,1.0,1.0,-1.2816895560884354,3,79,400,20,2,100,0.0,0,0.3,0.0,0.0,1.0,0.7,0.2,0.0,4.0,1.0,0.25
ind_skew_Dpos,0.6461144953195024,0.22586515794694378,1.0,1.0,-1.5667998902408227,4,80,400,20,2,100,0.0,0,0.3,0.0,0.0,1.0,0.7,0.2,0.0,4.0,1.0,0.25
ind_skew_Dpos,0.9819708169740969,0.23293829714802086,1.0,1.0,-0.07739896464704728,5,81,400,20,2,100,0.0,0,0.3,0.0,0.0,1.0,0.7,0.2,0.0,4.0,1.0,0.25
ind_skew_Dpos,1.0443293238313318,0.2512597259348181,1.0,1.0,0.17642829015435504,6,82,400,20,2,100,0.0,0,0.3,0.0,0.0,1.0,0.7,0.2,0.0,4.0,1.0,0.25
ind_skew_Dpos,0.6037878485060432,0.23740483481188251,1.0,1.0,-1.6689304234596225,7,83,400,20,2,100,0.0,0,0.3,0.0,0.0,1.0,0.7,0.2,0.0,4.0,1.0,0.25
ind_skew_Dpos,1.1413685982910315,0.2509831904349832,1.0,1.0,0.5632592288193614,8,84,400,20,2,100,0.0,0,0.3,0.0,0.0,1.0,0.7,0.2,0.0,4.0,1.0,0.25
ind_skew_Dpos,1.1017946468416187,0.2671951922502902,1.0,1.0,0.3809748445857678,9,85,400,20,2,100,0.0,0,0.3,0.0,0.0,1.0,0.7,0.2,0.0,4.0,1.0,0.25
ind_skew_Dpos,0.6504028583523721,0.2650008957403805,1.0,1.0,-1.3192300375849513,10,86,400,20,2,100,0.0,0,0.3,0.0,0.0,1.0,0.7,0.2,0.0,4.0,1.0,0.25
ind_skew_Dpos,0.8120168209495224,0.21876102635537997,1.0,1.0,-0.8593083611936277,11,87,400,20,2,100,0.0,0,0.3,0.0,0.0,1.0,0.7,0.2,0.0,4.0,1.0,0.25
ind_skew_Dpos,1.526652216358627,0.2402623249483822,1.0,1.0,2.191988346370046,12,88,400,20,2,100,0.0,0,0.3,0.0,0.0,1.0,0.7,0.2,0.0,4.0,1.0,0.25
ind_skew_Dpos,1.276102715424251,0.24451515180252636,1.0,1.0,1.1291844836152942,13,89,400,20,2,100,0.0,0,0.3,0.0,0.0,1.0,0.7,0.2,0.0,4.0,1.0,0.25
ind_skew_Dpos,0.988141116805738,0.23893909886387488,1.0,1.0,-0.049631405034376824,14,90,400,20,2,100,0.0,0,0.3,0.0,0.0,1.0,0.7,0.2,0.0,4.0,1.0,0.25
ind_skew_Dpos,0.6988380495407985,0.26624975208986246,1.0,1.0,-1.1311257497717997,15,91,400,20,2,100,0.0,0,0.3,0.0,0.0,1.0,0.7,0.2,0.0,4.0,1.0,0.25
ind_skew_Dpos,1.257980106875094,0.2297170848047236,1.0,1.0,1.1230340446571312,16,92,400,20,2,100,0.0,0,0.3,0.0,0.0,1.0,0.7,0.2,0.0,4.0,1.0,0.25
ind_skew_Dpos,1.14829116600963,0.24764304974370382,1.0,1.0,0.598810126765531,17,93,400,20,2,100,0.0,0,0.3,0.0,0.0,1.0,0.7,0.2,0.0,4.0,1.0,0.25
ind_skew_Dpos,1.1172725299108297,0.2911825670508977,1.0,1.0,0.4027457107015987,18,94,400,20,2,100,0.0,0,0.3,0.0,0.0,1.0,0.7,0.2,0.0,4.0,1.0,0.25
ind_skew_Dpos,1.1200815174471976,0.24769230518788465,1.0,1.0,0.4848011622973549,19,95,400,20,2,100,0.0,0,0.3,0.0,0.0,1.0,0.7,0.2,0.0,4.0,1.0,0.25
ind_skew_Dpos,0.8007990688921609,0.22090390358261164,1.0,1.0,-0.9017537846873934,20,96,400,20,2,100,0.0,0,0.3,0.0,0.0,1.0,0.7,0.2,0.0,4.0,1.0,0.25
ind_skew_Dpos,1.285967400118426,0.2574884565590846,1.0,1.0,1.1106027972667836,21,97,400,20,2,100,0.0,0,0.3,0.0,0.0,1.0,0.7,0.2,0.0,4.0,1.0,0.25
ind_skew_Dpos,0.9953098812939327,0.21799148927074619,1.0,1.0,-0.021515145943345235,22,98,400,20,2,100,0.0,0,0.3,0.0,0.0,1.0,0.7,0.2,0.0,4.0,1.0,0.25
ind_skew_Dpos,0.8893112854585042,0.2703460466793433,1.0,1.0,-0.4094334498361773,23,99,400,20,2,100,0.0,0,0.3,0.0,0.0,1.0,0.7,0.2,0.0,4.0,1.0,0.25
ind_skew_Dpos,1.0333955104178947,0.2594026059936652,1.0,1.0,0.12874007294556716,24,100,400,20,2,100,0.0,0,0.3,0.0,0.0,1.0,0.7,0.2,0.0,4.0,1.0,0.25
ind_skew_Dpos,1.159327969910448,0.22828784480781308,1.0,1.0,0.6979257701809755,25,101,400,20,2,100,0.0,0,0.3,0.0,0.0,1.0,0.7,0.2,0.0,4.0,1.0,0.25
ind_skew_Dpos,0.5567871906976942,0.2559376219027721,1.0,1.0,-1.7317219954113565,26,102,400,20,2,100,0.0,0,0.3,0.0,0.0,1.0,0.7,0.2,0.0,4.0,1.0,0.25
ind_skew_Dpos,0.7010889594413215,0.21715845836267572,1.0,1.0,-1.376465106689365,27,103,400,20,2,100,0.0,0,0.3,0.0,0.0,1.0,0.7,0.2,0.0,4.0,1.0,0.25
ind_skew_Dpos,0.9368649610286334,0.22839667455768267,1.0,1.0,-0.27642713753882425,28,104,400,20,2,100,0.0,0,0.3,0.0,0.0,1.0,0.7,0.2,0.0,4.0,1.0,0.25
ind_skew_Dpos,1.052934723217181,0.22557596545863126,1.0,1.0,0.2346647308349384,29,105,400,20,2,100,0.0,0,0.3,0.0,0.0,1.0,0.7,0.2,0.0,4.0,1.0,0.25
ind_skew_Dpos,0.6996478051977593,0.23935788334646063,1.0,1.0,-1.2548247444496883,30,106,400,20,2,100,0.0,0,0.3,0.0,0.0,1.0,0.7,0.2,0.0,4.0,1.0,0.25
ind_skew_Dpos,1.1981316370872601,0.2494639359154731,1.0,1.0,0.7942295801602115,31,107,400,20,2,100,0.0,0,0.3,0.0,0.0,1.0,0.7,0.2,0.0,4.0,1.0,0.25
ind_skew_Dpos,0.7867311132632868,0.2564778924048365,1.0,1.0,-0.8315293171548672,32,108,400,20,2,100,0.0,0,0.3,0.0,0.0,1.0,0.7,0.2,0.0,4.0,1.0,0.25
ind_skew_Dpos,0.6159213547799351,0.22595971688159328,1.0,1.0,-1.6997660048464682,33,109,400,20,2,100,0.0,0,0.3,0.0,0.0,1.0,0.7,0.2,0.0,4.0,1.0,0.25
ind_skew_Dpos,0.74626316434976,0.25110104052388516,1.0,1.0,-1.0104969502350751,34,110,400,20,2,100,0.0,0,0.3,0.0,0.0,1.0,0.7,0.2,0.0,4.0,1.0,0.25
ind_skew_Dpos,1.040290352078324,0.25240557006507985,1.0,1.0,0.1596254475205741,35,111,400,20,2,100,0.0,0,0.3,0.0,0.0,1.0,0.7,0.2,0.0,4.0,1.0,0.25
ind_skew_Dpos,0.8310903271432947,0.21287965947134557,1.0,1.0,-0.7934514423602844,36,112,400,20,2,100,0.0,0,0.3,0.0,0.0,1.0,0.7,0.2,0.0,4.0,1.0,0.25
ind_skew_Dpos,0.8674406572729296,0.23183542424399636,1.0,1.0,-0.5717820870530882,37,113,400,20,2,100,0.0,0,0.3,0.0,0.0,1.0,0.7,0.2,0.0,4.0,1.0,0.25
ind_skew_Dpos,1.062953399946014,0.23907390510579493,1.0,1.0,0.26332192096898144,38,114,400,20,2,100,0.0,0,0.3,0.0,0.0,1.0,0.7,0.2,0.0,4.0,1.0,0.25
ind_skew_Dpos,1.0598614855854522,0.23573377591735462,1.0,1.0,0.2539368206889408,39,115,400,20,2,100,0.0,0,0.3,0.0,0.0,1.0,0.7,0.2,0.0,4.0,1.0,0.25
ind_skew_Dpos,0.9506856570410231,0.22944794748907765,1.0,1.0,-0.2149260583877062,40,116,400,20,2,100,0.0,0,0.3,0.0,0.0,1.0,0.7,0.2,0.0,4.0,1.0,0.25
ind_skew_Dpos,0.6606097224922618,0.24020956918129527,1.0,1.0,-1.4128924116740225,41,117,400,20,2,100,0.0,0,0.3,0.0,0.0,1.0,0.7,0.2,0.0,4.0,1.0,0.25
ind_skew_Dpos,1.0510815179057065,0.2607773456888439,1.0,1.0,0.1958817311019657,42,118,400,20,2,100,0.0,0,0.3,0.0,0.0,1.0,0.7,0.2,0.0,4.0,1.0,0.25
ind_skew_Dpos,1.4537664287590144,0.2886598001283771,1.0,1.0,1.5719765223879758,43,119,400,20,2,100,0.0,0,0.3,0.0,0.0,1.0,0.7,0.2,0.0,4.0,1.0,0.25
ind_skew_Dpos,1.0192843544902424,0.23556253135990668,1.0,1.0,0.08186511827205044,44,120,400,20,2,100,0.0,0,0.3,0.0,0.0,1.0,0.7,0.2,0.0,4.0,1.0,0.25
ind_skew_Dpos,0.8066949070705965,0.24791600484164886,1.0,1.0,-0.7797201033990243,45,121,400,20,2,100,0.0,0,0.3,0.0,0.0,1.0,0.7,0.2,0.0,4.0,1.0,0.25
ind_skew_Dpos,1.2187087610753908,0.2264495562694706,1.0,1.0,0.9658166908268596,46,122,400,20,2,100,0.0,0,0.3,0.0,0.0,1.0,0.7,0.2,0.0,4.0,1.0,0.25
ind_skew_Dpos,1.3474775386051137,0.23065173288774174,1.0,1.0,1.5065030479273749,47,123,400,20,2,100,0.0,0,0.3,0.0,0.0,1.0,0.7,0.2,0.0,4.0,1.0,0.25
ind_skew_Dpos,1.1073609805982694,0.22736107451304186,1.0,1.0,0.47220475548953716,48,124,400,20,2,100,0.0,0,0.3,0.0,0.0,1.0,0.7,0.2,0.0,4.0,1.0,0.25
ind_skew_Dpos,0.6410539605784564,0.23206020002874747,1.0,1.0,-1.546779841511287,49,125,400,20,2,100,0.0,0,0.3,0.0,0.0,1.0,0.7,0.2,0.0,4.0,1.0,0.25
ind_skew_Dpos,0.9696817449756029,0.24099930467584063,1.0,1.0,-0.12580225102797327,50,126,400,20,2,100,0.0,0,0.3,0.0,0.0,1.0,0.7,0.2,0.0,4.0,1.0,0.25
ind_skew_Dpos,0.09437862152288136,0.23940298377386335,1.0,1.0,-3.782832461823265,51,127,400,20,2,100,0.0,0,0.3,0.0,0.0,1.0,0.7,0.2,0.0,4.0,1.0,0.25
ind_skew_Dpos,0.8031190599276276,0.25310178656589366,1.0,1.0,-0.7778725813976646,52,128,400,20,2,100,0.0,0,0.3,0.0,0.0,1.0,0.7,0.2,0.0,4.0,1.0,0.25
ind_skew_Dpos,0.8881348357826044,0.2368424624433595,1.0,1.0,-0.4723188699498847,53,129,400,20,2,100,0.0,0,0.3,0.0,0.0,1.0,0.7,0.2,0.0,4.0,1.0,0.25
ind_skew_Dpos,0.34983355176444514,0.22659835080956456,1.0,1.0,-2.8692461613807643,54,130,400,20,2,100,0.0,0,0.3,0.0,0.0,1.0,0.7,0.2,0.0,4.0,1.0,0.25
ind_skew_Dpos,1.2060128096896878,0.24618977762833957,1.0,1.0,0.8368048896030732,55,131,400,20,2,100,0.0,0,0.3,0.0,0.0,1.0,0.7,0.2,0.0,4.0,1.0,0.25
ind_skew_Dpos,0.7292094180493512,0.2300069962015503,1.0,1.0,-1.1773145444382946,56,132,400,20,2,100,0.0,0,0.3,0.0,0.0,1.0,0.7,0.2,0.0,4.0,1.0,0.25
ind_skew_Dpos,0.7864389990053787,0.2648319612052731,1.0,1.0,-0.8064019162290184,57,133,400,20,2,100,0.0,0,0.3,0.0,0.0,1.0,0.7,0.2,0.0,4.0,1.0,0.25
ind_skew_Dpos,0.743240494322817,0.26000803388352073,1.0,1.0,-0.9875060468024114,58,134,400,20,2,100,0.0,0,0.3,0.0,0.0,1.0,0.7,0.2,0.0,4.0,1.0,0.25
ind_skew_Dpos,0.5090498274900145,0.23402924373570627,1.0,1.0,-2.0978154895224335,59,135,400,20,2,100,0.0,0,0.3,0.0,0.0,1.0,0.7,0.2,0.0,4.0,1.0,0.25
ind_skew_Dpos,0.9248991257509066,0.23527825965451393,1.0,1.0,-0.31920022852673524,60,136,400,20,2,100,0.0,0,0.3,0.0,0.0,1.0,0.7,0.2,0.0,4.0,1.0,0.25
ind_skew_Dpos,0.4558902111088916,0.26610181685567297,1.0,1.0,-2.0447428556499485,61,137,400,20,2,100,0.0,0,0.3,0.0,0.0,1.0,0.7,0.2,0.0,4.0,1.0,0.25
ind_skew_Dpos,0.7739430453707355,0.25283759937683936,1.0,1.0,-0.8940796589843429,62,138,400,20,2,100,0.0,0,0.3,0.0,0.0,1.0,0.7,0.2,0.0,4.0,1.0,0.25
ind_skew_Dpos,1.0040893421187187,0.2358784562708831,1.0,1.0,0.017336649490458305,63,139,400,20,2,100,0.0,0,0.3,0.0,0.0,1.0,0.7,0.2,0.0,4.0,1.0,0.25
ind_skew_Dpos,1.021126239007474,0.2132806806409781,1.0,1.0,0.09905369273945847,64,140,400,20,2,100,0.0,0,0.3,0.0,0.0,1.0,0.7,0.2,0.0,4.0,1.0,0.25
ind_skew_Dpos,1.041712426724898,0.2412734160674191,1.0,1.0,0.1728844702610848,65,141,400,20,2,100,0.0,0,0.3,0.0,0.0,1.0,0.7,0.2,0.0,4.0,1.0,0.25
ind_skew_Dpos,0.8957848929222273,0.21852651034962925,1.0,1.0,-0.4768991501810687,66,142,400,20,2,100,0.0,0,0.3,0.0,0.0,1.0,0.7,0.2,0.0,4.0,1.0,0.25
ind_skew_Dpos,1.503801407989687,0.2702069728725155,1.0,1.0,1.8645018765943624,67,143,400,20,2,100,0.0,0,0.3,0.0,0.0,1.0,0.7,0.2,0.0,4.0,1.0,0.25
ind_skew_Dpos,1.0521563902195241,0.22703780101553997,1.0,1.0,0.22972557867557125,68,144,400,20,2,100,0.0,0,0.3,0.0,0.0,1.0,0.7,0.2,0.0,4.0,1.0,0.25
ind_skew_Dpos,0.3134362123107376,0.2524332464178262,1.0,1.0,-2.719783536566596,69,145,400,20,2,100,0.0,0,0.3,0.0,0.0,1.0,0.7,0.2,0.0,4.0,1.0,0.25
ind_skew_Dpos,0.5809102015703609,0.22404540250060387,1.0,1.0,-1.8705574573372892,70,146,400,20,2,100,0.0,0,0.3,0.0,0.0,1.0,0.7,0.2,0.0,4.0,1.0,0.25
ind_skew_Dpos,1.0763145463051194,0.24308637389497265,1.0,1.0,0.31394004148538435,71,147,400,20,2,100,0.0,0,0.3,0.0,0.0,1.0,0.7,0.2,0.0,4.0,1.0,0.25
ind_skew_Dpos,1.1947699945763814,0.24668905038207975,1.0,1.0,0.7895364398002893,72,148,400,20,2,100,0.0,0,0.3,0.0,0.0,1.0,0.7,0.2,0.0,4.0,1.0,0.25
ind_skew_Dpos,0.6590015911630277,0.241270656959268,1.0,1.0,-1.4133438899473822,73,149,400,20,2,100,0.0,0,0.3,0.0,0.0,1.0,0.7,0.2,0.0,4.0,1.0,0.25
ind_skew_Dpos,0.901105450775784,0.2549512307264591,1.0,1.0,-0.38789594755995294,74,150,400,20,2,100,0.0,0,0.3,0.0,0.0,1.0,0.7,0.2,0.0,4.0,1.0,0.25
ind_skew_Dpos,0.9319822438168341,0.23574613019389712,1.0,1.0,-0.2885211991697273,75,151,400,20,2,100,0.0,0,0.3,0.0,0.0,1.0,0.7,0.2,0.0,4.0,1.0,0.25
ind_skew_Dpos,1.1846437461763282,0.22947428296889394,1.0,1.0,0.8046380787748547,76,152,400,20,2,100,0.0,0,0.3,0.0,0.0,1.0,0.7,0.2,0.0,4.0,1.0,0.25
ind_skew_Dpos,0.7083555594657628,0.2373809429365768,1.0,1.0,-1.2285924764068297,77,153,400,20,2,100,0.0,0,0.3,0.0,0.0,1.0,0.7,0.2,0.0,4.0,1.0,0.25
ind_skew_Dpos,0.9443033400590666,0.254365258899327,1.0,1.0,-0.21896331355130977,78,154,400,20,2,100,0.0,0,0.3,0.0,0.0,1.0,0.7,0.2,0.0,4.0,1.0,0.25
ind_skew_Dpos,0.6314895857540551,0.20977481785192637,1.0,1.0,-1.7566951935387456,79,155,400,20,2,100,0.0,0,0.3,0.0,0.0,1.0,0.7,0.2,0.0,4.0,1.0,0.25
ind_skew_Dpos,0.5897926827936543,0.20781507467405438,1.0,1.0,-1.973905491936673,80,156,400,20,2,100,0.0,0,0.3,0.0,0.0,1.0,0.7,0.2,0.0,4.0,1.0,0.25
ind_skew_Dpos,1.365303615412941,0.24939758812730056,1.0,1.0,1.4647439783037446,81,157,400,20,2,100,0.0,0,0.3,0.0,0.0,1.0,0.7,0.2,0.0,4.0,1.0,0.25
ind_skew_Dpos,1.015921055608874,0.27010672046943346,1.0,1.0,0.058943574529370976,82,158,400,20,2,100,0.0,0,0.3,0.0,0.0,1.0,0.7,0.2,0.0,4.0,1.0,0.25
ind_skew_Dpos,0.8077577916895546,0.24578917110268714,1.0,1.0,-0.7821427097377263,83,159,400,20,2,100,0.0,0,0.3,0.0,0.0,1.0,0.7,0.2,0.0,4.0,1.0,0.25
ind_skew_Dpos,1.4593850890214126,0.22955449098551228,1.0,1.0,2.0012027952457068,84,160,400,20,2,100,0.0,0,0.3,0.0,0.0,1.0,0.7,0.2,0.0,4.0,1.0,0.25
ind_skew_Dpos,0.8282153294093196,0.24960387196328185,1.0,1.0,-0.688229189873909,85,161,400,20,2,100,0.0,0,0.3,0.0,0.0,1.0,0.7,0.2,0.0,4.0,1.0,0.25
ind_skew_Dpos,0.9494353767997031,0.2461929413341621,1.0,1.0,-0.20538616146457503,86,162,400,20,2,100,0.0,0,0.3,0.0,0.0,1.0,0.7,0.2,0.0,4.0,1.0,0.25
ind_skew_Dpos,0.8269405712162914,0.23908858872836491,1.0,1.0,-0.7238297306624122,87,163,400,20,2,100,0.0,0,0.3,0.0,0.0,1.0,0.7,0.2,0.0,4.0,1.0,0.25
ind_skew_Dpos,0.9676391983286842,0.26553934407470337,1.0,1.0,-0.12186819917056008,88,164,400,20,2,100,0.0,0,0.3,0.0,0.0,1.0,0.7,0.2,0.0,4.0,1.0,0.25
ind_skew_Dpos,1.405987949129035,0.2589594860371587,1.0,1.0,1.5677662762690951,89,165,400,20,2,100,0.0,0,0.3,0.0,0.0,1.0,0.7,0.2,0.0,4.0,1.0,0.25
ind_skew_Dpos,1.1189005112563226,0.22832759526515842,1.0,1.0,0.5207452525317522,90,166,400,20,2,100,0.0,0,0.3,0.0,0.0,1.0,0.7,0.2,0.0,4.0,1.0,0.25
ind_skew_Dpos,0.8542852806509594,0.26025392717721463,1.0,1.0,-0.5598944113139899,91,167,400,20,2,100,0.0,0,0.3,0.0,0.0,1.0,0.7,0.2,0.0,4.0,1.0,0.25
ind_skew_Dpos,1.3220189814954777,0.26785475884728505,1.0,1.0,1.2022148976605411,92,168,400,20,2,100,0.0,0,0.3,0.0,0.0,1.0,0.7,0.2,0.0,4.0,1.0,0.25
ind_skew_Dpos,1.2383696469528886,0.23207359250265816,1.0,1.0,1.0271295599914427,93,169,400,20,2,100,0.0,0,0.3,0.0,0.0,1.0,0.7,0.2,0.0,4.0,1.0,0.25
ind_skew_Dpos,1.3851431460049137,0.2193560068943663,1.0,1.0,1.755790285653697,94,170,400,20,2,100,0.0,0,0.3,0.0,0.0,1.0,0.7,0.2,0.0,4.0,1.0,0.25
ind_skew_Dpos,0.7264045870705462,0.22037956074354878,1.0,1.0,-1.2414736285268815,95,171,400,20,2,100,0.0,0,0.3,0.0,0.0,1.0,0.7,0.2,0.0,4.0,1.0,0.25
ind_skew_Dpos,0.798439614900233,0.197879326698646,1.0,1.0,-1.018602541571849,96,172,400,20,2,100,0.0,0,0.3,0.0,0.0,1.0,0.7,0.2,0.0,4.0,1.0,0.25
ind_skew_Dpos,1.4626706315926266,0.24817770110911713,1.0,1.0,1.8642715664015381,97,173,400,20,2,100,0.0,0,0.3,0.0,0.0,1.0,0.7,0.2,0.0,4.0,1.0,0.25
ind_skew_Dpos,1.1975632839922437,0.23569022733754774,1.0,1.0,0.8382328203591575,98,174,400,20,2,100,0.0,0,0.3,0.0,0.0,1.0,0.7,0.2,0.0,4.0,1.0,0.25
ind_skew_Dpos,0.7482890237582821,0.2401336133679408,1.0,1.0,-1.0482121711800416,99,175,400,20,2,100,0.0,0,0.3,0.0,0.0,1.0,0.7,0.2,0.0,4.0,1.0,0.25
ind_skew_Dneg,1.2772862117847,0.22904113258149952,1.0,1.0,1.2106393670841344,0,77,400,20,2,100,0.0,0,0.3,0.0,0.0,1.0,0.7,0.2,0.0,-4.0,1.0,0.25
ind_skew_Dneg,0.769034335068488,0.24572268235268296,1.0,1.0,-0.9399444232014759,1,78,400,20,2,100,0.0,0,0.3,0.0,0.0,1.0,0.7,0.2,0.0,-4.0,1.0,0.25
ind_skew_Dneg,0.5708621809621609,0.25805459133228587,1.0,1.0,-1.6629730043642459,2,79,400,20,2,100,0.0,0,0.3,0.0,0.0,1.0,0.7,0.2,0.0,-4.0,1.0,0.25
ind_skew_Dneg,0.7220591345873656,0.2138848208801654,1.0,1.0,-1.2994885016564972,3,80,400,20,2,100,0.0,0,0.3,0.0,0.0,1.0,0.7,0.2,0.0,-4.0,1.0,0.25
ind_skew_Dneg,1.0703663716873264,0.23509821729482355,1.0,1.0,0.29930627504114105,4,81,400,20,2,100,0.0,0,0.3,0.0,0.0,1.0,0.7,0.2,0.0,-4.0,1.0,0.25
ind_skew_Dneg,1.1721539407458879,0.24407025422301337,1.0,1.0,0.7053458492675896,5,82,400,20,2,100,0.0,0,0.3,0.0,0.0,1.0,0.7,0.2,0.0,-4.0,1.0,0.25
ind_skew_Dneg,0.5117410730452033,0.22310423185695336,1.0,1.0,-2.1884790032483616,6,83,400,20,2,100,0.0,0,0.3,0.0,0.0,1.0,0.7,0.2,0.0,-4.0,1.0,0.25
ind_skew_Dneg,1.1314727267787887,0.2527783643785194,1.0,1.0,0.5201106791794757,7,84,400,20,2,100,0.0,0,0.3,0.0,0.0,1.0,0.7,0.2,0.0,-4.0,1.0,0.25
ind_skew_Dneg,1.1619063829387888,0.2653658033169937,1.0,1.0,0.6101252720396038,8,85,400,20,2,100,0.0,0,0.3,0.0,0.0,1.0,0.7,0.2,0.0,-4.0,1.0,0.25
ind_skew_Dneg,0.7693175466479444,0.259388025931502,1.0,1.0,-0.8893334706705898,9,86,400,20,2,100,0.0,0,0.3,0.0,0.0,1.0,0.7,0.2,0.0,-4.0,1.0,0.25
ind_skew_Dneg,0.8105690080774641,0.2196642063263592,1.0,1.0,-0.8623662229298056,10,87,400,20,2,100,0.0,0,0.3,0.0,0.0,1.0,0.7,0.2,0.0,-4.0,1.0,0.25
ind_skew_Dneg,1.3292068313669414,0.24667673384580963,1.0,1.0,1.3345678217578432,11,88,400,20,2,100,0.0,0,0.3,0.0,0.0,1.0,0.7,0.2,0.0,-4.0,1.0,0.25
ind_skew_Dneg,1.0632226196024197,0.24409305389926997,1.0,1.0,0.2590103183702631,12,89,400,20,2,100,0.0,0,0.3,0.0,0.0,1.0,0.7,0.2,0.0,-4.0,1.0,0.25
ind_skew_Dneg,0.89128868348774,0.24629269791876995,1.0,1.0,-0.44139074130453576,13,90,400,20,2,100,0.0,0,0.3,0.0,0.0,1.0,0.7,0.2,0.0,-4.0,1.0,0.25
ind_skew_Dneg,0.783921886438144,0.24483276382751495,1.0,1.0,-0.882553912245517,14,91,400,20,2,100,0.0,0,0.3,0.0,0.0,1.0,0.7,0.2,0.0,-4.0,1.0,0.25
ind_skew_Dneg,1.164086672030789,0.23905944187059303,1.0,1.0,0.6863844019162895,15,92,400,20,2,100,0.0,0,0.3,0.0,0.0,1.0,0.7,0.2,0.0,-4.0,1.0,0.25
ind_skew_Dneg,0.965913506658663,0.24170630395482687,1.0,1.0,-0.1410244283397237,16,93,400,20,2,100,0.0,0,0.3,0.0,0.0,1.0,0.7,0.2,0.0,-4.0,1.0,0.25
ind_skew_Dneg,1.1323087461473926,0.27226341392274983,1.0,1.0,0.4859585951747928,17,94,400,20,2,100,0.0,0,0.3,0.0,0.0,1.0,0.7,0.2,0.0,-4.0,1.0,0.25
ind_skew_Dneg,1.112831070142757,0.239319583303291,1.0,1.0,0.471466098116031,18,95,400,20,2,100,0.0,0,0.3,0.0,0.0,1.0,0.7,0.2,0.0,-4.0,1.0,0.25
ind_skew_Dneg,0.6230019422078586,0.21392203073883598,1.0,1.0,-1.7623152533195363,19,96,400,20,2,100,0.0,0,0.3,0.0,0.0,1.0,0.7,0.2,0.0,-4.0,1.0,0.25
ind_skew_Dneg,1.4656833024836151,0.24539883524898434,1.0,1.0,1.8976589762992466,20,97,400,20,2,100,0.0,0,0.3,0.0,0.0,1.0,0.7,0.2,0.0,-4.0,1.0,0.25
ind_skew_Dneg,1.0342326571354963,0.2201982148107786,1.0,1.0,0.1554629185568702,21,98,400,20,2,100,0.0,0,0.3,0.0,0.0,1.0,0.7,0.2,0.0,-4.0,1.0,0.25
ind_skew_Dneg,0.7101202340665862,0.27478762483074964,1.0,1.0,-1.0549229286142703,22,99,400,20,2,100,0.0,0,0.3,0.0,0.0,1.0,0.7,0.2,0.0,-4.0,1.0,0.25
ind_skew_Dneg,1.0314978891451576,0.24422517870142788,1.0,1.0,0.12897068726752642,23,100,400,20,2,100,0.0,0,0.3,0.0,0.0,1.0,0.7,0.2,0.0,-4.0,1.0,0.25
ind_skew_Dneg,0.9451833949497034,0.2240392581669702,1.0,1.0,-0.2446741053277517,24,101,400,20,2,100,0.0,0,0.3,0.0,0.0,1.0,0.7,0.2,0.0,-4.0,1.0,0.25
ind_skew_Dneg,0.5355294681166932,0.24511591925409631,1.0,1.0,-1.894901535961927,25,102,400,20,2,100,0.0,0,0.3,0.0,0.0,1.0,0.7,0.2,0.0,-4.0,1.0,0.25
ind_skew_Dneg,0.7344144647531113,0.20599872845822836,1.0,1.0,-1.2892581290895835,26,103,400,20,2,100,0.0,0,0.3,0.0,0.0,1.0,0.7,0.2,0.0,-4.0,1.0,0.25
ind_skew_Dneg,0.681117118365713,0.23342729088463882,1.0,1.0,-1.3660908303643076,27,104,400,20,2,100,0.0,0,0.3,0.0,0.0,1.0,0.7,0.2,0.0,-4.0,1.0,0.25
ind_skew_Dneg,0.9732639990054078,0.23860229501874758,1.0,1.0,-0.11205257263972022,28,105,400,20,2,100,0.0,0,0.3,0.0,0.0,1.0,0.7,0.2,0.0,-4.0,1.0,0.25
ind_skew_Dneg,0.6328685236507529,0.23663152203262972,1.0,1.0,-1.5514901531108034,29,106,400,20,2,100,0.0,0,0.3,0.0,0.0,1.0,0.7,0.2,0.0,-4.0,1.0,0.25
ind_skew_Dneg,1.1371064080516662,0.2576476223354387,1.0,1.0,0.5321469952211066,30,107,400,20,2,100,0.0,0,0.3,0.0,0.0,1.0,0.7,0.2,0.0,-4.0,1.0,0.25
ind_skew_Dneg,0.78161725998978,0.24993453793081455,1.0,1.0,-0.8737597525263652,31,108,400,20,2,100,0.0,0,0.3,0.0,0.0,1.0,0.7,0.2,0.0,-4.0,1.0,0.25
ind_skew_Dneg,0.41172136785969576,0.21843050628464822,1.0,1.0,-2.69320729117245,32,109,400,20,2,100,0.0,0,0.3,0.0,0.0,1.0,0.7,0.2,0.0,-4.0,1.0,0.25
ind_skew_Dneg,0.8774685100426508,0.23905451986499907,1.0,1.0,-0.5125671333323722,33,110,400,20,2,100,0.0,0,0.3,0.0,0.0,1.0,0.7,0.2,0.0,-4.0,1.0,0.25
ind_skew_Dneg,1.001638680776777,0.24995652222568,1.0,1.0,0.006555863244478383,34,111,400,20,2,100,0.0,0,0.3,0.0,0.0,1.0,0.7,0.2,0.0,-4.0,1.0,0.25
ind_skew_Dneg,0.6732311484409096,0.2153650072051863,1.0,1.0,-1.5172792265540405,35,112,400,20,2,100,0.0,0,0.3,0.0,0.0,1.0,0.7,0.2,0.0,-4.0,1.0,0.25
ind_skew_Dneg,0.7765578199184857,0.23029418907293617,1.0,1.0,-0.97024671347981,36,113,400,20,2,100,0.0,0,0.3,0.0,0.0,1.0,0.7,0.2,0.0,-4.0,1.0,0.25
ind_skew_Dneg,0.8140211645358301,0.23690950177509468,1.0,1.0,-0.7850205841077883,37,114,400,20,2,100,0.0,0,0.3,0.0,0.0,1.0,0.7,0.2,0.0,-4.0,1.0,0.25
ind_skew_Dneg,1.1278745058411168,0.23737651184150163,1.0,1.0,0.5386990686193069,38,115,400,20,2,100,0.0,0,0.3,0.0,0.0,1.0,0.7,0.2,0.0,-4.0,1.0,0.25
ind_skew_Dneg,0.9948928171552359,0.24227266063970146,1.0,1.0,-0.021080310222701047,39,116,400,20,2,100,0.0,0,0.3,0.0,0.0,1.0,0.7,0.2,0.0,-4.0,1.0,0.25
ind_skew_Dneg,0.5113610166874912,0.23598844474684674,1.0,1.0,-2.070605549507686,40,117,400,20,2,100,0.0,0,0.3,0.0,0.0,1.0,0.7,0.2,0.0,-4.0,1.0,0.25
ind_skew_Dneg,0.8078934727536915,0.2622755131951874,1.0,1.0,-0.7324607810540872,41,118,400,20,2,100,0.0,0,0.3,0.0,0.0,1.0,0.7,0.2,0.0,-4.0,1.0,0.25
ind_skew_Dneg,1.242960700246243,0.28545037100802895,1.0,1.0,0.8511486581301702,42,119,400,20,2,100,0.0,0,0.3,0.0,0.0,1.0,0.7,0.2,0.0,-4.0,1.0,0.25
ind_skew_Dneg,0.9703195582603485,0.23644903474902149,1.0,1.0,-0.12552574710721792,43,120,400,20,2,100,0.0,0,0.3,0.0,0.0,1.0,0.7,0.2,0.0,-4.0,1.0,0.25
ind_skew_Dneg,0.7617086058577862,0.23644341457912796,1.0,1.0,-1.0078157370818521,44,121,400,20,2,100,0.0,0,0.3,0.0,0.0,1.0,0.7,0.2,0.0,-4.0,1.0,0.25
ind_skew_Dneg,1.357283490710997,0.233286303338742,1.0,1.0,1.531523649685535,45,122,400,20,2,100,0.0,0,0.3,0.0,0.0,1.0,0.7,0.2,0.0,-4.0,1.0,0.25
ind_skew_Dneg,1.3076466395720274,0.2416058415465714,1.0,1.0,1.2733410649457586,46,123,400,20,2,100,0.0,0,0.3,0.0,0.0,1.0,0.7,0.2,0.0,-4.0,1.0,0.25
ind_skew_Dneg,1.2546563312735002,0.22954765324277973,1.0,1.0,1.1093832922097635,47,124,400,20,2,100,0.0,0,0.3,0.0,0.0,1.0,0.7,0.2,0.0,-4.0,1.0,0.25
ind_skew_Dneg,0.5933389163010037,0.22476603907694445,1.0,1.0,-1.8092639144643357,48,125,400,20,2,100,0.0,0,0.3,0.0,0.0,1.0,0.7,0.2,0.0,-4.0,1.0,0.25
ind_skew_Dneg,0.8673079924663708,0.247157823269902,1.0,1.0,-0.5368715656179189,49,126,400,20,2,100,0.0,0,0.3,0.0,0.0,1.0,0.7,0.2,0.0,-4.0,1.0,0.25
ind_skew_Dneg,0.23672184740016858,0.2657909011184112,1.0,1.0,-2.87172416131652,50,127,400,20,2,100,0.0,0,0.3,0.0,0.0,1.0,0.7,0.2,0.0,-4.0,1.0,0.25
ind_skew_Dneg,0.924761728469888,0.2547357967206669,1.0,1.0,-0.2953580631332128,51,128,400,20,2,100,0.0,0,0.3,0.0,0.0,1.0,0.7,0.2,0.0,-4.0,1.0,0.25
ind_skew_Dneg,0.953329238858252,0.23941967478555767,1.0,1.0,-0.19493285663991403,52,129,400,20,2,100,0.0,0,0.3,0.0,0.0,1.0,0.7,0.2,0.0,-4.0,1.0,0.25
ind_skew_Dneg,0.3182160588639843,0.23555288461672935,1.0,1.0,-2.894398607112597,53,130,400,20,2,100,0.0,0,0.3,0.0,0.0,1.0,0.7,0.2,0.0,-4.0,1.0,0.25
ind_skew_Dneg,0.8764834879673726,0.24408786994273018,1.0,1.0,-0.5060329792775355,54,131,400,20,2,100,0.0,0,0.3,0.0,0.0,1.0,0.7,0.2,0.0,-4.0,1.0,0.25
ind_skew_Dneg,0.7398975006993153,0.2297447506213949,1.0,1.0,-1.1321368544751542,55,132,400,20,2,100,0.0,0,0.3,0.0,0.0,1.0,0.7,0.2,0.0,-4.0,1.0,0.25
ind_skew_Dneg,0.7825800371093957,0.25867288363747665,1.0,1.0,-0.8405208919977586,56,133,400,20,2,100,0.0,0,0.3,0.0,0.0,1.0,0.7,0.2,0.0,-4.0,1.0,0.25
ind_skew_Dneg,0.6028004169799923,0.2422862527970677,1.0,1.0,-1.6393814276895484,57,134,400,20,2,100,0.0,0,0.3,0.0,0.0,1.0,0.7,0.2,0.0,-4.0,1.0,0.25
ind_skew_Dneg,0.31912400183416334,0.23797172858715857,1.0,1.0,-2.8611633920054573,58,135,400,20,2,100,0.0,0,0.3,0.0,0.0,1.0,0.7,0.2,0.0,-4.0,1.0,0.25
ind_skew_Dneg,1.1033479138629128,0.23790030360264106,1.0,1.0,0.43441690614877143,59,136,400,20,2,100,0.0,0,0.3,0.0,0.0,1.0,0.7,0.2,0.0,-4.0,1.0,0.25
ind_skew_Dneg,0.4601942042839284,0.2538694023278567,1.0,1.0,-2.1263129418760975,60,137,400,20,2,100,0.0,0,0.3,0.0,0.0,1.0,0.7,0.2,0.0,-4.0,1.0,0.25
ind_skew_Dneg,0.6824428366896624,0.2385710680043848,1.0,1.0,-1.3310799417828028,61,138,400,20,2,100,0.0,0,0.3,0.0,0.0,1.0,0.7,0.2,0.0,-4.0,1.0,0.25
ind_skew_Dneg,0.7876073662035458,0.23064982422990332,1.0,1.0,-0.9208445508492953,62,139,400,20,2,100,0.0,0,0.3,0.0,0.0,1.0,0.7,0.2,0.0,-4.0,1.0,0.25
ind_skew_Dneg,0.9467624256808915,0.21401977847149917,1.0,1.0,-0.2487507215422993,63,140,400,20,2,100,0.0,0,0.3,0.0,0.0,1.0,0.7,0.2,0.0,-4.0,1.0,0.25
ind_skew_Dneg,0.8470724717952486,0.24500160324499679,1.0,1.0,-0.6241899080628746,64,141,400,20,2,100,0.0,0,0.3,0.0,0.0,1.0,0.7,0.2,0.0,-4.0,1.0,0.25
ind_skew_Dneg,0.7245285132499066,0.22239389354485567,1.0,1.0,-1.2386647958682921,65,142,400,20,2,100,0.0,0,0.3,0.0,0.0,1.0,0.7,0.2,0.0,-4.0,1.0,0.25
ind_skew_Dneg,1.7435802233740412,0.2670153470227395,1.0,1.0,2.784784588845062,66,143,400,20,2,100,0.0,0,0.3,0.0,0.0,1.0,0.7,0.2,0.0,-4.0,1.0,0.25
ind_skew_Dneg,1.077682083663375,0.22765689572007136,1.0,1.0,0.34122438249748166,67,144,400,20,2,100,0.0,0,0.3,0.0,0.0,1.0,0.7,0.2,0.0,-4.0,1.0,0.25
ind_skew_Dneg,0.3486715641395148,0.2511809983190098,1.0,1.0,-2.59306412594663,68,145,400,20,2,100,0.0,0,0.3,0.0,0.0,1.0,0.7,0.2,0.0,-4.0,1.0,0.25
ind_skew_Dneg,0.6329841161355251,0.24584897213695442,1.0,1.0,-1.4928509998407575,69,146,400,20,2,100,0.0,0,0.3,0.0,0.0,1.0,0.7,0.2,0.0,-4.0,1.0,0.25
ind_skew_Dneg,0.9064634276893683,0.2238348933222909,1.0,1.0,-0.41788199740579396,70,147,400,20,2,100,0.0,0,0.3,0.0,0.0,1.0,0.7,0.2,0.0,-4.0,1.0,0.25
ind_skew_Dneg,1.2415250549013124,0.24271169581212537,1.0,1.0,0.9951109034657665,71,148,400,20,2,100,0.0,0,0.3,0.0,0.0,1.0,0.7,0.2,0.0,-4.0,1.0,0.25
ind_skew_Dneg,0.5679883622714497,0.23565543267435649,1.0,1.0,-1.8332343660650132,72,149,400,20,2,100,0.0,0,0.3,0.0,0.0,1.0,0.7,0.2,0.0,-4.0,1.0,0.25
ind_skew_Dneg,1.0332482985195495,0.2641925002436937,1.0,1.0,0.12584875985836436,73,150,400,20,2,100,0.0,0,0.3,0.0,0.0,1.0,0.7,0.2,0.0,-4.0,1.0,0.25
ind_skew_Dneg,0.8152911309909661,0.2479619174958977,1.0,1.0,-0.744908213625545,74,151,400,20,2,100,0.0,0,0.3,0.0,0.0,1.0,0.7,0.2,0.0,-4.0,1.0,0.25
ind_skew_Dneg,1.0791464647928262,0.22086130797392287,1.0,1.0,0.35835369046248244,75,152,400,20,2,100,0.0,0,0.3,0.0,0.0,1.0,0.7,0.2,0.0,-4.0,1.0,0.25
ind_skew_Dneg,0.7987309084128558,0.2367136187371437,1.0,1.0,-0.8502640982842712,76,153,400,20,2,100,0.0,0,0.3,0.0,0.0,1.0,0.7,0.2,0.0,-4.0,1.0,0.25
ind_skew_Dneg,0.8968676521907147,0.24922996527744298,1.0,1.0,-0.4138039649224292,77,154,400,20,2,100,0.0,0,0.3,0.0,0.0,1.0,0.7,0.2,0.0,-4.0,1.0,0.25
ind_skew_Dneg,0.6467662918960054,0.20315136594669653,1.0,1.0,-1.738771021587308,78,155,400,20,2,100,0.0,0,0.3,0.0,0.0,1.0,0.7,0.2,0.0,-4.0,1.0,0.25
ind_skew_Dneg,0.6483344446880668,0.21109568224872569,1.0,1.0,-1.6659059605851134,79,156,400,20,2,100,0.0,0,0.3,0.0,0.0,1.0,0.7,0.2,0.0,-4.0,1.0,0.25
ind_skew_Dneg,1.016371572497726,0.25832047302648314,1.0,1.0,0.06337698404588941,80,157,400,20,2,100,0.0,0,0.3,0.0,0.0,1.0,0.7,0.2,0.0,-4.0,1.0,0.25
ind_skew_Dneg,1.0156707565398508,0.26839288884347623,1.0,1.0,0.058387376086517145,81,158,400,20,2,100,0.0,0,0.3,0.0,0.0,1.0,0.7,0.2,0.0,-4.0,1.0,0.25
ind_skew_Dneg,0.6947478533812514,0.2416253898083025,1.0,1.0,-1.263328108279206,82,159,400,20,2,100,0.0,0,0.3,0.0,0.0,1.0,0.7,0.2,0.0,-4.0,1.0,0.25
ind_skew_Dneg,1.3000681422254072,0.2493293772417233,1.0,1.0,1.2035009494067481,83,160,400,20,2,100,0.0,0,0.3,0.0,0.0,1.0,0.7,0.2,0.0,-4.0,1.0,0.25
ind_skew_Dneg,0.6951104211218901,0.23526149473196661,1.0,1.0,-1.2959603917567153,84,161,400,20,2,100,0.0,0,0.3,0.0,0.0,1.0,0.7,0.2,0.0,-4.0,1.0,0.25
ind_skew_Dneg,0.9487383089025462,0.24391277139567832,1.0,1.0,-0.21016403037910825,85,162,400,20,2,100,0.0,0,0.3,0.0,0.0,1.0,0.7,0.2,0.0,-4.0,1.0,0.25
ind_skew_Dneg,0.6664473990559798,0.23528085207012395,1.0,1.0,-1.4176784808846534,86,163,400,20,2,100,0.0,0,0.3,0.0,0.0,1.0,0.7,0.2,0.0,-4.0,1.0,0.25
ind_skew_Dneg,0.8325638215331524,0.2713768971487949,1.0,1.0,-0.6169875926285756,87,164,400,20,2,100,0.0,0,0.3,0.0,0.0,1.0,0.7,0.2,0.0,-4.0,1.0,0.25
ind_skew_Dneg,1.347402348857021,0.2568584954182985,1.0,1.0,1.352504803437668,88,165,400,20,2,100,0.0,0,0.3,0.0,0.0,1.0,0.7,0.2,0.0,-4.0,1.0,0.25
ind_skew_Dneg,0.9599565632057926,0.2350589296914792,1.0,1.0,-0.17035488439756546,89,166,400,20,2,100,0.0,0,0.3,0.0,0.0,1.0,0.7,0.2,0.0,-4.0,1.0,0.25
ind_skew_Dneg,0.8739401252137486,0.23392158124819365,1.0,1.0,-0.5388980106649514,90,167,400,20,2,100,0.0,0,0.3,0.0,0.0,1.0,0.7,0.2,0.0,-4.0,1.0,0.25
ind_skew_Dneg,1.161438027055883,0.2772985316533795,1.0,1.0,0.582181326721481,91,168,400,20,2,100,0.0,0,0.3,0.0,0.0,1.0,0.7,0.2,0.0,-4.0,1.0,0.25
ind_skew_Dneg,1.0743296012620862,0.22880242205334744,1.0,1.0,0.3248636994094213,92,169,400,20,2,100,0.0,0,0.3,0.0,0.0,1.0,0.7,0.2,0.0,-4.0,1.0,0.25
ind_skew_Dneg,1.2613015820891966,0.23480622846304394,1.0,1.0,1.1128392283270407,93,170,400,20,2,100,0.0,0,0.3,0.0,0.0,1.0,0.7,0.2,0.0,-4.0,1.0,0.25
ind_skew_Dneg,0.8174852043686812,0.2259031770492209,1.0,1.0,-0.807933726366104,94,171,400,20,2,100,0.0,0,0.3,0.0,0.0,1.0,0.7,0.2,0.0,-4.0,1.0,0.25
ind_skew_Dneg,0.692091795056429,0.21266906199206395,1.0,1.0,-1.4478279165733143,95,172,400,20,2,100,0.0,0,0.3,0.0,0.0,1.0,0.7,0.2,0.0,-4.0,1.0,0.25
ind_skew_Dneg,1.4767008192076996,0.23973103683535207,1.0,1.0,1.9884818649288993,96,173,400,20,2,100,0.0,0,0.3,0.0,0.0,1.0,0.7,0.2,0.0,-4.0,1.0,0.25
ind_skew_Dneg,1.1341726680142175,0.23605891971663878,1.0,1.0,0.5683863510655565,97,174,400,20,2,100,0.0,0,0.3,0.0,0.0,1.0,0.7,0.2,0.0,-4.0,1.0,0.25
ind_skew_Dneg,0.6858865041063793,0.23247492832708694,1.0,1.0,-1.3511714925734708,98,175,400,20,2,100,0.0,0,0.3,0.0,0.0,1.0,0.7,0.2,0.0,-4.0,1.0,0.25
ind_skew_Dneg,0.7634949242156445,0.26069750544611847,1.0,1.0,-0.9072011463233465,99,176,400,20,2,100,0.0,0,0.3,0.0,0.0,1.0,0.7,0.2,0.0,-4.0,1.0,0.25
ind_skew_Y,0.9684719753403863,0.026625918228570127,1.0,1.0,-1.1841103239693533,0,78,400,20,2,100,0.0,0,0.3,0.0,0.0,0.5,0.7,1.0,1.0,0.25,4.0,0.0
ind_skew_Y,0.9719179450484354,0.026586932410631682,1.0,1.0,-1.0562352406001911,1,79,400,20,2,100,0.0,0,0.3,0.0,0.0,0.5,0.7,1.0,1.0,0.25,4.0,0.0
ind_skew_Y,0.9921524954944252,0.02516670948209025,1.0,1.0,-0.3118208405894081,2,80,400,20,2,100,0.0,0,0.3,0.0,0.0,0.5,0.7,1.0,1.0,0.25,4.0,0.0
ind_skew_Y,0.9746573733613347,0.02736975708593424,1.0,1.0,-0.9259353877016779,3,81,400,20,2,100,0.0,0,0.3,0.0,0.0,0.5,0.7,1.0,1.0,0.25,4.0,0.0
ind_skew_Y,1.0106207119454942,0.027441330697208437,1.0,1.0,0.3870334154959408,4,82,400,20,2,100,0.0,0,0.3,0.0,0.0,0.5,0.7,1.0,1.0,0.25,4.0,0.0
ind_skew_Y,0.9422929996440218,0.027350502569535272,1.0,1.0,-2.109906397853761,5,83,400,20,2,100,0.0,0,0.3,0.0,0.0,0.5,0.7,1.0,1.0,0.25,4.0,0.0
ind_skew_Y,1.0335983141500098,0.028458281800558198,1.0,1.0,1.1806163979074373,6,84,400,20,2,100,0.0,0,0.3,0.0,0.0,0.5,0.7,1.0,1.0,0.25,4.0,0.0
ind_skew_Y,1.0272775484023309,0.027896484482961614,1.0,1.0,0.9778131154479781,7,85,400,20,2,100,0.0,0,0.3,0.0,0.0,0.5,0.7,1.0,1.0,0.25,4.0,0.0
ind_skew_Y,0.9837599281363023,0.025036074017767362,1.0,1.0,-0.6486668737347794,8,86,400,20,2,100,0.0,0,0.3,0.0,0.0,0.5,0.7,1.0,1.0,0.25,4.0,0.0
ind_skew_Y,0.9537386757248311,0.024238524393839077,1.0,1.0,-1.9085866583086053,9,87,400,20,2,100,0.0,0,0.3,0.0,0.0,0.5,0.7,1.0,1.0,0.25,4.0,0.0
ind_skew_Y,1.0489675745979767,0.028343277039514406,1.0,1.0,1.7276610086303443,10,88,400,20,2,100,0.0,0,0.3,0.0,0.0,0.5,0.7,1.0,1.0,0.25,4.0,0.0
ind_skew_Y,0.9962857707504381,0.029138798987960526,1.0,1.0,-0.12746679268066324,11,89,400,20,2,100,0.0,0,0.3,0.0,0.0,0.5,0.7,1.0,1.0,0.25,4.0,0.0
ind_skew_Y,0.9972443758786923,0.027245515409016888,1.0,1.0,-0.10114046586895273,12,90,400,20,2,100,0.0,0,0.3,0.0,0.0,0.5,0.7,1.0,1.0,0.25,4.0,0.0
ind_skew_Y,0.9465856475111295,0.027150547811065323,1.0,1.0,-1.9673397701058999,13,91,400,20,2,100,0.0,0,0.3,0.0,0.0,0.5,0.7,1.0,1.0,0.25,4.0,0.0
ind_skew_Y,1.0247261684043547,0.0258985595770931,1.0,1.0,0.9547314139518649,14,92,400,20,2,100,0.0,0,0.3,0.0,0.0,0.5,0.7,1.0,1.0,0.25,4.0,0.0
ind_skew_Y,1.0222221413540395,0.027484611733773458,1.0,1.0,0.8085302994014169,15,93,400,20,2,100,0.0,0,0.3,0.0,0.0,0.5,0.7,1.0,1.0,0.25,4.0,0.0
ind_skew_Y,1.0445848337428363,0.03120615348843835,1.0,1.0,1.4287192992034292,16,94,400,20,2,100,0.0,0,0.3,0.0,0.0,0.5,0.7,1.0,1.0,0.25,4.0,0.0
ind_skew_Y,1.0385041109113964,0.026648618713487563,1.0,1.0,1.4448820528138084,17,95,400,20,2,100,0.0,0,0.3,0.0,0.0,0.5,0.7,1.0,1.0,0.25,4.0,0.0
ind_skew_Y,0.9796805706372865,0.025341806182407663,1.0,1.0,-0.8018145674564926,18,96,400,20,2,100,0.0,0,0.3,0.0,0.0,0.5,0.7,1.0,1.0,0.25,4.0,0.0
ind_skew_Y,1.0224708036068155,0.029476436748524924,1.0,1.0,0.7623310713748337,19,97,400,20,2,100,0.0,0,0.3,0.0,0.0,0.5,0.7,1.0,1.0,0.25,4.0,0.0
ind_skew_Y,1.0250390454426264,0.02372320442191317,1.0,1.0,1.0554664115905754,20,98,400,20,2,100,0.0,0,0.3,0.0,0.0,0.5,0.7,1.0,1.0,0.25,4.0,0.0
ind_skew_Y,0.9719772927833882,0.03115677267452044,1.0,1.0,-0.8994098172282262,21,99,400,20,2,100,0.0,0,0.3,0.0,0.0,0.5,0.7,1.0,1.0,0.25,4.0,0.0
ind_skew_Y,1.0073068005502883,0.026296447469399433,1.0,1.0,0.2778626488916829,22,100,400,20,2,100,0.0,0,0.3,0.0,0.0,0.5,0.7,1.0,1.0,0.25,4.0,0.0
ind_skew_Y,1.0217920690336308,0.02539291854600506,1.0,1.0,0.8581947362273282,23,101,400,20,2,100,0.0,0,0.3,0.0,0.0,0.5,0.7,1.0,1.0,0.25,4.0,0.0
ind_skew_Y,0.9693624252398314,0.02736344637970653,1.0,1.0,-1.1196533629217937,24,102,400,20,2,100,0.0,0,0.3,0.0,0.0,0.5,0.7,1.0,1.0,0.25,4.0,0.0
ind_skew_Y,0.9983985610018847,0.027575512866145957,1.0,1.0,-0.058074676829722005,25,103,400,20,2,100,0.0,0,0.3,0.0,0.0,0.5,0.7,1.0,1.0,0.25,4.0,0.0
ind_skew_Y,0.9641966855412282,0.026296171806010887,1.0,1.0,-1.3615409392247644,26,104,400,20,2,100,0.0,0,0.3,0.0,0.0,0.5,0.7,1.0,1.0,0.25,4.0,0.0
ind_skew_Y,1.002162821524748,0.025174546826280092,1.0,1.0,0.08591302714097725,27,105,400,20,2,100,0.0,0,0.3,0.0,0.0,0.5,0.7,1.0,1.0,0.25,4.0,0.0
ind_skew_Y,0.9461433125819513,0.026745351293071915,1.0,1.0,-2.0136840540209953,28,106,400,20,2,100,0.0,0,0.3,0.0,0.0,0.5,0.7,1.0,1.0,0.25,4.0,0.0
ind_skew_Y,0.9748929930610183,0.027237516012076798,1.0,1.0,-0.9217803461905101,29,107,400,20,2,100,0.0,0,0.3,0.0,0.0,0.5,0.7,1.0,1.0,0.25,4.0,0.0
ind_skew_Y,0.9677656596289593,0.024822473204825803,1.0,1.0,-1.2985950314078254,30,108,400,20,2,100,0.0,0,0.3,0.0,0.0,0.5,0.7,1.0,1.0,0.25,4.0,0.0
ind_skew_Y,0.9509437753365247,0.024286887586947824,1.0,1.0,-2.019864607511046,31,109,400,20,2,100,0.0,0,0.3,0.0,0.0,0.5,0.7,1.0,1.0,0.25,4.0,0.0
ind_skew_Y,0.9918536957683785,0.02617768807032766,1.0,1.0,-0.31119265420751047,32,110,400,20,2,100,0.0,0,0.3,0.0,0.0,0.5,0.7,1.0,1.0,0.25,4.0,0.0
ind_skew_Y,1.030087209769144,0.02688470226479431,1.0,1.0,1.1191200658578029,33,111,400,20,2,100,0.0,0,0.3,0.0,0.0,0.5,0.7,1.0,1.0,0.25,4.0,0.0
ind_skew_Y,0.9749394739333282,0.022769118967116295,1.0,1.0,-1.1006366167643449,34,112,400,20,2,100,0.0,0,0.3,0.0,0.0,0.5,0.7,1.0,1.0,0.25,4.0,0.0
ind_skew_Y,0.9845250518646373,0.027051319642608686,1.0,1.0,-0.5720588991521129,35,113,400,20,2,100,0.0,0,0.3,0.0,0.0,0.5,0.7,1.0,1.0,0.25,4.0,0.0
ind_skew_Y,0.990104372970142,0.026560999977390424,1.0,1.0,-0.3725622920176762,36,114,400,20,2,100,0.0,0,0.3,0.0,0.0,0.5,0.7,1.0,1.0,0.25,4.0,0.0
ind_skew_Y,1.0061864915453114,0.02434440603990562,1.0,1.0,0.2541237414119039,37,115,400,20,2,100,0.0,0,0.3,0.0,0.0,0.5,0.7,1.0,1.0,0.25,4.0,0.0
ind_skew_Y,0.9992738012781266,0.02628714156335402,1.0,1.0,-0.02762562525572479,38,116,400,20,2,100,0.0,0,0.3,0.0,0.0,0.5,0.7,1.0,1.0,0.25,4.0,0.0
ind_skew_Y,0.9681012585145538,0.0273013192795943,1.0,1.0,-1.1683956060426786,39,117,400,20,2,100,0.0,0,0.3,0.0,0.0,0.5,0.7,1.0,1.0,0.25,4.0,0.0
ind_skew_Y,0.9713422139445148,0.028153195422801845,1.0,1.0,-1.0179230323629505,40,118,400,20,2,100,0.0,0,0.3,0.0,0.0,0.5,0.7,1.0,1.0,0.25,4.0,0.0
ind_skew_Y,1.0377941629162426,0.03437518772310156,1.0,1.0,1.0994605533701085,41,119,400,20,2,100,0.0,0,0.3,0.0,0.0,0.5,0.7,1.0,1.0,0.25,4.0,0.0
ind_skew_Y,1.0000183556989726,0.026326667506052684,1.0,1.0,0.0006972283510000588,42,120,400,20,2,100,0.0,0,0.3,0.0,0.0,0.5,0.7,1.0,1.0,0.25,4.0,0.0
ind_skew_Y,1.008417582686268,0.026511366154986414,1.0,1.0,0.3175084466435462,43,121,400,20,2,100,0.0,0,0.3,0.0,0.0,0.5,0.7,1.0,1.0,0.25,4.0,0.0
ind_skew_Y,1.0180293609621953,0.021675719014395214,1.0,1.0,0.8317768351869533,44,122,400,20,2,100,0.0,0,0.3,0.0,0.0,0.5,0.7,1.0,1.0,0.25,4.0,0.0
ind_skew_Y,1.0331504091211627,0.025009874115299858,1.0,1.0,1.325492842080436,45,123,400,20,2,100,0.0,0,0.3,0.0,0.0,0.5,0.7,1.0,1.0,0.25,4.0,0.0
ind_skew_Y,1.026054745050689,0.026382674327954776,1.0,1.0,0.987570279146479,46,124,400,20,2,100,0.0,0,0.3,0.0,0.0,0.5,0.7,1.0,1.0,0.25,4.0,0.0
ind_skew_Y,0.9885819384413653,0.02734859366649612,1.0,1.0,-0.4175008666943841,47,125,400,20,2,100,0.0,0,0.3,0.0,0.0,0.5,0.7,1.0,1.0,0.25,4.0,0.0
ind_skew_Y,0.9826816488723821,0.03040380440875502,1.0,1.0,-0.569611318859523,48,126,400,20,2,100,0.0,0,0.3,0.0,0.0,0.5,0.7,1.0,1.0,0.25,4.0,0.0
ind_skew_Y,0.9360538551441696,0.028015837496657283,1.0,1.0,-2.2824998490036266,49,127,400,20,2,100,0.0,0,0.3,0.0,0.0,0.5,0.7,1.0,1.0,0.25,4.0,0.0
ind_skew_Y,0.9939088601203715,0.02777316498753456,1.0,1.0,-0.2193174556217267,50,128,400,20,2,100,0.0,0,0.3,0.0,0.0,0.5,0.7,1.0,1.0,0.25,4.0,0.0
ind_skew_Y,0.9871979749591102,0.0273743906293958,1.0,1.0,-0.4676642930324235,51,129,400,20,2,100,0.0,0,0.3,0.0,0.0,0.5,0.7,1.0,1.0,0.25,4.0,0.0
ind_skew_Y,0.9628562897784413,0.02486292150529955,1.0,1.0,-1.493939890114744,52,130,400,20,2,100,0.0,0,0.3,0.0,0.0,0.5,0.7,1.0,1.0,0.25,4.0,0.0
ind_skew_Y,1.0204803737084522,0.026724171298160543,1.0,1.0,0.7663614141652327,53,131,400,20,2,100,0.0,0,0.3,0.0,0.0,0.5,0.7,1.0,1.0,0.25,4.0,0.0
ind_skew_Y,0.9898846959931424,0.02467331272814984,1.0,1.0,-0.40996943208671727,54,132,400,20,2,100,0.0,0,0.3,0.0,0.0,0.5,0.7,1.0,1.0,0.25,4.0,0.0
ind_skew_Y,1.0194458212642143,0.027175828901681905,1.0,1.0,0.7155557732780269,55,133,400,20,2,100,0.0,0,0.3,0.0,0.0,0.5,0.7,1.0,1.0,0.25,4.0,0.0
ind_skew_Y,0.9732161296306896,0.027894349175243333,1.0,1.0,-0.9601898291673177,56,134,400,20,2,100,0.0,0,0.3,0.0,0.0,0.5,0.7,1.0,1.0,0.25,4.0,0.0
ind_skew_Y,0.926549711897243,0.02756760567506577,1.0,1.0,-2.6643695128442366,57,135,400,20,2,100,0.0,0,0.3,0.0,0.0,0.5,0.7,1.0,1.0,0.25,4.0,0.0
ind_skew_Y,1.025695202784558,0.02658670994915863,1.0,1.0,0.9664679395718617,58,136,400,20,2,100,0.0,0,0.3,0.0,0.0,0.5,0.7,1.0,1.0,0.25,4.0,0.0
ind_skew_Y,0.9371621031779339,0.028090814879040325,1.0,1.0,-2.236955285656449,59,137,400,20,2,100,0.0,0,0.3,0.0,0.0,0.5,0.7,1.0,1.0,0.25,4.0,0.0
ind_skew_Y,0.9429704482390502,0.03019958482404976,1.0,1.0,-1.888421714842044,60,138,400,20,2,100,0.0,0,0.3,0.0,0.0,0.5,0.7,1.0,1.0,0.25,4.0,0.0
ind_skew_Y,0.9894793185100971,0.026765194175663042,1.0,1.0,-0.39307323611607253,61,139,400,20,2,100,0.0,0,0.3,0.0,0.0,0.5,0.7,1.0,1.0,0.25,4.0,0.0
ind_skew_Y,1.0210085760458143,0.02310334449297264,1.0,1.0,0.9093305106628389,62,140,400,20,2,100,0.0,0,0.3,0.0,0.0,0.5,0.7,1.0,1.0,0.25,4.0,0.0
ind_skew_Y,0.9895150446239234,0.02629257771059454,1.0,1.0,-0.3987800470340244,63,141,400,20,2,100,0.0,0,0.3,0.0,0.0,0.5,0.7,1.0,1.0,0.25,4.0,0.0
ind_skew_Y,0.9659662743277825,0.025032816128954385,1.0,1.0,-1.3595644012601589,64,142,400,20,2,100,0.0,0,0.3,0.0,0.0,0.5,0.7,1.0,1.0,0.25,4.0,0.0
ind_skew_Y,1.0445060162600295,0.027215277918162,1.0,1.0,1.6353320511317864,65,143,400,20,2,100,0.0,0,0.3,0.0,0.0,0.5,0.7,1.0,1.0,0.25,4.0,0.0
ind_skew_Y,1.0138457271682708,0.024925310930408763,1.0,1.0,0.5554886439301784,66,144,400,20,2,100,0.0,0,0.3,0.0,0.0,0.5,0.7,1.0,1.0,0.25,4.0,0.0
ind_skew_Y,0.9414452483387586,0.027089927866941824,1.0,1.0,-2.161495296290414,67,145,400,20,2,100,0.0,0,0.3,0.0,0.0,0.5,0.7,1.0,1.0,0.25,4.0,0.0
ind_skew_Y,0.9666032744114766,0.027057587237583166,1.0,1.0,-1.234283208450127,68,146,400,20,2,100,0.0,0,0.3,0.0,0.0,0.5,0.7,1.0,1.0,0.25,4.0,0.0
ind_skew_Y,0.9850429228721773,0.026422834963505233,1.0,1.0,-0.5660663266633251,69,147,400,20,2,100,0.0,0,0.3,0.0,0.0,0.5,0.7,1.0,1.0,0.25,4.0,0.0
ind_skew_Y,1.0464930026054415,0.026119460487054907,1.0,1.0,1.7800138953285034,70,148,400,20,2,100,0.0,0,0.3,0.0,0.0,0.5,0.7,1.0,1.0,0.25,4.0,0.0
ind_skew_Y,0.9607965667558216,0.027005441881762147,1.0,1.0,-1.4516864199379775,71,149,400,20,2,100,0.0,0,0.3,0.0,0.0,0.5,0.7,1.0,1.0,0.25,4.0,0.0
ind_skew_Y,0.9769622219101735,0.026116125012722348,1.0,1.0,-0.8821284964214178,72,150,400,20,2,100,0.0,0,0.3,0.0,0.0,0.5,0.7,1.0,1.0,0.25,4.0,0.0
ind_skew_Y,0.9855384218536416,0.028389632160218937,1.0,1.0,-0.5093964608186341,73,151,400,20,2,100,0.0,0,0.3,0.0,0.0,0.5,0.7,1.0,1.0,0.25,4.0,0.0
ind_skew_Y,0.9986620871770263,0.02447341607704059,1.0,1.0,-0.054668004612107704,74,152,400,20,2,100,0.0,0,0.3,0.0,0.0,0.5,0.7,1.0,1.0,0.25,4.0,0.0
ind_skew_Y,0.9474782325680225,0.029281970419577794,1.0,1.0,-1.793655504714998,75,153,400,20,2,100,0.0,0,0.3,0.0,0.0,0.5,0.7,1.0,1.0,0.25,4.0,0.0
ind_skew_Y,1.0114582722290033,0.02717136841460357,1.0,1.0,0.42170390736908653,76,154,400,20,2,100,0.0,0,0.3,0.0,0.0,0.5,0.7,1.0,1.0,0.25,4.0,0.0
ind_skew_Y,0.965066925195762,0.021718707370324268,1.0,1.0,-1.608432500544182,77,155,400,20,2,100,0.0,0,0.3,0.0,0.0,0.5,0.7,1.0,1.0,0.25,4.0,0.0
ind_skew_Y,0.9575511875413454,0.025614219940934053,1.0,1.0,-1.6572361975707572,78,156,400,20,2,100,0.0,0,0.3,0.0,0.0,0.5,0.7,1.0,1.0,0.25,4.0,0.0
ind_skew_Y,0.9995137877041436,0.026213993396211423,1.0,1.0,-0.018547814844826586,79,157,400,20,2,100,0.0,0,0.3,0.0,0.0,0.5,0.7,1.0,1.0,0.25,4.0,0.0
ind_skew_Y,0.9839798244407266,0.02918841414304639,1.0,1.0,-0.5488539213114424,80,158,400,20,2,100,0.0,0,0.3,0.0,0.0,0.5,0.7,1.0,1.0,0.25,4.0,0.0
ind_skew_Y,0.9536890210973942,0.028860012516283697,1.0,1.0,-1.6046763277207785,81,159,400,20,2,100,0.0,0,0.3,0.0,0.0,0.5,0.7,1.0,1.0,0.25,4.0,0.0
ind_skew_Y,1.0233387889551078,0.02652560674782367,1.0,1.0,0.8798588163123783,82,160,400,20,2,100,0.0,0,0.3,0.0,0.0,0.5,0.7,1.0,1.0,0.25,4.0,0.0
ind_skew_Y,0.9827811862360507,0.0257014821436549,1.0,1.0,-0.6699541165644495,83,161,400,20,2,100,0.0,0,0.3,0.0,0.0,0.5,0.7,1.0,1.0,0.25,4.0,0.0
ind_skew_Y,0.9822094009747687,0.02619452255946947,1.0,1.0,-0.6791724867227968,84,162,400,20,2,100,0.0,0,0.3,0.0,0.0,0.5,0.7,1.0,1.0,0.25,4.0,0.0
ind_skew_Y,0.9907063185047355,0.026640871572709297,1.0,1.0,-0.3488505047554422,85,163,400,20,2,100,0.0,0,0.3,0.0,0.0,0.5,0.7,1.0,1.0,0.25,4.0,0.0
ind_skew_Y,0.979991578037552,0.02727987532829438,1.0,1.0,-0.7334499047983367,86,164,400,20,2,100,0.0,0,0.3,0.0,0.0,0.5,0.7,1.0,1.0,0.25,4.0,0.0
ind_skew_Y,1.0026978079819064,0.02784661132738641,1.0,1.0,0.09688101543806941,87,165,400,20,2,100,0.0,0,0.3,0.0,0.0,0.5,0.7,1.0,1.0,0.25,4.0,0.0
ind_skew_Y,0.975258209893009,0.02525230100520391,1.0,1.0,-0.9797835889051161,88,166,400,20,2,100,0.0,0,0.3,0.0,0.0,0.5,0.7,1.0,1.0,0.25,4.0,0.0
ind_skew_Y,0.9810674939750377,0.02775752037595437,1.0,1.0,-0.6820676259455464,89,167,400,20,2,100,0.0,0,0.3,0.0,0.0,0.5,0.7,1.0,1.0,0.25,4.0,0.0
ind_skew_Y,1.0095372728460075,0.025958241205822963,1.0,1.0,0.36740828357308225,90,168,400,20,2,100,0.0,0,0.3,0.0,0.0,0.5,0.7,1.0,1.0,0.25,4.0,0.0
ind_skew_Y,1.009626974066622,0.0253010724080322,1.0,1.0,0.38049668058993874,91,169,400,20,2,100,0.0,0,0.3,0.0,0.0,0.5,0.7,1.0,1.0,0.25,4.0,0.0
ind_skew_Y,0.9926779204826014,0.024679558324727565,1.0,1.0,-0.2966860030903504,92,170,400,20,2,100,0.0,0,0.3,0.0,0.0,0.5,0.7,1.0,1.0,0.25,4.0,0.0
ind_skew_Y,0.9688573447260339,0.023832657513309437,1.0,1.0,-1.3067218901867892,93,171,400,20,2,100,0.0,0,0.3,0.0,0.0,0.5,0.7,1.0,1.0,0.25,4.0,0.0
ind_skew_Y,0.954438231774668,0.02397236607489681,1.0,1.0,-1.90059538065552,94,172,400,20,2,100,0.0,0,0.3,0.0,0.0,0.5,0.7,1.0,1.0,0.25,4.0,0.0
ind_skew_Y,1.0372158224620145,0.027198777319945532,1.0,1.0,1.368290273648559,95,173,400,20,2,100,0.0,0,0.3,0.0,0.0,0.5,0.7,1.0,1.0,0.25,4.0,0.0
ind_skew_Y,1.0264469239567626,0.025394941522468507,1.0,1.0,1.0414248811466396,96,174,400,20,2,100,0.0,0,0.3,0.0,0.0,0.5,0.7,1.0,1.0,0.25,4.0,0.0
ind_skew_Y,0.9651746613915048,0.02826146221780451,1.0,1.0,-1.2322553709395663,97,175,400,20,2,100,0.0,0,0.3,0.0,0.0,0.5,0.7,1.0,1.0,0.25,4.0,0.0
ind_skew_Y,1.010194015172147,0.029353174333355,1.0,1.0,0.34728833946123183,98,176,400,20,2,100,0.0,0,0.3,0.0,0.0,0.5,0.7,1.0,1.0,0.25,4.0,0.0
ind_skew_Y,0.9533076596670164,0.023147862904563058,1.0,1.0,-2.017133958564241,99,177,400,20,2,100,0.0,0,0.3,0.0,0.0,0.5,0.7,1.0,1.0,0.25,4.0,0.0
