config_name,theta_hat,se,true_effect,z,run_id,seed_used,n_samples,d_dim,dgp_num,n_runs,nonlinearity,sparse_k,skewness,interaction,heterogeneous,noise_std,rho,s1,a0,a1,b0,b1
0_基准,1.0567243159972473,0.034168700775989345,1.0,1.6601250474559437,0,60,800,30,2,100,0.0,0,0.3,0.0,0.0,1.0,0.7,1.0,1.0,0.25,1.0,0.25
0_基准,1.014467774036609,0.034668299280612255,1.0,0.417319982139993,1,61,800,30,2,100,0.0,0,0.3,0.0,0.0,1.0,0.7,1.0,1.0,0.25,1.0,0.25
0_基准,0.9263805328926981,0.0362837228391037,1.0,-2.02899430782667,2,62,800,30,2,100,0.0,0,0.3,0.0,0.0,1.0,0.7,1.0,1.0,0.25,1.0,0.25
0_基准,0.982034982868466,0.03530617899354122,1.0,-0.5088349304188491,3,63,800,30,2,100,0.0,0,0.3,0.0,0.0,1.0,0.7,1.0,1.0,0.25,1.0,0.25
0_基准,0.9798389323412303,0.03534966380805501,1.0,-0.5703326562946165,4,64,800,30,2,100,0.0,0,0.3,0.0,0.0,1.0,0.7,1.0,1.0,0.25,1.0,0.25
0_基准,0.975047355400334,0.036117060856812926,1.0,-0.6908824806811217,5,65,800,30,2,100,0.0,0,0.3,0.0,0.0,1.0,0.7,1.0,1.0,0.25,1.0,0.25
0_基准,0.9777645001562278,0.03664875640340171,1.0,-0.6067190820616295,6,66,800,30,2,100,0.0,0,0.3,0.0,0.0,1.0,0.7,1.0,1.0,0.25,1.0,0.25
0_基准,1.0225165933366476,0.03987736663489723,1.0,0.5646459442219787,7,67,800,30,2,100,0.0,0,0.3,0.0,0.0,1.0,0.7,1.0,1.0,0.25,1.0,0.25
0_基准,0.9413165338074871,0.036794512870385924,1.0,-1.5948972173985285,8,68,800,30,2,100,0.0,0,0.3,0.0,0.0,1.0,0.7,1.0,1.0,0.25,1.0,0.25
0_基准,0.9510401241782249,0.03357401255331172,1.0,-1.4582670374603677,9,69,800,30,2,100,0.0,0,0.3,0.0,0.0,1.0,0.7,1.0,1.0,0.25,1.0,0.25
0_基准,0.9763727598710183,0.03594696705906488,1.0,-0.6572804901776402,10,70,800,30,2,100,0.0,0,0.3,0.0,0.0,1.0,0.7,1.0,1.0,0.25,1.0,0.25
0_基准,0.9965076896989867,0.037140465056013504,1.0,-0.09402979461205804,11,71,800,30,2,100,0.0,0,0.3,0.0,0.0,1.0,0.7,1.0,1.0,0.25,1.0,0.25
0_基准,1.0457586802111747,0.03386101271547402,1.0,1.3513677395201942,12,72,800,30,2,100,0.0,0,0.3,0.0,0.0,1.0,0.7,1.0,1.0,0.25,1.0,0.25
0_基准,0.9664255999306767,0.036474151566887617,1.0,-0.9204984523835567,13,73,800,30,2,100,0.0,0,0.3,0.0,0.0,1.0,0.7,1.0,1.0,0.25,1.0,0.25
0_基准,1.0413843214231555,0.03457474834040192,1.0,1.1969522096216199,14,74,800,30,2,100,0.0,0,0.3,0.0,0.0,1.0,0.7,1.0,1.0,0.25,1.0,0.25
0_基准,1.0294373625612934,0.03605595969222764,1.0,0.8164354190699574,15,75,800,30,2,100,0.0,0,0.3,0.0,0.0,1.0,0.7,1.0,1.0,0.25,1.0,0.25
0_基准,0.9675979899007018,0.03815036956698201,1.0,-0.8493236229968575,16,76,800,30,2,100,0.0,0,0.3,0.0,0.0,1.0,0.7,1.0,1.0,0.25,1.0,0.25
0_基准,0.9944288785590283,0.04003988441738501,1.0,-0.13913929877761527,17,77,800,30,2,100,0.0,0,0.3,0.0,0.0,1.0,0.7,1.0,1.0,0.25,1.0,0.25
0_基准,0.9238747092073653,0.03516247302983082,1.0,-2.164958384128792,18,78,800,30,2,100,0.0,0,0.3,0.0,0.0,1.0,0.7,1.0,1.0,0.25,1.0,0.25
0_基准,0.9350799202749623,0.03539490154656177,1.0,-1.8341647211431202,19,79,800,30,2,100,0.0,0,0.3,0.0,0.0,1.0,0.7,1.0,1.0,0.25,1.0,0.25
0_基准,0.978583870311726,0.03655966317305384,1.0,-0.5857857493626658,20,80,800,30,2,100,0.0,0,0.3,0.0,0.0,1.0,0.7,1.0,1.0,0.25,1.0,0.25
0_基准,0.9526409995471309,0.03642376576009184,1.0,-1.3002225185831444,21,81,800,30,2,100,0.0,0,0.3,0.0,0.0,1.0,0.7,1.0,1.0,0.25,1.0,0.25
0_基准,0.94062926636695,0.03621394852747212,1.0,-1.6394438067975663,22,82,800,30,2,100,0.0,0,0.3,0.0,0.0,1.0,0.7,1.0,1.0,0.25,1.0,0.25
0_基准,0.9884923121297045,0.034672154622701824,1.0,-0.3318999928190448,23,83,800,30,2,100,0.0,0,0.3,0.0,0.0,1.0,0.7,1.0,1.0,0.25,1.0,0.25
0_基准,0.9487825278640085,0.03442991455329782,1.0,-1.487586385284412,24,84,800,30,2,100,0.0,0,0.3,0.0,0.0,1.0,0.7,1.0,1.0,0.25,1.0,0.25
0_基准,0.9946844250734436,0.03800857433191511,1.0,-0.1398519944509742,25,85,800,30,2,100,0.0,0,0.3,0.0,0.0,1.0,0.7,1.0,1.0,0.25,1.0,0.25
0_基准,1.0438601441076412,0.03443240902104481,1.0,1.2738041094026908,26,86,800,30,2,100,0.0,0,0.3,0.0,0.0,1.0,0.7,1.0,1.0,0.25,1.0,0.25
0_基准,0.9415714747492325,0.03528526378951074,1.0,-1.6558902775763444,27,87,800,30,2,100,0.0,0,0.3,0.0,0.0,1.0,0.7,1.0,1.0,0.25,1.0,0.25
0_基准,0.9644735295149334,0.03514042289715239,1.0,-1.0109858549239463,28,88,800,30,2,100,0.0,0,0.3,0.0,0.0,1.0,0.7,1.0,1.0,0.25,1.0,0.25
0_基准,0.8772288402195716,0.03471247843922028,1.0,-3.53680190238776,29,89,800,30,2,100,0.0,0,0.3,0.0,0.0,1.0,0.7,1.0,1.0,0.25,1.0,0.25
0_基准,0.9802532214329167,0.03379718060240178,1.0,-0.584272954581306,30,90,800,30,2,100,0.0,0,0.3,0.0,0.0,1.0,0.7,1.0,1.0,0.25,1.0,0.25
0_基准,0.9816384566452501,0.037694854524297036,1.0,-0.48711007341637574,31,91,800,30,2,100,0.0,0,0.3,0.0,0.0,1.0,0.7,1.0,1.0,0.25,1.0,0.25
0_基准,0.9603795015195078,0.03437528755625532,1.0,-1.1525866777304212,32,92,800,30,2,100,0.0,0,0.3,0.0,0.0,1.0,0.7,1.0,1.0,0.25,1.0,0.25
0_基准,0.9669757161847219,0.03467693761353923,1.0,-0.9523414144386309,33,93,800,30,2,100,0.0,0,0.3,0.0,0.0,1.0,0.7,1.0,1.0,0.25,1.0,0.25
0_基准,0.937272774678213,0.033890254685764114,1.0,-1.8508927095238408,34,94,800,30,2,100,0.0,0,0.3,0.0,0.0,1.0,0.7,1.0,1.0,0.25,1.0,0.25
0_基准,1.018535871016589,0.03608390615977309,1.0,0.5136880396073397,35,95,800,30,2,100,0.0,0,0.3,0.0,0.0,1.0,0.7,1.0,1.0,0.25,1.0,0.25
0_基准,0.9303729162123636,0.03733618226458993,1.0,-1.8648688635118305,36,96,800,30,2,100,0.0,0,0.3,0.0,0.0,1.0,0.7,1.0,1.0,0.25,1.0,0.25
0_基准,1.040042701205667,0.03693370284542392,1.0,1.084177813777702,37,97,800,30,2,100,0.0,0,0.3,0.0,0.0,1.0,0.7,1.0,1.0,0.25,1.0,0.25
0_基准,0.8572885760758879,0.036675324301841915,1.0,-3.8912109610696692,38,98,800,30,2,100,0.0,0,0.3,0.0,0.0,1.0,0.7,1.0,1.0,0.25,1.0,0.25
0_基准,0.9986609761816979,0.03567206229797588,1.0,-0.03753704529659523,39,99,800,30,2,100,0.0,0,0.3,0.0,0.0,1.0,0.7,1.0,1.0,0.25,1.0,0.25
0_基准,1.0248463188647592,0.036125621384199426,1.0,0.6877755430284843,40,100,800,30,2,100,0.0,0,0.3,0.0,0.0,1.0,0.7,1.0,1.0,0.25,1.0,0.25
0_基准,1.0006061490896054,0.03505305502282651,1.0,0.017292332699980383,41,101,800,30,2,100,0.0,0,0.3,0.0,0.0,1.0,0.7,1.0,1.0,0.25,1.0,0.25
0_基准,1.0475884918497247,0.03626176830262302,1.0,1.3123599338171918,42,102,800,30,2,100,0.0,0,0.3,0.0,0.0,1.0,0.7,1.0,1.0,0.25,1.0,0.25
0_基准,0.9953365669616483,0.03506005998520594,1.0,-0.1330126942258371,43,103,800,30,2,100,0.0,0,0.3,0.0,0.0,1.0,0.7,1.0,1.0,0.25,1.0,0.25
0_基准,0.9816325855874496,0.036541500272318665,1.0,-0.5026453286173448,44,104,800,30,2,100,0.0,0,0.3,0.0,0.0,1.0,0.7,1.0,1.0,0.25,1.0,0.25
0_基准,0.9637242754787411,0.034051349623960586,1.0,-1.065324133165434,45,105,800,30,2,100,0.0,0,0.3,0.0,0.0,1.0,0.7,1.0,1.0,0.25,1.0,0.25
0_基准,1.018116627751072,0.03716586225044123,1.0,0.48745344932383355,46,106,800,30,2,100,0.0,0,0.3,0.0,0.0,1.0,0.7,1.0,1.0,0.25,1.0,0.25
0_基准,0.9904712562206208,0.03843204437546955,1.0,-0.24793746817853896,47,107,800,30,2,100,0.0,0,0.3,0.0,0.0,1.0,0.7,1.0,1.0,0.25,1.0,0.25
0_基准,1.0216556326533381,0.03597887889317457,1.0,0.6018984837642164,48,108,800,30,2,100,0.0,0,0.3,0.0,0.0,1.0,0.7,1.0,1.0,0.25,1.0,0.25
0_基准,0.9631632497250096,0.03455514099764707,1.0,-1.0660280702515073,49,109,800,30,2,100,0.0,0,0.3,0.0,0.0,1.0,0.7,1.0,1.0,0.25,1.0,0.25
0_基准,0.9156391934272425,0.03459995633257346,1.0,-2.4381766775045786,50,110,800,30,2,100,0.0,0,0.3,0.0,0.0,1.0,0.7,1.0,1.0,0.25,1.0,0.25
0_基准,0.9414759974965361,0.03908821653710349,1.0,-1.4972287734824508,51,111,800,30,2,100,0.0,0,0.3,0.0,0.0,1.0,0.7,1.0,1.0,0.25,1.0,0.25
0_基准,0.9758521760230154,0.03593563669202357,1.0,-0.671974290700254,52,112,800,30,2,100,0.0,0,0.3,0.0,0.0,1.0,0.7,1.0,1.0,0.25,1.0,0.25
0_基准,0.9942427762115179,0.03654885653481328,1.0,-0.1575213107692783,53,113,800,30,2,100,0.0,0,0.3,0.0,0.0,1.0,0.7,1.0,1.0,0.25,1.0,0.25
0_基准,0.908234009384371,0.03418056328754884,1.0,-2.6847419056156134,54,114,800,30,2,100,0.0,0,0.3,0.0,0.0,1.0,0.7,1.0,1.0,0.25,1.0,0.25
0_基准,0.943166313710784,0.036426093837851725,1.0,-1.5602465238849743,55,115,800,30,2,100,0.0,0,0.3,0.0,0.0,1.0,0.7,1.0,1.0,0.25,1.0,0.25
0_基准,0.9456310929532118,0.03476999175027983,1.0,-1.5636732800303481,56,116,800,30,2,100,0.0,0,0.3,0.0,0.0,1.0,0.7,1.0,1.0,0.25,1.0,0.25
0_基准,1.0278742219645958,0.03321047649108034,1.0,0.8393201456197782,57,117,800,30,2,100,0.0,0,0.3,0.0,0.0,1.0,0.7,1.0,1.0,0.25,1.0,0.25
0_基准,0.9774327155942133,0.03533117749288661,1.0,-0.6387357005106971,58,118,800,30,2,100,0.0,0,0.3,0.0,0.0,1.0,0.7,1.0,1.0,0.25,1.0,0.25
0_基准,1.001715117784251,0.03460798345276887,1.0,0.04955844325895588,59,119,800,30,2,100,0.0,0,0.3,0.0,0.0,1.0,0.7,1.0,1.0,0.25,1.0,0.25
0_基准,1.0606976514401363,0.03463425217259861,1.0,1.7525324680796226,60,120,800,30,2,100,0.0,0,0.3,0.0,0.0,1.0,0.7,1.0,1.0,0.25,1.0,0.25
0_基准,1.0161054729377301,0.03570107952865645,1.0,0.451120054361455,61,121,800,30,2,100,0.0,0,0.3,0.0,0.0,1.0,0.7,1.0,1.0,0.25,1.0,0.25
0_基准,1.0242689320949883,0.037510357852511354,1.0,0.6469928170350269,62,122,800,30,2,100,0.0,0,0.3,0.0,0.0,1.0,0.7,1.0,1.0,0.25,1.0,0.25
0_基准,0.9460299071437338,0.032802048480165776,1.0,-1.6453269035590865,63,123,800,30,2,100,0.0,0,0.3,0.0,0.0,1.0,0.7,1.0,1.0,0.25,1.0,0.25
0_基准,1.0221913471205395,0.035391846953828084,1.0,0.6270186223818764,64,124,800,30,2,100,0.0,0,0.3,0.0,0.0,1.0,0.7,1.0,1.0,0.25,1.0,0.25
0_基准,0.9385709407757229,0.03509290069229989,1.0,-1.7504696965034845,65,125,800,30,2,100,0.0,0,0.3,0.0,0.0,1.0,0.7,1.0,1.0,0.25,1.0,0.25
0_基准,0.9669661541209335,0.0361991790282891,1.0,-0.9125578746758624,66,126,800,30,2,100,0.0,0,0.3,0.0,0.0,1.0,0.7,1.0,1.0,0.25,1.0,0.25
0_基准,1.0117740946932925,0.03534487145349981,1.0,0.33312031446436724,67,127,800,30,2,100,0.0,0,0.3,0.0,0.0,1.0,0.7,1.0,1.0,0.25,1.0,0.25
0_基准,0.9353919800590355,0.034050465532644215,1.0,-1.8974195779797716,68,128,800,30,2,100,0.0,0,0.3,0.0,0.0,1.0,0.7,1.0,1.0,0.25,1.0,0.25
0_基准,1.016407016528959,0.03692773303537229,1.0,0.4443006699935519,69,129,800,30,2,100,0.0,0,0.3,0.0,0.0,1.0,0.7,1.0,1.0,0.25,1.0,0.25
0_基准,1.0351375726544239,0.035487281137428904,1.0,0.9901455261773715,70,130,800,30,2,100,0.0,0,0.3,0.0,0.0,1.0,0.7,1.0,1.0,0.25,1.0,0.25
0_基准,0.9266785373895846,0.035154175171044556,1.0,-2.0857113629793846,71,131,800,30,2,100,0.0,0,0.3,0.0,0.0,1.0,0.7,1.0,1.0,0.25,1.0,0.25
0_基准,0.9932097180956345,0.032553020129136134,1.0,-0.2085914571805868,72,132,800,30,2,100,0.0,0,0.3,0.0,0.0,1.0,0.7,1.0,1.0,0.25,1.0,0.25
0_基准,0.9784808167445112,0.03744550606177809,1.0,-0.5746799955109757,73,133,800,30,2,100,0.0,0,0.3,0.0,0.0,1.0,0.7,1.0,1.0,0.25,1.0,0.25
0_基准,0.9874974112936435,0.03325657117836848,1.0,-0.37594340797492326,74,134,800,30,2,100,0.0,0,0.3,0.0,0.0,1.0,0.7,1.0,1.0,0.25,1.0,0.25
0_基准,0.9280443614078348,0.03679812596296202,1.0,-1.9554158454859878,75,135,800,30,2,100,0.0,0,0.3,0.0,0.0,1.0,0.7,1.0,1.0,0.25,1.0,0.25
0_基准,0.9891582932634684,0.03252284276402129,1.0,-0.3333566753434409,76,136,800,30,2,100,0.0,0,0.3,0.0,0.0,1.0,0.7,1.0,1.0,0.25,1.0,0.25
0_基准,0.9698987448413774,0.0352923827540165,1.0,-0.85291082125071,77,137,800,30,2,100,0.0,0,0.3,0.0,0.0,1.0,0.7,1.0,1.0,0.25,1.0,0.25
0_基准,0.9633665911230457,0.03197209306213318,1.0,-1.145793264324689,78,138,800,30,2,100,0.0,0,0.3,0.0,0.0,1.0,0.7,1.0,1.0,0.25,1.0,0.25
0_基准,0.9946948575943827,0.03809244221953656,1.0,-0.13927020943005963,79,139,800,30,2,100,0.0,0,0.3,0.0,0.0,1.0,0.7,1.0,1.0,0.25,1.0,0.25
0_基准,1.0194493799647366,0.03636723315326253,1.0,0.5348050505456666,80,140,800,30,2,100,0.0,0,0.3,0.0,0.0,1.0,0.7,1.0,1.0,0.25,1.0,0.25
0_基准,0.9776433372007831,0.03648445990559287,1.0,-0.6127722010156366,81,141,800,30,2,100,0.0,0,0.3,0.0,0.0,1.0,0.7,1.0,1.0,0.25,1.0,0.25
0_基准,0.9852384463072628,0.03584443489813945,1.0,-0.41182274834812516,82,142,800,30,2,100,0.0,0,0.3,0.0,0.0,1.0,0.7,1.0,1.0,0.25,1.0,0.25
0_基准,0.9285015437980403,0.03497022858378822,1.0,-2.0445521547178434,83,143,800,30,2,100,0.0,0,0.3,0.0,0.0,1.0,0.7,1.0,1.0,0.25,1.0,0.25
0_基准,0.9851630270824407,0.03763689905532686,1.0,-0.3942134790581089,84,144,800,30,2,100,0.0,0,0.3,0.0,0.0,1.0,0.7,1.0,1.0,0.25,1.0,0.25
0_基准,0.9824862733399321,0.03458266746062878,1.0,-0.5064307627515052,85,145,800,30,2,100,0.0,0,0.3,0.0,0.0,1.0,0.7,1.0,1.0,0.25,1.0,0.25
0_基准,1.0377927898061576,0.03673979057506803,1.0,1.0286610025426814,86,146,800,30,2,100,0.0,0,0.3,0.0,0.0,1.0,0.7,1.0,1.0,0.25,1.0,0.25
0_基准,0.9978889094446108,0.034690155321224055,1.0,-0.06085560977864975,87,147,800,30,2,100,0.0,0,0.3,0.0,0.0,1.0,0.7,1.0,1.0,0.25,1.0,0.25
0_基准,0.9611980841712645,0.035475884414436984,1.0,-1.093754714482748,88,148,800,30,2,100,0.0,0,0.3,0.0,0.0,1.0,0.7,1.0,1.0,0.25,1.0,0.25
0_基准,1.005327520512803,0.03628191316730008,1.0,0.14683681337963436,89,149,800,30,2,100,0.0,0,0.3,0.0,0.0,1.0,0.7,1.0,1.0,0.25,1.0,0.25
0_基准,1.0249465158222408,0.03558002457749879,1.0,0.7011382403040074,90,150,800,30,2,100,0.0,0,0.3,0.0,0.0,1.0,0.7,1.0,1.0,0.25,1.0,0.25
0_基准,1.0227771322021182,0.03327411997050703,1.0,0.6845299657002804,91,151,800,30,2,100,0.0,0,0.3,0.0,0.0,1.0,0.7,1.0,1.0,0.25,1.0,0.25
0_基准,0.9579178141272202,0.035592612682648204,1.0,-1.182329216683082,92,152,800,30,2,100,0.0,0,0.3,0.0,0.0,1.0,0.7,1.0,1.0,0.25,1.0,0.25
0_基准,0.9974406011748796,0.03691378103212167,1.0,-0.06933450742673071,93,153,800,30,2,100,0.0,0,0.3,0.0,0.0,1.0,0.7,1.0,1.0,0.25,1.0,0.25
0_基准,1.0117635893902377,0.034100568582372176,1.0,0.34496754392296913,94,154,800,30,2,100,0.0,0,0.3,0.0,0.0,1.0,0.7,1.0,1.0,0.25,1.0,0.25
0_基准,1.0245127619240655,0.0352335662212655,1.0,0.6957218514335518,95,155,800,30,2,100,0.0,0,0.3,0.0,0.0,1.0,0.7,1.0,1.0,0.25,1.0,0.25
0_基准,0.9899023739686044,0.03621667552684673,1.0,-0.27881151112035274,96,156,800,30,2,100,0.0,0,0.3,0.0,0.0,1.0,0.7,1.0,1.0,0.25,1.0,0.25
0_基准,0.9650032510882767,0.039765326443717636,1.0,-0.8800820222425793,97,157,800,30,2,100,0.0,0,0.3,0.0,0.0,1.0,0.7,1.0,1.0,0.25,1.0,0.25
0_基准,0.9868166797528973,0.032877582474655165,1.0,-0.40098204474935145,98,158,800,30,2,100,0.0,0,0.3,0.0,0.0,1.0,0.7,1.0,1.0,0.25,1.0,0.25
0_基准,1.0163418300035707,0.03607877453166334,1.0,0.4529485886287195,99,159,800,30,2,100,0.0,0,0.3,0.0,0.0,1.0,0.7,1.0,1.0,0.25,1.0,0.25
inter_0.25,1.0223997788641976,0.03762003726711117,1.0,0.595421495868117,0,61,800,30,2,100,0.0,0,0.3,0.25,0.0,1.0,0.7,1.0,1.0,0.25,1.0,0.25
inter_0.25,0.9115144862752019,0.04071698445945613,1.0,-2.17318435781774,1,62,800,30,2,100,0.0,0,0.3,0.25,0.0,1.0,0.7,1.0,1.0,0.25,1.0,0.25
inter_0.25,0.9697492245376715,0.04121205509465151,1.0,-0.7340273469219543,2,63,800,30,2,100,0.0,0,0.3,0.25,0.0,1.0,0.7,1.0,1.0,0.25,1.0,0.25
inter_0.25,0.9755279915285268,0.041133418021496615,1.0,-0.5949422549491024,3,64,800,30,2,100,0.0,0,0.3,0.25,0.0,1.0,0.7,1.0,1.0,0.25,1.0,0.25
inter_0.25,0.9742932336400972,0.03564872536914341,1.0,-0.7211131981216322,4,65,800,30,2,100,0.0,0,0.3,0.25,0.0,1.0,0.7,1.0,1.0,0.25,1.0,0.25
inter_0.25,0.9706852041087272,0.040911458191456425,1.0,-0.7165424354733626,5,66,800,30,2,100,0.0,0,0.3,0.25,0.0,1.0,0.7,1.0,1.0,0.25,1.0,0.25
inter_0.25,0.995045301298511,0.04314023454151797,1.0,-0.11485099128797349,6,67,800,30,2,100,0.0,0,0.3,0.25,0.0,1.0,0.7,1.0,1.0,0.25,1.0,0.25
inter_0.25,0.8947610307339772,0.04173740830348651,1.0,-2.521454339013948,7,68,800,30,2,100,0.0,0,0.3,0.25,0.0,1.0,0.7,1.0,1.0,0.25,1.0,0.25
inter_0.25,0.9229915488091333,0.03802525244632969,1.0,-2.0251923718207907,8,69,800,30,2,100,0.0,0,0.3,0.25,0.0,1.0,0.7,1.0,1.0,0.25,1.0,0.25
inter_0.25,0.983142315407373,0.03779444070624248,1.0,-0.44603609095987157,9,70,800,30,2,100,0.0,0,0.3,0.25,0.0,1.0,0.7,1.0,1.0,0.25,1.0,0.25
inter_0.25,0.9957089479591003,0.040853555583703925,1.0,-0.10503497136517055,10,71,800,30,2,100,0.0,0,0.3,0.25,0.0,1.0,0.7,1.0,1.0,0.25,1.0,0.25
inter_0.25,1.009372094805055,0.041408672252642026,1.0,0.22633169080800705,11,72,800,30,2,100,0.0,0,0.3,0.25,0.0,1.0,0.7,1.0,1.0,0.25,1.0,0.25
inter_0.25,0.9670980256638992,0.0389922830738814,1.0,-0.8438073316650655,12,73,800,30,2,100,0.0,0,0.3,0.25,0.0,1.0,0.7,1.0,1.0,0.25,1.0,0.25
inter_0.25,1.057114097233616,0.03994985758817135,1.0,1.429644576518508,13,74,800,30,2,100,0.0,0,0.3,0.25,0.0,1.0,0.7,1.0,1.0,0.25,1.0,0.25
inter_0.25,1.0196103673917603,0.039273095338639465,1.0,0.49933337880974915,14,75,800,30,2,100,0.0,0,0.3,0.25,0.0,1.0,0.7,1.0,1.0,0.25,1.0,0.25
inter_0.25,0.9869582900124317,0.04014882897301404,1.0,-0.32483413143467327,15,76,800,30,2,100,0.0,0,0.3,0.25,0.0,1.0,0.7,1.0,1.0,0.25,1.0,0.25
inter_0.25,0.9695210941703358,0.04282946189451108,1.0,-0.7116341060911221,16,77,800,30,2,100,0.0,0,0.3,0.25,0.0,1.0,0.7,1.0,1.0,0.25,1.0,0.25
inter_0.25,0.8978611428539791,0.038977735576341634,1.0,-2.620441019360197,17,78,800,30,2,100,0.0,0,0.3,0.25,0.0,1.0,0.7,1.0,1.0,0.25,1.0,0.25
inter_0.25,0.9182506552593034,0.03798858371814346,1.0,-2.151945051366916,18,79,800,30,2,100,0.0,0,0.3,0.25,0.0,1.0,0.7,1.0,1.0,0.25,1.0,0.25
inter_0.25,0.985432659995536,0.040994727430988614,1.0,-0.3553466730322086,19,80,800,30,2,100,0.0,0,0.3,0.25,0.0,1.0,0.7,1.0,1.0,0.25,1.0,0.25
inter_0.25,0.9825979943878971,0.03967205250942097,1.0,-0.43864646549281633,20,81,800,30,2,100,0.0,0,0.3,0.25,0.0,1.0,0.7,1.0,1.0,0.25,1.0,0.25
inter_0.25,0.9489933085220003,0.040237693242045,1.0,-1.2676345826082804,21,82,800,30,2,100,0.0,0,0.3,0.25,0.0,1.0,0.7,1.0,1.0,0.25,1.0,0.25
inter_0.25,0.9498791605800387,0.03852835125213501,1.0,-1.3008820204104599,22,83,800,30,2,100,0.0,0,0.3,0.25,0.0,1.0,0.7,1.0,1.0,0.25,1.0,0.25
inter_0.25,0.9378576052941662,0.03824766608637759,1.0,-1.624736907227044,23,84,800,30,2,100,0.0,0,0.3,0.25,0.0,1.0,0.7,1.0,1.0,0.25,1.0,0.25
inter_0.25,1.018489552092759,0.04038832721086389,1.0,0.4577944512588185,24,85,800,30,2,100,0.0,0,0.3,0.25,0.0,1.0,0.7,1.0,1.0,0.25,1.0,0.25
inter_0.25,1.012777525041234,0.037895190688089844,1.0,0.3371806503470098,25,86,800,30,2,100,0.0,0,0.3,0.25,0.0,1.0,0.7,1.0,1.0,0.25,1.0,0.25
inter_0.25,0.9356559476925482,0.03926688046371972,1.0,-1.638634175864871,26,87,800,30,2,100,0.0,0,0.3,0.25,0.0,1.0,0.7,1.0,1.0,0.25,1.0,0.25
inter_0.25,0.9553384126888933,0.04026203564818529,1.0,-1.1092729563245445,27,88,800,30,2,100,0.0,0,0.3,0.25,0.0,1.0,0.7,1.0,1.0,0.25,1.0,0.25
inter_0.25,0.8645808236694584,0.03707680502438859,1.0,-3.652396053043534,28,89,800,30,2,100,0.0,0,0.3,0.25,0.0,1.0,0.7,1.0,1.0,0.25,1.0,0.25
inter_0.25,0.9598869088557951,0.03573250285240065,1.0,-1.1225939394701527,29,90,800,30,2,100,0.0,0,0.3,0.25,0.0,1.0,0.7,1.0,1.0,0.25,1.0,0.25
inter_0.25,0.96817341085786,0.04018064012686708,1.0,-0.7920876581769263,30,91,800,30,2,100,0.0,0,0.3,0.25,0.0,1.0,0.7,1.0,1.0,0.25,1.0,0.25
inter_0.25,0.9496058108586676,0.04278782534653774,1.0,-1.1777693475466655,31,92,800,30,2,100,0.0,0,0.3,0.25,0.0,1.0,0.7,1.0,1.0,0.25,1.0,0.25
inter_0.25,0.9428058984901457,0.03971496815150193,1.0,-1.4401145001973599,32,93,800,30,2,100,0.0,0,0.3,0.25,0.0,1.0,0.7,1.0,1.0,0.25,1.0,0.25
inter_0.25,0.9430630569376379,0.04023260756425607,1.0,-1.4151939560821971,33,94,800,30,2,100,0.0,0,0.3,0.25,0.0,1.0,0.7,1.0,1.0,0.25,1.0,0.25
inter_0.25,1.0088017098248359,0.04164516122017442,1.0,0.21135012008482731,34,95,800,30,2,100,0.0,0,0.3,0.25,0.0,1.0,0.7,1.0,1.0,0.25,1.0,0.25
inter_0.25,0.9072726959958137,0.038913121038893085,1.0,-2.38293155441083,35,96,800,30,2,100,0.0,0,0.3,0.25,0.0,1.0,0.7,1.0,1.0,0.25,1.0,0.25
inter_0.25,1.0386884459921406,0.04177706042699922,1.0,0.9260691297259743,36,97,800,30,2,100,0.0,0,0.3,0.25,0.0,1.0,0.7,1.0,1.0,0.25,1.0,0.25
inter_0.25,0.8476101464217447,0.03856382017418975,1.0,-3.9516275330069033,37,98,800,30,2,100,0.0,0,0.3,0.25,0.0,1.0,0.7,1.0,1.0,0.25,1.0,0.25
inter_0.25,1.00457870955696,0.03815765531814782,1.0,0.11999452059577699,38,99,800,30,2,100,0.0,0,0.3,0.25,0.0,1.0,0.7,1.0,1.0,0.25,1.0,0.25
inter_0.25,1.0151013182795998,0.041366390779390305,1.0,0.36506250593957174,39,100,800,30,2,100,0.0,0,0.3,0.25,0.0,1.0,0.7,1.0,1.0,0.25,1.0,0.25
inter_0.25,0.9718731077978181,0.03911816320417257,1.0,-0.7190238471928487,40,101,800,30,2,100,0.0,0,0.3,0.25,0.0,1.0,0.7,1.0,1.0,0.25,1.0,0.25
inter_0.25,1.0367752570435511,0.03858995782589058,1.0,0.9529747922885276,41,102,800,30,2,100,0.0,0,0.3,0.25,0.0,1.0,0.7,1.0,1.0,0.25,1.0,0.25
inter_0.25,1.0246188478886777,0.03752441214745166,1.0,0.6560755113747903,42,103,800,30,2,100,0.0,0,0.3,0.25,0.0,1.0,0.7,1.0,1.0,0.25,1.0,0.25
inter_0.25,1.0124233450474878,0.04017254993928583,1.0,0.30924960118945893,43,104,800,30,2,100,0.0,0,0.3,0.25,0.0,1.0,0.7,1.0,1.0,0.25,1.0,0.25
inter_0.25,0.9721487855681477,0.03667584699360413,1.0,-0.7593884453904853,44,105,800,30,2,100,0.0,0,0.3,0.25,0.0,1.0,0.7,1.0,1.0,0.25,1.0,0.25
inter_0.25,1.0470935927792189,0.04679620258840838,1.0,1.0063550069099871,45,106,800,30,2,100,0.0,0,0.3,0.25,0.0,1.0,0.7,1.0,1.0,0.25,1.0,0.25
inter_0.25,0.9916498307774123,0.04437960406542535,1.0,-0.18815330597086205,46,107,800,30,2,100,0.0,0,0.3,0.25,0.0,1.0,0.7,1.0,1.0,0.25,1.0,0.25
inter_0.25,0.988063376144519,0.040052635725225466,1.0,-0.2980234294035041,47,108,800,30,2,100,0.0,0,0.3,0.25,0.0,1.0,0.7,1.0,1.0,0.25,1.0,0.25
inter_0.25,0.9820702068379097,0.036924526050833024,1.0,-0.48557950716569354,48,109,800,30,2,100,0.0,0,0.3,0.25,0.0,1.0,0.7,1.0,1.0,0.25,1.0,0.25
inter_0.25,0.9445125791587426,0.036387917813977114,1.0,-1.5248858460360666,49,110,800,30,2,100,0.0,0,0.3,0.25,0.0,1.0,0.7,1.0,1.0,0.25,1.0,0.25
inter_0.25,0.9233368631165986,0.040475799114797595,1.0,-1.8940487540707767,50,111,800,30,2,100,0.0,0,0.3,0.25,0.0,1.0,0.7,1.0,1.0,0.25,1.0,0.25
inter_0.25,0.9722483123907952,0.03913604080556181,1.0,-0.7091082040486028,51,112,800,30,2,100,0.0,0,0.3,0.25,0.0,1.0,0.7,1.0,1.0,0.25,1.0,0.25
inter_0.25,0.979494396584056,0.03981782289171099,1.0,-0.5149855498556829,52,113,800,30,2,100,0.0,0,0.3,0.25,0.0,1.0,0.7,1.0,1.0,0.25,1.0,0.25
inter_0.25,0.9259083752326158,0.03773215876150906,1.0,-1.9636200842811506,53,114,800,30,2,100,0.0,0,0.3,0.25,0.0,1.0,0.7,1.0,1.0,0.25,1.0,0.25
inter_0.25,0.9736934050929958,0.040789766163774575,1.0,-0.6449312506813796,54,115,800,30,2,100,0.0,0,0.3,0.25,0.0,1.0,0.7,1.0,1.0,0.25,1.0,0.25
inter_0.25,0.931651034589056,0.041109398251499694,1.0,-1.6626116731944776,55,116,800,30,2,100,0.0,0,0.3,0.25,0.0,1.0,0.7,1.0,1.0,0.25,1.0,0.25
inter_0.25,1.023647952965145,0.036117086099348085,1.0,0.6547580527425727,56,117,800,30,2,100,0.0,0,0.3,0.25,0.0,1.0,0.7,1.0,1.0,0.25,1.0,0.25
inter_0.25,0.9789431875195485,0.03765610345701254,1.0,-0.5591872378534753,57,118,800,30,2,100,0.0,0,0.3,0.25,0.0,1.0,0.7,1.0,1.0,0.25,1.0,0.25
inter_0.25,1.002938037888894,0.03810313900314651,1.0,0.07710750257744611,58,119,800,30,2,100,0.0,0,0.3,0.25,0.0,1.0,0.7,1.0,1.0,0.25,1.0,0.25
inter_0.25,1.0580828290645024,0.040002343285223355,1.0,1.4519856661986557,59,120,800,30,2,100,0.0,0,0.3,0.25,0.0,1.0,0.7,1.0,1.0,0.25,1.0,0.25
inter_0.25,1.002291122176909,0.037577142851729854,1.0,0.060971164996478866,60,121,800,30,2,100,0.0,0,0.3,0.25,0.0,1.0,0.7,1.0,1.0,0.25,1.0,0.25
inter_0.25,1.0341075088099638,0.04047101776706274,1.0,0.842763802142929,61,122,800,30,2,100,0.0,0,0.3,0.25,0.0,1.0,0.7,1.0,1.0,0.25,1.0,0.25
inter_0.25,0.9499575365961971,0.03703754020891368,1.0,-1.3511281559610537,62,123,800,30,2,100,0.0,0,0.3,0.25,0.0,1.0,0.7,1.0,1.0,0.25,1.0,0.25
inter_0.25,0.9955450081169941,0.03800438119613326,1.0,-0.11722311330408351,63,124,800,30,2,100,0.0,0,0.3,0.25,0.0,1.0,0.7,1.0,1.0,0.25,1.0,0.25
inter_0.25,0.9455836296167561,0.0373009281684678,1.0,-1.4588476227045886,64,125,800,30,2,100,0.0,0,0.3,0.25,0.0,1.0,0.7,1.0,1.0,0.25,1.0,0.25
inter_0.25,1.0069513641647936,0.040297153030858984,1.0,0.17250261226817507,65,126,800,30,2,100,0.0,0,0.3,0.25,0.0,1.0,0.7,1.0,1.0,0.25,1.0,0.25
inter_0.25,1.000413672814606,0.038697398357778634,1.0,0.010689938656376682,66,127,800,30,2,100,0.0,0,0.3,0.25,0.0,1.0,0.7,1.0,1.0,0.25,1.0,0.25
inter_0.25,0.9232079653628488,0.03851951862558733,1.0,-1.9935875986295595,67,128,800,30,2,100,0.0,0,0.3,0.25,0.0,1.0,0.7,1.0,1.0,0.25,1.0,0.25
inter_0.25,1.023101757181529,0.04020251423745529,1.0,0.5746346371542594,68,129,800,30,2,100,0.0,0,0.3,0.25,0.0,1.0,0.7,1.0,1.0,0.25,1.0,0.25
inter_0.25,1.0429278337294232,0.03611509216624227,1.0,1.1886397390825156,69,130,800,30,2,100,0.0,0,0.3,0.25,0.0,1.0,0.7,1.0,1.0,0.25,1.0,0.25
inter_0.25,0.9251339165447894,0.03937377595575931,1.0,-1.901419958790103,70,131,800,30,2,100,0.0,0,0.3,0.25,0.0,1.0,0.7,1.0,1.0,0.25,1.0,0.25
inter_0.25,1.0214376321101644,0.03867079917024081,1.0,0.5543622725713342,71,132,800,30,2,100,0.0,0,0.3,0.25,0.0,1.0,0.7,1.0,1.0,0.25,1.0,0.25
inter_0.25,0.9434968133857151,0.04094467779494671,1.0,-1.3799885518029003,72,133,800,30,2,100,0.0,0,0.3,0.25,0.0,1.0,0.7,1.0,1.0,0.25,1.0,0.25
inter_0.25,0.9739513122694737,0.034929260519519716,1.0,-0.7457554881807283,73,134,800,30,2,100,0.0,0,0.3,0.25,0.0,1.0,0.7,1.0,1.0,0.25,1.0,0.25
inter_0.25,0.918038924106342,0.03760408042435157,1.0,-2.1795793160941597,74,135,800,30,2,100,0.0,0,0.3,0.25,0.0,1.0,0.7,1.0,1.0,0.25,1.0,0.25
inter_0.25,0.9719837442516568,0.03647575481419809,1.0,-0.7680788482939894,75,136,800,30,2,100,0.0,0,0.3,0.25,0.0,1.0,0.7,1.0,1.0,0.25,1.0,0.25
inter_0.25,0.9417614331596363,0.03931534889519032,1.0,-1.4813188354405862,76,137,800,30,2,100,0.0,0,0.3,0.25,0.0,1.0,0.7,1.0,1.0,0.25,1.0,0.25
inter_0.25,0.9324626527754509,0.035899556534902635,1.0,-1.881286393019569,77,138,800,30,2,100,0.0,0,0.3,0.25,0.0,1.0,0.7,1.0,1.0,0.25,1.0,0.25
inter_0.25,1.0014908946191672,0.04289688996395172,1.0,0.03475530791206662,78,139,800,30,2,100,0.0,0,0.3,0.25,0.0,1.0,0.7,1.0,1.0,0.25,1.0,0.25
inter_0.25,1.005683354426521,0.04276266858228504,1.0,0.13290457810379266,79,140,800,30,2,100,0.0,0,0.3,0.25,0.0,1.0,0.7,1.0,1.0,0.25,1.0,0.25
inter_0.25,0.9756319428576875,0.039942446119647354,1.0,-0.6100792392463428,80,141,800,30,2,100,0.0,0,0.3,0.25,0.0,1.0,0.7,1.0,1.0,0.25,1.0,0.25
inter_0.25,0.9835676760790166,0.03837997636126333,1.0,-0.4281483596109875,81,142,800,30,2,100,0.0,0,0.3,0.25,0.0,1.0,0.7,1.0,1.0,0.25,1.0,0.25
inter_0.25,0.9404598944834052,0.03995902543326288,1.0,-1.4900289702018652,82,143,800,30,2,100,0.0,0,0.3,0.25,0.0,1.0,0.7,1.0,1.0,0.25,1.0,0.25
inter_0.25,0.9934829152801266,0.04132776867118596,1.0,-0.15769263450260276,83,144,800,30,2,100,0.0,0,0.3,0.25,0.0,1.0,0.7,1.0,1.0,0.25,1.0,0.25
inter_0.25,0.9586489850125373,0.03964329153960763,1.0,-1.0430772365647016,84,145,800,30,2,100,0.0,0,0.3,0.25,0.0,1.0,0.7,1.0,1.0,0.25,1.0,0.25
inter_0.25,1.0474476467881986,0.03990849021062703,1.0,1.1889110948016766,85,146,800,30,2,100,0.0,0,0.3,0.25,0.0,1.0,0.7,1.0,1.0,0.25,1.0,0.25
inter_0.25,0.9661736023274815,0.04331188262481123,1.0,-0.7809957827402548,86,147,800,30,2,100,0.0,0,0.3,0.25,0.0,1.0,0.7,1.0,1.0,0.25,1.0,0.25
inter_0.25,0.9699831935459657,0.03896479944141619,1.0,-0.7703570115679592,87,148,800,30,2,100,0.0,0,0.3,0.25,0.0,1.0,0.7,1.0,1.0,0.25,1.0,0.25
inter_0.25,1.014179517328807,0.041733267077571204,1.0,0.33976533163461803,88,149,800,30,2,100,0.0,0,0.3,0.25,0.0,1.0,0.7,1.0,1.0,0.25,1.0,0.25
inter_0.25,0.9887845056389273,0.039975893050571844,1.0,-0.2805564430264125,89,150,800,30,2,100,0.0,0,0.3,0.25,0.0,1.0,0.7,1.0,1.0,0.25,1.0,0.25
inter_0.25,1.0400310101903576,0.037423329362428974,1.0,1.0696806209483487,90,151,800,30,2,100,0.0,0,0.3,0.25,0.0,1.0,0.7,1.0,1.0,0.25,1.0,0.25
inter_0.25,0.9625413945521877,0.04120564036929019,1.0,-0.9090649996481922,91,152,800,30,2,100,0.0,0,0.3,0.25,0.0,1.0,0.7,1.0,1.0,0.25,1.0,0.25
inter_0.25,1.0212068674836272,0.04173951457278149,1.0,0.5080765241447321,92,153,800,30,2,100,0.0,0,0.3,0.25,0.0,1.0,0.7,1.0,1.0,0.25,1.0,0.25
inter_0.25,0.996882250953714,0.04026000296126429,1.0,-0.07744035809648947,93,154,800,30,2,100,0.0,0,0.3,0.25,0.0,1.0,0.7,1.0,1.0,0.25,1.0,0.25
inter_0.25,1.021364388689316,0.0397502677619927,1.0,0.5374652773972912,94,155,800,30,2,100,0.0,0,0.3,0.25,0.0,1.0,0.7,1.0,1.0,0.25,1.0,0.25
inter_0.25,0.9733428192452023,0.03864484948443408,1.0,-0.6897990575829538,95,156,800,30,2,100,0.0,0,0.3,0.25,0.0,1.0,0.7,1.0,1.0,0.25,1.0,0.25
inter_0.25,0.961169136175615,0.041756578256973646,1.0,-0.9299340474072495,96,157,800,30,2,100,0.0,0,0.3,0.25,0.0,1.0,0.7,1.0,1.0,0.25,1.0,0.25
inter_0.25,0.9754555010424878,0.03648212200653298,1.0,-0.6727815600506171,97,158,800,30,2,100,0.0,0,0.3,0.25,0.0,1.0,0.7,1.0,1.0,0.25,1.0,0.25
inter_0.25,1.0210083800204077,0.0395838523865972,1.0,0.5307310621318153,98,159,800,30,2,100,0.0,0,0.3,0.25,0.0,1.0,0.7,1.0,1.0,0.25,1.0,0.25
inter_0.25,0.9678004146802064,0.04158204312904624,1.0,-0.7743627512449307,99,160,800,30,2,100,0.0,0,0.3,0.25,0.0,1.0,0.7,1.0,1.0,0.25,1.0,0.25
inter_0.5,0.9082840441194314,0.051395709477218755,1.0,-1.7845060767421033,0,62,800,30,2,100,0.0,0,0.3,0.5,0.0,1.0,0.7,1.0,1.0,0.25,1.0,0.25
inter_0.5,0.9598703963113683,0.05424182824641584,1.0,-0.739827638300215,1,63,800,30,2,100,0.0,0,0.3,0.5,0.0,1.0,0.7,1.0,1.0,0.25,1.0,0.25
inter_0.5,0.9521230038437787,0.05312696958523642,1.0,-0.9011806344310287,2,64,800,30,2,100,0.0,0,0.3,0.5,0.0,1.0,0.7,1.0,1.0,0.25,1.0,0.25
inter_0.5,0.9587083431508358,0.04282656337224574,1.0,-0.964159941816013,3,65,800,30,2,100,0.0,0,0.3,0.5,0.0,1.0,0.7,1.0,1.0,0.25,1.0,0.25
inter_0.5,0.971890871289492,0.04914989159919666,1.0,-0.5719062198494738,4,66,800,30,2,100,0.0,0,0.3,0.5,0.0,1.0,0.7,1.0,1.0,0.25,1.0,0.25
inter_0.5,0.9817507193212394,0.05108134262215501,1.0,-0.3572592211161959,5,67,800,30,2,100,0.0,0,0.3,0.5,0.0,1.0,0.7,1.0,1.0,0.25,1.0,0.25
inter_0.5,0.8599744173206308,0.05288285249977623,1.0,-2.647844737194569,6,68,800,30,2,100,0.0,0,0.3,0.5,0.0,1.0,0.7,1.0,1.0,0.25,1.0,0.25
inter_0.5,0.8740175882961285,0.04757299565889675,1.0,-2.6481916885616847,7,69,800,30,2,100,0.0,0,0.3,0.5,0.0,1.0,0.7,1.0,1.0,0.25,1.0,0.25
inter_0.5,0.9847577371906363,0.04646053659426011,1.0,-0.3280690221568981,8,70,800,30,2,100,0.0,0,0.3,0.5,0.0,1.0,0.7,1.0,1.0,0.25,1.0,0.25
inter_0.5,1.0070397645141609,0.04962593534986986,1.0,0.141856560778745,9,71,800,30,2,100,0.0,0,0.3,0.5,0.0,1.0,0.7,1.0,1.0,0.25,1.0,0.25
inter_0.5,0.9909022562422386,0.05845837303081854,1.0,-0.15562772766469538,10,72,800,30,2,100,0.0,0,0.3,0.5,0.0,1.0,0.7,1.0,1.0,0.25,1.0,0.25
inter_0.5,0.962012233486188,0.04552412839477369,1.0,-0.8344534613467324,11,73,800,30,2,100,0.0,0,0.3,0.5,0.0,1.0,0.7,1.0,1.0,0.25,1.0,0.25
inter_0.5,1.0916763464105157,0.04963647887278435,1.0,1.846955072004146,12,74,800,30,2,100,0.0,0,0.3,0.5,0.0,1.0,0.7,1.0,1.0,0.25,1.0,0.25
inter_0.5,1.055492570957617,0.046229023847216166,1.0,1.200383792247405,13,75,800,30,2,100,0.0,0,0.3,0.5,0.0,1.0,0.7,1.0,1.0,0.25,1.0,0.25
inter_0.5,1.0111804303726317,0.0466107271398703,1.0,0.2398681818260695,14,76,800,30,2,100,0.0,0,0.3,0.5,0.0,1.0,0.7,1.0,1.0,0.25,1.0,0.25
inter_0.5,0.9540249786540443,0.05110852140995931,1.0,-0.8995568660101502,15,77,800,30,2,100,0.0,0,0.3,0.5,0.0,1.0,0.7,1.0,1.0,0.25,1.0,0.25
inter_0.5,0.8789513371758316,0.04857826247368839,1.0,-2.491827757111164,16,78,800,30,2,100,0.0,0,0.3,0.5,0.0,1.0,0.7,1.0,1.0,0.25,1.0,0.25
inter_0.5,0.9184901316526214,0.04566720862595186,1.0,-1.784866445746763,17,79,800,30,2,100,0.0,0,0.3,0.5,0.0,1.0,0.7,1.0,1.0,0.25,1.0,0.25
inter_0.5,0.9969016452278712,0.05198852170866525,1.0,-0.05959690082152132,18,80,800,30,2,100,0.0,0,0.3,0.5,0.0,1.0,0.7,1.0,1.0,0.25,1.0,0.25
inter_0.5,0.9803334641457866,0.04865845416661708,1.0,-0.40417510566346665,19,81,800,30,2,100,0.0,0,0.3,0.5,0.0,1.0,0.7,1.0,1.0,0.25,1.0,0.25
inter_0.5,0.9705759019279996,0.05137137043474518,1.0,-0.5727723014393118,20,82,800,30,2,100,0.0,0,0.3,0.5,0.0,1.0,0.7,1.0,1.0,0.25,1.0,0.25
inter_0.5,0.9227279568480846,0.047347570295428194,1.0,-1.6320170743666786,21,83,800,30,2,100,0.0,0,0.3,0.5,0.0,1.0,0.7,1.0,1.0,0.25,1.0,0.25
inter_0.5,0.9422224567996338,0.047331677115019836,1.0,-1.2206950338979552,22,84,800,30,2,100,0.0,0,0.3,0.5,0.0,1.0,0.7,1.0,1.0,0.25,1.0,0.25
inter_0.5,1.0303476368705133,0.04941506375983114,1.0,0.6141373613926719,23,85,800,30,2,100,0.0,0,0.3,0.5,0.0,1.0,0.7,1.0,1.0,0.25,1.0,0.25
inter_0.5,0.9835325396994162,0.04670110462512168,1.0,-0.35261393563966187,24,86,800,30,2,100,0.0,0,0.3,0.5,0.0,1.0,0.7,1.0,1.0,0.25,1.0,0.25
inter_0.5,0.9277952492869137,0.04858667230348908,1.0,-1.486101996491354,25,87,800,30,2,100,0.0,0,0.3,0.5,0.0,1.0,0.7,1.0,1.0,0.25,1.0,0.25
inter_0.5,0.9489073034192749,0.05161195548937424,1.0,-0.989939173904077,26,88,800,30,2,100,0.0,0,0.3,0.5,0.0,1.0,0.7,1.0,1.0,0.25,1.0,0.25
inter_0.5,0.8307027219033215,0.04503233309304511,1.0,-3.7594605135576495,27,89,800,30,2,100,0.0,0,0.3,0.5,0.0,1.0,0.7,1.0,1.0,0.25,1.0,0.25
inter_0.5,0.9588813293897729,0.04367319562376602,1.0,-0.9415081727578279,28,90,800,30,2,100,0.0,0,0.3,0.5,0.0,1.0,0.7,1.0,1.0,0.25,1.0,0.25
inter_0.5,0.9571428614333495,0.04896216538533016,1.0,-0.8753113394672533,29,91,800,30,2,100,0.0,0,0.3,0.5,0.0,1.0,0.7,1.0,1.0,0.25,1.0,0.25
inter_0.5,0.9493934199311704,0.060448132404185936,1.0,-0.837190134021827,30,92,800,30,2,100,0.0,0,0.3,0.5,0.0,1.0,0.7,1.0,1.0,0.25,1.0,0.25
inter_0.5,0.9138710351347501,0.048592990292332064,1.0,-1.7724565692933079,31,93,800,30,2,100,0.0,0,0.3,0.5,0.0,1.0,0.7,1.0,1.0,0.25,1.0,0.25
inter_0.5,0.9469663432279047,0.0513757843985503,1.0,-1.0322695291751447,32,94,800,30,2,100,0.0,0,0.3,0.5,0.0,1.0,0.7,1.0,1.0,0.25,1.0,0.25
inter_0.5,0.9864997754519371,0.05321170669484624,1.0,-0.25370779075895394,33,95,800,30,2,100,0.0,0,0.3,0.5,0.0,1.0,0.7,1.0,1.0,0.25,1.0,0.25
inter_0.5,0.9032466616683121,0.047304451113393126,1.0,-2.0453326495589432,34,96,800,30,2,100,0.0,0,0.3,0.5,0.0,1.0,0.7,1.0,1.0,0.25,1.0,0.25
inter_0.5,1.0392317814856546,0.05230536934974885,1.0,0.75005266138787,35,97,800,30,2,100,0.0,0,0.3,0.5,0.0,1.0,0.7,1.0,1.0,0.25,1.0,0.25
inter_0.5,0.8285206264917758,0.045129846451798385,1.0,-3.799688831012871,36,98,800,30,2,100,0.0,0,0.3,0.5,0.0,1.0,0.7,1.0,1.0,0.25,1.0,0.25
inter_0.5,1.0052624353602717,0.050018052698628884,1.0,0.10521072045685552,37,99,800,30,2,100,0.0,0,0.3,0.5,0.0,1.0,0.7,1.0,1.0,0.25,1.0,0.25
inter_0.5,1.0011437819676179,0.05210642395940449,1.0,0.02195088207375337,38,100,800,30,2,100,0.0,0,0.3,0.5,0.0,1.0,0.7,1.0,1.0,0.25,1.0,0.25
inter_0.5,0.9583763175671987,0.04943923157541869,1.0,-0.8419160473662528,39,101,800,30,2,100,0.0,0,0.3,0.5,0.0,1.0,0.7,1.0,1.0,0.25,1.0,0.25
inter_0.5,1.0329200257464994,0.04850688249315098,1.0,0.6786671097889592,40,102,800,30,2,100,0.0,0,0.3,0.5,0.0,1.0,0.7,1.0,1.0,0.25,1.0,0.25
inter_0.5,1.0337486435269299,0.04578127895402684,1.0,0.7371712695230719,41,103,800,30,2,100,0.0,0,0.3,0.5,0.0,1.0,0.7,1.0,1.0,0.25,1.0,0.25
inter_0.5,1.0254712061711413,0.04921632917730967,1.0,0.5175356755961464,42,104,800,30,2,100,0.0,0,0.3,0.5,0.0,1.0,0.7,1.0,1.0,0.25,1.0,0.25
inter_0.5,0.9833864745081368,0.044789050322188266,1.0,-0.37092828207685796,43,105,800,30,2,100,0.0,0,0.3,0.5,0.0,1.0,0.7,1.0,1.0,0.25,1.0,0.25
inter_0.5,1.0582144283707453,0.06137142985978051,1.0,0.9485591015844308,44,106,800,30,2,100,0.0,0,0.3,0.5,0.0,1.0,0.7,1.0,1.0,0.25,1.0,0.25
inter_0.5,0.9812213078886117,0.057028359718597155,1.0,-0.32928690574392366,45,107,800,30,2,100,0.0,0,0.3,0.5,0.0,1.0,0.7,1.0,1.0,0.25,1.0,0.25
inter_0.5,0.9461573703453606,0.048714290867206154,1.0,-1.1052738056151312,46,108,800,30,2,100,0.0,0,0.3,0.5,0.0,1.0,0.7,1.0,1.0,0.25,1.0,0.25
inter_0.5,1.0060537483131275,0.04549049185273186,1.0,0.13307722265843122,47,109,800,30,2,100,0.0,0,0.3,0.5,0.0,1.0,0.7,1.0,1.0,0.25,1.0,0.25
inter_0.5,0.9766189392935406,0.04487226272948006,1.0,-0.5210582057654644,48,110,800,30,2,100,0.0,0,0.3,0.5,0.0,1.0,0.7,1.0,1.0,0.25,1.0,0.25
inter_0.5,0.9065253951042657,0.0485515883994394,1.0,-1.9252635799823523,49,111,800,30,2,100,0.0,0,0.3,0.5,0.0,1.0,0.7,1.0,1.0,0.25,1.0,0.25
inter_0.5,0.9793515984094748,0.04703705450998196,1.0,-0.4389816030283799,50,112,800,30,2,100,0.0,0,0.3,0.5,0.0,1.0,0.7,1.0,1.0,0.25,1.0,0.25
inter_0.5,0.9677274680173507,0.05057300725057771,1.0,-0.6381374914635057,51,113,800,30,2,100,0.0,0,0.3,0.5,0.0,1.0,0.7,1.0,1.0,0.25,1.0,0.25
inter_0.5,0.9240727908880132,0.047593308749749604,1.0,-1.595333695146511,52,114,800,30,2,100,0.0,0,0.3,0.5,0.0,1.0,0.7,1.0,1.0,0.25,1.0,0.25
inter_0.5,0.9981852711171683,0.049880720984529496,1.0,-0.036381368332558346,53,115,800,30,2,100,0.0,0,0.3,0.5,0.0,1.0,0.7,1.0,1.0,0.25,1.0,0.25
inter_0.5,0.938132372572015,0.05251653907036291,1.0,-1.1780598745300657,54,116,800,30,2,100,0.0,0,0.3,0.5,0.0,1.0,0.7,1.0,1.0,0.25,1.0,0.25
inter_0.5,1.0275481644045226,0.04627631271185106,1.0,0.5952973084968298,55,117,800,30,2,100,0.0,0,0.3,0.5,0.0,1.0,0.7,1.0,1.0,0.25,1.0,0.25
inter_0.5,0.9998101999388552,0.04529839792319419,1.0,-0.0041899950074744275,56,118,800,30,2,100,0.0,0,0.3,0.5,0.0,1.0,0.7,1.0,1.0,0.25,1.0,0.25
inter_0.5,0.9935538909450378,0.04744853746084702,1.0,-0.1358547470568793,57,119,800,30,2,100,0.0,0,0.3,0.5,0.0,1.0,0.7,1.0,1.0,0.25,1.0,0.25
inter_0.5,1.0489375958346818,0.049208213346627235,1.0,0.9945005621309769,58,120,800,30,2,100,0.0,0,0.3,0.5,0.0,1.0,0.7,1.0,1.0,0.25,1.0,0.25
inter_0.5,0.9933847026424932,0.04503294483626139,1.0,-0.1468990620435731,59,121,800,30,2,100,0.0,0,0.3,0.5,0.0,1.0,0.7,1.0,1.0,0.25,1.0,0.25
inter_0.5,1.0381662482626206,0.048925560405196064,1.0,0.7800881164473533,60,122,800,30,2,100,0.0,0,0.3,0.5,0.0,1.0,0.7,1.0,1.0,0.25,1.0,0.25
inter_0.5,0.9812816373667536,0.04728660845111643,1.0,-0.3958491261346637,61,123,800,30,2,100,0.0,0,0.3,0.5,0.0,1.0,0.7,1.0,1.0,0.25,1.0,0.25
inter_0.5,0.9725936175244594,0.0467504108975658,1.0,-0.5862276277226819,62,124,800,30,2,100,0.0,0,0.3,0.5,0.0,1.0,0.7,1.0,1.0,0.25,1.0,0.25
inter_0.5,0.940147816579553,0.044495359015980895,1.0,-1.345133172179834,63,125,800,30,2,100,0.0,0,0.3,0.5,0.0,1.0,0.7,1.0,1.0,0.25,1.0,0.25
inter_0.5,1.0382791205403459,0.052632134159763304,1.0,0.7272956179992764,64,126,800,30,2,100,0.0,0,0.3,0.5,0.0,1.0,0.7,1.0,1.0,0.25,1.0,0.25
inter_0.5,1.0263012409711205,0.046268595214579884,1.0,0.568446931426019,65,127,800,30,2,100,0.0,0,0.3,0.5,0.0,1.0,0.7,1.0,1.0,0.25,1.0,0.25
inter_0.5,0.909855129892098,0.05150485577935594,1.0,-1.750220804307807,66,128,800,30,2,100,0.0,0,0.3,0.5,0.0,1.0,0.7,1.0,1.0,0.25,1.0,0.25
inter_0.5,1.0242899302512336,0.05269799734242584,1.0,0.460927008163143,67,129,800,30,2,100,0.0,0,0.3,0.5,0.0,1.0,0.7,1.0,1.0,0.25,1.0,0.25
inter_0.5,1.0380867564333567,0.044772217114522915,1.0,0.8506783645744975,68,130,800,30,2,100,0.0,0,0.3,0.5,0.0,1.0,0.7,1.0,1.0,0.25,1.0,0.25
inter_0.5,0.9339232308898648,0.04812281254015046,1.0,-1.3730861855799703,69,131,800,30,2,100,0.0,0,0.3,0.5,0.0,1.0,0.7,1.0,1.0,0.25,1.0,0.25
inter_0.5,1.0315683685565689,0.051252951211449564,1.0,0.6159326987109515,70,132,800,30,2,100,0.0,0,0.3,0.5,0.0,1.0,0.7,1.0,1.0,0.25,1.0,0.25
inter_0.5,0.8935388889622687,0.051559756160152126,1.0,-2.0648102118064235,71,133,800,30,2,100,0.0,0,0.3,0.5,0.0,1.0,0.7,1.0,1.0,0.25,1.0,0.25
inter_0.5,0.958072635098574,0.04221104512574231,1.0,-0.9932794787840187,72,134,800,30,2,100,0.0,0,0.3,0.5,0.0,1.0,0.7,1.0,1.0,0.25,1.0,0.25
inter_0.5,0.927900361221711,0.04455960809093857,1.0,-1.6180492124424855,73,135,800,30,2,100,0.0,0,0.3,0.5,0.0,1.0,0.7,1.0,1.0,0.25,1.0,0.25
inter_0.5,0.9461698198244306,0.0439465958039101,1.0,-1.224899885664862,74,136,800,30,2,100,0.0,0,0.3,0.5,0.0,1.0,0.7,1.0,1.0,0.25,1.0,0.25
inter_0.5,0.9263507739603074,0.054291701137499496,1.0,-1.3565466636082761,75,137,800,30,2,100,0.0,0,0.3,0.5,0.0,1.0,0.7,1.0,1.0,0.25,1.0,0.25
inter_0.5,0.930061283715063,0.04465071312302995,1.0,-1.5663516076938977,76,138,800,30,2,100,0.0,0,0.3,0.5,0.0,1.0,0.7,1.0,1.0,0.25,1.0,0.25
inter_0.5,1.0091251817352602,0.056718969218097326,1.0,0.16088412503005523,77,139,800,30,2,100,0.0,0,0.3,0.5,0.0,1.0,0.7,1.0,1.0,0.25,1.0,0.25
inter_0.5,0.9894872617898424,0.05488872094215013,1.0,-0.19152820524343273,78,140,800,30,2,100,0.0,0,0.3,0.5,0.0,1.0,0.7,1.0,1.0,0.25,1.0,0.25
inter_0.5,0.9749643174337727,0.04763506681595323,1.0,-0.5255725296441227,79,141,800,30,2,100,0.0,0,0.3,0.5,0.0,1.0,0.7,1.0,1.0,0.25,1.0,0.25
inter_0.5,0.9906065856669793,0.046277928572312874,1.0,-0.2029782797720238,80,142,800,30,2,100,0.0,0,0.3,0.5,0.0,1.0,0.7,1.0,1.0,0.25,1.0,0.25
inter_0.5,0.9203484928321296,0.050006493817737835,1.0,-1.592823273276903,81,143,800,30,2,100,0.0,0,0.3,0.5,0.0,1.0,0.7,1.0,1.0,0.25,1.0,0.25
inter_0.5,0.9875771954044396,0.050388993604264874,1.0,-0.24653805736078424,82,144,800,30,2,100,0.0,0,0.3,0.5,0.0,1.0,0.7,1.0,1.0,0.25,1.0,0.25
inter_0.5,0.9409222716441821,0.05056688097160458,1.0,-1.168308727386064,83,145,800,30,2,100,0.0,0,0.3,0.5,0.0,1.0,0.7,1.0,1.0,0.25,1.0,0.25
inter_0.5,1.052686636659434,0.04665082040274688,1.0,1.1293828533899009,84,146,800,30,2,100,0.0,0,0.3,0.5,0.0,1.0,0.7,1.0,1.0,0.25,1.0,0.25
inter_0.5,0.9259645801470057,0.06238326516618497,1.0,-1.1867833409451842,85,147,800,30,2,100,0.0,0,0.3,0.5,0.0,1.0,0.7,1.0,1.0,0.25,1.0,0.25
inter_0.5,0.9815531109181399,0.04943510573565611,1.0,-0.37315362852667855,86,148,800,30,2,100,0.0,0,0.3,0.5,0.0,1.0,0.7,1.0,1.0,0.25,1.0,0.25
inter_0.5,1.0128392201688767,0.051727830417632105,1.0,0.2482072042306324,87,149,800,30,2,100,0.0,0,0.3,0.5,0.0,1.0,0.7,1.0,1.0,0.25,1.0,0.25
inter_0.5,0.9697917076887447,0.05095810368270787,1.0,-0.5928064454546453,88,150,800,30,2,100,0.0,0,0.3,0.5,0.0,1.0,0.7,1.0,1.0,0.25,1.0,0.25
inter_0.5,1.038272042945154,0.04703696718308086,1.0,0.8136588142723702,89,151,800,30,2,100,0.0,0,0.3,0.5,0.0,1.0,0.7,1.0,1.0,0.25,1.0,0.25
inter_0.5,0.9520020371311867,0.05413154484738859,1.0,-0.8866911706313296,90,152,800,30,2,100,0.0,0,0.3,0.5,0.0,1.0,0.7,1.0,1.0,0.25,1.0,0.25
inter_0.5,1.0541068386230505,0.050619190612748985,1.0,1.0688997190212512,91,153,800,30,2,100,0.0,0,0.3,0.5,0.0,1.0,0.7,1.0,1.0,0.25,1.0,0.25
inter_0.5,0.9931409361146912,0.05159467281378727,1.0,-0.1329413195440571,92,154,800,30,2,100,0.0,0,0.3,0.5,0.0,1.0,0.7,1.0,1.0,0.25,1.0,0.25
inter_0.5,1.0523368830099018,0.049504358253709004,1.0,1.0572176845859946,93,155,800,30,2,100,0.0,0,0.3,0.5,0.0,1.0,0.7,1.0,1.0,0.25,1.0,0.25
inter_0.5,0.9613953099228458,0.04684532697713619,1.0,-0.824088389776764,94,156,800,30,2,100,0.0,0,0.3,0.5,0.0,1.0,0.7,1.0,1.0,0.25,1.0,0.25
inter_0.5,0.970139938696849,0.050319457428799515,1.0,-0.5934098424133858,95,157,800,30,2,100,0.0,0,0.3,0.5,0.0,1.0,0.7,1.0,1.0,0.25,1.0,0.25
inter_0.5,0.9858072141916098,0.042872501887693516,1.0,-0.331046362667821,96,158,800,30,2,100,0.0,0,0.3,0.5,0.0,1.0,0.7,1.0,1.0,0.25,1.0,0.25
inter_0.5,1.0117277791609407,0.048980013337502244,1.0,0.2394400973337661,97,159,800,30,2,100,0.0,0,0.3,0.5,0.0,1.0,0.7,1.0,1.0,0.25,1.0,0.25
inter_0.5,0.9724018687194851,0.05208285701350224,1.0,-0.5298889666010493,98,160,800,30,2,100,0.0,0,0.3,0.5,0.0,1.0,0.7,1.0,1.0,0.25,1.0,0.25
inter_0.5,1.0468568550333082,0.05119252029588214,1.0,0.9153066651629042,99,161,800,30,2,100,0.0,0,0.3,0.5,0.0,1.0,0.7,1.0,1.0,0.25,1.0,0.25
inter_1.0,0.9786367954047339,0.08579245267459946,1.0,-0.2490103025296895,0,63,800,30,2,100,0.0,0,0.3,1.0,0.0,1.0,0.7,1.0,1.0,0.25,1.0,0.25
inter_1.0,0.9266360561624487,0.08052613270997344,1.0,-0.9110575830306192,1,64,800,30,2,100,0.0,0,0.3,1.0,0.0,1.0,0.7,1.0,1.0,0.25,1.0,0.25
inter_1.0,0.9506703445197662,0.06663601225780268,1.0,-0.740285227294009,2,65,800,30,2,100,0.0,0,0.3,1.0,0.0,1.0,0.7,1.0,1.0,0.25,1.0,0.25
inter_1.0,0.9771098398915234,0.07391747408383273,1.0,-0.30967183865774306,3,66,800,30,2,100,0.0,0,0.3,1.0,0.0,1.0,0.7,1.0,1.0,0.25,1.0,0.25
inter_1.0,0.9721821111170454,0.07282474945067252,1.0,-0.38198399709973413,4,67,800,30,2,100,0.0,0,0.3,1.0,0.0,1.0,0.7,1.0,1.0,0.25,1.0,0.25
inter_1.0,0.80118637485248,0.08313592572034596,1.0,-2.3914285361576733,5,68,800,30,2,100,0.0,0,0.3,1.0,0.0,1.0,0.7,1.0,1.0,0.25,1.0,0.25
inter_1.0,0.817080675570479,0.07296285566770477,1.0,-2.507019808306184,6,69,800,30,2,100,0.0,0,0.3,1.0,0.0,1.0,0.7,1.0,1.0,0.25,1.0,0.25
inter_1.0,1.0368243500953724,0.06944109161410623,1.0,0.5302962444774119,7,70,800,30,2,100,0.0,0,0.3,1.0,0.0,1.0,0.7,1.0,1.0,0.25,1.0,0.25
inter_1.0,1.0060642285406611,0.07398408822050002,1.0,0.08196665913604938,8,71,800,30,2,100,0.0,0,0.3,1.0,0.0,1.0,0.7,1.0,1.0,0.25,1.0,0.25
inter_1.0,0.9511869897148061,0.09715235715310218,1.0,-0.5024377350749154,9,72,800,30,2,100,0.0,0,0.3,1.0,0.0,1.0,0.7,1.0,1.0,0.25,1.0,0.25
inter_1.0,0.9506374789322827,0.06647550469430377,1.0,-0.7425670748152613,10,73,800,30,2,100,0.0,0,0.3,1.0,0.0,1.0,0.7,1.0,1.0,0.25,1.0,0.25
inter_1.0,1.1630977739098725,0.07184564784777007,1.0,2.2701134834980077,11,74,800,30,2,100,0.0,0,0.3,1.0,0.0,1.0,0.7,1.0,1.0,0.25,1.0,0.25
inter_1.0,1.0860881718205428,0.06578515709457766,1.0,1.3086260734587294,12,75,800,30,2,100,0.0,0,0.3,1.0,0.0,1.0,0.7,1.0,1.0,0.25,1.0,0.25
inter_1.0,1.0682911724636384,0.06681028455329592,1.0,1.0221655680744948,13,76,800,30,2,100,0.0,0,0.3,1.0,0.0,1.0,0.7,1.0,1.0,0.25,1.0,0.25
inter_1.0,0.8986013369250738,0.07448977620039017,1.0,-1.3612426865419291,14,77,800,30,2,100,0.0,0,0.3,1.0,0.0,1.0,0.7,1.0,1.0,0.25,1.0,0.25
inter_1.0,0.8557629371935742,0.0728632377645057,1.0,-1.97955879029972,15,78,800,30,2,100,0.0,0,0.3,1.0,0.0,1.0,0.7,1.0,1.0,0.25,1.0,0.25
inter_1.0,0.9180340833366265,0.0644928694915459,1.0,-1.2709299075941731,16,79,800,30,2,100,0.0,0,0.3,1.0,0.0,1.0,0.7,1.0,1.0,0.25,1.0,0.25
inter_1.0,1.0204682482189533,0.07504198448541322,1.0,0.2727572885939867,17,80,800,30,2,100,0.0,0,0.3,1.0,0.0,1.0,0.7,1.0,1.0,0.25,1.0,0.25
inter_1.0,1.00692760026081,0.07233933734279933,1.0,0.09576532651912173,18,81,800,30,2,100,0.0,0,0.3,1.0,0.0,1.0,0.7,1.0,1.0,0.25,1.0,0.25
inter_1.0,0.9727870174582663,0.08205469139613937,1.0,-0.3316444444395779,19,82,800,30,2,100,0.0,0,0.3,1.0,0.0,1.0,0.7,1.0,1.0,0.25,1.0,0.25
inter_1.0,0.8484005435167244,0.07190318826795687,1.0,-2.1083829540119954,20,83,800,30,2,100,0.0,0,0.3,1.0,0.0,1.0,0.7,1.0,1.0,0.25,1.0,0.25
inter_1.0,0.9229211476394528,0.07217986970615833,1.0,-1.0678718689065592,21,84,800,30,2,100,0.0,0,0.3,1.0,0.0,1.0,0.7,1.0,1.0,0.25,1.0,0.25
inter_1.0,1.0638440718052267,0.07284296519454692,1.0,0.8764617370354671,22,85,800,30,2,100,0.0,0,0.3,1.0,0.0,1.0,0.7,1.0,1.0,0.25,1.0,0.25
inter_1.0,0.9388640847090024,0.07170953571870405,1.0,-0.8525493113052115,23,86,800,30,2,100,0.0,0,0.3,1.0,0.0,1.0,0.7,1.0,1.0,0.25,1.0,0.25
inter_1.0,0.9294692119069338,0.0767407929739489,1.0,-0.9190781768049913,24,87,800,30,2,100,0.0,0,0.3,1.0,0.0,1.0,0.7,1.0,1.0,0.25,1.0,0.25
inter_1.0,0.9794252487201358,0.07732990485188856,1.0,-0.2660646139326229,25,88,800,30,2,100,0.0,0,0.3,1.0,0.0,1.0,0.7,1.0,1.0,0.25,1.0,0.25
inter_1.0,0.810529358441995,0.06907604470758118,1.0,-2.7429283532386495,26,89,800,30,2,100,0.0,0,0.3,1.0,0.0,1.0,0.7,1.0,1.0,0.25,1.0,0.25
inter_1.0,0.934892119439707,0.06586928301778548,1.0,-0.9884407052481982,27,90,800,30,2,100,0.0,0,0.3,1.0,0.0,1.0,0.7,1.0,1.0,0.25,1.0,0.25
inter_1.0,0.9632203108584494,0.07216113881455946,1.0,-0.5096883134850114,28,91,800,30,2,100,0.0,0,0.3,1.0,0.0,1.0,0.7,1.0,1.0,0.25,1.0,0.25
inter_1.0,0.9531824681886635,0.09895785710145684,1.0,-0.47310575615372014,29,92,800,30,2,100,0.0,0,0.3,1.0,0.0,1.0,0.7,1.0,1.0,0.25,1.0,0.25
inter_1.0,0.8887926925573697,0.0692238506174486,1.0,-1.6064883194261277,30,93,800,30,2,100,0.0,0,0.3,1.0,0.0,1.0,0.7,1.0,1.0,0.25,1.0,0.25
inter_1.0,0.9604655441093806,0.08228277001153896,1.0,-0.4804706487770806,31,94,800,30,2,100,0.0,0,0.3,1.0,0.0,1.0,0.7,1.0,1.0,0.25,1.0,0.25
inter_1.0,0.990734958737783,0.07935600077337551,1.0,-0.11675287529516659,32,95,800,30,2,100,0.0,0,0.3,1.0,0.0,1.0,0.7,1.0,1.0,0.25,1.0,0.25
inter_1.0,0.9005702977538698,0.07650492212199166,1.0,-1.299651048432984,33,96,800,30,2,100,0.0,0,0.3,1.0,0.0,1.0,0.7,1.0,1.0,0.25,1.0,0.25
inter_1.0,1.0509096284516481,0.07742954230713645,1.0,0.6574961821381703,34,97,800,30,2,100,0.0,0,0.3,1.0,0.0,1.0,0.7,1.0,1.0,0.25,1.0,0.25
inter_1.0,0.7837236575507138,0.06786233458740987,1.0,-3.186986474370582,35,98,800,30,2,100,0.0,0,0.3,1.0,0.0,1.0,0.7,1.0,1.0,0.25,1.0,0.25
inter_1.0,1.0226221368937045,0.08167152768068209,1.0,0.2769892707548235,36,99,800,30,2,100,0.0,0,0.3,1.0,0.0,1.0,0.7,1.0,1.0,0.25,1.0,0.25
inter_1.0,1.0069932182723167,0.07830446761625118,1.0,0.08930803675964628,37,100,800,30,2,100,0.0,0,0.3,1.0,0.0,1.0,0.7,1.0,1.0,0.25,1.0,0.25
inter_1.0,0.9594988622381616,0.07620437773587055,1.0,-0.5314804603774607,38,101,800,30,2,100,0.0,0,0.3,1.0,0.0,1.0,0.7,1.0,1.0,0.25,1.0,0.25
inter_1.0,1.0268058633586312,0.0771064220509875,1.0,0.34764761021987944,39,102,800,30,2,100,0.0,0,0.3,1.0,0.0,1.0,0.7,1.0,1.0,0.25,1.0,0.25
inter_1.0,1.100465426693234,0.07073814966457258,1.0,1.4202439160427982,40,103,800,30,2,100,0.0,0,0.3,1.0,0.0,1.0,0.7,1.0,1.0,0.25,1.0,0.25
inter_1.0,1.0990777345584162,0.07544943107980111,1.0,1.3131674174404835,41,104,800,30,2,100,0.0,0,0.3,1.0,0.0,1.0,0.7,1.0,1.0,0.25,1.0,0.25
inter_1.0,1.022605344240145,0.06655705872676254,1.0,0.33963856986149316,42,105,800,30,2,100,0.0,0,0.3,1.0,0.0,1.0,0.7,1.0,1.0,0.25,1.0,0.25
inter_1.0,1.081241423819368,0.09824314098840815,1.0,0.8269424511676976,43,106,800,30,2,100,0.0,0,0.3,1.0,0.0,1.0,0.7,1.0,1.0,0.25,1.0,0.25
inter_1.0,1.0047452347281962,0.08483294933962392,1.0,0.05593622248354155,44,107,800,30,2,100,0.0,0,0.3,1.0,0.0,1.0,0.7,1.0,1.0,0.25,1.0,0.25
inter_1.0,0.9032060832109229,0.07288740979322271,1.0,-1.3279922700460307,45,108,800,30,2,100,0.0,0,0.3,1.0,0.0,1.0,0.7,1.0,1.0,0.25,1.0,0.25
inter_1.0,1.0384546781502169,0.06742211501821545,1.0,0.57035704293506,46,109,800,30,2,100,0.0,0,0.3,1.0,0.0,1.0,0.7,1.0,1.0,0.25,1.0,0.25
inter_1.0,1.0209592322954342,0.06711139502342969,1.0,0.3123051202872025,47,110,800,30,2,100,0.0,0,0.3,1.0,0.0,1.0,0.7,1.0,1.0,0.25,1.0,0.25
inter_1.0,0.9171427082512243,0.07012786409920471,1.0,-1.181517401293779,48,111,800,30,2,100,0.0,0,0.3,1.0,0.0,1.0,0.7,1.0,1.0,0.25,1.0,0.25
inter_1.0,1.0157294325078017,0.06857531341097867,1.0,0.22937456243960017,49,112,800,30,2,100,0.0,0,0.3,1.0,0.0,1.0,0.7,1.0,1.0,0.25,1.0,0.25
inter_1.0,0.9561042014335083,0.07461213745377618,1.0,-0.5883198104823912,50,113,800,30,2,100,0.0,0,0.3,1.0,0.0,1.0,0.7,1.0,1.0,0.25,1.0,0.25
inter_1.0,0.9475276808352392,0.07346527036279298,1.0,-0.7142465944198825,51,114,800,30,2,100,0.0,0,0.3,1.0,0.0,1.0,0.7,1.0,1.0,0.25,1.0,0.25
inter_1.0,1.0349130814808387,0.07419360544572513,1.0,0.47056725806887345,52,115,800,30,2,100,0.0,0,0.3,1.0,0.0,1.0,0.7,1.0,1.0,0.25,1.0,0.25
inter_1.0,0.9278727851141602,0.07919131323769779,1.0,-0.9107970550929669,53,116,800,30,2,100,0.0,0,0.3,1.0,0.0,1.0,0.7,1.0,1.0,0.25,1.0,0.25
inter_1.0,1.03571376361014,0.06864118431153148,1.0,0.5202964367288766,54,117,800,30,2,100,0.0,0,0.3,1.0,0.0,1.0,0.7,1.0,1.0,0.25,1.0,0.25
inter_1.0,1.0272382129120075,0.06850529585683766,1.0,0.3976074049651557,55,118,800,30,2,100,0.0,0,0.3,1.0,0.0,1.0,0.7,1.0,1.0,0.25,1.0,0.25
inter_1.0,1.0032108394518546,0.07117165277125613,1.0,0.04511402119849859,56,119,800,30,2,100,0.0,0,0.3,1.0,0.0,1.0,0.7,1.0,1.0,0.25,1.0,0.25
inter_1.0,1.0689815608475108,0.07335424641777176,1.0,0.9403894691336978,57,120,800,30,2,100,0.0,0,0.3,1.0,0.0,1.0,0.7,1.0,1.0,0.25,1.0,0.25
inter_1.0,0.9723816528856392,0.06744423028401555,1.0,-0.4094990334689379,58,121,800,30,2,100,0.0,0,0.3,1.0,0.0,1.0,0.7,1.0,1.0,0.25,1.0,0.25
inter_1.0,1.0208301215629394,0.06822015276563463,1.0,0.30533677686855615,59,122,800,30,2,100,0.0,0,0.3,1.0,0.0,1.0,0.7,1.0,1.0,0.25,1.0,0.25
inter_1.0,1.0154354440847815,0.07461114287181375,1.0,0.20687853704774986,60,123,800,30,2,100,0.0,0,0.3,1.0,0.0,1.0,0.7,1.0,1.0,0.25,1.0,0.25
inter_1.0,0.9477408442759145,0.0732018977957283,1.0,-0.713904383598304,61,124,800,30,2,100,0.0,0,0.3,1.0,0.0,1.0,0.7,1.0,1.0,0.25,1.0,0.25
inter_1.0,0.9519278306268273,0.06614742113561942,1.0,-0.7267429107268183,62,125,800,30,2,100,0.0,0,0.3,1.0,0.0,1.0,0.7,1.0,1.0,0.25,1.0,0.25
inter_1.0,1.0869437039231646,0.08525846227941256,1.0,1.0197662683409552,63,126,800,30,2,100,0.0,0,0.3,1.0,0.0,1.0,0.7,1.0,1.0,0.25,1.0,0.25
inter_1.0,1.0318735386137825,0.07110243919500847,1.0,0.4482763035226517,64,127,800,30,2,100,0.0,0,0.3,1.0,0.0,1.0,0.7,1.0,1.0,0.25,1.0,0.25
inter_1.0,0.8805726281137521,0.08567816321061768,1.0,-1.3939067717017515,65,128,800,30,2,100,0.0,0,0.3,1.0,0.0,1.0,0.7,1.0,1.0,0.25,1.0,0.25
inter_1.0,1.0435022618221323,0.08308296521354738,1.0,0.5236002556037677,66,129,800,30,2,100,0.0,0,0.3,1.0,0.0,1.0,0.7,1.0,1.0,0.25,1.0,0.25
inter_1.0,1.0688020385110661,0.06600525825032717,1.0,1.0423720826927467,67,130,800,30,2,100,0.0,0,0.3,1.0,0.0,1.0,0.7,1.0,1.0,0.25,1.0,0.25
inter_1.0,0.958264510579931,0.07383566128937982,1.0,-0.565248400180199,68,131,800,30,2,100,0.0,0,0.3,1.0,0.0,1.0,0.7,1.0,1.0,0.25,1.0,0.25
inter_1.0,1.0729561358144597,0.08505962429122045,1.0,0.8577058319077242,69,132,800,30,2,100,0.0,0,0.3,1.0,0.0,1.0,0.7,1.0,1.0,0.25,1.0,0.25
inter_1.0,0.842067047046011,0.07850396915950017,1.0,-2.011783030143473,70,133,800,30,2,100,0.0,0,0.3,1.0,0.0,1.0,0.7,1.0,1.0,0.25,1.0,0.25
inter_1.0,0.9451537778898614,0.06350906249982954,1.0,-0.8635967836918671,71,134,800,30,2,100,0.0,0,0.3,1.0,0.0,1.0,0.7,1.0,1.0,0.25,1.0,0.25
inter_1.0,0.9499380119411883,0.06796342188723577,1.0,-0.7366019348153781,72,135,800,30,2,100,0.0,0,0.3,1.0,0.0,1.0,0.7,1.0,1.0,0.25,1.0,0.25
inter_1.0,0.9308933547373196,0.06412459246778678,1.0,-1.0776933248721445,73,136,800,30,2,100,0.0,0,0.3,1.0,0.0,1.0,0.7,1.0,1.0,0.25,1.0,0.25
inter_1.0,0.9106047656597024,0.08838017124721594,1.0,-1.0114851903855488,74,137,800,30,2,100,0.0,0,0.3,1.0,0.0,1.0,0.7,1.0,1.0,0.25,1.0,0.25
inter_1.0,0.9242927091335008,0.07137758107790004,1.0,-1.0606592395429286,75,138,800,30,2,100,0.0,0,0.3,1.0,0.0,1.0,0.7,1.0,1.0,0.25,1.0,0.25
inter_1.0,1.0437956879613253,0.08867805009198167,1.0,0.49387292476433586,76,139,800,30,2,100,0.0,0,0.3,1.0,0.0,1.0,0.7,1.0,1.0,0.25,1.0,0.25
inter_1.0,0.9556843574531708,0.08677418148098898,1.0,-0.5107007843864033,77,140,800,30,2,100,0.0,0,0.3,1.0,0.0,1.0,0.7,1.0,1.0,0.25,1.0,0.25
inter_1.0,1.0234898985631973,0.07162884422443004,1.0,0.3279390979644721,78,141,800,30,2,100,0.0,0,0.3,1.0,0.0,1.0,0.7,1.0,1.0,0.25,1.0,0.25
inter_1.0,1.032287722731699,0.07243661850718015,1.0,0.4457375757883928,79,142,800,30,2,100,0.0,0,0.3,1.0,0.0,1.0,0.7,1.0,1.0,0.25,1.0,0.25
inter_1.0,0.9187028455594407,0.07254716929150629,1.0,-1.1206109795117456,80,143,800,30,2,100,0.0,0,0.3,1.0,0.0,1.0,0.7,1.0,1.0,0.25,1.0,0.25
inter_1.0,1.0030696389536613,0.07636514359489754,1.0,0.04019685957699692,81,144,800,30,2,100,0.0,0,0.3,1.0,0.0,1.0,0.7,1.0,1.0,0.25,1.0,0.25
inter_1.0,0.9034099230508751,0.07891743213915978,1.0,-1.2239384167847975,82,145,800,30,2,100,0.0,0,0.3,1.0,0.0,1.0,0.7,1.0,1.0,0.25,1.0,0.25
inter_1.0,1.07049668894787,0.06860315113542183,1.0,1.027601324153614,83,146,800,30,2,100,0.0,0,0.3,1.0,0.0,1.0,0.7,1.0,1.0,0.25,1.0,0.25
inter_1.0,0.8865641061281532,0.10489885391048703,1.0,-1.0813835389340352,84,147,800,30,2,100,0.0,0,0.3,1.0,0.0,1.0,0.7,1.0,1.0,0.25,1.0,0.25
inter_1.0,1.0045896240944254,0.07863834053757482,1.0,0.058363694643739604,85,148,800,30,2,100,0.0,0,0.3,1.0,0.0,1.0,0.7,1.0,1.0,0.25,1.0,0.25
inter_1.0,1.0579321738369234,0.0763289288428345,1.0,0.7589805689034227,86,149,800,30,2,100,0.0,0,0.3,1.0,0.0,1.0,0.7,1.0,1.0,0.25,1.0,0.25
inter_1.0,0.9473601908775409,0.0781634970278732,1.0,-0.6734577024322199,87,150,800,30,2,100,0.0,0,0.3,1.0,0.0,1.0,0.7,1.0,1.0,0.25,1.0,0.25
inter_1.0,1.0433882168645294,0.07023300404127371,1.0,0.6177753245330578,88,151,800,30,2,100,0.0,0,0.3,1.0,0.0,1.0,0.7,1.0,1.0,0.25,1.0,0.25
inter_1.0,0.9371091207099517,0.08629413363311883,1.0,-0.7287966938451472,89,152,800,30,2,100,0.0,0,0.3,1.0,0.0,1.0,0.7,1.0,1.0,0.25,1.0,0.25
inter_1.0,1.0882959614003058,0.07635848371035076,1.0,1.1563346613224705,90,153,800,30,2,100,0.0,0,0.3,1.0,0.0,1.0,0.7,1.0,1.0,0.25,1.0,0.25
inter_1.0,1.0018169683243219,0.08459446209062321,1.0,0.02147857293986242,91,154,800,30,2,100,0.0,0,0.3,1.0,0.0,1.0,0.7,1.0,1.0,0.25,1.0,0.25
inter_1.0,1.0927407472155797,0.0784778477708514,1.0,1.181744273700965,92,155,800,30,2,100,0.0,0,0.3,1.0,0.0,1.0,0.7,1.0,1.0,0.25,1.0,0.25
inter_1.0,0.9392758090345039,0.06951055955777569,1.0,-0.8735966355589965,93,156,800,30,2,100,0.0,0,0.3,1.0,0.0,1.0,0.7,1.0,1.0,0.25,1.0,0.25
inter_1.0,0.985139768499155,0.07555913634596421,1.0,-0.19667021381509944,94,157,800,30,2,100,0.0,0,0.3,1.0,0.0,1.0,0.7,1.0,1.0,0.25,1.0,0.25
inter_1.0,1.0088140508600925,0.06353806011008738,1.0,0.1387208052121996,95,158,800,30,2,100,0.0,0,0.3,1.0,0.0,1.0,0.7,1.0,1.0,0.25,1.0,0.25
inter_1.0,1.0244149120428083,0.0756300841167997,1.0,0.32282010958897034,96,159,800,30,2,100,0.0,0,0.3,1.0,0.0,1.0,0.7,1.0,1.0,0.25,1.0,0.25
inter_1.0,0.9659503438801719,0.0800599161470814,1.0,-0.425302170655214,97,160,800,30,2,100,0.0,0,0.3,1.0,0.0,1.0,0.7,1.0,1.0,0.25,1.0,0.25
inter_1.0,1.0661446429135675,0.07625602489217637,1.0,0.867402188969251,98,161,800,30,2,100,0.0,0,0.3,1.0,0.0,1.0,0.7,1.0,1.0,0.25,1.0,0.25
inter_1.0,0.9991474929804707,0.08078179560959789,1.0,-0.010553207106825396,99,162,800,30,2,100,0.0,0,0.3,1.0,0.0,1.0,0.7,1.0,1.0,0.25,1.0,0.25
hete_0.15,0.9748580287767912,0.03799470764161111,1.0,-0.6617229815363496,0,64,800,30,2,100,0.0,0,0.3,0.0,0.15,1.0,0.7,1.0,1.0,0.25,1.0,0.25
hete_0.15,0.9624823871511337,0.03514236482188871,1.0,-1.0675893053588184,1,65,800,30,2,100,0.0,0,0.3,0.0,0.15,1.0,0.7,1.0,1.0,0.25,1.0,0.25
hete_0.15,0.975944589801498,0.038903750920530854,1.0,-0.6183313852600039,2,66,800,30,2,100,0.0,0,0.3,0.0,0.15,1.0,0.7,1.0,1.0,0.25,1.0,0.25
hete_0.15,1.0060944957094702,0.040997918879311854,1.0,0.14865378233980442,3,67,800,30,2,100,0.0,0,0.3,0.0,0.15,1.0,0.7,1.0,1.0,0.25,1.0,0.25
hete_0.15,0.9181212592726573,0.03908864714654496,1.0,-2.0946936439211084,4,68,800,30,2,100,0.0,0,0.3,0.0,0.15,1.0,0.7,1.0,1.0,0.25,1.0,0.25
hete_0.15,0.9315660427922288,0.03475691640030639,1.0,-1.9689306272051215,5,69,800,30,2,100,0.0,0,0.3,0.0,0.15,1.0,0.7,1.0,1.0,0.25,1.0,0.25
hete_0.15,0.9800061369751492,0.03569560096121627,1.0,-0.5601212050351648,6,70,800,30,2,100,0.0,0,0.3,0.0,0.15,1.0,0.7,1.0,1.0,0.25,1.0,0.25
hete_0.15,0.9945820834324908,0.03839170633923255,1.0,-0.14112205692646307,7,71,800,30,2,100,0.0,0,0.3,0.0,0.15,1.0,0.7,1.0,1.0,0.25,1.0,0.25
hete_0.15,1.018807325475029,0.03684336906256974,1.0,0.5104670379923496,8,72,800,30,2,100,0.0,0,0.3,0.0,0.15,1.0,0.7,1.0,1.0,0.25,1.0,0.25
hete_0.15,0.9697306826143229,0.03810732272762465,1.0,-0.7943176066718096,9,73,800,30,2,100,0.0,0,0.3,0.0,0.15,1.0,0.7,1.0,1.0,0.25,1.0,0.25
hete_0.15,1.0501401449559502,0.03726908701864692,1.0,1.3453547958087486,10,74,800,30,2,100,0.0,0,0.3,0.0,0.15,1.0,0.7,1.0,1.0,0.25,1.0,0.25
hete_0.15,1.028444496411373,0.03719647399033609,1.0,0.7647094834516603,11,75,800,30,2,100,0.0,0,0.3,0.0,0.15,1.0,0.7,1.0,1.0,0.25,1.0,0.25
hete_0.15,0.9875653750170357,0.03898322897323134,1.0,-0.3189737051156749,12,76,800,30,2,100,0.0,0,0.3,0.0,0.15,1.0,0.7,1.0,1.0,0.25,1.0,0.25
hete_0.15,0.9843505011730498,0.04145264940488994,1.0,-0.3775271074737174,13,77,800,30,2,100,0.0,0,0.3,0.0,0.15,1.0,0.7,1.0,1.0,0.25,1.0,0.25
hete_0.15,0.9150065377989165,0.036341200886951,1.0,-2.3387631703607794,14,78,800,30,2,100,0.0,0,0.3,0.0,0.15,1.0,0.7,1.0,1.0,0.25,1.0,0.25
hete_0.15,0.9273864615186479,0.03634338371396833,1.0,-1.9979850817645135,15,79,800,30,2,100,0.0,0,0.3,0.0,0.15,1.0,0.7,1.0,1.0,0.25,1.0,0.25
hete_0.15,0.9849229368520133,0.038288239664827195,1.0,-0.3937779140532546,16,80,800,30,2,100,0.0,0,0.3,0.0,0.15,1.0,0.7,1.0,1.0,0.25,1.0,0.25
hete_0.15,0.9611187150555356,0.0374694388751619,1.0,-1.0376799362810423,17,81,800,30,2,100,0.0,0,0.3,0.0,0.15,1.0,0.7,1.0,1.0,0.25,1.0,0.25
hete_0.15,0.9482785454261874,0.03798526594355252,1.0,-1.3616188616573743,18,82,800,30,2,100,0.0,0,0.3,0.0,0.15,1.0,0.7,1.0,1.0,0.25,1.0,0.25
hete_0.15,0.9653297920888616,0.03648798664636366,1.0,-0.9501814459415666,19,83,800,30,2,100,0.0,0,0.3,0.0,0.15,1.0,0.7,1.0,1.0,0.25,1.0,0.25
hete_0.15,0.9305494304152853,0.03622969212200855,1.0,-1.9169516911937932,20,84,800,30,2,100,0.0,0,0.3,0.0,0.15,1.0,0.7,1.0,1.0,0.25,1.0,0.25
hete_0.15,1.0002988640264145,0.03862851573945213,1.0,0.007736875743048828,21,85,800,30,2,100,0.0,0,0.3,0.0,0.15,1.0,0.7,1.0,1.0,0.25,1.0,0.25
hete_0.15,1.0259635075566014,0.03580831854507183,1.0,0.7250691630192349,22,86,800,30,2,100,0.0,0,0.3,0.0,0.15,1.0,0.7,1.0,1.0,0.25,1.0,0.25
hete_0.15,0.9421565124051522,0.03723025144415173,1.0,-1.5536690017153802,23,87,800,30,2,100,0.0,0,0.3,0.0,0.15,1.0,0.7,1.0,1.0,0.25,1.0,0.25
hete_0.15,0.9532138969452363,0.03761257717807435,1.0,-1.2438951692477198,24,88,800,30,2,100,0.0,0,0.3,0.0,0.15,1.0,0.7,1.0,1.0,0.25,1.0,0.25
hete_0.15,0.8701403643376139,0.03546669428577636,1.0,-3.6614530414373947,25,89,800,30,2,100,0.0,0,0.3,0.0,0.15,1.0,0.7,1.0,1.0,0.25,1.0,0.25
hete_0.15,0.9688773757028224,0.034502724544754663,1.0,-0.9020338163963656,26,90,800,30,2,100,0.0,0,0.3,0.0,0.15,1.0,0.7,1.0,1.0,0.25,1.0,0.25
hete_0.15,0.9793769063378986,0.03867605627465627,1.0,-0.5332263847080836,27,91,800,30,2,100,0.0,0,0.3,0.0,0.15,1.0,0.7,1.0,1.0,0.25,1.0,0.25
hete_0.15,0.9617856401585605,0.03786723130068466,1.0,-1.0091669902665572,28,92,800,30,2,100,0.0,0,0.3,0.0,0.15,1.0,0.7,1.0,1.0,0.25,1.0,0.25
hete_0.15,0.9578877362134732,0.036427302415191515,1.0,-1.1560631996994766,29,93,800,30,2,100,0.0,0,0.3,0.0,0.15,1.0,0.7,1.0,1.0,0.25,1.0,0.25
hete_0.15,0.9386777997259442,0.036832550572013005,1.0,-1.6648914973770803,30,94,800,30,2,100,0.0,0,0.3,0.0,0.15,1.0,0.7,1.0,1.0,0.25,1.0,0.25
hete_0.15,1.0189056368847351,0.037879478825156014,1.0,0.49909970968712913,31,95,800,30,2,100,0.0,0,0.3,0.0,0.15,1.0,0.7,1.0,1.0,0.25,1.0,0.25
hete_0.15,0.9112675284960106,0.03726053373019803,1.0,-2.3814063466320037,32,96,800,30,2,100,0.0,0,0.3,0.0,0.15,1.0,0.7,1.0,1.0,0.25,1.0,0.25
hete_0.15,1.0423553094774822,0.03839802329628715,1.0,1.1030596328008824,33,97,800,30,2,100,0.0,0,0.3,0.0,0.15,1.0,0.7,1.0,1.0,0.25,1.0,0.25
hete_0.15,0.8609007522400661,0.03733731609439084,1.0,-3.7254752700564535,34,98,800,30,2,100,0.0,0,0.3,0.0,0.15,1.0,0.7,1.0,1.0,0.25,1.0,0.25
hete_0.15,1.0095710528929625,0.03596692863366688,1.0,0.2661070393428995,35,99,800,30,2,100,0.0,0,0.3,0.0,0.15,1.0,0.7,1.0,1.0,0.25,1.0,0.25
hete_0.15,1.0316678466423983,0.038655673872096015,1.0,0.8192289377021584,36,100,800,30,2,100,0.0,0,0.3,0.0,0.15,1.0,0.7,1.0,1.0,0.25,1.0,0.25
hete_0.15,0.9881574973530584,0.03646166986030344,1.0,-0.3247932059149824,37,101,800,30,2,100,0.0,0,0.3,0.0,0.15,1.0,0.7,1.0,1.0,0.25,1.0,0.25
hete_0.15,1.0473634663544857,0.036985220319467584,1.0,1.280605224069882,38,102,800,30,2,100,0.0,0,0.3,0.0,0.15,1.0,0.7,1.0,1.0,0.25,1.0,0.25
hete_0.15,1.011930173756197,0.03584695209188949,1.0,0.3328085948734322,39,103,800,30,2,100,0.0,0,0.3,0.0,0.15,1.0,0.7,1.0,1.0,0.25,1.0,0.25
hete_0.15,0.9957890976893311,0.0383365289689579,1.0,-0.10984046871010608,40,104,800,30,2,100,0.0,0,0.3,0.0,0.15,1.0,0.7,1.0,1.0,0.25,1.0,0.25
hete_0.15,0.973742187217762,0.0347547798299109,1.0,-0.7555165911205071,41,105,800,30,2,100,0.0,0,0.3,0.0,0.15,1.0,0.7,1.0,1.0,0.25,1.0,0.25
hete_0.15,1.043820183460588,0.0416998488736638,1.0,1.0508475364826408,42,106,800,30,2,100,0.0,0,0.3,0.0,0.15,1.0,0.7,1.0,1.0,0.25,1.0,0.25
hete_0.15,0.999957574322552,0.04036433329357074,1.0,-0.0010510684553982784,43,107,800,30,2,100,0.0,0,0.3,0.0,0.15,1.0,0.7,1.0,1.0,0.25,1.0,0.25
hete_0.15,0.9994205483442108,0.037859272001811446,1.0,-0.015305409352865644,44,108,800,30,2,100,0.0,0,0.3,0.0,0.15,1.0,0.7,1.0,1.0,0.25,1.0,0.25
hete_0.15,0.9848356633155195,0.035456247291531164,1.0,-0.42769153091118367,45,109,800,30,2,100,0.0,0,0.3,0.0,0.15,1.0,0.7,1.0,1.0,0.25,1.0,0.25
hete_0.15,0.9373916395888169,0.03470742377378843,1.0,-1.8038895891335471,46,110,800,30,2,100,0.0,0,0.3,0.0,0.15,1.0,0.7,1.0,1.0,0.25,1.0,0.25
hete_0.15,0.9317347601754106,0.03905712439978661,1.0,-1.7478306678656148,47,111,800,30,2,100,0.0,0,0.3,0.0,0.15,1.0,0.7,1.0,1.0,0.25,1.0,0.25
hete_0.15,0.9747839750755107,0.036528301739334385,1.0,-0.6903147347070931,48,112,800,30,2,100,0.0,0,0.3,0.0,0.15,1.0,0.7,1.0,1.0,0.25,1.0,0.25
hete_0.15,0.985389285258218,0.037499274804508875,1.0,-0.38962659459284305,49,113,800,30,2,100,0.0,0,0.3,0.0,0.15,1.0,0.7,1.0,1.0,0.25,1.0,0.25
hete_0.15,0.9116044153847382,0.03529501553834236,1.0,-2.5044778495488735,50,114,800,30,2,100,0.0,0,0.3,0.0,0.15,1.0,0.7,1.0,1.0,0.25,1.0,0.25
hete_0.15,0.9608311876277261,0.038078331855184326,1.0,-1.02863782271862,51,115,800,30,2,100,0.0,0,0.3,0.0,0.15,1.0,0.7,1.0,1.0,0.25,1.0,0.25
hete_0.15,0.9367464549573868,0.037685769420998855,1.0,-1.6784464272439057,52,116,800,30,2,100,0.0,0,0.3,0.0,0.15,1.0,0.7,1.0,1.0,0.25,1.0,0.25
hete_0.15,1.0290613709549516,0.03434978984513937,1.0,0.8460421762686257,53,117,800,30,2,100,0.0,0,0.3,0.0,0.15,1.0,0.7,1.0,1.0,0.25,1.0,0.25
hete_0.15,0.9857767078020784,0.03612730352004688,1.0,-0.39369924716438304,54,118,800,30,2,100,0.0,0,0.3,0.0,0.15,1.0,0.7,1.0,1.0,0.25,1.0,0.25
hete_0.15,1.004639942752497,0.03526376215501371,1.0,0.13157821142567236,55,119,800,30,2,100,0.0,0,0.3,0.0,0.15,1.0,0.7,1.0,1.0,0.25,1.0,0.25
hete_0.15,1.0635449498127154,0.03707353085706346,1.0,1.7140247595437343,56,120,800,30,2,100,0.0,0,0.3,0.0,0.15,1.0,0.7,1.0,1.0,0.25,1.0,0.25
hete_0.15,1.0080002253348233,0.03623191543545709,1.0,0.22080602801899105,57,121,800,30,2,100,0.0,0,0.3,0.0,0.15,1.0,0.7,1.0,1.0,0.25,1.0,0.25
hete_0.15,1.0312352480768499,0.03835910236026114,1.0,0.8142851671421961,58,122,800,30,2,100,0.0,0,0.3,0.0,0.15,1.0,0.7,1.0,1.0,0.25,1.0,0.25
hete_0.15,0.9465584210688276,0.034074550306017914,1.0,-1.5683722441300738,59,123,800,30,2,100,0.0,0,0.3,0.0,0.15,1.0,0.7,1.0,1.0,0.25,1.0,0.25
hete_0.15,1.0073444739229636,0.03574800043189054,1.0,0.20545132131115237,60,124,800,30,2,100,0.0,0,0.3,0.0,0.15,1.0,0.7,1.0,1.0,0.25,1.0,0.25
hete_0.15,0.9439027782346866,0.03555322975518009,1.0,-1.5778375734525232,61,125,800,30,2,100,0.0,0,0.3,0.0,0.15,1.0,0.7,1.0,1.0,0.25,1.0,0.25
hete_0.15,0.9902493266856408,0.037331559819677715,1.0,-0.2611911573333067,62,126,800,30,2,100,0.0,0,0.3,0.0,0.15,1.0,0.7,1.0,1.0,0.25,1.0,0.25
hete_0.15,1.0232971542489142,0.037167121102216885,1.0,0.6268215981765834,63,127,800,30,2,100,0.0,0,0.3,0.0,0.15,1.0,0.7,1.0,1.0,0.25,1.0,0.25
hete_0.15,0.9291695463150013,0.03539875610004248,1.0,-2.000930583120511,64,128,800,30,2,100,0.0,0,0.3,0.0,0.15,1.0,0.7,1.0,1.0,0.25,1.0,0.25
hete_0.15,1.0276265228909904,0.038139242888073674,1.0,0.7243594995334682,65,129,800,30,2,100,0.0,0,0.3,0.0,0.15,1.0,0.7,1.0,1.0,0.25,1.0,0.25
hete_0.15,1.046079407575764,0.035179894971724204,1.0,1.3098222042106797,66,130,800,30,2,100,0.0,0,0.3,0.0,0.15,1.0,0.7,1.0,1.0,0.25,1.0,0.25
hete_0.15,0.931510024303191,0.03703665869110403,1.0,-1.8492482345136576,67,131,800,30,2,100,0.0,0,0.3,0.0,0.15,1.0,0.7,1.0,1.0,0.25,1.0,0.25
hete_0.15,1.0154321392468648,0.03473545513408906,1.0,0.4442762931216024,68,132,800,30,2,100,0.0,0,0.3,0.0,0.15,1.0,0.7,1.0,1.0,0.25,1.0,0.25
hete_0.15,0.9610576461584565,0.039231200151803126,1.0,-0.9926373317884258,69,133,800,30,2,100,0.0,0,0.3,0.0,0.15,1.0,0.7,1.0,1.0,0.25,1.0,0.25
hete_0.15,0.9731849047835617,0.03313215338191522,1.0,-0.8093375310484653,70,134,800,30,2,100,0.0,0,0.3,0.0,0.15,1.0,0.7,1.0,1.0,0.25,1.0,0.25
hete_0.15,0.9245354633760381,0.03684772461206321,1.0,-2.048010763716366,71,135,800,30,2,100,0.0,0,0.3,0.0,0.15,1.0,0.7,1.0,1.0,0.25,1.0,0.25
hete_0.15,0.974038153547433,0.0340921377113534,1.0,-0.7615200511149293,72,136,800,30,2,100,0.0,0,0.3,0.0,0.15,1.0,0.7,1.0,1.0,0.25,1.0,0.25
hete_0.15,0.9512214674681071,0.03587696835902023,1.0,-1.3596057516278113,73,137,800,30,2,100,0.0,0,0.3,0.0,0.15,1.0,0.7,1.0,1.0,0.25,1.0,0.25
hete_0.15,0.9540766284346187,0.03408360896237832,1.0,-1.3473740887026302,74,138,800,30,2,100,0.0,0,0.3,0.0,0.15,1.0,0.7,1.0,1.0,0.25,1.0,0.25
hete_0.15,1.0004634571028403,0.03989794153727317,1.0,0.011616065515745472,75,139,800,30,2,100,0.0,0,0.3,0.0,0.15,1.0,0.7,1.0,1.0,0.25,1.0,0.25
hete_0.15,1.0167061918027567,0.03920685065877609,1.0,0.42610389567255763,76,140,800,30,2,100,0.0,0,0.3,0.0,0.15,1.0,0.7,1.0,1.0,0.25,1.0,0.25
hete_0.15,0.9818751356235645,0.0374594031102423,1.0,-0.48385352866126385,77,141,800,30,2,100,0.0,0,0.3,0.0,0.15,1.0,0.7,1.0,1.0,0.25,1.0,0.25
hete_0.15,0.9905851544620333,0.036540675235460895,1.0,-0.25765384676936787,78,142,800,30,2,100,0.0,0,0.3,0.0,0.15,1.0,0.7,1.0,1.0,0.25,1.0,0.25
hete_0.15,0.9315351043523185,0.03710534847135,1.0,-1.8451489736188589,79,143,800,30,2,100,0.0,0,0.3,0.0,0.15,1.0,0.7,1.0,1.0,0.25,1.0,0.25
hete_0.15,0.9856836431291146,0.0384718839884323,1.0,-0.37212518303470726,80,144,800,30,2,100,0.0,0,0.3,0.0,0.15,1.0,0.7,1.0,1.0,0.25,1.0,0.25
hete_0.15,0.9673624366935837,0.03673491114431986,1.0,-0.8884617463260941,81,145,800,30,2,100,0.0,0,0.3,0.0,0.15,1.0,0.7,1.0,1.0,0.25,1.0,0.25
hete_0.15,1.0382343917859451,0.038522007011904225,1.0,0.9925337424431125,82,146,800,30,2,100,0.0,0,0.3,0.0,0.15,1.0,0.7,1.0,1.0,0.25,1.0,0.25
hete_0.15,0.9768298805334641,0.03762501437017804,1.0,-0.6158168934787378,83,147,800,30,2,100,0.0,0,0.3,0.0,0.15,1.0,0.7,1.0,1.0,0.25,1.0,0.25
hete_0.15,0.9652983346618618,0.036185944211137536,1.0,-0.9589818946180085,84,148,800,30,2,100,0.0,0,0.3,0.0,0.15,1.0,0.7,1.0,1.0,0.25,1.0,0.25
hete_0.15,1.0076259547867035,0.03786353005667803,1.0,0.20140633415025372,85,149,800,30,2,100,0.0,0,0.3,0.0,0.15,1.0,0.7,1.0,1.0,0.25,1.0,0.25
hete_0.15,1.0076526167959252,0.03790302512393617,1.0,0.20189989508495737,86,150,800,30,2,100,0.0,0,0.3,0.0,0.15,1.0,0.7,1.0,1.0,0.25,1.0,0.25
hete_0.15,1.038249875298222,0.03568344005290462,1.0,1.0719223046184017,87,151,800,30,2,100,0.0,0,0.3,0.0,0.15,1.0,0.7,1.0,1.0,0.25,1.0,0.25
hete_0.15,0.964761763013178,0.03786929816933085,1.0,-0.9305225787194648,88,152,800,30,2,100,0.0,0,0.3,0.0,0.15,1.0,0.7,1.0,1.0,0.25,1.0,0.25
hete_0.15,1.0040167973972616,0.03887112595475645,1.0,0.10333627592719782,89,153,800,30,2,100,0.0,0,0.3,0.0,0.15,1.0,0.7,1.0,1.0,0.25,1.0,0.25
hete_0.15,1.0092348531090147,0.03701266180071354,1.0,0.24950524117227088,90,154,800,30,2,100,0.0,0,0.3,0.0,0.15,1.0,0.7,1.0,1.0,0.25,1.0,0.25
hete_0.15,1.0310346686684282,0.037535159769205566,1.0,0.8268159469482136,91,155,800,30,2,100,0.0,0,0.3,0.0,0.15,1.0,0.7,1.0,1.0,0.25,1.0,0.25
hete_0.15,0.9811413568736087,0.03695932870954327,1.0,-0.5102539408818267,92,156,800,30,2,100,0.0,0,0.3,0.0,0.15,1.0,0.7,1.0,1.0,0.25,1.0,0.25
hete_0.15,0.9671498177403006,0.040227896610389044,1.0,-0.8166020355937691,93,157,800,30,2,100,0.0,0,0.3,0.0,0.15,1.0,0.7,1.0,1.0,0.25,1.0,0.25
hete_0.15,0.969520098704602,0.03461592703625091,1.0,-0.880516684226844,94,158,800,30,2,100,0.0,0,0.3,0.0,0.15,1.0,0.7,1.0,1.0,0.25,1.0,0.25
hete_0.15,1.0251404325517048,0.0377582998337578,1.0,0.6658253327716848,95,159,800,30,2,100,0.0,0,0.3,0.0,0.15,1.0,0.7,1.0,1.0,0.25,1.0,0.25
hete_0.15,0.9735438866253842,0.03863838234710191,1.0,-0.6847106883759122,96,160,800,30,2,100,0.0,0,0.3,0.0,0.15,1.0,0.7,1.0,1.0,0.25,1.0,0.25
hete_0.15,1.0431388348731563,0.037712614782372804,1.0,1.1438834226185701,97,161,800,30,2,100,0.0,0,0.3,0.0,0.15,1.0,0.7,1.0,1.0,0.25,1.0,0.25
hete_0.15,1.0443896123417622,0.038897830590970135,1.0,1.1411847824764536,98,162,800,30,2,100,0.0,0,0.3,0.0,0.15,1.0,0.7,1.0,1.0,0.25,1.0,0.25
hete_0.15,0.9543952959457948,0.0374210476605559,1.0,-1.2186912688250422,99,163,800,30,2,100,0.0,0,0.3,0.0,0.15,1.0,0.7,1.0,1.0,0.25,1.0,0.25
hete_0.3,0.9742900333086176,0.036604535399146335,1.0,-0.7023710698970368,0,65,800,30,2,100,0.0,0,0.3,0.0,0.3,1.0,0.7,1.0,1.0,0.25,1.0,0.25
hete_0.3,0.9726653826263272,0.0417823992403267,1.0,-0.6542136849645183,1,66,800,30,2,100,0.0,0,0.3,0.0,0.3,1.0,0.7,1.0,1.0,0.25,1.0,0.25
hete_0.3,0.9945346941470831,0.043918987840964686,1.0,-0.12444061490459178,2,67,800,30,2,100,0.0,0,0.3,0.0,0.3,1.0,0.7,1.0,1.0,0.25,1.0,0.25
hete_0.3,0.8893312414286025,0.043486975654320095,1.0,-2.5448713530025255,3,68,800,30,2,100,0.0,0,0.3,0.0,0.3,1.0,0.7,1.0,1.0,0.25,1.0,0.25
hete_0.3,0.915169511884812,0.039541318032676125,1.0,-2.1453631880729382,4,69,800,30,2,100,0.0,0,0.3,0.0,0.3,1.0,0.7,1.0,1.0,0.25,1.0,0.25
hete_0.3,0.9890990013579477,0.03892889057393034,1.0,-0.28002335749461116,5,70,800,30,2,100,0.0,0,0.3,0.0,0.3,1.0,0.7,1.0,1.0,0.25,1.0,0.25
hete_0.3,0.9997393138307041,0.04185901434322382,1.0,-0.006227718769447452,6,71,800,30,2,100,0.0,0,0.3,0.0,0.3,1.0,0.7,1.0,1.0,0.25,1.0,0.25
hete_0.3,1.0100984820610133,0.044142970607040054,1.0,0.2287676140083498,7,72,800,30,2,100,0.0,0,0.3,0.0,0.3,1.0,0.7,1.0,1.0,0.25,1.0,0.25
hete_0.3,0.9633969816108353,0.04030254597082495,1.0,-0.9082061072683013,8,73,800,30,2,100,0.0,0,0.3,0.0,0.3,1.0,0.7,1.0,1.0,0.25,1.0,0.25
hete_0.3,1.0635647597871691,0.04154195571213294,1.0,1.5301340222796518,9,74,800,30,2,100,0.0,0,0.3,0.0,0.3,1.0,0.7,1.0,1.0,0.25,1.0,0.25
hete_0.3,1.0309765073916535,0.04028844550877364,1.0,0.7688682698097076,10,75,800,30,2,100,0.0,0,0.3,0.0,0.3,1.0,0.7,1.0,1.0,0.25,1.0,0.25
hete_0.3,0.9920934820671766,0.04103776294974403,1.0,-0.1926644476821486,11,76,800,30,2,100,0.0,0,0.3,0.0,0.3,1.0,0.7,1.0,1.0,0.25,1.0,0.25
hete_0.3,0.9758721418981421,0.043780769188749326,1.0,-0.5511063087502407,12,77,800,30,2,100,0.0,0,0.3,0.0,0.3,1.0,0.7,1.0,1.0,0.25,1.0,0.25
hete_0.3,0.8986980835145034,0.04044342468479106,1.0,-2.5047808704387893,13,78,800,30,2,100,0.0,0,0.3,0.0,0.3,1.0,0.7,1.0,1.0,0.25,1.0,0.25
hete_0.3,0.9180823742879064,0.0395760123616523,1.0,-2.0698807389566305,14,79,800,30,2,100,0.0,0,0.3,0.0,0.3,1.0,0.7,1.0,1.0,0.25,1.0,0.25
hete_0.3,0.988225317833858,0.043284300445313534,1.0,-0.27203124562492115,15,80,800,30,2,100,0.0,0,0.3,0.0,0.3,1.0,0.7,1.0,1.0,0.25,1.0,0.25
hete_0.3,0.9844107472643882,0.0412390079067992,1.0,-0.3780220118496498,16,81,800,30,2,100,0.0,0,0.3,0.0,0.3,1.0,0.7,1.0,1.0,0.25,1.0,0.25
hete_0.3,0.9497371481981901,0.04173056370016509,1.0,-1.204461367043816,17,82,800,30,2,100,0.0,0,0.3,0.0,0.3,1.0,0.7,1.0,1.0,0.25,1.0,0.25
hete_0.3,0.9431876983422268,0.04034810767111621,1.0,-1.4080536842237859,18,83,800,30,2,100,0.0,0,0.3,0.0,0.3,1.0,0.7,1.0,1.0,0.25,1.0,0.25
hete_0.3,0.9378680809451154,0.040000533062257045,1.0,-1.5532772765348433,19,84,800,30,2,100,0.0,0,0.3,0.0,0.3,1.0,0.7,1.0,1.0,0.25,1.0,0.25
hete_0.3,1.0201766726495916,0.041854959636413995,1.0,0.48206169172930613,20,85,800,30,2,100,0.0,0,0.3,0.0,0.3,1.0,0.7,1.0,1.0,0.25,1.0,0.25
hete_0.3,1.012440036716024,0.039251250805585725,1.0,0.31693351067053643,21,86,800,30,2,100,0.0,0,0.3,0.0,0.3,1.0,0.7,1.0,1.0,0.25,1.0,0.25
hete_0.3,0.9321490287858757,0.04056780525781103,1.0,-1.6725324622056086,22,87,800,30,2,100,0.0,0,0.3,0.0,0.3,1.0,0.7,1.0,1.0,0.25,1.0,0.25
hete_0.3,0.9523670601593037,0.042289929675149454,1.0,-1.1263423752791553,23,88,800,30,2,100,0.0,0,0.3,0.0,0.3,1.0,0.7,1.0,1.0,0.25,1.0,0.25
hete_0.3,0.8547859315977108,0.03834832526807541,1.0,-3.7867121285522853,24,89,800,30,2,100,0.0,0,0.3,0.0,0.3,1.0,0.7,1.0,1.0,0.25,1.0,0.25
hete_0.3,0.9548205059754583,0.037156100731111696,1.0,-1.2159374405698016,25,90,800,30,2,100,0.0,0,0.3,0.0,0.3,1.0,0.7,1.0,1.0,0.25,1.0,0.25
hete_0.3,0.9662152710058649,0.04138052762286234,1.0,-0.8164402663505277,26,91,800,30,2,100,0.0,0,0.3,0.0,0.3,1.0,0.7,1.0,1.0,0.25,1.0,0.25
hete_0.3,0.9598039303685963,0.04556407450924309,1.0,-0.8821877776371714,27,92,800,30,2,100,0.0,0,0.3,0.0,0.3,1.0,0.7,1.0,1.0,0.25,1.0,0.25
hete_0.3,0.9334511945784804,0.04085017167644997,1.0,-1.6290948774613077,28,93,800,30,2,100,0.0,0,0.3,0.0,0.3,1.0,0.7,1.0,1.0,0.25,1.0,0.25
hete_0.3,0.9456423837666712,0.04219201082881208,1.0,-1.2883390757050401,29,94,800,30,2,100,0.0,0,0.3,0.0,0.3,1.0,0.7,1.0,1.0,0.25,1.0,0.25
hete_0.3,0.997755765666634,0.04318890888248482,1.0,-0.0519632098016744,30,95,800,30,2,100,0.0,0,0.3,0.0,0.3,1.0,0.7,1.0,1.0,0.25,1.0,0.25
hete_0.3,0.9044166479785333,0.03986721557490374,1.0,-2.3975427087924364,31,96,800,30,2,100,0.0,0,0.3,0.0,0.3,1.0,0.7,1.0,1.0,0.25,1.0,0.25
hete_0.3,1.0428581848517509,0.04317944117499834,1.0,0.9925599703352924,32,97,800,30,2,100,0.0,0,0.3,0.0,0.3,1.0,0.7,1.0,1.0,0.25,1.0,0.25
hete_0.3,0.8544343163363849,0.039590201865613746,1.0,-3.6768108472325536,33,98,800,30,2,100,0.0,0,0.3,0.0,0.3,1.0,0.7,1.0,1.0,0.25,1.0,0.25
hete_0.3,1.0153489921069965,0.03941918067787748,1.0,0.3893787705133738,34,99,800,30,2,100,0.0,0,0.3,0.0,0.3,1.0,0.7,1.0,1.0,0.25,1.0,0.25
hete_0.3,1.0093153991088692,0.04372575932369192,1.0,0.21304144863236,35,100,800,30,2,100,0.0,0,0.3,0.0,0.3,1.0,0.7,1.0,1.0,0.25,1.0,0.25
hete_0.3,0.9658458262729179,0.04076052245660802,1.0,-0.8379228642969727,36,101,800,30,2,100,0.0,0,0.3,0.0,0.3,1.0,0.7,1.0,1.0,0.25,1.0,0.25
hete_0.3,1.035436477254382,0.040233616049421744,1.0,0.8807678934663231,37,102,800,30,2,100,0.0,0,0.3,0.0,0.3,1.0,0.7,1.0,1.0,0.25,1.0,0.25
hete_0.3,1.0262211408138038,0.039008584349942144,1.0,0.672188987392532,38,103,800,30,2,100,0.0,0,0.3,0.0,0.3,1.0,0.7,1.0,1.0,0.25,1.0,0.25
hete_0.3,1.006788769701744,0.04181726129325291,1.0,0.1623437186413559,39,104,800,30,2,100,0.0,0,0.3,0.0,0.3,1.0,0.7,1.0,1.0,0.25,1.0,0.25
hete_0.3,0.9730523329172681,0.0383170253059348,1.0,-0.7032818144825571,40,105,800,30,2,100,0.0,0,0.3,0.0,0.3,1.0,0.7,1.0,1.0,0.25,1.0,0.25
hete_0.3,1.053820546591395,0.04916057124008326,1.0,1.094790911369887,41,106,800,30,2,100,0.0,0,0.3,0.0,0.3,1.0,0.7,1.0,1.0,0.25,1.0,0.25
hete_0.3,0.9818015469584451,0.04680000148573343,1.0,-0.3888558218764696,42,107,800,30,2,100,0.0,0,0.3,0.0,0.3,1.0,0.7,1.0,1.0,0.25,1.0,0.25
hete_0.3,0.9762920154101641,0.04125109098305604,1.0,-0.5747238200214878,43,108,800,30,2,100,0.0,0,0.3,0.0,0.3,1.0,0.7,1.0,1.0,0.25,1.0,0.25
hete_0.3,0.9933380882608296,0.03872259728396491,1.0,-0.17204196532367214,44,109,800,30,2,100,0.0,0,0.3,0.0,0.3,1.0,0.7,1.0,1.0,0.25,1.0,0.25
hete_0.3,0.9619101974240556,0.03772576947526357,1.0,-1.0096494546233055,45,110,800,30,2,100,0.0,0,0.3,0.0,0.3,1.0,0.7,1.0,1.0,0.25,1.0,0.25
hete_0.3,0.9192410160470053,0.04220387833852488,1.0,-1.913544136991687,46,111,800,30,2,100,0.0,0,0.3,0.0,0.3,1.0,0.7,1.0,1.0,0.25,1.0,0.25
hete_0.3,0.9815872862596744,0.0403468633824444,1.0,-0.4563604750583235,47,112,800,30,2,100,0.0,0,0.3,0.0,0.3,1.0,0.7,1.0,1.0,0.25,1.0,0.25
hete_0.3,0.976681284624072,0.04201925713665239,1.0,-0.5549530611665109,48,113,800,30,2,100,0.0,0,0.3,0.0,0.3,1.0,0.7,1.0,1.0,0.25,1.0,0.25
hete_0.3,0.9299000609502373,0.039388947127126116,1.0,-1.77968552506667,49,114,800,30,2,100,0.0,0,0.3,0.0,0.3,1.0,0.7,1.0,1.0,0.25,1.0,0.25
hete_0.3,0.976583669214972,0.04199513508467661,1.0,-0.5575962724685292,50,115,800,30,2,100,0.0,0,0.3,0.0,0.3,1.0,0.7,1.0,1.0,0.25,1.0,0.25
hete_0.3,0.9324323781247311,0.0426242342253542,1.0,-1.5851926281663868,51,116,800,30,2,100,0.0,0,0.3,0.0,0.3,1.0,0.7,1.0,1.0,0.25,1.0,0.25
hete_0.3,1.02374597661892,0.03770561980850544,1.0,0.6297728757548122,52,117,800,30,2,100,0.0,0,0.3,0.0,0.3,1.0,0.7,1.0,1.0,0.25,1.0,0.25
hete_0.3,0.9878215781767024,0.039237307645511234,1.0,-0.3103786308001401,53,118,800,30,2,100,0.0,0,0.3,0.0,0.3,1.0,0.7,1.0,1.0,0.25,1.0,0.25
hete_0.3,0.9960796899648708,0.03901652010540619,1.0,-0.10047820832145293,54,119,800,30,2,100,0.0,0,0.3,0.0,0.3,1.0,0.7,1.0,1.0,0.25,1.0,0.25
hete_0.3,1.0568497619297634,0.04203309083799953,1.0,1.352500156337993,55,120,800,30,2,100,0.0,0,0.3,0.0,0.3,1.0,0.7,1.0,1.0,0.25,1.0,0.25
hete_0.3,1.0034892522971874,0.03884849021593004,1.0,0.08981693439804908,56,121,800,30,2,100,0.0,0,0.3,0.0,0.3,1.0,0.7,1.0,1.0,0.25,1.0,0.25
hete_0.3,1.0345648781223666,0.0416382049336308,1.0,0.8301241174412132,57,122,800,30,2,100,0.0,0,0.3,0.0,0.3,1.0,0.7,1.0,1.0,0.25,1.0,0.25
hete_0.3,0.9581778585004633,0.03849397560671428,1.0,-1.0864593963176377,58,123,800,30,2,100,0.0,0,0.3,0.0,0.3,1.0,0.7,1.0,1.0,0.25,1.0,0.25
hete_0.3,0.9966935746760488,0.03938984817599021,1.0,-0.08394105276005122,59,124,800,30,2,100,0.0,0,0.3,0.0,0.3,1.0,0.7,1.0,1.0,0.25,1.0,0.25
hete_0.3,0.9445537817346462,0.038318466533853325,1.0,-1.4469842684432206,60,125,800,30,2,100,0.0,0,0.3,0.0,0.3,1.0,0.7,1.0,1.0,0.25,1.0,0.25
hete_0.3,1.0118532527585036,0.042431116536027574,1.0,0.2793528364599873,61,126,800,30,2,100,0.0,0,0.3,0.0,0.3,1.0,0.7,1.0,1.0,0.25,1.0,0.25
hete_0.3,1.0069417862066299,0.03997843337189204,1.0,0.17363827496828585,62,127,800,30,2,100,0.0,0,0.3,0.0,0.3,1.0,0.7,1.0,1.0,0.25,1.0,0.25
hete_0.3,0.9154972611159093,0.040711470491922655,1.0,-2.075649389791911,63,128,800,30,2,100,0.0,0,0.3,0.0,0.3,1.0,0.7,1.0,1.0,0.25,1.0,0.25
hete_0.3,1.0245767304622349,0.042296067545181525,1.0,0.5810641955302697,64,129,800,30,2,100,0.0,0,0.3,0.0,0.3,1.0,0.7,1.0,1.0,0.25,1.0,0.25
hete_0.3,1.0482577098591028,0.037184203333013206,1.0,1.2978013654593548,65,130,800,30,2,100,0.0,0,0.3,0.0,0.3,1.0,0.7,1.0,1.0,0.25,1.0,0.25
hete_0.3,0.9322708952033091,0.04081868436962243,1.0,-1.6592672165371265,66,131,800,30,2,100,0.0,0,0.3,0.0,0.3,1.0,0.7,1.0,1.0,0.25,1.0,0.25
hete_0.3,1.0214907451104638,0.040222985791622895,1.0,0.5342901499604633,67,132,800,30,2,100,0.0,0,0.3,0.0,0.3,1.0,0.7,1.0,1.0,0.25,1.0,0.25
hete_0.3,0.9276083214857693,0.042532276378246484,1.0,-1.7020410069388163,68,133,800,30,2,100,0.0,0,0.3,0.0,0.3,1.0,0.7,1.0,1.0,0.25,1.0,0.25
hete_0.3,0.9685225023336401,0.03594759777344073,1.0,-0.8756495458958453,69,134,800,30,2,100,0.0,0,0.3,0.0,0.3,1.0,0.7,1.0,1.0,0.25,1.0,0.25
hete_0.3,0.9155297737993102,0.03856807109497582,1.0,-2.1901594713585126,70,135,800,30,2,100,0.0,0,0.3,0.0,0.3,1.0,0.7,1.0,1.0,0.25,1.0,0.25
hete_0.3,0.9655039369109338,0.038133859924209736,1.0,-0.904604547182645,71,136,800,30,2,100,0.0,0,0.3,0.0,0.3,1.0,0.7,1.0,1.0,0.25,1.0,0.25
hete_0.3,0.9447409044490227,0.042115575431550194,1.0,-1.3120821687641209,72,137,800,30,2,100,0.0,0,0.3,0.0,0.3,1.0,0.7,1.0,1.0,0.25,1.0,0.25
hete_0.3,0.9356971906332641,0.037240229550446965,1.0,-1.7267028195846381,73,138,800,30,2,100,0.0,0,0.3,0.0,0.3,1.0,0.7,1.0,1.0,0.25,1.0,0.25
hete_0.3,0.9956580130832547,0.04444631273911258,1.0,-0.09769059904319856,74,139,800,30,2,100,0.0,0,0.3,0.0,0.3,1.0,0.7,1.0,1.0,0.25,1.0,0.25
hete_0.3,0.9970762886529508,0.04445464491517077,1.0,-0.06576841076176058,75,140,800,30,2,100,0.0,0,0.3,0.0,0.3,1.0,0.7,1.0,1.0,0.25,1.0,0.25
hete_0.3,0.980319539567089,0.04137258467799758,1.0,-0.47568844407676925,76,141,800,30,2,100,0.0,0,0.3,0.0,0.3,1.0,0.7,1.0,1.0,0.25,1.0,0.25
hete_0.3,0.9936873815856512,0.03970654563666574,1.0,-0.15898180798985545,77,142,800,30,2,100,0.0,0,0.3,0.0,0.3,1.0,0.7,1.0,1.0,0.25,1.0,0.25
hete_0.3,0.9312061711519853,0.04171134719686661,1.0,-1.6492833118845538,78,143,800,30,2,100,0.0,0,0.3,0.0,0.3,1.0,0.7,1.0,1.0,0.25,1.0,0.25
hete_0.3,0.9860578994382996,0.04289492988555066,1.0,-0.32502910248133726,79,144,800,30,2,100,0.0,0,0.3,0.0,0.3,1.0,0.7,1.0,1.0,0.25,1.0,0.25
hete_0.3,0.9583907882402593,0.04116373362365481,1.0,-1.010822102294189,80,145,800,30,2,100,0.0,0,0.3,0.0,0.3,1.0,0.7,1.0,1.0,0.25,1.0,0.25
hete_0.3,1.050389075318299,0.04095335025252974,1.0,1.2304017866080774,81,146,800,30,2,100,0.0,0,0.3,0.0,0.3,1.0,0.7,1.0,1.0,0.25,1.0,0.25
hete_0.3,0.9543239491669226,0.04658923171441823,1.0,-0.9803993144394724,82,147,800,30,2,100,0.0,0,0.3,0.0,0.3,1.0,0.7,1.0,1.0,0.25,1.0,0.25
hete_0.3,0.9759079831647584,0.04090019187669181,1.0,-0.5890441029684068,83,148,800,30,2,100,0.0,0,0.3,0.0,0.3,1.0,0.7,1.0,1.0,0.25,1.0,0.25
hete_0.3,1.0166351679770684,0.04337867513394335,1.0,0.38348723020476927,84,149,800,30,2,100,0.0,0,0.3,0.0,0.3,1.0,0.7,1.0,1.0,0.25,1.0,0.25
hete_0.3,0.9869594786338399,0.041521332196758624,1.0,-0.3140679905058077,85,150,800,30,2,100,0.0,0,0.3,0.0,0.3,1.0,0.7,1.0,1.0,0.25,1.0,0.25
hete_0.3,1.0316366413033466,0.03935473568266847,1.0,0.8038839736707769,86,151,800,30,2,100,0.0,0,0.3,0.0,0.3,1.0,0.7,1.0,1.0,0.25,1.0,0.25
hete_0.3,0.9609480148306078,0.04322847807949099,1.0,-0.9033856130114323,87,152,800,30,2,100,0.0,0,0.3,0.0,0.3,1.0,0.7,1.0,1.0,0.25,1.0,0.25
hete_0.3,1.031128274177091,0.04313274603136597,1.0,0.7216854256034315,88,153,800,30,2,100,0.0,0,0.3,0.0,0.3,1.0,0.7,1.0,1.0,0.25,1.0,0.25
hete_0.3,0.9991412836796568,0.041818923137459885,1.0,-0.020534156690753494,89,154,800,30,2,100,0.0,0,0.3,0.0,0.3,1.0,0.7,1.0,1.0,0.25,1.0,0.25
hete_0.3,1.0137164128327139,0.04183664438392986,1.0,0.32785642908738044,90,155,800,30,2,100,0.0,0,0.3,0.0,0.3,1.0,0.7,1.0,1.0,0.25,1.0,0.25
hete_0.3,0.9683110775083033,0.039621224283798336,1.0,-0.7997966510251119,91,156,800,30,2,100,0.0,0,0.3,0.0,0.3,1.0,0.7,1.0,1.0,0.25,1.0,0.25
hete_0.3,0.9599598296188778,0.04310231570871333,1.0,-0.9289563616886568,92,157,800,30,2,100,0.0,0,0.3,0.0,0.3,1.0,0.7,1.0,1.0,0.25,1.0,0.25
hete_0.3,0.9801425953293462,0.03809159506565674,1.0,-0.5213067249199325,93,158,800,30,2,100,0.0,0,0.3,0.0,0.3,1.0,0.7,1.0,1.0,0.25,1.0,0.25
hete_0.3,1.0141979195979192,0.040955259041188845,1.0,0.34666902200863303,94,159,800,30,2,100,0.0,0,0.3,0.0,0.3,1.0,0.7,1.0,1.0,0.25,1.0,0.25
hete_0.3,0.9741754688341928,0.043623228980185724,1.0,-0.591990363151179,95,160,800,30,2,100,0.0,0,0.3,0.0,0.3,1.0,0.7,1.0,1.0,0.25,1.0,0.25
hete_0.3,1.047858796367799,0.042712847959276684,1.0,1.120477763820117,96,161,800,30,2,100,0.0,0,0.3,0.0,0.3,1.0,0.7,1.0,1.0,0.25,1.0,0.25
hete_0.3,1.040138544697164,0.04313004651547306,1.0,0.9306399584513363,97,162,800,30,2,100,0.0,0,0.3,0.0,0.3,1.0,0.7,1.0,1.0,0.25,1.0,0.25
hete_0.3,0.9469660822668253,0.03980912935313258,1.0,-1.3322049136701715,98,163,800,30,2,100,0.0,0,0.3,0.0,0.3,1.0,0.7,1.0,1.0,0.25,1.0,0.25
hete_0.3,0.9242499875973723,0.03954715172966209,1.0,-1.915435349691995,99,164,800,30,2,100,0.0,0,0.3,0.0,0.3,1.0,0.7,1.0,1.0,0.25,1.0,0.25
hete_0.5,0.9733366469243353,0.04915098266658021,1.0,-0.5424785350994461,0,66,800,30,2,100,0.0,0,0.3,0.0,0.5,1.0,0.7,1.0,1.0,0.25,1.0,0.25
hete_0.5,0.9787931139494098,0.05124486041862898,1.0,-0.41383439972998476,1,67,800,30,2,100,0.0,0,0.3,0.0,0.5,1.0,0.7,1.0,1.0,0.25,1.0,0.25
hete_0.5,0.8604240006866309,0.05333071313321214,1.0,-2.617178565843084,2,68,800,30,2,100,0.0,0,0.3,0.0,0.5,1.0,0.7,1.0,1.0,0.25,1.0,0.25
hete_0.5,0.8732872141038424,0.04751493791624487,1.0,-2.6667989363579876,3,69,800,30,2,100,0.0,0,0.3,0.0,0.5,1.0,0.7,1.0,1.0,0.25,1.0,0.25
hete_0.5,0.9861096108867509,0.04669268606113884,1.0,-0.2974853298236308,4,70,800,30,2,100,0.0,0,0.3,0.0,0.5,1.0,0.7,1.0,1.0,0.25,1.0,0.25
hete_0.5,1.0052637542553238,0.04962718024759581,1.0,0.10606595476636564,5,71,800,30,2,100,0.0,0,0.3,0.0,0.5,1.0,0.7,1.0,1.0,0.25,1.0,0.25
hete_0.5,0.9901300240806573,0.058459888028305415,1.0,-0.16883330181138548,6,72,800,30,2,100,0.0,0,0.3,0.0,0.5,1.0,0.7,1.0,1.0,0.25,1.0,0.25
hete_0.5,0.9602025361680675,0.04566480553820102,1.0,-0.8715128283780782,7,73,800,30,2,100,0.0,0,0.3,0.0,0.5,1.0,0.7,1.0,1.0,0.25,1.0,0.25
hete_0.5,1.087012956097409,0.049758382199463096,1.0,1.7487095088543292,8,74,800,30,2,100,0.0,0,0.3,0.0,0.5,1.0,0.7,1.0,1.0,0.25,1.0,0.25
hete_0.5,1.0529107103407418,0.04631351685187296,1.0,1.1424463944288445,9,75,800,30,2,100,0.0,0,0.3,0.0,0.5,1.0,0.7,1.0,1.0,0.25,1.0,0.25
hete_0.5,1.0082276464045283,0.0465872959299976,1.0,0.1766070822588899,10,76,800,30,2,100,0.0,0,0.3,0.0,0.5,1.0,0.7,1.0,1.0,0.25,1.0,0.25
hete_0.5,0.9563272406049804,0.05141663421377197,1.0,-0.8493896977667552,11,77,800,30,2,100,0.0,0,0.3,0.0,0.5,1.0,0.7,1.0,1.0,0.25,1.0,0.25
hete_0.5,0.8827830784392103,0.04864252134487089,1.0,-2.4097624530959805,12,78,800,30,2,100,0.0,0,0.3,0.0,0.5,1.0,0.7,1.0,1.0,0.25,1.0,0.25
hete_0.5,0.919938956331423,0.04560480491583982,1.0,-1.7555396589531205,13,79,800,30,2,100,0.0,0,0.3,0.0,0.5,1.0,0.7,1.0,1.0,0.25,1.0,0.25
hete_0.5,0.9991705768386694,0.0518608076037702,1.0,-0.01599325578706016,14,80,800,30,2,100,0.0,0,0.3,0.0,0.5,1.0,0.7,1.0,1.0,0.25,1.0,0.25
hete_0.5,0.9793562546195806,0.04871381024510752,1.0,-0.4237760355133105,15,81,800,30,2,100,0.0,0,0.3,0.0,0.5,1.0,0.7,1.0,1.0,0.25,1.0,0.25
hete_0.5,0.9724416204184011,0.05138882620521071,1.0,-0.5362718243757929,16,82,800,30,2,100,0.0,0,0.3,0.0,0.5,1.0,0.7,1.0,1.0,0.25,1.0,0.25
hete_0.5,0.9196137642102508,0.04737182453281976,1.0,-1.6969208296812952,17,83,800,30,2,100,0.0,0,0.3,0.0,0.5,1.0,0.7,1.0,1.0,0.25,1.0,0.25
hete_0.5,0.9432007806261644,0.047353642951890464,1.0,-1.1994688440663683,18,84,800,30,2,100,0.0,0,0.3,0.0,0.5,1.0,0.7,1.0,1.0,0.25,1.0,0.25
hete_0.5,1.0310723769036505,0.04946005578965899,1.0,0.6282317398871,19,85,800,30,2,100,0.0,0,0.3,0.0,0.5,1.0,0.7,1.0,1.0,0.25,1.0,0.25
hete_0.5,0.9816296780159237,0.046943996684088635,1.0,-0.3913242007854604,20,86,800,30,2,100,0.0,0,0.3,0.0,0.5,1.0,0.7,1.0,1.0,0.25,1.0,0.25
hete_0.5,0.9283414319617508,0.048616324829452585,1.0,-1.4739610262525902,21,87,800,30,2,100,0.0,0,0.3,0.0,0.5,1.0,0.7,1.0,1.0,0.25,1.0,0.25
hete_0.5,0.9494779353761539,0.05176401962904488,1.0,-0.9760073693252774,22,88,800,30,2,100,0.0,0,0.3,0.0,0.5,1.0,0.7,1.0,1.0,0.25,1.0,0.25
hete_0.5,0.8322856572946266,0.045007932326535216,1.0,-3.726328538902786,23,89,800,30,2,100,0.0,0,0.3,0.0,0.5,1.0,0.7,1.0,1.0,0.25,1.0,0.25
hete_0.5,0.9553629071482852,0.0437150176875729,1.0,-1.0210928695198496,24,90,800,30,2,100,0.0,0,0.3,0.0,0.5,1.0,0.7,1.0,1.0,0.25,1.0,0.25
hete_0.5,0.9576196232046844,0.04899533114547604,1.0,-0.864988067321773,25,91,800,30,2,100,0.0,0,0.3,0.0,0.5,1.0,0.7,1.0,1.0,0.25,1.0,0.25
hete_0.5,0.9472628046021249,0.06026234683227785,1.0,-0.8751268108534386,26,92,800,30,2,100,0.0,0,0.3,0.0,0.5,1.0,0.7,1.0,1.0,0.25,1.0,0.25
hete_0.5,0.9170309499025476,0.048874964708328354,1.0,-1.6975776983694546,27,93,800,30,2,100,0.0,0,0.3,0.0,0.5,1.0,0.7,1.0,1.0,0.25,1.0,0.25
hete_0.5,0.946970371014076,0.05159699874536205,1.0,-1.027765766912765,28,94,800,30,2,100,0.0,0,0.3,0.0,0.5,1.0,0.7,1.0,1.0,0.25,1.0,0.25
hete_0.5,0.9849518802616883,0.052811847679160084,1.0,-0.2849383310678931,29,95,800,30,2,100,0.0,0,0.3,0.0,0.5,1.0,0.7,1.0,1.0,0.25,1.0,0.25
hete_0.5,0.9014456589551598,0.04729031373723478,1.0,-2.084028065291558,30,96,800,30,2,100,0.0,0,0.3,0.0,0.5,1.0,0.7,1.0,1.0,0.25,1.0,0.25
hete_0.5,1.040262334895592,0.05224317805067693,1.0,0.7706716244661967,31,97,800,30,2,100,0.0,0,0.3,0.0,0.5,1.0,0.7,1.0,1.0,0.25,1.0,0.25
hete_0.5,0.8279573398225465,0.04502269822194393,1.0,-3.8212427724644997,32,98,800,30,2,100,0.0,0,0.3,0.0,0.5,1.0,0.7,1.0,1.0,0.25,1.0,0.25
hete_0.5,1.0021010810115536,0.04987493584584241,1.0,0.04212699176291257,33,99,800,30,2,100,0.0,0,0.3,0.0,0.5,1.0,0.7,1.0,1.0,0.25,1.0,0.25
hete_0.5,0.9999987506533593,0.05228950636513314,1.0,-2.3892875024923942e-05,34,100,800,30,2,100,0.0,0,0.3,0.0,0.5,1.0,0.7,1.0,1.0,0.25,1.0,0.25
hete_0.5,0.9533559882537853,0.04954370824294187,1.0,-0.9414719527551658,35,101,800,30,2,100,0.0,0,0.3,0.0,0.5,1.0,0.7,1.0,1.0,0.25,1.0,0.25
hete_0.5,1.034259009111767,0.048791752188152654,1.0,0.7021475469799898,36,102,800,30,2,100,0.0,0,0.3,0.0,0.5,1.0,0.7,1.0,1.0,0.25,1.0,0.25
hete_0.5,1.0370966421521368,0.04574377939614934,1.0,0.8109658327719981,37,103,800,30,2,100,0.0,0,0.3,0.0,0.5,1.0,0.7,1.0,1.0,0.25,1.0,0.25
hete_0.5,1.0290303950664728,0.04907516106022209,1.0,0.5915496646225654,38,104,800,30,2,100,0.0,0,0.3,0.0,0.5,1.0,0.7,1.0,1.0,0.25,1.0,0.25
hete_0.5,0.9851472914511317,0.04460166277797752,1.0,-0.33300795584244436,39,105,800,30,2,100,0.0,0,0.3,0.0,0.5,1.0,0.7,1.0,1.0,0.25,1.0,0.25
hete_0.5,1.0600347445725713,0.0615311306575746,1.0,0.9756808290533322,40,106,800,30,2,100,0.0,0,0.3,0.0,0.5,1.0,0.7,1.0,1.0,0.25,1.0,0.25
hete_0.5,0.9835927912100982,0.05703682004672207,1.0,-0.2876599497738775,41,107,800,30,2,100,0.0,0,0.3,0.0,0.5,1.0,0.7,1.0,1.0,0.25,1.0,0.25
hete_0.5,0.9469828684980185,0.04881087960735338,1.0,-1.0861744743889936,42,108,800,30,2,100,0.0,0,0.3,0.0,0.5,1.0,0.7,1.0,1.0,0.25,1.0,0.25
hete_0.5,1.0064912395468337,0.04537232421216957,1.0,0.1430660575481975,43,109,800,30,2,100,0.0,0,0.3,0.0,0.5,1.0,0.7,1.0,1.0,0.25,1.0,0.25
hete_0.5,0.9755141159886803,0.044809252635912775,1.0,-0.5464470521361754,44,110,800,30,2,100,0.0,0,0.3,0.0,0.5,1.0,0.7,1.0,1.0,0.25,1.0,0.25
hete_0.5,0.908168677543774,0.04853500697170921,1.0,-1.892063650258751,45,111,800,30,2,100,0.0,0,0.3,0.0,0.5,1.0,0.7,1.0,1.0,0.25,1.0,0.25
hete_0.5,0.9789168524284115,0.04707021879758342,1.0,-0.44790842511806794,46,112,800,30,2,100,0.0,0,0.3,0.0,0.5,1.0,0.7,1.0,1.0,0.25,1.0,0.25
hete_0.5,0.9678389517165558,0.05060888763050918,1.0,-0.6354822204006751,47,113,800,30,2,100,0.0,0,0.3,0.0,0.5,1.0,0.7,1.0,1.0,0.25,1.0,0.25
hete_0.5,0.9278035477854301,0.04753753639052972,1.0,-1.5187251527185304,48,114,800,30,2,100,0.0,0,0.3,0.0,0.5,1.0,0.7,1.0,1.0,0.25,1.0,0.25
hete_0.5,0.9936123059566624,0.04983465813394673,1.0,-0.1281777438137254,49,115,800,30,2,100,0.0,0,0.3,0.0,0.5,1.0,0.7,1.0,1.0,0.25,1.0,0.25
hete_0.5,0.9372393004809817,0.0525584895665927,1.0,-1.194111551464948,50,116,800,30,2,100,0.0,0,0.3,0.0,0.5,1.0,0.7,1.0,1.0,0.25,1.0,0.25
hete_0.5,1.0306472796280857,0.046501535063882014,1.0,0.6590595253680038,51,117,800,30,2,100,0.0,0,0.3,0.0,0.5,1.0,0.7,1.0,1.0,0.25,1.0,0.25
hete_0.5,0.9986153101120621,0.045399806555743896,1.0,-0.030499907224004495,52,118,800,30,2,100,0.0,0,0.3,0.0,0.5,1.0,0.7,1.0,1.0,0.25,1.0,0.25
hete_0.5,0.9953040217717939,0.04749874409429198,1.0,-0.09886531355195212,53,119,800,30,2,100,0.0,0,0.3,0.0,0.5,1.0,0.7,1.0,1.0,0.25,1.0,0.25
hete_0.5,1.04904854234482,0.04918324388900948,1.0,0.9972612309896937,54,120,800,30,2,100,0.0,0,0.3,0.0,0.5,1.0,0.7,1.0,1.0,0.25,1.0,0.25
hete_0.5,0.9945498510497746,0.04514079571255036,1.0,-0.12073666102235218,55,121,800,30,2,100,0.0,0,0.3,0.0,0.5,1.0,0.7,1.0,1.0,0.25,1.0,0.25
hete_0.5,1.0374097670621387,0.0489319718528813,1.0,0.7645260480124284,56,122,800,30,2,100,0.0,0,0.3,0.0,0.5,1.0,0.7,1.0,1.0,0.25,1.0,0.25
hete_0.5,0.9830196645744504,0.04731107504521584,1.0,-0.35890825582215613,57,123,800,30,2,100,0.0,0,0.3,0.0,0.5,1.0,0.7,1.0,1.0,0.25,1.0,0.25
hete_0.5,0.9746589803500305,0.04658746065121964,1.0,-0.5439450722520991,58,124,800,30,2,100,0.0,0,0.3,0.0,0.5,1.0,0.7,1.0,1.0,0.25,1.0,0.25
hete_0.5,0.9419377356433242,0.04463191846800609,1.0,-1.3009134796277497,59,125,800,30,2,100,0.0,0,0.3,0.0,0.5,1.0,0.7,1.0,1.0,0.25,1.0,0.25
hete_0.5,1.0411720218938374,0.05256853626634381,1.0,0.7832065493555914,60,126,800,30,2,100,0.0,0,0.3,0.0,0.5,1.0,0.7,1.0,1.0,0.25,1.0,0.25
hete_0.5,1.0231650573627247,0.046433112796492364,1.0,0.49889089848989404,61,127,800,30,2,100,0.0,0,0.3,0.0,0.5,1.0,0.7,1.0,1.0,0.25,1.0,0.25
hete_0.5,0.9096730759152595,0.05161355521813616,1.0,-1.7500620467431223,62,128,800,30,2,100,0.0,0,0.3,0.0,0.5,1.0,0.7,1.0,1.0,0.25,1.0,0.25
hete_0.5,1.0233867949859734,0.052685311835581665,1.0,0.44389592034603553,63,129,800,30,2,100,0.0,0,0.3,0.0,0.5,1.0,0.7,1.0,1.0,0.25,1.0,0.25
hete_0.5,1.039831163434977,0.04473141532046703,1.0,0.8904516691371523,64,130,800,30,2,100,0.0,0,0.3,0.0,0.5,1.0,0.7,1.0,1.0,0.25,1.0,0.25
hete_0.5,0.9348119295313564,0.04816414452606694,1.0,-1.353456416803233,65,131,800,30,2,100,0.0,0,0.3,0.0,0.5,1.0,0.7,1.0,1.0,0.25,1.0,0.25
hete_0.5,1.034202152384582,0.05158161810980187,1.0,0.6630686209140576,66,132,800,30,2,100,0.0,0,0.3,0.0,0.5,1.0,0.7,1.0,1.0,0.25,1.0,0.25
hete_0.5,0.891795599993001,0.05158776766082917,1.0,-2.0974817270327275,67,133,800,30,2,100,0.0,0,0.3,0.0,0.5,1.0,0.7,1.0,1.0,0.25,1.0,0.25
hete_0.5,0.9572845559545048,0.042168235980442635,1.0,-1.0129767834088759,68,134,800,30,2,100,0.0,0,0.3,0.0,0.5,1.0,0.7,1.0,1.0,0.25,1.0,0.25
hete_0.5,0.9270672048118159,0.044446413635882885,1.0,-1.6409151880210038,69,135,800,30,2,100,0.0,0,0.3,0.0,0.5,1.0,0.7,1.0,1.0,0.25,1.0,0.25
hete_0.5,0.9451421549856284,0.043957545967783423,1.0,-1.2479733298709865,70,136,800,30,2,100,0.0,0,0.3,0.0,0.5,1.0,0.7,1.0,1.0,0.25,1.0,0.25
hete_0.5,0.9280043719662604,0.054306755695294494,1.0,-1.325721397125879,71,137,800,30,2,100,0.0,0,0.3,0.0,0.5,1.0,0.7,1.0,1.0,0.25,1.0,0.25
hete_0.5,0.9288997321445234,0.04473044422943824,1.0,-1.589527425454982,72,138,800,30,2,100,0.0,0,0.3,0.0,0.5,1.0,0.7,1.0,1.0,0.25,1.0,0.25
hete_0.5,1.0094604956939506,0.05689199898994458,1.0,0.16628868491020468,73,139,800,30,2,100,0.0,0,0.3,0.0,0.5,1.0,0.7,1.0,1.0,0.25,1.0,0.25
hete_0.5,0.9899392180219159,0.054890617380564485,1.0,-0.18328782692188164,74,140,800,30,2,100,0.0,0,0.3,0.0,0.5,1.0,0.7,1.0,1.0,0.25,1.0,0.25
hete_0.5,0.9728678168140579,0.047630086929022236,1.0,-0.5696437889431982,75,141,800,30,2,100,0.0,0,0.3,0.0,0.5,1.0,0.7,1.0,1.0,0.25,1.0,0.25
hete_0.5,0.9901106322636035,0.04611437178517662,1.0,-0.21445305126276057,76,142,800,30,2,100,0.0,0,0.3,0.0,0.5,1.0,0.7,1.0,1.0,0.25,1.0,0.25
hete_0.5,0.9196004942525545,0.04987503886629484,1.0,-1.6120189091577597,77,143,800,30,2,100,0.0,0,0.3,0.0,0.5,1.0,0.7,1.0,1.0,0.25,1.0,0.25
hete_0.5,0.9878640737442557,0.05039294842184493,1.0,-0.2408258821086069,78,144,800,30,2,100,0.0,0,0.3,0.0,0.5,1.0,0.7,1.0,1.0,0.25,1.0,0.25
hete_0.5,0.9395019070608579,0.050378991717560356,1.0,-1.2008595423725914,79,145,800,30,2,100,0.0,0,0.3,0.0,0.5,1.0,0.7,1.0,1.0,0.25,1.0,0.25
hete_0.5,1.051478013943523,0.04668389598599138,1.0,1.1026931847969612,80,146,800,30,2,100,0.0,0,0.3,0.0,0.5,1.0,0.7,1.0,1.0,0.25,1.0,0.25
hete_0.5,0.9251694081782128,0.062430218406708926,1.0,-1.1986277436079846,81,147,800,30,2,100,0.0,0,0.3,0.0,0.5,1.0,0.7,1.0,1.0,0.25,1.0,0.25
hete_0.5,0.9803648681902478,0.04930373933681357,1.0,-0.3982483291098215,82,148,800,30,2,100,0.0,0,0.3,0.0,0.5,1.0,0.7,1.0,1.0,0.25,1.0,0.25
hete_0.5,1.013478506100156,0.051722391271932844,1.0,0.26059325117611526,83,149,800,30,2,100,0.0,0,0.3,0.0,0.5,1.0,0.7,1.0,1.0,0.25,1.0,0.25
hete_0.5,0.9710013559528787,0.05085902367766576,1.0,-0.5701769705786889,84,150,800,30,2,100,0.0,0,0.3,0.0,0.5,1.0,0.7,1.0,1.0,0.25,1.0,0.25
hete_0.5,1.0376622553438168,0.04708447133192481,1.0,0.7998869750137898,85,151,800,30,2,100,0.0,0,0.3,0.0,0.5,1.0,0.7,1.0,1.0,0.25,1.0,0.25
hete_0.5,0.9522988994634412,0.054270992046419074,1.0,-0.8789428521181101,86,152,800,30,2,100,0.0,0,0.3,0.0,0.5,1.0,0.7,1.0,1.0,0.25,1.0,0.25
hete_0.5,1.0572773944118894,0.050554776374639794,1.0,1.1329769117646007,87,153,800,30,2,100,0.0,0,0.3,0.0,0.5,1.0,0.7,1.0,1.0,0.25,1.0,0.25
hete_0.5,0.9965321567341376,0.05141168716716565,1.0,-0.06745243070095383,88,154,800,30,2,100,0.0,0,0.3,0.0,0.5,1.0,0.7,1.0,1.0,0.25,1.0,0.25
hete_0.5,1.0520829485810128,0.04934884034862976,1.0,1.0554036976972037,89,155,800,30,2,100,0.0,0,0.3,0.0,0.5,1.0,0.7,1.0,1.0,0.25,1.0,0.25
hete_0.5,0.9574158997197053,0.04686658925279378,1.0,-0.9086238396952728,90,156,800,30,2,100,0.0,0,0.3,0.0,0.5,1.0,0.7,1.0,1.0,0.25,1.0,0.25
hete_0.5,0.9704577774172252,0.050202673775271274,1.0,-0.588459146917523,91,157,800,30,2,100,0.0,0,0.3,0.0,0.5,1.0,0.7,1.0,1.0,0.25,1.0,0.25
hete_0.5,0.9854966389477496,0.04273628631840727,1.0,-0.3393687730420205,92,158,800,30,2,100,0.0,0,0.3,0.0,0.5,1.0,0.7,1.0,1.0,0.25,1.0,0.25
hete_0.5,1.0131289391621212,0.04902216734749033,1.0,0.2678163751728399,93,159,800,30,2,100,0.0,0,0.3,0.0,0.5,1.0,0.7,1.0,1.0,0.25,1.0,0.25
hete_0.5,0.9718444021021792,0.05214447255887961,1.0,-0.5399536425654433,94,160,800,30,2,100,0.0,0,0.3,0.0,0.5,1.0,0.7,1.0,1.0,0.25,1.0,0.25
hete_0.5,1.0469936980062096,0.05112283534720993,1.0,0.9192310576485715,95,161,800,30,2,100,0.0,0,0.3,0.0,0.5,1.0,0.7,1.0,1.0,0.25,1.0,0.25
hete_0.5,1.0234173377721791,0.05181180272020348,1.0,0.45196917580031987,96,162,800,30,2,100,0.0,0,0.3,0.0,0.5,1.0,0.7,1.0,1.0,0.25,1.0,0.25
hete_0.5,0.9448071774718029,0.047054738489208846,1.0,-1.1729492990563448,97,163,800,30,2,100,0.0,0,0.3,0.0,0.5,1.0,0.7,1.0,1.0,0.25,1.0,0.25
hete_0.5,0.9351408587879185,0.046871356051680406,1.0,-1.3837692500419172,98,164,800,30,2,100,0.0,0,0.3,0.0,0.5,1.0,0.7,1.0,1.0,0.25,1.0,0.25
hete_0.5,1.090207375232394,0.057558917076870754,1.0,1.5672180752101492,99,165,800,30,2,100,0.0,0,0.3,0.0,0.5,1.0,0.7,1.0,1.0,0.25,1.0,0.25
noise_0.5,0.995362286792938,0.021219865972254944,1.0,-0.21855525445475452,0,67,800,30,2,100,0.0,0,0.3,0.0,0.0,0.5,0.7,1.0,1.0,0.25,1.0,0.25
noise_0.5,0.9791592196068175,0.01914327354689515,1.0,-1.0886738019037845,1,68,800,30,2,100,0.0,0,0.3,0.0,0.0,0.5,0.7,1.0,1.0,0.25,1.0,0.25
noise_0.5,0.9775373425097693,0.017266119721177437,1.0,-1.3009673194075873,2,69,800,30,2,100,0.0,0,0.3,0.0,0.0,0.5,0.7,1.0,1.0,0.25,1.0,0.25
noise_0.5,0.9815514124387109,0.019379196521982625,1.0,-0.9519789708702365,3,70,800,30,2,100,0.0,0,0.3,0.0,0.0,0.5,0.7,1.0,1.0,0.25,1.0,0.25
noise_0.5,0.9901309673442792,0.02002975901115963,1.0,-0.49271849203089535,4,71,800,30,2,100,0.0,0,0.3,0.0,0.0,0.5,0.7,1.0,1.0,0.25,1.0,0.25
noise_0.5,1.033699312197975,0.017519466675117223,1.0,1.923535277808305,5,72,800,30,2,100,0.0,0,0.3,0.0,0.0,0.5,0.7,1.0,1.0,0.25,1.0,0.25
noise_0.5,0.9842663563708032,0.019070401265477478,1.0,-0.825029500437357,6,73,800,30,2,100,0.0,0,0.3,0.0,0.0,0.5,0.7,1.0,1.0,0.25,1.0,0.25
noise_0.5,1.0225018704632725,0.01876813178876512,1.0,1.1989403482738974,7,74,800,30,2,100,0.0,0,0.3,0.0,0.0,0.5,0.7,1.0,1.0,0.25,1.0,0.25
noise_0.5,1.0128239004973982,0.01935877025523232,1.0,0.6624336323187765,8,75,800,30,2,100,0.0,0,0.3,0.0,0.0,0.5,0.7,1.0,1.0,0.25,1.0,0.25
noise_0.5,0.9831748079479672,0.01935830376514823,1.0,-0.8691459880035609,9,76,800,30,2,100,0.0,0,0.3,0.0,0.0,0.5,0.7,1.0,1.0,0.25,1.0,0.25
noise_0.5,0.9942825090859099,0.021526828150382284,1.0,-0.26559839072197894,10,77,800,30,2,100,0.0,0,0.3,0.0,0.0,0.5,0.7,1.0,1.0,0.25,1.0,0.25
noise_0.5,0.952541986332791,0.018872330918422307,1.0,-2.5146874475840546,11,78,800,30,2,100,0.0,0,0.3,0.0,0.0,0.5,0.7,1.0,1.0,0.25,1.0,0.25
noise_0.5,0.963683017406133,0.018636580826086765,1.0,-1.948693428948718,12,79,800,30,2,100,0.0,0,0.3,0.0,0.0,0.5,0.7,1.0,1.0,0.25,1.0,0.25
noise_0.5,0.9847853432260264,0.01912297427061593,1.0,-0.7956218817567626,13,80,800,30,2,100,0.0,0,0.3,0.0,0.0,0.5,0.7,1.0,1.0,0.25,1.0,0.25
noise_0.5,0.9683181335180379,0.0197967989450226,1.0,-1.6003529949435455,14,81,800,30,2,100,0.0,0,0.3,0.0,0.0,0.5,0.7,1.0,1.0,0.25,1.0,0.25
noise_0.5,0.9685197790378647,0.020091732495685678,1.0,-1.5668246115109836,15,82,800,30,2,100,0.0,0,0.3,0.0,0.0,0.5,0.7,1.0,1.0,0.25,1.0,0.25
noise_0.5,0.9879701869098918,0.017736923621193643,1.0,-0.6782356031422447,16,83,800,30,2,100,0.0,0,0.3,0.0,0.0,0.5,0.7,1.0,1.0,0.25,1.0,0.25
noise_0.5,0.9706985107404129,0.018441786621807368,1.0,-1.5888639132684763,17,84,800,30,2,100,0.0,0,0.3,0.0,0.0,0.5,0.7,1.0,1.0,0.25,1.0,0.25
noise_0.5,0.9961284453234317,0.02016939108914552,1.0,-0.19195198602955543,18,85,800,30,2,100,0.0,0,0.3,0.0,0.0,0.5,0.7,1.0,1.0,0.25,1.0,0.25
noise_0.5,1.0320965668369617,0.018019588368109518,1.0,1.7812042196127618,19,86,800,30,2,100,0.0,0,0.3,0.0,0.0,0.5,0.7,1.0,1.0,0.25,1.0,0.25
noise_0.5,0.9640678502428198,0.01947306844279243,1.0,-1.8452227938673809,20,87,800,30,2,100,0.0,0,0.3,0.0,0.0,0.5,0.7,1.0,1.0,0.25,1.0,0.25
noise_0.5,0.979032558190818,0.018672346965919732,1.0,-1.1229141064833033,21,88,800,30,2,100,0.0,0,0.3,0.0,0.0,0.5,0.7,1.0,1.0,0.25,1.0,0.25
noise_0.5,0.9390943129383479,0.01844174080886725,1.0,-3.3025996674005493,22,89,800,30,2,100,0.0,0,0.3,0.0,0.0,0.5,0.7,1.0,1.0,0.25,1.0,0.25
noise_0.5,0.9798119372999566,0.017733459884650533,1.0,-1.1384164642071595,23,90,800,30,2,100,0.0,0,0.3,0.0,0.0,0.5,0.7,1.0,1.0,0.25,1.0,0.25
noise_0.5,0.9942591698562728,0.01912051828860548,1.0,-0.3002444838092236,24,91,800,30,2,100,0.0,0,0.3,0.0,0.0,0.5,0.7,1.0,1.0,0.25,1.0,0.25
noise_0.5,0.9817304368537135,0.018280664872477082,1.0,-0.9993927066510954,25,92,800,30,2,100,0.0,0,0.3,0.0,0.0,0.5,0.7,1.0,1.0,0.25,1.0,0.25
noise_0.5,0.983101567430741,0.018746941256260276,1.0,-0.9013967845883154,26,93,800,30,2,100,0.0,0,0.3,0.0,0.0,0.5,0.7,1.0,1.0,0.25,1.0,0.25
noise_0.5,0.9702285945500846,0.017418474176680458,1.0,-1.7091856122376572,27,94,800,30,2,100,0.0,0,0.3,0.0,0.0,0.5,0.7,1.0,1.0,0.25,1.0,0.25
noise_0.5,1.0050993303262141,0.01953015193578292,1.0,0.26110039199803614,28,95,800,30,2,100,0.0,0,0.3,0.0,0.0,0.5,0.7,1.0,1.0,0.25,1.0,0.25
noise_0.5,0.9548787698450578,0.019446714204489374,1.0,-2.3202495640382126,29,96,800,30,2,100,0.0,0,0.3,0.0,0.0,0.5,0.7,1.0,1.0,0.25,1.0,0.25
noise_0.5,1.0184743159354228,0.019135222134908595,1.0,0.9654612737272549,30,97,800,30,2,100,0.0,0,0.3,0.0,0.0,0.5,0.7,1.0,1.0,0.25,1.0,0.25
noise_0.5,0.9247406738568131,0.019414045128356348,1.0,-3.8765401875605177,31,98,800,30,2,100,0.0,0,0.3,0.0,0.0,0.5,0.7,1.0,1.0,0.25,1.0,0.25
noise_0.5,0.9862492700251105,0.01804547989889934,1.0,-0.7620041169272629,32,99,800,30,2,100,0.0,0,0.3,0.0,0.0,0.5,0.7,1.0,1.0,0.25,1.0,0.25
noise_0.5,1.0124662203122194,0.019183333168547794,1.0,0.6498464162973798,33,100,800,30,2,100,0.0,0,0.3,0.0,0.0,0.5,0.7,1.0,1.0,0.25,1.0,0.25
noise_0.5,0.9956329881990308,0.018725926461738384,1.0,-0.23320671529347706,34,101,800,30,2,100,0.0,0,0.3,0.0,0.0,0.5,0.7,1.0,1.0,0.25,1.0,0.25
noise_0.5,1.019337822280187,0.018866197163036728,1.0,1.0249984198232744,35,102,800,30,2,100,0.0,0,0.3,0.0,0.0,0.5,0.7,1.0,1.0,0.25,1.0,0.25
noise_0.5,0.9984713808624414,0.018470137016008144,1.0,-0.08276165662624914,36,103,800,30,2,100,0.0,0,0.3,0.0,0.0,0.5,0.7,1.0,1.0,0.25,1.0,0.25
noise_0.5,0.9911908596936413,0.0190958219677954,1.0,-0.46131244422026413,37,104,800,30,2,100,0.0,0,0.3,0.0,0.0,0.5,0.7,1.0,1.0,0.25,1.0,0.25
noise_0.5,0.9903774807838287,0.017736054579541794,1.0,-0.5425400092797805,38,105,800,30,2,100,0.0,0,0.3,0.0,0.0,0.5,0.7,1.0,1.0,0.25,1.0,0.25
noise_0.5,1.0048134303598528,0.019903189959199305,1.0,0.24184215543941195,39,106,800,30,2,100,0.0,0,0.3,0.0,0.0,0.5,0.7,1.0,1.0,0.25,1.0,0.25
noise_0.5,0.9965131744751521,0.02041340493739843,1.0,-0.17081057939823976,40,107,800,30,2,100,0.0,0,0.3,0.0,0.0,0.5,0.7,1.0,1.0,0.25,1.0,0.25
noise_0.5,1.0091691571822585,0.01880825293388515,1.0,0.4875071179917659,41,108,800,30,2,100,0.0,0,0.3,0.0,0.0,0.5,0.7,1.0,1.0,0.25,1.0,0.25
noise_0.5,0.9908396631842423,0.018437273359446192,1.0,-0.4968379346105669,42,109,800,30,2,100,0.0,0,0.3,0.0,0.0,0.5,0.7,1.0,1.0,0.25,1.0,0.25
noise_0.5,0.9510303260448146,0.0177993804771778,1.0,-2.751201032978301,43,110,800,30,2,100,0.0,0,0.3,0.0,0.0,0.5,0.7,1.0,1.0,0.25,1.0,0.25
noise_0.5,0.9641055412549627,0.019614379426815418,1.0,-1.8300073616382102,44,111,800,30,2,100,0.0,0,0.3,0.0,0.0,0.5,0.7,1.0,1.0,0.25,1.0,0.25
noise_0.5,0.9942177475476808,0.019029957435044965,1.0,-0.3038499939926725,45,112,800,30,2,100,0.0,0,0.3,0.0,0.0,0.5,0.7,1.0,1.0,0.25,1.0,0.25
noise_0.5,1.0002927112375333,0.01875025767462985,1.0,0.015611051464606089,46,113,800,30,2,100,0.0,0,0.3,0.0,0.0,0.5,0.7,1.0,1.0,0.25,1.0,0.25
noise_0.5,0.9415646738420401,0.018117576140611782,1.0,-3.225339068782667,47,114,800,30,2,100,0.0,0,0.3,0.0,0.0,0.5,0.7,1.0,1.0,0.25,1.0,0.25
noise_0.5,0.9698337030501065,0.0188597688916603,1.0,-1.5995051224213501,48,115,800,30,2,100,0.0,0,0.3,0.0,0.0,0.5,0.7,1.0,1.0,0.25,1.0,0.25
noise_0.5,0.9689958558556659,0.018689591395120934,1.0,-1.6588989822660292,49,116,800,30,2,100,0.0,0,0.3,0.0,0.0,0.5,0.7,1.0,1.0,0.25,1.0,0.25
noise_0.5,1.0151233550850332,0.017850167367527415,1.0,0.8472388394825466,50,117,800,30,2,100,0.0,0,0.3,0.0,0.0,0.5,0.7,1.0,1.0,0.25,1.0,0.25
noise_0.5,0.982823589904439,0.01878837142294809,1.0,-0.9142043080211726,51,118,800,30,2,100,0.0,0,0.3,0.0,0.0,0.5,0.7,1.0,1.0,0.25,1.0,0.25
noise_0.5,0.9955181658326013,0.01814126812576046,1.0,-0.24705186739589052,52,119,800,30,2,100,0.0,0,0.3,0.0,0.0,0.5,0.7,1.0,1.0,0.25,1.0,0.25
noise_0.5,1.0386037322893813,0.018013866990916533,1.0,2.143000850891548,53,120,800,30,2,100,0.0,0,0.3,0.0,0.0,0.5,0.7,1.0,1.0,0.25,1.0,0.25
noise_0.5,1.0032794160789091,0.01913748165691132,1.0,0.17136089991886716,54,121,800,30,2,100,0.0,0,0.3,0.0,0.0,0.5,0.7,1.0,1.0,0.25,1.0,0.25
noise_0.5,1.0088090241813705,0.01949188481928592,1.0,0.45193290761982063,55,122,800,30,2,100,0.0,0,0.3,0.0,0.0,0.5,0.7,1.0,1.0,0.25,1.0,0.25
noise_0.5,0.9686796734134075,0.017381534326893603,1.0,-1.801931060719538,56,123,800,30,2,100,0.0,0,0.3,0.0,0.0,0.5,0.7,1.0,1.0,0.25,1.0,0.25
noise_0.5,1.0073263056733694,0.01858430617073418,1.0,0.39422002662152766,57,124,800,30,2,100,0.0,0,0.3,0.0,0.0,0.5,0.7,1.0,1.0,0.25,1.0,0.25
noise_0.5,0.9634612160753827,0.0188373968014378,1.0,-1.9396939136424836,58,125,800,30,2,100,0.0,0,0.3,0.0,0.0,0.5,0.7,1.0,1.0,0.25,1.0,0.25
noise_0.5,0.9805122765222591,0.019583755963377046,1.0,-0.9950963193262939,59,126,800,30,2,100,0.0,0,0.3,0.0,0.0,0.5,0.7,1.0,1.0,0.25,1.0,0.25
noise_0.5,1.0082309687385351,0.01806593016984284,1.0,0.45560724862509144,60,127,800,30,2,100,0.0,0,0.3,0.0,0.0,0.5,0.7,1.0,1.0,0.25,1.0,0.25
noise_0.5,0.966008399431412,0.018443237422541166,1.0,-1.843038713314167,61,128,800,30,2,100,0.0,0,0.3,0.0,0.0,0.5,0.7,1.0,1.0,0.25,1.0,0.25
noise_0.5,1.0071438254930396,0.01937508250496515,1.0,0.36871200374031393,62,129,800,30,2,100,0.0,0,0.3,0.0,0.0,0.5,0.7,1.0,1.0,0.25,1.0,0.25
noise_0.5,1.0227393939690257,0.018948457421200954,1.0,1.2000657079126216,63,130,800,30,2,100,0.0,0,0.3,0.0,0.0,0.5,0.7,1.0,1.0,0.25,1.0,0.25
noise_0.5,0.9556564020712431,0.018821497668738748,1.0,-2.356007938858586,64,131,800,30,2,100,0.0,0,0.3,0.0,0.0,0.5,0.7,1.0,1.0,0.25,1.0,0.25
noise_0.5,1.0038784952658497,0.01707819116254732,1.0,0.22710222815372275,65,132,800,30,2,100,0.0,0,0.3,0.0,0.0,0.5,0.7,1.0,1.0,0.25,1.0,0.25
noise_0.5,0.9819568791677754,0.020114817458815198,1.0,-0.8970064416029438,66,133,800,30,2,100,0.0,0,0.3,0.0,0.0,0.5,0.7,1.0,1.0,0.25,1.0,0.25
noise_0.5,0.9939029303205048,0.017664742955271626,1.0,-0.34515473533543073,67,134,800,30,2,100,0.0,0,0.3,0.0,0.0,0.5,0.7,1.0,1.0,0.25,1.0,0.25
noise_0.5,0.9573488177745244,0.01936179363381167,1.0,-2.202852846804103,68,135,800,30,2,100,0.0,0,0.3,0.0,0.0,0.5,0.7,1.0,1.0,0.25,1.0,0.25
noise_0.5,0.9906344335155834,0.017180890021685578,1.0,-0.5451153271219019,69,136,800,30,2,100,0.0,0,0.3,0.0,0.0,0.5,0.7,1.0,1.0,0.25,1.0,0.25
noise_0.5,0.9794368602792799,0.018980747837617926,1.0,-1.0833682580180553,70,137,800,30,2,100,0.0,0,0.3,0.0,0.0,0.5,0.7,1.0,1.0,0.25,1.0,0.25
noise_0.5,0.9763106395077388,0.016765336677759132,1.0,-1.4129964072649666,71,138,800,30,2,100,0.0,0,0.3,0.0,0.0,0.5,0.7,1.0,1.0,0.25,1.0,0.25
noise_0.5,0.9864288678529437,0.019625465208222666,1.0,-0.6915062651034775,72,139,800,30,2,100,0.0,0,0.3,0.0,0.0,0.5,0.7,1.0,1.0,0.25,1.0,0.25
noise_0.5,1.003414627426771,0.019040736947338176,1.0,0.17933273466331687,73,140,800,30,2,100,0.0,0,0.3,0.0,0.0,0.5,0.7,1.0,1.0,0.25,1.0,0.25
noise_0.5,0.9852435238513767,0.018898161210182066,1.0,-0.7808419022625712,74,141,800,30,2,100,0.0,0,0.3,0.0,0.0,0.5,0.7,1.0,1.0,0.25,1.0,0.25
noise_0.5,0.9893275148520834,0.018554979173315608,1.0,-0.5751817368388646,75,142,800,30,2,100,0.0,0,0.3,0.0,0.0,0.5,0.7,1.0,1.0,0.25,1.0,0.25
noise_0.5,0.9582152679683951,0.01879232419529313,1.0,-2.2234999565445266,76,143,800,30,2,100,0.0,0,0.3,0.0,0.0,0.5,0.7,1.0,1.0,0.25,1.0,0.25
noise_0.5,0.9964479285446858,0.019628812896632822,1.0,-0.18096211289086933,77,144,800,30,2,100,0.0,0,0.3,0.0,0.0,0.5,0.7,1.0,1.0,0.25,1.0,0.25
noise_0.5,0.9855672235801846,0.018696859224815975,1.0,-0.7719358768374904,78,145,800,30,2,100,0.0,0,0.3,0.0,0.0,0.5,0.7,1.0,1.0,0.25,1.0,0.25
noise_0.5,1.007003132388597,0.020088465596514823,1.0,0.3486145995049044,79,146,800,30,2,100,0.0,0,0.3,0.0,0.0,0.5,0.7,1.0,1.0,0.25,1.0,0.25
noise_0.5,0.9985019681689455,0.01841110352772543,1.0,-0.08136567310039618,80,147,800,30,2,100,0.0,0,0.3,0.0,0.0,0.5,0.7,1.0,1.0,0.25,1.0,0.25
noise_0.5,0.9826403245119564,0.01831599528056809,1.0,-0.9477877244520231,81,148,800,30,2,100,0.0,0,0.3,0.0,0.0,0.5,0.7,1.0,1.0,0.25,1.0,0.25
noise_0.5,0.9996645523580773,0.01934714959880364,1.0,-0.017338349518084505,82,149,800,30,2,100,0.0,0,0.3,0.0,0.0,0.5,0.7,1.0,1.0,0.25,1.0,0.25
noise_0.5,1.0134573337276245,0.018798884455332926,1.0,0.7158581010272053,83,150,800,30,2,100,0.0,0,0.3,0.0,0.0,0.5,0.7,1.0,1.0,0.25,1.0,0.25
noise_0.5,1.0071783891138515,0.01746312363423583,1.0,0.41105985757201624,84,151,800,30,2,100,0.0,0,0.3,0.0,0.0,0.5,0.7,1.0,1.0,0.25,1.0,0.25
noise_0.5,0.9758483893455673,0.01942633804695505,1.0,-1.2432405220199658,85,152,800,30,2,100,0.0,0,0.3,0.0,0.0,0.5,0.7,1.0,1.0,0.25,1.0,0.25
noise_0.5,0.9994925152283408,0.020261224784445864,1.0,-0.025047092515787565,86,153,800,30,2,100,0.0,0,0.3,0.0,0.0,0.5,0.7,1.0,1.0,0.25,1.0,0.25
noise_0.5,1.0031134572763838,0.017937977797310423,1.0,0.1735679077967537,87,154,800,30,2,100,0.0,0,0.3,0.0,0.0,0.5,0.7,1.0,1.0,0.25,1.0,0.25
noise_0.5,1.0174087252451698,0.018840039643899627,1.0,0.9240280580198621,88,155,800,30,2,100,0.0,0,0.3,0.0,0.0,0.5,0.7,1.0,1.0,0.25,1.0,0.25
noise_0.5,0.9917755495325924,0.018872015496160414,1.0,-0.4358013837515608,89,156,800,30,2,100,0.0,0,0.3,0.0,0.0,0.5,0.7,1.0,1.0,0.25,1.0,0.25
noise_0.5,0.9795113149437288,0.020174748909408822,1.0,-1.0155608453057865,90,157,800,30,2,100,0.0,0,0.3,0.0,0.0,0.5,0.7,1.0,1.0,0.25,1.0,0.25
noise_0.5,0.9898391061458578,0.01749897549000547,1.0,-0.5806564995731089,91,158,800,30,2,100,0.0,0,0.3,0.0,0.0,0.5,0.7,1.0,1.0,0.25,1.0,0.25
noise_0.5,1.0027316420015089,0.018964705920729012,1.0,0.14403819457717576,92,159,800,30,2,100,0.0,0,0.3,0.0,0.0,0.5,0.7,1.0,1.0,0.25,1.0,0.25
noise_0.5,0.9810506248587264,0.018325529060808247,1.0,-1.034042459477993,93,160,800,30,2,100,0.0,0,0.3,0.0,0.0,0.5,0.7,1.0,1.0,0.25,1.0,0.25
noise_0.5,1.0186818373105992,0.019105452913337886,1.0,0.977827502720812,94,161,800,30,2,100,0.0,0,0.3,0.0,0.0,0.5,0.7,1.0,1.0,0.25,1.0,0.25
noise_0.5,1.0238791297518697,0.019183701435122737,1.0,1.2447613320414928,95,162,800,30,2,100,0.0,0,0.3,0.0,0.0,0.5,0.7,1.0,1.0,0.25,1.0,0.25
noise_0.5,0.9750844437215719,0.019768791188701965,1.0,-1.2603479919737113,96,163,800,30,2,100,0.0,0,0.3,0.0,0.0,0.5,0.7,1.0,1.0,0.25,1.0,0.25
noise_0.5,0.9519687652316249,0.018938726042183832,1.0,-2.536138632629833,97,164,800,30,2,100,0.0,0,0.3,0.0,0.0,0.5,0.7,1.0,1.0,0.25,1.0,0.25
noise_0.5,1.000329899511694,0.02205408732014775,1.0,0.014958656275594756,98,165,800,30,2,100,0.0,0,0.3,0.0,0.0,0.5,0.7,1.0,1.0,0.25,1.0,0.25
noise_0.5,1.0069400906972372,0.01800659813108106,1.0,0.3854193138934989,99,166,800,30,2,100,0.0,0,0.3,0.0,0.0,0.5,0.7,1.0,1.0,0.25,1.0,0.25
noise_1.0,0.9413165338074871,0.036794512870385924,1.0,-1.5948972173985285,0,68,800,30,2,100,0.0,0,0.3,0.0,0.0,1.0,0.7,1.0,1.0,0.25,1.0,0.25
noise_1.0,0.9510401241782249,0.03357401255331172,1.0,-1.4582670374603677,1,69,800,30,2,100,0.0,0,0.3,0.0,0.0,1.0,0.7,1.0,1.0,0.25,1.0,0.25
noise_1.0,0.9763727598710183,0.03594696705906488,1.0,-0.6572804901776402,2,70,800,30,2,100,0.0,0,0.3,0.0,0.0,1.0,0.7,1.0,1.0,0.25,1.0,0.25
noise_1.0,0.9965076896989867,0.037140465056013504,1.0,-0.09402979461205804,3,71,800,30,2,100,0.0,0,0.3,0.0,0.0,1.0,0.7,1.0,1.0,0.25,1.0,0.25
noise_1.0,1.0457586802111747,0.03386101271547402,1.0,1.3513677395201942,4,72,800,30,2,100,0.0,0,0.3,0.0,0.0,1.0,0.7,1.0,1.0,0.25,1.0,0.25
noise_1.0,0.9664255999306767,0.036474151566887617,1.0,-0.9204984523835567,5,73,800,30,2,100,0.0,0,0.3,0.0,0.0,1.0,0.7,1.0,1.0,0.25,1.0,0.25
noise_1.0,1.0413843214231555,0.03457474834040192,1.0,1.1969522096216199,6,74,800,30,2,100,0.0,0,0.3,0.0,0.0,1.0,0.7,1.0,1.0,0.25,1.0,0.25
noise_1.0,1.0294373625612934,0.03605595969222764,1.0,0.8164354190699574,7,75,800,30,2,100,0.0,0,0.3,0.0,0.0,1.0,0.7,1.0,1.0,0.25,1.0,0.25
noise_1.0,0.9675979899007018,0.03815036956698201,1.0,-0.8493236229968575,8,76,800,30,2,100,0.0,0,0.3,0.0,0.0,1.0,0.7,1.0,1.0,0.25,1.0,0.25
noise_1.0,0.9944288785590283,0.04003988441738501,1.0,-0.13913929877761527,9,77,800,30,2,100,0.0,0,0.3,0.0,0.0,1.0,0.7,1.0,1.0,0.25,1.0,0.25
noise_1.0,0.9238747092073653,0.03516247302983082,1.0,-2.164958384128792,10,78,800,30,2,100,0.0,0,0.3,0.0,0.0,1.0,0.7,1.0,1.0,0.25,1.0,0.25
noise_1.0,0.9350799202749623,0.03539490154656177,1.0,-1.8341647211431202,11,79,800,30,2,100,0.0,0,0.3,0.0,0.0,1.0,0.7,1.0,1.0,0.25,1.0,0.25
noise_1.0,0.978583870311726,0.03655966317305384,1.0,-0.5857857493626658,12,80,800,30,2,100,0.0,0,0.3,0.0,0.0,1.0,0.7,1.0,1.0,0.25,1.0,0.25
noise_1.0,0.9526409995471309,0.03642376576009184,1.0,-1.3002225185831444,13,81,800,30,2,100,0.0,0,0.3,0.0,0.0,1.0,0.7,1.0,1.0,0.25,1.0,0.25
noise_1.0,0.94062926636695,0.03621394852747212,1.0,-1.6394438067975663,14,82,800,30,2,100,0.0,0,0.3,0.0,0.0,1.0,0.7,1.0,1.0,0.25,1.0,0.25
noise_1.0,0.9884923121297045,0.034672154622701824,1.0,-0.3318999928190448,15,83,800,30,2,100,0.0,0,0.3,0.0,0.0,1.0,0.7,1.0,1.0,0.25,1.0,0.25
noise_1.0,0.9487825278640085,0.03442991455329782,1.0,-1.487586385284412,16,84,800,30,2,100,0.0,0,0.3,0.0,0.0,1.0,0.7,1.0,1.0,0.25,1.0,0.25
noise_1.0,0.9946844250734436,0.03800857433191511,1.0,-0.1398519944509742,17,85,800,30,2,100,0.0,0,0.3,0.0,0.0,1.0,0.7,1.0,1.0,0.25,1.0,0.25
noise_1.0,1.0438601441076412,0.03443240902104481,1.0,1.2738041094026908,18,86,800,30,2,100,0.0,0,0.3,0.0,0.0,1.0,0.7,1.0,1.0,0.25,1.0,0.25
noise_1.0,0.9415714747492325,0.03528526378951074,1.0,-1.6558902775763444,19,87,800,30,2,100,0.0,0,0.3,0.0,0.0,1.0,0.7,1.0,1.0,0.25,1.0,0.25
noise_1.0,0.9644735295149334,0.03514042289715239,1.0,-1.0109858549239463,20,88,800,30,2,100,0.0,0,0.3,0.0,0.0,1.0,0.7,1.0,1.0,0.25,1.0,0.25
noise_1.0,0.8772288402195716,0.03471247843922028,1.0,-3.53680190238776,21,89,800,30,2,100,0.0,0,0.3,0.0,0.0,1.0,0.7,1.0,1.0,0.25,1.0,0.25
noise_1.0,0.9802532214329167,0.03379718060240178,1.0,-0.584272954581306,22,90,800,30,2,100,0.0,0,0.3,0.0,0.0,1.0,0.7,1.0,1.0,0.25,1.0,0.25
noise_1.0,0.9816384566452501,0.037694854524297036,1.0,-0.48711007341637574,23,91,800,30,2,100,0.0,0,0.3,0.0,0.0,1.0,0.7,1.0,1.0,0.25,1.0,0.25
noise_1.0,0.9603795015195078,0.03437528755625532,1.0,-1.1525866777304212,24,92,800,30,2,100,0.0,0,0.3,0.0,0.0,1.0,0.7,1.0,1.0,0.25,1.0,0.25
noise_1.0,0.9669757161847219,0.03467693761353923,1.0,-0.9523414144386309,25,93,800,30,2,100,0.0,0,0.3,0.0,0.0,1.0,0.7,1.0,1.0,0.25,1.0,0.25
noise_1.0,0.937272774678213,0.033890254685764114,1.0,-1.8508927095238408,26,94,800,30,2,100,0.0,0,0.3,0.0,0.0,1.0,0.7,1.0,1.0,0.25,1.0,0.25
noise_1.0,1.018535871016589,0.03608390615977309,1.0,0.5136880396073397,27,95,800,30,2,100,0.0,0,0.3,0.0,0.0,1.0,0.7,1.0,1.0,0.25,1.0,0.25
noise_1.0,0.9303729162123636,0.03733618226458993,1.0,-1.8648688635118305,28,96,800,30,2,100,0.0,0,0.3,0.0,0.0,1.0,0.7,1.0,1.0,0.25,1.0,0.25
noise_1.0,1.040042701205667,0.03693370284542392,1.0,1.084177813777702,29,97,800,30,2,100,0.0,0,0.3,0.0,0.0,1.0,0.7,1.0,1.0,0.25,1.0,0.25
noise_1.0,0.8572885760758879,0.036675324301841915,1.0,-3.8912109610696692,30,98,800,30,2,100,0.0,0,0.3,0.0,0.0,1.0,0.7,1.0,1.0,0.25,1.0,0.25
noise_1.0,0.9986609761816979,0.03567206229797588,1.0,-0.03753704529659523,31,99,800,30,2,100,0.0,0,0.3,0.0,0.0,1.0,0.7,1.0,1.0,0.25,1.0,0.25
noise_1.0,1.0248463188647592,0.036125621384199426,1.0,0.6877755430284843,32,100,800,30,2,100,0.0,0,0.3,0.0,0.0,1.0,0.7,1.0,1.0,0.25,1.0,0.25
noise_1.0,1.0006061490896054,0.03505305502282651,1.0,0.017292332699980383,33,101,800,30,2,100,0.0,0,0.3,0.0,0.0,1.0,0.7,1.0,1.0,0.25,1.0,0.25
noise_1.0,1.0475884918497247,0.03626176830262302,1.0,1.3123599338171918,34,102,800,30,2,100,0.0,0,0.3,0.0,0.0,1.0,0.7,1.0,1.0,0.25,1.0,0.25
noise_1.0,0.9953365669616483,0.03506005998520594,1.0,-0.1330126942258371,35,103,800,30,2,100,0.0,0,0.3,0.0,0.0,1.0,0.7,1.0,1.0,0.25,1.0,0.25
noise_1.0,0.9816325855874496,0.036541500272318665,1.0,-0.5026453286173448,36,104,800,30,2,100,0.0,0,0.3,0.0,0.0,1.0,0.7,1.0,1.0,0.25,1.0,0.25
noise_1.0,0.9637242754787411,0.034051349623960586,1.0,-1.065324133165434,37,105,800,30,2,100,0.0,0,0.3,0.0,0.0,1.0,0.7,1.0,1.0,0.25,1.0,0.25
noise_1.0,1.018116627751072,0.03716586225044123,1.0,0.48745344932383355,38,106,800,30,2,100,0.0,0,0.3,0.0,0.0,1.0,0.7,1.0,1.0,0.25,1.0,0.25
noise_1.0,0.9904712562206208,0.03843204437546955,1.0,-0.24793746817853896,39,107,800,30,2,100,0.0,0,0.3,0.0,0.0,1.0,0.7,1.0,1.0,0.25,1.0,0.25
noise_1.0,1.0216556326533381,0.03597887889317457,1.0,0.6018984837642164,40,108,800,30,2,100,0.0,0,0.3,0.0,0.0,1.0,0.7,1.0,1.0,0.25,1.0,0.25
noise_1.0,0.9631632497250096,0.03455514099764707,1.0,-1.0660280702515073,41,109,800,30,2,100,0.0,0,0.3,0.0,0.0,1.0,0.7,1.0,1.0,0.25,1.0,0.25
noise_1.0,0.9156391934272425,0.03459995633257346,1.0,-2.4381766775045786,42,110,800,30,2,100,0.0,0,0.3,0.0,0.0,1.0,0.7,1.0,1.0,0.25,1.0,0.25
noise_1.0,0.9414759974965361,0.03908821653710349,1.0,-1.4972287734824508,43,111,800,30,2,100,0.0,0,0.3,0.0,0.0,1.0,0.7,1.0,1.0,0.25,1.0,0.25
noise_1.0,0.9758521760230154,0.03593563669202357,1.0,-0.671974290700254,44,112,800,30,2,100,0.0,0,0.3,0.0,0.0,1.0,0.7,1.0,1.0,0.25,1.0,0.25
noise_1.0,0.9942427762115179,0.03654885653481328,1.0,-0.1575213107692783,45,113,800,30,2,100,0.0,0,0.3,0.0,0.0,1.0,0.7,1.0,1.0,0.25,1.0,0.25
noise_1.0,0.908234009384371,0.03418056328754884,1.0,-2.6847419056156134,46,114,800,30,2,100,0.0,0,0.3,0.0,0.0,1.0,0.7,1.0,1.0,0.25,1.0,0.25
noise_1.0,0.943166313710784,0.036426093837851725,1.0,-1.5602465238849743,47,115,800,30,2,100,0.0,0,0.3,0.0,0.0,1.0,0.7,1.0,1.0,0.25,1.0,0.25
noise_1.0,0.9456310929532118,0.03476999175027983,1.0,-1.5636732800303481,48,116,800,30,2,100,0.0,0,0.3,0.0,0.0,1.0,0.7,1.0,1.0,0.25,1.0,0.25
noise_1.0,1.0278742219645958,0.03321047649108034,1.0,0.8393201456197782,49,117,800,30,2,100,0.0,0,0.3,0.0,0.0,1.0,0.7,1.0,1.0,0.25,1.0,0.25
noise_1.0,0.9774327155942133,0.03533117749288661,1.0,-0.6387357005106971,50,118,800,30,2,100,0.0,0,0.3,0.0,0.0,1.0,0.7,1.0,1.0,0.25,1.0,0.25
noise_1.0,1.001715117784251,0.03460798345276887,1.0,0.04955844325895588,51,119,800,30,2,100,0.0,0,0.3,0.0,0.0,1.0,0.7,1.0,1.0,0.25,1.0,0.25
noise_1.0,1.0606976514401363,0.03463425217259861,1.0,1.7525324680796226,52,120,800,30,2,100,0.0,0,0.3,0.0,0.0,1.0,0.7,1.0,1.0,0.25,1.0,0.25
noise_1.0,1.0161054729377301,0.03570107952865645,1.0,0.451120054361455,53,121,800,30,2,100,0.0,0,0.3,0.0,0.0,1.0,0.7,1.0,1.0,0.25,1.0,0.25
noise_1.0,1.0242689320949883,0.037510357852511354,1.0,0.6469928170350269,54,122,800,30,2,100,0.0,0,0.3,0.0,0.0,1.0,0.7,1.0,1.0,0.25,1.0,0.25
noise_1.0,0.9460299071437338,0.032802048480165776,1.0,-1.6453269035590865,55,123,800,30,2,100,0.0,0,0.3,0.0,0.0,1.0,0.7,1.0,1.0,0.25,1.0,0.25
noise_1.0,1.0221913471205395,0.035391846953828084,1.0,0.6270186223818764,56,124,800,30,2,100,0.0,0,0.3,0.0,0.0,1.0,0.7,1.0,1.0,0.25,1.0,0.25
noise_1.0,0.9385709407757229,0.03509290069229989,1.0,-1.7504696965034845,57,125,800,30,2,100,0.0,0,0.3,0.0,0.0,1.0,0.7,1.0,1.0,0.25,1.0,0.25
noise_1.0,0.9669661541209335,0.0361991790282891,1.0,-0.9125578746758624,58,126,800,30,2,100,0.0,0,0.3,0.0,0.0,1.0,0.7,1.0,1.0,0.25,1.0,0.25
noise_1.0,1.0117740946932925,0.03534487145349981,1.0,0.33312031446436724,59,127,800,30,2,100,0.0,0,0.3,0.0,0.0,1.0,0.7,1.0,1.0,0.25,1.0,0.25
noise_1.0,0.9353919800590355,0.034050465532644215,1.0,-1.8974195779797716,60,128,800,30,2,100,0.0,0,0.3,0.0,0.0,1.0,0.7,1.0,1.0,0.25,1.0,0.25
noise_1.0,1.016407016528959,0.03692773303537229,1.0,0.4443006699935519,61,129,800,30,2,100,0.0,0,0.3,0.0,0.0,1.0,0.7,1.0,1.0,0.25,1.0,0.25
noise_1.0,1.0351375726544239,0.035487281137428904,1.0,0.9901455261773715,62,130,800,30,2,100,0.0,0,0.3,0.0,0.0,1.0,0.7,1.0,1.0,0.25,1.0,0.25
noise_1.0,0.9266785373895846,0.035154175171044556,1.0,-2.0857113629793846,63,131,800,30,2,100,0.0,0,0.3,0.0,0.0,1.0,0.7,1.0,1.0,0.25,1.0,0.25
noise_1.0,0.9932097180956345,0.032553020129136134,1.0,-0.2085914571805868,64,132,800,30,2,100,0.0,0,0.3,0.0,0.0,1.0,0.7,1.0,1.0,0.25,1.0,0.25
noise_1.0,0.9784808167445112,0.03744550606177809,1.0,-0.5746799955109757,65,133,800,30,2,100,0.0,0,0.3,0.0,0.0,1.0,0.7,1.0,1.0,0.25,1.0,0.25
noise_1.0,0.9874974112936435,0.03325657117836848,1.0,-0.37594340797492326,66,134,800,30,2,100,0.0,0,0.3,0.0,0.0,1.0,0.7,1.0,1.0,0.25,1.0,0.25
noise_1.0,0.9280443614078348,0.03679812596296202,1.0,-1.9554158454859878,67,135,800,30,2,100,0.0,0,0.3,0.0,0.0,1.0,0.7,1.0,1.0,0.25,1.0,0.25
noise_1.0,0.9891582932634684,0.03252284276402129,1.0,-0.3333566753434409,68,136,800,30,2,100,0.0,0,0.3,0.0,0.0,1.0,0.7,1.0,1.0,0.25,1.0,0.25
noise_1.0,0.9698987448413774,0.0352923827540165,1.0,-0.85291082125071,69,137,800,30,2,100,0.0,0,0.3,0.0,0.0,1.0,0.7,1.0,1.0,0.25,1.0,0.25
noise_1.0,0.9633665911230457,0.03197209306213318,1.0,-1.145793264324689,70,138,800,30,2,100,0.0,0,0.3,0.0,0.0,1.0,0.7,1.0,1.0,0.25,1.0,0.25
noise_1.0,0.9946948575943827,0.03809244221953656,1.0,-0.13927020943005963,71,139,800,30,2,100,0.0,0,0.3,0.0,0.0,1.0,0.7,1.0,1.0,0.25,1.0,0.25
noise_1.0,1.0194493799647366,0.03636723315326253,1.0,0.5348050505456666,72,140,800,30,2,100,0.0,0,0.3,0.0,0.0,1.0,0.7,1.0,1.0,0.25,1.0,0.25
noise_1.0,0.9776433372007831,0.03648445990559287,1.0,-0.6127722010156366,73,141,800,30,2,100,0.0,0,0.3,0.0,0.0,1.0,0.7,1.0,1.0,0.25,1.0,0.25
noise_1.0,0.9852384463072628,0.03584443489813945,1.0,-0.41182274834812516,74,142,800,30,2,100,0.0,0,0.3,0.0,0.0,1.0,0.7,1.0,1.0,0.25,1.0,0.25
noise_1.0,0.9285015437980403,0.03497022858378822,1.0,-2.0445521547178434,75,143,800,30,2,100,0.0,0,0.3,0.0,0.0,1.0,0.7,1.0,1.0,0.25,1.0,0.25
noise_1.0,0.9851630270824407,0.03763689905532686,1.0,-0.3942134790581089,76,144,800,30,2,100,0.0,0,0.3,0.0,0.0,1.0,0.7,1.0,1.0,0.25,1.0,0.25
noise_1.0,0.9824862733399321,0.03458266746062878,1.0,-0.5064307627515052,77,145,800,30,2,100,0.0,0,0.3,0.0,0.0,1.0,0.7,1.0,1.0,0.25,1.0,0.25
noise_1.0,1.0377927898061576,0.03673979057506803,1.0,1.0286610025426814,78,146,800,30,2,100,0.0,0,0.3,0.0,0.0,1.0,0.7,1.0,1.0,0.25,1.0,0.25
noise_1.0,0.9978889094446108,0.034690155321224055,1.0,-0.06085560977864975,79,147,800,30,2,100,0.0,0,0.3,0.0,0.0,1.0,0.7,1.0,1.0,0.25,1.0,0.25
noise_1.0,0.9611980841712645,0.035475884414436984,1.0,-1.093754714482748,80,148,800,30,2,100,0.0,0,0.3,0.0,0.0,1.0,0.7,1.0,1.0,0.25,1.0,0.25
noise_1.0,1.005327520512803,0.03628191316730008,1.0,0.14683681337963436,81,149,800,30,2,100,0.0,0,0.3,0.0,0.0,1.0,0.7,1.0,1.0,0.25,1.0,0.25
noise_1.0,1.0249465158222408,0.03558002457749879,1.0,0.7011382403040074,82,150,800,30,2,100,0.0,0,0.3,0.0,0.0,1.0,0.7,1.0,1.0,0.25,1.0,0.25
noise_1.0,1.0227771322021182,0.03327411997050703,1.0,0.6845299657002804,83,151,800,30,2,100,0.0,0,0.3,0.0,0.0,1.0,0.7,1.0,1.0,0.25,1.0,0.25
noise_1.0,0.9579178141272202,0.035592612682648204,1.0,-1.182329216683082,84,152,800,30,2,100,0.0,0,0.3,0.0,0.0,1.0,0.7,1.0,1.0,0.25,1.0,0.25
noise_1.0,0.9974406011748796,0.03691378103212167,1.0,-0.06933450742673071,85,153,800,30,2,100,0.0,0,0.3,0.0,0.0,1.0,0.7,1.0,1.0,0.25,1.0,0.25
noise_1.0,1.0117635893902377,0.034100568582372176,1.0,0.34496754392296913,86,154,800,30,2,100,0.0,0,0.3,0.0,0.0,1.0,0.7,1.0,1.0,0.25,1.0,0.25
noise_1.0,1.0245127619240655,0.0352335662212655,1.0,0.6957218514335518,87,155,800,30,2,100,0.0,0,0.3,0.0,0.0,1.0,0.7,1.0,1.0,0.25,1.0,0.25
noise_1.0,0.9899023739686044,0.03621667552684673,1.0,-0.27881151112035274,88,156,800,30,2,100,0.0,0,0.3,0.0,0.0,1.0,0.7,1.0,1.0,0.25,1.0,0.25
noise_1.0,0.9650032510882767,0.039765326443717636,1.0,-0.8800820222425793,89,157,800,30,2,100,0.0,0,0.3,0.0,0.0,1.0,0.7,1.0,1.0,0.25,1.0,0.25
noise_1.0,0.9868166797528973,0.032877582474655165,1.0,-0.40098204474935145,90,158,800,30,2,100,0.0,0,0.3,0.0,0.0,1.0,0.7,1.0,1.0,0.25,1.0,0.25
noise_1.0,1.0163418300035707,0.03607877453166334,1.0,0.4529485886287195,91,159,800,30,2,100,0.0,0,0.3,0.0,0.0,1.0,0.7,1.0,1.0,0.25,1.0,0.25
noise_1.0,0.9897876964306281,0.03530249881288072,1.0,-0.28927990688426075,92,160,800,30,2,100,0.0,0,0.3,0.0,0.0,1.0,0.7,1.0,1.0,0.25,1.0,0.25
noise_1.0,1.0383430782213396,0.0369908913604928,1.0,1.036554589822375,93,161,800,30,2,100,0.0,0,0.3,0.0,0.0,1.0,0.7,1.0,1.0,0.25,1.0,0.25
noise_1.0,1.0449191279758898,0.037249925080375536,1.0,1.2058850555797402,94,162,800,30,2,100,0.0,0,0.3,0.0,0.0,1.0,0.7,1.0,1.0,0.25,1.0,0.25
noise_1.0,0.964863187277657,0.037444254974218355,1.0,-0.9383766013380672,95,163,800,30,2,100,0.0,0,0.3,0.0,0.0,1.0,0.7,1.0,1.0,0.25,1.0,0.25
noise_1.0,0.9227481160677792,0.036107358903699406,1.0,-2.139505249837199,96,164,800,30,2,100,0.0,0,0.3,0.0,0.0,1.0,0.7,1.0,1.0,0.25,1.0,0.25
noise_1.0,1.0089457740976695,0.041537069116720955,1.0,0.2153684476998483,97,165,800,30,2,100,0.0,0,0.3,0.0,0.0,1.0,0.7,1.0,1.0,0.25,1.0,0.25
noise_1.0,1.0180176768850882,0.035187552859671324,1.0,0.5120468864925906,98,166,800,30,2,100,0.0,0,0.3,0.0,0.0,1.0,0.7,1.0,1.0,0.25,1.0,0.25
noise_1.0,0.9545417193644021,0.036482817904685175,1.0,-1.2460189000301989,99,167,800,30,2,100,0.0,0,0.3,0.0,0.0,1.0,0.7,1.0,1.0,0.25,1.0,0.25
noise_2.0,0.939250680705917,0.06477211417694914,1.0,-0.9378931051736805,0,69,800,30,2,100,0.0,0,0.3,0.0,0.0,2.0,0.7,1.0,1.0,0.25,1.0,0.25
noise_2.0,0.9470847233173427,0.06928598323319633,1.0,-0.7637226782877562,1,70,800,30,2,100,0.0,0,0.3,0.0,0.0,2.0,0.7,1.0,1.0,0.25,1.0,0.25
noise_2.0,1.0214455026633695,0.07211569180493729,1.0,0.29737637019938146,2,71,800,30,2,100,0.0,0,0.3,0.0,0.0,2.0,0.7,1.0,1.0,0.25,1.0,0.25
noise_2.0,1.0987458614973227,0.06805074561080292,1.0,1.4510621538531234,3,72,800,30,2,100,0.0,0,0.3,0.0,0.0,2.0,0.7,1.0,1.0,0.25,1.0,0.25
noise_2.0,0.9699652037368379,0.07235501625568191,1.0,-0.4151031651631133,4,73,800,30,2,100,0.0,0,0.3,0.0,0.0,2.0,0.7,1.0,1.0,0.25,1.0,0.25
noise_2.0,1.055638770610472,0.06878403292232854,1.0,0.8088907882633123,5,74,800,30,2,100,0.0,0,0.3,0.0,0.0,2.0,0.7,1.0,1.0,0.25,1.0,0.25
noise_2.0,1.047269707336209,0.07097563461325332,1.0,0.6659990797374603,6,75,800,30,2,100,0.0,0,0.3,0.0,0.0,2.0,0.7,1.0,1.0,0.25,1.0,0.25
noise_2.0,0.9501787966083761,0.07491810003683178,1.0,-0.6650089012819388,7,76,800,30,2,100,0.0,0,0.3,0.0,0.0,2.0,0.7,1.0,1.0,0.25,1.0,0.25
noise_2.0,1.0318784324497412,0.07787486458552732,1.0,0.4093545795476819,8,77,800,30,2,100,0.0,0,0.3,0.0,0.0,2.0,0.7,1.0,1.0,0.25,1.0,0.25
noise_2.0,0.8551793248345434,0.06922048009004322,1.0,-2.0921651363450717,9,78,800,30,2,100,0.0,0,0.3,0.0,0.0,2.0,0.7,1.0,1.0,0.25,1.0,0.25
noise_2.0,0.8756503783530825,0.07005365812773527,1.0,-1.7750625016637882,10,79,800,30,2,100,0.0,0,0.3,0.0,0.0,2.0,0.7,1.0,1.0,0.25,1.0,0.25
noise_2.0,0.9739833056256596,0.07220764074346173,1.0,-0.36030389729491563,11,80,800,30,2,100,0.0,0,0.3,0.0,0.0,2.0,0.7,1.0,1.0,0.25,1.0,0.25
noise_2.0,0.9210690175181848,0.06960985648284004,1.0,-1.1339052609779903,12,81,800,30,2,100,0.0,0,0.3,0.0,0.0,2.0,0.7,1.0,1.0,0.25,1.0,0.25
noise_2.0,0.9089502700184032,0.06897425007792259,1.0,-1.3200539314125888,13,82,800,30,2,100,0.0,0,0.3,0.0,0.0,2.0,0.7,1.0,1.0,0.25,1.0,0.25
noise_2.0,1.0174922771772383,0.06730012072029869,1.0,0.2599144992612534,14,83,800,30,2,100,0.0,0,0.3,0.0,0.0,2.0,0.7,1.0,1.0,0.25,1.0,0.25
noise_2.0,0.9141197392699673,0.06800668313349217,1.0,-1.2628208989615923,15,84,800,30,2,100,0.0,0,0.3,0.0,0.0,2.0,0.7,1.0,1.0,0.25,1.0,0.25
noise_2.0,1.0131078595667737,0.07320838412320355,1.0,0.17904861203758185,16,85,800,30,2,100,0.0,0,0.3,0.0,0.0,2.0,0.7,1.0,1.0,0.25,1.0,0.25
noise_2.0,1.0770071515975919,0.0679047334290495,1.0,1.1340468875863132,17,86,800,30,2,100,0.0,0,0.3,0.0,0.0,2.0,0.7,1.0,1.0,0.25,1.0,0.25
noise_2.0,0.9060571040666128,0.07027164104291499,1.0,-1.3368535946957063,18,87,800,30,2,100,0.0,0,0.3,0.0,0.0,2.0,0.7,1.0,1.0,0.25,1.0,0.25
noise_2.0,0.9157647049764532,0.06834082825782543,1.0,-1.2325764432610797,19,88,800,30,2,100,0.0,0,0.3,0.0,0.0,2.0,0.7,1.0,1.0,0.25,1.0,0.25
noise_2.0,0.775285768131873,0.06684484357170935,1.0,-3.361728741680121,20,89,800,30,2,100,0.0,0,0.3,0.0,0.0,2.0,0.7,1.0,1.0,0.25,1.0,0.25
noise_2.0,0.9773582401792943,0.06642158781282848,1.0,-0.3408795327884761,21,90,800,30,2,100,0.0,0,0.3,0.0,0.0,2.0,0.7,1.0,1.0,0.25,1.0,0.25
noise_2.0,0.9868562797420859,0.07341788254381468,1.0,-0.17902614189492774,22,91,800,30,2,100,0.0,0,0.3,0.0,0.0,2.0,0.7,1.0,1.0,0.25,1.0,0.25
noise_2.0,0.9299644111839527,0.06854388978543212,1.0,-1.021762684249242,23,92,800,30,2,100,0.0,0,0.3,0.0,0.0,2.0,0.7,1.0,1.0,0.25,1.0,0.25
noise_2.0,0.9371906772879872,0.06860200606671531,1.0,-0.9155610209259893,24,93,800,30,2,100,0.0,0,0.3,0.0,0.0,2.0,0.7,1.0,1.0,0.25,1.0,0.25
noise_2.0,0.9029415254837025,0.06743406854565476,1.0,-1.439309189102036,25,94,800,30,2,100,0.0,0,0.3,0.0,0.0,2.0,0.7,1.0,1.0,0.25,1.0,0.25
noise_2.0,1.0304706182362702,0.07026659602150427,1.0,0.4336430104988293,26,95,800,30,2,100,0.0,0,0.3,0.0,0.0,2.0,0.7,1.0,1.0,0.25,1.0,0.25
noise_2.0,0.8638984305493943,0.07185445593506753,1.0,-1.8941284528491333,27,96,800,30,2,100,0.0,0,0.3,0.0,0.0,2.0,0.7,1.0,1.0,0.25,1.0,0.25
noise_2.0,1.0803501998637972,0.07302408613921503,1.0,1.1003246204357215,28,97,800,30,2,100,0.0,0,0.3,0.0,0.0,2.0,0.7,1.0,1.0,0.25,1.0,0.25
noise_2.0,0.7371858990463491,0.07068313556808103,1.0,-3.7182009377684144,29,98,800,30,2,100,0.0,0,0.3,0.0,0.0,2.0,0.7,1.0,1.0,0.25,1.0,0.25
noise_2.0,0.9926886186087883,0.06969219107863155,1.0,-0.10490962155232678,30,99,800,30,2,100,0.0,0,0.3,0.0,0.0,2.0,0.7,1.0,1.0,0.25,1.0,0.25
noise_2.0,1.0710009205024982,0.07060465660054488,1.0,1.0056124329616842,31,100,800,30,2,100,0.0,0,0.3,0.0,0.0,2.0,0.7,1.0,1.0,0.25,1.0,0.25
noise_2.0,1.0212669011186661,0.06944056866733757,1.0,0.3062604688701138,32,101,800,30,2,100,0.0,0,0.3,0.0,0.0,2.0,0.7,1.0,1.0,0.25,1.0,0.25
noise_2.0,1.084338309048468,0.07050766892869853,1.0,1.196157954587263,33,102,800,30,2,100,0.0,0,0.3,0.0,0.0,2.0,0.7,1.0,1.0,0.25,1.0,0.25
noise_2.0,0.9953543142072326,0.06800285496209438,1.0,-0.06831604048619612,34,103,800,30,2,100,0.0,0,0.3,0.0,0.0,2.0,0.7,1.0,1.0,0.25,1.0,0.25
noise_2.0,0.9723736823165247,0.07041732577699156,1.0,-0.39232273277412755,35,104,800,30,2,100,0.0,0,0.3,0.0,0.0,2.0,0.7,1.0,1.0,0.25,1.0,0.25
noise_2.0,0.9276092923069721,0.06622277618868512,1.0,-1.093139126133414,36,105,800,30,2,100,0.0,0,0.3,0.0,0.0,2.0,0.7,1.0,1.0,0.25,1.0,0.25
noise_2.0,1.0597514563568329,0.07085014732378307,1.0,0.8433497827996107,37,106,800,30,2,100,0.0,0,0.3,0.0,0.0,2.0,0.7,1.0,1.0,0.25,1.0,0.25
noise_2.0,0.9978734574617141,0.07467988073501117,1.0,-0.028475441007084608,38,107,800,30,2,100,0.0,0,0.3,0.0,0.0,2.0,0.7,1.0,1.0,0.25,1.0,0.25
noise_2.0,1.0441936315592468,0.07086521204655016,1.0,0.6236294266673015,39,108,800,30,2,100,0.0,0,0.3,0.0,0.0,2.0,0.7,1.0,1.0,0.25,1.0,0.25
noise_2.0,0.9231549875937657,0.06693077842100324,1.0,-1.1481266798193988,40,109,800,30,2,100,0.0,0,0.3,0.0,0.0,2.0,0.7,1.0,1.0,0.25,1.0,0.25
noise_2.0,0.8650483952955088,0.06823479296164318,1.0,-1.9777535601280642,41,110,800,30,2,100,0.0,0,0.3,0.0,0.0,2.0,0.7,1.0,1.0,0.25,1.0,0.25
noise_2.0,0.8801051472237644,0.07700866626236995,1.0,-1.556900782669727,42,111,800,30,2,100,0.0,0,0.3,0.0,0.0,2.0,0.7,1.0,1.0,0.25,1.0,0.25
noise_2.0,0.955645113995033,0.06950919641209738,1.0,-0.6381153616278527,43,112,800,30,2,100,0.0,0,0.3,0.0,0.0,2.0,0.7,1.0,1.0,0.25,1.0,0.25
noise_2.0,0.9712538224879848,0.07098041503151763,1.0,-0.40498745321862384,44,113,800,30,2,100,0.0,0,0.3,0.0,0.0,2.0,0.7,1.0,1.0,0.25,1.0,0.25
noise_2.0,0.8429504647488115,0.06787223148521626,1.0,-2.313899687906925,45,114,800,30,2,100,0.0,0,0.3,0.0,0.0,2.0,0.7,1.0,1.0,0.25,1.0,0.25
noise_2.0,0.8977340681237888,0.07261008382340173,1.0,-1.4084260269542843,46,115,800,30,2,100,0.0,0,0.3,0.0,0.0,2.0,0.7,1.0,1.0,0.25,1.0,0.25
noise_2.0,0.8600299311526075,0.06697257361289971,1.0,-2.0899610287700305,47,116,800,30,2,100,0.0,0,0.3,0.0,0.0,2.0,0.7,1.0,1.0,0.25,1.0,0.25
noise_2.0,1.0591847176079534,0.06473204268687886,1.0,0.9143032592720901,48,117,800,30,2,100,0.0,0,0.3,0.0,0.0,2.0,0.7,1.0,1.0,0.25,1.0,0.25
noise_2.0,0.9446532047150137,0.06960390020415237,1.0,-0.7951680167727797,49,118,800,30,2,100,0.0,0,0.3,0.0,0.0,2.0,0.7,1.0,1.0,0.25,1.0,0.25
noise_2.0,1.0141405495316864,0.06862803379598421,1.0,0.20604625762298698,50,119,800,30,2,100,0.0,0,0.3,0.0,0.0,2.0,0.7,1.0,1.0,0.25,1.0,0.25
noise_2.0,1.1007687262861185,0.06914983627120182,1.0,1.4572518420854852,51,120,800,30,2,100,0.0,0,0.3,0.0,0.0,2.0,0.7,1.0,1.0,0.25,1.0,0.25
noise_2.0,1.041077305757727,0.06981237661754933,1.0,0.5883957508388419,52,121,800,30,2,100,0.0,0,0.3,0.0,0.0,2.0,0.7,1.0,1.0,0.25,1.0,0.25
noise_2.0,1.0463424453376708,0.07225735802452993,1.0,0.6413526124486659,53,122,800,30,2,100,0.0,0,0.3,0.0,0.0,2.0,0.7,1.0,1.0,0.25,1.0,0.25
noise_2.0,0.8807009779383234,0.06556048753010466,1.0,-1.8196786899562918,54,123,800,30,2,100,0.0,0,0.3,0.0,0.0,2.0,0.7,1.0,1.0,0.25,1.0,0.25
noise_2.0,1.0382013458197912,0.06851060023445055,1.0,0.5575975934973875,55,124,800,30,2,100,0.0,0,0.3,0.0,0.0,2.0,0.7,1.0,1.0,0.25,1.0,0.25
noise_2.0,0.9031467965614518,0.06792002352069701,1.0,-1.4259889560997352,56,125,800,30,2,100,0.0,0,0.3,0.0,0.0,2.0,0.7,1.0,1.0,0.25,1.0,0.25
noise_2.0,0.9508334482059914,0.07214362665034926,1.0,-0.6815092902426276,57,126,800,30,2,100,0.0,0,0.3,0.0,0.0,2.0,0.7,1.0,1.0,0.25,1.0,0.25
noise_2.0,1.045288973167673,0.06939325934390918,1.0,0.6526422536693867,58,127,800,30,2,100,0.0,0,0.3,0.0,0.0,2.0,0.7,1.0,1.0,0.25,1.0,0.25
noise_2.0,0.912465766965029,0.0662753843734405,1.0,-1.3207653771080936,59,128,800,30,2,100,0.0,0,0.3,0.0,0.0,2.0,0.7,1.0,1.0,0.25,1.0,0.25
noise_2.0,1.058463615266693,0.07129346275932547,1.0,0.8200417402091443,60,129,800,30,2,100,0.0,0,0.3,0.0,0.0,2.0,0.7,1.0,1.0,0.25,1.0,0.25
noise_2.0,1.0857454686351045,0.06858855262463713,1.0,1.2501425581082248,61,130,800,30,2,100,0.0,0,0.3,0.0,0.0,2.0,0.7,1.0,1.0,0.25,1.0,0.25
noise_2.0,0.8882844355143064,0.06926863220204722,1.0,-1.6127872160061492,62,131,800,30,2,100,0.0,0,0.3,0.0,0.0,2.0,0.7,1.0,1.0,0.25,1.0,0.25
noise_2.0,0.9925098209707653,0.06390846934079457,1.0,-0.11720166523302201,63,132,800,30,2,100,0.0,0,0.3,0.0,0.0,2.0,0.7,1.0,1.0,0.25,1.0,0.25
noise_2.0,0.9613729018781293,0.07280089482702973,1.0,-0.5305854854345708,64,133,800,30,2,100,0.0,0,0.3,0.0,0.0,2.0,0.7,1.0,1.0,0.25,1.0,0.25
noise_2.0,0.9944722709990335,0.06654782388472724,1.0,-0.08306400838202552,65,134,800,30,2,100,0.0,0,0.3,0.0,0.0,2.0,0.7,1.0,1.0,0.25,1.0,0.25
noise_2.0,0.8501132625854702,0.07336047468454476,1.0,-2.0431538653348884,66,135,800,30,2,100,0.0,0,0.3,0.0,0.0,2.0,0.7,1.0,1.0,0.25,1.0,0.25
noise_2.0,0.9843436016701288,0.06335916844506664,1.0,-0.24710548945170477,67,136,800,30,2,100,0.0,0,0.3,0.0,0.0,2.0,0.7,1.0,1.0,0.25,1.0,0.25
noise_2.0,0.946692595761795,0.07034027781129877,1.0,-0.7578503511346985,68,137,800,30,2,100,0.0,0,0.3,0.0,0.0,2.0,0.7,1.0,1.0,0.25,1.0,0.25
noise_2.0,0.9107715500400807,0.06358773826729847,1.0,-1.4032335854569495,69,138,800,30,2,100,0.0,0,0.3,0.0,0.0,2.0,0.7,1.0,1.0,0.25,1.0,0.25
noise_2.0,0.9997664195731779,0.074566567539857,1.0,-0.003132508770733429,70,139,800,30,2,100,0.0,0,0.3,0.0,0.0,2.0,0.7,1.0,1.0,0.25,1.0,0.25
noise_2.0,1.061499378018712,0.07100221255459133,1.0,0.8661614308346685,71,140,800,30,2,100,0.0,0,0.3,0.0,0.0,2.0,0.7,1.0,1.0,0.25,1.0,0.25
noise_2.0,0.9453079509622981,0.07111779073840595,1.0,-0.7690347024259621,72,141,800,30,2,100,0.0,0,0.3,0.0,0.0,2.0,0.7,1.0,1.0,0.25,1.0,0.25
noise_2.0,0.9606795749410632,0.06920409080296727,1.0,-0.5681806465875988,73,142,800,30,2,100,0.0,0,0.3,0.0,0.0,2.0,0.7,1.0,1.0,0.25,1.0,0.25
noise_2.0,0.8879482751732105,0.07059813787134893,1.0,-1.5871767755543564,74,143,800,30,2,100,0.0,0,0.3,0.0,0.0,2.0,0.7,1.0,1.0,0.25,1.0,0.25
noise_2.0,0.972053906040193,0.07220145776020812,1.0,-0.38705719838261626,75,144,800,30,2,100,0.0,0,0.3,0.0,0.0,2.0,0.7,1.0,1.0,0.25,1.0,0.25
noise_2.0,0.9628295207401271,0.06808223393768394,1.0,-0.5459644478454584,76,145,800,30,2,100,0.0,0,0.3,0.0,0.0,2.0,0.7,1.0,1.0,0.25,1.0,0.25
noise_2.0,1.0804491523077902,0.0712022912558392,1.0,1.1298674647803926,77,146,800,30,2,100,0.0,0,0.3,0.0,0.0,2.0,0.7,1.0,1.0,0.25,1.0,0.25
noise_2.0,0.9809907299734869,0.0680717580624066,1.0,-0.2792534021096654,78,147,800,30,2,100,0.0,0,0.3,0.0,0.0,2.0,0.7,1.0,1.0,0.25,1.0,0.25
noise_2.0,0.9405784452145581,0.07012717570101817,1.0,-0.8473399105473903,79,148,800,30,2,100,0.0,0,0.3,0.0,0.0,2.0,0.7,1.0,1.0,0.25,1.0,0.25
noise_2.0,1.0204418649352398,0.07050372940699545,1.0,0.28994019333694343,80,149,800,30,2,100,0.0,0,0.3,0.0,0.0,2.0,0.7,1.0,1.0,0.25,1.0,0.25
noise_2.0,1.0215549766493144,0.07095930651605215,1.0,0.30376532279720486,81,150,800,30,2,100,0.0,0,0.3,0.0,0.0,2.0,0.7,1.0,1.0,0.25,1.0,0.25
noise_2.0,1.0525184445472413,0.06656708967305167,1.0,0.7889550948552635,82,151,800,30,2,100,0.0,0,0.3,0.0,0.0,2.0,0.7,1.0,1.0,0.25,1.0,0.25
noise_2.0,0.9262980095174101,0.07004927568244702,1.0,-1.0521449331853423,83,152,800,30,2,100,0.0,0,0.3,0.0,0.0,2.0,0.7,1.0,1.0,0.25,1.0,0.25
noise_2.0,0.9959146772664437,0.07029200460051269,1.0,-0.058119308970831826,84,153,800,30,2,100,0.0,0,0.3,0.0,0.0,2.0,0.7,1.0,1.0,0.25,1.0,0.25
noise_2.0,0.9931153812639987,0.06795412478401697,1.0,-0.1013127423520376,85,154,800,30,2,100,0.0,0,0.3,0.0,0.0,2.0,0.7,1.0,1.0,0.25,1.0,0.25
noise_2.0,1.0536319768962172,0.07034204322093,1.0,0.7624455367008625,86,155,800,30,2,100,0.0,0,0.3,0.0,0.0,2.0,0.7,1.0,1.0,0.25,1.0,0.25
noise_2.0,0.9836104321195102,0.07039778400148482,1.0,-0.23281369027388923,87,156,800,30,2,100,0.0,0,0.3,0.0,0.0,2.0,0.7,1.0,1.0,0.25,1.0,0.25
noise_2.0,0.9696027809788308,0.07674388879361431,1.0,-0.39608650928435224,88,157,800,30,2,100,0.0,0,0.3,0.0,0.0,2.0,0.7,1.0,1.0,0.25,1.0,0.25
noise_2.0,0.9954357613480886,0.0650062015252636,1.0,-0.07021235735697524,89,158,800,30,2,100,0.0,0,0.3,0.0,0.0,2.0,0.7,1.0,1.0,0.25,1.0,0.25
noise_2.0,1.0594981778931216,0.06997646512174288,1.0,0.8502598379270593,90,159,800,30,2,100,0.0,0,0.3,0.0,0.0,2.0,0.7,1.0,1.0,0.25,1.0,0.25
noise_2.0,1.0026531483015027,0.069037481763131,1.0,0.03843054864900281,91,160,800,30,2,100,0.0,0,0.3,0.0,0.0,2.0,0.7,1.0,1.0,0.25,1.0,0.25
noise_2.0,1.1027776813828722,0.07201015155126464,1.0,1.427266561294541,92,161,800,30,2,100,0.0,0,0.3,0.0,0.0,2.0,0.7,1.0,1.0,0.25,1.0,0.25
noise_2.0,1.0772658257445353,0.07293796663216526,1.0,1.0593361634852803,93,162,800,30,2,100,0.0,0,0.3,0.0,0.0,2.0,0.7,1.0,1.0,0.25,1.0,0.25
noise_2.0,0.9617114671205812,0.07380933788783009,1.0,-0.518749171515491,94,163,800,30,2,100,0.0,0,0.3,0.0,0.0,2.0,0.7,1.0,1.0,0.25,1.0,0.25
noise_2.0,0.8625283189334527,0.06988083088400196,1.0,-1.9672302021528927,95,164,800,30,2,100,0.0,0,0.3,0.0,0.0,2.0,0.7,1.0,1.0,0.25,1.0,0.25
noise_2.0,0.9917025826264648,0.08193043595042243,1.0,-0.10127393168707283,96,165,800,30,2,100,0.0,0,0.3,0.0,0.0,2.0,0.7,1.0,1.0,0.25,1.0,0.25
noise_2.0,1.0291787119659064,0.06968565162082685,1.0,0.4187190804309819,97,166,800,30,2,100,0.0,0,0.3,0.0,0.0,2.0,0.7,1.0,1.0,0.25,1.0,0.25
noise_2.0,0.9231068602101987,0.07056464437172877,1.0,-1.089683657792343,98,167,800,30,2,100,0.0,0,0.3,0.0,0.0,2.0,0.7,1.0,1.0,0.25,1.0,0.25
noise_2.0,0.7908500606776167,0.07555019682067668,1.0,-2.768357305789876,99,168,800,30,2,100,0.0,0,0.3,0.0,0.0,2.0,0.7,1.0,1.0,0.25,1.0,0.25
rho_0.3,0.9892886245179126,0.03797476826794345,1.0,-0.28206559172421597,0,70,800,30,2,100,0.0,0,0.3,0.0,0.0,1.0,0.3,1.0,1.0,0.25,1.0,0.25
rho_0.3,1.0118007578861243,0.03683431081326582,1.0,0.32037406498384413,1,71,800,30,2,100,0.0,0,0.3,0.0,0.0,1.0,0.3,1.0,1.0,0.25,1.0,0.25
rho_0.3,1.0506389092186512,0.034336244293675204,1.0,1.474794645143499,2,72,800,30,2,100,0.0,0,0.3,0.0,0.0,1.0,0.3,1.0,1.0,0.25,1.0,0.25
rho_0.3,0.9929703205255053,0.03786973879448156,1.0,-0.18562788385324455,3,73,800,30,2,100,0.0,0,0.3,0.0,0.0,1.0,0.3,1.0,1.0,0.25,1.0,0.25
rho_0.3,1.0348429492824749,0.0352899492105518,1.0,0.9873335060526736,4,74,800,30,2,100,0.0,0,0.3,0.0,0.0,1.0,0.3,1.0,1.0,0.25,1.0,0.25
rho_0.3,1.0375794317937812,0.036997402607750154,1.0,1.015731622898012,5,75,800,30,2,100,0.0,0,0.3,0.0,0.0,1.0,0.3,1.0,1.0,0.25,1.0,0.25
rho_0.3,0.9659897254542096,0.03783915780280512,1.0,-0.8988116152857172,6,76,800,30,2,100,0.0,0,0.3,0.0,0.0,1.0,0.3,1.0,1.0,0.25,1.0,0.25
rho_0.3,0.9949447466621363,0.04052043668792399,1.0,-0.12475811593043121,7,77,800,30,2,100,0.0,0,0.3,0.0,0.0,1.0,0.3,1.0,1.0,0.25,1.0,0.25
rho_0.3,0.9163057826851598,0.03429995295365317,1.0,-2.440067991577994,8,78,800,30,2,100,0.0,0,0.3,0.0,0.0,1.0,0.3,1.0,1.0,0.25,1.0,0.25
rho_0.3,0.9592692667009437,0.03531368225990557,1.0,-1.1533980795115535,9,79,800,30,2,100,0.0,0,0.3,0.0,0.0,1.0,0.3,1.0,1.0,0.25,1.0,0.25
rho_0.3,0.9948842212433834,0.03840831091717504,1.0,-0.13319457779980104,10,80,800,30,2,100,0.0,0,0.3,0.0,0.0,1.0,0.3,1.0,1.0,0.25,1.0,0.25
rho_0.3,0.9700192599370938,0.03517030870097183,1.0,-0.8524446093951332,11,81,800,30,2,100,0.0,0,0.3,0.0,0.0,1.0,0.3,1.0,1.0,0.25,1.0,0.25
rho_0.3,0.9569417690365918,0.03597269291872024,1.0,-1.1969699088332821,12,82,800,30,2,100,0.0,0,0.3,0.0,0.0,1.0,0.3,1.0,1.0,0.25,1.0,0.25
rho_0.3,1.0055193861639085,0.03577028082144551,1.0,0.15430088993317034,13,83,800,30,2,100,0.0,0,0.3,0.0,0.0,1.0,0.3,1.0,1.0,0.25,1.0,0.25
rho_0.3,0.9807079300895886,0.03479030868804521,1.0,-0.5545242522392638,14,84,800,30,2,100,0.0,0,0.3,0.0,0.0,1.0,0.3,1.0,1.0,0.25,1.0,0.25
rho_0.3,1.0027160519097091,0.03784999496698534,1.0,0.07175831627132884,15,85,800,30,2,100,0.0,0,0.3,0.0,0.0,1.0,0.3,1.0,1.0,0.25,1.0,0.25
rho_0.3,1.0295166345583062,0.03564020427090806,1.0,0.8281836527631714,16,86,800,30,2,100,0.0,0,0.3,0.0,0.0,1.0,0.3,1.0,1.0,0.25,1.0,0.25
rho_0.3,0.945454398572753,0.0367848367902454,1.0,-1.4828284202612354,17,87,800,30,2,100,0.0,0,0.3,0.0,0.0,1.0,0.3,1.0,1.0,0.25,1.0,0.25
rho_0.3,0.9753958988532071,0.035286596743273356,1.0,-0.6972647808968189,18,88,800,30,2,100,0.0,0,0.3,0.0,0.0,1.0,0.3,1.0,1.0,0.25,1.0,0.25
rho_0.3,0.8831181633969755,0.03486666402086421,1.0,-3.3522517821917934,19,89,800,30,2,100,0.0,0,0.3,0.0,0.0,1.0,0.3,1.0,1.0,0.25,1.0,0.25
rho_0.3,0.9530064959569383,0.03499547315417103,1.0,-1.342845225610577,20,90,800,30,2,100,0.0,0,0.3,0.0,0.0,1.0,0.3,1.0,1.0,0.25,1.0,0.25
rho_0.3,0.9845536116536956,0.03879352251641931,1.0,-0.3981692649788826,21,91,800,30,2,100,0.0,0,0.3,0.0,0.0,1.0,0.3,1.0,1.0,0.25,1.0,0.25
rho_0.3,0.9601375187189539,0.03440869305307967,1.0,-1.1585003016404392,22,92,800,30,2,100,0.0,0,0.3,0.0,0.0,1.0,0.3,1.0,1.0,0.25,1.0,0.25
rho_0.3,0.9766757180314081,0.03510991599879309,1.0,-0.6643217821823815,23,93,800,30,2,100,0.0,0,0.3,0.0,0.0,1.0,0.3,1.0,1.0,0.25,1.0,0.25
rho_0.3,0.9410052276015333,0.033899808912901674,1.0,-1.740268582340426,24,94,800,30,2,100,0.0,0,0.3,0.0,0.0,1.0,0.3,1.0,1.0,0.25,1.0,0.25
rho_0.3,0.9948224292789808,0.035873062109427624,1.0,-0.14433032522357542,25,95,800,30,2,100,0.0,0,0.3,0.0,0.0,1.0,0.3,1.0,1.0,0.25,1.0,0.25
rho_0.3,0.9209210985659152,0.03593554301868334,1.0,-2.200576220400251,26,96,800,30,2,100,0.0,0,0.3,0.0,0.0,1.0,0.3,1.0,1.0,0.25,1.0,0.25
rho_0.3,1.0196380288331375,0.03773553969769183,1.0,0.5204120304217796,27,97,800,30,2,100,0.0,0,0.3,0.0,0.0,1.0,0.3,1.0,1.0,0.25,1.0,0.25
rho_0.3,0.8548655811999856,0.03603148875290688,1.0,-4.0279884019031975,28,98,800,30,2,100,0.0,0,0.3,0.0,0.0,1.0,0.3,1.0,1.0,0.25,1.0,0.25
rho_0.3,0.9577461374599807,0.035009528005962555,1.0,-1.2069246558486286,29,99,800,30,2,100,0.0,0,0.3,0.0,0.0,1.0,0.3,1.0,1.0,0.25,1.0,0.25
rho_0.3,1.0365833240012523,0.03670223042935895,1.0,0.9967602397261522,30,100,800,30,2,100,0.0,0,0.3,0.0,0.0,1.0,0.3,1.0,1.0,0.25,1.0,0.25
rho_0.3,1.0202221268159055,0.03489639871617382,1.0,0.5794903646184254,31,101,800,30,2,100,0.0,0,0.3,0.0,0.0,1.0,0.3,1.0,1.0,0.25,1.0,0.25
rho_0.3,1.026989645327478,0.036629693400250636,1.0,0.736824221610694,32,102,800,30,2,100,0.0,0,0.3,0.0,0.0,1.0,0.3,1.0,1.0,0.25,1.0,0.25
rho_0.3,1.011115044978958,0.0357068918693022,1.0,0.31128570416160717,33,103,800,30,2,100,0.0,0,0.3,0.0,0.0,1.0,0.3,1.0,1.0,0.25,1.0,0.25
rho_0.3,0.9887815756988225,0.03713100902647945,1.0,-0.30213087646439174,34,104,800,30,2,100,0.0,0,0.3,0.0,0.0,1.0,0.3,1.0,1.0,0.25,1.0,0.25
rho_0.3,0.9634278162647718,0.033747362572481183,1.0,-1.0837049460288926,35,105,800,30,2,100,0.0,0,0.3,0.0,0.0,1.0,0.3,1.0,1.0,0.25,1.0,0.25
rho_0.3,1.028327373026443,0.035777455254398904,1.0,0.7917660108864271,36,106,800,30,2,100,0.0,0,0.3,0.0,0.0,1.0,0.3,1.0,1.0,0.25,1.0,0.25
rho_0.3,0.9896209376679677,0.03876150340154887,1.0,-0.2677672799352154,37,107,800,30,2,100,0.0,0,0.3,0.0,0.0,1.0,0.3,1.0,1.0,0.25,1.0,0.25
rho_0.3,1.0085507136155285,0.035998538953502815,1.0,0.23752946269772104,38,108,800,30,2,100,0.0,0,0.3,0.0,0.0,1.0,0.3,1.0,1.0,0.25,1.0,0.25
rho_0.3,0.9641752109276577,0.03440325700388362,1.0,-1.041319694478294,39,109,800,30,2,100,0.0,0,0.3,0.0,0.0,1.0,0.3,1.0,1.0,0.25,1.0,0.25
rho_0.3,0.9251004894267806,0.03454540325756073,1.0,-2.168146946057914,40,110,800,30,2,100,0.0,0,0.3,0.0,0.0,1.0,0.3,1.0,1.0,0.25,1.0,0.25
rho_0.3,0.9552892419326141,0.03948668216800788,1.0,-1.1322996922646127,41,111,800,30,2,100,0.0,0,0.3,0.0,0.0,1.0,0.3,1.0,1.0,0.25,1.0,0.25
rho_0.3,1.0032183962317864,0.03671546898364079,1.0,0.087657772619504,42,112,800,30,2,100,0.0,0,0.3,0.0,0.0,1.0,0.3,1.0,1.0,0.25,1.0,0.25
rho_0.3,1.020606803039895,0.036662871707657765,1.0,0.5620618920473376,43,113,800,30,2,100,0.0,0,0.3,0.0,0.0,1.0,0.3,1.0,1.0,0.25,1.0,0.25
rho_0.3,0.9194853972067935,0.03606441577535966,1.0,-2.2325220320972634,44,114,800,30,2,100,0.0,0,0.3,0.0,0.0,1.0,0.3,1.0,1.0,0.25,1.0,0.25
rho_0.3,0.9390033499150207,0.03735429647536664,1.0,-1.6329219351033342,45,115,800,30,2,100,0.0,0,0.3,0.0,0.0,1.0,0.3,1.0,1.0,0.25,1.0,0.25
rho_0.3,0.9330002691326713,0.03505802301739677,1.0,-1.9111097860276247,46,116,800,30,2,100,0.0,0,0.3,0.0,0.0,1.0,0.3,1.0,1.0,0.25,1.0,0.25
rho_0.3,1.010432048034593,0.03404610043916474,1.0,0.3064094830253311,47,117,800,30,2,100,0.0,0,0.3,0.0,0.0,1.0,0.3,1.0,1.0,0.25,1.0,0.25
rho_0.3,0.9866398503756422,0.03591671206591497,1.0,-0.3719758534645113,48,118,800,30,2,100,0.0,0,0.3,0.0,0.0,1.0,0.3,1.0,1.0,0.25,1.0,0.25
rho_0.3,0.9970758771910467,0.03504108562316989,1.0,-0.08344840797454564,49,119,800,30,2,100,0.0,0,0.3,0.0,0.0,1.0,0.3,1.0,1.0,0.25,1.0,0.25
rho_0.3,1.0359962401227565,0.03424753320611798,1.0,1.0510608138143542,50,120,800,30,2,100,0.0,0,0.3,0.0,0.0,1.0,0.3,1.0,1.0,0.25,1.0,0.25
rho_0.3,1.0093422207657816,0.036257317433060196,1.0,0.2576644227204515,51,121,800,30,2,100,0.0,0,0.3,0.0,0.0,1.0,0.3,1.0,1.0,0.25,1.0,0.25
rho_0.3,1.0435910285479446,0.037429073709468394,1.0,1.164630171890079,52,122,800,30,2,100,0.0,0,0.3,0.0,0.0,1.0,0.3,1.0,1.0,0.25,1.0,0.25
rho_0.3,0.9369340752666421,0.033268753394855646,1.0,-1.8956503715317996,53,123,800,30,2,100,0.0,0,0.3,0.0,0.0,1.0,0.3,1.0,1.0,0.25,1.0,0.25
rho_0.3,1.0204288379767992,0.03600152241850745,1.0,0.5674437247214089,54,124,800,30,2,100,0.0,0,0.3,0.0,0.0,1.0,0.3,1.0,1.0,0.25,1.0,0.25
rho_0.3,0.9790213133828376,0.03506974821046925,1.0,-0.5981989517364058,55,125,800,30,2,100,0.0,0,0.3,0.0,0.0,1.0,0.3,1.0,1.0,0.25,1.0,0.25
rho_0.3,0.9628106123679204,0.035413097908347596,1.0,-1.050159117068187,56,126,800,30,2,100,0.0,0,0.3,0.0,0.0,1.0,0.3,1.0,1.0,0.25,1.0,0.25
rho_0.3,1.0124119281778055,0.03619635657182684,1.0,0.3429054566079223,57,127,800,30,2,100,0.0,0,0.3,0.0,0.0,1.0,0.3,1.0,1.0,0.25,1.0,0.25
rho_0.3,0.9522921649332265,0.03528487642710056,1.0,-1.3520760137941543,58,128,800,30,2,100,0.0,0,0.3,0.0,0.0,1.0,0.3,1.0,1.0,0.25,1.0,0.25
rho_0.3,1.0151844887588817,0.03586649682428969,1.0,0.42336135679128717,59,129,800,30,2,100,0.0,0,0.3,0.0,0.0,1.0,0.3,1.0,1.0,0.25,1.0,0.25
rho_0.3,1.05366847709749,0.03551201690973451,1.0,1.5112765133533848,60,130,800,30,2,100,0.0,0,0.3,0.0,0.0,1.0,0.3,1.0,1.0,0.25,1.0,0.25
rho_0.3,0.9325007644774641,0.03612943073643682,1.0,-1.868261806141949,61,131,800,30,2,100,0.0,0,0.3,0.0,0.0,1.0,0.3,1.0,1.0,0.25,1.0,0.25
rho_0.3,0.9973029622213359,0.033570874034403474,1.0,-0.08033862257801863,62,132,800,30,2,100,0.0,0,0.3,0.0,0.0,1.0,0.3,1.0,1.0,0.25,1.0,0.25
rho_0.3,0.9762988243047993,0.03795090117489109,1.0,-0.6245220788296264,63,133,800,30,2,100,0.0,0,0.3,0.0,0.0,1.0,0.3,1.0,1.0,0.25,1.0,0.25
rho_0.3,0.9859747989219504,0.03373023122926806,1.0,-0.4158050676474403,64,134,800,30,2,100,0.0,0,0.3,0.0,0.0,1.0,0.3,1.0,1.0,0.25,1.0,0.25
rho_0.3,0.9297861338682866,0.03704784124571807,1.0,-1.895221523597644,65,135,800,30,2,100,0.0,0,0.3,0.0,0.0,1.0,0.3,1.0,1.0,0.25,1.0,0.25
rho_0.3,0.9835660587106354,0.03228560065686782,1.0,-0.5090176721203034,66,136,800,30,2,100,0.0,0,0.3,0.0,0.0,1.0,0.3,1.0,1.0,0.25,1.0,0.25
rho_0.3,0.9902436636786794,0.034636591999783625,1.0,-0.2816771442577695,67,137,800,30,2,100,0.0,0,0.3,0.0,0.0,1.0,0.3,1.0,1.0,0.25,1.0,0.25
rho_0.3,0.9683360147563896,0.03377358469173905,1.0,-0.9375369991849075,68,138,800,30,2,100,0.0,0,0.3,0.0,0.0,1.0,0.3,1.0,1.0,0.25,1.0,0.25
rho_0.3,0.984386883394292,0.03688571131018303,1.0,-0.4232835982045345,69,139,800,30,2,100,0.0,0,0.3,0.0,0.0,1.0,0.3,1.0,1.0,0.25,1.0,0.25
rho_0.3,1.0310453944222826,0.03671351714371947,1.0,0.8456121025057796,70,140,800,30,2,100,0.0,0,0.3,0.0,0.0,1.0,0.3,1.0,1.0,0.25,1.0,0.25
rho_0.3,0.9769590508092385,0.03672992165292289,1.0,-0.6273073329283279,71,141,800,30,2,100,0.0,0,0.3,0.0,0.0,1.0,0.3,1.0,1.0,0.25,1.0,0.25
rho_0.3,0.9797756713771667,0.035550889661389015,1.0,-0.5688838961686651,72,142,800,30,2,100,0.0,0,0.3,0.0,0.0,1.0,0.3,1.0,1.0,0.25,1.0,0.25
rho_0.3,0.924672161576533,0.0363560578493547,1.0,-2.071947369420418,73,143,800,30,2,100,0.0,0,0.3,0.0,0.0,1.0,0.3,1.0,1.0,0.25,1.0,0.25
rho_0.3,0.9998815536428194,0.03712434772154572,1.0,-0.0031905303244390854,74,144,800,30,2,100,0.0,0,0.3,0.0,0.0,1.0,0.3,1.0,1.0,0.25,1.0,0.25
rho_0.3,0.9812587165523019,0.03520780567246086,1.0,-0.5323047855367287,75,145,800,30,2,100,0.0,0,0.3,0.0,0.0,1.0,0.3,1.0,1.0,0.25,1.0,0.25
rho_0.3,1.0441767509848017,0.035876660039073506,1.0,1.2313507148293203,76,146,800,30,2,100,0.0,0,0.3,0.0,0.0,1.0,0.3,1.0,1.0,0.25,1.0,0.25
rho_0.3,1.0074915887203575,0.03537605975273304,1.0,0.21177001544890012,77,147,800,30,2,100,0.0,0,0.3,0.0,0.0,1.0,0.3,1.0,1.0,0.25,1.0,0.25
rho_0.3,0.9391554735318536,0.03579345040268511,1.0,-1.6998787706586134,78,148,800,30,2,100,0.0,0,0.3,0.0,0.0,1.0,0.3,1.0,1.0,0.25,1.0,0.25
rho_0.3,1.0096522733856974,0.03571736660216922,1.0,0.2702403425540112,79,149,800,30,2,100,0.0,0,0.3,0.0,0.0,1.0,0.3,1.0,1.0,0.25,1.0,0.25
rho_0.3,0.9945361745594516,0.03560251546730002,1.0,-0.15346739882935334,80,150,800,30,2,100,0.0,0,0.3,0.0,0.0,1.0,0.3,1.0,1.0,0.25,1.0,0.25
rho_0.3,1.045476913131343,0.032947798398467815,1.0,1.3802716825370003,81,151,800,30,2,100,0.0,0,0.3,0.0,0.0,1.0,0.3,1.0,1.0,0.25,1.0,0.25
rho_0.3,0.9439818318977022,0.03527890739243356,1.0,-1.5878657317576748,82,152,800,30,2,100,0.0,0,0.3,0.0,0.0,1.0,0.3,1.0,1.0,0.25,1.0,0.25
rho_0.3,1.01134475094119,0.03591080815306907,1.0,0.3159146653796583,83,153,800,30,2,100,0.0,0,0.3,0.0,0.0,1.0,0.3,1.0,1.0,0.25,1.0,0.25
rho_0.3,1.0102870538903128,0.03487292474160571,1.0,0.29498684055139424,84,154,800,30,2,100,0.0,0,0.3,0.0,0.0,1.0,0.3,1.0,1.0,0.25,1.0,0.25
rho_0.3,1.0420701351458102,0.03604106427630031,1.0,1.1672833749661051,85,155,800,30,2,100,0.0,0,0.3,0.0,0.0,1.0,0.3,1.0,1.0,0.25,1.0,0.25
rho_0.3,0.9747114447388324,0.03645001662318305,1.0,-0.6937872079071556,86,156,800,30,2,100,0.0,0,0.3,0.0,0.0,1.0,0.3,1.0,1.0,0.25,1.0,0.25
rho_0.3,0.9675365114378568,0.03995770134579124,1.0,-0.8124463487327855,87,157,800,30,2,100,0.0,0,0.3,0.0,0.0,1.0,0.3,1.0,1.0,0.25,1.0,0.25
rho_0.3,0.9891169962865988,0.033220071540447114,1.0,-0.3276032593774105,88,158,800,30,2,100,0.0,0,0.3,0.0,0.0,1.0,0.3,1.0,1.0,0.25,1.0,0.25
rho_0.3,1.002118193943899,0.03595078076690647,1.0,0.05891927515101012,89,159,800,30,2,100,0.0,0,0.3,0.0,0.0,1.0,0.3,1.0,1.0,0.25,1.0,0.25
rho_0.3,1.0090727593060866,0.03548790237329959,1.0,0.2556578072902052,90,160,800,30,2,100,0.0,0,0.3,0.0,0.0,1.0,0.3,1.0,1.0,0.25,1.0,0.25
rho_0.3,1.047611897492695,0.03736855677875732,1.0,1.274116572780262,91,161,800,30,2,100,0.0,0,0.3,0.0,0.0,1.0,0.3,1.0,1.0,0.25,1.0,0.25
rho_0.3,1.068617113607059,0.0375115073770717,1.0,1.8292283729712264,92,162,800,30,2,100,0.0,0,0.3,0.0,0.0,1.0,0.3,1.0,1.0,0.25,1.0,0.25
rho_0.3,1.0038874300176444,0.037373136117634244,1.0,0.1040166927765556,93,163,800,30,2,100,0.0,0,0.3,0.0,0.0,1.0,0.3,1.0,1.0,0.25,1.0,0.25
rho_0.3,0.915698056100182,0.03535536814922472,1.0,-2.384417086084469,94,164,800,30,2,100,0.0,0,0.3,0.0,0.0,1.0,0.3,1.0,1.0,0.25,1.0,0.25
rho_0.3,1.0321140867287866,0.03935912712412135,1.0,0.8159247695588595,95,165,800,30,2,100,0.0,0,0.3,0.0,0.0,1.0,0.3,1.0,1.0,0.25,1.0,0.25
rho_0.3,1.0011488551637162,0.0348160948384551,1.0,0.032997818079449764,96,166,800,30,2,100,0.0,0,0.3,0.0,0.0,1.0,0.3,1.0,1.0,0.25,1.0,0.25
rho_0.3,0.971458824554969,0.036351709634776165,1.0,-0.7851398388626771,97,167,800,30,2,100,0.0,0,0.3,0.0,0.0,1.0,0.3,1.0,1.0,0.25,1.0,0.25
rho_0.3,0.8871279718671015,0.03867178804602972,1.0,-2.9187175932633576,98,168,800,30,2,100,0.0,0,0.3,0.0,0.0,1.0,0.3,1.0,1.0,0.25,1.0,0.25
rho_0.3,0.9042658935592021,0.038944272511891,1.0,-2.458233271954614,99,169,800,30,2,100,0.0,0,0.3,0.0,0.0,1.0,0.3,1.0,1.0,0.25,1.0,0.25
rho_0.5,1.0114309438003721,0.03606662326932347,1.0,0.3169396734208477,0,71,800,30,2,100,0.0,0,0.3,0.0,0.0,1.0,0.5,1.0,1.0,0.25,1.0,0.25
rho_0.5,1.0488544516390346,0.03402431241766562,1.0,1.4358688880857164,1,72,800,30,2,100,0.0,0,0.3,0.0,0.0,1.0,0.5,1.0,1.0,0.25,1.0,0.25
rho_0.5,0.9694492607492957,0.037215232360811965,1.0,-0.8209202875453369,2,73,800,30,2,100,0.0,0,0.3,0.0,0.0,1.0,0.5,1.0,1.0,0.25,1.0,0.25
rho_0.5,1.0239574187966507,0.035152151777303735,1.0,0.681534915655405,3,74,800,30,2,100,0.0,0,0.3,0.0,0.0,1.0,0.5,1.0,1.0,0.25,1.0,0.25
rho_0.5,1.0262337103747725,0.03604260708709235,1.0,0.7278527413786163,4,75,800,30,2,100,0.0,0,0.3,0.0,0.0,1.0,0.5,1.0,1.0,0.25,1.0,0.25
rho_0.5,0.978518179103358,0.036597466576440925,1.0,-0.5869756271727992,5,76,800,30,2,100,0.0,0,0.3,0.0,0.0,1.0,0.5,1.0,1.0,0.25,1.0,0.25
rho_0.5,1.0185795344056572,0.040718661955907114,1.0,0.4562903964225628,6,77,800,30,2,100,0.0,0,0.3,0.0,0.0,1.0,0.5,1.0,1.0,0.25,1.0,0.25
rho_0.5,0.9156383504532294,0.03513686636190326,1.0,-2.400944030633271,7,78,800,30,2,100,0.0,0,0.3,0.0,0.0,1.0,0.5,1.0,1.0,0.25,1.0,0.25
rho_0.5,0.9508943128536496,0.03555396496350974,1.0,-1.3811592377038484,8,79,800,30,2,100,0.0,0,0.3,0.0,0.0,1.0,0.5,1.0,1.0,0.25,1.0,0.25
rho_0.5,0.9922361116942253,0.03803134576538542,1.0,-0.2041444537269321,9,80,800,30,2,100,0.0,0,0.3,0.0,0.0,1.0,0.5,1.0,1.0,0.25,1.0,0.25
rho_0.5,0.9803556632935653,0.03480375247976152,1.0,-0.5644315715053416,10,81,800,30,2,100,0.0,0,0.3,0.0,0.0,1.0,0.5,1.0,1.0,0.25,1.0,0.25
rho_0.5,0.9555465750157418,0.03581809484505402,1.0,-1.2410884826945672,11,82,800,30,2,100,0.0,0,0.3,0.0,0.0,1.0,0.5,1.0,1.0,0.25,1.0,0.25
rho_0.5,0.978218792101804,0.03567118436372592,1.0,-0.6106107292682266,12,83,800,30,2,100,0.0,0,0.3,0.0,0.0,1.0,0.5,1.0,1.0,0.25,1.0,0.25
rho_0.5,0.9551846399811983,0.03425236084962856,1.0,-1.308387477743383,13,84,800,30,2,100,0.0,0,0.3,0.0,0.0,1.0,0.5,1.0,1.0,0.25,1.0,0.25
rho_0.5,0.994384915143003,0.0380346394512696,1.0,-0.14763081596162178,14,85,800,30,2,100,0.0,0,0.3,0.0,0.0,1.0,0.5,1.0,1.0,0.25,1.0,0.25
rho_0.5,1.0541193553128942,0.034793712532280203,1.0,1.5554349155090734,15,86,800,30,2,100,0.0,0,0.3,0.0,0.0,1.0,0.5,1.0,1.0,0.25,1.0,0.25
rho_0.5,0.9316412452609428,0.03550947547348259,1.0,-1.9250848914990433,16,87,800,30,2,100,0.0,0,0.3,0.0,0.0,1.0,0.5,1.0,1.0,0.25,1.0,0.25
rho_0.5,0.9756690735931207,0.03558146851382921,1.0,-0.6838089439007483,17,88,800,30,2,100,0.0,0,0.3,0.0,0.0,1.0,0.5,1.0,1.0,0.25,1.0,0.25
rho_0.5,0.8786200940582062,0.034552314199391046,1.0,-3.5129312972018827,18,89,800,30,2,100,0.0,0,0.3,0.0,0.0,1.0,0.5,1.0,1.0,0.25,1.0,0.25
rho_0.5,0.958812080619441,0.034163723699423214,1.0,-1.2056039248805412,19,90,800,30,2,100,0.0,0,0.3,0.0,0.0,1.0,0.5,1.0,1.0,0.25,1.0,0.25
rho_0.5,0.9686058228763026,0.03775162076263204,1.0,-0.8315981271663052,20,91,800,30,2,100,0.0,0,0.3,0.0,0.0,1.0,0.5,1.0,1.0,0.25,1.0,0.25
rho_0.5,0.9417247926202242,0.034298348767445204,1.0,-1.6990674325140853,21,92,800,30,2,100,0.0,0,0.3,0.0,0.0,1.0,0.5,1.0,1.0,0.25,1.0,0.25
rho_0.5,0.9667203687305027,0.03524995730834921,1.0,-0.9441041581521225,22,93,800,30,2,100,0.0,0,0.3,0.0,0.0,1.0,0.5,1.0,1.0,0.25,1.0,0.25
rho_0.5,0.9417396412142766,0.03484255599087336,1.0,-1.6721034702788202,23,94,800,30,2,100,0.0,0,0.3,0.0,0.0,1.0,0.5,1.0,1.0,0.25,1.0,0.25
rho_0.5,1.0116023857793586,0.03616421514462761,1.0,0.3208250402492744,24,95,800,30,2,100,0.0,0,0.3,0.0,0.0,1.0,0.5,1.0,1.0,0.25,1.0,0.25
rho_0.5,0.9129189799914269,0.03574545412364618,1.0,-2.436142501011552,25,96,800,30,2,100,0.0,0,0.3,0.0,0.0,1.0,0.5,1.0,1.0,0.25,1.0,0.25
rho_0.5,1.0183592196106752,0.0363307988166238,1.0,0.5053348731290386,26,97,800,30,2,100,0.0,0,0.3,0.0,0.0,1.0,0.5,1.0,1.0,0.25,1.0,0.25
rho_0.5,0.8646226636081894,0.03638396763428334,1.0,-3.7207964165032203,27,98,800,30,2,100,0.0,0,0.3,0.0,0.0,1.0,0.5,1.0,1.0,0.25,1.0,0.25
rho_0.5,0.9803106470257925,0.03463969007818691,1.0,-0.5684044207602811,28,99,800,30,2,100,0.0,0,0.3,0.0,0.0,1.0,0.5,1.0,1.0,0.25,1.0,0.25
rho_0.5,1.019121293216351,0.03646771209491116,1.0,0.5243348737257135,29,100,800,30,2,100,0.0,0,0.3,0.0,0.0,1.0,0.5,1.0,1.0,0.25,1.0,0.25
rho_0.5,1.0068389442979984,0.03600079103103487,1.0,0.18996650079446242,30,101,800,30,2,100,0.0,0,0.3,0.0,0.0,1.0,0.5,1.0,1.0,0.25,1.0,0.25
rho_0.5,1.0351895624232783,0.03622512514329702,1.0,0.9714131361610955,31,102,800,30,2,100,0.0,0,0.3,0.0,0.0,1.0,0.5,1.0,1.0,0.25,1.0,0.25
rho_0.5,0.999586157073439,0.035002077738809347,1.0,-0.011823381733197354,32,103,800,30,2,100,0.0,0,0.3,0.0,0.0,1.0,0.5,1.0,1.0,0.25,1.0,0.25
rho_0.5,0.9955428866956029,0.03576013101889731,1.0,-0.12463917713393685,33,104,800,30,2,100,0.0,0,0.3,0.0,0.0,1.0,0.5,1.0,1.0,0.25,1.0,0.25
rho_0.5,0.9657187922375744,0.033931680908741886,1.0,-1.0103009000533678,34,105,800,30,2,100,0.0,0,0.3,0.0,0.0,1.0,0.5,1.0,1.0,0.25,1.0,0.25
rho_0.5,1.0229931277571185,0.03618057794951857,1.0,0.6355102394771014,35,106,800,30,2,100,0.0,0,0.3,0.0,0.0,1.0,0.5,1.0,1.0,0.25,1.0,0.25
rho_0.5,0.9824482348418307,0.038569700629488585,1.0,-0.4550661496384547,36,107,800,30,2,100,0.0,0,0.3,0.0,0.0,1.0,0.5,1.0,1.0,0.25,1.0,0.25
rho_0.5,1.0197404114189053,0.036005227151497676,1.0,0.5482651542745268,37,108,800,30,2,100,0.0,0,0.3,0.0,0.0,1.0,0.5,1.0,1.0,0.25,1.0,0.25
rho_0.5,0.9682133899412204,0.0344215562201739,1.0,-0.9234506962863575,38,109,800,30,2,100,0.0,0,0.3,0.0,0.0,1.0,0.5,1.0,1.0,0.25,1.0,0.25
rho_0.5,0.9154575745573067,0.035700696891942586,1.0,-2.368088939512382,39,110,800,30,2,100,0.0,0,0.3,0.0,0.0,1.0,0.5,1.0,1.0,0.25,1.0,0.25
rho_0.5,0.9254392197650698,0.038648129779246164,1.0,-1.929220913426163,40,111,800,30,2,100,0.0,0,0.3,0.0,0.0,1.0,0.5,1.0,1.0,0.25,1.0,0.25
rho_0.5,0.9866879462735859,0.03629979970921972,1.0,-0.3667252666144321,41,112,800,30,2,100,0.0,0,0.3,0.0,0.0,1.0,0.5,1.0,1.0,0.25,1.0,0.25
rho_0.5,1.0062274313416673,0.03609740435787486,1.0,0.17251742756702407,42,113,800,30,2,100,0.0,0,0.3,0.0,0.0,1.0,0.5,1.0,1.0,0.25,1.0,0.25
rho_0.5,0.9162880206096838,0.034560990420373694,1.0,-2.422152211846567,43,114,800,30,2,100,0.0,0,0.3,0.0,0.0,1.0,0.5,1.0,1.0,0.25,1.0,0.25
rho_0.5,0.9394039058689497,0.03703855402719233,1.0,-1.636027531921545,44,115,800,30,2,100,0.0,0,0.3,0.0,0.0,1.0,0.5,1.0,1.0,0.25,1.0,0.25
rho_0.5,0.930378047113457,0.035043810411617145,1.0,-1.9867118349511197,45,116,800,30,2,100,0.0,0,0.3,0.0,0.0,1.0,0.5,1.0,1.0,0.25,1.0,0.25
rho_0.5,1.0224335294575655,0.03290114131606727,1.0,0.6818465427097533,46,117,800,30,2,100,0.0,0,0.3,0.0,0.0,1.0,0.5,1.0,1.0,0.25,1.0,0.25
rho_0.5,0.9750467305395724,0.034702367261817677,1.0,-0.7190653384584292,47,118,800,30,2,100,0.0,0,0.3,0.0,0.0,1.0,0.5,1.0,1.0,0.25,1.0,0.25
rho_0.5,1.0099382243122934,0.034845787138075145,1.0,0.2852059066111367,48,119,800,30,2,100,0.0,0,0.3,0.0,0.0,1.0,0.5,1.0,1.0,0.25,1.0,0.25
rho_0.5,1.0499432128355772,0.03368486145313086,1.0,1.4826604795471179,49,120,800,30,2,100,0.0,0,0.3,0.0,0.0,1.0,0.5,1.0,1.0,0.25,1.0,0.25
rho_0.5,1.0076837715023919,0.035956189245662365,1.0,0.21369816055573243,50,121,800,30,2,100,0.0,0,0.3,0.0,0.0,1.0,0.5,1.0,1.0,0.25,1.0,0.25
rho_0.5,1.0496540881969136,0.03660995672863048,1.0,1.3563001061424942,51,122,800,30,2,100,0.0,0,0.3,0.0,0.0,1.0,0.5,1.0,1.0,0.25,1.0,0.25
rho_0.5,0.9314488037921124,0.03349038858938739,1.0,-2.0468916335479754,52,123,800,30,2,100,0.0,0,0.3,0.0,0.0,1.0,0.5,1.0,1.0,0.25,1.0,0.25
rho_0.5,1.0287953116772202,0.03579992764745417,1.0,0.8043399405939267,53,124,800,30,2,100,0.0,0,0.3,0.0,0.0,1.0,0.5,1.0,1.0,0.25,1.0,0.25
rho_0.5,0.9526282111008894,0.03491077922448886,1.0,-1.3569387436038884,54,125,800,30,2,100,0.0,0,0.3,0.0,0.0,1.0,0.5,1.0,1.0,0.25,1.0,0.25
rho_0.5,0.9579514573209427,0.03563661579542112,1.0,-1.1799252465622752,55,126,800,30,2,100,0.0,0,0.3,0.0,0.0,1.0,0.5,1.0,1.0,0.25,1.0,0.25
rho_0.5,1.0179721903260255,0.036234998428024225,1.0,0.49598981939311343,56,127,800,30,2,100,0.0,0,0.3,0.0,0.0,1.0,0.5,1.0,1.0,0.25,1.0,0.25
rho_0.5,0.9492697499883637,0.03473923235259353,1.0,-1.4603158036636628,57,128,800,30,2,100,0.0,0,0.3,0.0,0.0,1.0,0.5,1.0,1.0,0.25,1.0,0.25
rho_0.5,1.015430018550368,0.03596991108165568,1.0,0.428970161069904,58,129,800,30,2,100,0.0,0,0.3,0.0,0.0,1.0,0.5,1.0,1.0,0.25,1.0,0.25
rho_0.5,1.0386905105395758,0.034969977846981276,1.0,1.1063921947241306,59,130,800,30,2,100,0.0,0,0.3,0.0,0.0,1.0,0.5,1.0,1.0,0.25,1.0,0.25
rho_0.5,0.9376550004051006,0.03672385980234793,1.0,-1.6976701231964009,60,131,800,30,2,100,0.0,0,0.3,0.0,0.0,1.0,0.5,1.0,1.0,0.25,1.0,0.25
rho_0.5,0.9982569334117378,0.03244245386327977,1.0,-0.053727951517103925,61,132,800,30,2,100,0.0,0,0.3,0.0,0.0,1.0,0.5,1.0,1.0,0.25,1.0,0.25
rho_0.5,0.9760383286949929,0.03778693480293305,1.0,-0.634125827616672,62,133,800,30,2,100,0.0,0,0.3,0.0,0.0,1.0,0.5,1.0,1.0,0.25,1.0,0.25
rho_0.5,0.9768042638559243,0.034822384645194666,1.0,-0.6661156718707537,63,134,800,30,2,100,0.0,0,0.3,0.0,0.0,1.0,0.5,1.0,1.0,0.25,1.0,0.25
rho_0.5,0.931380405125852,0.03572959726835874,1.0,-1.9205252821283794,64,135,800,30,2,100,0.0,0,0.3,0.0,0.0,1.0,0.5,1.0,1.0,0.25,1.0,0.25
rho_0.5,0.9945664261151275,0.032764968736193285,1.0,-0.16583485638643156,65,136,800,30,2,100,0.0,0,0.3,0.0,0.0,1.0,0.5,1.0,1.0,0.25,1.0,0.25
rho_0.5,0.9709249900918259,0.035956853465227714,1.0,-0.8086082931670117,66,137,800,30,2,100,0.0,0,0.3,0.0,0.0,1.0,0.5,1.0,1.0,0.25,1.0,0.25
rho_0.5,0.9623034156933775,0.032622971629597874,1.0,-1.1555227014457956,67,138,800,30,2,100,0.0,0,0.3,0.0,0.0,1.0,0.5,1.0,1.0,0.25,1.0,0.25
rho_0.5,0.9959824728925784,0.037491076530715026,1.0,-0.10715955579803742,68,139,800,30,2,100,0.0,0,0.3,0.0,0.0,1.0,0.5,1.0,1.0,0.25,1.0,0.25
rho_0.5,1.0326905757015958,0.03700261348092018,1.0,0.883466669684081,69,140,800,30,2,100,0.0,0,0.3,0.0,0.0,1.0,0.5,1.0,1.0,0.25,1.0,0.25
rho_0.5,0.9741535264640532,0.03600186138584549,1.0,-0.7179204780258566,70,141,800,30,2,100,0.0,0,0.3,0.0,0.0,1.0,0.5,1.0,1.0,0.25,1.0,0.25
rho_0.5,0.9804492755152515,0.03519952440012286,1.0,-0.5554258137840136,71,142,800,30,2,100,0.0,0,0.3,0.0,0.0,1.0,0.5,1.0,1.0,0.25,1.0,0.25
rho_0.5,0.9426990261861614,0.03500494932072457,1.0,-1.6369392021920088,72,143,800,30,2,100,0.0,0,0.3,0.0,0.0,1.0,0.5,1.0,1.0,0.25,1.0,0.25
rho_0.5,0.9958067748833971,0.03786538152816906,1.0,-0.11074033714630514,73,144,800,30,2,100,0.0,0,0.3,0.0,0.0,1.0,0.5,1.0,1.0,0.25,1.0,0.25
rho_0.5,0.986054023034623,0.03485038193420324,1.0,-0.4001671198814041,74,145,800,30,2,100,0.0,0,0.3,0.0,0.0,1.0,0.5,1.0,1.0,0.25,1.0,0.25
rho_0.5,1.039550247222058,0.036786915381218206,1.0,1.0751172478639115,75,146,800,30,2,100,0.0,0,0.3,0.0,0.0,1.0,0.5,1.0,1.0,0.25,1.0,0.25
rho_0.5,1.003788472300072,0.03491345182580808,1.0,0.10851039075063958,76,147,800,30,2,100,0.0,0,0.3,0.0,0.0,1.0,0.5,1.0,1.0,0.25,1.0,0.25
rho_0.5,0.9518477055512145,0.03562173570874503,1.0,-1.3517672143349349,77,148,800,30,2,100,0.0,0,0.3,0.0,0.0,1.0,0.5,1.0,1.0,0.25,1.0,0.25
rho_0.5,0.9974666130923668,0.03565296666866288,1.0,-0.07105683325533406,78,149,800,30,2,100,0.0,0,0.3,0.0,0.0,1.0,0.5,1.0,1.0,0.25,1.0,0.25
rho_0.5,1.0211946715044011,0.03561826852611389,1.0,0.5950505844735839,79,150,800,30,2,100,0.0,0,0.3,0.0,0.0,1.0,0.5,1.0,1.0,0.25,1.0,0.25
rho_0.5,1.0285472712232038,0.03251253437236616,1.0,0.8780389401900136,80,151,800,30,2,100,0.0,0,0.3,0.0,0.0,1.0,0.5,1.0,1.0,0.25,1.0,0.25
rho_0.5,0.9546855232147968,0.03559349512849566,1.0,-1.2731111856706938,81,152,800,30,2,100,0.0,0,0.3,0.0,0.0,1.0,0.5,1.0,1.0,0.25,1.0,0.25
rho_0.5,1.0006274786415197,0.03588397312711114,1.0,0.01748632012673121,82,153,800,30,2,100,0.0,0,0.3,0.0,0.0,1.0,0.5,1.0,1.0,0.25,1.0,0.25
rho_0.5,1.0083697870325325,0.034952695282970424,1.0,0.23946041828168996,83,154,800,30,2,100,0.0,0,0.3,0.0,0.0,1.0,0.5,1.0,1.0,0.25,1.0,0.25
rho_0.5,1.0246025660634825,0.035894665222789245,1.0,0.6854100995448918,84,155,800,30,2,100,0.0,0,0.3,0.0,0.0,1.0,0.5,1.0,1.0,0.25,1.0,0.25
rho_0.5,0.9979870623860699,0.03597758559732247,1.0,-0.05594976929413165,85,156,800,30,2,100,0.0,0,0.3,0.0,0.0,1.0,0.5,1.0,1.0,0.25,1.0,0.25
rho_0.5,0.9689024212611463,0.03864863504482611,1.0,-0.8046229498864719,86,157,800,30,2,100,0.0,0,0.3,0.0,0.0,1.0,0.5,1.0,1.0,0.25,1.0,0.25
rho_0.5,0.9924334544487252,0.03370292748779084,1.0,-0.22450707150041568,87,158,800,30,2,100,0.0,0,0.3,0.0,0.0,1.0,0.5,1.0,1.0,0.25,1.0,0.25
rho_0.5,1.017753497823726,0.03541052215662452,1.0,0.5013622150275082,88,159,800,30,2,100,0.0,0,0.3,0.0,0.0,1.0,0.5,1.0,1.0,0.25,1.0,0.25
rho_0.5,1.00478866623103,0.03529798948157922,1.0,0.1356639939373587,89,160,800,30,2,100,0.0,0,0.3,0.0,0.0,1.0,0.5,1.0,1.0,0.25,1.0,0.25
rho_0.5,1.0438328068698364,0.03606493081959639,1.0,1.2153858574995295,90,161,800,30,2,100,0.0,0,0.3,0.0,0.0,1.0,0.5,1.0,1.0,0.25,1.0,0.25
rho_0.5,1.0393995086640961,0.03811442336665894,1.0,1.0337165089728562,91,162,800,30,2,100,0.0,0,0.3,0.0,0.0,1.0,0.5,1.0,1.0,0.25,1.0,0.25
rho_0.5,0.9742056760109693,0.03762132022937384,1.0,-0.6856304837726321,92,163,800,30,2,100,0.0,0,0.3,0.0,0.0,1.0,0.5,1.0,1.0,0.25,1.0,0.25
rho_0.5,0.9167637022054791,0.035678010206341995,1.0,-2.3329859852925634,93,164,800,30,2,100,0.0,0,0.3,0.0,0.0,1.0,0.5,1.0,1.0,0.25,1.0,0.25
rho_0.5,1.01819926235257,0.040801476001740125,1.0,0.4460442154542104,94,165,800,30,2,100,0.0,0,0.3,0.0,0.0,1.0,0.5,1.0,1.0,0.25,1.0,0.25
rho_0.5,1.0046204190725359,0.03555437964722284,1.0,0.12995358429483256,95,166,800,30,2,100,0.0,0,0.3,0.0,0.0,1.0,0.5,1.0,1.0,0.25,1.0,0.25
rho_0.5,0.956151401886266,0.03703419988084698,1.0,-1.1840028474980286,96,167,800,30,2,100,0.0,0,0.3,0.0,0.0,1.0,0.5,1.0,1.0,0.25,1.0,0.25
rho_0.5,0.878384982660722,0.03842889280956159,1.0,-3.164676587013683,97,168,800,30,2,100,0.0,0,0.3,0.0,0.0,1.0,0.5,1.0,1.0,0.25,1.0,0.25
rho_0.5,0.8933497090952072,0.0373599234417235,1.0,-2.854671023915589,98,169,800,30,2,100,0.0,0,0.3,0.0,0.0,1.0,0.5,1.0,1.0,0.25,1.0,0.25
rho_0.5,0.9633950146975555,0.03525621852302734,1.0,-1.038256138517414,99,170,800,30,2,100,0.0,0,0.3,0.0,0.0,1.0,0.5,1.0,1.0,0.25,1.0,0.25
rho_0.7,1.0457586802111747,0.03386101271547402,1.0,1.3513677395201942,0,72,800,30,2,100,0.0,0,0.3,0.0,0.0,1.0,0.7,1.0,1.0,0.25,1.0,0.25
rho_0.7,0.9664255999306767,0.036474151566887617,1.0,-0.9204984523835567,1,73,800,30,2,100,0.0,0,0.3,0.0,0.0,1.0,0.7,1.0,1.0,0.25,1.0,0.25
rho_0.7,1.0413843214231555,0.03457474834040192,1.0,1.1969522096216199,2,74,800,30,2,100,0.0,0,0.3,0.0,0.0,1.0,0.7,1.0,1.0,0.25,1.0,0.25
rho_0.7,1.0294373625612934,0.03605595969222764,1.0,0.8164354190699574,3,75,800,30,2,100,0.0,0,0.3,0.0,0.0,1.0,0.7,1.0,1.0,0.25,1.0,0.25
rho_0.7,0.9675979899007018,0.03815036956698201,1.0,-0.8493236229968575,4,76,800,30,2,100,0.0,0,0.3,0.0,0.0,1.0,0.7,1.0,1.0,0.25,1.0,0.25
rho_0.7,0.9944288785590283,0.04003988441738501,1.0,-0.13913929877761527,5,77,800,30,2,100,0.0,0,0.3,0.0,0.0,1.0,0.7,1.0,1.0,0.25,1.0,0.25
rho_0.7,0.9238747092073653,0.03516247302983082,1.0,-2.164958384128792,6,78,800,30,2,100,0.0,0,0.3,0.0,0.0,1.0,0.7,1.0,1.0,0.25,1.0,0.25
rho_0.7,0.9350799202749623,0.03539490154656177,1.0,-1.8341647211431202,7,79,800,30,2,100,0.0,0,0.3,0.0,0.0,1.0,0.7,1.0,1.0,0.25,1.0,0.25
rho_0.7,0.978583870311726,0.03655966317305384,1.0,-0.5857857493626658,8,80,800,30,2,100,0.0,0,0.3,0.0,0.0,1.0,0.7,1.0,1.0,0.25,1.0,0.25
rho_0.7,0.9526409995471309,0.03642376576009184,1.0,-1.3002225185831444,9,81,800,30,2,100,0.0,0,0.3,0.0,0.0,1.0,0.7,1.0,1.0,0.25,1.0,0.25
rho_0.7,0.94062926636695,0.03621394852747212,1.0,-1.6394438067975663,10,82,800,30,2,100,0.0,0,0.3,0.0,0.0,1.0,0.7,1.0,1.0,0.25,1.0,0.25
rho_0.7,0.9884923121297045,0.034672154622701824,1.0,-0.3318999928190448,11,83,800,30,2,100,0.0,0,0.3,0.0,0.0,1.0,0.7,1.0,1.0,0.25,1.0,0.25
rho_0.7,0.9487825278640085,0.03442991455329782,1.0,-1.487586385284412,12,84,800,30,2,100,0.0,0,0.3,0.0,0.0,1.0,0.7,1.0,1.0,0.25,1.0,0.25
rho_0.7,0.9946844250734436,0.03800857433191511,1.0,-0.1398519944509742,13,85,800,30,2,100,0.0,0,0.3,0.0,0.0,1.0,0.7,1.0,1.0,0.25,1.0,0.25
rho_0.7,1.0438601441076412,0.03443240902104481,1.0,1.2738041094026908,14,86,800,30,2,100,0.0,0,0.3,0.0,0.0,1.0,0.7,1.0,1.0,0.25,1.0,0.25
rho_0.7,0.9415714747492325,0.03528526378951074,1.0,-1.6558902775763444,15,87,800,30,2,100,0.0,0,0.3,0.0,0.0,1.0,0.7,1.0,1.0,0.25,1.0,0.25
rho_0.7,0.9644735295149334,0.03514042289715239,1.0,-1.0109858549239463,16,88,800,30,2,100,0.0,0,0.3,0.0,0.0,1.0,0.7,1.0,1.0,0.25,1.0,0.25
rho_0.7,0.8772288402195716,0.03471247843922028,1.0,-3.53680190238776,17,89,800,30,2,100,0.0,0,0.3,0.0,0.0,1.0,0.7,1.0,1.0,0.25,1.0,0.25
rho_0.7,0.9802532214329167,0.03379718060240178,1.0,-0.584272954581306,18,90,800,30,2,100,0.0,0,0.3,0.0,0.0,1.0,0.7,1.0,1.0,0.25,1.0,0.25
rho_0.7,0.9816384566452501,0.037694854524297036,1.0,-0.48711007341637574,19,91,800,30,2,100,0.0,0,0.3,0.0,0.0,1.0,0.7,1.0,1.0,0.25,1.0,0.25
rho_0.7,0.9603795015195078,0.03437528755625532,1.0,-1.1525866777304212,20,92,800,30,2,100,0.0,0,0.3,0.0,0.0,1.0,0.7,1.0,1.0,0.25,1.0,0.25
rho_0.7,0.9669757161847219,0.03467693761353923,1.0,-0.9523414144386309,21,93,800,30,2,100,0.0,0,0.3,0.0,0.0,1.0,0.7,1.0,1.0,0.25,1.0,0.25
rho_0.7,0.937272774678213,0.033890254685764114,1.0,-1.8508927095238408,22,94,800,30,2,100,0.0,0,0.3,0.0,0.0,1.0,0.7,1.0,1.0,0.25,1.0,0.25
rho_0.7,1.018535871016589,0.03608390615977309,1.0,0.5136880396073397,23,95,800,30,2,100,0.0,0,0.3,0.0,0.0,1.0,0.7,1.0,1.0,0.25,1.0,0.25
rho_0.7,0.9303729162123636,0.03733618226458993,1.0,-1.8648688635118305,24,96,800,30,2,100,0.0,0,0.3,0.0,0.0,1.0,0.7,1.0,1.0,0.25,1.0,0.25
rho_0.7,1.040042701205667,0.03693370284542392,1.0,1.084177813777702,25,97,800,30,2,100,0.0,0,0.3,0.0,0.0,1.0,0.7,1.0,1.0,0.25,1.0,0.25
rho_0.7,0.8572885760758879,0.036675324301841915,1.0,-3.8912109610696692,26,98,800,30,2,100,0.0,0,0.3,0.0,0.0,1.0,0.7,1.0,1.0,0.25,1.0,0.25
rho_0.7,0.9986609761816979,0.03567206229797588,1.0,-0.03753704529659523,27,99,800,30,2,100,0.0,0,0.3,0.0,0.0,1.0,0.7,1.0,1.0,0.25,1.0,0.25
rho_0.7,1.0248463188647592,0.036125621384199426,1.0,0.6877755430284843,28,100,800,30,2,100,0.0,0,0.3,0.0,0.0,1.0,0.7,1.0,1.0,0.25,1.0,0.25
rho_0.7,1.0006061490896054,0.03505305502282651,1.0,0.017292332699980383,29,101,800,30,2,100,0.0,0,0.3,0.0,0.0,1.0,0.7,1.0,1.0,0.25,1.0,0.25
rho_0.7,1.0475884918497247,0.03626176830262302,1.0,1.3123599338171918,30,102,800,30,2,100,0.0,0,0.3,0.0,0.0,1.0,0.7,1.0,1.0,0.25,1.0,0.25
rho_0.7,0.9953365669616483,0.03506005998520594,1.0,-0.1330126942258371,31,103,800,30,2,100,0.0,0,0.3,0.0,0.0,1.0,0.7,1.0,1.0,0.25,1.0,0.25
rho_0.7,0.9816325855874496,0.036541500272318665,1.0,-0.5026453286173448,32,104,800,30,2,100,0.0,0,0.3,0.0,0.0,1.0,0.7,1.0,1.0,0.25,1.0,0.25
rho_0.7,0.9637242754787411,0.034051349623960586,1.0,-1.065324133165434,33,105,800,30,2,100,0.0,0,0.3,0.0,0.0,1.0,0.7,1.0,1.0,0.25,1.0,0.25
rho_0.7,1.018116627751072,0.03716586225044123,1.0,0.48745344932383355,34,106,800,30,2,100,0.0,0,0.3,0.0,0.0,1.0,0.7,1.0,1.0,0.25,1.0,0.25
rho_0.7,0.9904712562206208,0.03843204437546955,1.0,-0.24793746817853896,35,107,800,30,2,100,0.0,0,0.3,0.0,0.0,1.0,0.7,1.0,1.0,0.25,1.0,0.25
rho_0.7,1.0216556326533381,0.03597887889317457,1.0,0.6018984837642164,36,108,800,30,2,100,0.0,0,0.3,0.0,0.0,1.0,0.7,1.0,1.0,0.25,1.0,0.25
rho_0.7,0.9631632497250096,0.03455514099764707,1.0,-1.0660280702515073,37,109,800,30,2,100,0.0,0,0.3,0.0,0.0,1.0,0.7,1.0,1.0,0.25,1.0,0.25
rho_0.7,0.9156391934272425,0.03459995633257346,1.0,-2.4381766775045786,38,110,800,30,2,100,0.0,0,0.3,0.0,0.0,1.0,0.7,1.0,1.0,0.25,1.0,0.25
rho_0.7,0.9414759974965361,0.03908821653710349,1.0,-1.4972287734824508,39,111,800,30,2,100,0.0,0,0.3,0.0,0.0,1.0,0.7,1.0,1.0,0.25,1.0,0.25
rho_0.7,0.9758521760230154,0.03593563669202357,1.0,-0.671974290700254,40,112,800,30,2,100,0.0,0,0.3,0.0,0.0,1.0,0.7,1.0,1.0,0.25,1.0,0.25
rho_0.7,0.9942427762115179,0.03654885653481328,1.0,-0.1575213107692783,41,113,800,30,2,100,0.0,0,0.3,0.0,0.0,1.0,0.7,1.0,1.0,0.25,1.0,0.25
rho_0.7,0.908234009384371,0.03418056328754884,1.0,-2.6847419056156134,42,114,800,30,2,100,0.0,0,0.3,0.0,0.0,1.0,0.7,1.0,1.0,0.25,1.0,0.25
rho_0.7,0.943166313710784,0.036426093837851725,1.0,-1.5602465238849743,43,115,800,30,2,100,0.0,0,0.3,0.0,0.0,1.0,0.7,1.0,1.0,0.25,1.0,0.25
rho_0.7,0.9456310929532118,0.03476999175027983,1.0,-1.5636732800303481,44,116,800,30,2,100,0.0,0,0.3,0.0,0.0,1.0,0.7,1.0,1.0,0.25,1.0,0.25
rho_0.7,1.0278742219645958,0.03321047649108034,1.0,0.8393201456197782,45,117,800,30,2,100,0.0,0,0.3,0.0,0.0,1.0,0.7,1.0,1.0,0.25,1.0,0.25
rho_0.7,0.9774327155942133,0.03533117749288661,1.0,-0.6387357005106971,46,118,800,30,2,100,0.0,0,0.3,0.0,0.0,1.0,0.7,1.0,1.0,0.25,1.0,0.25
rho_0.7,1.001715117784251,0.03460798345276887,1.0,0.04955844325895588,47,119,800,30,2,100,0.0,0,0.3,0.0,0.0,1.0,0.7,1.0,1.0,0.25,1.0,0.25
rho_0.7,1.0606976514401363,0.03463425217259861,1.0,1.7525324680796226,48,120,800,30,2,100,0.0,0,0.3,0.0,0.0,1.0,0.7,1.0,1.0,0.25,1.0,0.25
rho_0.7,1.0161054729377301,0.03570107952865645,1.0,0.451120054361455,49,121,800,30,2,100,0.0,0,0.3,0.0,0.0,1.0,0.7,1.0,1.0,0.25,1.0,0.25
rho_0.7,1.0242689320949883,0.037510357852511354,1.0,0.6469928170350269,50,122,800,30,2,100,0.0,0,0.3,0.0,0.0,1.0,0.7,1.0,1.0,0.25,1.0,0.25
rho_0.7,0.9460299071437338,0.032802048480165776,1.0,-1.6453269035590865,51,123,800,30,2,100,0.0,0,0.3,0.0,0.0,1.0,0.7,1.0,1.0,0.25,1.0,0.25
rho_0.7,1.0221913471205395,0.035391846953828084,1.0,0.6270186223818764,52,124,800,30,2,100,0.0,0,0.3,0.0,0.0,1.0,0.7,1.0,1.0,0.25,1.0,0.25
rho_0.7,0.9385709407757229,0.03509290069229989,1.0,-1.7504696965034845,53,125,800,30,2,100,0.0,0,0.3,0.0,0.0,1.0,0.7,1.0,1.0,0.25,1.0,0.25
rho_0.7,0.9669661541209335,0.0361991790282891,1.0,-0.9125578746758624,54,126,800,30,2,100,0.0,0,0.3,0.0,0.0,1.0,0.7,1.0,1.0,0.25,1.0,0.25
rho_0.7,1.0117740946932925,0.03534487145349981,1.0,0.33312031446436724,55,127,800,30,2,100,0.0,0,0.3,0.0,0.0,1.0,0.7,1.0,1.0,0.25,1.0,0.25
rho_0.7,0.9353919800590355,0.034050465532644215,1.0,-1.8974195779797716,56,128,800,30,2,100,0.0,0,0.3,0.0,0.0,1.0,0.7,1.0,1.0,0.25,1.0,0.25
rho_0.7,1.016407016528959,0.03692773303537229,1.0,0.4443006699935519,57,129,800,30,2,100,0.0,0,0.3,0.0,0.0,1.0,0.7,1.0,1.0,0.25,1.0,0.25
rho_0.7,1.0351375726544239,0.035487281137428904,1.0,0.9901455261773715,58,130,800,30,2,100,0.0,0,0.3,0.0,0.0,1.0,0.7,1.0,1.0,0.25,1.0,0.25
rho_0.7,0.9266785373895846,0.035154175171044556,1.0,-2.0857113629793846,59,131,800,30,2,100,0.0,0,0.3,0.0,0.0,1.0,0.7,1.0,1.0,0.25,1.0,0.25
rho_0.7,0.9932097180956345,0.032553020129136134,1.0,-0.2085914571805868,60,132,800,30,2,100,0.0,0,0.3,0.0,0.0,1.0,0.7,1.0,1.0,0.25,1.0,0.25
rho_0.7,0.9784808167445112,0.03744550606177809,1.0,-0.5746799955109757,61,133,800,30,2,100,0.0,0,0.3,0.0,0.0,1.0,0.7,1.0,1.0,0.25,1.0,0.25
rho_0.7,0.9874974112936435,0.03325657117836848,1.0,-0.37594340797492326,62,134,800,30,2,100,0.0,0,0.3,0.0,0.0,1.0,0.7,1.0,1.0,0.25,1.0,0.25
rho_0.7,0.9280443614078348,0.03679812596296202,1.0,-1.9554158454859878,63,135,800,30,2,100,0.0,0,0.3,0.0,0.0,1.0,0.7,1.0,1.0,0.25,1.0,0.25
rho_0.7,0.9891582932634684,0.03252284276402129,1.0,-0.3333566753434409,64,136,800,30,2,100,0.0,0,0.3,0.0,0.0,1.0,0.7,1.0,1.0,0.25,1.0,0.25
rho_0.7,0.9698987448413774,0.0352923827540165,1.0,-0.85291082125071,65,137,800,30,2,100,0.0,0,0.3,0.0,0.0,1.0,0.7,1.0,1.0,0.25,1.0,0.25
rho_0.7,0.9633665911230457,0.03197209306213318,1.0,-1.145793264324689,66,138,800,30,2,100,0.0,0,0.3,0.0,0.0,1.0,0.7,1.0,1.0,0.25,1.0,0.25
rho_0.7,0.9946948575943827,0.03809244221953656,1.0,-0.13927020943005963,67,139,800,30,2,100,0.0,0,0.3,0.0,0.0,1.0,0.7,1.0,1.0,0.25,1.0,0.25
rho_0.7,1.0194493799647366,0.03636723315326253,1.0,0.5348050505456666,68,140,800,30,2,100,0.0,0,0.3,0.0,0.0,1.0,0.7,1.0,1.0,0.25,1.0,0.25
rho_0.7,0.9776433372007831,0.03648445990559287,1.0,-0.6127722010156366,69,141,800,30,2,100,0.0,0,0.3,0.0,0.0,1.0,0.7,1.0,1.0,0.25,1.0,0.25
rho_0.7,0.9852384463072628,0.03584443489813945,1.0,-0.41182274834812516,70,142,800,30,2,100,0.0,0,0.3,0.0,0.0,1.0,0.7,1.0,1.0,0.25,1.0,0.25
rho_0.7,0.9285015437980403,0.03497022858378822,1.0,-2.0445521547178434,71,143,800,30,2,100,0.0,0,0.3,0.0,0.0,1.0,0.7,1.0,1.0,0.25,1.0,0.25
rho_0.7,0.9851630270824407,0.03763689905532686,1.0,-0.3942134790581089,72,144,800,30,2,100,0.0,0,0.3,0.0,0.0,1.0,0.7,1.0,1.0,0.25,1.0,0.25
rho_0.7,0.9824862733399321,0.03458266746062878,1.0,-0.5064307627515052,73,145,800,30,2,100,0.0,0,0.3,0.0,0.0,1.0,0.7,1.0,1.0,0.25,1.0,0.25
rho_0.7,1.0377927898061576,0.03673979057506803,1.0,1.0286610025426814,74,146,800,30,2,100,0.0,0,0.3,0.0,0.0,1.0,0.7,1.0,1.0,0.25,1.0,0.25
rho_0.7,0.9978889094446108,0.034690155321224055,1.0,-0.06085560977864975,75,147,800,30,2,100,0.0,0,0.3,0.0,0.0,1.0,0.7,1.0,1.0,0.25,1.0,0.25
rho_0.7,0.9611980841712645,0.035475884414436984,1.0,-1.093754714482748,76,148,800,30,2,100,0.0,0,0.3,0.0,0.0,1.0,0.7,1.0,1.0,0.25,1.0,0.25
rho_0.7,1.005327520512803,0.03628191316730008,1.0,0.14683681337963436,77,149,800,30,2,100,0.0,0,0.3,0.0,0.0,1.0,0.7,1.0,1.0,0.25,1.0,0.25
rho_0.7,1.0249465158222408,0.03558002457749879,1.0,0.7011382403040074,78,150,800,30,2,100,0.0,0,0.3,0.0,0.0,1.0,0.7,1.0,1.0,0.25,1.0,0.25
rho_0.7,1.0227771322021182,0.03327411997050703,1.0,0.6845299657002804,79,151,800,30,2,100,0.0,0,0.3,0.0,0.0,1.0,0.7,1.0,1.0,0.25,1.0,0.25
rho_0.7,0.9579178141272202,0.035592612682648204,1.0,-1.182329216683082,80,152,800,30,2,100,0.0,0,0.3,0.0,0.0,1.0,0.7,1.0,1.0,0.25,1.0,0.25
rho_0.7,0.9974406011748796,0.03691378103212167,1.0,-0.06933450742673071,81,153,800,30,2,100,0.0,0,0.3,0.0,0.0,1.0,0.7,1.0,1.0,0.25,1.0,0.25
rho_0.7,1.0117635893902377,0.034100568582372176,1.0,0.34496754392296913,82,154,800,30,2,100,0.0,0,0.3,0.0,0.0,1.0,0.7,1.0,1.0,0.25,1.0,0.25
rho_0.7,1.0245127619240655,0.0352335662212655,1.0,0.6957218514335518,83,155,800,30,2,100,0.0,0,0.3,0.0,0.0,1.0,0.7,1.0,1.0,0.25,1.0,0.25
rho_0.7,0.9899023739686044,0.03621667552684673,1.0,-0.27881151112035274,84,156,800,30,2,100,0.0,0,0.3,0.0,0.0,1.0,0.7,1.0,1.0,0.25,1.0,0.25
rho_0.7,0.9650032510882767,0.039765326443717636,1.0,-0.8800820222425793,85,157,800,30,2,100,0.0,0,0.3,0.0,0.0,1.0,0.7,1.0,1.0,0.25,1.0,0.25
rho_0.7,0.9868166797528973,0.032877582474655165,1.0,-0.40098204474935145,86,158,800,30,2,100,0.0,0,0.3,0.0,0.0,1.0,0.7,1.0,1.0,0.25,1.0,0.25
rho_0.7,1.0163418300035707,0.03607877453166334,1.0,0.4529485886287195,87,159,800,30,2,100,0.0,0,0.3,0.0,0.0,1.0,0.7,1.0,1.0,0.25,1.0,0.25
rho_0.7,0.9897876964306281,0.03530249881288072,1.0,-0.28927990688426075,88,160,800,30,2,100,0.0,0,0.3,0.0,0.0,1.0,0.7,1.0,1.0,0.25,1.0,0.25
rho_0.7,1.0383430782213396,0.0369908913604928,1.0,1.036554589822375,89,161,800,30,2,100,0.0,0,0.3,0.0,0.0,1.0,0.7,1.0,1.0,0.25,1.0,0.25
rho_0.7,1.0449191279758898,0.037249925080375536,1.0,1.2058850555797402,90,162,800,30,2,100,0.0,0,0.3,0.0,0.0,1.0,0.7,1.0,1.0,0.25,1.0,0.25
rho_0.7,0.964863187277657,0.037444254974218355,1.0,-0.9383766013380672,91,163,800,30,2,100,0.0,0,0.3,0.0,0.0,1.0,0.7,1.0,1.0,0.25,1.0,0.25
rho_0.7,0.9227481160677792,0.036107358903699406,1.0,-2.139505249837199,92,164,800,30,2,100,0.0,0,0.3,0.0,0.0,1.0,0.7,1.0,1.0,0.25,1.0,0.25
rho_0.7,1.0089457740976695,0.041537069116720955,1.0,0.2153684476998483,93,165,800,30,2,100,0.0,0,0.3,0.0,0.0,1.0,0.7,1.0,1.0,0.25,1.0,0.25
rho_0.7,1.0180176768850882,0.035187552859671324,1.0,0.5120468864925906,94,166,800,30,2,100,0.0,0,0.3,0.0,0.0,1.0,0.7,1.0,1.0,0.25,1.0,0.25
rho_0.7,0.9545417193644021,0.036482817904685175,1.0,-1.2460189000301989,95,167,800,30,2,100,0.0,0,0.3,0.0,0.0,1.0,0.7,1.0,1.0,0.25,1.0,0.25
rho_0.7,0.900442196838864,0.03847345195498906,1.0,-2.587701339552555,96,168,800,30,2,100,0.0,0,0.3,0.0,0.0,1.0,0.7,1.0,1.0,0.25,1.0,0.25
rho_0.7,0.9126180864143211,0.03783241832940366,1.0,-2.3097099642124914,97,169,800,30,2,100,0.0,0,0.3,0.0,0.0,1.0,0.7,1.0,1.0,0.25,1.0,0.25
rho_0.7,0.9676302001744156,0.03394296423029007,1.0,-0.9536527100570139,98,170,800,30,2,100,0.0,0,0.3,0.0,0.0,1.0,0.7,1.0,1.0,0.25,1.0,0.25
rho_0.7,1.0684491025710217,0.03342431129743209,1.0,2.04788370841557,99,171,800,30,2,100,0.0,0,0.3,0.0,0.0,1.0,0.7,1.0,1.0,0.25,1.0,0.25
s1_0.5,0.970924441856881,0.07163119696802239,1.0,-0.40590635608251713,0,73,800,30,2,100,0.0,0,0.3,0.0,0.0,1.0,0.7,0.5,1.0,0.25,1.0,0.25
s1_0.5,1.0963873647292244,0.06897923801057335,1.0,1.3973387864106275,1,74,800,30,2,100,0.0,0,0.3,0.0,0.0,1.0,0.7,0.5,1.0,0.25,1.0,0.25
s1_0.5,1.0507851706044373,0.0729792303164693,1.0,0.6958852591923894,2,75,800,30,2,100,0.0,0,0.3,0.0,0.0,1.0,0.7,0.5,1.0,0.25,1.0,0.25
s1_0.5,0.950891638859347,0.07570447319554598,1.0,-0.6486850653303566,3,76,800,30,2,100,0.0,0,0.3,0.0,0.0,1.0,0.7,0.5,1.0,0.25,1.0,0.25
s1_0.5,1.0415486667234535,0.07862685189647639,1.0,0.5284284658650494,4,77,800,30,2,100,0.0,0,0.3,0.0,0.0,1.0,0.7,0.5,1.0,0.25,1.0,0.25
s1_0.5,0.8600389776935399,0.06830694224268331,1.0,-2.0490014295941057,5,78,800,30,2,100,0.0,0,0.3,0.0,0.0,1.0,0.7,0.5,1.0,0.25,1.0,0.25
s1_0.5,0.8558792696486639,0.0728494902477935,1.0,-1.978335467566313,6,79,800,30,2,100,0.0,0,0.3,0.0,0.0,1.0,0.7,0.5,1.0,0.25,1.0,0.25
s1_0.5,1.005044661697882,0.07109300644643031,1.0,0.07095862096763797,7,80,800,30,2,100,0.0,0,0.3,0.0,0.0,1.0,0.7,0.5,1.0,0.25,1.0,0.25
s1_0.5,0.9321701394863475,0.06979299946518842,1.0,-0.9718719790440425,8,81,800,30,2,100,0.0,0,0.3,0.0,0.0,1.0,0.7,0.5,1.0,0.25,1.0,0.25
s1_0.5,0.9388619976968585,0.0724501115160538,1.0,-0.8438634672024524,9,82,800,30,2,100,0.0,0,0.3,0.0,0.0,1.0,0.7,0.5,1.0,0.25,1.0,0.25
s1_0.5,1.0169419533219646,0.06779018690505799,1.0,0.24991748946926853,10,83,800,30,2,100,0.0,0,0.3,0.0,0.0,1.0,0.7,0.5,1.0,0.25,1.0,0.25
s1_0.5,0.9302851037985114,0.06869097707798863,1.0,-1.0149061662398176,11,84,800,30,2,100,0.0,0,0.3,0.0,0.0,1.0,0.7,0.5,1.0,0.25,1.0,0.25
s1_0.5,1.0125686030660757,0.07392982673961408,1.0,0.17000720305139005,12,85,800,30,2,100,0.0,0,0.3,0.0,0.0,1.0,0.7,0.5,1.0,0.25,1.0,0.25
s1_0.5,1.0842541947578195,0.06880710200645282,1.0,1.2244985226949103,13,86,800,30,2,100,0.0,0,0.3,0.0,0.0,1.0,0.7,0.5,1.0,0.25,1.0,0.25
s1_0.5,0.8851908129384461,0.06963317120797326,1.0,-1.648771484479049,14,87,800,30,2,100,0.0,0,0.3,0.0,0.0,1.0,0.7,0.5,1.0,0.25,1.0,0.25
s1_0.5,0.9767134585508157,0.07049338199830854,1.0,-0.33033656194482264,15,88,800,30,2,100,0.0,0,0.3,0.0,0.0,1.0,0.7,0.5,1.0,0.25,1.0,0.25
s1_0.5,0.7835833532358027,0.06783284936476688,1.0,-3.190440159758443,16,89,800,30,2,100,0.0,0,0.3,0.0,0.0,1.0,0.7,0.5,1.0,0.25,1.0,0.25
s1_0.5,0.9435382904267624,0.06397886083716711,1.0,-0.8825057032031025,17,90,800,30,2,100,0.0,0,0.3,0.0,0.0,1.0,0.7,0.5,1.0,0.25,1.0,0.25
s1_0.5,0.9361951652002451,0.07499994704084481,1.0,-0.8507317313838485,18,91,800,30,2,100,0.0,0,0.3,0.0,0.0,1.0,0.7,0.5,1.0,0.25,1.0,0.25
s1_0.5,0.9317802711088039,0.0692058072002166,1.0,-0.9857515091736778,19,92,800,30,2,100,0.0,0,0.3,0.0,0.0,1.0,0.7,0.5,1.0,0.25,1.0,0.25
s1_0.5,0.9272590206551713,0.06846900001676513,1.0,-1.0623928979102593,20,93,800,30,2,100,0.0,0,0.3,0.0,0.0,1.0,0.7,0.5,1.0,0.25,1.0,0.25
s1_0.5,0.887406139460367,0.06729175148289297,1.0,-1.67321934796506,21,94,800,30,2,100,0.0,0,0.3,0.0,0.0,1.0,0.7,0.5,1.0,0.25,1.0,0.25
s1_0.5,1.010598343353856,0.0698219073608243,1.0,0.15179108899282837,22,95,800,30,2,100,0.0,0,0.3,0.0,0.0,1.0,0.7,0.5,1.0,0.25,1.0,0.25
s1_0.5,0.8668977541150091,0.07298154767369355,1.0,-1.8237794364145559,23,96,800,30,2,100,0.0,0,0.3,0.0,0.0,1.0,0.7,0.5,1.0,0.25,1.0,0.25
s1_0.5,1.0766576108125452,0.0719709651337106,1.0,1.0651185609381164,24,97,800,30,2,100,0.0,0,0.3,0.0,0.0,1.0,0.7,0.5,1.0,0.25,1.0,0.25
s1_0.5,0.7254208638522033,0.07206242137064717,1.0,-3.8102957259168604,25,98,800,30,2,100,0.0,0,0.3,0.0,0.0,1.0,0.7,0.5,1.0,0.25,1.0,0.25
s1_0.5,0.9825465314084487,0.06881745334922781,1.0,-0.25361979762575915,26,99,800,30,2,100,0.0,0,0.3,0.0,0.0,1.0,0.7,0.5,1.0,0.25,1.0,0.25
s1_0.5,1.0843370297941455,0.06965664268618378,1.0,1.2107535841786057,27,100,800,30,2,100,0.0,0,0.3,0.0,0.0,1.0,0.7,0.5,1.0,0.25,1.0,0.25
s1_0.5,1.015027343500442,0.0702581199886151,1.0,0.21388764035925073,28,101,800,30,2,100,0.0,0,0.3,0.0,0.0,1.0,0.7,0.5,1.0,0.25,1.0,0.25
s1_0.5,1.1009204062971376,0.07015382353587295,1.0,1.4385588868942014,29,102,800,30,2,100,0.0,0,0.3,0.0,0.0,1.0,0.7,0.5,1.0,0.25,1.0,0.25
s1_0.5,1.02387684524928,0.06754321311648508,1.0,0.3535047290110686,30,103,800,30,2,100,0.0,0,0.3,0.0,0.0,1.0,0.7,0.5,1.0,0.25,1.0,0.25
s1_0.5,0.9419662201058175,0.0690607772918566,1.0,-0.8403290864932909,31,104,800,30,2,100,0.0,0,0.3,0.0,0.0,1.0,0.7,0.5,1.0,0.25,1.0,0.25
s1_0.5,0.9324911116251691,0.06700370137792133,1.0,-1.007539687905601,32,105,800,30,2,100,0.0,0,0.3,0.0,0.0,1.0,0.7,0.5,1.0,0.25,1.0,0.25
s1_0.5,1.0287399580308967,0.0705307367165419,1.0,0.407481324722306,33,106,800,30,2,100,0.0,0,0.3,0.0,0.0,1.0,0.7,0.5,1.0,0.25,1.0,0.25
s1_0.5,1.0139777696552137,0.07585096693622427,1.0,0.18427938653657827,34,107,800,30,2,100,0.0,0,0.3,0.0,0.0,1.0,0.7,0.5,1.0,0.25,1.0,0.25
s1_0.5,1.0290681813373392,0.07132488609226582,1.0,0.4075461305292049,35,108,800,30,2,100,0.0,0,0.3,0.0,0.0,1.0,0.7,0.5,1.0,0.25,1.0,0.25
s1_0.5,0.9274982123158935,0.06659286220970738,1.0,-1.0887321144988689,36,109,800,30,2,100,0.0,0,0.3,0.0,0.0,1.0,0.7,0.5,1.0,0.25,1.0,0.25
s1_0.5,0.8500160528690215,0.06875261809038685,1.0,-2.181501611092096,37,110,800,30,2,100,0.0,0,0.3,0.0,0.0,1.0,0.7,0.5,1.0,0.25,1.0,0.25
s1_0.5,0.844828345593188,0.07619759426507905,1.0,-2.036437710447853,38,111,800,30,2,100,0.0,0,0.3,0.0,0.0,1.0,0.7,0.5,1.0,0.25,1.0,0.25
s1_0.5,0.985267280891768,0.0708721223668999,1.0,-0.2078774928167356,39,112,800,30,2,100,0.0,0,0.3,0.0,0.0,1.0,0.7,0.5,1.0,0.25,1.0,0.25
s1_0.5,0.9737126301707905,0.07188422651319369,1.0,-0.3656903760991952,40,113,800,30,2,100,0.0,0,0.3,0.0,0.0,1.0,0.7,0.5,1.0,0.25,1.0,0.25
s1_0.5,0.8386017549393934,0.06780772510237927,1.0,-2.380233886580327,41,114,800,30,2,100,0.0,0,0.3,0.0,0.0,1.0,0.7,0.5,1.0,0.25,1.0,0.25
s1_0.5,0.8934352548884477,0.07079472273427118,1.0,-1.5052639659532867,42,115,800,30,2,100,0.0,0,0.3,0.0,0.0,1.0,0.7,0.5,1.0,0.25,1.0,0.25
s1_0.5,0.9052678373516142,0.06789331039542194,1.0,-1.3953092299764132,43,116,800,30,2,100,0.0,0,0.3,0.0,0.0,1.0,0.7,0.5,1.0,0.25,1.0,0.25
s1_0.5,1.0678853755383808,0.0663789336279658,1.0,1.0226945783561117,44,117,800,30,2,100,0.0,0,0.3,0.0,0.0,1.0,0.7,0.5,1.0,0.25,1.0,0.25
s1_0.5,0.9730337116249421,0.06891272974972029,1.0,-0.3913106979362885,45,118,800,30,2,100,0.0,0,0.3,0.0,0.0,1.0,0.7,0.5,1.0,0.25,1.0,0.25
s1_0.5,1.0037235045586546,0.06499844584058442,1.0,0.05728605523564125,46,119,800,30,2,100,0.0,0,0.3,0.0,0.0,1.0,0.7,0.5,1.0,0.25,1.0,0.25
s1_0.5,1.1007284956944159,0.06766807289642991,1.0,1.488567523543739,47,120,800,30,2,100,0.0,0,0.3,0.0,0.0,1.0,0.7,0.5,1.0,0.25,1.0,0.25
s1_0.5,1.0182333854888852,0.06714131316213391,1.0,0.2715673052872072,48,121,800,30,2,100,0.0,0,0.3,0.0,0.0,1.0,0.7,0.5,1.0,0.25,1.0,0.25
s1_0.5,1.1104026710611863,0.07354569793433156,1.0,1.5011438352215252,49,122,800,30,2,100,0.0,0,0.3,0.0,0.0,1.0,0.7,0.5,1.0,0.25,1.0,0.25
s1_0.5,0.9017441481733558,0.06509111938986087,1.0,-1.50951239965846,50,123,800,30,2,100,0.0,0,0.3,0.0,0.0,1.0,0.7,0.5,1.0,0.25,1.0,0.25
s1_0.5,1.046391837220312,0.06946464851866387,1.0,0.667848153119891,51,124,800,30,2,100,0.0,0,0.3,0.0,0.0,1.0,0.7,0.5,1.0,0.25,1.0,0.25
s1_0.5,0.9008084220255892,0.06774475949272005,1.0,-1.4641955882221425,52,125,800,30,2,100,0.0,0,0.3,0.0,0.0,1.0,0.7,0.5,1.0,0.25,1.0,0.25
s1_0.5,0.9484480129458082,0.07150550126864014,1.0,-0.7209513413592525,53,126,800,30,2,100,0.0,0,0.3,0.0,0.0,1.0,0.7,0.5,1.0,0.25,1.0,0.25
s1_0.5,1.0080550189875848,0.06931904214671016,1.0,0.11620211038889908,54,127,800,30,2,100,0.0,0,0.3,0.0,0.0,1.0,0.7,0.5,1.0,0.25,1.0,0.25
s1_0.5,0.8893565868060738,0.06657339355359214,1.0,-1.6619764636882655,55,128,800,30,2,100,0.0,0,0.3,0.0,0.0,1.0,0.7,0.5,1.0,0.25,1.0,0.25
s1_0.5,1.045516611903779,0.07175382528132732,1.0,0.6343440468200934,56,129,800,30,2,100,0.0,0,0.3,0.0,0.0,1.0,0.7,0.5,1.0,0.25,1.0,0.25
s1_0.5,1.0891253438144801,0.07049976798188574,1.0,1.2641934344717283,57,130,800,30,2,100,0.0,0,0.3,0.0,0.0,1.0,0.7,0.5,1.0,0.25,1.0,0.25
s1_0.5,0.8728978139911913,0.06797568873253358,1.0,-1.8698182891374935,58,131,800,30,2,100,0.0,0,0.3,0.0,0.0,1.0,0.7,0.5,1.0,0.25,1.0,0.25
s1_0.5,0.9724013081168746,0.06254923915014357,1.0,-0.4412314563391777,59,132,800,30,2,100,0.0,0,0.3,0.0,0.0,1.0,0.7,0.5,1.0,0.25,1.0,0.25
s1_0.5,0.9470260325254314,0.07256484296042416,1.0,-0.7300224917934415,60,133,800,30,2,100,0.0,0,0.3,0.0,0.0,1.0,0.7,0.5,1.0,0.25,1.0,0.25
s1_0.5,0.9969215975606152,0.06711547121606075,1.0,-0.04586725509942005,61,134,800,30,2,100,0.0,0,0.3,0.0,0.0,1.0,0.7,0.5,1.0,0.25,1.0,0.25
s1_0.5,0.8447535496395335,0.07183459231306145,1.0,-2.1611656078437647,62,135,800,30,2,100,0.0,0,0.3,0.0,0.0,1.0,0.7,0.5,1.0,0.25,1.0,0.25
s1_0.5,0.9688028239991994,0.06565189854973186,1.0,-0.47519076660317006,63,136,800,30,2,100,0.0,0,0.3,0.0,0.0,1.0,0.7,0.5,1.0,0.25,1.0,0.25
s1_0.5,0.9246071195131602,0.06929192342644971,1.0,-1.088047159880992,64,137,800,30,2,100,0.0,0,0.3,0.0,0.0,1.0,0.7,0.5,1.0,0.25,1.0,0.25
s1_0.5,0.9101487478461806,0.06344945929100099,1.0,-1.4161074524170605,65,138,800,30,2,100,0.0,0,0.3,0.0,0.0,1.0,0.7,0.5,1.0,0.25,1.0,0.25
s1_0.5,1.003120815769016,0.0736509170813618,1.0,0.04237307412707918,66,139,800,30,2,100,0.0,0,0.3,0.0,0.0,1.0,0.7,0.5,1.0,0.25,1.0,0.25
s1_0.5,1.064076158529863,0.07277696878820161,1.0,0.880445552992733,67,140,800,30,2,100,0.0,0,0.3,0.0,0.0,1.0,0.7,0.5,1.0,0.25,1.0,0.25
s1_0.5,0.9706282832766046,0.07047781529203946,1.0,-0.41675123727498703,68,141,800,30,2,100,0.0,0,0.3,0.0,0.0,1.0,0.7,0.5,1.0,0.25,1.0,0.25
s1_0.5,0.9769757436806423,0.06967883315549868,1.0,-0.33043401097110253,69,142,800,30,2,100,0.0,0,0.3,0.0,0.0,1.0,0.7,0.5,1.0,0.25,1.0,0.25
s1_0.5,0.8786672417001884,0.07044600021626281,1.0,-1.7223512751232304,70,143,800,30,2,100,0.0,0,0.3,0.0,0.0,1.0,0.7,0.5,1.0,0.25,1.0,0.25
s1_0.5,0.9690096303718121,0.07214991022056687,1.0,-0.4295274870536689,71,144,800,30,2,100,0.0,0,0.3,0.0,0.0,1.0,0.7,0.5,1.0,0.25,1.0,0.25
s1_0.5,0.9805611225182406,0.06961522457487018,1.0,-0.27923313614902145,72,145,800,30,2,100,0.0,0,0.3,0.0,0.0,1.0,0.7,0.5,1.0,0.25,1.0,0.25
s1_0.5,1.1189847252200842,0.0703657410603606,1.0,1.6909468077372711,73,146,800,30,2,100,0.0,0,0.3,0.0,0.0,1.0,0.7,0.5,1.0,0.25,1.0,0.25
s1_0.5,0.9702808475981124,0.06909350732913992,1.0,-0.4301294513870143,74,147,800,30,2,100,0.0,0,0.3,0.0,0.0,1.0,0.7,0.5,1.0,0.25,1.0,0.25
s1_0.5,0.945704512038735,0.06833775599468636,1.0,-0.7945166938973942,75,148,800,30,2,100,0.0,0,0.3,0.0,0.0,1.0,0.7,0.5,1.0,0.25,1.0,0.25
s1_0.5,1.0337340506203843,0.07126808181792156,1.0,0.473340235346439,76,149,800,30,2,100,0.0,0,0.3,0.0,0.0,1.0,0.7,0.5,1.0,0.25,1.0,0.25
s1_0.5,1.026786147192347,0.07055247901598054,1.0,0.3796627356818991,77,150,800,30,2,100,0.0,0,0.3,0.0,0.0,1.0,0.7,0.5,1.0,0.25,1.0,0.25
s1_0.5,1.0098312525482451,0.06558865200918042,1.0,0.14989258426700175,78,151,800,30,2,100,0.0,0,0.3,0.0,0.0,1.0,0.7,0.5,1.0,0.25,1.0,0.25
s1_0.5,0.9097402828419024,0.06988699364302003,1.0,-1.2915095134745755,79,152,800,30,2,100,0.0,0,0.3,0.0,0.0,1.0,0.7,0.5,1.0,0.25,1.0,0.25
s1_0.5,0.9798361797952422,0.06935564710490613,1.0,-0.29073076305175816,80,153,800,30,2,100,0.0,0,0.3,0.0,0.0,1.0,0.7,0.5,1.0,0.25,1.0,0.25
s1_0.5,0.9815617541701632,0.06648247845814495,1.0,-0.2773399286166031,81,154,800,30,2,100,0.0,0,0.3,0.0,0.0,1.0,0.7,0.5,1.0,0.25,1.0,0.25
s1_0.5,1.0292126787576454,0.07065913665214223,1.0,0.413431017441674,82,155,800,30,2,100,0.0,0,0.3,0.0,0.0,1.0,0.7,0.5,1.0,0.25,1.0,0.25
s1_0.5,1.0001400844040076,0.07261246806282322,1.0,0.001929205930397394,83,156,800,30,2,100,0.0,0,0.3,0.0,0.0,1.0,0.7,0.5,1.0,0.25,1.0,0.25
s1_0.5,0.9624297810808763,0.07933295160975737,1.0,-0.47357646673646325,84,157,800,30,2,100,0.0,0,0.3,0.0,0.0,1.0,0.7,0.5,1.0,0.25,1.0,0.25
s1_0.5,0.9873922344941496,0.0645604199563958,1.0,-0.1952862994752158,85,158,800,30,2,100,0.0,0,0.3,0.0,0.0,1.0,0.7,0.5,1.0,0.25,1.0,0.25
s1_0.5,1.0055479592017305,0.0693680981096412,1.0,0.07997853988964082,86,159,800,30,2,100,0.0,0,0.3,0.0,0.0,1.0,0.7,0.5,1.0,0.25,1.0,0.25
s1_0.5,0.9868454056453596,0.07198556620306876,1.0,-0.18273933301478443,87,160,800,30,2,100,0.0,0,0.3,0.0,0.0,1.0,0.7,0.5,1.0,0.25,1.0,0.25
s1_0.5,1.0666469766310356,0.07231567416164092,1.0,0.9216117723256705,88,161,800,30,2,100,0.0,0,0.3,0.0,0.0,1.0,0.7,0.5,1.0,0.25,1.0,0.25
s1_0.5,1.084083069314826,0.0739826810791698,1.0,1.1365236848452092,89,162,800,30,2,100,0.0,0,0.3,0.0,0.0,1.0,0.7,0.5,1.0,0.25,1.0,0.25
s1_0.5,0.9853653005123896,0.07266251723476809,1.0,-0.2014064478433443,90,163,800,30,2,100,0.0,0,0.3,0.0,0.0,1.0,0.7,0.5,1.0,0.25,1.0,0.25
s1_0.5,0.8375288316077761,0.07150800022826928,1.0,-2.2720698086029554,91,164,800,30,2,100,0.0,0,0.3,0.0,0.0,1.0,0.7,0.5,1.0,0.25,1.0,0.25
s1_0.5,0.993105374812628,0.08092364769685452,1.0,-0.08519913997450762,92,165,800,30,2,100,0.0,0,0.3,0.0,0.0,1.0,0.7,0.5,1.0,0.25,1.0,0.25
s1_0.5,1.0301423003374066,0.07019810031597096,1.0,0.4293891173939483,93,166,800,30,2,100,0.0,0,0.3,0.0,0.0,1.0,0.7,0.5,1.0,0.25,1.0,0.25
s1_0.5,0.9048040181763796,0.07021060924368937,1.0,-1.3558632071288683,94,167,800,30,2,100,0.0,0,0.3,0.0,0.0,1.0,0.7,0.5,1.0,0.25,1.0,0.25
s1_0.5,0.8178183938719032,0.073865132143619,1.0,-2.4664087214231687,95,168,800,30,2,100,0.0,0,0.3,0.0,0.0,1.0,0.7,0.5,1.0,0.25,1.0,0.25
s1_0.5,0.8144482404504506,0.07439611987300895,1.0,-2.494105335954058,96,169,800,30,2,100,0.0,0,0.3,0.0,0.0,1.0,0.7,0.5,1.0,0.25,1.0,0.25
s1_0.5,0.9499219463280865,0.06791233473330306,1.0,-0.7373926087002293,97,170,800,30,2,100,0.0,0,0.3,0.0,0.0,1.0,0.7,0.5,1.0,0.25,1.0,0.25
s1_0.5,1.1711386768082945,0.06596741786068766,1.0,2.594290975125194,98,171,800,30,2,100,0.0,0,0.3,0.0,0.0,1.0,0.7,0.5,1.0,0.25,1.0,0.25
s1_0.5,0.8903680856816161,0.06958795652566772,1.0,-1.575443795047292,99,172,800,30,2,100,0.0,0,0.3,0.0,0.0,1.0,0.7,0.5,1.0,0.25,1.0,0.25
s1_1.0,1.0413843214231555,0.03457474834040192,1.0,1.1969522096216199,0,74,800,30,2,100,0.0,0,0.3,0.0,0.0,1.0,0.7,1.0,1.0,0.25,1.0,0.25
s1_1.0,1.0294373625612934,0.03605595969222764,1.0,0.8164354190699574,1,75,800,30,2,100,0.0,0,0.3,0.0,0.0,1.0,0.7,1.0,1.0,0.25,1.0,0.25
s1_1.0,0.9675979899007018,0.03815036956698201,1.0,-0.8493236229968575,2,76,800,30,2,100,0.0,0,0.3,0.0,0.0,1.0,0.7,1.0,1.0,0.25,1.0,0.25
s1_1.0,0.9944288785590283,0.04003988441738501,1.0,-0.13913929877761527,3,77,800,30,2,100,0.0,0,0.3,0.0,0.0,1.0,0.7,1.0,1.0,0.25,1.0,0.25
s1_1.0,0.9238747092073653,0.03516247302983082,1.0,-2.164958384128792,4,78,800,30,2,100,0.0,0,0.3,0.0,0.0,1.0,0.7,1.0,1.0,0.25,1.0,0.25
s1_1.0,0.9350799202749623,0.03539490154656177,1.0,-1.8341647211431202,5,79,800,30,2,100,0.0,0,0.3,0.0,0.0,1.0,0.7,1.0,1.0,0.25,1.0,0.25
s1_1.0,0.978583870311726,0.03655966317305384,1.0,-0.5857857493626658,6,80,800,30,2,100,0.0,0,0.3,0.0,0.0,1.0,0.7,1.0,1.0,0.25,1.0,0.25
s1_1.0,0.9526409995471309,0.03642376576009184,1.0,-1.3002225185831444,7,81,800,30,2,100,0.0,0,0.3,0.0,0.0,1.0,0.7,1.0,1.0,0.25,1.0,0.25
s1_1.0,0.94062926636695,0.03621394852747212,1.0,-1.6394438067975663,8,82,800,30,2,100,0.0,0,0.3,0.0,0.0,1.0,0.7,1.0,1.0,0.25,1.0,0.25
s1_1.0,0.9884923121297045,0.034672154622701824,1.0,-0.3318999928190448,9,83,800,30,2,100,0.0,0,0.3,0.0,0.0,1.0,0.7,1.0,1.0,0.25,1.0,0.25
s1_1.0,0.9487825278640085,0.03442991455329782,1.0,-1.487586385284412,10,84,800,30,2,100,0.0,0,0.3,0.0,0.0,1.0,0.7,1.0,1.0,0.25,1.0,0.25
s1_1.0,0.9946844250734436,0.03800857433191511,1.0,-0.1398519944509742,11,85,800,30,2,100,0.0,0,0.3,0.0,0.0,1.0,0.7,1.0,1.0,0.25,1.0,0.25
s1_1.0,1.0438601441076412,0.03443240902104481,1.0,1.2738041094026908,12,86,800,30,2,100,0.0,0,0.3,0.0,0.0,1.0,0.7,1.0,1.0,0.25,1.0,0.25
s1_1.0,0.9415714747492325,0.03528526378951074,1.0,-1.6558902775763444,13,87,800,30,2,100,0.0,0,0.3,0.0,0.0,1.0,0.7,1.0,1.0,0.25,1.0,0.25
s1_1.0,0.9644735295149334,0.03514042289715239,1.0,-1.0109858549239463,14,88,800,30,2,100,0.0,0,0.3,0.0,0.0,1.0,0.7,1.0,1.0,0.25,1.0,0.25
s1_1.0,0.8772288402195716,0.03471247843922028,1.0,-3.53680190238776,15,89,800,30,2,100,0.0,0,0.3,0.0,0.0,1.0,0.7,1.0,1.0,0.25,1.0,0.25
s1_1.0,0.9802532214329167,0.03379718060240178,1.0,-0.584272954581306,16,90,800,30,2,100,0.0,0,0.3,0.0,0.0,1.0,0.7,1.0,1.0,0.25,1.0,0.25
s1_1.0,0.9816384566452501,0.037694854524297036,1.0,-0.48711007341637574,17,91,800,30,2,100,0.0,0,0.3,0.0,0.0,1.0,0.7,1.0,1.0,0.25,1.0,0.25
s1_1.0,0.9603795015195078,0.03437528755625532,1.0,-1.1525866777304212,18,92,800,30,2,100,0.0,0,0.3,0.0,0.0,1.0,0.7,1.0,1.0,0.25,1.0,0.25
s1_1.0,0.9669757161847219,0.03467693761353923,1.0,-0.9523414144386309,19,93,800,30,2,100,0.0,0,0.3,0.0,0.0,1.0,0.7,1.0,1.0,0.25,1.0,0.25
s1_1.0,0.937272774678213,0.033890254685764114,1.0,-1.8508927095238408,20,94,800,30,2,100,0.0,0,0.3,0.0,0.0,1.0,0.7,1.0,1.0,0.25,1.0,0.25
s1_1.0,1.018535871016589,0.03608390615977309,1.0,0.5136880396073397,21,95,800,30,2,100,0.0,0,0.3,0.0,0.0,1.0,0.7,1.0,1.0,0.25,1.0,0.25
s1_1.0,0.9303729162123636,0.03733618226458993,1.0,-1.8648688635118305,22,96,800,30,2,100,0.0,0,0.3,0.0,0.0,1.0,0.7,1.0,1.0,0.25,1.0,0.25
s1_1.0,1.040042701205667,0.03693370284542392,1.0,1.084177813777702,23,97,800,30,2,100,0.0,0,0.3,0.0,0.0,1.0,0.7,1.0,1.0,0.25,1.0,0.25
s1_1.0,0.8572885760758879,0.036675324301841915,1.0,-3.8912109610696692,24,98,800,30,2,100,0.0,0,0.3,0.0,0.0,1.0,0.7,1.0,1.0,0.25,1.0,0.25
s1_1.0,0.9986609761816979,0.03567206229797588,1.0,-0.03753704529659523,25,99,800,30,2,100,0.0,0,0.3,0.0,0.0,1.0,0.7,1.0,1.0,0.25,1.0,0.25
s1_1.0,1.0248463188647592,0.036125621384199426,1.0,0.6877755430284843,26,100,800,30,2,100,0.0,0,0.3,0.0,0.0,1.0,0.7,1.0,1.0,0.25,1.0,0.25
s1_1.0,1.0006061490896054,0.03505305502282651,1.0,0.017292332699980383,27,101,800,30,2,100,0.0,0,0.3,0.0,0.0,1.0,0.7,1.0,1.0,0.25,1.0,0.25
s1_1.0,1.0475884918497247,0.03626176830262302,1.0,1.3123599338171918,28,102,800,30,2,100,0.0,0,0.3,0.0,0.0,1.0,0.7,1.0,1.0,0.25,1.0,0.25
s1_1.0,0.9953365669616483,0.03506005998520594,1.0,-0.1330126942258371,29,103,800,30,2,100,0.0,0,0.3,0.0,0.0,1.0,0.7,1.0,1.0,0.25,1.0,0.25
s1_1.0,0.9816325855874496,0.036541500272318665,1.0,-0.5026453286173448,30,104,800,30,2,100,0.0,0,0.3,0.0,0.0,1.0,0.7,1.0,1.0,0.25,1.0,0.25
s1_1.0,0.9637242754787411,0.034051349623960586,1.0,-1.065324133165434,31,105,800,30,2,100,0.0,0,0.3,0.0,0.0,1.0,0.7,1.0,1.0,0.25,1.0,0.25
s1_1.0,1.018116627751072,0.03716586225044123,1.0,0.48745344932383355,32,106,800,30,2,100,0.0,0,0.3,0.0,0.0,1.0,0.7,1.0,1.0,0.25,1.0,0.25
s1_1.0,0.9904712562206208,0.03843204437546955,1.0,-0.24793746817853896,33,107,800,30,2,100,0.0,0,0.3,0.0,0.0,1.0,0.7,1.0,1.0,0.25,1.0,0.25
s1_1.0,1.0216556326533381,0.03597887889317457,1.0,0.6018984837642164,34,108,800,30,2,100,0.0,0,0.3,0.0,0.0,1.0,0.7,1.0,1.0,0.25,1.0,0.25
s1_1.0,0.9631632497250096,0.03455514099764707,1.0,-1.0660280702515073,35,109,800,30,2,100,0.0,0,0.3,0.0,0.0,1.0,0.7,1.0,1.0,0.25,1.0,0.25
s1_1.0,0.9156391934272425,0.03459995633257346,1.0,-2.4381766775045786,36,110,800,30,2,100,0.0,0,0.3,0.0,0.0,1.0,0.7,1.0,1.0,0.25,1.0,0.25
s1_1.0,0.9414759974965361,0.03908821653710349,1.0,-1.4972287734824508,37,111,800,30,2,100,0.0,0,0.3,0.0,0.0,1.0,0.7,1.0,1.0,0.25,1.0,0.25
s1_1.0,0.9758521760230154,0.03593563669202357,1.0,-0.671974290700254,38,112,800,30,2,100,0.0,0,0.3,0.0,0.0,1.0,0.7,1.0,1.0,0.25,1.0,0.25
s1_1.0,0.9942427762115179,0.03654885653481328,1.0,-0.1575213107692783,39,113,800,30,2,100,0.0,0,0.3,0.0,0.0,1.0,0.7,1.0,1.0,0.25,1.0,0.25
s1_1.0,0.908234009384371,0.03418056328754884,1.0,-2.6847419056156134,40,114,800,30,2,100,0.0,0,0.3,0.0,0.0,1.0,0.7,1.0,1.0,0.25,1.0,0.25
s1_1.0,0.943166313710784,0.036426093837851725,1.0,-1.5602465238849743,41,115,800,30,2,100,0.0,0,0.3,0.0,0.0,1.0,0.7,1.0,1.0,0.25,1.0,0.25
s1_1.0,0.9456310929532118,0.03476999175027983,1.0,-1.5636732800303481,42,116,800,30,2,100,0.0,0,0.3,0.0,0.0,1.0,0.7,1.0,1.0,0.25,1.0,0.25
s1_1.0,1.0278742219645958,0.03321047649108034,1.0,0.8393201456197782,43,117,800,30,2,100,0.0,0,0.3,0.0,0.0,1.0,0.7,1.0,1.0,0.25,1.0,0.25
s1_1.0,0.9774327155942133,0.03533117749288661,1.0,-0.6387357005106971,44,118,800,30,2,100,0.0,0,0.3,0.0,0.0,1.0,0.7,1.0,1.0,0.25,1.0,0.25
s1_1.0,1.001715117784251,0.03460798345276887,1.0,0.04955844325895588,45,119,800,30,2,100,0.0,0,0.3,0.0,0.0,1.0,0.7,1.0,1.0,0.25,1.0,0.25
s1_1.0,1.0606976514401363,0.03463425217259861,1.0,1.7525324680796226,46,120,800,30,2,100,0.0,0,0.3,0.0,0.0,1.0,0.7,1.0,1.0,0.25,1.0,0.25
s1_1.0,1.0161054729377301,0.03570107952865645,1.0,0.451120054361455,47,121,800,30,2,100,0.0,0,0.3,0.0,0.0,1.0,0.7,1.0,1.0,0.25,1.0,0.25
s1_1.0,1.0242689320949883,0.037510357852511354,1.0,0.6469928170350269,48,122,800,30,2,100,0.0,0,0.3,0.0,0.0,1.0,0.7,1.0,1.0,0.25,1.0,0.25
s1_1.0,0.9460299071437338,0.032802048480165776,1.0,-1.6453269035590865,49,123,800,30,2,100,0.0,0,0.3,0.0,0.0,1.0,0.7,1.0,1.0,0.25,1.0,0.25
s1_1.0,1.0221913471205395,0.035391846953828084,1.0,0.6270186223818764,50,124,800,30,2,100,0.0,0,0.3,0.0,0.0,1.0,0.7,1.0,1.0,0.25,1.0,0.25
s1_1.0,0.9385709407757229,0.03509290069229989,1.0,-1.7504696965034845,51,125,800,30,2,100,0.0,0,0.3,0.0,0.0,1.0,0.7,1.0,1.0,0.25,1.0,0.25
s1_1.0,0.9669661541209335,0.0361991790282891,1.0,-0.9125578746758624,52,126,800,30,2,100,0.0,0,0.3,0.0,0.0,1.0,0.7,1.0,1.0,0.25,1.0,0.25
s1_1.0,1.0117740946932925,0.03534487145349981,1.0,0.33312031446436724,53,127,800,30,2,100,0.0,0,0.3,0.0,0.0,1.0,0.7,1.0,1.0,0.25,1.0,0.25
s1_1.0,0.9353919800590355,0.034050465532644215,1.0,-1.8974195779797716,54,128,800,30,2,100,0.0,0,0.3,0.0,0.0,1.0,0.7,1.0,1.0,0.25,1.0,0.25
s1_1.0,1.016407016528959,0.03692773303537229,1.0,0.4443006699935519,55,129,800,30,2,100,0.0,0,0.3,0.0,0.0,1.0,0.7,1.0,1.0,0.25,1.0,0.25
s1_1.0,1.0351375726544239,0.035487281137428904,1.0,0.9901455261773715,56,130,800,30,2,100,0.0,0,0.3,0.0,0.0,1.0,0.7,1.0,1.0,0.25,1.0,0.25
s1_1.0,0.9266785373895846,0.035154175171044556,1.0,-2.0857113629793846,57,131,800,30,2,100,0.0,0,0.3,0.0,0.0,1.0,0.7,1.0,1.0,0.25,1.0,0.25
s1_1.0,0.9932097180956345,0.032553020129136134,1.0,-0.2085914571805868,58,132,800,30,2,100,0.0,0,0.3,0.0,0.0,1.0,0.7,1.0,1.0,0.25,1.0,0.25
s1_1.0,0.9784808167445112,0.03744550606177809,1.0,-0.5746799955109757,59,133,800,30,2,100,0.0,0,0.3,0.0,0.0,1.0,0.7,1.0,1.0,0.25,1.0,0.25
s1_1.0,0.9874974112936435,0.03325657117836848,1.0,-0.37594340797492326,60,134,800,30,2,100,0.0,0,0.3,0.0,0.0,1.0,0.7,1.0,1.0,0.25,1.0,0.25
s1_1.0,0.9280443614078348,0.03679812596296202,1.0,-1.9554158454859878,61,135,800,30,2,100,0.0,0,0.3,0.0,0.0,1.0,0.7,1.0,1.0,0.25,1.0,0.25
s1_1.0,0.9891582932634684,0.03252284276402129,1.0,-0.3333566753434409,62,136,800,30,2,100,0.0,0,0.3,0.0,0.0,1.0,0.7,1.0,1.0,0.25,1.0,0.25
s1_1.0,0.9698987448413774,0.0352923827540165,1.0,-0.85291082125071,63,137,800,30,2,100,0.0,0,0.3,0.0,0.0,1.0,0.7,1.0,1.0,0.25,1.0,0.25
s1_1.0,0.9633665911230457,0.03197209306213318,1.0,-1.145793264324689,64,138,800,30,2,100,0.0,0,0.3,0.0,0.0,1.0,0.7,1.0,1.0,0.25,1.0,0.25
s1_1.0,0.9946948575943827,0.03809244221953656,1.0,-0.13927020943005963,65,139,800,30,2,100,0.0,0,0.3,0.0,0.0,1.0,0.7,1.0,1.0,0.25,1.0,0.25
s1_1.0,1.0194493799647366,0.03636723315326253,1.0,0.5348050505456666,66,140,800,30,2,100,0.0,0,0.3,0.0,0.0,1.0,0.7,1.0,1.0,0.25,1.0,0.25
s1_1.0,0.9776433372007831,0.03648445990559287,1.0,-0.6127722010156366,67,141,800,30,2,100,0.0,0,0.3,0.0,0.0,1.0,0.7,1.0,1.0,0.25,1.0,0.25
s1_1.0,0.9852384463072628,0.03584443489813945,1.0,-0.41182274834812516,68,142,800,30,2,100,0.0,0,0.3,0.0,0.0,1.0,0.7,1.0,1.0,0.25,1.0,0.25
s1_1.0,0.9285015437980403,0.03497022858378822,1.0,-2.0445521547178434,69,143,800,30,2,100,0.0,0,0.3,0.0,0.0,1.0,0.7,1.0,1.0,0.25,1.0,0.25
s1_1.0,0.9851630270824407,0.03763689905532686,1.0,-0.3942134790581089,70,144,800,30,2,100,0.0,0,0.3,0.0,0.0,1.0,0.7,1.0,1.0,0.25,1.0,0.25
s1_1.0,0.9824862733399321,0.03458266746062878,1.0,-0.5064307627515052,71,145,800,30,2,100,0.0,0,0.3,0.0,0.0,1.0,0.7,1.0,1.0,0.25,1.0,0.25
s1_1.0,1.0377927898061576,0.03673979057506803,1.0,1.0286610025426814,72,146,800,30,2,100,0.0,0,0.3,0.0,0.0,1.0,0.7,1.0,1.0,0.25,1.0,0.25
s1_1.0,0.9978889094446108,0.034690155321224055,1.0,-0.06085560977864975,73,147,800,30,2,100,0.0,0,0.3,0.0,0.0,1.0,0.7,1.0,1.0,0.25,1.0,0.25
s1_1.0,0.9611980841712645,0.035475884414436984,1.0,-1.093754714482748,74,148,800,30,2,100,0.0,0,0.3,0.0,0.0,1.0,0.7,1.0,1.0,0.25,1.0,0.25
s1_1.0,1.005327520512803,0.03628191316730008,1.0,0.14683681337963436,75,149,800,30,2,100,0.0,0,0.3,0.0,0.0,1.0,0.7,1.0,1.0,0.25,1.0,0.25
s1_1.0,1.0249465158222408,0.03558002457749879,1.0,0.7011382403040074,76,150,800,30,2,100,0.0,0,0.3,0.0,0.0,1.0,0.7,1.0,1.0,0.25,1.0,0.25
s1_1.0,1.0227771322021182,0.03327411997050703,1.0,0.6845299657002804,77,151,800,30,2,100,0.0,0,0.3,0.0,0.0,1.0,0.7,1.0,1.0,0.25,1.0,0.25
s1_1.0,0.9579178141272202,0.035592612682648204,1.0,-1.182329216683082,78,152,800,30,2,100,0.0,0,0.3,0.0,0.0,1.0,0.7,1.0,1.0,0.25,1.0,0.25
s1_1.0,0.9974406011748796,0.03691378103212167,1.0,-0.06933450742673071,79,153,800,30,2,100,0.0,0,0.3,0.0,0.0,1.0,0.7,1.0,1.0,0.25,1.0,0.25
s1_1.0,1.0117635893902377,0.034100568582372176,1.0,0.34496754392296913,80,154,800,30,2,100,0.0,0,0.3,0.0,0.0,1.0,0.7,1.0,1.0,0.25,1.0,0.25
s1_1.0,1.0245127619240655,0.0352335662212655,1.0,0.6957218514335518,81,155,800,30,2,100,0.0,0,0.3,0.0,0.0,1.0,0.7,1.0,1.0,0.25,1.0,0.25
s1_1.0,0.9899023739686044,0.03621667552684673,1.0,-0.27881151112035274,82,156,800,30,2,100,0.0,0,0.3,0.0,0.0,1.0,0.7,1.0,1.0,0.25,1.0,0.25
s1_1.0,0.9650032510882767,0.039765326443717636,1.0,-0.8800820222425793,83,157,800,30,2,100,0.0,0,0.3,0.0,0.0,1.0,0.7,1.0,1.0,0.25,1.0,0.25
s1_1.0,0.9868166797528973,0.032877582474655165,1.0,-0.40098204474935145,84,158,800,30,2,100,0.0,0,0.3,0.0,0.0,1.0,0.7,1.0,1.0,0.25,1.0,0.25
s1_1.0,1.0163418300035707,0.03607877453166334,1.0,0.4529485886287195,85,159,800,30,2,100,0.0,0,0.3,0.0,0.0,1.0,0.7,1.0,1.0,0.25,1.0,0.25
s1_1.0,0.9897876964306281,0.03530249881288072,1.0,-0.28927990688426075,86,160,800,30,2,100,0.0,0,0.3,0.0,0.0,1.0,0.7,1.0,1.0,0.25,1.0,0.25
s1_1.0,1.0383430782213396,0.0369908913604928,1.0,1.036554589822375,87,161,800,30,2,100,0.0,0,0.3,0.0,0.0,1.0,0.7,1.0,1.0,0.25,1.0,0.25
s1_1.0,1.0449191279758898,0.037249925080375536,1.0,1.2058850555797402,88,162,800,30,2,100,0.0,0,0.3,0.0,0.0,1.0,0.7,1.0,1.0,0.25,1.0,0.25
s1_1.0,0.964863187277657,0.037444254974218355,1.0,-0.9383766013380672,89,163,800,30,2,100,0.0,0,0.3,0.0,0.0,1.0,0.7,1.0,1.0,0.25,1.0,0.25
s1_1.0,0.9227481160677792,0.036107358903699406,1.0,-2.139505249837199,90,164,800,30,2,100,0.0,0,0.3,0.0,0.0,1.0,0.7,1.0,1.0,0.25,1.0,0.25
s1_1.0,1.0089457740976695,0.041537069116720955,1.0,0.2153684476998483,91,165,800,30,2,100,0.0,0,0.3,0.0,0.0,1.0,0.7,1.0,1.0,0.25,1.0,0.25
s1_1.0,1.0180176768850882,0.035187552859671324,1.0,0.5120468864925906,92,166,800,30,2,100,0.0,0,0.3,0.0,0.0,1.0,0.7,1.0,1.0,0.25,1.0,0.25
s1_1.0,0.9545417193644021,0.036482817904685175,1.0,-1.2460189000301989,93,167,800,30,2,100,0.0,0,0.3,0.0,0.0,1.0,0.7,1.0,1.0,0.25,1.0,0.25
s1_1.0,0.900442196838864,0.03847345195498906,1.0,-2.587701339552555,94,168,800,30,2,100,0.0,0,0.3,0.0,0.0,1.0,0.7,1.0,1.0,0.25,1.0,0.25
s1_1.0,0.9126180864143211,0.03783241832940366,1.0,-2.3097099642124914,95,169,800,30,2,100,0.0,0,0.3,0.0,0.0,1.0,0.7,1.0,1.0,0.25,1.0,0.25
s1_1.0,0.9676302001744156,0.03394296423029007,1.0,-0.9536527100570139,96,170,800,30,2,100,0.0,0,0.3,0.0,0.0,1.0,0.7,1.0,1.0,0.25,1.0,0.25
s1_1.0,1.0684491025710217,0.03342431129743209,1.0,2.04788370841557,97,171,800,30,2,100,0.0,0,0.3,0.0,0.0,1.0,0.7,1.0,1.0,0.25,1.0,0.25
s1_1.0,0.9298338061838402,0.03498215524302474,1.0,-2.0057710375106357,98,172,800,30,2,100,0.0,0,0.3,0.0,0.0,1.0,0.7,1.0,1.0,0.25,1.0,0.25
s1_1.0,1.0161540376771407,0.03502836108992212,1.0,0.46117023961444664,99,173,800,30,2,100,0.0,0,0.3,0.0,0.0,1.0,0.7,1.0,1.0,0.25,1.0,0.25
s1_2.0,1.0176521087915005,0.018492765463140718,1.0,0.954541321939338,0,75,800,30,2,100,0.0,0,0.3,0.0,0.0,1.0,0.7,2.0,1.0,0.25,1.0,0.25
s1_2.0,0.9824221888348347,0.01902574543675247,1.0,-0.9238960556683293,1,76,800,30,2,100,0.0,0,0.3,0.0,0.0,1.0,0.7,2.0,1.0,0.25,1.0,0.25
s1_2.0,0.9942103225536649,0.021051924336171257,1.0,-0.2750189176952006,2,77,800,30,2,100,0.0,0,0.3,0.0,0.0,1.0,0.7,2.0,1.0,0.25,1.0,0.25
s1_2.0,0.9637439637684488,0.018456703409501705,1.0,-1.9643830984945108,3,78,800,30,2,100,0.0,0,0.3,0.0,0.0,1.0,0.7,2.0,1.0,0.25,1.0,0.25
s1_2.0,0.965253377094084,0.018573982585816242,1.0,-1.8707147347306,4,79,800,30,2,100,0.0,0,0.3,0.0,0.0,1.0,0.7,2.0,1.0,0.25,1.0,0.25
s1_2.0,0.9884512266701707,0.0182652905074809,1.0,-0.6322797507709644,5,80,800,30,2,100,0.0,0,0.3,0.0,0.0,1.0,0.7,2.0,1.0,0.25,1.0,0.25
s1_2.0,0.9804983164719083,0.01936343022107964,1.0,-1.0071399181567284,6,81,800,30,2,100,0.0,0,0.3,0.0,0.0,1.0,0.7,2.0,1.0,0.25,1.0,0.25
s1_2.0,0.9587410540728529,0.01863220528668499,1.0,-2.2143887581912636,7,82,800,30,2,100,0.0,0,0.3,0.0,0.0,1.0,0.7,2.0,1.0,0.25,1.0,0.25
s1_2.0,0.9946066388420627,0.017929776257928548,1.0,-0.300804710574811,8,83,800,30,2,100,0.0,0,0.3,0.0,0.0,1.0,0.7,2.0,1.0,0.25,1.0,0.25
s1_2.0,0.9727857483425719,0.01720757791325878,1.0,-1.5815271501086134,9,84,800,30,2,100,0.0,0,0.3,0.0,0.0,1.0,0.7,2.0,1.0,0.25,1.0,0.25
s1_2.0,0.9957050897721812,0.019204640193078982,1.0,-0.22363919264504709,10,85,800,30,2,100,0.0,0,0.3,0.0,0.0,1.0,0.7,2.0,1.0,0.25,1.0,0.25
s1_2.0,1.026856574461286,0.017506095542896057,1.0,1.5341270356646965,11,86,800,30,2,100,0.0,0,0.3,0.0,0.0,1.0,0.7,2.0,1.0,0.25,1.0,0.25
s1_2.0,0.9610775491260205,0.018146132838858006,1.0,-2.1449446678044386,12,87,800,30,2,100,0.0,0,0.3,0.0,0.0,1.0,0.7,2.0,1.0,0.25,1.0,0.25
s1_2.0,0.9742477792731813,0.018142736619462325,1.0,-1.4194231701072832,13,88,800,30,2,100,0.0,0,0.3,0.0,0.0,1.0,0.7,2.0,1.0,0.25,1.0,0.25
s1_2.0,0.9291718923474823,0.017414568354176315,1.0,-4.06717560906595,14,89,800,30,2,100,0.0,0,0.3,0.0,0.0,1.0,0.7,2.0,1.0,0.25,1.0,0.25
s1_2.0,0.975775282662194,0.017912634264774744,1.0,-1.3523816195725018,15,90,800,30,2,100,0.0,0,0.3,0.0,0.0,1.0,0.7,2.0,1.0,0.25,1.0,0.25
s1_2.0,0.9895567601422313,0.01962590977391877,1.0,-0.5321149428520735,16,91,800,30,2,100,0.0,0,0.3,0.0,0.0,1.0,0.7,2.0,1.0,0.25,1.0,0.25
s1_2.0,0.9727971024896491,0.017246756067044927,1.0,-1.5772761790450627,17,92,800,30,2,100,0.0,0,0.3,0.0,0.0,1.0,0.7,2.0,1.0,0.25,1.0,0.25
s1_2.0,0.9840145161522416,0.01817935365634188,1.0,-0.8793208025953054,18,93,800,30,2,100,0.0,0,0.3,0.0,0.0,1.0,0.7,2.0,1.0,0.25,1.0,0.25
s1_2.0,0.9700768698045954,0.018146393753885118,1.0,-1.6489849499159082,19,94,800,30,2,100,0.0,0,0.3,0.0,0.0,1.0,0.7,2.0,1.0,0.25,1.0,0.25
s1_2.0,0.9936233750387969,0.019006567516609032,1.0,-0.33549587297289724,20,95,800,30,2,100,0.0,0,0.3,0.0,0.0,1.0,0.7,2.0,1.0,0.25,1.0,0.25
s1_2.0,0.9716102334287453,0.018923715996467274,1.0,-1.5002215514413006,21,96,800,30,2,100,0.0,0,0.3,0.0,0.0,1.0,0.7,2.0,1.0,0.25,1.0,0.25
s1_2.0,1.0250649428547434,0.018820844019084786,1.0,1.331765080743824,22,97,800,30,2,100,0.0,0,0.3,0.0,0.0,1.0,0.7,2.0,1.0,0.25,1.0,0.25
s1_2.0,0.9155582759963652,0.018942624341643885,1.0,-4.457762688034532,23,98,800,30,2,100,0.0,0,0.3,0.0,0.0,1.0,0.7,2.0,1.0,0.25,1.0,0.25
s1_2.0,0.9992828439014751,0.017774254738381175,1.0,-0.04034802634938312,24,99,800,30,2,100,0.0,0,0.3,0.0,0.0,1.0,0.7,2.0,1.0,0.25,1.0,0.25
s1_2.0,1.010278751094768,0.01917477512650814,1.0,0.5360558873286656,25,100,800,30,2,100,0.0,0,0.3,0.0,0.0,1.0,0.7,2.0,1.0,0.25,1.0,0.25
s1_2.0,1.0014304778857082,0.018547223297268028,1.0,0.07712625565460604,26,101,800,30,2,100,0.0,0,0.3,0.0,0.0,1.0,0.7,2.0,1.0,0.25,1.0,0.25
s1_2.0,1.0189596407476638,0.01851327912732629,1.0,1.0241103489699255,27,102,800,30,2,100,0.0,0,0.3,0.0,0.0,1.0,0.7,2.0,1.0,0.25,1.0,0.25
s1_2.0,1.002476362099946,0.018144108697273162,1.0,0.13648298416103058,28,103,800,30,2,100,0.0,0,0.3,0.0,0.0,1.0,0.7,2.0,1.0,0.25,1.0,0.25
s1_2.0,0.989218659644529,0.020031640505299483,1.0,-0.5382155471799074,29,104,800,30,2,100,0.0,0,0.3,0.0,0.0,1.0,0.7,2.0,1.0,0.25,1.0,0.25
s1_2.0,0.9793384007368344,0.017922096565571786,1.0,-1.152856150929147,30,105,800,30,2,100,0.0,0,0.3,0.0,0.0,1.0,0.7,2.0,1.0,0.25,1.0,0.25
s1_2.0,1.0151372914176129,0.018724929517205956,1.0,0.8084031186180721,31,106,800,30,2,100,0.0,0,0.3,0.0,0.0,1.0,0.7,2.0,1.0,0.25,1.0,0.25
s1_2.0,0.9966984178573761,0.02035637007236227,1.0,-0.16218913936460713,32,107,800,30,2,100,0.0,0,0.3,0.0,0.0,1.0,0.7,2.0,1.0,0.25,1.0,0.25
s1_2.0,0.9974699316431227,0.01910555386583816,1.0,-0.13242580532570747,33,108,800,30,2,100,0.0,0,0.3,0.0,0.0,1.0,0.7,2.0,1.0,0.25,1.0,0.25
s1_2.0,0.9838675730978412,0.01839010636508555,1.0,-0.8772340182211732,34,109,800,30,2,100,0.0,0,0.3,0.0,0.0,1.0,0.7,2.0,1.0,0.25,1.0,0.25
s1_2.0,0.9612296009408454,0.017826058980614647,1.0,-2.174928238558861,35,110,800,30,2,100,0.0,0,0.3,0.0,0.0,1.0,0.7,2.0,1.0,0.25,1.0,0.25
s1_2.0,0.9635298511730485,0.019800938560946797,1.0,-1.8418394014353072,36,111,800,30,2,100,0.0,0,0.3,0.0,0.0,1.0,0.7,2.0,1.0,0.25,1.0,0.25
s1_2.0,0.9937461336525946,0.018652465068954505,1.0,-0.3352836380760461,37,112,800,30,2,100,0.0,0,0.3,0.0,0.0,1.0,0.7,2.0,1.0,0.25,1.0,0.25
s1_2.0,0.9832262684678894,0.019176710361680022,1.0,-0.8746928548093839,38,113,800,30,2,100,0.0,0,0.3,0.0,0.0,1.0,0.7,2.0,1.0,0.25,1.0,0.25
s1_2.0,0.9587701077309878,0.018122803847910183,1.0,-2.275028335296284,39,114,800,30,2,100,0.0,0,0.3,0.0,0.0,1.0,0.7,2.0,1.0,0.25,1.0,0.25
s1_2.0,0.9613824225262141,0.019147576565946827,1.0,-2.0168389112210514,40,115,800,30,2,100,0.0,0,0.3,0.0,0.0,1.0,0.7,2.0,1.0,0.25,1.0,0.25
s1_2.0,0.9703831297819843,0.01830762014155699,1.0,-1.6177345820491194,41,116,800,30,2,100,0.0,0,0.3,0.0,0.0,1.0,0.7,2.0,1.0,0.25,1.0,0.25
s1_2.0,1.0211497252521788,0.01796106935260247,1.0,1.1775315175827408,42,117,800,30,2,100,0.0,0,0.3,0.0,0.0,1.0,0.7,2.0,1.0,0.25,1.0,0.25
s1_2.0,0.986043214657489,0.018203642071433122,1.0,-0.7667029096563758,43,118,800,30,2,100,0.0,0,0.3,0.0,0.0,1.0,0.7,2.0,1.0,0.25,1.0,0.25
s1_2.0,0.9939438327963885,0.017799045294836904,1.0,-0.3402523620392279,44,119,800,30,2,100,0.0,0,0.3,0.0,0.0,1.0,0.7,2.0,1.0,0.25,1.0,0.25
s1_2.0,1.0253416317539878,0.017822898652891096,1.0,1.4218580404639802,45,120,800,30,2,100,0.0,0,0.3,0.0,0.0,1.0,0.7,2.0,1.0,0.25,1.0,0.25
s1_2.0,1.0104028902673279,0.01878802819742679,1.0,0.5536978206554247,46,121,800,30,2,100,0.0,0,0.3,0.0,0.0,1.0,0.7,2.0,1.0,0.25,1.0,0.25
s1_2.0,1.011616092384751,0.01833101351703942,1.0,0.6336852228030602,47,122,800,30,2,100,0.0,0,0.3,0.0,0.0,1.0,0.7,2.0,1.0,0.25,1.0,0.25
s1_2.0,0.9591941839769974,0.017169007002497207,1.0,-2.376713808612662,48,123,800,30,2,100,0.0,0,0.3,0.0,0.0,1.0,0.7,2.0,1.0,0.25,1.0,0.25
s1_2.0,1.0088719172551814,0.017441582358414566,1.0,0.5086646998459544,49,124,800,30,2,100,0.0,0,0.3,0.0,0.0,1.0,0.7,2.0,1.0,0.25,1.0,0.25
s1_2.0,0.9715277179573427,0.01916884334487944,1.0,-1.4853416833970352,50,125,800,30,2,100,0.0,0,0.3,0.0,0.0,1.0,0.7,2.0,1.0,0.25,1.0,0.25
s1_2.0,0.9739092843710749,0.019160706945841193,1.0,-1.361678131327405,51,126,800,30,2,100,0.0,0,0.3,0.0,0.0,1.0,0.7,2.0,1.0,0.25,1.0,0.25
s1_2.0,1.004718939792058,0.018046306419593913,1.0,0.261490616547125,52,127,800,30,2,100,0.0,0,0.3,0.0,0.0,1.0,0.7,2.0,1.0,0.25,1.0,0.25
s1_2.0,0.9691899407358441,0.018226264531825173,1.0,-1.6904209422812875,53,128,800,30,2,100,0.0,0,0.3,0.0,0.0,1.0,0.7,2.0,1.0,0.25,1.0,0.25
s1_2.0,1.0074539297231726,0.01917468935905298,1.0,0.3887379651161528,54,129,800,30,2,100,0.0,0,0.3,0.0,0.0,1.0,0.7,2.0,1.0,0.25,1.0,0.25
s1_2.0,1.009466620417692,0.017928176086767212,1.0,0.5280303122791948,55,130,800,30,2,100,0.0,0,0.3,0.0,0.0,1.0,0.7,2.0,1.0,0.25,1.0,0.25
s1_2.0,0.9628124669715253,0.01823965697075546,1.0,-2.0388285310463496,56,131,800,30,2,100,0.0,0,0.3,0.0,0.0,1.0,0.7,2.0,1.0,0.25,1.0,0.25
s1_2.0,0.992851562880671,0.017172154426122053,1.0,-0.4162807381032453,57,132,800,30,2,100,0.0,0,0.3,0.0,0.0,1.0,0.7,2.0,1.0,0.25,1.0,0.25
s1_2.0,0.9794261609068494,0.01996012288180189,1.0,-1.0307471158861568,58,133,800,30,2,100,0.0,0,0.3,0.0,0.0,1.0,0.7,2.0,1.0,0.25,1.0,0.25
s1_2.0,0.9911632725612249,0.017945899884160888,1.0,-0.49240926873633045,59,134,800,30,2,100,0.0,0,0.3,0.0,0.0,1.0,0.7,2.0,1.0,0.25,1.0,0.25
s1_2.0,0.9679460265318465,0.018857379789628786,1.0,-1.6998105688990062,60,135,800,30,2,100,0.0,0,0.3,0.0,0.0,1.0,0.7,2.0,1.0,0.25,1.0,0.25
s1_2.0,0.9926179998213803,0.017276110095521616,1.0,-0.42729527294071057,61,136,800,30,2,100,0.0,0,0.3,0.0,0.0,1.0,0.7,2.0,1.0,0.25,1.0,0.25
s1_2.0,0.9795544725500643,0.01835650403226098,1.0,-1.1138029013587385,62,137,800,30,2,100,0.0,0,0.3,0.0,0.0,1.0,0.7,2.0,1.0,0.25,1.0,0.25
s1_2.0,0.9709920563671677,0.017216877290488385,1.0,-1.6848551071951947,63,138,800,30,2,100,0.0,0,0.3,0.0,0.0,1.0,0.7,2.0,1.0,0.25,1.0,0.25
s1_2.0,0.9961518250620242,0.019448932075264106,1.0,-0.19786047496510625,64,139,800,30,2,100,0.0,0,0.3,0.0,0.0,1.0,0.7,2.0,1.0,0.25,1.0,0.25
s1_2.0,1.023143115531783,0.01799602864542611,1.0,1.2860123746060508,65,140,800,30,2,100,0.0,0,0.3,0.0,0.0,1.0,0.7,2.0,1.0,0.25,1.0,0.25
s1_2.0,0.9856679345026576,0.018908602457110978,1.0,-0.7579653509481117,66,141,800,30,2,100,0.0,0,0.3,0.0,0.0,1.0,0.7,2.0,1.0,0.25,1.0,0.25
s1_2.0,0.9786902484237373,0.017533499232419935,1.0,-1.2153735711158193,67,142,800,30,2,100,0.0,0,0.3,0.0,0.0,1.0,0.7,2.0,1.0,0.25,1.0,0.25
s1_2.0,0.9654900976253622,0.01840608895301146,1.0,-1.8749177222134181,68,143,800,30,2,100,0.0,0,0.3,0.0,0.0,1.0,0.7,2.0,1.0,0.25,1.0,0.25
s1_2.0,0.9883856477659179,0.01896757770028025,1.0,-0.6123265931796095,69,144,800,30,2,100,0.0,0,0.3,0.0,0.0,1.0,0.7,2.0,1.0,0.25,1.0,0.25
s1_2.0,0.9922262390976248,0.017805357709003506,1.0,-0.4365967271999454,70,145,800,30,2,100,0.0,0,0.3,0.0,0.0,1.0,0.7,2.0,1.0,0.25,1.0,0.25
s1_2.0,1.016936783755363,0.019405680443891033,1.0,0.8727745365246723,71,146,800,30,2,100,0.0,0,0.3,0.0,0.0,1.0,0.7,2.0,1.0,0.25,1.0,0.25
s1_2.0,1.003528655215451,0.018456052261872975,1.0,0.19119230729209497,72,147,800,30,2,100,0.0,0,0.3,0.0,0.0,1.0,0.7,2.0,1.0,0.25,1.0,0.25
s1_2.0,0.9895481521217925,0.01852472063460027,1.0,-0.5642108231681332,73,148,800,30,2,100,0.0,0,0.3,0.0,0.0,1.0,0.7,2.0,1.0,0.25,1.0,0.25
s1_2.0,0.9999417519307484,0.018751779288740243,1.0,-0.003106268922787677,74,149,800,30,2,100,0.0,0,0.3,0.0,0.0,1.0,0.7,2.0,1.0,0.25,1.0,0.25
s1_2.0,1.0066830014930364,0.018781408575840083,1.0,0.35583068575768034,75,150,800,30,2,100,0.0,0,0.3,0.0,0.0,1.0,0.7,2.0,1.0,0.25,1.0,0.25
s1_2.0,1.012591503074775,0.01748161998720854,1.0,0.7202709522337337,76,151,800,30,2,100,0.0,0,0.3,0.0,0.0,1.0,0.7,2.0,1.0,0.25,1.0,0.25
s1_2.0,0.9728024665962749,0.017759595382516036,1.0,-1.5314275363784768,77,152,800,30,2,100,0.0,0,0.3,0.0,0.0,1.0,0.7,2.0,1.0,0.25,1.0,0.25
s1_2.0,0.9902338876554645,0.01849030837866419,1.0,-0.5281746601806024,78,153,800,30,2,100,0.0,0,0.3,0.0,0.0,1.0,0.7,2.0,1.0,0.25,1.0,0.25
s1_2.0,0.9877124534613462,0.017498623907390296,1.0,-0.7022007332510504,79,154,800,30,2,100,0.0,0,0.3,0.0,0.0,1.0,0.7,2.0,1.0,0.25,1.0,0.25
s1_2.0,1.0108026458049313,0.018878680930970743,1.0,0.5722140145506349,80,155,800,30,2,100,0.0,0,0.3,0.0,0.0,1.0,0.7,2.0,1.0,0.25,1.0,0.25
s1_2.0,1.0056717963811825,0.018741996389382804,1.0,0.30262498526547393,81,156,800,30,2,100,0.0,0,0.3,0.0,0.0,1.0,0.7,2.0,1.0,0.25,1.0,0.25
s1_2.0,0.9844675076166802,0.01959398917437184,1.0,-0.7927172075625957,82,157,800,30,2,100,0.0,0,0.3,0.0,0.0,1.0,0.7,2.0,1.0,0.25,1.0,0.25
s1_2.0,0.9887775618014188,0.01756231823582878,1.0,-0.6390066532154237,83,158,800,30,2,100,0.0,0,0.3,0.0,0.0,1.0,0.7,2.0,1.0,0.25,1.0,0.25
s1_2.0,0.9966195309469276,0.01843751240714914,1.0,-0.18334735068499025,84,159,800,30,2,100,0.0,0,0.3,0.0,0.0,1.0,0.7,2.0,1.0,0.25,1.0,0.25
s1_2.0,0.983699810608469,0.01819524121828836,1.0,-0.8958490407451913,85,160,800,30,2,100,0.0,0,0.3,0.0,0.0,1.0,0.7,2.0,1.0,0.25,1.0,0.25
s1_2.0,1.0200996952376438,0.018682058524481997,1.0,1.0758822541586635,86,161,800,30,2,100,0.0,0,0.3,0.0,0.0,1.0,0.7,2.0,1.0,0.25,1.0,0.25
s1_2.0,1.0294271564232593,0.019658074941104744,1.0,1.4969500580002153,87,162,800,30,2,100,0.0,0,0.3,0.0,0.0,1.0,0.7,2.0,1.0,0.25,1.0,0.25
s1_2.0,0.9869547303153536,0.019802752785571125,1.0,-0.6587604170947151,88,163,800,30,2,100,0.0,0,0.3,0.0,0.0,1.0,0.7,2.0,1.0,0.25,1.0,0.25
s1_2.0,0.961163528689299,0.01784404661501754,1.0,-2.176438570722868,89,164,800,30,2,100,0.0,0,0.3,0.0,0.0,1.0,0.7,2.0,1.0,0.25,1.0,0.25
s1_2.0,1.015784668751992,0.019885373249989406,1.0,0.79378287515928,90,165,800,30,2,100,0.0,0,0.3,0.0,0.0,1.0,0.7,2.0,1.0,0.25,1.0,0.25
s1_2.0,0.999359928280802,0.018390851770426233,1.0,-0.03480381045902825,91,166,800,30,2,100,0.0,0,0.3,0.0,0.0,1.0,0.7,2.0,1.0,0.25,1.0,0.25
s1_2.0,0.9771266510750689,0.018462502640762046,1.0,-1.2389083630748223,92,167,800,30,2,100,0.0,0,0.3,0.0,0.0,1.0,0.7,2.0,1.0,0.25,1.0,0.25
s1_2.0,0.941487964675481,0.019338318937181066,1.0,-3.0257043290365884,93,168,800,30,2,100,0.0,0,0.3,0.0,0.0,1.0,0.7,2.0,1.0,0.25,1.0,0.25
s1_2.0,0.9478422271866352,0.019392681771392566,1.0,-2.6895595683061306,94,169,800,30,2,100,0.0,0,0.3,0.0,0.0,1.0,0.7,2.0,1.0,0.25,1.0,0.25
s1_2.0,0.9808152744946057,0.01822926878445217,1.0,-1.0524133322208207,95,170,800,30,2,100,0.0,0,0.3,0.0,0.0,1.0,0.7,2.0,1.0,0.25,1.0,0.25
s1_2.0,1.039507111069304,0.017165809361344663,1.0,2.3015000480122536,96,171,800,30,2,100,0.0,0,0.3,0.0,0.0,1.0,0.7,2.0,1.0,0.25,1.0,0.25
s1_2.0,0.9732661662532793,0.018551813375751885,1.0,-1.4410361513049221,97,172,800,30,2,100,0.0,0,0.3,0.0,0.0,1.0,0.7,2.0,1.0,0.25,1.0,0.25
s1_2.0,1.0085642436406186,0.01870105132699888,1.0,0.4579551967890868,98,173,800,30,2,100,0.0,0,0.3,0.0,0.0,1.0,0.7,2.0,1.0,0.25,1.0,0.25
s1_2.0,1.0017293008836465,0.018061360381438466,1.0,0.09574588221071788,99,174,800,30,2,100,0.0,0,0.3,0.0,0.0,1.0,0.7,2.0,1.0,0.25,1.0,0.25
