config_name,theta_hat,se,true_effect,z,run_id,seed_used,n_samples,d_dim,dgp_num,n_runs,nonlinearity,sparse_k,skewness,interaction,heterogeneous,noise_std,rho,s1,a0,a1,b0,b1
0_基准,0.9173952315950911,0.07008736061835125,1.0,-1.1785972203279147,0,60,200,5,2,100,0.0,0,0.3,0.0,0.0,1.0,0.7,1.0,1.0,0.25,1.0,0.25
0_基准,1.111242752468452,0.059666014419434754,1.0,1.8644240536404495,1,61,200,5,2,100,0.0,0,0.3,0.0,0.0,1.0,0.7,1.0,1.0,0.25,1.0,0.25
0_基准,0.8965042255403556,0.08210708580078363,1.0,-1.260497476560746,2,62,200,5,2,100,0.0,0,0.3,0.0,0.0,1.0,0.7,1.0,1.0,0.25,1.0,0.25
0_基准,0.9708374204315248,0.06790123709129431,1.0,-0.42948524677489563,3,63,200,5,2,100,0.0,0,0.3,0.0,0.0,1.0,0.7,1.0,1.0,0.25,1.0,0.25
0_基准,1.070561297209968,0.07857748778201135,1.0,0.8979836235757283,4,64,200,5,2,100,0.0,0,0.3,0.0,0.0,1.0,0.7,1.0,1.0,0.25,1.0,0.25
0_基准,0.9540494715435766,0.07096720356611409,1.0,-0.6474896310887501,5,65,200,5,2,100,0.0,0,0.3,0.0,0.0,1.0,0.7,1.0,1.0,0.25,1.0,0.25
0_基准,1.0024242864081352,0.06893824490490624,1.0,0.03516605929668303,6,66,200,5,2,100,0.0,0,0.3,0.0,0.0,1.0,0.7,1.0,1.0,0.25,1.0,0.25
0_基准,1.037364797870302,0.06934035587200153,1.0,0.5388607745145605,7,67,200,5,2,100,0.0,0,0.3,0.0,0.0,1.0,0.7,1.0,1.0,0.25,1.0,0.25
0_基准,1.0779215264944644,0.0674479082514562,1.0,1.1552845523979915,8,68,200,5,2,100,0.0,0,0.3,0.0,0.0,1.0,0.7,1.0,1.0,0.25,1.0,0.25
0_基准,0.8006282303153478,0.08959282320996535,1.0,-2.2253096011654225,9,69,200,5,2,100,0.0,0,0.3,0.0,0.0,1.0,0.7,1.0,1.0,0.25,1.0,0.25
0_基准,0.8673934946604208,0.07215117336147434,1.0,-1.8378981125535712,10,70,200,5,2,100,0.0,0,0.3,0.0,0.0,1.0,0.7,1.0,1.0,0.25,1.0,0.25
0_基准,1.1576999183698535,0.06207936349277299,1.0,2.5402953493267093,11,71,200,5,2,100,0.0,0,0.3,0.0,0.0,1.0,0.7,1.0,1.0,0.25,1.0,0.25
0_基准,1.0641402774203657,0.06374658597373463,1.0,1.0061758828432512,12,72,200,5,2,100,0.0,0,0.3,0.0,0.0,1.0,0.7,1.0,1.0,0.25,1.0,0.25
0_基准,1.001710896606037,0.08070065354431809,1.0,0.02120052974660861,13,73,200,5,2,100,0.0,0,0.3,0.0,0.0,1.0,0.7,1.0,1.0,0.25,1.0,0.25
0_基准,0.9431244506743597,0.0762306383995693,1.0,-0.7460982948551781,14,74,200,5,2,100,0.0,0,0.3,0.0,0.0,1.0,0.7,1.0,1.0,0.25,1.0,0.25
0_基准,0.9158460993223039,0.0754410553262487,1.0,-1.115492092651253,15,75,200,5,2,100,0.0,0,0.3,0.0,0.0,1.0,0.7,1.0,1.0,0.25,1.0,0.25
0_基准,1.0062480799652698,0.06271010265291718,1.0,0.09963434440302449,16,76,200,5,2,100,0.0,0,0.3,0.0,0.0,1.0,0.7,1.0,1.0,0.25,1.0,0.25
0_基准,1.154403408942796,0.08006891830457222,1.0,1.9283813521179909,17,77,200,5,2,100,0.0,0,0.3,0.0,0.0,1.0,0.7,1.0,1.0,0.25,1.0,0.25
0_基准,0.7543149960200178,0.06724839816298418,1.0,-3.653395630101649,18,78,200,5,2,100,0.0,0,0.3,0.0,0.0,1.0,0.7,1.0,1.0,0.25,1.0,0.25
0_基准,0.9009961704781826,0.08168526911814834,1.0,-1.212015710918694,19,79,200,5,2,100,0.0,0,0.3,0.0,0.0,1.0,0.7,1.0,1.0,0.25,1.0,0.25
0_基准,0.9901280370091211,0.0675463851274226,1.0,-0.14615087057961676,20,80,200,5,2,100,0.0,0,0.3,0.0,0.0,1.0,0.7,1.0,1.0,0.25,1.0,0.25
0_基准,0.8782759324701939,0.07549662576671776,1.0,-1.612311362178354,21,81,200,5,2,100,0.0,0,0.3,0.0,0.0,1.0,0.7,1.0,1.0,0.25,1.0,0.25
0_基准,1.1259948490323466,0.06753148935365651,1.0,1.8657199809783933,22,82,200,5,2,100,0.0,0,0.3,0.0,0.0,1.0,0.7,1.0,1.0,0.25,1.0,0.25
0_基准,1.0329360783599195,0.06564266687154914,1.0,0.5017480234977272,23,83,200,5,2,100,0.0,0,0.3,0.0,0.0,1.0,0.7,1.0,1.0,0.25,1.0,0.25
0_基准,0.9346253448860147,0.0718184087962036,1.0,-0.9102771310277359,24,84,200,5,2,100,0.0,0,0.3,0.0,0.0,1.0,0.7,1.0,1.0,0.25,1.0,0.25
0_基准,0.9425466621892045,0.062418790533719126,1.0,-0.9204493922348397,25,85,200,5,2,100,0.0,0,0.3,0.0,0.0,1.0,0.7,1.0,1.0,0.25,1.0,0.25
0_基准,1.0159237063385864,0.05307450873717496,1.0,0.30002550598142386,26,86,200,5,2,100,0.0,0,0.3,0.0,0.0,1.0,0.7,1.0,1.0,0.25,1.0,0.25
0_基准,0.9147833083041772,0.06279844680978935,1.0,-1.356987250877975,27,87,200,5,2,100,0.0,0,0.3,0.0,0.0,1.0,0.7,1.0,1.0,0.25,1.0,0.25
0_基准,0.9589958636366887,0.08253712022073403,1.0,-0.49679630514914375,28,88,200,5,2,100,0.0,0,0.3,0.0,0.0,1.0,0.7,1.0,1.0,0.25,1.0,0.25
0_基准,1.0062964851983793,0.06326311902384658,1.0,0.09952852934750049,29,89,200,5,2,100,0.0,0,0.3,0.0,0.0,1.0,0.7,1.0,1.0,0.25,1.0,0.25
0_基准,1.041481905327598,0.06743787788253051,1.0,0.6151128509686365,30,90,200,5,2,100,0.0,0,0.3,0.0,0.0,1.0,0.7,1.0,1.0,0.25,1.0,0.25
0_基准,1.087087393976969,0.06222442659101292,1.0,1.399569248735303,31,91,200,5,2,100,0.0,0,0.3,0.0,0.0,1.0,0.7,1.0,1.0,0.25,1.0,0.25
0_基准,1.1822023473492658,0.06656958789654675,1.0,2.7370208094485946,32,92,200,5,2,100,0.0,0,0.3,0.0,0.0,1.0,0.7,1.0,1.0,0.25,1.0,0.25
0_基准,1.0205095092056018,0.06824057970869139,1.0,0.3005471127759136,33,93,200,5,2,100,0.0,0,0.3,0.0,0.0,1.0,0.7,1.0,1.0,0.25,1.0,0.25
0_基准,0.9765935440720327,0.07049101746116417,1.0,-0.3320487740280199,34,94,200,5,2,100,0.0,0,0.3,0.0,0.0,1.0,0.7,1.0,1.0,0.25,1.0,0.25
0_基准,0.826727639920382,0.07737447794796597,1.0,-2.2393994075946204,35,95,200,5,2,100,0.0,0,0.3,0.0,0.0,1.0,0.7,1.0,1.0,0.25,1.0,0.25
0_基准,0.9971735631827661,0.06941458136740361,1.0,-0.04071820014693917,36,96,200,5,2,100,0.0,0,0.3,0.0,0.0,1.0,0.7,1.0,1.0,0.25,1.0,0.25
0_基准,0.8917616475382056,0.06557092008138886,1.0,-1.6507066292107115,37,97,200,5,2,100,0.0,0,0.3,0.0,0.0,1.0,0.7,1.0,1.0,0.25,1.0,0.25
0_基准,1.014375247176272,0.07254655287903392,1.0,0.19815203625514224,38,98,200,5,2,100,0.0,0,0.3,0.0,0.0,1.0,0.7,1.0,1.0,0.25,1.0,0.25
0_基准,1.0021717911060637,0.07382239634570233,1.0,0.029419135839121615,39,99,200,5,2,100,0.0,0,0.3,0.0,0.0,1.0,0.7,1.0,1.0,0.25,1.0,0.25
0_基准,0.9692152798355093,0.07453473023972818,1.0,-0.41302517719561027,40,100,200,5,2,100,0.0,0,0.3,0.0,0.0,1.0,0.7,1.0,1.0,0.25,1.0,0.25
0_基准,1.1045458840661753,0.06883043846439608,1.0,1.5188902816630132,41,101,200,5,2,100,0.0,0,0.3,0.0,0.0,1.0,0.7,1.0,1.0,0.25,1.0,0.25
0_基准,1.0344293407434548,0.07869382071326513,1.0,0.4375100920427314,42,102,200,5,2,100,0.0,0,0.3,0.0,0.0,1.0,0.7,1.0,1.0,0.25,1.0,0.25
0_基准,0.9916627890847014,0.0643647163221552,1.0,-0.12953076455071424,43,103,200,5,2,100,0.0,0,0.3,0.0,0.0,1.0,0.7,1.0,1.0,0.25,1.0,0.25
0_基准,0.8740490030720347,0.07513977629724206,1.0,-1.6762226763854262,44,104,200,5,2,100,0.0,0,0.3,0.0,0.0,1.0,0.7,1.0,1.0,0.25,1.0,0.25
0_基准,0.8099423131256553,0.06141610162326566,1.0,-3.0945905365368707,45,105,200,5,2,100,0.0,0,0.3,0.0,0.0,1.0,0.7,1.0,1.0,0.25,1.0,0.25
0_基准,1.0156929609233272,0.07241442580483641,1.0,0.2167104240475669,46,106,200,5,2,100,0.0,0,0.3,0.0,0.0,1.0,0.7,1.0,1.0,0.25,1.0,0.25
0_基准,0.9682519587128755,0.06323424897689907,1.0,-0.5020703463833782,47,107,200,5,2,100,0.0,0,0.3,0.0,0.0,1.0,0.7,1.0,1.0,0.25,1.0,0.25
0_基准,1.0632828873915667,0.06740117117925075,1.0,0.9388989283771998,48,108,200,5,2,100,0.0,0,0.3,0.0,0.0,1.0,0.7,1.0,1.0,0.25,1.0,0.25
0_基准,0.9424544774020455,0.07898578694457793,1.0,-0.7285554126128108,49,109,200,5,2,100,0.0,0,0.3,0.0,0.0,1.0,0.7,1.0,1.0,0.25,1.0,0.25
0_基准,0.9377433266089942,0.06851449505789725,1.0,-0.9086642664212392,50,110,200,5,2,100,0.0,0,0.3,0.0,0.0,1.0,0.7,1.0,1.0,0.25,1.0,0.25
0_基准,1.0212563300474515,0.0766077733027234,1.0,0.27746962391734037,51,111,200,5,2,100,0.0,0,0.3,0.0,0.0,1.0,0.7,1.0,1.0,0.25,1.0,0.25
0_基准,1.0343673635536532,0.08416100812165352,1.0,0.40835256516860746,52,112,200,5,2,100,0.0,0,0.3,0.0,0.0,1.0,0.7,1.0,1.0,0.25,1.0,0.25
0_基准,1.0360945710908605,0.06906904243608374,1.0,0.5225868177376608,53,113,200,5,2,100,0.0,0,0.3,0.0,0.0,1.0,0.7,1.0,1.0,0.25,1.0,0.25
0_基准,1.06747811465231,0.08599647575299503,1.0,0.784661395266072,54,114,200,5,2,100,0.0,0,0.3,0.0,0.0,1.0,0.7,1.0,1.0,0.25,1.0,0.25
0_基准,1.0949161745380567,0.06093632488162397,1.0,1.557628798954361,55,115,200,5,2,100,0.0,0,0.3,0.0,0.0,1.0,0.7,1.0,1.0,0.25,1.0,0.25
0_基准,1.0011002970918341,0.0773319651161328,1.0,0.014228231368254504,56,116,200,5,2,100,0.0,0,0.3,0.0,0.0,1.0,0.7,1.0,1.0,0.25,1.0,0.25
0_基准,0.9733452360527316,0.07133239689376364,1.0,-0.3736698205580519,57,117,200,5,2,100,0.0,0,0.3,0.0,0.0,1.0,0.7,1.0,1.0,0.25,1.0,0.25
0_基准,0.9569891762565584,0.05848346130360126,1.0,-0.7354356733463904,58,118,200,5,2,100,0.0,0,0.3,0.0,0.0,1.0,0.7,1.0,1.0,0.25,1.0,0.25
0_基准,0.9028038920240196,0.05786038387358083,1.0,-1.679838629974254,59,119,200,5,2,100,0.0,0,0.3,0.0,0.0,1.0,0.7,1.0,1.0,0.25,1.0,0.25
0_基准,1.1336094129633079,0.07374822596501712,1.0,1.8116966369697656,60,120,200,5,2,100,0.0,0,0.3,0.0,0.0,1.0,0.7,1.0,1.0,0.25,1.0,0.25
0_基准,0.9771150847718962,0.07151867692421697,1.0,-0.3199851592941688,61,121,200,5,2,100,0.0,0,0.3,0.0,0.0,1.0,0.7,1.0,1.0,0.25,1.0,0.25
0_基准,0.9794840101973401,0.07412729748373473,1.0,-0.2767670008091363,62,122,200,5,2,100,0.0,0,0.3,0.0,0.0,1.0,0.7,1.0,1.0,0.25,1.0,0.25
0_基准,0.9620035298407805,0.0739971830613056,1.0,-0.5134853596756508,63,123,200,5,2,100,0.0,0,0.3,0.0,0.0,1.0,0.7,1.0,1.0,0.25,1.0,0.25
0_基准,0.9799828066230989,0.0735604535459904,1.0,-0.2721189499516374,64,124,200,5,2,100,0.0,0,0.3,0.0,0.0,1.0,0.7,1.0,1.0,0.25,1.0,0.25
0_基准,0.8410188771406426,0.06120004776158508,1.0,-2.59772873836136,65,125,200,5,2,100,0.0,0,0.3,0.0,0.0,1.0,0.7,1.0,1.0,0.25,1.0,0.25
0_基准,0.9525609653167446,0.08314679125094677,1.0,-0.5705455853380897,66,126,200,5,2,100,0.0,0,0.3,0.0,0.0,1.0,0.7,1.0,1.0,0.25,1.0,0.25
0_基准,1.1418293432203164,0.05861466441844546,1.0,2.419690441419367,67,127,200,5,2,100,0.0,0,0.3,0.0,0.0,1.0,0.7,1.0,1.0,0.25,1.0,0.25
0_基准,0.9487668732875241,0.06608954392743939,1.0,-0.775207750998032,68,128,200,5,2,100,0.0,0,0.3,0.0,0.0,1.0,0.7,1.0,1.0,0.25,1.0,0.25
0_基准,1.0681226734731266,0.06178296763181506,1.0,1.102612517402724,69,129,200,5,2,100,0.0,0,0.3,0.0,0.0,1.0,0.7,1.0,1.0,0.25,1.0,0.25
0_基准,1.0019115014857702,0.06461997004161484,1.0,0.029580661899707553,70,130,200,5,2,100,0.0,0,0.3,0.0,0.0,1.0,0.7,1.0,1.0,0.25,1.0,0.25
0_基准,1.0442242276801503,0.065871947761812,1.0,0.6713666315145531,71,131,200,5,2,100,0.0,0,0.3,0.0,0.0,1.0,0.7,1.0,1.0,0.25,1.0,0.25
0_基准,0.9558915785544024,0.07098133699584688,1.0,-0.621408715479371,72,132,200,5,2,100,0.0,0,0.3,0.0,0.0,1.0,0.7,1.0,1.0,0.25,1.0,0.25
0_基准,0.9800512307956019,0.06828188713417023,1.0,-0.2921531615727006,73,133,200,5,2,100,0.0,0,0.3,0.0,0.0,1.0,0.7,1.0,1.0,0.25,1.0,0.25
0_基准,1.0534539264244354,0.08300866498757765,1.0,0.6439559825764551,74,134,200,5,2,100,0.0,0,0.3,0.0,0.0,1.0,0.7,1.0,1.0,0.25,1.0,0.25
0_基准,0.8462498613091575,0.06270553488871414,1.0,-2.451938875311544,75,135,200,5,2,100,0.0,0,0.3,0.0,0.0,1.0,0.7,1.0,1.0,0.25,1.0,0.25
0_基准,1.1325866255889463,0.0731186305430415,1.0,1.813308381246265,76,136,200,5,2,100,0.0,0,0.3,0.0,0.0,1.0,0.7,1.0,1.0,0.25,1.0,0.25
0_基准,0.9205897137765199,0.07009273627525879,1.0,-1.1329317479008196,77,137,200,5,2,100,0.0,0,0.3,0.0,0.0,1.0,0.7,1.0,1.0,0.25,1.0,0.25
0_基准,0.8641735241259978,0.08704826107402612,1.0,-1.5603582908852704,78,138,200,5,2,100,0.0,0,0.3,0.0,0.0,1.0,0.7,1.0,1.0,0.25,1.0,0.25
0_基准,1.0478508990502358,0.06560448945712953,1.0,0.7293845199649761,79,139,200,5,2,100,0.0,0,0.3,0.0,0.0,1.0,0.7,1.0,1.0,0.25,1.0,0.25
0_基准,1.0003316275653658,0.06685349012938396,1.0,0.004960512378993894,80,140,200,5,2,100,0.0,0,0.3,0.0,0.0,1.0,0.7,1.0,1.0,0.25,1.0,0.25
0_基准,0.9668218929350945,0.07689160361877063,1.0,-0.4314919380457057,81,141,200,5,2,100,0.0,0,0.3,0.0,0.0,1.0,0.7,1.0,1.0,0.25,1.0,0.25
0_基准,1.0607447066049667,0.07896530738560133,1.0,0.7692581541959902,82,142,200,5,2,100,0.0,0,0.3,0.0,0.0,1.0,0.7,1.0,1.0,0.25,1.0,0.25
0_基准,0.966442568838609,0.08518924124461688,1.0,-0.39391630528827465,83,143,200,5,2,100,0.0,0,0.3,0.0,0.0,1.0,0.7,1.0,1.0,0.25,1.0,0.25
0_基准,0.8032356164389737,0.07201292951930137,1.0,-2.7323479946512697,84,144,200,5,2,100,0.0,0,0.3,0.0,0.0,1.0,0.7,1.0,1.0,0.25,1.0,0.25
0_基准,0.8717279059192166,0.0796582739308741,1.0,-1.6102796075156671,85,145,200,5,2,100,0.0,0,0.3,0.0,0.0,1.0,0.7,1.0,1.0,0.25,1.0,0.25
0_基准,0.9337297124966526,0.08029490839563437,1.0,-0.825336111933973,86,146,200,5,2,100,0.0,0,0.3,0.0,0.0,1.0,0.7,1.0,1.0,0.25,1.0,0.25
0_基准,0.9718617659106269,0.06725642441544548,1.0,-0.41837243555444115,87,147,200,5,2,100,0.0,0,0.3,0.0,0.0,1.0,0.7,1.0,1.0,0.25,1.0,0.25
0_基准,1.0474289948982274,0.07089769936861182,1.0,0.6689779121270808,88,148,200,5,2,100,0.0,0,0.3,0.0,0.0,1.0,0.7,1.0,1.0,0.25,1.0,0.25
0_基准,0.8468882198370592,0.06963337838513134,1.0,-2.1988273973453287,89,149,200,5,2,100,0.0,0,0.3,0.0,0.0,1.0,0.7,1.0,1.0,0.25,1.0,0.25
0_基准,1.0577768010854638,0.07598850089570425,1.0,0.7603361088115637,90,150,200,5,2,100,0.0,0,0.3,0.0,0.0,1.0,0.7,1.0,1.0,0.25,1.0,0.25
0_基准,0.9050395603475232,0.06570987892991827,1.0,-1.44514707984404,91,151,200,5,2,100,0.0,0,0.3,0.0,0.0,1.0,0.7,1.0,1.0,0.25,1.0,0.25
0_基准,1.0319890721795473,0.07558758954785269,1.0,0.4232053485353672,92,152,200,5,2,100,0.0,0,0.3,0.0,0.0,1.0,0.7,1.0,1.0,0.25,1.0,0.25
0_基准,0.9363202220996258,0.06973389233627952,1.0,-0.9131826113088531,93,153,200,5,2,100,0.0,0,0.3,0.0,0.0,1.0,0.7,1.0,1.0,0.25,1.0,0.25
0_基准,1.0801913359161277,0.07128112938062416,1.0,1.1250009169737643,94,154,200,5,2,100,0.0,0,0.3,0.0,0.0,1.0,0.7,1.0,1.0,0.25,1.0,0.25
0_基准,0.901050498312056,0.06708790007592946,1.0,-1.474923221265741,95,155,200,5,2,100,0.0,0,0.3,0.0,0.0,1.0,0.7,1.0,1.0,0.25,1.0,0.25
0_基准,1.0987405175894143,0.07407636396336524,1.0,1.332955781121314,96,156,200,5,2,100,0.0,0,0.3,0.0,0.0,1.0,0.7,1.0,1.0,0.25,1.0,0.25
0_基准,0.8847986516167208,0.07689599514907931,1.0,-1.4981449704882133,97,157,200,5,2,100,0.0,0,0.3,0.0,0.0,1.0,0.7,1.0,1.0,0.25,1.0,0.25
0_基准,0.9752078016659775,0.085829137561464,1.0,-0.28885526568722963,98,158,200,5,2,100,0.0,0,0.3,0.0,0.0,1.0,0.7,1.0,1.0,0.25,1.0,0.25
0_基准,0.9960618189171304,0.06793170450186885,1.0,-0.0579726522652062,99,159,200,5,2,100,0.0,0,0.3,0.0,0.0,1.0,0.7,1.0,1.0,0.25,1.0,0.25
inter_0.25,1.0747195409623047,0.06293970202014162,1.0,1.1871607040400884,0,61,200,5,2,100,0.0,0,0.3,0.25,0.0,1.0,0.7,1.0,1.0,0.25,1.0,0.25
inter_0.25,0.8822359603981306,0.08859882469833331,1.0,-1.3291828644774875,1,62,200,5,2,100,0.0,0,0.3,0.25,0.0,1.0,0.7,1.0,1.0,0.25,1.0,0.25
inter_0.25,0.9383705900352587,0.07402423613870318,1.0,-0.8325571890976758,2,63,200,5,2,100,0.0,0,0.3,0.25,0.0,1.0,0.7,1.0,1.0,0.25,1.0,0.25
inter_0.25,1.1248750781577748,0.08030709885471284,1.0,1.554969360600261,3,64,200,5,2,100,0.0,0,0.3,0.25,0.0,1.0,0.7,1.0,1.0,0.25,1.0,0.25
inter_0.25,0.9326090480633619,0.08978478880890352,1.0,-0.7505831759550265,4,65,200,5,2,100,0.0,0,0.3,0.25,0.0,1.0,0.7,1.0,1.0,0.25,1.0,0.25
inter_0.25,1.0139436468074525,0.07114405296167504,1.0,0.1959917410800858,5,66,200,5,2,100,0.0,0,0.3,0.25,0.0,1.0,0.7,1.0,1.0,0.25,1.0,0.25
inter_0.25,1.0501361724158291,0.07581530827477119,1.0,0.6612935244439648,6,67,200,5,2,100,0.0,0,0.3,0.25,0.0,1.0,0.7,1.0,1.0,0.25,1.0,0.25
inter_0.25,1.0730618989283705,0.06940202623806188,1.0,1.052734378067789,7,68,200,5,2,100,0.0,0,0.3,0.25,0.0,1.0,0.7,1.0,1.0,0.25,1.0,0.25
inter_0.25,0.8318710169291155,0.0973976609564399,1.0,-1.726211712066458,8,69,200,5,2,100,0.0,0,0.3,0.25,0.0,1.0,0.7,1.0,1.0,0.25,1.0,0.25
inter_0.25,0.8082758470904127,0.07570259616205685,1.0,-2.532596801557012,9,70,200,5,2,100,0.0,0,0.3,0.25,0.0,1.0,0.7,1.0,1.0,0.25,1.0,0.25
inter_0.25,1.143876472582793,0.06654724992663406,1.0,2.1620198091042324,10,71,200,5,2,100,0.0,0,0.3,0.25,0.0,1.0,0.7,1.0,1.0,0.25,1.0,0.25
inter_0.25,1.0650265734187825,0.06780265952695291,1.0,0.9590563832224475,11,72,200,5,2,100,0.0,0,0.3,0.25,0.0,1.0,0.7,1.0,1.0,0.25,1.0,0.25
inter_0.25,0.9910536826588878,0.07870576665412601,1.0,-0.1136678762107348,12,73,200,5,2,100,0.0,0,0.3,0.25,0.0,1.0,0.7,1.0,1.0,0.25,1.0,0.25
inter_0.25,1.0004503033957794,0.08380893141370893,1.0,0.0053729762232213865,13,74,200,5,2,100,0.0,0,0.3,0.25,0.0,1.0,0.7,1.0,1.0,0.25,1.0,0.25
inter_0.25,0.8675633762293166,0.0772175011102662,1.0,-1.715111495016714,14,75,200,5,2,100,0.0,0,0.3,0.25,0.0,1.0,0.7,1.0,1.0,0.25,1.0,0.25
inter_0.25,0.9790612785791329,0.063830774555648,1.0,-0.3280348948705388,15,76,200,5,2,100,0.0,0,0.3,0.25,0.0,1.0,0.7,1.0,1.0,0.25,1.0,0.25
inter_0.25,1.1728526253385045,0.09423209706450733,1.0,1.83432854327944,16,77,200,5,2,100,0.0,0,0.3,0.25,0.0,1.0,0.7,1.0,1.0,0.25,1.0,0.25
inter_0.25,0.7290259096076099,0.07248903777313594,1.0,-3.73813887888041,17,78,200,5,2,100,0.0,0,0.3,0.25,0.0,1.0,0.7,1.0,1.0,0.25,1.0,0.25
inter_0.25,0.9206018742146199,0.07646427000328511,1.0,-1.038368976542494,18,79,200,5,2,100,0.0,0,0.3,0.25,0.0,1.0,0.7,1.0,1.0,0.25,1.0,0.25
inter_0.25,1.0795473184840718,0.10349397287963193,1.0,0.7686178844113838,19,80,200,5,2,100,0.0,0,0.3,0.25,0.0,1.0,0.7,1.0,1.0,0.25,1.0,0.25
inter_0.25,0.7561497819718768,0.07668020124916076,1.0,-3.180093610288902,20,81,200,5,2,100,0.0,0,0.3,0.25,0.0,1.0,0.7,1.0,1.0,0.25,1.0,0.25
inter_0.25,1.1487168087833812,0.07114568840082558,1.0,2.0903137228152184,21,82,200,5,2,100,0.0,0,0.3,0.25,0.0,1.0,0.7,1.0,1.0,0.25,1.0,0.25
inter_0.25,0.9901332110065829,0.07718363533617256,1.0,-0.12783524578030542,22,83,200,5,2,100,0.0,0,0.3,0.25,0.0,1.0,0.7,1.0,1.0,0.25,1.0,0.25
inter_0.25,0.9717831520454672,0.06974093679038086,1.0,-0.40459519549247996,23,84,200,5,2,100,0.0,0,0.3,0.25,0.0,1.0,0.7,1.0,1.0,0.25,1.0,0.25
inter_0.25,0.9440081716928728,0.07646173736767248,1.0,-0.7322855879913632,24,85,200,5,2,100,0.0,0,0.3,0.25,0.0,1.0,0.7,1.0,1.0,0.25,1.0,0.25
inter_0.25,1.0699110179368236,0.065658617486616,1.0,1.0647653059565938,25,86,200,5,2,100,0.0,0,0.3,0.25,0.0,1.0,0.7,1.0,1.0,0.25,1.0,0.25
inter_0.25,0.9180445720158559,0.06135046121849529,1.0,-1.3358567540717536,26,87,200,5,2,100,0.0,0,0.3,0.25,0.0,1.0,0.7,1.0,1.0,0.25,1.0,0.25
inter_0.25,0.9710751521283947,0.09460430308196979,1.0,-0.30574558375577715,27,88,200,5,2,100,0.0,0,0.3,0.25,0.0,1.0,0.7,1.0,1.0,0.25,1.0,0.25
inter_0.25,1.0457260651468578,0.06911338080032292,1.0,0.6616094396968668,28,89,200,5,2,100,0.0,0,0.3,0.25,0.0,1.0,0.7,1.0,1.0,0.25,1.0,0.25
inter_0.25,1.0504825103613586,0.07338236621389363,1.0,0.6879378925205698,29,90,200,5,2,100,0.0,0,0.3,0.25,0.0,1.0,0.7,1.0,1.0,0.25,1.0,0.25
inter_0.25,1.1528225807017762,0.06204845854080899,1.0,2.4629553142124476,30,91,200,5,2,100,0.0,0,0.3,0.25,0.0,1.0,0.7,1.0,1.0,0.25,1.0,0.25
inter_0.25,1.2801226286268297,0.08655196438251231,1.0,3.236467602154481,31,92,200,5,2,100,0.0,0,0.3,0.25,0.0,1.0,0.7,1.0,1.0,0.25,1.0,0.25
inter_0.25,1.004301378087312,0.07430696027374856,1.0,0.05788661077597088,32,93,200,5,2,100,0.0,0,0.3,0.25,0.0,1.0,0.7,1.0,1.0,0.25,1.0,0.25
inter_0.25,0.9088643235807126,0.07069097972754163,1.0,-1.2892122413714466,33,94,200,5,2,100,0.0,0,0.3,0.25,0.0,1.0,0.7,1.0,1.0,0.25,1.0,0.25
inter_0.25,0.833165979074369,0.06822721225212847,1.0,-2.4452709618137205,34,95,200,5,2,100,0.0,0,0.3,0.25,0.0,1.0,0.7,1.0,1.0,0.25,1.0,0.25
inter_0.25,0.9762439508793999,0.08454926040424916,1.0,-0.28097287908867674,35,96,200,5,2,100,0.0,0,0.3,0.25,0.0,1.0,0.7,1.0,1.0,0.25,1.0,0.25
inter_0.25,0.8740821906853274,0.07485120349134813,1.0,-1.6822416132457654,36,97,200,5,2,100,0.0,0,0.3,0.25,0.0,1.0,0.7,1.0,1.0,0.25,1.0,0.25
inter_0.25,0.9823533681165061,0.07345203598432265,1.0,-0.24024700809192476,37,98,200,5,2,100,0.0,0,0.3,0.25,0.0,1.0,0.7,1.0,1.0,0.25,1.0,0.25
inter_0.25,1.0086459702993649,0.07657321733475729,1.0,0.11291115353775769,38,99,200,5,2,100,0.0,0,0.3,0.25,0.0,1.0,0.7,1.0,1.0,0.25,1.0,0.25
inter_0.25,0.9821902775165812,0.07979286308147983,1.0,-0.22319944159958993,39,100,200,5,2,100,0.0,0,0.3,0.25,0.0,1.0,0.7,1.0,1.0,0.25,1.0,0.25
inter_0.25,1.0503790274225433,0.07626556217800332,1.0,0.660573737133924,40,101,200,5,2,100,0.0,0,0.3,0.25,0.0,1.0,0.7,1.0,1.0,0.25,1.0,0.25
inter_0.25,0.9518954136293005,0.09324239196196817,1.0,-0.5159089697132656,41,102,200,5,2,100,0.0,0,0.3,0.25,0.0,1.0,0.7,1.0,1.0,0.25,1.0,0.25
inter_0.25,1.002666726451735,0.07439027824609173,1.0,0.03584778165385003,42,103,200,5,2,100,0.0,0,0.3,0.25,0.0,1.0,0.7,1.0,1.0,0.25,1.0,0.25
inter_0.25,0.8150741102761369,0.07742237364906267,1.0,-2.3885329396136643,43,104,200,5,2,100,0.0,0,0.3,0.25,0.0,1.0,0.7,1.0,1.0,0.25,1.0,0.25
inter_0.25,0.797472317180567,0.07518571838451792,1.0,-2.693698845619291,44,105,200,5,2,100,0.0,0,0.3,0.25,0.0,1.0,0.7,1.0,1.0,0.25,1.0,0.25
inter_0.25,0.9751061924359701,0.07908250972321969,1.0,-0.31478272061870044,45,106,200,5,2,100,0.0,0,0.3,0.25,0.0,1.0,0.7,1.0,1.0,0.25,1.0,0.25
inter_0.25,0.9712712550981716,0.0666699540469199,1.0,-0.430909925055748,46,107,200,5,2,100,0.0,0,0.3,0.25,0.0,1.0,0.7,1.0,1.0,0.25,1.0,0.25
inter_0.25,1.0851862960819836,0.08292905052073483,1.0,1.027218996806003,47,108,200,5,2,100,0.0,0,0.3,0.25,0.0,1.0,0.7,1.0,1.0,0.25,1.0,0.25
inter_0.25,0.9444694502625053,0.0873628979953315,1.0,-0.6356308113824493,48,109,200,5,2,100,0.0,0,0.3,0.25,0.0,1.0,0.7,1.0,1.0,0.25,1.0,0.25
inter_0.25,0.9162328691914866,0.07616869843759924,1.0,-1.09975793897987,49,110,200,5,2,100,0.0,0,0.3,0.25,0.0,1.0,0.7,1.0,1.0,0.25,1.0,0.25
inter_0.25,1.0105279313190791,0.08115585944127222,1.0,0.1297248453969931,50,111,200,5,2,100,0.0,0,0.3,0.25,0.0,1.0,0.7,1.0,1.0,0.25,1.0,0.25
inter_0.25,1.039934269878235,0.09033370146863605,1.0,0.44207498673239054,51,112,200,5,2,100,0.0,0,0.3,0.25,0.0,1.0,0.7,1.0,1.0,0.25,1.0,0.25
inter_0.25,1.0824299101837962,0.07575536483785474,1.0,1.0881065698809256,52,113,200,5,2,100,0.0,0,0.3,0.25,0.0,1.0,0.7,1.0,1.0,0.25,1.0,0.25
inter_0.25,1.0239792104254586,0.10178760575508998,1.0,0.2355808474673694,53,114,200,5,2,100,0.0,0,0.3,0.25,0.0,1.0,0.7,1.0,1.0,0.25,1.0,0.25
inter_0.25,1.086881904411893,0.06487753947404223,1.0,1.3391676860164328,54,115,200,5,2,100,0.0,0,0.3,0.25,0.0,1.0,0.7,1.0,1.0,0.25,1.0,0.25
inter_0.25,0.9642183984982914,0.09379232004998535,1.0,-0.3814982024395952,55,116,200,5,2,100,0.0,0,0.3,0.25,0.0,1.0,0.7,1.0,1.0,0.25,1.0,0.25
inter_0.25,0.9408255953437059,0.0785830558769118,1.0,-0.7530173520991807,56,117,200,5,2,100,0.0,0,0.3,0.25,0.0,1.0,0.7,1.0,1.0,0.25,1.0,0.25
inter_0.25,0.9569947460119015,0.06617569211507167,1.0,-0.6498648161218697,57,118,200,5,2,100,0.0,0,0.3,0.25,0.0,1.0,0.7,1.0,1.0,0.25,1.0,0.25
inter_0.25,0.9013323893193168,0.06647129381645907,1.0,-1.4843642272576307,58,119,200,5,2,100,0.0,0,0.3,0.25,0.0,1.0,0.7,1.0,1.0,0.25,1.0,0.25
inter_0.25,1.2556601689980262,0.09049019348076054,1.0,2.82528038855816,59,120,200,5,2,100,0.0,0,0.3,0.25,0.0,1.0,0.7,1.0,1.0,0.25,1.0,0.25
inter_0.25,0.9201208688928931,0.08229954539497014,1.0,-0.9705901864190467,60,121,200,5,2,100,0.0,0,0.3,0.25,0.0,1.0,0.7,1.0,1.0,0.25,1.0,0.25
inter_0.25,0.9713626013815251,0.07325871116256678,1.0,-0.39090775914588916,61,122,200,5,2,100,0.0,0,0.3,0.25,0.0,1.0,0.7,1.0,1.0,0.25,1.0,0.25
inter_0.25,0.9495492395733168,0.0807498025709463,1.0,-0.624778746453992,62,123,200,5,2,100,0.0,0,0.3,0.25,0.0,1.0,0.7,1.0,1.0,0.25,1.0,0.25
inter_0.25,0.9976904432825187,0.08504847437642957,1.0,-0.027155768923721173,63,124,200,5,2,100,0.0,0,0.3,0.25,0.0,1.0,0.7,1.0,1.0,0.25,1.0,0.25
inter_0.25,0.8384449896056294,0.07375403389471716,1.0,-2.1904566009906397,64,125,200,5,2,100,0.0,0,0.3,0.25,0.0,1.0,0.7,1.0,1.0,0.25,1.0,0.25
inter_0.25,0.9456021127622507,0.09141001082577989,1.0,-0.5950977004195666,65,126,200,5,2,100,0.0,0,0.3,0.25,0.0,1.0,0.7,1.0,1.0,0.25,1.0,0.25
inter_0.25,1.1332343528991151,0.069784705103516,1.0,1.9092199745127574,66,127,200,5,2,100,0.0,0,0.3,0.25,0.0,1.0,0.7,1.0,1.0,0.25,1.0,0.25
inter_0.25,0.9232205240526302,0.07207688931882901,1.0,-1.0652440286058833,67,128,200,5,2,100,0.0,0,0.3,0.25,0.0,1.0,0.7,1.0,1.0,0.25,1.0,0.25
inter_0.25,1.0852792718904156,0.065811970871965,1.0,1.2958018239010591,68,129,200,5,2,100,0.0,0,0.3,0.25,0.0,1.0,0.7,1.0,1.0,0.25,1.0,0.25
inter_0.25,1.05948586896579,0.07668111133223876,1.0,0.77575647942886,69,130,200,5,2,100,0.0,0,0.3,0.25,0.0,1.0,0.7,1.0,1.0,0.25,1.0,0.25
inter_0.25,1.091934551265336,0.0718651813955463,1.0,1.2792641649274883,70,131,200,5,2,100,0.0,0,0.3,0.25,0.0,1.0,0.7,1.0,1.0,0.25,1.0,0.25
inter_0.25,0.9470505784122069,0.069100422355598,1.0,-0.7662676982683243,71,132,200,5,2,100,0.0,0,0.3,0.25,0.0,1.0,0.7,1.0,1.0,0.25,1.0,0.25
inter_0.25,0.9747109459992525,0.07676370558889851,1.0,-0.3294402453182878,72,133,200,5,2,100,0.0,0,0.3,0.25,0.0,1.0,0.7,1.0,1.0,0.25,1.0,0.25
inter_0.25,1.0413486926125735,0.1021648308517608,1.0,0.40472530779764726,73,134,200,5,2,100,0.0,0,0.3,0.25,0.0,1.0,0.7,1.0,1.0,0.25,1.0,0.25
inter_0.25,0.935515328978513,0.06248783841547816,1.0,-1.0319555397761087,74,135,200,5,2,100,0.0,0,0.3,0.25,0.0,1.0,0.7,1.0,1.0,0.25,1.0,0.25
inter_0.25,1.105822070280114,0.08976093686609996,1.0,1.178932328190526,75,136,200,5,2,100,0.0,0,0.3,0.25,0.0,1.0,0.7,1.0,1.0,0.25,1.0,0.25
inter_0.25,0.9506376598409542,0.06906103567182277,1.0,-0.7147639718815556,76,137,200,5,2,100,0.0,0,0.3,0.25,0.0,1.0,0.7,1.0,1.0,0.25,1.0,0.25
inter_0.25,0.9082577031932569,0.0911686395372026,1.0,-1.0062922653277762,77,138,200,5,2,100,0.0,0,0.3,0.25,0.0,1.0,0.7,1.0,1.0,0.25,1.0,0.25
inter_0.25,1.1171008024142908,0.06893402986415613,1.0,1.6987372223131856,78,139,200,5,2,100,0.0,0,0.3,0.25,0.0,1.0,0.7,1.0,1.0,0.25,1.0,0.25
inter_0.25,0.9511364773646624,0.0771481869464351,1.0,-0.6333722744419654,79,140,200,5,2,100,0.0,0,0.3,0.25,0.0,1.0,0.7,1.0,1.0,0.25,1.0,0.25
inter_0.25,0.9574580375800296,0.08684774041368121,1.0,-0.48984535714263394,80,141,200,5,2,100,0.0,0,0.3,0.25,0.0,1.0,0.7,1.0,1.0,0.25,1.0,0.25
inter_0.25,1.019134779376505,0.08301797520937242,1.0,0.23048959370843403,81,142,200,5,2,100,0.0,0,0.3,0.25,0.0,1.0,0.7,1.0,1.0,0.25,1.0,0.25
inter_0.25,0.9552613239924284,0.08887692627644045,1.0,-0.5033778493691112,82,143,200,5,2,100,0.0,0,0.3,0.25,0.0,1.0,0.7,1.0,1.0,0.25,1.0,0.25
inter_0.25,0.8445633462539074,0.07125570846785836,1.0,-2.1813922994844144,83,144,200,5,2,100,0.0,0,0.3,0.25,0.0,1.0,0.7,1.0,1.0,0.25,1.0,0.25
inter_0.25,0.8197137619146124,0.07688722078439879,1.0,-2.3448140828361104,84,145,200,5,2,100,0.0,0,0.3,0.25,0.0,1.0,0.7,1.0,1.0,0.25,1.0,0.25
inter_0.25,0.9597983548122585,0.08399420280806806,1.0,-0.47862404599046837,85,146,200,5,2,100,0.0,0,0.3,0.25,0.0,1.0,0.7,1.0,1.0,0.25,1.0,0.25
inter_0.25,0.9653787034496063,0.08437580749062162,1.0,-0.4103225507411216,86,147,200,5,2,100,0.0,0,0.3,0.25,0.0,1.0,0.7,1.0,1.0,0.25,1.0,0.25
inter_0.25,1.0279248518160267,0.07897859732881245,1.0,0.3535749273916176,87,148,200,5,2,100,0.0,0,0.3,0.25,0.0,1.0,0.7,1.0,1.0,0.25,1.0,0.25
inter_0.25,0.8064680493022671,0.0746730878914534,1.0,-2.5917228838729103,88,149,200,5,2,100,0.0,0,0.3,0.25,0.0,1.0,0.7,1.0,1.0,0.25,1.0,0.25
inter_0.25,1.0476115951243252,0.07823345852526606,1.0,0.6085835398539707,89,150,200,5,2,100,0.0,0,0.3,0.25,0.0,1.0,0.7,1.0,1.0,0.25,1.0,0.25
inter_0.25,0.9083630672936656,0.07928358420836043,1.0,-1.1558121850988587,90,151,200,5,2,100,0.0,0,0.3,0.25,0.0,1.0,0.7,1.0,1.0,0.25,1.0,0.25
inter_0.25,1.0833262356197382,0.07225196410632669,1.0,1.1532729476684467,91,152,200,5,2,100,0.0,0,0.3,0.25,0.0,1.0,0.7,1.0,1.0,0.25,1.0,0.25
inter_0.25,0.914874830062126,0.07545241326482899,1.0,-1.1281967833036008,92,153,200,5,2,100,0.0,0,0.3,0.25,0.0,1.0,0.7,1.0,1.0,0.25,1.0,0.25
inter_0.25,1.0685534464583204,0.07750652541540425,1.0,0.884486126695799,93,154,200,5,2,100,0.0,0,0.3,0.25,0.0,1.0,0.7,1.0,1.0,0.25,1.0,0.25
inter_0.25,0.9101130556833754,0.07072290678164053,1.0,-1.2709735559110105,94,155,200,5,2,100,0.0,0,0.3,0.25,0.0,1.0,0.7,1.0,1.0,0.25,1.0,0.25
inter_0.25,1.066044357123257,0.07961768545841086,1.0,0.829518677200883,95,156,200,5,2,100,0.0,0,0.3,0.25,0.0,1.0,0.7,1.0,1.0,0.25,1.0,0.25
inter_0.25,0.8881824659307559,0.08650944956689594,1.0,-1.2925470527098657,96,157,200,5,2,100,0.0,0,0.3,0.25,0.0,1.0,0.7,1.0,1.0,0.25,1.0,0.25
inter_0.25,1.0441093949249451,0.08701553614675583,1.0,0.5069140164872691,97,158,200,5,2,100,0.0,0,0.3,0.25,0.0,1.0,0.7,1.0,1.0,0.25,1.0,0.25
inter_0.25,1.0198351675465716,0.08151127153184098,1.0,0.2433426343842923,98,159,200,5,2,100,0.0,0,0.3,0.25,0.0,1.0,0.7,1.0,1.0,0.25,1.0,0.25
inter_0.25,0.9147101514543171,0.10631271225446512,1.0,-0.8022544692636296,99,160,200,5,2,100,0.0,0,0.3,0.25,0.0,1.0,0.7,1.0,1.0,0.25,1.0,0.25
inter_0.5,0.8624399390186277,0.10097563349243807,1.0,-1.362309462427626,0,62,200,5,2,100,0.0,0,0.3,0.5,0.0,1.0,0.7,1.0,1.0,0.25,1.0,0.25
inter_0.5,0.9245979059266195,0.08934757930957933,1.0,-0.8439187122476,1,63,200,5,2,100,0.0,0,0.3,0.5,0.0,1.0,0.7,1.0,1.0,0.25,1.0,0.25
inter_0.5,1.158084771922621,0.09657333120084387,1.0,1.6369402396801622,2,64,200,5,2,100,0.0,0,0.3,0.5,0.0,1.0,0.7,1.0,1.0,0.25,1.0,0.25
inter_0.5,0.9522793533652545,0.11770047736294709,1.0,-0.4054414026511697,3,65,200,5,2,100,0.0,0,0.3,0.5,0.0,1.0,0.7,1.0,1.0,0.25,1.0,0.25
inter_0.5,1.0235307752551732,0.08950322413950024,1.0,0.2629042191653121,4,66,200,5,2,100,0.0,0,0.3,0.5,0.0,1.0,0.7,1.0,1.0,0.25,1.0,0.25
inter_0.5,1.067672879170118,0.09421388012796927,1.0,0.7182899067334766,5,67,200,5,2,100,0.0,0,0.3,0.5,0.0,1.0,0.7,1.0,1.0,0.25,1.0,0.25
inter_0.5,1.0706277269811404,0.08353184980653564,1.0,0.8455185314908996,6,68,200,5,2,100,0.0,0,0.3,0.5,0.0,1.0,0.7,1.0,1.0,0.25,1.0,0.25
inter_0.5,0.8466518759877191,0.11431315706778544,1.0,-1.3414739645529037,7,69,200,5,2,100,0.0,0,0.3,0.5,0.0,1.0,0.7,1.0,1.0,0.25,1.0,0.25
inter_0.5,0.7388178005042223,0.09461951963236694,1.0,-2.7603416346919807,8,70,200,5,2,100,0.0,0,0.3,0.5,0.0,1.0,0.7,1.0,1.0,0.25,1.0,0.25
inter_0.5,1.1210000489384586,0.08345330199412959,1.0,1.449913257440313,9,71,200,5,2,100,0.0,0,0.3,0.5,0.0,1.0,0.7,1.0,1.0,0.25,1.0,0.25
inter_0.5,1.0490042861435465,0.07694328847906055,1.0,0.6368883772998934,10,72,200,5,2,100,0.0,0,0.3,0.5,0.0,1.0,0.7,1.0,1.0,0.25,1.0,0.25
inter_0.5,0.9942838221431253,0.08810916006748239,1.0,-0.0648760906640891,11,73,200,5,2,100,0.0,0,0.3,0.5,0.0,1.0,0.7,1.0,1.0,0.25,1.0,0.25
inter_0.5,1.073702924759726,0.09961409615305697,1.0,0.7398844903082952,12,74,200,5,2,100,0.0,0,0.3,0.5,0.0,1.0,0.7,1.0,1.0,0.25,1.0,0.25
inter_0.5,0.8434831352015237,0.08931407919328116,1.0,-1.752432160888813,13,75,200,5,2,100,0.0,0,0.3,0.5,0.0,1.0,0.7,1.0,1.0,0.25,1.0,0.25
inter_0.5,0.9672610756368826,0.08268725473253602,1.0,-0.3959367676314355,14,76,200,5,2,100,0.0,0,0.3,0.5,0.0,1.0,0.7,1.0,1.0,0.25,1.0,0.25
inter_0.5,1.2031548726565975,0.12134713543290696,1.0,1.6741629040672508,15,77,200,5,2,100,0.0,0,0.3,0.5,0.0,1.0,0.7,1.0,1.0,0.25,1.0,0.25
inter_0.5,0.7003517975120318,0.08507057896693541,1.0,-3.5223482210510544,16,78,200,5,2,100,0.0,0,0.3,0.5,0.0,1.0,0.7,1.0,1.0,0.25,1.0,0.25
inter_0.5,0.9226274803122405,0.08321199239474465,1.0,-0.9298241450669319,17,79,200,5,2,100,0.0,0,0.3,0.5,0.0,1.0,0.7,1.0,1.0,0.25,1.0,0.25
inter_0.5,1.122630271358488,0.15629068631620555,1.0,0.7846294251365928,18,80,200,5,2,100,0.0,0,0.3,0.5,0.0,1.0,0.7,1.0,1.0,0.25,1.0,0.25
inter_0.5,0.6374093113557271,0.11097187219982055,1.0,-3.267410754243896,19,81,200,5,2,100,0.0,0,0.3,0.5,0.0,1.0,0.7,1.0,1.0,0.25,1.0,0.25
inter_0.5,1.194018875576788,0.07952510113034403,1.0,2.4397186903137063,20,82,200,5,2,100,0.0,0,0.3,0.5,0.0,1.0,0.7,1.0,1.0,0.25,1.0,0.25
inter_0.5,0.941989265159229,0.09444332276528633,1.0,-0.6142386051467208,21,83,200,5,2,100,0.0,0,0.3,0.5,0.0,1.0,0.7,1.0,1.0,0.25,1.0,0.25
inter_0.5,1.0187990640157656,0.07723875897964602,1.0,0.24338899619968676,22,84,200,5,2,100,0.0,0,0.3,0.5,0.0,1.0,0.7,1.0,1.0,0.25,1.0,0.25
inter_0.5,0.959919846000588,0.10576665698764841,1.0,-0.378948859129514,23,85,200,5,2,100,0.0,0,0.3,0.5,0.0,1.0,0.7,1.0,1.0,0.25,1.0,0.25
inter_0.5,1.1195496611347686,0.09539259887162228,1.0,1.2532383282235187,24,86,200,5,2,100,0.0,0,0.3,0.5,0.0,1.0,0.7,1.0,1.0,0.25,1.0,0.25
inter_0.5,0.9476424082469629,0.07006300383575255,1.0,-0.7472929918302973,25,87,200,5,2,100,0.0,0,0.3,0.5,0.0,1.0,0.7,1.0,1.0,0.25,1.0,0.25
inter_0.5,0.9868410472844658,0.11497618480036319,1.0,-0.11444937695908551,26,88,200,5,2,100,0.0,0,0.3,0.5,0.0,1.0,0.7,1.0,1.0,0.25,1.0,0.25
inter_0.5,1.0765369994650145,0.08747412761695586,1.0,0.8749672794699429,27,89,200,5,2,100,0.0,0,0.3,0.5,0.0,1.0,0.7,1.0,1.0,0.25,1.0,0.25
inter_0.5,1.0635502954391165,0.0885750985939531,1.0,0.7174736065544158,28,90,200,5,2,100,0.0,0,0.3,0.5,0.0,1.0,0.7,1.0,1.0,0.25,1.0,0.25
inter_0.5,1.2353296017654332,0.07844538116248004,1.0,2.9999166079390527,29,91,200,5,2,100,0.0,0,0.3,0.5,0.0,1.0,0.7,1.0,1.0,0.25,1.0,0.25
inter_0.5,1.3633735112082261,0.11396430337864745,1.0,3.1884853452832007,30,92,200,5,2,100,0.0,0,0.3,0.5,0.0,1.0,0.7,1.0,1.0,0.25,1.0,0.25
inter_0.5,0.9612129725291456,0.09026403692314232,1.0,-0.42970632372536827,31,93,200,5,2,100,0.0,0,0.3,0.5,0.0,1.0,0.7,1.0,1.0,0.25,1.0,0.25
inter_0.5,0.8573247572227591,0.08404203357406308,1.0,-1.697665283783341,32,94,200,5,2,100,0.0,0,0.3,0.5,0.0,1.0,0.7,1.0,1.0,0.25,1.0,0.25
inter_0.5,0.8453792096682274,0.07549689097740955,1.0,-2.0480418243717975,33,95,200,5,2,100,0.0,0,0.3,0.5,0.0,1.0,0.7,1.0,1.0,0.25,1.0,0.25
inter_0.5,0.9619092480816213,0.1081812058543073,1.0,-0.352101380434577,34,96,200,5,2,100,0.0,0,0.3,0.5,0.0,1.0,0.7,1.0,1.0,0.25,1.0,0.25
inter_0.5,0.8540801313305636,0.092946090467675,1.0,-1.5699408973009439,35,97,200,5,2,100,0.0,0,0.3,0.5,0.0,1.0,0.7,1.0,1.0,0.25,1.0,0.25
inter_0.5,0.9413263704173171,0.10538133257429257,1.0,-0.5567744129760236,36,98,200,5,2,100,0.0,0,0.3,0.5,0.0,1.0,0.7,1.0,1.0,0.25,1.0,0.25
inter_0.5,0.9800251362196192,0.08560910145253768,1.0,-0.23332640386904466,37,99,200,5,2,100,0.0,0,0.3,0.5,0.0,1.0,0.7,1.0,1.0,0.25,1.0,0.25
inter_0.5,0.9921247221405005,0.09170396890146247,1.0,-0.08587717580644312,38,100,200,5,2,100,0.0,0,0.3,0.5,0.0,1.0,0.7,1.0,1.0,0.25,1.0,0.25
inter_0.5,1.0343745435202367,0.08827610915611107,1.0,0.3893980358768121,39,101,200,5,2,100,0.0,0,0.3,0.5,0.0,1.0,0.7,1.0,1.0,0.25,1.0,0.25
inter_0.5,0.8828329980970543,0.11381051990127596,1.0,-1.0294918431493092,40,102,200,5,2,100,0.0,0,0.3,0.5,0.0,1.0,0.7,1.0,1.0,0.25,1.0,0.25
inter_0.5,0.9929095146775927,0.09071983194890527,1.0,-0.07815805177417841,41,103,200,5,2,100,0.0,0,0.3,0.5,0.0,1.0,0.7,1.0,1.0,0.25,1.0,0.25
inter_0.5,0.7627515103843063,0.09730039967889072,1.0,-2.4383095074496866,42,104,200,5,2,100,0.0,0,0.3,0.5,0.0,1.0,0.7,1.0,1.0,0.25,1.0,0.25
inter_0.5,0.7916950585416497,0.10212727327869801,1.0,-2.0396602667526533,43,105,200,5,2,100,0.0,0,0.3,0.5,0.0,1.0,0.7,1.0,1.0,0.25,1.0,0.25
inter_0.5,0.9508829289679931,0.09333603210979254,1.0,-0.5262391160385925,44,106,200,5,2,100,0.0,0,0.3,0.5,0.0,1.0,0.7,1.0,1.0,0.25,1.0,0.25
inter_0.5,0.9841752957179273,0.07692386688055629,1.0,-0.20571904304608826,45,107,200,5,2,100,0.0,0,0.3,0.5,0.0,1.0,0.7,1.0,1.0,0.25,1.0,0.25
inter_0.5,1.104156564029604,0.10507868222216148,1.0,0.9912244979375755,46,108,200,5,2,100,0.0,0,0.3,0.5,0.0,1.0,0.7,1.0,1.0,0.25,1.0,0.25
inter_0.5,0.9753699117662585,0.11409482080689129,1.0,-0.21587385000962125,47,109,200,5,2,100,0.0,0,0.3,0.5,0.0,1.0,0.7,1.0,1.0,0.25,1.0,0.25
inter_0.5,0.8679098162540032,0.09703368719458497,1.0,-1.3612817111763653,48,110,200,5,2,100,0.0,0,0.3,0.5,0.0,1.0,0.7,1.0,1.0,0.25,1.0,0.25
inter_0.5,1.0194139727465203,0.0983412674786425,1.0,0.19741430270599902,49,111,200,5,2,100,0.0,0,0.3,0.5,0.0,1.0,0.7,1.0,1.0,0.25,1.0,0.25
inter_0.5,1.0862442241556625,0.10507938041096213,1.0,0.8207530708533305,50,112,200,5,2,100,0.0,0,0.3,0.5,0.0,1.0,0.7,1.0,1.0,0.25,1.0,0.25
inter_0.5,1.1322416030280118,0.10044510247449219,1.0,1.3165560069152626,51,113,200,5,2,100,0.0,0,0.3,0.5,0.0,1.0,0.7,1.0,1.0,0.25,1.0,0.25
inter_0.5,0.9621926786953361,0.12858269349171392,1.0,-0.2940311816309889,52,114,200,5,2,100,0.0,0,0.3,0.5,0.0,1.0,0.7,1.0,1.0,0.25,1.0,0.25
inter_0.5,1.0709736927911466,0.07740724540262676,1.0,0.9168869454271806,53,115,200,5,2,100,0.0,0,0.3,0.5,0.0,1.0,0.7,1.0,1.0,0.25,1.0,0.25
inter_0.5,0.9590423086678722,0.11795826399531262,1.0,-0.34722188971647927,54,116,200,5,2,100,0.0,0,0.3,0.5,0.0,1.0,0.7,1.0,1.0,0.25,1.0,0.25
inter_0.5,0.9150240271799556,0.09059975040946654,1.0,-0.9379272286733089,55,117,200,5,2,100,0.0,0,0.3,0.5,0.0,1.0,0.7,1.0,1.0,0.25,1.0,0.25
inter_0.5,0.9474933186393014,0.0837231364673209,1.0,-0.6271466117516175,56,118,200,5,2,100,0.0,0,0.3,0.5,0.0,1.0,0.7,1.0,1.0,0.25,1.0,0.25
inter_0.5,0.8922626450047316,0.08520754788123801,1.0,-1.2644109315929657,57,119,200,5,2,100,0.0,0,0.3,0.5,0.0,1.0,0.7,1.0,1.0,0.25,1.0,0.25
inter_0.5,1.3827846102372587,0.13462291687886105,1.0,2.8433837203342076,58,120,200,5,2,100,0.0,0,0.3,0.5,0.0,1.0,0.7,1.0,1.0,0.25,1.0,0.25
inter_0.5,0.8669351712581711,0.1046260745149116,1.0,-1.271813258394437,59,121,200,5,2,100,0.0,0,0.3,0.5,0.0,1.0,0.7,1.0,1.0,0.25,1.0,0.25
inter_0.5,0.9852387132685474,0.09216007264299952,1.0,-0.16017008567943952,60,122,200,5,2,100,0.0,0,0.3,0.5,0.0,1.0,0.7,1.0,1.0,0.25,1.0,0.25
inter_0.5,0.9281007796863706,0.09821139088695617,1.0,-0.7320863666047377,61,123,200,5,2,100,0.0,0,0.3,0.5,0.0,1.0,0.7,1.0,1.0,0.25,1.0,0.25
inter_0.5,1.0115887785644024,0.10203060426477802,1.0,0.11358139695349229,62,124,200,5,2,100,0.0,0,0.3,0.5,0.0,1.0,0.7,1.0,1.0,0.25,1.0,0.25
inter_0.5,0.8407893430833495,0.09316788082523804,1.0,-1.708857768433027,63,125,200,5,2,100,0.0,0,0.3,0.5,0.0,1.0,0.7,1.0,1.0,0.25,1.0,0.25
inter_0.5,0.9361055841789855,0.11353599357145769,1.0,-0.5627679276951095,64,126,200,5,2,100,0.0,0,0.3,0.5,0.0,1.0,0.7,1.0,1.0,0.25,1.0,0.25
inter_0.5,1.1151932687675563,0.09494463823838106,1.0,1.213267762191439,65,127,200,5,2,100,0.0,0,0.3,0.5,0.0,1.0,0.7,1.0,1.0,0.25,1.0,0.25
inter_0.5,0.9299369016399658,0.08778740587904851,1.0,-0.7980996551665458,66,128,200,5,2,100,0.0,0,0.3,0.5,0.0,1.0,0.7,1.0,1.0,0.25,1.0,0.25
inter_0.5,1.1212908027423554,0.0887282384730851,1.0,1.366992119190418,67,129,200,5,2,100,0.0,0,0.3,0.5,0.0,1.0,0.7,1.0,1.0,0.25,1.0,0.25
inter_0.5,1.1121070689732382,0.10599105176890046,1.0,1.0577031466549922,68,130,200,5,2,100,0.0,0,0.3,0.5,0.0,1.0,0.7,1.0,1.0,0.25,1.0,0.25
inter_0.5,1.1586163925361914,0.09618371367927965,1.0,1.649098235748006,69,131,200,5,2,100,0.0,0,0.3,0.5,0.0,1.0,0.7,1.0,1.0,0.25,1.0,0.25
inter_0.5,0.9302720129819867,0.08279343515925681,1.0,-0.8421922207224335,70,132,200,5,2,100,0.0,0,0.3,0.5,0.0,1.0,0.7,1.0,1.0,0.25,1.0,0.25
inter_0.5,0.9871492230150378,0.09694667890230797,1.0,-0.13255510276852034,71,133,200,5,2,100,0.0,0,0.3,0.5,0.0,1.0,0.7,1.0,1.0,0.25,1.0,0.25
inter_0.5,1.0154360679487129,0.1266889783078899,1.0,0.12184223248844026,72,134,200,5,2,100,0.0,0,0.3,0.5,0.0,1.0,0.7,1.0,1.0,0.25,1.0,0.25
inter_0.5,1.0207792359448944,0.07445108450800285,1.0,0.2790991707133669,73,135,200,5,2,100,0.0,0,0.3,0.5,0.0,1.0,0.7,1.0,1.0,0.25,1.0,0.25
inter_0.5,1.1082507907498358,0.11372403502919051,1.0,0.951872581042786,74,136,200,5,2,100,0.0,0,0.3,0.5,0.0,1.0,0.7,1.0,1.0,0.25,1.0,0.25
inter_0.5,0.9943435774272329,0.08514735817458959,1.0,-0.06643098146590701,75,137,200,5,2,100,0.0,0,0.3,0.5,0.0,1.0,0.7,1.0,1.0,0.25,1.0,0.25
inter_0.5,0.9489077741669887,0.10363613876298107,1.0,-0.49299623126504893,76,138,200,5,2,100,0.0,0,0.3,0.5,0.0,1.0,0.7,1.0,1.0,0.25,1.0,0.25
inter_0.5,1.2004445677745443,0.08138855197450537,1.0,2.462810345088002,77,139,200,5,2,100,0.0,0,0.3,0.5,0.0,1.0,0.7,1.0,1.0,0.25,1.0,0.25
inter_0.5,0.9075156359769517,0.10344765320985219,1.0,-0.8940208999757203,78,140,200,5,2,100,0.0,0,0.3,0.5,0.0,1.0,0.7,1.0,1.0,0.25,1.0,0.25
inter_0.5,0.9739940558565913,0.0997572248750098,1.0,-0.2606923375824931,79,141,200,5,2,100,0.0,0,0.3,0.5,0.0,1.0,0.7,1.0,1.0,0.25,1.0,0.25
inter_0.5,0.9937687445965442,0.09580653085967797,1.0,-0.0650399857665482,80,142,200,5,2,100,0.0,0,0.3,0.5,0.0,1.0,0.7,1.0,1.0,0.25,1.0,0.25
inter_0.5,0.9454447450693442,0.10578024278230468,1.0,-0.5157414418392887,81,143,200,5,2,100,0.0,0,0.3,0.5,0.0,1.0,0.7,1.0,1.0,0.25,1.0,0.25
inter_0.5,0.8648810108320883,0.08316623213516534,1.0,-1.6246857131667387,82,144,200,5,2,100,0.0,0,0.3,0.5,0.0,1.0,0.7,1.0,1.0,0.25,1.0,0.25
inter_0.5,0.8155513213225559,0.08687451858825974,1.0,-2.123162023511582,83,145,200,5,2,100,0.0,0,0.3,0.5,0.0,1.0,0.7,1.0,1.0,0.25,1.0,0.25
inter_0.5,0.9909611298582307,0.0946312728531184,1.0,-0.09551673425970869,84,146,200,5,2,100,0.0,0,0.3,0.5,0.0,1.0,0.7,1.0,1.0,0.25,1.0,0.25
inter_0.5,0.9744954017684275,0.11540060090376243,1.0,-0.22100923246354554,85,147,200,5,2,100,0.0,0,0.3,0.5,0.0,1.0,0.7,1.0,1.0,0.25,1.0,0.25
inter_0.5,1.0428110479801664,0.09799855834907213,1.0,0.4368538548054241,86,148,200,5,2,100,0.0,0,0.3,0.5,0.0,1.0,0.7,1.0,1.0,0.25,1.0,0.25
inter_0.5,0.7938709616269574,0.08586623718463574,1.0,-2.400583106137622,87,149,200,5,2,100,0.0,0,0.3,0.5,0.0,1.0,0.7,1.0,1.0,0.25,1.0,0.25
inter_0.5,1.0262809363237781,0.09533533812255107,1.0,0.2756683601414902,88,150,200,5,2,100,0.0,0,0.3,0.5,0.0,1.0,0.7,1.0,1.0,0.25,1.0,0.25
inter_0.5,0.8857467913417666,0.10466762701940541,1.0,-1.0915811498912729,89,151,200,5,2,100,0.0,0,0.3,0.5,0.0,1.0,0.7,1.0,1.0,0.25,1.0,0.25
inter_0.5,1.1320902662297447,0.08317823526449629,1.0,1.5880388157997625,90,152,200,5,2,100,0.0,0,0.3,0.5,0.0,1.0,0.7,1.0,1.0,0.25,1.0,0.25
inter_0.5,0.8999208974262918,0.09284371861899565,1.0,-1.0779307858661342,91,153,200,5,2,100,0.0,0,0.3,0.5,0.0,1.0,0.7,1.0,1.0,0.25,1.0,0.25
inter_0.5,1.0478342020402678,0.08965943113726194,1.0,0.5335099881130985,92,154,200,5,2,100,0.0,0,0.3,0.5,0.0,1.0,0.7,1.0,1.0,0.25,1.0,0.25
inter_0.5,0.9429785432123691,0.08159223415997996,1.0,-0.6988588727185423,93,155,200,5,2,100,0.0,0,0.3,0.5,0.0,1.0,0.7,1.0,1.0,0.25,1.0,0.25
inter_0.5,1.0338516880340969,0.10337645325720414,1.0,0.3274603351874796,94,156,200,5,2,100,0.0,0,0.3,0.5,0.0,1.0,0.7,1.0,1.0,0.25,1.0,0.25
inter_0.5,0.8903462918841255,0.10764484928438896,1.0,-1.018661913178756,95,157,200,5,2,100,0.0,0,0.3,0.5,0.0,1.0,0.7,1.0,1.0,0.25,1.0,0.25
inter_0.5,1.1110357521780492,0.09995752988084051,1.0,1.110829292304592,96,158,200,5,2,100,0.0,0,0.3,0.5,0.0,1.0,0.7,1.0,1.0,0.25,1.0,0.25
inter_0.5,1.0227773926139228,0.09678377030793406,1.0,0.23534310082622942,97,159,200,5,2,100,0.0,0,0.3,0.5,0.0,1.0,0.7,1.0,1.0,0.25,1.0,0.25
inter_0.5,0.8631802004274278,0.13990224540887614,1.0,-0.9779671453642845,98,160,200,5,2,100,0.0,0,0.3,0.5,0.0,1.0,0.7,1.0,1.0,0.25,1.0,0.25
inter_0.5,0.9001317000689706,0.09491090436502571,1.0,-1.0522320970300487,99,161,200,5,2,100,0.0,0,0.3,0.5,0.0,1.0,0.7,1.0,1.0,0.25,1.0,0.25
inter_1.0,0.8971881909231758,0.13278424056836283,1.0,-0.7742771931123288,0,63,200,5,2,100,0.0,0,0.3,1.0,0.0,1.0,0.7,1.0,1.0,0.25,1.0,0.25
inter_1.0,1.2465935515976985,0.15323865795692046,1.0,1.6092124199301105,1,64,200,5,2,100,0.0,0,0.3,1.0,0.0,1.0,0.7,1.0,1.0,0.25,1.0,0.25
inter_1.0,1.0100408053191026,0.1901504585520917,1.0,0.05280452855890372,2,65,200,5,2,100,0.0,0,0.3,1.0,0.0,1.0,0.7,1.0,1.0,0.25,1.0,0.25
inter_1.0,1.0047038872054386,0.14097729522336136,1.0,0.03336627503021558,3,66,200,5,2,100,0.0,0,0.3,1.0,0.0,1.0,0.7,1.0,1.0,0.25,1.0,0.25
inter_1.0,1.0825521432965848,0.14140800010075683,1.0,0.5837869373568982,4,67,200,5,2,100,0.0,0,0.3,1.0,0.0,1.0,0.7,1.0,1.0,0.25,1.0,0.25
inter_1.0,1.0644072290674822,0.12860799887471863,1.0,0.5008026688155177,5,68,200,5,2,100,0.0,0,0.3,1.0,0.0,1.0,0.7,1.0,1.0,0.25,1.0,0.25
inter_1.0,0.9142606455559732,0.14774052451932282,1.0,-0.5803374173943253,6,69,200,5,2,100,0.0,0,0.3,1.0,0.0,1.0,0.7,1.0,1.0,0.25,1.0,0.25
inter_1.0,0.6382673471471866,0.13875038342191096,1.0,-2.60707497832896,7,70,200,5,2,100,0.0,0,0.3,1.0,0.0,1.0,0.7,1.0,1.0,0.25,1.0,0.25
inter_1.0,1.059520388447318,0.13233986283270893,1.0,0.44975404366678196,8,71,200,5,2,100,0.0,0,0.3,1.0,0.0,1.0,0.7,1.0,1.0,0.25,1.0,0.25
inter_1.0,1.0716067517085066,0.11878748227610705,1.0,0.6028139525852179,9,72,200,5,2,100,0.0,0,0.3,1.0,0.0,1.0,0.7,1.0,1.0,0.25,1.0,0.25
inter_1.0,0.9684991465181274,0.13608998229540795,1.0,-0.23147077360546853,10,73,200,5,2,100,0.0,0,0.3,1.0,0.0,1.0,0.7,1.0,1.0,0.25,1.0,0.25
inter_1.0,1.1978465735380024,0.1437965978492547,1.0,1.3758779866642572,11,74,200,5,2,100,0.0,0,0.3,1.0,0.0,1.0,0.7,1.0,1.0,0.25,1.0,0.25
inter_1.0,0.7579765511174664,0.1274300574469294,1.0,-1.8992650064787793,12,75,200,5,2,100,0.0,0,0.3,1.0,0.0,1.0,0.7,1.0,1.0,0.25,1.0,0.25
inter_1.0,0.9482270062875235,0.13289029634917618,1.0,-0.3895919802634815,13,76,200,5,2,100,0.0,0,0.3,1.0,0.0,1.0,0.7,1.0,1.0,0.25,1.0,0.25
inter_1.0,1.2252319548235835,0.1894046773011242,1.0,1.189157300827896,14,77,200,5,2,100,0.0,0,0.3,1.0,0.0,1.0,0.7,1.0,1.0,0.25,1.0,0.25
inter_1.0,0.7067311983155063,0.12114827525388608,1.0,-2.4207426896495288,15,78,200,5,2,100,0.0,0,0.3,1.0,0.0,1.0,0.7,1.0,1.0,0.25,1.0,0.25
inter_1.0,0.9556653170946435,0.1206063892263241,1.0,-0.3675981280076311,16,79,200,5,2,100,0.0,0,0.3,1.0,0.0,1.0,0.7,1.0,1.0,0.25,1.0,0.25
inter_1.0,1.2513576222249674,0.27153011074308203,1.0,0.9257080974816765,17,80,200,5,2,100,0.0,0,0.3,1.0,0.0,1.0,0.7,1.0,1.0,0.25,1.0,0.25
inter_1.0,0.4722211522836858,0.18590927098259546,1.0,-2.838905477531156,18,81,200,5,2,100,0.0,0,0.3,1.0,0.0,1.0,0.7,1.0,1.0,0.25,1.0,0.25
inter_1.0,1.2288032523239223,0.10915348941104631,1.0,2.0961606775785535,19,82,200,5,2,100,0.0,0,0.3,1.0,0.0,1.0,0.7,1.0,1.0,0.25,1.0,0.25
inter_1.0,0.8891389885850519,0.13570883000791112,1.0,-0.8169034498969998,20,83,200,5,2,100,0.0,0,0.3,1.0,0.0,1.0,0.7,1.0,1.0,0.25,1.0,0.25
inter_1.0,1.124928423318693,0.10176519266722858,1.0,1.2276144725358888,21,84,200,5,2,100,0.0,0,0.3,1.0,0.0,1.0,0.7,1.0,1.0,0.25,1.0,0.25
inter_1.0,0.9977226980585868,0.16861315609308886,1.0,-0.013506075054759748,22,85,200,5,2,100,0.0,0,0.3,1.0,0.0,1.0,0.7,1.0,1.0,0.25,1.0,0.25
inter_1.0,1.2083929859591203,0.15358479200853284,1.0,1.3568595121549691,23,86,200,5,2,100,0.0,0,0.3,1.0,0.0,1.0,0.7,1.0,1.0,0.25,1.0,0.25
inter_1.0,1.0111969855853842,0.10629185040416032,1.0,0.10534190102824592,24,87,200,5,2,100,0.0,0,0.3,1.0,0.0,1.0,0.7,1.0,1.0,0.25,1.0,0.25
inter_1.0,1.044598059273959,0.1635780008777008,1.0,0.27264093603456346,25,88,200,5,2,100,0.0,0,0.3,1.0,0.0,1.0,0.7,1.0,1.0,0.25,1.0,0.25
inter_1.0,1.1921288445560145,0.13806745174229493,1.0,1.3915578373578303,26,89,200,5,2,100,0.0,0,0.3,1.0,0.0,1.0,0.7,1.0,1.0,0.25,1.0,0.25
inter_1.0,1.063230708599242,0.1324954350035371,1.0,0.4772293369771876,27,90,200,5,2,100,0.0,0,0.3,1.0,0.0,1.0,0.7,1.0,1.0,0.25,1.0,0.25
inter_1.0,1.3596251010955656,0.13707462975328338,1.0,2.6235715664003196,28,91,200,5,2,100,0.0,0,0.3,1.0,0.0,1.0,0.7,1.0,1.0,0.25,1.0,0.25
inter_1.0,1.5081281603173964,0.17415058050086293,1.0,2.917751745966064,29,92,200,5,2,100,0.0,0,0.3,1.0,0.0,1.0,0.7,1.0,1.0,0.25,1.0,0.25
inter_1.0,0.9309202212764351,0.1352668761755883,1.0,-0.5106924967639027,30,93,200,5,2,100,0.0,0,0.3,1.0,0.0,1.0,0.7,1.0,1.0,0.25,1.0,0.25
inter_1.0,0.7763372547447779,0.12489212691387824,1.0,-1.7908474359592983,31,94,200,5,2,100,0.0,0,0.3,1.0,0.0,1.0,0.7,1.0,1.0,0.25,1.0,0.25
inter_1.0,0.8877832317069002,0.12023017896401483,1.0,-0.9333494240800101,32,95,200,5,2,100,0.0,0,0.3,1.0,0.0,1.0,0.7,1.0,1.0,0.25,1.0,0.25
inter_1.0,0.8694564796256428,0.18009242158827127,1.0,-0.724869593195914,33,96,200,5,2,100,0.0,0,0.3,1.0,0.0,1.0,0.7,1.0,1.0,0.25,1.0,0.25
inter_1.0,0.8451208724395716,0.13741377651468245,1.0,-1.1271004370066187,34,97,200,5,2,100,0.0,0,0.3,1.0,0.0,1.0,0.7,1.0,1.0,0.25,1.0,0.25
inter_1.0,0.8823890020064489,0.1966036833967847,1.0,-0.5982136039444852,35,98,200,5,2,100,0.0,0,0.3,1.0,0.0,1.0,0.7,1.0,1.0,0.25,1.0,0.25
inter_1.0,0.9930626876821381,0.12150725152434626,1.0,-0.05709381317436726,36,99,200,5,2,100,0.0,0,0.3,1.0,0.0,1.0,0.7,1.0,1.0,0.25,1.0,0.25
inter_1.0,1.0198423544503792,0.13500104285866968,1.0,0.14697926793907667,37,100,200,5,2,100,0.0,0,0.3,1.0,0.0,1.0,0.7,1.0,1.0,0.25,1.0,0.25
inter_1.0,0.9920751042376974,0.12253851643047303,1.0,-0.06467269225345236,38,101,200,5,2,100,0.0,0,0.3,1.0,0.0,1.0,0.7,1.0,1.0,0.25,1.0,0.25
inter_1.0,0.7094740624540116,0.16239335580933797,1.0,-1.789026010935372,39,102,200,5,2,100,0.0,0,0.3,1.0,0.0,1.0,0.7,1.0,1.0,0.25,1.0,0.25
inter_1.0,0.9921145998675328,0.1374555418262434,1.0,-0.05736691316844155,40,103,200,5,2,100,0.0,0,0.3,1.0,0.0,1.0,0.7,1.0,1.0,0.25,1.0,0.25
inter_1.0,0.6822615007925411,0.15099063824213646,1.0,-2.104358938452309,41,104,200,5,2,100,0.0,0,0.3,1.0,0.0,1.0,0.7,1.0,1.0,0.25,1.0,0.25
inter_1.0,0.7523356103850517,0.1740929004187739,1.0,-1.422599020518361,42,105,200,5,2,100,0.0,0,0.3,1.0,0.0,1.0,0.7,1.0,1.0,0.25,1.0,0.25
inter_1.0,0.8870055781211086,0.13845647136903752,1.0,-0.8161006904308549,43,106,200,5,2,100,0.0,0,0.3,1.0,0.0,1.0,0.7,1.0,1.0,0.25,1.0,0.25
inter_1.0,1.0226054130121545,0.11504206370804486,1.0,0.196496935847072,44,107,200,5,2,100,0.0,0,0.3,1.0,0.0,1.0,0.7,1.0,1.0,0.25,1.0,0.25
inter_1.0,1.1494529205019555,0.15613093919027093,1.0,0.9572280886610359,45,108,200,5,2,100,0.0,0,0.3,1.0,0.0,1.0,0.7,1.0,1.0,0.25,1.0,0.25
inter_1.0,0.9680860418693796,0.19480866807620467,1.0,-0.16382206421192902,46,109,200,5,2,100,0.0,0,0.3,1.0,0.0,1.0,0.7,1.0,1.0,0.25,1.0,0.25
inter_1.0,0.7866980333217101,0.15466689593016653,1.0,-1.3791054989207105,47,110,200,5,2,100,0.0,0,0.3,1.0,0.0,1.0,0.7,1.0,1.0,0.25,1.0,0.25
inter_1.0,1.0431763203505366,0.15136542957118534,1.0,0.2852455839675819,48,111,200,5,2,100,0.0,0,0.3,1.0,0.0,1.0,0.7,1.0,1.0,0.25,1.0,0.25
inter_1.0,1.1431407630897081,0.14932118308548417,1.0,0.9586098913223997,49,112,200,5,2,100,0.0,0,0.3,1.0,0.0,1.0,0.7,1.0,1.0,0.25,1.0,0.25
inter_1.0,1.2655806349414052,0.15879466759384367,1.0,1.6724782951823849,50,113,200,5,2,100,0.0,0,0.3,1.0,0.0,1.0,0.7,1.0,1.0,0.25,1.0,0.25
inter_1.0,0.8394759578892225,0.2045582219411378,1.0,-0.7847352239743695,51,114,200,5,2,100,0.0,0,0.3,1.0,0.0,1.0,0.7,1.0,1.0,0.25,1.0,0.25
inter_1.0,1.0384001113633705,0.11312458674804148,1.0,0.339449738268638,52,115,200,5,2,100,0.0,0,0.3,1.0,0.0,1.0,0.7,1.0,1.0,0.25,1.0,0.25
inter_1.0,0.9108417929815937,0.18594934410841524,1.0,-0.47947578113759726,53,116,200,5,2,100,0.0,0,0.3,1.0,0.0,1.0,0.7,1.0,1.0,0.25,1.0,0.25
inter_1.0,0.8382317666945042,0.13659553163451846,1.0,-1.1842864211571038,54,117,200,5,2,100,0.0,0,0.3,1.0,0.0,1.0,0.7,1.0,1.0,0.25,1.0,0.25
inter_1.0,0.9359739480604378,0.12405748629053928,1.0,-0.516099865102981,55,118,200,5,2,100,0.0,0,0.3,1.0,0.0,1.0,0.7,1.0,1.0,0.25,1.0,0.25
inter_1.0,0.9133906251832283,0.12814475593121732,1.0,-0.67587139393562,56,119,200,5,2,100,0.0,0,0.3,1.0,0.0,1.0,0.7,1.0,1.0,0.25,1.0,0.25
inter_1.0,1.617674739728427,0.23459342750370993,1.0,2.632958417893694,57,120,200,5,2,100,0.0,0,0.3,1.0,0.0,1.0,0.7,1.0,1.0,0.25,1.0,0.25
inter_1.0,0.7681720808510276,0.159497074435809,1.0,-1.4534932378479053,58,121,200,5,2,100,0.0,0,0.3,1.0,0.0,1.0,0.7,1.0,1.0,0.25,1.0,0.25
inter_1.0,1.0096796575655407,0.16030586905289274,1.0,0.060382427809594956,59,122,200,5,2,100,0.0,0,0.3,1.0,0.0,1.0,0.7,1.0,1.0,0.25,1.0,0.25
inter_1.0,0.9211726889009616,0.1400913373422584,1.0,-0.5626851209682915,60,123,200,5,2,100,0.0,0,0.3,1.0,0.0,1.0,0.7,1.0,1.0,0.25,1.0,0.25
inter_1.0,1.0379822298816164,0.14071278200014364,1.0,0.2699273608390288,61,124,200,5,2,100,0.0,0,0.3,1.0,0.0,1.0,0.7,1.0,1.0,0.25,1.0,0.25
inter_1.0,0.885090571785668,0.14423140562782266,1.0,-0.7967018536229648,62,125,200,5,2,100,0.0,0,0.3,1.0,0.0,1.0,0.7,1.0,1.0,0.25,1.0,0.25
inter_1.0,0.9480236284754887,0.18527107714128277,1.0,-0.2805422860734787,63,126,200,5,2,100,0.0,0,0.3,1.0,0.0,1.0,0.7,1.0,1.0,0.25,1.0,0.25
inter_1.0,1.0881868286789338,0.1554053583052103,1.0,0.5674632434857115,64,127,200,5,2,100,0.0,0,0.3,1.0,0.0,1.0,0.7,1.0,1.0,0.25,1.0,0.25
inter_1.0,0.9654296576953773,0.12982311679433617,1.0,-0.2662880321952874,65,128,200,5,2,100,0.0,0,0.3,1.0,0.0,1.0,0.7,1.0,1.0,0.25,1.0,0.25
inter_1.0,1.1893610972069137,0.13693547264103906,1.0,1.382849115388111,66,129,200,5,2,100,0.0,0,0.3,1.0,0.0,1.0,0.7,1.0,1.0,0.25,1.0,0.25
inter_1.0,1.2667828212100933,0.1734170135445369,1.0,1.5383889720922812,67,130,200,5,2,100,0.0,0,0.3,1.0,0.0,1.0,0.7,1.0,1.0,0.25,1.0,0.25
inter_1.0,1.290017050590701,0.16220369937659562,1.0,1.7879804943126192,68,131,200,5,2,100,0.0,0,0.3,1.0,0.0,1.0,0.7,1.0,1.0,0.25,1.0,0.25
inter_1.0,0.9536637952165158,0.13321012001191299,1.0,-0.347842977540598,69,132,200,5,2,100,0.0,0,0.3,1.0,0.0,1.0,0.7,1.0,1.0,0.25,1.0,0.25
inter_1.0,0.9822070359491405,0.1475346579605696,1.0,-0.12060192701036312,70,133,200,5,2,100,0.0,0,0.3,1.0,0.0,1.0,0.7,1.0,1.0,0.25,1.0,0.25
inter_1.0,0.9764922480911659,0.18577279581678716,1.0,-0.1265403354967966,71,134,200,5,2,100,0.0,0,0.3,1.0,0.0,1.0,0.7,1.0,1.0,0.25,1.0,0.25
inter_1.0,1.2040023312026829,0.11747305605658978,1.0,1.736588270117104,72,135,200,5,2,100,0.0,0,0.3,1.0,0.0,1.0,0.7,1.0,1.0,0.25,1.0,0.25
inter_1.0,1.0880152588376968,0.1709816913201365,1.0,0.5147642309427269,73,136,200,5,2,100,0.0,0,0.3,1.0,0.0,1.0,0.7,1.0,1.0,0.25,1.0,0.25
inter_1.0,1.1157344104676523,0.13249488893657788,1.0,0.8735009432933795,74,137,200,5,2,100,0.0,0,0.3,1.0,0.0,1.0,0.7,1.0,1.0,0.25,1.0,0.25
inter_1.0,1.0411963316920185,0.13997744143894253,1.0,0.2943069345212183,75,138,200,5,2,100,0.0,0,0.3,1.0,0.0,1.0,0.7,1.0,1.0,0.25,1.0,0.25
inter_1.0,1.3209597362213514,0.12119925434240764,1.0,2.648198934579151,76,139,200,5,2,100,0.0,0,0.3,1.0,0.0,1.0,0.7,1.0,1.0,0.25,1.0,0.25
inter_1.0,0.8339142328716088,0.16571184991088914,1.0,-1.002256430169014,77,140,200,5,2,100,0.0,0,0.3,1.0,0.0,1.0,0.7,1.0,1.0,0.25,1.0,0.25
inter_1.0,1.015608962531085,0.13988606406457696,1.0,0.1115833992146579,78,141,200,5,2,100,0.0,0,0.3,1.0,0.0,1.0,0.7,1.0,1.0,0.25,1.0,0.25
inter_1.0,0.9395321799355116,0.13650708377618623,1.0,-0.4429647047740758,79,142,200,5,2,100,0.0,0,0.3,1.0,0.0,1.0,0.7,1.0,1.0,0.25,1.0,0.25
inter_1.0,0.9404757017288722,0.14611011461643317,1.0,-0.407393413025446,80,143,200,5,2,100,0.0,0,0.3,1.0,0.0,1.0,0.7,1.0,1.0,0.25,1.0,0.25
inter_1.0,0.9167664491844305,0.12421707424882539,1.0,-0.6700652975358302,81,144,200,5,2,100,0.0,0,0.3,1.0,0.0,1.0,0.7,1.0,1.0,0.25,1.0,0.25
inter_1.0,0.7519451465146354,0.12892330335621968,1.0,-1.9240497802013357,82,145,200,5,2,100,0.0,0,0.3,1.0,0.0,1.0,0.7,1.0,1.0,0.25,1.0,0.25
inter_1.0,1.0689467834169557,0.13297655172817388,1.0,0.5184882787297295,83,146,200,5,2,100,0.0,0,0.3,1.0,0.0,1.0,0.7,1.0,1.0,0.25,1.0,0.25
inter_1.0,0.970047652180593,0.19518062552287932,1.0,-0.15345963637100846,84,147,200,5,2,100,0.0,0,0.3,1.0,0.0,1.0,0.7,1.0,1.0,0.25,1.0,0.25
inter_1.0,1.0429451709976019,0.14692842680815518,1.0,0.2922863324037049,85,148,200,5,2,100,0.0,0,0.3,1.0,0.0,1.0,0.7,1.0,1.0,0.25,1.0,0.25
inter_1.0,0.7503977479893327,0.11955535401955063,1.0,-2.087754697877022,86,149,200,5,2,100,0.0,0,0.3,1.0,0.0,1.0,0.7,1.0,1.0,0.25,1.0,0.25
inter_1.0,1.0008501456282661,0.1443617014163079,1.0,0.0058889970118493834,87,150,200,5,2,100,0.0,0,0.3,1.0,0.0,1.0,0.7,1.0,1.0,0.25,1.0,0.25
inter_1.0,0.8593267220181728,0.16432586425943643,1.0,-0.856062912651007,88,151,200,5,2,100,0.0,0,0.3,1.0,0.0,1.0,0.7,1.0,1.0,0.25,1.0,0.25
inter_1.0,1.271290336491197,0.13018375519192377,1.0,2.083903142072115,89,152,200,5,2,100,0.0,0,0.3,1.0,0.0,1.0,0.7,1.0,1.0,0.25,1.0,0.25
inter_1.0,0.9125828472072521,0.1323906932937689,1.0,-0.660296812546885,90,153,200,5,2,100,0.0,0,0.3,1.0,0.0,1.0,0.7,1.0,1.0,0.25,1.0,0.25
inter_1.0,1.0066011426607486,0.1317810773431415,1.0,0.05009173391078048,91,154,200,5,2,100,0.0,0,0.3,1.0,0.0,1.0,0.7,1.0,1.0,0.25,1.0,0.25
inter_1.0,0.9680222498130673,0.11345793694967049,1.0,-0.28184674467611665,92,155,200,5,2,100,0.0,0,0.3,1.0,0.0,1.0,0.7,1.0,1.0,0.25,1.0,0.25
inter_1.0,1.0249550806588708,0.1702242405007617,1.0,0.1466012160515945,93,156,200,5,2,100,0.0,0,0.3,1.0,0.0,1.0,0.7,1.0,1.0,0.25,1.0,0.25
inter_1.0,0.8999643273985675,0.17182811906868586,1.0,-0.5821845291889897,94,157,200,5,2,100,0.0,0,0.3,1.0,0.0,1.0,0.7,1.0,1.0,0.25,1.0,0.25
inter_1.0,1.262593272173331,0.1485093913346917,1.0,1.7681930402740087,95,158,200,5,2,100,0.0,0,0.3,1.0,0.0,1.0,0.7,1.0,1.0,0.25,1.0,0.25
inter_1.0,1.0841952848909187,0.13121384274969405,1.0,0.6416646531077603,96,159,200,5,2,100,0.0,0,0.3,1.0,0.0,1.0,0.7,1.0,1.0,0.25,1.0,0.25
inter_1.0,0.7599198044506308,0.21024675804811224,1.0,-1.1418972533903708,97,160,200,5,2,100,0.0,0,0.3,1.0,0.0,1.0,0.7,1.0,1.0,0.25,1.0,0.25
inter_1.0,0.7736542154135886,0.14398664061545358,1.0,-1.571991565459987,98,161,200,5,2,100,0.0,0,0.3,1.0,0.0,1.0,0.7,1.0,1.0,0.25,1.0,0.25
inter_1.0,0.9379594535845464,0.15642967254475457,1.0,-0.39660344106201356,99,162,200,5,2,100,0.0,0,0.3,1.0,0.0,1.0,0.7,1.0,1.0,0.25,1.0,0.25
hete_0.15,1.106692592220287,0.07804148136468712,1.0,1.3671266915310532,0,64,200,5,2,100,0.0,0,0.3,0.0,0.15,1.0,0.7,1.0,1.0,0.25,1.0,0.25
hete_0.15,0.9293157810358127,0.08043814495168577,1.0,-0.8787400431305689,1,65,200,5,2,100,0.0,0,0.3,0.0,0.15,1.0,0.7,1.0,1.0,0.25,1.0,0.25
hete_0.15,1.007712206311001,0.06927650883668059,1.0,0.11132498505636913,2,66,200,5,2,100,0.0,0,0.3,0.0,0.15,1.0,0.7,1.0,1.0,0.25,1.0,0.25
hete_0.15,1.041796587571998,0.07220283146893441,1.0,0.5788774030279,3,67,200,5,2,100,0.0,0,0.3,0.0,0.15,1.0,0.7,1.0,1.0,0.25,1.0,0.25
hete_0.15,1.0738990026963462,0.06629091962422476,1.0,1.1147681027092164,4,68,200,5,2,100,0.0,0,0.3,0.0,0.15,1.0,0.7,1.0,1.0,0.25,1.0,0.25
hete_0.15,0.8360830455757073,0.09346294366802053,1.0,-1.7538175879257996,5,69,200,5,2,100,0.0,0,0.3,0.0,0.15,1.0,0.7,1.0,1.0,0.25,1.0,0.25
hete_0.15,0.8384029315061602,0.07237298055830199,1.0,-2.232836995896016,6,70,200,5,2,100,0.0,0,0.3,0.0,0.15,1.0,0.7,1.0,1.0,0.25,1.0,0.25
hete_0.15,1.1421690643620843,0.06394394799020729,1.0,2.223338858962178,7,71,200,5,2,100,0.0,0,0.3,0.0,0.15,1.0,0.7,1.0,1.0,0.25,1.0,0.25
hete_0.15,1.0705174046145418,0.06490748331011595,1.0,1.0864294996252235,8,72,200,5,2,100,0.0,0,0.3,0.0,0.15,1.0,0.7,1.0,1.0,0.25,1.0,0.25
hete_0.15,0.9973915022277623,0.07525335736054876,1.0,-0.03466287570054913,9,73,200,5,2,100,0.0,0,0.3,0.0,0.15,1.0,0.7,1.0,1.0,0.25,1.0,0.25
hete_0.15,0.9821749696238672,0.07875868834229159,1.0,-0.22632462209964438,10,74,200,5,2,100,0.0,0,0.3,0.0,0.15,1.0,0.7,1.0,1.0,0.25,1.0,0.25
hete_0.15,0.8956837175171356,0.0749734413775718,1.0,-1.3913764736704546,11,75,200,5,2,100,0.0,0,0.3,0.0,0.15,1.0,0.7,1.0,1.0,0.25,1.0,0.25
hete_0.15,0.9927901555119911,0.060692431667917345,1.0,-0.11879313927406991,12,76,200,5,2,100,0.0,0,0.3,0.0,0.15,1.0,0.7,1.0,1.0,0.25,1.0,0.25
hete_0.15,1.1832230008920999,0.0859984568289687,1.0,2.1305382404301576,13,77,200,5,2,100,0.0,0,0.3,0.0,0.15,1.0,0.7,1.0,1.0,0.25,1.0,0.25
hete_0.15,0.7379652019942998,0.06969931256170163,1.0,-3.7595033347528743,14,78,200,5,2,100,0.0,0,0.3,0.0,0.15,1.0,0.7,1.0,1.0,0.25,1.0,0.25
hete_0.15,0.9124663861146834,0.07751943623420839,1.0,-1.1291827977289781,15,79,200,5,2,100,0.0,0,0.3,0.0,0.15,1.0,0.7,1.0,1.0,0.25,1.0,0.25
hete_0.15,1.0370915335496251,0.08631433047434021,1.0,0.4297262499261558,16,80,200,5,2,100,0.0,0,0.3,0.0,0.15,1.0,0.7,1.0,1.0,0.25,1.0,0.25
hete_0.15,0.8015164117799616,0.07319728434344275,1.0,-2.711625028173866,17,81,200,5,2,100,0.0,0,0.3,0.0,0.15,1.0,0.7,1.0,1.0,0.25,1.0,0.25
hete_0.15,1.1373803616202172,0.06922971493697891,1.0,1.9844132211908867,18,82,200,5,2,100,0.0,0,0.3,0.0,0.15,1.0,0.7,1.0,1.0,0.25,1.0,0.25
hete_0.15,1.012309894795669,0.0740015651041675,1.0,0.16634641143523288,19,83,200,5,2,100,0.0,0,0.3,0.0,0.15,1.0,0.7,1.0,1.0,0.25,1.0,0.25
hete_0.15,0.9699880046423708,0.0677886480475755,1.0,-0.44272892618489995,20,84,200,5,2,100,0.0,0,0.3,0.0,0.15,1.0,0.7,1.0,1.0,0.25,1.0,0.25
hete_0.15,0.9455494993451148,0.0682585871220618,1.0,-0.7977091667238203,21,85,200,5,2,100,0.0,0,0.3,0.0,0.15,1.0,0.7,1.0,1.0,0.25,1.0,0.25
hete_0.15,1.0493672866051489,0.05946568103562918,1.0,0.8301811354951137,22,86,200,5,2,100,0.0,0,0.3,0.0,0.15,1.0,0.7,1.0,1.0,0.25,1.0,0.25
hete_0.15,0.9178767853520479,0.06025699707306603,1.0,-1.3628826300184145,23,87,200,5,2,100,0.0,0,0.3,0.0,0.15,1.0,0.7,1.0,1.0,0.25,1.0,0.25
hete_0.15,0.9741129120372257,0.08912912483906639,1.0,-0.2904447677402488,24,88,200,5,2,100,0.0,0,0.3,0.0,0.15,1.0,0.7,1.0,1.0,0.25,1.0,0.25
hete_0.15,1.0113609334030258,0.06487751954892058,1.0,0.17511355985888363,25,89,200,5,2,100,0.0,0,0.3,0.0,0.15,1.0,0.7,1.0,1.0,0.25,1.0,0.25
hete_0.15,1.0544937363825007,0.06996030737102091,1.0,0.7789236272720145,26,90,200,5,2,100,0.0,0,0.3,0.0,0.15,1.0,0.7,1.0,1.0,0.25,1.0,0.25
hete_0.15,1.1325020905017829,0.06108966344867004,1.0,2.1689772544436483,27,91,200,5,2,100,0.0,0,0.3,0.0,0.15,1.0,0.7,1.0,1.0,0.25,1.0,0.25
hete_0.15,1.239007874510125,0.07742594056900705,1.0,3.086922454588789,28,92,200,5,2,100,0.0,0,0.3,0.0,0.15,1.0,0.7,1.0,1.0,0.25,1.0,0.25
hete_0.15,1.007458373820282,0.06952341847394826,1.0,0.10727858301554635,29,93,200,5,2,100,0.0,0,0.3,0.0,0.15,1.0,0.7,1.0,1.0,0.25,1.0,0.25
hete_0.15,0.933837128607119,0.06892631858624718,1.0,-0.9599072277462741,30,94,200,5,2,100,0.0,0,0.3,0.0,0.15,1.0,0.7,1.0,1.0,0.25,1.0,0.25
hete_0.15,0.8296851583341665,0.06995658135583081,1.0,-2.434579254231067,31,95,200,5,2,100,0.0,0,0.3,0.0,0.15,1.0,0.7,1.0,1.0,0.25,1.0,0.25
hete_0.15,0.982302616307935,0.0778365113060227,1.0,-0.22736609587351345,32,96,200,5,2,100,0.0,0,0.3,0.0,0.15,1.0,0.7,1.0,1.0,0.25,1.0,0.25
hete_0.15,0.8791262351019056,0.06906470685279203,1.0,-1.7501524353926645,33,97,200,5,2,100,0.0,0,0.3,0.0,0.15,1.0,0.7,1.0,1.0,0.25,1.0,0.25
hete_0.15,1.0058396102428706,0.06832968917513065,1.0,0.08546226850093736,34,98,200,5,2,100,0.0,0,0.3,0.0,0.15,1.0,0.7,1.0,1.0,0.25,1.0,0.25
hete_0.15,0.9997304982724224,0.07591445620432585,1.0,-0.0035500712387662734,35,99,200,5,2,100,0.0,0,0.3,0.0,0.15,1.0,0.7,1.0,1.0,0.25,1.0,0.25
hete_0.15,0.9690201551586949,0.07548771153326472,1.0,-0.410395867248584,36,100,200,5,2,100,0.0,0,0.3,0.0,0.15,1.0,0.7,1.0,1.0,0.25,1.0,0.25
hete_0.15,1.0731263844027232,0.0705921312265886,1.0,1.0358999385923073,37,101,200,5,2,100,0.0,0,0.3,0.0,0.15,1.0,0.7,1.0,1.0,0.25,1.0,0.25
hete_0.15,0.9794760738995073,0.08644954341419421,1.0,-0.23740930593651763,38,102,200,5,2,100,0.0,0,0.3,0.0,0.15,1.0,0.7,1.0,1.0,0.25,1.0,0.25
hete_0.15,1.0057941212961286,0.06813527322738143,1.0,0.08503849800076939,39,103,200,5,2,100,0.0,0,0.3,0.0,0.15,1.0,0.7,1.0,1.0,0.25,1.0,0.25
hete_0.15,0.8499026743991673,0.07498885377079305,1.0,-2.0015951445212403,40,104,200,5,2,100,0.0,0,0.3,0.0,0.15,1.0,0.7,1.0,1.0,0.25,1.0,0.25
hete_0.15,0.8081592207300485,0.06674013526835865,1.0,-2.874443968364307,41,105,200,5,2,100,0.0,0,0.3,0.0,0.15,1.0,0.7,1.0,1.0,0.25,1.0,0.25
hete_0.15,0.9836010598545727,0.07351927140847513,1.0,-0.22305634742099578,42,106,200,5,2,100,0.0,0,0.3,0.0,0.15,1.0,0.7,1.0,1.0,0.25,1.0,0.25
hete_0.15,0.9701275467710735,0.06515662264638332,1.0,-0.45847148019088824,43,107,200,5,2,100,0.0,0,0.3,0.0,0.15,1.0,0.7,1.0,1.0,0.25,1.0,0.25
hete_0.15,1.0744803878638374,0.07436872831885007,1.0,1.0015014314149433,44,108,200,5,2,100,0.0,0,0.3,0.0,0.15,1.0,0.7,1.0,1.0,0.25,1.0,0.25
hete_0.15,0.9395735156449163,0.08046749753576955,1.0,-0.7509427558403043,45,109,200,5,2,100,0.0,0,0.3,0.0,0.15,1.0,0.7,1.0,1.0,0.25,1.0,0.25
hete_0.15,0.9247676638911245,0.07161340009519894,1.0,-1.0505343414621526,46,110,200,5,2,100,0.0,0,0.3,0.0,0.15,1.0,0.7,1.0,1.0,0.25,1.0,0.25
hete_0.15,1.006931062192799,0.07680609072112621,1.0,0.09024104895489077,47,111,200,5,2,100,0.0,0,0.3,0.0,0.15,1.0,0.7,1.0,1.0,0.25,1.0,0.25
hete_0.15,1.0240335246627172,0.08858522110966253,1.0,0.2713039981349187,48,112,200,5,2,100,0.0,0,0.3,0.0,0.15,1.0,0.7,1.0,1.0,0.25,1.0,0.25
hete_0.15,1.0673439913311646,0.06972419203765101,1.0,0.9658626276343072,49,113,200,5,2,100,0.0,0,0.3,0.0,0.15,1.0,0.7,1.0,1.0,0.25,1.0,0.25
hete_0.15,1.042482031275605,0.09383040182603081,1.0,0.4527533768252431,50,114,200,5,2,100,0.0,0,0.3,0.0,0.15,1.0,0.7,1.0,1.0,0.25,1.0,0.25
hete_0.15,1.0868871765733958,0.0631470730250979,1.0,1.3759493894334962,51,115,200,5,2,100,0.0,0,0.3,0.0,0.15,1.0,0.7,1.0,1.0,0.25,1.0,0.25
hete_0.15,0.9844708907415929,0.08516318915357728,1.0,-0.18234532328754172,52,116,200,5,2,100,0.0,0,0.3,0.0,0.15,1.0,0.7,1.0,1.0,0.25,1.0,0.25
hete_0.15,0.959651652216816,0.07247014898451638,1.0,-0.5567581735178245,53,117,200,5,2,100,0.0,0,0.3,0.0,0.15,1.0,0.7,1.0,1.0,0.25,1.0,0.25
hete_0.15,0.954558123731327,0.06346761264980395,1.0,-0.7159852777101958,54,118,200,5,2,100,0.0,0,0.3,0.0,0.15,1.0,0.7,1.0,1.0,0.25,1.0,0.25
hete_0.15,0.9112180463669569,0.06105294973755497,1.0,-1.4541795935279997,55,119,200,5,2,100,0.0,0,0.3,0.0,0.15,1.0,0.7,1.0,1.0,0.25,1.0,0.25
hete_0.15,1.1945660306656387,0.07939793863533555,1.0,2.4505174064940816,56,120,200,5,2,100,0.0,0,0.3,0.0,0.15,1.0,0.7,1.0,1.0,0.25,1.0,0.25
hete_0.15,0.9331647414762685,0.07671291459412026,1.0,-0.871238680961995,57,121,200,5,2,100,0.0,0,0.3,0.0,0.15,1.0,0.7,1.0,1.0,0.25,1.0,0.25
hete_0.15,0.9791261281043704,0.07213511820958944,1.0,-0.28937184014837725,58,122,200,5,2,100,0.0,0,0.3,0.0,0.15,1.0,0.7,1.0,1.0,0.25,1.0,0.25
hete_0.15,0.9563530670645407,0.07660672390903848,1.0,-0.5697532893755504,59,123,200,5,2,100,0.0,0,0.3,0.0,0.15,1.0,0.7,1.0,1.0,0.25,1.0,0.25
hete_0.15,0.9867009233035906,0.07908294596451267,1.0,-0.16816617709685683,60,124,200,5,2,100,0.0,0,0.3,0.0,0.15,1.0,0.7,1.0,1.0,0.25,1.0,0.25
hete_0.15,0.8464788109164075,0.06749763052588098,1.0,-2.274467827796222,61,125,200,5,2,100,0.0,0,0.3,0.0,0.15,1.0,0.7,1.0,1.0,0.25,1.0,0.25
hete_0.15,0.9487778811884495,0.08628950885119548,1.0,-0.5936077223464326,62,126,200,5,2,100,0.0,0,0.3,0.0,0.15,1.0,0.7,1.0,1.0,0.25,1.0,0.25
hete_0.15,1.158540472409372,0.06312749813112638,1.0,2.5114328478543038,63,127,200,5,2,100,0.0,0,0.3,0.0,0.15,1.0,0.7,1.0,1.0,0.25,1.0,0.25
hete_0.15,0.9290926310941604,0.06941112124222704,1.0,-1.0215563102401277,64,128,200,5,2,100,0.0,0,0.3,0.0,0.15,1.0,0.7,1.0,1.0,0.25,1.0,0.25
hete_0.15,1.086406772942982,0.06376773124975185,1.0,1.3550234773848613,65,129,200,5,2,100,0.0,0,0.3,0.0,0.15,1.0,0.7,1.0,1.0,0.25,1.0,0.25
hete_0.15,1.0376757839936457,0.06907343422982805,1.0,0.5454453570136247,66,130,200,5,2,100,0.0,0,0.3,0.0,0.15,1.0,0.7,1.0,1.0,0.25,1.0,0.25
hete_0.15,1.080823399804012,0.06650433522853257,1.0,1.2153102429529445,67,131,200,5,2,100,0.0,0,0.3,0.0,0.15,1.0,0.7,1.0,1.0,0.25,1.0,0.25
hete_0.15,0.9526200468219385,0.06743740514787348,1.0,-0.7025767535712424,68,132,200,5,2,100,0.0,0,0.3,0.0,0.15,1.0,0.7,1.0,1.0,0.25,1.0,0.25
hete_0.15,0.9778407511490514,0.07343374706404449,1.0,-0.3017583840794968,69,133,200,5,2,100,0.0,0,0.3,0.0,0.15,1.0,0.7,1.0,1.0,0.25,1.0,0.25
hete_0.15,1.0381048771467072,0.093240657057846,1.0,0.40867233617913185,70,134,200,5,2,100,0.0,0,0.3,0.0,0.15,1.0,0.7,1.0,1.0,0.25,1.0,0.25
hete_0.15,0.8981427829228132,0.06115744279335596,1.0,-1.6654917606897122,71,135,200,5,2,100,0.0,0,0.3,0.0,0.15,1.0,0.7,1.0,1.0,0.25,1.0,0.25
hete_0.15,1.1309057506631242,0.08102027093452835,1.0,1.6157160319657256,72,136,200,5,2,100,0.0,0,0.3,0.0,0.15,1.0,0.7,1.0,1.0,0.25,1.0,0.25
hete_0.15,0.9521264356304602,0.0658275705889027,1.0,-0.7272570435344368,73,137,200,5,2,100,0.0,0,0.3,0.0,0.15,1.0,0.7,1.0,1.0,0.25,1.0,0.25
hete_0.15,0.9059927116906002,0.08846310905217977,1.0,-1.0626722180197143,74,138,200,5,2,100,0.0,0,0.3,0.0,0.15,1.0,0.7,1.0,1.0,0.25,1.0,0.25
hete_0.15,1.08605260376266,0.06607138905470611,1.0,1.302418565642836,75,139,200,5,2,100,0.0,0,0.3,0.0,0.15,1.0,0.7,1.0,1.0,0.25,1.0,0.25
hete_0.15,0.9679352162894324,0.07176600170050514,1.0,-0.44679629561057116,76,140,200,5,2,100,0.0,0,0.3,0.0,0.15,1.0,0.7,1.0,1.0,0.25,1.0,0.25
hete_0.15,0.9679694713985447,0.08148904283471424,1.0,-0.39306546607036974,77,141,200,5,2,100,0.0,0,0.3,0.0,0.15,1.0,0.7,1.0,1.0,0.25,1.0,0.25
hete_0.15,1.0397495979790705,0.08062318798393257,1.0,0.49302935015410493,78,142,200,5,2,100,0.0,0,0.3,0.0,0.15,1.0,0.7,1.0,1.0,0.25,1.0,0.25
hete_0.15,0.9662077573643512,0.08396962031947731,1.0,-0.40243414829173046,79,143,200,5,2,100,0.0,0,0.3,0.0,0.15,1.0,0.7,1.0,1.0,0.25,1.0,0.25
hete_0.15,0.8191489343686247,0.0709072459619568,1.0,-2.5505301070134023,80,144,200,5,2,100,0.0,0,0.3,0.0,0.15,1.0,0.7,1.0,1.0,0.25,1.0,0.25
hete_0.15,0.8407747489106163,0.07746278214015404,1.0,-2.0555064856991083,81,145,200,5,2,100,0.0,0,0.3,0.0,0.15,1.0,0.7,1.0,1.0,0.25,1.0,0.25
hete_0.15,0.947023503323223,0.08043752441722844,1.0,-0.6586042653673492,82,146,200,5,2,100,0.0,0,0.3,0.0,0.15,1.0,0.7,1.0,1.0,0.25,1.0,0.25
hete_0.15,0.978645233806836,0.07605250259772894,1.0,-0.280789789471066,83,147,200,5,2,100,0.0,0,0.3,0.0,0.15,1.0,0.7,1.0,1.0,0.25,1.0,0.25
hete_0.15,1.0310424111895682,0.07251420449112715,1.0,0.42808731623562857,84,148,200,5,2,100,0.0,0,0.3,0.0,0.15,1.0,0.7,1.0,1.0,0.25,1.0,0.25
hete_0.15,0.825432754369365,0.07140585755579691,1.0,-2.4447188452883886,85,149,200,5,2,100,0.0,0,0.3,0.0,0.15,1.0,0.7,1.0,1.0,0.25,1.0,0.25
hete_0.15,1.047582900365898,0.07554778964813799,1.0,0.6298384186686902,86,150,200,5,2,100,0.0,0,0.3,0.0,0.15,1.0,0.7,1.0,1.0,0.25,1.0,0.25
hete_0.15,0.9103482420259759,0.07028426301558136,1.0,-1.2755594798532524,87,151,200,5,2,100,0.0,0,0.3,0.0,0.15,1.0,0.7,1.0,1.0,0.25,1.0,0.25
hete_0.15,1.0592512214750605,0.07332124773825474,1.0,0.808104380418865,88,152,200,5,2,100,0.0,0,0.3,0.0,0.15,1.0,0.7,1.0,1.0,0.25,1.0,0.25
hete_0.15,0.9246928381680637,0.072677193229107,1.0,-1.0361869863980384,89,153,200,5,2,100,0.0,0,0.3,0.0,0.15,1.0,0.7,1.0,1.0,0.25,1.0,0.25
hete_0.15,1.0737756963103244,0.07281922663358281,1.0,1.0131348507936573,90,154,200,5,2,100,0.0,0,0.3,0.0,0.15,1.0,0.7,1.0,1.0,0.25,1.0,0.25
hete_0.15,0.9088042514499548,0.06926324406488692,1.0,-1.3166543060647227,91,155,200,5,2,100,0.0,0,0.3,0.0,0.15,1.0,0.7,1.0,1.0,0.25,1.0,0.25
hete_0.15,1.0828772197215628,0.07536134962800295,1.0,1.0997310973152623,92,156,200,5,2,100,0.0,0,0.3,0.0,0.15,1.0,0.7,1.0,1.0,0.25,1.0,0.25
hete_0.15,0.8770268743038584,0.07981622527798092,1.0,-1.5407033503257699,93,157,200,5,2,100,0.0,0,0.3,0.0,0.15,1.0,0.7,1.0,1.0,0.25,1.0,0.25
hete_0.15,1.0348851080488854,0.08596001188723407,1.0,0.4058294930746309,94,158,200,5,2,100,0.0,0,0.3,0.0,0.15,1.0,0.7,1.0,1.0,0.25,1.0,0.25
hete_0.15,1.0137449200389024,0.07428576134202142,1.0,0.1850276525486352,95,159,200,5,2,100,0.0,0,0.3,0.0,0.15,1.0,0.7,1.0,1.0,0.25,1.0,0.25
hete_0.15,0.9204096413872248,0.0960307596229024,1.0,-0.8288006772550164,96,160,200,5,2,100,0.0,0,0.3,0.0,0.15,1.0,0.7,1.0,1.0,0.25,1.0,0.25
hete_0.15,0.9615651486832729,0.07431957382625326,1.0,-0.5171565085475509,97,161,200,5,2,100,0.0,0,0.3,0.0,0.15,1.0,0.7,1.0,1.0,0.25,1.0,0.25
hete_0.15,0.9333248111875437,0.0733030795306756,1.0,-0.9095823700633789,98,162,200,5,2,100,0.0,0,0.3,0.0,0.15,1.0,0.7,1.0,1.0,0.25,1.0,0.25
hete_0.15,1.0405994862467305,0.06239131284995214,1.0,0.6507233842693796,99,163,200,5,2,100,0.0,0,0.3,0.0,0.15,1.0,0.7,1.0,1.0,0.25,1.0,0.25
hete_0.3,0.9315566796713088,0.09552868461150722,1.0,-0.716468782199128,0,65,200,5,2,100,0.0,0,0.3,0.0,0.3,1.0,0.7,1.0,1.0,0.25,1.0,0.25
hete_0.3,1.0111493272777106,0.07507346881743475,1.0,0.14851221681022536,1,66,200,5,2,100,0.0,0,0.3,0.0,0.3,1.0,0.7,1.0,1.0,0.25,1.0,0.25
hete_0.3,1.044812745734033,0.0772724663105557,1.0,0.5799316091961136,2,67,200,5,2,100,0.0,0,0.3,0.0,0.3,1.0,0.7,1.0,1.0,0.25,1.0,0.25
hete_0.3,1.0744321832113233,0.07173448665491189,1.0,1.037606689365312,3,68,200,5,2,100,0.0,0,0.3,0.0,0.3,1.0,0.7,1.0,1.0,0.25,1.0,0.25
hete_0.3,0.8327853193015945,0.1008782194233969,1.0,-1.6575895337385687,4,69,200,5,2,100,0.0,0,0.3,0.0,0.3,1.0,0.7,1.0,1.0,0.25,1.0,0.25
hete_0.3,0.7823169883852963,0.07844292242298821,1.0,-2.775049741784101,5,70,200,5,2,100,0.0,0,0.3,0.0,0.3,1.0,0.7,1.0,1.0,0.25,1.0,0.25
hete_0.3,1.1438400192441973,0.06994311504662877,1.0,2.056528639713915,6,71,200,5,2,100,0.0,0,0.3,0.0,0.3,1.0,0.7,1.0,1.0,0.25,1.0,0.25
hete_0.3,1.0572855860038255,0.06935122848003866,1.0,0.8260212148990841,7,72,200,5,2,100,0.0,0,0.3,0.0,0.3,1.0,0.7,1.0,1.0,0.25,1.0,0.25
hete_0.3,0.9897578047380203,0.07934946828414133,1.0,-0.1290770497075487,8,73,200,5,2,100,0.0,0,0.3,0.0,0.3,1.0,0.7,1.0,1.0,0.25,1.0,0.25
hete_0.3,1.014865413193622,0.08659703508129563,1.0,0.1716619186750046,9,74,200,5,2,100,0.0,0,0.3,0.0,0.3,1.0,0.7,1.0,1.0,0.25,1.0,0.25
hete_0.3,0.8539252923380409,0.08026612113854119,1.0,-1.8198799890906743,10,75,200,5,2,100,0.0,0,0.3,0.0,0.3,1.0,0.7,1.0,1.0,0.25,1.0,0.25
hete_0.3,0.9846486604655638,0.06628375613165681,1.0,-0.23160032608810638,11,76,200,5,2,100,0.0,0,0.3,0.0,0.3,1.0,0.7,1.0,1.0,0.25,1.0,0.25
hete_0.3,1.1766893006596149,0.09858677773550678,1.0,1.7922210738406035,12,77,200,5,2,100,0.0,0,0.3,0.0,0.3,1.0,0.7,1.0,1.0,0.25,1.0,0.25
hete_0.3,0.7292987807937008,0.07399506389482305,1.0,-3.658368612142497,13,78,200,5,2,100,0.0,0,0.3,0.0,0.3,1.0,0.7,1.0,1.0,0.25,1.0,0.25
hete_0.3,0.910987905662519,0.07660587209779761,1.0,-1.1619487109792996,14,79,200,5,2,100,0.0,0,0.3,0.0,0.3,1.0,0.7,1.0,1.0,0.25,1.0,0.25
hete_0.3,1.0870990347915617,0.11354424966637851,1.0,0.7670933142583661,15,80,200,5,2,100,0.0,0,0.3,0.0,0.3,1.0,0.7,1.0,1.0,0.25,1.0,0.25
hete_0.3,0.7279357130763752,0.08291955674366569,1.0,-3.2810629676262484,16,81,200,5,2,100,0.0,0,0.3,0.0,0.3,1.0,0.7,1.0,1.0,0.25,1.0,0.25
hete_0.3,1.1567825110580323,0.0727478059606438,1.0,2.1551510590278267,17,82,200,5,2,100,0.0,0,0.3,0.0,0.3,1.0,0.7,1.0,1.0,0.25,1.0,0.25
hete_0.3,0.9818103893902825,0.07902739620469819,1.0,-0.2301684160591905,18,83,200,5,2,100,0.0,0,0.3,0.0,0.3,1.0,0.7,1.0,1.0,0.25,1.0,0.25
hete_0.3,0.9790684375839362,0.07058201408770605,1.0,-0.29655660420874286,19,84,200,5,2,100,0.0,0,0.3,0.0,0.3,1.0,0.7,1.0,1.0,0.25,1.0,0.25
hete_0.3,0.9454329146594781,0.08219768724538318,1.0,-0.66385183293082,20,85,200,5,2,100,0.0,0,0.3,0.0,0.3,1.0,0.7,1.0,1.0,0.25,1.0,0.25
hete_0.3,1.0782848280137178,0.06930460962600384,1.0,1.1295760619124031,21,86,200,5,2,100,0.0,0,0.3,0.0,0.3,1.0,0.7,1.0,1.0,0.25,1.0,0.25
hete_0.3,0.9246886376838077,0.06267021365616073,1.0,-1.201709040428473,22,87,200,5,2,100,0.0,0,0.3,0.0,0.3,1.0,0.7,1.0,1.0,0.25,1.0,0.25
hete_0.3,0.9765017330029225,0.09790849906961048,1.0,-0.2400023207420511,23,88,200,5,2,100,0.0,0,0.3,0.0,0.3,1.0,0.7,1.0,1.0,0.25,1.0,0.25
hete_0.3,1.0500310011219416,0.07079185582698715,1.0,0.7067338543040266,24,89,200,5,2,100,0.0,0,0.3,0.0,0.3,1.0,0.7,1.0,1.0,0.25,1.0,0.25
hete_0.3,1.056171565423853,0.07537271360246009,1.0,0.7452506714846426,25,90,200,5,2,100,0.0,0,0.3,0.0,0.3,1.0,0.7,1.0,1.0,0.25,1.0,0.25
hete_0.3,1.167241351966271,0.06459765234206305,1.0,2.5889695043510277,26,91,200,5,2,100,0.0,0,0.3,0.0,0.3,1.0,0.7,1.0,1.0,0.25,1.0,0.25
hete_0.3,1.29310916301166,0.09126771037029714,1.0,3.2115318969046,27,92,200,5,2,100,0.0,0,0.3,0.0,0.3,1.0,0.7,1.0,1.0,0.25,1.0,0.25
hete_0.3,0.9856772213925419,0.0749171282487895,1.0,-0.19118162885120393,28,93,200,5,2,100,0.0,0,0.3,0.0,0.3,1.0,0.7,1.0,1.0,0.25,1.0,0.25
hete_0.3,0.9046601076259083,0.07147133754299445,1.0,-1.333959817342705,29,94,200,5,2,100,0.0,0,0.3,0.0,0.3,1.0,0.7,1.0,1.0,0.25,1.0,0.25
hete_0.3,0.8365955619473914,0.06876960322240047,1.0,-2.3761143062605683,30,95,200,5,2,100,0.0,0,0.3,0.0,0.3,1.0,0.7,1.0,1.0,0.25,1.0,0.25
hete_0.3,0.9706751032106427,0.08758148991513415,1.0,-0.33482984609845035,31,96,200,5,2,100,0.0,0,0.3,0.0,0.3,1.0,0.7,1.0,1.0,0.25,1.0,0.25
hete_0.3,0.880122241235697,0.07840355800268987,1.0,-1.528983656075789,32,97,200,5,2,100,0.0,0,0.3,0.0,0.3,1.0,0.7,1.0,1.0,0.25,1.0,0.25
hete_0.3,0.9711236877517602,0.07793137268642482,1.0,-0.37053514204645743,33,98,200,5,2,100,0.0,0,0.3,0.0,0.3,1.0,0.7,1.0,1.0,0.25,1.0,0.25
hete_0.3,1.002864725636491,0.07792493211853119,1.0,0.036762632428522055,34,99,200,5,2,100,0.0,0,0.3,0.0,0.3,1.0,0.7,1.0,1.0,0.25,1.0,0.25
hete_0.3,0.990938006815459,0.08109970233027468,1.0,-0.11173892041719836,35,100,200,5,2,100,0.0,0,0.3,0.0,0.3,1.0,0.7,1.0,1.0,0.25,1.0,0.25
hete_0.3,1.047762185051638,0.07888089301644616,1.0,0.6054975194269161,36,101,200,5,2,100,0.0,0,0.3,0.0,0.3,1.0,0.7,1.0,1.0,0.25,1.0,0.25
hete_0.3,0.9400468624265468,0.09539169274081415,1.0,-0.6284943253533624,37,102,200,5,2,100,0.0,0,0.3,0.0,0.3,1.0,0.7,1.0,1.0,0.25,1.0,0.25
hete_0.3,0.9926347846612333,0.07676195803476027,1.0,-0.09594876846981232,38,103,200,5,2,100,0.0,0,0.3,0.0,0.3,1.0,0.7,1.0,1.0,0.25,1.0,0.25
hete_0.3,0.8104425786351852,0.08059531516189332,1.0,-2.351965756124252,39,104,200,5,2,100,0.0,0,0.3,0.0,0.3,1.0,0.7,1.0,1.0,0.25,1.0,0.25
hete_0.3,0.7877108312692435,0.08028341132157718,1.0,-2.644246989959446,40,105,200,5,2,100,0.0,0,0.3,0.0,0.3,1.0,0.7,1.0,1.0,0.25,1.0,0.25
hete_0.3,0.9738404603455927,0.08046177084072684,1.0,-0.3251176227054439,41,106,200,5,2,100,0.0,0,0.3,0.0,0.3,1.0,0.7,1.0,1.0,0.25,1.0,0.25
hete_0.3,0.9712957414885778,0.06880206971973402,1.0,-0.41720050905952877,42,107,200,5,2,100,0.0,0,0.3,0.0,0.3,1.0,0.7,1.0,1.0,0.25,1.0,0.25
hete_0.3,1.0885869743565324,0.08643019488238635,1.0,1.0249540045244718,43,108,200,5,2,100,0.0,0,0.3,0.0,0.3,1.0,0.7,1.0,1.0,0.25,1.0,0.25
hete_0.3,0.9615488523039909,0.09259002550480115,1.0,-0.4152839086756193,44,109,200,5,2,100,0.0,0,0.3,0.0,0.3,1.0,0.7,1.0,1.0,0.25,1.0,0.25
hete_0.3,0.8963791196556345,0.07995670351343025,1.0,-1.2959623870306303,45,110,200,5,2,100,0.0,0,0.3,0.0,0.3,1.0,0.7,1.0,1.0,0.25,1.0,0.25
hete_0.3,1.0215531608276398,0.08332284557664732,1.0,0.25867048440890567,46,111,200,5,2,100,0.0,0,0.3,0.0,0.3,1.0,0.7,1.0,1.0,0.25,1.0,0.25
hete_0.3,1.0588442320647424,0.09292516992576196,1.0,0.6332432010805379,47,112,200,5,2,100,0.0,0,0.3,0.0,0.3,1.0,0.7,1.0,1.0,0.25,1.0,0.25
hete_0.3,1.087789271610328,0.08080668793278958,1.0,1.086410962460756,48,113,200,5,2,100,0.0,0,0.3,0.0,0.3,1.0,0.7,1.0,1.0,0.25,1.0,0.25
hete_0.3,0.9973333513102779,0.10626238808418995,1.0,-0.025094944107687138,49,114,200,5,2,100,0.0,0,0.3,0.0,0.3,1.0,0.7,1.0,1.0,0.25,1.0,0.25
hete_0.3,1.0818739464396905,0.06759521037133827,1.0,1.2112388731377732,50,115,200,5,2,100,0.0,0,0.3,0.0,0.3,1.0,0.7,1.0,1.0,0.25,1.0,0.25
hete_0.3,0.9631236318367496,0.09738284251498114,1.0,-0.37867418131255903,51,116,200,5,2,100,0.0,0,0.3,0.0,0.3,1.0,0.7,1.0,1.0,0.25,1.0,0.25
hete_0.3,0.9330618086516173,0.0800111588192764,1.0,-0.8366106970101264,52,117,200,5,2,100,0.0,0,0.3,0.0,0.3,1.0,0.7,1.0,1.0,0.25,1.0,0.25
hete_0.3,0.9539197577834848,0.06910825002094798,1.0,-0.6667835200941628,53,118,200,5,2,100,0.0,0,0.3,0.0,0.3,1.0,0.7,1.0,1.0,0.25,1.0,0.25
hete_0.3,0.8956116571162589,0.06882074096326528,1.0,-1.516815155179176,54,119,200,5,2,100,0.0,0,0.3,0.0,0.3,1.0,0.7,1.0,1.0,0.25,1.0,0.25
hete_0.3,1.2842467931944144,0.09924722112919028,1.0,2.8640277275311297,55,120,200,5,2,100,0.0,0,0.3,0.0,0.3,1.0,0.7,1.0,1.0,0.25,1.0,0.25
hete_0.3,0.911409637084177,0.08628958723288363,1.0,-1.0266634220503328,56,121,200,5,2,100,0.0,0,0.3,0.0,0.3,1.0,0.7,1.0,1.0,0.25,1.0,0.25
hete_0.3,0.9831699526956454,0.07631501206457127,1.0,-0.22053390085445315,57,122,200,5,2,100,0.0,0,0.3,0.0,0.3,1.0,0.7,1.0,1.0,0.25,1.0,0.25
hete_0.3,0.9564323074463138,0.08219665540030702,1.0,-0.530042157329962,58,123,200,5,2,100,0.0,0,0.3,0.0,0.3,1.0,0.7,1.0,1.0,0.25,1.0,0.25
hete_0.3,0.996567106573045,0.08816680782299564,1.0,-0.038936347041699265,59,124,200,5,2,100,0.0,0,0.3,0.0,0.3,1.0,0.7,1.0,1.0,0.25,1.0,0.25
hete_0.3,0.8391703333550582,0.07860612707447062,1.0,-2.0460194724079646,60,125,200,5,2,100,0.0,0,0.3,0.0,0.3,1.0,0.7,1.0,1.0,0.25,1.0,0.25
hete_0.3,0.9393399270242989,0.09490157353673909,1.0,-0.639189327584941,61,126,200,5,2,100,0.0,0,0.3,0.0,0.3,1.0,0.7,1.0,1.0,0.25,1.0,0.25
hete_0.3,1.1351394498767626,0.07391171679224526,1.0,1.8283900813266094,62,127,200,5,2,100,0.0,0,0.3,0.0,0.3,1.0,0.7,1.0,1.0,0.25,1.0,0.25
hete_0.3,0.9133795502289614,0.0754705804029951,1.0,-1.1477379570755355,63,128,200,5,2,100,0.0,0,0.3,0.0,0.3,1.0,0.7,1.0,1.0,0.25,1.0,0.25
hete_0.3,1.0964664683892742,0.07062562798148496,1.0,1.365884752409757,64,129,200,5,2,100,0.0,0,0.3,0.0,0.3,1.0,0.7,1.0,1.0,0.25,1.0,0.25
hete_0.3,1.07266669621631,0.08093984299018225,1.0,0.8977864736545671,65,130,200,5,2,100,0.0,0,0.3,0.0,0.3,1.0,0.7,1.0,1.0,0.25,1.0,0.25
hete_0.3,1.1138085180530126,0.07583857889670116,1.0,1.5006678620393172,66,131,200,5,2,100,0.0,0,0.3,0.0,0.3,1.0,0.7,1.0,1.0,0.25,1.0,0.25
hete_0.3,0.945686418472446,0.07154008016194158,1.0,-0.7592049296647012,67,132,200,5,2,100,0.0,0,0.3,0.0,0.3,1.0,0.7,1.0,1.0,0.25,1.0,0.25
hete_0.3,0.9693516069749782,0.08027749675472859,1.0,-0.3817806267510014,68,133,200,5,2,100,0.0,0,0.3,0.0,0.3,1.0,0.7,1.0,1.0,0.25,1.0,0.25
hete_0.3,1.036137718501967,0.10819699358353786,1.0,0.33399928505467497,69,134,200,5,2,100,0.0,0,0.3,0.0,0.3,1.0,0.7,1.0,1.0,0.25,1.0,0.25
hete_0.3,0.9609729402298415,0.06363019169245104,1.0,-0.6133418544264517,70,135,200,5,2,100,0.0,0,0.3,0.0,0.3,1.0,0.7,1.0,1.0,0.25,1.0,0.25
hete_0.3,1.1215956365723085,0.0949714211849287,1.0,1.2803392331629646,71,136,200,5,2,100,0.0,0,0.3,0.0,0.3,1.0,0.7,1.0,1.0,0.25,1.0,0.25
hete_0.3,0.9658653011401651,0.07023142853473856,1.0,-0.4860316751630767,72,137,200,5,2,100,0.0,0,0.3,0.0,0.3,1.0,0.7,1.0,1.0,0.25,1.0,0.25
hete_0.3,0.9164360755693891,0.09228778519015328,1.0,-0.9054711222989325,73,138,200,5,2,100,0.0,0,0.3,0.0,0.3,1.0,0.7,1.0,1.0,0.25,1.0,0.25
hete_0.3,1.1306695295426092,0.07128284422944933,1.0,1.833113296124978,74,139,200,5,2,100,0.0,0,0.3,0.0,0.3,1.0,0.7,1.0,1.0,0.25,1.0,0.25
hete_0.3,0.9412852539877825,0.08292272698832091,1.0,-0.7080657878085347,75,140,200,5,2,100,0.0,0,0.3,0.0,0.3,1.0,0.7,1.0,1.0,0.25,1.0,0.25
hete_0.3,0.9703322659979692,0.09060682086104659,1.0,-0.32743378169651116,76,141,200,5,2,100,0.0,0,0.3,0.0,0.3,1.0,0.7,1.0,1.0,0.25,1.0,0.25
hete_0.3,1.012983841144549,0.0851381563930005,1.0,0.1525031982677104,77,142,200,5,2,100,0.0,0,0.3,0.0,0.3,1.0,0.7,1.0,1.0,0.25,1.0,0.25
hete_0.3,0.9536928471602647,0.08822969465837452,1.0,-0.5248477059683437,78,143,200,5,2,100,0.0,0,0.3,0.0,0.3,1.0,0.7,1.0,1.0,0.25,1.0,0.25
hete_0.3,0.8523967136337899,0.07361084448719528,1.0,-2.0051839833448173,79,144,200,5,2,100,0.0,0,0.3,0.0,0.3,1.0,0.7,1.0,1.0,0.25,1.0,0.25
hete_0.3,0.817782425124306,0.0791563954222436,1.0,-2.3019943480712026,80,145,200,5,2,100,0.0,0,0.3,0.0,0.3,1.0,0.7,1.0,1.0,0.25,1.0,0.25
hete_0.3,0.9605734969384248,0.08513262450610795,1.0,-0.4631186139309794,81,146,200,5,2,100,0.0,0,0.3,0.0,0.3,1.0,0.7,1.0,1.0,0.25,1.0,0.25
hete_0.3,0.9703373634366513,0.09086014631002524,1.0,-0.32646476775567085,82,147,200,5,2,100,0.0,0,0.3,0.0,0.3,1.0,0.7,1.0,1.0,0.25,1.0,0.25
hete_0.3,1.0244240257156647,0.08360632434851156,1.0,0.2921313178875508,83,148,200,5,2,100,0.0,0,0.3,0.0,0.3,1.0,0.7,1.0,1.0,0.25,1.0,0.25
hete_0.3,0.7991453273804016,0.07671789821458708,1.0,-2.6180940470734653,84,149,200,5,2,100,0.0,0,0.3,0.0,0.3,1.0,0.7,1.0,1.0,0.25,1.0,0.25
hete_0.3,1.040286387254526,0.08103090155472234,1.0,0.49717313372503413,85,150,200,5,2,100,0.0,0,0.3,0.0,0.3,1.0,0.7,1.0,1.0,0.25,1.0,0.25
hete_0.3,0.8872764241639545,0.08253217984123098,1.0,-1.3658136263078766,86,151,200,5,2,100,0.0,0,0.3,0.0,0.3,1.0,0.7,1.0,1.0,0.25,1.0,0.25
hete_0.3,1.0797799870092941,0.07361662049100216,1.0,1.083722486541545,87,152,200,5,2,100,0.0,0,0.3,0.0,0.3,1.0,0.7,1.0,1.0,0.25,1.0,0.25
hete_0.3,0.9007041504071529,0.0786491533006186,1.0,-1.262516447104156,88,153,200,5,2,100,0.0,0,0.3,0.0,0.3,1.0,0.7,1.0,1.0,0.25,1.0,0.25
hete_0.3,1.0670196046890896,0.07999960271363024,1.0,0.8377492189429449,89,154,200,5,2,100,0.0,0,0.3,0.0,0.3,1.0,0.7,1.0,1.0,0.25,1.0,0.25
hete_0.3,0.9157546808096285,0.0724442958170149,1.0,-1.1628978961044008,90,155,200,5,2,100,0.0,0,0.3,0.0,0.3,1.0,0.7,1.0,1.0,0.25,1.0,0.25
hete_0.3,1.0541423916383792,0.0844488216314205,1.0,0.6411266681101288,91,156,200,5,2,100,0.0,0,0.3,0.0,0.3,1.0,0.7,1.0,1.0,0.25,1.0,0.25
hete_0.3,0.8871768423220627,0.08974608168927457,1.0,-1.2571374209802477,92,157,200,5,2,100,0.0,0,0.3,0.0,0.3,1.0,0.7,1.0,1.0,0.25,1.0,0.25
hete_0.3,1.0589938968443673,0.0888593126135816,1.0,0.6639022417482716,93,158,200,5,2,100,0.0,0,0.3,0.0,0.3,1.0,0.7,1.0,1.0,0.25,1.0,0.25
hete_0.3,1.0215998951864353,0.08346641163830412,1.0,0.258785477444951,94,159,200,5,2,100,0.0,0,0.3,0.0,0.3,1.0,0.7,1.0,1.0,0.25,1.0,0.25
hete_0.3,0.9100092121645526,0.11129937757346979,1.0,-0.8085470898167751,95,160,200,5,2,100,0.0,0,0.3,0.0,0.3,1.0,0.7,1.0,1.0,0.25,1.0,0.25
hete_0.3,0.9334889965387433,0.08006802877320737,1.0,-0.8306811655080092,96,161,200,5,2,100,0.0,0,0.3,0.0,0.3,1.0,0.7,1.0,1.0,0.25,1.0,0.25
hete_0.3,0.9443305847308987,0.08491268356856028,1.0,-0.6556077717665423,97,162,200,5,2,100,0.0,0,0.3,0.0,0.3,1.0,0.7,1.0,1.0,0.25,1.0,0.25
hete_0.3,1.0272929916084648,0.0713996028201754,1.0,0.38225691082909746,98,163,200,5,2,100,0.0,0,0.3,0.0,0.3,1.0,0.7,1.0,1.0,0.25,1.0,0.25
hete_0.3,0.9407813653505603,0.08213347011242257,1.0,-0.721004902975394,99,164,200,5,2,100,0.0,0,0.3,0.0,0.3,1.0,0.7,1.0,1.0,0.25,1.0,0.25
hete_0.5,1.0216667947681453,0.08906707183527088,1.0,0.24326380470010164,0,66,200,5,2,100,0.0,0,0.3,0.0,0.5,1.0,0.7,1.0,1.0,0.25,1.0,0.25
hete_0.5,1.0687144034945808,0.0945507767713184,1.0,0.7267460494880359,1,67,200,5,2,100,0.0,0,0.3,0.0,0.5,1.0,0.7,1.0,1.0,0.25,1.0,0.25
hete_0.5,1.0688121199356182,0.08337449582526725,1.0,0.8253377637189163,2,68,200,5,2,100,0.0,0,0.3,0.0,0.5,1.0,0.7,1.0,1.0,0.25,1.0,0.25
hete_0.5,0.8528650704942812,0.11479842694578953,1.0,-1.2816807113149673,3,69,200,5,2,100,0.0,0,0.3,0.0,0.5,1.0,0.7,1.0,1.0,0.25,1.0,0.25
hete_0.5,0.7368279324602466,0.09422990677152163,1.0,-2.792871993154618,4,70,200,5,2,100,0.0,0,0.3,0.0,0.5,1.0,0.7,1.0,1.0,0.25,1.0,0.25
hete_0.5,1.1224668009251086,0.08352929868616038,1.0,1.4661538268775105,5,71,200,5,2,100,0.0,0,0.3,0.0,0.5,1.0,0.7,1.0,1.0,0.25,1.0,0.25
hete_0.5,1.048582757648481,0.07707657783676751,1.0,0.6303180422899594,6,72,200,5,2,100,0.0,0,0.3,0.0,0.5,1.0,0.7,1.0,1.0,0.25,1.0,0.25
hete_0.5,0.99299620486525,0.0887678344364743,1.0,-0.07890014642367119,7,73,200,5,2,100,0.0,0,0.3,0.0,0.5,1.0,0.7,1.0,1.0,0.25,1.0,0.25
hete_0.5,1.0751615935081646,0.09935180744189183,1.0,0.7565196390828081,8,74,200,5,2,100,0.0,0,0.3,0.0,0.5,1.0,0.7,1.0,1.0,0.25,1.0,0.25
hete_0.5,0.8475033780698528,0.08910273125517289,1.0,-1.7114696685719608,9,75,200,5,2,100,0.0,0,0.3,0.0,0.5,1.0,0.7,1.0,1.0,0.25,1.0,0.25
hete_0.5,0.9671302369206985,0.08268936457043836,1.0,-0.39750895716826523,10,76,200,5,2,100,0.0,0,0.3,0.0,0.5,1.0,0.7,1.0,1.0,0.25,1.0,0.25
hete_0.5,1.2047782817673012,0.12134222990745205,1.0,1.6876093502112657,11,77,200,5,2,100,0.0,0,0.3,0.0,0.5,1.0,0.7,1.0,1.0,0.25,1.0,0.25
hete_0.5,0.698862819400907,0.0849434213724262,1.0,-3.545150121500124,12,78,200,5,2,100,0.0,0,0.3,0.0,0.5,1.0,0.7,1.0,1.0,0.25,1.0,0.25
hete_0.5,0.9262299079239126,0.08322044173486037,1.0,-0.88644196712051,13,79,200,5,2,100,0.0,0,0.3,0.0,0.5,1.0,0.7,1.0,1.0,0.25,1.0,0.25
hete_0.5,1.120493880397244,0.15622585267128525,1.0,0.7712800303978823,14,80,200,5,2,100,0.0,0,0.3,0.0,0.5,1.0,0.7,1.0,1.0,0.25,1.0,0.25
hete_0.5,0.6365565594272229,0.11089724630037663,1.0,-3.2772990556352775,15,81,200,5,2,100,0.0,0,0.3,0.0,0.5,1.0,0.7,1.0,1.0,0.25,1.0,0.25
hete_0.5,1.190781046316999,0.07927731980879854,1.0,2.4065022225413992,16,82,200,5,2,100,0.0,0,0.3,0.0,0.5,1.0,0.7,1.0,1.0,0.25,1.0,0.25
hete_0.5,0.938854801089702,0.09415376507324161,1.0,-0.6494185215294742,17,83,200,5,2,100,0.0,0,0.3,0.0,0.5,1.0,0.7,1.0,1.0,0.25,1.0,0.25
hete_0.5,1.0184312161071694,0.07696129836156539,1.0,0.2394868134965605,18,84,200,5,2,100,0.0,0,0.3,0.0,0.5,1.0,0.7,1.0,1.0,0.25,1.0,0.25
hete_0.5,0.9553962761941147,0.10563821395781305,1.0,-0.42223095350417345,19,85,200,5,2,100,0.0,0,0.3,0.0,0.5,1.0,0.7,1.0,1.0,0.25,1.0,0.25
hete_0.5,1.119399659430893,0.09465743538993038,1.0,1.261387010318206,20,86,200,5,2,100,0.0,0,0.3,0.0,0.5,1.0,0.7,1.0,1.0,0.25,1.0,0.25
hete_0.5,0.9473889639542703,0.0702212728008794,1.0,-0.7492179213970447,21,87,200,5,2,100,0.0,0,0.3,0.0,0.5,1.0,0.7,1.0,1.0,0.25,1.0,0.25
hete_0.5,0.9839949271382283,0.11473885823014024,1.0,-0.13949130319624675,22,88,200,5,2,100,0.0,0,0.3,0.0,0.5,1.0,0.7,1.0,1.0,0.25,1.0,0.25
hete_0.5,1.0785259793375324,0.08790092489012338,1.0,0.8933464515383682,23,89,200,5,2,100,0.0,0,0.3,0.0,0.5,1.0,0.7,1.0,1.0,0.25,1.0,0.25
hete_0.5,1.0629619933409065,0.0884350383555346,1.0,0.7119575511210944,24,90,200,5,2,100,0.0,0,0.3,0.0,0.5,1.0,0.7,1.0,1.0,0.25,1.0,0.25
hete_0.5,1.2288723775685786,0.07775955011606578,1.0,2.9433346415579584,25,91,200,5,2,100,0.0,0,0.3,0.0,0.5,1.0,0.7,1.0,1.0,0.25,1.0,0.25
hete_0.5,1.3628332253583788,0.11426438537966659,1.0,3.1753833370983604,26,92,200,5,2,100,0.0,0,0.3,0.0,0.5,1.0,0.7,1.0,1.0,0.25,1.0,0.25
hete_0.5,0.9586900401920999,0.08991805620623021,1.0,-0.4594178472136258,27,93,200,5,2,100,0.0,0,0.3,0.0,0.5,1.0,0.7,1.0,1.0,0.25,1.0,0.25
hete_0.5,0.8540482773192117,0.08403017182243033,1.0,-1.7368966350468547,28,94,200,5,2,100,0.0,0,0.3,0.0,0.5,1.0,0.7,1.0,1.0,0.25,1.0,0.25
hete_0.5,0.8493702259483802,0.07540928889463795,1.0,-1.9974962800946194,29,95,200,5,2,100,0.0,0,0.3,0.0,0.5,1.0,0.7,1.0,1.0,0.25,1.0,0.25
hete_0.5,0.9604241723420599,0.10851661972661526,1.0,-0.36469830849544566,30,96,200,5,2,100,0.0,0,0.3,0.0,0.5,1.0,0.7,1.0,1.0,0.25,1.0,0.25
hete_0.5,0.8513267970640827,0.09199652109582049,1.0,-1.6160741859038814,31,97,200,5,2,100,0.0,0,0.3,0.0,0.5,1.0,0.7,1.0,1.0,0.25,1.0,0.25
hete_0.5,0.9412043490581208,0.10595687491447377,1.0,-0.554901708731386,32,98,200,5,2,100,0.0,0,0.3,0.0,0.5,1.0,0.7,1.0,1.0,0.25,1.0,0.25
hete_0.5,0.9793896443107593,0.08545319101903785,1.0,-0.24118883617405262,33,99,200,5,2,100,0.0,0,0.3,0.0,0.5,1.0,0.7,1.0,1.0,0.25,1.0,0.25
hete_0.5,0.9895015049906691,0.09156746264901722,1.0,-0.11465311700917319,34,100,200,5,2,100,0.0,0,0.3,0.0,0.5,1.0,0.7,1.0,1.0,0.25,1.0,0.25
hete_0.5,1.0340662024676572,0.08855628129941942,1.0,0.38468420272160386,35,101,200,5,2,100,0.0,0,0.3,0.0,0.5,1.0,0.7,1.0,1.0,0.25,1.0,0.25
hete_0.5,0.8846810007344569,0.1139752790131713,1.0,-1.0117895763362557,36,102,200,5,2,100,0.0,0,0.3,0.0,0.5,1.0,0.7,1.0,1.0,0.25,1.0,0.25
hete_0.5,0.9962753231722061,0.09069629619431735,1.0,-0.04106757369467138,37,103,200,5,2,100,0.0,0,0.3,0.0,0.5,1.0,0.7,1.0,1.0,0.25,1.0,0.25
hete_0.5,0.764358341277037,0.09707448826189498,1.0,-2.4274313771011697,38,104,200,5,2,100,0.0,0,0.3,0.0,0.5,1.0,0.7,1.0,1.0,0.25,1.0,0.25
hete_0.5,0.7925195480704369,0.10217421109039551,1.0,-2.030653818760598,39,105,200,5,2,100,0.0,0,0.3,0.0,0.5,1.0,0.7,1.0,1.0,0.25,1.0,0.25
hete_0.5,0.9489641497888484,0.09353637310344198,1.0,-0.5456257124136195,40,106,200,5,2,100,0.0,0,0.3,0.0,0.5,1.0,0.7,1.0,1.0,0.25,1.0,0.25
hete_0.5,0.9862455650702414,0.07738028156257414,1.0,-0.1777511615622122,41,107,200,5,2,100,0.0,0,0.3,0.0,0.5,1.0,0.7,1.0,1.0,0.25,1.0,0.25
hete_0.5,1.1080985268140742,0.10608214628257367,1.0,1.0190077275221168,42,108,200,5,2,100,0.0,0,0.3,0.0,0.5,1.0,0.7,1.0,1.0,0.25,1.0,0.25
hete_0.5,0.9756767719322433,0.1137772910431465,1.0,-0.21377928622446138,43,109,200,5,2,100,0.0,0,0.3,0.0,0.5,1.0,0.7,1.0,1.0,0.25,1.0,0.25
hete_0.5,0.8669314096597128,0.09704778804031015,1.0,-1.371165618787883,44,110,200,5,2,100,0.0,0,0.3,0.0,0.5,1.0,0.7,1.0,1.0,0.25,1.0,0.25
hete_0.5,1.024406114725396,0.09860047592462788,1.0,0.2475253237525193,45,111,200,5,2,100,0.0,0,0.3,0.0,0.5,1.0,0.7,1.0,1.0,0.25,1.0,0.25
hete_0.5,1.0818318117388734,0.10372693465909164,1.0,0.7889157431271001,46,112,200,5,2,100,0.0,0,0.3,0.0,0.5,1.0,0.7,1.0,1.0,0.25,1.0,0.25
hete_0.5,1.1302498299166797,0.10018735238869113,1.0,1.3000626008296623,47,113,200,5,2,100,0.0,0,0.3,0.0,0.5,1.0,0.7,1.0,1.0,0.25,1.0,0.25
hete_0.5,0.9630119828790572,0.12880742863287037,1.0,-0.2871574839551127,48,114,200,5,2,100,0.0,0,0.3,0.0,0.5,1.0,0.7,1.0,1.0,0.25,1.0,0.25
hete_0.5,1.068719871694923,0.07723586981615356,1.0,0.8897403739803631,49,115,200,5,2,100,0.0,0,0.3,0.0,0.5,1.0,0.7,1.0,1.0,0.25,1.0,0.25
hete_0.5,0.9518286930804887,0.11746908152615475,1.0,-0.41007647538970393,50,116,200,5,2,100,0.0,0,0.3,0.0,0.5,1.0,0.7,1.0,1.0,0.25,1.0,0.25
hete_0.5,0.9162041768184732,0.09060375418081552,1.0,-0.924860387289225,51,117,200,5,2,100,0.0,0,0.3,0.0,0.5,1.0,0.7,1.0,1.0,0.25,1.0,0.25
hete_0.5,0.9440634912721769,0.08345224156780161,1.0,-0.6702816805990394,52,118,200,5,2,100,0.0,0,0.3,0.0,0.5,1.0,0.7,1.0,1.0,0.25,1.0,0.25
hete_0.5,0.8945805249474853,0.08563523755827697,1.0,-1.2310291657773944,53,119,200,5,2,100,0.0,0,0.3,0.0,0.5,1.0,0.7,1.0,1.0,0.25,1.0,0.25
hete_0.5,1.37701410929191,0.1346407722471231,1.0,2.800148149773894,54,120,200,5,2,100,0.0,0,0.3,0.0,0.5,1.0,0.7,1.0,1.0,0.25,1.0,0.25
hete_0.5,0.8697744398911255,0.10452359009698733,1.0,-1.24589635687062,55,121,200,5,2,100,0.0,0,0.3,0.0,0.5,1.0,0.7,1.0,1.0,0.25,1.0,0.25
hete_0.5,0.989227548659594,0.0923647804947299,1.0,-0.11662942609408032,56,122,200,5,2,100,0.0,0,0.3,0.0,0.5,1.0,0.7,1.0,1.0,0.25,1.0,0.25
hete_0.5,0.9259693968275522,0.0974355395469892,1.0,-0.759790560165635,57,123,200,5,2,100,0.0,0,0.3,0.0,0.5,1.0,0.7,1.0,1.0,0.25,1.0,0.25
hete_0.5,1.0090376717496297,0.10251544591100921,1.0,0.08815912245531284,58,124,200,5,2,100,0.0,0,0.3,0.0,0.5,1.0,0.7,1.0,1.0,0.25,1.0,0.25
hete_0.5,0.842337161981319,0.09291247065412037,1.0,-1.6968964113074,59,125,200,5,2,100,0.0,0,0.3,0.0,0.5,1.0,0.7,1.0,1.0,0.25,1.0,0.25
hete_0.5,0.9387822552469994,0.11360402841391892,1.0,-0.5388694891166385,60,126,200,5,2,100,0.0,0,0.3,0.0,0.5,1.0,0.7,1.0,1.0,0.25,1.0,0.25
hete_0.5,1.115682785195351,0.09481263110560656,1.0,1.2201199760662516,61,127,200,5,2,100,0.0,0,0.3,0.0,0.5,1.0,0.7,1.0,1.0,0.25,1.0,0.25
hete_0.5,0.931307772713133,0.0880696327532346,1.0,-0.7799763112370202,62,128,200,5,2,100,0.0,0,0.3,0.0,0.5,1.0,0.7,1.0,1.0,0.25,1.0,0.25
hete_0.5,1.1196584746630882,0.08853053101477867,1.0,1.3516068783447515,63,129,200,5,2,100,0.0,0,0.3,0.0,0.5,1.0,0.7,1.0,1.0,0.25,1.0,0.25
hete_0.5,1.1125592691062303,0.10591752499526001,1.0,1.0627067533089305,64,130,200,5,2,100,0.0,0,0.3,0.0,0.5,1.0,0.7,1.0,1.0,0.25,1.0,0.25
hete_0.5,1.1611628650749573,0.0968344579125874,1.0,1.6643131850899522,65,131,200,5,2,100,0.0,0,0.3,0.0,0.5,1.0,0.7,1.0,1.0,0.25,1.0,0.25
hete_0.5,0.9314745745288814,0.08311232721351375,1.0,-0.8244917182390802,66,132,200,5,2,100,0.0,0,0.3,0.0,0.5,1.0,0.7,1.0,1.0,0.25,1.0,0.25
hete_0.5,0.9880282681358904,0.09657835405044446,1.0,-0.12395874812545025,67,133,200,5,2,100,0.0,0,0.3,0.0,0.5,1.0,0.7,1.0,1.0,0.25,1.0,0.25
hete_0.5,1.011693160076203,0.12697193484149535,1.0,0.09209247768650607,68,134,200,5,2,100,0.0,0,0.3,0.0,0.5,1.0,0.7,1.0,1.0,0.25,1.0,0.25
hete_0.5,1.0175126816064528,0.07456834917815468,1.0,0.2348540875514416,69,135,200,5,2,100,0.0,0,0.3,0.0,0.5,1.0,0.7,1.0,1.0,0.25,1.0,0.25
hete_0.5,1.1076000195919944,0.1136933989680538,1.0,0.9464051613254032,70,136,200,5,2,100,0.0,0,0.3,0.0,0.5,1.0,0.7,1.0,1.0,0.25,1.0,0.25
hete_0.5,0.9919535863479384,0.08439458419564973,1.0,-0.09534277262872477,71,137,200,5,2,100,0.0,0,0.3,0.0,0.5,1.0,0.7,1.0,1.0,0.25,1.0,0.25
hete_0.5,0.9487880188132425,0.1034380023207468,1.0,-0.49509832013147653,72,138,200,5,2,100,0.0,0,0.3,0.0,0.5,1.0,0.7,1.0,1.0,0.25,1.0,0.25
hete_0.5,1.2030687080181457,0.08073397040092464,1.0,2.5152820678793217,73,139,200,5,2,100,0.0,0,0.3,0.0,0.5,1.0,0.7,1.0,1.0,0.25,1.0,0.25
hete_0.5,0.9087446432064218,0.1038493234275708,1.0,-0.8787284671837444,74,140,200,5,2,100,0.0,0,0.3,0.0,0.5,1.0,0.7,1.0,1.0,0.25,1.0,0.25
hete_0.5,0.9730055485908913,0.10023217359399268,1.0,-0.26931922596485136,75,141,200,5,2,100,0.0,0,0.3,0.0,0.5,1.0,0.7,1.0,1.0,0.25,1.0,0.25
hete_0.5,0.9936222253487199,0.09581182659019839,1.0,-0.06656563055163107,76,142,200,5,2,100,0.0,0,0.3,0.0,0.5,1.0,0.7,1.0,1.0,0.25,1.0,0.25
hete_0.5,0.9490933324906028,0.10569309748858197,1.0,-0.48164609344424464,77,143,200,5,2,100,0.0,0,0.3,0.0,0.5,1.0,0.7,1.0,1.0,0.25,1.0,0.25
hete_0.5,0.864916261538309,0.08371475874938071,1.0,-1.6136191572395862,78,144,200,5,2,100,0.0,0,0.3,0.0,0.5,1.0,0.7,1.0,1.0,0.25,1.0,0.25
hete_0.5,0.8143642683038115,0.08682554166829912,1.0,-2.1380313687575416,79,145,200,5,2,100,0.0,0,0.3,0.0,0.5,1.0,0.7,1.0,1.0,0.25,1.0,0.25
hete_0.5,0.9877245244449123,0.09452569495322344,1.0,-0.12986390167416664,80,146,200,5,2,100,0.0,0,0.3,0.0,0.5,1.0,0.7,1.0,1.0,0.25,1.0,0.25
hete_0.5,0.9776281066820809,0.11568602604506031,1.0,-0.19338457791959368,81,147,200,5,2,100,0.0,0,0.3,0.0,0.5,1.0,0.7,1.0,1.0,0.25,1.0,0.25
hete_0.5,1.0490679338081617,0.09872074653895672,1.0,0.49703771019193715,82,148,200,5,2,100,0.0,0,0.3,0.0,0.5,1.0,0.7,1.0,1.0,0.25,1.0,0.25
hete_0.5,0.7926449784252283,0.08585901374456402,1.0,-2.415064097890362,83,149,200,5,2,100,0.0,0,0.3,0.0,0.5,1.0,0.7,1.0,1.0,0.25,1.0,0.25
hete_0.5,1.0258244980644673,0.09564660002729794,1.0,0.26999912236396145,84,150,200,5,2,100,0.0,0,0.3,0.0,0.5,1.0,0.7,1.0,1.0,0.25,1.0,0.25
hete_0.5,0.8856148244948698,0.1047636065071043,1.0,-1.0918407576716387,85,151,200,5,2,100,0.0,0,0.3,0.0,0.5,1.0,0.7,1.0,1.0,0.25,1.0,0.25
hete_0.5,1.133721292659027,0.08241836737820754,1.0,1.6224695648895442,86,152,200,5,2,100,0.0,0,0.3,0.0,0.5,1.0,0.7,1.0,1.0,0.25,1.0,0.25
hete_0.5,0.8956459704795042,0.09253348996685443,1.0,-1.1277433668380548,87,153,200,5,2,100,0.0,0,0.3,0.0,0.5,1.0,0.7,1.0,1.0,0.25,1.0,0.25
hete_0.5,1.0529222167024426,0.08998964589253217,1.0,0.5880922874798682,88,154,200,5,2,100,0.0,0,0.3,0.0,0.5,1.0,0.7,1.0,1.0,0.25,1.0,0.25
hete_0.5,0.9428137710329267,0.08151064755341118,1.0,-0.7015798632884256,89,155,200,5,2,100,0.0,0,0.3,0.0,0.5,1.0,0.7,1.0,1.0,0.25,1.0,0.25
hete_0.5,1.03678243194049,0.10337279959466643,1.0,0.3558231186996673,90,156,200,5,2,100,0.0,0,0.3,0.0,0.5,1.0,0.7,1.0,1.0,0.25,1.0,0.25
hete_0.5,0.8893701143402925,0.107492853786343,1.0,-1.0291836318682155,91,157,200,5,2,100,0.0,0,0.3,0.0,0.5,1.0,0.7,1.0,1.0,0.25,1.0,0.25
hete_0.5,1.113670913089382,0.1003457308412646,1.0,1.1327927171031955,92,158,200,5,2,100,0.0,0,0.3,0.0,0.5,1.0,0.7,1.0,1.0,0.25,1.0,0.25
hete_0.5,1.0232580794242256,0.09714541509431386,1.0,0.23941510159430046,93,159,200,5,2,100,0.0,0,0.3,0.0,0.5,1.0,0.7,1.0,1.0,0.25,1.0,0.25
hete_0.5,0.8618547558797693,0.14033270335055448,1.0,-0.9844123345585419,94,160,200,5,2,100,0.0,0,0.3,0.0,0.5,1.0,0.7,1.0,1.0,0.25,1.0,0.25
hete_0.5,0.8966094633945267,0.09524670907819681,1.0,-1.0855024557393413,95,161,200,5,2,100,0.0,0,0.3,0.0,0.5,1.0,0.7,1.0,1.0,0.25,1.0,0.25
hete_0.5,0.9523121824258006,0.10197113576681668,1.0,-0.4676599629452973,96,162,200,5,2,100,0.0,0,0.3,0.0,0.5,1.0,0.7,1.0,1.0,0.25,1.0,0.25
hete_0.5,1.011030762581919,0.08942850220982307,1.0,0.12334728089304163,97,163,200,5,2,100,0.0,0,0.3,0.0,0.5,1.0,0.7,1.0,1.0,0.25,1.0,0.25
hete_0.5,1.0078882408943828,0.08957132835993763,1.0,0.08806658379212937,98,164,200,5,2,100,0.0,0,0.3,0.0,0.5,1.0,0.7,1.0,1.0,0.25,1.0,0.25
hete_0.5,0.8369524790692537,0.10424935026801983,1.0,-1.5640147445673214,99,165,200,5,2,100,0.0,0,0.3,0.0,0.5,1.0,0.7,1.0,1.0,0.25,1.0,0.25
noise_0.5,1.019708926445432,0.03832188949665944,1.0,0.5142994435895452,0,67,200,5,2,100,0.0,0,0.3,0.0,0.0,0.5,0.7,1.0,1.0,0.25,1.0,0.25
noise_0.5,1.0482974343995157,0.03546153244170151,1.0,1.3619669279356819,1,68,200,5,2,100,0.0,0,0.3,0.0,0.0,0.5,0.7,1.0,1.0,0.25,1.0,0.25
noise_0.5,0.911842587433929,0.04602684613445431,1.0,-1.9153476714121203,2,69,200,5,2,100,0.0,0,0.3,0.0,0.0,0.5,0.7,1.0,1.0,0.25,1.0,0.25
noise_0.5,0.9314604710650418,0.03873089978676333,1.0,-1.7696343052268115,3,70,200,5,2,100,0.0,0,0.3,0.0,0.0,0.5,0.7,1.0,1.0,0.25,1.0,0.25
noise_0.5,1.0712203528771573,0.03475775326408886,1.0,2.049049382911094,4,71,200,5,2,100,0.0,0,0.3,0.0,0.0,0.5,0.7,1.0,1.0,0.25,1.0,0.25
noise_0.5,1.0249728089364487,0.032717526428196524,1.0,0.7632853599508891,5,72,200,5,2,100,0.0,0,0.3,0.0,0.0,0.5,0.7,1.0,1.0,0.25,1.0,0.25
noise_0.5,0.9925855619331998,0.040023077734820195,1.0,-0.18525407056213514,6,73,200,5,2,100,0.0,0,0.3,0.0,0.0,0.5,0.7,1.0,1.0,0.25,1.0,0.25
noise_0.5,0.9722766871968611,0.039628917702231384,1.0,-0.6995727971036129,7,74,200,5,2,100,0.0,0,0.3,0.0,0.0,0.5,0.7,1.0,1.0,0.25,1.0,0.25
noise_0.5,0.9671491378307835,0.037792903109713526,1.0,-0.8692336249969954,8,75,200,5,2,100,0.0,0,0.3,0.0,0.0,0.5,0.7,1.0,1.0,0.25,1.0,0.25
noise_0.5,1.0125788969169283,0.034274436526745604,1.0,0.3670052141371452,9,76,200,5,2,100,0.0,0,0.3,0.0,0.0,0.5,0.7,1.0,1.0,0.25,1.0,0.25
noise_0.5,1.0857856379746569,0.04059794411630626,1.0,2.11305374796555,10,77,200,5,2,100,0.0,0,0.3,0.0,0.0,0.5,0.7,1.0,1.0,0.25,1.0,0.25
noise_0.5,0.8910698338303689,0.035440390900022746,1.0,-3.0736163852403,11,78,200,5,2,100,0.0,0,0.3,0.0,0.0,0.5,0.7,1.0,1.0,0.25,1.0,0.25
noise_0.5,0.9580209579255763,0.04199907335935889,1.0,-0.9995230541216045,12,79,200,5,2,100,0.0,0,0.3,0.0,0.0,0.5,0.7,1.0,1.0,0.25,1.0,0.25
noise_0.5,1.0036759610319093,0.03475670781790221,1.0,0.10576263583905589,13,80,200,5,2,100,0.0,0,0.3,0.0,0.0,0.5,0.7,1.0,1.0,0.25,1.0,0.25
noise_0.5,0.9330856488240631,0.03872442815148917,1.0,-1.7279622804026789,14,81,200,5,2,100,0.0,0,0.3,0.0,0.0,0.5,0.7,1.0,1.0,0.25,1.0,0.25
noise_0.5,1.0553833180849284,0.034698491983190256,1.0,1.5961304056602488,15,82,200,5,2,100,0.0,0,0.3,0.0,0.0,0.5,0.7,1.0,1.0,0.25,1.0,0.25
noise_0.5,1.0162871202303878,0.03431214375354722,1.0,0.47467509892045234,16,83,200,5,2,100,0.0,0,0.3,0.0,0.0,0.5,0.7,1.0,1.0,0.25,1.0,0.25
noise_0.5,0.9864027814435752,0.03664051709201527,1.0,-0.3710978893195788,17,84,200,5,2,100,0.0,0,0.3,0.0,0.0,0.5,0.7,1.0,1.0,0.25,1.0,0.25
noise_0.5,0.9682705529650735,0.03251772680967655,1.0,-0.9757584600127875,18,85,200,5,2,100,0.0,0,0.3,0.0,0.0,0.5,0.7,1.0,1.0,0.25,1.0,0.25
noise_0.5,1.0117304968714242,0.029225896994184555,1.0,0.4013733735446481,19,86,200,5,2,100,0.0,0,0.3,0.0,0.0,0.5,0.7,1.0,1.0,0.25,1.0,0.25
noise_0.5,0.9471087925339166,0.03338684320768903,1.0,-1.5841931247307184,20,87,200,5,2,100,0.0,0,0.3,0.0,0.0,0.5,0.7,1.0,1.0,0.25,1.0,0.25
noise_0.5,0.968180629435832,0.04499601193081907,1.0,-0.7071597948078137,21,88,200,5,2,100,0.0,0,0.3,0.0,0.0,0.5,0.7,1.0,1.0,0.25,1.0,0.25
noise_0.5,1.0060303278073515,0.034299695009678145,1.0,0.17581286963775983,22,89,200,5,2,100,0.0,0,0.3,0.0,0.0,0.5,0.7,1.0,1.0,0.25,1.0,0.25
noise_0.5,1.0078647180294795,0.03534240636691019,1.0,0.2225292173891977,23,90,200,5,2,100,0.0,0,0.3,0.0,0.0,0.5,0.7,1.0,1.0,0.25,1.0,0.25
noise_0.5,1.0512168088257452,0.03361638750104206,1.0,1.52356670758146,24,91,200,5,2,100,0.0,0,0.3,0.0,0.0,0.5,0.7,1.0,1.0,0.25,1.0,0.25
noise_0.5,1.0834569079784804,0.035019294458611995,1.0,2.3831693147648934,25,92,200,5,2,100,0.0,0,0.3,0.0,0.0,0.5,0.7,1.0,1.0,0.25,1.0,0.25
noise_0.5,1.0326530900038042,0.034412845649053836,1.0,0.9488634080658195,26,93,200,5,2,100,0.0,0,0.3,0.0,0.0,0.5,0.7,1.0,1.0,0.25,1.0,0.25
noise_0.5,0.9809727859332346,0.03723970694208534,1.0,-0.510938877589888,27,94,200,5,2,100,0.0,0,0.3,0.0,0.0,0.5,0.7,1.0,1.0,0.25,1.0,0.25
noise_0.5,0.9126168657632802,0.04005608476517905,1.0,-2.18151960554773,28,95,200,5,2,100,0.0,0,0.3,0.0,0.0,0.5,0.7,1.0,1.0,0.25,1.0,0.25
noise_0.5,1.0008607801332596,0.03380700242950704,1.0,0.02546159290680959,29,96,200,5,2,100,0.0,0,0.3,0.0,0.0,0.5,0.7,1.0,1.0,0.25,1.0,0.25
noise_0.5,0.9448937862827578,0.03484774073730764,1.0,-1.581342507471254,30,97,200,5,2,100,0.0,0,0.3,0.0,0.0,0.5,0.7,1.0,1.0,0.25,1.0,0.25
noise_0.5,1.006879775693149,0.03973950410948429,1.0,0.1731218304635806,31,98,200,5,2,100,0.0,0,0.3,0.0,0.0,0.5,0.7,1.0,1.0,0.25,1.0,0.25
noise_0.5,0.9957682543625189,0.03766043709135786,1.0,-0.11236581315335181,32,99,200,5,2,100,0.0,0,0.3,0.0,0.0,0.5,0.7,1.0,1.0,0.25,1.0,0.25
noise_0.5,0.9778339189744844,0.03972375402907757,1.0,-0.5580056962715608,33,100,200,5,2,100,0.0,0,0.3,0.0,0.0,0.5,0.7,1.0,1.0,0.25,1.0,0.25
noise_0.5,1.0543013570108501,0.03595793729632316,1.0,1.510135483116343,34,101,200,5,2,100,0.0,0,0.3,0.0,0.0,0.5,0.7,1.0,1.0,0.25,1.0,0.25
noise_0.5,1.0188705339194517,0.0395152526206869,1.0,0.47755063343749604,35,102,200,5,2,100,0.0,0,0.3,0.0,0.0,0.5,0.7,1.0,1.0,0.25,1.0,0.25
noise_0.5,1.0035918810687652,0.0344703813198499,1.0,0.1042019534230328,36,103,200,5,2,100,0.0,0,0.3,0.0,0.0,0.5,0.7,1.0,1.0,0.25,1.0,0.25
noise_0.5,0.917384865516998,0.03728124967372853,1.0,-2.215996920865543,37,104,200,5,2,100,0.0,0,0.3,0.0,0.0,0.5,0.7,1.0,1.0,0.25,1.0,0.25
noise_0.5,0.9031118776765459,0.03216164567175851,1.0,-3.0125362151020965,38,105,200,5,2,100,0.0,0,0.3,0.0,0.0,0.5,0.7,1.0,1.0,0.25,1.0,0.25
noise_0.5,1.0212537864452826,0.035962426994212364,1.0,0.590999780095574,39,106,200,5,2,100,0.0,0,0.3,0.0,0.0,0.5,0.7,1.0,1.0,0.25,1.0,0.25
noise_0.5,0.9976008677389294,0.03524099550724375,1.0,-0.06807787993893194,40,107,200,5,2,100,0.0,0,0.3,0.0,0.0,0.5,0.7,1.0,1.0,0.25,1.0,0.25
noise_0.5,1.0402888965605854,0.035487245407931536,1.0,1.1353063924082625,41,108,200,5,2,100,0.0,0,0.3,0.0,0.0,0.5,0.7,1.0,1.0,0.25,1.0,0.25
noise_0.5,0.9611799216756755,0.04005736675619002,1.0,-0.9691120876867356,42,109,200,5,2,100,0.0,0,0.3,0.0,0.0,0.5,0.7,1.0,1.0,0.25,1.0,0.25
noise_0.5,0.9780962318351362,0.0369834276605461,1.0,-0.5922590076265635,43,110,200,5,2,100,0.0,0,0.3,0.0,0.0,0.5,0.7,1.0,1.0,0.25,1.0,0.25
noise_0.5,1.011754797868139,0.04021196623443541,1.0,0.29232089273149603,44,111,200,5,2,100,0.0,0,0.3,0.0,0.0,0.5,0.7,1.0,1.0,0.25,1.0,0.25
noise_0.5,1.029809231981864,0.04333266885609274,1.0,0.6879159019920976,45,112,200,5,2,100,0.0,0,0.3,0.0,0.0,0.5,0.7,1.0,1.0,0.25,1.0,0.25
noise_0.5,1.0303287216780115,0.037967863968744825,1.0,0.7987997877093668,46,113,200,5,2,100,0.0,0,0.3,0.0,0.0,0.5,0.7,1.0,1.0,0.25,1.0,0.25
noise_0.5,1.020698785976969,0.046140011926940006,1.0,0.4486081626884765,47,114,200,5,2,100,0.0,0,0.3,0.0,0.0,0.5,0.7,1.0,1.0,0.25,1.0,0.25
noise_0.5,1.057153633370388,0.032302351681341684,1.0,1.769333512748569,48,115,200,5,2,100,0.0,0,0.3,0.0,0.0,0.5,0.7,1.0,1.0,0.25,1.0,0.25
noise_0.5,1.0249039499636867,0.040711461392901514,1.0,0.6117183984957365,49,116,200,5,2,100,0.0,0,0.3,0.0,0.0,0.5,0.7,1.0,1.0,0.25,1.0,0.25
noise_0.5,0.9969983707656932,0.03762327137096794,1.0,-0.07978118661480921,50,117,200,5,2,100,0.0,0,0.3,0.0,0.0,0.5,0.7,1.0,1.0,0.25,1.0,0.25
noise_0.5,0.9711431761413092,0.031624743617893844,1.0,-0.9124761360077276,51,118,200,5,2,100,0.0,0,0.3,0.0,0.0,0.5,0.7,1.0,1.0,0.25,1.0,0.25
noise_0.5,0.9443237419226007,0.03080887977348034,1.0,-1.8071497077061622,52,119,200,5,2,100,0.0,0,0.3,0.0,0.0,0.5,0.7,1.0,1.0,0.25,1.0,0.25
noise_0.5,1.069956301775933,0.03943636140011364,1.0,1.7739035573330417,53,120,200,5,2,100,0.0,0,0.3,0.0,0.0,0.5,0.7,1.0,1.0,0.25,1.0,0.25
noise_0.5,1.0141433788713867,0.03589747307602907,1.0,0.3939937176478063,54,121,200,5,2,100,0.0,0,0.3,0.0,0.0,0.5,0.7,1.0,1.0,0.25,1.0,0.25
noise_0.5,0.9938749683489847,0.03852343682599969,1.0,-0.15899494322587232,55,122,200,5,2,100,0.0,0,0.3,0.0,0.0,0.5,0.7,1.0,1.0,0.25,1.0,0.25
noise_0.5,0.9748732269975898,0.0374580690010021,1.0,-0.670797338798697,56,123,200,5,2,100,0.0,0,0.3,0.0,0.0,0.5,0.7,1.0,1.0,0.25,1.0,0.25
noise_0.5,0.9949165625725236,0.038891789531059776,1.0,-0.1307072132388425,57,124,200,5,2,100,0.0,0,0.3,0.0,0.0,0.5,0.7,1.0,1.0,0.25,1.0,0.25
noise_0.5,0.9019220395750748,0.03458426565639317,1.0,-2.8359127644740014,58,125,200,5,2,100,0.0,0,0.3,0.0,0.0,0.5,0.7,1.0,1.0,0.25,1.0,0.25
noise_0.5,0.9794346969433837,0.04237987040452027,1.0,-0.4852611124177197,59,126,200,5,2,100,0.0,0,0.3,0.0,0.0,0.5,0.7,1.0,1.0,0.25,1.0,0.25
noise_0.5,1.0662530967975268,0.030704671174855935,1.0,2.1577530148501136,60,127,200,5,2,100,0.0,0,0.3,0.0,0.0,0.5,0.7,1.0,1.0,0.25,1.0,0.25
noise_0.5,0.9598059800847422,0.03430503573179208,1.0,-1.171665298048594,61,128,200,5,2,100,0.0,0,0.3,0.0,0.0,0.5,0.7,1.0,1.0,0.25,1.0,0.25
noise_0.5,1.0362366744053024,0.03083903158747421,1.0,1.175026339673408,62,129,200,5,2,100,0.0,0,0.3,0.0,0.0,0.5,0.7,1.0,1.0,0.25,1.0,0.25
noise_0.5,0.9994089666831999,0.033629053409289844,1.0,-0.017575080380848155,63,130,200,5,2,100,0.0,0,0.3,0.0,0.0,0.5,0.7,1.0,1.0,0.25,1.0,0.25
noise_0.5,1.0266831374397853,0.0341589793268687,1.0,0.7811456303905713,64,131,200,5,2,100,0.0,0,0.3,0.0,0.0,0.5,0.7,1.0,1.0,0.25,1.0,0.25
noise_0.5,0.9768525371729033,0.03645609753330934,1.0,-0.6349407751596895,65,132,200,5,2,100,0.0,0,0.3,0.0,0.0,0.5,0.7,1.0,1.0,0.25,1.0,0.25
noise_0.5,0.9957324265042125,0.037050558947676504,1.0,-0.11518243224924876,66,133,200,5,2,100,0.0,0,0.3,0.0,0.0,0.5,0.7,1.0,1.0,0.25,1.0,0.25
noise_0.5,1.0264472178572053,0.04176435388765742,1.0,0.6332485815139403,67,134,200,5,2,100,0.0,0,0.3,0.0,0.0,0.5,0.7,1.0,1.0,0.25,1.0,0.25
noise_0.5,0.9074230375663734,0.030595456171698586,1.0,-3.025840239612512,68,135,200,5,2,100,0.0,0,0.3,0.0,0.0,0.5,0.7,1.0,1.0,0.25,1.0,0.25
noise_0.5,1.065181020039433,0.03759608996437003,1.0,1.733718056883183,69,136,200,5,2,100,0.0,0,0.3,0.0,0.0,0.5,0.7,1.0,1.0,0.25,1.0,0.25
noise_0.5,0.9542713261120209,0.037044199040900165,1.0,-1.234435487118792,70,137,200,5,2,100,0.0,0,0.3,0.0,0.0,0.5,0.7,1.0,1.0,0.25,1.0,0.25
noise_0.5,0.9299753607387964,0.047177501754541266,1.0,-1.4842803594292295,71,138,200,5,2,100,0.0,0,0.3,0.0,0.0,0.5,0.7,1.0,1.0,0.25,1.0,0.25
noise_0.5,1.0325482828045252,0.033691970526059385,1.0,0.9660545909403062,72,139,200,5,2,100,0.0,0,0.3,0.0,0.0,0.5,0.7,1.0,1.0,0.25,1.0,0.25
noise_0.5,1.0183434542753729,0.03464532573217313,1.0,0.5294640442170343,73,140,200,5,2,100,0.0,0,0.3,0.0,0.0,0.5,0.7,1.0,1.0,0.25,1.0,0.25
noise_0.5,0.9898850878614963,0.04321949183187031,1.0,-0.23403588773908,74,141,200,5,2,100,0.0,0,0.3,0.0,0.0,0.5,0.7,1.0,1.0,0.25,1.0,0.25
noise_0.5,1.028160481820853,0.041068654029997056,1.0,0.685692835228644,75,142,200,5,2,100,0.0,0,0.3,0.0,0.0,0.5,0.7,1.0,1.0,0.25,1.0,0.25
noise_0.5,0.9754811413525198,0.04520626889832862,1.0,-0.5423774012985769,76,143,200,5,2,100,0.0,0,0.3,0.0,0.0,0.5,0.7,1.0,1.0,0.25,1.0,0.25
noise_0.5,0.9100795634804781,0.038015835046343836,1.0,-2.3653416111970933,77,144,200,5,2,100,0.0,0,0.3,0.0,0.0,0.5,0.7,1.0,1.0,0.25,1.0,0.25
noise_0.5,0.9303541630244925,0.041826428942971644,1.0,-1.6651155438219774,78,145,200,5,2,100,0.0,0,0.3,0.0,0.0,0.5,0.7,1.0,1.0,0.25,1.0,0.25
noise_0.5,0.9582992110650971,0.042244644095012315,1.0,-0.9871260565271609,79,146,200,5,2,100,0.0,0,0.3,0.0,0.0,0.5,0.7,1.0,1.0,0.25,1.0,0.25
noise_0.5,0.9987387186318939,0.0361669828606767,1.0,-0.0348738343191314,80,147,200,5,2,100,0.0,0,0.3,0.0,0.0,0.5,0.7,1.0,1.0,0.25,1.0,0.25
noise_0.5,1.019958913515242,0.0375223970456686,1.0,0.5319200020976804,81,148,200,5,2,100,0.0,0,0.3,0.0,0.0,0.5,0.7,1.0,1.0,0.25,1.0,0.25
noise_0.5,0.9266815628716942,0.03493808168120834,1.0,-2.0985249790557488,82,149,200,5,2,100,0.0,0,0.3,0.0,0.0,0.5,0.7,1.0,1.0,0.25,1.0,0.25
noise_0.5,1.036311432296081,0.03947157682823891,1.0,0.9199387309529232,83,150,200,5,2,100,0.0,0,0.3,0.0,0.0,0.5,0.7,1.0,1.0,0.25,1.0,0.25
noise_0.5,0.9590838191911205,0.033255948100739875,1.0,-1.2303417327010198,84,151,200,5,2,100,0.0,0,0.3,0.0,0.0,0.5,0.7,1.0,1.0,0.25,1.0,0.25
noise_0.5,1.0126219103658602,0.03789370930855538,1.0,0.3330872220263366,85,152,200,5,2,100,0.0,0,0.3,0.0,0.0,0.5,0.7,1.0,1.0,0.25,1.0,0.25
noise_0.5,0.9736665018671181,0.037251456475123,1.0,-0.7069119069335646,86,153,200,5,2,100,0.0,0,0.3,0.0,0.0,0.5,0.7,1.0,1.0,0.25,1.0,0.25
noise_0.5,1.0208366579155441,0.03723151642578302,1.0,0.5596510675862406,87,154,200,5,2,100,0.0,0,0.3,0.0,0.0,0.5,0.7,1.0,1.0,0.25,1.0,0.25
noise_0.5,0.950750503550909,0.03435261046246898,1.0,-1.4336464037543015,88,155,200,5,2,100,0.0,0,0.3,0.0,0.0,0.5,0.7,1.0,1.0,0.25,1.0,0.25
noise_0.5,1.039927705293143,0.039605107702205586,1.0,1.0081453532045184,89,156,200,5,2,100,0.0,0,0.3,0.0,0.0,0.5,0.7,1.0,1.0,0.25,1.0,0.25
noise_0.5,0.9345784826757286,0.039500965699586534,1.0,-1.6562004539791835,90,157,200,5,2,100,0.0,0,0.3,0.0,0.0,0.5,0.7,1.0,1.0,0.25,1.0,0.25
noise_0.5,0.9947338285763356,0.044998169205982964,1.0,-0.11703079295422038,91,158,200,5,2,100,0.0,0,0.3,0.0,0.0,0.5,0.7,1.0,1.0,0.25,1.0,0.25
noise_0.5,0.9954655817869195,0.034693036177707526,1.0,-0.13070110640804014,92,159,200,5,2,100,0.0,0,0.3,0.0,0.0,0.5,0.7,1.0,1.0,0.25,1.0,0.25
noise_0.5,0.9581442338515695,0.041361940130154526,1.0,-1.011939140589682,93,160,200,5,2,100,0.0,0,0.3,0.0,0.0,0.5,0.7,1.0,1.0,0.25,1.0,0.25
noise_0.5,1.00559336687501,0.03431603313629008,1.0,0.16299573009489202,94,161,200,5,2,100,0.0,0,0.3,0.0,0.0,0.5,0.7,1.0,1.0,0.25,1.0,0.25
noise_0.5,0.9635927024806499,0.034548135373988445,1.0,-1.053813675477301,95,162,200,5,2,100,0.0,0,0.3,0.0,0.0,0.5,0.7,1.0,1.0,0.25,1.0,0.25
noise_0.5,1.0299187182350897,0.030941176288906806,1.0,0.9669547775343096,96,163,200,5,2,100,0.0,0,0.3,0.0,0.0,0.5,0.7,1.0,1.0,0.25,1.0,0.25
noise_0.5,0.9295233135266282,0.04198166723935465,1.0,-1.678749109023122,97,164,200,5,2,100,0.0,0,0.3,0.0,0.0,0.5,0.7,1.0,1.0,0.25,1.0,0.25
noise_0.5,1.0058395402705609,0.03624679916179874,1.0,0.16110499149164315,98,165,200,5,2,100,0.0,0,0.3,0.0,0.0,0.5,0.7,1.0,1.0,0.25,1.0,0.25
noise_0.5,1.0199265598867264,0.03575885805248793,1.0,0.557248216860774,99,166,200,5,2,100,0.0,0,0.3,0.0,0.0,0.5,0.7,1.0,1.0,0.25,1.0,0.25
noise_1.0,1.0779215264944644,0.0674479082514562,1.0,1.1552845523979915,0,68,200,5,2,100,0.0,0,0.3,0.0,0.0,1.0,0.7,1.0,1.0,0.25,1.0,0.25
noise_1.0,0.8006282303153478,0.08959282320996535,1.0,-2.2253096011654225,1,69,200,5,2,100,0.0,0,0.3,0.0,0.0,1.0,0.7,1.0,1.0,0.25,1.0,0.25
noise_1.0,0.8673934946604208,0.07215117336147434,1.0,-1.8378981125535712,2,70,200,5,2,100,0.0,0,0.3,0.0,0.0,1.0,0.7,1.0,1.0,0.25,1.0,0.25
noise_1.0,1.1576999183698535,0.06207936349277299,1.0,2.5402953493267093,3,71,200,5,2,100,0.0,0,0.3,0.0,0.0,1.0,0.7,1.0,1.0,0.25,1.0,0.25
noise_1.0,1.0641402774203657,0.06374658597373463,1.0,1.0061758828432512,4,72,200,5,2,100,0.0,0,0.3,0.0,0.0,1.0,0.7,1.0,1.0,0.25,1.0,0.25
noise_1.0,1.001710896606037,0.08070065354431809,1.0,0.02120052974660861,5,73,200,5,2,100,0.0,0,0.3,0.0,0.0,1.0,0.7,1.0,1.0,0.25,1.0,0.25
noise_1.0,0.9431244506743597,0.0762306383995693,1.0,-0.7460982948551781,6,74,200,5,2,100,0.0,0,0.3,0.0,0.0,1.0,0.7,1.0,1.0,0.25,1.0,0.25
noise_1.0,0.9158460993223039,0.0754410553262487,1.0,-1.115492092651253,7,75,200,5,2,100,0.0,0,0.3,0.0,0.0,1.0,0.7,1.0,1.0,0.25,1.0,0.25
noise_1.0,1.0062480799652698,0.06271010265291718,1.0,0.09963434440302449,8,76,200,5,2,100,0.0,0,0.3,0.0,0.0,1.0,0.7,1.0,1.0,0.25,1.0,0.25
noise_1.0,1.154403408942796,0.08006891830457222,1.0,1.9283813521179909,9,77,200,5,2,100,0.0,0,0.3,0.0,0.0,1.0,0.7,1.0,1.0,0.25,1.0,0.25
noise_1.0,0.7543149960200178,0.06724839816298418,1.0,-3.653395630101649,10,78,200,5,2,100,0.0,0,0.3,0.0,0.0,1.0,0.7,1.0,1.0,0.25,1.0,0.25
noise_1.0,0.9009961704781826,0.08168526911814834,1.0,-1.212015710918694,11,79,200,5,2,100,0.0,0,0.3,0.0,0.0,1.0,0.7,1.0,1.0,0.25,1.0,0.25
noise_1.0,0.9901280370091211,0.0675463851274226,1.0,-0.14615087057961676,12,80,200,5,2,100,0.0,0,0.3,0.0,0.0,1.0,0.7,1.0,1.0,0.25,1.0,0.25
noise_1.0,0.8782759324701939,0.07549662576671776,1.0,-1.612311362178354,13,81,200,5,2,100,0.0,0,0.3,0.0,0.0,1.0,0.7,1.0,1.0,0.25,1.0,0.25
noise_1.0,1.1259948490323466,0.06753148935365651,1.0,1.8657199809783933,14,82,200,5,2,100,0.0,0,0.3,0.0,0.0,1.0,0.7,1.0,1.0,0.25,1.0,0.25
noise_1.0,1.0329360783599195,0.06564266687154914,1.0,0.5017480234977272,15,83,200,5,2,100,0.0,0,0.3,0.0,0.0,1.0,0.7,1.0,1.0,0.25,1.0,0.25
noise_1.0,0.9346253448860147,0.0718184087962036,1.0,-0.9102771310277359,16,84,200,5,2,100,0.0,0,0.3,0.0,0.0,1.0,0.7,1.0,1.0,0.25,1.0,0.25
noise_1.0,0.9425466621892045,0.062418790533719126,1.0,-0.9204493922348397,17,85,200,5,2,100,0.0,0,0.3,0.0,0.0,1.0,0.7,1.0,1.0,0.25,1.0,0.25
noise_1.0,1.0159237063385864,0.05307450873717496,1.0,0.30002550598142386,18,86,200,5,2,100,0.0,0,0.3,0.0,0.0,1.0,0.7,1.0,1.0,0.25,1.0,0.25
noise_1.0,0.9147833083041772,0.06279844680978935,1.0,-1.356987250877975,19,87,200,5,2,100,0.0,0,0.3,0.0,0.0,1.0,0.7,1.0,1.0,0.25,1.0,0.25
noise_1.0,0.9589958636366887,0.08253712022073403,1.0,-0.49679630514914375,20,88,200,5,2,100,0.0,0,0.3,0.0,0.0,1.0,0.7,1.0,1.0,0.25,1.0,0.25
noise_1.0,1.0062964851983793,0.06326311902384658,1.0,0.09952852934750049,21,89,200,5,2,100,0.0,0,0.3,0.0,0.0,1.0,0.7,1.0,1.0,0.25,1.0,0.25
noise_1.0,1.041481905327598,0.06743787788253051,1.0,0.6151128509686365,22,90,200,5,2,100,0.0,0,0.3,0.0,0.0,1.0,0.7,1.0,1.0,0.25,1.0,0.25
noise_1.0,1.087087393976969,0.06222442659101292,1.0,1.399569248735303,23,91,200,5,2,100,0.0,0,0.3,0.0,0.0,1.0,0.7,1.0,1.0,0.25,1.0,0.25
noise_1.0,1.1822023473492658,0.06656958789654675,1.0,2.7370208094485946,24,92,200,5,2,100,0.0,0,0.3,0.0,0.0,1.0,0.7,1.0,1.0,0.25,1.0,0.25
noise_1.0,1.0205095092056018,0.06824057970869139,1.0,0.3005471127759136,25,93,200,5,2,100,0.0,0,0.3,0.0,0.0,1.0,0.7,1.0,1.0,0.25,1.0,0.25
noise_1.0,0.9765935440720327,0.07049101746116417,1.0,-0.3320487740280199,26,94,200,5,2,100,0.0,0,0.3,0.0,0.0,1.0,0.7,1.0,1.0,0.25,1.0,0.25
noise_1.0,0.826727639920382,0.07737447794796597,1.0,-2.2393994075946204,27,95,200,5,2,100,0.0,0,0.3,0.0,0.0,1.0,0.7,1.0,1.0,0.25,1.0,0.25
noise_1.0,0.9971735631827661,0.06941458136740361,1.0,-0.04071820014693917,28,96,200,5,2,100,0.0,0,0.3,0.0,0.0,1.0,0.7,1.0,1.0,0.25,1.0,0.25
noise_1.0,0.8917616475382056,0.06557092008138886,1.0,-1.6507066292107115,29,97,200,5,2,100,0.0,0,0.3,0.0,0.0,1.0,0.7,1.0,1.0,0.25,1.0,0.25
noise_1.0,1.014375247176272,0.07254655287903392,1.0,0.19815203625514224,30,98,200,5,2,100,0.0,0,0.3,0.0,0.0,1.0,0.7,1.0,1.0,0.25,1.0,0.25
noise_1.0,1.0021717911060637,0.07382239634570233,1.0,0.029419135839121615,31,99,200,5,2,100,0.0,0,0.3,0.0,0.0,1.0,0.7,1.0,1.0,0.25,1.0,0.25
noise_1.0,0.9692152798355093,0.07453473023972818,1.0,-0.41302517719561027,32,100,200,5,2,100,0.0,0,0.3,0.0,0.0,1.0,0.7,1.0,1.0,0.25,1.0,0.25
noise_1.0,1.1045458840661753,0.06883043846439608,1.0,1.5188902816630132,33,101,200,5,2,100,0.0,0,0.3,0.0,0.0,1.0,0.7,1.0,1.0,0.25,1.0,0.25
noise_1.0,1.0344293407434548,0.07869382071326513,1.0,0.4375100920427314,34,102,200,5,2,100,0.0,0,0.3,0.0,0.0,1.0,0.7,1.0,1.0,0.25,1.0,0.25
noise_1.0,0.9916627890847014,0.0643647163221552,1.0,-0.12953076455071424,35,103,200,5,2,100,0.0,0,0.3,0.0,0.0,1.0,0.7,1.0,1.0,0.25,1.0,0.25
noise_1.0,0.8740490030720347,0.07513977629724206,1.0,-1.6762226763854262,36,104,200,5,2,100,0.0,0,0.3,0.0,0.0,1.0,0.7,1.0,1.0,0.25,1.0,0.25
noise_1.0,0.8099423131256553,0.06141610162326566,1.0,-3.0945905365368707,37,105,200,5,2,100,0.0,0,0.3,0.0,0.0,1.0,0.7,1.0,1.0,0.25,1.0,0.25
noise_1.0,1.0156929609233272,0.07241442580483641,1.0,0.2167104240475669,38,106,200,5,2,100,0.0,0,0.3,0.0,0.0,1.0,0.7,1.0,1.0,0.25,1.0,0.25
noise_1.0,0.9682519587128755,0.06323424897689907,1.0,-0.5020703463833782,39,107,200,5,2,100,0.0,0,0.3,0.0,0.0,1.0,0.7,1.0,1.0,0.25,1.0,0.25
noise_1.0,1.0632828873915667,0.06740117117925075,1.0,0.9388989283771998,40,108,200,5,2,100,0.0,0,0.3,0.0,0.0,1.0,0.7,1.0,1.0,0.25,1.0,0.25
noise_1.0,0.9424544774020455,0.07898578694457793,1.0,-0.7285554126128108,41,109,200,5,2,100,0.0,0,0.3,0.0,0.0,1.0,0.7,1.0,1.0,0.25,1.0,0.25
noise_1.0,0.9377433266089942,0.06851449505789725,1.0,-0.9086642664212392,42,110,200,5,2,100,0.0,0,0.3,0.0,0.0,1.0,0.7,1.0,1.0,0.25,1.0,0.25
noise_1.0,1.0212563300474515,0.0766077733027234,1.0,0.27746962391734037,43,111,200,5,2,100,0.0,0,0.3,0.0,0.0,1.0,0.7,1.0,1.0,0.25,1.0,0.25
noise_1.0,1.0343673635536532,0.08416100812165352,1.0,0.40835256516860746,44,112,200,5,2,100,0.0,0,0.3,0.0,0.0,1.0,0.7,1.0,1.0,0.25,1.0,0.25
noise_1.0,1.0360945710908605,0.06906904243608374,1.0,0.5225868177376608,45,113,200,5,2,100,0.0,0,0.3,0.0,0.0,1.0,0.7,1.0,1.0,0.25,1.0,0.25
noise_1.0,1.06747811465231,0.08599647575299503,1.0,0.784661395266072,46,114,200,5,2,100,0.0,0,0.3,0.0,0.0,1.0,0.7,1.0,1.0,0.25,1.0,0.25
noise_1.0,1.0949161745380567,0.06093632488162397,1.0,1.557628798954361,47,115,200,5,2,100,0.0,0,0.3,0.0,0.0,1.0,0.7,1.0,1.0,0.25,1.0,0.25
noise_1.0,1.0011002970918341,0.0773319651161328,1.0,0.014228231368254504,48,116,200,5,2,100,0.0,0,0.3,0.0,0.0,1.0,0.7,1.0,1.0,0.25,1.0,0.25
noise_1.0,0.9733452360527316,0.07133239689376364,1.0,-0.3736698205580519,49,117,200,5,2,100,0.0,0,0.3,0.0,0.0,1.0,0.7,1.0,1.0,0.25,1.0,0.25
noise_1.0,0.9569891762565584,0.05848346130360126,1.0,-0.7354356733463904,50,118,200,5,2,100,0.0,0,0.3,0.0,0.0,1.0,0.7,1.0,1.0,0.25,1.0,0.25
noise_1.0,0.9028038920240196,0.05786038387358083,1.0,-1.679838629974254,51,119,200,5,2,100,0.0,0,0.3,0.0,0.0,1.0,0.7,1.0,1.0,0.25,1.0,0.25
noise_1.0,1.1336094129633079,0.07374822596501712,1.0,1.8116966369697656,52,120,200,5,2,100,0.0,0,0.3,0.0,0.0,1.0,0.7,1.0,1.0,0.25,1.0,0.25
noise_1.0,0.9771150847718962,0.07151867692421697,1.0,-0.3199851592941688,53,121,200,5,2,100,0.0,0,0.3,0.0,0.0,1.0,0.7,1.0,1.0,0.25,1.0,0.25
noise_1.0,0.9794840101973401,0.07412729748373473,1.0,-0.2767670008091363,54,122,200,5,2,100,0.0,0,0.3,0.0,0.0,1.0,0.7,1.0,1.0,0.25,1.0,0.25
noise_1.0,0.9620035298407805,0.0739971830613056,1.0,-0.5134853596756508,55,123,200,5,2,100,0.0,0,0.3,0.0,0.0,1.0,0.7,1.0,1.0,0.25,1.0,0.25
noise_1.0,0.9799828066230989,0.0735604535459904,1.0,-0.2721189499516374,56,124,200,5,2,100,0.0,0,0.3,0.0,0.0,1.0,0.7,1.0,1.0,0.25,1.0,0.25
noise_1.0,0.8410188771406426,0.06120004776158508,1.0,-2.59772873836136,57,125,200,5,2,100,0.0,0,0.3,0.0,0.0,1.0,0.7,1.0,1.0,0.25,1.0,0.25
noise_1.0,0.9525609653167446,0.08314679125094677,1.0,-0.5705455853380897,58,126,200,5,2,100,0.0,0,0.3,0.0,0.0,1.0,0.7,1.0,1.0,0.25,1.0,0.25
noise_1.0,1.1418293432203164,0.05861466441844546,1.0,2.419690441419367,59,127,200,5,2,100,0.0,0,0.3,0.0,0.0,1.0,0.7,1.0,1.0,0.25,1.0,0.25
noise_1.0,0.9487668732875241,0.06608954392743939,1.0,-0.775207750998032,60,128,200,5,2,100,0.0,0,0.3,0.0,0.0,1.0,0.7,1.0,1.0,0.25,1.0,0.25
noise_1.0,1.0681226734731266,0.06178296763181506,1.0,1.102612517402724,61,129,200,5,2,100,0.0,0,0.3,0.0,0.0,1.0,0.7,1.0,1.0,0.25,1.0,0.25
noise_1.0,1.0019115014857702,0.06461997004161484,1.0,0.029580661899707553,62,130,200,5,2,100,0.0,0,0.3,0.0,0.0,1.0,0.7,1.0,1.0,0.25,1.0,0.25
noise_1.0,1.0442242276801503,0.065871947761812,1.0,0.6713666315145531,63,131,200,5,2,100,0.0,0,0.3,0.0,0.0,1.0,0.7,1.0,1.0,0.25,1.0,0.25
noise_1.0,0.9558915785544024,0.07098133699584688,1.0,-0.621408715479371,64,132,200,5,2,100,0.0,0,0.3,0.0,0.0,1.0,0.7,1.0,1.0,0.25,1.0,0.25
noise_1.0,0.9800512307956019,0.06828188713417023,1.0,-0.2921531615727006,65,133,200,5,2,100,0.0,0,0.3,0.0,0.0,1.0,0.7,1.0,1.0,0.25,1.0,0.25
noise_1.0,1.0534539264244354,0.08300866498757765,1.0,0.6439559825764551,66,134,200,5,2,100,0.0,0,0.3,0.0,0.0,1.0,0.7,1.0,1.0,0.25,1.0,0.25
noise_1.0,0.8462498613091575,0.06270553488871414,1.0,-2.451938875311544,67,135,200,5,2,100,0.0,0,0.3,0.0,0.0,1.0,0.7,1.0,1.0,0.25,1.0,0.25
noise_1.0,1.1325866255889463,0.0731186305430415,1.0,1.813308381246265,68,136,200,5,2,100,0.0,0,0.3,0.0,0.0,1.0,0.7,1.0,1.0,0.25,1.0,0.25
noise_1.0,0.9205897137765199,0.07009273627525879,1.0,-1.1329317479008196,69,137,200,5,2,100,0.0,0,0.3,0.0,0.0,1.0,0.7,1.0,1.0,0.25,1.0,0.25
noise_1.0,0.8641735241259978,0.08704826107402612,1.0,-1.5603582908852704,70,138,200,5,2,100,0.0,0,0.3,0.0,0.0,1.0,0.7,1.0,1.0,0.25,1.0,0.25
noise_1.0,1.0478508990502358,0.06560448945712953,1.0,0.7293845199649761,71,139,200,5,2,100,0.0,0,0.3,0.0,0.0,1.0,0.7,1.0,1.0,0.25,1.0,0.25
noise_1.0,1.0003316275653658,0.06685349012938396,1.0,0.004960512378993894,72,140,200,5,2,100,0.0,0,0.3,0.0,0.0,1.0,0.7,1.0,1.0,0.25,1.0,0.25
noise_1.0,0.9668218929350945,0.07689160361877063,1.0,-0.4314919380457057,73,141,200,5,2,100,0.0,0,0.3,0.0,0.0,1.0,0.7,1.0,1.0,0.25,1.0,0.25
noise_1.0,1.0607447066049667,0.07896530738560133,1.0,0.7692581541959902,74,142,200,5,2,100,0.0,0,0.3,0.0,0.0,1.0,0.7,1.0,1.0,0.25,1.0,0.25
noise_1.0,0.966442568838609,0.08518924124461688,1.0,-0.39391630528827465,75,143,200,5,2,100,0.0,0,0.3,0.0,0.0,1.0,0.7,1.0,1.0,0.25,1.0,0.25
noise_1.0,0.8032356164389737,0.07201292951930137,1.0,-2.7323479946512697,76,144,200,5,2,100,0.0,0,0.3,0.0,0.0,1.0,0.7,1.0,1.0,0.25,1.0,0.25
noise_1.0,0.8717279059192166,0.0796582739308741,1.0,-1.6102796075156671,77,145,200,5,2,100,0.0,0,0.3,0.0,0.0,1.0,0.7,1.0,1.0,0.25,1.0,0.25
noise_1.0,0.9337297124966526,0.08029490839563437,1.0,-0.825336111933973,78,146,200,5,2,100,0.0,0,0.3,0.0,0.0,1.0,0.7,1.0,1.0,0.25,1.0,0.25
noise_1.0,0.9718617659106269,0.06725642441544548,1.0,-0.41837243555444115,79,147,200,5,2,100,0.0,0,0.3,0.0,0.0,1.0,0.7,1.0,1.0,0.25,1.0,0.25
noise_1.0,1.0474289948982274,0.07089769936861182,1.0,0.6689779121270808,80,148,200,5,2,100,0.0,0,0.3,0.0,0.0,1.0,0.7,1.0,1.0,0.25,1.0,0.25
noise_1.0,0.8468882198370592,0.06963337838513134,1.0,-2.1988273973453287,81,149,200,5,2,100,0.0,0,0.3,0.0,0.0,1.0,0.7,1.0,1.0,0.25,1.0,0.25
noise_1.0,1.0577768010854638,0.07598850089570425,1.0,0.7603361088115637,82,150,200,5,2,100,0.0,0,0.3,0.0,0.0,1.0,0.7,1.0,1.0,0.25,1.0,0.25
noise_1.0,0.9050395603475232,0.06570987892991827,1.0,-1.44514707984404,83,151,200,5,2,100,0.0,0,0.3,0.0,0.0,1.0,0.7,1.0,1.0,0.25,1.0,0.25
noise_1.0,1.0319890721795473,0.07558758954785269,1.0,0.4232053485353672,84,152,200,5,2,100,0.0,0,0.3,0.0,0.0,1.0,0.7,1.0,1.0,0.25,1.0,0.25
noise_1.0,0.9363202220996258,0.06973389233627952,1.0,-0.9131826113088531,85,153,200,5,2,100,0.0,0,0.3,0.0,0.0,1.0,0.7,1.0,1.0,0.25,1.0,0.25
noise_1.0,1.0801913359161277,0.07128112938062416,1.0,1.1250009169737643,86,154,200,5,2,100,0.0,0,0.3,0.0,0.0,1.0,0.7,1.0,1.0,0.25,1.0,0.25
noise_1.0,0.901050498312056,0.06708790007592946,1.0,-1.474923221265741,87,155,200,5,2,100,0.0,0,0.3,0.0,0.0,1.0,0.7,1.0,1.0,0.25,1.0,0.25
noise_1.0,1.0987405175894143,0.07407636396336524,1.0,1.332955781121314,88,156,200,5,2,100,0.0,0,0.3,0.0,0.0,1.0,0.7,1.0,1.0,0.25,1.0,0.25
noise_1.0,0.8847986516167208,0.07689599514907931,1.0,-1.4981449704882133,89,157,200,5,2,100,0.0,0,0.3,0.0,0.0,1.0,0.7,1.0,1.0,0.25,1.0,0.25
noise_1.0,0.9752078016659775,0.085829137561464,1.0,-0.28885526568722963,90,158,200,5,2,100,0.0,0,0.3,0.0,0.0,1.0,0.7,1.0,1.0,0.25,1.0,0.25
noise_1.0,0.9960618189171304,0.06793170450186885,1.0,-0.0579726522652062,91,159,200,5,2,100,0.0,0,0.3,0.0,0.0,1.0,0.7,1.0,1.0,0.25,1.0,0.25
noise_1.0,0.9419369128603154,0.08136939410131276,1.0,-0.7135740382605086,92,160,200,5,2,100,0.0,0,0.3,0.0,0.0,1.0,0.7,1.0,1.0,0.25,1.0,0.25
noise_1.0,1.013600414394711,0.06994721265635956,1.0,0.19443826105734757,93,161,200,5,2,100,0.0,0,0.3,0.0,0.0,1.0,0.7,1.0,1.0,0.25,1.0,0.25
noise_1.0,0.9229458320687748,0.06700423752467854,1.0,-1.1499894749618655,94,162,200,5,2,100,0.0,0,0.3,0.0,0.0,1.0,0.7,1.0,1.0,0.25,1.0,0.25
noise_1.0,1.0482902120830007,0.056582673190336046,1.0,0.8534452220127401,95,163,200,5,2,100,0.0,0,0.3,0.0,0.0,1.0,0.7,1.0,1.0,0.25,1.0,0.25
noise_1.0,0.8545504648630785,0.08165679928587917,1.0,-1.7812299331952133,96,164,200,5,2,100,0.0,0,0.3,0.0,0.0,1.0,0.7,1.0,1.0,0.25,1.0,0.25
noise_1.0,1.0197451599309868,0.06801454901473167,1.0,0.29030788584233763,97,165,200,5,2,100,0.0,0,0.3,0.0,0.0,1.0,0.7,1.0,1.0,0.25,1.0,0.25
noise_1.0,1.029804191931417,0.06793416621172012,1.0,0.4387216859117799,98,166,200,5,2,100,0.0,0,0.3,0.0,0.0,1.0,0.7,1.0,1.0,0.25,1.0,0.25
noise_1.0,1.0842363083872413,0.06441525944718107,1.0,1.307707352421874,99,167,200,5,2,100,0.0,0,0.3,0.0,0.0,1.0,0.7,1.0,1.0,0.25,1.0,0.25
noise_2.0,0.6498989378268545,0.17439610328823751,1.0,-2.007505073634055,0,69,200,5,2,100,0.0,0,0.3,0.0,0.0,2.0,0.7,1.0,1.0,0.25,1.0,0.25
noise_2.0,0.7960728388932731,0.13465943453199752,1.0,-1.5143919311369909,1,70,200,5,2,100,0.0,0,0.3,0.0,0.0,2.0,0.7,1.0,1.0,0.25,1.0,0.25
noise_2.0,1.3701978279666711,0.11751314248186365,1.0,3.15026745220268,2,71,200,5,2,100,0.0,0,0.3,0.0,0.0,2.0,0.7,1.0,1.0,0.25,1.0,0.25
noise_2.0,1.131476402458696,0.12440596031388623,1.0,1.0568336286056597,3,72,200,5,2,100,0.0,0,0.3,0.0,0.0,2.0,0.7,1.0,1.0,0.25,1.0,0.25
noise_2.0,1.0004608292567292,0.15398366753407466,1.0,0.002992715163296222,4,73,200,5,2,100,0.0,0,0.3,0.0,0.0,2.0,0.7,1.0,1.0,0.25,1.0,0.25
noise_2.0,0.8805563640934331,0.15040312617067492,1.0,-0.7941566039726083,5,74,200,5,2,100,0.0,0,0.3,0.0,0.0,2.0,0.7,1.0,1.0,0.25,1.0,0.25
noise_2.0,0.9040674622364749,0.15084233033024827,1.0,-0.6359788897022085,6,75,200,5,2,100,0.0,0,0.3,0.0,0.0,2.0,0.7,1.0,1.0,0.25,1.0,0.25
noise_2.0,1.0135947036631443,0.1231175503612848,1.0,0.11042051781611191,7,76,200,5,2,100,0.0,0,0.3,0.0,0.0,2.0,0.7,1.0,1.0,0.25,1.0,0.25
noise_2.0,1.3353908391436333,0.1565768208301849,1.0,2.142021005186846,8,77,200,5,2,100,0.0,0,0.3,0.0,0.0,2.0,0.7,1.0,1.0,0.25,1.0,0.25
noise_2.0,0.527856733382394,0.13359015059972587,1.0,-3.534267043625706,9,78,200,5,2,100,0.0,0,0.3,0.0,0.0,2.0,0.7,1.0,1.0,0.25,1.0,0.25
noise_2.0,0.8015296416634331,0.1612571902163491,1.0,-1.2307690470749932,10,79,200,5,2,100,0.0,0,0.3,0.0,0.0,2.0,0.7,1.0,1.0,0.25,1.0,0.25
noise_2.0,1.0090315078144612,0.13164836454755469,1.0,0.06860326632617417,11,80,200,5,2,100,0.0,0,0.3,0.0,0.0,2.0,0.7,1.0,1.0,0.25,1.0,0.25
noise_2.0,0.7442952565259435,0.14487740671834862,1.0,-1.7649732229895834,12,81,200,5,2,100,0.0,0,0.3,0.0,0.0,2.0,0.7,1.0,1.0,0.25,1.0,0.25
noise_2.0,1.226435070903001,0.13333273698431028,1.0,1.698270627487729,13,82,200,5,2,100,0.0,0,0.3,0.0,0.0,2.0,0.7,1.0,1.0,0.25,1.0,0.25
noise_2.0,1.0589739381393322,0.13095656624506521,1.0,0.45033204390050546,14,83,200,5,2,100,0.0,0,0.3,0.0,0.0,2.0,0.7,1.0,1.0,0.25,1.0,0.25
noise_2.0,0.8845522093657199,0.14130932077196173,1.0,-0.8169863813908234,15,84,200,5,2,100,0.0,0,0.3,0.0,0.0,2.0,0.7,1.0,1.0,0.25,1.0,0.25
noise_2.0,0.8818284712991259,0.12245405990126311,1.0,-0.965027446179881,16,85,200,5,2,100,0.0,0,0.3,0.0,0.0,2.0,0.7,1.0,1.0,0.25,1.0,0.25
noise_2.0,1.0357327402461267,0.10728571409167122,1.0,0.33306149424139136,17,86,200,5,2,100,0.0,0,0.3,0.0,0.0,2.0,0.7,1.0,1.0,0.25,1.0,0.25
noise_2.0,0.8255901275817534,0.12081308644960723,1.0,-1.443633943504914,18,87,200,5,2,100,0.0,0,0.3,0.0,0.0,2.0,0.7,1.0,1.0,0.25,1.0,0.25
noise_2.0,0.92683774726775,0.15702791171409453,1.0,-0.46591877796514736,19,88,200,5,2,100,0.0,0,0.3,0.0,0.0,2.0,0.7,1.0,1.0,0.25,1.0,0.25
noise_2.0,0.9905710106405953,0.12040959218865747,1.0,-0.07830762639434413,20,89,200,5,2,100,0.0,0,0.3,0.0,0.0,2.0,0.7,1.0,1.0,0.25,1.0,0.25
noise_2.0,1.0588503186757983,0.13149642252848917,1.0,0.4475431159585207,21,90,200,5,2,100,0.0,0,0.3,0.0,0.0,2.0,0.7,1.0,1.0,0.25,1.0,0.25
noise_2.0,1.1256498146730831,0.1276135029548211,1.0,0.9846122217769291,22,91,200,5,2,100,0.0,0,0.3,0.0,0.0,2.0,0.7,1.0,1.0,0.25,1.0,0.25
noise_2.0,1.3468901190636215,0.13189545520646495,1.0,2.6300384537178387,23,92,200,5,2,100,0.0,0,0.3,0.0,0.0,2.0,0.7,1.0,1.0,0.25,1.0,0.25
noise_2.0,1.113978830317245,0.13498889587913737,1.0,0.844357082669202,24,93,200,5,2,100,0.0,0,0.3,0.0,0.0,2.0,0.7,1.0,1.0,0.25,1.0,0.25
noise_2.0,1.0375677880401613,0.13674500010157434,1.0,0.2747287872482055,25,94,200,5,2,100,0.0,0,0.3,0.0,0.0,2.0,0.7,1.0,1.0,0.25,1.0,0.25
noise_2.0,0.6760353353513282,0.15477800037690545,1.0,-2.0930924540940823,26,95,200,5,2,100,0.0,0,0.3,0.0,0.0,2.0,0.7,1.0,1.0,0.25,1.0,0.25
noise_2.0,1.0388702223115585,0.13586420820231507,1.0,0.2860961163051633,27,96,200,5,2,100,0.0,0,0.3,0.0,0.0,2.0,0.7,1.0,1.0,0.25,1.0,0.25
noise_2.0,0.7583557403128675,0.1309054382996039,1.0,-1.845945155724395,28,97,200,5,2,100,0.0,0,0.3,0.0,0.0,2.0,0.7,1.0,1.0,0.25,1.0,0.25
noise_2.0,1.0075627482241916,0.14461774127853114,1.0,0.052294747223481014,29,98,200,5,2,100,0.0,0,0.3,0.0,0.0,2.0,0.7,1.0,1.0,0.25,1.0,0.25
noise_2.0,0.9723900721224948,0.1468568456288929,1.0,-0.18800572597940324,30,99,200,5,2,100,0.0,0,0.3,0.0,0.0,2.0,0.7,1.0,1.0,0.25,1.0,0.25
noise_2.0,0.9181832480347805,0.14841673480390238,1.0,-0.5512636568465209,31,100,200,5,2,100,0.0,0,0.3,0.0,0.0,2.0,0.7,1.0,1.0,0.25,1.0,0.25
noise_2.0,1.1951112102867598,0.1296972990416098,1.0,1.5043583153120543,32,101,200,5,2,100,0.0,0,0.3,0.0,0.0,2.0,0.7,1.0,1.0,0.25,1.0,0.25
noise_2.0,1.124598125721619,0.1542511818449115,1.0,0.8077612387235619,33,102,200,5,2,100,0.0,0,0.3,0.0,0.0,2.0,0.7,1.0,1.0,0.25,1.0,0.25
noise_2.0,1.019358896114935,0.12147375121156637,1.0,0.15936690784512147,34,103,200,5,2,100,0.0,0,0.3,0.0,0.0,2.0,0.7,1.0,1.0,0.25,1.0,0.25
noise_2.0,0.7615900717341652,0.14992946509657945,1.0,-1.5901472609954241,35,104,200,5,2,100,0.0,0,0.3,0.0,0.0,2.0,0.7,1.0,1.0,0.25,1.0,0.25
noise_2.0,0.6327785138125951,0.11885633261920725,1.0,-3.089624911816114,36,105,200,5,2,100,0.0,0,0.3,0.0,0.0,2.0,0.7,1.0,1.0,0.25,1.0,0.25
noise_2.0,1.0532518549738321,0.13586188798351478,1.0,0.39195579985090145,37,106,200,5,2,100,0.0,0,0.3,0.0,0.0,2.0,0.7,1.0,1.0,0.25,1.0,0.25
noise_2.0,0.9081403122332489,0.12262163362948202,1.0,-0.7491311691729512,38,107,200,5,2,100,0.0,0,0.3,0.0,0.0,2.0,0.7,1.0,1.0,0.25,1.0,0.25
noise_2.0,1.1381615486100023,0.13300765911528792,1.0,1.0387488173913888,39,108,200,5,2,100,0.0,0,0.3,0.0,0.0,2.0,0.7,1.0,1.0,0.25,1.0,0.25
noise_2.0,0.9479299566009366,0.1564286832991821,1.0,-0.3328676192938054,40,109,200,5,2,100,0.0,0,0.3,0.0,0.0,2.0,0.7,1.0,1.0,0.25,1.0,0.25
noise_2.0,0.8922269275591919,0.13420905088237675,1.0,-0.8030238775420774,41,110,200,5,2,100,0.0,0,0.3,0.0,0.0,2.0,0.7,1.0,1.0,0.25,1.0,0.25
noise_2.0,1.03863225611868,0.14770908867496346,1.0,0.26154285064808047,42,111,200,5,2,100,0.0,0,0.3,0.0,0.0,2.0,0.7,1.0,1.0,0.25,1.0,0.25
noise_2.0,1.0648487821468562,0.16619681406992812,1.0,0.39019269117620237,43,112,200,5,2,100,0.0,0,0.3,0.0,0.0,2.0,0.7,1.0,1.0,0.25,1.0,0.25
noise_2.0,1.0693817127377794,0.132149556712193,1.0,0.5250241806628607,44,113,200,5,2,100,0.0,0,0.3,0.0,0.0,2.0,0.7,1.0,1.0,0.25,1.0,0.25
noise_2.0,1.1284483765190891,0.17077026049390562,1.0,0.7521706422862379,45,114,200,5,2,100,0.0,0,0.3,0.0,0.0,2.0,0.7,1.0,1.0,0.25,1.0,0.25
noise_2.0,1.1556636528282431,0.12527953062378394,1.0,1.242530619752265,46,115,200,5,2,100,0.0,0,0.3,0.0,0.0,2.0,0.7,1.0,1.0,0.25,1.0,0.25
noise_2.0,0.9846102152904257,0.14828353490697627,1.0,-0.10378620066772003,47,116,200,5,2,100,0.0,0,0.3,0.0,0.0,2.0,0.7,1.0,1.0,0.25,1.0,0.25
noise_2.0,0.9195601440979929,0.13760065940451502,1.0,-0.5845891745731536,48,117,200,5,2,100,0.0,0,0.3,0.0,0.0,2.0,0.7,1.0,1.0,0.25,1.0,0.25
noise_2.0,0.9067116027052268,0.11534391676331063,1.0,-0.8087847188872905,49,118,200,5,2,100,0.0,0,0.3,0.0,0.0,2.0,0.7,1.0,1.0,0.25,1.0,0.25
noise_2.0,0.8179935630245665,0.11490629802132428,1.0,-1.5839552758166207,50,119,200,5,2,100,0.0,0,0.3,0.0,0.0,2.0,0.7,1.0,1.0,0.25,1.0,0.25
noise_2.0,1.3228074454495278,0.14648213800351706,1.0,2.2037324813061994,51,120,200,5,2,100,0.0,0,0.3,0.0,0.0,2.0,0.7,1.0,1.0,0.25,1.0,0.25
noise_2.0,0.9509056297011005,0.13599272896646958,1.0,-0.3610073176118426,52,121,200,5,2,100,0.0,0,0.3,0.0,0.0,2.0,0.7,1.0,1.0,0.25,1.0,0.25
noise_2.0,0.9418884008401225,0.13764058526829628,1.0,-0.42219814051650045,53,122,200,5,2,100,0.0,0,0.3,0.0,0.0,2.0,0.7,1.0,1.0,0.25,1.0,0.25
noise_2.0,0.9198103237501826,0.14587774950282384,1.0,-0.5497046432586017,54,123,200,5,2,100,0.0,0,0.3,0.0,0.0,2.0,0.7,1.0,1.0,0.25,1.0,0.25
noise_2.0,0.9588792690584987,0.14124742645715707,1.0,-0.2911255232956328,55,124,200,5,2,100,0.0,0,0.3,0.0,0.0,2.0,0.7,1.0,1.0,0.25,1.0,0.25
noise_2.0,0.7459264368857618,0.12081019652388157,1.0,-2.103080455332372,56,125,200,5,2,100,0.0,0,0.3,0.0,0.0,2.0,0.7,1.0,1.0,0.25,1.0,0.25
noise_2.0,0.934407498077874,0.16253843999917705,1.0,-0.40355070420546707,57,126,200,5,2,100,0.0,0,0.3,0.0,0.0,2.0,0.7,1.0,1.0,0.25,1.0,0.25
noise_2.0,1.3000120743224688,0.11254128592282829,1.0,2.66579568433395,58,127,200,5,2,100,0.0,0,0.3,0.0,0.0,2.0,0.7,1.0,1.0,0.25,1.0,0.25
noise_2.0,0.8774777918518217,0.13222553952382596,1.0,-0.9266153013208221,59,128,200,5,2,100,0.0,0,0.3,0.0,0.0,2.0,0.7,1.0,1.0,0.25,1.0,0.25
noise_2.0,1.138148484787123,0.1228319159621482,1.0,1.1246953505935282,60,129,200,5,2,100,0.0,0,0.3,0.0,0.0,2.0,0.7,1.0,1.0,0.25,1.0,0.25
noise_2.0,0.9549674138467498,0.12510207201391807,1.0,-0.35996674897790815,61,130,200,5,2,100,0.0,0,0.3,0.0,0.0,2.0,0.7,1.0,1.0,0.25,1.0,0.25
noise_2.0,1.1091242504152912,0.13035412286615397,1.0,0.8371369314290015,62,131,200,5,2,100,0.0,0,0.3,0.0,0.0,2.0,0.7,1.0,1.0,0.25,1.0,0.25
noise_2.0,0.9651701605442603,0.1354424346604739,1.0,-0.2571560349092283,63,132,200,5,2,100,0.0,0,0.3,0.0,0.0,2.0,0.7,1.0,1.0,0.25,1.0,0.25
noise_2.0,0.9612832952923898,0.1350995267293311,1.0,-0.2865791290681447,64,133,200,5,2,100,0.0,0,0.3,0.0,0.0,2.0,0.7,1.0,1.0,0.25,1.0,0.25
noise_2.0,1.1335724524659874,0.15798821866818227,1.0,0.8454583107017962,65,134,200,5,2,100,0.0,0,0.3,0.0,0.0,2.0,0.7,1.0,1.0,0.25,1.0,0.25
noise_2.0,0.7086467587653894,0.12244827274191873,1.0,-2.3793985387502263,66,135,200,5,2,100,0.0,0,0.3,0.0,0.0,2.0,0.7,1.0,1.0,0.25,1.0,0.25
noise_2.0,1.2905499156127818,0.14034853937401462,1.0,2.0702026320238054,67,136,200,5,2,100,0.0,0,0.3,0.0,0.0,2.0,0.7,1.0,1.0,0.25,1.0,0.25
noise_2.0,0.859676963814489,0.13979240346832283,1.0,-1.0037958623217207,68,137,200,5,2,100,0.0,0,0.3,0.0,0.0,2.0,0.7,1.0,1.0,0.25,1.0,0.25
noise_2.0,0.777875919584085,0.16286870665009753,1.0,-1.3638229527610852,69,138,200,5,2,100,0.0,0,0.3,0.0,0.0,2.0,0.7,1.0,1.0,0.25,1.0,0.25
noise_2.0,1.0300807527710425,0.12710652633698893,1.0,0.23665781481032241,70,139,200,5,2,100,0.0,0,0.3,0.0,0.0,2.0,0.7,1.0,1.0,0.25,1.0,0.25
noise_2.0,0.9989827486323304,0.1331131870274671,1.0,-0.0076420029479101126,71,140,200,5,2,100,0.0,0,0.3,0.0,0.0,2.0,0.7,1.0,1.0,0.25,1.0,0.25
noise_2.0,0.8941362948918591,0.1486408879619342,1.0,-0.7122111994867241,72,141,200,5,2,100,0.0,0,0.3,0.0,0.0,2.0,0.7,1.0,1.0,0.25,1.0,0.25
noise_2.0,1.1241944730526703,0.152385934025122,1.0,0.8149995854092141,73,142,200,5,2,100,0.0,0,0.3,0.0,0.0,2.0,0.7,1.0,1.0,0.25,1.0,0.25
noise_2.0,0.9180304535105345,0.16207603245404825,1.0,-0.5057474893007732,74,143,200,5,2,100,0.0,0,0.3,0.0,0.0,2.0,0.7,1.0,1.0,0.25,1.0,0.25
noise_2.0,0.6168897313306676,0.14529669927245284,1.0,-2.6367444724325355,75,144,200,5,2,100,0.0,0,0.3,0.0,0.0,2.0,0.7,1.0,1.0,0.25,1.0,0.25
noise_2.0,0.7065773230211366,0.16069304453310726,1.0,-1.8259824364607773,76,145,200,5,2,100,0.0,0,0.3,0.0,0.0,2.0,0.7,1.0,1.0,0.25,1.0,0.25
noise_2.0,0.8531852412991123,0.15813474910367697,1.0,-0.9284155413851028,77,146,200,5,2,100,0.0,0,0.3,0.0,0.0,2.0,0.7,1.0,1.0,0.25,1.0,0.25
noise_2.0,0.9579044472376766,0.1273513743758694,1.0,-0.3305465132875679,78,147,200,5,2,100,0.0,0,0.3,0.0,0.0,2.0,0.7,1.0,1.0,0.25,1.0,0.25
noise_2.0,1.081558411765905,0.13890507080265518,1.0,0.5871521557465413,79,148,200,5,2,100,0.0,0,0.3,0.0,0.0,2.0,0.7,1.0,1.0,0.25,1.0,0.25
noise_2.0,0.671059774350662,0.1387419517673358,1.0,-2.3708778884771378,80,149,200,5,2,100,0.0,0,0.3,0.0,0.0,2.0,0.7,1.0,1.0,0.25,1.0,0.25
noise_2.0,1.0786699972857434,0.1453895562629999,1.0,0.5410979942977108,81,150,200,5,2,100,0.0,0,0.3,0.0,0.0,2.0,0.7,1.0,1.0,0.25,1.0,0.25
noise_2.0,0.8127439721368046,0.13049688666365045,1.0,-1.4349463243965273,82,151,200,5,2,100,0.0,0,0.3,0.0,0.0,2.0,0.7,1.0,1.0,0.25,1.0,0.25
noise_2.0,1.0723541582111682,0.14495805916879664,1.0,0.4991385689492109,83,152,200,5,2,100,0.0,0,0.3,0.0,0.0,2.0,0.7,1.0,1.0,0.25,1.0,0.25
noise_2.0,0.9009705294570312,0.13938316922460955,1.0,-0.7104837054134377,84,153,200,5,2,100,0.0,0,0.3,0.0,0.0,2.0,0.7,1.0,1.0,0.25,1.0,0.25
noise_2.0,1.1802691560002545,0.14125404769062896,1.0,1.276205241177056,85,154,200,5,2,100,0.0,0,0.3,0.0,0.0,2.0,0.7,1.0,1.0,0.25,1.0,0.25
noise_2.0,0.8189066749067049,0.12707420176646764,1.0,-1.4250990568967088,86,155,200,5,2,100,0.0,0,0.3,0.0,0.0,2.0,0.7,1.0,1.0,0.25,1.0,0.25
noise_2.0,1.1760148484651616,0.14426844330714045,1.0,1.2200509302677827,87,156,200,5,2,100,0.0,0,0.3,0.0,0.0,2.0,0.7,1.0,1.0,0.25,1.0,0.25
noise_2.0,0.7653854709786095,0.1471152487231201,1.0,-1.594766899133273,88,157,200,5,2,100,0.0,0,0.3,0.0,0.0,2.0,0.7,1.0,1.0,0.25,1.0,0.25
noise_2.0,0.9512706413946297,0.16337537533346494,1.0,-0.2982662381396767,89,158,200,5,2,100,0.0,0,0.3,0.0,0.0,2.0,0.7,1.0,1.0,0.25,1.0,0.25
noise_2.0,0.9920245078155463,0.1383787289136041,1.0,-0.057635246739642716,90,159,200,5,2,100,0.0,0,0.3,0.0,0.0,2.0,0.7,1.0,1.0,0.25,1.0,0.25
noise_2.0,0.8760815760950531,0.15583686394443494,1.0,-0.7951804263022846,91,160,200,5,2,100,0.0,0,0.3,0.0,0.0,2.0,0.7,1.0,1.0,0.25,1.0,0.25
noise_2.0,1.01828834815145,0.13939004243745798,1.0,0.13120268730569942,92,161,200,5,2,100,0.0,0,0.3,0.0,0.0,2.0,0.7,1.0,1.0,0.25,1.0,0.25
noise_2.0,0.8124814286821244,0.1266203516824869,1.0,-1.480951275416586,93,162,200,5,2,100,0.0,0,0.3,0.0,0.0,2.0,0.7,1.0,1.0,0.25,1.0,0.25
noise_2.0,1.0903619205163702,0.10667211941169658,1.0,0.8470997015407756,94,163,200,5,2,100,0.0,0,0.3,0.0,0.0,2.0,0.7,1.0,1.0,0.25,1.0,0.25
noise_2.0,0.7299295262679041,0.16066216789983873,1.0,-1.6809836270880234,95,164,200,5,2,100,0.0,0,0.3,0.0,0.0,2.0,0.7,1.0,1.0,0.25,1.0,0.25
noise_2.0,1.0450436857367829,0.1260892316172903,1.0,0.35723657888169835,96,165,200,5,2,100,0.0,0,0.3,0.0,0.0,2.0,0.7,1.0,1.0,0.25,1.0,0.25
noise_2.0,1.0670393544143217,0.13434481416500976,1.0,0.4990096181307027,97,166,200,5,2,100,0.0,0,0.3,0.0,0.0,2.0,0.7,1.0,1.0,0.25,1.0,0.25
noise_2.0,1.149563055066813,0.12493258592145845,1.0,1.1971500786899507,98,167,200,5,2,100,0.0,0,0.3,0.0,0.0,2.0,0.7,1.0,1.0,0.25,1.0,0.25
noise_2.0,0.8358665610725915,0.12800966774385705,1.0,-1.282195648346138,99,168,200,5,2,100,0.0,0,0.3,0.0,0.0,2.0,0.7,1.0,1.0,0.25,1.0,0.25
rho_0.3,0.8557867579870405,0.0725309487521927,1.0,-1.988299401758477,0,70,200,5,2,100,0.0,0,0.3,0.0,0.0,1.0,0.3,1.0,1.0,0.25,1.0,0.25
rho_0.3,1.0979844133708558,0.06032963963138551,1.0,1.6241504834032034,1,71,200,5,2,100,0.0,0,0.3,0.0,0.0,1.0,0.3,1.0,1.0,0.25,1.0,0.25
rho_0.3,1.0439718137079592,0.06400229102795918,1.0,0.6870349951808801,2,72,200,5,2,100,0.0,0,0.3,0.0,0.0,1.0,0.3,1.0,1.0,0.25,1.0,0.25
rho_0.3,1.040573336365052,0.0806467233516876,1.0,0.503099626107785,3,73,200,5,2,100,0.0,0,0.3,0.0,0.0,1.0,0.3,1.0,1.0,0.25,1.0,0.25
rho_0.3,0.9659988159071348,0.07369685283158757,1.0,-0.46136548287299206,4,74,200,5,2,100,0.0,0,0.3,0.0,0.0,1.0,0.3,1.0,1.0,0.25,1.0,0.25
rho_0.3,0.9517802868928784,0.07566415759091459,1.0,-0.6372860630766025,5,75,200,5,2,100,0.0,0,0.3,0.0,0.0,1.0,0.3,1.0,1.0,0.25,1.0,0.25
rho_0.3,0.9874183525731355,0.06468984294893648,1.0,-0.19449185302236635,6,76,200,5,2,100,0.0,0,0.3,0.0,0.0,1.0,0.3,1.0,1.0,0.25,1.0,0.25
rho_0.3,1.1568227145703065,0.08973306510089316,1.0,1.747658061094645,7,77,200,5,2,100,0.0,0,0.3,0.0,0.0,1.0,0.3,1.0,1.0,0.25,1.0,0.25
rho_0.3,0.7763786311399692,0.06846820011308069,1.0,-3.2660617409352413,8,78,200,5,2,100,0.0,0,0.3,0.0,0.0,1.0,0.3,1.0,1.0,0.25,1.0,0.25
rho_0.3,0.9112223865231945,0.07596750531772918,1.0,-1.1686261527938666,9,79,200,5,2,100,0.0,0,0.3,0.0,0.0,1.0,0.3,1.0,1.0,0.25,1.0,0.25
rho_0.3,1.0195891367679637,0.06280556604480074,1.0,0.31190128521396165,10,80,200,5,2,100,0.0,0,0.3,0.0,0.0,1.0,0.3,1.0,1.0,0.25,1.0,0.25
rho_0.3,0.8720279570741531,0.06763279209535848,1.0,-1.8921596900126993,11,81,200,5,2,100,0.0,0,0.3,0.0,0.0,1.0,0.3,1.0,1.0,0.25,1.0,0.25
rho_0.3,1.1272285462909593,0.06828853207013831,1.0,1.8631026679601836,12,82,200,5,2,100,0.0,0,0.3,0.0,0.0,1.0,0.3,1.0,1.0,0.25,1.0,0.25
rho_0.3,1.08858260354181,0.06190536422079046,1.0,1.4309358269159527,13,83,200,5,2,100,0.0,0,0.3,0.0,0.0,1.0,0.3,1.0,1.0,0.25,1.0,0.25
rho_0.3,0.9529264743025319,0.0739556985865757,1.0,-0.6365097835207636,14,84,200,5,2,100,0.0,0,0.3,0.0,0.0,1.0,0.3,1.0,1.0,0.25,1.0,0.25
rho_0.3,0.96230096587327,0.07163310458235228,1.0,-0.5262794953049915,15,85,200,5,2,100,0.0,0,0.3,0.0,0.0,1.0,0.3,1.0,1.0,0.25,1.0,0.25
rho_0.3,0.9782761306841222,0.060003240555606185,1.0,-0.36204493481890926,16,86,200,5,2,100,0.0,0,0.3,0.0,0.0,1.0,0.3,1.0,1.0,0.25,1.0,0.25
rho_0.3,0.8975368455647329,0.06138278854935327,1.0,-1.6692489353572493,17,87,200,5,2,100,0.0,0,0.3,0.0,0.0,1.0,0.3,1.0,1.0,0.25,1.0,0.25
rho_0.3,0.9916657486597776,0.08044040096936275,1.0,-0.10360777967027567,18,88,200,5,2,100,0.0,0,0.3,0.0,0.0,1.0,0.3,1.0,1.0,0.25,1.0,0.25
rho_0.3,1.0550419934634938,0.06264855596432828,1.0,0.8785835940868996,19,89,200,5,2,100,0.0,0,0.3,0.0,0.0,1.0,0.3,1.0,1.0,0.25,1.0,0.25
rho_0.3,1.1027360784686133,0.07022793217949326,1.0,1.4628948237580677,20,90,200,5,2,100,0.0,0,0.3,0.0,0.0,1.0,0.3,1.0,1.0,0.25,1.0,0.25
rho_0.3,1.0379783557946738,0.06480077443242387,1.0,0.5860787332762315,21,91,200,5,2,100,0.0,0,0.3,0.0,0.0,1.0,0.3,1.0,1.0,0.25,1.0,0.25
rho_0.3,1.1856594229930697,0.06266270649413741,1.0,2.962837601188509,22,92,200,5,2,100,0.0,0,0.3,0.0,0.0,1.0,0.3,1.0,1.0,0.25,1.0,0.25
rho_0.3,1.0077877588074171,0.06955209620386409,1.0,0.11197015233862137,23,93,200,5,2,100,0.0,0,0.3,0.0,0.0,1.0,0.3,1.0,1.0,0.25,1.0,0.25
rho_0.3,0.9856046934931991,0.07185783513651861,1.0,-0.20033036730722617,24,94,200,5,2,100,0.0,0,0.3,0.0,0.0,1.0,0.3,1.0,1.0,0.25,1.0,0.25
rho_0.3,0.8619881530983211,0.07550368852485788,1.0,-1.8278821816266846,25,95,200,5,2,100,0.0,0,0.3,0.0,0.0,1.0,0.3,1.0,1.0,0.25,1.0,0.25
rho_0.3,1.0435633796421637,0.07120197243668502,1.0,0.6118282703600889,26,96,200,5,2,100,0.0,0,0.3,0.0,0.0,1.0,0.3,1.0,1.0,0.25,1.0,0.25
rho_0.3,0.8974478850879144,0.06848518557833319,1.0,-1.4974350152674514,27,97,200,5,2,100,0.0,0,0.3,0.0,0.0,1.0,0.3,1.0,1.0,0.25,1.0,0.25
rho_0.3,1.0172247813531412,0.07192594811773807,1.0,0.23947937849836007,28,98,200,5,2,100,0.0,0,0.3,0.0,0.0,1.0,0.3,1.0,1.0,0.25,1.0,0.25
rho_0.3,0.9940266917857116,0.07513834331513487,1.0,-0.0794974702760747,29,99,200,5,2,100,0.0,0,0.3,0.0,0.0,1.0,0.3,1.0,1.0,0.25,1.0,0.25
rho_0.3,0.9628910062669063,0.08266780962770784,1.0,-0.4488929112820703,30,100,200,5,2,100,0.0,0,0.3,0.0,0.0,1.0,0.3,1.0,1.0,0.25,1.0,0.25
rho_0.3,1.108900440227862,0.06605651923249141,1.0,1.6485948925734004,31,101,200,5,2,100,0.0,0,0.3,0.0,0.0,1.0,0.3,1.0,1.0,0.25,1.0,0.25
rho_0.3,1.0007066734780878,0.07526250990583692,1.0,0.009389448730476535,32,102,200,5,2,100,0.0,0,0.3,0.0,0.0,1.0,0.3,1.0,1.0,0.25,1.0,0.25
rho_0.3,1.006876684860414,0.06158281230512186,1.0,0.11166565155131936,33,103,200,5,2,100,0.0,0,0.3,0.0,0.0,1.0,0.3,1.0,1.0,0.25,1.0,0.25
rho_0.3,0.8524314176432951,0.07522220337390696,1.0,-1.9617689423850804,34,104,200,5,2,100,0.0,0,0.3,0.0,0.0,1.0,0.3,1.0,1.0,0.25,1.0,0.25
rho_0.3,0.7749791729704835,0.06854162384695224,1.0,-3.282980682394823,35,105,200,5,2,100,0.0,0,0.3,0.0,0.0,1.0,0.3,1.0,1.0,0.25,1.0,0.25
rho_0.3,1.006545555779694,0.06866745722465148,1.0,0.09532253041320171,36,106,200,5,2,100,0.0,0,0.3,0.0,0.0,1.0,0.3,1.0,1.0,0.25,1.0,0.25
rho_0.3,0.9707857456553338,0.06538525523732726,1.0,-0.44680187052307,37,107,200,5,2,100,0.0,0,0.3,0.0,0.0,1.0,0.3,1.0,1.0,0.25,1.0,0.25
rho_0.3,1.0393456623022046,0.06881760490039682,1.0,0.5717383271206773,38,108,200,5,2,100,0.0,0,0.3,0.0,0.0,1.0,0.3,1.0,1.0,0.25,1.0,0.25
rho_0.3,0.9474409926872218,0.07971109129678963,1.0,-0.6593688087531553,39,109,200,5,2,100,0.0,0,0.3,0.0,0.0,1.0,0.3,1.0,1.0,0.25,1.0,0.25
rho_0.3,0.9488247258207271,0.06816835051456491,1.0,-0.7507189743184232,40,110,200,5,2,100,0.0,0,0.3,0.0,0.0,1.0,0.3,1.0,1.0,0.25,1.0,0.25
rho_0.3,0.977621177181516,0.07911368866734077,1.0,-0.28286916203064505,41,111,200,5,2,100,0.0,0,0.3,0.0,0.0,1.0,0.3,1.0,1.0,0.25,1.0,0.25
rho_0.3,1.1280326885251375,0.07607041646524378,1.0,1.6830812091535616,42,112,200,5,2,100,0.0,0,0.3,0.0,0.0,1.0,0.3,1.0,1.0,0.25,1.0,0.25
rho_0.3,1.0554590945081543,0.06455785981480258,1.0,0.8590603013676428,43,113,200,5,2,100,0.0,0,0.3,0.0,0.0,1.0,0.3,1.0,1.0,0.25,1.0,0.25
rho_0.3,1.0406714515133504,0.08790996727639704,1.0,0.46264892108849953,44,114,200,5,2,100,0.0,0,0.3,0.0,0.0,1.0,0.3,1.0,1.0,0.25,1.0,0.25
rho_0.3,1.076333788955757,0.062384989526610445,1.0,1.2235922380526585,45,115,200,5,2,100,0.0,0,0.3,0.0,0.0,1.0,0.3,1.0,1.0,0.25,1.0,0.25
rho_0.3,1.035674437787947,0.0736432423265484,1.0,0.48442242167665056,46,116,200,5,2,100,0.0,0,0.3,0.0,0.0,1.0,0.3,1.0,1.0,0.25,1.0,0.25
rho_0.3,1.0134063731133274,0.0721218159412493,1.0,0.18588512974005333,47,117,200,5,2,100,0.0,0,0.3,0.0,0.0,1.0,0.3,1.0,1.0,0.25,1.0,0.25
rho_0.3,0.9798170790655993,0.05938734201360483,1.0,-0.339852235342963,48,118,200,5,2,100,0.0,0,0.3,0.0,0.0,1.0,0.3,1.0,1.0,0.25,1.0,0.25
rho_0.3,0.9098154193811536,0.06341456410696224,1.0,-1.4221430343151265,49,119,200,5,2,100,0.0,0,0.3,0.0,0.0,1.0,0.3,1.0,1.0,0.25,1.0,0.25
rho_0.3,1.0892960498361697,0.0738231331898668,1.0,1.2095944181413685,50,120,200,5,2,100,0.0,0,0.3,0.0,0.0,1.0,0.3,1.0,1.0,0.25,1.0,0.25
rho_0.3,1.0057239083947633,0.06191594393855343,1.0,0.09244643674404528,51,121,200,5,2,100,0.0,0,0.3,0.0,0.0,1.0,0.3,1.0,1.0,0.25,1.0,0.25
rho_0.3,0.9909626846476028,0.07052123290989135,1.0,-0.12815027445627059,52,122,200,5,2,100,0.0,0,0.3,0.0,0.0,1.0,0.3,1.0,1.0,0.25,1.0,0.25
rho_0.3,0.9774895674336923,0.07379553257465374,1.0,-0.3050378766971493,53,123,200,5,2,100,0.0,0,0.3,0.0,0.0,1.0,0.3,1.0,1.0,0.25,1.0,0.25
rho_0.3,0.9940715483568532,0.07226097739841329,1.0,-0.08204222882926286,54,124,200,5,2,100,0.0,0,0.3,0.0,0.0,1.0,0.3,1.0,1.0,0.25,1.0,0.25
rho_0.3,0.8835151805040646,0.05794833867264992,1.0,-2.010149422125075,55,125,200,5,2,100,0.0,0,0.3,0.0,0.0,1.0,0.3,1.0,1.0,0.25,1.0,0.25
rho_0.3,0.9937552643058488,0.08075637668016158,1.0,-0.07732808170534537,56,126,200,5,2,100,0.0,0,0.3,0.0,0.0,1.0,0.3,1.0,1.0,0.25,1.0,0.25
rho_0.3,1.112954688926227,0.058360109084262986,1.0,1.9354776867044203,57,127,200,5,2,100,0.0,0,0.3,0.0,0.0,1.0,0.3,1.0,1.0,0.25,1.0,0.25
rho_0.3,0.9529752248386905,0.07522030694006451,1.0,-0.6251606391180888,58,128,200,5,2,100,0.0,0,0.3,0.0,0.0,1.0,0.3,1.0,1.0,0.25,1.0,0.25
rho_0.3,1.0667455710572797,0.059653328478891016,1.0,1.1188909782443806,59,129,200,5,2,100,0.0,0,0.3,0.0,0.0,1.0,0.3,1.0,1.0,0.25,1.0,0.25
rho_0.3,0.995023904366125,0.06594451204669284,1.0,-0.07545882863386168,60,130,200,5,2,100,0.0,0,0.3,0.0,0.0,1.0,0.3,1.0,1.0,0.25,1.0,0.25
rho_0.3,1.0159021989230603,0.07057481270286839,1.0,0.22532399752885227,61,131,200,5,2,100,0.0,0,0.3,0.0,0.0,1.0,0.3,1.0,1.0,0.25,1.0,0.25
rho_0.3,0.9995050552944547,0.07125834860515201,1.0,-0.006945778498009661,62,132,200,5,2,100,0.0,0,0.3,0.0,0.0,1.0,0.3,1.0,1.0,0.25,1.0,0.25
rho_0.3,1.017353794441478,0.06911076771453345,1.0,0.25110116723285575,63,133,200,5,2,100,0.0,0,0.3,0.0,0.0,1.0,0.3,1.0,1.0,0.25,1.0,0.25
rho_0.3,1.0775295291125313,0.07543571602204471,1.0,1.027756256597004,64,134,200,5,2,100,0.0,0,0.3,0.0,0.0,1.0,0.3,1.0,1.0,0.25,1.0,0.25
rho_0.3,0.9286703663219581,0.060796755511722554,1.0,-1.1732473727860107,65,135,200,5,2,100,0.0,0,0.3,0.0,0.0,1.0,0.3,1.0,1.0,0.25,1.0,0.25
rho_0.3,1.0852848765879946,0.08184436111517356,1.0,1.042037294029083,66,136,200,5,2,100,0.0,0,0.3,0.0,0.0,1.0,0.3,1.0,1.0,0.25,1.0,0.25
rho_0.3,0.9793607330718851,0.07284173953799283,1.0,-0.28334395991943423,67,137,200,5,2,100,0.0,0,0.3,0.0,0.0,1.0,0.3,1.0,1.0,0.25,1.0,0.25
rho_0.3,0.8715607609265797,0.08179438505120379,1.0,-1.5702696339487912,68,138,200,5,2,100,0.0,0,0.3,0.0,0.0,1.0,0.3,1.0,1.0,0.25,1.0,0.25
rho_0.3,0.9967718293027672,0.06540977225080621,1.0,-0.04935303374631476,69,139,200,5,2,100,0.0,0,0.3,0.0,0.0,1.0,0.3,1.0,1.0,0.25,1.0,0.25
rho_0.3,0.9992557066627394,0.06615609064894559,1.0,-0.011250564081999946,70,140,200,5,2,100,0.0,0,0.3,0.0,0.0,1.0,0.3,1.0,1.0,0.25,1.0,0.25
rho_0.3,0.9765669715449038,0.07696503390067772,1.0,-0.3044633032363267,71,141,200,5,2,100,0.0,0,0.3,0.0,0.0,1.0,0.3,1.0,1.0,0.25,1.0,0.25
rho_0.3,1.152256378014173,0.08025076626156913,1.0,1.897257622661309,72,142,200,5,2,100,0.0,0,0.3,0.0,0.0,1.0,0.3,1.0,1.0,0.25,1.0,0.25
rho_0.3,1.0178014170670393,0.08207090784780857,1.0,0.2169028896335601,73,143,200,5,2,100,0.0,0,0.3,0.0,0.0,1.0,0.3,1.0,1.0,0.25,1.0,0.25
rho_0.3,0.8440115821589834,0.07666597213143303,1.0,-2.034649969266631,74,144,200,5,2,100,0.0,0,0.3,0.0,0.0,1.0,0.3,1.0,1.0,0.25,1.0,0.25
rho_0.3,0.8388640779976332,0.07643813666919529,1.0,-2.108056645856268,75,145,200,5,2,100,0.0,0,0.3,0.0,0.0,1.0,0.3,1.0,1.0,0.25,1.0,0.25
rho_0.3,0.9599523859130853,0.0773817705788488,1.0,-0.5175329252269804,76,146,200,5,2,100,0.0,0,0.3,0.0,0.0,1.0,0.3,1.0,1.0,0.25,1.0,0.25
rho_0.3,1.0043761193358034,0.06552235504562709,1.0,0.06678818752402972,77,147,200,5,2,100,0.0,0,0.3,0.0,0.0,1.0,0.3,1.0,1.0,0.25,1.0,0.25
rho_0.3,1.055685136064561,0.06809157237688619,1.0,0.8177977702782989,78,148,200,5,2,100,0.0,0,0.3,0.0,0.0,1.0,0.3,1.0,1.0,0.25,1.0,0.25
rho_0.3,0.9130386558282089,0.07398896298510323,1.0,-1.1753285985275903,79,149,200,5,2,100,0.0,0,0.3,0.0,0.0,1.0,0.3,1.0,1.0,0.25,1.0,0.25
rho_0.3,1.154762290422175,0.07397810870204663,1.0,2.0920011762600454,80,150,200,5,2,100,0.0,0,0.3,0.0,0.0,1.0,0.3,1.0,1.0,0.25,1.0,0.25
rho_0.3,0.9303963818779177,0.06448516772791586,1.0,-1.0793740727443375,81,151,200,5,2,100,0.0,0,0.3,0.0,0.0,1.0,0.3,1.0,1.0,0.25,1.0,0.25
rho_0.3,1.0140398107719053,0.07247181236834836,1.0,0.19372788278766861,82,152,200,5,2,100,0.0,0,0.3,0.0,0.0,1.0,0.3,1.0,1.0,0.25,1.0,0.25
rho_0.3,0.9340993428377329,0.07008259724492641,1.0,-0.9403284089480283,83,153,200,5,2,100,0.0,0,0.3,0.0,0.0,1.0,0.3,1.0,1.0,0.25,1.0,0.25
rho_0.3,1.0398826341694705,0.066299230682921,1.0,0.6015550068779972,84,154,200,5,2,100,0.0,0,0.3,0.0,0.0,1.0,0.3,1.0,1.0,0.25,1.0,0.25
rho_0.3,1.0120417472221663,0.06522307446992849,1.0,0.18462403558909593,85,155,200,5,2,100,0.0,0,0.3,0.0,0.0,1.0,0.3,1.0,1.0,0.25,1.0,0.25
rho_0.3,1.1205261426997168,0.07577024413659501,1.0,1.5906790861388544,86,156,200,5,2,100,0.0,0,0.3,0.0,0.0,1.0,0.3,1.0,1.0,0.25,1.0,0.25
rho_0.3,0.8690792080511217,0.07793206473635098,1.0,-1.679934855977337,87,157,200,5,2,100,0.0,0,0.3,0.0,0.0,1.0,0.3,1.0,1.0,0.25,1.0,0.25
rho_0.3,1.005402886520864,0.08523697256601864,1.0,0.06338665438497663,88,158,200,5,2,100,0.0,0,0.3,0.0,0.0,1.0,0.3,1.0,1.0,0.25,1.0,0.25
rho_0.3,0.9462679717198925,0.06804977431871308,1.0,-0.7895989195857135,89,159,200,5,2,100,0.0,0,0.3,0.0,0.0,1.0,0.3,1.0,1.0,0.25,1.0,0.25
rho_0.3,0.8854573673709769,0.07498799319742436,1.0,-1.5274796370061725,90,160,200,5,2,100,0.0,0,0.3,0.0,0.0,1.0,0.3,1.0,1.0,0.25,1.0,0.25
rho_0.3,0.9843561347715544,0.07707698606759601,1.0,-0.20296415345984162,91,161,200,5,2,100,0.0,0,0.3,0.0,0.0,1.0,0.3,1.0,1.0,0.25,1.0,0.25
rho_0.3,0.9209356370314463,0.06640147714599216,1.0,-1.1907018693984854,92,162,200,5,2,100,0.0,0,0.3,0.0,0.0,1.0,0.3,1.0,1.0,0.25,1.0,0.25
rho_0.3,1.031001488083362,0.061501682547266415,1.0,0.5040754463837013,93,163,200,5,2,100,0.0,0,0.3,0.0,0.0,1.0,0.3,1.0,1.0,0.25,1.0,0.25
rho_0.3,0.8786176615473146,0.07716152365180823,1.0,-1.5730941110030934,94,164,200,5,2,100,0.0,0,0.3,0.0,0.0,1.0,0.3,1.0,1.0,0.25,1.0,0.25
rho_0.3,1.0280060330446392,0.07050313024366596,1.0,0.397231058363615,95,165,200,5,2,100,0.0,0,0.3,0.0,0.0,1.0,0.3,1.0,1.0,0.25,1.0,0.25
rho_0.3,1.031052394538229,0.06635114393617497,1.0,0.468000891862531,96,166,200,5,2,100,0.0,0,0.3,0.0,0.0,1.0,0.3,1.0,1.0,0.25,1.0,0.25
rho_0.3,1.0416476421801972,0.06625565915828632,1.0,0.6285899606054788,97,167,200,5,2,100,0.0,0,0.3,0.0,0.0,1.0,0.3,1.0,1.0,0.25,1.0,0.25
rho_0.3,0.8781360600867986,0.0669021685133311,1.0,-1.8215245129000341,98,168,200,5,2,100,0.0,0,0.3,0.0,0.0,1.0,0.3,1.0,1.0,0.25,1.0,0.25
rho_0.3,1.0658283674667488,0.07276197917504795,1.0,0.904708313505072,99,169,200,5,2,100,0.0,0,0.3,0.0,0.0,1.0,0.3,1.0,1.0,0.25,1.0,0.25
rho_0.5,1.1284821757795476,0.05834719695958173,1.0,2.2020282459935436,0,71,200,5,2,100,0.0,0,0.3,0.0,0.0,1.0,0.5,1.0,1.0,0.25,1.0,0.25
rho_0.5,1.0307014788832167,0.06286699756670575,1.0,0.48835605439309504,1,72,200,5,2,100,0.0,0,0.3,0.0,0.0,1.0,0.5,1.0,1.0,0.25,1.0,0.25
rho_0.5,1.051397060924814,0.08123865556180147,1.0,0.6326675468639952,2,73,200,5,2,100,0.0,0,0.3,0.0,0.0,1.0,0.5,1.0,1.0,0.25,1.0,0.25
rho_0.5,0.9367185958252748,0.07669499544889627,1.0,-0.8251047386382739,3,74,200,5,2,100,0.0,0,0.3,0.0,0.0,1.0,0.5,1.0,1.0,0.25,1.0,0.25
rho_0.5,0.9619661387571039,0.0795610613845472,1.0,-0.47804617712507347,4,75,200,5,2,100,0.0,0,0.3,0.0,0.0,1.0,0.5,1.0,1.0,0.25,1.0,0.25
rho_0.5,0.9902453058896096,0.06573964712740549,1.0,-0.14838373092398147,5,76,200,5,2,100,0.0,0,0.3,0.0,0.0,1.0,0.5,1.0,1.0,0.25,1.0,0.25
rho_0.5,1.145508687170334,0.08568359103295331,1.0,1.6982094869760105,6,77,200,5,2,100,0.0,0,0.3,0.0,0.0,1.0,0.5,1.0,1.0,0.25,1.0,0.25
rho_0.5,0.7591524185008729,0.06655394247896611,1.0,-3.6188326720876867,7,78,200,5,2,100,0.0,0,0.3,0.0,0.0,1.0,0.5,1.0,1.0,0.25,1.0,0.25
rho_0.5,0.9013673932389982,0.08271492899048793,1.0,-1.192440203537434,8,79,200,5,2,100,0.0,0,0.3,0.0,0.0,1.0,0.5,1.0,1.0,0.25,1.0,0.25
rho_0.5,1.0243086098555634,0.06724523742773747,1.0,0.3614919180214911,9,80,200,5,2,100,0.0,0,0.3,0.0,0.0,1.0,0.5,1.0,1.0,0.25,1.0,0.25
rho_0.5,0.8855051775241352,0.0689220347256307,1.0,-1.6612223207230206,10,81,200,5,2,100,0.0,0,0.3,0.0,0.0,1.0,0.5,1.0,1.0,0.25,1.0,0.25
rho_0.5,1.1152409520027489,0.06817467351209222,1.0,1.6903777615056483,11,82,200,5,2,100,0.0,0,0.3,0.0,0.0,1.0,0.5,1.0,1.0,0.25,1.0,0.25
rho_0.5,1.0499083761467418,0.06969050749062178,1.0,0.7161431010307676,12,83,200,5,2,100,0.0,0,0.3,0.0,0.0,1.0,0.5,1.0,1.0,0.25,1.0,0.25
rho_0.5,0.966618235038059,0.07222646080661788,1.0,-0.4621819287437983,13,84,200,5,2,100,0.0,0,0.3,0.0,0.0,1.0,0.5,1.0,1.0,0.25,1.0,0.25
rho_0.5,0.9753227522221639,0.06557760825116327,1.0,-0.376306004990634,14,85,200,5,2,100,0.0,0,0.3,0.0,0.0,1.0,0.5,1.0,1.0,0.25,1.0,0.25
rho_0.5,1.0011995359342436,0.059074629775439515,1.0,0.020305432954948657,15,86,200,5,2,100,0.0,0,0.3,0.0,0.0,1.0,0.5,1.0,1.0,0.25,1.0,0.25
rho_0.5,0.9284721146343676,0.06361158691955772,1.0,-1.124447428989399,16,87,200,5,2,100,0.0,0,0.3,0.0,0.0,1.0,0.5,1.0,1.0,0.25,1.0,0.25
rho_0.5,0.9891370249086838,0.08240563524390834,1.0,-0.1318232067402113,17,88,200,5,2,100,0.0,0,0.3,0.0,0.0,1.0,0.5,1.0,1.0,0.25,1.0,0.25
rho_0.5,1.0382716902060491,0.06398265349450484,1.0,0.598157283510227,18,89,200,5,2,100,0.0,0,0.3,0.0,0.0,1.0,0.5,1.0,1.0,0.25,1.0,0.25
rho_0.5,1.05683731784599,0.06775930332585604,1.0,0.8388120163021457,19,90,200,5,2,100,0.0,0,0.3,0.0,0.0,1.0,0.5,1.0,1.0,0.25,1.0,0.25
rho_0.5,1.0679464667583258,0.06378963303463336,1.0,1.065164722321503,20,91,200,5,2,100,0.0,0,0.3,0.0,0.0,1.0,0.5,1.0,1.0,0.25,1.0,0.25
rho_0.5,1.1828468043474059,0.0648297932166236,1.0,2.8204131970070887,21,92,200,5,2,100,0.0,0,0.3,0.0,0.0,1.0,0.5,1.0,1.0,0.25,1.0,0.25
rho_0.5,1.012430929599108,0.06589508974284394,1.0,0.18864728233347686,22,93,200,5,2,100,0.0,0,0.3,0.0,0.0,1.0,0.5,1.0,1.0,0.25,1.0,0.25
rho_0.5,1.0243173598610815,0.06931017751585652,1.0,0.3508483275132038,23,94,200,5,2,100,0.0,0,0.3,0.0,0.0,1.0,0.5,1.0,1.0,0.25,1.0,0.25
rho_0.5,0.8475049391211752,0.07522670527504931,1.0,-2.027139967399361,24,95,200,5,2,100,0.0,0,0.3,0.0,0.0,1.0,0.5,1.0,1.0,0.25,1.0,0.25
rho_0.5,1.017952920292836,0.06991555193961124,1.0,0.25678006959513866,25,96,200,5,2,100,0.0,0,0.3,0.0,0.0,1.0,0.5,1.0,1.0,0.25,1.0,0.25
rho_0.5,0.8726749943547246,0.06555754607848882,1.0,-1.9421868764403631,26,97,200,5,2,100,0.0,0,0.3,0.0,0.0,1.0,0.5,1.0,1.0,0.25,1.0,0.25
rho_0.5,1.044556192018823,0.07186357465773423,1.0,0.6200107944954252,27,98,200,5,2,100,0.0,0,0.3,0.0,0.0,1.0,0.5,1.0,1.0,0.25,1.0,0.25
rho_0.5,0.9606510285337887,0.07852059279163325,1.0,-0.5011293224776078,28,99,200,5,2,100,0.0,0,0.3,0.0,0.0,1.0,0.5,1.0,1.0,0.25,1.0,0.25
rho_0.5,0.9848618043389827,0.07424753426286997,1.0,-0.2038881938815797,29,100,200,5,2,100,0.0,0,0.3,0.0,0.0,1.0,0.5,1.0,1.0,0.25,1.0,0.25
rho_0.5,1.1047980618605542,0.06604164183784446,1.0,1.5868482209735248,30,101,200,5,2,100,0.0,0,0.3,0.0,0.0,1.0,0.5,1.0,1.0,0.25,1.0,0.25
rho_0.5,1.0413620347296046,0.07670306569188444,1.0,0.5392487817339087,31,102,200,5,2,100,0.0,0,0.3,0.0,0.0,1.0,0.5,1.0,1.0,0.25,1.0,0.25
rho_0.5,1.058829542950235,0.06344372381710069,1.0,0.9272712793440734,32,103,200,5,2,100,0.0,0,0.3,0.0,0.0,1.0,0.5,1.0,1.0,0.25,1.0,0.25
rho_0.5,0.8387768449691344,0.07566648222451941,1.0,-2.13070768312554,33,104,200,5,2,100,0.0,0,0.3,0.0,0.0,1.0,0.5,1.0,1.0,0.25,1.0,0.25
rho_0.5,0.7648473776647073,0.06345697972468381,1.0,-3.705701458776202,34,105,200,5,2,100,0.0,0,0.3,0.0,0.0,1.0,0.5,1.0,1.0,0.25,1.0,0.25
rho_0.5,1.0186695867297293,0.06979286944427433,1.0,0.26749991622906266,35,106,200,5,2,100,0.0,0,0.3,0.0,0.0,1.0,0.5,1.0,1.0,0.25,1.0,0.25
rho_0.5,0.9733842258915306,0.07056016183092623,1.0,-0.3772068178109506,36,107,200,5,2,100,0.0,0,0.3,0.0,0.0,1.0,0.5,1.0,1.0,0.25,1.0,0.25
rho_0.5,1.0313048667001048,0.06612831483558934,1.0,0.47339580296180406,37,108,200,5,2,100,0.0,0,0.3,0.0,0.0,1.0,0.5,1.0,1.0,0.25,1.0,0.25
rho_0.5,0.9600064510795486,0.08013578000408281,1.0,-0.4990723110003266,38,109,200,5,2,100,0.0,0,0.3,0.0,0.0,1.0,0.5,1.0,1.0,0.25,1.0,0.25
rho_0.5,0.9289161512029332,0.06810021708731323,1.0,-1.0438123670872903,39,110,200,5,2,100,0.0,0,0.3,0.0,0.0,1.0,0.5,1.0,1.0,0.25,1.0,0.25
rho_0.5,1.002707438022165,0.08561917510825912,1.0,0.03162186529760002,40,111,200,5,2,100,0.0,0,0.3,0.0,0.0,1.0,0.5,1.0,1.0,0.25,1.0,0.25
rho_0.5,1.0904898914927468,0.07998465889772262,1.0,1.1313405938063363,41,112,200,5,2,100,0.0,0,0.3,0.0,0.0,1.0,0.5,1.0,1.0,0.25,1.0,0.25
rho_0.5,1.0598912952885124,0.06561564675500844,1.0,0.9127593531483547,42,113,200,5,2,100,0.0,0,0.3,0.0,0.0,1.0,0.5,1.0,1.0,0.25,1.0,0.25
rho_0.5,1.0882560082790251,0.0851592797837825,1.0,1.0363639582568707,43,114,200,5,2,100,0.0,0,0.3,0.0,0.0,1.0,0.5,1.0,1.0,0.25,1.0,0.25
rho_0.5,1.0732256473195427,0.06436368489306113,1.0,1.137685753095174,44,115,200,5,2,100,0.0,0,0.3,0.0,0.0,1.0,0.5,1.0,1.0,0.25,1.0,0.25
rho_0.5,1.0168078934513165,0.07229735818447909,1.0,0.2324828164319405,45,116,200,5,2,100,0.0,0,0.3,0.0,0.0,1.0,0.5,1.0,1.0,0.25,1.0,0.25
rho_0.5,0.9600322459954986,0.07306746755351236,1.0,-0.546997936875672,46,117,200,5,2,100,0.0,0,0.3,0.0,0.0,1.0,0.5,1.0,1.0,0.25,1.0,0.25
rho_0.5,0.9758675198072355,0.05941881152363455,1.0,-0.40614208823691295,47,118,200,5,2,100,0.0,0,0.3,0.0,0.0,1.0,0.5,1.0,1.0,0.25,1.0,0.25
rho_0.5,0.9220874672106135,0.06213456206913729,1.0,-1.253932275288156,48,119,200,5,2,100,0.0,0,0.3,0.0,0.0,1.0,0.5,1.0,1.0,0.25,1.0,0.25
rho_0.5,1.139945552933124,0.0701651017107657,1.0,1.994517923026848,49,120,200,5,2,100,0.0,0,0.3,0.0,0.0,1.0,0.5,1.0,1.0,0.25,1.0,0.25
rho_0.5,0.9729640788516959,0.06961011487762674,1.0,-0.3883906986194858,50,121,200,5,2,100,0.0,0,0.3,0.0,0.0,1.0,0.5,1.0,1.0,0.25,1.0,0.25
rho_0.5,0.9608862657022945,0.07043408804097842,1.0,-0.5553239260363417,51,122,200,5,2,100,0.0,0,0.3,0.0,0.0,1.0,0.5,1.0,1.0,0.25,1.0,0.25
rho_0.5,0.9796732812418737,0.07543189279780474,1.0,-0.2694711481337489,52,123,200,5,2,100,0.0,0,0.3,0.0,0.0,1.0,0.5,1.0,1.0,0.25,1.0,0.25
rho_0.5,0.9792252928218416,0.07332449699864979,1.0,-0.28332560097263243,53,124,200,5,2,100,0.0,0,0.3,0.0,0.0,1.0,0.5,1.0,1.0,0.25,1.0,0.25
rho_0.5,0.8593695770424438,0.06200997311963091,1.0,-2.2678678264583203,54,125,200,5,2,100,0.0,0,0.3,0.0,0.0,1.0,0.5,1.0,1.0,0.25,1.0,0.25
rho_0.5,0.9398041756554605,0.08012279517061466,1.0,-0.7512946124303033,55,126,200,5,2,100,0.0,0,0.3,0.0,0.0,1.0,0.5,1.0,1.0,0.25,1.0,0.25
rho_0.5,1.1205583877611136,0.05932883510265142,1.0,2.032036994364075,56,127,200,5,2,100,0.0,0,0.3,0.0,0.0,1.0,0.5,1.0,1.0,0.25,1.0,0.25
rho_0.5,0.9440197862888436,0.06825675442902406,1.0,-0.8201417453765208,57,128,200,5,2,100,0.0,0,0.3,0.0,0.0,1.0,0.5,1.0,1.0,0.25,1.0,0.25
rho_0.5,1.0518736469038696,0.061778836979165426,1.0,0.8396669383945143,58,129,200,5,2,100,0.0,0,0.3,0.0,0.0,1.0,0.5,1.0,1.0,0.25,1.0,0.25
rho_0.5,1.0155992360228911,0.07050820368894878,1.0,0.2212400147323016,59,130,200,5,2,100,0.0,0,0.3,0.0,0.0,1.0,0.5,1.0,1.0,0.25,1.0,0.25
rho_0.5,1.0282887197400226,0.06580605974046405,1.0,0.42988016379634214,60,131,200,5,2,100,0.0,0,0.3,0.0,0.0,1.0,0.5,1.0,1.0,0.25,1.0,0.25
rho_0.5,0.9995798711952761,0.07186381105066644,1.0,-0.00584618041516971,61,132,200,5,2,100,0.0,0,0.3,0.0,0.0,1.0,0.5,1.0,1.0,0.25,1.0,0.25
rho_0.5,0.9890750175346207,0.06958421817408064,1.0,-0.1570037395267991,62,133,200,5,2,100,0.0,0,0.3,0.0,0.0,1.0,0.5,1.0,1.0,0.25,1.0,0.25
rho_0.5,1.062760899522334,0.07852768232712168,1.0,0.7992200668917222,63,134,200,5,2,100,0.0,0,0.3,0.0,0.0,1.0,0.5,1.0,1.0,0.25,1.0,0.25
rho_0.5,0.8909431310151956,0.06318433216527196,1.0,-1.7260112633547051,64,135,200,5,2,100,0.0,0,0.3,0.0,0.0,1.0,0.5,1.0,1.0,0.25,1.0,0.25
rho_0.5,1.0942080624971067,0.07700160774644751,1.0,1.2234557855897883,65,136,200,5,2,100,0.0,0,0.3,0.0,0.0,1.0,0.5,1.0,1.0,0.25,1.0,0.25
rho_0.5,0.9726404696800319,0.07176945227926992,1.0,-0.38121414405541826,66,137,200,5,2,100,0.0,0,0.3,0.0,0.0,1.0,0.5,1.0,1.0,0.25,1.0,0.25
rho_0.5,0.8549358057983445,0.08642845431620445,1.0,-1.678430967548351,67,138,200,5,2,100,0.0,0,0.3,0.0,0.0,1.0,0.5,1.0,1.0,0.25,1.0,0.25
rho_0.5,1.0000829536169489,0.06737880435009926,1.0,0.0012311529975784646,68,139,200,5,2,100,0.0,0,0.3,0.0,0.0,1.0,0.5,1.0,1.0,0.25,1.0,0.25
rho_0.5,0.9889223533053652,0.06677223368395442,1.0,-0.1659019937399045,69,140,200,5,2,100,0.0,0,0.3,0.0,0.0,1.0,0.5,1.0,1.0,0.25,1.0,0.25
rho_0.5,0.9593700028124771,0.07420252646604346,1.0,-0.5475554421467846,70,141,200,5,2,100,0.0,0,0.3,0.0,0.0,1.0,0.5,1.0,1.0,0.25,1.0,0.25
rho_0.5,1.101855286208059,0.07438822782998351,1.0,1.3692393162107896,71,142,200,5,2,100,0.0,0,0.3,0.0,0.0,1.0,0.5,1.0,1.0,0.25,1.0,0.25
rho_0.5,1.0108991113554384,0.07833257573209239,1.0,0.1391389374545119,72,143,200,5,2,100,0.0,0,0.3,0.0,0.0,1.0,0.5,1.0,1.0,0.25,1.0,0.25
rho_0.5,0.805031389667697,0.0770259717945547,1.0,-2.5312061086658844,73,144,200,5,2,100,0.0,0,0.3,0.0,0.0,1.0,0.5,1.0,1.0,0.25,1.0,0.25
rho_0.5,0.8414927563243086,0.07946469084999122,1.0,-1.994687728351099,74,145,200,5,2,100,0.0,0,0.3,0.0,0.0,1.0,0.5,1.0,1.0,0.25,1.0,0.25
rho_0.5,0.9786682650852844,0.07952822441753951,1.0,-0.2682284820382716,75,146,200,5,2,100,0.0,0,0.3,0.0,0.0,1.0,0.5,1.0,1.0,0.25,1.0,0.25
rho_0.5,0.990006033507825,0.06678342634877252,1.0,-0.149647405629985,76,147,200,5,2,100,0.0,0,0.3,0.0,0.0,1.0,0.5,1.0,1.0,0.25,1.0,0.25
rho_0.5,1.0362460415915313,0.07144618368487951,1.0,0.5073194917085858,77,148,200,5,2,100,0.0,0,0.3,0.0,0.0,1.0,0.5,1.0,1.0,0.25,1.0,0.25
rho_0.5,0.8621958020550122,0.06888221041778318,1.0,-2.000577465635614,78,149,200,5,2,100,0.0,0,0.3,0.0,0.0,1.0,0.5,1.0,1.0,0.25,1.0,0.25
rho_0.5,1.128953717622585,0.07604231463435732,1.0,1.6958152607879895,79,150,200,5,2,100,0.0,0,0.3,0.0,0.0,1.0,0.5,1.0,1.0,0.25,1.0,0.25
rho_0.5,0.917057736563615,0.06632732793907276,1.0,-1.2504990931124869,80,151,200,5,2,100,0.0,0,0.3,0.0,0.0,1.0,0.5,1.0,1.0,0.25,1.0,0.25
rho_0.5,1.0202363002758275,0.07581404266747932,1.0,0.26692021113534264,81,152,200,5,2,100,0.0,0,0.3,0.0,0.0,1.0,0.5,1.0,1.0,0.25,1.0,0.25
rho_0.5,0.9265708271351988,0.07476228528018058,1.0,-0.9821686508059061,82,153,200,5,2,100,0.0,0,0.3,0.0,0.0,1.0,0.5,1.0,1.0,0.25,1.0,0.25
rho_0.5,1.0662765916865438,0.07082748460874526,1.0,0.93574679451994,83,154,200,5,2,100,0.0,0,0.3,0.0,0.0,1.0,0.5,1.0,1.0,0.25,1.0,0.25
rho_0.5,0.9573479203278464,0.06582388969995424,1.0,-0.6479726413400212,84,155,200,5,2,100,0.0,0,0.3,0.0,0.0,1.0,0.5,1.0,1.0,0.25,1.0,0.25
rho_0.5,1.084853030329164,0.07464191335765527,1.0,1.136801382925179,85,156,200,5,2,100,0.0,0,0.3,0.0,0.0,1.0,0.5,1.0,1.0,0.25,1.0,0.25
rho_0.5,0.8944222367956759,0.07665393711451915,1.0,-1.3773299477963337,86,157,200,5,2,100,0.0,0,0.3,0.0,0.0,1.0,0.5,1.0,1.0,0.25,1.0,0.25
rho_0.5,1.005640923706611,0.08606747320589078,1.0,0.06554071470318222,87,158,200,5,2,100,0.0,0,0.3,0.0,0.0,1.0,0.5,1.0,1.0,0.25,1.0,0.25
rho_0.5,1.0059294054977281,0.0683319192041395,1.0,0.08677358351393906,88,159,200,5,2,100,0.0,0,0.3,0.0,0.0,1.0,0.5,1.0,1.0,0.25,1.0,0.25
rho_0.5,0.9221245974391236,0.08025970757880296,1.0,-0.9702926276477459,89,160,200,5,2,100,0.0,0,0.3,0.0,0.0,1.0,0.5,1.0,1.0,0.25,1.0,0.25
rho_0.5,1.00488040007896,0.07121460859019202,1.0,0.06853088397978088,90,161,200,5,2,100,0.0,0,0.3,0.0,0.0,1.0,0.5,1.0,1.0,0.25,1.0,0.25
rho_0.5,0.9149326743201105,0.0672126682283693,1.0,-1.2656442293118795,91,162,200,5,2,100,0.0,0,0.3,0.0,0.0,1.0,0.5,1.0,1.0,0.25,1.0,0.25
rho_0.5,1.0458369300732258,0.05740655392243024,1.0,0.7984616205174453,92,163,200,5,2,100,0.0,0,0.3,0.0,0.0,1.0,0.5,1.0,1.0,0.25,1.0,0.25
rho_0.5,0.9096173771513699,0.08219745138564463,1.0,-1.0995793826329625,93,164,200,5,2,100,0.0,0,0.3,0.0,0.0,1.0,0.5,1.0,1.0,0.25,1.0,0.25
rho_0.5,1.0161119787592945,0.06910956606707436,1.0,0.23313673744756247,94,165,200,5,2,100,0.0,0,0.3,0.0,0.0,1.0,0.5,1.0,1.0,0.25,1.0,0.25
rho_0.5,1.0039204168205786,0.0680752043276729,1.0,0.05758949766361515,95,166,200,5,2,100,0.0,0,0.3,0.0,0.0,1.0,0.5,1.0,1.0,0.25,1.0,0.25
rho_0.5,1.0333075179576505,0.0639537276666509,1.0,0.5208065139105089,96,167,200,5,2,100,0.0,0,0.3,0.0,0.0,1.0,0.5,1.0,1.0,0.25,1.0,0.25
rho_0.5,0.9162969072770345,0.06677388165234542,1.0,-1.2535304321345446,97,168,200,5,2,100,0.0,0,0.3,0.0,0.0,1.0,0.5,1.0,1.0,0.25,1.0,0.25
rho_0.5,1.0792096774649824,0.06992470390852536,1.0,1.1327853110197441,98,169,200,5,2,100,0.0,0,0.3,0.0,0.0,1.0,0.5,1.0,1.0,0.25,1.0,0.25
rho_0.5,1.0469049125065213,0.060810567272555606,1.0,0.7713283169402356,99,170,200,5,2,100,0.0,0,0.3,0.0,0.0,1.0,0.5,1.0,1.0,0.25,1.0,0.25
rho_0.7,1.0641402774203657,0.06374658597373463,1.0,1.0061758828432512,0,72,200,5,2,100,0.0,0,0.3,0.0,0.0,1.0,0.7,1.0,1.0,0.25,1.0,0.25
rho_0.7,1.001710896606037,0.08070065354431809,1.0,0.02120052974660861,1,73,200,5,2,100,0.0,0,0.3,0.0,0.0,1.0,0.7,1.0,1.0,0.25,1.0,0.25
rho_0.7,0.9431244506743597,0.0762306383995693,1.0,-0.7460982948551781,2,74,200,5,2,100,0.0,0,0.3,0.0,0.0,1.0,0.7,1.0,1.0,0.25,1.0,0.25
rho_0.7,0.9158460993223039,0.0754410553262487,1.0,-1.115492092651253,3,75,200,5,2,100,0.0,0,0.3,0.0,0.0,1.0,0.7,1.0,1.0,0.25,1.0,0.25
rho_0.7,1.0062480799652698,0.06271010265291718,1.0,0.09963434440302449,4,76,200,5,2,100,0.0,0,0.3,0.0,0.0,1.0,0.7,1.0,1.0,0.25,1.0,0.25
rho_0.7,1.154403408942796,0.08006891830457222,1.0,1.9283813521179909,5,77,200,5,2,100,0.0,0,0.3,0.0,0.0,1.0,0.7,1.0,1.0,0.25,1.0,0.25
rho_0.7,0.7543149960200178,0.06724839816298418,1.0,-3.653395630101649,6,78,200,5,2,100,0.0,0,0.3,0.0,0.0,1.0,0.7,1.0,1.0,0.25,1.0,0.25
rho_0.7,0.9009961704781826,0.08168526911814834,1.0,-1.212015710918694,7,79,200,5,2,100,0.0,0,0.3,0.0,0.0,1.0,0.7,1.0,1.0,0.25,1.0,0.25
rho_0.7,0.9901280370091211,0.0675463851274226,1.0,-0.14615087057961676,8,80,200,5,2,100,0.0,0,0.3,0.0,0.0,1.0,0.7,1.0,1.0,0.25,1.0,0.25
rho_0.7,0.8782759324701939,0.07549662576671776,1.0,-1.612311362178354,9,81,200,5,2,100,0.0,0,0.3,0.0,0.0,1.0,0.7,1.0,1.0,0.25,1.0,0.25
rho_0.7,1.1259948490323466,0.06753148935365651,1.0,1.8657199809783933,10,82,200,5,2,100,0.0,0,0.3,0.0,0.0,1.0,0.7,1.0,1.0,0.25,1.0,0.25
rho_0.7,1.0329360783599195,0.06564266687154914,1.0,0.5017480234977272,11,83,200,5,2,100,0.0,0,0.3,0.0,0.0,1.0,0.7,1.0,1.0,0.25,1.0,0.25
rho_0.7,0.9346253448860147,0.0718184087962036,1.0,-0.9102771310277359,12,84,200,5,2,100,0.0,0,0.3,0.0,0.0,1.0,0.7,1.0,1.0,0.25,1.0,0.25
rho_0.7,0.9425466621892045,0.062418790533719126,1.0,-0.9204493922348397,13,85,200,5,2,100,0.0,0,0.3,0.0,0.0,1.0,0.7,1.0,1.0,0.25,1.0,0.25
rho_0.7,1.0159237063385864,0.05307450873717496,1.0,0.30002550598142386,14,86,200,5,2,100,0.0,0,0.3,0.0,0.0,1.0,0.7,1.0,1.0,0.25,1.0,0.25
rho_0.7,0.9147833083041772,0.06279844680978935,1.0,-1.356987250877975,15,87,200,5,2,100,0.0,0,0.3,0.0,0.0,1.0,0.7,1.0,1.0,0.25,1.0,0.25
rho_0.7,0.9589958636366887,0.08253712022073403,1.0,-0.49679630514914375,16,88,200,5,2,100,0.0,0,0.3,0.0,0.0,1.0,0.7,1.0,1.0,0.25,1.0,0.25
rho_0.7,1.0062964851983793,0.06326311902384658,1.0,0.09952852934750049,17,89,200,5,2,100,0.0,0,0.3,0.0,0.0,1.0,0.7,1.0,1.0,0.25,1.0,0.25
rho_0.7,1.041481905327598,0.06743787788253051,1.0,0.6151128509686365,18,90,200,5,2,100,0.0,0,0.3,0.0,0.0,1.0,0.7,1.0,1.0,0.25,1.0,0.25
rho_0.7,1.087087393976969,0.06222442659101292,1.0,1.399569248735303,19,91,200,5,2,100,0.0,0,0.3,0.0,0.0,1.0,0.7,1.0,1.0,0.25,1.0,0.25
rho_0.7,1.1822023473492658,0.06656958789654675,1.0,2.7370208094485946,20,92,200,5,2,100,0.0,0,0.3,0.0,0.0,1.0,0.7,1.0,1.0,0.25,1.0,0.25
rho_0.7,1.0205095092056018,0.06824057970869139,1.0,0.3005471127759136,21,93,200,5,2,100,0.0,0,0.3,0.0,0.0,1.0,0.7,1.0,1.0,0.25,1.0,0.25
rho_0.7,0.9765935440720327,0.07049101746116417,1.0,-0.3320487740280199,22,94,200,5,2,100,0.0,0,0.3,0.0,0.0,1.0,0.7,1.0,1.0,0.25,1.0,0.25
rho_0.7,0.826727639920382,0.07737447794796597,1.0,-2.2393994075946204,23,95,200,5,2,100,0.0,0,0.3,0.0,0.0,1.0,0.7,1.0,1.0,0.25,1.0,0.25
rho_0.7,0.9971735631827661,0.06941458136740361,1.0,-0.04071820014693917,24,96,200,5,2,100,0.0,0,0.3,0.0,0.0,1.0,0.7,1.0,1.0,0.25,1.0,0.25
rho_0.7,0.8917616475382056,0.06557092008138886,1.0,-1.6507066292107115,25,97,200,5,2,100,0.0,0,0.3,0.0,0.0,1.0,0.7,1.0,1.0,0.25,1.0,0.25
rho_0.7,1.014375247176272,0.07254655287903392,1.0,0.19815203625514224,26,98,200,5,2,100,0.0,0,0.3,0.0,0.0,1.0,0.7,1.0,1.0,0.25,1.0,0.25
rho_0.7,1.0021717911060637,0.07382239634570233,1.0,0.029419135839121615,27,99,200,5,2,100,0.0,0,0.3,0.0,0.0,1.0,0.7,1.0,1.0,0.25,1.0,0.25
rho_0.7,0.9692152798355093,0.07453473023972818,1.0,-0.41302517719561027,28,100,200,5,2,100,0.0,0,0.3,0.0,0.0,1.0,0.7,1.0,1.0,0.25,1.0,0.25
rho_0.7,1.1045458840661753,0.06883043846439608,1.0,1.5188902816630132,29,101,200,5,2,100,0.0,0,0.3,0.0,0.0,1.0,0.7,1.0,1.0,0.25,1.0,0.25
rho_0.7,1.0344293407434548,0.07869382071326513,1.0,0.4375100920427314,30,102,200,5,2,100,0.0,0,0.3,0.0,0.0,1.0,0.7,1.0,1.0,0.25,1.0,0.25
rho_0.7,0.9916627890847014,0.0643647163221552,1.0,-0.12953076455071424,31,103,200,5,2,100,0.0,0,0.3,0.0,0.0,1.0,0.7,1.0,1.0,0.25,1.0,0.25
rho_0.7,0.8740490030720347,0.07513977629724206,1.0,-1.6762226763854262,32,104,200,5,2,100,0.0,0,0.3,0.0,0.0,1.0,0.7,1.0,1.0,0.25,1.0,0.25
rho_0.7,0.8099423131256553,0.06141610162326566,1.0,-3.0945905365368707,33,105,200,5,2,100,0.0,0,0.3,0.0,0.0,1.0,0.7,1.0,1.0,0.25,1.0,0.25
rho_0.7,1.0156929609233272,0.07241442580483641,1.0,0.2167104240475669,34,106,200,5,2,100,0.0,0,0.3,0.0,0.0,1.0,0.7,1.0,1.0,0.25,1.0,0.25
rho_0.7,0.9682519587128755,0.06323424897689907,1.0,-0.5020703463833782,35,107,200,5,2,100,0.0,0,0.3,0.0,0.0,1.0,0.7,1.0,1.0,0.25,1.0,0.25
rho_0.7,1.0632828873915667,0.06740117117925075,1.0,0.9388989283771998,36,108,200,5,2,100,0.0,0,0.3,0.0,0.0,1.0,0.7,1.0,1.0,0.25,1.0,0.25
rho_0.7,0.9424544774020455,0.07898578694457793,1.0,-0.7285554126128108,37,109,200,5,2,100,0.0,0,0.3,0.0,0.0,1.0,0.7,1.0,1.0,0.25,1.0,0.25
rho_0.7,0.9377433266089942,0.06851449505789725,1.0,-0.9086642664212392,38,110,200,5,2,100,0.0,0,0.3,0.0,0.0,1.0,0.7,1.0,1.0,0.25,1.0,0.25
rho_0.7,1.0212563300474515,0.0766077733027234,1.0,0.27746962391734037,39,111,200,5,2,100,0.0,0,0.3,0.0,0.0,1.0,0.7,1.0,1.0,0.25,1.0,0.25
rho_0.7,1.0343673635536532,0.08416100812165352,1.0,0.40835256516860746,40,112,200,5,2,100,0.0,0,0.3,0.0,0.0,1.0,0.7,1.0,1.0,0.25,1.0,0.25
rho_0.7,1.0360945710908605,0.06906904243608374,1.0,0.5225868177376608,41,113,200,5,2,100,0.0,0,0.3,0.0,0.0,1.0,0.7,1.0,1.0,0.25,1.0,0.25
rho_0.7,1.06747811465231,0.08599647575299503,1.0,0.784661395266072,42,114,200,5,2,100,0.0,0,0.3,0.0,0.0,1.0,0.7,1.0,1.0,0.25,1.0,0.25
rho_0.7,1.0949161745380567,0.06093632488162397,1.0,1.557628798954361,43,115,200,5,2,100,0.0,0,0.3,0.0,0.0,1.0,0.7,1.0,1.0,0.25,1.0,0.25
rho_0.7,1.0011002970918341,0.0773319651161328,1.0,0.014228231368254504,44,116,200,5,2,100,0.0,0,0.3,0.0,0.0,1.0,0.7,1.0,1.0,0.25,1.0,0.25
rho_0.7,0.9733452360527316,0.07133239689376364,1.0,-0.3736698205580519,45,117,200,5,2,100,0.0,0,0.3,0.0,0.0,1.0,0.7,1.0,1.0,0.25,1.0,0.25
rho_0.7,0.9569891762565584,0.05848346130360126,1.0,-0.7354356733463904,46,118,200,5,2,100,0.0,0,0.3,0.0,0.0,1.0,0.7,1.0,1.0,0.25,1.0,0.25
rho_0.7,0.9028038920240196,0.05786038387358083,1.0,-1.679838629974254,47,119,200,5,2,100,0.0,0,0.3,0.0,0.0,1.0,0.7,1.0,1.0,0.25,1.0,0.25
rho_0.7,1.1336094129633079,0.07374822596501712,1.0,1.8116966369697656,48,120,200,5,2,100,0.0,0,0.3,0.0,0.0,1.0,0.7,1.0,1.0,0.25,1.0,0.25
rho_0.7,0.9771150847718962,0.07151867692421697,1.0,-0.3199851592941688,49,121,200,5,2,100,0.0,0,0.3,0.0,0.0,1.0,0.7,1.0,1.0,0.25,1.0,0.25
rho_0.7,0.9794840101973401,0.07412729748373473,1.0,-0.2767670008091363,50,122,200,5,2,100,0.0,0,0.3,0.0,0.0,1.0,0.7,1.0,1.0,0.25,1.0,0.25
rho_0.7,0.9620035298407805,0.0739971830613056,1.0,-0.5134853596756508,51,123,200,5,2,100,0.0,0,0.3,0.0,0.0,1.0,0.7,1.0,1.0,0.25,1.0,0.25
rho_0.7,0.9799828066230989,0.0735604535459904,1.0,-0.2721189499516374,52,124,200,5,2,100,0.0,0,0.3,0.0,0.0,1.0,0.7,1.0,1.0,0.25,1.0,0.25
rho_0.7,0.8410188771406426,0.06120004776158508,1.0,-2.59772873836136,53,125,200,5,2,100,0.0,0,0.3,0.0,0.0,1.0,0.7,1.0,1.0,0.25,1.0,0.25
rho_0.7,0.9525609653167446,0.08314679125094677,1.0,-0.5705455853380897,54,126,200,5,2,100,0.0,0,0.3,0.0,0.0,1.0,0.7,1.0,1.0,0.25,1.0,0.25
rho_0.7,1.1418293432203164,0.05861466441844546,1.0,2.419690441419367,55,127,200,5,2,100,0.0,0,0.3,0.0,0.0,1.0,0.7,1.0,1.0,0.25,1.0,0.25
rho_0.7,0.9487668732875241,0.06608954392743939,1.0,-0.775207750998032,56,128,200,5,2,100,0.0,0,0.3,0.0,0.0,1.0,0.7,1.0,1.0,0.25,1.0,0.25
rho_0.7,1.0681226734731266,0.06178296763181506,1.0,1.102612517402724,57,129,200,5,2,100,0.0,0,0.3,0.0,0.0,1.0,0.7,1.0,1.0,0.25,1.0,0.25
rho_0.7,1.0019115014857702,0.06461997004161484,1.0,0.029580661899707553,58,130,200,5,2,100,0.0,0,0.3,0.0,0.0,1.0,0.7,1.0,1.0,0.25,1.0,0.25
rho_0.7,1.0442242276801503,0.065871947761812,1.0,0.6713666315145531,59,131,200,5,2,100,0.0,0,0.3,0.0,0.0,1.0,0.7,1.0,1.0,0.25,1.0,0.25
rho_0.7,0.9558915785544024,0.07098133699584688,1.0,-0.621408715479371,60,132,200,5,2,100,0.0,0,0.3,0.0,0.0,1.0,0.7,1.0,1.0,0.25,1.0,0.25
rho_0.7,0.9800512307956019,0.06828188713417023,1.0,-0.2921531615727006,61,133,200,5,2,100,0.0,0,0.3,0.0,0.0,1.0,0.7,1.0,1.0,0.25,1.0,0.25
rho_0.7,1.0534539264244354,0.08300866498757765,1.0,0.6439559825764551,62,134,200,5,2,100,0.0,0,0.3,0.0,0.0,1.0,0.7,1.0,1.0,0.25,1.0,0.25
rho_0.7,0.8462498613091575,0.06270553488871414,1.0,-2.451938875311544,63,135,200,5,2,100,0.0,0,0.3,0.0,0.0,1.0,0.7,1.0,1.0,0.25,1.0,0.25
rho_0.7,1.1325866255889463,0.0731186305430415,1.0,1.813308381246265,64,136,200,5,2,100,0.0,0,0.3,0.0,0.0,1.0,0.7,1.0,1.0,0.25,1.0,0.25
rho_0.7,0.9205897137765199,0.07009273627525879,1.0,-1.1329317479008196,65,137,200,5,2,100,0.0,0,0.3,0.0,0.0,1.0,0.7,1.0,1.0,0.25,1.0,0.25
rho_0.7,0.8641735241259978,0.08704826107402612,1.0,-1.5603582908852704,66,138,200,5,2,100,0.0,0,0.3,0.0,0.0,1.0,0.7,1.0,1.0,0.25,1.0,0.25
rho_0.7,1.0478508990502358,0.06560448945712953,1.0,0.7293845199649761,67,139,200,5,2,100,0.0,0,0.3,0.0,0.0,1.0,0.7,1.0,1.0,0.25,1.0,0.25
rho_0.7,1.0003316275653658,0.06685349012938396,1.0,0.004960512378993894,68,140,200,5,2,100,0.0,0,0.3,0.0,0.0,1.0,0.7,1.0,1.0,0.25,1.0,0.25
rho_0.7,0.9668218929350945,0.07689160361877063,1.0,-0.4314919380457057,69,141,200,5,2,100,0.0,0,0.3,0.0,0.0,1.0,0.7,1.0,1.0,0.25,1.0,0.25
rho_0.7,1.0607447066049667,0.07896530738560133,1.0,0.7692581541959902,70,142,200,5,2,100,0.0,0,0.3,0.0,0.0,1.0,0.7,1.0,1.0,0.25,1.0,0.25
rho_0.7,0.966442568838609,0.08518924124461688,1.0,-0.39391630528827465,71,143,200,5,2,100,0.0,0,0.3,0.0,0.0,1.0,0.7,1.0,1.0,0.25,1.0,0.25
rho_0.7,0.8032356164389737,0.07201292951930137,1.0,-2.7323479946512697,72,144,200,5,2,100,0.0,0,0.3,0.0,0.0,1.0,0.7,1.0,1.0,0.25,1.0,0.25
rho_0.7,0.8717279059192166,0.0796582739308741,1.0,-1.6102796075156671,73,145,200,5,2,100,0.0,0,0.3,0.0,0.0,1.0,0.7,1.0,1.0,0.25,1.0,0.25
rho_0.7,0.9337297124966526,0.08029490839563437,1.0,-0.825336111933973,74,146,200,5,2,100,0.0,0,0.3,0.0,0.0,1.0,0.7,1.0,1.0,0.25,1.0,0.25
rho_0.7,0.9718617659106269,0.06725642441544548,1.0,-0.41837243555444115,75,147,200,5,2,100,0.0,0,0.3,0.0,0.0,1.0,0.7,1.0,1.0,0.25,1.0,0.25
rho_0.7,1.0474289948982274,0.07089769936861182,1.0,0.6689779121270808,76,148,200,5,2,100,0.0,0,0.3,0.0,0.0,1.0,0.7,1.0,1.0,0.25,1.0,0.25
rho_0.7,0.8468882198370592,0.06963337838513134,1.0,-2.1988273973453287,77,149,200,5,2,100,0.0,0,0.3,0.0,0.0,1.0,0.7,1.0,1.0,0.25,1.0,0.25
rho_0.7,1.0577768010854638,0.07598850089570425,1.0,0.7603361088115637,78,150,200,5,2,100,0.0,0,0.3,0.0,0.0,1.0,0.7,1.0,1.0,0.25,1.0,0.25
rho_0.7,0.9050395603475232,0.06570987892991827,1.0,-1.44514707984404,79,151,200,5,2,100,0.0,0,0.3,0.0,0.0,1.0,0.7,1.0,1.0,0.25,1.0,0.25
rho_0.7,1.0319890721795473,0.07558758954785269,1.0,0.4232053485353672,80,152,200,5,2,100,0.0,0,0.3,0.0,0.0,1.0,0.7,1.0,1.0,0.25,1.0,0.25
rho_0.7,0.9363202220996258,0.06973389233627952,1.0,-0.9131826113088531,81,153,200,5,2,100,0.0,0,0.3,0.0,0.0,1.0,0.7,1.0,1.0,0.25,1.0,0.25
rho_0.7,1.0801913359161277,0.07128112938062416,1.0,1.1250009169737643,82,154,200,5,2,100,0.0,0,0.3,0.0,0.0,1.0,0.7,1.0,1.0,0.25,1.0,0.25
rho_0.7,0.901050498312056,0.06708790007592946,1.0,-1.474923221265741,83,155,200,5,2,100,0.0,0,0.3,0.0,0.0,1.0,0.7,1.0,1.0,0.25,1.0,0.25
rho_0.7,1.0987405175894143,0.07407636396336524,1.0,1.332955781121314,84,156,200,5,2,100,0.0,0,0.3,0.0,0.0,1.0,0.7,1.0,1.0,0.25,1.0,0.25
rho_0.7,0.8847986516167208,0.07689599514907931,1.0,-1.4981449704882133,85,157,200,5,2,100,0.0,0,0.3,0.0,0.0,1.0,0.7,1.0,1.0,0.25,1.0,0.25
rho_0.7,0.9752078016659775,0.085829137561464,1.0,-0.28885526568722963,86,158,200,5,2,100,0.0,0,0.3,0.0,0.0,1.0,0.7,1.0,1.0,0.25,1.0,0.25
rho_0.7,0.9960618189171304,0.06793170450186885,1.0,-0.0579726522652062,87,159,200,5,2,100,0.0,0,0.3,0.0,0.0,1.0,0.7,1.0,1.0,0.25,1.0,0.25
rho_0.7,0.9419369128603154,0.08136939410131276,1.0,-0.7135740382605086,88,160,200,5,2,100,0.0,0,0.3,0.0,0.0,1.0,0.7,1.0,1.0,0.25,1.0,0.25
rho_0.7,1.013600414394711,0.06994721265635956,1.0,0.19443826105734757,89,161,200,5,2,100,0.0,0,0.3,0.0,0.0,1.0,0.7,1.0,1.0,0.25,1.0,0.25
rho_0.7,0.9229458320687748,0.06700423752467854,1.0,-1.1499894749618655,90,162,200,5,2,100,0.0,0,0.3,0.0,0.0,1.0,0.7,1.0,1.0,0.25,1.0,0.25
rho_0.7,1.0482902120830007,0.056582673190336046,1.0,0.8534452220127401,91,163,200,5,2,100,0.0,0,0.3,0.0,0.0,1.0,0.7,1.0,1.0,0.25,1.0,0.25
rho_0.7,0.8545504648630785,0.08165679928587917,1.0,-1.7812299331952133,92,164,200,5,2,100,0.0,0,0.3,0.0,0.0,1.0,0.7,1.0,1.0,0.25,1.0,0.25
rho_0.7,1.0197451599309868,0.06801454901473167,1.0,0.29030788584233763,93,165,200,5,2,100,0.0,0,0.3,0.0,0.0,1.0,0.7,1.0,1.0,0.25,1.0,0.25
rho_0.7,1.029804191931417,0.06793416621172012,1.0,0.4387216859117799,94,166,200,5,2,100,0.0,0,0.3,0.0,0.0,1.0,0.7,1.0,1.0,0.25,1.0,0.25
rho_0.7,1.0842363083872413,0.06441525944718107,1.0,1.307707352421874,95,167,200,5,2,100,0.0,0,0.3,0.0,0.0,1.0,0.7,1.0,1.0,0.25,1.0,0.25
rho_0.7,0.9189217320476852,0.0665101865840489,1.0,-1.2190353405467624,96,168,200,5,2,100,0.0,0,0.3,0.0,0.0,1.0,0.7,1.0,1.0,0.25,1.0,0.25
rho_0.7,1.0655844929545293,0.07503637622604169,1.0,0.8740359843199346,97,169,200,5,2,100,0.0,0,0.3,0.0,0.0,1.0,0.7,1.0,1.0,0.25,1.0,0.25
rho_0.7,1.0067542637741371,0.06606626971842118,1.0,0.1022346774371286,98,170,200,5,2,100,0.0,0,0.3,0.0,0.0,1.0,0.7,1.0,1.0,0.25,1.0,0.25
rho_0.7,1.0611775998171813,0.07212590906165689,1.0,0.8482055978647504,99,171,200,5,2,100,0.0,0,0.3,0.0,0.0,1.0,0.7,1.0,1.0,0.25,1.0,0.25
s1_0.5,1.0015731209423702,0.15984354681129917,1.0,0.009841629354153964,0,73,200,5,2,100,0.0,0,0.3,0.0,0.0,1.0,0.7,0.5,1.0,0.25,1.0,0.25
s1_0.5,0.9409136316312142,0.1503966621753028,1.0,-0.39287021077578527,1,74,200,5,2,100,0.0,0,0.3,0.0,0.0,1.0,0.7,0.5,1.0,0.25,1.0,0.25
s1_0.5,0.876723362183219,0.14519509143021447,1.0,-0.8490413594734488,2,75,200,5,2,100,0.0,0,0.3,0.0,0.0,1.0,0.7,0.5,1.0,0.25,1.0,0.25
s1_0.5,1.0355269237645826,0.12974561827314374,1.0,0.27381983482317207,3,76,200,5,2,100,0.0,0,0.3,0.0,0.0,1.0,0.7,0.5,1.0,0.25,1.0,0.25
s1_0.5,1.3802024767274637,0.15738043783521824,1.0,2.4158178866267126,4,77,200,5,2,100,0.0,0,0.3,0.0,0.0,1.0,0.7,0.5,1.0,0.25,1.0,0.25
s1_0.5,0.5575902862121104,0.12664953184359926,1.0,-3.493180806496985,5,78,200,5,2,100,0.0,0,0.3,0.0,0.0,1.0,0.7,0.5,1.0,0.25,1.0,0.25
s1_0.5,0.80331378111005,0.15702384215872547,1.0,-1.2525882451095058,6,79,200,5,2,100,0.0,0,0.3,0.0,0.0,1.0,0.7,0.5,1.0,0.25,1.0,0.25
s1_0.5,1.0160687394597692,0.12818966352956201,1.0,0.12535128821883154,7,80,200,5,2,100,0.0,0,0.3,0.0,0.0,1.0,0.7,0.5,1.0,0.25,1.0,0.25
s1_0.5,0.7779455264145112,0.14019806803162932,1.0,-1.5838625788722873,8,81,200,5,2,100,0.0,0,0.3,0.0,0.0,1.0,0.7,0.5,1.0,0.25,1.0,0.25
s1_0.5,1.165539593183542,0.13620332992309603,1.0,1.2153858006042138,9,82,200,5,2,100,0.0,0,0.3,0.0,0.0,1.0,0.7,0.5,1.0,0.25,1.0,0.25
s1_0.5,1.0053097558769273,0.1305738181201363,1.0,0.040664782215696284,10,83,200,5,2,100,0.0,0,0.3,0.0,0.0,1.0,0.7,0.5,1.0,0.25,1.0,0.25
s1_0.5,0.8740580524425718,0.13811520408120523,1.0,-0.9118615752352669,11,84,200,5,2,100,0.0,0,0.3,0.0,0.0,1.0,0.7,0.5,1.0,0.25,1.0,0.25
s1_0.5,0.8734181848489011,0.11820328940573968,1.0,-1.0708823399710936,12,85,200,5,2,100,0.0,0,0.3,0.0,0.0,1.0,0.7,0.5,1.0,0.25,1.0,0.25
s1_0.5,1.0737883170532871,0.10680141540600191,1.0,0.6908926887605693,13,86,200,5,2,100,0.0,0,0.3,0.0,0.0,1.0,0.7,0.5,1.0,0.25,1.0,0.25
s1_0.5,0.7991954641362925,0.1220854290101805,1.0,-1.644787076490207,14,87,200,5,2,100,0.0,0,0.3,0.0,0.0,1.0,0.7,0.5,1.0,0.25,1.0,0.25
s1_0.5,0.9252824892863543,0.15715606470503954,1.0,-0.475435108749257,15,88,200,5,2,100,0.0,0,0.3,0.0,0.0,1.0,0.7,0.5,1.0,0.25,1.0,0.25
s1_0.5,0.9780891052763785,0.1262653892432978,1.0,-0.17353048887689979,16,89,200,5,2,100,0.0,0,0.3,0.0,0.0,1.0,0.7,0.5,1.0,0.25,1.0,0.25
s1_0.5,1.095480825347589,0.13046649959193524,1.0,0.7318417037801103,17,90,200,5,2,100,0.0,0,0.3,0.0,0.0,1.0,0.7,0.5,1.0,0.25,1.0,0.25
s1_0.5,1.1743805213913967,0.12821536098480316,1.0,1.3600595127760495,18,91,200,5,2,100,0.0,0,0.3,0.0,0.0,1.0,0.7,0.5,1.0,0.25,1.0,0.25
s1_0.5,1.3505226330800233,0.12818611790415943,1.0,2.73448200796671,19,92,200,5,2,100,0.0,0,0.3,0.0,0.0,1.0,0.7,0.5,1.0,0.25,1.0,0.25
s1_0.5,1.0499049007222598,0.13658564390857664,1.0,0.36537442218791016,20,93,200,5,2,100,0.0,0,0.3,0.0,0.0,1.0,0.7,0.5,1.0,0.25,1.0,0.25
s1_0.5,1.0133041574243449,0.13549320078965238,1.0,0.0981905907219583,21,94,200,5,2,100,0.0,0,0.3,0.0,0.0,1.0,0.7,0.5,1.0,0.25,1.0,0.25
s1_0.5,0.617386776108717,0.1418275868592579,1.0,-2.6977348509142156,22,95,200,5,2,100,0.0,0,0.3,0.0,0.0,1.0,0.7,0.5,1.0,0.25,1.0,0.25
s1_0.5,1.0004984251740023,0.13714766391117064,1.0,0.0036342228499434215,23,96,200,5,2,100,0.0,0,0.3,0.0,0.0,1.0,0.7,0.5,1.0,0.25,1.0,0.25
s1_0.5,0.7516399216152273,0.1381301057160358,1.0,-1.7980155527814101,24,97,200,5,2,100,0.0,0,0.3,0.0,0.0,1.0,0.7,0.5,1.0,0.25,1.0,0.25
s1_0.5,0.9949733807409789,0.14465803248355236,1.0,-0.03474828996856898,25,98,200,5,2,100,0.0,0,0.3,0.0,0.0,1.0,0.7,0.5,1.0,0.25,1.0,0.25
s1_0.5,0.9733405582046368,0.14623571061663254,1.0,-0.1823045936108781,26,99,200,5,2,100,0.0,0,0.3,0.0,0.0,1.0,0.7,0.5,1.0,0.25,1.0,0.25
s1_0.5,0.8746465936018296,0.15014137404620292,1.0,-0.834902485703877,27,100,200,5,2,100,0.0,0,0.3,0.0,0.0,1.0,0.7,0.5,1.0,0.25,1.0,0.25
s1_0.5,1.2135614502788423,0.12988299432977463,1.0,1.6442602927416887,28,101,200,5,2,100,0.0,0,0.3,0.0,0.0,1.0,0.7,0.5,1.0,0.25,1.0,0.25
s1_0.5,1.0981754854844468,0.1539381542151814,1.0,0.6377592740732284,29,102,200,5,2,100,0.0,0,0.3,0.0,0.0,1.0,0.7,0.5,1.0,0.25,1.0,0.25
s1_0.5,1.0353716134717077,0.1230662564219293,1.0,0.28741926910035426,30,103,200,5,2,100,0.0,0,0.3,0.0,0.0,1.0,0.7,0.5,1.0,0.25,1.0,0.25
s1_0.5,0.7254965491349927,0.1450340798304861,1.0,-1.8926824039277061,31,104,200,5,2,100,0.0,0,0.3,0.0,0.0,1.0,0.7,0.5,1.0,0.25,1.0,0.25
s1_0.5,0.6251066952465735,0.11376042978787036,1.0,-3.295463154037761,32,105,200,5,2,100,0.0,0,0.3,0.0,0.0,1.0,0.7,0.5,1.0,0.25,1.0,0.25
s1_0.5,1.0023427547759338,0.13465680632912333,1.0,0.017397967765608095,33,106,200,5,2,100,0.0,0,0.3,0.0,0.0,1.0,0.7,0.5,1.0,0.25,1.0,0.25
s1_0.5,0.9620312730445799,0.12373423348220246,1.0,-0.3068570910966316,34,107,200,5,2,100,0.0,0,0.3,0.0,0.0,1.0,0.7,0.5,1.0,0.25,1.0,0.25
s1_0.5,1.1829657923837091,0.12377922519282691,1.0,1.478162366089137,35,108,200,5,2,100,0.0,0,0.3,0.0,0.0,1.0,0.7,0.5,1.0,0.25,1.0,0.25
s1_0.5,0.876612699319815,0.15560552241951717,1.0,-0.7929493681305804,36,109,200,5,2,100,0.0,0,0.3,0.0,0.0,1.0,0.7,0.5,1.0,0.25,1.0,0.25
s1_0.5,0.8621635538683019,0.1332589721911442,1.0,-1.0343502119616237,37,110,200,5,2,100,0.0,0,0.3,0.0,0.0,1.0,0.7,0.5,1.0,0.25,1.0,0.25
s1_0.5,1.0825332501493226,0.15011700975256323,1.0,0.5497927935372647,38,111,200,5,2,100,0.0,0,0.3,0.0,0.0,1.0,0.7,0.5,1.0,0.25,1.0,0.25
s1_0.5,1.0892346828367723,0.16831599974970826,1.0,0.5301616184407147,39,112,200,5,2,100,0.0,0,0.3,0.0,0.0,1.0,0.7,0.5,1.0,0.25,1.0,0.25
s1_0.5,1.0907452114090364,0.1311498388887852,1.0,0.6919201134969606,40,113,200,5,2,100,0.0,0,0.3,0.0,0.0,1.0,0.7,0.5,1.0,0.25,1.0,0.25
s1_0.5,1.117456883287909,0.1681882203005246,1.0,0.6983656945654872,41,114,200,5,2,100,0.0,0,0.3,0.0,0.0,1.0,0.7,0.5,1.0,0.25,1.0,0.25
s1_0.5,1.104098167643033,0.12386721185620896,1.0,0.8404013143032171,42,115,200,5,2,100,0.0,0,0.3,0.0,0.0,1.0,0.7,0.5,1.0,0.25,1.0,0.25
s1_0.5,1.0483196719217012,0.14410568973812563,1.0,0.33530717634750945,43,116,200,5,2,100,0.0,0,0.3,0.0,0.0,1.0,0.7,0.5,1.0,0.25,1.0,0.25
s1_0.5,0.9146749265919725,0.12606980699869288,1.0,-0.6768081544609027,44,117,200,5,2,100,0.0,0,0.3,0.0,0.0,1.0,0.7,0.5,1.0,0.25,1.0,0.25
s1_0.5,0.9422198500443698,0.11470962546321,1.0,-0.5037079471082538,45,118,200,5,2,100,0.0,0,0.3,0.0,0.0,1.0,0.7,0.5,1.0,0.25,1.0,0.25
s1_0.5,0.8442033082493756,0.11625813038737169,1.0,-1.3400928711954196,46,119,200,5,2,100,0.0,0,0.3,0.0,0.0,1.0,0.7,0.5,1.0,0.25,1.0,0.25
s1_0.5,1.2956416189981712,0.13741545961552015,1.0,2.1514436572519418,47,120,200,5,2,100,0.0,0,0.3,0.0,0.0,1.0,0.7,0.5,1.0,0.25,1.0,0.25
s1_0.5,0.9378426088482199,0.1313244430488133,1.0,-0.47331166771958966,48,121,200,5,2,100,0.0,0,0.3,0.0,0.0,1.0,0.7,0.5,1.0,0.25,1.0,0.25
s1_0.5,0.9302932311884755,0.13405341244669094,1.0,-0.5199924980592702,49,122,200,5,2,100,0.0,0,0.3,0.0,0.0,1.0,0.7,0.5,1.0,0.25,1.0,0.25
s1_0.5,0.8987493032542722,0.14632242702138648,1.0,-0.6919697739221414,50,123,200,5,2,100,0.0,0,0.3,0.0,0.0,1.0,0.7,0.5,1.0,0.25,1.0,0.25
s1_0.5,0.9322256488119423,0.14259381781615624,1.0,-0.47529656072073234,51,124,200,5,2,100,0.0,0,0.3,0.0,0.0,1.0,0.7,0.5,1.0,0.25,1.0,0.25
s1_0.5,0.7243418534960835,0.11723562415950696,1.0,-2.3513172594096914,52,125,200,5,2,100,0.0,0,0.3,0.0,0.0,1.0,0.7,0.5,1.0,0.25,1.0,0.25
s1_0.5,0.9683752513842742,0.15345173031417464,1.0,-0.20608922786975312,53,126,200,5,2,100,0.0,0,0.3,0.0,0.0,1.0,0.7,0.5,1.0,0.25,1.0,0.25
s1_0.5,1.3414952019050759,0.11673404970950327,1.0,2.9254121034513796,54,127,200,5,2,100,0.0,0,0.3,0.0,0.0,1.0,0.7,0.5,1.0,0.25,1.0,0.25
s1_0.5,0.8419559203212426,0.13572578549907455,1.0,-1.164436655110278,55,128,200,5,2,100,0.0,0,0.3,0.0,0.0,1.0,0.7,0.5,1.0,0.25,1.0,0.25
s1_0.5,1.099928973517501,0.12366714037818298,1.0,0.8080479035248257,56,129,200,5,2,100,0.0,0,0.3,0.0,0.0,1.0,0.7,0.5,1.0,0.25,1.0,0.25
s1_0.5,0.9127527882236072,0.12454931486901549,1.0,-0.7005033457482116,57,130,200,5,2,100,0.0,0,0.3,0.0,0.0,1.0,0.7,0.5,1.0,0.25,1.0,0.25
s1_0.5,1.0475411916765167,0.12057791272328579,1.0,0.39427777942730674,58,131,200,5,2,100,0.0,0,0.3,0.0,0.0,1.0,0.7,0.5,1.0,0.25,1.0,0.25
s1_0.5,0.9879907138963498,0.13218803293478124,1.0,-0.09085002505162686,59,132,200,5,2,100,0.0,0,0.3,0.0,0.0,1.0,0.7,0.5,1.0,0.25,1.0,0.25
s1_0.5,0.9649509236482905,0.13461833442946253,1.0,-0.2603588619652293,60,133,200,5,2,100,0.0,0,0.3,0.0,0.0,1.0,0.7,0.5,1.0,0.25,1.0,0.25
s1_0.5,1.1263793523494394,0.15771296722165276,1.0,0.8013250563717028,61,134,200,5,2,100,0.0,0,0.3,0.0,0.0,1.0,0.7,0.5,1.0,0.25,1.0,0.25
s1_0.5,0.7257049550148117,0.12310903496478785,1.0,-2.228065917856015,62,135,200,5,2,100,0.0,0,0.3,0.0,0.0,1.0,0.7,0.5,1.0,0.25,1.0,0.25
s1_0.5,1.2018008058000682,0.14390543111382406,1.0,1.402315425054743,63,136,200,5,2,100,0.0,0,0.3,0.0,0.0,1.0,0.7,0.5,1.0,0.25,1.0,0.25
s1_0.5,0.8857256367886953,0.13046067114487786,1.0,-0.875929597851002,64,137,200,5,2,100,0.0,0,0.3,0.0,0.0,1.0,0.7,0.5,1.0,0.25,1.0,0.25
s1_0.5,0.7769514765886196,0.16367544843602289,1.0,-1.3627488150647413,65,138,200,5,2,100,0.0,0,0.3,0.0,0.0,1.0,0.7,0.5,1.0,0.25,1.0,0.25
s1_0.5,1.027248712609803,0.12489837319404046,1.0,0.2181670738614815,66,139,200,5,2,100,0.0,0,0.3,0.0,0.0,1.0,0.7,0.5,1.0,0.25,1.0,0.25
s1_0.5,1.02616265703237,0.12614699165173068,1.0,0.2073981843705041,67,140,200,5,2,100,0.0,0,0.3,0.0,0.0,1.0,0.7,0.5,1.0,0.25,1.0,0.25
s1_0.5,0.9119344105019318,0.14976160787331186,1.0,-0.5880384882924448,68,141,200,5,2,100,0.0,0,0.3,0.0,0.0,1.0,0.7,0.5,1.0,0.25,1.0,0.25
s1_0.5,1.1764750593733353,0.14581293480247437,1.0,1.2102839820925173,69,142,200,5,2,100,0.0,0,0.3,0.0,0.0,1.0,0.7,0.5,1.0,0.25,1.0,0.25
s1_0.5,1.0056159460788618,0.15588749142717742,1.0,0.036025636357650444,70,143,200,5,2,100,0.0,0,0.3,0.0,0.0,1.0,0.7,0.5,1.0,0.25,1.0,0.25
s1_0.5,0.5940611037680774,0.14193473601348985,1.0,-2.860039111168256,71,144,200,5,2,100,0.0,0,0.3,0.0,0.0,1.0,0.7,0.5,1.0,0.25,1.0,0.25
s1_0.5,0.6811962946396676,0.14922156963887667,1.0,-2.1364451944303537,72,145,200,5,2,100,0.0,0,0.3,0.0,0.0,1.0,0.7,0.5,1.0,0.25,1.0,0.25
s1_0.5,0.8221086922393355,0.1555625187468975,1.0,-1.1435357899424108,73,146,200,5,2,100,0.0,0,0.3,0.0,0.0,1.0,0.7,0.5,1.0,0.25,1.0,0.25
s1_0.5,0.9309591163102755,0.12534607101996925,1.0,-0.5508021362610193,74,147,200,5,2,100,0.0,0,0.3,0.0,0.0,1.0,0.7,0.5,1.0,0.25,1.0,0.25
s1_0.5,1.0294614963908644,0.12721700526978982,1.0,0.23158457730069348,75,148,200,5,2,100,0.0,0,0.3,0.0,0.0,1.0,0.7,0.5,1.0,0.25,1.0,0.25
s1_0.5,0.7041329167622932,0.13133330410138294,1.0,-2.2527955514567104,76,149,200,5,2,100,0.0,0,0.3,0.0,0.0,1.0,0.7,0.5,1.0,0.25,1.0,0.25
s1_0.5,1.0771577036600992,0.13822763937344723,1.0,0.5581930213800699,77,150,200,5,2,100,0.0,0,0.3,0.0,0.0,1.0,0.7,0.5,1.0,0.25,1.0,0.25
s1_0.5,0.8331551503689825,0.13416611057573619,1.0,-1.2435692509460825,78,151,200,5,2,100,0.0,0,0.3,0.0,0.0,1.0,0.7,0.5,1.0,0.25,1.0,0.25
s1_0.5,1.038290945732233,0.1508189752669422,1.0,0.253886791529115,79,152,200,5,2,100,0.0,0,0.3,0.0,0.0,1.0,0.7,0.5,1.0,0.25,1.0,0.25
s1_0.5,0.9149200427767589,0.15212001462722582,1.0,-0.5592949582060707,80,153,200,5,2,100,0.0,0,0.3,0.0,0.0,1.0,0.7,0.5,1.0,0.25,1.0,0.25
s1_0.5,1.1740147732496506,0.138393974254158,1.0,1.2573869215582731,81,154,200,5,2,100,0.0,0,0.3,0.0,0.0,1.0,0.7,0.5,1.0,0.25,1.0,0.25
s1_0.5,0.8400053183862914,0.12506097338153624,1.0,-1.279333410636398,82,155,200,5,2,100,0.0,0,0.3,0.0,0.0,1.0,0.7,0.5,1.0,0.25,1.0,0.25
s1_0.5,1.2230096113285975,0.14060698512874947,1.0,1.5860493070411439,83,156,200,5,2,100,0.0,0,0.3,0.0,0.0,1.0,0.7,0.5,1.0,0.25,1.0,0.25
s1_0.5,0.7438039215613991,0.14474208913177966,1.0,-1.770017829474249,84,157,200,5,2,100,0.0,0,0.3,0.0,0.0,1.0,0.7,0.5,1.0,0.25,1.0,0.25
s1_0.5,0.9671749670462677,0.1689099058897011,1.0,-0.1943345642212789,85,158,200,5,2,100,0.0,0,0.3,0.0,0.0,1.0,0.7,0.5,1.0,0.25,1.0,0.25
s1_0.5,0.9868268662071288,0.1362281424244707,1.0,-0.09669906348590805,86,159,200,5,2,100,0.0,0,0.3,0.0,0.0,1.0,0.7,0.5,1.0,0.25,1.0,0.25
s1_0.5,0.8421176171985976,0.15622650418319362,1.0,-1.0105992169950055,87,160,200,5,2,100,0.0,0,0.3,0.0,0.0,1.0,0.7,0.5,1.0,0.25,1.0,0.25
s1_0.5,1.0309775009098658,0.1395179738376595,1.0,0.22203233072973583,88,161,200,5,2,100,0.0,0,0.3,0.0,0.0,1.0,0.7,0.5,1.0,0.25,1.0,0.25
s1_0.5,0.8628906397331272,0.1321635881266676,1.0,-1.0374215940283424,89,162,200,5,2,100,0.0,0,0.3,0.0,0.0,1.0,0.7,0.5,1.0,0.25,1.0,0.25
s1_0.5,1.090653556471645,0.10859060461137471,1.0,0.8348195204923765,90,163,200,5,2,100,0.0,0,0.3,0.0,0.0,1.0,0.7,0.5,1.0,0.25,1.0,0.25
s1_0.5,0.7510685767373972,0.1586438849746948,1.0,-1.5691208224149935,91,164,200,5,2,100,0.0,0,0.3,0.0,0.0,1.0,0.7,0.5,1.0,0.25,1.0,0.25
s1_0.5,1.0829550094029847,0.12229757581751999,1.0,0.678304609461448,92,165,200,5,2,100,0.0,0,0.3,0.0,0.0,1.0,0.7,0.5,1.0,0.25,1.0,0.25
s1_0.5,1.0345884199720157,0.13451367837203718,1.0,0.25713682348609346,93,166,200,5,2,100,0.0,0,0.3,0.0,0.0,1.0,0.7,0.5,1.0,0.25,1.0,0.25
s1_0.5,1.1620684319268861,0.12682761664606107,1.0,1.2778638928394588,94,167,200,5,2,100,0.0,0,0.3,0.0,0.0,1.0,0.7,0.5,1.0,0.25,1.0,0.25
s1_0.5,0.8614183674519699,0.12286904962134931,1.0,-1.127880723217954,95,168,200,5,2,100,0.0,0,0.3,0.0,0.0,1.0,0.7,0.5,1.0,0.25,1.0,0.25
s1_0.5,1.114915020707488,0.1434719212389919,1.0,0.8009582621819464,96,169,200,5,2,100,0.0,0,0.3,0.0,0.0,1.0,0.7,0.5,1.0,0.25,1.0,0.25
s1_0.5,1.0921307847262522,0.11660878575499953,1.0,0.7900844188517948,97,170,200,5,2,100,0.0,0,0.3,0.0,0.0,1.0,0.7,0.5,1.0,0.25,1.0,0.25
s1_0.5,1.051577535895327,0.1282404374934622,1.0,0.4021940107460757,98,171,200,5,2,100,0.0,0,0.3,0.0,0.0,1.0,0.7,0.5,1.0,0.25,1.0,0.25
s1_0.5,0.8689091873127183,0.12443051352589735,1.0,-1.0535262531083118,99,172,200,5,2,100,0.0,0,0.3,0.0,0.0,1.0,0.7,0.5,1.0,0.25,1.0,0.25
s1_1.0,0.9431244506743597,0.0762306383995693,1.0,-0.7460982948551781,0,74,200,5,2,100,0.0,0,0.3,0.0,0.0,1.0,0.7,1.0,1.0,0.25,1.0,0.25
s1_1.0,0.9158460993223039,0.0754410553262487,1.0,-1.115492092651253,1,75,200,5,2,100,0.0,0,0.3,0.0,0.0,1.0,0.7,1.0,1.0,0.25,1.0,0.25
s1_1.0,1.0062480799652698,0.06271010265291718,1.0,0.09963434440302449,2,76,200,5,2,100,0.0,0,0.3,0.0,0.0,1.0,0.7,1.0,1.0,0.25,1.0,0.25
s1_1.0,1.154403408942796,0.08006891830457222,1.0,1.9283813521179909,3,77,200,5,2,100,0.0,0,0.3,0.0,0.0,1.0,0.7,1.0,1.0,0.25,1.0,0.25
s1_1.0,0.7543149960200178,0.06724839816298418,1.0,-3.653395630101649,4,78,200,5,2,100,0.0,0,0.3,0.0,0.0,1.0,0.7,1.0,1.0,0.25,1.0,0.25
s1_1.0,0.9009961704781826,0.08168526911814834,1.0,-1.212015710918694,5,79,200,5,2,100,0.0,0,0.3,0.0,0.0,1.0,0.7,1.0,1.0,0.25,1.0,0.25
s1_1.0,0.9901280370091211,0.0675463851274226,1.0,-0.14615087057961676,6,80,200,5,2,100,0.0,0,0.3,0.0,0.0,1.0,0.7,1.0,1.0,0.25,1.0,0.25
s1_1.0,0.8782759324701939,0.07549662576671776,1.0,-1.612311362178354,7,81,200,5,2,100,0.0,0,0.3,0.0,0.0,1.0,0.7,1.0,1.0,0.25,1.0,0.25
s1_1.0,1.1259948490323466,0.06753148935365651,1.0,1.8657199809783933,8,82,200,5,2,100,0.0,0,0.3,0.0,0.0,1.0,0.7,1.0,1.0,0.25,1.0,0.25
s1_1.0,1.0329360783599195,0.06564266687154914,1.0,0.5017480234977272,9,83,200,5,2,100,0.0,0,0.3,0.0,0.0,1.0,0.7,1.0,1.0,0.25,1.0,0.25
s1_1.0,0.9346253448860147,0.0718184087962036,1.0,-0.9102771310277359,10,84,200,5,2,100,0.0,0,0.3,0.0,0.0,1.0,0.7,1.0,1.0,0.25,1.0,0.25
s1_1.0,0.9425466621892045,0.062418790533719126,1.0,-0.9204493922348397,11,85,200,5,2,100,0.0,0,0.3,0.0,0.0,1.0,0.7,1.0,1.0,0.25,1.0,0.25
s1_1.0,1.0159237063385864,0.05307450873717496,1.0,0.30002550598142386,12,86,200,5,2,100,0.0,0,0.3,0.0,0.0,1.0,0.7,1.0,1.0,0.25,1.0,0.25
s1_1.0,0.9147833083041772,0.06279844680978935,1.0,-1.356987250877975,13,87,200,5,2,100,0.0,0,0.3,0.0,0.0,1.0,0.7,1.0,1.0,0.25,1.0,0.25
s1_1.0,0.9589958636366887,0.08253712022073403,1.0,-0.49679630514914375,14,88,200,5,2,100,0.0,0,0.3,0.0,0.0,1.0,0.7,1.0,1.0,0.25,1.0,0.25
s1_1.0,1.0062964851983793,0.06326311902384658,1.0,0.09952852934750049,15,89,200,5,2,100,0.0,0,0.3,0.0,0.0,1.0,0.7,1.0,1.0,0.25,1.0,0.25
s1_1.0,1.041481905327598,0.06743787788253051,1.0,0.6151128509686365,16,90,200,5,2,100,0.0,0,0.3,0.0,0.0,1.0,0.7,1.0,1.0,0.25,1.0,0.25
s1_1.0,1.087087393976969,0.06222442659101292,1.0,1.399569248735303,17,91,200,5,2,100,0.0,0,0.3,0.0,0.0,1.0,0.7,1.0,1.0,0.25,1.0,0.25
s1_1.0,1.1822023473492658,0.06656958789654675,1.0,2.7370208094485946,18,92,200,5,2,100,0.0,0,0.3,0.0,0.0,1.0,0.7,1.0,1.0,0.25,1.0,0.25
s1_1.0,1.0205095092056018,0.06824057970869139,1.0,0.3005471127759136,19,93,200,5,2,100,0.0,0,0.3,0.0,0.0,1.0,0.7,1.0,1.0,0.25,1.0,0.25
s1_1.0,0.9765935440720327,0.07049101746116417,1.0,-0.3320487740280199,20,94,200,5,2,100,0.0,0,0.3,0.0,0.0,1.0,0.7,1.0,1.0,0.25,1.0,0.25
s1_1.0,0.826727639920382,0.07737447794796597,1.0,-2.2393994075946204,21,95,200,5,2,100,0.0,0,0.3,0.0,0.0,1.0,0.7,1.0,1.0,0.25,1.0,0.25
s1_1.0,0.9971735631827661,0.06941458136740361,1.0,-0.04071820014693917,22,96,200,5,2,100,0.0,0,0.3,0.0,0.0,1.0,0.7,1.0,1.0,0.25,1.0,0.25
s1_1.0,0.8917616475382056,0.06557092008138886,1.0,-1.6507066292107115,23,97,200,5,2,100,0.0,0,0.3,0.0,0.0,1.0,0.7,1.0,1.0,0.25,1.0,0.25
s1_1.0,1.014375247176272,0.07254655287903392,1.0,0.19815203625514224,24,98,200,5,2,100,0.0,0,0.3,0.0,0.0,1.0,0.7,1.0,1.0,0.25,1.0,0.25
s1_1.0,1.0021717911060637,0.07382239634570233,1.0,0.029419135839121615,25,99,200,5,2,100,0.0,0,0.3,0.0,0.0,1.0,0.7,1.0,1.0,0.25,1.0,0.25
s1_1.0,0.9692152798355093,0.07453473023972818,1.0,-0.41302517719561027,26,100,200,5,2,100,0.0,0,0.3,0.0,0.0,1.0,0.7,1.0,1.0,0.25,1.0,0.25
s1_1.0,1.1045458840661753,0.06883043846439608,1.0,1.5188902816630132,27,101,200,5,2,100,0.0,0,0.3,0.0,0.0,1.0,0.7,1.0,1.0,0.25,1.0,0.25
s1_1.0,1.0344293407434548,0.07869382071326513,1.0,0.4375100920427314,28,102,200,5,2,100,0.0,0,0.3,0.0,0.0,1.0,0.7,1.0,1.0,0.25,1.0,0.25
s1_1.0,0.9916627890847014,0.0643647163221552,1.0,-0.12953076455071424,29,103,200,5,2,100,0.0,0,0.3,0.0,0.0,1.0,0.7,1.0,1.0,0.25,1.0,0.25
s1_1.0,0.8740490030720347,0.07513977629724206,1.0,-1.6762226763854262,30,104,200,5,2,100,0.0,0,0.3,0.0,0.0,1.0,0.7,1.0,1.0,0.25,1.0,0.25
s1_1.0,0.8099423131256553,0.06141610162326566,1.0,-3.0945905365368707,31,105,200,5,2,100,0.0,0,0.3,0.0,0.0,1.0,0.7,1.0,1.0,0.25,1.0,0.25
s1_1.0,1.0156929609233272,0.07241442580483641,1.0,0.2167104240475669,32,106,200,5,2,100,0.0,0,0.3,0.0,0.0,1.0,0.7,1.0,1.0,0.25,1.0,0.25
s1_1.0,0.9682519587128755,0.06323424897689907,1.0,-0.5020703463833782,33,107,200,5,2,100,0.0,0,0.3,0.0,0.0,1.0,0.7,1.0,1.0,0.25,1.0,0.25
s1_1.0,1.0632828873915667,0.06740117117925075,1.0,0.9388989283771998,34,108,200,5,2,100,0.0,0,0.3,0.0,0.0,1.0,0.7,1.0,1.0,0.25,1.0,0.25
s1_1.0,0.9424544774020455,0.07898578694457793,1.0,-0.7285554126128108,35,109,200,5,2,100,0.0,0,0.3,0.0,0.0,1.0,0.7,1.0,1.0,0.25,1.0,0.25
s1_1.0,0.9377433266089942,0.06851449505789725,1.0,-0.9086642664212392,36,110,200,5,2,100,0.0,0,0.3,0.0,0.0,1.0,0.7,1.0,1.0,0.25,1.0,0.25
s1_1.0,1.0212563300474515,0.0766077733027234,1.0,0.27746962391734037,37,111,200,5,2,100,0.0,0,0.3,0.0,0.0,1.0,0.7,1.0,1.0,0.25,1.0,0.25
s1_1.0,1.0343673635536532,0.08416100812165352,1.0,0.40835256516860746,38,112,200,5,2,100,0.0,0,0.3,0.0,0.0,1.0,0.7,1.0,1.0,0.25,1.0,0.25
s1_1.0,1.0360945710908605,0.06906904243608374,1.0,0.5225868177376608,39,113,200,5,2,100,0.0,0,0.3,0.0,0.0,1.0,0.7,1.0,1.0,0.25,1.0,0.25
s1_1.0,1.06747811465231,0.08599647575299503,1.0,0.784661395266072,40,114,200,5,2,100,0.0,0,0.3,0.0,0.0,1.0,0.7,1.0,1.0,0.25,1.0,0.25
s1_1.0,1.0949161745380567,0.06093632488162397,1.0,1.557628798954361,41,115,200,5,2,100,0.0,0,0.3,0.0,0.0,1.0,0.7,1.0,1.0,0.25,1.0,0.25
s1_1.0,1.0011002970918341,0.0773319651161328,1.0,0.014228231368254504,42,116,200,5,2,100,0.0,0,0.3,0.0,0.0,1.0,0.7,1.0,1.0,0.25,1.0,0.25
s1_1.0,0.9733452360527316,0.07133239689376364,1.0,-0.3736698205580519,43,117,200,5,2,100,0.0,0,0.3,0.0,0.0,1.0,0.7,1.0,1.0,0.25,1.0,0.25
s1_1.0,0.9569891762565584,0.05848346130360126,1.0,-0.7354356733463904,44,118,200,5,2,100,0.0,0,0.3,0.0,0.0,1.0,0.7,1.0,1.0,0.25,1.0,0.25
s1_1.0,0.9028038920240196,0.05786038387358083,1.0,-1.679838629974254,45,119,200,5,2,100,0.0,0,0.3,0.0,0.0,1.0,0.7,1.0,1.0,0.25,1.0,0.25
s1_1.0,1.1336094129633079,0.07374822596501712,1.0,1.8116966369697656,46,120,200,5,2,100,0.0,0,0.3,0.0,0.0,1.0,0.7,1.0,1.0,0.25,1.0,0.25
s1_1.0,0.9771150847718962,0.07151867692421697,1.0,-0.3199851592941688,47,121,200,5,2,100,0.0,0,0.3,0.0,0.0,1.0,0.7,1.0,1.0,0.25,1.0,0.25
s1_1.0,0.9794840101973401,0.07412729748373473,1.0,-0.2767670008091363,48,122,200,5,2,100,0.0,0,0.3,0.0,0.0,1.0,0.7,1.0,1.0,0.25,1.0,0.25
s1_1.0,0.9620035298407805,0.0739971830613056,1.0,-0.5134853596756508,49,123,200,5,2,100,0.0,0,0.3,0.0,0.0,1.0,0.7,1.0,1.0,0.25,1.0,0.25
s1_1.0,0.9799828066230989,0.0735604535459904,1.0,-0.2721189499516374,50,124,200,5,2,100,0.0,0,0.3,0.0,0.0,1.0,0.7,1.0,1.0,0.25,1.0,0.25
s1_1.0,0.8410188771406426,0.06120004776158508,1.0,-2.59772873836136,51,125,200,5,2,100,0.0,0,0.3,0.0,0.0,1.0,0.7,1.0,1.0,0.25,1.0,0.25
s1_1.0,0.9525609653167446,0.08314679125094677,1.0,-0.5705455853380897,52,126,200,5,2,100,0.0,0,0.3,0.0,0.0,1.0,0.7,1.0,1.0,0.25,1.0,0.25
s1_1.0,1.1418293432203164,0.05861466441844546,1.0,2.419690441419367,53,127,200,5,2,100,0.0,0,0.3,0.0,0.0,1.0,0.7,1.0,1.0,0.25,1.0,0.25
s1_1.0,0.9487668732875241,0.06608954392743939,1.0,-0.775207750998032,54,128,200,5,2,100,0.0,0,0.3,0.0,0.0,1.0,0.7,1.0,1.0,0.25,1.0,0.25
s1_1.0,1.0681226734731266,0.06178296763181506,1.0,1.102612517402724,55,129,200,5,2,100,0.0,0,0.3,0.0,0.0,1.0,0.7,1.0,1.0,0.25,1.0,0.25
s1_1.0,1.0019115014857702,0.06461997004161484,1.0,0.029580661899707553,56,130,200,5,2,100,0.0,0,0.3,0.0,0.0,1.0,0.7,1.0,1.0,0.25,1.0,0.25
s1_1.0,1.0442242276801503,0.065871947761812,1.0,0.6713666315145531,57,131,200,5,2,100,0.0,0,0.3,0.0,0.0,1.0,0.7,1.0,1.0,0.25,1.0,0.25
s1_1.0,0.9558915785544024,0.07098133699584688,1.0,-0.621408715479371,58,132,200,5,2,100,0.0,0,0.3,0.0,0.0,1.0,0.7,1.0,1.0,0.25,1.0,0.25
s1_1.0,0.9800512307956019,0.06828188713417023,1.0,-0.2921531615727006,59,133,200,5,2,100,0.0,0,0.3,0.0,0.0,1.0,0.7,1.0,1.0,0.25,1.0,0.25
s1_1.0,1.0534539264244354,0.08300866498757765,1.0,0.6439559825764551,60,134,200,5,2,100,0.0,0,0.3,0.0,0.0,1.0,0.7,1.0,1.0,0.25,1.0,0.25
s1_1.0,0.8462498613091575,0.06270553488871414,1.0,-2.451938875311544,61,135,200,5,2,100,0.0,0,0.3,0.0,0.0,1.0,0.7,1.0,1.0,0.25,1.0,0.25
s1_1.0,1.1325866255889463,0.0731186305430415,1.0,1.813308381246265,62,136,200,5,2,100,0.0,0,0.3,0.0,0.0,1.0,0.7,1.0,1.0,0.25,1.0,0.25
s1_1.0,0.9205897137765199,0.07009273627525879,1.0,-1.1329317479008196,63,137,200,5,2,100,0.0,0,0.3,0.0,0.0,1.0,0.7,1.0,1.0,0.25,1.0,0.25
s1_1.0,0.8641735241259978,0.08704826107402612,1.0,-1.5603582908852704,64,138,200,5,2,100,0.0,0,0.3,0.0,0.0,1.0,0.7,1.0,1.0,0.25,1.0,0.25
s1_1.0,1.0478508990502358,0.06560448945712953,1.0,0.7293845199649761,65,139,200,5,2,100,0.0,0,0.3,0.0,0.0,1.0,0.7,1.0,1.0,0.25,1.0,0.25
s1_1.0,1.0003316275653658,0.06685349012938396,1.0,0.004960512378993894,66,140,200,5,2,100,0.0,0,0.3,0.0,0.0,1.0,0.7,1.0,1.0,0.25,1.0,0.25
s1_1.0,0.9668218929350945,0.07689160361877063,1.0,-0.4314919380457057,67,141,200,5,2,100,0.0,0,0.3,0.0,0.0,1.0,0.7,1.0,1.0,0.25,1.0,0.25
s1_1.0,1.0607447066049667,0.07896530738560133,1.0,0.7692581541959902,68,142,200,5,2,100,0.0,0,0.3,0.0,0.0,1.0,0.7,1.0,1.0,0.25,1.0,0.25
s1_1.0,0.966442568838609,0.08518924124461688,1.0,-0.39391630528827465,69,143,200,5,2,100,0.0,0,0.3,0.0,0.0,1.0,0.7,1.0,1.0,0.25,1.0,0.25
s1_1.0,0.8032356164389737,0.07201292951930137,1.0,-2.7323479946512697,70,144,200,5,2,100,0.0,0,0.3,0.0,0.0,1.0,0.7,1.0,1.0,0.25,1.0,0.25
s1_1.0,0.8717279059192166,0.0796582739308741,1.0,-1.6102796075156671,71,145,200,5,2,100,0.0,0,0.3,0.0,0.0,1.0,0.7,1.0,1.0,0.25,1.0,0.25
s1_1.0,0.9337297124966526,0.08029490839563437,1.0,-0.825336111933973,72,146,200,5,2,100,0.0,0,0.3,0.0,0.0,1.0,0.7,1.0,1.0,0.25,1.0,0.25
s1_1.0,0.9718617659106269,0.06725642441544548,1.0,-0.41837243555444115,73,147,200,5,2,100,0.0,0,0.3,0.0,0.0,1.0,0.7,1.0,1.0,0.25,1.0,0.25
s1_1.0,1.0474289948982274,0.07089769936861182,1.0,0.6689779121270808,74,148,200,5,2,100,0.0,0,0.3,0.0,0.0,1.0,0.7,1.0,1.0,0.25,1.0,0.25
s1_1.0,0.8468882198370592,0.06963337838513134,1.0,-2.1988273973453287,75,149,200,5,2,100,0.0,0,0.3,0.0,0.0,1.0,0.7,1.0,1.0,0.25,1.0,0.25
s1_1.0,1.0577768010854638,0.07598850089570425,1.0,0.7603361088115637,76,150,200,5,2,100,0.0,0,0.3,0.0,0.0,1.0,0.7,1.0,1.0,0.25,1.0,0.25
s1_1.0,0.9050395603475232,0.06570987892991827,1.0,-1.44514707984404,77,151,200,5,2,100,0.0,0,0.3,0.0,0.0,1.0,0.7,1.0,1.0,0.25,1.0,0.25
s1_1.0,1.0319890721795473,0.07558758954785269,1.0,0.4232053485353672,78,152,200,5,2,100,0.0,0,0.3,0.0,0.0,1.0,0.7,1.0,1.0,0.25,1.0,0.25
s1_1.0,0.9363202220996258,0.06973389233627952,1.0,-0.9131826113088531,79,153,200,5,2,100,0.0,0,0.3,0.0,0.0,1.0,0.7,1.0,1.0,0.25,1.0,0.25
s1_1.0,1.0801913359161277,0.07128112938062416,1.0,1.1250009169737643,80,154,200,5,2,100,0.0,0,0.3,0.0,0.0,1.0,0.7,1.0,1.0,0.25,1.0,0.25
s1_1.0,0.901050498312056,0.06708790007592946,1.0,-1.474923221265741,81,155,200,5,2,100,0.0,0,0.3,0.0,0.0,1.0,0.7,1.0,1.0,0.25,1.0,0.25
s1_1.0,1.0987405175894143,0.07407636396336524,1.0,1.332955781121314,82,156,200,5,2,100,0.0,0,0.3,0.0,0.0,1.0,0.7,1.0,1.0,0.25,1.0,0.25
s1_1.0,0.8847986516167208,0.07689599514907931,1.0,-1.4981449704882133,83,157,200,5,2,100,0.0,0,0.3,0.0,0.0,1.0,0.7,1.0,1.0,0.25,1.0,0.25
s1_1.0,0.9752078016659775,0.085829137561464,1.0,-0.28885526568722963,84,158,200,5,2,100,0.0,0,0.3,0.0,0.0,1.0,0.7,1.0,1.0,0.25,1.0,0.25
s1_1.0,0.9960618189171304,0.06793170450186885,1.0,-0.0579726522652062,85,159,200,5,2,100,0.0,0,0.3,0.0,0.0,1.0,0.7,1.0,1.0,0.25,1.0,0.25
s1_1.0,0.9419369128603154,0.08136939410131276,1.0,-0.7135740382605086,86,160,200,5,2,100,0.0,0,0.3,0.0,0.0,1.0,0.7,1.0,1.0,0.25,1.0,0.25
s1_1.0,1.013600414394711,0.06994721265635956,1.0,0.19443826105734757,87,161,200,5,2,100,0.0,0,0.3,0.0,0.0,1.0,0.7,1.0,1.0,0.25,1.0,0.25
s1_1.0,0.9229458320687748,0.06700423752467854,1.0,-1.1499894749618655,88,162,200,5,2,100,0.0,0,0.3,0.0,0.0,1.0,0.7,1.0,1.0,0.25,1.0,0.25
s1_1.0,1.0482902120830007,0.056582673190336046,1.0,0.8534452220127401,89,163,200,5,2,100,0.0,0,0.3,0.0,0.0,1.0,0.7,1.0,1.0,0.25,1.0,0.25
s1_1.0,0.8545504648630785,0.08165679928587917,1.0,-1.7812299331952133,90,164,200,5,2,100,0.0,0,0.3,0.0,0.0,1.0,0.7,1.0,1.0,0.25,1.0,0.25
s1_1.0,1.0197451599309868,0.06801454901473167,1.0,0.29030788584233763,91,165,200,5,2,100,0.0,0,0.3,0.0,0.0,1.0,0.7,1.0,1.0,0.25,1.0,0.25
s1_1.0,1.029804191931417,0.06793416621172012,1.0,0.4387216859117799,92,166,200,5,2,100,0.0,0,0.3,0.0,0.0,1.0,0.7,1.0,1.0,0.25,1.0,0.25
s1_1.0,1.0842363083872413,0.06441525944718107,1.0,1.307707352421874,93,167,200,5,2,100,0.0,0,0.3,0.0,0.0,1.0,0.7,1.0,1.0,0.25,1.0,0.25
s1_1.0,0.9189217320476852,0.0665101865840489,1.0,-1.2190353405467624,94,168,200,5,2,100,0.0,0,0.3,0.0,0.0,1.0,0.7,1.0,1.0,0.25,1.0,0.25
s1_1.0,1.0655844929545293,0.07503637622604169,1.0,0.8740359843199346,95,169,200,5,2,100,0.0,0,0.3,0.0,0.0,1.0,0.7,1.0,1.0,0.25,1.0,0.25
s1_1.0,1.0067542637741371,0.06606626971842118,1.0,0.1022346774371286,96,170,200,5,2,100,0.0,0,0.3,0.0,0.0,1.0,0.7,1.0,1.0,0.25,1.0,0.25
s1_1.0,1.0611775998171813,0.07212590906165689,1.0,0.8482055978647504,97,171,200,5,2,100,0.0,0,0.3,0.0,0.0,1.0,0.7,1.0,1.0,0.25,1.0,0.25
s1_1.0,0.9395586508039763,0.061669725157033256,1.0,-0.980081377728186,98,172,200,5,2,100,0.0,0,0.3,0.0,0.0,1.0,0.7,1.0,1.0,0.25,1.0,0.25
s1_1.0,1.0307427671049318,0.0657363433310874,1.0,0.4676677397477519,99,173,200,5,2,100,0.0,0,0.3,0.0,0.0,1.0,0.7,1.0,1.0,0.25,1.0,0.25
s1_2.0,0.9712668650062499,0.041200461440624454,1.0,-0.697398378296284,0,75,200,5,2,100,0.0,0,0.3,0.0,0.0,1.0,0.7,2.0,1.0,0.25,1.0,0.25
s1_2.0,1.0172761210251071,0.03278393282729903,1.0,0.5269691441876482,1,76,200,5,2,100,0.0,0,0.3,0.0,0.0,1.0,0.7,2.0,1.0,0.25,1.0,0.25
s1_2.0,1.0808340116065476,0.040426932696203816,1.0,1.9995088970511503,2,77,200,5,2,100,0.0,0,0.3,0.0,0.0,1.0,0.7,2.0,1.0,0.25,1.0,0.25
s1_2.0,0.8843712957902456,0.03337502642189993,1.0,-3.464527720459914,3,78,200,5,2,100,0.0,0,0.3,0.0,0.0,1.0,0.7,2.0,1.0,0.25,1.0,0.25
s1_2.0,0.9637069325129088,0.04404632622065137,1.0,-0.8239749055410426,4,79,200,5,2,100,0.0,0,0.3,0.0,0.0,1.0,0.7,2.0,1.0,0.25,1.0,0.25
s1_2.0,0.9924037255467879,0.035872234044210485,1.0,-0.2117591684936633,5,80,200,5,2,100,0.0,0,0.3,0.0,0.0,1.0,0.7,2.0,1.0,0.25,1.0,0.25
s1_2.0,0.9382835970154493,0.03928535089418402,1.0,-1.5709775165502593,6,81,200,5,2,100,0.0,0,0.3,0.0,0.0,1.0,0.7,2.0,1.0,0.25,1.0,0.25
s1_2.0,1.0695116508479527,0.03587792165842331,1.0,1.9374492064992013,7,82,200,5,2,100,0.0,0,0.3,0.0,0.0,1.0,0.7,2.0,1.0,0.25,1.0,0.25
s1_2.0,1.0210176425017152,0.03583514760033597,1.0,0.5865091651392605,8,83,200,5,2,100,0.0,0,0.3,0.0,0.0,1.0,0.7,2.0,1.0,0.25,1.0,0.25
s1_2.0,0.9733601979427854,0.03456819388795712,1.0,-0.7706448923412049,9,84,200,5,2,100,0.0,0,0.3,0.0,0.0,1.0,0.7,2.0,1.0,0.25,1.0,0.25
s1_2.0,0.9799826604488777,0.03185142367427274,1.0,-0.6284598062500683,10,85,200,5,2,100,0.0,0,0.3,0.0,0.0,1.0,0.7,2.0,1.0,0.25,1.0,0.25
s1_2.0,1.016312014530191,0.0292612606468555,1.0,0.5574610994056358,11,86,200,5,2,100,0.0,0,0.3,0.0,0.0,1.0,0.7,2.0,1.0,0.25,1.0,0.25
s1_2.0,0.9366416581136916,0.0327512353047792,1.0,-1.9345328900330938,12,87,200,5,2,100,0.0,0,0.3,0.0,0.0,1.0,0.7,2.0,1.0,0.25,1.0,0.25
s1_2.0,0.9775591473953587,0.04372564643063319,1.0,-0.5132194589791084,13,88,200,5,2,100,0.0,0,0.3,0.0,0.0,1.0,0.7,2.0,1.0,0.25,1.0,0.25
s1_2.0,0.9939051228948428,0.03413930475436271,1.0,-0.1785296200086893,14,89,200,5,2,100,0.0,0,0.3,0.0,0.0,1.0,0.7,2.0,1.0,0.25,1.0,0.25
s1_2.0,1.0088854750610408,0.03412923526835931,1.0,0.26034790967843185,15,90,200,5,2,100,0.0,0,0.3,0.0,0.0,1.0,0.7,2.0,1.0,0.25,1.0,0.25
s1_2.0,1.026525591934128,0.032982052025968905,1.0,0.8042432263839361,16,91,200,5,2,100,0.0,0,0.3,0.0,0.0,1.0,0.7,2.0,1.0,0.25,1.0,0.25
s1_2.0,1.0594333718735258,0.03567090814062065,1.0,1.6661580815164445,17,92,200,5,2,100,0.0,0,0.3,0.0,0.0,1.0,0.7,2.0,1.0,0.25,1.0,0.25
s1_2.0,1.0450115454627225,0.03309042524027317,1.0,1.3602589007511612,18,93,200,5,2,100,0.0,0,0.3,0.0,0.0,1.0,0.7,2.0,1.0,0.25,1.0,0.25
s1_2.0,0.9990128127857406,0.03618688330250723,1.0,-0.027280249752566852,19,94,200,5,2,100,0.0,0,0.3,0.0,0.0,1.0,0.7,2.0,1.0,0.25,1.0,0.25
s1_2.0,0.9020657801438248,0.03761385462946986,1.0,-2.603674120105875,20,95,200,5,2,100,0.0,0,0.3,0.0,0.0,1.0,0.7,2.0,1.0,0.25,1.0,0.25
s1_2.0,0.9918298355880433,0.035465881289508436,1.0,-0.23036687979818044,21,96,200,5,2,100,0.0,0,0.3,0.0,0.0,1.0,0.7,2.0,1.0,0.25,1.0,0.25
s1_2.0,0.9653338720047754,0.03468354363050516,1.0,-0.999497870359901,22,97,200,5,2,100,0.0,0,0.3,0.0,0.0,1.0,0.7,2.0,1.0,0.25,1.0,0.25
s1_2.0,1.0031954955734308,0.0377674695383446,1.0,0.08460973458087968,23,98,200,5,2,100,0.0,0,0.3,0.0,0.0,1.0,0.7,2.0,1.0,0.25,1.0,0.25
s1_2.0,0.9865097598558901,0.038531472290882746,1.0,-0.3501096465317774,24,99,200,5,2,100,0.0,0,0.3,0.0,0.0,1.0,0.7,2.0,1.0,0.25,1.0,0.25
s1_2.0,0.9829167824166541,0.04250535248107731,1.0,-0.4019074442671902,25,100,200,5,2,100,0.0,0,0.3,0.0,0.0,1.0,0.7,2.0,1.0,0.25,1.0,0.25
s1_2.0,1.0279541142843096,0.036569269554667036,1.0,0.7644154401968921,26,101,200,5,2,100,0.0,0,0.3,0.0,0.0,1.0,0.7,2.0,1.0,0.25,1.0,0.25
s1_2.0,1.0143106909686124,0.04214395147449311,1.0,0.33956690030059633,27,102,200,5,2,100,0.0,0,0.3,0.0,0.0,1.0,0.7,2.0,1.0,0.25,1.0,0.25
s1_2.0,1.0093120208084392,0.03437699089854963,1.0,0.2708794622519465,28,103,200,5,2,100,0.0,0,0.3,0.0,0.0,1.0,0.7,2.0,1.0,0.25,1.0,0.25
s1_2.0,0.931055921248877,0.03930687925086929,1.0,-1.7539952309899605,29,104,200,5,2,100,0.0,0,0.3,0.0,0.0,1.0,0.7,2.0,1.0,0.25,1.0,0.25
s1_2.0,0.9124573474704698,0.03312490816551215,1.0,-2.6428043843054287,30,105,200,5,2,100,0.0,0,0.3,0.0,0.0,1.0,0.7,2.0,1.0,0.25,1.0,0.25
s1_2.0,1.0067870131390757,0.03422905725100656,1.0,0.19828221061730003,31,106,200,5,2,100,0.0,0,0.3,0.0,0.0,1.0,0.7,2.0,1.0,0.25,1.0,0.25
s1_2.0,0.9878376329850868,0.03272109668064967,1.0,-0.3716980250880688,32,107,200,5,2,100,0.0,0,0.3,0.0,0.0,1.0,0.7,2.0,1.0,0.25,1.0,0.25
s1_2.0,1.03923700505555,0.03476358069393785,1.0,1.1286813461765228,33,108,200,5,2,100,0.0,0,0.3,0.0,0.0,1.0,0.7,2.0,1.0,0.25,1.0,0.25
s1_2.0,0.9827917599038373,0.04050002473870332,1.0,-0.42489455764993395,34,109,200,5,2,100,0.0,0,0.3,0.0,0.0,1.0,0.7,2.0,1.0,0.25,1.0,0.25
s1_2.0,0.9725506401935109,0.033510978389708,1.0,-0.8191154399395107,35,110,200,5,2,100,0.0,0,0.3,0.0,0.0,1.0,0.7,2.0,1.0,0.25,1.0,0.25
s1_2.0,0.996752547791852,0.04073172017951339,1.0,-0.07972784340646118,36,111,200,5,2,100,0.0,0,0.3,0.0,0.0,1.0,0.7,2.0,1.0,0.25,1.0,0.25
s1_2.0,0.9882792842364163,0.04210857740917422,1.0,-0.2783450898778188,37,112,200,5,2,100,0.0,0,0.3,0.0,0.0,1.0,0.7,2.0,1.0,0.25,1.0,0.25
s1_2.0,1.0129976339352573,0.036676876790399694,1.0,0.35438224496420323,38,113,200,5,2,100,0.0,0,0.3,0.0,0.0,1.0,0.7,2.0,1.0,0.25,1.0,0.25
s1_2.0,1.0387949566968533,0.04868605007815324,1.0,0.7968392719182952,39,114,200,5,2,100,0.0,0,0.3,0.0,0.0,1.0,0.7,2.0,1.0,0.25,1.0,0.25
s1_2.0,1.0305334249133784,0.034455440653429634,1.0,0.8861713660985834,40,115,200,5,2,100,0.0,0,0.3,0.0,0.0,1.0,0.7,2.0,1.0,0.25,1.0,0.25
s1_2.0,0.9880648277301788,0.0380987032239832,1.0,-0.3132697771799226,41,116,200,5,2,100,0.0,0,0.3,0.0,0.0,1.0,0.7,2.0,1.0,0.25,1.0,0.25
s1_2.0,0.9934776504225633,0.03582993624878239,1.0,-0.1820363154472077,42,117,200,5,2,100,0.0,0,0.3,0.0,0.0,1.0,0.7,2.0,1.0,0.25,1.0,0.25
s1_2.0,0.9922602931656317,0.0316319005708451,1.0,-0.24468042370814555,43,118,200,5,2,100,0.0,0,0.3,0.0,0.0,1.0,0.7,2.0,1.0,0.25,1.0,0.25
s1_2.0,0.9443508706520038,0.03032141613543421,1.0,-1.8353077276942706,44,119,200,5,2,100,0.0,0,0.3,0.0,0.0,1.0,0.7,2.0,1.0,0.25,1.0,0.25
s1_2.0,1.0719761438964843,0.03798514311386737,1.0,1.8948498806684166,45,120,200,5,2,100,0.0,0,0.3,0.0,0.0,1.0,0.7,2.0,1.0,0.25,1.0,0.25
s1_2.0,1.0213301953536926,0.03461479119657689,1.0,0.6162162074749711,46,121,200,5,2,100,0.0,0,0.3,0.0,0.0,1.0,0.7,2.0,1.0,0.25,1.0,0.25
s1_2.0,0.9578652205034361,0.03710193945588229,1.0,-1.135648974541239,47,122,200,5,2,100,0.0,0,0.3,0.0,0.0,1.0,0.7,2.0,1.0,0.25,1.0,0.25
s1_2.0,0.9935098421129864,0.038038856342908024,1.0,-0.17061916448031164,48,123,200,5,2,100,0.0,0,0.3,0.0,0.0,1.0,0.7,2.0,1.0,0.25,1.0,0.25
s1_2.0,1.0187915991140148,0.03815426762553499,1.0,0.4925163103232637,49,124,200,5,2,100,0.0,0,0.3,0.0,0.0,1.0,0.7,2.0,1.0,0.25,1.0,0.25
s1_2.0,0.9100017540654493,0.03359260833281494,1.0,-2.679108601597809,50,125,200,5,2,100,0.0,0,0.3,0.0,0.0,1.0,0.7,2.0,1.0,0.25,1.0,0.25
s1_2.0,0.9490049842978191,0.0400963204607486,1.0,-1.2718128525559182,51,126,200,5,2,100,0.0,0,0.3,0.0,0.0,1.0,0.7,2.0,1.0,0.25,1.0,0.25
s1_2.0,1.0854208418891957,0.03176503258257942,1.0,2.689146994171265,52,127,200,5,2,100,0.0,0,0.3,0.0,0.0,1.0,0.7,2.0,1.0,0.25,1.0,0.25
s1_2.0,1.0112526526917205,0.03420386181781235,1.0,0.3289877836502206,53,128,200,5,2,100,0.0,0,0.3,0.0,0.0,1.0,0.7,2.0,1.0,0.25,1.0,0.25
s1_2.0,1.0227929586497593,0.03401325374094909,1.0,0.6701199133536136,54,129,200,5,2,100,0.0,0,0.3,0.0,0.0,1.0,0.7,2.0,1.0,0.25,1.0,0.25
s1_2.0,0.9962147739039702,0.032654796762168134,1.0,-0.11591638813735196,55,130,200,5,2,100,0.0,0,0.3,0.0,0.0,1.0,0.7,2.0,1.0,0.25,1.0,0.25
s1_2.0,1.0033089303716125,0.0357756103038526,1.0,0.09249123476884961,56,131,200,5,2,100,0.0,0,0.3,0.0,0.0,1.0,0.7,2.0,1.0,0.25,1.0,0.25
s1_2.0,0.9833410201651438,0.03512713646920407,1.0,-0.4742481599506728,57,132,200,5,2,100,0.0,0,0.3,0.0,0.0,1.0,0.7,2.0,1.0,0.25,1.0,0.25
s1_2.0,0.9952959353499903,0.037318111873150046,1.0,-0.1260531257851296,58,133,200,5,2,100,0.0,0,0.3,0.0,0.0,1.0,0.7,2.0,1.0,0.25,1.0,0.25
s1_2.0,1.020970627129684,0.04081845780733632,1.0,0.5137535383787781,59,134,200,5,2,100,0.0,0,0.3,0.0,0.0,1.0,0.7,2.0,1.0,0.25,1.0,0.25
s1_2.0,0.941688041074723,0.03140716941718659,1.0,-1.8566448364292125,60,135,200,5,2,100,0.0,0,0.3,0.0,0.0,1.0,0.7,2.0,1.0,0.25,1.0,0.25
s1_2.0,1.0811766452435847,0.03933219465789862,1.0,2.0638727624949085,61,136,200,5,2,100,0.0,0,0.3,0.0,0.0,1.0,0.7,2.0,1.0,0.25,1.0,0.25
s1_2.0,0.9638378610128392,0.037336608955062,1.0,-0.9685437429704777,62,137,200,5,2,100,0.0,0,0.3,0.0,0.0,1.0,0.7,2.0,1.0,0.25,1.0,0.25
s1_2.0,0.9303787254728334,0.04287525903644693,1.0,-1.6238100035263627,63,138,200,5,2,100,0.0,0,0.3,0.0,0.0,1.0,0.7,2.0,1.0,0.25,1.0,0.25
s1_2.0,1.0128953698593584,0.036316025904006,1.0,0.3550875829157252,64,139,200,5,2,100,0.0,0,0.3,0.0,0.0,1.0,0.7,2.0,1.0,0.25,1.0,0.25
s1_2.0,1.0063500058639676,0.03462898050724494,1.0,0.18337259055718053,65,140,200,5,2,100,0.0,0,0.3,0.0,0.0,1.0,0.7,2.0,1.0,0.25,1.0,0.25
s1_2.0,0.9739864900317814,0.037586925977347405,1.0,-0.6920893180755517,66,141,200,5,2,100,0.0,0,0.3,0.0,0.0,1.0,0.7,2.0,1.0,0.25,1.0,0.25
s1_2.0,1.0083142770969105,0.039592643764616645,1.0,0.2099955018497857,67,142,200,5,2,100,0.0,0,0.3,0.0,0.0,1.0,0.7,2.0,1.0,0.25,1.0,0.25
s1_2.0,0.9853179553637531,0.044720636983612304,1.0,-0.3283058030149944,68,143,200,5,2,100,0.0,0,0.3,0.0,0.0,1.0,0.7,2.0,1.0,0.25,1.0,0.25
s1_2.0,0.9043350648768946,0.037939956127448916,1.0,-2.5214824920130416,69,144,200,5,2,100,0.0,0,0.3,0.0,0.0,1.0,0.7,2.0,1.0,0.25,1.0,0.25
s1_2.0,0.9210387458848949,0.03986643672892397,1.0,-1.980644888130095,70,145,200,5,2,100,0.0,0,0.3,0.0,0.0,1.0,0.7,2.0,1.0,0.25,1.0,0.25
s1_2.0,0.9727538091424078,0.040687251782348,1.0,-0.669649329066084,71,146,200,5,2,100,0.0,0,0.3,0.0,0.0,1.0,0.7,2.0,1.0,0.25,1.0,0.25
s1_2.0,0.9953137135410173,0.03617569125604093,1.0,-0.1295424163650271,72,147,200,5,2,100,0.0,0,0.3,0.0,0.0,1.0,0.7,2.0,1.0,0.25,1.0,0.25
s1_2.0,1.0162741081750277,0.038947877786282836,1.0,0.4178432587348661,73,148,200,5,2,100,0.0,0,0.3,0.0,0.0,1.0,0.7,2.0,1.0,0.25,1.0,0.25
s1_2.0,0.9550713387173876,0.03637736699677874,1.0,-1.2350718315207063,74,149,200,5,2,100,0.0,0,0.3,0.0,0.0,1.0,0.7,2.0,1.0,0.25,1.0,0.25
s1_2.0,1.0061910399012224,0.03981639357798834,1.0,0.15548972031070565,75,150,200,5,2,100,0.0,0,0.3,0.0,0.0,1.0,0.7,2.0,1.0,0.25,1.0,0.25
s1_2.0,0.9615098463422026,0.03229509432942968,1.0,-1.191826636738519,76,151,200,5,2,100,0.0,0,0.3,0.0,0.0,1.0,0.7,2.0,1.0,0.25,1.0,0.25
s1_2.0,0.9926437918281452,0.036583763167037285,1.0,-0.2010784986297658,77,152,200,5,2,100,0.0,0,0.3,0.0,0.0,1.0,0.7,2.0,1.0,0.25,1.0,0.25
s1_2.0,0.9897612512900418,0.03588109490777254,1.0,-0.2853521815952253,78,153,200,5,2,100,0.0,0,0.3,0.0,0.0,1.0,0.7,2.0,1.0,0.25,1.0,0.25
s1_2.0,1.0298197520093904,0.03477509289946118,1.0,0.857503158815498,79,154,200,5,2,100,0.0,0,0.3,0.0,0.0,1.0,0.7,2.0,1.0,0.25,1.0,0.25
s1_2.0,0.9546471840112838,0.03485660292116232,1.0,-1.3011255311165557,80,155,200,5,2,100,0.0,0,0.3,0.0,0.0,1.0,0.7,2.0,1.0,0.25,1.0,0.25
s1_2.0,1.0580735126691467,0.037513546674767265,1.0,1.5480677732934465,81,156,200,5,2,100,0.0,0,0.3,0.0,0.0,1.0,0.7,2.0,1.0,0.25,1.0,0.25
s1_2.0,0.9449492416934977,0.039646269842503086,1.0,-1.388548242374235,82,157,200,5,2,100,0.0,0,0.3,0.0,0.0,1.0,0.7,2.0,1.0,0.25,1.0,0.25
s1_2.0,0.9837824502674138,0.041303059958913986,1.0,-0.39264765730961537,83,158,200,5,2,100,0.0,0,0.3,0.0,0.0,1.0,0.7,2.0,1.0,0.25,1.0,0.25
s1_2.0,1.012208762137458,0.0362668974617182,1.0,0.3366365195794617,84,159,200,5,2,100,0.0,0,0.3,0.0,0.0,1.0,0.7,2.0,1.0,0.25,1.0,0.25
s1_2.0,0.9742494473044236,0.042270653895156766,1.0,-0.6091827384417815,85,160,200,5,2,100,0.0,0,0.3,0.0,0.0,1.0,0.7,2.0,1.0,0.25,1.0,0.25
s1_2.0,0.9909411671992158,0.036499024488887886,1.0,-0.2481938333322358,86,161,200,5,2,100,0.0,0,0.3,0.0,0.0,1.0,0.7,2.0,1.0,0.25,1.0,0.25
s1_2.0,0.9472190843535336,0.033049754903784964,1.0,-1.5970138296070002,87,162,200,5,2,100,0.0,0,0.3,0.0,0.0,1.0,0.7,2.0,1.0,0.25,1.0,0.25
s1_2.0,1.0114607808460816,0.032419531164781405,1.0,0.3535147003770335,88,163,200,5,2,100,0.0,0,0.3,0.0,0.0,1.0,0.7,2.0,1.0,0.25,1.0,0.25
s1_2.0,0.9180563867157191,0.042468154086125365,1.0,-1.929530846057009,89,164,200,5,2,100,0.0,0,0.3,0.0,0.0,1.0,0.7,2.0,1.0,0.25,1.0,0.25
s1_2.0,1.014039654741287,0.03625229300602534,1.0,0.3872763231543348,90,165,200,5,2,100,0.0,0,0.3,0.0,0.0,1.0,0.7,2.0,1.0,0.25,1.0,0.25
s1_2.0,1.0141590038345147,0.03466601294743301,1.0,0.4084405049979421,91,166,200,5,2,100,0.0,0,0.3,0.0,0.0,1.0,0.7,2.0,1.0,0.25,1.0,0.25
s1_2.0,1.0121282537776297,0.03309146801898621,1.0,0.36650697305635216,92,167,200,5,2,100,0.0,0,0.3,0.0,0.0,1.0,0.7,2.0,1.0,0.25,1.0,0.25
s1_2.0,0.9791143559974986,0.03573971805723413,1.0,-0.5843818904518155,93,168,200,5,2,100,0.0,0,0.3,0.0,0.0,1.0,0.7,2.0,1.0,0.25,1.0,0.25
s1_2.0,1.0454183559787897,0.03856957084038378,1.0,1.1775696485384541,94,169,200,5,2,100,0.0,0,0.3,0.0,0.0,1.0,0.7,2.0,1.0,0.25,1.0,0.25
s1_2.0,1.006462841608461,0.03561526379355396,1.0,0.1814626909946012,95,170,200,5,2,100,0.0,0,0.3,0.0,0.0,1.0,0.7,2.0,1.0,0.25,1.0,0.25
s1_2.0,1.0395752505711813,0.03578820686736335,1.0,1.1058182020086476,96,171,200,5,2,100,0.0,0,0.3,0.0,0.0,1.0,0.7,2.0,1.0,0.25,1.0,0.25
s1_2.0,0.9600457887274872,0.034264451609941286,1.0,-1.166054303957419,97,172,200,5,2,100,0.0,0,0.3,0.0,0.0,1.0,0.7,2.0,1.0,0.25,1.0,0.25
s1_2.0,1.0147601519227112,0.03512546776515169,1.0,0.42021225230073295,98,173,200,5,2,100,0.0,0,0.3,0.0,0.0,1.0,0.7,2.0,1.0,0.25,1.0,0.25
s1_2.0,1.0475044117380063,0.03549348705409484,1.0,1.3383979901891838,99,174,200,5,2,100,0.0,0,0.3,0.0,0.0,1.0,0.7,2.0,1.0,0.25,1.0,0.25
