config_name,theta_hat,se,true_effect,z,run_id,seed_used,n_samples,d_dim,dgp_num,n_runs,nonlinearity,sparse_k,skewness,interaction,heterogeneous,noise_std,rho,s1,a0,a1,b0,b1
0_基准,1.0186129568861029,0.05446736730046815,1.0,0.34172675876593894,0,60,400,10,2,100,0.0,0,0.3,0.0,0.0,1.0,0.7,1.0,1.0,0.25,1.0,0.25
0_基准,0.9640827802303037,0.05043515061509113,1.0,-0.7121465749910779,1,61,400,10,2,100,0.0,0,0.3,0.0,0.0,1.0,0.7,1.0,1.0,0.25,1.0,0.25
0_基准,0.9572515553907704,0.0513090012745988,1.0,-0.8331568252604584,2,62,400,10,2,100,0.0,0,0.3,0.0,0.0,1.0,0.7,1.0,1.0,0.25,1.0,0.25
0_基准,0.8560845012739247,0.05380552206817698,1.0,-2.6747347334297773,3,63,400,10,2,100,0.0,0,0.3,0.0,0.0,1.0,0.7,1.0,1.0,0.25,1.0,0.25
0_基准,0.8780041025356303,0.05354852149946399,1.0,-2.2782309211952905,4,64,400,10,2,100,0.0,0,0.3,0.0,0.0,1.0,0.7,1.0,1.0,0.25,1.0,0.25
0_基准,0.9997709540738056,0.055559288136354384,1.0,-0.0041225496920030726,5,65,400,10,2,100,0.0,0,0.3,0.0,0.0,1.0,0.7,1.0,1.0,0.25,1.0,0.25
0_基准,0.9833600751739456,0.04897049816547151,1.0,-0.3397948856846012,6,66,400,10,2,100,0.0,0,0.3,0.0,0.0,1.0,0.7,1.0,1.0,0.25,1.0,0.25
0_基准,1.0027107097382852,0.05153835664441962,1.0,0.05259596763993346,7,67,400,10,2,100,0.0,0,0.3,0.0,0.0,1.0,0.7,1.0,1.0,0.25,1.0,0.25
0_基准,0.9045704520739138,0.048661766256572155,1.0,-1.9610785893575666,8,68,400,10,2,100,0.0,0,0.3,0.0,0.0,1.0,0.7,1.0,1.0,0.25,1.0,0.25
0_基准,1.0283064293218231,0.05103204669476841,1.0,0.5546794838766481,9,69,400,10,2,100,0.0,0,0.3,0.0,0.0,1.0,0.7,1.0,1.0,0.25,1.0,0.25
0_基准,0.9720318863141267,0.05007966093768008,1.0,-0.5584725048493684,10,70,400,10,2,100,0.0,0,0.3,0.0,0.0,1.0,0.7,1.0,1.0,0.25,1.0,0.25
0_基准,0.9545252407069734,0.059471372018447,1.0,-0.7646495742341557,11,71,400,10,2,100,0.0,0,0.3,0.0,0.0,1.0,0.7,1.0,1.0,0.25,1.0,0.25
0_基准,0.9223936807322464,0.052054504486281676,1.0,-1.4908665452421284,12,72,400,10,2,100,0.0,0,0.3,0.0,0.0,1.0,0.7,1.0,1.0,0.25,1.0,0.25
0_基准,1.0405773513342154,0.0540470196872709,1.0,0.7507787028592087,13,73,400,10,2,100,0.0,0,0.3,0.0,0.0,1.0,0.7,1.0,1.0,0.25,1.0,0.25
0_基准,0.9653340630857913,0.05204977423198055,1.0,-0.6660151254394718,14,74,400,10,2,100,0.0,0,0.3,0.0,0.0,1.0,0.7,1.0,1.0,0.25,1.0,0.25
0_基准,0.9295071786005842,0.048271130643021985,1.0,-1.4603515695691742,15,75,400,10,2,100,0.0,0,0.3,0.0,0.0,1.0,0.7,1.0,1.0,0.25,1.0,0.25
0_基准,1.0486458728137924,0.04946756712827867,1.0,0.9833892313249313,16,76,400,10,2,100,0.0,0,0.3,0.0,0.0,1.0,0.7,1.0,1.0,0.25,1.0,0.25
0_基准,0.9907629027718277,0.05386598856794496,1.0,-0.17148292408150909,17,77,400,10,2,100,0.0,0,0.3,0.0,0.0,1.0,0.7,1.0,1.0,0.25,1.0,0.25
0_基准,0.9524316128136474,0.049508007043493944,1.0,-0.9608220978186952,18,78,400,10,2,100,0.0,0,0.3,0.0,0.0,1.0,0.7,1.0,1.0,0.25,1.0,0.25
0_基准,0.9409067499325718,0.04501559816854594,1.0,-1.3127283091112805,19,79,400,10,2,100,0.0,0,0.3,0.0,0.0,1.0,0.7,1.0,1.0,0.25,1.0,0.25
0_基准,0.9630878485173607,0.045786594553248,1.0,-0.8061781366970171,20,80,400,10,2,100,0.0,0,0.3,0.0,0.0,1.0,0.7,1.0,1.0,0.25,1.0,0.25
0_基准,0.9930397367781707,0.05367594521578441,1.0,-0.1296719264811848,21,81,400,10,2,100,0.0,0,0.3,0.0,0.0,1.0,0.7,1.0,1.0,0.25,1.0,0.25
0_基准,0.9660474684285105,0.055508533963068804,1.0,-0.6116632731478538,22,82,400,10,2,100,0.0,0,0.3,0.0,0.0,1.0,0.7,1.0,1.0,0.25,1.0,0.25
0_基准,1.059283949536781,0.048598183696684095,1.0,1.2198799425671945,23,83,400,10,2,100,0.0,0,0.3,0.0,0.0,1.0,0.7,1.0,1.0,0.25,1.0,0.25
0_基准,1.037390468155136,0.04406907290411391,1.0,0.848451435238738,24,84,400,10,2,100,0.0,0,0.3,0.0,0.0,1.0,0.7,1.0,1.0,0.25,1.0,0.25
0_基准,0.8966799975891255,0.04691981764495693,1.0,-2.2020546454954006,25,85,400,10,2,100,0.0,0,0.3,0.0,0.0,1.0,0.7,1.0,1.0,0.25,1.0,0.25
0_基准,0.9795832120246382,0.0537566856186918,1.0,-0.3797999772564604,26,86,400,10,2,100,0.0,0,0.3,0.0,0.0,1.0,0.7,1.0,1.0,0.25,1.0,0.25
0_基准,1.0590698194606558,0.04878237830453163,1.0,1.210884370825531,27,87,400,10,2,100,0.0,0,0.3,0.0,0.0,1.0,0.7,1.0,1.0,0.25,1.0,0.25
0_基准,0.9195082309361581,0.05787870682250363,1.0,-1.3906974340440201,28,88,400,10,2,100,0.0,0,0.3,0.0,0.0,1.0,0.7,1.0,1.0,0.25,1.0,0.25
0_基准,1.1403599252430563,0.05171335896268764,1.0,2.714190840790852,29,89,400,10,2,100,0.0,0,0.3,0.0,0.0,1.0,0.7,1.0,1.0,0.25,1.0,0.25
0_基准,0.9949145449471484,0.05033155859958331,1.0,-0.1010390934504804,30,90,400,10,2,100,0.0,0,0.3,0.0,0.0,1.0,0.7,1.0,1.0,0.25,1.0,0.25
0_基准,1.0368849830422138,0.05106026082084411,1.0,0.7223814067780158,31,91,400,10,2,100,0.0,0,0.3,0.0,0.0,1.0,0.7,1.0,1.0,0.25,1.0,0.25
0_基准,0.953114442843956,0.04800733119934779,1.0,-0.9766332763084528,32,92,400,10,2,100,0.0,0,0.3,0.0,0.0,1.0,0.7,1.0,1.0,0.25,1.0,0.25
0_基准,1.0657079519231791,0.053248687524947026,1.0,1.2339825632771688,33,93,400,10,2,100,0.0,0,0.3,0.0,0.0,1.0,0.7,1.0,1.0,0.25,1.0,0.25
0_基准,1.0835483656847298,0.06023176443047237,1.0,1.3871146972819064,34,94,400,10,2,100,0.0,0,0.3,0.0,0.0,1.0,0.7,1.0,1.0,0.25,1.0,0.25
0_基准,0.9736546232957591,0.05047641859524116,1.0,-0.5219343494929466,35,95,400,10,2,100,0.0,0,0.3,0.0,0.0,1.0,0.7,1.0,1.0,0.25,1.0,0.25
0_基准,0.9613866319906839,0.05721536276609848,1.0,-0.6748776227666516,36,96,400,10,2,100,0.0,0,0.3,0.0,0.0,1.0,0.7,1.0,1.0,0.25,1.0,0.25
0_基准,1.0085733424056111,0.0531924334427267,1.0,0.16117597655768504,37,97,400,10,2,100,0.0,0,0.3,0.0,0.0,1.0,0.7,1.0,1.0,0.25,1.0,0.25
0_基准,0.9297823340850712,0.04617184098660882,1.0,-1.520789823721649,38,98,400,10,2,100,0.0,0,0.3,0.0,0.0,1.0,0.7,1.0,1.0,0.25,1.0,0.25
0_基准,0.9696385263249092,0.04795665350795616,1.0,-0.6331024259241468,39,99,400,10,2,100,0.0,0,0.3,0.0,0.0,1.0,0.7,1.0,1.0,0.25,1.0,0.25
0_基准,0.9882254554772152,0.04709202193366344,1.0,-0.25003268153087843,40,100,400,10,2,100,0.0,0,0.3,0.0,0.0,1.0,0.7,1.0,1.0,0.25,1.0,0.25
0_基准,1.046066360698775,0.04458859608465437,1.0,1.0331422099793186,41,101,400,10,2,100,0.0,0,0.3,0.0,0.0,1.0,0.7,1.0,1.0,0.25,1.0,0.25
0_基准,0.9846884499535973,0.04896484736789228,1.0,-0.31270494792643766,42,102,400,10,2,100,0.0,0,0.3,0.0,0.0,1.0,0.7,1.0,1.0,0.25,1.0,0.25
0_基准,0.8885186392227163,0.04644846266103886,1.0,-2.4001087310645186,43,103,400,10,2,100,0.0,0,0.3,0.0,0.0,1.0,0.7,1.0,1.0,0.25,1.0,0.25
0_基准,1.0061138692164346,0.05101756545711993,1.0,0.1198385136894336,44,104,400,10,2,100,0.0,0,0.3,0.0,0.0,1.0,0.7,1.0,1.0,0.25,1.0,0.25
0_基准,0.9809759323735223,0.049634490977780756,1.0,-0.3832832220440005,45,105,400,10,2,100,0.0,0,0.3,0.0,0.0,1.0,0.7,1.0,1.0,0.25,1.0,0.25
0_基准,0.9970279041628901,0.050500984621259674,1.0,-0.05885223544450874,46,106,400,10,2,100,0.0,0,0.3,0.0,0.0,1.0,0.7,1.0,1.0,0.25,1.0,0.25
0_基准,0.8768074195839195,0.04815255665433771,1.0,-2.5583808830840757,47,107,400,10,2,100,0.0,0,0.3,0.0,0.0,1.0,0.7,1.0,1.0,0.25,1.0,0.25
0_基准,1.0180610262892216,0.043461264319559066,1.0,0.4155660580056684,48,108,400,10,2,100,0.0,0,0.3,0.0,0.0,1.0,0.7,1.0,1.0,0.25,1.0,0.25
0_基准,0.8609585327024888,0.048008818911642305,1.0,-2.8961651306900444,49,109,400,10,2,100,0.0,0,0.3,0.0,0.0,1.0,0.7,1.0,1.0,0.25,1.0,0.25
0_基准,1.062730038300832,0.05117246808380744,1.0,1.225855243059534,50,110,400,10,2,100,0.0,0,0.3,0.0,0.0,1.0,0.7,1.0,1.0,0.25,1.0,0.25
0_基准,0.9533339245345277,0.04896324482982432,1.0,-0.9530838004642866,51,111,400,10,2,100,0.0,0,0.3,0.0,0.0,1.0,0.7,1.0,1.0,0.25,1.0,0.25
0_基准,0.9185616237397138,0.0508530489380056,1.0,-1.6014453009408895,52,112,400,10,2,100,0.0,0,0.3,0.0,0.0,1.0,0.7,1.0,1.0,0.25,1.0,0.25
0_基准,0.9525357455901864,0.054767189461064195,1.0,-0.8666549238126875,53,113,400,10,2,100,0.0,0,0.3,0.0,0.0,1.0,0.7,1.0,1.0,0.25,1.0,0.25
0_基准,0.8746117041885987,0.04649444414264402,1.0,-2.6968447117404515,54,114,400,10,2,100,0.0,0,0.3,0.0,0.0,1.0,0.7,1.0,1.0,0.25,1.0,0.25
0_基准,1.0582504367899446,0.04794860595619071,1.0,1.214851519211348,55,115,400,10,2,100,0.0,0,0.3,0.0,0.0,1.0,0.7,1.0,1.0,0.25,1.0,0.25
0_基准,0.965290136296765,0.05458363147566756,1.0,-0.6359024265123894,56,116,400,10,2,100,0.0,0,0.3,0.0,0.0,1.0,0.7,1.0,1.0,0.25,1.0,0.25
0_基准,0.8984035089147291,0.04549713287602573,1.0,-2.233030625514563,57,117,400,10,2,100,0.0,0,0.3,0.0,0.0,1.0,0.7,1.0,1.0,0.25,1.0,0.25
0_基准,0.8743646105508011,0.0435124074297001,1.0,-2.8873463196027274,58,118,400,10,2,100,0.0,0,0.3,0.0,0.0,1.0,0.7,1.0,1.0,0.25,1.0,0.25
0_基准,0.932003469203661,0.04515379837393436,1.0,-1.5058872840161985,59,119,400,10,2,100,0.0,0,0.3,0.0,0.0,1.0,0.7,1.0,1.0,0.25,1.0,0.25
0_基准,0.9424481758092795,0.051288907650494577,1.0,-1.1221105464539076,60,120,400,10,2,100,0.0,0,0.3,0.0,0.0,1.0,0.7,1.0,1.0,0.25,1.0,0.25
0_基准,1.0294764067995943,0.04783198708538961,1.0,0.6162488450871388,61,121,400,10,2,100,0.0,0,0.3,0.0,0.0,1.0,0.7,1.0,1.0,0.25,1.0,0.25
0_基准,1.0011706462820835,0.04539112412287237,1.0,0.02579020248352117,62,122,400,10,2,100,0.0,0,0.3,0.0,0.0,1.0,0.7,1.0,1.0,0.25,1.0,0.25
0_基准,0.9386107388363858,0.04987880849458265,1.0,-1.2307683967687744,63,123,400,10,2,100,0.0,0,0.3,0.0,0.0,1.0,0.7,1.0,1.0,0.25,1.0,0.25
0_基准,0.9067392958367774,0.04771121438573558,1.0,-1.9546914779663453,64,124,400,10,2,100,0.0,0,0.3,0.0,0.0,1.0,0.7,1.0,1.0,0.25,1.0,0.25
0_基准,1.0672721016881201,0.05467913848242575,1.0,1.2303065402126236,65,125,400,10,2,100,0.0,0,0.3,0.0,0.0,1.0,0.7,1.0,1.0,0.25,1.0,0.25
0_基准,1.0328729988826129,0.05060642069996713,1.0,0.6495815832838423,66,126,400,10,2,100,0.0,0,0.3,0.0,0.0,1.0,0.7,1.0,1.0,0.25,1.0,0.25
0_基准,0.9998236938055203,0.04587214381000357,1.0,-0.0038434260934034894,67,127,400,10,2,100,0.0,0,0.3,0.0,0.0,1.0,0.7,1.0,1.0,0.25,1.0,0.25
0_基准,1.053966055798135,0.05050906480734923,1.0,1.0684429815513576,68,128,400,10,2,100,0.0,0,0.3,0.0,0.0,1.0,0.7,1.0,1.0,0.25,1.0,0.25
0_基准,0.9371164702318937,0.05721515956111786,1.0,-1.099071124689138,69,129,400,10,2,100,0.0,0,0.3,0.0,0.0,1.0,0.7,1.0,1.0,0.25,1.0,0.25
0_基准,1.0105561684958688,0.05455988628259793,1.0,0.19347856484143278,70,130,400,10,2,100,0.0,0,0.3,0.0,0.0,1.0,0.7,1.0,1.0,0.25,1.0,0.25
0_基准,0.9739692622983841,0.04948392207590282,1.0,-0.5260443515711558,71,131,400,10,2,100,0.0,0,0.3,0.0,0.0,1.0,0.7,1.0,1.0,0.25,1.0,0.25
0_基准,0.8830512847435878,0.050432775161017886,1.0,-2.3189030324630617,72,132,400,10,2,100,0.0,0,0.3,0.0,0.0,1.0,0.7,1.0,1.0,0.25,1.0,0.25
0_基准,1.0196440595533025,0.046551320994078035,1.0,0.42198715597784003,73,133,400,10,2,100,0.0,0,0.3,0.0,0.0,1.0,0.7,1.0,1.0,0.25,1.0,0.25
0_基准,0.895935102728015,0.055609469602570606,1.0,-1.8713520919317395,74,134,400,10,2,100,0.0,0,0.3,0.0,0.0,1.0,0.7,1.0,1.0,0.25,1.0,0.25
0_基准,1.014901000860696,0.052727276599172285,1.0,0.2826051679849122,75,135,400,10,2,100,0.0,0,0.3,0.0,0.0,1.0,0.7,1.0,1.0,0.25,1.0,0.25
0_基准,1.0276259615818186,0.059093904654179207,1.0,0.46749257378552456,76,136,400,10,2,100,0.0,0,0.3,0.0,0.0,1.0,0.7,1.0,1.0,0.25,1.0,0.25
0_基准,0.990176738626654,0.05069915134757503,1.0,-0.19375593303330205,77,137,400,10,2,100,0.0,0,0.3,0.0,0.0,1.0,0.7,1.0,1.0,0.25,1.0,0.25
0_基准,0.9331499295107835,0.049264934300267425,1.0,-1.356950363148128,78,138,400,10,2,100,0.0,0,0.3,0.0,0.0,1.0,0.7,1.0,1.0,0.25,1.0,0.25
0_基准,0.9786152074660771,0.05421496524666173,1.0,-0.3944444571093708,79,139,400,10,2,100,0.0,0,0.3,0.0,0.0,1.0,0.7,1.0,1.0,0.25,1.0,0.25
0_基准,0.9491068218876982,0.045757682440093164,1.0,-1.1122324252092988,80,140,400,10,2,100,0.0,0,0.3,0.0,0.0,1.0,0.7,1.0,1.0,0.25,1.0,0.25
0_基准,1.0265949617618633,0.046618181643352824,1.0,0.5704847513213845,81,141,400,10,2,100,0.0,0,0.3,0.0,0.0,1.0,0.7,1.0,1.0,0.25,1.0,0.25
0_基准,1.0240552755820278,0.049772941954260366,1.0,0.48330025587263414,82,142,400,10,2,100,0.0,0,0.3,0.0,0.0,1.0,0.7,1.0,1.0,0.25,1.0,0.25
0_基准,1.0376104427564043,0.05419318213180114,1.0,0.69400690782345,83,143,400,10,2,100,0.0,0,0.3,0.0,0.0,1.0,0.7,1.0,1.0,0.25,1.0,0.25
0_基准,0.9956477818504759,0.04906365820173936,1.0,-0.08870553703168109,84,144,400,10,2,100,0.0,0,0.3,0.0,0.0,1.0,0.7,1.0,1.0,0.25,1.0,0.25
0_基准,0.9527697306659069,0.04568465563234108,1.0,-1.0338322283567325,85,145,400,10,2,100,0.0,0,0.3,0.0,0.0,1.0,0.7,1.0,1.0,0.25,1.0,0.25
0_基准,0.9920089280277884,0.05061169077638367,1.0,-0.15788984421639565,86,146,400,10,2,100,0.0,0,0.3,0.0,0.0,1.0,0.7,1.0,1.0,0.25,1.0,0.25
0_基准,0.9816953642418478,0.05095359239660825,1.0,-0.3592413193494612,87,147,400,10,2,100,0.0,0,0.3,0.0,0.0,1.0,0.7,1.0,1.0,0.25,1.0,0.25
0_基准,1.0250125434020134,0.05097741305230337,1.0,0.4906593313464197,88,148,400,10,2,100,0.0,0,0.3,0.0,0.0,1.0,0.7,1.0,1.0,0.25,1.0,0.25
0_基准,0.8963740463795071,0.047068001408284085,1.0,-2.201622132233863,89,149,400,10,2,100,0.0,0,0.3,0.0,0.0,1.0,0.7,1.0,1.0,0.25,1.0,0.25
0_基准,1.032623161667697,0.04808839288598937,1.0,0.6783999154440838,90,150,400,10,2,100,0.0,0,0.3,0.0,0.0,1.0,0.7,1.0,1.0,0.25,1.0,0.25
0_基准,1.0713974567355447,0.04973374723581369,1.0,1.4355937507988688,91,151,400,10,2,100,0.0,0,0.3,0.0,0.0,1.0,0.7,1.0,1.0,0.25,1.0,0.25
0_基准,0.9929765491209304,0.04267279429237309,1.0,-0.16458849239982717,92,152,400,10,2,100,0.0,0,0.3,0.0,0.0,1.0,0.7,1.0,1.0,0.25,1.0,0.25
0_基准,0.9660861548671037,0.050963383982082826,1.0,-0.6654551264652947,93,153,400,10,2,100,0.0,0,0.3,0.0,0.0,1.0,0.7,1.0,1.0,0.25,1.0,0.25
0_基准,1.0320757873342874,0.052315946964363674,1.0,0.6131168256619082,94,154,400,10,2,100,0.0,0,0.3,0.0,0.0,1.0,0.7,1.0,1.0,0.25,1.0,0.25
0_基准,0.9915434813774738,0.049931881011528415,1.0,-0.1693611065958781,95,155,400,10,2,100,0.0,0,0.3,0.0,0.0,1.0,0.7,1.0,1.0,0.25,1.0,0.25
0_基准,0.9324603244615619,0.05124906352886837,1.0,-1.3178714085261927,96,156,400,10,2,100,0.0,0,0.3,0.0,0.0,1.0,0.7,1.0,1.0,0.25,1.0,0.25
0_基准,0.9666170841321581,0.050696329333384166,1.0,-0.6584878295292842,97,157,400,10,2,100,0.0,0,0.3,0.0,0.0,1.0,0.7,1.0,1.0,0.25,1.0,0.25
0_基准,0.9322732485168469,0.05101909753799837,1.0,-1.3274784296745172,98,158,400,10,2,100,0.0,0,0.3,0.0,0.0,1.0,0.7,1.0,1.0,0.25,1.0,0.25
0_基准,0.9238089361834182,0.05180792687071173,1.0,-1.4706449074235095,99,159,400,10,2,100,0.0,0,0.3,0.0,0.0,1.0,0.7,1.0,1.0,0.25,1.0,0.25
inter_0.25,0.9896941222989177,0.05178600674428215,1.0,-0.19900892826072497,0,61,400,10,2,100,0.0,0,0.3,0.25,0.0,1.0,0.7,1.0,1.0,0.25,1.0,0.25
inter_0.25,0.9124770664835397,0.05437037959003391,1.0,-1.6097539538330408,1,62,400,10,2,100,0.0,0,0.3,0.25,0.0,1.0,0.7,1.0,1.0,0.25,1.0,0.25
inter_0.25,0.8892346177784374,0.060188046187926066,1.0,-1.840321944921059,2,63,400,10,2,100,0.0,0,0.3,0.25,0.0,1.0,0.7,1.0,1.0,0.25,1.0,0.25
inter_0.25,0.8701151063608354,0.05896548566484241,1.0,-2.2027274459745043,3,64,400,10,2,100,0.0,0,0.3,0.25,0.0,1.0,0.7,1.0,1.0,0.25,1.0,0.25
inter_0.25,1.0061420036747837,0.06326223186973225,1.0,0.09708800169161146,4,65,400,10,2,100,0.0,0,0.3,0.25,0.0,1.0,0.7,1.0,1.0,0.25,1.0,0.25
inter_0.25,0.984670194658734,0.054273854430119776,1.0,-0.28245285878864407,5,66,400,10,2,100,0.0,0,0.3,0.25,0.0,1.0,0.7,1.0,1.0,0.25,1.0,0.25
inter_0.25,0.9785243253855127,0.0546891030181332,1.0,-0.3926865395354287,6,67,400,10,2,100,0.0,0,0.3,0.25,0.0,1.0,0.7,1.0,1.0,0.25,1.0,0.25
inter_0.25,0.9132831185626766,0.050899270089241846,1.0,-1.7036959721678206,7,68,400,10,2,100,0.0,0,0.3,0.25,0.0,1.0,0.7,1.0,1.0,0.25,1.0,0.25
inter_0.25,1.0317241709026328,0.058643310919575524,1.0,0.5409682776291381,8,69,400,10,2,100,0.0,0,0.3,0.25,0.0,1.0,0.7,1.0,1.0,0.25,1.0,0.25
inter_0.25,0.977278369146632,0.0553383220083855,1.0,-0.41059486498208125,9,70,400,10,2,100,0.0,0,0.3,0.25,0.0,1.0,0.7,1.0,1.0,0.25,1.0,0.25
inter_0.25,0.9192263110036807,0.06591792100481553,1.0,-1.22536766580394,10,71,400,10,2,100,0.0,0,0.3,0.25,0.0,1.0,0.7,1.0,1.0,0.25,1.0,0.25
inter_0.25,0.8756617270382133,0.06022559614822855,1.0,-2.0645420039639393,11,72,400,10,2,100,0.0,0,0.3,0.25,0.0,1.0,0.7,1.0,1.0,0.25,1.0,0.25
inter_0.25,1.0253042152139613,0.059933938056041344,1.0,0.42220177806938963,12,73,400,10,2,100,0.0,0,0.3,0.25,0.0,1.0,0.7,1.0,1.0,0.25,1.0,0.25
inter_0.25,0.9657831604577254,0.0608788359207994,1.0,-0.5620481900604861,13,74,400,10,2,100,0.0,0,0.3,0.25,0.0,1.0,0.7,1.0,1.0,0.25,1.0,0.25
inter_0.25,0.9522513878076398,0.05658269967146201,1.0,-0.8438729942120912,14,75,400,10,2,100,0.0,0,0.3,0.25,0.0,1.0,0.7,1.0,1.0,0.25,1.0,0.25
inter_0.25,1.0535391177418558,0.053652266935980866,1.0,0.9978910640577395,15,76,400,10,2,100,0.0,0,0.3,0.25,0.0,1.0,0.7,1.0,1.0,0.25,1.0,0.25
inter_0.25,1.025612531445459,0.05785646400213287,1.0,0.4426909229107873,16,77,400,10,2,100,0.0,0,0.3,0.25,0.0,1.0,0.7,1.0,1.0,0.25,1.0,0.25
inter_0.25,0.9147529506447052,0.05553032670564395,1.0,-1.53514402692377,17,78,400,10,2,100,0.0,0,0.3,0.25,0.0,1.0,0.7,1.0,1.0,0.25,1.0,0.25
inter_0.25,0.9465870419431783,0.05488707575581393,1.0,-0.9731427175032892,18,79,400,10,2,100,0.0,0,0.3,0.25,0.0,1.0,0.7,1.0,1.0,0.25,1.0,0.25
inter_0.25,0.9494033707323157,0.05618458730872903,1.0,-0.9005428657802635,19,80,400,10,2,100,0.0,0,0.3,0.25,0.0,1.0,0.7,1.0,1.0,0.25,1.0,0.25
inter_0.25,1.0040739676566404,0.06003739202529281,1.0,0.06785717232560778,20,81,400,10,2,100,0.0,0,0.3,0.25,0.0,1.0,0.7,1.0,1.0,0.25,1.0,0.25
inter_0.25,0.9569535874961931,0.055472099888610765,1.0,-0.7760011355302051,21,82,400,10,2,100,0.0,0,0.3,0.25,0.0,1.0,0.7,1.0,1.0,0.25,1.0,0.25
inter_0.25,1.0276760012907953,0.05518766496607707,1.0,0.5014888980682052,22,83,400,10,2,100,0.0,0,0.3,0.25,0.0,1.0,0.7,1.0,1.0,0.25,1.0,0.25
inter_0.25,1.0271391315443723,0.05058065854921591,1.0,0.5365515658117704,23,84,400,10,2,100,0.0,0,0.3,0.25,0.0,1.0,0.7,1.0,1.0,0.25,1.0,0.25
inter_0.25,0.9242700799053354,0.05652904423457389,1.0,-1.3396639041059042,24,85,400,10,2,100,0.0,0,0.3,0.25,0.0,1.0,0.7,1.0,1.0,0.25,1.0,0.25
inter_0.25,0.9585125583612845,0.06529838917139304,1.0,-0.6353516857792721,25,86,400,10,2,100,0.0,0,0.3,0.25,0.0,1.0,0.7,1.0,1.0,0.25,1.0,0.25
inter_0.25,1.085450528096058,0.05500270789157385,1.0,1.553569476333885,26,87,400,10,2,100,0.0,0,0.3,0.25,0.0,1.0,0.7,1.0,1.0,0.25,1.0,0.25
inter_0.25,0.9181029300485617,0.06158029224347043,1.0,-1.3299233726862043,27,88,400,10,2,100,0.0,0,0.3,0.25,0.0,1.0,0.7,1.0,1.0,0.25,1.0,0.25
inter_0.25,1.1052715801380786,0.06091450022359272,1.0,1.7281858958321714,28,89,400,10,2,100,0.0,0,0.3,0.25,0.0,1.0,0.7,1.0,1.0,0.25,1.0,0.25
inter_0.25,0.9784649348259092,0.056576120509498715,1.0,-0.38063877445388256,29,90,400,10,2,100,0.0,0,0.3,0.25,0.0,1.0,0.7,1.0,1.0,0.25,1.0,0.25
inter_0.25,1.0456665879788138,0.060267082802306415,1.0,0.7577368250693924,30,91,400,10,2,100,0.0,0,0.3,0.25,0.0,1.0,0.7,1.0,1.0,0.25,1.0,0.25
inter_0.25,0.9294765263359539,0.05447969046991426,1.0,-1.2944910856825045,31,92,400,10,2,100,0.0,0,0.3,0.25,0.0,1.0,0.7,1.0,1.0,0.25,1.0,0.25
inter_0.25,1.0699605147722002,0.05788334820826739,1.0,1.2086466477453677,32,93,400,10,2,100,0.0,0,0.3,0.25,0.0,1.0,0.7,1.0,1.0,0.25,1.0,0.25
inter_0.25,1.0846279121049685,0.0615897590957392,1.0,1.374058177000128,33,94,400,10,2,100,0.0,0,0.3,0.25,0.0,1.0,0.7,1.0,1.0,0.25,1.0,0.25
inter_0.25,1.024201677109973,0.05359222703031964,1.0,0.4515893152990427,34,95,400,10,2,100,0.0,0,0.3,0.25,0.0,1.0,0.7,1.0,1.0,0.25,1.0,0.25
inter_0.25,0.9115468765022232,0.062009912654588356,1.0,-1.4264352215827834,35,96,400,10,2,100,0.0,0,0.3,0.25,0.0,1.0,0.7,1.0,1.0,0.25,1.0,0.25
inter_0.25,1.0158975388107114,0.056307513816915435,1.0,0.2823342345109122,36,97,400,10,2,100,0.0,0,0.3,0.25,0.0,1.0,0.7,1.0,1.0,0.25,1.0,0.25
inter_0.25,0.9467076208149784,0.05432064141936178,1.0,-0.9810705063954996,37,98,400,10,2,100,0.0,0,0.3,0.25,0.0,1.0,0.7,1.0,1.0,0.25,1.0,0.25
inter_0.25,0.9670244275578148,0.063248345882398,1.0,-0.5213665587950543,38,99,400,10,2,100,0.0,0,0.3,0.25,0.0,1.0,0.7,1.0,1.0,0.25,1.0,0.25
inter_0.25,0.9762246861238739,0.0519992781424298,1.0,-0.457223921666831,39,100,400,10,2,100,0.0,0,0.3,0.25,0.0,1.0,0.7,1.0,1.0,0.25,1.0,0.25
inter_0.25,1.0456201843082442,0.04831822781666805,1.0,0.9441609589105603,40,101,400,10,2,100,0.0,0,0.3,0.25,0.0,1.0,0.7,1.0,1.0,0.25,1.0,0.25
inter_0.25,0.9990928988014594,0.05868001492769181,1.0,-0.015458435033774635,41,102,400,10,2,100,0.0,0,0.3,0.25,0.0,1.0,0.7,1.0,1.0,0.25,1.0,0.25
inter_0.25,0.8280743248061898,0.04681066550559312,1.0,-3.6727885266503604,42,103,400,10,2,100,0.0,0,0.3,0.25,0.0,1.0,0.7,1.0,1.0,0.25,1.0,0.25
inter_0.25,0.9833182902561841,0.06321488377016622,1.0,-0.2638889569814995,43,104,400,10,2,100,0.0,0,0.3,0.25,0.0,1.0,0.7,1.0,1.0,0.25,1.0,0.25
inter_0.25,0.9931536505958742,0.055852108493331214,1.0,-0.12257996320663922,44,105,400,10,2,100,0.0,0,0.3,0.25,0.0,1.0,0.7,1.0,1.0,0.25,1.0,0.25
inter_0.25,1.0208608390121674,0.05973340813772398,1.0,0.34923235861696905,45,106,400,10,2,100,0.0,0,0.3,0.25,0.0,1.0,0.7,1.0,1.0,0.25,1.0,0.25
inter_0.25,0.8390399969257878,0.04956867900878747,1.0,-3.247211874370859,46,107,400,10,2,100,0.0,0,0.3,0.25,0.0,1.0,0.7,1.0,1.0,0.25,1.0,0.25
inter_0.25,0.9547461860340117,0.049844523097450584,1.0,-0.9078994271349118,47,108,400,10,2,100,0.0,0,0.3,0.25,0.0,1.0,0.7,1.0,1.0,0.25,1.0,0.25
inter_0.25,0.8478934023783059,0.055333226585037795,1.0,-2.748919718027504,48,109,400,10,2,100,0.0,0,0.3,0.25,0.0,1.0,0.7,1.0,1.0,0.25,1.0,0.25
inter_0.25,1.0485708107906735,0.05307301945186888,1.0,0.9151695398586023,49,110,400,10,2,100,0.0,0,0.3,0.25,0.0,1.0,0.7,1.0,1.0,0.25,1.0,0.25
inter_0.25,0.9340448990023993,0.05227025926047665,1.0,-1.2618093334668352,50,111,400,10,2,100,0.0,0,0.3,0.25,0.0,1.0,0.7,1.0,1.0,0.25,1.0,0.25
inter_0.25,0.8962673811281677,0.05477336699452861,1.0,-1.89385142020198,51,112,400,10,2,100,0.0,0,0.3,0.25,0.0,1.0,0.7,1.0,1.0,0.25,1.0,0.25
inter_0.25,0.9599996019835895,0.05632088092532561,1.0,-0.7102232308732177,52,113,400,10,2,100,0.0,0,0.3,0.25,0.0,1.0,0.7,1.0,1.0,0.25,1.0,0.25
inter_0.25,0.8967890845916459,0.05465155330419028,1.0,-1.888526659688567,53,114,400,10,2,100,0.0,0,0.3,0.25,0.0,1.0,0.7,1.0,1.0,0.25,1.0,0.25
inter_0.25,1.0556348017740163,0.05379046475278222,1.0,1.0342874342080979,54,115,400,10,2,100,0.0,0,0.3,0.25,0.0,1.0,0.7,1.0,1.0,0.25,1.0,0.25
inter_0.25,0.9770610366654456,0.05810908973151078,1.0,-0.3947568864104107,55,116,400,10,2,100,0.0,0,0.3,0.25,0.0,1.0,0.7,1.0,1.0,0.25,1.0,0.25
inter_0.25,0.8800512850499204,0.05067202656592567,1.0,-2.367158431960939,56,117,400,10,2,100,0.0,0,0.3,0.25,0.0,1.0,0.7,1.0,1.0,0.25,1.0,0.25
inter_0.25,0.8932544125101352,0.04539475875561312,1.0,-2.3514958646336153,57,118,400,10,2,100,0.0,0,0.3,0.25,0.0,1.0,0.7,1.0,1.0,0.25,1.0,0.25
inter_0.25,0.8873768849368668,0.0467758601094153,1.0,-2.4077187420967117,58,119,400,10,2,100,0.0,0,0.3,0.25,0.0,1.0,0.7,1.0,1.0,0.25,1.0,0.25
inter_0.25,0.9441653244619015,0.05600131463433432,1.0,-0.9970243717076306,59,120,400,10,2,100,0.0,0,0.3,0.25,0.0,1.0,0.7,1.0,1.0,0.25,1.0,0.25
inter_0.25,0.9634133467816051,0.055668675742962484,1.0,-0.6572215474879541,60,121,400,10,2,100,0.0,0,0.3,0.25,0.0,1.0,0.7,1.0,1.0,0.25,1.0,0.25
inter_0.25,0.9849060796353929,0.04959095371505385,1.0,-0.30436842274370673,61,122,400,10,2,100,0.0,0,0.3,0.25,0.0,1.0,0.7,1.0,1.0,0.25,1.0,0.25
inter_0.25,0.9325162603248514,0.05636326409546316,1.0,-1.1973000634038973,62,123,400,10,2,100,0.0,0,0.3,0.25,0.0,1.0,0.7,1.0,1.0,0.25,1.0,0.25
inter_0.25,0.9291912557738919,0.056770788070478126,1.0,-1.2472742872303006,63,124,400,10,2,100,0.0,0,0.3,0.25,0.0,1.0,0.7,1.0,1.0,0.25,1.0,0.25
inter_0.25,1.0132084244608306,0.059059093733603726,1.0,0.2236475981228137,64,125,400,10,2,100,0.0,0,0.3,0.25,0.0,1.0,0.7,1.0,1.0,0.25,1.0,0.25
inter_0.25,1.0488055090830046,0.05926177234331087,1.0,0.8235580400847312,65,126,400,10,2,100,0.0,0,0.3,0.25,0.0,1.0,0.7,1.0,1.0,0.25,1.0,0.25
inter_0.25,0.9730358208064894,0.05213225164167193,1.0,-0.5172264451351023,66,127,400,10,2,100,0.0,0,0.3,0.25,0.0,1.0,0.7,1.0,1.0,0.25,1.0,0.25
inter_0.25,1.0393373423018721,0.05262928194801399,1.0,0.7474421243430354,67,128,400,10,2,100,0.0,0,0.3,0.25,0.0,1.0,0.7,1.0,1.0,0.25,1.0,0.25
inter_0.25,0.9111496994281423,0.05971526015098135,1.0,-1.4878994137714991,68,129,400,10,2,100,0.0,0,0.3,0.25,0.0,1.0,0.7,1.0,1.0,0.25,1.0,0.25
inter_0.25,1.0011824820352022,0.05971478265258327,1.0,0.019802165940749017,69,130,400,10,2,100,0.0,0,0.3,0.25,0.0,1.0,0.7,1.0,1.0,0.25,1.0,0.25
inter_0.25,0.9885209011802731,0.05394557812807424,1.0,-0.21279035683840294,70,131,400,10,2,100,0.0,0,0.3,0.25,0.0,1.0,0.7,1.0,1.0,0.25,1.0,0.25
inter_0.25,0.901169164182511,0.06013841539847418,1.0,-1.6433894235929019,71,132,400,10,2,100,0.0,0,0.3,0.25,0.0,1.0,0.7,1.0,1.0,0.25,1.0,0.25
inter_0.25,0.9568071589338565,0.05483763567925321,1.0,-0.787649586477061,72,133,400,10,2,100,0.0,0,0.3,0.25,0.0,1.0,0.7,1.0,1.0,0.25,1.0,0.25
inter_0.25,0.8910141585306671,0.06290380775273945,1.0,-1.7325793996085486,73,134,400,10,2,100,0.0,0,0.3,0.25,0.0,1.0,0.7,1.0,1.0,0.25,1.0,0.25
inter_0.25,1.005677083272965,0.05750159149113651,1.0,0.09872915037212465,74,135,400,10,2,100,0.0,0,0.3,0.25,0.0,1.0,0.7,1.0,1.0,0.25,1.0,0.25
inter_0.25,1.0312307895513442,0.06677254931657838,1.0,0.467718993373676,75,136,400,10,2,100,0.0,0,0.3,0.25,0.0,1.0,0.7,1.0,1.0,0.25,1.0,0.25
inter_0.25,0.9995887522599654,0.05757817411938464,1.0,-0.0071424241272735126,76,137,400,10,2,100,0.0,0,0.3,0.25,0.0,1.0,0.7,1.0,1.0,0.25,1.0,0.25
inter_0.25,0.9371317218017057,0.05919080269872348,1.0,-1.0621291709505767,77,138,400,10,2,100,0.0,0,0.3,0.25,0.0,1.0,0.7,1.0,1.0,0.25,1.0,0.25
inter_0.25,1.006576261268293,0.05499357331256104,1.0,0.11958235975895092,78,139,400,10,2,100,0.0,0,0.3,0.25,0.0,1.0,0.7,1.0,1.0,0.25,1.0,0.25
inter_0.25,0.9141609538541521,0.05021413405695801,1.0,-1.709459851452989,79,140,400,10,2,100,0.0,0,0.3,0.25,0.0,1.0,0.7,1.0,1.0,0.25,1.0,0.25
inter_0.25,1.047561364557247,0.04988448276793746,1.0,0.9534300431359071,80,141,400,10,2,100,0.0,0,0.3,0.25,0.0,1.0,0.7,1.0,1.0,0.25,1.0,0.25
inter_0.25,0.9966578559779745,0.05091810343862124,1.0,-0.0656376376243911,81,142,400,10,2,100,0.0,0,0.3,0.25,0.0,1.0,0.7,1.0,1.0,0.25,1.0,0.25
inter_0.25,1.0418031724787704,0.06623798467904958,1.0,0.6311057421406171,82,143,400,10,2,100,0.0,0,0.3,0.25,0.0,1.0,0.7,1.0,1.0,0.25,1.0,0.25
inter_0.25,0.9981594037552733,0.05160257504941565,1.0,-0.03566868984666102,83,144,400,10,2,100,0.0,0,0.3,0.25,0.0,1.0,0.7,1.0,1.0,0.25,1.0,0.25
inter_0.25,0.9244719186588141,0.047826162439692614,1.0,-1.57922102649203,84,145,400,10,2,100,0.0,0,0.3,0.25,0.0,1.0,0.7,1.0,1.0,0.25,1.0,0.25
inter_0.25,0.9942355081778911,0.05371579688962128,1.0,-0.10731464775537394,85,146,400,10,2,100,0.0,0,0.3,0.25,0.0,1.0,0.7,1.0,1.0,0.25,1.0,0.25
inter_0.25,0.963451236694036,0.056805527792733915,1.0,-0.6434015266845039,86,147,400,10,2,100,0.0,0,0.3,0.25,0.0,1.0,0.7,1.0,1.0,0.25,1.0,0.25
inter_0.25,1.0450507851937192,0.059754077915438006,1.0,0.7539365808217068,87,148,400,10,2,100,0.0,0,0.3,0.25,0.0,1.0,0.7,1.0,1.0,0.25,1.0,0.25
inter_0.25,0.8780567384153287,0.05293773444039728,1.0,-2.303522484929299,88,149,400,10,2,100,0.0,0,0.3,0.25,0.0,1.0,0.7,1.0,1.0,0.25,1.0,0.25
inter_0.25,0.9960377705161281,0.058490549235653375,1.0,-0.06774136224825733,89,150,400,10,2,100,0.0,0,0.3,0.25,0.0,1.0,0.7,1.0,1.0,0.25,1.0,0.25
inter_0.25,1.0513887318892743,0.05227075403450791,1.0,0.9831258958948376,90,151,400,10,2,100,0.0,0,0.3,0.25,0.0,1.0,0.7,1.0,1.0,0.25,1.0,0.25
inter_0.25,1.021545897922675,0.04628535305698579,1.0,0.4655014275498355,91,152,400,10,2,100,0.0,0,0.3,0.25,0.0,1.0,0.7,1.0,1.0,0.25,1.0,0.25
inter_0.25,0.9790254496006234,0.05453902480590364,1.0,-0.38457875757811777,92,153,400,10,2,100,0.0,0,0.3,0.25,0.0,1.0,0.7,1.0,1.0,0.25,1.0,0.25
inter_0.25,0.9890370127651037,0.052550124134942255,1.0,-0.20861962584036342,93,154,400,10,2,100,0.0,0,0.3,0.25,0.0,1.0,0.7,1.0,1.0,0.25,1.0,0.25
inter_0.25,0.9961253268683504,0.05643980226921707,1.0,-0.06865142994597037,94,155,400,10,2,100,0.0,0,0.3,0.25,0.0,1.0,0.7,1.0,1.0,0.25,1.0,0.25
inter_0.25,0.9588037716397023,0.054824585736616215,1.0,-0.7514188717851737,95,156,400,10,2,100,0.0,0,0.3,0.25,0.0,1.0,0.7,1.0,1.0,0.25,1.0,0.25
inter_0.25,0.9815434174031388,0.05200790027218781,1.0,-0.35488036433440145,96,157,400,10,2,100,0.0,0,0.3,0.25,0.0,1.0,0.7,1.0,1.0,0.25,1.0,0.25
inter_0.25,0.9370497354240521,0.05544022504978405,1.0,-1.1354619235297112,97,158,400,10,2,100,0.0,0,0.3,0.25,0.0,1.0,0.7,1.0,1.0,0.25,1.0,0.25
inter_0.25,0.9319343933399256,0.060639679560408145,1.0,-1.1224598670952528,98,159,400,10,2,100,0.0,0,0.3,0.25,0.0,1.0,0.7,1.0,1.0,0.25,1.0,0.25
inter_0.25,0.9018816368031011,0.052691873652733555,1.0,-1.8621156621521795,99,160,400,10,2,100,0.0,0,0.3,0.25,0.0,1.0,0.7,1.0,1.0,0.25,1.0,0.25
inter_0.5,0.9040815271237997,0.06631057372524553,1.0,-1.4465034381037563,0,62,400,10,2,100,0.0,0,0.3,0.5,0.0,1.0,0.7,1.0,1.0,0.25,1.0,0.25
inter_0.5,0.9155075048455962,0.07164466031768207,1.0,-1.179327179161053,1,63,400,10,2,100,0.0,0,0.3,0.5,0.0,1.0,0.7,1.0,1.0,0.25,1.0,0.25
inter_0.5,0.8627514748022486,0.07456999437320148,1.0,-1.8405328624655897,2,64,400,10,2,100,0.0,0,0.3,0.5,0.0,1.0,0.7,1.0,1.0,0.25,1.0,0.25
inter_0.5,1.0009583692320865,0.07946398636262675,1.0,0.012060422286305194,3,65,400,10,2,100,0.0,0,0.3,0.5,0.0,1.0,0.7,1.0,1.0,0.25,1.0,0.25
inter_0.5,0.9833293933388956,0.0630462016243301,1.0,-0.26441889014089454,4,66,400,10,2,100,0.0,0,0.3,0.5,0.0,1.0,0.7,1.0,1.0,0.25,1.0,0.25
inter_0.5,0.9581313775204958,0.06518118396470332,1.0,-0.6423421596971409,5,67,400,10,2,100,0.0,0,0.3,0.5,0.0,1.0,0.7,1.0,1.0,0.25,1.0,0.25
inter_0.5,0.924797201017212,0.06249381547150781,1.0,-1.2033638595338205,6,68,400,10,2,100,0.0,0,0.3,0.5,0.0,1.0,0.7,1.0,1.0,0.25,1.0,0.25
inter_0.5,1.0453173960246496,0.07314335926199306,1.0,0.619569520485471,7,69,400,10,2,100,0.0,0,0.3,0.5,0.0,1.0,0.7,1.0,1.0,0.25,1.0,0.25
inter_0.5,0.9822145850389229,0.0682788800803542,1.0,-0.2604819373157013,8,70,400,10,2,100,0.0,0,0.3,0.5,0.0,1.0,0.7,1.0,1.0,0.25,1.0,0.25
inter_0.5,0.8573804943679793,0.07718055119795128,1.0,-1.8478684515511274,9,71,400,10,2,100,0.0,0,0.3,0.5,0.0,1.0,0.7,1.0,1.0,0.25,1.0,0.25
inter_0.5,0.8436758834435898,0.07265055314404174,1.0,-2.151726446548477,10,72,400,10,2,100,0.0,0,0.3,0.5,0.0,1.0,0.7,1.0,1.0,0.25,1.0,0.25
inter_0.5,0.9790870021458752,0.0683764044986092,1.0,-0.30585109011618467,11,73,400,10,2,100,0.0,0,0.3,0.5,0.0,1.0,0.7,1.0,1.0,0.25,1.0,0.25
inter_0.5,0.9762630503173894,0.07539415858965014,1.0,-0.3148380474912439,12,74,400,10,2,100,0.0,0,0.3,0.5,0.0,1.0,0.7,1.0,1.0,0.25,1.0,0.25
inter_0.5,0.9920057175500434,0.07402755820794345,1.0,-0.10799062732152596,13,75,400,10,2,100,0.0,0,0.3,0.5,0.0,1.0,0.7,1.0,1.0,0.25,1.0,0.25
inter_0.5,1.091612068482448,0.06592474821419783,1.0,1.38964608836713,14,76,400,10,2,100,0.0,0,0.3,0.5,0.0,1.0,0.7,1.0,1.0,0.25,1.0,0.25
inter_0.5,1.0661357001554348,0.0735534125984076,1.0,0.8991520286968522,15,77,400,10,2,100,0.0,0,0.3,0.5,0.0,1.0,0.7,1.0,1.0,0.25,1.0,0.25
inter_0.5,0.894147105782516,0.061901906559328375,1.0,-1.7100102420275518,16,78,400,10,2,100,0.0,0,0.3,0.5,0.0,1.0,0.7,1.0,1.0,0.25,1.0,0.25
inter_0.5,0.9340420803111399,0.07007986647487342,1.0,-0.9411821541142462,17,79,400,10,2,100,0.0,0,0.3,0.5,0.0,1.0,0.7,1.0,1.0,0.25,1.0,0.25
inter_0.5,0.9283273907994277,0.0867473750905329,1.0,-0.8262222243125165,18,80,400,10,2,100,0.0,0,0.3,0.5,0.0,1.0,0.7,1.0,1.0,0.25,1.0,0.25
inter_0.5,0.9968380929945649,0.07453818681754343,1.0,-0.042419961370604053,19,81,400,10,2,100,0.0,0,0.3,0.5,0.0,1.0,0.7,1.0,1.0,0.25,1.0,0.25
inter_0.5,0.9473567750719027,0.06509480105643627,1.0,-0.8087162734003339,20,82,400,10,2,100,0.0,0,0.3,0.5,0.0,1.0,0.7,1.0,1.0,0.25,1.0,0.25
inter_0.5,1.0229775955589504,0.06906104755478128,1.0,0.3327142632860281,21,83,400,10,2,100,0.0,0,0.3,0.5,0.0,1.0,0.7,1.0,1.0,0.25,1.0,0.25
inter_0.5,0.9941651695391605,0.07018925088341776,1.0,-0.08312997200285019,22,84,400,10,2,100,0.0,0,0.3,0.5,0.0,1.0,0.7,1.0,1.0,0.25,1.0,0.25
inter_0.5,0.9559251432609999,0.06801507614103855,1.0,-0.6480159876261096,23,85,400,10,2,100,0.0,0,0.3,0.5,0.0,1.0,0.7,1.0,1.0,0.25,1.0,0.25
inter_0.5,0.989495169917064,0.08291224137692645,1.0,-0.1266981800091511,24,86,400,10,2,100,0.0,0,0.3,0.5,0.0,1.0,0.7,1.0,1.0,0.25,1.0,0.25
inter_0.5,1.1258138632500432,0.06858516907508129,1.0,1.8344179207652418,25,87,400,10,2,100,0.0,0,0.3,0.5,0.0,1.0,0.7,1.0,1.0,0.25,1.0,0.25
inter_0.5,0.9337384419794978,0.0709254468578852,1.0,-0.9342423764107095,26,88,400,10,2,100,0.0,0,0.3,0.5,0.0,1.0,0.7,1.0,1.0,0.25,1.0,0.25
inter_0.5,1.0880215095114079,0.07590570776028352,1.0,1.159616478241492,27,89,400,10,2,100,0.0,0,0.3,0.5,0.0,1.0,0.7,1.0,1.0,0.25,1.0,0.25
inter_0.5,0.9937842442173187,0.07043201897798804,1.0,-0.08825184728303606,28,90,400,10,2,100,0.0,0,0.3,0.5,0.0,1.0,0.7,1.0,1.0,0.25,1.0,0.25
inter_0.5,1.0676536960428114,0.07655447713508302,1.0,0.8837327165520844,29,91,400,10,2,100,0.0,0,0.3,0.5,0.0,1.0,0.7,1.0,1.0,0.25,1.0,0.25
inter_0.5,0.9237819799338105,0.06865819894938363,1.0,-1.1101080603990083,30,92,400,10,2,100,0.0,0,0.3,0.5,0.0,1.0,0.7,1.0,1.0,0.25,1.0,0.25
inter_0.5,1.087923559043508,0.0672403642704141,1.0,1.307600873337244,31,93,400,10,2,100,0.0,0,0.3,0.5,0.0,1.0,0.7,1.0,1.0,0.25,1.0,0.25
inter_0.5,1.0898846799333146,0.07196019395712808,1.0,1.2490889058312635,32,94,400,10,2,100,0.0,0,0.3,0.5,0.0,1.0,0.7,1.0,1.0,0.25,1.0,0.25
inter_0.5,1.055405715514885,0.06860560386022355,1.0,0.807597519697781,33,95,400,10,2,100,0.0,0,0.3,0.5,0.0,1.0,0.7,1.0,1.0,0.25,1.0,0.25
inter_0.5,0.8664452566105852,0.07267684447668725,1.0,-1.8376519282184227,34,96,400,10,2,100,0.0,0,0.3,0.5,0.0,1.0,0.7,1.0,1.0,0.25,1.0,0.25
inter_0.5,1.0225086299813602,0.06860599657512417,1.0,0.3280854605284104,35,97,400,10,2,100,0.0,0,0.3,0.5,0.0,1.0,0.7,1.0,1.0,0.25,1.0,0.25
inter_0.5,0.9572155476646547,0.06956768815406193,1.0,-0.6150046590681083,36,98,400,10,2,100,0.0,0,0.3,0.5,0.0,1.0,0.7,1.0,1.0,0.25,1.0,0.25
inter_0.5,0.9615946977266135,0.09826650629428493,1.0,-0.3908280015407454,37,99,400,10,2,100,0.0,0,0.3,0.5,0.0,1.0,0.7,1.0,1.0,0.25,1.0,0.25
inter_0.5,0.9677929803213949,0.06941779953044228,1.0,-0.4639590983358828,38,100,400,10,2,100,0.0,0,0.3,0.5,0.0,1.0,0.7,1.0,1.0,0.25,1.0,0.25
inter_0.5,1.0380882260630648,0.05989418557667094,1.0,0.6359252688110743,39,101,400,10,2,100,0.0,0,0.3,0.5,0.0,1.0,0.7,1.0,1.0,0.25,1.0,0.25
inter_0.5,1.0263132334045673,0.0772543474007187,1.0,0.3406052123912248,40,102,400,10,2,100,0.0,0,0.3,0.5,0.0,1.0,0.7,1.0,1.0,0.25,1.0,0.25
inter_0.5,0.7825043147306487,0.05541090445884547,1.0,-3.9251423053541497,41,103,400,10,2,100,0.0,0,0.3,0.5,0.0,1.0,0.7,1.0,1.0,0.25,1.0,0.25
inter_0.5,0.9820983650789306,0.08351923919798844,1.0,-0.2143414510593459,42,104,400,10,2,100,0.0,0,0.3,0.5,0.0,1.0,0.7,1.0,1.0,0.25,1.0,0.25
inter_0.5,1.0176770257808943,0.07691822526503506,1.0,0.22981582999328182,43,105,400,10,2,100,0.0,0,0.3,0.5,0.0,1.0,0.7,1.0,1.0,0.25,1.0,0.25
inter_0.5,1.018168512625284,0.07503541929060298,1.0,0.24213248619188146,44,106,400,10,2,100,0.0,0,0.3,0.5,0.0,1.0,0.7,1.0,1.0,0.25,1.0,0.25
inter_0.5,0.8210762149512811,0.06492994749584682,1.0,-2.7556434580539824,45,107,400,10,2,100,0.0,0,0.3,0.5,0.0,1.0,0.7,1.0,1.0,0.25,1.0,0.25
inter_0.5,0.8852705391743749,0.06868012544898679,1.0,-1.6704899718164046,46,108,400,10,2,100,0.0,0,0.3,0.5,0.0,1.0,0.7,1.0,1.0,0.25,1.0,0.25
inter_0.5,0.8107659308887509,0.07025627889717469,1.0,-2.693482662072201,47,109,400,10,2,100,0.0,0,0.3,0.5,0.0,1.0,0.7,1.0,1.0,0.25,1.0,0.25
inter_0.5,1.0377599595134437,0.06015161361773407,1.0,0.6277464101530135,48,110,400,10,2,100,0.0,0,0.3,0.5,0.0,1.0,0.7,1.0,1.0,0.25,1.0,0.25
inter_0.5,0.8738305702742808,0.06254740067524728,1.0,-2.017181023729575,49,111,400,10,2,100,0.0,0,0.3,0.5,0.0,1.0,0.7,1.0,1.0,0.25,1.0,0.25
inter_0.5,0.8721175273080762,0.06623220781293072,1.0,-1.9308200181567383,50,112,400,10,2,100,0.0,0,0.3,0.5,0.0,1.0,0.7,1.0,1.0,0.25,1.0,0.25
inter_0.5,0.9704048978839889,0.06809348943113787,1.0,-0.4346245487381037,51,113,400,10,2,100,0.0,0,0.3,0.5,0.0,1.0,0.7,1.0,1.0,0.25,1.0,0.25
inter_0.5,0.8947630779390259,0.07417400163699076,1.0,-1.4187844762104922,52,114,400,10,2,100,0.0,0,0.3,0.5,0.0,1.0,0.7,1.0,1.0,0.25,1.0,0.25
inter_0.5,1.0297380680805068,0.06441264635898332,1.0,0.46168058233116527,53,115,400,10,2,100,0.0,0,0.3,0.5,0.0,1.0,0.7,1.0,1.0,0.25,1.0,0.25
inter_0.5,0.9879828789617735,0.0683221619062525,1.0,-0.17588906297660278,54,116,400,10,2,100,0.0,0,0.3,0.5,0.0,1.0,0.7,1.0,1.0,0.25,1.0,0.25
inter_0.5,0.8717265552255494,0.06472459304862083,1.0,-1.9818347050570426,55,117,400,10,2,100,0.0,0,0.3,0.5,0.0,1.0,0.7,1.0,1.0,0.25,1.0,0.25
inter_0.5,0.9201137319787465,0.05345009232657293,1.0,-1.4945955103904984,56,118,400,10,2,100,0.0,0,0.3,0.5,0.0,1.0,0.7,1.0,1.0,0.25,1.0,0.25
inter_0.5,0.8303776306527406,0.05544762639235077,1.0,-3.059145726942416,57,119,400,10,2,100,0.0,0,0.3,0.5,0.0,1.0,0.7,1.0,1.0,0.25,1.0,0.25
inter_0.5,0.949267974992873,0.06643938789037265,1.0,-0.7635835701983991,58,120,400,10,2,100,0.0,0,0.3,0.5,0.0,1.0,0.7,1.0,1.0,0.25,1.0,0.25
inter_0.5,0.8936698809631842,0.06634698748460917,1.0,-1.602636729534731,59,121,400,10,2,100,0.0,0,0.3,0.5,0.0,1.0,0.7,1.0,1.0,0.25,1.0,0.25
inter_0.5,0.9567405916899816,0.05893187199483364,1.0,-0.7340579358112161,60,122,400,10,2,100,0.0,0,0.3,0.5,0.0,1.0,0.7,1.0,1.0,0.25,1.0,0.25
inter_0.5,0.9255115578732157,0.06870269010244799,1.0,-1.0842143446742583,61,123,400,10,2,100,0.0,0,0.3,0.5,0.0,1.0,0.7,1.0,1.0,0.25,1.0,0.25
inter_0.5,0.9260362571102874,0.07311749959682681,1.0,-1.0115737449660074,62,124,400,10,2,100,0.0,0,0.3,0.5,0.0,1.0,0.7,1.0,1.0,0.25,1.0,0.25
inter_0.5,0.9533886408884364,0.06983058455739306,1.0,-0.6674920367200154,63,125,400,10,2,100,0.0,0,0.3,0.5,0.0,1.0,0.7,1.0,1.0,0.25,1.0,0.25
inter_0.5,1.047254307369397,0.07664565637513046,1.0,0.6165294891352742,64,126,400,10,2,100,0.0,0,0.3,0.5,0.0,1.0,0.7,1.0,1.0,0.25,1.0,0.25
inter_0.5,0.9637196199174675,0.062363443257202514,1.0,-0.5817571671420247,65,127,400,10,2,100,0.0,0,0.3,0.5,0.0,1.0,0.7,1.0,1.0,0.25,1.0,0.25
inter_0.5,1.020731425650057,0.06369068693482992,1.0,0.32550168082297504,66,128,400,10,2,100,0.0,0,0.3,0.5,0.0,1.0,0.7,1.0,1.0,0.25,1.0,0.25
inter_0.5,0.9121805457360671,0.07220829563041377,1.0,-1.2161961932105732,67,129,400,10,2,100,0.0,0,0.3,0.5,0.0,1.0,0.7,1.0,1.0,0.25,1.0,0.25
inter_0.5,0.9668409850021338,0.07347360136631376,1.0,-0.4513051542491695,68,130,400,10,2,100,0.0,0,0.3,0.5,0.0,1.0,0.7,1.0,1.0,0.25,1.0,0.25
inter_0.5,1.0098068944670937,0.06724192190783587,1.0,0.14584494596295716,69,131,400,10,2,100,0.0,0,0.3,0.5,0.0,1.0,0.7,1.0,1.0,0.25,1.0,0.25
inter_0.5,0.890395275000362,0.07556577752926043,1.0,-1.450454538857846,70,132,400,10,2,100,0.0,0,0.3,0.5,0.0,1.0,0.7,1.0,1.0,0.25,1.0,0.25
inter_0.5,0.932462998203599,0.07472667308519339,1.0,-0.9037870817479631,71,133,400,10,2,100,0.0,0,0.3,0.5,0.0,1.0,0.7,1.0,1.0,0.25,1.0,0.25
inter_0.5,0.8694831269318978,0.07748669478459859,1.0,-1.684377859075285,72,134,400,10,2,100,0.0,0,0.3,0.5,0.0,1.0,0.7,1.0,1.0,0.25,1.0,0.25
inter_0.5,1.0052530004493458,0.06958057073347707,1.0,0.07549521934028183,73,135,400,10,2,100,0.0,0,0.3,0.5,0.0,1.0,0.7,1.0,1.0,0.25,1.0,0.25
inter_0.5,1.0229255844961087,0.08076550996932537,1.0,0.28385364625092835,74,136,400,10,2,100,0.0,0,0.3,0.5,0.0,1.0,0.7,1.0,1.0,0.25,1.0,0.25
inter_0.5,1.0332195475640646,0.07570356297361669,1.0,0.4388108862939771,75,137,400,10,2,100,0.0,0,0.3,0.5,0.0,1.0,0.7,1.0,1.0,0.25,1.0,0.25
inter_0.5,0.9426487477475252,0.07800863073954749,1.0,-0.7351911155056318,76,138,400,10,2,100,0.0,0,0.3,0.5,0.0,1.0,0.7,1.0,1.0,0.25,1.0,0.25
inter_0.5,1.028816067389575,0.06280094030360917,1.0,0.4588477059461947,77,139,400,10,2,100,0.0,0,0.3,0.5,0.0,1.0,0.7,1.0,1.0,0.25,1.0,0.25
inter_0.5,0.8764512896967988,0.06451940928256239,1.0,-1.9149076483654766,78,140,400,10,2,100,0.0,0,0.3,0.5,0.0,1.0,0.7,1.0,1.0,0.25,1.0,0.25
inter_0.5,1.0494202458832993,0.061242893377986794,1.0,0.8069547854031168,79,141,400,10,2,100,0.0,0,0.3,0.5,0.0,1.0,0.7,1.0,1.0,0.25,1.0,0.25
inter_0.5,0.9992484988868221,0.060306033852226174,1.0,-0.012461458085925144,80,142,400,10,2,100,0.0,0,0.3,0.5,0.0,1.0,0.7,1.0,1.0,0.25,1.0,0.25
inter_0.5,1.0355315531904896,0.08146052083198319,1.0,0.4361812670431534,81,143,400,10,2,100,0.0,0,0.3,0.5,0.0,1.0,0.7,1.0,1.0,0.25,1.0,0.25
inter_0.5,0.9931177518522186,0.06116458477165446,1.0,-0.11252014827656973,82,144,400,10,2,100,0.0,0,0.3,0.5,0.0,1.0,0.7,1.0,1.0,0.25,1.0,0.25
inter_0.5,0.882498281409078,0.058118661538123575,1.0,-2.021755413514563,83,145,400,10,2,100,0.0,0,0.3,0.5,0.0,1.0,0.7,1.0,1.0,0.25,1.0,0.25
inter_0.5,0.9891097537645567,0.06502155112677695,1.0,-0.1674867185836565,84,146,400,10,2,100,0.0,0,0.3,0.5,0.0,1.0,0.7,1.0,1.0,0.25,1.0,0.25
inter_0.5,0.9206705121629611,0.06895554706623684,1.0,-1.1504438904797185,85,147,400,10,2,100,0.0,0,0.3,0.5,0.0,1.0,0.7,1.0,1.0,0.25,1.0,0.25
inter_0.5,1.0557621319178538,0.07546173420171566,1.0,0.7389458048869763,86,148,400,10,2,100,0.0,0,0.3,0.5,0.0,1.0,0.7,1.0,1.0,0.25,1.0,0.25
inter_0.5,0.862171904734208,0.06455761206897012,1.0,-2.134962723195885,87,149,400,10,2,100,0.0,0,0.3,0.5,0.0,1.0,0.7,1.0,1.0,0.25,1.0,0.25
inter_0.5,0.9520298896522239,0.07150182388542961,1.0,-0.670893520487542,88,150,400,10,2,100,0.0,0,0.3,0.5,0.0,1.0,0.7,1.0,1.0,0.25,1.0,0.25
inter_0.5,1.0231344102605637,0.06094588005787998,1.0,0.3795894035592415,89,151,400,10,2,100,0.0,0,0.3,0.5,0.0,1.0,0.7,1.0,1.0,0.25,1.0,0.25
inter_0.5,1.0301623243230074,0.06028633132138857,1.0,0.5003177944634073,90,152,400,10,2,100,0.0,0,0.3,0.5,0.0,1.0,0.7,1.0,1.0,0.25,1.0,0.25
inter_0.5,0.9916572941312364,0.06486718636500928,1.0,-0.12861211247577486,91,153,400,10,2,100,0.0,0,0.3,0.5,0.0,1.0,0.7,1.0,1.0,0.25,1.0,0.25
inter_0.5,0.9623436604261296,0.06647426642195103,1.0,-0.5664799568429019,92,154,400,10,2,100,0.0,0,0.3,0.5,0.0,1.0,0.7,1.0,1.0,0.25,1.0,0.25
inter_0.5,0.9939912946073649,0.07113924505913381,1.0,-0.08446400278271742,93,155,400,10,2,100,0.0,0,0.3,0.5,0.0,1.0,0.7,1.0,1.0,0.25,1.0,0.25
inter_0.5,1.006118819565812,0.06618215824509345,1.0,0.09245421618243437,94,156,400,10,2,100,0.0,0,0.3,0.5,0.0,1.0,0.7,1.0,1.0,0.25,1.0,0.25
inter_0.5,0.9982151559588763,0.06080815138677733,1.0,-0.029352052322244748,95,157,400,10,2,100,0.0,0,0.3,0.5,0.0,1.0,0.7,1.0,1.0,0.25,1.0,0.25
inter_0.5,0.9396784508107279,0.06712273787903594,1.0,-0.8986753385712535,96,158,400,10,2,100,0.0,0,0.3,0.5,0.0,1.0,0.7,1.0,1.0,0.25,1.0,0.25
inter_0.5,0.9488345465789486,0.07377446881335252,1.0,-0.6935387572968997,97,159,400,10,2,100,0.0,0,0.3,0.5,0.0,1.0,0.7,1.0,1.0,0.25,1.0,0.25
inter_0.5,0.8779937525923968,0.06241697051332277,1.0,-1.9546967179632864,98,160,400,10,2,100,0.0,0,0.3,0.5,0.0,1.0,0.7,1.0,1.0,0.25,1.0,0.25
inter_0.5,0.9150983140273234,0.056424586076876414,1.0,-1.5046931112086697,99,161,400,10,2,100,0.0,0,0.3,0.5,0.0,1.0,0.7,1.0,1.0,0.25,1.0,0.25
inter_1.0,0.9614856095039821,0.1031282885302195,1.0,-0.3734609683232753,0,63,400,10,2,100,0.0,0,0.3,1.0,0.0,1.0,0.7,1.0,1.0,0.25,1.0,0.25
inter_1.0,0.9082536645702919,0.11025255654216487,1.0,-0.8321470114357008,1,64,400,10,2,100,0.0,0,0.3,1.0,0.0,1.0,0.7,1.0,1.0,0.25,1.0,0.25
inter_1.0,1.039690680585641,0.11838776685796133,1.0,0.335259981998485,2,65,400,10,2,100,0.0,0,0.3,1.0,0.0,1.0,0.7,1.0,1.0,0.25,1.0,0.25
inter_1.0,0.9812627370591763,0.08792308132331703,1.0,-0.21310971657057462,3,66,400,10,2,100,0.0,0,0.3,1.0,0.0,1.0,0.7,1.0,1.0,0.25,1.0,0.25
inter_1.0,0.956647160262816,0.08952262173842672,1.0,-0.4842668690362446,4,67,400,10,2,100,0.0,0,0.3,1.0,0.0,1.0,0.7,1.0,1.0,0.25,1.0,0.25
inter_1.0,0.9126853630610039,0.09513170576444485,1.0,-0.9178289849568707,5,68,400,10,2,100,0.0,0,0.3,1.0,0.0,1.0,0.7,1.0,1.0,0.25,1.0,0.25
inter_1.0,1.0603097218953983,0.10942291815801035,1.0,0.5511617027824924,6,69,400,10,2,100,0.0,0,0.3,1.0,0.0,1.0,0.7,1.0,1.0,0.25,1.0,0.25
inter_1.0,0.9973891000337024,0.10395010871180417,1.0,-0.025116856525241073,7,70,400,10,2,100,0.0,0,0.3,1.0,0.0,1.0,0.7,1.0,1.0,0.25,1.0,0.25
inter_1.0,0.7568907940747316,0.11175338044099088,1.0,-2.1754080723637466,8,71,400,10,2,100,0.0,0,0.3,1.0,0.0,1.0,0.7,1.0,1.0,0.25,1.0,0.25
inter_1.0,0.8279680887359421,0.10708659877627545,1.0,-1.6064746964600654,9,72,400,10,2,100,0.0,0,0.3,1.0,0.0,1.0,0.7,1.0,1.0,0.25,1.0,0.25
inter_1.0,0.9736593602908274,0.096796340513508,1.0,-0.2721243341373706,10,73,400,10,2,100,0.0,0,0.3,1.0,0.0,1.0,0.7,1.0,1.0,0.25,1.0,0.25
inter_1.0,1.0032169164097866,0.10530106824504776,1.0,0.030549703468349166,11,74,400,10,2,100,0.0,0,0.3,1.0,0.0,1.0,0.7,1.0,1.0,0.25,1.0,0.25
inter_1.0,1.0297578742567548,0.11242718003430684,1.0,0.26468576591242676,12,75,400,10,2,100,0.0,0,0.3,1.0,0.0,1.0,0.7,1.0,1.0,0.25,1.0,0.25
inter_1.0,1.151455912269717,0.10045853653684352,1.0,1.5076460148727133,13,76,400,10,2,100,0.0,0,0.3,1.0,0.0,1.0,0.7,1.0,1.0,0.25,1.0,0.25
inter_1.0,1.1517090295992232,0.11835547070224015,1.0,1.2818083414233907,14,77,400,10,2,100,0.0,0,0.3,1.0,0.0,1.0,0.7,1.0,1.0,0.25,1.0,0.25
inter_1.0,0.8382855186656514,0.08589376832130713,1.0,-1.8827265876776433,15,78,400,10,2,100,0.0,0,0.3,1.0,0.0,1.0,0.7,1.0,1.0,0.25,1.0,0.25
inter_1.0,0.9110148008068473,0.11585123297454117,1.0,-0.7680988532310884,16,79,400,10,2,100,0.0,0,0.3,1.0,0.0,1.0,0.7,1.0,1.0,0.25,1.0,0.25
inter_1.0,0.9167764206692265,0.16164543907563403,1.0,-0.5148526293515349,17,80,400,10,2,100,0.0,0,0.3,1.0,0.0,1.0,0.7,1.0,1.0,0.25,1.0,0.25
inter_1.0,1.039464275030082,0.10992651441764136,1.0,0.3590059708447249,18,81,400,10,2,100,0.0,0,0.3,1.0,0.0,1.0,0.7,1.0,1.0,0.25,1.0,0.25
inter_1.0,0.9072498457265608,0.09479719104550649,1.0,-0.9784061452719144,19,82,400,10,2,100,0.0,0,0.3,1.0,0.0,1.0,0.7,1.0,1.0,0.25,1.0,0.25
inter_1.0,0.993082085260005,0.10674745992613839,1.0,-0.0648063639620253,20,83,400,10,2,100,0.0,0,0.3,1.0,0.0,1.0,0.7,1.0,1.0,0.25,1.0,0.25
inter_1.0,0.9491514081750166,0.11628392787527227,1.0,-0.43727962027154993,21,84,400,10,2,100,0.0,0,0.3,1.0,0.0,1.0,0.7,1.0,1.0,0.25,1.0,0.25
inter_1.0,0.9866367232514265,0.10191312091989158,1.0,-0.13112420292846952,22,85,400,10,2,100,0.0,0,0.3,1.0,0.0,1.0,0.7,1.0,1.0,0.25,1.0,0.25
inter_1.0,0.9869757492833918,0.12506071179772,1.0,-0.10414342385700083,23,86,400,10,2,100,0.0,0,0.3,1.0,0.0,1.0,0.7,1.0,1.0,0.25,1.0,0.25
inter_1.0,1.202105511893045,0.0996194069124986,1.0,2.0287765020581365,24,87,400,10,2,100,0.0,0,0.3,1.0,0.0,1.0,0.7,1.0,1.0,0.25,1.0,0.25
inter_1.0,0.9414064133005361,0.0960949237493163,1.0,-0.6097469503417009,25,88,400,10,2,100,0.0,0,0.3,1.0,0.0,1.0,0.7,1.0,1.0,0.25,1.0,0.25
inter_1.0,1.0099725103784027,0.11122547126692996,1.0,0.08966031130108428,26,89,400,10,2,100,0.0,0,0.3,1.0,0.0,1.0,0.7,1.0,1.0,0.25,1.0,0.25
inter_1.0,1.0104450882600375,0.10839405814563297,1.0,0.09636218477957553,27,90,400,10,2,100,0.0,0,0.3,1.0,0.0,1.0,0.7,1.0,1.0,0.25,1.0,0.25
inter_1.0,1.11316494693284,0.11734477907150205,1.0,0.9643799053376275,28,91,400,10,2,100,0.0,0,0.3,1.0,0.0,1.0,0.7,1.0,1.0,0.25,1.0,0.25
inter_1.0,0.902680788904508,0.11440917698919298,1.0,-0.8506241689395662,29,92,400,10,2,100,0.0,0,0.3,1.0,0.0,1.0,0.7,1.0,1.0,0.25,1.0,0.25
inter_1.0,1.1249146583640526,0.09791078372454527,1.0,1.2758008220573327,30,93,400,10,2,100,0.0,0,0.3,1.0,0.0,1.0,0.7,1.0,1.0,0.25,1.0,0.25
inter_1.0,1.0834283257002073,0.10824915190001927,1.0,0.770706506571646,31,94,400,10,2,100,0.0,0,0.3,1.0,0.0,1.0,0.7,1.0,1.0,0.25,1.0,0.25
inter_1.0,1.1735584029782555,0.11188358415096754,1.0,1.551241000145906,32,95,400,10,2,100,0.0,0,0.3,1.0,0.0,1.0,0.7,1.0,1.0,0.25,1.0,0.25
inter_1.0,0.7461228295290379,0.10931988171147228,1.0,-2.3223330147851753,33,96,400,10,2,100,0.0,0,0.3,1.0,0.0,1.0,0.7,1.0,1.0,0.25,1.0,0.25
inter_1.0,1.0492307188577203,0.09979330031679712,1.0,0.4933268937036435,34,97,400,10,2,100,0.0,0,0.3,1.0,0.0,1.0,0.7,1.0,1.0,0.25,1.0,0.25
inter_1.0,0.9654123572856335,0.1103232978801213,1.0,-0.31351168229171245,35,98,400,10,2,100,0.0,0,0.3,1.0,0.0,1.0,0.7,1.0,1.0,0.25,1.0,0.25
inter_1.0,0.9814385215569958,0.1710438338423175,1.0,-0.10851884003088749,36,99,400,10,2,100,0.0,0,0.3,1.0,0.0,1.0,0.7,1.0,1.0,0.25,1.0,0.25
inter_1.0,0.9661879431221636,0.11097512353533866,1.0,-0.3046814078748861,37,100,400,10,2,100,0.0,0,0.3,1.0,0.0,1.0,0.7,1.0,1.0,0.25,1.0,0.25
inter_1.0,1.0329129950688685,0.09350961160155592,1.0,0.3519744602203098,38,101,400,10,2,100,0.0,0,0.3,1.0,0.0,1.0,0.7,1.0,1.0,0.25,1.0,0.25
inter_1.0,1.0767052972657452,0.12021964570547955,1.0,0.6380429489341688,39,102,400,10,2,100,0.0,0,0.3,1.0,0.0,1.0,0.7,1.0,1.0,0.25,1.0,0.25
inter_1.0,0.70967468758248,0.08636976606592156,1.0,-3.361422933528959,40,103,400,10,2,100,0.0,0,0.3,1.0,0.0,1.0,0.7,1.0,1.0,0.25,1.0,0.25
inter_1.0,0.9622237402658699,0.12943303927748043,1.0,-0.2918594815126363,41,104,400,10,2,100,0.0,0,0.3,1.0,0.0,1.0,0.7,1.0,1.0,0.25,1.0,0.25
inter_1.0,1.054696641243854,0.12306346018874688,1.0,0.44445882766471767,42,105,400,10,2,100,0.0,0,0.3,1.0,0.0,1.0,0.7,1.0,1.0,0.25,1.0,0.25
inter_1.0,1.0329019980880316,0.11864442003191646,1.0,0.2773160177206874,43,106,400,10,2,100,0.0,0,0.3,1.0,0.0,1.0,0.7,1.0,1.0,0.25,1.0,0.25
inter_1.0,0.778008323306229,0.10940375565913893,1.0,-2.0291047172586447,44,107,400,10,2,100,0.0,0,0.3,1.0,0.0,1.0,0.7,1.0,1.0,0.25,1.0,0.25
inter_1.0,0.7641955086517775,0.10770777450376948,1.0,-2.1892987060091,45,108,400,10,2,100,0.0,0,0.3,1.0,0.0,1.0,0.7,1.0,1.0,0.25,1.0,0.25
inter_1.0,0.7661245628720444,0.11178637305541213,1.0,-2.092164104939913,46,109,400,10,2,100,0.0,0,0.3,1.0,0.0,1.0,0.7,1.0,1.0,0.25,1.0,0.25
inter_1.0,1.0346554432192105,0.09188451255939653,1.0,0.37716305233494457,47,110,400,10,2,100,0.0,0,0.3,1.0,0.0,1.0,0.7,1.0,1.0,0.25,1.0,0.25
inter_1.0,0.792119359613716,0.1067637424526751,1.0,-1.9471089679947355,48,111,400,10,2,100,0.0,0,0.3,1.0,0.0,1.0,0.7,1.0,1.0,0.25,1.0,0.25
inter_1.0,0.8181962230112566,0.1034486396676904,1.0,-1.7574303303818626,49,112,400,10,2,100,0.0,0,0.3,1.0,0.0,1.0,0.7,1.0,1.0,0.25,1.0,0.25
inter_1.0,1.0000385066568804,0.10095143144101265,1.0,0.0003814374529491702,50,113,400,10,2,100,0.0,0,0.3,1.0,0.0,1.0,0.7,1.0,1.0,0.25,1.0,0.25
inter_1.0,0.9295125598341732,0.1174383392527068,1.0,-0.6002080803795266,51,114,400,10,2,100,0.0,0,0.3,1.0,0.0,1.0,0.7,1.0,1.0,0.25,1.0,0.25
inter_1.0,1.0285847220602158,0.0947539299110346,1.0,0.3016732085630038,52,115,400,10,2,100,0.0,0,0.3,1.0,0.0,1.0,0.7,1.0,1.0,0.25,1.0,0.25
inter_1.0,1.0065281291503756,0.0992931803660905,1.0,0.06574599711990904,53,116,400,10,2,100,0.0,0,0.3,1.0,0.0,1.0,0.7,1.0,1.0,0.25,1.0,0.25
inter_1.0,0.8648162354830585,0.09883853091767254,1.0,-1.3677233287647979,54,117,400,10,2,100,0.0,0,0.3,1.0,0.0,1.0,0.7,1.0,1.0,0.25,1.0,0.25
inter_1.0,0.9851714308828622,0.08125824402406998,1.0,-0.1824869500348218,55,118,400,10,2,100,0.0,0,0.3,1.0,0.0,1.0,0.7,1.0,1.0,0.25,1.0,0.25
inter_1.0,0.759066716430251,0.0864736001342746,1.0,-2.7862062316780176,56,119,400,10,2,100,0.0,0,0.3,1.0,0.0,1.0,0.7,1.0,1.0,0.25,1.0,0.25
inter_1.0,0.93247699911569,0.09483065060044331,1.0,-0.7120377267979463,57,120,400,10,2,100,0.0,0,0.3,1.0,0.0,1.0,0.7,1.0,1.0,0.25,1.0,0.25
inter_1.0,0.7847255329928715,0.1001095453180282,1.0,-2.1503890195809414,58,121,400,10,2,100,0.0,0,0.3,1.0,0.0,1.0,0.7,1.0,1.0,0.25,1.0,0.25
inter_1.0,0.9206910437166713,0.08926013811255151,1.0,-0.8885148282352532,59,122,400,10,2,100,0.0,0,0.3,1.0,0.0,1.0,0.7,1.0,1.0,0.25,1.0,0.25
inter_1.0,0.9288017377856096,0.10323811228465912,1.0,-0.6896509500103506,60,123,400,10,2,100,0.0,0,0.3,1.0,0.0,1.0,0.7,1.0,1.0,0.25,1.0,0.25
inter_1.0,0.9286875066375607,0.12166736520396476,1.0,-0.5861267172416373,61,124,400,10,2,100,0.0,0,0.3,1.0,0.0,1.0,0.7,1.0,1.0,0.25,1.0,0.25
inter_1.0,0.857941690734038,0.10139988734024423,1.0,-1.400971075927231,62,125,400,10,2,100,0.0,0,0.3,1.0,0.0,1.0,0.7,1.0,1.0,0.25,1.0,0.25
inter_1.0,1.0576357251150332,0.11687235425600068,1.0,0.4931510576811538,63,126,400,10,2,100,0.0,0,0.3,1.0,0.0,1.0,0.7,1.0,1.0,0.25,1.0,0.25
inter_1.0,0.9160536322568426,0.09816885518955773,1.0,-0.8551222032798734,64,127,400,10,2,100,0.0,0,0.3,1.0,0.0,1.0,0.7,1.0,1.0,0.25,1.0,0.25
inter_1.0,1.014529185383746,0.09572248941396934,1.0,0.1517844497431718,65,128,400,10,2,100,0.0,0,0.3,1.0,0.0,1.0,0.7,1.0,1.0,0.25,1.0,0.25
inter_1.0,0.8727321924839041,0.11803656868498753,1.0,-1.0782066010046802,66,129,400,10,2,100,0.0,0,0.3,1.0,0.0,1.0,0.7,1.0,1.0,0.25,1.0,0.25
inter_1.0,0.9538719196179388,0.10700142460762287,1.0,-0.43109781529745145,67,130,400,10,2,100,0.0,0,0.3,1.0,0.0,1.0,0.7,1.0,1.0,0.25,1.0,0.25
inter_1.0,1.0772700969109874,0.10343105142474789,1.0,0.7470686592334015,68,131,400,10,2,100,0.0,0,0.3,1.0,0.0,1.0,0.7,1.0,1.0,0.25,1.0,0.25
inter_1.0,0.9180544901938092,0.11738751796375939,1.0,-0.6980768588316987,69,132,400,10,2,100,0.0,0,0.3,1.0,0.0,1.0,0.7,1.0,1.0,0.25,1.0,0.25
inter_1.0,0.824763034815666,0.12105718939542942,1.0,-1.4475552097275945,70,133,400,10,2,100,0.0,0,0.3,1.0,0.0,1.0,0.7,1.0,1.0,0.25,1.0,0.25
inter_1.0,0.8613553812248887,0.11078421468408128,1.0,-1.2514835183918422,71,134,400,10,2,100,0.0,0,0.3,1.0,0.0,1.0,0.7,1.0,1.0,0.25,1.0,0.25
inter_1.0,0.9850445631114727,0.1034245342998583,1.0,-0.14460240976446714,72,135,400,10,2,100,0.0,0,0.3,1.0,0.0,1.0,0.7,1.0,1.0,0.25,1.0,0.25
inter_1.0,1.0692882335152005,0.11436727427648918,1.0,0.6058396858151258,73,136,400,10,2,100,0.0,0,0.3,1.0,0.0,1.0,0.7,1.0,1.0,0.25,1.0,0.25
inter_1.0,1.0508672579968958,0.11968100079819206,1.0,0.42502366839887135,74,137,400,10,2,100,0.0,0,0.3,1.0,0.0,1.0,0.7,1.0,1.0,0.25,1.0,0.25
inter_1.0,0.9513288728909425,0.1264191348891682,1.0,-0.3849981029511676,75,138,400,10,2,100,0.0,0,0.3,1.0,0.0,1.0,0.7,1.0,1.0,0.25,1.0,0.25
inter_1.0,1.0798214098569028,0.09430409399276192,1.0,0.8464257115182007,76,139,400,10,2,100,0.0,0,0.3,1.0,0.0,1.0,0.7,1.0,1.0,0.25,1.0,0.25
inter_1.0,0.8320301090216227,0.10280291516678534,1.0,-1.6339020221933047,77,140,400,10,2,100,0.0,0,0.3,1.0,0.0,1.0,0.7,1.0,1.0,0.25,1.0,0.25
inter_1.0,1.0669116900147588,0.0906023551513867,1.0,0.7385204270127046,78,141,400,10,2,100,0.0,0,0.3,1.0,0.0,1.0,0.7,1.0,1.0,0.25,1.0,0.25
inter_1.0,1.0042254931674952,0.0855383644612369,1.0,0.0493988071213363,79,142,400,10,2,100,0.0,0,0.3,1.0,0.0,1.0,0.7,1.0,1.0,0.25,1.0,0.25
inter_1.0,1.0605206976615884,0.11371356091035703,1.0,0.5322205828142014,80,143,400,10,2,100,0.0,0,0.3,1.0,0.0,1.0,0.7,1.0,1.0,0.25,1.0,0.25
inter_1.0,1.0123412047708586,0.08974337565100368,1.0,0.13751660979247582,81,144,400,10,2,100,0.0,0,0.3,1.0,0.0,1.0,0.7,1.0,1.0,0.25,1.0,0.25
inter_1.0,0.8557860114377985,0.09263110646972181,1.0,-1.5568634992969719,82,145,400,10,2,100,0.0,0,0.3,1.0,0.0,1.0,0.7,1.0,1.0,0.25,1.0,0.25
inter_1.0,0.9993500862979418,0.09762229202794037,1.0,-0.0066574312952233875,83,146,400,10,2,100,0.0,0,0.3,1.0,0.0,1.0,0.7,1.0,1.0,0.25,1.0,0.25
inter_1.0,0.9143195371692768,0.1065138373944738,1.0,-0.8044068726338882,84,147,400,10,2,100,0.0,0,0.3,1.0,0.0,1.0,0.7,1.0,1.0,0.25,1.0,0.25
inter_1.0,1.0916843339975475,0.10802646270760949,1.0,0.8487210605581476,85,148,400,10,2,100,0.0,0,0.3,1.0,0.0,1.0,0.7,1.0,1.0,0.25,1.0,0.25
inter_1.0,0.8176675199166518,0.09663410531734955,1.0,-1.8868336337834601,86,149,400,10,2,100,0.0,0,0.3,1.0,0.0,1.0,0.7,1.0,1.0,0.25,1.0,0.25
inter_1.0,0.8775687459999417,0.1080629313975078,1.0,-1.1329625470708065,87,150,400,10,2,100,0.0,0,0.3,1.0,0.0,1.0,0.7,1.0,1.0,0.25,1.0,0.25
inter_1.0,0.9856535867635474,0.08816252995082575,1.0,-0.1627268777841851,88,151,400,10,2,100,0.0,0,0.3,1.0,0.0,1.0,0.7,1.0,1.0,0.25,1.0,0.25
inter_1.0,1.022119934382553,0.09645073224575675,1.0,0.2293392063234051,89,152,400,10,2,100,0.0,0,0.3,1.0,0.0,1.0,0.7,1.0,1.0,0.25,1.0,0.25
inter_1.0,1.010400019785194,0.09819991629099416,1.0,0.10590660540255135,90,153,400,10,2,100,0.0,0,0.3,1.0,0.0,1.0,0.7,1.0,1.0,0.25,1.0,0.25
inter_1.0,0.9253240673974349,0.10390789474696051,1.0,-0.7186742911538925,91,154,400,10,2,100,0.0,0,0.3,1.0,0.0,1.0,0.7,1.0,1.0,0.25,1.0,0.25
inter_1.0,1.0307894809749363,0.11424664279833989,1.0,0.26950009401399827,92,155,400,10,2,100,0.0,0,0.3,1.0,0.0,1.0,0.7,1.0,1.0,0.25,1.0,0.25
inter_1.0,1.0732613697870859,0.09948898818357631,1.0,0.7363766696662404,93,156,400,10,2,100,0.0,0,0.3,1.0,0.0,1.0,0.7,1.0,1.0,0.25,1.0,0.25
inter_1.0,1.0524705754106467,0.0910180575719346,1.0,0.5764853350026445,94,157,400,10,2,100,0.0,0,0.3,1.0,0.0,1.0,0.7,1.0,1.0,0.25,1.0,0.25
inter_1.0,0.9530628807085796,0.10508852888089323,1.0,-0.4466436041237069,95,158,400,10,2,100,0.0,0,0.3,1.0,0.0,1.0,0.7,1.0,1.0,0.25,1.0,0.25
inter_1.0,0.9501194862926053,0.11216207747497117,1.0,-0.444718168834965,96,159,400,10,2,100,0.0,0,0.3,1.0,0.0,1.0,0.7,1.0,1.0,0.25,1.0,0.25
inter_1.0,0.8416163084332929,0.08957147732714632,1.0,-1.7682380183173099,97,160,400,10,2,100,0.0,0,0.3,1.0,0.0,1.0,0.7,1.0,1.0,0.25,1.0,0.25
inter_1.0,0.8392167827545993,0.08126396558741883,1.0,-1.9785302880947875,98,161,400,10,2,100,0.0,0,0.3,1.0,0.0,1.0,0.7,1.0,1.0,0.25,1.0,0.25
inter_1.0,0.9821866645290035,0.1159005591160222,1.0,-0.1536949916968431,99,162,400,10,2,100,0.0,0,0.3,1.0,0.0,1.0,0.7,1.0,1.0,0.25,1.0,0.25
hete_0.15,0.8802188530440811,0.055119439625811166,1.0,-2.173119824313819,0,64,400,10,2,100,0.0,0,0.3,0.0,0.15,1.0,0.7,1.0,1.0,0.25,1.0,0.25
hete_0.15,1.010169007122637,0.05938498070081372,1.0,0.17123870383774795,1,65,400,10,2,100,0.0,0,0.3,0.0,0.15,1.0,0.7,1.0,1.0,0.25,1.0,0.25
hete_0.15,0.9821909909144196,0.05149643509497889,1.0,-0.34582994051401456,2,66,400,10,2,100,0.0,0,0.3,0.0,0.15,1.0,0.7,1.0,1.0,0.25,1.0,0.25
hete_0.15,0.9896023812716966,0.05232197399700506,1.0,-0.1987237470990396,3,67,400,10,2,100,0.0,0,0.3,0.0,0.15,1.0,0.7,1.0,1.0,0.25,1.0,0.25
hete_0.15,0.8967033852823891,0.04865421114399465,1.0,-2.1230765495693515,4,68,400,10,2,100,0.0,0,0.3,0.0,0.15,1.0,0.7,1.0,1.0,0.25,1.0,0.25
hete_0.15,1.0225652117225887,0.05542580066335692,1.0,0.4071246865632929,5,69,400,10,2,100,0.0,0,0.3,0.0,0.15,1.0,0.7,1.0,1.0,0.25,1.0,0.25
hete_0.15,0.9868340692868199,0.05176262773412719,1.0,-0.2543520545518933,6,70,400,10,2,100,0.0,0,0.3,0.0,0.15,1.0,0.7,1.0,1.0,0.25,1.0,0.25
hete_0.15,0.9240169058203954,0.0623036023201722,1.0,-1.2195618126402192,7,71,400,10,2,100,0.0,0,0.3,0.0,0.15,1.0,0.7,1.0,1.0,0.25,1.0,0.25
hete_0.15,0.8937018496722715,0.05666917291484028,1.0,-1.875766750424755,8,72,400,10,2,100,0.0,0,0.3,0.0,0.15,1.0,0.7,1.0,1.0,0.25,1.0,0.25
hete_0.15,1.0244888328221728,0.05683365752877317,1.0,0.43088609614425905,9,73,400,10,2,100,0.0,0,0.3,0.0,0.15,1.0,0.7,1.0,1.0,0.25,1.0,0.25
hete_0.15,0.9533375554446755,0.057010332955783324,1.0,-0.8184910021752633,10,74,400,10,2,100,0.0,0,0.3,0.0,0.15,1.0,0.7,1.0,1.0,0.25,1.0,0.25
hete_0.15,0.9454656469818906,0.05184317373790252,1.0,-1.0519100025359625,11,75,400,10,2,100,0.0,0,0.3,0.0,0.15,1.0,0.7,1.0,1.0,0.25,1.0,0.25
hete_0.15,1.0530627662796959,0.050405949049658554,1.0,1.052708406053815,12,76,400,10,2,100,0.0,0,0.3,0.0,0.15,1.0,0.7,1.0,1.0,0.25,1.0,0.25
hete_0.15,1.0163894011160564,0.05454596962135923,1.0,0.3004695164432197,13,77,400,10,2,100,0.0,0,0.3,0.0,0.15,1.0,0.7,1.0,1.0,0.25,1.0,0.25
hete_0.15,0.9289904568978712,0.05297880994646756,1.0,-1.340338583933471,14,78,400,10,2,100,0.0,0,0.3,0.0,0.15,1.0,0.7,1.0,1.0,0.25,1.0,0.25
hete_0.15,0.9396473486695837,0.04885886083463009,1.0,-1.2352447498661225,15,79,400,10,2,100,0.0,0,0.3,0.0,0.15,1.0,0.7,1.0,1.0,0.25,1.0,0.25
hete_0.15,0.9602730146899949,0.04889223807714534,1.0,-0.8125417627092721,16,80,400,10,2,100,0.0,0,0.3,0.0,0.15,1.0,0.7,1.0,1.0,0.25,1.0,0.25
hete_0.15,1.0050092033534572,0.056660072470922564,1.0,0.08840799411310149,17,81,400,10,2,100,0.0,0,0.3,0.0,0.15,1.0,0.7,1.0,1.0,0.25,1.0,0.25
hete_0.15,0.9633966846781484,0.054512628537066427,1.0,-0.671464875280464,18,82,400,10,2,100,0.0,0,0.3,0.0,0.15,1.0,0.7,1.0,1.0,0.25,1.0,0.25
hete_0.15,1.044147296268623,0.051474058191138865,1.0,0.8576610786095501,19,83,400,10,2,100,0.0,0,0.3,0.0,0.15,1.0,0.7,1.0,1.0,0.25,1.0,0.25
hete_0.15,1.030874645312989,0.046755781032711774,1.0,0.6603385641529129,20,84,400,10,2,100,0.0,0,0.3,0.0,0.15,1.0,0.7,1.0,1.0,0.25,1.0,0.25
hete_0.15,0.9189338003558718,0.05236280938484114,1.0,-1.5481636794605713,21,85,400,10,2,100,0.0,0,0.3,0.0,0.15,1.0,0.7,1.0,1.0,0.25,1.0,0.25
hete_0.15,0.9634121753281806,0.05998273239833635,1.0,-0.6099726239352545,22,86,400,10,2,100,0.0,0,0.3,0.0,0.15,1.0,0.7,1.0,1.0,0.25,1.0,0.25
hete_0.15,1.0745727576853037,0.05150125970063169,1.0,1.4479792944635297,23,87,400,10,2,100,0.0,0,0.3,0.0,0.15,1.0,0.7,1.0,1.0,0.25,1.0,0.25
hete_0.15,0.9168306880709572,0.06050951059579697,1.0,-1.3744833020483849,24,88,400,10,2,100,0.0,0,0.3,0.0,0.15,1.0,0.7,1.0,1.0,0.25,1.0,0.25
hete_0.15,1.1163631194269117,0.055685854353916285,1.0,2.0896351645672127,25,89,400,10,2,100,0.0,0,0.3,0.0,0.15,1.0,0.7,1.0,1.0,0.25,1.0,0.25
hete_0.15,0.980222440610405,0.052895553658992206,1.0,-0.3738983340092679,26,90,400,10,2,100,0.0,0,0.3,0.0,0.15,1.0,0.7,1.0,1.0,0.25,1.0,0.25
hete_0.15,1.0409033760279285,0.05499000021287348,1.0,0.7438329854443747,27,91,400,10,2,100,0.0,0,0.3,0.0,0.15,1.0,0.7,1.0,1.0,0.25,1.0,0.25
hete_0.15,0.9321160209541096,0.049779775817010825,1.0,-1.3636859132397492,28,92,400,10,2,100,0.0,0,0.3,0.0,0.15,1.0,0.7,1.0,1.0,0.25,1.0,0.25
hete_0.15,1.0674669391721843,0.054980213847139026,1.0,1.2271130730731963,29,93,400,10,2,100,0.0,0,0.3,0.0,0.15,1.0,0.7,1.0,1.0,0.25,1.0,0.25
hete_0.15,1.085285633079965,0.0600936360475665,1.0,1.4192123940122043,30,94,400,10,2,100,0.0,0,0.3,0.0,0.15,1.0,0.7,1.0,1.0,0.25,1.0,0.25
hete_0.15,1.004980792227595,0.05100055641806131,1.0,0.0976615271952439,31,95,400,10,2,100,0.0,0,0.3,0.0,0.15,1.0,0.7,1.0,1.0,0.25,1.0,0.25
hete_0.15,0.9311503935406681,0.05836958549982086,1.0,-1.1795459205298489,32,96,400,10,2,100,0.0,0,0.3,0.0,0.15,1.0,0.7,1.0,1.0,0.25,1.0,0.25
hete_0.15,1.013568186674884,0.054910425232775145,1.0,0.24709673285839695,33,97,400,10,2,100,0.0,0,0.3,0.0,0.15,1.0,0.7,1.0,1.0,0.25,1.0,0.25
hete_0.15,0.9355891863287805,0.04932184405624039,1.0,-1.3059287401698432,34,98,400,10,2,100,0.0,0,0.3,0.0,0.15,1.0,0.7,1.0,1.0,0.25,1.0,0.25
hete_0.15,0.9759149167607933,0.05332702913557843,1.0,-0.4516486972858143,35,99,400,10,2,100,0.0,0,0.3,0.0,0.15,1.0,0.7,1.0,1.0,0.25,1.0,0.25
hete_0.15,0.9815316008691162,0.04818686683730472,1.0,-0.38326623711061014,36,100,400,10,2,100,0.0,0,0.3,0.0,0.15,1.0,0.7,1.0,1.0,0.25,1.0,0.25
hete_0.15,1.0410255347961606,0.04556885683362755,1.0,0.9002976516603277,37,101,400,10,2,100,0.0,0,0.3,0.0,0.15,1.0,0.7,1.0,1.0,0.25,1.0,0.25
hete_0.15,0.9935806531010457,0.05393715614931444,1.0,-0.11901530145904594,38,102,400,10,2,100,0.0,0,0.3,0.0,0.15,1.0,0.7,1.0,1.0,0.25,1.0,0.25
hete_0.15,0.8579287627674076,0.045476939695750375,1.0,-3.124028093866403,39,103,400,10,2,100,0.0,0,0.3,0.0,0.15,1.0,0.7,1.0,1.0,0.25,1.0,0.25
hete_0.15,0.9961387243372231,0.05674830180779033,1.0,-0.0680421358837362,40,104,400,10,2,100,0.0,0,0.3,0.0,0.15,1.0,0.7,1.0,1.0,0.25,1.0,0.25
hete_0.15,0.9840444661523784,0.05147708203687061,1.0,-0.3099541235883069,41,105,400,10,2,100,0.0,0,0.3,0.0,0.15,1.0,0.7,1.0,1.0,0.25,1.0,0.25
hete_0.15,1.0142136371260826,0.05472782994733205,1.0,0.25971497754910516,42,106,400,10,2,100,0.0,0,0.3,0.0,0.15,1.0,0.7,1.0,1.0,0.25,1.0,0.25
hete_0.15,0.8538981978558694,0.04714530836691372,1.0,-3.098968003498391,43,107,400,10,2,100,0.0,0,0.3,0.0,0.15,1.0,0.7,1.0,1.0,0.25,1.0,0.25
hete_0.15,0.975519308049983,0.04662393604902786,1.0,-0.5250670369029782,44,108,400,10,2,100,0.0,0,0.3,0.0,0.15,1.0,0.7,1.0,1.0,0.25,1.0,0.25
hete_0.15,0.8579811442180104,0.052202505334763664,1.0,-2.7205371633267905,45,109,400,10,2,100,0.0,0,0.3,0.0,0.15,1.0,0.7,1.0,1.0,0.25,1.0,0.25
hete_0.15,1.0620620910629999,0.05032517457746987,1.0,1.2332215751673619,46,110,400,10,2,100,0.0,0,0.3,0.0,0.15,1.0,0.7,1.0,1.0,0.25,1.0,0.25
hete_0.15,0.9412960239308803,0.05049844187768893,1.0,-1.1624908390501474,47,111,400,10,2,100,0.0,0,0.3,0.0,0.15,1.0,0.7,1.0,1.0,0.25,1.0,0.25
hete_0.15,0.9025878581199507,0.052227864816770504,1.0,-1.8651373595646212,48,112,400,10,2,100,0.0,0,0.3,0.0,0.15,1.0,0.7,1.0,1.0,0.25,1.0,0.25
hete_0.15,0.9512302064012781,0.05475530468390825,1.0,-0.8906861879458159,49,113,400,10,2,100,0.0,0,0.3,0.0,0.15,1.0,0.7,1.0,1.0,0.25,1.0,0.25
hete_0.15,0.8734404195380738,0.04994259783014643,1.0,-2.534100867006403,50,114,400,10,2,100,0.0,0,0.3,0.0,0.15,1.0,0.7,1.0,1.0,0.25,1.0,0.25
hete_0.15,1.0572618120758293,0.05077079032952369,1.0,1.127849531279228,51,115,400,10,2,100,0.0,0,0.3,0.0,0.15,1.0,0.7,1.0,1.0,0.25,1.0,0.25
hete_0.15,0.9667304211502348,0.05481811331444843,1.0,-0.6069084986366423,52,116,400,10,2,100,0.0,0,0.3,0.0,0.15,1.0,0.7,1.0,1.0,0.25,1.0,0.25
hete_0.15,0.883835162240629,0.047473476526522354,1.0,-2.446941876996777,53,117,400,10,2,100,0.0,0,0.3,0.0,0.15,1.0,0.7,1.0,1.0,0.25,1.0,0.25
hete_0.15,0.8881445362618303,0.04336008575484336,1.0,-2.579687327432818,54,118,400,10,2,100,0.0,0,0.3,0.0,0.15,1.0,0.7,1.0,1.0,0.25,1.0,0.25
hete_0.15,0.9062095519279224,0.044454674387302245,1.0,-2.1097994612433224,55,119,400,10,2,100,0.0,0,0.3,0.0,0.15,1.0,0.7,1.0,1.0,0.25,1.0,0.25
hete_0.15,0.9432123106243493,0.05329691535097966,1.0,-1.065496736568768,56,120,400,10,2,100,0.0,0,0.3,0.0,0.15,1.0,0.7,1.0,1.0,0.25,1.0,0.25
hete_0.15,0.9823674079083136,0.051535593152126226,1.0,-0.34214396329227004,57,121,400,10,2,100,0.0,0,0.3,0.0,0.15,1.0,0.7,1.0,1.0,0.25,1.0,0.25
hete_0.15,0.9838736619358981,0.04719942888083327,1.0,-0.34166383887434043,58,122,400,10,2,100,0.0,0,0.3,0.0,0.15,1.0,0.7,1.0,1.0,0.25,1.0,0.25
hete_0.15,0.9504431255031264,0.05277428985206009,1.0,-0.9390344168684087,59,123,400,10,2,100,0.0,0,0.3,0.0,0.15,1.0,0.7,1.0,1.0,0.25,1.0,0.25
hete_0.15,0.9184019977754948,0.05171087396164613,1.0,-1.5779660248060456,60,124,400,10,2,100,0.0,0,0.3,0.0,0.15,1.0,0.7,1.0,1.0,0.25,1.0,0.25
hete_0.15,1.034863604540882,0.05691199387740959,1.0,0.6125880006239023,61,125,400,10,2,100,0.0,0,0.3,0.0,0.15,1.0,0.7,1.0,1.0,0.25,1.0,0.25
hete_0.15,1.0413879355175886,0.05462508516617115,1.0,0.7576726954600661,62,126,400,10,2,100,0.0,0,0.3,0.0,0.15,1.0,0.7,1.0,1.0,0.25,1.0,0.25
hete_0.15,0.9977639895356271,0.04725302246101751,1.0,-0.04731994585568762,63,127,400,10,2,100,0.0,0,0.3,0.0,0.15,1.0,0.7,1.0,1.0,0.25,1.0,0.25
hete_0.15,1.0428368162773634,0.05089998861893043,1.0,0.8415879342934025,64,128,400,10,2,100,0.0,0,0.3,0.0,0.15,1.0,0.7,1.0,1.0,0.25,1.0,0.25
hete_0.15,0.9224032402843796,0.05654188960113389,1.0,-1.372376485169047,65,129,400,10,2,100,0.0,0,0.3,0.0,0.15,1.0,0.7,1.0,1.0,0.25,1.0,0.25
hete_0.15,0.9984220706699559,0.056385293369751406,1.0,-0.027984767582863744,66,130,400,10,2,100,0.0,0,0.3,0.0,0.15,1.0,0.7,1.0,1.0,0.25,1.0,0.25
hete_0.15,0.9884120368652239,0.05080679116769531,1.0,-0.22807901991937013,67,131,400,10,2,100,0.0,0,0.3,0.0,0.15,1.0,0.7,1.0,1.0,0.25,1.0,0.25
hete_0.15,0.8882320156104199,0.05550163556652399,1.0,-2.0137782111955165,68,132,400,10,2,100,0.0,0,0.3,0.0,0.15,1.0,0.7,1.0,1.0,0.25,1.0,0.25
hete_0.15,0.9857501195763996,0.05032142926016313,1.0,-0.2831771798437633,69,133,400,10,2,100,0.0,0,0.3,0.0,0.15,1.0,0.7,1.0,1.0,0.25,1.0,0.25
hete_0.15,0.8910328100855438,0.05888170566262502,1.0,-1.850611980210057,70,134,400,10,2,100,0.0,0,0.3,0.0,0.15,1.0,0.7,1.0,1.0,0.25,1.0,0.25
hete_0.15,1.008720713535356,0.053802506763603264,1.0,0.1620874948015513,71,135,400,10,2,100,0.0,0,0.3,0.0,0.15,1.0,0.7,1.0,1.0,0.25,1.0,0.25
hete_0.15,1.025285874274275,0.06223173155550858,1.0,0.4063180252620938,72,136,400,10,2,100,0.0,0,0.3,0.0,0.15,1.0,0.7,1.0,1.0,0.25,1.0,0.25
hete_0.15,0.9927525005312657,0.05302628597882629,1.0,-0.13667748617408795,73,137,400,10,2,100,0.0,0,0.3,0.0,0.15,1.0,0.7,1.0,1.0,0.25,1.0,0.25
hete_0.15,0.9388333853623615,0.053422035342533175,1.0,-1.1449697535005616,74,138,400,10,2,100,0.0,0,0.3,0.0,0.15,1.0,0.7,1.0,1.0,0.25,1.0,0.25
hete_0.15,1.0042593829715378,0.054084019408228365,1.0,0.07875492646705552,75,139,400,10,2,100,0.0,0,0.3,0.0,0.15,1.0,0.7,1.0,1.0,0.25,1.0,0.25
hete_0.15,0.9247083839799562,0.0464108271858709,1.0,-1.622285586906436,76,140,400,10,2,100,0.0,0,0.3,0.0,0.15,1.0,0.7,1.0,1.0,0.25,1.0,0.25
hete_0.15,1.0439997191530273,0.047016521530864476,1.0,0.9358352706748666,77,141,400,10,2,100,0.0,0,0.3,0.0,0.15,1.0,0.7,1.0,1.0,0.25,1.0,0.25
hete_0.15,1.0090086577861945,0.04924675430524045,1.0,0.18292896482796023,78,142,400,10,2,100,0.0,0,0.3,0.0,0.15,1.0,0.7,1.0,1.0,0.25,1.0,0.25
hete_0.15,1.0312330122104132,0.060582727379269695,1.0,0.5155431846916249,79,143,400,10,2,100,0.0,0,0.3,0.0,0.15,1.0,0.7,1.0,1.0,0.25,1.0,0.25
hete_0.15,1.0032633654521375,0.04943854328018768,1.0,0.06600852767126815,80,144,400,10,2,100,0.0,0,0.3,0.0,0.15,1.0,0.7,1.0,1.0,0.25,1.0,0.25
hete_0.15,0.9410184705782005,0.04571063227355522,1.0,-1.2903240775324343,81,145,400,10,2,100,0.0,0,0.3,0.0,0.15,1.0,0.7,1.0,1.0,0.25,1.0,0.25
hete_0.15,0.997793313897664,0.05117812710665266,1.0,-0.043117758055846056,82,146,400,10,2,100,0.0,0,0.3,0.0,0.15,1.0,0.7,1.0,1.0,0.25,1.0,0.25
hete_0.15,0.9706388303982493,0.05261959169966745,1.0,-0.5579893087983859,83,147,400,10,2,100,0.0,0,0.3,0.0,0.15,1.0,0.7,1.0,1.0,0.25,1.0,0.25
hete_0.15,1.039546582313287,0.055440784125174454,1.0,0.7133121029457042,84,148,400,10,2,100,0.0,0,0.3,0.0,0.15,1.0,0.7,1.0,1.0,0.25,1.0,0.25
hete_0.15,0.8838313357335694,0.04961490269297692,1.0,-2.3414066734202112,85,149,400,10,2,100,0.0,0,0.3,0.0,0.15,1.0,0.7,1.0,1.0,0.25,1.0,0.25
hete_0.15,1.0135006938762514,0.05273576005132065,1.0,0.2560064340233837,86,150,400,10,2,100,0.0,0,0.3,0.0,0.15,1.0,0.7,1.0,1.0,0.25,1.0,0.25
hete_0.15,1.0564163705727534,0.049744984489686464,1.0,1.1341117331024617,87,151,400,10,2,100,0.0,0,0.3,0.0,0.15,1.0,0.7,1.0,1.0,0.25,1.0,0.25
hete_0.15,1.0065511756020356,0.04233952941309621,1.0,0.15472953272856127,88,152,400,10,2,100,0.0,0,0.3,0.0,0.15,1.0,0.7,1.0,1.0,0.25,1.0,0.25
hete_0.15,0.9756146389103513,0.05235511005673183,1.0,-0.4657685002137294,89,153,400,10,2,100,0.0,0,0.3,0.0,0.15,1.0,0.7,1.0,1.0,0.25,1.0,0.25
hete_0.15,1.0028978989367436,0.0514768771594123,1.0,0.05629515807203099,90,154,400,10,2,100,0.0,0,0.3,0.0,0.15,1.0,0.7,1.0,1.0,0.25,1.0,0.25
hete_0.15,0.9873518661217646,0.05266750833015598,1.0,-0.2401506028906517,91,155,400,10,2,100,0.0,0,0.3,0.0,0.15,1.0,0.7,1.0,1.0,0.25,1.0,0.25
hete_0.15,0.9542604402679458,0.05287002557386138,1.0,-0.8651321658272016,92,156,400,10,2,100,0.0,0,0.3,0.0,0.15,1.0,0.7,1.0,1.0,0.25,1.0,0.25
hete_0.15,0.9772888320769091,0.05090745438478267,1.0,-0.4461265682512652,93,157,400,10,2,100,0.0,0,0.3,0.0,0.15,1.0,0.7,1.0,1.0,0.25,1.0,0.25
hete_0.15,0.9346668355249131,0.0521287331489054,1.0,-1.2533042820830325,94,158,400,10,2,100,0.0,0,0.3,0.0,0.15,1.0,0.7,1.0,1.0,0.25,1.0,0.25
hete_0.15,0.9345347591714661,0.055905092311163904,1.0,-1.1710067566682272,95,159,400,10,2,100,0.0,0,0.3,0.0,0.15,1.0,0.7,1.0,1.0,0.25,1.0,0.25
hete_0.15,0.9048262094767126,0.05190501893534337,1.0,-1.8336144071509304,96,160,400,10,2,100,0.0,0,0.3,0.0,0.15,1.0,0.7,1.0,1.0,0.25,1.0,0.25
hete_0.15,0.9429306457909153,0.04895495306667329,1.0,-1.1657524036711895,97,161,400,10,2,100,0.0,0,0.3,0.0,0.15,1.0,0.7,1.0,1.0,0.25,1.0,0.25
hete_0.15,1.0036738773406655,0.051211404277663373,1.0,0.07173943758202907,98,162,400,10,2,100,0.0,0,0.3,0.0,0.15,1.0,0.7,1.0,1.0,0.25,1.0,0.25
hete_0.15,0.9764394413526292,0.051127883333767034,1.0,-0.46081623394353266,99,163,400,10,2,100,0.0,0,0.3,0.0,0.15,1.0,0.7,1.0,1.0,0.25,1.0,0.25
hete_0.3,1.0085101470092535,0.06583407016978698,1.0,0.12926660902638507,0,65,400,10,2,100,0.0,0,0.3,0.0,0.3,1.0,0.7,1.0,1.0,0.25,1.0,0.25
hete_0.3,0.9799120559425974,0.05574454123282809,1.0,-0.3603571509092035,1,66,400,10,2,100,0.0,0,0.3,0.0,0.3,1.0,0.7,1.0,1.0,0.25,1.0,0.25
hete_0.3,0.9725655352179003,0.0568653637433031,1.0,-0.4824459561349512,2,67,400,10,2,100,0.0,0,0.3,0.0,0.3,1.0,0.7,1.0,1.0,0.25,1.0,0.25
hete_0.3,0.9231587964484695,0.05246042332915459,1.0,-1.464746158630908,3,68,400,10,2,100,0.0,0,0.3,0.0,0.3,1.0,0.7,1.0,1.0,0.25,1.0,0.25
hete_0.3,1.0331798976990068,0.060933145643439574,1.0,0.54452953886813,4,69,400,10,2,100,0.0,0,0.3,0.0,0.3,1.0,0.7,1.0,1.0,0.25,1.0,0.25
hete_0.3,0.9773449328191001,0.0568313747111852,1.0,-0.39863662098677166,5,70,400,10,2,100,0.0,0,0.3,0.0,0.3,1.0,0.7,1.0,1.0,0.25,1.0,0.25
hete_0.3,0.9065453166412031,0.06716736916015756,1.0,-1.3913703116160236,6,71,400,10,2,100,0.0,0,0.3,0.0,0.3,1.0,0.7,1.0,1.0,0.25,1.0,0.25
hete_0.3,0.8747085775657372,0.06054508109345219,1.0,-2.0693906122757313,7,72,400,10,2,100,0.0,0,0.3,0.0,0.3,1.0,0.7,1.0,1.0,0.25,1.0,0.25
hete_0.3,1.0165571997906264,0.06156096925924335,1.0,0.2689561257702317,8,73,400,10,2,100,0.0,0,0.3,0.0,0.3,1.0,0.7,1.0,1.0,0.25,1.0,0.25
hete_0.3,0.9744288187139598,0.06364787467500205,1.0,-0.40176017528647145,9,74,400,10,2,100,0.0,0,0.3,0.0,0.3,1.0,0.7,1.0,1.0,0.25,1.0,0.25
hete_0.3,0.9601477671003448,0.05940026178087497,1.0,-0.6709100550207744,10,75,400,10,2,100,0.0,0,0.3,0.0,0.3,1.0,0.7,1.0,1.0,0.25,1.0,0.25
hete_0.3,1.0680816236318833,0.05626847777321002,1.0,1.2099425171280827,11,76,400,10,2,100,0.0,0,0.3,0.0,0.3,1.0,0.7,1.0,1.0,0.25,1.0,0.25
hete_0.3,1.0240309341242269,0.06003217297528127,1.0,0.40030092087657376,12,77,400,10,2,100,0.0,0,0.3,0.0,0.3,1.0,0.7,1.0,1.0,0.25,1.0,0.25
hete_0.3,0.9056422583731718,0.05651746677357425,1.0,-1.6695323943808968,13,78,400,10,2,100,0.0,0,0.3,0.0,0.3,1.0,0.7,1.0,1.0,0.25,1.0,0.25
hete_0.3,0.9455890861712869,0.05758996465138044,1.0,-0.944798527974246,14,79,400,10,2,100,0.0,0,0.3,0.0,0.3,1.0,0.7,1.0,1.0,0.25,1.0,0.25
hete_0.3,0.9441286848032968,0.060708831488168476,1.0,-0.9203161027336184,15,80,400,10,2,100,0.0,0,0.3,0.0,0.3,1.0,0.7,1.0,1.0,0.25,1.0,0.25
hete_0.3,0.9929064938174548,0.06334335497300207,1.0,-0.11198500909161808,16,81,400,10,2,100,0.0,0,0.3,0.0,0.3,1.0,0.7,1.0,1.0,0.25,1.0,0.25
hete_0.3,0.9620402996090542,0.05632330851616428,1.0,-0.6739607702564502,17,82,400,10,2,100,0.0,0,0.3,0.0,0.3,1.0,0.7,1.0,1.0,0.25,1.0,0.25
hete_0.3,1.0252296863101389,0.057798666225579304,1.0,0.4365098359133635,18,83,400,10,2,100,0.0,0,0.3,0.0,0.3,1.0,0.7,1.0,1.0,0.25,1.0,0.25
hete_0.3,1.0239019982461286,0.053098149828627574,1.0,0.45014747826942114,19,84,400,10,2,100,0.0,0,0.3,0.0,0.3,1.0,0.7,1.0,1.0,0.25,1.0,0.25
hete_0.3,0.9174324087050327,0.05865449498242358,1.0,-1.407694181319087,20,85,400,10,2,100,0.0,0,0.3,0.0,0.3,1.0,0.7,1.0,1.0,0.25,1.0,0.25
hete_0.3,0.9698554947338001,0.06763902668844993,1.0,-0.44566734239165845,21,86,400,10,2,100,0.0,0,0.3,0.0,0.3,1.0,0.7,1.0,1.0,0.25,1.0,0.25
hete_0.3,1.0916788947501812,0.05822826131771516,1.0,1.5744741930374133,22,87,400,10,2,100,0.0,0,0.3,0.0,0.3,1.0,0.7,1.0,1.0,0.25,1.0,0.25
hete_0.3,0.9192240427961251,0.06317966000069587,1.0,-1.278512059149815,23,88,400,10,2,100,0.0,0,0.3,0.0,0.3,1.0,0.7,1.0,1.0,0.25,1.0,0.25
hete_0.3,1.1042571416467513,0.06356681430814795,1.0,1.6401190272231032,24,89,400,10,2,100,0.0,0,0.3,0.0,0.3,1.0,0.7,1.0,1.0,0.25,1.0,0.25
hete_0.3,0.9750873134705772,0.058412317296483905,1.0,-0.42649714448021747,25,90,400,10,2,100,0.0,0,0.3,0.0,0.3,1.0,0.7,1.0,1.0,0.25,1.0,0.25
hete_0.3,1.0505105484308364,0.06239648429379027,1.0,0.809509526097822,26,91,400,10,2,100,0.0,0,0.3,0.0,0.3,1.0,0.7,1.0,1.0,0.25,1.0,0.25
hete_0.3,0.9193821800932569,0.05575563028678678,1.0,-1.4459135246444927,27,92,400,10,2,100,0.0,0,0.3,0.0,0.3,1.0,0.7,1.0,1.0,0.25,1.0,0.25
hete_0.3,1.0753805705273296,0.05875331912640053,1.0,1.2830010567600036,28,93,400,10,2,100,0.0,0,0.3,0.0,0.3,1.0,0.7,1.0,1.0,0.25,1.0,0.25
hete_0.3,1.0762047736250584,0.06297030113724207,1.0,1.2101700682512562,29,94,400,10,2,100,0.0,0,0.3,0.0,0.3,1.0,0.7,1.0,1.0,0.25,1.0,0.25
hete_0.3,1.038389099759531,0.05621956473434306,1.0,0.6828423510735613,30,95,400,10,2,100,0.0,0,0.3,0.0,0.3,1.0,0.7,1.0,1.0,0.25,1.0,0.25
hete_0.3,0.9045609272835748,0.06393011282753952,1.0,-1.4928657012366846,31,96,400,10,2,100,0.0,0,0.3,0.0,0.3,1.0,0.7,1.0,1.0,0.25,1.0,0.25
hete_0.3,1.0190656926753592,0.05922098084752301,1.0,0.32194152144233906,32,97,400,10,2,100,0.0,0,0.3,0.0,0.3,1.0,0.7,1.0,1.0,0.25,1.0,0.25
hete_0.3,0.9438614169429899,0.057199534803978665,1.0,-0.981451741686285,33,98,400,10,2,100,0.0,0,0.3,0.0,0.3,1.0,0.7,1.0,1.0,0.25,1.0,0.25
hete_0.3,0.9794484970490211,0.06848589291421331,1.0,-0.3000837409935217,34,99,400,10,2,100,0.0,0,0.3,0.0,0.3,1.0,0.7,1.0,1.0,0.25,1.0,0.25
hete_0.3,0.9792535567063464,0.05551110641677345,1.0,-0.37373499886474576,35,100,400,10,2,100,0.0,0,0.3,0.0,0.3,1.0,0.7,1.0,1.0,0.25,1.0,0.25
hete_0.3,1.042755272942473,0.049486179980182746,1.0,0.8639841054531737,36,101,400,10,2,100,0.0,0,0.3,0.0,0.3,1.0,0.7,1.0,1.0,0.25,1.0,0.25
hete_0.3,1.0023720857502985,0.06105003708642647,1.0,0.03885477984133534,37,102,400,10,2,100,0.0,0,0.3,0.0,0.3,1.0,0.7,1.0,1.0,0.25,1.0,0.25
hete_0.3,0.8209488033681185,0.04742147497617289,1.0,-3.7757407740237205,38,103,400,10,2,100,0.0,0,0.3,0.0,0.3,1.0,0.7,1.0,1.0,0.25,1.0,0.25
hete_0.3,0.9729859819593522,0.06717883047064022,1.0,-0.40212099334557533,39,104,400,10,2,100,0.0,0,0.3,0.0,0.3,1.0,0.7,1.0,1.0,0.25,1.0,0.25
hete_0.3,1.0053009578343453,0.05814699455606468,1.0,0.09116477772955454,40,105,400,10,2,100,0.0,0,0.3,0.0,0.3,1.0,0.7,1.0,1.0,0.25,1.0,0.25
hete_0.3,1.0095929746426113,0.06295796002626959,1.0,0.1523711161957694,41,106,400,10,2,100,0.0,0,0.3,0.0,0.3,1.0,0.7,1.0,1.0,0.25,1.0,0.25
hete_0.3,0.841095032713632,0.0510637805177638,1.0,-3.111891945232865,42,107,400,10,2,100,0.0,0,0.3,0.0,0.3,1.0,0.7,1.0,1.0,0.25,1.0,0.25
hete_0.3,0.947537965797475,0.05276932737301839,1.0,-0.9941766706950586,43,108,400,10,2,100,0.0,0,0.3,0.0,0.3,1.0,0.7,1.0,1.0,0.25,1.0,0.25
hete_0.3,0.8460629219908299,0.05854040837160299,1.0,-2.6295866785214046,44,109,400,10,2,100,0.0,0,0.3,0.0,0.3,1.0,0.7,1.0,1.0,0.25,1.0,0.25
hete_0.3,1.0450842690770017,0.054064875658987765,1.0,0.8338920329969698,45,110,400,10,2,100,0.0,0,0.3,0.0,0.3,1.0,0.7,1.0,1.0,0.25,1.0,0.25
hete_0.3,0.9223947283992462,0.05445968201032884,1.0,-1.425004126649788,46,111,400,10,2,100,0.0,0,0.3,0.0,0.3,1.0,0.7,1.0,1.0,0.25,1.0,0.25
hete_0.3,0.8878856435822243,0.056636115564853935,1.0,-1.979555894672785,47,112,400,10,2,100,0.0,0,0.3,0.0,0.3,1.0,0.7,1.0,1.0,0.25,1.0,0.25
hete_0.3,0.9584984654414961,0.058581253707392124,1.0,-0.7084439463484375,48,113,400,10,2,100,0.0,0,0.3,0.0,0.3,1.0,0.7,1.0,1.0,0.25,1.0,0.25
hete_0.3,0.8982498453937794,0.05701262732267475,1.0,-1.7846950646625102,49,114,400,10,2,100,0.0,0,0.3,0.0,0.3,1.0,0.7,1.0,1.0,0.25,1.0,0.25
hete_0.3,1.0417135531185338,0.05536587781008966,1.0,0.7534162695228149,50,115,400,10,2,100,0.0,0,0.3,0.0,0.3,1.0,0.7,1.0,1.0,0.25,1.0,0.25
hete_0.3,0.9768965958776139,0.059754546752313675,1.0,-0.3866384296771783,51,116,400,10,2,100,0.0,0,0.3,0.0,0.3,1.0,0.7,1.0,1.0,0.25,1.0,0.25
hete_0.3,0.882637936798491,0.05305266415319528,1.0,-2.2121803885779117,52,117,400,10,2,100,0.0,0,0.3,0.0,0.3,1.0,0.7,1.0,1.0,0.25,1.0,0.25
hete_0.3,0.8942054244665036,0.04685579092297435,1.0,-2.257876208031804,53,118,400,10,2,100,0.0,0,0.3,0.0,0.3,1.0,0.7,1.0,1.0,0.25,1.0,0.25
hete_0.3,0.8777002160763413,0.04814922065403546,1.0,-2.5400158561737505,54,119,400,10,2,100,0.0,0,0.3,0.0,0.3,1.0,0.7,1.0,1.0,0.25,1.0,0.25
hete_0.3,0.9401240152385875,0.057403867130364085,1.0,-1.0430653500300646,55,120,400,10,2,100,0.0,0,0.3,0.0,0.3,1.0,0.7,1.0,1.0,0.25,1.0,0.25
hete_0.3,0.9598530150963173,0.056243812948981925,1.0,-0.7138026886637215,56,121,400,10,2,100,0.0,0,0.3,0.0,0.3,1.0,0.7,1.0,1.0,0.25,1.0,0.25
hete_0.3,0.9807774052130885,0.0516357343682855,1.0,-0.3722730977312858,57,122,400,10,2,100,0.0,0,0.3,0.0,0.3,1.0,0.7,1.0,1.0,0.25,1.0,0.25
hete_0.3,0.9412634629367673,0.05865215741478696,1.0,-1.0014386452632762,58,123,400,10,2,100,0.0,0,0.3,0.0,0.3,1.0,0.7,1.0,1.0,0.25,1.0,0.25
hete_0.3,0.9307564508580517,0.059487420988642264,1.0,-1.164003212631604,59,124,400,10,2,100,0.0,0,0.3,0.0,0.3,1.0,0.7,1.0,1.0,0.25,1.0,0.25
hete_0.3,1.0160133614392675,0.060900833203041155,1.0,0.26294158219280017,60,125,400,10,2,100,0.0,0,0.3,0.0,0.3,1.0,0.7,1.0,1.0,0.25,1.0,0.25
hete_0.3,1.0429395086133932,0.062053095557761485,1.0,0.6919801216592562,61,126,400,10,2,100,0.0,0,0.3,0.0,0.3,1.0,0.7,1.0,1.0,0.25,1.0,0.25
hete_0.3,0.972496627970934,0.05355723194792866,1.0,-0.5135323658214146,62,127,400,10,2,100,0.0,0,0.3,0.0,0.3,1.0,0.7,1.0,1.0,0.25,1.0,0.25
hete_0.3,1.0488143772197684,0.053910361387469824,1.0,0.9054730104464516,63,128,400,10,2,100,0.0,0,0.3,0.0,0.3,1.0,0.7,1.0,1.0,0.25,1.0,0.25
hete_0.3,0.908732188220033,0.062415081336091624,1.0,-1.4622717751261065,64,129,400,10,2,100,0.0,0,0.3,0.0,0.3,1.0,0.7,1.0,1.0,0.25,1.0,0.25
hete_0.3,0.9825426894628476,0.06131913504355422,1.0,-0.284695968473017,65,130,400,10,2,100,0.0,0,0.3,0.0,0.3,1.0,0.7,1.0,1.0,0.25,1.0,0.25
hete_0.3,0.9932042836864271,0.05658642146880886,1.0,-0.12009447031950556,66,131,400,10,2,100,0.0,0,0.3,0.0,0.3,1.0,0.7,1.0,1.0,0.25,1.0,0.25
hete_0.3,0.8866549755496859,0.06336618991762745,1.0,-1.788730308665495,67,132,400,10,2,100,0.0,0,0.3,0.0,0.3,1.0,0.7,1.0,1.0,0.25,1.0,0.25
hete_0.3,0.9582198198697163,0.05983460394448863,1.0,-0.6982611628723265,68,133,400,10,2,100,0.0,0,0.3,0.0,0.3,1.0,0.7,1.0,1.0,0.25,1.0,0.25
hete_0.3,0.883819060422161,0.06597050893875848,1.0,-1.7611041880197063,69,134,400,10,2,100,0.0,0,0.3,0.0,0.3,1.0,0.7,1.0,1.0,0.25,1.0,0.25
hete_0.3,0.9967473092292718,0.059391197736451615,1.0,-0.05476721963348876,70,135,400,10,2,100,0.0,0,0.3,0.0,0.3,1.0,0.7,1.0,1.0,0.25,1.0,0.25
hete_0.3,1.0277495757273365,0.06942321236776519,1.0,0.3997161004353245,71,136,400,10,2,100,0.0,0,0.3,0.0,0.3,1.0,0.7,1.0,1.0,0.25,1.0,0.25
hete_0.3,1.0125665736956977,0.05932094339032109,1.0,0.21184042224365696,72,137,400,10,2,100,0.0,0,0.3,0.0,0.3,1.0,0.7,1.0,1.0,0.25,1.0,0.25
hete_0.3,0.940478521133705,0.06242803724752318,1.0,-0.9534414582072497,73,138,400,10,2,100,0.0,0,0.3,0.0,0.3,1.0,0.7,1.0,1.0,0.25,1.0,0.25
hete_0.3,1.0124201619595985,0.055731438769190164,1.0,0.2228573716001873,74,139,400,10,2,100,0.0,0,0.3,0.0,0.3,1.0,0.7,1.0,1.0,0.25,1.0,0.25
hete_0.3,0.9058308356059881,0.05215414965317812,1.0,-1.8055929397800758,75,140,400,10,2,100,0.0,0,0.3,0.0,0.3,1.0,0.7,1.0,1.0,0.25,1.0,0.25
hete_0.3,1.047750102373212,0.05206595731304947,1.0,0.917107930737006,76,141,400,10,2,100,0.0,0,0.3,0.0,0.3,1.0,0.7,1.0,1.0,0.25,1.0,0.25
hete_0.3,0.9970786190234943,0.05295181165809097,1.0,-0.055170557626414186,77,142,400,10,2,100,0.0,0,0.3,0.0,0.3,1.0,0.7,1.0,1.0,0.25,1.0,0.25
hete_0.3,1.0310272677288017,0.06959210333703865,1.0,0.4458446611181563,78,143,400,10,2,100,0.0,0,0.3,0.0,0.3,1.0,0.7,1.0,1.0,0.25,1.0,0.25
hete_0.3,1.0042391596502012,0.05274804424650303,1.0,0.0803661957662478,79,144,400,10,2,100,0.0,0,0.3,0.0,0.3,1.0,0.7,1.0,1.0,0.25,1.0,0.25
hete_0.3,0.9198333145526266,0.048768212842077184,1.0,-1.6438306998653354,80,145,400,10,2,100,0.0,0,0.3,0.0,0.3,1.0,0.7,1.0,1.0,0.25,1.0,0.25
hete_0.3,1.0030213402733308,0.055813892700380306,1.0,0.05413240552043056,81,146,400,10,2,100,0.0,0,0.3,0.0,0.3,1.0,0.7,1.0,1.0,0.25,1.0,0.25
hete_0.3,0.9411751878566154,0.05865482084729058,1.0,-1.0028981641003838,82,147,400,10,2,100,0.0,0,0.3,0.0,0.3,1.0,0.7,1.0,1.0,0.25,1.0,0.25
hete_0.3,1.0400086315554877,0.06253943622516937,1.0,0.6397344455015412,83,148,400,10,2,100,0.0,0,0.3,0.0,0.3,1.0,0.7,1.0,1.0,0.25,1.0,0.25
hete_0.3,0.8793439921379463,0.0556695795524309,1.0,-2.1673597830645916,84,149,400,10,2,100,0.0,0,0.3,0.0,0.3,1.0,0.7,1.0,1.0,0.25,1.0,0.25
hete_0.3,0.9816199836028083,0.06017667122185474,1.0,-0.3054342492529976,85,150,400,10,2,100,0.0,0,0.3,0.0,0.3,1.0,0.7,1.0,1.0,0.25,1.0,0.25
hete_0.3,1.052310086231288,0.05340012873718592,1.0,0.9795872682018669,86,151,400,10,2,100,0.0,0,0.3,0.0,0.3,1.0,0.7,1.0,1.0,0.25,1.0,0.25
hete_0.3,1.0243055635945058,0.04856122446460566,1.0,0.5005138124600031,87,152,400,10,2,100,0.0,0,0.3,0.0,0.3,1.0,0.7,1.0,1.0,0.25,1.0,0.25
hete_0.3,0.9776915772356164,0.056333979118183095,1.0,-0.3960029650592008,88,153,400,10,2,100,0.0,0,0.3,0.0,0.3,1.0,0.7,1.0,1.0,0.25,1.0,0.25
hete_0.3,0.9751899924687379,0.054866541113648346,1.0,-0.45218829231227836,89,154,400,10,2,100,0.0,0,0.3,0.0,0.3,1.0,0.7,1.0,1.0,0.25,1.0,0.25
hete_0.3,1.0000547426436455,0.05857741091891456,1.0,0.0009345350500595521,90,155,400,10,2,100,0.0,0,0.3,0.0,0.3,1.0,0.7,1.0,1.0,0.25,1.0,0.25
hete_0.3,0.9679699422219464,0.05635372296125025,1.0,-0.5683751861448083,91,156,400,10,2,100,0.0,0,0.3,0.0,0.3,1.0,0.7,1.0,1.0,0.25,1.0,0.25
hete_0.3,0.9767947922346707,0.05276419741469744,1.0,-0.4397907843257653,92,157,400,10,2,100,0.0,0,0.3,0.0,0.3,1.0,0.7,1.0,1.0,0.25,1.0,0.25
hete_0.3,0.940048117459437,0.056696032267268125,1.0,-1.057426421975116,93,158,400,10,2,100,0.0,0,0.3,0.0,0.3,1.0,0.7,1.0,1.0,0.25,1.0,0.25
hete_0.3,0.9275913206648558,0.06252764264474647,1.0,-1.1580266946338795,94,159,400,10,2,100,0.0,0,0.3,0.0,0.3,1.0,0.7,1.0,1.0,0.25,1.0,0.25
hete_0.3,0.8952668536757865,0.05367571963092506,1.0,-1.9512201614502787,95,160,400,10,2,100,0.0,0,0.3,0.0,0.3,1.0,0.7,1.0,1.0,0.25,1.0,0.25
hete_0.3,0.9223469860885145,0.05038346171119523,1.0,-1.5412401465505288,96,161,400,10,2,100,0.0,0,0.3,0.0,0.3,1.0,0.7,1.0,1.0,0.25,1.0,0.25
hete_0.3,0.9940664186606728,0.05994894829135358,1.0,-0.09897723827430342,97,162,400,10,2,100,0.0,0,0.3,0.0,0.3,1.0,0.7,1.0,1.0,0.25,1.0,0.25
hete_0.3,0.95218578938439,0.055717315468020494,1.0,-0.8581571135287991,98,163,400,10,2,100,0.0,0,0.3,0.0,0.3,1.0,0.7,1.0,1.0,0.25,1.0,0.25
hete_0.3,0.9295185516612676,0.056374326242776183,1.0,-1.2502401897488555,99,164,400,10,2,100,0.0,0,0.3,0.0,0.3,1.0,0.7,1.0,1.0,0.25,1.0,0.25
hete_0.5,0.983476450680853,0.06273223372033705,1.0,-0.26339807048493913,0,66,400,10,2,100,0.0,0,0.3,0.0,0.5,1.0,0.7,1.0,1.0,0.25,1.0,0.25
hete_0.5,0.9563065502156137,0.06497741354124253,1.0,-0.6724405820901616,1,67,400,10,2,100,0.0,0,0.3,0.0,0.5,1.0,0.7,1.0,1.0,0.25,1.0,0.25
hete_0.5,0.9224524362991987,0.062305191292025275,1.0,-1.244640488098894,2,68,400,10,2,100,0.0,0,0.3,0.0,0.5,1.0,0.7,1.0,1.0,0.25,1.0,0.25
hete_0.5,1.0458415726224461,0.07340062466688171,1.0,0.6245392710278911,3,69,400,10,2,100,0.0,0,0.3,0.0,0.5,1.0,0.7,1.0,1.0,0.25,1.0,0.25
hete_0.5,0.9816912952948198,0.06812274894237405,1.0,-0.2687605093662292,4,70,400,10,2,100,0.0,0,0.3,0.0,0.5,1.0,0.7,1.0,1.0,0.25,1.0,0.25
hete_0.5,0.8557920580228814,0.07690793227543093,1.0,-1.875072410745171,5,71,400,10,2,100,0.0,0,0.3,0.0,0.5,1.0,0.7,1.0,1.0,0.25,1.0,0.25
hete_0.5,0.841958433823722,0.07273731546886038,1.0,-2.172771501911385,6,72,400,10,2,100,0.0,0,0.3,0.0,0.5,1.0,0.7,1.0,1.0,0.25,1.0,0.25
hete_0.5,0.980062590629632,0.0683540408062287,1.0,-0.29167857723125645,7,73,400,10,2,100,0.0,0,0.3,0.0,0.5,1.0,0.7,1.0,1.0,0.25,1.0,0.25
hete_0.5,0.9788214128916906,0.07538189258900384,1.0,-0.28095058880756757,8,74,400,10,2,100,0.0,0,0.3,0.0,0.5,1.0,0.7,1.0,1.0,0.25,1.0,0.25
hete_0.5,0.987885681834547,0.07366724987345916,1.0,-0.16444645600673632,9,75,400,10,2,100,0.0,0,0.3,0.0,0.5,1.0,0.7,1.0,1.0,0.25,1.0,0.25
hete_0.5,1.0929595091049098,0.06573341028769691,1.0,1.4141896593840453,10,76,400,10,2,100,0.0,0,0.3,0.0,0.5,1.0,0.7,1.0,1.0,0.25,1.0,0.25
hete_0.5,1.0647802895648395,0.07342110875284952,1.0,0.8823115132039645,11,77,400,10,2,100,0.0,0,0.3,0.0,0.5,1.0,0.7,1.0,1.0,0.25,1.0,0.25
hete_0.5,0.8956474871704417,0.06178279729748254,1.0,-1.689022145227638,12,78,400,10,2,100,0.0,0,0.3,0.0,0.5,1.0,0.7,1.0,1.0,0.25,1.0,0.25
hete_0.5,0.9313328875519953,0.06998973591989148,1.0,-0.9811026080538352,13,79,400,10,2,100,0.0,0,0.3,0.0,0.5,1.0,0.7,1.0,1.0,0.25,1.0,0.25
hete_0.5,0.927115393368073,0.086315361340861,1.0,-0.8443990212136665,14,80,400,10,2,100,0.0,0,0.3,0.0,0.5,1.0,0.7,1.0,1.0,0.25,1.0,0.25
hete_0.5,0.9955564351675454,0.0742831598776368,1.0,-0.05981927585975393,15,81,400,10,2,100,0.0,0,0.3,0.0,0.5,1.0,0.7,1.0,1.0,0.25,1.0,0.25
hete_0.5,0.9462283135300051,0.06515426351986606,1.0,-0.8252980475114947,16,82,400,10,2,100,0.0,0,0.3,0.0,0.5,1.0,0.7,1.0,1.0,0.25,1.0,0.25
hete_0.5,1.0231726772395964,0.0691203272956308,1.0,0.33525126610708555,17,83,400,10,2,100,0.0,0,0.3,0.0,0.5,1.0,0.7,1.0,1.0,0.25,1.0,0.25
hete_0.5,0.993332527046592,0.07032609735364592,1.0,-0.09480794760840384,18,84,400,10,2,100,0.0,0,0.3,0.0,0.5,1.0,0.7,1.0,1.0,0.25,1.0,0.25
hete_0.5,0.955580873631787,0.06876767801859407,1.0,-0.6459302923708217,19,85,400,10,2,100,0.0,0,0.3,0.0,0.5,1.0,0.7,1.0,1.0,0.25,1.0,0.25
hete_0.5,0.9910934998137244,0.08297201359823216,1.0,-0.10734342581346437,20,86,400,10,2,100,0.0,0,0.3,0.0,0.5,1.0,0.7,1.0,1.0,0.25,1.0,0.25
hete_0.5,1.1269468406218106,0.06847374413492144,1.0,1.853949162932775,21,87,400,10,2,100,0.0,0,0.3,0.0,0.5,1.0,0.7,1.0,1.0,0.25,1.0,0.25
hete_0.5,0.9299317052514714,0.07093422877497911,1.0,-0.9877924375663903,22,88,400,10,2,100,0.0,0,0.3,0.0,0.5,1.0,0.7,1.0,1.0,0.25,1.0,0.25
hete_0.5,1.0871697460124201,0.07555821160218855,1.0,1.153676670794776,23,89,400,10,2,100,0.0,0,0.3,0.0,0.5,1.0,0.7,1.0,1.0,0.25,1.0,0.25
hete_0.5,0.9914090666215154,0.07033643857235235,1.0,-0.12214057966053317,24,90,400,10,2,100,0.0,0,0.3,0.0,0.5,1.0,0.7,1.0,1.0,0.25,1.0,0.25
hete_0.5,1.0680602592576485,0.07674597372181005,1.0,0.8868251447868042,25,91,400,10,2,100,0.0,0,0.3,0.0,0.5,1.0,0.7,1.0,1.0,0.25,1.0,0.25
hete_0.5,0.9238891586389212,0.06894205245866089,1.0,-1.1039828181314515,26,92,400,10,2,100,0.0,0,0.3,0.0,0.5,1.0,0.7,1.0,1.0,0.25,1.0,0.25
hete_0.5,1.0876565485119414,0.06700767531097482,1.0,1.3081568358421263,27,93,400,10,2,100,0.0,0,0.3,0.0,0.5,1.0,0.7,1.0,1.0,0.25,1.0,0.25
hete_0.5,1.0923306550719705,0.07193195446920811,1.0,1.283583294146337,28,94,400,10,2,100,0.0,0,0.3,0.0,0.5,1.0,0.7,1.0,1.0,0.25,1.0,0.25
hete_0.5,1.0568076934082715,0.06873910373547518,1.0,0.826424703279248,29,95,400,10,2,100,0.0,0,0.3,0.0,0.5,1.0,0.7,1.0,1.0,0.25,1.0,0.25
hete_0.5,0.8670086763679246,0.07281472407908497,1.0,-1.826434492667059,30,96,400,10,2,100,0.0,0,0.3,0.0,0.5,1.0,0.7,1.0,1.0,0.25,1.0,0.25
hete_0.5,1.020961344259964,0.06850343661510487,1.0,0.3059896743244873,31,97,400,10,2,100,0.0,0,0.3,0.0,0.5,1.0,0.7,1.0,1.0,0.25,1.0,0.25
hete_0.5,0.9530768463390743,0.06931985604530692,1.0,-0.6769078347516632,32,98,400,10,2,100,0.0,0,0.3,0.0,0.5,1.0,0.7,1.0,1.0,0.25,1.0,0.25
hete_0.5,0.9619043872663805,0.09848506146601077,1.0,-0.38681615431358674,33,99,400,10,2,100,0.0,0,0.3,0.0,0.5,1.0,0.7,1.0,1.0,0.25,1.0,0.25
hete_0.5,0.9696908461029929,0.06945254551517126,1.0,-0.43640090758640815,34,100,400,10,2,100,0.0,0,0.3,0.0,0.5,1.0,0.7,1.0,1.0,0.25,1.0,0.25
hete_0.5,1.037007758649603,0.060060653757843425,1.0,0.616173090602931,35,101,400,10,2,100,0.0,0,0.3,0.0,0.5,1.0,0.7,1.0,1.0,0.25,1.0,0.25
hete_0.5,1.027984567622447,0.0771321974286772,1.0,0.3628130476682438,36,102,400,10,2,100,0.0,0,0.3,0.0,0.5,1.0,0.7,1.0,1.0,0.25,1.0,0.25
hete_0.5,0.7836698239868453,0.05554505086397549,1.0,-3.8946795915792145,37,103,400,10,2,100,0.0,0,0.3,0.0,0.5,1.0,0.7,1.0,1.0,0.25,1.0,0.25
hete_0.5,0.985254498249094,0.08370851263301288,1.0,-0.1761529537091636,38,104,400,10,2,100,0.0,0,0.3,0.0,0.5,1.0,0.7,1.0,1.0,0.25,1.0,0.25
hete_0.5,1.013242821006561,0.07585322655385254,1.0,0.17458480816447666,39,105,400,10,2,100,0.0,0,0.3,0.0,0.5,1.0,0.7,1.0,1.0,0.25,1.0,0.25
hete_0.5,1.0178821219239003,0.07488126255138992,1.0,0.23880636242782394,40,106,400,10,2,100,0.0,0,0.3,0.0,0.5,1.0,0.7,1.0,1.0,0.25,1.0,0.25
hete_0.5,0.8241298065150793,0.06487818536621213,1.0,-2.7107754708643874,41,107,400,10,2,100,0.0,0,0.3,0.0,0.5,1.0,0.7,1.0,1.0,0.25,1.0,0.25
hete_0.5,0.8807108307305341,0.06862084818062054,1.0,-1.7383808628462092,42,108,400,10,2,100,0.0,0,0.3,0.0,0.5,1.0,0.7,1.0,1.0,0.25,1.0,0.25
hete_0.5,0.8113530584995853,0.06981138009219905,1.0,-2.7022376760246107,43,109,400,10,2,100,0.0,0,0.3,0.0,0.5,1.0,0.7,1.0,1.0,0.25,1.0,0.25
hete_0.5,1.0416506899795512,0.06035039361072933,1.0,0.6901477768016813,44,110,400,10,2,100,0.0,0,0.3,0.0,0.5,1.0,0.7,1.0,1.0,0.25,1.0,0.25
hete_0.5,0.8764185478934532,0.06279994305404064,1.0,-1.9678593020411248,45,111,400,10,2,100,0.0,0,0.3,0.0,0.5,1.0,0.7,1.0,1.0,0.25,1.0,0.25
hete_0.5,0.8723534808842425,0.06632430932464252,1.0,-1.9245812043206758,46,112,400,10,2,100,0.0,0,0.3,0.0,0.5,1.0,0.7,1.0,1.0,0.25,1.0,0.25
hete_0.5,0.9724312475718759,0.06840812920489572,1.0,-0.4030040398495661,47,113,400,10,2,100,0.0,0,0.3,0.0,0.5,1.0,0.7,1.0,1.0,0.25,1.0,0.25
hete_0.5,0.8920306277671173,0.07395983853581853,1.0,-1.459837857550128,48,114,400,10,2,100,0.0,0,0.3,0.0,0.5,1.0,0.7,1.0,1.0,0.25,1.0,0.25
hete_0.5,1.0305390918904622,0.06421963124029693,1.0,0.47554137731173024,49,115,400,10,2,100,0.0,0,0.3,0.0,0.5,1.0,0.7,1.0,1.0,0.25,1.0,0.25
hete_0.5,0.992429342335053,0.06830991685139624,1.0,-0.11082809076486644,50,116,400,10,2,100,0.0,0,0.3,0.0,0.5,1.0,0.7,1.0,1.0,0.25,1.0,0.25
hete_0.5,0.8739394900922006,0.06483646311434266,1.0,-1.9442841859754867,51,117,400,10,2,100,0.0,0,0.3,0.0,0.5,1.0,0.7,1.0,1.0,0.25,1.0,0.25
hete_0.5,0.9185411710904262,0.05363440198429548,1.0,-1.5187794754088149,52,118,400,10,2,100,0.0,0,0.3,0.0,0.5,1.0,0.7,1.0,1.0,0.25,1.0,0.25
hete_0.5,0.8296301447731622,0.055535365042484144,1.0,-3.067772312228543,53,119,400,10,2,100,0.0,0,0.3,0.0,0.5,1.0,0.7,1.0,1.0,0.25,1.0,0.25
hete_0.5,0.9466036172284216,0.06631784461384392,1.0,-0.8051585976971254,54,120,400,10,2,100,0.0,0,0.3,0.0,0.5,1.0,0.7,1.0,1.0,0.25,1.0,0.25
hete_0.5,0.8904620834718004,0.06641819055174497,1.0,-1.649215608228004,55,121,400,10,2,100,0.0,0,0.3,0.0,0.5,1.0,0.7,1.0,1.0,0.25,1.0,0.25
hete_0.5,0.958231091804566,0.05918908183589721,1.0,-0.70568603025874,56,122,400,10,2,100,0.0,0,0.3,0.0,0.5,1.0,0.7,1.0,1.0,0.25,1.0,0.25
hete_0.5,0.9254917322692083,0.06880129796778947,1.0,-1.0829485770119338,57,123,400,10,2,100,0.0,0,0.3,0.0,0.5,1.0,0.7,1.0,1.0,0.25,1.0,0.25
hete_0.5,0.9302125444296496,0.07284879335830939,1.0,-0.9579768223077942,58,124,400,10,2,100,0.0,0,0.3,0.0,0.5,1.0,0.7,1.0,1.0,0.25,1.0,0.25
hete_0.5,0.957705900898095,0.07001666473281398,1.0,-0.6040576091891938,59,125,400,10,2,100,0.0,0,0.3,0.0,0.5,1.0,0.7,1.0,1.0,0.25,1.0,0.25
hete_0.5,1.0483509371811515,0.07687622013427542,1.0,0.6289452979959157,60,126,400,10,2,100,0.0,0,0.3,0.0,0.5,1.0,0.7,1.0,1.0,0.25,1.0,0.25
hete_0.5,0.9639225108580588,0.06243245354704988,1.0,-0.5778643492643253,61,127,400,10,2,100,0.0,0,0.3,0.0,0.5,1.0,0.7,1.0,1.0,0.25,1.0,0.25
hete_0.5,1.0172128253621913,0.06348344334417794,1.0,0.27113881124675715,62,128,400,10,2,100,0.0,0,0.3,0.0,0.5,1.0,0.7,1.0,1.0,0.25,1.0,0.25
hete_0.5,0.9127258185411818,0.07220857701824993,1.0,-1.2086400959924826,63,129,400,10,2,100,0.0,0,0.3,0.0,0.5,1.0,0.7,1.0,1.0,0.25,1.0,0.25
hete_0.5,0.9671998242384166,0.07301739248772525,1.0,-0.44921045033342427,64,130,400,10,2,100,0.0,0,0.3,0.0,0.5,1.0,0.7,1.0,1.0,0.25,1.0,0.25
hete_0.5,1.0093743764336005,0.0671043050271717,1.0,0.13969858461099716,65,131,400,10,2,100,0.0,0,0.3,0.0,0.5,1.0,0.7,1.0,1.0,0.25,1.0,0.25
hete_0.5,0.8901430103556744,0.0754418988911349,1.0,-1.4561800704785115,66,132,400,10,2,100,0.0,0,0.3,0.0,0.5,1.0,0.7,1.0,1.0,0.25,1.0,0.25
hete_0.5,0.931542172309524,0.07455126969000613,1.0,-0.9182650808649214,67,133,400,10,2,100,0.0,0,0.3,0.0,0.5,1.0,0.7,1.0,1.0,0.25,1.0,0.25
hete_0.5,0.8685571275051371,0.07760402523051399,1.0,-1.693763591571786,68,134,400,10,2,100,0.0,0,0.3,0.0,0.5,1.0,0.7,1.0,1.0,0.25,1.0,0.25
hete_0.5,1.0060196938870605,0.06951673532887508,1.0,0.08659344916849225,69,135,400,10,2,100,0.0,0,0.3,0.0,0.5,1.0,0.7,1.0,1.0,0.25,1.0,0.25
hete_0.5,1.0244677574910495,0.08130821306606378,1.0,0.30092602663852847,70,136,400,10,2,100,0.0,0,0.3,0.0,0.5,1.0,0.7,1.0,1.0,0.25,1.0,0.25
hete_0.5,1.0369975330711414,0.07553260452195408,1.0,0.4898220219638766,71,137,400,10,2,100,0.0,0,0.3,0.0,0.5,1.0,0.7,1.0,1.0,0.25,1.0,0.25
hete_0.5,0.9440972073667772,0.07793060859945726,1.0,-0.7173406398062208,72,138,400,10,2,100,0.0,0,0.3,0.0,0.5,1.0,0.7,1.0,1.0,0.25,1.0,0.25
hete_0.5,1.0254645037205943,0.06310573069382713,1.0,0.40352125616200435,73,139,400,10,2,100,0.0,0,0.3,0.0,0.5,1.0,0.7,1.0,1.0,0.25,1.0,0.25
hete_0.5,0.8781500553207098,0.0644537749934683,1.0,-1.8905012885845462,74,140,400,10,2,100,0.0,0,0.3,0.0,0.5,1.0,0.7,1.0,1.0,0.25,1.0,0.25
hete_0.5,1.0517716861828776,0.06141253503796714,1.0,0.8430149667469479,75,141,400,10,2,100,0.0,0,0.3,0.0,0.5,1.0,0.7,1.0,1.0,0.25,1.0,0.25
hete_0.5,0.9983679610495579,0.06030792938423435,1.0,-0.027061763968780978,76,142,400,10,2,100,0.0,0,0.3,0.0,0.5,1.0,0.7,1.0,1.0,0.25,1.0,0.25
hete_0.5,1.0323644638058729,0.08124157474853418,1.0,0.39837317169257386,77,143,400,10,2,100,0.0,0,0.3,0.0,0.5,1.0,0.7,1.0,1.0,0.25,1.0,0.25
hete_0.5,0.9959187410874992,0.06144703653214462,1.0,-0.06641913333551498,78,144,400,10,2,100,0.0,0,0.3,0.0,0.5,1.0,0.7,1.0,1.0,0.25,1.0,0.25
hete_0.5,0.8834565677135504,0.05816080848298619,1.0,-2.0038138280100095,79,145,400,10,2,100,0.0,0,0.3,0.0,0.5,1.0,0.7,1.0,1.0,0.25,1.0,0.25
hete_0.5,0.991973139594301,0.06517989225094095,1.0,-0.12314933530107396,80,146,400,10,2,100,0.0,0,0.3,0.0,0.5,1.0,0.7,1.0,1.0,0.25,1.0,0.25
hete_0.5,0.9215913685302709,0.06892179834140214,1.0,-1.137646337684548,81,147,400,10,2,100,0.0,0,0.3,0.0,0.5,1.0,0.7,1.0,1.0,0.25,1.0,0.25
hete_0.5,1.0580682877256544,0.07529231424616858,1.0,0.7712379185981703,82,148,400,10,2,100,0.0,0,0.3,0.0,0.5,1.0,0.7,1.0,1.0,0.25,1.0,0.25
hete_0.5,0.8605879709888864,0.06452842600705994,1.0,-2.1604746564848925,83,149,400,10,2,100,0.0,0,0.3,0.0,0.5,1.0,0.7,1.0,1.0,0.25,1.0,0.25
hete_0.5,0.9550710609675316,0.07134556922296291,1.0,-0.6297369202011752,84,150,400,10,2,100,0.0,0,0.3,0.0,0.5,1.0,0.7,1.0,1.0,0.25,1.0,0.25
hete_0.5,1.0205179335798957,0.06076962578599148,1.0,0.3376346869758986,85,151,400,10,2,100,0.0,0,0.3,0.0,0.5,1.0,0.7,1.0,1.0,0.25,1.0,0.25
hete_0.5,1.0298769239104943,0.06057942668689755,1.0,0.49318597986923984,86,152,400,10,2,100,0.0,0,0.3,0.0,0.5,1.0,0.7,1.0,1.0,0.25,1.0,0.25
hete_0.5,0.9900070567752932,0.06484834865883073,1.0,-0.15409711166709864,87,153,400,10,2,100,0.0,0,0.3,0.0,0.5,1.0,0.7,1.0,1.0,0.25,1.0,0.25
hete_0.5,0.9612215710188071,0.06663211882972642,1.0,-0.5819780259470416,88,154,400,10,2,100,0.0,0,0.3,0.0,0.5,1.0,0.7,1.0,1.0,0.25,1.0,0.25
hete_0.5,0.9957788930397593,0.0710404880986701,1.0,-0.05941832711478393,89,155,400,10,2,100,0.0,0,0.3,0.0,0.5,1.0,0.7,1.0,1.0,0.25,1.0,0.25
hete_0.5,1.0038750741556135,0.06634258865812152,1.0,0.058410053541664474,90,156,400,10,2,100,0.0,0,0.3,0.0,0.5,1.0,0.7,1.0,1.0,0.25,1.0,0.25
hete_0.5,0.9925635364112994,0.06077449966372129,1.0,-0.122361576481061,91,157,400,10,2,100,0.0,0,0.3,0.0,0.5,1.0,0.7,1.0,1.0,0.25,1.0,0.25
hete_0.5,0.9379488443058897,0.06709572644576024,1.0,-0.9248153195609575,92,158,400,10,2,100,0.0,0,0.3,0.0,0.5,1.0,0.7,1.0,1.0,0.25,1.0,0.25
hete_0.5,0.947552445700162,0.07369618608820587,1.0,-0.7116725719980184,93,159,400,10,2,100,0.0,0,0.3,0.0,0.5,1.0,0.7,1.0,1.0,0.25,1.0,0.25
hete_0.5,0.8780340212348975,0.06230468203123244,1.0,-1.9575732479296295,94,160,400,10,2,100,0.0,0,0.3,0.0,0.5,1.0,0.7,1.0,1.0,0.25,1.0,0.25
hete_0.5,0.9125255364993226,0.05631390620557216,1.0,-1.5533368113615604,95,161,400,10,2,100,0.0,0,0.3,0.0,0.5,1.0,0.7,1.0,1.0,0.25,1.0,0.25
hete_0.5,0.9875661743423076,0.07559762870417822,1.0,-0.16447375229648106,96,162,400,10,2,100,0.0,0,0.3,0.0,0.5,1.0,0.7,1.0,1.0,0.25,1.0,0.25
hete_0.5,0.9284744196943312,0.06694757309871624,1.0,-1.068381974059047,97,163,400,10,2,100,0.0,0,0.3,0.0,0.5,1.0,0.7,1.0,1.0,0.25,1.0,0.25
hete_0.5,0.9048730558796423,0.062268568628386235,1.0,-1.5276879847370124,98,164,400,10,2,100,0.0,0,0.3,0.0,0.5,1.0,0.7,1.0,1.0,0.25,1.0,0.25
hete_0.5,1.052830218288984,0.061295096318867044,1.0,0.8618995884132812,99,165,400,10,2,100,0.0,0,0.3,0.0,0.5,1.0,0.7,1.0,1.0,0.25,1.0,0.25
noise_0.5,0.9921021844864911,0.02669968982561719,1.0,-0.2958017701737968,0,67,400,10,2,100,0.0,0,0.3,0.0,0.0,0.5,0.7,1.0,1.0,0.25,1.0,0.25
noise_0.5,0.9605501426888102,0.02570771403013336,1.0,-1.5345532965299258,1,68,400,10,2,100,0.0,0,0.3,0.0,0.0,0.5,0.7,1.0,1.0,0.25,1.0,0.25
noise_0.5,1.0153340954955912,0.0261980264088014,1.0,0.5853149109903782,2,69,400,10,2,100,0.0,0,0.3,0.0,0.0,0.5,0.7,1.0,1.0,0.25,1.0,0.25
noise_0.5,0.9921636403875128,0.02696628088035739,1.0,-0.2905984569119911,3,70,400,10,2,100,0.0,0,0.3,0.0,0.0,0.5,0.7,1.0,1.0,0.25,1.0,0.25
noise_0.5,0.9755769495075093,0.03087809528351254,1.0,-0.79095068100044,4,71,400,10,2,100,0.0,0,0.3,0.0,0.0,0.5,0.7,1.0,1.0,0.25,1.0,0.25
noise_0.5,0.9585759854023976,0.027092841969549853,1.0,-1.5289652759263714,5,72,400,10,2,100,0.0,0,0.3,0.0,0.0,0.5,0.7,1.0,1.0,0.25,1.0,0.25
noise_0.5,1.0104940595014684,0.028425846667399293,1.0,0.36917315513081017,6,73,400,10,2,100,0.0,0,0.3,0.0,0.0,0.5,0.7,1.0,1.0,0.25,1.0,0.25
noise_0.5,0.9757355993987399,0.027870999456789062,1.0,-0.8705967160911978,7,74,400,10,2,100,0.0,0,0.3,0.0,0.0,0.5,0.7,1.0,1.0,0.25,1.0,0.25
noise_0.5,0.9648375000531325,0.0261078833983787,1.0,-1.3468154200907407,8,75,400,10,2,100,0.0,0,0.3,0.0,0.0,0.5,0.7,1.0,1.0,0.25,1.0,0.25
noise_0.5,1.0193555580898357,0.026455555134175874,1.0,0.731625474939732,9,76,400,10,2,100,0.0,0,0.3,0.0,0.0,0.5,0.7,1.0,1.0,0.25,1.0,0.25
noise_0.5,0.9968512804805121,0.028201273675594125,1.0,-0.11165167771173669,10,77,400,10,2,100,0.0,0,0.3,0.0,0.0,0.5,0.7,1.0,1.0,0.25,1.0,0.25
noise_0.5,0.9671415246876052,0.02662597641731601,1.0,-1.23407588128958,11,78,400,10,2,100,0.0,0,0.3,0.0,0.0,0.5,0.7,1.0,1.0,0.25,1.0,0.25
noise_0.5,0.9751027036298311,0.023755267714156928,1.0,-1.048074754187316,12,79,400,10,2,100,0.0,0,0.3,0.0,0.0,0.5,0.7,1.0,1.0,0.25,1.0,0.25
noise_0.5,0.9764133870395664,0.024783278669233712,1.0,-0.9517147942864541,13,80,400,10,2,100,0.0,0,0.3,0.0,0.0,0.5,0.7,1.0,1.0,0.25,1.0,0.25
noise_0.5,0.9968172694371363,0.026979739141573846,1.0,-0.11796743275250231,14,81,400,10,2,100,0.0,0,0.3,0.0,0.0,0.5,0.7,1.0,1.0,0.25,1.0,0.25
noise_0.5,0.9818213361232947,0.028687329162164505,1.0,-0.6336826887558776,15,82,400,10,2,100,0.0,0,0.3,0.0,0.0,0.5,0.7,1.0,1.0,0.25,1.0,0.25
noise_0.5,1.0181143077001162,0.02517893197339672,1.0,0.719423195521369,16,83,400,10,2,100,0.0,0,0.3,0.0,0.0,0.5,0.7,1.0,1.0,0.25,1.0,0.25
noise_0.5,1.021563145350326,0.02313481642981802,1.0,0.9320646833632824,17,84,400,10,2,100,0.0,0,0.3,0.0,0.0,0.5,0.7,1.0,1.0,0.25,1.0,0.25
noise_0.5,0.9497798751793334,0.024311964820317337,1.0,-2.065654717412968,18,85,400,10,2,100,0.0,0,0.3,0.0,0.0,0.5,0.7,1.0,1.0,0.25,1.0,0.25
noise_0.5,0.9892588654275519,0.028927454220202004,1.0,-0.3713128189810361,19,86,400,10,2,100,0.0,0,0.3,0.0,0.0,0.5,0.7,1.0,1.0,0.25,1.0,0.25
noise_0.5,1.0288670705885363,0.025512482757915032,1.0,1.1314880979029984,20,87,400,10,2,100,0.0,0,0.3,0.0,0.0,0.5,0.7,1.0,1.0,0.25,1.0,0.25
noise_0.5,0.9570286342500367,0.030723547842328492,1.0,-1.3986459496959762,21,88,400,10,2,100,0.0,0,0.3,0.0,0.0,0.5,0.7,1.0,1.0,0.25,1.0,0.25
noise_0.5,1.0777627441868716,0.027424858940270767,1.0,2.8354838344376847,22,89,400,10,2,100,0.0,0,0.3,0.0,0.0,0.5,0.7,1.0,1.0,0.25,1.0,0.25
noise_0.5,0.9956346388193152,0.026241190163982554,1.0,-0.16635530451955072,23,90,400,10,2,100,0.0,0,0.3,0.0,0.0,0.5,0.7,1.0,1.0,0.25,1.0,0.25
noise_0.5,1.0053537109629118,0.02555185760713436,1.0,0.20952335619688967,24,91,400,10,2,100,0.0,0,0.3,0.0,0.0,0.5,0.7,1.0,1.0,0.25,1.0,0.25
noise_0.5,0.9625809305342872,0.024675308751433797,1.0,-1.516458004341629,25,92,400,10,2,100,0.0,0,0.3,0.0,0.0,0.5,0.7,1.0,1.0,0.25,1.0,0.25
noise_0.5,1.0351271620396711,0.026726700776137164,1.0,1.3143096985256895,26,93,400,10,2,100,0.0,0,0.3,0.0,0.0,0.5,0.7,1.0,1.0,0.25,1.0,0.25
noise_0.5,1.0499165440325735,0.03161295894705535,1.0,1.5789899362528064,27,94,400,10,2,100,0.0,0,0.3,0.0,0.0,0.5,0.7,1.0,1.0,0.25,1.0,0.25
noise_0.5,0.982231215820364,0.024802985009067864,1.0,-0.7163970051644921,28,95,400,10,2,100,0.0,0,0.3,0.0,0.0,0.5,0.7,1.0,1.0,0.25,1.0,0.25
noise_0.5,0.9815276045846741,0.028675974648246012,1.0,-0.644176724310772,29,96,400,10,2,100,0.0,0,0.3,0.0,0.0,0.5,0.7,1.0,1.0,0.25,1.0,0.25
noise_0.5,1.0121505822063537,0.02848522510199541,1.0,0.42655735255195576,30,97,400,10,2,100,0.0,0,0.3,0.0,0.0,0.5,0.7,1.0,1.0,0.25,1.0,0.25
noise_0.5,0.9617620432002101,0.023785079213392853,1.0,-1.607644711069912,31,98,400,10,2,100,0.0,0,0.3,0.0,0.0,0.5,0.7,1.0,1.0,0.25,1.0,0.25
noise_0.5,0.9881511049872078,0.025970272008097216,1.0,-0.456248398518808,32,99,400,10,2,100,0.0,0,0.3,0.0,0.0,0.5,0.7,1.0,1.0,0.25,1.0,0.25
noise_0.5,0.980562570077396,0.024771894055746802,1.0,-0.7846565902010522,33,100,400,10,2,100,0.0,0,0.3,0.0,0.0,0.5,0.7,1.0,1.0,0.25,1.0,0.25
noise_0.5,1.03152384023683,0.023330719708349473,1.0,1.351173072708447,34,101,400,10,2,100,0.0,0,0.3,0.0,0.0,0.5,0.7,1.0,1.0,0.25,1.0,0.25
noise_0.5,0.9892606978039176,0.026112323082438712,1.0,-0.411273334899296,35,102,400,10,2,100,0.0,0,0.3,0.0,0.0,0.5,0.7,1.0,1.0,0.25,1.0,0.25
noise_0.5,0.9486167120577444,0.024176431139412397,1.0,-2.1253462781978008,36,103,400,10,2,100,0.0,0,0.3,0.0,0.0,0.5,0.7,1.0,1.0,0.25,1.0,0.25
noise_0.5,0.991581910086063,0.02688036830139266,1.0,-0.3131686969296794,37,104,400,10,2,100,0.0,0,0.3,0.0,0.0,0.5,0.7,1.0,1.0,0.25,1.0,0.25
noise_0.5,0.9979881195292261,0.02628219401158376,1.0,-0.07654918268570782,38,105,400,10,2,100,0.0,0,0.3,0.0,0.0,0.5,0.7,1.0,1.0,0.25,1.0,0.25
noise_0.5,0.9984716471145416,0.027011446584394208,1.0,-0.05658167476085438,39,106,400,10,2,100,0.0,0,0.3,0.0,0.0,0.5,0.7,1.0,1.0,0.25,1.0,0.25
noise_0.5,0.9370856701029439,0.025823008743463653,1.0,-2.4363671376202856,40,107,400,10,2,100,0.0,0,0.3,0.0,0.0,0.5,0.7,1.0,1.0,0.25,1.0,0.25
noise_0.5,1.0163272351945707,0.02363093908513335,1.0,0.6909262105813835,41,108,400,10,2,100,0.0,0,0.3,0.0,0.0,0.5,0.7,1.0,1.0,0.25,1.0,0.25
noise_0.5,0.9423842293780603,0.025035635426288297,1.0,-2.3013504407178376,42,109,400,10,2,100,0.0,0,0.3,0.0,0.0,0.5,0.7,1.0,1.0,0.25,1.0,0.25
noise_0.5,1.0327072201745036,0.02565543063786091,1.0,1.274865373970219,43,110,400,10,2,100,0.0,0,0.3,0.0,0.0,0.5,0.7,1.0,1.0,0.25,1.0,0.25
noise_0.5,0.9678428945305103,0.02672233171392407,1.0,-1.203379473533507,44,111,400,10,2,100,0.0,0,0.3,0.0,0.0,0.5,0.7,1.0,1.0,0.25,1.0,0.25
noise_0.5,0.9506181959299415,0.026725546806691713,1.0,-1.8477378377790201,45,112,400,10,2,100,0.0,0,0.3,0.0,0.0,0.5,0.7,1.0,1.0,0.25,1.0,0.25
noise_0.5,0.9796272141585527,0.028445753369920376,1.0,-0.7161977950280011,46,113,400,10,2,100,0.0,0,0.3,0.0,0.0,0.5,0.7,1.0,1.0,0.25,1.0,0.25
noise_0.5,0.9229127255132122,0.024299562186813332,1.0,-3.172372979156834,47,114,400,10,2,100,0.0,0,0.3,0.0,0.0,0.5,0.7,1.0,1.0,0.25,1.0,0.25
noise_0.5,1.0192392124470877,0.02591196811101664,1.0,0.7424836417156607,48,115,400,10,2,100,0.0,0,0.3,0.0,0.0,0.5,0.7,1.0,1.0,0.25,1.0,0.25
noise_0.5,0.9992717556211758,0.02880013093131202,1.0,-0.0252861481970722,49,116,400,10,2,100,0.0,0,0.3,0.0,0.0,0.5,0.7,1.0,1.0,0.25,1.0,0.25
noise_0.5,0.955999783175546,0.024062264650566066,1.0,-1.8285983245313062,50,117,400,10,2,100,0.0,0,0.3,0.0,0.0,0.5,0.7,1.0,1.0,0.25,1.0,0.25
noise_0.5,0.9235577453446184,0.02371831158481312,1.0,-3.222921428535735,51,118,400,10,2,100,0.0,0,0.3,0.0,0.0,0.5,0.7,1.0,1.0,0.25,1.0,0.25
noise_0.5,0.9589813754288438,0.024300862757053048,1.0,-1.6879493119745739,52,119,400,10,2,100,0.0,0,0.3,0.0,0.0,0.5,0.7,1.0,1.0,0.25,1.0,0.25
noise_0.5,0.9634456082911079,0.027678514806135108,1.0,-1.3206774989527104,53,120,400,10,2,100,0.0,0,0.3,0.0,0.0,0.5,0.7,1.0,1.0,0.25,1.0,0.25
noise_0.5,1.0079296036380776,0.024644906241405244,1.0,0.32175426274315805,54,121,400,10,2,100,0.0,0,0.3,0.0,0.0,0.5,0.7,1.0,1.0,0.25,1.0,0.25
noise_0.5,0.9934085113911946,0.02417637681238664,1.0,-0.27264170557716966,55,122,400,10,2,100,0.0,0,0.3,0.0,0.0,0.5,0.7,1.0,1.0,0.25,1.0,0.25
noise_0.5,0.9591806450066949,0.02691637869502881,1.0,-1.5165247693904704,56,123,400,10,2,100,0.0,0,0.3,0.0,0.0,0.5,0.7,1.0,1.0,0.25,1.0,0.25
noise_0.5,0.9368291380665387,0.025630794175366525,1.0,-2.4646470765300807,57,124,400,10,2,100,0.0,0,0.3,0.0,0.0,0.5,0.7,1.0,1.0,0.25,1.0,0.25
noise_0.5,1.0212266365763727,0.028701350316018167,1.0,0.7395692656497123,58,125,400,10,2,100,0.0,0,0.3,0.0,0.0,0.5,0.7,1.0,1.0,0.25,1.0,0.25
noise_0.5,1.0161025791036546,0.02644727641900024,1.0,0.6088558552700813,59,126,400,10,2,100,0.0,0,0.3,0.0,0.0,0.5,0.7,1.0,1.0,0.25,1.0,0.25
noise_0.5,1.0092373725051451,0.02409084063030037,1.0,0.38343919362974677,60,127,400,10,2,100,0.0,0,0.3,0.0,0.0,0.5,0.7,1.0,1.0,0.25,1.0,0.25
noise_0.5,1.021993062804544,0.025860349575752697,1.0,0.8504549693003832,61,128,400,10,2,100,0.0,0,0.3,0.0,0.0,0.5,0.7,1.0,1.0,0.25,1.0,0.25
noise_0.5,0.9699263858458139,0.02964429545005902,1.0,-1.0144823379206405,62,129,400,10,2,100,0.0,0,0.3,0.0,0.0,0.5,0.7,1.0,1.0,0.25,1.0,0.25
noise_0.5,0.991713941630515,0.02828015369737753,1.0,-0.2929990571534065,63,130,400,10,2,100,0.0,0,0.3,0.0,0.0,0.5,0.7,1.0,1.0,0.25,1.0,0.25
noise_0.5,0.9925112611112363,0.025369901646187562,1.0,-0.2951820229026797,64,131,400,10,2,100,0.0,0,0.3,0.0,0.0,0.5,0.7,1.0,1.0,0.25,1.0,0.25
noise_0.5,0.9395217547960286,0.02679641402810145,1.0,-2.2569529318567674,65,132,400,10,2,100,0.0,0,0.3,0.0,0.0,0.5,0.7,1.0,1.0,0.25,1.0,0.25
noise_0.5,1.01213988627683,0.02461559334700231,1.0,0.49317869797798086,66,133,400,10,2,100,0.0,0,0.3,0.0,0.0,0.5,0.7,1.0,1.0,0.25,1.0,0.25
noise_0.5,0.9487604049539766,0.027693261999865743,1.0,-1.8502549481629065,67,134,400,10,2,100,0.0,0,0.3,0.0,0.0,0.5,0.7,1.0,1.0,0.25,1.0,0.25
noise_0.5,1.0093244852359116,0.02771737970666589,1.0,0.33641294143216105,68,135,400,10,2,100,0.0,0,0.3,0.0,0.0,0.5,0.7,1.0,1.0,0.25,1.0,0.25
noise_0.5,1.0205604177667174,0.03156412626218418,1.0,0.6513856140332969,69,136,400,10,2,100,0.0,0,0.3,0.0,0.0,0.5,0.7,1.0,1.0,0.25,1.0,0.25
noise_0.5,0.9995560569490913,0.026687310875213737,1.0,-0.016634986304333403,70,137,400,10,2,100,0.0,0,0.3,0.0,0.0,0.5,0.7,1.0,1.0,0.25,1.0,0.25
noise_0.5,0.9738457574052393,0.025450701423272177,1.0,-1.0276432920172973,71,138,400,10,2,100,0.0,0,0.3,0.0,0.0,0.5,0.7,1.0,1.0,0.25,1.0,0.25
noise_0.5,0.9820111868711208,0.02849134477374741,1.0,-0.6313781701681749,72,139,400,10,2,100,0.0,0,0.3,0.0,0.0,0.5,0.7,1.0,1.0,0.25,1.0,0.25
noise_0.5,0.9833601331664179,0.02446488809674547,1.0,-0.6801529918216006,73,140,400,10,2,100,0.0,0,0.3,0.0,0.0,0.5,0.7,1.0,1.0,0.25,1.0,0.25
noise_0.5,1.029203954948794,0.023684413545926535,1.0,1.233045306026447,74,141,400,10,2,100,0.0,0,0.3,0.0,0.0,0.5,0.7,1.0,1.0,0.25,1.0,0.25
noise_0.5,0.9975423039703122,0.028376875107522525,1.0,-0.08660911465323036,75,142,400,10,2,100,0.0,0,0.3,0.0,0.0,0.5,0.7,1.0,1.0,0.25,1.0,0.25
noise_0.5,1.0130701741560686,0.028198171469641688,1.0,0.4635114078279869,76,143,400,10,2,100,0.0,0,0.3,0.0,0.0,0.5,0.7,1.0,1.0,0.25,1.0,0.25
noise_0.5,0.9922854513053393,0.02680949306104633,1.0,-0.28775436660045595,77,144,400,10,2,100,0.0,0,0.3,0.0,0.0,0.5,0.7,1.0,1.0,0.25,1.0,0.25
noise_0.5,0.9756719478115915,0.024271611236628573,1.0,-1.002325389576723,78,145,400,10,2,100,0.0,0,0.3,0.0,0.0,0.5,0.7,1.0,1.0,0.25,1.0,0.25
noise_0.5,0.9952428919279255,0.02733973064753514,1.0,-0.17399981489954466,79,146,400,10,2,100,0.0,0,0.3,0.0,0.0,0.5,0.7,1.0,1.0,0.25,1.0,0.25
noise_0.5,0.9933460727015421,0.0267752299156659,1.0,-0.24851055693698404,80,147,400,10,2,100,0.0,0,0.3,0.0,0.0,0.5,0.7,1.0,1.0,0.25,1.0,0.25
noise_0.5,1.0058681518390562,0.027881794319107776,1.0,0.2104653585739522,81,148,400,10,2,100,0.0,0,0.3,0.0,0.0,0.5,0.7,1.0,1.0,0.25,1.0,0.25
noise_0.5,0.9466221238393474,0.02500997373072591,1.0,-2.13426358361486,82,149,400,10,2,100,0.0,0,0.3,0.0,0.0,0.5,0.7,1.0,1.0,0.25,1.0,0.25
noise_0.5,1.0175377225353472,0.026350681477157967,1.0,0.6655510048402271,83,150,400,10,2,100,0.0,0,0.3,0.0,0.0,0.5,0.7,1.0,1.0,0.25,1.0,0.25
noise_0.5,1.041423551735129,0.02574522431535295,1.0,1.60898002781923,84,151,400,10,2,100,0.0,0,0.3,0.0,0.0,0.5,0.7,1.0,1.0,0.25,1.0,0.25
noise_0.5,1.0036858298870712,0.022912327590347694,1.0,0.16086667199293878,85,152,400,10,2,100,0.0,0,0.3,0.0,0.0,0.5,0.7,1.0,1.0,0.25,1.0,0.25
noise_0.5,0.9715242352737736,0.02661524114454607,1.0,-1.0699044420291324,86,153,400,10,2,100,0.0,0,0.3,0.0,0.0,0.5,0.7,1.0,1.0,0.25,1.0,0.25
noise_0.5,1.0199927439368222,0.028065832015951055,1.0,0.7123517280891367,87,154,400,10,2,100,0.0,0,0.3,0.0,0.0,0.5,0.7,1.0,1.0,0.25,1.0,0.25
noise_0.5,0.9956767758532514,0.026377854818513697,1.0,-0.16389597169646455,88,155,400,10,2,100,0.0,0,0.3,0.0,0.0,0.5,0.7,1.0,1.0,0.25,1.0,0.25
noise_0.5,0.9536989365845826,0.027020442619574772,1.0,-1.7135568083505381,89,156,400,10,2,100,0.0,0,0.3,0.0,0.0,0.5,0.7,1.0,1.0,0.25,1.0,0.25
noise_0.5,0.9887185305940932,0.02652645328541013,1.0,-0.42529128506266384,90,157,400,10,2,100,0.0,0,0.3,0.0,0.0,0.5,0.7,1.0,1.0,0.25,1.0,0.25
noise_0.5,0.9418361813516879,0.027350486946486896,1.0,-2.1266099854863136,91,158,400,10,2,100,0.0,0,0.3,0.0,0.0,0.5,0.7,1.0,1.0,0.25,1.0,0.25
noise_0.5,0.9658170731069704,0.027263856579000635,1.0,-1.2537817896004566,92,159,400,10,2,100,0.0,0,0.3,0.0,0.0,0.5,0.7,1.0,1.0,0.25,1.0,0.25
noise_0.5,0.9651440119138812,0.026441333925920765,1.0,-1.3182386404472972,93,160,400,10,2,100,0.0,0,0.3,0.0,0.0,0.5,0.7,1.0,1.0,0.25,1.0,0.25
noise_0.5,0.9802967538035597,0.025329696484317113,1.0,-0.7778713893646348,94,161,400,10,2,100,0.0,0,0.3,0.0,0.0,0.5,0.7,1.0,1.0,0.25,1.0,0.25
noise_0.5,1.0104400743275157,0.026054475387736503,1.0,0.4007017670534141,95,162,400,10,2,100,0.0,0,0.3,0.0,0.0,0.5,0.7,1.0,1.0,0.25,1.0,0.25
noise_0.5,0.9991520692212487,0.025738525487945484,1.0,-0.03294403089052099,96,163,400,10,2,100,0.0,0,0.3,0.0,0.0,0.5,0.7,1.0,1.0,0.25,1.0,0.25
noise_0.5,0.971653276003146,0.02937718459483708,1.0,-0.9649230989220059,97,164,400,10,2,100,0.0,0,0.3,0.0,0.0,0.5,0.7,1.0,1.0,0.25,1.0,0.25
noise_0.5,0.9870722768776352,0.023009488574091755,1.0,-0.5618431318339321,98,165,400,10,2,100,0.0,0,0.3,0.0,0.0,0.5,0.7,1.0,1.0,0.25,1.0,0.25
noise_0.5,0.9859489513883984,0.025516634023816643,1.0,-0.5506623090838169,99,166,400,10,2,100,0.0,0,0.3,0.0,0.0,0.5,0.7,1.0,1.0,0.25,1.0,0.25
noise_1.0,0.9045704520739138,0.048661766256572155,1.0,-1.9610785893575666,0,68,400,10,2,100,0.0,0,0.3,0.0,0.0,1.0,0.7,1.0,1.0,0.25,1.0,0.25
noise_1.0,1.0283064293218231,0.05103204669476841,1.0,0.5546794838766481,1,69,400,10,2,100,0.0,0,0.3,0.0,0.0,1.0,0.7,1.0,1.0,0.25,1.0,0.25
noise_1.0,0.9720318863141267,0.05007966093768008,1.0,-0.5584725048493684,2,70,400,10,2,100,0.0,0,0.3,0.0,0.0,1.0,0.7,1.0,1.0,0.25,1.0,0.25
noise_1.0,0.9545252407069734,0.059471372018447,1.0,-0.7646495742341557,3,71,400,10,2,100,0.0,0,0.3,0.0,0.0,1.0,0.7,1.0,1.0,0.25,1.0,0.25
noise_1.0,0.9223936807322464,0.052054504486281676,1.0,-1.4908665452421284,4,72,400,10,2,100,0.0,0,0.3,0.0,0.0,1.0,0.7,1.0,1.0,0.25,1.0,0.25
noise_1.0,1.0405773513342154,0.0540470196872709,1.0,0.7507787028592087,5,73,400,10,2,100,0.0,0,0.3,0.0,0.0,1.0,0.7,1.0,1.0,0.25,1.0,0.25
noise_1.0,0.9653340630857913,0.05204977423198055,1.0,-0.6660151254394718,6,74,400,10,2,100,0.0,0,0.3,0.0,0.0,1.0,0.7,1.0,1.0,0.25,1.0,0.25
noise_1.0,0.9295071786005842,0.048271130643021985,1.0,-1.4603515695691742,7,75,400,10,2,100,0.0,0,0.3,0.0,0.0,1.0,0.7,1.0,1.0,0.25,1.0,0.25
noise_1.0,1.0486458728137924,0.04946756712827867,1.0,0.9833892313249313,8,76,400,10,2,100,0.0,0,0.3,0.0,0.0,1.0,0.7,1.0,1.0,0.25,1.0,0.25
noise_1.0,0.9907629027718277,0.05386598856794496,1.0,-0.17148292408150909,9,77,400,10,2,100,0.0,0,0.3,0.0,0.0,1.0,0.7,1.0,1.0,0.25,1.0,0.25
noise_1.0,0.9524316128136474,0.049508007043493944,1.0,-0.9608220978186952,10,78,400,10,2,100,0.0,0,0.3,0.0,0.0,1.0,0.7,1.0,1.0,0.25,1.0,0.25
noise_1.0,0.9409067499325718,0.04501559816854594,1.0,-1.3127283091112805,11,79,400,10,2,100,0.0,0,0.3,0.0,0.0,1.0,0.7,1.0,1.0,0.25,1.0,0.25
noise_1.0,0.9630878485173607,0.045786594553248,1.0,-0.8061781366970171,12,80,400,10,2,100,0.0,0,0.3,0.0,0.0,1.0,0.7,1.0,1.0,0.25,1.0,0.25
noise_1.0,0.9930397367781707,0.05367594521578441,1.0,-0.1296719264811848,13,81,400,10,2,100,0.0,0,0.3,0.0,0.0,1.0,0.7,1.0,1.0,0.25,1.0,0.25
noise_1.0,0.9660474684285105,0.055508533963068804,1.0,-0.6116632731478538,14,82,400,10,2,100,0.0,0,0.3,0.0,0.0,1.0,0.7,1.0,1.0,0.25,1.0,0.25
noise_1.0,1.059283949536781,0.048598183696684095,1.0,1.2198799425671945,15,83,400,10,2,100,0.0,0,0.3,0.0,0.0,1.0,0.7,1.0,1.0,0.25,1.0,0.25
noise_1.0,1.037390468155136,0.04406907290411391,1.0,0.848451435238738,16,84,400,10,2,100,0.0,0,0.3,0.0,0.0,1.0,0.7,1.0,1.0,0.25,1.0,0.25
noise_1.0,0.8966799975891255,0.04691981764495693,1.0,-2.2020546454954006,17,85,400,10,2,100,0.0,0,0.3,0.0,0.0,1.0,0.7,1.0,1.0,0.25,1.0,0.25
noise_1.0,0.9795832120246382,0.0537566856186918,1.0,-0.3797999772564604,18,86,400,10,2,100,0.0,0,0.3,0.0,0.0,1.0,0.7,1.0,1.0,0.25,1.0,0.25
noise_1.0,1.0590698194606558,0.04878237830453163,1.0,1.210884370825531,19,87,400,10,2,100,0.0,0,0.3,0.0,0.0,1.0,0.7,1.0,1.0,0.25,1.0,0.25
noise_1.0,0.9195082309361581,0.05787870682250363,1.0,-1.3906974340440201,20,88,400,10,2,100,0.0,0,0.3,0.0,0.0,1.0,0.7,1.0,1.0,0.25,1.0,0.25
noise_1.0,1.1403599252430563,0.05171335896268764,1.0,2.714190840790852,21,89,400,10,2,100,0.0,0,0.3,0.0,0.0,1.0,0.7,1.0,1.0,0.25,1.0,0.25
noise_1.0,0.9949145449471484,0.05033155859958331,1.0,-0.1010390934504804,22,90,400,10,2,100,0.0,0,0.3,0.0,0.0,1.0,0.7,1.0,1.0,0.25,1.0,0.25
noise_1.0,1.0368849830422138,0.05106026082084411,1.0,0.7223814067780158,23,91,400,10,2,100,0.0,0,0.3,0.0,0.0,1.0,0.7,1.0,1.0,0.25,1.0,0.25
noise_1.0,0.953114442843956,0.04800733119934779,1.0,-0.9766332763084528,24,92,400,10,2,100,0.0,0,0.3,0.0,0.0,1.0,0.7,1.0,1.0,0.25,1.0,0.25
noise_1.0,1.0657079519231791,0.053248687524947026,1.0,1.2339825632771688,25,93,400,10,2,100,0.0,0,0.3,0.0,0.0,1.0,0.7,1.0,1.0,0.25,1.0,0.25
noise_1.0,1.0835483656847298,0.06023176443047237,1.0,1.3871146972819064,26,94,400,10,2,100,0.0,0,0.3,0.0,0.0,1.0,0.7,1.0,1.0,0.25,1.0,0.25
noise_1.0,0.9736546232957591,0.05047641859524116,1.0,-0.5219343494929466,27,95,400,10,2,100,0.0,0,0.3,0.0,0.0,1.0,0.7,1.0,1.0,0.25,1.0,0.25
noise_1.0,0.9613866319906839,0.05721536276609848,1.0,-0.6748776227666516,28,96,400,10,2,100,0.0,0,0.3,0.0,0.0,1.0,0.7,1.0,1.0,0.25,1.0,0.25
noise_1.0,1.0085733424056111,0.0531924334427267,1.0,0.16117597655768504,29,97,400,10,2,100,0.0,0,0.3,0.0,0.0,1.0,0.7,1.0,1.0,0.25,1.0,0.25
noise_1.0,0.9297823340850712,0.04617184098660882,1.0,-1.520789823721649,30,98,400,10,2,100,0.0,0,0.3,0.0,0.0,1.0,0.7,1.0,1.0,0.25,1.0,0.25
noise_1.0,0.9696385263249092,0.04795665350795616,1.0,-0.6331024259241468,31,99,400,10,2,100,0.0,0,0.3,0.0,0.0,1.0,0.7,1.0,1.0,0.25,1.0,0.25
noise_1.0,0.9882254554772152,0.04709202193366344,1.0,-0.25003268153087843,32,100,400,10,2,100,0.0,0,0.3,0.0,0.0,1.0,0.7,1.0,1.0,0.25,1.0,0.25
noise_1.0,1.046066360698775,0.04458859608465437,1.0,1.0331422099793186,33,101,400,10,2,100,0.0,0,0.3,0.0,0.0,1.0,0.7,1.0,1.0,0.25,1.0,0.25
noise_1.0,0.9846884499535973,0.04896484736789228,1.0,-0.31270494792643766,34,102,400,10,2,100,0.0,0,0.3,0.0,0.0,1.0,0.7,1.0,1.0,0.25,1.0,0.25
noise_1.0,0.8885186392227163,0.04644846266103886,1.0,-2.4001087310645186,35,103,400,10,2,100,0.0,0,0.3,0.0,0.0,1.0,0.7,1.0,1.0,0.25,1.0,0.25
noise_1.0,1.0061138692164346,0.05101756545711993,1.0,0.1198385136894336,36,104,400,10,2,100,0.0,0,0.3,0.0,0.0,1.0,0.7,1.0,1.0,0.25,1.0,0.25
noise_1.0,0.9809759323735223,0.049634490977780756,1.0,-0.3832832220440005,37,105,400,10,2,100,0.0,0,0.3,0.0,0.0,1.0,0.7,1.0,1.0,0.25,1.0,0.25
noise_1.0,0.9970279041628901,0.050500984621259674,1.0,-0.05885223544450874,38,106,400,10,2,100,0.0,0,0.3,0.0,0.0,1.0,0.7,1.0,1.0,0.25,1.0,0.25
noise_1.0,0.8768074195839195,0.04815255665433771,1.0,-2.5583808830840757,39,107,400,10,2,100,0.0,0,0.3,0.0,0.0,1.0,0.7,1.0,1.0,0.25,1.0,0.25
noise_1.0,1.0180610262892216,0.043461264319559066,1.0,0.4155660580056684,40,108,400,10,2,100,0.0,0,0.3,0.0,0.0,1.0,0.7,1.0,1.0,0.25,1.0,0.25
noise_1.0,0.8609585327024888,0.048008818911642305,1.0,-2.8961651306900444,41,109,400,10,2,100,0.0,0,0.3,0.0,0.0,1.0,0.7,1.0,1.0,0.25,1.0,0.25
noise_1.0,1.062730038300832,0.05117246808380744,1.0,1.225855243059534,42,110,400,10,2,100,0.0,0,0.3,0.0,0.0,1.0,0.7,1.0,1.0,0.25,1.0,0.25
noise_1.0,0.9533339245345277,0.04896324482982432,1.0,-0.9530838004642866,43,111,400,10,2,100,0.0,0,0.3,0.0,0.0,1.0,0.7,1.0,1.0,0.25,1.0,0.25
noise_1.0,0.9185616237397138,0.0508530489380056,1.0,-1.6014453009408895,44,112,400,10,2,100,0.0,0,0.3,0.0,0.0,1.0,0.7,1.0,1.0,0.25,1.0,0.25
noise_1.0,0.9525357455901864,0.054767189461064195,1.0,-0.8666549238126875,45,113,400,10,2,100,0.0,0,0.3,0.0,0.0,1.0,0.7,1.0,1.0,0.25,1.0,0.25
noise_1.0,0.8746117041885987,0.04649444414264402,1.0,-2.6968447117404515,46,114,400,10,2,100,0.0,0,0.3,0.0,0.0,1.0,0.7,1.0,1.0,0.25,1.0,0.25
noise_1.0,1.0582504367899446,0.04794860595619071,1.0,1.214851519211348,47,115,400,10,2,100,0.0,0,0.3,0.0,0.0,1.0,0.7,1.0,1.0,0.25,1.0,0.25
noise_1.0,0.965290136296765,0.05458363147566756,1.0,-0.6359024265123894,48,116,400,10,2,100,0.0,0,0.3,0.0,0.0,1.0,0.7,1.0,1.0,0.25,1.0,0.25
noise_1.0,0.8984035089147291,0.04549713287602573,1.0,-2.233030625514563,49,117,400,10,2,100,0.0,0,0.3,0.0,0.0,1.0,0.7,1.0,1.0,0.25,1.0,0.25
noise_1.0,0.8743646105508011,0.0435124074297001,1.0,-2.8873463196027274,50,118,400,10,2,100,0.0,0,0.3,0.0,0.0,1.0,0.7,1.0,1.0,0.25,1.0,0.25
noise_1.0,0.932003469203661,0.04515379837393436,1.0,-1.5058872840161985,51,119,400,10,2,100,0.0,0,0.3,0.0,0.0,1.0,0.7,1.0,1.0,0.25,1.0,0.25
noise_1.0,0.9424481758092795,0.051288907650494577,1.0,-1.1221105464539076,52,120,400,10,2,100,0.0,0,0.3,0.0,0.0,1.0,0.7,1.0,1.0,0.25,1.0,0.25
noise_1.0,1.0294764067995943,0.04783198708538961,1.0,0.6162488450871388,53,121,400,10,2,100,0.0,0,0.3,0.0,0.0,1.0,0.7,1.0,1.0,0.25,1.0,0.25
noise_1.0,1.0011706462820835,0.04539112412287237,1.0,0.02579020248352117,54,122,400,10,2,100,0.0,0,0.3,0.0,0.0,1.0,0.7,1.0,1.0,0.25,1.0,0.25
noise_1.0,0.9386107388363858,0.04987880849458265,1.0,-1.2307683967687744,55,123,400,10,2,100,0.0,0,0.3,0.0,0.0,1.0,0.7,1.0,1.0,0.25,1.0,0.25
noise_1.0,0.9067392958367774,0.04771121438573558,1.0,-1.9546914779663453,56,124,400,10,2,100,0.0,0,0.3,0.0,0.0,1.0,0.7,1.0,1.0,0.25,1.0,0.25
noise_1.0,1.0672721016881201,0.05467913848242575,1.0,1.2303065402126236,57,125,400,10,2,100,0.0,0,0.3,0.0,0.0,1.0,0.7,1.0,1.0,0.25,1.0,0.25
noise_1.0,1.0328729988826129,0.05060642069996713,1.0,0.6495815832838423,58,126,400,10,2,100,0.0,0,0.3,0.0,0.0,1.0,0.7,1.0,1.0,0.25,1.0,0.25
noise_1.0,0.9998236938055203,0.04587214381000357,1.0,-0.0038434260934034894,59,127,400,10,2,100,0.0,0,0.3,0.0,0.0,1.0,0.7,1.0,1.0,0.25,1.0,0.25
noise_1.0,1.053966055798135,0.05050906480734923,1.0,1.0684429815513576,60,128,400,10,2,100,0.0,0,0.3,0.0,0.0,1.0,0.7,1.0,1.0,0.25,1.0,0.25
noise_1.0,0.9371164702318937,0.05721515956111786,1.0,-1.099071124689138,61,129,400,10,2,100,0.0,0,0.3,0.0,0.0,1.0,0.7,1.0,1.0,0.25,1.0,0.25
noise_1.0,1.0105561684958688,0.05455988628259793,1.0,0.19347856484143278,62,130,400,10,2,100,0.0,0,0.3,0.0,0.0,1.0,0.7,1.0,1.0,0.25,1.0,0.25
noise_1.0,0.9739692622983841,0.04948392207590282,1.0,-0.5260443515711558,63,131,400,10,2,100,0.0,0,0.3,0.0,0.0,1.0,0.7,1.0,1.0,0.25,1.0,0.25
noise_1.0,0.8830512847435878,0.050432775161017886,1.0,-2.3189030324630617,64,132,400,10,2,100,0.0,0,0.3,0.0,0.0,1.0,0.7,1.0,1.0,0.25,1.0,0.25
noise_1.0,1.0196440595533025,0.046551320994078035,1.0,0.42198715597784003,65,133,400,10,2,100,0.0,0,0.3,0.0,0.0,1.0,0.7,1.0,1.0,0.25,1.0,0.25
noise_1.0,0.895935102728015,0.055609469602570606,1.0,-1.8713520919317395,66,134,400,10,2,100,0.0,0,0.3,0.0,0.0,1.0,0.7,1.0,1.0,0.25,1.0,0.25
noise_1.0,1.014901000860696,0.052727276599172285,1.0,0.2826051679849122,67,135,400,10,2,100,0.0,0,0.3,0.0,0.0,1.0,0.7,1.0,1.0,0.25,1.0,0.25
noise_1.0,1.0276259615818186,0.059093904654179207,1.0,0.46749257378552456,68,136,400,10,2,100,0.0,0,0.3,0.0,0.0,1.0,0.7,1.0,1.0,0.25,1.0,0.25
noise_1.0,0.990176738626654,0.05069915134757503,1.0,-0.19375593303330205,69,137,400,10,2,100,0.0,0,0.3,0.0,0.0,1.0,0.7,1.0,1.0,0.25,1.0,0.25
noise_1.0,0.9331499295107835,0.049264934300267425,1.0,-1.356950363148128,70,138,400,10,2,100,0.0,0,0.3,0.0,0.0,1.0,0.7,1.0,1.0,0.25,1.0,0.25
noise_1.0,0.9786152074660771,0.05421496524666173,1.0,-0.3944444571093708,71,139,400,10,2,100,0.0,0,0.3,0.0,0.0,1.0,0.7,1.0,1.0,0.25,1.0,0.25
noise_1.0,0.9491068218876982,0.045757682440093164,1.0,-1.1122324252092988,72,140,400,10,2,100,0.0,0,0.3,0.0,0.0,1.0,0.7,1.0,1.0,0.25,1.0,0.25
noise_1.0,1.0265949617618633,0.046618181643352824,1.0,0.5704847513213845,73,141,400,10,2,100,0.0,0,0.3,0.0,0.0,1.0,0.7,1.0,1.0,0.25,1.0,0.25
noise_1.0,1.0240552755820278,0.049772941954260366,1.0,0.48330025587263414,74,142,400,10,2,100,0.0,0,0.3,0.0,0.0,1.0,0.7,1.0,1.0,0.25,1.0,0.25
noise_1.0,1.0376104427564043,0.05419318213180114,1.0,0.69400690782345,75,143,400,10,2,100,0.0,0,0.3,0.0,0.0,1.0,0.7,1.0,1.0,0.25,1.0,0.25
noise_1.0,0.9956477818504759,0.04906365820173936,1.0,-0.08870553703168109,76,144,400,10,2,100,0.0,0,0.3,0.0,0.0,1.0,0.7,1.0,1.0,0.25,1.0,0.25
noise_1.0,0.9527697306659069,0.04568465563234108,1.0,-1.0338322283567325,77,145,400,10,2,100,0.0,0,0.3,0.0,0.0,1.0,0.7,1.0,1.0,0.25,1.0,0.25
noise_1.0,0.9920089280277884,0.05061169077638367,1.0,-0.15788984421639565,78,146,400,10,2,100,0.0,0,0.3,0.0,0.0,1.0,0.7,1.0,1.0,0.25,1.0,0.25
noise_1.0,0.9816953642418478,0.05095359239660825,1.0,-0.3592413193494612,79,147,400,10,2,100,0.0,0,0.3,0.0,0.0,1.0,0.7,1.0,1.0,0.25,1.0,0.25
noise_1.0,1.0250125434020134,0.05097741305230337,1.0,0.4906593313464197,80,148,400,10,2,100,0.0,0,0.3,0.0,0.0,1.0,0.7,1.0,1.0,0.25,1.0,0.25
noise_1.0,0.8963740463795071,0.047068001408284085,1.0,-2.201622132233863,81,149,400,10,2,100,0.0,0,0.3,0.0,0.0,1.0,0.7,1.0,1.0,0.25,1.0,0.25
noise_1.0,1.032623161667697,0.04808839288598937,1.0,0.6783999154440838,82,150,400,10,2,100,0.0,0,0.3,0.0,0.0,1.0,0.7,1.0,1.0,0.25,1.0,0.25
noise_1.0,1.0713974567355447,0.04973374723581369,1.0,1.4355937507988688,83,151,400,10,2,100,0.0,0,0.3,0.0,0.0,1.0,0.7,1.0,1.0,0.25,1.0,0.25
noise_1.0,0.9929765491209304,0.04267279429237309,1.0,-0.16458849239982717,84,152,400,10,2,100,0.0,0,0.3,0.0,0.0,1.0,0.7,1.0,1.0,0.25,1.0,0.25
noise_1.0,0.9660861548671037,0.050963383982082826,1.0,-0.6654551264652947,85,153,400,10,2,100,0.0,0,0.3,0.0,0.0,1.0,0.7,1.0,1.0,0.25,1.0,0.25
noise_1.0,1.0320757873342874,0.052315946964363674,1.0,0.6131168256619082,86,154,400,10,2,100,0.0,0,0.3,0.0,0.0,1.0,0.7,1.0,1.0,0.25,1.0,0.25
noise_1.0,0.9915434813774738,0.049931881011528415,1.0,-0.1693611065958781,87,155,400,10,2,100,0.0,0,0.3,0.0,0.0,1.0,0.7,1.0,1.0,0.25,1.0,0.25
noise_1.0,0.9324603244615619,0.05124906352886837,1.0,-1.3178714085261927,88,156,400,10,2,100,0.0,0,0.3,0.0,0.0,1.0,0.7,1.0,1.0,0.25,1.0,0.25
noise_1.0,0.9666170841321581,0.050696329333384166,1.0,-0.6584878295292842,89,157,400,10,2,100,0.0,0,0.3,0.0,0.0,1.0,0.7,1.0,1.0,0.25,1.0,0.25
noise_1.0,0.9322732485168469,0.05101909753799837,1.0,-1.3274784296745172,90,158,400,10,2,100,0.0,0,0.3,0.0,0.0,1.0,0.7,1.0,1.0,0.25,1.0,0.25
noise_1.0,0.9238089361834182,0.05180792687071173,1.0,-1.4706449074235095,91,159,400,10,2,100,0.0,0,0.3,0.0,0.0,1.0,0.7,1.0,1.0,0.25,1.0,0.25
noise_1.0,0.9303525728281552,0.05156151330190458,1.0,-1.350763829681317,92,160,400,10,2,100,0.0,0,0.3,0.0,0.0,1.0,0.7,1.0,1.0,0.25,1.0,0.25
noise_1.0,0.9621626290050683,0.04913036422759356,1.0,-0.7701422855253475,93,161,400,10,2,100,0.0,0,0.3,0.0,0.0,1.0,0.7,1.0,1.0,0.25,1.0,0.25
noise_1.0,1.0098996039233612,0.048665835286493375,1.0,0.20341999402830999,94,162,400,10,2,100,0.0,0,0.3,0.0,0.0,1.0,0.7,1.0,1.0,0.25,1.0,0.25
noise_1.0,1.0092593411556712,0.05053761463978243,1.0,0.18321682219608293,95,163,400,10,2,100,0.0,0,0.3,0.0,0.0,1.0,0.7,1.0,1.0,0.25,1.0,0.25
noise_1.0,0.9642043445763926,0.05345033768722049,1.0,-0.6696993316127512,96,164,400,10,2,100,0.0,0,0.3,0.0,0.0,1.0,0.7,1.0,1.0,0.25,1.0,0.25
noise_1.0,0.9757489449183607,0.045227477521950055,1.0,-0.5362018049728644,97,165,400,10,2,100,0.0,0,0.3,0.0,0.0,1.0,0.7,1.0,1.0,0.25,1.0,0.25
noise_1.0,0.9716724949664433,0.05080705490508353,1.0,-0.5575506213945579,98,166,400,10,2,100,0.0,0,0.3,0.0,0.0,1.0,0.7,1.0,1.0,0.25,1.0,0.25
noise_1.0,0.9040578188173488,0.047595778543502054,1.0,-2.015770812425329,99,167,400,10,2,100,0.0,0,0.3,0.0,0.0,1.0,0.7,1.0,1.0,0.25,1.0,0.25
noise_2.0,1.0401357060793583,0.10084627722472539,1.0,0.3979889707769789,0,69,400,10,2,100,0.0,0,0.3,0.0,0.0,2.0,0.7,1.0,1.0,0.25,1.0,0.25
noise_2.0,0.99773848148845,0.09752303197270004,1.0,-0.02318958368914393,1,70,400,10,2,100,0.0,0,0.3,0.0,0.0,2.0,0.7,1.0,1.0,0.25,1.0,0.25
noise_2.0,0.967101561352599,0.11937783252291154,1.0,-0.2755824758427159,2,71,400,10,2,100,0.0,0,0.3,0.0,0.0,2.0,0.7,1.0,1.0,0.25,1.0,0.25
noise_2.0,0.8517548081407272,0.10155918453548722,1.0,-1.4596926170421576,3,72,400,10,2,100,0.0,0,0.3,0.0,0.0,2.0,0.7,1.0,1.0,0.25,1.0,0.25
noise_2.0,1.0921080325185981,0.10362664594914539,1.0,0.8888450617595014,4,73,400,10,2,100,0.0,0,0.3,0.0,0.0,2.0,0.7,1.0,1.0,0.25,1.0,0.25
noise_2.0,0.936726731968374,0.10133501264192137,1.0,-0.6243969027290619,5,74,400,10,2,100,0.0,0,0.3,0.0,0.0,2.0,0.7,1.0,1.0,0.25,1.0,0.25
noise_2.0,0.8641597132472938,0.09434847228639276,1.0,-1.4397719799888857,6,75,400,10,2,100,0.0,0,0.3,0.0,0.0,2.0,0.7,1.0,1.0,0.25,1.0,0.25
noise_2.0,1.0587850051124748,0.09507834216221707,1.0,0.6182796604949131,7,76,400,10,2,100,0.0,0,0.3,0.0,0.0,2.0,0.7,1.0,1.0,0.25,1.0,0.25
noise_2.0,0.9466253090586625,0.10284618466481708,1.0,-0.5189758970183421,8,77,400,10,2,100,0.0,0,0.3,0.0,0.0,2.0,0.7,1.0,1.0,0.25,1.0,0.25
noise_2.0,0.9213396125915791,0.09685566782841026,1.0,-0.8121402616083943,9,78,400,10,2,100,0.0,0,0.3,0.0,0.0,2.0,0.7,1.0,1.0,0.25,1.0,0.25
noise_2.0,0.9129911407437966,0.08835264581568675,1.0,-0.9847906472174399,10,79,400,10,2,100,0.0,0,0.3,0.0,0.0,2.0,0.7,1.0,1.0,0.25,1.0,0.25
noise_2.0,0.9287876120444651,0.09319621192533356,1.0,-0.7641124728608971,11,80,400,10,2,100,0.0,0,0.3,0.0,0.0,2.0,0.7,1.0,1.0,0.25,1.0,0.25
noise_2.0,0.9839823090461298,0.1068048024495553,1.0,-0.14997163597990318,12,81,400,10,2,100,0.0,0,0.3,0.0,0.0,2.0,0.7,1.0,1.0,0.25,1.0,0.25
noise_2.0,0.919185161713653,0.10535435281486635,1.0,-0.7670764057405259,13,82,400,10,2,100,0.0,0,0.3,0.0,0.0,2.0,0.7,1.0,1.0,0.25,1.0,0.25
noise_2.0,1.095648713500597,0.09571710690330416,1.0,0.9992854631223209,14,83,400,10,2,100,0.0,0,0.3,0.0,0.0,2.0,0.7,1.0,1.0,0.25,1.0,0.25
noise_2.0,1.080036121849402,0.08723780652885356,1.0,0.9174476644243716,15,84,400,10,2,100,0.0,0,0.3,0.0,0.0,2.0,0.7,1.0,1.0,0.25,1.0,0.25
noise_2.0,0.8037674606724473,0.09227287150128768,1.0,-2.126654737571641,16,85,400,10,2,100,0.0,0,0.3,0.0,0.0,2.0,0.7,1.0,1.0,0.25,1.0,0.25
noise_2.0,0.945101329267027,0.10815602891666404,1.0,-0.5075877071566058,17,86,400,10,2,100,0.0,0,0.3,0.0,0.0,2.0,0.7,1.0,1.0,0.25,1.0,0.25
noise_2.0,1.104204084748733,0.09797530246099925,1.0,1.0635750248407074,18,87,400,10,2,100,0.0,0,0.3,0.0,0.0,2.0,0.7,1.0,1.0,0.25,1.0,0.25
noise_2.0,0.8421866827152453,0.11161671755358105,1.0,-1.4138860266070554,19,88,400,10,2,100,0.0,0,0.3,0.0,0.0,2.0,0.7,1.0,1.0,0.25,1.0,0.25
noise_2.0,1.2409366147795637,0.1017117323457931,1.0,2.368818318426066,20,89,400,10,2,100,0.0,0,0.3,0.0,0.0,2.0,0.7,1.0,1.0,0.25,1.0,0.25
noise_2.0,1.0039840296542253,0.09682125238159771,1.0,0.04114829705489854,21,90,400,10,2,100,0.0,0,0.3,0.0,0.0,2.0,0.7,1.0,1.0,0.25,1.0,0.25
noise_2.0,1.0655016149884287,0.09980554060321467,1.0,0.6562923720721663,22,91,400,10,2,100,0.0,0,0.3,0.0,0.0,2.0,0.7,1.0,1.0,0.25,1.0,0.25
noise_2.0,0.9314246701070167,0.0954063327143752,1.0,-0.71877125911843,23,92,400,10,2,100,0.0,0,0.3,0.0,0.0,2.0,0.7,1.0,1.0,0.25,1.0,0.25
noise_2.0,1.1155621680315417,0.10594478768636659,1.0,1.0907772865017762,24,93,400,10,2,100,0.0,0,0.3,0.0,0.0,2.0,0.7,1.0,1.0,0.25,1.0,0.25
noise_2.0,1.1873576576810418,0.1180343391416168,1.0,1.5873148360347187,25,94,400,10,2,100,0.0,0,0.3,0.0,0.0,2.0,0.7,1.0,1.0,0.25,1.0,0.25
noise_2.0,0.9368966111444608,0.0994166633884528,1.0,-0.6347365391752693,26,95,400,10,2,100,0.0,0,0.3,0.0,0.0,2.0,0.7,1.0,1.0,0.25,1.0,0.25
noise_2.0,0.9287378781520802,0.11154080941486139,1.0,-0.6388883335324357,27,96,400,10,2,100,0.0,0,0.3,0.0,0.0,2.0,0.7,1.0,1.0,0.25,1.0,0.25
noise_2.0,1.0570731919311416,0.09877506821153861,1.0,0.5778096939291656,28,97,400,10,2,100,0.0,0,0.3,0.0,0.0,2.0,0.7,1.0,1.0,0.25,1.0,0.25
noise_2.0,0.8679995641078819,0.09020158319689754,1.0,-1.4633937810601332,29,98,400,10,2,100,0.0,0,0.3,0.0,0.0,2.0,0.7,1.0,1.0,0.25,1.0,0.25
noise_2.0,0.9098914191957447,0.09646323934935108,1.0,-0.9341235211676674,30,99,400,10,2,100,0.0,0,0.3,0.0,0.0,2.0,0.7,1.0,1.0,0.25,1.0,0.25
noise_2.0,0.9805704432895243,0.0909362225683112,1.0,-0.21366135695685276,31,100,400,10,2,100,0.0,0,0.3,0.0,0.0,2.0,0.7,1.0,1.0,0.25,1.0,0.25
noise_2.0,1.096559332753899,0.08898484997086649,1.0,1.0851210378565825,32,101,400,10,2,100,0.0,0,0.3,0.0,0.0,2.0,0.7,1.0,1.0,0.25,1.0,0.25
noise_2.0,0.9629029015843108,0.09780174090441698,1.0,-0.3793091827674593,33,102,400,10,2,100,0.0,0,0.3,0.0,0.0,2.0,0.7,1.0,1.0,0.25,1.0,0.25
noise_2.0,0.8152478869173975,0.08832737773705457,1.0,-2.091674380197256,34,103,400,10,2,100,0.0,0,0.3,0.0,0.0,2.0,0.7,1.0,1.0,0.25,1.0,0.25
noise_2.0,1.030148657877089,0.10336855417101276,1.0,0.29166179326849445,35,104,400,10,2,100,0.0,0,0.3,0.0,0.0,2.0,0.7,1.0,1.0,0.25,1.0,0.25
noise_2.0,0.9940935348679322,0.09643337535223276,1.0,-0.061249179658949625,36,105,400,10,2,100,0.0,0,0.3,0.0,0.0,2.0,0.7,1.0,1.0,0.25,1.0,0.25
noise_2.0,1.0167388287999308,0.09895835160085785,1.0,0.1691502387534285,37,106,400,10,2,100,0.0,0,0.3,0.0,0.0,2.0,0.7,1.0,1.0,0.25,1.0,0.25
noise_2.0,0.7878923019438548,0.09445854338920709,1.0,-2.2455109982183017,38,107,400,10,2,100,0.0,0,0.3,0.0,0.0,2.0,0.7,1.0,1.0,0.25,1.0,0.25
noise_2.0,1.0717208900411803,0.08495559419627828,1.0,0.8442162134194366,39,108,400,10,2,100,0.0,0,0.3,0.0,0.0,2.0,0.7,1.0,1.0,0.25,1.0,0.25
noise_2.0,0.7835827572946122,0.09421768873688567,1.0,-2.2969916329592754,40,109,400,10,2,100,0.0,0,0.3,0.0,0.0,2.0,0.7,1.0,1.0,0.25,1.0,0.25
noise_2.0,1.118589399858301,0.09936703251698784,1.0,1.1934481372182153,41,110,400,10,2,100,0.0,0,0.3,0.0,0.0,2.0,0.7,1.0,1.0,0.25,1.0,0.25
noise_2.0,0.941705892529108,0.0963319080020455,1.0,-0.6051380968147566,42,111,400,10,2,100,0.0,0,0.3,0.0,0.0,2.0,0.7,1.0,1.0,0.25,1.0,0.25
noise_2.0,0.848630073588675,0.09790692037980495,1.0,-1.5460595208604653,43,112,400,10,2,100,0.0,0,0.3,0.0,0.0,2.0,0.7,1.0,1.0,0.25,1.0,0.25
noise_2.0,0.9005018410133308,0.11039188286676897,1.0,-0.9013177092626704,44,113,400,10,2,100,0.0,0,0.3,0.0,0.0,2.0,0.7,1.0,1.0,0.25,1.0,0.25
noise_2.0,0.7710864323463514,0.09206506599434441,1.0,-2.4864324505856628,45,114,400,10,2,100,0.0,0,0.3,0.0,0.0,2.0,0.7,1.0,1.0,0.25,1.0,0.25
noise_2.0,1.1046118500297017,0.09400941386169197,1.0,1.1127805794386532,46,115,400,10,2,100,0.0,0,0.3,0.0,0.0,2.0,0.7,1.0,1.0,0.25,1.0,0.25
noise_2.0,0.9372112291020389,0.10596631183471517,1.0,-0.5925352105855884,47,116,400,10,2,100,0.0,0,0.3,0.0,0.0,2.0,0.7,1.0,1.0,0.25,1.0,0.25
noise_2.0,0.7633069819349713,0.09002578899038027,1.0,-2.629169049441162,48,117,400,10,2,100,0.0,0,0.3,0.0,0.0,2.0,0.7,1.0,1.0,0.25,1.0,0.25
noise_2.0,0.7604536950709344,0.08551302643092597,1.0,-2.801284376510304,49,118,400,10,2,100,0.0,0,0.3,0.0,0.0,2.0,0.7,1.0,1.0,0.25,1.0,0.25
noise_2.0,0.8621581406659419,0.08688627693142566,1.0,-1.5864629513685893,50,119,400,10,2,100,0.0,0,0.3,0.0,0.0,2.0,0.7,1.0,1.0,0.25,1.0,0.25
noise_2.0,0.8680148721838512,0.10249778980883968,1.0,-1.287687549773547,51,120,400,10,2,100,0.0,0,0.3,0.0,0.0,2.0,0.7,1.0,1.0,0.25,1.0,0.25
noise_2.0,1.0775515149009853,0.09387810807516986,1.0,0.8260873220718132,52,121,400,10,2,100,0.0,0,0.3,0.0,0.0,2.0,0.7,1.0,1.0,0.25,1.0,0.25
noise_2.0,1.0170673480493997,0.08964226961096788,1.0,0.1903939751131811,53,122,400,10,2,100,0.0,0,0.3,0.0,0.0,2.0,0.7,1.0,1.0,0.25,1.0,0.25
noise_2.0,0.9093971947499052,0.09607784510865122,1.0,-0.943014543546799,54,123,400,10,2,100,0.0,0,0.3,0.0,0.0,2.0,0.7,1.0,1.0,0.25,1.0,0.25
noise_2.0,0.8369444695390402,0.0931447186039702,1.0,-1.7505612009440297,55,124,400,10,2,100,0.0,0,0.3,0.0,0.0,2.0,0.7,1.0,1.0,0.25,1.0,0.25
noise_2.0,1.1347407511741001,0.10548868765009124,1.0,1.2773004781426303,56,125,400,10,2,100,0.0,0,0.3,0.0,0.0,2.0,0.7,1.0,1.0,0.25,1.0,0.25
noise_2.0,1.1143683047659094,0.09935040202894187,1.0,1.151160965937437,57,126,400,10,2,100,0.0,0,0.3,0.0,0.0,2.0,0.7,1.0,1.0,0.25,1.0,0.25
noise_2.0,1.0059124335062375,0.0907453455046972,1.0,0.06515412414107177,58,127,400,10,2,100,0.0,0,0.3,0.0,0.0,2.0,0.7,1.0,1.0,0.25,1.0,0.25
noise_2.0,1.0948441866856997,0.09824612436535783,1.0,0.9653733141980544,59,128,400,10,2,100,0.0,0,0.3,0.0,0.0,2.0,0.7,1.0,1.0,0.25,1.0,0.25
noise_2.0,0.9197808379210916,0.11057354262554477,1.0,-0.7254824271170287,60,129,400,10,2,100,0.0,0,0.3,0.0,0.0,2.0,0.7,1.0,1.0,0.25,1.0,0.25
noise_2.0,1.0250987129562628,0.10422240922065018,1.0,0.24081877538568555,61,130,400,10,2,100,0.0,0,0.3,0.0,0.0,2.0,0.7,1.0,1.0,0.25,1.0,0.25
noise_2.0,0.9465756735567892,0.09919980873447604,1.0,-0.5385527162276036,62,131,400,10,2,100,0.0,0,0.3,0.0,0.0,2.0,0.7,1.0,1.0,0.25,1.0,0.25
noise_2.0,0.7836249504964294,0.10000548956546403,1.0,-2.1636317210559777,63,132,400,10,2,100,0.0,0,0.3,0.0,0.0,2.0,0.7,1.0,1.0,0.25,1.0,0.25
noise_2.0,1.0120094807509448,0.0925909415667418,1.0,0.1297047048850674,64,133,400,10,2,100,0.0,0,0.3,0.0,0.0,2.0,0.7,1.0,1.0,0.25,1.0,0.25
noise_2.0,0.815148903324854,0.1044628770193384,1.0,-1.769538633718904,65,134,400,10,2,100,0.0,0,0.3,0.0,0.0,2.0,0.7,1.0,1.0,0.25,1.0,0.25
noise_2.0,0.9987441439459841,0.102338416911309,1.0,-0.012271599384855473,66,135,400,10,2,100,0.0,0,0.3,0.0,0.0,2.0,0.7,1.0,1.0,0.25,1.0,0.25
noise_2.0,1.0331555900131024,0.11872049939880286,1.0,0.2792743475726716,67,136,400,10,2,100,0.0,0,0.3,0.0,0.0,2.0,0.7,1.0,1.0,0.25,1.0,0.25
noise_2.0,0.9849406948710436,0.09858519070257331,1.0,-0.15275423237136654,68,137,400,10,2,100,0.0,0,0.3,0.0,0.0,2.0,0.7,1.0,1.0,0.25,1.0,0.25
noise_2.0,0.8881787368558147,0.09588365396874153,1.0,-1.1662182083782442,69,138,400,10,2,100,0.0,0,0.3,0.0,0.0,2.0,0.7,1.0,1.0,0.25,1.0,0.25
noise_2.0,1.0034276264256037,0.10045486463773413,1.0,0.03412105962179707,70,139,400,10,2,100,0.0,0,0.3,0.0,0.0,2.0,0.7,1.0,1.0,0.25,1.0,0.25
noise_2.0,0.9024954376599009,0.09139208633916547,1.0,-1.0668818958596653,71,140,400,10,2,100,0.0,0,0.3,0.0,0.0,2.0,0.7,1.0,1.0,0.25,1.0,0.25
noise_2.0,1.0318073536487116,0.09061827740021665,1.0,0.3510037330353791,72,141,400,10,2,100,0.0,0,0.3,0.0,0.0,2.0,0.7,1.0,1.0,0.25,1.0,0.25
noise_2.0,1.031794203840973,0.0957224225638063,1.0,0.33215001239422065,73,142,400,10,2,100,0.0,0,0.3,0.0,0.0,2.0,0.7,1.0,1.0,0.25,1.0,0.25
noise_2.0,1.099585724888343,0.10750570379274656,1.0,0.9263296864725239,74,143,400,10,2,100,0.0,0,0.3,0.0,0.0,2.0,0.7,1.0,1.0,0.25,1.0,0.25
noise_2.0,0.9887404065221881,0.09652533039032352,1.0,-0.11664910580757429,75,144,400,10,2,100,0.0,0,0.3,0.0,0.0,2.0,0.7,1.0,1.0,0.25,1.0,0.25
noise_2.0,0.9005094864310681,0.09160132764597623,1.0,-1.0861252355800568,76,145,400,10,2,100,0.0,0,0.3,0.0,0.0,2.0,0.7,1.0,1.0,0.25,1.0,0.25
noise_2.0,0.9973399031152484,0.10000638718234145,1.0,-0.026599269903645265,77,146,400,10,2,100,0.0,0,0.3,0.0,0.0,2.0,0.7,1.0,1.0,0.25,1.0,0.25
noise_2.0,0.9809476821624367,0.09691557613333772,1.0,-0.196586746916212,78,147,400,10,2,100,0.0,0,0.3,0.0,0.0,2.0,0.7,1.0,1.0,0.25,1.0,0.25
noise_2.0,1.073986116629726,0.09762179913739163,1.0,0.757885198628627,79,148,400,10,2,100,0.0,0,0.3,0.0,0.0,2.0,0.7,1.0,1.0,0.25,1.0,0.25
noise_2.0,0.8119208771899105,0.09158825860570056,1.0,-2.0535287565603224,80,149,400,10,2,100,0.0,0,0.3,0.0,0.0,2.0,0.7,1.0,1.0,0.25,1.0,0.25
noise_2.0,1.0982938878051731,0.0966489541168687,1.0,1.017019673966832,81,150,400,10,2,100,0.0,0,0.3,0.0,0.0,2.0,0.7,1.0,1.0,0.25,1.0,0.25
noise_2.0,1.1544139456835547,0.09902623379704908,1.0,1.5593236232736152,82,151,400,10,2,100,0.0,0,0.3,0.0,0.0,2.0,0.7,1.0,1.0,0.25,1.0,0.25
noise_2.0,0.9690558993534094,0.08576155213413299,1.0,-0.36081553885817413,83,152,400,10,2,100,0.0,0,0.3,0.0,0.0,2.0,0.7,1.0,1.0,0.25,1.0,0.25
noise_2.0,0.9467880930639105,0.10202213230073004,1.0,-0.5215721896425085,84,153,400,10,2,100,0.0,0,0.3,0.0,0.0,2.0,0.7,1.0,1.0,0.25,1.0,0.25
noise_2.0,1.0406685730345266,0.09932245254743681,1.0,0.40946001625466477,85,154,400,10,2,100,0.0,0,0.3,0.0,0.0,2.0,0.7,1.0,1.0,0.25,1.0,0.25
noise_2.0,0.9784655860904965,0.09655436283117094,1.0,-0.22302890597659747,86,155,400,10,2,100,0.0,0,0.3,0.0,0.0,2.0,0.7,1.0,1.0,0.25,1.0,0.25
noise_2.0,0.8929823590512271,0.09822342175351839,1.0,-1.089532812421488,87,156,400,10,2,100,0.0,0,0.3,0.0,0.0,2.0,0.7,1.0,1.0,0.25,1.0,0.25
noise_2.0,0.9515675749908526,0.0983607918337522,1.0,-0.49239563962647886,88,157,400,10,2,100,0.0,0,0.3,0.0,0.0,2.0,0.7,1.0,1.0,0.25,1.0,0.25
noise_2.0,0.8765033929244852,0.09913384972405462,1.0,-1.245756191444955,89,158,400,10,2,100,0.0,0,0.3,0.0,0.0,2.0,0.7,1.0,1.0,0.25,1.0,0.25
noise_2.0,0.8706413929328434,0.10094255129691018,1.0,-1.281507207863848,90,159,400,10,2,100,0.0,0,0.3,0.0,0.0,2.0,0.7,1.0,1.0,0.25,1.0,0.25
noise_2.0,0.8461436608371329,0.10017785545747067,1.0,-1.5358318308998442,91,160,400,10,2,100,0.0,0,0.3,0.0,0.0,2.0,0.7,1.0,1.0,0.25,1.0,0.25
noise_2.0,0.9504730240667586,0.09909798156449179,1.0,-0.4997778476548469,92,161,400,10,2,100,0.0,0,0.3,0.0,0.0,2.0,0.7,1.0,1.0,0.25,1.0,0.25
noise_2.0,1.0122761756334244,0.09352627106218325,1.0,0.1312591156902033,93,162,400,10,2,100,0.0,0,0.3,0.0,0.0,2.0,0.7,1.0,1.0,0.25,1.0,0.25
noise_2.0,1.041735613728374,0.10116207637920738,1.0,0.41256185343534746,94,163,400,10,2,100,0.0,0,0.3,0.0,0.0,2.0,0.7,1.0,1.0,0.25,1.0,0.25
noise_2.0,0.9066037938953779,0.10198076403627794,1.0,-0.915821792347015,95,164,400,10,2,100,0.0,0,0.3,0.0,0.0,2.0,0.7,1.0,1.0,0.25,1.0,0.25
noise_2.0,0.9491987853271128,0.08898837957108453,1.0,-0.5708747020424938,96,165,400,10,2,100,0.0,0,0.3,0.0,0.0,2.0,0.7,1.0,1.0,0.25,1.0,0.25
noise_2.0,0.980251011268152,0.09909842545560223,1.0,-0.19928660461609385,97,166,400,10,2,100,0.0,0,0.3,0.0,0.0,2.0,0.7,1.0,1.0,0.25,1.0,0.25
noise_2.0,0.8291606549298054,0.09410522271509184,1.0,-1.8154076908931938,98,167,400,10,2,100,0.0,0,0.3,0.0,0.0,2.0,0.7,1.0,1.0,0.25,1.0,0.25
noise_2.0,1.0863409384143028,0.09958293995972399,1.0,0.8670254006280906,99,168,400,10,2,100,0.0,0,0.3,0.0,0.0,2.0,0.7,1.0,1.0,0.25,1.0,0.25
rho_0.3,0.9638373575178919,0.04954261767749859,1.0,-0.7299299911343311,0,70,400,10,2,100,0.0,0,0.3,0.0,0.0,1.0,0.3,1.0,1.0,0.25,1.0,0.25
rho_0.3,0.9637866850227073,0.06162502520452765,1.0,-0.587639759287792,1,71,400,10,2,100,0.0,0,0.3,0.0,0.0,1.0,0.3,1.0,1.0,0.25,1.0,0.25
rho_0.3,0.9442414969011267,0.0498328922221077,1.0,-1.1189096320228589,2,72,400,10,2,100,0.0,0,0.3,0.0,0.0,1.0,0.3,1.0,1.0,0.25,1.0,0.25
rho_0.3,1.0876057636169525,0.05504426734534485,1.0,1.5915510886414115,3,73,400,10,2,100,0.0,0,0.3,0.0,0.0,1.0,0.3,1.0,1.0,0.25,1.0,0.25
rho_0.3,0.9870031163629519,0.047068197227014705,1.0,-0.27612877490002014,4,74,400,10,2,100,0.0,0,0.3,0.0,0.0,1.0,0.3,1.0,1.0,0.25,1.0,0.25
rho_0.3,0.9498948109274752,0.04964778796662602,1.0,-1.0092129201447255,5,75,400,10,2,100,0.0,0,0.3,0.0,0.0,1.0,0.3,1.0,1.0,0.25,1.0,0.25
rho_0.3,1.0448898691335262,0.04981358050547365,1.0,0.9011572482446548,6,76,400,10,2,100,0.0,0,0.3,0.0,0.0,1.0,0.3,1.0,1.0,0.25,1.0,0.25
rho_0.3,0.9912193857970092,0.05275468062941432,1.0,-0.1664423724725389,7,77,400,10,2,100,0.0,0,0.3,0.0,0.0,1.0,0.3,1.0,1.0,0.25,1.0,0.25
rho_0.3,0.9029771540360935,0.049740408433333286,1.0,-1.950584022524575,8,78,400,10,2,100,0.0,0,0.3,0.0,0.0,1.0,0.3,1.0,1.0,0.25,1.0,0.25
rho_0.3,0.9233228852497866,0.04675255152635091,1.0,-1.6400626756594512,9,79,400,10,2,100,0.0,0,0.3,0.0,0.0,1.0,0.3,1.0,1.0,0.25,1.0,0.25
rho_0.3,0.9924242749790778,0.04929526358155754,1.0,-0.1536805865413089,10,80,400,10,2,100,0.0,0,0.3,0.0,0.0,1.0,0.3,1.0,1.0,0.25,1.0,0.25
rho_0.3,0.9892655023853664,0.05310402130529621,1.0,-0.20214095563348702,11,81,400,10,2,100,0.0,0,0.3,0.0,0.0,1.0,0.3,1.0,1.0,0.25,1.0,0.25
rho_0.3,0.9961235899658936,0.054964155648269196,1.0,-0.07052614541943762,12,82,400,10,2,100,0.0,0,0.3,0.0,0.0,1.0,0.3,1.0,1.0,0.25,1.0,0.25
rho_0.3,1.0403590092615962,0.050711109662070125,1.0,0.7958612921417318,13,83,400,10,2,100,0.0,0,0.3,0.0,0.0,1.0,0.3,1.0,1.0,0.25,1.0,0.25
rho_0.3,1.0553620677618736,0.043970516188854454,1.0,1.2590725004021361,14,84,400,10,2,100,0.0,0,0.3,0.0,0.0,1.0,0.3,1.0,1.0,0.25,1.0,0.25
rho_0.3,0.8883456968956978,0.04890293145900855,1.0,-2.2831822095960277,15,85,400,10,2,100,0.0,0,0.3,0.0,0.0,1.0,0.3,1.0,1.0,0.25,1.0,0.25
rho_0.3,0.9939502596807019,0.05172179766523039,1.0,-0.11696693835846608,16,86,400,10,2,100,0.0,0,0.3,0.0,0.0,1.0,0.3,1.0,1.0,0.25,1.0,0.25
rho_0.3,1.0456116444642904,0.04746865845082136,1.0,0.96087915590758,17,87,400,10,2,100,0.0,0,0.3,0.0,0.0,1.0,0.3,1.0,1.0,0.25,1.0,0.25
rho_0.3,0.9539951834895173,0.056469006181035876,1.0,-0.8146914497307485,18,88,400,10,2,100,0.0,0,0.3,0.0,0.0,1.0,0.3,1.0,1.0,0.25,1.0,0.25
rho_0.3,1.0901346983414983,0.050583372985565866,1.0,1.781903677463711,19,89,400,10,2,100,0.0,0,0.3,0.0,0.0,1.0,0.3,1.0,1.0,0.25,1.0,0.25
rho_0.3,1.004106552552341,0.04789882383381009,1.0,0.08573389122432408,20,90,400,10,2,100,0.0,0,0.3,0.0,0.0,1.0,0.3,1.0,1.0,0.25,1.0,0.25
rho_0.3,1.0171573769508373,0.05019973595884679,1.0,0.3417822150479583,21,91,400,10,2,100,0.0,0,0.3,0.0,0.0,1.0,0.3,1.0,1.0,0.25,1.0,0.25
rho_0.3,0.9573608041896559,0.048691644580737506,1.0,-0.8756984114521422,22,92,400,10,2,100,0.0,0,0.3,0.0,0.0,1.0,0.3,1.0,1.0,0.25,1.0,0.25
rho_0.3,1.0501572279219624,0.05223093621716631,1.0,0.9602973171573681,23,93,400,10,2,100,0.0,0,0.3,0.0,0.0,1.0,0.3,1.0,1.0,0.25,1.0,0.25
rho_0.3,1.0756293142588558,0.06016214730895347,1.0,1.257091338021448,24,94,400,10,2,100,0.0,0,0.3,0.0,0.0,1.0,0.3,1.0,1.0,0.25,1.0,0.25
rho_0.3,0.981600841354506,0.050614119658035195,1.0,-0.3635182982496679,25,95,400,10,2,100,0.0,0,0.3,0.0,0.0,1.0,0.3,1.0,1.0,0.25,1.0,0.25
rho_0.3,0.9671091330722185,0.059085062691544975,1.0,-0.556669747470509,26,96,400,10,2,100,0.0,0,0.3,0.0,0.0,1.0,0.3,1.0,1.0,0.25,1.0,0.25
rho_0.3,1.0348409773447478,0.05251263378297352,1.0,0.663478002050708,27,97,400,10,2,100,0.0,0,0.3,0.0,0.0,1.0,0.3,1.0,1.0,0.25,1.0,0.25
rho_0.3,0.9569400698562746,0.04497554366424151,1.0,-0.9574076628218926,28,98,400,10,2,100,0.0,0,0.3,0.0,0.0,1.0,0.3,1.0,1.0,0.25,1.0,0.25
rho_0.3,1.0176327425625475,0.04919083360013515,1.0,0.3584558600059808,29,99,400,10,2,100,0.0,0,0.3,0.0,0.0,1.0,0.3,1.0,1.0,0.25,1.0,0.25
rho_0.3,0.9867076448491389,0.047299631406024764,1.0,-0.28102449756443615,30,100,400,10,2,100,0.0,0,0.3,0.0,0.0,1.0,0.3,1.0,1.0,0.25,1.0,0.25
rho_0.3,1.0596301996397417,0.04445439448779618,1.0,1.341379189319779,31,101,400,10,2,100,0.0,0,0.3,0.0,0.0,1.0,0.3,1.0,1.0,0.25,1.0,0.25
rho_0.3,0.9719785567583884,0.05388960085809026,1.0,-0.5199786748356447,32,102,400,10,2,100,0.0,0,0.3,0.0,0.0,1.0,0.3,1.0,1.0,0.25,1.0,0.25
rho_0.3,0.8935230902166742,0.04636257830488954,1.0,-2.2966132099710346,33,103,400,10,2,100,0.0,0,0.3,0.0,0.0,1.0,0.3,1.0,1.0,0.25,1.0,0.25
rho_0.3,0.9954233794330973,0.054597677170487476,1.0,-0.0838244556194515,34,104,400,10,2,100,0.0,0,0.3,0.0,0.0,1.0,0.3,1.0,1.0,0.25,1.0,0.25
rho_0.3,0.9867978618116375,0.048535687129650125,1.0,-0.2720088860202284,35,105,400,10,2,100,0.0,0,0.3,0.0,0.0,1.0,0.3,1.0,1.0,0.25,1.0,0.25
rho_0.3,0.9708415311079202,0.0508760443803295,1.0,-0.5731276723108126,36,106,400,10,2,100,0.0,0,0.3,0.0,0.0,1.0,0.3,1.0,1.0,0.25,1.0,0.25
rho_0.3,0.8964922099346346,0.04695327446945955,1.0,-2.204485016964926,37,107,400,10,2,100,0.0,0,0.3,0.0,0.0,1.0,0.3,1.0,1.0,0.25,1.0,0.25
rho_0.3,1.022827285572331,0.04576505512931618,1.0,0.4987929219757094,38,108,400,10,2,100,0.0,0,0.3,0.0,0.0,1.0,0.3,1.0,1.0,0.25,1.0,0.25
rho_0.3,0.8765064841421744,0.049140314307841104,1.0,-2.513079486716273,39,109,400,10,2,100,0.0,0,0.3,0.0,0.0,1.0,0.3,1.0,1.0,0.25,1.0,0.25
rho_0.3,1.044824247272584,0.05053903324155771,1.0,0.8869233223821432,40,110,400,10,2,100,0.0,0,0.3,0.0,0.0,1.0,0.3,1.0,1.0,0.25,1.0,0.25
rho_0.3,0.9767663778381662,0.04621516010652301,1.0,-0.5027272892332679,41,111,400,10,2,100,0.0,0,0.3,0.0,0.0,1.0,0.3,1.0,1.0,0.25,1.0,0.25
rho_0.3,0.9157304562737179,0.05160814036606054,1.0,-1.6328730918911578,42,112,400,10,2,100,0.0,0,0.3,0.0,0.0,1.0,0.3,1.0,1.0,0.25,1.0,0.25
rho_0.3,0.971698198542151,0.05462140933559104,1.0,-0.5181448410450971,43,113,400,10,2,100,0.0,0,0.3,0.0,0.0,1.0,0.3,1.0,1.0,0.25,1.0,0.25
rho_0.3,0.9168089764708005,0.049596559455464435,1.0,-1.6773547286864008,44,114,400,10,2,100,0.0,0,0.3,0.0,0.0,1.0,0.3,1.0,1.0,0.25,1.0,0.25
rho_0.3,1.0269716249123646,0.049569089213588435,1.0,0.5441218578002607,45,115,400,10,2,100,0.0,0,0.3,0.0,0.0,1.0,0.3,1.0,1.0,0.25,1.0,0.25
rho_0.3,1.0105033535048014,0.05764694654474958,1.0,0.18220138505771374,46,116,400,10,2,100,0.0,0,0.3,0.0,0.0,1.0,0.3,1.0,1.0,0.25,1.0,0.25
rho_0.3,0.9011747814867359,0.05017179328498027,1.0,-1.9697366197761363,47,117,400,10,2,100,0.0,0,0.3,0.0,0.0,1.0,0.3,1.0,1.0,0.25,1.0,0.25
rho_0.3,0.9096112741839332,0.04591520447325975,1.0,-1.9686011823971667,48,118,400,10,2,100,0.0,0,0.3,0.0,0.0,1.0,0.3,1.0,1.0,0.25,1.0,0.25
rho_0.3,0.9584089006004473,0.04519729132493537,1.0,-0.9202122114031845,49,119,400,10,2,100,0.0,0,0.3,0.0,0.0,1.0,0.3,1.0,1.0,0.25,1.0,0.25
rho_0.3,0.9540968885660079,0.05147130648692302,1.0,-0.8918194343027677,50,120,400,10,2,100,0.0,0,0.3,0.0,0.0,1.0,0.3,1.0,1.0,0.25,1.0,0.25
rho_0.3,1.0258780528117326,0.04547847120894866,1.0,0.5690176499741413,51,121,400,10,2,100,0.0,0,0.3,0.0,0.0,1.0,0.3,1.0,1.0,0.25,1.0,0.25
rho_0.3,1.0504180769575784,0.04592332415677725,1.0,1.0978751622042109,52,122,400,10,2,100,0.0,0,0.3,0.0,0.0,1.0,0.3,1.0,1.0,0.25,1.0,0.25
rho_0.3,0.9687829776295802,0.05167216927288494,1.0,-0.6041360912401441,53,123,400,10,2,100,0.0,0,0.3,0.0,0.0,1.0,0.3,1.0,1.0,0.25,1.0,0.25
rho_0.3,0.8952755488562285,0.04719305893597772,1.0,-2.2190646994474563,54,124,400,10,2,100,0.0,0,0.3,0.0,0.0,1.0,0.3,1.0,1.0,0.25,1.0,0.25
rho_0.3,1.0513013333668637,0.0539480189813434,1.0,0.9509400777923841,55,125,400,10,2,100,0.0,0,0.3,0.0,0.0,1.0,0.3,1.0,1.0,0.25,1.0,0.25
rho_0.3,1.0122124838698194,0.05143066623619449,1.0,0.23745529201845847,56,126,400,10,2,100,0.0,0,0.3,0.0,0.0,1.0,0.3,1.0,1.0,0.25,1.0,0.25
rho_0.3,1.0007259345885682,0.043692861626179184,1.0,0.016614489450908935,57,127,400,10,2,100,0.0,0,0.3,0.0,0.0,1.0,0.3,1.0,1.0,0.25,1.0,0.25
rho_0.3,0.996238595815675,0.0533796477342899,1.0,-0.07046513688228746,58,128,400,10,2,100,0.0,0,0.3,0.0,0.0,1.0,0.3,1.0,1.0,0.25,1.0,0.25
rho_0.3,0.9883223325033541,0.055351915583689335,1.0,-0.21097133447874705,59,129,400,10,2,100,0.0,0,0.3,0.0,0.0,1.0,0.3,1.0,1.0,0.25,1.0,0.25
rho_0.3,1.0148215446039806,0.05341189877239611,1.0,0.27749518262100237,60,130,400,10,2,100,0.0,0,0.3,0.0,0.0,1.0,0.3,1.0,1.0,0.25,1.0,0.25
rho_0.3,0.9854743939419874,0.049162945452544474,1.0,-0.2954584173975845,61,131,400,10,2,100,0.0,0,0.3,0.0,0.0,1.0,0.3,1.0,1.0,0.25,1.0,0.25
rho_0.3,0.8981122986268605,0.052190311237931435,1.0,-1.952234024982945,62,132,400,10,2,100,0.0,0,0.3,0.0,0.0,1.0,0.3,1.0,1.0,0.25,1.0,0.25
rho_0.3,1.004261065917509,0.04887022755656074,1.0,0.08719144826116196,63,133,400,10,2,100,0.0,0,0.3,0.0,0.0,1.0,0.3,1.0,1.0,0.25,1.0,0.25
rho_0.3,0.9262288759727779,0.05431229164779742,1.0,-1.3582767692000672,64,134,400,10,2,100,0.0,0,0.3,0.0,0.0,1.0,0.3,1.0,1.0,0.25,1.0,0.25
rho_0.3,0.9888751207683797,0.05210584041087878,1.0,-0.2135054178935694,65,135,400,10,2,100,0.0,0,0.3,0.0,0.0,1.0,0.3,1.0,1.0,0.25,1.0,0.25
rho_0.3,1.00909233969617,0.057461200462596895,1.0,0.15823441945123334,66,136,400,10,2,100,0.0,0,0.3,0.0,0.0,1.0,0.3,1.0,1.0,0.25,1.0,0.25
rho_0.3,0.984954406165777,0.04851383658920355,1.0,-0.31012995244270775,67,137,400,10,2,100,0.0,0,0.3,0.0,0.0,1.0,0.3,1.0,1.0,0.25,1.0,0.25
rho_0.3,0.9436581991466143,0.04901546186240267,1.0,-1.1494699572871452,68,138,400,10,2,100,0.0,0,0.3,0.0,0.0,1.0,0.3,1.0,1.0,0.25,1.0,0.25
rho_0.3,0.9986435711582923,0.048858618944566216,1.0,-0.02776232466264949,69,139,400,10,2,100,0.0,0,0.3,0.0,0.0,1.0,0.3,1.0,1.0,0.25,1.0,0.25
rho_0.3,0.9313624336319649,0.04825927122216535,1.0,-1.4222669474650094,70,140,400,10,2,100,0.0,0,0.3,0.0,0.0,1.0,0.3,1.0,1.0,0.25,1.0,0.25
rho_0.3,0.995995246451963,0.048214441956713906,1.0,-0.0830612859033477,71,141,400,10,2,100,0.0,0,0.3,0.0,0.0,1.0,0.3,1.0,1.0,0.25,1.0,0.25
rho_0.3,1.024909913799616,0.04857264090406351,1.0,0.5128383661249953,72,142,400,10,2,100,0.0,0,0.3,0.0,0.0,1.0,0.3,1.0,1.0,0.25,1.0,0.25
rho_0.3,1.0506987415694133,0.05134445136910716,1.0,0.9874239614510258,73,143,400,10,2,100,0.0,0,0.3,0.0,0.0,1.0,0.3,1.0,1.0,0.25,1.0,0.25
rho_0.3,0.9753118374393841,0.05090100486227738,1.0,-0.48502308800021826,74,144,400,10,2,100,0.0,0,0.3,0.0,0.0,1.0,0.3,1.0,1.0,0.25,1.0,0.25
rho_0.3,0.9526448040952887,0.04812371952613196,1.0,-0.9840302530854173,75,145,400,10,2,100,0.0,0,0.3,0.0,0.0,1.0,0.3,1.0,1.0,0.25,1.0,0.25
rho_0.3,1.0127870590886905,0.052375835098865994,1.0,0.24414043355210094,76,146,400,10,2,100,0.0,0,0.3,0.0,0.0,1.0,0.3,1.0,1.0,0.25,1.0,0.25
rho_0.3,0.9882097912908812,0.05055210178349305,1.0,-0.23322885286974834,77,147,400,10,2,100,0.0,0,0.3,0.0,0.0,1.0,0.3,1.0,1.0,0.25,1.0,0.25
rho_0.3,1.0332284062504147,0.049291557960925256,1.0,0.6741196185512279,78,148,400,10,2,100,0.0,0,0.3,0.0,0.0,1.0,0.3,1.0,1.0,0.25,1.0,0.25
rho_0.3,0.9419027045570446,0.049170188949441494,1.0,-1.18155526110939,79,149,400,10,2,100,0.0,0,0.3,0.0,0.0,1.0,0.3,1.0,1.0,0.25,1.0,0.25
rho_0.3,1.0057841409487742,0.047810938058037426,1.0,0.12097944913259981,80,150,400,10,2,100,0.0,0,0.3,0.0,0.0,1.0,0.3,1.0,1.0,0.25,1.0,0.25
rho_0.3,1.0201135004603947,0.04892380914116148,1.0,0.41111885630901274,81,151,400,10,2,100,0.0,0,0.3,0.0,0.0,1.0,0.3,1.0,1.0,0.25,1.0,0.25
rho_0.3,0.9843483729552465,0.04628301473954929,1.0,-0.33817215954558527,82,152,400,10,2,100,0.0,0,0.3,0.0,0.0,1.0,0.3,1.0,1.0,0.25,1.0,0.25
rho_0.3,0.9612224264302757,0.05179653496983944,1.0,-0.7486518855422296,83,153,400,10,2,100,0.0,0,0.3,0.0,0.0,1.0,0.3,1.0,1.0,0.25,1.0,0.25
rho_0.3,1.0264964231285676,0.05274623438092703,1.0,0.5023377202098178,84,154,400,10,2,100,0.0,0,0.3,0.0,0.0,1.0,0.3,1.0,1.0,0.25,1.0,0.25
rho_0.3,0.9753432627411124,0.0483360792865942,1.0,-0.5101104107491411,85,155,400,10,2,100,0.0,0,0.3,0.0,0.0,1.0,0.3,1.0,1.0,0.25,1.0,0.25
rho_0.3,0.9765934734742729,0.04976712098027591,1.0,-0.4703210887968326,86,156,400,10,2,100,0.0,0,0.3,0.0,0.0,1.0,0.3,1.0,1.0,0.25,1.0,0.25
rho_0.3,0.9728500054836995,0.053034850401627115,1.0,-0.5119274271671661,87,157,400,10,2,100,0.0,0,0.3,0.0,0.0,1.0,0.3,1.0,1.0,0.25,1.0,0.25
rho_0.3,0.908589457221954,0.05212341575866129,1.0,-1.753732779165693,88,158,400,10,2,100,0.0,0,0.3,0.0,0.0,1.0,0.3,1.0,1.0,0.25,1.0,0.25
rho_0.3,0.9536794535518619,0.05053794848826728,1.0,-0.9165497974040581,89,159,400,10,2,100,0.0,0,0.3,0.0,0.0,1.0,0.3,1.0,1.0,0.25,1.0,0.25
rho_0.3,0.9520430942129384,0.05260146274838669,1.0,-0.9117028934434421,90,160,400,10,2,100,0.0,0,0.3,0.0,0.0,1.0,0.3,1.0,1.0,0.25,1.0,0.25
rho_0.3,0.9696223096746966,0.050167390649822126,1.0,-0.6055266166292239,91,161,400,10,2,100,0.0,0,0.3,0.0,0.0,1.0,0.3,1.0,1.0,0.25,1.0,0.25
rho_0.3,0.9791255036334563,0.04953760681678657,1.0,-0.42138685552064387,92,162,400,10,2,100,0.0,0,0.3,0.0,0.0,1.0,0.3,1.0,1.0,0.25,1.0,0.25
rho_0.3,1.0436646850093325,0.04929747858182957,1.0,0.8857387084585452,93,163,400,10,2,100,0.0,0,0.3,0.0,0.0,1.0,0.3,1.0,1.0,0.25,1.0,0.25
rho_0.3,0.9293753306287657,0.054399383052055314,1.0,-1.298262322270326,94,164,400,10,2,100,0.0,0,0.3,0.0,0.0,1.0,0.3,1.0,1.0,0.25,1.0,0.25
rho_0.3,0.9812943898384551,0.04526818526338169,1.0,-0.4132175843301644,95,165,400,10,2,100,0.0,0,0.3,0.0,0.0,1.0,0.3,1.0,1.0,0.25,1.0,0.25
rho_0.3,0.9923597600620454,0.052057742368120004,1.0,-0.14676471914451394,96,166,400,10,2,100,0.0,0,0.3,0.0,0.0,1.0,0.3,1.0,1.0,0.25,1.0,0.25
rho_0.3,0.9117639970549049,0.04668670850984199,1.0,-1.8899598142904888,97,167,400,10,2,100,0.0,0,0.3,0.0,0.0,1.0,0.3,1.0,1.0,0.25,1.0,0.25
rho_0.3,1.039187226448273,0.050574831814975685,1.0,0.7748365153568222,98,168,400,10,2,100,0.0,0,0.3,0.0,0.0,1.0,0.3,1.0,1.0,0.25,1.0,0.25
rho_0.3,1.0228010762667255,0.05175955950660463,1.0,0.4405191327761587,99,169,400,10,2,100,0.0,0,0.3,0.0,0.0,1.0,0.3,1.0,1.0,0.25,1.0,0.25
rho_0.5,0.9797741278837362,0.06050451376174415,1.0,-0.3342869954448298,0,71,400,10,2,100,0.0,0,0.3,0.0,0.0,1.0,0.5,1.0,1.0,0.25,1.0,0.25
rho_0.5,0.9363422510912782,0.05186778092312956,1.0,-1.2273081241525543,1,72,400,10,2,100,0.0,0,0.3,0.0,0.0,1.0,0.5,1.0,1.0,0.25,1.0,0.25
rho_0.5,1.0516107506404535,0.053185391003745974,1.0,0.970393366795375,2,73,400,10,2,100,0.0,0,0.3,0.0,0.0,1.0,0.5,1.0,1.0,0.25,1.0,0.25
rho_0.5,0.9815120783356592,0.05006899426295558,1.0,-0.3692489121559883,3,74,400,10,2,100,0.0,0,0.3,0.0,0.0,1.0,0.5,1.0,1.0,0.25,1.0,0.25
rho_0.5,0.9346402571505452,0.04937174568260216,1.0,-1.323828881191182,4,75,400,10,2,100,0.0,0,0.3,0.0,0.0,1.0,0.5,1.0,1.0,0.25,1.0,0.25
rho_0.5,1.0428873555086022,0.05076414561475526,1.0,0.8448355623685798,5,76,400,10,2,100,0.0,0,0.3,0.0,0.0,1.0,0.5,1.0,1.0,0.25,1.0,0.25
rho_0.5,1.0000285341703776,0.051174843258130535,1.0,0.0005575819789754209,6,77,400,10,2,100,0.0,0,0.3,0.0,0.0,1.0,0.5,1.0,1.0,0.25,1.0,0.25
rho_0.5,0.931584321825831,0.05067435658254619,1.0,-1.350104525998728,7,78,400,10,2,100,0.0,0,0.3,0.0,0.0,1.0,0.5,1.0,1.0,0.25,1.0,0.25
rho_0.5,0.9456132057607595,0.04385510824097159,1.0,-1.2401473037165993,8,79,400,10,2,100,0.0,0,0.3,0.0,0.0,1.0,0.5,1.0,1.0,0.25,1.0,0.25
rho_0.5,0.9866600208377925,0.04699949333586961,1.0,-0.2838324036150102,9,80,400,10,2,100,0.0,0,0.3,0.0,0.0,1.0,0.5,1.0,1.0,0.25,1.0,0.25
rho_0.5,0.985735475094433,0.05277638618806556,1.0,-0.27028233526138296,10,81,400,10,2,100,0.0,0,0.3,0.0,0.0,1.0,0.5,1.0,1.0,0.25,1.0,0.25
rho_0.5,0.9672864886398505,0.052333809806522844,1.0,-0.6250932519740262,11,82,400,10,2,100,0.0,0,0.3,0.0,0.0,1.0,0.5,1.0,1.0,0.25,1.0,0.25
rho_0.5,1.0601741404194434,0.049987406810737114,1.0,1.2037859984870862,12,83,400,10,2,100,0.0,0,0.3,0.0,0.0,1.0,0.5,1.0,1.0,0.25,1.0,0.25
rho_0.5,1.034428944841665,0.045228277370407244,1.0,0.7612260922453751,13,84,400,10,2,100,0.0,0,0.3,0.0,0.0,1.0,0.5,1.0,1.0,0.25,1.0,0.25
rho_0.5,0.9082396333069445,0.04872983233112836,1.0,-1.8830429390671122,14,85,400,10,2,100,0.0,0,0.3,0.0,0.0,1.0,0.5,1.0,1.0,0.25,1.0,0.25
rho_0.5,0.9806393468037933,0.05104723886079643,1.0,-0.3792693518449131,15,86,400,10,2,100,0.0,0,0.3,0.0,0.0,1.0,0.5,1.0,1.0,0.25,1.0,0.25
rho_0.5,1.0531236480642296,0.04855204978460218,1.0,1.0941587080238433,16,87,400,10,2,100,0.0,0,0.3,0.0,0.0,1.0,0.5,1.0,1.0,0.25,1.0,0.25
rho_0.5,0.9378939100745508,0.05686309251014288,1.0,-1.0922038739692375,17,88,400,10,2,100,0.0,0,0.3,0.0,0.0,1.0,0.5,1.0,1.0,0.25,1.0,0.25
rho_0.5,1.1078275295572846,0.05079101553098322,1.0,2.1229646312448374,18,89,400,10,2,100,0.0,0,0.3,0.0,0.0,1.0,0.5,1.0,1.0,0.25,1.0,0.25
rho_0.5,1.0179865634062062,0.04972101522519386,1.0,0.36174972141542916,19,90,400,10,2,100,0.0,0,0.3,0.0,0.0,1.0,0.5,1.0,1.0,0.25,1.0,0.25
rho_0.5,0.9989418392146128,0.049752850434348864,1.0,-0.021268344952085124,20,91,400,10,2,100,0.0,0,0.3,0.0,0.0,1.0,0.5,1.0,1.0,0.25,1.0,0.25
rho_0.5,0.9602993945150939,0.04828165665529954,1.0,-0.8222709872683791,21,92,400,10,2,100,0.0,0,0.3,0.0,0.0,1.0,0.5,1.0,1.0,0.25,1.0,0.25
rho_0.5,1.043695439482028,0.05307995076183727,1.0,0.8232004524285185,22,93,400,10,2,100,0.0,0,0.3,0.0,0.0,1.0,0.5,1.0,1.0,0.25,1.0,0.25
rho_0.5,1.0975360781276875,0.06189530774868381,1.0,1.5758234618319928,23,94,400,10,2,100,0.0,0,0.3,0.0,0.0,1.0,0.5,1.0,1.0,0.25,1.0,0.25
rho_0.5,0.9613971546578218,0.04960991417308865,1.0,-0.7781276381066314,24,95,400,10,2,100,0.0,0,0.3,0.0,0.0,1.0,0.5,1.0,1.0,0.25,1.0,0.25
rho_0.5,0.9842935668421269,0.056779462805703396,1.0,-0.27662172873349977,25,96,400,10,2,100,0.0,0,0.3,0.0,0.0,1.0,0.5,1.0,1.0,0.25,1.0,0.25
rho_0.5,1.0284966697398008,0.04929270062534628,1.0,0.5781113507330908,26,97,400,10,2,100,0.0,0,0.3,0.0,0.0,1.0,0.5,1.0,1.0,0.25,1.0,0.25
rho_0.5,0.9257759425632195,0.046686481152813264,1.0,-1.5898404763861256,27,98,400,10,2,100,0.0,0,0.3,0.0,0.0,1.0,0.5,1.0,1.0,0.25,1.0,0.25
rho_0.5,0.9771789663949132,0.0487226138199488,1.0,-0.4683868909295471,28,99,400,10,2,100,0.0,0,0.3,0.0,0.0,1.0,0.5,1.0,1.0,0.25,1.0,0.25
rho_0.5,0.9585800942041288,0.04643244454452301,1.0,-0.8920466325255517,29,100,400,10,2,100,0.0,0,0.3,0.0,0.0,1.0,0.5,1.0,1.0,0.25,1.0,0.25
rho_0.5,1.0634192892171,0.043739020925367,1.0,1.4499476182906306,30,101,400,10,2,100,0.0,0,0.3,0.0,0.0,1.0,0.5,1.0,1.0,0.25,1.0,0.25
rho_0.5,0.974204786567227,0.051350691956551814,1.0,-0.502334290930267,31,102,400,10,2,100,0.0,0,0.3,0.0,0.0,1.0,0.5,1.0,1.0,0.25,1.0,0.25
rho_0.5,0.908595325786077,0.04550109332088294,1.0,-2.00884566815392,32,103,400,10,2,100,0.0,0,0.3,0.0,0.0,1.0,0.5,1.0,1.0,0.25,1.0,0.25
rho_0.5,1.0092641337228876,0.05147337787619854,1.0,0.17997912911737152,33,104,400,10,2,100,0.0,0,0.3,0.0,0.0,1.0,0.5,1.0,1.0,0.25,1.0,0.25
rho_0.5,0.9692968044183153,0.04866247038413601,1.0,-0.6309419834076883,34,105,400,10,2,100,0.0,0,0.3,0.0,0.0,1.0,0.5,1.0,1.0,0.25,1.0,0.25
rho_0.5,1.012914277271175,0.05201905086481891,1.0,0.2482605325640241,35,106,400,10,2,100,0.0,0,0.3,0.0,0.0,1.0,0.5,1.0,1.0,0.25,1.0,0.25
rho_0.5,0.8811930780445323,0.045246229982532485,1.0,-2.625786104197713,36,107,400,10,2,100,0.0,0,0.3,0.0,0.0,1.0,0.5,1.0,1.0,0.25,1.0,0.25
rho_0.5,1.0178339918491983,0.04440464039431234,1.0,0.4016245079530611,37,108,400,10,2,100,0.0,0,0.3,0.0,0.0,1.0,0.5,1.0,1.0,0.25,1.0,0.25
rho_0.5,0.9031620349560174,0.048052184748423266,1.0,-2.0152666429419757,38,109,400,10,2,100,0.0,0,0.3,0.0,0.0,1.0,0.5,1.0,1.0,0.25,1.0,0.25
rho_0.5,1.0470260898749488,0.05026133948418337,1.0,0.9356314486952216,39,110,400,10,2,100,0.0,0,0.3,0.0,0.0,1.0,0.5,1.0,1.0,0.25,1.0,0.25
rho_0.5,0.9648904533804546,0.04637895409046642,1.0,-0.7570146267434351,40,111,400,10,2,100,0.0,0,0.3,0.0,0.0,1.0,0.5,1.0,1.0,0.25,1.0,0.25
rho_0.5,0.9251859648554152,0.05006234154197212,1.0,-1.4944174171689706,41,112,400,10,2,100,0.0,0,0.3,0.0,0.0,1.0,0.5,1.0,1.0,0.25,1.0,0.25
rho_0.5,0.9715426435463234,0.05391711849327923,1.0,-0.5277981696522571,42,113,400,10,2,100,0.0,0,0.3,0.0,0.0,1.0,0.5,1.0,1.0,0.25,1.0,0.25
rho_0.5,0.8863410067755021,0.05019043420913782,1.0,-2.2645548900990544,43,114,400,10,2,100,0.0,0,0.3,0.0,0.0,1.0,0.5,1.0,1.0,0.25,1.0,0.25
rho_0.5,1.0356474109323706,0.05018129432678001,1.0,0.710372488605715,44,115,400,10,2,100,0.0,0,0.3,0.0,0.0,1.0,0.5,1.0,1.0,0.25,1.0,0.25
rho_0.5,1.00958899515067,0.057314272096191755,1.0,0.16730553839324014,45,116,400,10,2,100,0.0,0,0.3,0.0,0.0,1.0,0.5,1.0,1.0,0.25,1.0,0.25
rho_0.5,0.8878465559944638,0.04721722476838375,1.0,-2.3752654789790433,46,117,400,10,2,100,0.0,0,0.3,0.0,0.0,1.0,0.5,1.0,1.0,0.25,1.0,0.25
rho_0.5,0.8978174000591944,0.045801270247116596,1.0,-2.2309992580880103,47,118,400,10,2,100,0.0,0,0.3,0.0,0.0,1.0,0.5,1.0,1.0,0.25,1.0,0.25
rho_0.5,0.9415112646527729,0.044516600804728475,1.0,-1.3138634641891733,48,119,400,10,2,100,0.0,0,0.3,0.0,0.0,1.0,0.5,1.0,1.0,0.25,1.0,0.25
rho_0.5,0.9527478364224823,0.05067666442460627,1.0,-0.9324245017707642,49,120,400,10,2,100,0.0,0,0.3,0.0,0.0,1.0,0.5,1.0,1.0,0.25,1.0,0.25
rho_0.5,1.0449342832691835,0.048729150392618506,1.0,0.9221232651737371,50,121,400,10,2,100,0.0,0,0.3,0.0,0.0,1.0,0.5,1.0,1.0,0.25,1.0,0.25
rho_0.5,1.035047461626425,0.045153178574175896,1.0,0.7761903532184407,51,122,400,10,2,100,0.0,0,0.3,0.0,0.0,1.0,0.5,1.0,1.0,0.25,1.0,0.25
rho_0.5,0.9644829660433692,0.05154289378313826,1.0,-0.6890772199571339,52,123,400,10,2,100,0.0,0,0.3,0.0,0.0,1.0,0.5,1.0,1.0,0.25,1.0,0.25
rho_0.5,0.8896473397582868,0.048480611198716814,1.0,-2.276222545738739,53,124,400,10,2,100,0.0,0,0.3,0.0,0.0,1.0,0.5,1.0,1.0,0.25,1.0,0.25
rho_0.5,1.0593608479167624,0.055230963708479,1.0,1.0747747989711327,54,125,400,10,2,100,0.0,0,0.3,0.0,0.0,1.0,0.5,1.0,1.0,0.25,1.0,0.25
rho_0.5,1.03709574485673,0.05172654899835382,1.0,0.7171509713108932,55,126,400,10,2,100,0.0,0,0.3,0.0,0.0,1.0,0.5,1.0,1.0,0.25,1.0,0.25
rho_0.5,1.0024950092719043,0.044166883817503895,1.0,0.056490498225176246,56,127,400,10,2,100,0.0,0,0.3,0.0,0.0,1.0,0.5,1.0,1.0,0.25,1.0,0.25
rho_0.5,1.0200413567688882,0.05240379551412347,1.0,0.3824409391011915,57,128,400,10,2,100,0.0,0,0.3,0.0,0.0,1.0,0.5,1.0,1.0,0.25,1.0,0.25
rho_0.5,0.9596093695203028,0.0535243479910729,1.0,-0.7546216254037086,58,129,400,10,2,100,0.0,0,0.3,0.0,0.0,1.0,0.5,1.0,1.0,0.25,1.0,0.25
rho_0.5,1.007908415551252,0.05344695343508232,1.0,0.14796756490260596,59,130,400,10,2,100,0.0,0,0.3,0.0,0.0,1.0,0.5,1.0,1.0,0.25,1.0,0.25
rho_0.5,0.9717177511198779,0.04866644157321551,1.0,-0.5811447881919471,60,131,400,10,2,100,0.0,0,0.3,0.0,0.0,1.0,0.5,1.0,1.0,0.25,1.0,0.25
rho_0.5,0.8813321341628034,0.05357752318629616,1.0,-2.2148815170976204,61,132,400,10,2,100,0.0,0,0.3,0.0,0.0,1.0,0.5,1.0,1.0,0.25,1.0,0.25
rho_0.5,0.9922887605502634,0.04821112622860545,1.0,-0.15994729957503573,62,133,400,10,2,100,0.0,0,0.3,0.0,0.0,1.0,0.5,1.0,1.0,0.25,1.0,0.25
rho_0.5,0.9125628764254955,0.05531306332866904,1.0,-1.5807680557295296,63,134,400,10,2,100,0.0,0,0.3,0.0,0.0,1.0,0.5,1.0,1.0,0.25,1.0,0.25
rho_0.5,1.0144221470275976,0.05097992715205624,1.0,0.2828985413137429,64,135,400,10,2,100,0.0,0,0.3,0.0,0.0,1.0,0.5,1.0,1.0,0.25,1.0,0.25
rho_0.5,1.0078442419203844,0.05775782664067904,1.0,0.1358126227495483,65,136,400,10,2,100,0.0,0,0.3,0.0,0.0,1.0,0.5,1.0,1.0,0.25,1.0,0.25
rho_0.5,0.9805488061925568,0.05109639196938968,1.0,-0.3806764637921173,66,137,400,10,2,100,0.0,0,0.3,0.0,0.0,1.0,0.5,1.0,1.0,0.25,1.0,0.25
rho_0.5,0.9373990667273764,0.050163936504784616,1.0,-1.2479270494781198,67,138,400,10,2,100,0.0,0,0.3,0.0,0.0,1.0,0.5,1.0,1.0,0.25,1.0,0.25
rho_0.5,0.9829752718264289,0.050647402236704525,1.0,-0.33614217949431585,68,139,400,10,2,100,0.0,0,0.3,0.0,0.0,1.0,0.5,1.0,1.0,0.25,1.0,0.25
rho_0.5,0.9270804789556615,0.04786369673668062,1.0,-1.523482848504182,69,140,400,10,2,100,0.0,0,0.3,0.0,0.0,1.0,0.5,1.0,1.0,0.25,1.0,0.25
rho_0.5,1.02594013441317,0.04684925715565703,1.0,0.5536936119815881,70,141,400,10,2,100,0.0,0,0.3,0.0,0.0,1.0,0.5,1.0,1.0,0.25,1.0,0.25
rho_0.5,0.9982090130432714,0.05124669750308485,1.0,-0.034948338995324034,71,142,400,10,2,100,0.0,0,0.3,0.0,0.0,1.0,0.5,1.0,1.0,0.25,1.0,0.25
rho_0.5,1.0403750221601513,0.05350925395351842,1.0,0.754542797311726,72,143,400,10,2,100,0.0,0,0.3,0.0,0.0,1.0,0.5,1.0,1.0,0.25,1.0,0.25
rho_0.5,0.9872584717297327,0.04897749401848971,1.0,-0.2601506778900774,73,144,400,10,2,100,0.0,0,0.3,0.0,0.0,1.0,0.5,1.0,1.0,0.25,1.0,0.25
rho_0.5,0.9532718730564872,0.046280837801786635,1.0,-1.0096646725290894,74,145,400,10,2,100,0.0,0,0.3,0.0,0.0,1.0,0.5,1.0,1.0,0.25,1.0,0.25
rho_0.5,1.01619146365417,0.05123939584792369,1.0,0.31599638103122013,75,146,400,10,2,100,0.0,0,0.3,0.0,0.0,1.0,0.5,1.0,1.0,0.25,1.0,0.25
rho_0.5,1.0007257355175614,0.05173697494660255,1.0,0.01402740531912458,76,147,400,10,2,100,0.0,0,0.3,0.0,0.0,1.0,0.5,1.0,1.0,0.25,1.0,0.25
rho_0.5,1.0285586390084125,0.05181301707520881,1.0,0.5511865670157444,77,148,400,10,2,100,0.0,0,0.3,0.0,0.0,1.0,0.5,1.0,1.0,0.25,1.0,0.25
rho_0.5,0.9292041362622656,0.049227506057700154,1.0,-1.4381363064534227,78,149,400,10,2,100,0.0,0,0.3,0.0,0.0,1.0,0.5,1.0,1.0,0.25,1.0,0.25
rho_0.5,1.021487764192877,0.04964755046162181,1.0,0.4328061302739866,79,150,400,10,2,100,0.0,0,0.3,0.0,0.0,1.0,0.5,1.0,1.0,0.25,1.0,0.25
rho_0.5,1.0370057969323234,0.04907992918314828,1.0,0.7539904304717182,80,151,400,10,2,100,0.0,0,0.3,0.0,0.0,1.0,0.5,1.0,1.0,0.25,1.0,0.25
rho_0.5,0.9916229904230643,0.043934514971273285,1.0,-0.19067035524149953,81,152,400,10,2,100,0.0,0,0.3,0.0,0.0,1.0,0.5,1.0,1.0,0.25,1.0,0.25
rho_0.5,0.9664218727675596,0.05079799157893403,1.0,-0.6610128902490947,82,153,400,10,2,100,0.0,0,0.3,0.0,0.0,1.0,0.5,1.0,1.0,0.25,1.0,0.25
rho_0.5,1.0294114044070841,0.05430089692529751,1.0,0.5416375432535818,83,154,400,10,2,100,0.0,0,0.3,0.0,0.0,1.0,0.5,1.0,1.0,0.25,1.0,0.25
rho_0.5,0.9734779012802922,0.04975650593606114,1.0,-0.5330378052226903,84,155,400,10,2,100,0.0,0,0.3,0.0,0.0,1.0,0.5,1.0,1.0,0.25,1.0,0.25
rho_0.5,0.9693587455228732,0.05002561344888786,1.0,-0.6125113189952904,85,156,400,10,2,100,0.0,0,0.3,0.0,0.0,1.0,0.5,1.0,1.0,0.25,1.0,0.25
rho_0.5,0.9633279105378428,0.052727261103003596,1.0,-0.6955052983032367,86,157,400,10,2,100,0.0,0,0.3,0.0,0.0,1.0,0.5,1.0,1.0,0.25,1.0,0.25
rho_0.5,0.9221637503338204,0.048769159297730263,1.0,-1.5960137674508195,87,158,400,10,2,100,0.0,0,0.3,0.0,0.0,1.0,0.5,1.0,1.0,0.25,1.0,0.25
rho_0.5,0.9533650206423064,0.05364037037865448,1.0,-0.8694007708837778,88,159,400,10,2,100,0.0,0,0.3,0.0,0.0,1.0,0.5,1.0,1.0,0.25,1.0,0.25
rho_0.5,0.9456124437544089,0.05024947595205062,1.0,-1.0823507154082392,89,160,400,10,2,100,0.0,0,0.3,0.0,0.0,1.0,0.5,1.0,1.0,0.25,1.0,0.25
rho_0.5,0.9560273714148526,0.05096716104653819,1.0,-0.8627639382345805,90,161,400,10,2,100,0.0,0,0.3,0.0,0.0,1.0,0.5,1.0,1.0,0.25,1.0,0.25
rho_0.5,0.9784242686683714,0.04773162721496399,1.0,-0.45202170113455825,91,162,400,10,2,100,0.0,0,0.3,0.0,0.0,1.0,0.5,1.0,1.0,0.25,1.0,0.25
rho_0.5,1.0087280045056486,0.05143380773085821,1.0,0.16969392099687264,92,163,400,10,2,100,0.0,0,0.3,0.0,0.0,1.0,0.5,1.0,1.0,0.25,1.0,0.25
rho_0.5,0.9592385727300555,0.05329836038212152,1.0,-0.7647782591754464,93,164,400,10,2,100,0.0,0,0.3,0.0,0.0,1.0,0.5,1.0,1.0,0.25,1.0,0.25
rho_0.5,0.9799885514653738,0.04647981966775488,1.0,-0.43054058035661985,94,165,400,10,2,100,0.0,0,0.3,0.0,0.0,1.0,0.5,1.0,1.0,0.25,1.0,0.25
rho_0.5,0.9595274686221524,0.052568006448638,1.0,-0.7699080507721285,95,166,400,10,2,100,0.0,0,0.3,0.0,0.0,1.0,0.5,1.0,1.0,0.25,1.0,0.25
rho_0.5,0.9043920575230906,0.04716093431585275,1.0,-2.0272698975086167,96,167,400,10,2,100,0.0,0,0.3,0.0,0.0,1.0,0.5,1.0,1.0,0.25,1.0,0.25
rho_0.5,1.036223035585633,0.0511804647810361,1.0,0.7077512043043174,97,168,400,10,2,100,0.0,0,0.3,0.0,0.0,1.0,0.5,1.0,1.0,0.25,1.0,0.25
rho_0.5,1.0501529623224402,0.05250940949808104,1.0,0.9551233350714599,98,169,400,10,2,100,0.0,0,0.3,0.0,0.0,1.0,0.5,1.0,1.0,0.25,1.0,0.25
rho_0.5,1.009900050812216,0.04373737401475413,1.0,0.22635219958281858,99,170,400,10,2,100,0.0,0,0.3,0.0,0.0,1.0,0.5,1.0,1.0,0.25,1.0,0.25
rho_0.7,0.9223936807322464,0.052054504486281676,1.0,-1.4908665452421284,0,72,400,10,2,100,0.0,0,0.3,0.0,0.0,1.0,0.7,1.0,1.0,0.25,1.0,0.25
rho_0.7,1.0405773513342154,0.0540470196872709,1.0,0.7507787028592087,1,73,400,10,2,100,0.0,0,0.3,0.0,0.0,1.0,0.7,1.0,1.0,0.25,1.0,0.25
rho_0.7,0.9653340630857913,0.05204977423198055,1.0,-0.6660151254394718,2,74,400,10,2,100,0.0,0,0.3,0.0,0.0,1.0,0.7,1.0,1.0,0.25,1.0,0.25
rho_0.7,0.9295071786005842,0.048271130643021985,1.0,-1.4603515695691742,3,75,400,10,2,100,0.0,0,0.3,0.0,0.0,1.0,0.7,1.0,1.0,0.25,1.0,0.25
rho_0.7,1.0486458728137924,0.04946756712827867,1.0,0.9833892313249313,4,76,400,10,2,100,0.0,0,0.3,0.0,0.0,1.0,0.7,1.0,1.0,0.25,1.0,0.25
rho_0.7,0.9907629027718277,0.05386598856794496,1.0,-0.17148292408150909,5,77,400,10,2,100,0.0,0,0.3,0.0,0.0,1.0,0.7,1.0,1.0,0.25,1.0,0.25
rho_0.7,0.9524316128136474,0.049508007043493944,1.0,-0.9608220978186952,6,78,400,10,2,100,0.0,0,0.3,0.0,0.0,1.0,0.7,1.0,1.0,0.25,1.0,0.25
rho_0.7,0.9409067499325718,0.04501559816854594,1.0,-1.3127283091112805,7,79,400,10,2,100,0.0,0,0.3,0.0,0.0,1.0,0.7,1.0,1.0,0.25,1.0,0.25
rho_0.7,0.9630878485173607,0.045786594553248,1.0,-0.8061781366970171,8,80,400,10,2,100,0.0,0,0.3,0.0,0.0,1.0,0.7,1.0,1.0,0.25,1.0,0.25
rho_0.7,0.9930397367781707,0.05367594521578441,1.0,-0.1296719264811848,9,81,400,10,2,100,0.0,0,0.3,0.0,0.0,1.0,0.7,1.0,1.0,0.25,1.0,0.25
rho_0.7,0.9660474684285105,0.055508533963068804,1.0,-0.6116632731478538,10,82,400,10,2,100,0.0,0,0.3,0.0,0.0,1.0,0.7,1.0,1.0,0.25,1.0,0.25
rho_0.7,1.059283949536781,0.048598183696684095,1.0,1.2198799425671945,11,83,400,10,2,100,0.0,0,0.3,0.0,0.0,1.0,0.7,1.0,1.0,0.25,1.0,0.25
rho_0.7,1.037390468155136,0.04406907290411391,1.0,0.848451435238738,12,84,400,10,2,100,0.0,0,0.3,0.0,0.0,1.0,0.7,1.0,1.0,0.25,1.0,0.25
rho_0.7,0.8966799975891255,0.04691981764495693,1.0,-2.2020546454954006,13,85,400,10,2,100,0.0,0,0.3,0.0,0.0,1.0,0.7,1.0,1.0,0.25,1.0,0.25
rho_0.7,0.9795832120246382,0.0537566856186918,1.0,-0.3797999772564604,14,86,400,10,2,100,0.0,0,0.3,0.0,0.0,1.0,0.7,1.0,1.0,0.25,1.0,0.25
rho_0.7,1.0590698194606558,0.04878237830453163,1.0,1.210884370825531,15,87,400,10,2,100,0.0,0,0.3,0.0,0.0,1.0,0.7,1.0,1.0,0.25,1.0,0.25
rho_0.7,0.9195082309361581,0.05787870682250363,1.0,-1.3906974340440201,16,88,400,10,2,100,0.0,0,0.3,0.0,0.0,1.0,0.7,1.0,1.0,0.25,1.0,0.25
rho_0.7,1.1403599252430563,0.05171335896268764,1.0,2.714190840790852,17,89,400,10,2,100,0.0,0,0.3,0.0,0.0,1.0,0.7,1.0,1.0,0.25,1.0,0.25
rho_0.7,0.9949145449471484,0.05033155859958331,1.0,-0.1010390934504804,18,90,400,10,2,100,0.0,0,0.3,0.0,0.0,1.0,0.7,1.0,1.0,0.25,1.0,0.25
rho_0.7,1.0368849830422138,0.05106026082084411,1.0,0.7223814067780158,19,91,400,10,2,100,0.0,0,0.3,0.0,0.0,1.0,0.7,1.0,1.0,0.25,1.0,0.25
rho_0.7,0.953114442843956,0.04800733119934779,1.0,-0.9766332763084528,20,92,400,10,2,100,0.0,0,0.3,0.0,0.0,1.0,0.7,1.0,1.0,0.25,1.0,0.25
rho_0.7,1.0657079519231791,0.053248687524947026,1.0,1.2339825632771688,21,93,400,10,2,100,0.0,0,0.3,0.0,0.0,1.0,0.7,1.0,1.0,0.25,1.0,0.25
rho_0.7,1.0835483656847298,0.06023176443047237,1.0,1.3871146972819064,22,94,400,10,2,100,0.0,0,0.3,0.0,0.0,1.0,0.7,1.0,1.0,0.25,1.0,0.25
rho_0.7,0.9736546232957591,0.05047641859524116,1.0,-0.5219343494929466,23,95,400,10,2,100,0.0,0,0.3,0.0,0.0,1.0,0.7,1.0,1.0,0.25,1.0,0.25
rho_0.7,0.9613866319906839,0.05721536276609848,1.0,-0.6748776227666516,24,96,400,10,2,100,0.0,0,0.3,0.0,0.0,1.0,0.7,1.0,1.0,0.25,1.0,0.25
rho_0.7,1.0085733424056111,0.0531924334427267,1.0,0.16117597655768504,25,97,400,10,2,100,0.0,0,0.3,0.0,0.0,1.0,0.7,1.0,1.0,0.25,1.0,0.25
rho_0.7,0.9297823340850712,0.04617184098660882,1.0,-1.520789823721649,26,98,400,10,2,100,0.0,0,0.3,0.0,0.0,1.0,0.7,1.0,1.0,0.25,1.0,0.25
rho_0.7,0.9696385263249092,0.04795665350795616,1.0,-0.6331024259241468,27,99,400,10,2,100,0.0,0,0.3,0.0,0.0,1.0,0.7,1.0,1.0,0.25,1.0,0.25
rho_0.7,0.9882254554772152,0.04709202193366344,1.0,-0.25003268153087843,28,100,400,10,2,100,0.0,0,0.3,0.0,0.0,1.0,0.7,1.0,1.0,0.25,1.0,0.25
rho_0.7,1.046066360698775,0.04458859608465437,1.0,1.0331422099793186,29,101,400,10,2,100,0.0,0,0.3,0.0,0.0,1.0,0.7,1.0,1.0,0.25,1.0,0.25
rho_0.7,0.9846884499535973,0.04896484736789228,1.0,-0.31270494792643766,30,102,400,10,2,100,0.0,0,0.3,0.0,0.0,1.0,0.7,1.0,1.0,0.25,1.0,0.25
rho_0.7,0.8885186392227163,0.04644846266103886,1.0,-2.4001087310645186,31,103,400,10,2,100,0.0,0,0.3,0.0,0.0,1.0,0.7,1.0,1.0,0.25,1.0,0.25
rho_0.7,1.0061138692164346,0.05101756545711993,1.0,0.1198385136894336,32,104,400,10,2,100,0.0,0,0.3,0.0,0.0,1.0,0.7,1.0,1.0,0.25,1.0,0.25
rho_0.7,0.9809759323735223,0.049634490977780756,1.0,-0.3832832220440005,33,105,400,10,2,100,0.0,0,0.3,0.0,0.0,1.0,0.7,1.0,1.0,0.25,1.0,0.25
rho_0.7,0.9970279041628901,0.050500984621259674,1.0,-0.05885223544450874,34,106,400,10,2,100,0.0,0,0.3,0.0,0.0,1.0,0.7,1.0,1.0,0.25,1.0,0.25
rho_0.7,0.8768074195839195,0.04815255665433771,1.0,-2.5583808830840757,35,107,400,10,2,100,0.0,0,0.3,0.0,0.0,1.0,0.7,1.0,1.0,0.25,1.0,0.25
rho_0.7,1.0180610262892216,0.043461264319559066,1.0,0.4155660580056684,36,108,400,10,2,100,0.0,0,0.3,0.0,0.0,1.0,0.7,1.0,1.0,0.25,1.0,0.25
rho_0.7,0.8609585327024888,0.048008818911642305,1.0,-2.8961651306900444,37,109,400,10,2,100,0.0,0,0.3,0.0,0.0,1.0,0.7,1.0,1.0,0.25,1.0,0.25
rho_0.7,1.062730038300832,0.05117246808380744,1.0,1.225855243059534,38,110,400,10,2,100,0.0,0,0.3,0.0,0.0,1.0,0.7,1.0,1.0,0.25,1.0,0.25
rho_0.7,0.9533339245345277,0.04896324482982432,1.0,-0.9530838004642866,39,111,400,10,2,100,0.0,0,0.3,0.0,0.0,1.0,0.7,1.0,1.0,0.25,1.0,0.25
rho_0.7,0.9185616237397138,0.0508530489380056,1.0,-1.6014453009408895,40,112,400,10,2,100,0.0,0,0.3,0.0,0.0,1.0,0.7,1.0,1.0,0.25,1.0,0.25
rho_0.7,0.9525357455901864,0.054767189461064195,1.0,-0.8666549238126875,41,113,400,10,2,100,0.0,0,0.3,0.0,0.0,1.0,0.7,1.0,1.0,0.25,1.0,0.25
rho_0.7,0.8746117041885987,0.04649444414264402,1.0,-2.6968447117404515,42,114,400,10,2,100,0.0,0,0.3,0.0,0.0,1.0,0.7,1.0,1.0,0.25,1.0,0.25
rho_0.7,1.0582504367899446,0.04794860595619071,1.0,1.214851519211348,43,115,400,10,2,100,0.0,0,0.3,0.0,0.0,1.0,0.7,1.0,1.0,0.25,1.0,0.25
rho_0.7,0.965290136296765,0.05458363147566756,1.0,-0.6359024265123894,44,116,400,10,2,100,0.0,0,0.3,0.0,0.0,1.0,0.7,1.0,1.0,0.25,1.0,0.25
rho_0.7,0.8984035089147291,0.04549713287602573,1.0,-2.233030625514563,45,117,400,10,2,100,0.0,0,0.3,0.0,0.0,1.0,0.7,1.0,1.0,0.25,1.0,0.25
rho_0.7,0.8743646105508011,0.0435124074297001,1.0,-2.8873463196027274,46,118,400,10,2,100,0.0,0,0.3,0.0,0.0,1.0,0.7,1.0,1.0,0.25,1.0,0.25
rho_0.7,0.932003469203661,0.04515379837393436,1.0,-1.5058872840161985,47,119,400,10,2,100,0.0,0,0.3,0.0,0.0,1.0,0.7,1.0,1.0,0.25,1.0,0.25
rho_0.7,0.9424481758092795,0.051288907650494577,1.0,-1.1221105464539076,48,120,400,10,2,100,0.0,0,0.3,0.0,0.0,1.0,0.7,1.0,1.0,0.25,1.0,0.25
rho_0.7,1.0294764067995943,0.04783198708538961,1.0,0.6162488450871388,49,121,400,10,2,100,0.0,0,0.3,0.0,0.0,1.0,0.7,1.0,1.0,0.25,1.0,0.25
rho_0.7,1.0011706462820835,0.04539112412287237,1.0,0.02579020248352117,50,122,400,10,2,100,0.0,0,0.3,0.0,0.0,1.0,0.7,1.0,1.0,0.25,1.0,0.25
rho_0.7,0.9386107388363858,0.04987880849458265,1.0,-1.2307683967687744,51,123,400,10,2,100,0.0,0,0.3,0.0,0.0,1.0,0.7,1.0,1.0,0.25,1.0,0.25
rho_0.7,0.9067392958367774,0.04771121438573558,1.0,-1.9546914779663453,52,124,400,10,2,100,0.0,0,0.3,0.0,0.0,1.0,0.7,1.0,1.0,0.25,1.0,0.25
rho_0.7,1.0672721016881201,0.05467913848242575,1.0,1.2303065402126236,53,125,400,10,2,100,0.0,0,0.3,0.0,0.0,1.0,0.7,1.0,1.0,0.25,1.0,0.25
rho_0.7,1.0328729988826129,0.05060642069996713,1.0,0.6495815832838423,54,126,400,10,2,100,0.0,0,0.3,0.0,0.0,1.0,0.7,1.0,1.0,0.25,1.0,0.25
rho_0.7,0.9998236938055203,0.04587214381000357,1.0,-0.0038434260934034894,55,127,400,10,2,100,0.0,0,0.3,0.0,0.0,1.0,0.7,1.0,1.0,0.25,1.0,0.25
rho_0.7,1.053966055798135,0.05050906480734923,1.0,1.0684429815513576,56,128,400,10,2,100,0.0,0,0.3,0.0,0.0,1.0,0.7,1.0,1.0,0.25,1.0,0.25
rho_0.7,0.9371164702318937,0.05721515956111786,1.0,-1.099071124689138,57,129,400,10,2,100,0.0,0,0.3,0.0,0.0,1.0,0.7,1.0,1.0,0.25,1.0,0.25
rho_0.7,1.0105561684958688,0.05455988628259793,1.0,0.19347856484143278,58,130,400,10,2,100,0.0,0,0.3,0.0,0.0,1.0,0.7,1.0,1.0,0.25,1.0,0.25
rho_0.7,0.9739692622983841,0.04948392207590282,1.0,-0.5260443515711558,59,131,400,10,2,100,0.0,0,0.3,0.0,0.0,1.0,0.7,1.0,1.0,0.25,1.0,0.25
rho_0.7,0.8830512847435878,0.050432775161017886,1.0,-2.3189030324630617,60,132,400,10,2,100,0.0,0,0.3,0.0,0.0,1.0,0.7,1.0,1.0,0.25,1.0,0.25
rho_0.7,1.0196440595533025,0.046551320994078035,1.0,0.42198715597784003,61,133,400,10,2,100,0.0,0,0.3,0.0,0.0,1.0,0.7,1.0,1.0,0.25,1.0,0.25
rho_0.7,0.895935102728015,0.055609469602570606,1.0,-1.8713520919317395,62,134,400,10,2,100,0.0,0,0.3,0.0,0.0,1.0,0.7,1.0,1.0,0.25,1.0,0.25
rho_0.7,1.014901000860696,0.052727276599172285,1.0,0.2826051679849122,63,135,400,10,2,100,0.0,0,0.3,0.0,0.0,1.0,0.7,1.0,1.0,0.25,1.0,0.25
rho_0.7,1.0276259615818186,0.059093904654179207,1.0,0.46749257378552456,64,136,400,10,2,100,0.0,0,0.3,0.0,0.0,1.0,0.7,1.0,1.0,0.25,1.0,0.25
rho_0.7,0.990176738626654,0.05069915134757503,1.0,-0.19375593303330205,65,137,400,10,2,100,0.0,0,0.3,0.0,0.0,1.0,0.7,1.0,1.0,0.25,1.0,0.25
rho_0.7,0.9331499295107835,0.049264934300267425,1.0,-1.356950363148128,66,138,400,10,2,100,0.0,0,0.3,0.0,0.0,1.0,0.7,1.0,1.0,0.25,1.0,0.25
rho_0.7,0.9786152074660771,0.05421496524666173,1.0,-0.3944444571093708,67,139,400,10,2,100,0.0,0,0.3,0.0,0.0,1.0,0.7,1.0,1.0,0.25,1.0,0.25
rho_0.7,0.9491068218876982,0.045757682440093164,1.0,-1.1122324252092988,68,140,400,10,2,100,0.0,0,0.3,0.0,0.0,1.0,0.7,1.0,1.0,0.25,1.0,0.25
rho_0.7,1.0265949617618633,0.046618181643352824,1.0,0.5704847513213845,69,141,400,10,2,100,0.0,0,0.3,0.0,0.0,1.0,0.7,1.0,1.0,0.25,1.0,0.25
rho_0.7,1.0240552755820278,0.049772941954260366,1.0,0.48330025587263414,70,142,400,10,2,100,0.0,0,0.3,0.0,0.0,1.0,0.7,1.0,1.0,0.25,1.0,0.25
rho_0.7,1.0376104427564043,0.05419318213180114,1.0,0.69400690782345,71,143,400,10,2,100,0.0,0,0.3,0.0,0.0,1.0,0.7,1.0,1.0,0.25,1.0,0.25
rho_0.7,0.9956477818504759,0.04906365820173936,1.0,-0.08870553703168109,72,144,400,10,2,100,0.0,0,0.3,0.0,0.0,1.0,0.7,1.0,1.0,0.25,1.0,0.25
rho_0.7,0.9527697306659069,0.04568465563234108,1.0,-1.0338322283567325,73,145,400,10,2,100,0.0,0,0.3,0.0,0.0,1.0,0.7,1.0,1.0,0.25,1.0,0.25
rho_0.7,0.9920089280277884,0.05061169077638367,1.0,-0.15788984421639565,74,146,400,10,2,100,0.0,0,0.3,0.0,0.0,1.0,0.7,1.0,1.0,0.25,1.0,0.25
rho_0.7,0.9816953642418478,0.05095359239660825,1.0,-0.3592413193494612,75,147,400,10,2,100,0.0,0,0.3,0.0,0.0,1.0,0.7,1.0,1.0,0.25,1.0,0.25
rho_0.7,1.0250125434020134,0.05097741305230337,1.0,0.4906593313464197,76,148,400,10,2,100,0.0,0,0.3,0.0,0.0,1.0,0.7,1.0,1.0,0.25,1.0,0.25
rho_0.7,0.8963740463795071,0.047068001408284085,1.0,-2.201622132233863,77,149,400,10,2,100,0.0,0,0.3,0.0,0.0,1.0,0.7,1.0,1.0,0.25,1.0,0.25
rho_0.7,1.032623161667697,0.04808839288598937,1.0,0.6783999154440838,78,150,400,10,2,100,0.0,0,0.3,0.0,0.0,1.0,0.7,1.0,1.0,0.25,1.0,0.25
rho_0.7,1.0713974567355447,0.04973374723581369,1.0,1.4355937507988688,79,151,400,10,2,100,0.0,0,0.3,0.0,0.0,1.0,0.7,1.0,1.0,0.25,1.0,0.25
rho_0.7,0.9929765491209304,0.04267279429237309,1.0,-0.16458849239982717,80,152,400,10,2,100,0.0,0,0.3,0.0,0.0,1.0,0.7,1.0,1.0,0.25,1.0,0.25
rho_0.7,0.9660861548671037,0.050963383982082826,1.0,-0.6654551264652947,81,153,400,10,2,100,0.0,0,0.3,0.0,0.0,1.0,0.7,1.0,1.0,0.25,1.0,0.25
rho_0.7,1.0320757873342874,0.052315946964363674,1.0,0.6131168256619082,82,154,400,10,2,100,0.0,0,0.3,0.0,0.0,1.0,0.7,1.0,1.0,0.25,1.0,0.25
rho_0.7,0.9915434813774738,0.049931881011528415,1.0,-0.1693611065958781,83,155,400,10,2,100,0.0,0,0.3,0.0,0.0,1.0,0.7,1.0,1.0,0.25,1.0,0.25
rho_0.7,0.9324603244615619,0.05124906352886837,1.0,-1.3178714085261927,84,156,400,10,2,100,0.0,0,0.3,0.0,0.0,1.0,0.7,1.0,1.0,0.25,1.0,0.25
rho_0.7,0.9666170841321581,0.050696329333384166,1.0,-0.6584878295292842,85,157,400,10,2,100,0.0,0,0.3,0.0,0.0,1.0,0.7,1.0,1.0,0.25,1.0,0.25
rho_0.7,0.9322732485168469,0.05101909753799837,1.0,-1.3274784296745172,86,158,400,10,2,100,0.0,0,0.3,0.0,0.0,1.0,0.7,1.0,1.0,0.25,1.0,0.25
rho_0.7,0.9238089361834182,0.05180792687071173,1.0,-1.4706449074235095,87,159,400,10,2,100,0.0,0,0.3,0.0,0.0,1.0,0.7,1.0,1.0,0.25,1.0,0.25
rho_0.7,0.9303525728281552,0.05156151330190458,1.0,-1.350763829681317,88,160,400,10,2,100,0.0,0,0.3,0.0,0.0,1.0,0.7,1.0,1.0,0.25,1.0,0.25
rho_0.7,0.9621626290050683,0.04913036422759356,1.0,-0.7701422855253475,89,161,400,10,2,100,0.0,0,0.3,0.0,0.0,1.0,0.7,1.0,1.0,0.25,1.0,0.25
rho_0.7,1.0098996039233612,0.048665835286493375,1.0,0.20341999402830999,90,162,400,10,2,100,0.0,0,0.3,0.0,0.0,1.0,0.7,1.0,1.0,0.25,1.0,0.25
rho_0.7,1.0092593411556712,0.05053761463978243,1.0,0.18321682219608293,91,163,400,10,2,100,0.0,0,0.3,0.0,0.0,1.0,0.7,1.0,1.0,0.25,1.0,0.25
rho_0.7,0.9642043445763926,0.05345033768722049,1.0,-0.6696993316127512,92,164,400,10,2,100,0.0,0,0.3,0.0,0.0,1.0,0.7,1.0,1.0,0.25,1.0,0.25
rho_0.7,0.9757489449183607,0.045227477521950055,1.0,-0.5362018049728644,93,165,400,10,2,100,0.0,0,0.3,0.0,0.0,1.0,0.7,1.0,1.0,0.25,1.0,0.25
rho_0.7,0.9716724949664433,0.05080705490508353,1.0,-0.5575506213945579,94,166,400,10,2,100,0.0,0,0.3,0.0,0.0,1.0,0.7,1.0,1.0,0.25,1.0,0.25
rho_0.7,0.9040578188173488,0.047595778543502054,1.0,-2.015770812425329,95,167,400,10,2,100,0.0,0,0.3,0.0,0.0,1.0,0.7,1.0,1.0,0.25,1.0,0.25
rho_0.7,1.0279953285725318,0.05084107619328354,1.0,0.5506439019131192,96,168,400,10,2,100,0.0,0,0.3,0.0,0.0,1.0,0.7,1.0,1.0,0.25,1.0,0.25
rho_0.7,0.9972785542691381,0.05209797953207471,1.0,-0.052237068602370096,97,169,400,10,2,100,0.0,0,0.3,0.0,0.0,1.0,0.7,1.0,1.0,0.25,1.0,0.25
rho_0.7,1.021844267823513,0.042716450290554854,1.0,0.5113783489716359,98,170,400,10,2,100,0.0,0,0.3,0.0,0.0,1.0,0.7,1.0,1.0,0.25,1.0,0.25
rho_0.7,0.9934840855382684,0.05251358236827844,1.0,-0.12408055531301246,99,171,400,10,2,100,0.0,0,0.3,0.0,0.0,1.0,0.7,1.0,1.0,0.25,1.0,0.25
s1_0.5,1.0879616960081775,0.1022965129806079,1.0,0.8598699353989923,0,73,400,10,2,100,0.0,0,0.3,0.0,0.0,1.0,0.7,0.5,1.0,0.25,1.0,0.25
s1_0.5,0.9364896588730071,0.10018260146980239,1.0,-0.6339458168905365,1,74,400,10,2,100,0.0,0,0.3,0.0,0.0,1.0,0.7,0.5,1.0,0.25,1.0,0.25
s1_0.5,0.8855437275858893,0.09602719166369456,1.0,-1.1919152318330655,2,75,400,10,2,100,0.0,0,0.3,0.0,0.0,1.0,0.7,0.5,1.0,0.25,1.0,0.25
s1_0.5,1.0900744156760793,0.09570467117717016,1.0,0.941170525619716,3,76,400,10,2,100,0.0,0,0.3,0.0,0.0,1.0,0.7,0.5,1.0,0.25,1.0,0.25
s1_0.5,1.010726064775867,0.10222523792915961,1.0,0.10492579908006563,4,77,400,10,2,100,0.0,0,0.3,0.0,0.0,1.0,0.7,0.5,1.0,0.25,1.0,0.25
s1_0.5,0.9072236716236901,0.09879144646880648,1.0,-0.9391129666838528,5,78,400,10,2,100,0.0,0,0.3,0.0,0.0,1.0,0.7,0.5,1.0,0.25,1.0,0.25
s1_0.5,0.8992114336723924,0.08813677464464593,1.0,-1.1435472506677462,6,79,400,10,2,100,0.0,0,0.3,0.0,0.0,1.0,0.7,0.5,1.0,0.25,1.0,0.25
s1_0.5,0.8912419370389415,0.0921449561074464,1.0,-1.1802931767012863,7,80,400,10,2,100,0.0,0,0.3,0.0,0.0,1.0,0.7,0.5,1.0,0.25,1.0,0.25
s1_0.5,0.9533997000814323,0.1039273307185409,1.0,-0.4483931185028898,8,81,400,10,2,100,0.0,0,0.3,0.0,0.0,1.0,0.7,0.5,1.0,0.25,1.0,0.25
s1_0.5,0.9264748898541678,0.10851519223957914,1.0,-0.677555912940779,9,82,400,10,2,100,0.0,0,0.3,0.0,0.0,1.0,0.7,0.5,1.0,0.25,1.0,0.25
s1_0.5,1.1176822433099611,0.09462072363330545,1.0,1.243725885737554,10,83,400,10,2,100,0.0,0,0.3,0.0,0.0,1.0,0.7,0.5,1.0,0.25,1.0,0.25
s1_0.5,1.0781892131165922,0.08961391873740787,1.0,0.8725119291536283,11,84,400,10,2,100,0.0,0,0.3,0.0,0.0,1.0,0.7,0.5,1.0,0.25,1.0,0.25
s1_0.5,0.8076483727104803,0.0939758479191834,1.0,-2.046819811138461,12,85,400,10,2,100,0.0,0,0.3,0.0,0.0,1.0,0.7,0.5,1.0,0.25,1.0,0.25
s1_0.5,0.9148247630907228,0.10251906892838654,1.0,-0.8308233560799828,13,86,400,10,2,100,0.0,0,0.3,0.0,0.0,1.0,0.7,0.5,1.0,0.25,1.0,0.25
s1_0.5,1.0854058745339397,0.09553867049020145,1.0,0.8939403709066579,14,87,400,10,2,100,0.0,0,0.3,0.0,0.0,1.0,0.7,0.5,1.0,0.25,1.0,0.25
s1_0.5,0.8376311727552102,0.10864916258835175,1.0,-1.4944323856408386,15,88,400,10,2,100,0.0,0,0.3,0.0,0.0,1.0,0.7,0.5,1.0,0.25,1.0,0.25
s1_0.5,1.2722019913315519,0.10082075995941546,1.0,2.6998605390509303,16,89,400,10,2,100,0.0,0,0.3,0.0,0.0,1.0,0.7,0.5,1.0,0.25,1.0,0.25
s1_0.5,0.9890838670996387,0.09749484406358785,1.0,-0.11196625837199775,17,90,400,10,2,100,0.0,0,0.3,0.0,0.0,1.0,0.7,0.5,1.0,0.25,1.0,0.25
s1_0.5,1.0606732074555296,0.09757401905567319,1.0,0.621817242363575,18,91,400,10,2,100,0.0,0,0.3,0.0,0.0,1.0,0.7,0.5,1.0,0.25,1.0,0.25
s1_0.5,0.8791780167049112,0.09378148161682333,1.0,-1.2883351938152219,19,92,400,10,2,100,0.0,0,0.3,0.0,0.0,1.0,0.7,0.5,1.0,0.25,1.0,0.25
s1_0.5,1.1424573693274764,0.10434272155370523,1.0,1.3652832435864113,20,93,400,10,2,100,0.0,0,0.3,0.0,0.0,1.0,0.7,0.5,1.0,0.25,1.0,0.25
s1_0.5,1.1440057360422957,0.11812447107145187,1.0,1.219101636909668,21,94,400,10,2,100,0.0,0,0.3,0.0,0.0,1.0,0.7,0.5,1.0,0.25,1.0,0.25
s1_0.5,0.9741678254409704,0.09839373800380599,1.0,-0.2625388066670505,22,95,400,10,2,100,0.0,0,0.3,0.0,0.0,1.0,0.7,0.5,1.0,0.25,1.0,0.25
s1_0.5,0.9698115781130172,0.11143952974599551,1.0,-0.2708950940101,23,96,400,10,2,100,0.0,0,0.3,0.0,0.0,1.0,0.7,0.5,1.0,0.25,1.0,0.25
s1_0.5,1.0546034209902153,0.10060497908969747,1.0,0.5427506817682647,24,97,400,10,2,100,0.0,0,0.3,0.0,0.0,1.0,0.7,0.5,1.0,0.25,1.0,0.25
s1_0.5,0.8604142834785943,0.09555686914744844,1.0,-1.4607606733747087,25,98,400,10,2,100,0.0,0,0.3,0.0,0.0,1.0,0.7,0.5,1.0,0.25,1.0,0.25
s1_0.5,0.9370468740517469,0.09341430997030736,1.0,-0.6739130864239467,26,99,400,10,2,100,0.0,0,0.3,0.0,0.0,1.0,0.7,0.5,1.0,0.25,1.0,0.25
s1_0.5,0.9865967729136472,0.09070572335542527,1.0,-0.14776605698664663,27,100,400,10,2,100,0.0,0,0.3,0.0,0.0,1.0,0.7,0.5,1.0,0.25,1.0,0.25
s1_0.5,1.0564240747772258,0.08962432523873101,1.0,0.6295620594847413,28,101,400,10,2,100,0.0,0,0.3,0.0,0.0,1.0,0.7,0.5,1.0,0.25,1.0,0.25
s1_0.5,0.9506252633784846,0.09949999830651325,1.0,-0.4962285172047416,29,102,400,10,2,100,0.0,0,0.3,0.0,0.0,1.0,0.7,0.5,1.0,0.25,1.0,0.25
s1_0.5,0.7944891830083437,0.08806442204160014,1.0,-2.3336418070691076,30,103,400,10,2,100,0.0,0,0.3,0.0,0.0,1.0,0.7,0.5,1.0,0.25,1.0,0.25
s1_0.5,1.0037719958965974,0.10189909029096447,1.0,0.037016973221515086,31,104,400,10,2,100,0.0,0,0.3,0.0,0.0,1.0,0.7,0.5,1.0,0.25,1.0,0.25
s1_0.5,0.9786810442971313,0.09557974274086167,1.0,-0.22304889186267426,32,105,400,10,2,100,0.0,0,0.3,0.0,0.0,1.0,0.7,0.5,1.0,0.25,1.0,0.25
s1_0.5,0.9974048840332225,0.10015421831606769,1.0,-0.025911199851691068,33,106,400,10,2,100,0.0,0,0.3,0.0,0.0,1.0,0.7,0.5,1.0,0.25,1.0,0.25
s1_0.5,0.782674110973187,0.09473673255002486,1.0,-2.2939981481001164,34,107,400,10,2,100,0.0,0,0.3,0.0,0.0,1.0,0.7,0.5,1.0,0.25,1.0,0.25
s1_0.5,1.0460996994748077,0.0835849165937003,1.0,0.551531321122144,35,108,400,10,2,100,0.0,0,0.3,0.0,0.0,1.0,0.7,0.5,1.0,0.25,1.0,0.25
s1_0.5,0.7889117257813175,0.09183057867502502,1.0,-2.2986708486907506,36,109,400,10,2,100,0.0,0,0.3,0.0,0.0,1.0,0.7,0.5,1.0,0.25,1.0,0.25
s1_0.5,1.1646970115878785,0.10106369224551996,1.0,1.6296358061782505,37,110,400,10,2,100,0.0,0,0.3,0.0,0.0,1.0,0.7,0.5,1.0,0.25,1.0,0.25
s1_0.5,0.9564907006638624,0.08967877967982446,1.0,-0.4851682805171589,38,111,400,10,2,100,0.0,0,0.3,0.0,0.0,1.0,0.7,0.5,1.0,0.25,1.0,0.25
s1_0.5,0.8717729106548721,0.0999750172923693,1.0,-1.2825913194907246,39,112,400,10,2,100,0.0,0,0.3,0.0,0.0,1.0,0.7,0.5,1.0,0.25,1.0,0.25
s1_0.5,0.9108088797698425,0.10840647807065104,1.0,-0.8227471440593207,40,113,400,10,2,100,0.0,0,0.3,0.0,0.0,1.0,0.7,0.5,1.0,0.25,1.0,0.25
s1_0.5,0.744494442236388,0.09345702784041249,1.0,-2.7339362664080653,41,114,400,10,2,100,0.0,0,0.3,0.0,0.0,1.0,0.7,0.5,1.0,0.25,1.0,0.25
s1_0.5,1.0680326312452002,0.09783740034721314,1.0,0.6953642574696445,42,115,400,10,2,100,0.0,0,0.3,0.0,0.0,1.0,0.7,0.5,1.0,0.25,1.0,0.25
s1_0.5,0.9756993652695332,0.10375145141937331,1.0,-0.2342197087175325,43,116,400,10,2,100,0.0,0,0.3,0.0,0.0,1.0,0.7,0.5,1.0,0.25,1.0,0.25
s1_0.5,0.807914194764605,0.09209239169347802,1.0,-2.0857945124797808,44,117,400,10,2,100,0.0,0,0.3,0.0,0.0,1.0,0.7,0.5,1.0,0.25,1.0,0.25
s1_0.5,0.7880714084189607,0.08590847973189063,1.0,-2.4669112087938383,45,118,400,10,2,100,0.0,0,0.3,0.0,0.0,1.0,0.7,0.5,1.0,0.25,1.0,0.25
s1_0.5,0.8976754957625577,0.0891698863424359,1.0,-1.1475230981509745,46,119,400,10,2,100,0.0,0,0.3,0.0,0.0,1.0,0.7,0.5,1.0,0.25,1.0,0.25
s1_0.5,0.8591739920945215,0.102748748153026,1.0,-1.370586118438574,47,120,400,10,2,100,0.0,0,0.3,0.0,0.0,1.0,0.7,0.5,1.0,0.25,1.0,0.25
s1_0.5,1.099282326817791,0.09401459778060413,1.0,1.0560309692488368,48,121,400,10,2,100,0.0,0,0.3,0.0,0.0,1.0,0.7,0.5,1.0,0.25,1.0,0.25
s1_0.5,0.9774010956347164,0.09048753078176563,1.0,-0.2497460608112595,49,122,400,10,2,100,0.0,0,0.3,0.0,0.0,1.0,0.7,0.5,1.0,0.25,1.0,0.25
s1_0.5,0.9152374131533425,0.09128706298716616,1.0,-0.9285279214051839,50,123,400,10,2,100,0.0,0,0.3,0.0,0.0,1.0,0.7,0.5,1.0,0.25,1.0,0.25
s1_0.5,0.869707601005373,0.08997495806614732,1.0,-1.4480962458336384,51,124,400,10,2,100,0.0,0,0.3,0.0,0.0,1.0,0.7,0.5,1.0,0.25,1.0,0.25
s1_0.5,1.0674104831074704,0.1062884999623786,1.0,0.6342217938095914,52,125,400,10,2,100,0.0,0,0.3,0.0,0.0,1.0,0.7,0.5,1.0,0.25,1.0,0.25
s1_0.5,1.0691493153797462,0.09801844248541945,1.0,0.7054724970765823,53,126,400,10,2,100,0.0,0,0.3,0.0,0.0,1.0,0.7,0.5,1.0,0.25,1.0,0.25
s1_0.5,1.0240541542650488,0.08659197953437588,1.0,0.27778732388834665,54,127,400,10,2,100,0.0,0,0.3,0.0,0.0,1.0,0.7,0.5,1.0,0.25,1.0,0.25
s1_0.5,1.0710949384360748,0.09975078670019255,1.0,0.7127255913254628,55,128,400,10,2,100,0.0,0,0.3,0.0,0.0,1.0,0.7,0.5,1.0,0.25,1.0,0.25
s1_0.5,0.8918514294650144,0.1131163885348052,1.0,-0.9560822435708242,56,129,400,10,2,100,0.0,0,0.3,0.0,0.0,1.0,0.7,0.5,1.0,0.25,1.0,0.25
s1_0.5,1.061770572946479,0.10489068803893105,1.0,0.5889042592947085,57,130,400,10,2,100,0.0,0,0.3,0.0,0.0,1.0,0.7,0.5,1.0,0.25,1.0,0.25
s1_0.5,0.9220893907727165,0.09475524024379872,1.0,-0.8222300848673372,58,131,400,10,2,100,0.0,0,0.3,0.0,0.0,1.0,0.7,0.5,1.0,0.25,1.0,0.25
s1_0.5,0.7988582819167934,0.099670056450806,1.0,-2.0180756913936713,59,132,400,10,2,100,0.0,0,0.3,0.0,0.0,1.0,0.7,0.5,1.0,0.25,1.0,0.25
s1_0.5,1.0306042199636276,0.09521826943831528,1.0,0.3214112180798851,60,133,400,10,2,100,0.0,0,0.3,0.0,0.0,1.0,0.7,0.5,1.0,0.25,1.0,0.25
s1_0.5,0.8152386921178096,0.10753220607982926,1.0,-1.71819508422461,61,134,400,10,2,100,0.0,0,0.3,0.0,0.0,1.0,0.7,0.5,1.0,0.25,1.0,0.25
s1_0.5,1.0323533756310779,0.10270184412313925,1.0,0.31502234363276144,62,135,400,10,2,100,0.0,0,0.3,0.0,0.0,1.0,0.7,0.5,1.0,0.25,1.0,0.25
s1_0.5,0.9720042777440997,0.11906223433372237,1.0,-0.23513519977653388,63,136,400,10,2,100,0.0,0,0.3,0.0,0.0,1.0,0.7,0.5,1.0,0.25,1.0,0.25
s1_0.5,0.9820946317234908,0.0965892323480805,1.0,-0.18537644250016722,64,137,400,10,2,100,0.0,0,0.3,0.0,0.0,1.0,0.7,0.5,1.0,0.25,1.0,0.25
s1_0.5,0.8897210383129902,0.0966844044739345,1.0,-1.1406075497599024,65,138,400,10,2,100,0.0,0,0.3,0.0,0.0,1.0,0.7,0.5,1.0,0.25,1.0,0.25
s1_0.5,1.0045413698195336,0.10368763663374757,1.0,0.04379856622226718,66,139,400,10,2,100,0.0,0,0.3,0.0,0.0,1.0,0.7,0.5,1.0,0.25,1.0,0.25
s1_0.5,0.8822380839988848,0.09427307104005088,1.0,-1.2491575240090071,67,140,400,10,2,100,0.0,0,0.3,0.0,0.0,1.0,0.7,0.5,1.0,0.25,1.0,0.25
s1_0.5,1.0528536219439775,0.09393237252885762,1.0,0.5626773871568073,68,141,400,10,2,100,0.0,0,0.3,0.0,0.0,1.0,0.7,0.5,1.0,0.25,1.0,0.25
s1_0.5,1.0871582052444164,0.09447156863393988,1.0,0.9225866205539425,69,142,400,10,2,100,0.0,0,0.3,0.0,0.0,1.0,0.7,0.5,1.0,0.25,1.0,0.25
s1_0.5,1.1155677835445619,0.11114781895990397,1.0,1.039766543563508,70,143,400,10,2,100,0.0,0,0.3,0.0,0.0,1.0,0.7,0.5,1.0,0.25,1.0,0.25
s1_0.5,0.9684509257769024,0.09560474451662113,1.0,-0.32999485938287004,71,144,400,10,2,100,0.0,0,0.3,0.0,0.0,1.0,0.7,0.5,1.0,0.25,1.0,0.25
s1_0.5,0.8882305211074043,0.0911312782878036,1.0,-1.2264667081659293,72,145,400,10,2,100,0.0,0,0.3,0.0,0.0,1.0,0.7,0.5,1.0,0.25,1.0,0.25
s1_0.5,1.0300647951092645,0.0978828889961468,1.0,0.3071506717629476,73,146,400,10,2,100,0.0,0,0.3,0.0,0.0,1.0,0.7,0.5,1.0,0.25,1.0,0.25
s1_0.5,0.9842192007069683,0.09923882840303225,1.0,-0.1590183957930471,74,147,400,10,2,100,0.0,0,0.3,0.0,0.0,1.0,0.7,0.5,1.0,0.25,1.0,0.25
s1_0.5,1.095954240222181,0.09502120729794855,1.0,1.0098192072145193,75,148,400,10,2,100,0.0,0,0.3,0.0,0.0,1.0,0.7,0.5,1.0,0.25,1.0,0.25
s1_0.5,0.840931294767749,0.09198408978343006,1.0,-1.7293067269216544,76,149,400,10,2,100,0.0,0,0.3,0.0,0.0,1.0,0.7,0.5,1.0,0.25,1.0,0.25
s1_0.5,1.0559712898850293,0.0979366118736125,1.0,0.5715052707485985,77,150,400,10,2,100,0.0,0,0.3,0.0,0.0,1.0,0.7,0.5,1.0,0.25,1.0,0.25
s1_0.5,1.153294769948848,0.09908472680767898,1.0,1.547107963938675,78,151,400,10,2,100,0.0,0,0.3,0.0,0.0,1.0,0.7,0.5,1.0,0.25,1.0,0.25
s1_0.5,0.9803894284834562,0.08763518521556575,1.0,-0.22377509065914025,79,152,400,10,2,100,0.0,0,0.3,0.0,0.0,1.0,0.7,0.5,1.0,0.25,1.0,0.25
s1_0.5,0.9025475561792221,0.10352386033913699,1.0,-0.9413524911216645,80,153,400,10,2,100,0.0,0,0.3,0.0,0.0,1.0,0.7,0.5,1.0,0.25,1.0,0.25
s1_0.5,1.0212926837858312,0.10171948215011632,1.0,0.20932748904883022,81,154,400,10,2,100,0.0,0,0.3,0.0,0.0,1.0,0.7,0.5,1.0,0.25,1.0,0.25
s1_0.5,1.028278710642361,0.09835590777227445,1.0,0.2875141034520803,82,155,400,10,2,100,0.0,0,0.3,0.0,0.0,1.0,0.7,0.5,1.0,0.25,1.0,0.25
s1_0.5,0.9647086546719658,0.0995826673104959,1.0,-0.35439244881839566,83,156,400,10,2,100,0.0,0,0.3,0.0,0.0,1.0,0.7,0.5,1.0,0.25,1.0,0.25
s1_0.5,0.9287597747138838,0.09879482364021681,1.0,-0.7210926915113812,84,157,400,10,2,100,0.0,0,0.3,0.0,0.0,1.0,0.7,0.5,1.0,0.25,1.0,0.25
s1_0.5,0.8584426209985447,0.09779804373983463,1.0,-1.4474459159738469,85,158,400,10,2,100,0.0,0,0.3,0.0,0.0,1.0,0.7,0.5,1.0,0.25,1.0,0.25
s1_0.5,0.8776875602193369,0.10364833835177925,1.0,-1.1800714003300126,86,159,400,10,2,100,0.0,0,0.3,0.0,0.0,1.0,0.7,0.5,1.0,0.25,1.0,0.25
s1_0.5,0.8871647580661242,0.09810842491736732,1.0,-1.150107567509236,87,160,400,10,2,100,0.0,0,0.3,0.0,0.0,1.0,0.7,0.5,1.0,0.25,1.0,0.25
s1_0.5,0.9619277007911564,0.09747294761644373,1.0,-0.39059349429606016,88,161,400,10,2,100,0.0,0,0.3,0.0,0.0,1.0,0.7,0.5,1.0,0.25,1.0,0.25
s1_0.5,0.9668562588766524,0.09329729958531705,1.0,-0.3552486649738329,89,162,400,10,2,100,0.0,0,0.3,0.0,0.0,1.0,0.7,0.5,1.0,0.25,1.0,0.25
s1_0.5,1.0549076533807085,0.09982130700479103,1.0,0.5500594515164294,90,163,400,10,2,100,0.0,0,0.3,0.0,0.0,1.0,0.7,0.5,1.0,0.25,1.0,0.25
s1_0.5,0.936339320613956,0.10346939455520458,1.0,-0.6152609634927244,91,164,400,10,2,100,0.0,0,0.3,0.0,0.0,1.0,0.7,0.5,1.0,0.25,1.0,0.25
s1_0.5,0.9352935226313759,0.08967147889544225,1.0,-0.7215948500645613,92,165,400,10,2,100,0.0,0,0.3,0.0,0.0,1.0,0.7,0.5,1.0,0.25,1.0,0.25
s1_0.5,0.9145021071048861,0.09746682128604865,1.0,-0.8771999719185672,93,166,400,10,2,100,0.0,0,0.3,0.0,0.0,1.0,0.7,0.5,1.0,0.25,1.0,0.25
s1_0.5,0.8300005683805602,0.09509523613048333,1.0,-1.7876755822571164,94,167,400,10,2,100,0.0,0,0.3,0.0,0.0,1.0,0.7,0.5,1.0,0.25,1.0,0.25
s1_0.5,1.0827308439009964,0.09804071755518357,1.0,0.8438416809263987,95,168,400,10,2,100,0.0,0,0.3,0.0,0.0,1.0,0.7,0.5,1.0,0.25,1.0,0.25
s1_0.5,1.0368618756598993,0.09974258311588545,1.0,0.36957009241550814,96,169,400,10,2,100,0.0,0,0.3,0.0,0.0,1.0,0.7,0.5,1.0,0.25,1.0,0.25
s1_0.5,1.053141402006117,0.08478042495605578,1.0,0.6268121684181427,97,170,400,10,2,100,0.0,0,0.3,0.0,0.0,1.0,0.7,0.5,1.0,0.25,1.0,0.25
s1_0.5,1.0269842160208718,0.09986446865733853,1.0,0.27020837725038876,98,171,400,10,2,100,0.0,0,0.3,0.0,0.0,1.0,0.7,0.5,1.0,0.25,1.0,0.25
s1_0.5,0.8852115548880443,0.10412009002611548,1.0,-1.1024620232576097,99,172,400,10,2,100,0.0,0,0.3,0.0,0.0,1.0,0.7,0.5,1.0,0.25,1.0,0.25
s1_1.0,0.9653340630857913,0.05204977423198055,1.0,-0.6660151254394718,0,74,400,10,2,100,0.0,0,0.3,0.0,0.0,1.0,0.7,1.0,1.0,0.25,1.0,0.25
s1_1.0,0.9295071786005842,0.048271130643021985,1.0,-1.4603515695691742,1,75,400,10,2,100,0.0,0,0.3,0.0,0.0,1.0,0.7,1.0,1.0,0.25,1.0,0.25
s1_1.0,1.0486458728137924,0.04946756712827867,1.0,0.9833892313249313,2,76,400,10,2,100,0.0,0,0.3,0.0,0.0,1.0,0.7,1.0,1.0,0.25,1.0,0.25
s1_1.0,0.9907629027718277,0.05386598856794496,1.0,-0.17148292408150909,3,77,400,10,2,100,0.0,0,0.3,0.0,0.0,1.0,0.7,1.0,1.0,0.25,1.0,0.25
s1_1.0,0.9524316128136474,0.049508007043493944,1.0,-0.9608220978186952,4,78,400,10,2,100,0.0,0,0.3,0.0,0.0,1.0,0.7,1.0,1.0,0.25,1.0,0.25
s1_1.0,0.9409067499325718,0.04501559816854594,1.0,-1.3127283091112805,5,79,400,10,2,100,0.0,0,0.3,0.0,0.0,1.0,0.7,1.0,1.0,0.25,1.0,0.25
s1_1.0,0.9630878485173607,0.045786594553248,1.0,-0.8061781366970171,6,80,400,10,2,100,0.0,0,0.3,0.0,0.0,1.0,0.7,1.0,1.0,0.25,1.0,0.25
s1_1.0,0.9930397367781707,0.05367594521578441,1.0,-0.1296719264811848,7,81,400,10,2,100,0.0,0,0.3,0.0,0.0,1.0,0.7,1.0,1.0,0.25,1.0,0.25
s1_1.0,0.9660474684285105,0.055508533963068804,1.0,-0.6116632731478538,8,82,400,10,2,100,0.0,0,0.3,0.0,0.0,1.0,0.7,1.0,1.0,0.25,1.0,0.25
s1_1.0,1.059283949536781,0.048598183696684095,1.0,1.2198799425671945,9,83,400,10,2,100,0.0,0,0.3,0.0,0.0,1.0,0.7,1.0,1.0,0.25,1.0,0.25
s1_1.0,1.037390468155136,0.04406907290411391,1.0,0.848451435238738,10,84,400,10,2,100,0.0,0,0.3,0.0,0.0,1.0,0.7,1.0,1.0,0.25,1.0,0.25
s1_1.0,0.8966799975891255,0.04691981764495693,1.0,-2.2020546454954006,11,85,400,10,2,100,0.0,0,0.3,0.0,0.0,1.0,0.7,1.0,1.0,0.25,1.0,0.25
s1_1.0,0.9795832120246382,0.0537566856186918,1.0,-0.3797999772564604,12,86,400,10,2,100,0.0,0,0.3,0.0,0.0,1.0,0.7,1.0,1.0,0.25,1.0,0.25
s1_1.0,1.0590698194606558,0.04878237830453163,1.0,1.210884370825531,13,87,400,10,2,100,0.0,0,0.3,0.0,0.0,1.0,0.7,1.0,1.0,0.25,1.0,0.25
s1_1.0,0.9195082309361581,0.05787870682250363,1.0,-1.3906974340440201,14,88,400,10,2,100,0.0,0,0.3,0.0,0.0,1.0,0.7,1.0,1.0,0.25,1.0,0.25
s1_1.0,1.1403599252430563,0.05171335896268764,1.0,2.714190840790852,15,89,400,10,2,100,0.0,0,0.3,0.0,0.0,1.0,0.7,1.0,1.0,0.25,1.0,0.25
s1_1.0,0.9949145449471484,0.05033155859958331,1.0,-0.1010390934504804,16,90,400,10,2,100,0.0,0,0.3,0.0,0.0,1.0,0.7,1.0,1.0,0.25,1.0,0.25
s1_1.0,1.0368849830422138,0.05106026082084411,1.0,0.7223814067780158,17,91,400,10,2,100,0.0,0,0.3,0.0,0.0,1.0,0.7,1.0,1.0,0.25,1.0,0.25
s1_1.0,0.953114442843956,0.04800733119934779,1.0,-0.9766332763084528,18,92,400,10,2,100,0.0,0,0.3,0.0,0.0,1.0,0.7,1.0,1.0,0.25,1.0,0.25
s1_1.0,1.0657079519231791,0.053248687524947026,1.0,1.2339825632771688,19,93,400,10,2,100,0.0,0,0.3,0.0,0.0,1.0,0.7,1.0,1.0,0.25,1.0,0.25
s1_1.0,1.0835483656847298,0.06023176443047237,1.0,1.3871146972819064,20,94,400,10,2,100,0.0,0,0.3,0.0,0.0,1.0,0.7,1.0,1.0,0.25,1.0,0.25
s1_1.0,0.9736546232957591,0.05047641859524116,1.0,-0.5219343494929466,21,95,400,10,2,100,0.0,0,0.3,0.0,0.0,1.0,0.7,1.0,1.0,0.25,1.0,0.25
s1_1.0,0.9613866319906839,0.05721536276609848,1.0,-0.6748776227666516,22,96,400,10,2,100,0.0,0,0.3,0.0,0.0,1.0,0.7,1.0,1.0,0.25,1.0,0.25
s1_1.0,1.0085733424056111,0.0531924334427267,1.0,0.16117597655768504,23,97,400,10,2,100,0.0,0,0.3,0.0,0.0,1.0,0.7,1.0,1.0,0.25,1.0,0.25
s1_1.0,0.9297823340850712,0.04617184098660882,1.0,-1.520789823721649,24,98,400,10,2,100,0.0,0,0.3,0.0,0.0,1.0,0.7,1.0,1.0,0.25,1.0,0.25
s1_1.0,0.9696385263249092,0.04795665350795616,1.0,-0.6331024259241468,25,99,400,10,2,100,0.0,0,0.3,0.0,0.0,1.0,0.7,1.0,1.0,0.25,1.0,0.25
s1_1.0,0.9882254554772152,0.04709202193366344,1.0,-0.25003268153087843,26,100,400,10,2,100,0.0,0,0.3,0.0,0.0,1.0,0.7,1.0,1.0,0.25,1.0,0.25
s1_1.0,1.046066360698775,0.04458859608465437,1.0,1.0331422099793186,27,101,400,10,2,100,0.0,0,0.3,0.0,0.0,1.0,0.7,1.0,1.0,0.25,1.0,0.25
s1_1.0,0.9846884499535973,0.04896484736789228,1.0,-0.31270494792643766,28,102,400,10,2,100,0.0,0,0.3,0.0,0.0,1.0,0.7,1.0,1.0,0.25,1.0,0.25
s1_1.0,0.8885186392227163,0.04644846266103886,1.0,-2.4001087310645186,29,103,400,10,2,100,0.0,0,0.3,0.0,0.0,1.0,0.7,1.0,1.0,0.25,1.0,0.25
s1_1.0,1.0061138692164346,0.05101756545711993,1.0,0.1198385136894336,30,104,400,10,2,100,0.0,0,0.3,0.0,0.0,1.0,0.7,1.0,1.0,0.25,1.0,0.25
s1_1.0,0.9809759323735223,0.049634490977780756,1.0,-0.3832832220440005,31,105,400,10,2,100,0.0,0,0.3,0.0,0.0,1.0,0.7,1.0,1.0,0.25,1.0,0.25
s1_1.0,0.9970279041628901,0.050500984621259674,1.0,-0.05885223544450874,32,106,400,10,2,100,0.0,0,0.3,0.0,0.0,1.0,0.7,1.0,1.0,0.25,1.0,0.25
s1_1.0,0.8768074195839195,0.04815255665433771,1.0,-2.5583808830840757,33,107,400,10,2,100,0.0,0,0.3,0.0,0.0,1.0,0.7,1.0,1.0,0.25,1.0,0.25
s1_1.0,1.0180610262892216,0.043461264319559066,1.0,0.4155660580056684,34,108,400,10,2,100,0.0,0,0.3,0.0,0.0,1.0,0.7,1.0,1.0,0.25,1.0,0.25
s1_1.0,0.8609585327024888,0.048008818911642305,1.0,-2.8961651306900444,35,109,400,10,2,100,0.0,0,0.3,0.0,0.0,1.0,0.7,1.0,1.0,0.25,1.0,0.25
s1_1.0,1.062730038300832,0.05117246808380744,1.0,1.225855243059534,36,110,400,10,2,100,0.0,0,0.3,0.0,0.0,1.0,0.7,1.0,1.0,0.25,1.0,0.25
s1_1.0,0.9533339245345277,0.04896324482982432,1.0,-0.9530838004642866,37,111,400,10,2,100,0.0,0,0.3,0.0,0.0,1.0,0.7,1.0,1.0,0.25,1.0,0.25
s1_1.0,0.9185616237397138,0.0508530489380056,1.0,-1.6014453009408895,38,112,400,10,2,100,0.0,0,0.3,0.0,0.0,1.0,0.7,1.0,1.0,0.25,1.0,0.25
s1_1.0,0.9525357455901864,0.054767189461064195,1.0,-0.8666549238126875,39,113,400,10,2,100,0.0,0,0.3,0.0,0.0,1.0,0.7,1.0,1.0,0.25,1.0,0.25
s1_1.0,0.8746117041885987,0.04649444414264402,1.0,-2.6968447117404515,40,114,400,10,2,100,0.0,0,0.3,0.0,0.0,1.0,0.7,1.0,1.0,0.25,1.0,0.25
s1_1.0,1.0582504367899446,0.04794860595619071,1.0,1.214851519211348,41,115,400,10,2,100,0.0,0,0.3,0.0,0.0,1.0,0.7,1.0,1.0,0.25,1.0,0.25
s1_1.0,0.965290136296765,0.05458363147566756,1.0,-0.6359024265123894,42,116,400,10,2,100,0.0,0,0.3,0.0,0.0,1.0,0.7,1.0,1.0,0.25,1.0,0.25
s1_1.0,0.8984035089147291,0.04549713287602573,1.0,-2.233030625514563,43,117,400,10,2,100,0.0,0,0.3,0.0,0.0,1.0,0.7,1.0,1.0,0.25,1.0,0.25
s1_1.0,0.8743646105508011,0.0435124074297001,1.0,-2.8873463196027274,44,118,400,10,2,100,0.0,0,0.3,0.0,0.0,1.0,0.7,1.0,1.0,0.25,1.0,0.25
s1_1.0,0.932003469203661,0.04515379837393436,1.0,-1.5058872840161985,45,119,400,10,2,100,0.0,0,0.3,0.0,0.0,1.0,0.7,1.0,1.0,0.25,1.0,0.25
s1_1.0,0.9424481758092795,0.051288907650494577,1.0,-1.1221105464539076,46,120,400,10,2,100,0.0,0,0.3,0.0,0.0,1.0,0.7,1.0,1.0,0.25,1.0,0.25
s1_1.0,1.0294764067995943,0.04783198708538961,1.0,0.6162488450871388,47,121,400,10,2,100,0.0,0,0.3,0.0,0.0,1.0,0.7,1.0,1.0,0.25,1.0,0.25
s1_1.0,1.0011706462820835,0.04539112412287237,1.0,0.02579020248352117,48,122,400,10,2,100,0.0,0,0.3,0.0,0.0,1.0,0.7,1.0,1.0,0.25,1.0,0.25
s1_1.0,0.9386107388363858,0.04987880849458265,1.0,-1.2307683967687744,49,123,400,10,2,100,0.0,0,0.3,0.0,0.0,1.0,0.7,1.0,1.0,0.25,1.0,0.25
s1_1.0,0.9067392958367774,0.04771121438573558,1.0,-1.9546914779663453,50,124,400,10,2,100,0.0,0,0.3,0.0,0.0,1.0,0.7,1.0,1.0,0.25,1.0,0.25
s1_1.0,1.0672721016881201,0.05467913848242575,1.0,1.2303065402126236,51,125,400,10,2,100,0.0,0,0.3,0.0,0.0,1.0,0.7,1.0,1.0,0.25,1.0,0.25
s1_1.0,1.0328729988826129,0.05060642069996713,1.0,0.6495815832838423,52,126,400,10,2,100,0.0,0,0.3,0.0,0.0,1.0,0.7,1.0,1.0,0.25,1.0,0.25
s1_1.0,0.9998236938055203,0.04587214381000357,1.0,-0.0038434260934034894,53,127,400,10,2,100,0.0,0,0.3,0.0,0.0,1.0,0.7,1.0,1.0,0.25,1.0,0.25
s1_1.0,1.053966055798135,0.05050906480734923,1.0,1.0684429815513576,54,128,400,10,2,100,0.0,0,0.3,0.0,0.0,1.0,0.7,1.0,1.0,0.25,1.0,0.25
s1_1.0,0.9371164702318937,0.05721515956111786,1.0,-1.099071124689138,55,129,400,10,2,100,0.0,0,0.3,0.0,0.0,1.0,0.7,1.0,1.0,0.25,1.0,0.25
s1_1.0,1.0105561684958688,0.05455988628259793,1.0,0.19347856484143278,56,130,400,10,2,100,0.0,0,0.3,0.0,0.0,1.0,0.7,1.0,1.0,0.25,1.0,0.25
s1_1.0,0.9739692622983841,0.04948392207590282,1.0,-0.5260443515711558,57,131,400,10,2,100,0.0,0,0.3,0.0,0.0,1.0,0.7,1.0,1.0,0.25,1.0,0.25
s1_1.0,0.8830512847435878,0.050432775161017886,1.0,-2.3189030324630617,58,132,400,10,2,100,0.0,0,0.3,0.0,0.0,1.0,0.7,1.0,1.0,0.25,1.0,0.25
s1_1.0,1.0196440595533025,0.046551320994078035,1.0,0.42198715597784003,59,133,400,10,2,100,0.0,0,0.3,0.0,0.0,1.0,0.7,1.0,1.0,0.25,1.0,0.25
s1_1.0,0.895935102728015,0.055609469602570606,1.0,-1.8713520919317395,60,134,400,10,2,100,0.0,0,0.3,0.0,0.0,1.0,0.7,1.0,1.0,0.25,1.0,0.25
s1_1.0,1.014901000860696,0.052727276599172285,1.0,0.2826051679849122,61,135,400,10,2,100,0.0,0,0.3,0.0,0.0,1.0,0.7,1.0,1.0,0.25,1.0,0.25
s1_1.0,1.0276259615818186,0.059093904654179207,1.0,0.46749257378552456,62,136,400,10,2,100,0.0,0,0.3,0.0,0.0,1.0,0.7,1.0,1.0,0.25,1.0,0.25
s1_1.0,0.990176738626654,0.05069915134757503,1.0,-0.19375593303330205,63,137,400,10,2,100,0.0,0,0.3,0.0,0.0,1.0,0.7,1.0,1.0,0.25,1.0,0.25
s1_1.0,0.9331499295107835,0.049264934300267425,1.0,-1.356950363148128,64,138,400,10,2,100,0.0,0,0.3,0.0,0.0,1.0,0.7,1.0,1.0,0.25,1.0,0.25
s1_1.0,0.9786152074660771,0.05421496524666173,1.0,-0.3944444571093708,65,139,400,10,2,100,0.0,0,0.3,0.0,0.0,1.0,0.7,1.0,1.0,0.25,1.0,0.25
s1_1.0,0.9491068218876982,0.045757682440093164,1.0,-1.1122324252092988,66,140,400,10,2,100,0.0,0,0.3,0.0,0.0,1.0,0.7,1.0,1.0,0.25,1.0,0.25
s1_1.0,1.0265949617618633,0.046618181643352824,1.0,0.5704847513213845,67,141,400,10,2,100,0.0,0,0.3,0.0,0.0,1.0,0.7,1.0,1.0,0.25,1.0,0.25
s1_1.0,1.0240552755820278,0.049772941954260366,1.0,0.48330025587263414,68,142,400,10,2,100,0.0,0,0.3,0.0,0.0,1.0,0.7,1.0,1.0,0.25,1.0,0.25
s1_1.0,1.0376104427564043,0.05419318213180114,1.0,0.69400690782345,69,143,400,10,2,100,0.0,0,0.3,0.0,0.0,1.0,0.7,1.0,1.0,0.25,1.0,0.25
s1_1.0,0.9956477818504759,0.04906365820173936,1.0,-0.08870553703168109,70,144,400,10,2,100,0.0,0,0.3,0.0,0.0,1.0,0.7,1.0,1.0,0.25,1.0,0.25
s1_1.0,0.9527697306659069,0.04568465563234108,1.0,-1.0338322283567325,71,145,400,10,2,100,0.0,0,0.3,0.0,0.0,1.0,0.7,1.0,1.0,0.25,1.0,0.25
s1_1.0,0.9920089280277884,0.05061169077638367,1.0,-0.15788984421639565,72,146,400,10,2,100,0.0,0,0.3,0.0,0.0,1.0,0.7,1.0,1.0,0.25,1.0,0.25
s1_1.0,0.9816953642418478,0.05095359239660825,1.0,-0.3592413193494612,73,147,400,10,2,100,0.0,0,0.3,0.0,0.0,1.0,0.7,1.0,1.0,0.25,1.0,0.25
s1_1.0,1.0250125434020134,0.05097741305230337,1.0,0.4906593313464197,74,148,400,10,2,100,0.0,0,0.3,0.0,0.0,1.0,0.7,1.0,1.0,0.25,1.0,0.25
s1_1.0,0.8963740463795071,0.047068001408284085,1.0,-2.201622132233863,75,149,400,10,2,100,0.0,0,0.3,0.0,0.0,1.0,0.7,1.0,1.0,0.25,1.0,0.25
s1_1.0,1.032623161667697,0.04808839288598937,1.0,0.6783999154440838,76,150,400,10,2,100,0.0,0,0.3,0.0,0.0,1.0,0.7,1.0,1.0,0.25,1.0,0.25
s1_1.0,1.0713974567355447,0.04973374723581369,1.0,1.4355937507988688,77,151,400,10,2,100,0.0,0,0.3,0.0,0.0,1.0,0.7,1.0,1.0,0.25,1.0,0.25
s1_1.0,0.9929765491209304,0.04267279429237309,1.0,-0.16458849239982717,78,152,400,10,2,100,0.0,0,0.3,0.0,0.0,1.0,0.7,1.0,1.0,0.25,1.0,0.25
s1_1.0,0.9660861548671037,0.050963383982082826,1.0,-0.6654551264652947,79,153,400,10,2,100,0.0,0,0.3,0.0,0.0,1.0,0.7,1.0,1.0,0.25,1.0,0.25
s1_1.0,1.0320757873342874,0.052315946964363674,1.0,0.6131168256619082,80,154,400,10,2,100,0.0,0,0.3,0.0,0.0,1.0,0.7,1.0,1.0,0.25,1.0,0.25
s1_1.0,0.9915434813774738,0.049931881011528415,1.0,-0.1693611065958781,81,155,400,10,2,100,0.0,0,0.3,0.0,0.0,1.0,0.7,1.0,1.0,0.25,1.0,0.25
s1_1.0,0.9324603244615619,0.05124906352886837,1.0,-1.3178714085261927,82,156,400,10,2,100,0.0,0,0.3,0.0,0.0,1.0,0.7,1.0,1.0,0.25,1.0,0.25
s1_1.0,0.9666170841321581,0.050696329333384166,1.0,-0.6584878295292842,83,157,400,10,2,100,0.0,0,0.3,0.0,0.0,1.0,0.7,1.0,1.0,0.25,1.0,0.25
s1_1.0,0.9322732485168469,0.05101909753799837,1.0,-1.3274784296745172,84,158,400,10,2,100,0.0,0,0.3,0.0,0.0,1.0,0.7,1.0,1.0,0.25,1.0,0.25
s1_1.0,0.9238089361834182,0.05180792687071173,1.0,-1.4706449074235095,85,159,400,10,2,100,0.0,0,0.3,0.0,0.0,1.0,0.7,1.0,1.0,0.25,1.0,0.25
s1_1.0,0.9303525728281552,0.05156151330190458,1.0,-1.350763829681317,86,160,400,10,2,100,0.0,0,0.3,0.0,0.0,1.0,0.7,1.0,1.0,0.25,1.0,0.25
s1_1.0,0.9621626290050683,0.04913036422759356,1.0,-0.7701422855253475,87,161,400,10,2,100,0.0,0,0.3,0.0,0.0,1.0,0.7,1.0,1.0,0.25,1.0,0.25
s1_1.0,1.0098996039233612,0.048665835286493375,1.0,0.20341999402830999,88,162,400,10,2,100,0.0,0,0.3,0.0,0.0,1.0,0.7,1.0,1.0,0.25,1.0,0.25
s1_1.0,1.0092593411556712,0.05053761463978243,1.0,0.18321682219608293,89,163,400,10,2,100,0.0,0,0.3,0.0,0.0,1.0,0.7,1.0,1.0,0.25,1.0,0.25
s1_1.0,0.9642043445763926,0.05345033768722049,1.0,-0.6696993316127512,90,164,400,10,2,100,0.0,0,0.3,0.0,0.0,1.0,0.7,1.0,1.0,0.25,1.0,0.25
s1_1.0,0.9757489449183607,0.045227477521950055,1.0,-0.5362018049728644,91,165,400,10,2,100,0.0,0,0.3,0.0,0.0,1.0,0.7,1.0,1.0,0.25,1.0,0.25
s1_1.0,0.9716724949664433,0.05080705490508353,1.0,-0.5575506213945579,92,166,400,10,2,100,0.0,0,0.3,0.0,0.0,1.0,0.7,1.0,1.0,0.25,1.0,0.25
s1_1.0,0.9040578188173488,0.047595778543502054,1.0,-2.015770812425329,93,167,400,10,2,100,0.0,0,0.3,0.0,0.0,1.0,0.7,1.0,1.0,0.25,1.0,0.25
s1_1.0,1.0279953285725318,0.05084107619328354,1.0,0.5506439019131192,94,168,400,10,2,100,0.0,0,0.3,0.0,0.0,1.0,0.7,1.0,1.0,0.25,1.0,0.25
s1_1.0,0.9972785542691381,0.05209797953207471,1.0,-0.052237068602370096,95,169,400,10,2,100,0.0,0,0.3,0.0,0.0,1.0,0.7,1.0,1.0,0.25,1.0,0.25
s1_1.0,1.021844267823513,0.042716450290554854,1.0,0.5113783489716359,96,170,400,10,2,100,0.0,0,0.3,0.0,0.0,1.0,0.7,1.0,1.0,0.25,1.0,0.25
s1_1.0,0.9934840855382684,0.05251358236827844,1.0,-0.12408055531301246,97,171,400,10,2,100,0.0,0,0.3,0.0,0.0,1.0,0.7,1.0,1.0,0.25,1.0,0.25
s1_1.0,0.9066454691292264,0.05346112158364106,1.0,-1.746213474491336,98,172,400,10,2,100,0.0,0,0.3,0.0,0.0,1.0,0.7,1.0,1.0,0.25,1.0,0.25
s1_1.0,1.0681606295541852,0.05477686150627701,1.0,1.244332509747287,99,173,400,10,2,100,0.0,0,0.3,0.0,0.0,1.0,0.7,1.0,1.0,0.25,1.0,0.25
s1_2.0,0.97207416092122,0.02623812125144072,1.0,-1.064323120209935,0,75,400,10,2,100,0.0,0,0.3,0.0,0.0,1.0,0.7,2.0,1.0,0.25,1.0,0.25
s1_2.0,1.0035656989229371,0.023867498037025998,1.0,0.14939558882148438,1,76,400,10,2,100,0.0,0,0.3,0.0,0.0,1.0,0.7,2.0,1.0,0.25,1.0,0.25
s1_2.0,0.9854146790465675,0.02886483990492128,1.0,-0.5052971366366646,2,77,400,10,2,100,0.0,0,0.3,0.0,0.0,1.0,0.7,2.0,1.0,0.25,1.0,0.25
s1_2.0,0.9604291419946493,0.02511324456756254,1.0,-1.5756967563029372,3,78,400,10,2,100,0.0,0,0.3,0.0,0.0,1.0,0.7,2.0,1.0,0.25,1.0,0.25
s1_2.0,0.967335166662283,0.022979636447723675,1.0,-1.421468673450345,4,79,400,10,2,100,0.0,0,0.3,0.0,0.0,1.0,0.7,2.0,1.0,0.25,1.0,0.25
s1_2.0,0.9799931770380544,0.02382702161368467,1.0,-0.8396694847691312,5,80,400,10,2,100,0.0,0,0.3,0.0,0.0,1.0,0.7,2.0,1.0,0.25,1.0,0.25
s1_2.0,0.9919265322958077,0.02745460379669745,1.0,-0.2940660795536022,6,81,400,10,2,100,0.0,0,0.3,0.0,0.0,1.0,0.7,2.0,1.0,0.25,1.0,0.25
s1_2.0,0.9737960057391745,0.02869454891594617,1.0,-0.9132046068256338,7,82,400,10,2,100,0.0,0,0.3,0.0,0.0,1.0,0.7,2.0,1.0,0.25,1.0,0.25
s1_2.0,1.032184672280438,0.026030322918675262,1.0,1.2364300043833618,8,83,400,10,2,100,0.0,0,0.3,0.0,0.0,1.0,0.7,2.0,1.0,0.25,1.0,0.25
s1_2.0,1.0076525823076694,0.023200897004971525,1.0,0.3298399327418074,9,84,400,10,2,100,0.0,0,0.3,0.0,0.0,1.0,0.7,2.0,1.0,0.25,1.0,0.25
s1_2.0,0.9552214297246487,0.02341702870743995,1.0,-1.9122225468820653,10,85,400,10,2,100,0.0,0,0.3,0.0,0.0,1.0,0.7,2.0,1.0,0.25,1.0,0.25
s1_2.0,0.9883183315467092,0.02751232469981664,1.0,-0.4245976514434139,11,86,400,10,2,100,0.0,0,0.3,0.0,0.0,1.0,0.7,2.0,1.0,0.25,1.0,0.25
s1_2.0,1.029563906056854,0.026044434476421404,1.0,1.1351333461902904,12,87,400,10,2,100,0.0,0,0.3,0.0,0.0,1.0,0.7,2.0,1.0,0.25,1.0,0.25
s1_2.0,0.9740496405120529,0.027815928029431954,1.0,-0.9329316447931957,13,88,400,10,2,100,0.0,0,0.3,0.0,0.0,1.0,0.7,2.0,1.0,0.25,1.0,0.25
s1_2.0,1.055247334056488,0.026731783369154258,1.0,2.066728332096161,14,89,400,10,2,100,0.0,0,0.3,0.0,0.0,1.0,0.7,2.0,1.0,0.25,1.0,0.25
s1_2.0,0.9877124560468697,0.026290342818883955,1.0,-0.46737861266321323,15,90,400,10,2,100,0.0,0,0.3,0.0,0.0,1.0,0.7,2.0,1.0,0.25,1.0,0.25
s1_2.0,1.0083838317098888,0.02679646065637701,1.0,0.3128708607229286,16,91,400,10,2,100,0.0,0,0.3,0.0,0.0,1.0,0.7,2.0,1.0,0.25,1.0,0.25
s1_2.0,0.9778966776512854,0.0242460031389877,1.0,-0.9116274637930875,17,92,400,10,2,100,0.0,0,0.3,0.0,0.0,1.0,0.7,2.0,1.0,0.25,1.0,0.25
s1_2.0,1.0305764139057094,0.02540007974751961,1.0,1.2037920435543237,18,93,400,10,2,100,0.0,0,0.3,0.0,0.0,1.0,0.7,2.0,1.0,0.25,1.0,0.25
s1_2.0,1.0201243268190923,0.031447523572958894,1.0,0.6399335951654005,19,94,400,10,2,100,0.0,0,0.3,0.0,0.0,1.0,0.7,2.0,1.0,0.25,1.0,0.25
s1_2.0,0.9888608082573321,0.025139434871763813,1.0,-0.4430963464170476,20,95,400,10,2,100,0.0,0,0.3,0.0,0.0,1.0,0.7,2.0,1.0,0.25,1.0,0.25
s1_2.0,0.9848850579066285,0.030094408033555876,1.0,-0.5022508526008562,21,96,400,10,2,100,0.0,0,0.3,0.0,0.0,1.0,0.7,2.0,1.0,0.25,1.0,0.25
s1_2.0,1.0086745404212258,0.026605467849920777,1.0,0.3260435212099332,22,97,400,10,2,100,0.0,0,0.3,0.0,0.0,1.0,0.7,2.0,1.0,0.25,1.0,0.25
s1_2.0,0.9575246129251971,0.022607732906608304,1.0,-1.8787990485497659,23,98,400,10,2,100,0.0,0,0.3,0.0,0.0,1.0,0.7,2.0,1.0,0.25,1.0,0.25
s1_2.0,0.9797636256971594,0.024449269798619472,1.0,-0.8276882896512227,24,99,400,10,2,100,0.0,0,0.3,0.0,0.0,1.0,0.7,2.0,1.0,0.25,1.0,0.25
s1_2.0,0.9828713391845868,0.024386390384779147,1.0,-0.7023860663734849,25,100,400,10,2,100,0.0,0,0.3,0.0,0.0,1.0,0.7,2.0,1.0,0.25,1.0,0.25
s1_2.0,1.0260347609195992,0.023844065065491735,1.0,1.091875938439623,26,101,400,10,2,100,0.0,0,0.3,0.0,0.0,1.0,0.7,2.0,1.0,0.25,1.0,0.25
s1_2.0,0.9926753305843029,0.02582509584130588,1.0,-0.2836260303042776,27,102,400,10,2,100,0.0,0,0.3,0.0,0.0,1.0,0.7,2.0,1.0,0.25,1.0,0.25
s1_2.0,0.9408885886938819,0.024200073147644535,1.0,-2.442612918790767,28,103,400,10,2,100,0.0,0,0.3,0.0,0.0,1.0,0.7,2.0,1.0,0.25,1.0,0.25
s1_2.0,0.9986557804070156,0.027095410557055638,1.0,-0.049610600664411385,29,104,400,10,2,100,0.0,0,0.3,0.0,0.0,1.0,0.7,2.0,1.0,0.25,1.0,0.25
s1_2.0,0.9812875322668075,0.026183936363630315,1.0,-0.7146544917205123,30,105,400,10,2,100,0.0,0,0.3,0.0,0.0,1.0,0.7,2.0,1.0,0.25,1.0,0.25
s1_2.0,1.0052573951598016,0.02585533439880119,1.0,0.2033388962876991,31,106,400,10,2,100,0.0,0,0.3,0.0,0.0,1.0,0.7,2.0,1.0,0.25,1.0,0.25
s1_2.0,0.950921519455973,0.025502583965925765,1.0,-1.9244512873519473,32,107,400,10,2,100,0.0,0,0.3,0.0,0.0,1.0,0.7,2.0,1.0,0.25,1.0,0.25
s1_2.0,1.0179627311050137,0.02232396639456692,1.0,0.8046388705093795,33,108,400,10,2,100,0.0,0,0.3,0.0,0.0,1.0,0.7,2.0,1.0,0.25,1.0,0.25
s1_2.0,0.9323279017978116,0.026156217514884644,1.0,-2.5872279951670563,34,109,400,10,2,100,0.0,0,0.3,0.0,0.0,1.0,0.7,2.0,1.0,0.25,1.0,0.25
s1_2.0,1.0189753982300216,0.02572951657729541,1.0,0.7374953265451601,35,110,400,10,2,100,0.0,0,0.3,0.0,0.0,1.0,0.7,2.0,1.0,0.25,1.0,0.25
s1_2.0,0.9699025481118684,0.026064808951111674,1.0,-1.1547159982865691,36,111,400,10,2,100,0.0,0,0.3,0.0,0.0,1.0,0.7,2.0,1.0,0.25,1.0,0.25
s1_2.0,0.9658972595780054,0.02659340286643192,1.0,-1.2823759559195589,37,112,400,10,2,100,0.0,0,0.3,0.0,0.0,1.0,0.7,2.0,1.0,0.25,1.0,0.25
s1_2.0,0.9710241189566954,0.026311754984417395,1.0,-1.1012523132898204,38,113,400,10,2,100,0.0,0,0.3,0.0,0.0,1.0,0.7,2.0,1.0,0.25,1.0,0.25
s1_2.0,0.9183072171653068,0.02507225023502773,1.0,-3.258294810753065,39,114,400,10,2,100,0.0,0,0.3,0.0,0.0,1.0,0.7,2.0,1.0,0.25,1.0,0.25
s1_2.0,1.0300180683293643,0.025890878026587107,1.0,1.1594071200883564,40,115,400,10,2,100,0.0,0,0.3,0.0,0.0,1.0,0.7,2.0,1.0,0.25,1.0,0.25
s1_2.0,0.9951342733713093,0.02933466771519019,1.0,-0.1658694987082155,41,116,400,10,2,100,0.0,0,0.3,0.0,0.0,1.0,0.7,2.0,1.0,0.25,1.0,0.25
s1_2.0,0.9439224882303047,0.0229658573997984,1.0,-2.441777408675698,42,117,400,10,2,100,0.0,0,0.3,0.0,0.0,1.0,0.7,2.0,1.0,0.25,1.0,0.25
s1_2.0,0.94209286460879,0.022446266257664105,1.0,-2.5798114807373813,43,118,400,10,2,100,0.0,0,0.3,0.0,0.0,1.0,0.7,2.0,1.0,0.25,1.0,0.25
s1_2.0,0.9571902118600104,0.024702358683067742,1.0,-1.733024311129188,44,119,400,10,2,100,0.0,0,0.3,0.0,0.0,1.0,0.7,2.0,1.0,0.25,1.0,0.25
s1_2.0,0.962851970805376,0.025935131932117446,1.0,-1.432343945342371,45,120,400,10,2,100,0.0,0,0.3,0.0,0.0,1.0,0.7,2.0,1.0,0.25,1.0,0.25
s1_2.0,1.0103908283831597,0.02464235433279678,1.0,0.4216654075674286,46,121,400,10,2,100,0.0,0,0.3,0.0,0.0,1.0,0.7,2.0,1.0,0.25,1.0,0.25
s1_2.0,1.01825373014286,0.022826175279342456,1.0,0.7996841310238924,47,122,400,10,2,100,0.0,0,0.3,0.0,0.0,1.0,0.7,2.0,1.0,0.25,1.0,0.25
s1_2.0,0.9723509337700671,0.026036136673825917,1.0,-1.061949650069569,48,123,400,10,2,100,0.0,0,0.3,0.0,0.0,1.0,0.7,2.0,1.0,0.25,1.0,0.25
s1_2.0,0.9545857261570411,0.025086536248746953,1.0,-1.8103046746928775,49,124,400,10,2,100,0.0,0,0.3,0.0,0.0,1.0,0.7,2.0,1.0,0.25,1.0,0.25
s1_2.0,1.0236510964977583,0.026620637309886827,1.0,0.8884496724266766,50,125,400,10,2,100,0.0,0,0.3,0.0,0.0,1.0,0.7,2.0,1.0,0.25,1.0,0.25
s1_2.0,1.0395663857903568,0.025916134370196693,1.0,1.526708621940845,51,126,400,10,2,100,0.0,0,0.3,0.0,0.0,1.0,0.7,2.0,1.0,0.25,1.0,0.25
s1_2.0,1.005412140940495,0.02311044786875002,1.0,0.23418589597362713,52,127,400,10,2,100,0.0,0,0.3,0.0,0.0,1.0,0.7,2.0,1.0,0.25,1.0,0.25
s1_2.0,0.9966977680259571,0.02510719378271675,1.0,-0.13152533105137684,53,128,400,10,2,100,0.0,0,0.3,0.0,0.0,1.0,0.7,2.0,1.0,0.25,1.0,0.25
s1_2.0,0.9906091408687381,0.030024211458012363,1.0,-0.3127762121045095,54,129,400,10,2,100,0.0,0,0.3,0.0,0.0,1.0,0.7,2.0,1.0,0.25,1.0,0.25
s1_2.0,1.0003378927827824,0.02797206783134556,1.0,0.012079649771324998,55,130,400,10,2,100,0.0,0,0.3,0.0,0.0,1.0,0.7,2.0,1.0,0.25,1.0,0.25
s1_2.0,0.9861491640654928,0.02545514049140504,1.0,-0.5441272633786465,56,131,400,10,2,100,0.0,0,0.3,0.0,0.0,1.0,0.7,2.0,1.0,0.25,1.0,0.25
s1_2.0,0.9485351987270948,0.027613848005839898,1.0,-1.863731605317057,57,132,400,10,2,100,0.0,0,0.3,0.0,0.0,1.0,0.7,2.0,1.0,0.25,1.0,0.25
s1_2.0,1.0183460971321359,0.023647449028292664,1.0,0.7758171763130107,58,133,400,10,2,100,0.0,0,0.3,0.0,0.0,1.0,0.7,2.0,1.0,0.25,1.0,0.25
s1_2.0,0.9567662582915012,0.027947415948393974,1.0,-1.546967411524974,59,134,400,10,2,100,0.0,0,0.3,0.0,0.0,1.0,0.7,2.0,1.0,0.25,1.0,0.25
s1_2.0,1.013635925944655,0.02656332701080106,1.0,0.5133365236632609,60,135,400,10,2,100,0.0,0,0.3,0.0,0.0,1.0,0.7,2.0,1.0,0.25,1.0,0.25
s1_2.0,1.0135102698861815,0.030982128065066634,1.0,0.4360665561064157,61,136,400,10,2,100,0.0,0,0.3,0.0,0.0,1.0,0.7,2.0,1.0,0.25,1.0,0.25
s1_2.0,0.9717512386438713,0.026672902157002253,1.0,-1.0590809050267818,62,137,400,10,2,100,0.0,0,0.3,0.0,0.0,1.0,0.7,2.0,1.0,0.25,1.0,0.25
s1_2.0,0.9748932517846264,0.024101489208504558,1.0,-1.0417094146412473,63,138,400,10,2,100,0.0,0,0.3,0.0,0.0,1.0,0.7,2.0,1.0,0.25,1.0,0.25
s1_2.0,0.9929976698697521,0.027814595988696136,1.0,-0.25175020097698414,64,139,400,10,2,100,0.0,0,0.3,0.0,0.0,1.0,0.7,2.0,1.0,0.25,1.0,0.25
s1_2.0,0.9762269646424996,0.024018092258618062,1.0,-0.9897969872678078,65,140,400,10,2,100,0.0,0,0.3,0.0,0.0,1.0,0.7,2.0,1.0,0.25,1.0,0.25
s1_2.0,1.0175729051774396,0.023494984726106307,1.0,0.7479428219382311,66,141,400,10,2,100,0.0,0,0.3,0.0,0.0,1.0,0.7,2.0,1.0,0.25,1.0,0.25
s1_2.0,1.0058768694974634,0.026504941144191475,1.0,0.2217273173893187,67,142,400,10,2,100,0.0,0,0.3,0.0,0.0,1.0,0.7,2.0,1.0,0.25,1.0,0.25
s1_2.0,1.0344304267146975,0.02885538400324357,1.0,1.1932063254062844,68,143,400,10,2,100,0.0,0,0.3,0.0,0.0,1.0,0.7,2.0,1.0,0.25,1.0,0.25
s1_2.0,0.9912137364919257,0.025563414842341363,1.0,-0.3437046091949108,69,144,400,10,2,100,0.0,0,0.3,0.0,0.0,1.0,0.7,2.0,1.0,0.25,1.0,0.25
s1_2.0,0.9806095449888296,0.023808105614956287,1.0,-0.814447622367288,70,145,400,10,2,100,0.0,0,0.3,0.0,0.0,1.0,0.7,2.0,1.0,0.25,1.0,0.25
s1_2.0,1.0104580175921687,0.026817990511216767,1.0,0.3899627598046381,71,146,400,10,2,100,0.0,0,0.3,0.0,0.0,1.0,0.7,2.0,1.0,0.25,1.0,0.25
s1_2.0,0.9929149988925747,0.025632002301961266,1.0,-0.27641231550931755,72,147,400,10,2,100,0.0,0,0.3,0.0,0.0,1.0,0.7,2.0,1.0,0.25,1.0,0.25
s1_2.0,1.007757673410756,0.02587614621097322,1.0,0.299800184598829,73,148,400,10,2,100,0.0,0,0.3,0.0,0.0,1.0,0.7,2.0,1.0,0.25,1.0,0.25
s1_2.0,0.9434463050406893,0.025228338969030494,1.0,-2.241673343169134,74,149,400,10,2,100,0.0,0,0.3,0.0,0.0,1.0,0.7,2.0,1.0,0.25,1.0,0.25
s1_2.0,1.0286158547912085,0.02482757852140646,1.0,1.1525833969887884,75,150,400,10,2,100,0.0,0,0.3,0.0,0.0,1.0,0.7,2.0,1.0,0.25,1.0,0.25
s1_2.0,1.0191979916425211,0.025478730507993645,1.0,0.753490902401828,76,151,400,10,2,100,0.0,0,0.3,0.0,0.0,1.0,0.7,2.0,1.0,0.25,1.0,0.25
s1_2.0,1.0042851851005128,0.022984903840125238,1.0,0.18643476302180784,77,152,400,10,2,100,0.0,0,0.3,0.0,0.0,1.0,0.7,2.0,1.0,0.25,1.0,0.25
s1_2.0,0.9794554930556807,0.027524932854668543,1.0,-0.7463962601759707,78,153,400,10,2,100,0.0,0,0.3,0.0,0.0,1.0,0.7,2.0,1.0,0.25,1.0,0.25
s1_2.0,1.0159726206425372,0.02782374618911045,1.0,0.5740643453967583,79,154,400,10,2,100,0.0,0,0.3,0.0,0.0,1.0,0.7,2.0,1.0,0.25,1.0,0.25
s1_2.0,0.9803939196222321,0.02547977016795647,1.0,-0.7694763433315672,80,155,400,10,2,100,0.0,0,0.3,0.0,0.0,1.0,0.7,2.0,1.0,0.25,1.0,0.25
s1_2.0,0.9674716094417986,0.026043014592139032,1.0,-1.2490255474502556,81,156,400,10,2,100,0.0,0,0.3,0.0,0.0,1.0,0.7,2.0,1.0,0.25,1.0,0.25
s1_2.0,0.9868266835106014,0.026953317533584317,1.0,-0.48874564227518114,82,157,400,10,2,100,0.0,0,0.3,0.0,0.0,1.0,0.7,2.0,1.0,0.25,1.0,0.25
s1_2.0,0.9681896132980954,0.02702581387230019,1.0,-1.1770371413128216,83,158,400,10,2,100,0.0,0,0.3,0.0,0.0,1.0,0.7,2.0,1.0,0.25,1.0,0.25
s1_2.0,0.9662013118885349,0.026830720172096017,1.0,-1.2597011147921335,84,159,400,10,2,100,0.0,0,0.3,0.0,0.0,1.0,0.7,2.0,1.0,0.25,1.0,0.25
s1_2.0,0.9560155882153205,0.02657310884601783,1.0,-1.6552226553375544,85,160,400,10,2,100,0.0,0,0.3,0.0,0.0,1.0,0.7,2.0,1.0,0.25,1.0,0.25
s1_2.0,0.9730726146104919,0.027140322683772602,1.0,-0.9921542091910425,86,161,400,10,2,100,0.0,0,0.3,0.0,0.0,1.0,0.7,2.0,1.0,0.25,1.0,0.25
s1_2.0,1.0028725004240926,0.025282682505700534,1.0,0.11361533426862147,87,162,400,10,2,100,0.0,0,0.3,0.0,0.0,1.0,0.7,2.0,1.0,0.25,1.0,0.25
s1_2.0,1.007591099096647,0.026535864272130262,1.0,0.28606941227912797,88,163,400,10,2,100,0.0,0,0.3,0.0,0.0,1.0,0.7,2.0,1.0,0.25,1.0,0.25
s1_2.0,0.9632518708386104,0.028220768778372825,1.0,-1.302166126301696,89,164,400,10,2,100,0.0,0,0.3,0.0,0.0,1.0,0.7,2.0,1.0,0.25,1.0,0.25
s1_2.0,0.9930512943962976,0.024044866503295185,1.0,-0.28898915295496225,90,165,400,10,2,100,0.0,0,0.3,0.0,0.0,1.0,0.7,2.0,1.0,0.25,1.0,0.25
s1_2.0,0.9959528563474532,0.026030915326208666,1.0,-0.15547450413593372,91,166,400,10,2,100,0.0,0,0.3,0.0,0.0,1.0,0.7,2.0,1.0,0.25,1.0,0.25
s1_2.0,0.9549616002152831,0.02528772351790497,1.0,-1.7810381291470334,92,167,400,10,2,100,0.0,0,0.3,0.0,0.0,1.0,0.7,2.0,1.0,0.25,1.0,0.25
s1_2.0,1.0076745783140793,0.02685692244021462,1.0,0.2857579207432793,93,168,400,10,2,100,0.0,0,0.3,0.0,0.0,1.0,0.7,2.0,1.0,0.25,1.0,0.25
s1_2.0,1.0058661976687528,0.026101226538652267,1.0,0.22474796960464022,94,169,400,10,2,100,0.0,0,0.3,0.0,0.0,1.0,0.7,2.0,1.0,0.25,1.0,0.25
s1_2.0,1.0034088161718329,0.02153663290938749,1.0,0.15827990318519158,95,170,400,10,2,100,0.0,0,0.3,0.0,0.0,1.0,0.7,2.0,1.0,0.25,1.0,0.25
s1_2.0,0.9991445910033406,0.02658557915832119,1.0,-0.03217567657884286,96,171,400,10,2,100,0.0,0,0.3,0.0,0.0,1.0,0.7,2.0,1.0,0.25,1.0,0.25
s1_2.0,0.9439880282170493,0.02765736774112217,1.0,-2.025209785227308,97,172,400,10,2,100,0.0,0,0.3,0.0,0.0,1.0,0.7,2.0,1.0,0.25,1.0,0.25
s1_2.0,1.0285799140802303,0.028636260703206212,1.0,0.9980323330772862,98,173,400,10,2,100,0.0,0,0.3,0.0,0.0,1.0,0.7,2.0,1.0,0.25,1.0,0.25
s1_2.0,1.0035652968608966,0.02370022468790657,1.0,0.15043304052369694,99,174,400,10,2,100,0.0,0,0.3,0.0,0.0,1.0,0.7,2.0,1.0,0.25,1.0,0.25
