config_name,theta_hat,se,true_effect,true_theta,z,run_id,seed_used,n_samples,d_dim,dgp_num,n_runs,nonlinearity,sparse_k,skewness,interaction,heterogeneous,noise_std,rho,s1,a0,a1,b0,b1
0_base,0.916449315252534,0.04747225198354904,1.0,1.0,-1.7599899152966134,0,60,400,5,2,100,0.0,0,0.3,0.0,0.0,1.0,0.7,1.0,1.0,0.25,1.0,0.25
0_base,0.9641749705856569,0.05044115374044259,1.0,1.0,-0.710234139343632,1,61,400,5,2,100,0.0,0,0.3,0.0,0.0,1.0,0.7,1.0,1.0,0.25,1.0,0.25
0_base,1.0362289008625654,0.052049172644903635,1.0,1.0,0.696051426402696,2,62,400,5,2,100,0.0,0,0.3,0.0,0.0,1.0,0.7,1.0,1.0,0.25,1.0,0.25
0_base,0.8893293642035796,0.04687745358629079,1.0,1.0,-2.3608499892747123,3,63,400,5,2,100,0.0,0,0.3,0.0,0.0,1.0,0.7,1.0,1.0,0.25,1.0,0.25
0_base,1.0271047933503965,0.0457432820783463,1.0,1.0,0.5925415081491764,4,64,400,5,2,100,0.0,0,0.3,0.0,0.0,1.0,0.7,1.0,1.0,0.25,1.0,0.25
0_base,0.9997211912613765,0.04669573388761004,1.0,1.0,-0.0059707539728268925,5,65,400,5,2,100,0.0,0,0.3,0.0,0.0,1.0,0.7,1.0,1.0,0.25,1.0,0.25
0_base,1.1163487418776663,0.0575030782801239,1.0,1.0,2.0233480599226037,6,66,400,5,2,100,0.0,0,0.3,0.0,0.0,1.0,0.7,1.0,1.0,0.25,1.0,0.25
0_base,0.9444951530917242,0.052381606062460805,1.0,1.0,-1.059624762976737,7,67,400,5,2,100,0.0,0,0.3,0.0,0.0,1.0,0.7,1.0,1.0,0.25,1.0,0.25
0_base,0.9390560793982101,0.0598320653263703,1.0,1.0,-1.018582933237465,8,68,400,5,2,100,0.0,0,0.3,0.0,0.0,1.0,0.7,1.0,1.0,0.25,1.0,0.25
0_base,1.0003864848978743,0.051835756574012244,1.0,1.0,0.007455951710137836,9,69,400,5,2,100,0.0,0,0.3,0.0,0.0,1.0,0.7,1.0,1.0,0.25,1.0,0.25
0_base,0.9865839491052626,0.05470647125709169,1.0,1.0,-0.24523700005597168,10,70,400,5,2,100,0.0,0,0.3,0.0,0.0,1.0,0.7,1.0,1.0,0.25,1.0,0.25
0_base,1.1012210643102067,0.04267703366494649,1.0,1.0,2.3717924049005865,11,71,400,5,2,100,0.0,0,0.3,0.0,0.0,1.0,0.7,1.0,1.0,0.25,1.0,0.25
0_base,0.9535141555191258,0.049491028925187905,1.0,1.0,-0.9392781983002131,12,72,400,5,2,100,0.0,0,0.3,0.0,0.0,1.0,0.7,1.0,1.0,0.25,1.0,0.25
0_base,0.9004646029747968,0.049855606941377216,1.0,1.0,-1.9964734787451697,13,73,400,5,2,100,0.0,0,0.3,0.0,0.0,1.0,0.7,1.0,1.0,0.25,1.0,0.25
0_base,0.969123338459199,0.05122341057709428,1.0,1.0,-0.6027841799860209,14,74,400,5,2,100,0.0,0,0.3,0.0,0.0,1.0,0.7,1.0,1.0,0.25,1.0,0.25
0_base,1.0231961546750954,0.04989360685365243,1.0,1.0,0.4649123632840213,15,75,400,5,2,100,0.0,0,0.3,0.0,0.0,1.0,0.7,1.0,1.0,0.25,1.0,0.25
0_base,1.0589775983718028,0.054965919918935034,1.0,1.0,1.0729848323976805,16,76,400,5,2,100,0.0,0,0.3,0.0,0.0,1.0,0.7,1.0,1.0,0.25,1.0,0.25
0_base,0.9797221295845248,0.04690135829716455,1.0,1.0,-0.4323514531710514,17,77,400,5,2,100,0.0,0,0.3,0.0,0.0,1.0,0.7,1.0,1.0,0.25,1.0,0.25
0_base,1.0332604816934392,0.053457436006268344,1.0,1.0,0.6221862509368973,18,78,400,5,2,100,0.0,0,0.3,0.0,0.0,1.0,0.7,1.0,1.0,0.25,1.0,0.25
0_base,0.9157469728891164,0.04785848198063228,1.0,1.0,-1.7604617535712832,19,79,400,5,2,100,0.0,0,0.3,0.0,0.0,1.0,0.7,1.0,1.0,0.25,1.0,0.25
0_base,0.906254749005384,0.046811583095538636,1.0,1.0,-2.002608004161908,20,80,400,5,2,100,0.0,0,0.3,0.0,0.0,1.0,0.7,1.0,1.0,0.25,1.0,0.25
0_base,1.0484009891854569,0.05624911878736118,1.0,1.0,0.8604755101751439,21,81,400,5,2,100,0.0,0,0.3,0.0,0.0,1.0,0.7,1.0,1.0,0.25,1.0,0.25
0_base,0.91813000959461,0.04856479268491338,1.0,1.0,-1.6857889404894517,22,82,400,5,2,100,0.0,0,0.3,0.0,0.0,1.0,0.7,1.0,1.0,0.25,1.0,0.25
0_base,1.0187315507987846,0.05256766376590241,1.0,1.0,0.3563321908731029,23,83,400,5,2,100,0.0,0,0.3,0.0,0.0,1.0,0.7,1.0,1.0,0.25,1.0,0.25
0_base,0.9033387904587696,0.04770724161334442,1.0,1.0,-2.026132852631597,24,84,400,5,2,100,0.0,0,0.3,0.0,0.0,1.0,0.7,1.0,1.0,0.25,1.0,0.25
0_base,0.9592987218629251,0.04683385544900985,1.0,1.0,-0.869056748517923,25,85,400,5,2,100,0.0,0,0.3,0.0,0.0,1.0,0.7,1.0,1.0,0.25,1.0,0.25
0_base,1.064440698910295,0.058610193559965204,1.0,1.0,1.0994793737434858,26,86,400,5,2,100,0.0,0,0.3,0.0,0.0,1.0,0.7,1.0,1.0,0.25,1.0,0.25
0_base,1.045738270553248,0.05740542498170238,1.0,1.0,0.7967586786061922,27,87,400,5,2,100,0.0,0,0.3,0.0,0.0,1.0,0.7,1.0,1.0,0.25,1.0,0.25
0_base,1.002030372006307,0.052710620784687974,1.0,1.0,0.03851922015110996,28,88,400,5,2,100,0.0,0,0.3,0.0,0.0,1.0,0.7,1.0,1.0,0.25,1.0,0.25
0_base,0.921997915487589,0.051159982369014645,1.0,1.0,-1.52466988650984,29,89,400,5,2,100,0.0,0,0.3,0.0,0.0,1.0,0.7,1.0,1.0,0.25,1.0,0.25
0_base,1.005475204941303,0.051671286751061515,1.0,1.0,0.10596223329372488,30,90,400,5,2,100,0.0,0,0.3,0.0,0.0,1.0,0.7,1.0,1.0,0.25,1.0,0.25
0_base,1.0615745645123147,0.04975755100590648,1.0,1.0,1.2374918633958787,31,91,400,5,2,100,0.0,0,0.3,0.0,0.0,1.0,0.7,1.0,1.0,0.25,1.0,0.25
0_base,0.9401944616865173,0.053052847291923104,1.0,1.0,-1.1272823489454376,32,92,400,5,2,100,0.0,0,0.3,0.0,0.0,1.0,0.7,1.0,1.0,0.25,1.0,0.25
0_base,1.0772927065186781,0.0509584376584099,1.0,1.0,1.516779361188327,33,93,400,5,2,100,0.0,0,0.3,0.0,0.0,1.0,0.7,1.0,1.0,0.25,1.0,0.25
0_base,1.0691127109391498,0.04815890047954123,1.0,1.0,1.4350973600094994,34,94,400,5,2,100,0.0,0,0.3,0.0,0.0,1.0,0.7,1.0,1.0,0.25,1.0,0.25
0_base,1.0324143828060866,0.053994364661683114,1.0,1.0,0.6003289974646056,35,95,400,5,2,100,0.0,0,0.3,0.0,0.0,1.0,0.7,1.0,1.0,0.25,1.0,0.25
0_base,1.0893250557792367,0.046385508077719274,1.0,1.0,1.9257104100179705,36,96,400,5,2,100,0.0,0,0.3,0.0,0.0,1.0,0.7,1.0,1.0,0.25,1.0,0.25
0_base,0.9703457518379558,0.0496132629755819,1.0,1.0,-0.597708080128475,37,97,400,5,2,100,0.0,0,0.3,0.0,0.0,1.0,0.7,1.0,1.0,0.25,1.0,0.25
0_base,1.0163231720265886,0.049097374103663,1.0,1.0,0.33246527588469943,38,98,400,5,2,100,0.0,0,0.3,0.0,0.0,1.0,0.7,1.0,1.0,0.25,1.0,0.25
0_base,0.9363643761735256,0.046395888303814505,1.0,1.0,-1.371578951345188,39,99,400,5,2,100,0.0,0,0.3,0.0,0.0,1.0,0.7,1.0,1.0,0.25,1.0,0.25
0_base,1.0639936509223462,0.05175583497023687,1.0,1.0,1.2364528745241365,40,100,400,5,2,100,0.0,0,0.3,0.0,0.0,1.0,0.7,1.0,1.0,0.25,1.0,0.25
0_base,1.0114539696452787,0.05650618611827617,1.0,1.0,0.2027029327603839,41,101,400,5,2,100,0.0,0,0.3,0.0,0.0,1.0,0.7,1.0,1.0,0.25,1.0,0.25
0_base,1.0609797346094185,0.04888170735665086,1.0,1.0,1.2474960042720686,42,102,400,5,2,100,0.0,0,0.3,0.0,0.0,1.0,0.7,1.0,1.0,0.25,1.0,0.25
0_base,0.9763112164021299,0.04874434819831304,1.0,1.0,-0.4859801079192584,43,103,400,5,2,100,0.0,0,0.3,0.0,0.0,1.0,0.7,1.0,1.0,0.25,1.0,0.25
0_base,1.016767614813149,0.05153204068214172,1.0,1.0,0.32538231731544454,44,104,400,5,2,100,0.0,0,0.3,0.0,0.0,1.0,0.7,1.0,1.0,0.25,1.0,0.25
0_base,0.9717696011804997,0.04979380508293899,1.0,1.0,-0.5669460040757753,45,105,400,5,2,100,0.0,0,0.3,0.0,0.0,1.0,0.7,1.0,1.0,0.25,1.0,0.25
0_base,1.0083687393687197,0.0558079916264917,1.0,1.0,0.1499559314861126,46,106,400,5,2,100,0.0,0,0.3,0.0,0.0,1.0,0.7,1.0,1.0,0.25,1.0,0.25
0_base,1.0272285908377465,0.05286814242130867,1.0,1.0,0.515028325012077,47,107,400,5,2,100,0.0,0,0.3,0.0,0.0,1.0,0.7,1.0,1.0,0.25,1.0,0.25
0_base,0.9434502958864392,0.04927458242771043,1.0,1.0,-1.1476445121888852,48,108,400,5,2,100,0.0,0,0.3,0.0,0.0,1.0,0.7,1.0,1.0,0.25,1.0,0.25
0_base,1.0410507274022724,0.04890752923873409,1.0,1.0,0.8393539408194195,49,109,400,5,2,100,0.0,0,0.3,0.0,0.0,1.0,0.7,1.0,1.0,0.25,1.0,0.25
0_base,1.0134468761260735,0.05510879702025034,1.0,1.0,0.2440059818604339,50,110,400,5,2,100,0.0,0,0.3,0.0,0.0,1.0,0.7,1.0,1.0,0.25,1.0,0.25
0_base,1.1095928520944984,0.05672799590323183,1.0,1.0,1.9319006488691213,51,111,400,5,2,100,0.0,0,0.3,0.0,0.0,1.0,0.7,1.0,1.0,0.25,1.0,0.25
0_base,0.9890981830364245,0.044824988817732454,1.0,1.0,-0.2432084703446222,52,112,400,5,2,100,0.0,0,0.3,0.0,0.0,1.0,0.7,1.0,1.0,0.25,1.0,0.25
0_base,0.9197753212043859,0.04998245601184218,1.0,1.0,-1.6050567578473285,53,113,400,5,2,100,0.0,0,0.3,0.0,0.0,1.0,0.7,1.0,1.0,0.25,1.0,0.25
0_base,0.9915555570651632,0.04750429518950524,1.0,1.0,-0.1777616718898796,54,114,400,5,2,100,0.0,0,0.3,0.0,0.0,1.0,0.7,1.0,1.0,0.25,1.0,0.25
0_base,1.0593766079316047,0.05120744708156921,1.0,1.0,1.1595307189796573,55,115,400,5,2,100,0.0,0,0.3,0.0,0.0,1.0,0.7,1.0,1.0,0.25,1.0,0.25
0_base,1.0123840965576296,0.05102254419779646,1.0,1.0,0.24271813082508847,56,116,400,5,2,100,0.0,0,0.3,0.0,0.0,1.0,0.7,1.0,1.0,0.25,1.0,0.25
0_base,0.939016950326666,0.0511000754247149,1.0,1.0,-1.1934042986527402,57,117,400,5,2,100,0.0,0,0.3,0.0,0.0,1.0,0.7,1.0,1.0,0.25,1.0,0.25
0_base,0.9724815891144217,0.04740493051925636,1.0,1.0,-0.5804968087528367,58,118,400,5,2,100,0.0,0,0.3,0.0,0.0,1.0,0.7,1.0,1.0,0.25,1.0,0.25
0_base,1.002028809482528,0.044973285665689935,1.0,1.0,0.045111435655585515,59,119,400,5,2,100,0.0,0,0.3,0.0,0.0,1.0,0.7,1.0,1.0,0.25,1.0,0.25
0_base,1.0242481558335672,0.049722819254880604,1.0,1.0,0.48766655223772537,60,120,400,5,2,100,0.0,0,0.3,0.0,0.0,1.0,0.7,1.0,1.0,0.25,1.0,0.25
0_base,0.9917770582988745,0.05284194560087307,1.0,1.0,-0.1556139087541397,61,121,400,5,2,100,0.0,0,0.3,0.0,0.0,1.0,0.7,1.0,1.0,0.25,1.0,0.25
0_base,0.955548007816712,0.0547890904473556,1.0,1.0,-0.8113292595357087,62,122,400,5,2,100,0.0,0,0.3,0.0,0.0,1.0,0.7,1.0,1.0,0.25,1.0,0.25
0_base,1.0280585132039568,0.05136500438141772,1.0,1.0,0.5462573894787306,63,123,400,5,2,100,0.0,0,0.3,0.0,0.0,1.0,0.7,1.0,1.0,0.25,1.0,0.25
0_base,1.0713621978008991,0.05602113080651446,1.0,1.0,1.2738442936357282,64,124,400,5,2,100,0.0,0,0.3,0.0,0.0,1.0,0.7,1.0,1.0,0.25,1.0,0.25
0_base,0.9438416176543221,0.05367459888104423,1.0,1.0,-1.0462748398015673,65,125,400,5,2,100,0.0,0,0.3,0.0,0.0,1.0,0.7,1.0,1.0,0.25,1.0,0.25
0_base,0.9390107650503954,0.05539989468484545,1.0,1.0,-1.1008908102904413,66,126,400,5,2,100,0.0,0,0.3,0.0,0.0,1.0,0.7,1.0,1.0,0.25,1.0,0.25
0_base,0.9685264204550186,0.05201727898702306,1.0,1.0,-0.6050600907600963,67,127,400,5,2,100,0.0,0,0.3,0.0,0.0,1.0,0.7,1.0,1.0,0.25,1.0,0.25
0_base,1.0735151882774683,0.054527741167606676,1.0,1.0,1.3482162786002492,68,128,400,5,2,100,0.0,0,0.3,0.0,0.0,1.0,0.7,1.0,1.0,0.25,1.0,0.25
0_base,0.9645963866627776,0.047073122115818225,1.0,1.0,-0.7520982621487423,69,129,400,5,2,100,0.0,0,0.3,0.0,0.0,1.0,0.7,1.0,1.0,0.25,1.0,0.25
0_base,1.0537539148375377,0.050257278371702144,1.0,1.0,1.0695747278627872,70,130,400,5,2,100,0.0,0,0.3,0.0,0.0,1.0,0.7,1.0,1.0,0.25,1.0,0.25
0_base,0.9775733160551595,0.054475016726948655,1.0,1.0,-0.41168750910628105,71,131,400,5,2,100,0.0,0,0.3,0.0,0.0,1.0,0.7,1.0,1.0,0.25,1.0,0.25
0_base,0.9913879406058504,0.054299144463165465,1.0,1.0,-0.1586039610622531,72,132,400,5,2,100,0.0,0,0.3,0.0,0.0,1.0,0.7,1.0,1.0,0.25,1.0,0.25
0_base,1.0224965078627157,0.04928192990733968,1.0,1.0,0.45648593521020514,73,133,400,5,2,100,0.0,0,0.3,0.0,0.0,1.0,0.7,1.0,1.0,0.25,1.0,0.25
0_base,0.9682554795860742,0.05103477090084823,1.0,1.0,-0.6220174961811815,74,134,400,5,2,100,0.0,0,0.3,0.0,0.0,1.0,0.7,1.0,1.0,0.25,1.0,0.25
0_base,0.9970119967310958,0.056898836917189194,1.0,1.0,-0.052514311905057065,75,135,400,5,2,100,0.0,0,0.3,0.0,0.0,1.0,0.7,1.0,1.0,0.25,1.0,0.25
0_base,0.9740057110172936,0.04747225104742371,1.0,1.0,-0.5475680720667466,76,136,400,5,2,100,0.0,0,0.3,0.0,0.0,1.0,0.7,1.0,1.0,0.25,1.0,0.25
0_base,0.9531238444869591,0.050621699175499996,1.0,1.0,-0.9260091280327497,77,137,400,5,2,100,0.0,0,0.3,0.0,0.0,1.0,0.7,1.0,1.0,0.25,1.0,0.25
0_base,1.0296505455363683,0.04752254573442495,1.0,1.0,0.6239258667258147,78,138,400,5,2,100,0.0,0,0.3,0.0,0.0,1.0,0.7,1.0,1.0,0.25,1.0,0.25
0_base,0.865915099996975,0.051606290262034095,1.0,1.0,-2.5982278385483766,79,139,400,5,2,100,0.0,0,0.3,0.0,0.0,1.0,0.7,1.0,1.0,0.25,1.0,0.25
0_base,0.9645075891946855,0.04686744138541109,1.0,1.0,-0.7572935444340813,80,140,400,5,2,100,0.0,0,0.3,0.0,0.0,1.0,0.7,1.0,1.0,0.25,1.0,0.25
0_base,0.9915086334943024,0.04904299289129565,1.0,1.0,-0.17314127880651178,81,141,400,5,2,100,0.0,0,0.3,0.0,0.0,1.0,0.7,1.0,1.0,0.25,1.0,0.25
0_base,1.0048336804749507,0.05000826672044938,1.0,1.0,0.0966576286671041,82,142,400,5,2,100,0.0,0,0.3,0.0,0.0,1.0,0.7,1.0,1.0,0.25,1.0,0.25
0_base,0.980974419999217,0.05534901680616236,1.0,1.0,-0.3437383552342485,83,143,400,5,2,100,0.0,0,0.3,0.0,0.0,1.0,0.7,1.0,1.0,0.25,1.0,0.25
0_base,0.9665485406052245,0.054954389206617306,1.0,1.0,-0.608713150627601,84,144,400,5,2,100,0.0,0,0.3,0.0,0.0,1.0,0.7,1.0,1.0,0.25,1.0,0.25
0_base,0.9597224554529945,0.054761047441225605,1.0,1.0,-0.7355145021693552,85,145,400,5,2,100,0.0,0,0.3,0.0,0.0,1.0,0.7,1.0,1.0,0.25,1.0,0.25
0_base,1.0075870528061546,0.051835773630981914,1.0,1.0,0.14636711820231882,86,146,400,5,2,100,0.0,0,0.3,0.0,0.0,1.0,0.7,1.0,1.0,0.25,1.0,0.25
0_base,0.9567757955595771,0.04981320640531639,1.0,1.0,-0.8677258012407265,87,147,400,5,2,100,0.0,0,0.3,0.0,0.0,1.0,0.7,1.0,1.0,0.25,1.0,0.25
0_base,0.9867921174081102,0.0459487800788772,1.0,1.0,-0.28744794898181575,88,148,400,5,2,100,0.0,0,0.3,0.0,0.0,1.0,0.7,1.0,1.0,0.25,1.0,0.25
0_base,0.9645556534541608,0.04978743359286819,1.0,1.0,-0.7119135088520891,89,149,400,5,2,100,0.0,0,0.3,0.0,0.0,1.0,0.7,1.0,1.0,0.25,1.0,0.25
0_base,0.9451681132701202,0.04778291976866504,1.0,1.0,-1.147520641169302,90,150,400,5,2,100,0.0,0,0.3,0.0,0.0,1.0,0.7,1.0,1.0,0.25,1.0,0.25
0_base,0.9692278025535994,0.04310534250488032,1.0,1.0,-0.7138836083466128,91,151,400,5,2,100,0.0,0,0.3,0.0,0.0,1.0,0.7,1.0,1.0,0.25,1.0,0.25
0_base,1.0656444001198666,0.049661836743249345,1.0,1.0,1.321827874777302,92,152,400,5,2,100,0.0,0,0.3,0.0,0.0,1.0,0.7,1.0,1.0,0.25,1.0,0.25
0_base,0.9877861309019541,0.051919954336948,1.0,1.0,-0.23524421879843777,93,153,400,5,2,100,0.0,0,0.3,0.0,0.0,1.0,0.7,1.0,1.0,0.25,1.0,0.25
0_base,0.84728968171112,0.051190111453609605,1.0,1.0,-2.9831995663317095,94,154,400,5,2,100,0.0,0,0.3,0.0,0.0,1.0,0.7,1.0,1.0,0.25,1.0,0.25
0_base,1.0453145736751355,0.047668169445655495,1.0,1.0,0.9506254215781611,95,155,400,5,2,100,0.0,0,0.3,0.0,0.0,1.0,0.7,1.0,1.0,0.25,1.0,0.25
0_base,0.9611610677505474,0.05094539236100041,1.0,1.0,-0.7623639832673945,96,156,400,5,2,100,0.0,0,0.3,0.0,0.0,1.0,0.7,1.0,1.0,0.25,1.0,0.25
0_base,0.9341192362235486,0.054227540673874836,1.0,1.0,-1.214894921616659,97,157,400,5,2,100,0.0,0,0.3,0.0,0.0,1.0,0.7,1.0,1.0,0.25,1.0,0.25
0_base,0.9484819018417107,0.05406255350523803,1.0,1.0,-0.9529349765785264,98,158,400,5,2,100,0.0,0,0.3,0.0,0.0,1.0,0.7,1.0,1.0,0.25,1.0,0.25
0_base,1.0186847526118519,0.05255679035025359,1.0,1.0,0.35551548120292925,99,159,400,5,2,100,0.0,0,0.3,0.0,0.0,1.0,0.7,1.0,1.0,0.25,1.0,0.25
inter_0.25,0.9956549882259615,0.06259373284007957,1.0,1.0118410609056665,-0.2585893498484692,0,61,400,5,2,100,0.0,0,0.3,0.25,0.0,1.0,0.7,1.0,1.0,0.25,1.0,0.25
inter_0.25,1.0078220331633003,0.0539041219052983,1.0,0.9903495614910421,0.32413980702542144,1,62,400,5,2,100,0.0,0,0.3,0.25,0.0,1.0,0.7,1.0,1.0,0.25,1.0,0.25
inter_0.25,0.880795137801721,0.050796463200360555,1.0,0.9957981608711214,-2.263996660865634,2,63,400,5,2,100,0.0,0,0.3,0.25,0.0,1.0,0.7,1.0,1.0,0.25,1.0,0.25
inter_0.25,0.9822547282882259,0.04794500629672315,1.0,0.9957263881773574,-0.2809815021351284,3,64,400,5,2,100,0.0,0,0.3,0.25,0.0,1.0,0.7,1.0,1.0,0.25,1.0,0.25
inter_0.25,1.0544305186536487,0.05693041090616968,1.0,0.996831503009195,1.0117442457843133,4,65,400,5,2,100,0.0,0,0.3,0.25,0.0,1.0,0.7,1.0,1.0,0.25,1.0,0.25
inter_0.25,1.0868525984168875,0.06190712911922851,1.0,0.9783200443505271,1.753151141241501,5,66,400,5,2,100,0.0,0,0.3,0.25,0.0,1.0,0.7,1.0,1.0,0.25,1.0,0.25
inter_0.25,0.9412440705245945,0.05813787916529453,1.0,1.0005033854181375,-1.0192892438518464,6,67,400,5,2,100,0.0,0,0.3,0.25,0.0,1.0,0.7,1.0,1.0,0.25,1.0,0.25
inter_0.25,0.9800881678453592,0.07154739342707678,1.0,1.0075127486391682,-0.38330649769597663,7,68,400,5,2,100,0.0,0,0.3,0.25,0.0,1.0,0.7,1.0,1.0,0.25,1.0,0.25
inter_0.25,1.0275896436847407,0.052264449023030034,1.0,1.0007260327133027,0.5139939571466767,8,69,400,5,2,100,0.0,0,0.3,0.25,0.0,1.0,0.7,1.0,1.0,0.25,1.0,0.25
inter_0.25,0.974821472059327,0.06080676146663525,1.0,0.9913086535856389,-0.27114059569441856,9,70,400,5,2,100,0.0,0,0.3,0.25,0.0,1.0,0.7,1.0,1.0,0.25,1.0,0.25
inter_0.25,1.0743257631086263,0.04506403211111081,1.0,0.9798872162844867,2.0956523950473387,10,71,400,5,2,100,0.0,0,0.3,0.25,0.0,1.0,0.7,1.0,1.0,0.25,1.0,0.25
inter_0.25,0.9377042884083377,0.054865615961978566,1.0,0.9934842089389562,-1.016664436416306,11,72,400,5,2,100,0.0,0,0.3,0.25,0.0,1.0,0.7,1.0,1.0,0.25,1.0,0.25
inter_0.25,0.9192654829730953,0.059766987753385646,1.0,0.993095885139249,-1.2353040523105727,12,73,400,5,2,100,0.0,0,0.3,0.25,0.0,1.0,0.7,1.0,1.0,0.25,1.0,0.25
inter_0.25,0.9826106413111971,0.053997745581874826,1.0,1.0034916894294208,-0.3867022204947888,13,74,400,5,2,100,0.0,0,0.3,0.25,0.0,1.0,0.7,1.0,1.0,0.25,1.0,0.25
inter_0.25,1.034904640987041,0.055254070579080154,1.0,1.0017465720087586,0.6001018319695794,14,75,400,5,2,100,0.0,0,0.3,0.25,0.0,1.0,0.7,1.0,1.0,0.25,1.0,0.25
inter_0.25,1.018517514110802,0.05234184398701777,1.0,0.9859051994303889,0.6230639235503798,15,76,400,5,2,100,0.0,0,0.3,0.25,0.0,1.0,0.7,1.0,1.0,0.25,1.0,0.25
inter_0.25,0.9990852882795065,0.05590413560227039,1.0,1.0114489087950984,-0.22115752944563566,16,77,400,5,2,100,0.0,0,0.3,0.25,0.0,1.0,0.7,1.0,1.0,0.25,1.0,0.25
inter_0.25,1.088912157520579,0.06010790881292022,1.0,1.0031223929843462,1.427262505558871,17,78,400,5,2,100,0.0,0,0.3,0.25,0.0,1.0,0.7,1.0,1.0,0.25,1.0,0.25
inter_0.25,0.8866635107900996,0.05242368870201347,1.0,0.97566834148045,-1.6977979400929089,18,79,400,5,2,100,0.0,0,0.3,0.25,0.0,1.0,0.7,1.0,1.0,0.25,1.0,0.25
inter_0.25,0.9183241769721161,0.05881813753196178,1.0,1.0103196414358289,-1.5640662612569536,19,80,400,5,2,100,0.0,0,0.3,0.25,0.0,1.0,0.7,1.0,1.0,0.25,1.0,0.25
inter_0.25,1.0421712991942484,0.055659122511890285,1.0,0.9861498403402689,1.0065099183339064,20,81,400,5,2,100,0.0,0,0.3,0.25,0.0,1.0,0.7,1.0,1.0,0.25,1.0,0.25
inter_0.25,0.9198146422616928,0.04848622661891147,1.0,1.004581154468838,-1.7482596217145692,21,82,400,5,2,100,0.0,0,0.3,0.25,0.0,1.0,0.7,1.0,1.0,0.25,1.0,0.25
inter_0.25,1.0005589107419777,0.05881366223472949,1.0,0.9966862025022308,0.06584708539812711,22,83,400,5,2,100,0.0,0,0.3,0.25,0.0,1.0,0.7,1.0,1.0,0.25,1.0,0.25
inter_0.25,0.8523044966452178,0.055530198172410686,1.0,0.9871459399803826,-2.4282543151837457,23,84,400,5,2,100,0.0,0,0.3,0.25,0.0,1.0,0.7,1.0,1.0,0.25,1.0,0.25
inter_0.25,0.9304117310432075,0.04898295991158862,1.0,1.0095539938809917,-1.6157100955236536,24,85,400,5,2,100,0.0,0,0.3,0.25,0.0,1.0,0.7,1.0,1.0,0.25,1.0,0.25
inter_0.25,1.0746006510985784,0.0671642092280678,1.0,0.9994216521242865,1.1193312604784567,25,86,400,5,2,100,0.0,0,0.3,0.25,0.0,1.0,0.7,1.0,1.0,0.25,1.0,0.25
inter_0.25,1.07476281561866,0.05698840343604828,1.0,1.0239623682513515,0.8914172762238576,26,87,400,5,2,100,0.0,0,0.3,0.25,0.0,1.0,0.7,1.0,1.0,0.25,1.0,0.25
inter_0.25,0.9877029021481922,0.05693947597791418,1.0,1.000789295050933,-0.2298298794990087,27,88,400,5,2,100,0.0,0,0.3,0.25,0.0,1.0,0.7,1.0,1.0,0.25,1.0,0.25
inter_0.25,0.9249138829666992,0.05786837109991387,1.0,1.008109154587784,-1.4376639611549165,28,89,400,5,2,100,0.0,0,0.3,0.25,0.0,1.0,0.7,1.0,1.0,0.25,1.0,0.25
inter_0.25,1.0469098935346128,0.06447207771056769,1.0,1.0012212810062755,0.7086573622374274,29,90,400,5,2,100,0.0,0,0.3,0.25,0.0,1.0,0.7,1.0,1.0,0.25,1.0,0.25
inter_0.25,1.098123445985683,0.05196998008026775,1.0,1.0263976339906342,1.3801393012710053,30,91,400,5,2,100,0.0,0,0.3,0.25,0.0,1.0,0.7,1.0,1.0,0.25,1.0,0.25
inter_0.25,0.9143754556060625,0.05069041424650615,1.0,1.0106768375445696,-1.8997947318046373,31,92,400,5,2,100,0.0,0,0.3,0.25,0.0,1.0,0.7,1.0,1.0,0.25,1.0,0.25
inter_0.25,1.0669274011063865,0.05207155089565746,1.0,0.9968769830424355,1.3452723581120158,32,93,400,5,2,100,0.0,0,0.3,0.25,0.0,1.0,0.7,1.0,1.0,0.25,1.0,0.25
inter_0.25,1.0470669622546194,0.05753441346574431,1.0,0.9850035820192818,1.0787175274201717,33,94,400,5,2,100,0.0,0,0.3,0.25,0.0,1.0,0.7,1.0,1.0,0.25,1.0,0.25
inter_0.25,1.0321219696316024,0.0590887600195644,1.0,1.015312514058946,0.2844780558449813,34,95,400,5,2,100,0.0,0,0.3,0.25,0.0,1.0,0.7,1.0,1.0,0.25,1.0,0.25
inter_0.25,1.0487967362178046,0.04971865037869213,1.0,0.984028277214049,1.3026994600704882,35,96,400,5,2,100,0.0,0,0.3,0.25,0.0,1.0,0.7,1.0,1.0,0.25,1.0,0.25
inter_0.25,0.9877666650627765,0.054526082582167956,1.0,0.9971727487239983,-0.17250613313449167,36,97,400,5,2,100,0.0,0,0.3,0.25,0.0,1.0,0.7,1.0,1.0,0.25,1.0,0.25
inter_0.25,1.0461138675877397,0.05808292282251999,1.0,1.0267965205563383,0.33258221337152943,37,98,400,5,2,100,0.0,0,0.3,0.25,0.0,1.0,0.7,1.0,1.0,0.25,1.0,0.25
inter_0.25,0.9022042893607815,0.053745453640658254,1.0,0.989778516175887,-1.629425763165499,38,99,400,5,2,100,0.0,0,0.3,0.25,0.0,1.0,0.7,1.0,1.0,0.25,1.0,0.25
inter_0.25,1.0529030055777067,0.05726569365319248,1.0,1.0178066643197476,0.6128685259713509,39,100,400,5,2,100,0.0,0,0.3,0.25,0.0,1.0,0.7,1.0,1.0,0.25,1.0,0.25
inter_0.25,1.0333548993050967,0.06008879019187121,1.0,0.9995993015557539,0.5617619799226583,40,101,400,5,2,100,0.0,0,0.3,0.25,0.0,1.0,0.7,1.0,1.0,0.25,1.0,0.25
inter_0.25,1.0952246968868524,0.055113143443631295,1.0,0.9987683277130864,1.7501518357852293,41,102,400,5,2,100,0.0,0,0.3,0.25,0.0,1.0,0.7,1.0,1.0,0.25,1.0,0.25
inter_0.25,0.9721190288770016,0.054728673356129506,1.0,0.990037056255907,-0.3273974368483129,42,103,400,5,2,100,0.0,0,0.3,0.25,0.0,1.0,0.7,1.0,1.0,0.25,1.0,0.25
inter_0.25,1.0133101388674073,0.05627573565775271,1.0,0.994238352075187,0.33889893342678923,43,104,400,5,2,100,0.0,0,0.3,0.25,0.0,1.0,0.7,1.0,1.0,0.25,1.0,0.25
inter_0.25,0.9988862899264531,0.0498513485285685,1.0,1.0255882586518885,-0.5356318236834295,44,105,400,5,2,100,0.0,0,0.3,0.25,0.0,1.0,0.7,1.0,1.0,0.25,1.0,0.25
inter_0.25,1.014121984036811,0.062192344731494514,1.0,0.9998570853867753,0.22936743600232595,45,106,400,5,2,100,0.0,0,0.3,0.25,0.0,1.0,0.7,1.0,1.0,0.25,1.0,0.25
inter_0.25,1.048922840338426,0.06157236636948519,1.0,0.9868489442411736,1.0081453703558778,46,107,400,5,2,100,0.0,0,0.3,0.25,0.0,1.0,0.7,1.0,1.0,0.25,1.0,0.25
inter_0.25,0.960419835385515,0.05548438925491235,1.0,1.0012711162209522,-0.7362662071984583,47,108,400,5,2,100,0.0,0,0.3,0.25,0.0,1.0,0.7,1.0,1.0,0.25,1.0,0.25
inter_0.25,1.063801497543349,0.05057252467479735,1.0,1.0102674690683664,1.0585595403675994,48,109,400,5,2,100,0.0,0,0.3,0.25,0.0,1.0,0.7,1.0,1.0,0.25,1.0,0.25
inter_0.25,0.9741667773519965,0.05896855659616814,1.0,0.9822359779730104,-0.13683903908779502,49,110,400,5,2,100,0.0,0,0.3,0.25,0.0,1.0,0.7,1.0,1.0,0.25,1.0,0.25
inter_0.25,1.1276191143914185,0.05685725534889233,1.0,0.9989876310362737,2.262358296506317,50,111,400,5,2,100,0.0,0,0.3,0.25,0.0,1.0,0.7,1.0,1.0,0.25,1.0,0.25
inter_0.25,1.021069346165452,0.052321811218868794,1.0,1.0012901769036546,0.3780291393021292,51,112,400,5,2,100,0.0,0,0.3,0.25,0.0,1.0,0.7,1.0,1.0,0.25,1.0,0.25
inter_0.25,0.92340876391865,0.05622997439101582,1.0,0.9981069625118973,-1.3284409143387816,52,113,400,5,2,100,0.0,0,0.3,0.25,0.0,1.0,0.7,1.0,1.0,0.25,1.0,0.25
inter_0.25,1.00197680868017,0.05037166109007595,1.0,0.9957277800147238,0.12405841955998625,53,114,400,5,2,100,0.0,0,0.3,0.25,0.0,1.0,0.7,1.0,1.0,0.25,1.0,0.25
inter_0.25,1.0483656339353857,0.05726465637770101,1.0,0.9848414120484261,1.1093094048792038,54,115,400,5,2,100,0.0,0,0.3,0.25,0.0,1.0,0.7,1.0,1.0,0.25,1.0,0.25
inter_0.25,1.009492782943099,0.060765095212694686,1.0,0.9934886771698883,0.26337662628836433,55,116,400,5,2,100,0.0,0,0.3,0.25,0.0,1.0,0.7,1.0,1.0,0.25,1.0,0.25
inter_0.25,0.9679868702052584,0.05798588217747588,1.0,1.0172309749423807,-0.8492430034331825,56,117,400,5,2,100,0.0,0,0.3,0.25,0.0,1.0,0.7,1.0,1.0,0.25,1.0,0.25
inter_0.25,1.0071325288543669,0.05289476088780281,1.0,1.0081932870872459,-0.020054126629459684,57,118,400,5,2,100,0.0,0,0.3,0.25,0.0,1.0,0.7,1.0,1.0,0.25,1.0,0.25
inter_0.25,1.0600933421838574,0.055252550239723364,1.0,1.016248661988527,0.7935322443055077,58,119,400,5,2,100,0.0,0,0.3,0.25,0.0,1.0,0.7,1.0,1.0,0.25,1.0,0.25
inter_0.25,1.0140803215801886,0.05702591135818575,1.0,1.0084314874469353,0.09905732321877878,59,120,400,5,2,100,0.0,0,0.3,0.25,0.0,1.0,0.7,1.0,1.0,0.25,1.0,0.25
inter_0.25,0.9922404509902415,0.05998297960550451,1.0,0.9909319505260828,0.021814529267541884,60,121,400,5,2,100,0.0,0,0.3,0.25,0.0,1.0,0.7,1.0,1.0,0.25,1.0,0.25
inter_0.25,0.9440208712347684,0.06130076382122018,1.0,0.9967658363583592,-0.8604291665503256,61,122,400,5,2,100,0.0,0,0.3,0.25,0.0,1.0,0.7,1.0,1.0,0.25,1.0,0.25
inter_0.25,1.0423131721618102,0.05999409659650467,1.0,0.9960565366017516,0.7710197866827037,62,123,400,5,2,100,0.0,0,0.3,0.25,0.0,1.0,0.7,1.0,1.0,0.25,1.0,0.25
inter_0.25,1.085218813726267,0.06066060512640694,1.0,1.009098573866259,1.2548546078857228,63,124,400,5,2,100,0.0,0,0.3,0.25,0.0,1.0,0.7,1.0,1.0,0.25,1.0,0.25
inter_0.25,0.9266423246743755,0.05692643867366423,1.0,0.9943405092368789,-1.1892221986797589,64,125,400,5,2,100,0.0,0,0.3,0.25,0.0,1.0,0.7,1.0,1.0,0.25,1.0,0.25
inter_0.25,0.95335209698023,0.06736371103817866,1.0,1.0254986579524006,-1.0710003926488132,65,126,400,5,2,100,0.0,0,0.3,0.25,0.0,1.0,0.7,1.0,1.0,0.25,1.0,0.25
inter_0.25,0.9669874592841198,0.055042122634380984,1.0,1.006656266840641,-0.7206990874974504,66,127,400,5,2,100,0.0,0,0.3,0.25,0.0,1.0,0.7,1.0,1.0,0.25,1.0,0.25
inter_0.25,1.0471426797168095,0.06681476833455195,1.0,0.9936213009028748,0.8010411492552788,67,128,400,5,2,100,0.0,0,0.3,0.25,0.0,1.0,0.7,1.0,1.0,0.25,1.0,0.25
inter_0.25,0.9482315434510632,0.05050382532225712,1.0,1.011064345365214,-1.244119658525356,68,129,400,5,2,100,0.0,0,0.3,0.25,0.0,1.0,0.7,1.0,1.0,0.25,1.0,0.25
inter_0.25,1.0603254196483975,0.06009336910887335,1.0,0.9961631708540974,1.0677092954807545,69,130,400,5,2,100,0.0,0,0.3,0.25,0.0,1.0,0.7,1.0,1.0,0.25,1.0,0.25
inter_0.25,1.0128333160200877,0.05497408321234839,1.0,1.0049861023852507,0.1427438745003834,70,131,400,5,2,100,0.0,0,0.3,0.25,0.0,1.0,0.7,1.0,1.0,0.25,1.0,0.25
inter_0.25,1.0487043714569035,0.05788984018486564,1.0,1.03097626378946,0.30623867004694755,71,132,400,5,2,100,0.0,0,0.3,0.25,0.0,1.0,0.7,1.0,1.0,0.25,1.0,0.25
inter_0.25,1.032171134914754,0.053673187674871226,1.0,0.9974390742168038,0.6471026261443962,72,133,400,5,2,100,0.0,0,0.3,0.25,0.0,1.0,0.7,1.0,1.0,0.25,1.0,0.25
inter_0.25,0.966991030653976,0.05639323374606371,1.0,0.988508092087075,-0.3815539561002913,73,134,400,5,2,100,0.0,0,0.3,0.25,0.0,1.0,0.7,1.0,1.0,0.25,1.0,0.25
inter_0.25,1.04092502889987,0.06287540493124646,1.0,1.0221370238270342,0.29881326559057875,74,135,400,5,2,100,0.0,0,0.3,0.25,0.0,1.0,0.7,1.0,1.0,0.25,1.0,0.25
inter_0.25,0.9663581336552277,0.04892375718024252,1.0,0.9917993655261574,-0.5200179490957815,75,136,400,5,2,100,0.0,0,0.3,0.25,0.0,1.0,0.7,1.0,1.0,0.25,1.0,0.25
inter_0.25,0.9863884131823726,0.056339635891170824,1.0,1.0132203122731243,-0.4762526180073626,76,137,400,5,2,100,0.0,0,0.3,0.25,0.0,1.0,0.7,1.0,1.0,0.25,1.0,0.25
inter_0.25,1.0329474492930124,0.05953968838213039,1.0,1.0242698202478926,0.1457452882424596,77,138,400,5,2,100,0.0,0,0.3,0.25,0.0,1.0,0.7,1.0,1.0,0.25,1.0,0.25
inter_0.25,0.9130679576023542,0.05450042468166542,1.0,1.0056910886421557,-1.6994937485498363,78,139,400,5,2,100,0.0,0,0.3,0.25,0.0,1.0,0.7,1.0,1.0,0.25,1.0,0.25
inter_0.25,0.9311061181892613,0.05133344328424254,1.0,0.9705500991683603,-0.7683875940425549,79,140,400,5,2,100,0.0,0,0.3,0.25,0.0,1.0,0.7,1.0,1.0,0.25,1.0,0.25
inter_0.25,1.013324587200452,0.05813737305239708,1.0,1.025556046019137,-0.21038891467733473,80,141,400,5,2,100,0.0,0,0.3,0.25,0.0,1.0,0.7,1.0,1.0,0.25,1.0,0.25
inter_0.25,0.9205926709701053,0.05251385635688252,1.0,0.9661623688992649,-0.8677652164691412,81,142,400,5,2,100,0.0,0,0.3,0.25,0.0,1.0,0.7,1.0,1.0,0.25,1.0,0.25
inter_0.25,0.951086861074859,0.06513258489298031,1.0,1.0065890652709533,-0.8521418931444265,82,143,400,5,2,100,0.0,0,0.3,0.25,0.0,1.0,0.7,1.0,1.0,0.25,1.0,0.25
inter_0.25,0.9104776101100586,0.060165704437130006,1.0,1.0109316062771012,-1.6696222059863322,83,144,400,5,2,100,0.0,0,0.3,0.25,0.0,1.0,0.7,1.0,1.0,0.25,1.0,0.25
inter_0.25,0.9611897699300254,0.0517968738353936,1.0,1.009501813765111,-0.9327212292505833,84,145,400,5,2,100,0.0,0,0.3,0.25,0.0,1.0,0.7,1.0,1.0,0.25,1.0,0.25
inter_0.25,1.0290194628811267,0.055500424942446135,1.0,1.017449073704122,0.20847388446130244,85,146,400,5,2,100,0.0,0,0.3,0.25,0.0,1.0,0.7,1.0,1.0,0.25,1.0,0.25
inter_0.25,0.904741941441575,0.05634800750275794,1.0,0.9760200801362514,-1.2649628949379919,86,147,400,5,2,100,0.0,0,0.3,0.25,0.0,1.0,0.7,1.0,1.0,0.25,1.0,0.25
inter_0.25,1.0146990576374153,0.05546348110738707,1.0,1.0183495732792414,-0.06581836496627422,87,148,400,5,2,100,0.0,0,0.3,0.25,0.0,1.0,0.7,1.0,1.0,0.25,1.0,0.25
inter_0.25,0.9675854144155517,0.05481333341285174,1.0,0.9968347467404429,-0.5336171056152796,88,149,400,5,2,100,0.0,0,0.3,0.25,0.0,1.0,0.7,1.0,1.0,0.25,1.0,0.25
inter_0.25,0.9417632491181279,0.05046848615888554,1.0,0.9901763843970254,-0.9592745684204318,89,150,400,5,2,100,0.0,0,0.3,0.25,0.0,1.0,0.7,1.0,1.0,0.25,1.0,0.25
inter_0.25,0.9340402770252093,0.05105848400885298,1.0,0.9848141314743261,-0.994425420862733,90,151,400,5,2,100,0.0,0,0.3,0.25,0.0,1.0,0.7,1.0,1.0,0.25,1.0,0.25
inter_0.25,1.0532645779497742,0.054510806127306535,1.0,1.006616768619501,0.8557534302708778,91,152,400,5,2,100,0.0,0,0.3,0.25,0.0,1.0,0.7,1.0,1.0,0.25,1.0,0.25
inter_0.25,0.9186712777975654,0.05594699920257853,1.0,0.986789102986224,-1.2175420694506014,92,153,400,5,2,100,0.0,0,0.3,0.25,0.0,1.0,0.7,1.0,1.0,0.25,1.0,0.25
inter_0.25,0.881568475189661,0.055441325266981555,1.0,1.0048267700951294,-2.223220572594713,93,154,400,5,2,100,0.0,0,0.3,0.25,0.0,1.0,0.7,1.0,1.0,0.25,1.0,0.25
inter_0.25,1.065512819969698,0.05565758798473958,1.0,1.0145178676961153,0.9162264144030934,94,155,400,5,2,100,0.0,0,0.3,0.25,0.0,1.0,0.7,1.0,1.0,0.25,1.0,0.25
inter_0.25,0.9986393497333912,0.054571772527899444,1.0,1.0108785162339964,-0.2242765065831058,95,156,400,5,2,100,0.0,0,0.3,0.25,0.0,1.0,0.7,1.0,1.0,0.25,1.0,0.25
inter_0.25,0.9378611735234252,0.053795259412649316,1.0,1.0046772468031089,-1.2420438902832511,96,157,400,5,2,100,0.0,0,0.3,0.25,0.0,1.0,0.7,1.0,1.0,0.25,1.0,0.25
inter_0.25,0.9840288702502172,0.053669585483489025,1.0,1.0004113867972277,-0.3052476817069967,97,158,400,5,2,100,0.0,0,0.3,0.25,0.0,1.0,0.7,1.0,1.0,0.25,1.0,0.25
inter_0.25,1.0699152167002282,0.06432966696527082,1.0,1.0073754132459547,0.972176701739127,98,159,400,5,2,100,0.0,0,0.3,0.25,0.0,1.0,0.7,1.0,1.0,0.25,1.0,0.25
inter_0.25,0.949154801260277,0.05389949367673549,1.0,0.9961013798045945,-0.8710022180520212,99,160,400,5,2,100,0.0,0,0.3,0.25,0.0,1.0,0.7,1.0,1.0,0.25,1.0,0.25
inter_0.5,0.975221565615897,0.06320861336742072,1.0,0.9806991229820844,-0.08665840103701197,0,62,400,5,2,100,0.0,0,0.3,0.5,0.0,1.0,0.7,1.0,1.0,0.25,1.0,0.25
inter_0.5,0.877291013992043,0.06259791593703903,1.0,0.9915963217422424,-1.8260241741141618,1,63,400,5,2,100,0.0,0,0.3,0.5,0.0,1.0,0.7,1.0,1.0,0.25,1.0,0.25
inter_0.5,0.9384423920043772,0.057845741135026954,1.0,0.9914527763547148,-0.9164094591959275,2,64,400,5,2,100,0.0,0,0.3,0.5,0.0,1.0,0.7,1.0,1.0,0.25,1.0,0.25
inter_0.5,1.107489779959646,0.07678201962348058,1.0,0.9936630060183895,1.4824665266612396,3,65,400,5,2,100,0.0,0,0.3,0.5,0.0,1.0,0.7,1.0,1.0,0.25,1.0,0.25
inter_0.5,1.0508085992584257,0.07169848449424888,1.0,0.9566400887010542,1.3133961090199195,4,66,400,5,2,100,0.0,0,0.3,0.5,0.0,1.0,0.7,1.0,1.0,0.25,1.0,0.25
inter_0.5,0.9586301634149414,0.06867423449606834,1.0,1.001006770836275,-0.6170670518906147,5,67,400,5,2,100,0.0,0,0.3,0.5,0.0,1.0,0.7,1.0,1.0,0.25,1.0,0.25
inter_0.5,1.0258339884954037,0.0853018748971461,1.0,1.0150254972783361,0.12670871806862516,6,68,400,5,2,100,0.0,0,0.3,0.5,0.0,1.0,0.7,1.0,1.0,0.25,1.0,0.25
inter_0.5,1.0629657944051343,0.06055702746940665,1.0,1.0014520654266055,1.0157983565095805,7,69,400,5,2,100,0.0,0,0.3,0.5,0.0,1.0,0.7,1.0,1.0,0.25,1.0,0.25
inter_0.5,0.9735275060506582,0.0738722995232754,1.0,0.9826173071712779,-0.12304749113374717,8,70,400,5,2,100,0.0,0,0.3,0.5,0.0,1.0,0.7,1.0,1.0,0.25,1.0,0.25
inter_0.5,1.0667040582620138,0.054507335203934124,1.0,0.9597744325689734,1.9617474472559164,9,71,400,5,2,100,0.0,0,0.3,0.5,0.0,1.0,0.7,1.0,1.0,0.25,1.0,0.25
inter_0.5,0.9214427085614065,0.06721910389439002,1.0,0.9869684178779126,-0.9748078376566202,10,72,400,5,2,100,0.0,0,0.3,0.5,0.0,1.0,0.7,1.0,1.0,0.25,1.0,0.25
inter_0.5,0.9187889155122232,0.07952977647410701,1.0,0.9861917702784976,-0.8475172162494276,11,73,400,5,2,100,0.0,0,0.3,0.5,0.0,1.0,0.7,1.0,1.0,0.25,1.0,0.25
inter_0.5,0.9991271750619508,0.06284162920035077,1.0,1.0069833788588414,-0.12501591535514658,12,74,400,5,2,100,0.0,0,0.3,0.5,0.0,1.0,0.7,1.0,1.0,0.25,1.0,0.25
inter_0.5,1.0420712590244194,0.06486877040379507,1.0,1.003493144017517,0.5947101319596692,13,75,400,5,2,100,0.0,0,0.3,0.5,0.0,1.0,0.7,1.0,1.0,0.25,1.0,0.25
inter_0.5,0.9761535020485753,0.059073147801286766,1.0,0.9718103988607777,0.07352076788606518,14,76,400,5,2,100,0.0,0,0.3,0.5,0.0,1.0,0.7,1.0,1.0,0.25,1.0,0.25
inter_0.5,1.0063421647003263,0.07857717050932612,1.0,1.0228978175901964,-0.21069291223594128,15,77,400,5,2,100,0.0,0,0.3,0.5,0.0,1.0,0.7,1.0,1.0,0.25,1.0,0.25
inter_0.5,1.142887748394228,0.08016656898691982,1.0,1.0062447859686925,1.7044880946299503,16,78,400,5,2,100,0.0,0,0.3,0.5,0.0,1.0,0.7,1.0,1.0,0.25,1.0,0.25
inter_0.5,0.8410796597833147,0.06404278082497071,1.0,0.9513366829609002,-1.7216151728157878,17,79,400,5,2,100,0.0,0,0.3,0.5,0.0,1.0,0.7,1.0,1.0,0.25,1.0,0.25
inter_0.5,0.9078954904982185,0.07958134814453185,1.0,1.0206392828716575,-1.4167112646631608,18,80,400,5,2,100,0.0,0,0.3,0.5,0.0,1.0,0.7,1.0,1.0,0.25,1.0,0.25
inter_0.5,1.0230824626758903,0.06910023357985778,1.0,0.9722996806805377,0.7349147660501598,19,81,400,5,2,100,0.0,0,0.3,0.5,0.0,1.0,0.7,1.0,1.0,0.25,1.0,0.25
inter_0.5,0.9419254221862287,0.055367078347118806,1.0,1.0091623089376756,-1.214383867790737,20,82,400,5,2,100,0.0,0,0.3,0.5,0.0,1.0,0.7,1.0,1.0,0.25,1.0,0.25
inter_0.5,0.9800518072095361,0.07145540968220039,1.0,0.9933724050044617,-0.18641832513688228,21,83,400,5,2,100,0.0,0,0.3,0.5,0.0,1.0,0.7,1.0,1.0,0.25,1.0,0.25
inter_0.5,0.8102046661513186,0.07110863587242915,1.0,0.974291879960765,-2.3075567657326945,22,84,400,5,2,100,0.0,0,0.3,0.5,0.0,1.0,0.7,1.0,1.0,0.25,1.0,0.25
inter_0.5,0.9184641832141425,0.05995547711449709,1.0,1.0191079877619835,-1.6786423758356785,23,85,400,5,2,100,0.0,0,0.3,0.5,0.0,1.0,0.7,1.0,1.0,0.25,1.0,0.25
inter_0.5,1.0992567641496411,0.07957345301279,1.0,0.9988433042485727,1.2618964755108564,24,86,400,5,2,100,0.0,0,0.3,0.5,0.0,1.0,0.7,1.0,1.0,0.25,1.0,0.25
inter_0.5,1.106001539418426,0.062248731735316906,1.0,1.047924736502703,0.9329796976855206,25,87,400,5,2,100,0.0,0,0.3,0.5,0.0,1.0,0.7,1.0,1.0,0.25,1.0,0.25
inter_0.5,0.9725777835494473,0.0686160887839077,1.0,1.001578590101866,-0.42265315710067125,26,88,400,5,2,100,0.0,0,0.3,0.5,0.0,1.0,0.7,1.0,1.0,0.25,1.0,0.25
inter_0.5,0.972396348804247,0.07252113167842672,1.0,1.016218309175568,-0.604264706811754,27,89,400,5,2,100,0.0,0,0.3,0.5,0.0,1.0,0.7,1.0,1.0,0.25,1.0,0.25
inter_0.5,1.085773349811377,0.08778409821582712,1.0,1.002442562012551,0.9492697366890746,28,90,400,5,2,100,0.0,0,0.3,0.5,0.0,1.0,0.7,1.0,1.0,0.25,1.0,0.25
inter_0.5,1.11799785719956,0.06088069461410966,1.0,1.0527952679812682,1.0709895744714515,29,91,400,5,2,100,0.0,0,0.3,0.5,0.0,1.0,0.7,1.0,1.0,0.25,1.0,0.25
inter_0.5,0.8744407503244123,0.05449318916047251,1.0,1.021353675089139,-2.6959869119073754,30,92,400,5,2,100,0.0,0,0.3,0.5,0.0,1.0,0.7,1.0,1.0,0.25,1.0,0.25
inter_0.5,1.0658959560799413,0.058180849892882226,1.0,0.9937539660848711,1.2399610890506416,31,93,400,5,2,100,0.0,0,0.3,0.5,0.0,1.0,0.7,1.0,1.0,0.25,1.0,0.25
inter_0.5,1.0228019263284955,0.07582211939245669,1.0,0.9700071640385634,0.696297633368246,32,94,400,5,2,100,0.0,0,0.3,0.5,0.0,1.0,0.7,1.0,1.0,0.25,1.0,0.25
inter_0.5,1.0366814432955795,0.07016657158213001,1.0,1.030625028117892,0.08631482258754208,33,95,400,5,2,100,0.0,0,0.3,0.5,0.0,1.0,0.7,1.0,1.0,0.25,1.0,0.25
inter_0.5,1.0129383476013847,0.06535015611224021,1.0,0.9680565544280978,0.6867893796030342,34,96,400,5,2,100,0.0,0,0.3,0.5,0.0,1.0,0.7,1.0,1.0,0.25,1.0,0.25
inter_0.5,1.0184639667632924,0.06958584434129451,1.0,0.9943454974479965,0.34660022514066474,35,97,400,5,2,100,0.0,0,0.3,0.5,0.0,1.0,0.7,1.0,1.0,0.25,1.0,0.25
inter_0.5,1.0834117472969595,0.07356672077665703,1.0,1.0535930411126762,0.4053287392652816,36,98,400,5,2,100,0.0,0,0.3,0.5,0.0,1.0,0.7,1.0,1.0,0.25,1.0,0.25
inter_0.5,0.8517015771271444,0.06688230674059253,1.0,0.9795570323517739,-1.9116484083081249,37,99,400,5,2,100,0.0,0,0.3,0.5,0.0,1.0,0.7,1.0,1.0,0.25,1.0,0.25
inter_0.5,1.084429217079066,0.06517154401455079,1.0,1.0356133286394953,0.7490368561572142,38,100,400,5,2,100,0.0,0,0.3,0.5,0.0,1.0,0.7,1.0,1.0,0.25,1.0,0.25
inter_0.5,1.0289224775765726,0.07379945649227959,1.0,0.9991986031115075,0.40276549283495866,39,101,400,5,2,100,0.0,0,0.3,0.5,0.0,1.0,0.7,1.0,1.0,0.25,1.0,0.25
inter_0.5,1.1704765091302458,0.06666857967343782,1.0,0.9975366554261729,2.59402336979703,40,102,400,5,2,100,0.0,0,0.3,0.5,0.0,1.0,0.7,1.0,1.0,0.25,1.0,0.25
inter_0.5,0.988192125402403,0.0645589572301755,1.0,0.980074112511814,0.12574572513068039,41,103,400,5,2,100,0.0,0,0.3,0.5,0.0,1.0,0.7,1.0,1.0,0.25,1.0,0.25
inter_0.5,1.013941662734242,0.06980167398139071,1.0,0.988476704150374,0.36481873759441497,42,104,400,5,2,100,0.0,0,0.3,0.5,0.0,1.0,0.7,1.0,1.0,0.25,1.0,0.25
inter_0.5,1.0315063597311074,0.05881986722041077,1.0,1.051176517303777,-0.33441349840116635,43,105,400,5,2,100,0.0,0,0.3,0.5,0.0,1.0,0.7,1.0,1.0,0.25,1.0,0.25
inter_0.5,1.0049580641020657,0.07800867358428772,1.0,0.9997141707735507,0.06722192658293252,44,106,400,5,2,100,0.0,0,0.3,0.5,0.0,1.0,0.7,1.0,1.0,0.25,1.0,0.25
inter_0.5,1.0418886816798574,0.07512291289377568,1.0,0.9736978884823472,0.907722964549211,45,107,400,5,2,100,0.0,0,0.3,0.5,0.0,1.0,0.7,1.0,1.0,0.25,1.0,0.25
inter_0.5,0.9591271515819078,0.06814632033624947,1.0,1.0025422324419042,-0.6370862087017547,46,108,400,5,2,100,0.0,0,0.3,0.5,0.0,1.0,0.7,1.0,1.0,0.25,1.0,0.25
inter_0.5,1.0883142785220166,0.06894449107734413,1.0,1.020534938136733,0.9831001625531839,47,109,400,5,2,100,0.0,0,0.3,0.5,0.0,1.0,0.7,1.0,1.0,0.25,1.0,0.25
inter_0.5,0.9442649150327261,0.0707253118706931,1.0,0.964471955946021,-0.28571158442170347,48,110,400,5,2,100,0.0,0,0.3,0.5,0.0,1.0,0.7,1.0,1.0,0.25,1.0,0.25
inter_0.5,1.15390409673107,0.06647429969910469,1.0,0.9979752620725475,2.345701050847215,49,111,400,5,2,100,0.0,0,0.3,0.5,0.0,1.0,0.7,1.0,1.0,0.25,1.0,0.25
inter_0.5,1.0063541436803674,0.06827657277384717,1.0,1.0025803538073093,0.0552721046142436,50,112,400,5,2,100,0.0,0,0.3,0.5,0.0,1.0,0.7,1.0,1.0,0.25,1.0,0.25
inter_0.5,0.9323818865453675,0.06931272492172294,1.0,0.9962139250237948,-0.9209281347763326,51,113,400,5,2,100,0.0,0,0.3,0.5,0.0,1.0,0.7,1.0,1.0,0.25,1.0,0.25
inter_0.5,1.0210053034072923,0.07035471752847985,1.0,0.9914555600294477,0.4200108310559674,52,114,400,5,2,100,0.0,0,0.3,0.5,0.0,1.0,0.7,1.0,1.0,0.25,1.0,0.25
inter_0.5,1.049729650795131,0.07196240139932786,1.0,0.9696828240968522,1.112342350196035,53,115,400,5,2,100,0.0,0,0.3,0.5,0.0,1.0,0.7,1.0,1.0,0.25,1.0,0.25
inter_0.5,0.9933614882004695,0.07802411961847829,1.0,0.9869773543397767,0.08182256835334888,54,116,400,5,2,100,0.0,0,0.3,0.5,0.0,1.0,0.7,1.0,1.0,0.25,1.0,0.25
inter_0.5,1.0001449014996955,0.0705771459976156,1.0,1.0344619498847611,-0.48623457211240934,55,117,400,5,2,100,0.0,0,0.3,0.5,0.0,1.0,0.7,1.0,1.0,0.25,1.0,0.25
inter_0.5,1.0586025256997733,0.065755932393324,1.0,1.0163865741744913,0.6420097775021143,56,118,400,5,2,100,0.0,0,0.3,0.5,0.0,1.0,0.7,1.0,1.0,0.25,1.0,0.25
inter_0.5,1.1220442483980484,0.07480806763034148,1.0,1.0324973239770534,1.1970222899418346,57,119,400,5,2,100,0.0,0,0.3,0.5,0.0,1.0,0.7,1.0,1.0,0.25,1.0,0.25
inter_0.5,1.0284602232003188,0.0677787134563476,1.0,1.0168629748938711,0.17110458011152468,58,120,400,5,2,100,0.0,0,0.3,0.5,0.0,1.0,0.7,1.0,1.0,0.25,1.0,0.25
inter_0.5,0.9987354552021152,0.0766236494558648,1.0,0.9818639010521656,0.22018729556424446,59,121,400,5,2,100,0.0,0,0.3,0.5,0.0,1.0,0.7,1.0,1.0,0.25,1.0,0.25
inter_0.5,0.9608383775247485,0.07217512949829191,1.0,0.9935316727167186,-0.45297175660410527,60,122,400,5,2,100,0.0,0,0.3,0.5,0.0,1.0,0.7,1.0,1.0,0.25,1.0,0.25
inter_0.5,1.0424769827078535,0.083942156531673,1.0,0.9921130732035033,0.5999835075162375,61,123,400,5,2,100,0.0,0,0.3,0.5,0.0,1.0,0.7,1.0,1.0,0.25,1.0,0.25
inter_0.5,1.0921588082971039,0.07174679324636811,1.0,1.018197147732518,1.0308706106294148,62,124,400,5,2,100,0.0,0,0.3,0.5,0.0,1.0,0.7,1.0,1.0,0.25,1.0,0.25
inter_0.5,0.9128028180092913,0.06670560181154087,1.0,0.988681018473758,-1.1375086709934885,63,125,400,5,2,100,0.0,0,0.3,0.5,0.0,1.0,0.7,1.0,1.0,0.25,1.0,0.25
inter_0.5,0.9773648032048111,0.0889057670128746,1.0,1.0509973159048014,-0.828208508558589,64,126,400,5,2,100,0.0,0,0.3,0.5,0.0,1.0,0.7,1.0,1.0,0.25,1.0,0.25
inter_0.5,0.9566934531524496,0.06430617007685761,1.0,1.0133125336812816,-0.8804610888995859,65,127,400,5,2,100,0.0,0,0.3,0.5,0.0,1.0,0.7,1.0,1.0,0.25,1.0,0.25
inter_0.5,1.0162482132268378,0.08545228035476155,1.0,0.9872426018057497,0.3394363649591219,66,128,400,5,2,100,0.0,0,0.3,0.5,0.0,1.0,0.7,1.0,1.0,0.25,1.0,0.25
inter_0.5,0.9368844996205966,0.06295030621530424,1.0,1.022128690730428,-1.3541505392885131,67,129,400,5,2,100,0.0,0,0.3,0.5,0.0,1.0,0.7,1.0,1.0,0.25,1.0,0.25
inter_0.5,1.0609885035216455,0.08071062828056176,1.0,0.9923263417081949,0.8507201997582162,68,130,400,5,2,100,0.0,0,0.3,0.5,0.0,1.0,0.7,1.0,1.0,0.25,1.0,0.25
inter_0.5,1.0288525342553867,0.06452057910897495,1.0,1.0099722047705009,0.29262492286371206,69,131,400,5,2,100,0.0,0,0.3,0.5,0.0,1.0,0.7,1.0,1.0,0.25,1.0,0.25
inter_0.5,1.1009673566859357,0.06691792098160267,1.0,1.06195252757892,0.5830251229374254,70,132,400,5,2,100,0.0,0,0.3,0.5,0.0,1.0,0.7,1.0,1.0,0.25,1.0,0.25
inter_0.5,1.043411897050651,0.06538147854946498,1.0,0.9948781484336076,0.7423164739280824,71,133,400,5,2,100,0.0,0,0.3,0.5,0.0,1.0,0.7,1.0,1.0,0.25,1.0,0.25
inter_0.5,0.937626952862723,0.06874931617880471,1.0,0.9770161841741499,-0.5729399723625257,72,134,400,5,2,100,0.0,0,0.3,0.5,0.0,1.0,0.7,1.0,1.0,0.25,1.0,0.25
inter_0.5,1.0566442388339075,0.07450581564034574,1.0,1.0442740476540684,0.16602987395712054,73,135,400,5,2,100,0.0,0,0.3,0.5,0.0,1.0,0.7,1.0,1.0,0.25,1.0,0.25
inter_0.5,0.9324330023504059,0.05803384589838294,1.0,0.9835987310523149,-0.8816532475118046,74,136,400,5,2,100,0.0,0,0.3,0.5,0.0,1.0,0.7,1.0,1.0,0.25,1.0,0.25
inter_0.5,1.0501288153123738,0.07460323032758032,1.0,1.0264406245462487,0.31752231990640334,75,137,400,5,2,100,0.0,0,0.3,0.5,0.0,1.0,0.7,1.0,1.0,0.25,1.0,0.25
inter_0.5,1.0467874916041782,0.07734765111723275,1.0,1.0485396404957852,-0.022652903692593807,76,138,400,5,2,100,0.0,0,0.3,0.5,0.0,1.0,0.7,1.0,1.0,0.25,1.0,0.25
inter_0.5,0.9637313907976444,0.06479143480519671,1.0,1.0113821772843117,-0.7354488541569604,77,139,400,5,2,100,0.0,0,0.3,0.5,0.0,1.0,0.7,1.0,1.0,0.25,1.0,0.25
inter_0.5,0.8680757074528115,0.06578638371545045,1.0,0.9411001983367205,-1.1100243965341825,78,140,400,5,2,100,0.0,0,0.3,0.5,0.0,1.0,0.7,1.0,1.0,0.25,1.0,0.25
inter_0.5,1.0255901279650335,0.07569647984014838,1.0,1.0511120920382744,-0.33716183536059785,79,141,400,5,2,100,0.0,0,0.3,0.5,0.0,1.0,0.7,1.0,1.0,0.25,1.0,0.25
inter_0.5,0.8411168699856747,0.06135151075690901,1.0,0.9323247377985296,-1.486644203013105,80,142,400,5,2,100,0.0,0,0.3,0.5,0.0,1.0,0.7,1.0,1.0,0.25,1.0,0.25
inter_0.5,0.9524301141113739,0.08103777936081565,1.0,1.0131781305419065,-0.7496258770869804,81,143,400,5,2,100,0.0,0,0.3,0.5,0.0,1.0,0.7,1.0,1.0,0.25,1.0,0.25
inter_0.5,0.8743501873726628,0.07065224349856997,1.0,1.0218632125542024,-2.087874607754322,82,144,400,5,2,100,0.0,0,0.3,0.5,0.0,1.0,0.7,1.0,1.0,0.25,1.0,0.25
inter_0.5,0.9853666238239771,0.06664062921150989,1.0,1.0190036275302221,-0.5047521925323503,83,145,400,5,2,100,0.0,0,0.3,0.5,0.0,1.0,0.7,1.0,1.0,0.25,1.0,0.25
inter_0.5,1.0756788626719875,0.06471930125472053,1.0,1.0348981474082444,0.6301167421947201,84,146,400,5,2,100,0.0,0,0.3,0.5,0.0,1.0,0.7,1.0,1.0,0.25,1.0,0.25
inter_0.5,0.8573313366485417,0.0692575193835751,1.0,0.9520401602725026,-1.3674879560647646,85,147,400,5,2,100,0.0,0,0.3,0.5,0.0,1.0,0.7,1.0,1.0,0.25,1.0,0.25
inter_0.5,1.0308863289815386,0.06947103260939408,1.0,1.036699146558483,-0.08367253743912638,86,148,400,5,2,100,0.0,0,0.3,0.5,0.0,1.0,0.7,1.0,1.0,0.25,1.0,0.25
inter_0.5,0.981619521940466,0.06688613566363272,1.0,0.9936694934808856,-0.1801564916385422,87,149,400,5,2,100,0.0,0,0.3,0.5,0.0,1.0,0.7,1.0,1.0,0.25,1.0,0.25
inter_0.5,0.92859971002576,0.05923170475058805,1.0,0.9803527687940508,-0.8737391399793693,88,150,400,5,2,100,0.0,0,0.3,0.5,0.0,1.0,0.7,1.0,1.0,0.25,1.0,0.25
inter_0.5,0.9222024757324072,0.06539730711086489,1.0,0.9696282629486521,-0.7251948025298086,89,151,400,5,2,100,0.0,0,0.3,0.5,0.0,1.0,0.7,1.0,1.0,0.25,1.0,0.25
inter_0.5,1.0913175644837987,0.06899564276323758,1.0,1.0132335372390018,1.1317240352807005,90,152,400,5,2,100,0.0,0,0.3,0.5,0.0,1.0,0.7,1.0,1.0,0.25,1.0,0.25
inter_0.5,0.854139996144638,0.06784255679602107,1.0,0.9735782059724479,-1.760520467807825,91,153,400,5,2,100,0.0,0,0.3,0.5,0.0,1.0,0.7,1.0,1.0,0.25,1.0,0.25
inter_0.5,0.9070712053985358,0.0657119144593972,1.0,1.009653540190259,-1.561091860367392,92,154,400,5,2,100,0.0,0,0.3,0.5,0.0,1.0,0.7,1.0,1.0,0.25,1.0,0.25
inter_0.5,1.1068715922777903,0.07169461666769869,1.0,1.0290357353922306,1.0856583172252026,93,155,400,5,2,100,0.0,0,0.3,0.5,0.0,1.0,0.7,1.0,1.0,0.25,1.0,0.25
inter_0.5,1.0184372523821916,0.06535955943835108,1.0,1.0217570324679925,-0.05079257134424573,94,156,400,5,2,100,0.0,0,0.3,0.5,0.0,1.0,0.7,1.0,1.0,0.25,1.0,0.25
inter_0.5,0.9207086377265588,0.06034462016866261,1.0,1.009354493606218,-1.4689935180948184,95,157,400,5,2,100,0.0,0,0.3,0.5,0.0,1.0,0.7,1.0,1.0,0.25,1.0,0.25
inter_0.5,1.0111607292524656,0.06374209728542718,1.0,1.0008227735944553,0.16218411533775814,96,158,400,5,2,100,0.0,0,0.3,0.5,0.0,1.0,0.7,1.0,1.0,0.25,1.0,0.25
inter_0.5,1.1261423741961747,0.08265713278587225,1.0,1.0147508264919094,1.3476338211831167,97,159,400,5,2,100,0.0,0,0.3,0.5,0.0,1.0,0.7,1.0,1.0,0.25,1.0,0.25
inter_0.5,0.9075681763056871,0.06904831232149646,1.0,0.9922027596091888,-1.2257299339835257,98,160,400,5,2,100,0.0,0,0.3,0.5,0.0,1.0,0.7,1.0,1.0,0.25,1.0,0.25
inter_0.5,0.9588017353927628,0.07478500776259708,1.0,0.9769096330684889,-0.24213272442531644,99,161,400,5,2,100,0.0,0,0.3,0.5,0.0,1.0,0.7,1.0,1.0,0.25,1.0,0.25
inter_1.0,0.8731190486032688,0.10049694626014267,1.0,0.983192643484485,-1.0952929315512108,0,63,400,5,2,100,0.0,0,0.3,1.0,0.0,1.0,0.7,1.0,1.0,0.25,1.0,0.25
inter_1.0,0.8396507975286204,0.0874260887589202,1.0,0.9829055527094297,-1.6385813115331989,1,64,400,5,2,100,0.0,0,0.3,1.0,0.0,1.0,0.7,1.0,1.0,0.25,1.0,0.25
inter_1.0,1.17821424938951,0.13247470546428258,1.0,0.9873260120367792,1.4409410210328608,2,65,400,5,2,100,0.0,0,0.3,1.0,0.0,1.0,0.7,1.0,1.0,0.25,1.0,0.25
inter_1.0,0.977439060161926,0.10092561911387525,1.0,0.9132801774021082,0.6357046240898143,3,66,400,5,2,100,0.0,0,0.3,1.0,0.0,1.0,0.7,1.0,1.0,0.25,1.0,0.25
inter_1.0,0.9760497722785861,0.09762744417407045,1.0,1.0020135416725497,-0.26594744555301497,4,67,400,5,2,100,0.0,0,0.3,1.0,0.0,1.0,0.7,1.0,1.0,0.25,1.0,0.25
inter_1.0,1.107510669945419,0.12272790966159189,1.0,1.0300509945566723,0.6311496350123847,5,68,400,5,2,100,0.0,0,0.3,1.0,0.0,1.0,0.7,1.0,1.0,0.25,1.0,0.25
inter_1.0,1.1506972571749974,0.08258092898524011,1.0,1.002904130853211,1.7896762380597808,6,69,400,5,2,100,0.0,0,0.3,1.0,0.0,1.0,0.7,1.0,1.0,0.25,1.0,0.25
inter_1.0,0.9745966498000673,0.10611976797170877,1.0,0.9652346143425555,0.08822140904046916,7,70,400,5,2,100,0.0,0,0.3,1.0,0.0,1.0,0.7,1.0,1.0,0.25,1.0,0.25
inter_1.0,1.0262515703527826,0.08270597995069354,1.0,0.9195488651379468,1.2901449844188813,8,71,400,5,2,100,0.0,0,0.3,1.0,0.0,1.0,0.7,1.0,1.0,0.25,1.0,0.25
inter_1.0,0.8705776204643818,0.09606267569681476,1.0,0.9739368357558251,-1.0759560312233787,9,72,400,5,2,100,0.0,0,0.3,1.0,0.0,1.0,0.7,1.0,1.0,0.25,1.0,0.25
inter_1.0,0.9256017483893563,0.1349677556551511,1.0,0.9723835405569953,-0.34661458168696724,10,73,400,5,2,100,0.0,0,0.3,1.0,0.0,1.0,0.7,1.0,1.0,0.25,1.0,0.25
inter_1.0,1.0493328207409587,0.08776512739418248,1.0,1.0139667577176832,0.4029625897360657,11,74,400,5,2,100,0.0,0,0.3,1.0,0.0,1.0,0.7,1.0,1.0,0.25,1.0,0.25
inter_1.0,1.0934718661569243,0.09335006869961752,1.0,1.006986288035034,0.9264650720310036,12,75,400,5,2,100,0.0,0,0.3,1.0,0.0,1.0,0.7,1.0,1.0,0.25,1.0,0.25
inter_1.0,0.9618235774778001,0.07990897530960832,1.0,0.9436207977215554,0.22779393285570038,13,76,400,5,2,100,0.0,0,0.3,1.0,0.0,1.0,0.7,1.0,1.0,0.25,1.0,0.25
inter_1.0,1.0865117752821767,0.1309293586929935,1.0,1.0457956351803923,0.3109779235782909,14,77,400,5,2,100,0.0,0,0.3,1.0,0.0,1.0,0.7,1.0,1.0,0.25,1.0,0.25
inter_1.0,1.2317119469119282,0.12827550232023816,1.0,1.0124895719373848,1.7089964257341794,15,78,400,5,2,100,0.0,0,0.3,1.0,0.0,1.0,0.7,1.0,1.0,0.25,1.0,0.25
inter_1.0,0.7998048943040502,0.09549850687254664,1.0,0.9026733659218003,-1.0771736123062052,16,79,400,5,2,100,0.0,0,0.3,1.0,0.0,1.0,0.7,1.0,1.0,0.25,1.0,0.25
inter_1.0,0.9227420142748548,0.12559198230840396,1.0,1.041278565743315,-0.943822601488856,17,80,400,5,2,100,0.0,0,0.3,1.0,0.0,1.0,0.7,1.0,1.0,0.25,1.0,0.25
inter_1.0,1.004885242763071,0.10966982247192922,1.0,0.9445993613610756,0.5497034648471874,18,81,400,5,2,100,0.0,0,0.3,1.0,0.0,1.0,0.7,1.0,1.0,0.25,1.0,0.25
inter_1.0,0.9826754585505038,0.07818122628355466,1.0,1.0183246178753516,-0.4559810714090394,19,82,400,5,2,100,0.0,0,0.3,1.0,0.0,1.0,0.7,1.0,1.0,0.25,1.0,0.25
inter_1.0,0.9388322738827908,0.10795008177300194,1.0,0.9867448100089236,-0.4438397390646126,20,83,400,5,2,100,0.0,0,0.3,1.0,0.0,1.0,0.7,1.0,1.0,0.25,1.0,0.25
inter_1.0,0.709513814264269,0.11150637785825318,1.0,0.94858375992153,-2.14400243509987,21,84,400,5,2,100,0.0,0,0.3,1.0,0.0,1.0,0.7,1.0,1.0,0.25,1.0,0.25
inter_1.0,0.914419199793819,0.09153166161007724,1.0,1.038215975523967,-1.352502222209397,22,85,400,5,2,100,0.0,0,0.3,1.0,0.0,1.0,0.7,1.0,1.0,0.25,1.0,0.25
inter_1.0,1.1128090939334438,0.11258072864516211,1.0,0.9976866084971457,1.0225771925774902,23,86,400,5,2,100,0.0,0,0.3,1.0,0.0,1.0,0.7,1.0,1.0,0.25,1.0,0.25
inter_1.0,1.1722167602740259,0.08371790700229803,1.0,1.0958494730054058,0.9121977603492144,24,87,400,5,2,100,0.0,0,0.3,1.0,0.0,1.0,0.7,1.0,1.0,0.25,1.0,0.25
inter_1.0,0.9707061250300127,0.0985725773526582,1.0,1.003157180203732,-0.3292097665014961,25,88,400,5,2,100,0.0,0,0.3,1.0,0.0,1.0,0.7,1.0,1.0,0.25,1.0,0.25
inter_1.0,1.0343771519855933,0.11415364707032494,1.0,1.0324366183511362,0.016999313506485206,26,89,400,5,2,100,0.0,0,0.3,1.0,0.0,1.0,0.7,1.0,1.0,0.25,1.0,0.25
inter_1.0,1.1615200299155892,0.13950616054304962,1.0,1.004885124025102,1.1227812827817873,27,90,400,5,2,100,0.0,0,0.3,1.0,0.0,1.0,0.7,1.0,1.0,0.25,1.0,0.25
inter_1.0,1.1985529938360895,0.08773548261011481,1.0,1.1055905359625369,1.0595765260295633,28,91,400,5,2,100,0.0,0,0.3,1.0,0.0,1.0,0.7,1.0,1.0,0.25,1.0,0.25
inter_1.0,0.8241782499867846,0.08164589701496251,1.0,1.042707350178278,-2.6765472385151887,29,92,400,5,2,100,0.0,0,0.3,1.0,0.0,1.0,0.7,1.0,1.0,0.25,1.0,0.25
inter_1.0,1.042723337058606,0.08297942095874272,1.0,0.9875079321697422,0.6654108241646663,30,93,400,5,2,100,0.0,0,0.3,1.0,0.0,1.0,0.7,1.0,1.0,0.25,1.0,0.25
inter_1.0,1.0104057490373413,0.1145654111691653,1.0,0.9400143280771267,0.6144212309968129,31,94,400,5,2,100,0.0,0,0.3,1.0,0.0,1.0,0.7,1.0,1.0,0.25,1.0,0.25
inter_1.0,1.0600084592282024,0.09937104040378772,1.0,1.061250056235784,-0.012494555783420326,32,95,400,5,2,100,0.0,0,0.3,1.0,0.0,1.0,0.7,1.0,1.0,0.25,1.0,0.25
inter_1.0,0.9296816198490995,0.11207897736667703,1.0,0.9361131088561956,-0.05738354469504915,33,96,400,5,2,100,0.0,0,0.3,1.0,0.0,1.0,0.7,1.0,1.0,0.25,1.0,0.25
inter_1.0,1.08016785781822,0.1102673157317561,1.0,0.9886909948959928,0.8295918179849417,34,97,400,5,2,100,0.0,0,0.3,1.0,0.0,1.0,0.7,1.0,1.0,0.25,1.0,0.25
inter_1.0,1.1696241893773065,0.11371687126151224,1.0,1.1071860822253523,0.5490663474935625,35,98,400,5,2,100,0.0,0,0.3,1.0,0.0,1.0,0.7,1.0,1.0,0.25,1.0,0.25
inter_1.0,0.8054451458657711,0.10307702364678137,1.0,0.9591140647035482,-1.4908164147653433,36,99,400,5,2,100,0.0,0,0.3,1.0,0.0,1.0,0.7,1.0,1.0,0.25,1.0,0.25
inter_1.0,1.112540435226168,0.09022941447563189,1.0,1.0712266572789906,0.45787483147566077,37,100,400,5,2,100,0.0,0,0.3,1.0,0.0,1.0,0.7,1.0,1.0,0.25,1.0,0.25
inter_1.0,1.0631850994944196,0.10785643851253042,1.0,0.9983972062230153,0.6006863768626801,38,101,400,5,2,100,0.0,0,0.3,1.0,0.0,1.0,0.7,1.0,1.0,0.25,1.0,0.25
inter_1.0,1.271262371424829,0.1026579292962592,1.0,0.9950733108523454,2.690382150368854,39,102,400,5,2,100,0.0,0,0.3,1.0,0.0,1.0,0.7,1.0,1.0,0.25,1.0,0.25
inter_1.0,1.0062579448699438,0.09241236301878793,1.0,0.960148225023628,0.4989561822690487,40,103,400,5,2,100,0.0,0,0.3,1.0,0.0,1.0,0.7,1.0,1.0,0.25,1.0,0.25
inter_1.0,0.9877524782784982,0.11056005827474327,1.0,0.976953408300748,0.09767605178820027,41,104,400,5,2,100,0.0,0,0.3,1.0,0.0,1.0,0.7,1.0,1.0,0.25,1.0,0.25
inter_1.0,1.0948386139980197,0.09135220313050889,1.0,1.102353034607554,-0.08225768347150834,42,105,400,5,2,100,0.0,0,0.3,1.0,0.0,1.0,0.7,1.0,1.0,0.25,1.0,0.25
inter_1.0,1.0236663939310278,0.12177318296923689,1.0,0.9994283415471014,0.19904261178793012,43,106,400,5,2,100,0.0,0,0.3,1.0,0.0,1.0,0.7,1.0,1.0,0.25,1.0,0.25
inter_1.0,1.0792348955006112,0.10764544301794714,1.0,0.9473957769646946,1.2247533647470414,44,107,400,5,2,100,0.0,0,0.3,1.0,0.0,1.0,0.7,1.0,1.0,0.25,1.0,0.25
inter_1.0,0.985496784942632,0.1043350753616206,1.0,1.0050844648838084,-0.18773820667006164,45,108,400,5,2,100,0.0,0,0.3,1.0,0.0,1.0,0.7,1.0,1.0,0.25,1.0,0.25
inter_1.0,1.1555342425014614,0.12157376917531923,1.0,1.0410698762734656,0.941521900690016,46,109,400,5,2,100,0.0,0,0.3,1.0,0.0,1.0,0.7,1.0,1.0,0.25,1.0,0.25
inter_1.0,0.8760342771151803,0.10402984938168125,1.0,0.9289439118920418,-0.5086005131348237,47,110,400,5,2,100,0.0,0,0.3,1.0,0.0,1.0,0.7,1.0,1.0,0.25,1.0,0.25
inter_1.0,1.1747699083366756,0.09686727644500864,1.0,0.995950524145095,1.8460246922818773,48,111,400,5,2,100,0.0,0,0.3,1.0,0.0,1.0,0.7,1.0,1.0,0.25,1.0,0.25
inter_1.0,1.0925917896678599,0.10725328723077195,1.0,1.0051607076146183,0.8151832387674995,49,112,400,5,2,100,0.0,0,0.3,1.0,0.0,1.0,0.7,1.0,1.0,0.25,1.0,0.25
inter_1.0,0.9646035547463925,0.1058023064001772,1.0,0.9924278500475897,-0.26298382566403705,50,113,400,5,2,100,0.0,0,0.3,1.0,0.0,1.0,0.7,1.0,1.0,0.25,1.0,0.25
inter_1.0,1.01578363797169,0.12408912888417976,1.0,0.9829111200588955,0.2649105381622636,51,114,400,5,2,100,0.0,0,0.3,1.0,0.0,1.0,0.7,1.0,1.0,0.25,1.0,0.25
inter_1.0,1.0146258990754193,0.11401084792200675,1.0,0.9393656481937043,0.6601148246279123,52,115,400,5,2,100,0.0,0,0.3,1.0,0.0,1.0,0.7,1.0,1.0,0.25,1.0,0.25
inter_1.0,1.026757697687738,0.12744485188672752,1.0,0.9739547086795534,0.4143202979679059,53,116,400,5,2,100,0.0,0,0.3,1.0,0.0,1.0,0.7,1.0,1.0,0.25,1.0,0.25
inter_1.0,1.0926552701474805,0.10923945542076242,1.0,1.0689238997695223,0.21724174920637498,54,117,400,5,2,100,0.0,0,0.3,1.0,0.0,1.0,0.7,1.0,1.0,0.25,1.0,0.25
inter_1.0,1.1311887215317245,0.10058637787368531,1.0,1.0327731483489828,0.9784185022183647,55,118,400,5,2,100,0.0,0,0.3,1.0,0.0,1.0,0.7,1.0,1.0,0.25,1.0,0.25
inter_1.0,1.249736554977408,0.13237979868898267,1.0,1.0649946479541073,1.3955445532693345,56,119,400,5,2,100,0.0,0,0.3,1.0,0.0,1.0,0.7,1.0,1.0,0.25,1.0,0.25
inter_1.0,1.0993542987700624,0.10005935303023097,1.0,1.033725949787742,0.6558941967423283,57,120,400,5,2,100,0.0,0,0.3,1.0,0.0,1.0,0.7,1.0,1.0,0.25,1.0,0.25
inter_1.0,1.0064638931332024,0.11902599520038609,1.0,0.9637278021043311,0.35904838230441194,58,121,400,5,2,100,0.0,0,0.3,1.0,0.0,1.0,0.7,1.0,1.0,0.25,1.0,0.25
inter_1.0,0.969585833974804,0.10491912178334546,1.0,0.9870633454334373,-0.16658080206507814,59,122,400,5,2,100,0.0,0,0.3,1.0,0.0,1.0,0.7,1.0,1.0,0.25,1.0,0.25
inter_1.0,1.085122776687227,0.14282433946196138,1.0,0.9842261464070069,0.7064386270597243,60,123,400,5,2,100,0.0,0,0.3,1.0,0.0,1.0,0.7,1.0,1.0,0.25,1.0,0.25
inter_1.0,1.1098081431993938,0.10321388668632954,1.0,1.0363942954650358,0.7112787832267681,61,124,400,5,2,100,0.0,0,0.3,1.0,0.0,1.0,0.7,1.0,1.0,0.25,1.0,0.25
inter_1.0,0.9013805182243999,0.10026601564906107,1.0,0.977362036947516,-0.7577993224449785,62,125,400,5,2,100,0.0,0,0.3,1.0,0.0,1.0,0.7,1.0,1.0,0.25,1.0,0.25
inter_1.0,1.0116364548488221,0.14005189305224042,1.0,1.101994631809603,-0.6451764056275667,63,126,400,5,2,100,0.0,0,0.3,1.0,0.0,1.0,0.7,1.0,1.0,0.25,1.0,0.25
inter_1.0,0.9857450273994798,0.0944205071946288,1.0,1.0266250673625634,-0.4329572163684495,64,127,400,5,2,100,0.0,0,0.3,1.0,0.0,1.0,0.7,1.0,1.0,0.25,1.0,0.25
inter_1.0,0.9201121459111749,0.13797727672807625,1.0,0.9744852036114993,-0.3940725530297434,65,128,400,5,2,100,0.0,0,0.3,1.0,0.0,1.0,0.7,1.0,1.0,0.25,1.0,0.25
inter_1.0,0.9393699883162033,0.096960336805274,1.0,1.0442573814608556,-1.0817556601035554,66,129,400,5,2,100,0.0,0,0.3,1.0,0.0,1.0,0.7,1.0,1.0,0.25,1.0,0.25
inter_1.0,1.0624667347337509,0.12990881414003033,1.0,0.9846526834163898,0.5989897747314077,67,130,400,5,2,100,0.0,0,0.3,1.0,0.0,1.0,0.7,1.0,1.0,0.25,1.0,0.25
inter_1.0,1.121603567683909,0.09774448203785516,1.0,1.0199444095410022,1.0400500982094871,68,131,400,5,2,100,0.0,0,0.3,1.0,0.0,1.0,0.7,1.0,1.0,0.25,1.0,0.25
inter_1.0,1.20507021964881,0.09261278426361026,1.0,1.1239050551578396,0.8763926615136008,69,132,400,5,2,100,0.0,0,0.3,1.0,0.0,1.0,0.7,1.0,1.0,0.25,1.0,0.25
inter_1.0,1.0680080077960747,0.09879502822360411,1.0,0.989756296867215,0.7920612234833477,70,133,400,5,2,100,0.0,0,0.3,1.0,0.0,1.0,0.7,1.0,1.0,0.25,1.0,0.25
inter_1.0,0.962732088668892,0.10182719549307204,1.0,0.9540323683482999,0.08543611830283673,71,134,400,5,2,100,0.0,0,0.3,1.0,0.0,1.0,0.7,1.0,1.0,0.25,1.0,0.25
inter_1.0,1.1108381788256514,0.10672753977892156,1.0,1.0885480953081368,0.20885034512822942,72,135,400,5,2,100,0.0,0,0.3,1.0,0.0,1.0,0.7,1.0,1.0,0.25,1.0,0.25
inter_1.0,0.8613266081155703,0.09320604073764663,1.0,0.9671974621046295,-1.1358797471835667,73,136,400,5,2,100,0.0,0,0.3,1.0,0.0,1.0,0.7,1.0,1.0,0.25,1.0,0.25
inter_1.0,1.1639127347764706,0.1211643120567699,1.0,1.052881249092498,0.9163711970893739,74,137,400,5,2,100,0.0,0,0.3,1.0,0.0,1.0,0.7,1.0,1.0,0.25,1.0,0.25
inter_1.0,1.067424848095014,0.11950786056459055,1.0,1.0970792809915704,-0.24813792796942494,75,138,400,5,2,100,0.0,0,0.3,1.0,0.0,1.0,0.7,1.0,1.0,0.25,1.0,0.25
inter_1.0,1.0577031917447128,0.09324070073646544,1.0,1.0227643545686231,0.3747165872856369,76,139,400,5,2,100,0.0,0,0.3,1.0,0.0,1.0,0.7,1.0,1.0,0.25,1.0,0.25
inter_1.0,0.7698920960511842,0.10215689348921954,1.0,0.8822003966734414,-1.099370750091465,77,140,400,5,2,100,0.0,0,0.3,1.0,0.0,1.0,0.7,1.0,1.0,0.25,1.0,0.25
inter_1.0,1.0522630295414852,0.1143468259598301,1.0,1.1022241840765483,-0.4369264657386678,78,141,400,5,2,100,0.0,0,0.3,1.0,0.0,1.0,0.7,1.0,1.0,0.25,1.0,0.25
inter_1.0,0.7109242199650448,0.09051192551808092,1.0,0.8646494755970593,-1.6983978050638846,79,142,400,5,2,100,0.0,0,0.3,1.0,0.0,1.0,0.7,1.0,1.0,0.25,1.0,0.25
inter_1.0,0.9134791720186587,0.12014746601860646,1.0,1.026356261083813,-0.9394878877235232,80,143,400,5,2,100,0.0,0,0.3,1.0,0.0,1.0,0.7,1.0,1.0,0.25,1.0,0.25
inter_1.0,0.8114322849620276,0.10020546282666144,1.0,1.0437264251084053,-2.3181784065825575,81,144,400,5,2,100,0.0,0,0.3,1.0,0.0,1.0,0.7,1.0,1.0,0.25,1.0,0.25
inter_1.0,1.0103649332216373,0.11634692534828059,1.0,1.0380072550604442,-0.23758532299895788,82,145,400,5,2,100,0.0,0,0.3,1.0,0.0,1.0,0.7,1.0,1.0,0.25,1.0,0.25
inter_1.0,1.155997827329146,0.09250788749758523,1.0,1.0697962948164885,0.9318290023097505,83,146,400,5,2,100,0.0,0,0.3,1.0,0.0,1.0,0.7,1.0,1.0,0.25,1.0,0.25
inter_1.0,0.747033319187199,0.10172270553932006,1.0,0.9040803205450054,-1.543873617253537,84,147,400,5,2,100,0.0,0,0.3,1.0,0.0,1.0,0.7,1.0,1.0,0.25,1.0,0.25
inter_1.0,1.096396194123647,0.10487702344027539,1.0,1.0733982931169657,0.21928445575858757,85,148,400,5,2,100,0.0,0,0.3,1.0,0.0,1.0,0.7,1.0,1.0,0.25,1.0,0.25
inter_1.0,1.037113977161202,0.10090136631040769,1.0,0.9873389869617712,0.4933034310586586,86,149,400,5,2,100,0.0,0,0.3,1.0,0.0,1.0,0.7,1.0,1.0,0.25,1.0,0.25
inter_1.0,0.9669138560458251,0.0838850362267442,1.0,0.9607055375881015,0.07400984415077708,87,150,400,5,2,100,0.0,0,0.3,1.0,0.0,1.0,0.7,1.0,1.0,0.25,1.0,0.25
inter_1.0,0.858503557632991,0.09862463496336028,1.0,0.9392565258973042,-0.8187910484466026,88,151,400,5,2,100,0.0,0,0.3,1.0,0.0,1.0,0.7,1.0,1.0,0.25,1.0,0.25
inter_1.0,1.1095327914703592,0.10446705752074456,1.0,1.0264670744780033,0.7951379024517953,89,152,400,5,2,100,0.0,0,0.3,1.0,0.0,1.0,0.7,1.0,1.0,0.25,1.0,0.25
inter_1.0,0.7464802869311074,0.10755543832405806,1.0,0.947156411944896,-1.8657924521600064,90,153,400,5,2,100,0.0,0,0.3,1.0,0.0,1.0,0.7,1.0,1.0,0.25,1.0,0.25
inter_1.0,0.9234987754064414,0.0961582555576514,1.0,1.019307080380518,-0.9963606808219911,91,154,400,5,2,100,0.0,0,0.3,1.0,0.0,1.0,0.7,1.0,1.0,0.25,1.0,0.25
inter_1.0,1.1601473822785142,0.10725649478303101,1.0,1.0580714707844612,0.951699118086436,92,155,400,5,2,100,0.0,0,0.3,1.0,0.0,1.0,0.7,1.0,1.0,0.25,1.0,0.25
inter_1.0,1.0697409955508617,0.09277551373055168,1.0,1.043514064935985,0.282692378196337,93,156,400,5,2,100,0.0,0,0.3,1.0,0.0,1.0,0.7,1.0,1.0,0.25,1.0,0.25
inter_1.0,0.9197874390760562,0.08213904886008395,1.0,1.0187089872124357,-1.2043181593797485,94,157,400,5,2,100,0.0,0,0.3,1.0,0.0,1.0,0.7,1.0,1.0,0.25,1.0,0.25
inter_1.0,1.0805232445208048,0.09913201462910752,1.0,1.0016455471889107,0.795683388731754,95,158,400,5,2,100,0.0,0,0.3,1.0,0.0,1.0,0.7,1.0,1.0,0.25,1.0,0.25
inter_1.0,1.1626318415530996,0.12518796016887646,1.0,1.0295016529838186,1.0634424300043763,96,159,400,5,2,100,0.0,0,0.3,1.0,0.0,1.0,0.7,1.0,1.0,0.25,1.0,0.25
inter_1.0,0.8219847586511944,0.10815696688792739,1.0,0.9844055192183777,-1.501713345340798,97,160,400,5,2,100,0.0,0,0.3,1.0,0.0,1.0,0.7,1.0,1.0,0.25,1.0,0.25
inter_1.0,0.9696432063952903,0.11113041651813658,1.0,0.9538192661369778,0.1423907221271873,98,161,400,5,2,100,0.0,0,0.3,1.0,0.0,1.0,0.7,1.0,1.0,0.25,1.0,0.25
inter_1.0,0.8965298448258682,0.09589487909903138,1.0,1.0455344370830892,-1.5538326306594836,99,162,400,5,2,100,0.0,0,0.3,1.0,0.0,1.0,0.7,1.0,1.0,0.25,1.0,0.25
hete_0.15,1.0018867013328374,0.04692550686750425,1.0,0.9974358329064142,0.09484966116594859,0,64,400,5,2,100,0.0,0,0.3,0.0,0.15,1.0,0.7,1.0,1.0,0.25,1.0,0.25
hete_0.15,1.0335328714833656,0.05024240315804879,1.0,0.9980989018055169,0.705260247332979,1,65,400,5,2,100,0.0,0,0.3,0.0,0.15,1.0,0.7,1.0,1.0,0.25,1.0,0.25
hete_0.15,1.0934778224494033,0.058819464542788684,1.0,0.9869920266103162,1.8103836317928939,2,66,400,5,2,100,0.0,0,0.3,0.0,0.15,1.0,0.7,1.0,1.0,0.25,1.0,0.25
hete_0.15,0.9472520695238843,0.05604416251268567,1.0,1.0003020312508826,-0.9465742612353311,3,67,400,5,2,100,0.0,0,0.3,0.0,0.15,1.0,0.7,1.0,1.0,0.25,1.0,0.25
hete_0.15,0.9564599073271857,0.06630312533371815,1.0,1.0045076491835008,-0.7246678284693262,4,68,400,5,2,100,0.0,0,0.3,0.0,0.15,1.0,0.7,1.0,1.0,0.25,1.0,0.25
hete_0.15,1.020823552994143,0.05129132703349713,1.0,1.0004356196279816,0.39749280327347614,5,69,400,5,2,100,0.0,0,0.3,0.0,0.15,1.0,0.7,1.0,1.0,0.25,1.0,0.25
hete_0.15,0.9892494503549066,0.05759908265224124,1.0,0.9947851921513834,-0.09610815904654611,6,70,400,5,2,100,0.0,0,0.3,0.0,0.15,1.0,0.7,1.0,1.0,0.25,1.0,0.25
hete_0.15,1.0853269473625524,0.042641134437774016,1.0,0.9879323297706921,2.2840531537449538,7,71,400,5,2,100,0.0,0,0.3,0.0,0.15,1.0,0.7,1.0,1.0,0.25,1.0,0.25
hete_0.15,0.9377042563094691,0.05179641618854484,1.0,0.9960905253633737,-1.127226038986404,8,72,400,5,2,100,0.0,0,0.3,0.0,0.15,1.0,0.7,1.0,1.0,0.25,1.0,0.25
hete_0.15,0.9064582326690264,0.05268113135656605,1.0,0.9958575310835494,-1.696988961938466,9,73,400,5,2,100,0.0,0,0.3,0.0,0.15,1.0,0.7,1.0,1.0,0.25,1.0,0.25
hete_0.15,0.9808051614673624,0.052615078410921876,1.0,1.0020950136576525,-0.4046340485139475,10,74,400,5,2,100,0.0,0,0.3,0.0,0.15,1.0,0.7,1.0,1.0,0.25,1.0,0.25
hete_0.15,1.030164869675239,0.0526307980753106,1.0,1.001047943205255,0.5532298109620135,11,75,400,5,2,100,0.0,0,0.3,0.0,0.15,1.0,0.7,1.0,1.0,0.25,1.0,0.25
hete_0.15,1.03716884289855,0.051708082812974586,1.0,0.9915431196582333,0.8823712030736568,12,76,400,5,2,100,0.0,0,0.3,0.0,0.15,1.0,0.7,1.0,1.0,0.25,1.0,0.25
hete_0.15,0.9773084635980585,0.049757409278116324,1.0,1.006869345277059,-0.5941000970080973,13,77,400,5,2,100,0.0,0,0.3,0.0,0.15,1.0,0.7,1.0,1.0,0.25,1.0,0.25
hete_0.15,1.0643386269698119,0.055178710046141104,1.0,1.0018734357906078,1.1320524007714183,14,78,400,5,2,100,0.0,0,0.3,0.0,0.15,1.0,0.7,1.0,1.0,0.25,1.0,0.25
hete_0.15,0.8969655981303873,0.04931755845462452,1.0,0.9854010048882701,-1.7931829865269848,15,79,400,5,2,100,0.0,0,0.3,0.0,0.15,1.0,0.7,1.0,1.0,0.25,1.0,0.25
hete_0.15,0.9112931189469935,0.051604487069996575,1.0,1.0061917848614974,-1.8389615187102413,16,80,400,5,2,100,0.0,0,0.3,0.0,0.15,1.0,0.7,1.0,1.0,0.25,1.0,0.25
hete_0.15,1.0355366459150879,0.05553886390459366,1.0,0.9916899042041613,0.789478549403673,17,81,400,5,2,100,0.0,0,0.3,0.0,0.15,1.0,0.7,1.0,1.0,0.25,1.0,0.25
hete_0.15,0.925154303712644,0.04721605558377413,1.0,1.002748692681303,-1.6433899022120861,18,82,400,5,2,100,0.0,0,0.3,0.0,0.15,1.0,0.7,1.0,1.0,0.25,1.0,0.25
hete_0.15,1.0114106355069494,0.054902398750164276,1.0,0.9980117215013385,0.24404970111749066,19,83,400,5,2,100,0.0,0,0.3,0.0,0.15,1.0,0.7,1.0,1.0,0.25,1.0,0.25
hete_0.15,0.872283765687934,0.051292749127296706,1.0,0.9922875639882295,-2.33958601053872,20,84,400,5,2,100,0.0,0,0.3,0.0,0.15,1.0,0.7,1.0,1.0,0.25,1.0,0.25
hete_0.15,0.9440361317792045,0.04713196596781382,1.0,1.0057323963285951,-1.30901105613805,21,85,400,5,2,100,0.0,0,0.3,0.0,0.15,1.0,0.7,1.0,1.0,0.25,1.0,0.25
hete_0.15,1.0832713269387493,0.06242954859387805,1.0,0.9996529912745717,1.3394031760206784,22,86,400,5,2,100,0.0,0,0.3,0.0,0.15,1.0,0.7,1.0,1.0,0.25,1.0,0.25
hete_0.15,1.0608054825430313,0.05705688345536351,1.0,1.014377420950811,0.8137153447671522,23,87,400,5,2,100,0.0,0,0.3,0.0,0.15,1.0,0.7,1.0,1.0,0.25,1.0,0.25
hete_0.15,0.9868127304012949,0.054222626129711314,1.0,1.0004735770305597,-0.25193996684309145,24,88,400,5,2,100,0.0,0,0.3,0.0,0.15,1.0,0.7,1.0,1.0,0.25,1.0,0.25
hete_0.15,0.921558550578733,0.053461612087668926,1.0,1.0048654927526703,-1.558257204016343,25,89,400,5,2,100,0.0,0,0.3,0.0,0.15,1.0,0.7,1.0,1.0,0.25,1.0,0.25
hete_0.15,1.0371139497094375,0.05800641730781519,1.0,1.0007327686037653,0.6271923486088256,26,90,400,5,2,100,0.0,0,0.3,0.0,0.15,1.0,0.7,1.0,1.0,0.25,1.0,0.25
hete_0.15,1.0944050353555745,0.05034677545462646,1.0,1.0158385803943806,1.5605061943241958,27,91,400,5,2,100,0.0,0,0.3,0.0,0.15,1.0,0.7,1.0,1.0,0.25,1.0,0.25
hete_0.15,0.920457314605255,0.05071875802481893,1.0,1.006406102526742,-1.6946153902157526,28,92,400,5,2,100,0.0,0,0.3,0.0,0.15,1.0,0.7,1.0,1.0,0.25,1.0,0.25
hete_0.15,1.0662144721822309,0.05091452489520087,1.0,0.9981261898254614,1.3373056607504032,29,93,400,5,2,100,0.0,0,0.3,0.0,0.15,1.0,0.7,1.0,1.0,0.25,1.0,0.25
hete_0.15,1.0531648884585207,0.05288082112409779,1.0,0.991002149211569,1.1755252268317018,30,94,400,5,2,100,0.0,0,0.3,0.0,0.15,1.0,0.7,1.0,1.0,0.25,1.0,0.25
hete_0.15,1.0339486020471063,0.05565548064761562,1.0,1.0091875084353676,0.44489946584980977,31,95,400,5,2,100,0.0,0,0.3,0.0,0.15,1.0,0.7,1.0,1.0,0.25,1.0,0.25
hete_0.15,1.0580088566030836,0.04646577907019369,1.0,0.9904169663284292,1.4546595715644082,32,96,400,5,2,100,0.0,0,0.3,0.0,0.15,1.0,0.7,1.0,1.0,0.25,1.0,0.25
hete_0.15,0.9722296262877193,0.05136508392888792,1.0,0.9983036492343991,-0.507621538841012,33,97,400,5,2,100,0.0,0,0.3,0.0,0.15,1.0,0.7,1.0,1.0,0.25,1.0,0.25
hete_0.15,1.0501541120123934,0.05256288893985006,1.0,1.0160779123338028,0.6482938888230703,34,98,400,5,2,100,0.0,0,0.3,0.0,0.15,1.0,0.7,1.0,1.0,0.25,1.0,0.25
hete_0.15,0.9136412865044735,0.05010584391027919,1.0,0.9938671097055323,-1.6011270730159375,35,99,400,5,2,100,0.0,0,0.3,0.0,0.15,1.0,0.7,1.0,1.0,0.25,1.0,0.25
hete_0.15,1.0543302036568314,0.05476396030001759,1.0,1.0106839985918485,0.7969877420455443,36,100,400,5,2,100,0.0,0,0.3,0.0,0.15,1.0,0.7,1.0,1.0,0.25,1.0,0.25
hete_0.15,1.0268953186297574,0.05749008149594996,1.0,0.9997595809334523,0.47200729221816656,37,101,400,5,2,100,0.0,0,0.3,0.0,0.15,1.0,0.7,1.0,1.0,0.25,1.0,0.25
hete_0.15,1.0752689515930915,0.05177216670623718,1.0,0.9992609966278517,1.4681238936071583,38,102,400,5,2,100,0.0,0,0.3,0.0,0.15,1.0,0.7,1.0,1.0,0.25,1.0,0.25
hete_0.15,0.9619907315899114,0.05143644269185126,1.0,0.9940222337535443,-0.6227394525614688,39,103,400,5,2,100,0.0,0,0.3,0.0,0.15,1.0,0.7,1.0,1.0,0.25,1.0,0.25
hete_0.15,1.0129761429390538,0.05356365189562094,1.0,0.9965430112451122,0.30679632759104386,40,104,400,5,2,100,0.0,0,0.3,0.0,0.15,1.0,0.7,1.0,1.0,0.25,1.0,0.25
hete_0.15,0.9766969385545968,0.048607887741008486,1.0,1.015352955191133,-0.7952622183976076,41,105,400,5,2,100,0.0,0,0.3,0.0,0.15,1.0,0.7,1.0,1.0,0.25,1.0,0.25
hete_0.15,1.0106328063855095,0.058871952680915135,1.0,0.9999142512320651,0.18206556204341814,42,106,400,5,2,100,0.0,0,0.3,0.0,0.15,1.0,0.7,1.0,1.0,0.25,1.0,0.25
hete_0.15,1.031109492684183,0.05569203118017742,1.0,0.992109366544704,0.7002819849271434,43,107,400,5,2,100,0.0,0,0.3,0.0,0.15,1.0,0.7,1.0,1.0,0.25,1.0,0.25
hete_0.15,0.9560976195524005,0.05206454178476158,1.0,1.000762669732571,-0.8578784840711563,44,108,400,5,2,100,0.0,0,0.3,0.0,0.15,1.0,0.7,1.0,1.0,0.25,1.0,0.25
hete_0.15,1.06215293841491,0.048453182339868714,1.0,1.0061604814410199,1.1555991633560434,45,109,400,5,2,100,0.0,0,0.3,0.0,0.15,1.0,0.7,1.0,1.0,0.25,1.0,0.25
hete_0.15,0.9862753862126075,0.056678241455256614,1.0,0.9893415867838065,-0.054098371658540964,46,110,400,5,2,100,0.0,0,0.3,0.0,0.15,1.0,0.7,1.0,1.0,0.25,1.0,0.25
hete_0.15,1.1125779202510868,0.055103908643123554,1.0,0.9993925786217642,2.0540347212456234,47,111,400,5,2,100,0.0,0,0.3,0.0,0.15,1.0,0.7,1.0,1.0,0.25,1.0,0.25
hete_0.15,1.0171145861008077,0.049060391744917886,1.0,1.0007741061421926,0.33306868081231306,48,112,400,5,2,100,0.0,0,0.3,0.0,0.15,1.0,0.7,1.0,1.0,0.25,1.0,0.25
hete_0.15,0.9230716883963915,0.052868321754102235,1.0,0.9988641775071385,-1.433608758440795,49,113,400,5,2,100,0.0,0,0.3,0.0,0.15,1.0,0.7,1.0,1.0,0.25,1.0,0.25
hete_0.15,1.0051945161308748,0.04655410905704742,1.0,0.9974366680088343,0.1666415334580677,50,114,400,5,2,100,0.0,0,0.3,0.0,0.15,1.0,0.7,1.0,1.0,0.25,1.0,0.25
hete_0.15,1.050535439394338,0.05395153487189387,1.0,0.9909048472290556,1.1052622007302164,51,115,400,5,2,100,0.0,0,0.3,0.0,0.15,1.0,0.7,1.0,1.0,0.25,1.0,0.25
hete_0.15,1.012493265875807,0.05509890681546311,1.0,0.9960932063019331,0.2976476398851412,52,116,400,5,2,100,0.0,0,0.3,0.0,0.15,1.0,0.7,1.0,1.0,0.25,1.0,0.25
hete_0.15,0.9509913035985478,0.05391217712422782,1.0,1.0103385849654283,-1.1008140374321884,53,117,400,5,2,100,0.0,0,0.3,0.0,0.15,1.0,0.7,1.0,1.0,0.25,1.0,0.25
hete_0.15,0.9925952812005246,0.04865279791677041,1.0,1.0049159722523475,-0.25323705068102537,54,118,400,5,2,100,0.0,0,0.3,0.0,0.15,1.0,0.7,1.0,1.0,0.25,1.0,0.25
hete_0.15,1.024502156842266,0.04976321418706769,1.0,1.009749197193116,0.2964631583822408,55,119,400,5,2,100,0.0,0,0.3,0.0,0.15,1.0,0.7,1.0,1.0,0.25,1.0,0.25
hete_0.15,1.0225896857193506,0.05326451461640157,1.0,1.0050588924681612,0.3291270628755762,56,120,400,5,2,100,0.0,0,0.3,0.0,0.15,1.0,0.7,1.0,1.0,0.25,1.0,0.25
hete_0.15,0.9846493294531614,0.055055443726802294,1.0,0.9945591703156497,-0.1799974751209553,57,121,400,5,2,100,0.0,0,0.3,0.0,0.15,1.0,0.7,1.0,1.0,0.25,1.0,0.25
hete_0.15,0.9368238821160813,0.05790388529921905,1.0,0.9980595018150155,-1.0575390473799535,58,122,400,5,2,100,0.0,0,0.3,0.0,0.15,1.0,0.7,1.0,1.0,0.25,1.0,0.25
hete_0.15,1.0317346913841199,0.053314610731739445,1.0,0.9976339219610512,0.639613962383631,59,123,400,5,2,100,0.0,0,0.3,0.0,0.15,1.0,0.7,1.0,1.0,0.25,1.0,0.25
hete_0.15,1.0827212553565309,0.05684492758367223,1.0,1.0054591443197554,1.3591733567265158,60,124,400,5,2,100,0.0,0,0.3,0.0,0.15,1.0,0.7,1.0,1.0,0.25,1.0,0.25
hete_0.15,0.9319731919212725,0.05462371838883896,1.0,0.9966043055421274,-1.1832060417560433,61,125,400,5,2,100,0.0,0,0.3,0.0,0.15,1.0,0.7,1.0,1.0,0.25,1.0,0.25
hete_0.15,0.9409926689132279,0.06164542199107918,1.0,1.0152991947714405,-1.2053859550019084,62,126,400,5,2,100,0.0,0,0.3,0.0,0.15,1.0,0.7,1.0,1.0,0.25,1.0,0.25
hete_0.15,0.9671574442993176,0.05255951628839275,1.0,1.0039937601043845,-0.7008495969206968,63,127,400,5,2,100,0.0,0,0.3,0.0,0.15,1.0,0.7,1.0,1.0,0.25,1.0,0.25
hete_0.15,1.0515759819732138,0.06080368861957325,1.0,0.9961727805417249,0.9111815860074997,64,128,400,5,2,100,0.0,0,0.3,0.0,0.15,1.0,0.7,1.0,1.0,0.25,1.0,0.25
hete_0.15,0.9549307910238084,0.04754688722987512,1.0,1.0066386072191285,-1.0875121213577679,65,129,400,5,2,100,0.0,0,0.3,0.0,0.15,1.0,0.7,1.0,1.0,0.25,1.0,0.25
hete_0.15,1.0642689753038923,0.055276221426388474,1.0,0.9976979025124584,1.204334722482557,66,130,400,5,2,100,0.0,0,0.3,0.0,0.15,1.0,0.7,1.0,1.0,0.25,1.0,0.25
hete_0.15,1.0017033333328167,0.053328478164125635,1.0,1.0029916614311503,-0.024158351085297503,67,131,400,5,2,100,0.0,0,0.3,0.0,0.15,1.0,0.7,1.0,1.0,0.25,1.0,0.25
hete_0.15,1.0276646874954611,0.05495074850655932,1.0,1.018585758273676,0.16521939133734434,68,132,400,5,2,100,0.0,0,0.3,0.0,0.15,1.0,0.7,1.0,1.0,0.25,1.0,0.25
hete_0.15,1.0342951471165804,0.05079180359673227,1.0,0.9984634445300822,0.705462299999985,69,133,400,5,2,100,0.0,0,0.3,0.0,0.15,1.0,0.7,1.0,1.0,0.25,1.0,0.25
hete_0.15,0.9731919153474858,0.05379041460766848,1.0,0.9931048552522449,-0.37019495108930117,70,134,400,5,2,100,0.0,0,0.3,0.0,0.15,1.0,0.7,1.0,1.0,0.25,1.0,0.25
hete_0.15,1.015162080541198,0.05968213015350228,1.0,1.0132822142962206,0.03149797502439138,71,135,400,5,2,100,0.0,0,0.3,0.0,0.15,1.0,0.7,1.0,1.0,0.25,1.0,0.25
hete_0.15,0.964040310612426,0.0464534405518728,1.0,0.9950796193156944,-0.6681810504134351,72,136,400,5,2,100,0.0,0,0.3,0.0,0.15,1.0,0.7,1.0,1.0,0.25,1.0,0.25
hete_0.15,0.9814491398212495,0.051673399967728816,1.0,1.0079321873638747,-0.5125083226411355,73,137,400,5,2,100,0.0,0,0.3,0.0,0.15,1.0,0.7,1.0,1.0,0.25,1.0,0.25
hete_0.15,1.0318629271418693,0.05416244736623771,1.0,1.0145618921487354,0.3194286047701493,74,138,400,5,2,100,0.0,0,0.3,0.0,0.15,1.0,0.7,1.0,1.0,0.25,1.0,0.25
hete_0.15,0.8923694077122484,0.053440122623600116,1.0,1.0034146531852934,-2.077937699641533,75,139,400,5,2,100,0.0,0,0.3,0.0,0.15,1.0,0.7,1.0,1.0,0.25,1.0,0.25
hete_0.15,0.945598911441938,0.04887396226281842,1.0,0.9823300595010162,-0.7515483983385144,76,140,400,5,2,100,0.0,0,0.3,0.0,0.15,1.0,0.7,1.0,1.0,0.25,1.0,0.25
hete_0.15,1.001166601316576,0.054208886563661636,1.0,1.0153336276114822,-0.2613413997771131,77,141,400,5,2,100,0.0,0,0.3,0.0,0.15,1.0,0.7,1.0,1.0,0.25,1.0,0.25
hete_0.15,0.9447210136039004,0.05051318563041443,1.0,0.979697421339559,-0.6924213410646383,78,142,400,5,2,100,0.0,0,0.3,0.0,0.15,1.0,0.7,1.0,1.0,0.25,1.0,0.25
hete_0.15,0.9610077462842536,0.06032605316429672,1.0,1.003953439162572,-0.7118929654051247,79,143,400,5,2,100,0.0,0,0.3,0.0,0.15,1.0,0.7,1.0,1.0,0.25,1.0,0.25
hete_0.15,0.9348197022576343,0.0563909977503393,1.0,1.0065589637662609,-1.272175779301491,80,144,400,5,2,100,0.0,0,0.3,0.0,0.15,1.0,0.7,1.0,1.0,0.25,1.0,0.25
hete_0.15,0.9545935541905138,0.05072365298991222,1.0,1.0057010882590667,-1.0075680881800244,81,145,400,5,2,100,0.0,0,0.3,0.0,0.15,1.0,0.7,1.0,1.0,0.25,1.0,0.25
hete_0.15,1.01561036244074,0.052586574574958744,1.0,1.0104694442224733,0.09776103995780581,82,146,400,5,2,100,0.0,0,0.3,0.0,0.15,1.0,0.7,1.0,1.0,0.25,1.0,0.25
hete_0.15,0.9336752829204651,0.053253746531166185,1.0,0.9856120480817507,-0.9752696954549519,83,147,400,5,2,100,0.0,0,0.3,0.0,0.15,1.0,0.7,1.0,1.0,0.25,1.0,0.25
hete_0.15,0.9979674829824187,0.05165544574790927,1.0,1.0110097439675447,-0.25248569238518176,84,148,400,5,2,100,0.0,0,0.3,0.0,0.15,1.0,0.7,1.0,1.0,0.25,1.0,0.25
hete_0.15,0.9682666937600866,0.05228071900330872,1.0,0.9981008480442657,-0.5706530983686547,85,149,400,5,2,100,0.0,0,0.3,0.0,0.15,1.0,0.7,1.0,1.0,0.25,1.0,0.25
hete_0.15,0.9477978654573427,0.04889621958480179,1.0,0.9941058306382152,-0.9470663698358034,86,150,400,5,2,100,0.0,0,0.3,0.0,0.15,1.0,0.7,1.0,1.0,0.25,1.0,0.25
hete_0.15,0.9422856994243316,0.046824045671727356,1.0,0.9908884788845955,-1.0379876143340296,87,151,400,5,2,100,0.0,0,0.3,0.0,0.15,1.0,0.7,1.0,1.0,0.25,1.0,0.25
hete_0.15,1.0576445106798555,0.05136189279765235,1.0,1.0039700611717004,1.0450247563814177,88,152,400,5,2,100,0.0,0,0.3,0.0,0.15,1.0,0.7,1.0,1.0,0.25,1.0,0.25
hete_0.15,0.935953213918196,0.053262479391020204,1.0,0.9920734617917344,-1.0536544395828487,89,153,400,5,2,100,0.0,0,0.3,0.0,0.15,1.0,0.7,1.0,1.0,0.25,1.0,0.25
hete_0.15,0.8643710511668817,0.053321354911629336,1.0,1.0028960620570777,-2.5979274367610605,90,154,400,5,2,100,0.0,0,0.3,0.0,0.15,1.0,0.7,1.0,1.0,0.25,1.0,0.25
hete_0.15,1.061251848813017,0.05125607389188443,1.0,1.008710720617669,1.0250712589921345,91,155,400,5,2,100,0.0,0,0.3,0.0,0.15,1.0,0.7,1.0,1.0,0.25,1.0,0.25
hete_0.15,0.9843896404513994,0.05217752950288164,1.0,1.0065271097403978,-0.42427208608594247,92,156,400,5,2,100,0.0,0,0.3,0.0,0.15,1.0,0.7,1.0,1.0,0.25,1.0,0.25
hete_0.15,0.9403373248259445,0.052729792118808586,1.0,1.0028063480818654,-1.1847007307589672,93,157,400,5,2,100,0.0,0,0.3,0.0,0.15,1.0,0.7,1.0,1.0,0.25,1.0,0.25
hete_0.15,0.9700148188515975,0.05368892491651173,1.0,1.0002468320783366,-0.5630958949867424,94,158,400,5,2,100,0.0,0,0.3,0.0,0.15,1.0,0.7,1.0,1.0,0.25,1.0,0.25
hete_0.15,1.0456059393376835,0.05871846727944372,1.0,1.0044252479475728,0.701324358385072,95,159,400,5,2,100,0.0,0,0.3,0.0,0.15,1.0,0.7,1.0,1.0,0.25,1.0,0.25
hete_0.15,0.9648686767224378,0.05051571522292999,1.0,0.9976608278827566,-0.6491475180664927,96,160,400,5,2,100,0.0,0,0.3,0.0,0.15,1.0,0.7,1.0,1.0,0.25,1.0,0.25
hete_0.15,0.9290345084208635,0.056042028493257894,1.0,0.9930728899205467,-1.1426849316738634,97,161,400,5,2,100,0.0,0,0.3,0.0,0.15,1.0,0.7,1.0,1.0,0.25,1.0,0.25
hete_0.15,0.8800824195576301,0.0573384936140222,1.0,1.0068301655624634,-2.2105175426833497,98,162,400,5,2,100,0.0,0,0.3,0.0,0.15,1.0,0.7,1.0,1.0,0.25,1.0,0.25
hete_0.15,0.9342800738079625,0.046491759589080105,1.0,0.9905180160380909,-1.209632475242718,99,163,400,5,2,100,0.0,0,0.3,0.0,0.15,1.0,0.7,1.0,1.0,0.25,1.0,0.25
hete_0.3,1.072543049499027,0.06080467428165717,1.0,0.9961978036110337,1.2555818576438638,0,65,400,5,2,100,0.0,0,0.3,0.0,0.3,1.0,0.7,1.0,1.0,0.25,1.0,0.25
hete_0.3,1.0750493578262295,0.0630751848316989,1.0,0.9739840532206324,1.602298984541476,1,66,400,5,2,100,0.0,0,0.3,0.0,0.3,1.0,0.7,1.0,1.0,0.25,1.0,0.25
hete_0.3,0.9444621925589513,0.058830721984320766,1.0,1.000604062501765,-0.9542951038026746,2,67,400,5,2,100,0.0,0,0.3,0.0,0.3,1.0,0.7,1.0,1.0,0.25,1.0,0.25
hete_0.3,0.9926009614676753,0.07286993799015251,1.0,1.0090152983670018,-0.22525526097668253,3,68,400,5,2,100,0.0,0,0.3,0.0,0.3,1.0,0.7,1.0,1.0,0.25,1.0,0.25
hete_0.3,1.0288892802777776,0.05318304164171373,1.0,1.0008712392559633,0.5268228397045746,4,69,400,5,2,100,0.0,0,0.3,0.0,0.3,1.0,0.7,1.0,1.0,0.25,1.0,0.25
hete_0.3,0.97329098055876,0.06312729452739817,1.0,0.9895703843027667,-0.25788217071367153,5,70,400,5,2,100,0.0,0,0.3,0.0,0.3,1.0,0.7,1.0,1.0,0.25,1.0,0.25
hete_0.3,1.080517964903617,0.046013342856317675,1.0,0.975864659541384,2.2744121349545448,6,71,400,5,2,100,0.0,0,0.3,0.0,0.3,1.0,0.7,1.0,1.0,0.25,1.0,0.25
hete_0.3,0.9438166209371434,0.055977494977430556,1.0,0.9921810507267474,-0.8639977514017738,7,72,400,5,2,100,0.0,0,0.3,0.0,0.3,1.0,0.7,1.0,1.0,0.25,1.0,0.25
hete_0.3,0.9198438555607842,0.06350564495949475,1.0,0.9917150621670986,-1.1317294179463164,8,73,400,5,2,100,0.0,0,0.3,0.0,0.3,1.0,0.7,1.0,1.0,0.25,1.0,0.25
hete_0.3,0.9888957182240453,0.055432578131831736,1.0,1.004190027315305,-0.27590831252492454,9,74,400,5,2,100,0.0,0,0.3,0.0,0.3,1.0,0.7,1.0,1.0,0.25,1.0,0.25
hete_0.3,1.0324885088666416,0.057244248181548045,1.0,1.0020958864105103,0.530928843012178,10,75,400,5,2,100,0.0,0,0.3,0.0,0.3,1.0,0.7,1.0,1.0,0.25,1.0,0.25
hete_0.3,1.0016562358664989,0.05279665887245475,1.0,0.9830862393164665,0.3517267370060936,11,76,400,5,2,100,0.0,0,0.3,0.0,0.3,1.0,0.7,1.0,1.0,0.25,1.0,0.25
hete_0.3,1.0080454812698663,0.06000383521382743,1.0,1.0137386905541177,-0.09488075660436243,12,77,400,5,2,100,0.0,0,0.3,0.0,0.3,1.0,0.7,1.0,1.0,0.25,1.0,0.25
hete_0.3,1.1016247424668066,0.06380873366340441,1.0,1.0037468715812154,1.5339259262204434,13,78,400,5,2,100,0.0,0,0.3,0.0,0.3,1.0,0.7,1.0,1.0,0.25,1.0,0.25
hete_0.3,0.8723819553460244,0.05436342174060708,1.0,0.9708020097765402,-1.8104094863660942,14,79,400,5,2,100,0.0,0,0.3,0.0,0.3,1.0,0.7,1.0,1.0,0.25,1.0,0.25
hete_0.3,0.9157808785563427,0.06251679475265409,1.0,1.0123835697229944,-1.54522783115893,15,80,400,5,2,100,0.0,0,0.3,0.0,0.3,1.0,0.7,1.0,1.0,0.25,1.0,0.25
hete_0.3,1.0393751529809163,0.057779175158368966,1.0,0.9833798084083226,0.9691267557751404,16,81,400,5,2,100,0.0,0,0.3,0.0,0.3,1.0,0.7,1.0,1.0,0.25,1.0,0.25
hete_0.3,0.9257643888044064,0.04938619512365042,1.0,1.0054973853626055,-1.6144794382026808,17,82,400,5,2,100,0.0,0,0.3,0.0,0.3,1.0,0.7,1.0,1.0,0.25,1.0,0.25
hete_0.3,0.9930919374887824,0.06069388593995897,1.0,0.996023443002677,-0.04829984879851838,18,83,400,5,2,100,0.0,0,0.3,0.0,0.3,1.0,0.7,1.0,1.0,0.25,1.0,0.25
hete_0.3,0.8421750359675354,0.05864068250385286,1.0,0.9845751279764589,-2.4283498405661863,19,84,400,5,2,100,0.0,0,0.3,0.0,0.3,1.0,0.7,1.0,1.0,0.25,1.0,0.25
hete_0.3,0.9267566352783687,0.05124201402975954,1.0,1.01146479265719,-1.6530996874874166,20,85,400,5,2,100,0.0,0,0.3,0.0,0.3,1.0,0.7,1.0,1.0,0.25,1.0,0.25
hete_0.3,1.0794490296651953,0.06880002135803613,1.0,0.9993059825491437,1.1648695092547459,21,86,400,5,2,100,0.0,0,0.3,0.0,0.3,1.0,0.7,1.0,1.0,0.25,1.0,0.25
hete_0.3,1.0869353161882434,0.05797915776595853,1.0,1.028754841901622,1.0034722222332988,22,87,400,5,2,100,0.0,0,0.3,0.0,0.3,1.0,0.7,1.0,1.0,0.25,1.0,0.25
hete_0.3,0.9793565950490714,0.059219687599329045,1.0,1.0009471540611197,-0.3645841423231847,23,88,400,5,2,100,0.0,0,0.3,0.0,0.3,1.0,0.7,1.0,1.0,0.25,1.0,0.25
hete_0.3,0.9288660389309152,0.05989678891574207,1.0,1.0097309855053407,-1.3500714819316888,24,89,400,5,2,100,0.0,0,0.3,0.0,0.3,1.0,0.7,1.0,1.0,0.25,1.0,0.25
hete_0.3,1.052025702195207,0.06898819003124605,1.0,1.0014655372075305,0.7328814535470045,25,90,400,5,2,100,0.0,0,0.3,0.0,0.3,1.0,0.7,1.0,1.0,0.25,1.0,0.25
hete_0.3,1.1016435914657774,0.053396586392769826,1.0,1.0316771607887611,1.3103165464991233,26,91,400,5,2,100,0.0,0,0.3,0.0,0.3,1.0,0.7,1.0,1.0,0.25,1.0,0.25
hete_0.3,0.9080040083757264,0.05011872462022937,1.0,1.0128122050534833,-2.091198398840607,27,92,400,5,2,100,0.0,0,0.3,0.0,0.3,1.0,0.7,1.0,1.0,0.25,1.0,0.25
hete_0.3,1.0643769455300005,0.05248048681711586,1.0,0.9962523796509227,1.2980932535263716,28,93,400,5,2,100,0.0,0,0.3,0.0,0.3,1.0,0.7,1.0,1.0,0.25,1.0,0.25
hete_0.3,1.0379206159350174,0.06153300822145765,1.0,0.9820042984231381,0.9087206871251307,29,94,400,5,2,100,0.0,0,0.3,0.0,0.3,1.0,0.7,1.0,1.0,0.25,1.0,0.25
hete_0.3,1.0356603813275171,0.0605507584402152,1.0,1.018375016870735,0.28546899992753666,30,95,400,5,2,100,0.0,0,0.3,0.0,0.3,1.0,0.7,1.0,1.0,0.25,1.0,0.25
hete_0.3,1.0429609506708475,0.051855935989384046,1.0,0.9808339326568587,1.1980695522824512,31,96,400,5,2,100,0.0,0,0.3,0.0,0.3,1.0,0.7,1.0,1.0,0.25,1.0,0.25
hete_0.3,0.9891533542680453,0.05653946283550961,1.0,0.9966072984687979,-0.13183613403683023,32,97,400,5,2,100,0.0,0,0.3,0.0,0.3,1.0,0.7,1.0,1.0,0.25,1.0,0.25
hete_0.3,1.0629250483447448,0.06042816355378867,1.0,1.0321558246676057,0.5091868074023232,33,98,400,5,2,100,0.0,0,0.3,0.0,0.3,1.0,0.7,1.0,1.0,0.25,1.0,0.25
hete_0.3,0.8932054077002874,0.05584850418098178,1.0,0.9877342194110645,-1.6925934382136454,34,99,400,5,2,100,0.0,0,0.3,0.0,0.3,1.0,0.7,1.0,1.0,0.25,1.0,0.25
hete_0.3,1.0571260987818674,0.05844656686155518,1.0,1.0213679971836973,0.6118084178130045,35,100,400,5,2,100,0.0,0,0.3,0.0,0.3,1.0,0.7,1.0,1.0,0.25,1.0,0.25
hete_0.3,1.0353755601749544,0.06185855445713645,1.0,0.9995191618669046,0.5796514099419455,36,101,400,5,2,100,0.0,0,0.3,0.0,0.3,1.0,0.7,1.0,1.0,0.25,1.0,0.25
hete_0.3,1.1093319359136788,0.057483619117506365,1.0,0.9985219932557036,1.927678604081291,37,102,400,5,2,100,0.0,0,0.3,0.0,0.3,1.0,0.7,1.0,1.0,0.25,1.0,0.25
hete_0.3,0.9761901430968479,0.05657682618210376,1.0,0.9880444675070885,-0.20952614719116786,38,103,400,5,2,100,0.0,0,0.3,0.0,0.3,1.0,0.7,1.0,1.0,0.25,1.0,0.25
hete_0.3,1.0095891721107164,0.058319150699874,1.0,0.9930860224902244,0.2829799375066636,39,104,400,5,2,100,0.0,0,0.3,0.0,0.3,1.0,0.7,1.0,1.0,0.25,1.0,0.25
hete_0.3,1.009763642956671,0.05088361929310861,1.0,1.0307059103822662,-0.41157189123988946,40,105,400,5,2,100,0.0,0,0.3,0.0,0.3,1.0,0.7,1.0,1.0,0.25,1.0,0.25
hete_0.3,1.0082214213513583,0.06621831604237241,1.0,0.9998285024641304,0.12674618427109183,41,106,400,5,2,100,0.0,0,0.3,0.0,0.3,1.0,0.7,1.0,1.0,0.25,1.0,0.25
hete_0.3,1.0439079195809737,0.06448058730994374,1.0,0.9842187330894083,0.9256923514770865,42,107,400,5,2,100,0.0,0,0.3,0.0,0.3,1.0,0.7,1.0,1.0,0.25,1.0,0.25
hete_0.3,0.9653963624843603,0.057252162568805,1.0,1.0015253394651424,-0.6310499963623681,43,108,400,5,2,100,0.0,0,0.3,0.0,0.3,1.0,0.7,1.0,1.0,0.25,1.0,0.25
hete_0.3,1.069219542054189,0.053476701812698584,1.0,1.0123209628820395,1.0639881900614583,44,109,400,5,2,100,0.0,0,0.3,0.0,0.3,1.0,0.7,1.0,1.0,0.25,1.0,0.25
hete_0.3,0.9665778209118725,0.061709910664246095,1.0,0.9786831735676125,-0.1961654542266848,45,110,400,5,2,100,0.0,0,0.3,0.0,0.3,1.0,0.7,1.0,1.0,0.25,1.0,0.25
hete_0.3,1.136700727761996,0.05888450502552478,1.0,0.9987851572435283,2.342136873846272,46,111,400,5,2,100,0.0,0,0.3,0.0,0.3,1.0,0.7,1.0,1.0,0.25,1.0,0.25
hete_0.3,1.0217403084651744,0.055623639443908364,1.0,1.0015482122843855,0.3630128553733141,47,112,400,5,2,100,0.0,0,0.3,0.0,0.3,1.0,0.7,1.0,1.0,0.25,1.0,0.25
hete_0.3,0.9219078728179223,0.058855774214623485,1.0,0.9977283550142769,-1.2882420324617194,48,113,400,5,2,100,0.0,0,0.3,0.0,0.3,1.0,0.7,1.0,1.0,0.25,1.0,0.25
hete_0.3,1.0048634879992504,0.05466553495673492,1.0,0.9948733360176686,0.1827504658920567,49,114,400,5,2,100,0.0,0,0.3,0.0,0.3,1.0,0.7,1.0,1.0,0.25,1.0,0.25
hete_0.3,1.0479564620733925,0.05980726879893044,1.0,0.9818096944581114,1.1059988015447395,50,115,400,5,2,100,0.0,0,0.3,0.0,0.3,1.0,0.7,1.0,1.0,0.25,1.0,0.25
hete_0.3,1.001323991896033,0.06425649335407807,1.0,0.9921864126038661,0.14220476118756398,51,116,400,5,2,100,0.0,0,0.3,0.0,0.3,1.0,0.7,1.0,1.0,0.25,1.0,0.25
hete_0.3,0.9755285572125965,0.06006055528245923,1.0,1.0206771699308568,-0.7517182035019585,52,117,400,5,2,100,0.0,0,0.3,0.0,0.3,1.0,0.7,1.0,1.0,0.25,1.0,0.25
hete_0.3,1.0162831738274054,0.0545139311671364,1.0,1.0098319445046948,0.11834093019143137,53,118,400,5,2,100,0.0,0,0.3,0.0,0.3,1.0,0.7,1.0,1.0,0.25,1.0,0.25
hete_0.3,1.0643214551867533,0.05894898897897677,1.0,1.0194983943862324,0.7603703062067161,54,119,400,5,2,100,0.0,0,0.3,0.0,0.3,1.0,0.7,1.0,1.0,0.25,1.0,0.25
hete_0.3,1.021554085358278,0.05901996565837748,1.0,1.0101177849363225,0.1937700284027907,55,120,400,5,2,100,0.0,0,0.3,0.0,0.3,1.0,0.7,1.0,1.0,0.25,1.0,0.25
hete_0.3,0.9844838410903403,0.06369549497710421,1.0,0.9891183406312993,-0.07276024062023496,56,121,400,5,2,100,0.0,0,0.3,0.0,0.3,1.0,0.7,1.0,1.0,0.25,1.0,0.25
hete_0.3,0.95094694816276,0.06341472678039212,1.0,0.9961190036300311,-0.7123275264388325,57,122,400,5,2,100,0.0,0,0.3,0.0,0.3,1.0,0.7,1.0,1.0,0.25,1.0,0.25
hete_0.3,1.0419828014902563,0.0643162179347232,1.0,0.995267843922102,0.7263324720922959,58,123,400,5,2,100,0.0,0,0.3,0.0,0.3,1.0,0.7,1.0,1.0,0.25,1.0,0.25
hete_0.3,1.0867724202103495,0.06187226760437483,1.0,1.0109182886395107,1.2259794978885712,59,124,400,5,2,100,0.0,0,0.3,0.0,0.3,1.0,0.7,1.0,1.0,0.25,1.0,0.25
hete_0.3,0.9184399430990294,0.05924844174815439,1.0,0.9932086110842547,-1.2619516358428848,60,125,400,5,2,100,0.0,0,0.3,0.0,0.3,1.0,0.7,1.0,1.0,0.25,1.0,0.25
hete_0.3,0.9581968475360269,0.07128803542234513,1.0,1.0305983895428807,-1.0156198242511778,61,126,400,5,2,100,0.0,0,0.3,0.0,0.3,1.0,0.7,1.0,1.0,0.25,1.0,0.25
hete_0.3,0.9694613206803573,0.05584540128627071,1.0,1.0079875202087691,-0.6898723733924231,62,127,400,5,2,100,0.0,0,0.3,0.0,0.3,1.0,0.7,1.0,1.0,0.25,1.0,0.25
hete_0.3,1.0368866136584736,0.06958611546507723,1.0,0.9923455610834498,0.6400853428494262,63,128,400,5,2,100,0.0,0,0.3,0.0,0.3,1.0,0.7,1.0,1.0,0.25,1.0,0.25
hete_0.3,0.9496857254260478,0.05261242212967131,1.0,1.0132772144382567,-1.2086782253719097,64,129,400,5,2,100,0.0,0,0.3,0.0,0.3,1.0,0.7,1.0,1.0,0.25,1.0,0.25
hete_0.3,1.065047230445362,0.06386290202047885,1.0,0.995395805024917,1.0906398428012236,65,130,400,5,2,100,0.0,0,0.3,0.0,0.3,1.0,0.7,1.0,1.0,0.25,1.0,0.25
hete_0.3,1.0121807877232984,0.056376980322689056,1.0,1.0059833228623005,0.10992899629467633,66,131,400,5,2,100,0.0,0,0.3,0.0,0.3,1.0,0.7,1.0,1.0,0.25,1.0,0.25
hete_0.3,1.056473597411383,0.059322177849111035,1.0,1.0371715165473518,0.32537714500514464,67,132,400,5,2,100,0.0,0,0.3,0.0,0.3,1.0,0.7,1.0,1.0,0.25,1.0,0.25
hete_0.3,1.0383747259698854,0.05537127270978863,1.0,0.9969268890601646,0.7485440532847577,68,133,400,5,2,100,0.0,0,0.3,0.0,0.3,1.0,0.7,1.0,1.0,0.25,1.0,0.25
hete_0.3,0.9643278153442276,0.05906948091888819,1.0,0.9862097105044899,-0.37044332910779454,69,134,400,5,2,100,0.0,0,0.3,0.0,0.3,1.0,0.7,1.0,1.0,0.25,1.0,0.25
hete_0.3,1.038857689383939,0.06428859237063281,1.0,1.026564428592441,0.19121994024422992,70,135,400,5,2,100,0.0,0,0.3,0.0,0.3,1.0,0.7,1.0,1.0,0.25,1.0,0.25
hete_0.3,0.9667284941553942,0.0501724683486438,1.0,0.9901592386313888,-0.46700402127271323,71,136,400,5,2,100,0.0,0,0.3,0.0,0.3,1.0,0.7,1.0,1.0,0.25,1.0,0.25
hete_0.3,1.0002877276639828,0.06021258981510273,1.0,1.0158643747277494,-0.2586941885675147,72,137,400,5,2,100,0.0,0,0.3,0.0,0.3,1.0,0.7,1.0,1.0,0.25,1.0,0.25
hete_0.3,1.030303893266425,0.06164711206026452,1.0,1.0291237842974712,0.01914297246885105,73,138,400,5,2,100,0.0,0,0.3,0.0,0.3,1.0,0.7,1.0,1.0,0.25,1.0,0.25
hete_0.3,0.9227188905898401,0.05670812981254805,1.0,1.0068293063705869,-1.4832161818557321,74,139,400,5,2,100,0.0,0,0.3,0.0,0.3,1.0,0.7,1.0,1.0,0.25,1.0,0.25
hete_0.3,0.9158039443193602,0.05349512361455023,1.0,0.9646601190020324,-0.9132827701211957,75,140,400,5,2,100,0.0,0,0.3,0.0,0.3,1.0,0.7,1.0,1.0,0.25,1.0,0.25
hete_0.3,1.0110829252698765,0.06094021680149255,1.0,1.0306672552229645,-0.32136954840318765,76,141,400,5,2,100,0.0,0,0.3,0.0,0.3,1.0,0.7,1.0,1.0,0.25,1.0,0.25
hete_0.3,0.8991423907336132,0.05415512630543109,1.0,0.9593948426791178,-1.1125899994339405,77,142,400,5,2,100,0.0,0,0.3,0.0,0.3,1.0,0.7,1.0,1.0,0.25,1.0,0.25
hete_0.3,0.9548788263888327,0.06842153328490237,1.0,1.007906878325144,-0.7750199299905514,78,143,400,5,2,100,0.0,0,0.3,0.0,0.3,1.0,0.7,1.0,1.0,0.25,1.0,0.25
hete_0.3,0.9061927028353065,0.0621836057584637,1.0,1.0131179275325215,-1.7195082754213171,79,144,400,5,2,100,0.0,0,0.3,0.0,0.3,1.0,0.7,1.0,1.0,0.25,1.0,0.25
hete_0.3,0.9692944559961202,0.05346834992440838,1.0,1.0114021765181334,-0.7875260893882744,80,145,400,5,2,100,0.0,0,0.3,0.0,0.3,1.0,0.7,1.0,1.0,0.25,1.0,0.25
hete_0.3,1.0415415704731985,0.05705207832930241,1.0,1.0209388884449466,0.3611206222731097,81,146,400,5,2,100,0.0,0,0.3,0.0,0.3,1.0,0.7,1.0,1.0,0.25,1.0,0.25
hete_0.3,0.8938609552074266,0.05844357230803257,1.0,0.9712240961635017,-1.3237236859568593,82,147,400,5,2,100,0.0,0,0.3,0.0,0.3,1.0,0.7,1.0,1.0,0.25,1.0,0.25
hete_0.3,1.017766672064082,0.057509342288940765,1.0,1.0220194879350897,-0.07395000015198604,83,148,400,5,2,100,0.0,0,0.3,0.0,0.3,1.0,0.7,1.0,1.0,0.25,1.0,0.25
hete_0.3,0.9693263111275444,0.05715006018745737,1.0,0.9962016960885314,-0.47025995900674933,84,149,400,5,2,100,0.0,0,0.3,0.0,0.3,1.0,0.7,1.0,1.0,0.25,1.0,0.25
hete_0.3,0.9321697462750518,0.052150066044599964,1.0,0.9882116612764303,-1.0746278816492811,85,150,400,5,2,100,0.0,0,0.3,0.0,0.3,1.0,0.7,1.0,1.0,0.25,1.0,0.25
hete_0.3,0.9270968088625933,0.05395392299141528,1.0,0.9817769577691913,-1.0134601132766246,86,151,400,5,2,100,0.0,0,0.3,0.0,0.3,1.0,0.7,1.0,1.0,0.25,1.0,0.25
hete_0.3,1.0577539084763374,0.05685575508332182,1.0,1.007940122343401,0.8761432516362602,87,152,400,5,2,100,0.0,0,0.3,0.0,0.3,1.0,0.7,1.0,1.0,0.25,1.0,0.25
hete_0.3,0.8900379236483001,0.058223425558313016,1.0,0.9841469235834687,-1.6163425465393602,88,153,400,5,2,100,0.0,0,0.3,0.0,0.3,1.0,0.7,1.0,1.0,0.25,1.0,0.25
hete_0.3,0.8824224437175834,0.056845124352982654,1.0,1.0057921241141554,-2.1702772542197604,89,154,400,5,2,100,0.0,0,0.3,0.0,0.3,1.0,0.7,1.0,1.0,0.25,1.0,0.25
hete_0.3,1.0770926451187595,0.0588324979572059,1.0,1.0174214412353384,1.014255827227075,90,155,400,5,2,100,0.0,0,0.3,0.0,0.3,1.0,0.7,1.0,1.0,0.25,1.0,0.25
hete_0.3,1.003366255123908,0.05618784467880859,1.0,1.0130542194807957,-0.17242099981353304,91,156,400,5,2,100,0.0,0,0.3,0.0,0.3,1.0,0.7,1.0,1.0,0.25,1.0,0.25
hete_0.3,0.9345160528788915,0.05420715638733579,1.0,1.0056126961637308,-1.311573010338712,92,157,400,5,2,100,0.0,0,0.3,0.0,0.3,1.0,0.7,1.0,1.0,0.25,1.0,0.25
hete_0.3,0.986980060583215,0.055171112293968746,1.0,1.0004936641566733,-0.24493984281943895,93,158,400,5,2,100,0.0,0,0.3,0.0,0.3,1.0,0.7,1.0,1.0,0.25,1.0,0.25
hete_0.3,1.0834061439494342,0.06837913156998217,1.0,1.0088504958951454,1.0903275069819414,94,159,400,5,2,100,0.0,0,0.3,0.0,0.3,1.0,0.7,1.0,1.0,0.25,1.0,0.25
hete_0.3,0.9365960636078587,0.05703307351807585,1.0,0.9953216557655133,-1.0296760902959636,95,160,400,5,2,100,0.0,0,0.3,0.0,0.3,1.0,0.7,1.0,1.0,0.25,1.0,0.25
hete_0.3,0.947401073674344,0.063903687809074,1.0,0.9861457798410933,-0.6062984390276103,96,161,400,5,2,100,0.0,0,0.3,0.0,0.3,1.0,0.7,1.0,1.0,0.25,1.0,0.25
hete_0.3,0.8849165204186243,0.05913628888907904,1.0,1.0136603311249268,-2.1770694970018343,97,162,400,5,2,100,0.0,0,0.3,0.0,0.3,1.0,0.7,1.0,1.0,0.25,1.0,0.25
hete_0.3,0.8996439354613442,0.050055914416231945,1.0,0.9810360320761814,-1.6260235691238043,98,163,400,5,2,100,0.0,0,0.3,0.0,0.3,1.0,0.7,1.0,1.0,0.25,1.0,0.25
hete_0.3,0.8553814058926542,0.05508580498094903,1.0,1.0262618478649166,-3.102077604772408,99,164,400,5,2,100,0.0,0,0.3,0.0,0.3,1.0,0.7,1.0,1.0,0.25,1.0,0.25
hete_0.5,1.0492748743303153,0.0717730266825545,1.0,0.9566400887010542,1.2906629399784995,0,66,400,5,2,100,0.0,0,0.3,0.0,0.5,1.0,0.7,1.0,1.0,0.25,1.0,0.25
hete_0.5,0.9583590823759053,0.06841191972713642,1.0,1.001006770836275,-0.6233955812155508,1,67,400,5,2,100,0.0,0,0.3,0.0,0.5,1.0,0.7,1.0,1.0,0.25,1.0,0.25
hete_0.5,1.0255173333026053,0.08530252180628302,1.0,1.0150254972783361,0.12299561375331333,2,68,400,5,2,100,0.0,0,0.3,0.0,0.5,1.0,0.7,1.0,1.0,0.25,1.0,0.25
hete_0.5,1.0611490225587483,0.0607856416016783,1.0,1.0014520654266055,0.9820897757949241,3,69,400,5,2,100,0.0,0,0.3,0.0,0.5,1.0,0.7,1.0,1.0,0.25,1.0,0.25
hete_0.5,0.9714281377489483,0.07369919889860056,1.0,0.9826173071712779,-0.15182213089893004,4,70,400,5,2,100,0.0,0,0.3,0.0,0.5,1.0,0.7,1.0,1.0,0.25,1.0,0.25
hete_0.5,1.067887926322433,0.05446658027234509,1.0,0.9597744325689734,1.9849510142341948,5,71,400,5,2,100,0.0,0,0.3,0.0,0.5,1.0,0.7,1.0,1.0,0.25,1.0,0.25
hete_0.5,0.9223826288517124,0.06701200125989176,1.0,0.9869684178779126,-0.9637943623817165,6,72,400,5,2,100,0.0,0,0.3,0.0,0.5,1.0,0.7,1.0,1.0,0.25,1.0,0.25
hete_0.5,0.9227000956910633,0.08023522305456268,1.0,0.9861917702784976,-0.7913192257751663,7,73,400,5,2,100,0.0,0,0.3,0.0,0.5,1.0,0.7,1.0,1.0,0.25,1.0,0.25
hete_0.5,0.9999169271385755,0.06321892067875447,1.0,1.0069833788588414,-0.11177748124131845,8,74,400,5,2,100,0.0,0,0.3,0.0,0.5,1.0,0.7,1.0,1.0,0.25,1.0,0.25
hete_0.5,1.040715326005753,0.06460021145147404,1.0,1.003493144017517,0.5761928816006464,9,75,400,5,2,100,0.0,0,0.3,0.0,0.5,1.0,0.7,1.0,1.0,0.25,1.0,0.25
hete_0.5,0.9778509349882091,0.05914654025804737,1.0,0.9718103988607777,0.10212830879164601,10,76,400,5,2,100,0.0,0,0.3,0.0,0.5,1.0,0.7,1.0,1.0,0.25,1.0,0.25
hete_0.5,1.0066584879475633,0.07855331046632422,1.0,1.0228978175901964,-0.20673004799199238,11,77,400,5,2,100,0.0,0,0.3,0.0,0.5,1.0,0.7,1.0,1.0,0.25,1.0,0.25
hete_0.5,1.1421157077103377,0.08035581310415564,1.0,1.0062447859686925,1.6908661177447353,12,78,400,5,2,100,0.0,0,0.3,0.0,0.5,1.0,0.7,1.0,1.0,0.25,1.0,0.25
hete_0.5,0.8409775925438205,0.06406579986896681,1.0,0.9513366829609002,-1.7225897537031636,13,79,400,5,2,100,0.0,0,0.3,0.0,0.5,1.0,0.7,1.0,1.0,0.25,1.0,0.25
hete_0.5,0.9094181228036581,0.0798254408917009,1.0,1.0206392828716575,-1.3933046761231556,14,80,400,5,2,100,0.0,0,0.3,0.0,0.5,1.0,0.7,1.0,1.0,0.25,1.0,0.25
hete_0.5,1.0196584532159794,0.06896487598092571,1.0,0.9722996806805377,0.6867085869702731,15,81,400,5,2,100,0.0,0,0.3,0.0,0.5,1.0,0.7,1.0,1.0,0.25,1.0,0.25
hete_0.5,0.9391201197059587,0.05535394821778314,1.0,1.0091623089376756,-1.2653512800233278,16,82,400,5,2,100,0.0,0,0.3,0.0,0.5,1.0,0.7,1.0,1.0,0.25,1.0,0.25
hete_0.5,0.9789367178420668,0.07151844853025609,1.0,0.9933724050044617,-0.20184564205538927,17,83,400,5,2,100,0.0,0,0.3,0.0,0.5,1.0,0.7,1.0,1.0,0.25,1.0,0.25
hete_0.5,0.8082488387116972,0.07102152388355838,1.0,0.974291879960765,-2.3379256339430246,18,84,400,5,2,100,0.0,0,0.3,0.0,0.5,1.0,0.7,1.0,1.0,0.25,1.0,0.25
hete_0.5,0.9161380495821116,0.05978766311015696,1.0,1.0191079877619835,-1.7222606274166108,19,85,400,5,2,100,0.0,0,0.3,0.0,0.5,1.0,0.7,1.0,1.0,0.25,1.0,0.25
hete_0.5,1.0987777643735976,0.07948688064379059,1.0,0.9988433042485727,1.2572447090088656,20,86,400,5,2,100,0.0,0,0.3,0.0,0.5,1.0,0.7,1.0,1.0,0.25,1.0,0.25
hete_0.5,1.1064610182727017,0.0621927427888648,1.0,1.047924736502703,0.9412075934441557,21,87,400,5,2,100,0.0,0,0.3,0.0,0.5,1.0,0.7,1.0,1.0,0.25,1.0,0.25
hete_0.5,0.9745733276200569,0.0686074282383564,1.0,1.001578590101866,-0.3936200958879721,22,88,400,5,2,100,0.0,0,0.3,0.0,0.5,1.0,0.7,1.0,1.0,0.25,1.0,0.25
hete_0.5,0.9714191959686659,0.07237778488694971,1.0,1.016218309175568,-0.618962203345627,23,89,400,5,2,100,0.0,0,0.3,0.0,0.5,1.0,0.7,1.0,1.0,0.25,1.0,0.25
hete_0.5,1.0888837465147783,0.08812021015167615,1.0,1.002442562012551,0.9809461910433613,24,90,400,5,2,100,0.0,0,0.3,0.0,0.5,1.0,0.7,1.0,1.0,0.25,1.0,0.25
hete_0.5,1.1186514648280255,0.06092878840995716,1.0,1.0527952679812682,1.0808715972430996,25,91,400,5,2,100,0.0,0,0.3,0.0,0.5,1.0,0.7,1.0,1.0,0.25,1.0,0.25
hete_0.5,0.873921994443108,0.05438973727704767,1.0,1.021353675089139,-2.71065256107142,26,92,400,5,2,100,0.0,0,0.3,0.0,0.5,1.0,0.7,1.0,1.0,0.25,1.0,0.25
hete_0.5,1.0640193641408096,0.058269333816984056,1.0,0.9937539660848711,1.205872685564458,27,93,400,5,2,100,0.0,0,0.3,0.0,0.5,1.0,0.7,1.0,1.0,0.25,1.0,0.25
hete_0.5,1.0230286452737234,0.07585223927975458,1.0,0.9700071640385634,0.6990100982992573,28,94,400,5,2,100,0.0,0,0.3,0.0,0.5,1.0,0.7,1.0,1.0,0.25,1.0,0.25
hete_0.5,1.0363806115325942,0.07025118737539851,1.0,1.030625028117892,0.08192862825145426,29,95,400,5,2,100,0.0,0,0.3,0.0,0.5,1.0,0.7,1.0,1.0,0.25,1.0,0.25
hete_0.5,1.0121826888825731,0.06515425185449455,1.0,0.9680565544280978,0.6772564061209669,30,96,400,5,2,100,0.0,0,0.3,0.0,0.5,1.0,0.7,1.0,1.0,0.25,1.0,0.25
hete_0.5,1.0202726549332044,0.0699758691866287,1.0,0.9943454974479965,0.3705156904312121,31,97,400,5,2,100,0.0,0,0.3,0.0,0.5,1.0,0.7,1.0,1.0,0.25,1.0,0.25
hete_0.5,1.085131101135415,0.07377065200935568,1.0,1.0535930411126762,0.42751499632589873,32,98,400,5,2,100,0.0,0,0.3,0.0,0.5,1.0,0.7,1.0,1.0,0.25,1.0,0.25
hete_0.5,0.8499077951764904,0.06682648849775766,1.0,0.9795570323517739,-1.9400875325004376,33,99,400,5,2,100,0.0,0,0.3,0.0,0.5,1.0,0.7,1.0,1.0,0.25,1.0,0.25
hete_0.5,1.0854412318561826,0.06523729668124756,1.0,1.0356133286394953,0.7637947271198057,34,100,400,5,2,100,0.0,0,0.3,0.0,0.5,1.0,0.7,1.0,1.0,0.25,1.0,0.25
hete_0.5,1.033435328051207,0.07393781511140297,1.0,0.9991986031115075,0.463047560820056,35,101,400,5,2,100,0.0,0,0.3,0.0,0.5,1.0,0.7,1.0,1.0,0.25,1.0,0.25
hete_0.5,1.1693858988333083,0.06678051208651589,1.0,0.9975366554261729,2.5733441993451667,36,102,400,5,2,100,0.0,0,0.3,0.0,0.5,1.0,0.7,1.0,1.0,0.25,1.0,0.25
hete_0.5,0.9860977079473131,0.06447919856925888,1.0,0.980074112511814,0.09341920447458757,37,103,400,5,2,100,0.0,0,0.3,0.0,0.5,1.0,0.7,1.0,1.0,0.25,1.0,0.25
hete_0.5,1.0145237940866014,0.06961519587610658,1.0,0.988476704150374,0.37415810741354694,38,104,400,5,2,100,0.0,0,0.3,0.0,0.5,1.0,0.7,1.0,1.0,0.25,1.0,0.25
hete_0.5,1.033780403920532,0.058771772137478084,1.0,1.051176517303777,-0.2959943651614289,39,105,400,5,2,100,0.0,0,0.3,0.0,0.5,1.0,0.7,1.0,1.0,0.25,1.0,0.25
hete_0.5,1.0023161882209795,0.07787084356726678,1.0,0.9997141707735507,0.03341452754625715,40,106,400,5,2,100,0.0,0,0.3,0.0,0.5,1.0,0.7,1.0,1.0,0.25,1.0,0.25
hete_0.5,1.0448460768119,0.07529235618593601,1.0,0.9736978884823472,0.9449589830055367,41,107,400,5,2,100,0.0,0,0.3,0.0,0.5,1.0,0.7,1.0,1.0,0.25,1.0,0.25
hete_0.5,0.9623094107069404,0.06806657884177102,1.0,1.0025422324419042,-0.5910804159628742,42,108,400,5,2,100,0.0,0,0.3,0.0,0.5,1.0,0.7,1.0,1.0,0.25,1.0,0.25
hete_0.5,1.0883569485091533,0.0690199244844178,1.0,1.020534938136733,0.9826439376608137,43,109,400,5,2,100,0.0,0,0.3,0.0,0.5,1.0,0.7,1.0,1.0,0.25,1.0,0.25
hete_0.5,0.9424661066742561,0.07063196930128858,1.0,0.964471955946021,-0.31155650181430505,44,110,400,5,2,100,0.0,0,0.3,0.0,0.5,1.0,0.7,1.0,1.0,0.25,1.0,0.25
hete_0.5,1.1499067999379502,0.06618453863845875,1.0,0.9979752620725475,2.2955744799453477,45,111,400,5,2,100,0.0,0,0.3,0.0,0.5,1.0,0.7,1.0,1.0,0.25,1.0,0.25
hete_0.5,1.0072727269354658,0.06811574753922349,1.0,1.0025803538073093,0.06888822772523308,46,112,400,5,2,100,0.0,0,0.3,0.0,0.5,1.0,0.7,1.0,1.0,0.25,1.0,0.25
hete_0.5,0.9332229388657061,0.06931277334375474,1.0,0.9962139250237948,-0.908793330858177,47,113,400,5,2,100,0.0,0,0.3,0.0,0.5,1.0,0.7,1.0,1.0,0.25,1.0,0.25
hete_0.5,1.021287486218039,0.0699872118654547,1.0,0.9914555600294477,0.42624824440700704,48,114,400,5,2,100,0.0,0,0.3,0.0,0.5,1.0,0.7,1.0,1.0,0.25,1.0,0.25
hete_0.5,1.050470371593266,0.0716810813184866,1.0,0.9696828240968522,1.127041417490148,49,115,400,5,2,100,0.0,0,0.3,0.0,0.5,1.0,0.7,1.0,1.0,0.25,1.0,0.25
hete_0.5,0.9938040179312928,0.077764218821694,1.0,0.9869773543397767,0.08778669283837291,50,116,400,5,2,100,0.0,0,0.3,0.0,0.5,1.0,0.7,1.0,1.0,0.25,1.0,0.25
hete_0.5,0.9996245112786794,0.07079086176097449,1.0,1.0344619498847611,-0.4921177358132818,51,117,400,5,2,100,0.0,0,0.3,0.0,0.5,1.0,0.7,1.0,1.0,0.25,1.0,0.25
hete_0.5,1.0548710448814993,0.06591953920409475,1.0,1.0163865741744913,0.5838097652329681,52,118,400,5,2,100,0.0,0,0.3,0.0,0.5,1.0,0.7,1.0,1.0,0.25,1.0,0.25
hete_0.5,1.1208513834493519,0.07484476470233421,1.0,1.0324973239770534,1.1804975247593092,53,119,400,5,2,100,0.0,0,0.3,0.0,0.5,1.0,0.7,1.0,1.0,0.25,1.0,0.25
hete_0.5,1.0313079032990105,0.06782193291251572,1.0,1.0168629748938711,0.21298314254434494,54,120,400,5,2,100,0.0,0,0.3,0.0,0.5,1.0,0.7,1.0,1.0,0.25,1.0,0.25
hete_0.5,0.9964393269282746,0.07648253015763729,1.0,0.9818639010521656,0.19057196259155917,55,121,400,5,2,100,0.0,0,0.3,0.0,0.5,1.0,0.7,1.0,1.0,0.25,1.0,0.25
hete_0.5,0.9609410438310437,0.07234340909097119,1.0,0.9935316727167186,-0.45049893687885867,56,122,400,5,2,100,0.0,0,0.3,0.0,0.5,1.0,0.7,1.0,1.0,0.25,1.0,0.25
hete_0.5,1.0438623738224546,0.0843504064531647,1.0,0.9921130732035033,0.6135038679118276,57,123,400,5,2,100,0.0,0,0.3,0.0,0.5,1.0,0.7,1.0,1.0,0.25,1.0,0.25
hete_0.5,1.0911226030989551,0.07199081529181593,1.0,1.018197147732518,1.0129827682994368,58,124,400,5,2,100,0.0,0,0.3,0.0,0.5,1.0,0.7,1.0,1.0,0.25,1.0,0.25
hete_0.5,0.9145350930335042,0.06668421918785088,1.0,0.988681018473758,-1.1118961328973969,59,125,400,5,2,100,0.0,0,0.3,0.0,0.5,1.0,0.7,1.0,1.0,0.25,1.0,0.25
hete_0.5,0.9770350017568378,0.08900547755421284,1.0,1.0509973159048014,-0.8309860941189097,60,126,400,5,2,100,0.0,0,0.3,0.0,0.5,1.0,0.7,1.0,1.0,0.25,1.0,0.25
hete_0.5,0.958767772571212,0.06460163171820968,1.0,1.0133125336812816,-0.844324820586454,61,127,400,5,2,100,0.0,0,0.3,0.0,0.5,1.0,0.7,1.0,1.0,0.25,1.0,0.25
hete_0.5,1.0169580926334196,0.08552613107209892,1.0,0.9872426018057497,0.34744341238374965,62,128,400,5,2,100,0.0,0,0.3,0.0,0.5,1.0,0.7,1.0,1.0,0.25,1.0,0.25
hete_0.5,0.9391534076146579,0.06283787755747391,1.0,1.022128690730428,-1.3204660364264786,63,129,400,5,2,100,0.0,0,0.3,0.0,0.5,1.0,0.7,1.0,1.0,0.25,1.0,0.25
hete_0.5,1.0610273637595258,0.08067208577040008,1.0,0.9923263417081949,0.851608352446224,64,130,400,5,2,100,0.0,0,0.3,0.0,0.5,1.0,0.7,1.0,1.0,0.25,1.0,0.25
hete_0.5,1.0318012630706461,0.06463143058182136,1.0,1.0099722047705009,0.3377467913619884,65,131,400,5,2,100,0.0,0,0.3,0.0,0.5,1.0,0.7,1.0,1.0,0.25,1.0,0.25
hete_0.5,1.1004470014813401,0.06719293770077603,1.0,1.06195252757892,0.572894640711261,66,132,400,5,2,100,0.0,0,0.3,0.0,0.5,1.0,0.7,1.0,1.0,0.25,1.0,0.25
hete_0.5,1.0447607206420069,0.06526771336585904,1.0,0.9948781484336076,0.7642763877567134,67,133,400,5,2,100,0.0,0,0.3,0.0,0.5,1.0,0.7,1.0,1.0,0.25,1.0,0.25
hete_0.5,0.9387422272197687,0.06877159003940737,1.0,0.9770161841741499,-0.5565373278769549,68,134,400,5,2,100,0.0,0,0.3,0.0,0.5,1.0,0.7,1.0,1.0,0.25,1.0,0.25
hete_0.5,1.0575706029183505,0.0743359115317215,1.0,1.0442740476540684,0.1788712210599317,69,135,400,5,2,100,0.0,0,0.3,0.0,0.5,1.0,0.7,1.0,1.0,0.25,1.0,0.25
hete_0.5,0.9342533309310589,0.05806106295778911,1.0,0.9835987310523149,-0.8498879904615338,70,136,400,5,2,100,0.0,0,0.3,0.0,0.5,1.0,0.7,1.0,1.0,0.25,1.0,0.25
hete_0.5,1.0523926299629935,0.07457364329571035,1.0,1.0264406245462487,0.3480050627784954,71,137,400,5,2,100,0.0,0,0.3,0.0,0.5,1.0,0.7,1.0,1.0,0.25,1.0,0.25
hete_0.5,1.0475849255429246,0.0773489958760467,1.0,1.0485396404957852,-0.012342952123005463,72,138,400,5,2,100,0.0,0,0.3,0.0,0.5,1.0,0.7,1.0,1.0,0.25,1.0,0.25
hete_0.5,0.9626124577420277,0.06467787601393929,1.0,1.0113821772843117,-0.7540402151080711,73,139,400,5,2,100,0.0,0,0.3,0.0,0.5,1.0,0.7,1.0,1.0,0.25,1.0,0.25
hete_0.5,0.8681675523386482,0.06565994742820568,1.0,0.9411001983367205,-1.1107630885300182,74,140,400,5,2,100,0.0,0,0.3,0.0,0.5,1.0,0.7,1.0,1.0,0.25,1.0,0.25
hete_0.5,1.0249077666062718,0.07595791485097601,1.0,1.0511120920382744,-0.34498479168910284,75,141,400,5,2,100,0.0,0,0.3,0.0,0.5,1.0,0.7,1.0,1.0,0.25,1.0,0.25
hete_0.5,0.8386860264468836,0.061477403331790956,1.0,0.9323247377985296,-1.523140312974539,76,142,400,5,2,100,0.0,0,0.3,0.0,0.5,1.0,0.7,1.0,1.0,0.25,1.0,0.25
hete_0.5,0.9511361430280334,0.08102982860052316,1.0,1.0131781305419065,-0.7656685023948399,77,143,400,5,2,100,0.0,0,0.3,0.0,0.5,1.0,0.7,1.0,1.0,0.25,1.0,0.25
hete_0.5,0.8738033644392487,0.07096710818218126,1.0,1.0218632125542024,-2.0863164909420573,78,144,400,5,2,100,0.0,0,0.3,0.0,0.5,1.0,0.7,1.0,1.0,0.25,1.0,0.25
hete_0.5,0.9880185126891043,0.06656382630002283,1.0,1.0190036275302221,-0.46549479745137695,79,145,400,5,2,100,0.0,0,0.3,0.0,0.5,1.0,0.7,1.0,1.0,0.25,1.0,0.25
hete_0.5,1.0761294723463313,0.06451667148277829,1.0,1.0348981474082444,0.6390801631651588,80,146,400,5,2,100,0.0,0,0.3,0.0,0.5,1.0,0.7,1.0,1.0,0.25,1.0,0.25
hete_0.5,0.8552864191449329,0.06929308736878843,1.0,0.9520401602725026,-1.3962971603881855,81,147,400,5,2,100,0.0,0,0.3,0.0,0.5,1.0,0.7,1.0,1.0,0.25,1.0,0.25
hete_0.5,1.0283779951130805,0.06913998350393434,1.0,1.036699146558483,-0.12035223359474706,82,148,400,5,2,100,0.0,0,0.3,0.0,0.5,1.0,0.7,1.0,1.0,0.25,1.0,0.25
hete_0.5,0.9822290163843047,0.06703358313017121,1.0,0.9936694934808856,-0.17066784382336947,83,149,400,5,2,100,0.0,0,0.3,0.0,0.5,1.0,0.7,1.0,1.0,0.25,1.0,0.25
hete_0.5,0.9281556539673688,0.05930691904733292,1.0,0.9803527687940508,-0.8801184695671581,84,150,400,5,2,100,0.0,0,0.3,0.0,0.5,1.0,0.7,1.0,1.0,0.25,1.0,0.25
hete_0.5,0.9261651123279957,0.06569835256020165,1.0,0.9696282629486521,-0.6615561719120681,85,151,400,5,2,100,0.0,0,0.3,0.0,0.5,1.0,0.7,1.0,1.0,0.25,1.0,0.25
hete_0.5,1.0908191941891396,0.06896868786675299,1.0,1.0132335372390018,1.124940307694889,86,152,400,5,2,100,0.0,0,0.3,0.0,0.5,1.0,0.7,1.0,1.0,0.25,1.0,0.25
hete_0.5,0.856362784198464,0.06792254217152227,1.0,0.9735782059724479,-1.7257219477737475,87,153,400,5,2,100,0.0,0,0.3,0.0,0.5,1.0,0.7,1.0,1.0,0.25,1.0,0.25
hete_0.5,0.9091137008043292,0.06588861268780882,1.0,1.009653540190259,-1.5259061510720275,88,154,400,5,2,100,0.0,0,0.3,0.0,0.5,1.0,0.7,1.0,1.0,0.25,1.0,0.25
hete_0.5,1.1065638734103154,0.07155418230530065,1.0,1.0290357353922306,1.0834885609801956,89,155,400,5,2,100,0.0,0,0.3,0.0,0.5,1.0,0.7,1.0,1.0,0.25,1.0,0.25
hete_0.5,1.0149585800813334,0.06536203264685234,1.0,1.0217570324679925,-0.10401225468906068,90,156,400,5,2,100,0.0,0,0.3,0.0,0.5,1.0,0.7,1.0,1.0,0.25,1.0,0.25
hete_0.5,0.9230626119222762,0.060299492266870064,1.0,1.009354493606218,-1.4310548636468787,91,157,400,5,2,100,0.0,0,0.3,0.0,0.5,1.0,0.7,1.0,1.0,0.25,1.0,0.25
hete_0.5,1.0113294267405817,0.06371985564610312,1.0,1.0008227735944553,0.1648882132514525,92,158,400,5,2,100,0.0,0,0.3,0.0,0.5,1.0,0.7,1.0,1.0,0.25,1.0,0.25
hete_0.5,1.1224769080254926,0.08154898337839787,1.0,1.0147508264919094,1.3209984609338439,93,159,400,5,2,100,0.0,0,0.3,0.0,0.5,1.0,0.7,1.0,1.0,0.25,1.0,0.25
hete_0.5,0.9093726263682689,0.06920040706589062,1.0,0.9922027596091888,-1.1969602023012882,94,160,400,5,2,100,0.0,0,0.3,0.0,0.5,1.0,0.7,1.0,1.0,0.25,1.0,0.25
hete_0.5,0.9588730718737444,0.07483229955540902,1.0,0.9769096330684889,-0.24102641909847322,95,161,400,5,2,100,0.0,0,0.3,0.0,0.5,1.0,0.7,1.0,1.0,0.25,1.0,0.25
hete_0.5,0.8833526317534429,0.06573731850368693,1.0,1.0227672185415446,-2.120782988437268,96,162,400,5,2,100,0.0,0,0.3,0.0,0.5,1.0,0.7,1.0,1.0,0.25,1.0,0.25
hete_0.5,0.8355815703236268,0.058863764882897934,1.0,0.9683933867936355,-2.256257593006855,97,163,400,5,2,100,0.0,0,0.3,0.0,0.5,1.0,0.7,1.0,1.0,0.25,1.0,0.25
hete_0.5,0.8598133523643409,0.06249210424555441,1.0,1.0437697464415272,-2.9436741856915902,98,164,400,5,2,100,0.0,0,0.3,0.0,0.5,1.0,0.7,1.0,1.0,0.25,1.0,0.25
hete_0.5,0.9847590602277021,0.06089016549104191,1.0,0.988663963885798,-0.06413028485971863,99,165,400,5,2,100,0.0,0,0.3,0.0,0.5,1.0,0.7,1.0,1.0,0.25,1.0,0.25
noise_0.5,0.959663576323447,0.026398857150932414,1.0,1.0,-1.5279609812627173,0,67,400,5,2,100,0.0,0,0.3,0.0,0.0,0.5,0.7,1.0,1.0,0.25,1.0,0.25
noise_0.5,0.9792642142053246,0.03172574039751401,1.0,1.0,-0.6535950157462745,1,68,400,5,2,100,0.0,0,0.3,0.0,0.0,0.5,0.7,1.0,1.0,0.25,1.0,0.25
noise_0.5,1.0050158670001759,0.02714882755391561,1.0,1.0,0.18475446095101958,2,69,400,5,2,100,0.0,0,0.3,0.0,0.0,0.5,0.7,1.0,1.0,0.25,1.0,0.25
noise_0.5,0.9915863872100555,0.028852975729631348,1.0,1.0,-0.2916029482984616,3,70,400,5,2,100,0.0,0,0.3,0.0,0.0,0.5,0.7,1.0,1.0,0.25,1.0,0.25
noise_0.5,1.0453522339394847,0.022173218297014755,1.0,1.0,2.0453609093629246,4,71,400,5,2,100,0.0,0,0.3,0.0,0.0,0.5,0.7,1.0,1.0,0.25,1.0,0.25
noise_0.5,0.9821790267268949,0.026716814508718562,1.0,1.0,-0.6670321144494789,5,72,400,5,2,100,0.0,0,0.3,0.0,0.0,0.5,0.7,1.0,1.0,0.25,1.0,0.25
noise_0.5,0.9446040692180341,0.026146560977750553,1.0,1.0,-2.118669863662191,6,73,400,5,2,100,0.0,0,0.3,0.0,0.0,0.5,0.7,1.0,1.0,0.25,1.0,0.25
noise_0.5,0.9914446004815654,0.02739135051504643,1.0,1.0,-0.31233945598027574,7,74,400,5,2,100,0.0,0,0.3,0.0,0.0,0.5,0.7,1.0,1.0,0.25,1.0,0.25
noise_0.5,1.0135343054361956,0.026056954228905454,1.0,1.0,0.5194124116463985,8,75,400,5,2,100,0.0,0,0.3,0.0,0.0,0.5,0.7,1.0,1.0,0.25,1.0,0.25
noise_0.5,1.025235916415143,0.028024068501295303,1.0,1.0,0.9005086614734962,9,76,400,5,2,100,0.0,0,0.3,0.0,0.0,0.5,0.7,1.0,1.0,0.25,1.0,0.25
noise_0.5,0.9912650443570785,0.02491906026750879,1.0,1.0,-0.3505331079563513,10,77,400,5,2,100,0.0,0,0.3,0.0,0.0,0.5,0.7,1.0,1.0,0.25,1.0,0.25
noise_0.5,1.0093217441083617,0.02692539566683363,1.0,1.0,0.3462063927938536,11,78,400,5,2,100,0.0,0,0.3,0.0,0.0,0.5,0.7,1.0,1.0,0.25,1.0,0.25
noise_0.5,0.9536322293484846,0.0247384264677146,1.0,1.0,-1.874321744433853,12,79,400,5,2,100,0.0,0,0.3,0.0,0.0,0.5,0.7,1.0,1.0,0.25,1.0,0.25
noise_0.5,0.9531064239521517,0.02357406796124113,1.0,1.0,-1.989201699297189,13,80,400,5,2,100,0.0,0,0.3,0.0,0.0,0.5,0.7,1.0,1.0,0.25,1.0,0.25
noise_0.5,1.0250756515057335,0.029390725454841324,1.0,1.0,0.8531824620750561,14,81,400,5,2,100,0.0,0,0.3,0.0,0.0,0.5,0.7,1.0,1.0,0.25,1.0,0.25
noise_0.5,0.959615718177405,0.02492974856120062,1.0,1.0,-1.6199233507491944,15,82,400,5,2,100,0.0,0,0.3,0.0,0.0,0.5,0.7,1.0,1.0,0.25,1.0,0.25
noise_0.5,1.0040017253905336,0.02755800952874285,1.0,1.0,0.14521097346888512,16,83,400,5,2,100,0.0,0,0.3,0.0,0.0,0.5,0.7,1.0,1.0,0.25,1.0,0.25
noise_0.5,0.9448259472395362,0.025809539064938204,1.0,1.0,-2.137738788036583,17,84,400,5,2,100,0.0,0,0.3,0.0,0.0,0.5,0.7,1.0,1.0,0.25,1.0,0.25
noise_0.5,0.9765921461309583,0.024208845206653357,1.0,1.0,-0.9669132777390155,18,85,400,5,2,100,0.0,0,0.3,0.0,0.0,0.5,0.7,1.0,1.0,0.25,1.0,0.25
noise_0.5,1.037716391688498,0.03042075573636424,1.0,1.0,1.2398242836358162,19,86,400,5,2,100,0.0,0,0.3,0.0,0.0,0.5,0.7,1.0,1.0,0.25,1.0,0.25
noise_0.5,1.0136083212082931,0.030824316728484753,1.0,1.0,0.4414800603095831,20,87,400,5,2,100,0.0,0,0.3,0.0,0.0,0.5,0.7,1.0,1.0,0.25,1.0,0.25
noise_0.5,1.0087200781746832,0.026730900239702152,1.0,1.0,0.3262171530508991,21,88,400,5,2,100,0.0,0,0.3,0.0,0.0,0.5,0.7,1.0,1.0,0.25,1.0,0.25
noise_0.5,0.9540817217690333,0.027194752687748125,1.0,1.0,-1.6884977318309642,22,89,400,5,2,100,0.0,0,0.3,0.0,0.0,0.5,0.7,1.0,1.0,0.25,1.0,0.25
noise_0.5,1.0026134138111986,0.026567337890898383,1.0,1.0,0.09836942722416829,23,90,400,5,2,100,0.0,0,0.3,0.0,0.0,0.5,0.7,1.0,1.0,0.25,1.0,0.25
noise_0.5,1.0375285191512715,0.025819024947230956,1.0,1.0,1.4535219369427195,24,91,400,5,2,100,0.0,0,0.3,0.0,0.0,0.5,0.7,1.0,1.0,0.25,1.0,0.25
noise_0.5,0.964645511085746,0.027221449714413332,1.0,1.0,-1.2987731838372414,25,92,400,5,2,100,0.0,0,0.3,0.0,0.0,0.5,0.7,1.0,1.0,0.25,1.0,0.25
noise_0.5,1.0338128149564727,0.025983579920322818,1.0,1.0,1.3013147172236386,26,93,400,5,2,100,0.0,0,0.3,0.0,0.0,0.5,0.7,1.0,1.0,0.25,1.0,0.25
noise_0.5,1.037464927213809,0.026000159004292558,1.0,1.0,1.4409499267917418,27,94,400,5,2,100,0.0,0,0.3,0.0,0.0,0.5,0.7,1.0,1.0,0.25,1.0,0.25
noise_0.5,1.0112020083256785,0.028012457295545582,1.0,1.0,0.39989381179564776,28,95,400,5,2,100,0.0,0,0.3,0.0,0.0,0.5,0.7,1.0,1.0,0.25,1.0,0.25
noise_0.5,1.049207679619694,0.023868023676279663,1.0,1.0,2.0616570641580716,29,96,400,5,2,100,0.0,0,0.3,0.0,0.0,0.5,0.7,1.0,1.0,0.25,1.0,0.25
noise_0.5,0.9880212834409648,0.025926396433811838,1.0,1.0,-0.4620278251787102,30,97,400,5,2,100,0.0,0,0.3,0.0,0.0,0.5,0.7,1.0,1.0,0.25,1.0,0.25
noise_0.5,1.0114607081791929,0.025372541231763752,1.0,1.0,0.4516972925378585,31,98,400,5,2,100,0.0,0,0.3,0.0,0.0,0.5,0.7,1.0,1.0,0.25,1.0,0.25
noise_0.5,0.9765496354318411,0.024806365838621138,1.0,1.0,-0.9453365608133086,32,99,400,5,2,100,0.0,0,0.3,0.0,0.0,0.5,0.7,1.0,1.0,0.25,1.0,0.25
noise_0.5,1.03497246032419,0.027274563033034514,1.0,1.0,1.2822372362788002,33,100,400,5,2,100,0.0,0,0.3,0.0,0.0,0.5,0.7,1.0,1.0,0.25,1.0,0.25
noise_0.5,1.0066808319629135,0.029230355165893566,1.0,1.0,0.228558015289146,34,101,400,5,2,100,0.0,0,0.3,0.0,0.0,0.5,0.7,1.0,1.0,0.25,1.0,0.25
noise_0.5,1.049308249873297,0.026133152687645815,1.0,1.0,1.8868083182557247,35,102,400,5,2,100,0.0,0,0.3,0.0,0.0,0.5,0.7,1.0,1.0,0.25,1.0,0.25
noise_0.5,0.9815545908433101,0.02482417820217132,1.0,1.0,-0.7430420860851106,36,103,400,5,2,100,0.0,0,0.3,0.0,0.0,0.5,0.7,1.0,1.0,0.25,1.0,0.25
noise_0.5,1.0168322625139325,0.027444760738061826,1.0,1.0,0.6133142378096483,37,104,400,5,2,100,0.0,0,0.3,0.0,0.0,0.5,0.7,1.0,1.0,0.25,1.0,0.25
noise_0.5,0.9899263051575402,0.02617167786268832,1.0,1.0,-0.38490825446164323,38,105,400,5,2,100,0.0,0,0.3,0.0,0.0,0.5,0.7,1.0,1.0,0.25,1.0,0.25
noise_0.5,1.0055208650965883,0.02893443767176512,1.0,1.0,0.19080602703316815,39,106,400,5,2,100,0.0,0,0.3,0.0,0.0,0.5,0.7,1.0,1.0,0.25,1.0,0.25
noise_0.5,1.005642987744082,0.027881294687024452,1.0,1.0,0.2023933180803175,40,107,400,5,2,100,0.0,0,0.3,0.0,0.0,0.5,0.7,1.0,1.0,0.25,1.0,0.25
noise_0.5,0.9648475251009057,0.026556929041005494,1.0,1.0,-1.3236649028514107,41,108,400,5,2,100,0.0,0,0.3,0.0,0.0,0.5,0.7,1.0,1.0,0.25,1.0,0.25
noise_0.5,1.0305570176286185,0.025405441458918175,1.0,1.0,1.2027745189167716,42,109,400,5,2,100,0.0,0,0.3,0.0,0.0,0.5,0.7,1.0,1.0,0.25,1.0,0.25
noise_0.5,1.0012711787239432,0.02776529822609892,1.0,1.0,0.045783002710496214,43,110,400,5,2,100,0.0,0,0.3,0.0,0.0,0.5,0.7,1.0,1.0,0.25,1.0,0.25
noise_0.5,1.0385480129038618,0.029084998783284053,1.0,1.0,1.3253572121865236,44,111,400,5,2,100,0.0,0,0.3,0.0,0.0,0.5,0.7,1.0,1.0,0.25,1.0,0.25
noise_0.5,0.9882836650688237,0.023617934859772798,1.0,1.0,-0.4960778747481484,45,112,400,5,2,100,0.0,0,0.3,0.0,0.0,0.5,0.7,1.0,1.0,0.25,1.0,0.25
noise_0.5,0.9619418296622253,0.025886046385295288,1.0,1.0,-1.4702195063435355,46,113,400,5,2,100,0.0,0,0.3,0.0,0.0,0.5,0.7,1.0,1.0,0.25,1.0,0.25
noise_0.5,1.0061209786680276,0.024505326232743038,1.0,1.0,0.24978156217520683,47,114,400,5,2,100,0.0,0,0.3,0.0,0.0,0.5,0.7,1.0,1.0,0.25,1.0,0.25
noise_0.5,1.0314979106929065,0.026667351816737482,1.0,1.0,1.1811413037696978,48,115,400,5,2,100,0.0,0,0.3,0.0,0.0,0.5,0.7,1.0,1.0,0.25,1.0,0.25
noise_0.5,1.004141592421724,0.02689495048778427,1.0,1.0,0.1539914499416978,49,116,400,5,2,100,0.0,0,0.3,0.0,0.0,0.5,0.7,1.0,1.0,0.25,1.0,0.25
noise_0.5,0.971286407759577,0.02712808532928787,1.0,1.0,-1.0584452198483547,50,117,400,5,2,100,0.0,0,0.3,0.0,0.0,0.5,0.7,1.0,1.0,0.25,1.0,0.25
noise_0.5,0.9707859743419754,0.024848550205580463,1.0,1.0,-1.175683306121566,51,118,400,5,2,100,0.0,0,0.3,0.0,0.0,0.5,0.7,1.0,1.0,0.25,1.0,0.25
noise_0.5,0.9933721234013471,0.023555949485386054,1.0,1.0,-0.2813674143241318,52,119,400,5,2,100,0.0,0,0.3,0.0,0.0,0.5,0.7,1.0,1.0,0.25,1.0,0.25
noise_0.5,1.0091349162903744,0.026516181208713466,1.0,1.0,0.3445034644495724,53,120,400,5,2,100,0.0,0,0.3,0.0,0.0,0.5,0.7,1.0,1.0,0.25,1.0,0.25
noise_0.5,0.997605800038526,0.028419530640996726,1.0,1.0,-0.08424488045626934,54,121,400,5,2,100,0.0,0,0.3,0.0,0.0,0.5,0.7,1.0,1.0,0.25,1.0,0.25
noise_0.5,0.9806567365173404,0.028434357587374875,1.0,1.0,-0.6802778442671119,55,122,400,5,2,100,0.0,0,0.3,0.0,0.0,0.5,0.7,1.0,1.0,0.25,1.0,0.25
noise_0.5,1.0270572767625796,0.02678316949979839,1.0,1.0,1.0102343101246214,56,123,400,5,2,100,0.0,0,0.3,0.0,0.0,0.5,0.7,1.0,1.0,0.25,1.0,0.25
noise_0.5,1.0298276249238802,0.02894600680053518,1.0,1.0,1.030457331452322,57,124,400,5,2,100,0.0,0,0.3,0.0,0.0,0.5,0.7,1.0,1.0,0.25,1.0,0.25
noise_0.5,0.9724282210048978,0.027412337819854304,1.0,1.0,-1.0058164019535916,58,125,400,5,2,100,0.0,0,0.3,0.0,0.0,0.5,0.7,1.0,1.0,0.25,1.0,0.25
noise_0.5,0.9639752365304232,0.03081908853786141,1.0,1.0,-1.168910736127716,59,126,400,5,2,100,0.0,0,0.3,0.0,0.0,0.5,0.7,1.0,1.0,0.25,1.0,0.25
noise_0.5,0.9862395822206881,0.026783420405931842,1.0,1.0,-0.5137662617678337,60,127,400,5,2,100,0.0,0,0.3,0.0,0.0,0.5,0.7,1.0,1.0,0.25,1.0,0.25
noise_0.5,1.0352092148257626,0.028726928603517898,1.0,1.0,1.2256519070211649,61,128,400,5,2,100,0.0,0,0.3,0.0,0.0,0.5,0.7,1.0,1.0,0.25,1.0,0.25
noise_0.5,0.9918740288901247,0.024127637563016873,1.0,1.0,-0.3367909969905601,62,129,400,5,2,100,0.0,0,0.3,0.0,0.0,0.5,0.7,1.0,1.0,0.25,1.0,0.25
noise_0.5,1.020403025530217,0.026019602999400326,1.0,1.0,0.7841405393728424,63,130,400,5,2,100,0.0,0,0.3,0.0,0.0,0.5,0.7,1.0,1.0,0.25,1.0,0.25
noise_0.5,0.9828711810406966,0.027033507069743057,1.0,1.0,-0.6336143851078293,64,131,400,5,2,100,0.0,0,0.3,0.0,0.0,0.5,0.7,1.0,1.0,0.25,1.0,0.25
noise_0.5,1.0026027245217817,0.028658955778342526,1.0,1.0,0.09081714427810884,65,132,400,5,2,100,0.0,0,0.3,0.0,0.0,0.5,0.7,1.0,1.0,0.25,1.0,0.25
noise_0.5,1.0121994444506488,0.025294542498905972,1.0,1.0,0.48229551695494965,66,133,400,5,2,100,0.0,0,0.3,0.0,0.0,0.5,0.7,1.0,1.0,0.25,1.0,0.25
noise_0.5,0.9915502429860185,0.027348698321184323,1.0,1.0,-0.30896377278169584,67,134,400,5,2,100,0.0,0,0.3,0.0,0.0,0.5,0.7,1.0,1.0,0.25,1.0,0.25
noise_0.5,0.9989705222473217,0.02941137746203277,1.0,1.0,-0.03500270444684917,68,135,400,5,2,100,0.0,0,0.3,0.0,0.0,0.5,0.7,1.0,1.0,0.25,1.0,0.25
noise_0.5,0.9748530006534618,0.025381993354815977,1.0,1.0,-0.990741703971284,69,136,400,5,2,100,0.0,0,0.3,0.0,0.0,0.5,0.7,1.0,1.0,0.25,1.0,0.25
noise_0.5,0.9834034504503874,0.026096004355505412,1.0,1.0,-0.6359804866491492,70,137,400,5,2,100,0.0,0,0.3,0.0,0.0,0.5,0.7,1.0,1.0,0.25,1.0,0.25
noise_0.5,1.0124870726128101,0.025223977554640137,1.0,1.0,0.49504772138972325,71,138,400,5,2,100,0.0,0,0.3,0.0,0.0,0.5,0.7,1.0,1.0,0.25,1.0,0.25
noise_0.5,0.9472054178640027,0.025933595506178644,1.0,1.0,-2.0357602216560777,72,139,400,5,2,100,0.0,0,0.3,0.0,0.0,0.5,0.7,1.0,1.0,0.25,1.0,0.25
noise_0.5,0.9902366553024433,0.024285991880496186,1.0,1.0,-0.4020154805947012,73,140,400,5,2,100,0.0,0,0.3,0.0,0.0,0.5,0.7,1.0,1.0,0.25,1.0,0.25
noise_0.5,1.0004263572452272,0.024718357463448856,1.0,1.0,0.017248607471498544,74,141,400,5,2,100,0.0,0,0.3,0.0,0.0,0.5,0.7,1.0,1.0,0.25,1.0,0.25
noise_0.5,0.9894523235463649,0.024974230577707722,1.0,1.0,-0.42234239893060227,75,142,400,5,2,100,0.0,0,0.3,0.0,0.0,0.5,0.7,1.0,1.0,0.25,1.0,0.25
noise_0.5,0.9982292530638884,0.028868821584004663,1.0,1.0,-0.06133769371080543,76,143,400,5,2,100,0.0,0,0.3,0.0,0.0,0.5,0.7,1.0,1.0,0.25,1.0,0.25
noise_0.5,0.9822488587610264,0.029759953490875717,1.0,1.0,-0.5964774523056973,77,144,400,5,2,100,0.0,0,0.3,0.0,0.0,0.5,0.7,1.0,1.0,0.25,1.0,0.25
noise_0.5,0.9731993078289867,0.028758281200448457,1.0,1.0,-0.9319295539329868,78,145,400,5,2,100,0.0,0,0.3,0.0,0.0,0.5,0.7,1.0,1.0,0.25,1.0,0.25
noise_0.5,1.0117390167577285,0.02679091567703794,1.0,1.0,0.4381715391605597,79,146,400,5,2,100,0.0,0,0.3,0.0,0.0,0.5,0.7,1.0,1.0,0.25,1.0,0.25
noise_0.5,0.9650078779395875,0.026886933648496557,1.0,1.0,-1.3014545473231802,80,147,400,5,2,100,0.0,0,0.3,0.0,0.0,0.5,0.7,1.0,1.0,0.25,1.0,0.25
noise_0.5,0.9974530883887929,0.023948747175355767,1.0,1.0,-0.10634842785546632,81,148,400,5,2,100,0.0,0,0.3,0.0,0.0,0.5,0.7,1.0,1.0,0.25,1.0,0.25
noise_0.5,0.9865078818774665,0.025215237392554737,1.0,1.0,-0.5350779733891095,82,149,400,5,2,100,0.0,0,0.3,0.0,0.0,0.5,0.7,1.0,1.0,0.25,1.0,0.25
noise_0.5,0.9612268445045581,0.025776958057448087,1.0,1.0,-1.5041788642798624,83,150,400,5,2,100,0.0,0,0.3,0.0,0.0,0.5,0.7,1.0,1.0,0.25,1.0,0.25
noise_0.5,0.9877093709435775,0.023236445490819182,1.0,1.0,-0.5289375718536043,84,151,400,5,2,100,0.0,0,0.3,0.0,0.0,0.5,0.7,1.0,1.0,0.25,1.0,0.25
noise_0.5,1.0232338499349682,0.026139273711695225,1.0,1.0,0.8888483356969846,85,152,400,5,2,100,0.0,0,0.3,0.0,0.0,0.5,0.7,1.0,1.0,0.25,1.0,0.25
noise_0.5,0.9988945982473368,0.026489383055010394,1.0,1.0,-0.04172999236590662,86,153,400,5,2,100,0.0,0,0.3,0.0,0.0,0.5,0.7,1.0,1.0,0.25,1.0,0.25
noise_0.5,0.9145954054001825,0.02689264543978106,1.0,1.0,-3.175760257244251,87,154,400,5,2,100,0.0,0,0.3,0.0,0.0,0.5,0.7,1.0,1.0,0.25,1.0,0.25
noise_0.5,1.0201079696823472,0.02568623149277647,1.0,1.0,0.7828306650589045,88,155,400,5,2,100,0.0,0,0.3,0.0,0.0,0.5,0.7,1.0,1.0,0.25,1.0,0.25
noise_0.5,0.9704821414153507,0.02644832216637357,1.0,1.0,-1.1160578882458685,89,156,400,5,2,100,0.0,0,0.3,0.0,0.0,0.5,0.7,1.0,1.0,0.25,1.0,0.25
noise_0.5,0.9653045499752115,0.027560540237132978,1.0,1.0,-1.2588813472546685,90,157,400,5,2,100,0.0,0,0.3,0.0,0.0,0.5,0.7,1.0,1.0,0.25,1.0,0.25
noise_0.5,0.9651074479443353,0.029169499602181487,1.0,1.0,-1.1961998845209936,91,158,400,5,2,100,0.0,0,0.3,0.0,0.0,0.5,0.7,1.0,1.0,0.25,1.0,0.25
noise_0.5,1.0222953093743514,0.027814711527183927,1.0,1.0,0.8015653641621172,92,159,400,5,2,100,0.0,0,0.3,0.0,0.0,0.5,0.7,1.0,1.0,0.25,1.0,0.25
noise_0.5,0.9920950147240716,0.02458181692988439,1.0,1.0,-0.3215785594073904,93,160,400,5,2,100,0.0,0,0.3,0.0,0.0,0.5,0.7,1.0,1.0,0.25,1.0,0.25
noise_0.5,0.9580864725483947,0.027091166886899203,1.0,1.0,-1.5471289083481259,94,161,400,5,2,100,0.0,0,0.3,0.0,0.0,0.5,0.7,1.0,1.0,0.25,1.0,0.25
noise_0.5,0.9342952554224303,0.029762013137239158,1.0,1.0,-2.2076713787669786,95,162,400,5,2,100,0.0,0,0.3,0.0,0.0,0.5,0.7,1.0,1.0,0.25,1.0,0.25
noise_0.5,0.9891181752102073,0.023728424445291173,1.0,1.0,-0.45859870784434564,96,163,400,5,2,100,0.0,0,0.3,0.0,0.0,0.5,0.7,1.0,1.0,0.25,1.0,0.25
noise_0.5,0.922074031196075,0.025316733139743416,1.0,1.0,-3.078042035431226,97,164,400,5,2,100,0.0,0,0.3,0.0,0.0,0.5,0.7,1.0,1.0,0.25,1.0,0.25
noise_0.5,0.9594607072850365,0.025742549566242882,1.0,1.0,-1.5747971120981774,98,165,400,5,2,100,0.0,0,0.3,0.0,0.0,0.5,0.7,1.0,1.0,0.25,1.0,0.25
noise_0.5,1.0000431931036124,0.02461501077426147,1.0,1.0,0.0017547464841093418,99,166,400,5,2,100,0.0,0,0.3,0.0,0.0,0.5,0.7,1.0,1.0,0.25,1.0,0.25
noise_1.0,0.9390560793982099,0.0598320653263703,1.0,1.0,-1.0185829332374685,0,68,400,5,2,100,0.0,0,0.3,0.0,0.0,1.0,0.7,1.0,1.0,0.25,1.0,0.25
noise_1.0,1.000386484897874,0.05183575657401236,1.0,1.0,0.007455951710133536,1,69,400,5,2,100,0.0,0,0.3,0.0,0.0,1.0,0.7,1.0,1.0,0.25,1.0,0.25
noise_1.0,0.9865839491052626,0.05470647125709169,1.0,1.0,-0.24523700005597168,2,70,400,5,2,100,0.0,0,0.3,0.0,0.0,1.0,0.7,1.0,1.0,0.25,1.0,0.25
noise_1.0,1.1012210643102067,0.04267703366494649,1.0,1.0,2.3717924049005865,3,71,400,5,2,100,0.0,0,0.3,0.0,0.0,1.0,0.7,1.0,1.0,0.25,1.0,0.25
noise_1.0,0.953514155519126,0.049491028925187905,1.0,1.0,-0.9392781983002086,4,72,400,5,2,100,0.0,0,0.3,0.0,0.0,1.0,0.7,1.0,1.0,0.25,1.0,0.25
noise_1.0,0.9004646029747968,0.049855606941377216,1.0,1.0,-1.9964734787451697,5,73,400,5,2,100,0.0,0,0.3,0.0,0.0,1.0,0.7,1.0,1.0,0.25,1.0,0.25
noise_1.0,0.9691233384591987,0.05122341057709428,1.0,1.0,-0.6027841799860252,6,74,400,5,2,100,0.0,0,0.3,0.0,0.0,1.0,0.7,1.0,1.0,0.25,1.0,0.25
noise_1.0,1.0231961546750952,0.04989360685365243,1.0,1.0,0.46491236328401686,7,75,400,5,2,100,0.0,0,0.3,0.0,0.0,1.0,0.7,1.0,1.0,0.25,1.0,0.25
noise_1.0,1.0589775983718028,0.054965919918935034,1.0,1.0,1.0729848323976805,8,76,400,5,2,100,0.0,0,0.3,0.0,0.0,1.0,0.7,1.0,1.0,0.25,1.0,0.25
noise_1.0,0.9797221295845248,0.04690135829716455,1.0,1.0,-0.4323514531710514,9,77,400,5,2,100,0.0,0,0.3,0.0,0.0,1.0,0.7,1.0,1.0,0.25,1.0,0.25
noise_1.0,1.0332604816934392,0.053457436006268344,1.0,1.0,0.6221862509368973,10,78,400,5,2,100,0.0,0,0.3,0.0,0.0,1.0,0.7,1.0,1.0,0.25,1.0,0.25
noise_1.0,0.9157469728891162,0.04785848198063228,1.0,1.0,-1.7604617535712879,11,79,400,5,2,100,0.0,0,0.3,0.0,0.0,1.0,0.7,1.0,1.0,0.25,1.0,0.25
noise_1.0,0.9062547490053843,0.046811583095538636,1.0,1.0,-2.002608004161903,12,80,400,5,2,100,0.0,0,0.3,0.0,0.0,1.0,0.7,1.0,1.0,0.25,1.0,0.25
noise_1.0,1.0484009891854567,0.05624911878736118,1.0,1.0,0.8604755101751399,13,81,400,5,2,100,0.0,0,0.3,0.0,0.0,1.0,0.7,1.0,1.0,0.25,1.0,0.25
noise_1.0,0.9181300095946103,0.048564792684913434,1.0,1.0,-1.685788940489443,14,82,400,5,2,100,0.0,0,0.3,0.0,0.0,1.0,0.7,1.0,1.0,0.25,1.0,0.25
noise_1.0,1.0187315507987846,0.05256766376590241,1.0,1.0,0.3563321908731029,15,83,400,5,2,100,0.0,0,0.3,0.0,0.0,1.0,0.7,1.0,1.0,0.25,1.0,0.25
noise_1.0,0.90333879045877,0.04770724161334442,1.0,1.0,-2.02613285263159,16,84,400,5,2,100,0.0,0,0.3,0.0,0.0,1.0,0.7,1.0,1.0,0.25,1.0,0.25
noise_1.0,0.9592987218629251,0.04683385544900985,1.0,1.0,-0.869056748517923,17,85,400,5,2,100,0.0,0,0.3,0.0,0.0,1.0,0.7,1.0,1.0,0.25,1.0,0.25
noise_1.0,1.064440698910295,0.058610193559965204,1.0,1.0,1.0994793737434858,18,86,400,5,2,100,0.0,0,0.3,0.0,0.0,1.0,0.7,1.0,1.0,0.25,1.0,0.25
noise_1.0,1.045738270553248,0.05740542498170238,1.0,1.0,0.7967586786061922,19,87,400,5,2,100,0.0,0,0.3,0.0,0.0,1.0,0.7,1.0,1.0,0.25,1.0,0.25
noise_1.0,1.0020303720063068,0.052710620784687974,1.0,1.0,0.038519220151105746,20,88,400,5,2,100,0.0,0,0.3,0.0,0.0,1.0,0.7,1.0,1.0,0.25,1.0,0.25
noise_1.0,0.921997915487589,0.051159982369014645,1.0,1.0,-1.52466988650984,21,89,400,5,2,100,0.0,0,0.3,0.0,0.0,1.0,0.7,1.0,1.0,0.25,1.0,0.25
noise_1.0,1.005475204941303,0.051671286751061515,1.0,1.0,0.10596223329372488,22,90,400,5,2,100,0.0,0,0.3,0.0,0.0,1.0,0.7,1.0,1.0,0.25,1.0,0.25
noise_1.0,1.0615745645123147,0.04975755100590648,1.0,1.0,1.2374918633958787,23,91,400,5,2,100,0.0,0,0.3,0.0,0.0,1.0,0.7,1.0,1.0,0.25,1.0,0.25
noise_1.0,0.9401944616865173,0.053052847291923104,1.0,1.0,-1.1272823489454376,24,92,400,5,2,100,0.0,0,0.3,0.0,0.0,1.0,0.7,1.0,1.0,0.25,1.0,0.25
noise_1.0,1.0772927065186781,0.0509584376584099,1.0,1.0,1.516779361188327,25,93,400,5,2,100,0.0,0,0.3,0.0,0.0,1.0,0.7,1.0,1.0,0.25,1.0,0.25
noise_1.0,1.0691127109391498,0.04815890047954123,1.0,1.0,1.4350973600094994,26,94,400,5,2,100,0.0,0,0.3,0.0,0.0,1.0,0.7,1.0,1.0,0.25,1.0,0.25
noise_1.0,1.0324143828060866,0.053994364661683114,1.0,1.0,0.6003289974646056,27,95,400,5,2,100,0.0,0,0.3,0.0,0.0,1.0,0.7,1.0,1.0,0.25,1.0,0.25
noise_1.0,1.0893250557792367,0.046385508077719274,1.0,1.0,1.9257104100179705,28,96,400,5,2,100,0.0,0,0.3,0.0,0.0,1.0,0.7,1.0,1.0,0.25,1.0,0.25
noise_1.0,0.9703457518379558,0.0496132629755819,1.0,1.0,-0.597708080128475,29,97,400,5,2,100,0.0,0,0.3,0.0,0.0,1.0,0.7,1.0,1.0,0.25,1.0,0.25
noise_1.0,1.0163231720265886,0.049097374103663,1.0,1.0,0.33246527588469943,30,98,400,5,2,100,0.0,0,0.3,0.0,0.0,1.0,0.7,1.0,1.0,0.25,1.0,0.25
noise_1.0,0.9363643761735256,0.046395888303814505,1.0,1.0,-1.371578951345188,31,99,400,5,2,100,0.0,0,0.3,0.0,0.0,1.0,0.7,1.0,1.0,0.25,1.0,0.25
noise_1.0,1.0639936509223462,0.05175583497023687,1.0,1.0,1.2364528745241365,32,100,400,5,2,100,0.0,0,0.3,0.0,0.0,1.0,0.7,1.0,1.0,0.25,1.0,0.25
noise_1.0,1.0114539696452787,0.05650618611827617,1.0,1.0,0.2027029327603839,33,101,400,5,2,100,0.0,0,0.3,0.0,0.0,1.0,0.7,1.0,1.0,0.25,1.0,0.25
noise_1.0,1.0609797346094187,0.04888170735665086,1.0,1.0,1.247496004272073,34,102,400,5,2,100,0.0,0,0.3,0.0,0.0,1.0,0.7,1.0,1.0,0.25,1.0,0.25
noise_1.0,0.9763112164021299,0.04874434819831304,1.0,1.0,-0.4859801079192584,35,103,400,5,2,100,0.0,0,0.3,0.0,0.0,1.0,0.7,1.0,1.0,0.25,1.0,0.25
noise_1.0,1.016767614813149,0.05153204068214172,1.0,1.0,0.32538231731544454,36,104,400,5,2,100,0.0,0,0.3,0.0,0.0,1.0,0.7,1.0,1.0,0.25,1.0,0.25
noise_1.0,0.9717696011804998,0.049793805082939055,1.0,1.0,-0.5669460040757723,37,105,400,5,2,100,0.0,0,0.3,0.0,0.0,1.0,0.7,1.0,1.0,0.25,1.0,0.25
noise_1.0,1.0083687393687197,0.0558079916264917,1.0,1.0,0.1499559314861126,38,106,400,5,2,100,0.0,0,0.3,0.0,0.0,1.0,0.7,1.0,1.0,0.25,1.0,0.25
noise_1.0,1.0272285908377465,0.05286814242130867,1.0,1.0,0.515028325012077,39,107,400,5,2,100,0.0,0,0.3,0.0,0.0,1.0,0.7,1.0,1.0,0.25,1.0,0.25
noise_1.0,0.9434502958864392,0.04927458242771043,1.0,1.0,-1.1476445121888852,40,108,400,5,2,100,0.0,0,0.3,0.0,0.0,1.0,0.7,1.0,1.0,0.25,1.0,0.25
noise_1.0,1.0410507274022724,0.04890752923873409,1.0,1.0,0.8393539408194195,41,109,400,5,2,100,0.0,0,0.3,0.0,0.0,1.0,0.7,1.0,1.0,0.25,1.0,0.25
noise_1.0,1.0134468761260733,0.05510879702025034,1.0,1.0,0.24400598186042985,42,110,400,5,2,100,0.0,0,0.3,0.0,0.0,1.0,0.7,1.0,1.0,0.25,1.0,0.25
noise_1.0,1.1095928520944986,0.05672799590323183,1.0,1.0,1.931900648869125,43,111,400,5,2,100,0.0,0,0.3,0.0,0.0,1.0,0.7,1.0,1.0,0.25,1.0,0.25
noise_1.0,0.9890981830364245,0.044824988817732454,1.0,1.0,-0.2432084703446222,44,112,400,5,2,100,0.0,0,0.3,0.0,0.0,1.0,0.7,1.0,1.0,0.25,1.0,0.25
noise_1.0,0.9197753212043862,0.04998245601184224,1.0,1.0,-1.60505675784732,45,113,400,5,2,100,0.0,0,0.3,0.0,0.0,1.0,0.7,1.0,1.0,0.25,1.0,0.25
noise_1.0,0.9915555570651634,0.04750429518950524,1.0,1.0,-0.1777616718898749,46,114,400,5,2,100,0.0,0,0.3,0.0,0.0,1.0,0.7,1.0,1.0,0.25,1.0,0.25
noise_1.0,1.0593766079316047,0.05120744708156921,1.0,1.0,1.1595307189796573,47,115,400,5,2,100,0.0,0,0.3,0.0,0.0,1.0,0.7,1.0,1.0,0.25,1.0,0.25
noise_1.0,1.0123840965576294,0.05102254419779646,1.0,1.0,0.24271813082508412,48,116,400,5,2,100,0.0,0,0.3,0.0,0.0,1.0,0.7,1.0,1.0,0.25,1.0,0.25
noise_1.0,0.939016950326666,0.0511000754247149,1.0,1.0,-1.1934042986527402,49,117,400,5,2,100,0.0,0,0.3,0.0,0.0,1.0,0.7,1.0,1.0,0.25,1.0,0.25
noise_1.0,0.9724815891144217,0.04740493051925636,1.0,1.0,-0.5804968087528367,50,118,400,5,2,100,0.0,0,0.3,0.0,0.0,1.0,0.7,1.0,1.0,0.25,1.0,0.25
noise_1.0,1.0020288094825278,0.044973285665689935,1.0,1.0,0.045111435655580574,51,119,400,5,2,100,0.0,0,0.3,0.0,0.0,1.0,0.7,1.0,1.0,0.25,1.0,0.25
noise_1.0,1.0242481558335672,0.049722819254880604,1.0,1.0,0.48766655223772537,52,120,400,5,2,100,0.0,0,0.3,0.0,0.0,1.0,0.7,1.0,1.0,0.25,1.0,0.25
noise_1.0,0.9917770582988742,0.05284194560087301,1.0,1.0,-0.15561390875414616,53,121,400,5,2,100,0.0,0,0.3,0.0,0.0,1.0,0.7,1.0,1.0,0.25,1.0,0.25
noise_1.0,0.955548007816712,0.0547890904473556,1.0,1.0,-0.8113292595357087,54,122,400,5,2,100,0.0,0,0.3,0.0,0.0,1.0,0.7,1.0,1.0,0.25,1.0,0.25
noise_1.0,1.0280585132039566,0.05136500438141772,1.0,1.0,0.5462573894787263,55,123,400,5,2,100,0.0,0,0.3,0.0,0.0,1.0,0.7,1.0,1.0,0.25,1.0,0.25
noise_1.0,1.0713621978008991,0.05602113080651446,1.0,1.0,1.2738442936357282,56,124,400,5,2,100,0.0,0,0.3,0.0,0.0,1.0,0.7,1.0,1.0,0.25,1.0,0.25
noise_1.0,0.9438416176543221,0.05367459888104423,1.0,1.0,-1.0462748398015673,57,125,400,5,2,100,0.0,0,0.3,0.0,0.0,1.0,0.7,1.0,1.0,0.25,1.0,0.25
noise_1.0,0.9390107650503955,0.05539989468484551,1.0,1.0,-1.100890810290438,58,126,400,5,2,100,0.0,0,0.3,0.0,0.0,1.0,0.7,1.0,1.0,0.25,1.0,0.25
noise_1.0,0.9685264204550186,0.05201727898702306,1.0,1.0,-0.6050600907600963,59,127,400,5,2,100,0.0,0,0.3,0.0,0.0,1.0,0.7,1.0,1.0,0.25,1.0,0.25
noise_1.0,1.0735151882774683,0.054527741167606676,1.0,1.0,1.3482162786002492,60,128,400,5,2,100,0.0,0,0.3,0.0,0.0,1.0,0.7,1.0,1.0,0.25,1.0,0.25
noise_1.0,0.9645963866627779,0.04707312211581816,1.0,1.0,-0.7520982621487363,61,129,400,5,2,100,0.0,0,0.3,0.0,0.0,1.0,0.7,1.0,1.0,0.25,1.0,0.25
noise_1.0,1.0537539148375377,0.050257278371702144,1.0,1.0,1.0695747278627872,62,130,400,5,2,100,0.0,0,0.3,0.0,0.0,1.0,0.7,1.0,1.0,0.25,1.0,0.25
noise_1.0,0.9775733160551595,0.054475016726948655,1.0,1.0,-0.41168750910628105,63,131,400,5,2,100,0.0,0,0.3,0.0,0.0,1.0,0.7,1.0,1.0,0.25,1.0,0.25
noise_1.0,0.9913879406058504,0.05429914446316558,1.0,1.0,-0.15860396106225275,64,132,400,5,2,100,0.0,0,0.3,0.0,0.0,1.0,0.7,1.0,1.0,0.25,1.0,0.25
noise_1.0,1.0224965078627157,0.04928192990733968,1.0,1.0,0.45648593521020514,65,133,400,5,2,100,0.0,0,0.3,0.0,0.0,1.0,0.7,1.0,1.0,0.25,1.0,0.25
noise_1.0,0.9682554795860743,0.051034770900848285,1.0,1.0,-0.6220174961811786,66,134,400,5,2,100,0.0,0,0.3,0.0,0.0,1.0,0.7,1.0,1.0,0.25,1.0,0.25
noise_1.0,0.9970119967310958,0.056898836917189194,1.0,1.0,-0.052514311905057065,67,135,400,5,2,100,0.0,0,0.3,0.0,0.0,1.0,0.7,1.0,1.0,0.25,1.0,0.25
noise_1.0,0.9740057110172937,0.04747225104742377,1.0,1.0,-0.5475680720667435,68,136,400,5,2,100,0.0,0,0.3,0.0,0.0,1.0,0.7,1.0,1.0,0.25,1.0,0.25
noise_1.0,0.9531238444869593,0.050621699175499996,1.0,1.0,-0.9260091280327454,69,137,400,5,2,100,0.0,0,0.3,0.0,0.0,1.0,0.7,1.0,1.0,0.25,1.0,0.25
noise_1.0,1.0296505455363683,0.04752254573442495,1.0,1.0,0.6239258667258147,70,138,400,5,2,100,0.0,0,0.3,0.0,0.0,1.0,0.7,1.0,1.0,0.25,1.0,0.25
noise_1.0,0.865915099996975,0.051606290262034095,1.0,1.0,-2.5982278385483766,71,139,400,5,2,100,0.0,0,0.3,0.0,0.0,1.0,0.7,1.0,1.0,0.25,1.0,0.25
noise_1.0,0.9645075891946855,0.04686744138541109,1.0,1.0,-0.7572935444340813,72,140,400,5,2,100,0.0,0,0.3,0.0,0.0,1.0,0.7,1.0,1.0,0.25,1.0,0.25
noise_1.0,0.9915086334943025,0.04904299289129559,1.0,1.0,-0.1731412788065097,73,141,400,5,2,100,0.0,0,0.3,0.0,0.0,1.0,0.7,1.0,1.0,0.25,1.0,0.25
noise_1.0,1.0048336804749505,0.05000826672044938,1.0,1.0,0.09665762866709968,74,142,400,5,2,100,0.0,0,0.3,0.0,0.0,1.0,0.7,1.0,1.0,0.25,1.0,0.25
noise_1.0,0.9809744199992173,0.055349016806162304,1.0,1.0,-0.3437383552342428,75,143,400,5,2,100,0.0,0,0.3,0.0,0.0,1.0,0.7,1.0,1.0,0.25,1.0,0.25
noise_1.0,0.9665485406052245,0.054954389206617306,1.0,1.0,-0.608713150627601,76,144,400,5,2,100,0.0,0,0.3,0.0,0.0,1.0,0.7,1.0,1.0,0.25,1.0,0.25
noise_1.0,0.9597224554529945,0.054761047441225605,1.0,1.0,-0.7355145021693552,77,145,400,5,2,100,0.0,0,0.3,0.0,0.0,1.0,0.7,1.0,1.0,0.25,1.0,0.25
noise_1.0,1.0075870528061546,0.051835773630981914,1.0,1.0,0.14636711820231882,78,146,400,5,2,100,0.0,0,0.3,0.0,0.0,1.0,0.7,1.0,1.0,0.25,1.0,0.25
noise_1.0,0.9567757955595769,0.04981320640531639,1.0,1.0,-0.867725801240731,79,147,400,5,2,100,0.0,0,0.3,0.0,0.0,1.0,0.7,1.0,1.0,0.25,1.0,0.25
noise_1.0,0.9867921174081105,0.0459487800788772,1.0,1.0,-0.2874479489818109,80,148,400,5,2,100,0.0,0,0.3,0.0,0.0,1.0,0.7,1.0,1.0,0.25,1.0,0.25
noise_1.0,0.9645556534541608,0.04978743359286819,1.0,1.0,-0.7119135088520891,81,149,400,5,2,100,0.0,0,0.3,0.0,0.0,1.0,0.7,1.0,1.0,0.25,1.0,0.25
noise_1.0,0.9451681132701202,0.04778291976866504,1.0,1.0,-1.147520641169302,82,150,400,5,2,100,0.0,0,0.3,0.0,0.0,1.0,0.7,1.0,1.0,0.25,1.0,0.25
noise_1.0,0.9692278025535994,0.04310534250488032,1.0,1.0,-0.7138836083466128,83,151,400,5,2,100,0.0,0,0.3,0.0,0.0,1.0,0.7,1.0,1.0,0.25,1.0,0.25
noise_1.0,1.0656444001198666,0.049661836743249345,1.0,1.0,1.321827874777302,84,152,400,5,2,100,0.0,0,0.3,0.0,0.0,1.0,0.7,1.0,1.0,0.25,1.0,0.25
noise_1.0,0.9877861309019541,0.051919954336948,1.0,1.0,-0.23524421879843777,85,153,400,5,2,100,0.0,0,0.3,0.0,0.0,1.0,0.7,1.0,1.0,0.25,1.0,0.25
noise_1.0,0.84728968171112,0.051190111453609605,1.0,1.0,-2.9831995663317095,86,154,400,5,2,100,0.0,0,0.3,0.0,0.0,1.0,0.7,1.0,1.0,0.25,1.0,0.25
noise_1.0,1.0453145736751355,0.047668169445655495,1.0,1.0,0.9506254215781611,87,155,400,5,2,100,0.0,0,0.3,0.0,0.0,1.0,0.7,1.0,1.0,0.25,1.0,0.25
noise_1.0,0.9611610677505474,0.05094539236100041,1.0,1.0,-0.7623639832673945,88,156,400,5,2,100,0.0,0,0.3,0.0,0.0,1.0,0.7,1.0,1.0,0.25,1.0,0.25
noise_1.0,0.9341192362235484,0.054227540673874836,1.0,1.0,-1.2148949216166631,89,157,400,5,2,100,0.0,0,0.3,0.0,0.0,1.0,0.7,1.0,1.0,0.25,1.0,0.25
noise_1.0,0.9484819018417109,0.05406255350523803,1.0,1.0,-0.9529349765785223,90,158,400,5,2,100,0.0,0,0.3,0.0,0.0,1.0,0.7,1.0,1.0,0.25,1.0,0.25
noise_1.0,1.0186847526118519,0.05255679035025359,1.0,1.0,0.35551548120292925,91,159,400,5,2,100,0.0,0,0.3,0.0,0.0,1.0,0.7,1.0,1.0,0.25,1.0,0.25
noise_1.0,0.9922173541374022,0.047275404061825295,1.0,1.0,-0.16462357153880489,92,160,400,5,2,100,0.0,0,0.3,0.0,0.0,1.0,0.7,1.0,1.0,0.25,1.0,0.25
noise_1.0,0.9205606209116649,0.05329725288751767,1.0,1.0,-1.4904966913771267,93,161,400,5,2,100,0.0,0,0.3,0.0,0.0,1.0,0.7,1.0,1.0,0.25,1.0,0.25
noise_1.0,0.8862761039168172,0.05710236093055113,1.0,1.0,-1.9915795814729227,94,162,400,5,2,100,0.0,0,0.3,0.0,0.0,1.0,0.7,1.0,1.0,0.25,1.0,0.25
noise_1.0,0.9765652515690206,0.04717810934429392,1.0,1.0,-0.4967292830655526,95,163,400,5,2,100,0.0,0,0.3,0.0,0.0,1.0,0.7,1.0,1.0,0.25,1.0,0.25
noise_1.0,0.8592058407895333,0.0493110246677108,1.0,1.0,-2.855226800887382,96,164,400,5,2,100,0.0,0,0.3,0.0,0.0,1.0,0.7,1.0,1.0,0.25,1.0,0.25
noise_1.0,0.9473617147910018,0.04884449987784381,1.0,1.0,-1.0776706761384045,97,165,400,5,2,100,0.0,0,0.3,0.0,0.0,1.0,0.7,1.0,1.0,0.25,1.0,0.25
noise_1.0,0.9838573283902368,0.048923833495923,1.0,1.0,-0.3299551661483858,98,166,400,5,2,100,0.0,0,0.3,0.0,0.0,1.0,0.7,1.0,1.0,0.25,1.0,0.25
noise_1.0,0.9476413897495314,0.050258229462486564,1.0,1.0,-1.0417917783902397,99,167,400,5,2,100,0.0,0,0.3,0.0,0.0,1.0,0.7,1.0,1.0,0.25,1.0,0.25
noise_2.0,1.0138176296090577,0.09944613956816335,1.0,1.0,0.1389458622432169,0,69,400,5,2,100,0.0,0,0.3,0.0,0.0,2.0,0.7,1.0,1.0,0.25,1.0,0.25
noise_2.0,0.9738488297848741,0.10513904910665736,1.0,1.0,-0.2487293773086829,1,70,400,5,2,100,0.0,0,0.3,0.0,0.0,2.0,0.7,1.0,1.0,0.25,1.0,0.25
noise_2.0,1.1992911525447425,0.08522698807203466,1.0,1.0,2.3383573331994287,2,71,400,5,2,100,0.0,0,0.3,0.0,0.0,2.0,0.7,1.0,1.0,0.25,1.0,0.25
noise_2.0,0.9043193863262314,0.09566032454946108,1.0,1.0,-1.0002120954993938,3,72,400,5,2,100,0.0,0,0.3,0.0,0.0,2.0,0.7,1.0,1.0,0.25,1.0,0.25
noise_2.0,0.8016825303422965,0.09829778758236465,1.0,1.0,-2.017517123582577,4,73,400,5,2,100,0.0,0,0.3,0.0,0.0,2.0,0.7,1.0,1.0,0.25,1.0,0.25
noise_2.0,0.93562748629973,0.09842781039885326,1.0,1.0,-0.654007372910329,5,74,400,5,2,100,0.0,0,0.3,0.0,0.0,2.0,0.7,1.0,1.0,0.25,1.0,0.25
noise_2.0,1.0036265286132082,0.09730529335039469,1.0,1.0,0.03726959231446081,6,75,400,5,2,100,0.0,0,0.3,0.0,0.0,2.0,0.7,1.0,1.0,0.25,1.0,0.25
noise_2.0,1.088090373966296,0.10793946600266388,1.0,1.0,0.8161090398957682,7,76,400,5,2,100,0.0,0,0.3,0.0,0.0,2.0,0.7,1.0,1.0,0.25,1.0,0.25
noise_2.0,0.9599920627895084,0.0910649217104796,1.0,1.0,-0.43933422945981093,8,77,400,5,2,100,0.0,0,0.3,0.0,0.0,2.0,0.7,1.0,1.0,0.25,1.0,0.25
noise_2.0,1.058993957573493,0.10523655522942088,1.0,1.0,0.5605842707876867,9,78,400,5,2,100,0.0,0,0.3,0.0,0.0,2.0,0.7,1.0,1.0,0.25,1.0,0.25
noise_2.0,0.853611235749479,0.09425710835549088,1.0,1.0,-1.5530793040925415,10,79,400,5,2,100,0.0,0,0.3,0.0,0.0,2.0,0.7,1.0,1.0,0.25,1.0,0.25
noise_2.0,0.8610444223681653,0.09084232479188052,1.0,1.0,-1.5296347594602135,11,80,400,5,2,100,0.0,0,0.3,0.0,0.0,2.0,0.7,1.0,1.0,0.25,1.0,0.25
noise_2.0,1.1507800827015549,0.1074412473416921,1.0,1.0,1.4033724145256206,12,81,400,5,2,100,0.0,0,0.3,0.0,0.0,2.0,0.7,1.0,1.0,0.25,1.0,0.25
noise_2.0,0.8437171524913126,0.09584662171785457,1.0,1.0,-1.6305514446689628,13,82,400,5,2,100,0.0,0,0.3,0.0,0.0,2.0,0.7,1.0,1.0,0.25,1.0,0.25
noise_2.0,1.0509987074316354,0.10417782014252608,1.0,1.0,0.4895351751636178,14,83,400,5,2,100,0.0,0,0.3,0.0,0.0,2.0,0.7,1.0,1.0,0.25,1.0,0.25
noise_2.0,0.843388694893501,0.09263564334423105,1.0,1.0,-1.6906160464016693,15,84,400,5,2,100,0.0,0,0.3,0.0,0.0,2.0,0.7,1.0,1.0,0.25,1.0,0.25
noise_2.0,0.9069404100726768,0.09113037915884778,1.0,1.0,-1.0211697875755863,16,85,400,5,2,100,0.0,0,0.3,0.0,0.0,2.0,0.7,1.0,1.0,0.25,1.0,0.25
noise_2.0,1.1467580119448544,0.11479570808761765,1.0,1.0,1.2784276902829987,17,86,400,5,2,100,0.0,0,0.3,0.0,0.0,2.0,0.7,1.0,1.0,0.25,1.0,0.25
noise_2.0,1.122788759452926,0.11389758543352761,1.0,1.0,1.0780628841740232,18,87,400,5,2,100,0.0,0,0.3,0.0,0.0,2.0,0.7,1.0,1.0,0.25,1.0,0.25
noise_2.0,1.0382246835472908,0.10338709386976086,1.0,1.0,0.36972393861310515,19,88,400,5,2,100,0.0,0,0.3,0.0,0.0,2.0,0.7,1.0,1.0,0.25,1.0,0.25
noise_2.0,0.8581316712219351,0.10083429179970581,1.0,1.0,-1.4069452588596332,20,89,400,5,2,100,0.0,0,0.3,0.0,0.0,2.0,0.7,1.0,1.0,0.25,1.0,0.25
noise_2.0,1.0313907517386682,0.09800162650002901,1.0,1.0,0.32030847711143795,21,90,400,5,2,100,0.0,0,0.3,0.0,0.0,2.0,0.7,1.0,1.0,0.25,1.0,0.25
noise_2.0,1.1333102777930804,0.09751387807306039,1.0,1.0,1.3670903098859446,22,91,400,5,2,100,0.0,0,0.3,0.0,0.0,2.0,0.7,1.0,1.0,0.25,1.0,0.25
noise_2.0,0.91211283866829,0.10133257902413784,1.0,1.0,-0.8673139692889387,23,92,400,5,2,100,0.0,0,0.3,0.0,0.0,2.0,0.7,1.0,1.0,0.25,1.0,0.25
noise_2.0,1.1309664711460228,0.09775949924838173,1.0,1.0,1.3396802577033529,24,93,400,5,2,100,0.0,0,0.3,0.0,0.0,2.0,0.7,1.0,1.0,0.25,1.0,0.25
noise_2.0,1.1164858224334162,0.09725251785225546,1.0,1.0,1.1977666491923602,25,94,400,5,2,100,0.0,0,0.3,0.0,0.0,2.0,0.7,1.0,1.0,0.25,1.0,0.25
noise_2.0,1.0646355146117092,0.10944568865882506,1.0,1.0,0.5905715922095156,26,95,400,5,2,100,0.0,0,0.3,0.0,0.0,2.0,0.7,1.0,1.0,0.25,1.0,0.25
noise_2.0,1.1818533588232802,0.08762840386159555,1.0,1.0,2.0752786860126773,27,96,400,5,2,100,0.0,0,0.3,0.0,0.0,2.0,0.7,1.0,1.0,0.25,1.0,0.25
noise_2.0,0.9219061966187994,0.09927888432821556,1.0,1.0,-0.7866104047163027,28,97,400,5,2,100,0.0,0,0.3,0.0,0.0,2.0,0.7,1.0,1.0,0.25,1.0,0.25
noise_2.0,1.0387690447080031,0.09665656756799924,1.0,1.0,0.40110098758398977,29,98,400,5,2,100,0.0,0,0.3,0.0,0.0,2.0,0.7,1.0,1.0,0.25,1.0,0.25
noise_2.0,0.8426622488201888,0.08999784926608999,1.0,1.0,-1.7482390130748824,30,99,400,5,2,100,0.0,0,0.3,0.0,0.0,2.0,0.7,1.0,1.0,0.25,1.0,0.25
noise_2.0,1.104274332039209,0.10424286248223945,1.0,1.0,1.000301886922713,31,100,400,5,2,100,0.0,0,0.3,0.0,0.0,2.0,0.7,1.0,1.0,0.25,1.0,0.25
noise_2.0,1.0253556461082598,0.10987644305002356,1.0,1.0,0.23076507943305108,32,101,400,5,2,100,0.0,0,0.3,0.0,0.0,2.0,0.7,1.0,1.0,0.25,1.0,0.25
noise_2.0,1.076300954537572,0.09391983285642341,1.0,1.0,0.8124051354969324,33,102,400,5,2,100,0.0,0,0.3,0.0,0.0,2.0,0.7,1.0,1.0,0.25,1.0,0.25
noise_2.0,0.9409914177441489,0.09756637034400763,1.0,1.0,-0.6048045248356968,34,103,400,5,2,100,0.0,0,0.3,0.0,0.0,2.0,0.7,1.0,1.0,0.25,1.0,0.25
noise_2.0,1.027293611050919,0.10120082432361373,1.0,1.0,0.2696975171233899,35,104,400,5,2,100,0.0,0,0.3,0.0,0.0,2.0,0.7,1.0,1.0,0.25,1.0,0.25
noise_2.0,0.9497589411875111,0.09941261040823401,1.0,1.0,-0.5053791325484354,36,105,400,5,2,100,0.0,0,0.3,0.0,0.0,2.0,0.7,1.0,1.0,0.25,1.0,0.25
noise_2.0,1.0182759169503226,0.11088509172419686,1.0,1.0,0.16481852218493057,37,106,400,5,2,100,0.0,0,0.3,0.0,0.0,2.0,0.7,1.0,1.0,0.25,1.0,0.25
noise_2.0,1.0806147239483928,0.10546066281348457,1.0,1.0,0.7644056257352203,38,107,400,5,2,100,0.0,0,0.3,0.0,0.0,2.0,0.7,1.0,1.0,0.25,1.0,0.25
noise_2.0,0.8871677413473206,0.09606959310692802,1.0,1.0,-1.1744846106206999,39,108,400,5,2,100,0.0,0,0.3,0.0,0.0,2.0,0.7,1.0,1.0,0.25,1.0,0.25
noise_2.0,1.1141232320976049,0.09497694495471223,1.0,1.0,1.2015887871737942,40,109,400,5,2,100,0.0,0,0.3,0.0,0.0,2.0,0.7,1.0,1.0,0.25,1.0,0.25
noise_2.0,0.9859936710330077,0.10918802705364762,1.0,1.0,-0.1282771503885725,41,110,400,5,2,100,0.0,0,0.3,0.0,0.0,2.0,0.7,1.0,1.0,0.25,1.0,0.25
noise_2.0,1.2565093737193276,0.11141243809471035,1.0,1.0,2.3023405474824283,42,111,400,5,2,100,0.0,0,0.3,0.0,0.0,2.0,0.7,1.0,1.0,0.25,1.0,0.25
noise_2.0,0.9765685410911378,0.08949072399084461,1.0,1.0,-0.2618311470053521,43,112,400,5,2,100,0.0,0,0.3,0.0,0.0,2.0,0.7,1.0,1.0,0.25,1.0,0.25
noise_2.0,0.8827065590969865,0.0976576218878583,1.0,1.0,-1.2010679620859837,44,113,400,5,2,100,0.0,0,0.3,0.0,0.0,2.0,0.7,1.0,1.0,0.25,1.0,0.25
noise_2.0,1.0211788609805674,0.09193650054701626,1.0,1.0,0.23036401053503852,45,114,400,5,2,100,0.0,0,0.3,0.0,0.0,2.0,0.7,1.0,1.0,0.25,1.0,0.25
noise_2.0,1.1458784672132354,0.10260193300556794,1.0,1.0,1.4217906323979193,46,115,400,5,2,100,0.0,0,0.3,0.0,0.0,2.0,0.7,1.0,1.0,0.25,1.0,0.25
noise_2.0,1.037128338196983,0.10093679263624462,1.0,1.0,0.3678375072882074,47,116,400,5,2,100,0.0,0,0.3,0.0,0.0,2.0,0.7,1.0,1.0,0.25,1.0,0.25
noise_2.0,0.8432451847217146,0.10304270002855068,1.0,1.0,-1.5212607514637364,48,117,400,5,2,100,0.0,0,0.3,0.0,0.0,2.0,0.7,1.0,1.0,0.25,1.0,0.25
noise_2.0,0.9327772443087996,0.09429430838414722,1.0,1.0,-0.7129036401363743,49,118,400,5,2,100,0.0,0,0.3,0.0,0.0,2.0,0.7,1.0,1.0,0.25,1.0,0.25
noise_2.0,1.0085832867945395,0.08975169452377244,1.0,1.0,0.09563370184911675,50,119,400,5,2,100,0.0,0,0.3,0.0,0.0,2.0,0.7,1.0,1.0,0.25,1.0,0.25
noise_2.0,1.049587895724295,0.09795623050047603,1.0,1.0,0.5062250300051514,51,120,400,5,2,100,0.0,0,0.3,0.0,0.0,2.0,0.7,1.0,1.0,0.25,1.0,0.25
noise_2.0,1.0151131091183871,0.10127626356998028,1.0,1.0,0.14922656687412475,52,121,400,5,2,100,0.0,0,0.3,0.0,0.0,2.0,0.7,1.0,1.0,0.25,1.0,0.25
noise_2.0,0.902425197466077,0.1097610833394093,1.0,1.0,-0.8889744849929808,53,122,400,5,2,100,0.0,0,0.3,0.0,0.0,2.0,0.7,1.0,1.0,0.25,1.0,0.25
noise_2.0,1.0432528263458094,0.09927331294756997,1.0,1.0,0.43569439823825434,54,123,400,5,2,100,0.0,0,0.3,0.0,0.0,2.0,0.7,1.0,1.0,0.25,1.0,0.25
noise_2.0,1.1206292739418378,0.11073111830048435,1.0,1.0,1.089389105729912,55,124,400,5,2,100,0.0,0,0.3,0.0,0.0,2.0,0.7,1.0,1.0,0.25,1.0,0.25
noise_2.0,0.9120493456649396,0.10514960620728382,1.0,1.0,-0.8364335113312864,56,125,400,5,2,100,0.0,0,0.3,0.0,0.0,2.0,0.7,1.0,1.0,0.25,1.0,0.25
noise_2.0,0.905755443175179,0.10915819017698376,1.0,1.0,-0.8633759562339528,57,126,400,5,2,100,0.0,0,0.3,0.0,0.0,2.0,0.7,1.0,1.0,0.25,1.0,0.25
noise_2.0,0.9407262915190612,0.10209626188907096,1.0,1.0,-0.5805668825107481,58,127,400,5,2,100,0.0,0,0.3,0.0,0.0,2.0,0.7,1.0,1.0,0.25,1.0,0.25
noise_2.0,1.1676634083876187,0.10815920240322306,1.0,1.0,1.5501538903972398,59,128,400,5,2,100,0.0,0,0.3,0.0,0.0,2.0,0.7,1.0,1.0,0.25,1.0,0.25
noise_2.0,0.9288716920921518,0.09169131860897003,1.0,1.0,-0.7757365581269959,60,129,400,5,2,100,0.0,0,0.3,0.0,0.0,2.0,0.7,1.0,1.0,0.25,1.0,0.25
noise_2.0,1.1186547488799912,0.0987700801933927,1.0,1.0,1.2013227958068284,61,130,400,5,2,100,0.0,0,0.3,0.0,0.0,2.0,0.7,1.0,1.0,0.25,1.0,0.25
noise_2.0,1.013174707157091,0.10514323707622923,1.0,1.0,0.1253024685509653,62,131,400,5,2,100,0.0,0,0.3,0.0,0.0,2.0,0.7,1.0,1.0,0.25,1.0,0.25
noise_2.0,0.9962520206484803,0.10907871322544246,1.0,1.0,-0.034360318715654814,63,132,400,5,2,100,0.0,0,0.3,0.0,0.0,2.0,0.7,1.0,1.0,0.25,1.0,0.25
noise_2.0,1.0336169834205882,0.09716419459957833,1.0,1.0,0.3459811874026902,64,133,400,5,2,100,0.0,0,0.3,0.0,0.0,2.0,0.7,1.0,1.0,0.25,1.0,0.25
noise_2.0,0.9586845064265427,0.10015455055634924,1.0,1.0,-0.4125173878166652,65,134,400,5,2,100,0.0,0,0.3,0.0,0.0,2.0,0.7,1.0,1.0,0.25,1.0,0.25
noise_2.0,1.0134684235795817,0.10984928925952582,1.0,1.0,0.12260819956478439,66,135,400,5,2,100,0.0,0,0.3,0.0,0.0,2.0,0.7,1.0,1.0,0.25,1.0,0.25
noise_2.0,1.0018408031877841,0.09029449147022592,1.0,1.0,0.020386661000146588,67,136,400,5,2,100,0.0,0,0.3,0.0,0.0,2.0,0.7,1.0,1.0,0.25,1.0,0.25
noise_2.0,0.8991951105259078,0.0987793533950441,1.0,1.0,-1.020505662463161,68,137,400,5,2,100,0.0,0,0.3,0.0,0.0,2.0,0.7,1.0,1.0,0.25,1.0,0.25
noise_2.0,1.0671982651942722,0.09346381029251424,1.0,1.0,0.7189763073425037,69,138,400,5,2,100,0.0,0,0.3,0.0,0.0,2.0,0.7,1.0,1.0,0.25,1.0,0.25
noise_2.0,0.7709407652604442,0.10014326866966915,1.0,1.0,-2.287315341135175,70,139,400,5,2,100,0.0,0,0.3,0.0,0.0,2.0,0.7,1.0,1.0,0.25,1.0,0.25
noise_2.0,0.932921119879995,0.09514488460181245,1.0,1.0,-0.7050182508574628,71,140,400,5,2,100,0.0,0,0.3,0.0,0.0,2.0,0.7,1.0,1.0,0.25,1.0,0.25
noise_2.0,0.990943480322709,0.0991796291806545,1.0,1.0,-0.0913143127485857,72,141,400,5,2,100,0.0,0,0.3,0.0,0.0,2.0,0.7,1.0,1.0,0.25,1.0,0.25
noise_2.0,1.0194242752025429,0.09777927517385954,1.0,1.0,0.19865431777853654,73,142,400,5,2,100,0.0,0,0.3,0.0,0.0,2.0,0.7,1.0,1.0,0.25,1.0,0.25
noise_2.0,0.9495678496666101,0.11028401002168542,1.0,1.0,-0.45729340385313594,74,143,400,5,2,100,0.0,0,0.3,0.0,0.0,2.0,0.7,1.0,1.0,0.25,1.0,0.25
noise_2.0,0.9502228757619391,0.10511808981676476,1.0,1.0,-0.4735352813662164,75,144,400,5,2,100,0.0,0,0.3,0.0,0.0,2.0,0.7,1.0,1.0,0.25,1.0,0.25
noise_2.0,0.9149634973184899,0.10235325440278346,1.0,1.0,-0.8308138630050003,76,145,400,5,2,100,0.0,0,0.3,0.0,0.0,2.0,0.7,1.0,1.0,0.25,1.0,0.25
noise_2.0,1.0218689452046825,0.1056772352566667,1.0,1.0,0.20694092868315184,77,146,400,5,2,100,0.0,0,0.3,0.0,0.0,2.0,0.7,1.0,1.0,0.25,1.0,0.25
noise_2.0,0.9177809809037403,0.09785574184740062,1.0,1.0,-0.8402063848688072,78,147,400,5,2,100,0.0,0,0.3,0.0,0.0,2.0,0.7,1.0,1.0,0.25,1.0,0.25
noise_2.0,0.9352152774006076,0.09142590937352821,1.0,1.0,-0.7086035352922657,79,148,400,5,2,100,0.0,0,0.3,0.0,0.0,2.0,0.7,1.0,1.0,0.25,1.0,0.25
noise_2.0,0.9534529268859199,0.09677345920274018,1.0,1.0,-0.48099007204613936,80,149,400,5,2,100,0.0,0,0.3,0.0,0.0,2.0,0.7,1.0,1.0,0.25,1.0,0.25
noise_2.0,0.9101664993667783,0.0968386747985792,1.0,1.0,-0.9276613999527772,81,150,400,5,2,100,0.0,0,0.3,0.0,0.0,2.0,0.7,1.0,1.0,0.25,1.0,0.25
noise_2.0,0.9594937492869557,0.08131927065787332,1.0,1.0,-0.49811379744737594,82,151,400,5,2,100,0.0,0,0.3,0.0,0.0,2.0,0.7,1.0,1.0,0.25,1.0,0.25
noise_2.0,1.1631654183147144,0.0970354000224744,1.0,1.0,1.6815040518916151,83,152,400,5,2,100,0.0,0,0.3,0.0,0.0,2.0,0.7,1.0,1.0,0.25,1.0,0.25
noise_2.0,0.990200927380099,0.0987551946189162,1.0,1.0,-0.0992258954854412,84,153,400,5,2,100,0.0,0,0.3,0.0,0.0,2.0,0.7,1.0,1.0,0.25,1.0,0.25
noise_2.0,0.7168481430986801,0.10212735336521327,1.0,1.0,-2.772536911719945,85,154,400,5,2,100,0.0,0,0.3,0.0,0.0,2.0,0.7,1.0,1.0,0.25,1.0,0.25
noise_2.0,1.0908938692190884,0.09523955431522776,1.0,1.0,0.9543710055408715,86,155,400,5,2,100,0.0,0,0.3,0.0,0.0,2.0,0.7,1.0,1.0,0.25,1.0,0.25
noise_2.0,0.9157417074405281,0.10028844636101761,1.0,1.0,-0.8401595160439473,87,156,400,5,2,100,0.0,0,0.3,0.0,0.0,2.0,0.7,1.0,1.0,0.25,1.0,0.25
noise_2.0,0.88103075555708,0.10501708464294968,1.0,1.0,-1.1328560952478033,88,157,400,5,2,100,0.0,0,0.3,0.0,0.0,2.0,0.7,1.0,1.0,0.25,1.0,0.25
noise_2.0,0.9264975640340278,0.10590276944958693,1.0,1.0,-0.6940558433739701,89,158,400,5,2,100,0.0,0,0.3,0.0,0.0,2.0,0.7,1.0,1.0,0.25,1.0,0.25
noise_2.0,1.083027866771098,0.10450026695102987,1.0,1.0,0.7945230112187738,90,159,400,5,2,100,0.0,0,0.3,0.0,0.0,2.0,0.7,1.0,1.0,0.25,1.0,0.25
noise_2.0,1.0011028034356653,0.09564227437574704,1.0,1.0,0.011530501996770958,91,160,400,5,2,100,0.0,0,0.3,0.0,0.0,2.0,0.7,1.0,1.0,0.25,1.0,0.25
noise_2.0,0.830874892301178,0.10493112440957375,1.0,1.0,-1.6117725665330938,92,161,400,5,2,100,0.0,0,0.3,0.0,0.0,2.0,0.7,1.0,1.0,0.25,1.0,0.25
noise_2.0,0.7768201873032893,0.11425298661920244,1.0,1.0,-1.9533827456130675,93,162,400,5,2,100,0.0,0,0.3,0.0,0.0,2.0,0.7,1.0,1.0,0.25,1.0,0.25
noise_2.0,0.9712174302725297,0.09149585251823865,1.0,1.0,-0.3145778626603081,94,163,400,5,2,100,0.0,0,0.3,0.0,0.0,2.0,0.7,1.0,1.0,0.25,1.0,0.25
noise_2.0,0.7464965714457344,0.09913171041881519,1.0,1.0,-2.557238521188177,95,164,400,5,2,100,0.0,0,0.3,0.0,0.0,2.0,0.7,1.0,1.0,0.25,1.0,0.25
noise_2.0,0.9324305660142259,0.09412658930941248,1.0,1.0,-0.7178570314883095,96,165,400,5,2,100,0.0,0,0.3,0.0,0.0,2.0,0.7,1.0,1.0,0.25,1.0,0.25
noise_2.0,0.9882425207294986,0.09785829554328694,1.0,1.0,-0.12014800794584221,97,166,400,5,2,100,0.0,0,0.3,0.0,0.0,2.0,0.7,1.0,1.0,0.25,1.0,0.25
noise_2.0,0.9310421555544419,0.1029239736510574,1.0,1.0,-0.6699881669876592,98,167,400,5,2,100,0.0,0,0.3,0.0,0.0,2.0,0.7,1.0,1.0,0.25,1.0,0.25
noise_2.0,0.9283323783868966,0.10968080750702902,1.0,1.0,-0.6534198939820028,99,168,400,5,2,100,0.0,0,0.3,0.0,0.0,2.0,0.7,1.0,1.0,0.25,1.0,0.25
rho_0.3,1.0025443109133039,0.05249177582269574,1.0,1.0,0.048470657992176244,0,70,400,5,2,100,0.0,0,0.3,0.0,0.0,1.0,0.3,1.0,1.0,0.25,1.0,0.25
rho_0.3,1.1105471170111847,0.0432422590856789,1.0,1.0,2.5564602624518296,1,71,400,5,2,100,0.0,0,0.3,0.0,0.0,1.0,0.3,1.0,1.0,0.25,1.0,0.25
rho_0.3,0.959859308899201,0.04997472328388275,1.0,1.0,-0.8032198772323104,2,72,400,5,2,100,0.0,0,0.3,0.0,0.0,1.0,0.3,1.0,1.0,0.25,1.0,0.25
rho_0.3,0.9132787958064862,0.04982985221139628,1.0,1.0,-1.7403464057170197,3,73,400,5,2,100,0.0,0,0.3,0.0,0.0,1.0,0.3,1.0,1.0,0.25,1.0,0.25
rho_0.3,0.9595804510390901,0.04913978272804544,1.0,1.0,-0.822542280754558,4,74,400,5,2,100,0.0,0,0.3,0.0,0.0,1.0,0.3,1.0,1.0,0.25,1.0,0.25
rho_0.3,0.9900715868387914,0.054029648856933316,1.0,1.0,-0.18375860978660738,5,75,400,5,2,100,0.0,0,0.3,0.0,0.0,1.0,0.3,1.0,1.0,0.25,1.0,0.25
rho_0.3,1.0148253174744035,0.05403600734095126,1.0,1.0,0.27435997224702674,6,76,400,5,2,100,0.0,0,0.3,0.0,0.0,1.0,0.3,1.0,1.0,0.25,1.0,0.25
rho_0.3,1.016384160472286,0.046024190644868325,1.0,1.0,0.3559901921732741,7,77,400,5,2,100,0.0,0,0.3,0.0,0.0,1.0,0.3,1.0,1.0,0.25,1.0,0.25
rho_0.3,1.0310264475262256,0.05165651640134134,1.0,1.0,0.6006298853985435,8,78,400,5,2,100,0.0,0,0.3,0.0,0.0,1.0,0.3,1.0,1.0,0.25,1.0,0.25
rho_0.3,0.9376503911324923,0.04791345707733799,1.0,1.0,-1.301296392929195,9,79,400,5,2,100,0.0,0,0.3,0.0,0.0,1.0,0.3,1.0,1.0,0.25,1.0,0.25
rho_0.3,0.9115990149610125,0.04738632735027393,1.0,1.0,-1.8655378034583323,10,80,400,5,2,100,0.0,0,0.3,0.0,0.0,1.0,0.3,1.0,1.0,0.25,1.0,0.25
rho_0.3,1.1145760158284166,0.056179042751220105,1.0,1.0,2.0394796745789727,11,81,400,5,2,100,0.0,0,0.3,0.0,0.0,1.0,0.3,1.0,1.0,0.25,1.0,0.25
rho_0.3,0.958768847724935,0.04872111528060987,1.0,1.0,-0.8462686463065077,12,82,400,5,2,100,0.0,0,0.3,0.0,0.0,1.0,0.3,1.0,1.0,0.25,1.0,0.25
rho_0.3,1.0104845143205141,0.051845705084340714,1.0,1.0,0.20222532037047788,13,83,400,5,2,100,0.0,0,0.3,0.0,0.0,1.0,0.3,1.0,1.0,0.25,1.0,0.25
rho_0.3,0.9610789362113037,0.04806673479573277,1.0,1.0,-0.8097297216900119,14,84,400,5,2,100,0.0,0,0.3,0.0,0.0,1.0,0.3,1.0,1.0,0.25,1.0,0.25
rho_0.3,0.9559394553135808,0.04673305121084916,1.0,1.0,-0.9428133525377527,15,85,400,5,2,100,0.0,0,0.3,0.0,0.0,1.0,0.3,1.0,1.0,0.25,1.0,0.25
rho_0.3,1.0359163011710377,0.056376801071879284,1.0,1.0,0.6370758980319788,16,86,400,5,2,100,0.0,0,0.3,0.0,0.0,1.0,0.3,1.0,1.0,0.25,1.0,0.25
rho_0.3,1.0405138703260544,0.05635025598360792,1.0,1.0,0.7189651514243288,17,87,400,5,2,100,0.0,0,0.3,0.0,0.0,1.0,0.3,1.0,1.0,0.25,1.0,0.25
rho_0.3,0.988697249172134,0.05403177873317541,1.0,1.0,-0.20918709494429724,18,88,400,5,2,100,0.0,0,0.3,0.0,0.0,1.0,0.3,1.0,1.0,0.25,1.0,0.25
rho_0.3,0.9724676450237011,0.0494827761446054,1.0,1.0,-0.5564027955068661,19,89,400,5,2,100,0.0,0,0.3,0.0,0.0,1.0,0.3,1.0,1.0,0.25,1.0,0.25
rho_0.3,1.0047812571765071,0.04984868361891608,1.0,1.0,0.09591541499990146,20,90,400,5,2,100,0.0,0,0.3,0.0,0.0,1.0,0.3,1.0,1.0,0.25,1.0,0.25
rho_0.3,1.0978830141168765,0.04984547234731847,1.0,1.0,1.9637292918971065,21,91,400,5,2,100,0.0,0,0.3,0.0,0.0,1.0,0.3,1.0,1.0,0.25,1.0,0.25
rho_0.3,0.9191014704308744,0.05084416293950985,1.0,1.0,-1.5911075115027837,22,92,400,5,2,100,0.0,0,0.3,0.0,0.0,1.0,0.3,1.0,1.0,0.25,1.0,0.25
rho_0.3,1.0561639037766104,0.050981769089652906,1.0,1.0,1.1016468196277098,23,93,400,5,2,100,0.0,0,0.3,0.0,0.0,1.0,0.3,1.0,1.0,0.25,1.0,0.25
rho_0.3,1.046020945531362,0.04897019793390044,1.0,1.0,0.9397745460102229,24,94,400,5,2,100,0.0,0,0.3,0.0,0.0,1.0,0.3,1.0,1.0,0.25,1.0,0.25
rho_0.3,1.0667649785632416,0.0532533810527044,1.0,1.0,1.253722810522864,25,95,400,5,2,100,0.0,0,0.3,0.0,0.0,1.0,0.3,1.0,1.0,0.25,1.0,0.25
rho_0.3,1.0415355823478707,0.04393957463859213,1.0,1.0,0.9452886763129925,26,96,400,5,2,100,0.0,0,0.3,0.0,0.0,1.0,0.3,1.0,1.0,0.25,1.0,0.25
rho_0.3,0.9810761069180347,0.049612984816765,1.0,1.0,-0.38143024758249605,27,97,400,5,2,100,0.0,0,0.3,0.0,0.0,1.0,0.3,1.0,1.0,0.25,1.0,0.25
rho_0.3,0.954613424620484,0.05346665967440351,1.0,1.0,-0.8488762091349463,28,98,400,5,2,100,0.0,0,0.3,0.0,0.0,1.0,0.3,1.0,1.0,0.25,1.0,0.25
rho_0.3,0.9423794990982638,0.04825232587256209,1.0,1.0,-1.19414970905063,29,99,400,5,2,100,0.0,0,0.3,0.0,0.0,1.0,0.3,1.0,1.0,0.25,1.0,0.25
rho_0.3,1.0395282998083808,0.050269389598720696,1.0,1.0,0.7863294168462859,30,100,400,5,2,100,0.0,0,0.3,0.0,0.0,1.0,0.3,1.0,1.0,0.25,1.0,0.25
rho_0.3,1.0280918221110062,0.054638253578790555,1.0,1.0,0.5141420208553465,31,101,400,5,2,100,0.0,0,0.3,0.0,0.0,1.0,0.3,1.0,1.0,0.25,1.0,0.25
rho_0.3,1.0402195037680693,0.04919973845827797,1.0,1.0,0.8174739343823125,32,102,400,5,2,100,0.0,0,0.3,0.0,0.0,1.0,0.3,1.0,1.0,0.25,1.0,0.25
rho_0.3,0.9544375499160584,0.04999570232454734,1.0,1.0,-0.9113273334610381,33,103,400,5,2,100,0.0,0,0.3,0.0,0.0,1.0,0.3,1.0,1.0,0.25,1.0,0.25
rho_0.3,1.005306558314594,0.052361031657406944,1.0,1.0,0.10134556456630209,34,104,400,5,2,100,0.0,0,0.3,0.0,0.0,1.0,0.3,1.0,1.0,0.25,1.0,0.25
rho_0.3,0.9475572302572556,0.052307007734284885,1.0,1.0,-1.0025954841299505,35,105,400,5,2,100,0.0,0,0.3,0.0,0.0,1.0,0.3,1.0,1.0,0.25,1.0,0.25
rho_0.3,1.023259955373644,0.05877992416755899,1.0,1.0,0.3957125787937169,36,106,400,5,2,100,0.0,0,0.3,0.0,0.0,1.0,0.3,1.0,1.0,0.25,1.0,0.25
rho_0.3,1.0323072405855684,0.052890662328211206,1.0,1.0,0.6108307055239157,37,107,400,5,2,100,0.0,0,0.3,0.0,0.0,1.0,0.3,1.0,1.0,0.25,1.0,0.25
rho_0.3,0.9147734448949216,0.05023343726131149,1.0,1.0,-1.696610061973953,38,108,400,5,2,100,0.0,0,0.3,0.0,0.0,1.0,0.3,1.0,1.0,0.25,1.0,0.25
rho_0.3,1.0537022046533617,0.047198775781488136,1.0,1.0,1.1377880837838237,39,109,400,5,2,100,0.0,0,0.3,0.0,0.0,1.0,0.3,1.0,1.0,0.25,1.0,0.25
rho_0.3,0.9876109821849569,0.05666297808894227,1.0,1.0,-0.21864395824018287,40,110,400,5,2,100,0.0,0,0.3,0.0,0.0,1.0,0.3,1.0,1.0,0.25,1.0,0.25
rho_0.3,1.0937216625884878,0.05633732012980278,1.0,1.0,1.6635804183186285,41,111,400,5,2,100,0.0,0,0.3,0.0,0.0,1.0,0.3,1.0,1.0,0.25,1.0,0.25
rho_0.3,0.9795112067903738,0.04419019760377214,1.0,1.0,-0.46365018308669437,42,112,400,5,2,100,0.0,0,0.3,0.0,0.0,1.0,0.3,1.0,1.0,0.25,1.0,0.25
rho_0.3,0.9452423825071209,0.04845484387469403,1.0,1.0,-1.130075202274602,43,113,400,5,2,100,0.0,0,0.3,0.0,0.0,1.0,0.3,1.0,1.0,0.25,1.0,0.25
rho_0.3,0.9708177674952135,0.045495217675069456,1.0,1.0,-0.6414351660697251,44,114,400,5,2,100,0.0,0,0.3,0.0,0.0,1.0,0.3,1.0,1.0,0.25,1.0,0.25
rho_0.3,1.0509800976177708,0.05285515231862558,1.0,1.0,0.9645246561858067,45,115,400,5,2,100,0.0,0,0.3,0.0,0.0,1.0,0.3,1.0,1.0,0.25,1.0,0.25
rho_0.3,1.0169362627230758,0.0506911087245561,1.0,1.0,0.33410716690186404,46,116,400,5,2,100,0.0,0,0.3,0.0,0.0,1.0,0.3,1.0,1.0,0.25,1.0,0.25
rho_0.3,0.8898963096096392,0.05239858018212025,1.0,1.0,-2.10127240103981,47,117,400,5,2,100,0.0,0,0.3,0.0,0.0,1.0,0.3,1.0,1.0,0.25,1.0,0.25
rho_0.3,1.0053028317954023,0.048634674315488034,1.0,1.0,0.10903397360087862,48,118,400,5,2,100,0.0,0,0.3,0.0,0.0,1.0,0.3,1.0,1.0,0.25,1.0,0.25
rho_0.3,1.0209742474325894,0.04669345289798332,1.0,1.0,0.44919032821184285,49,119,400,5,2,100,0.0,0,0.3,0.0,0.0,1.0,0.3,1.0,1.0,0.25,1.0,0.25
rho_0.3,1.0130079590379895,0.05134849211251416,1.0,1.0,0.2533269917544333,50,120,400,5,2,100,0.0,0,0.3,0.0,0.0,1.0,0.3,1.0,1.0,0.25,1.0,0.25
rho_0.3,0.9665671895059093,0.052586848531546826,1.0,1.0,-0.6357637209241475,51,121,400,5,2,100,0.0,0,0.3,0.0,0.0,1.0,0.3,1.0,1.0,0.25,1.0,0.25
rho_0.3,0.9714449629992084,0.054007892638511766,1.0,1.0,-0.5287197038388001,52,122,400,5,2,100,0.0,0,0.3,0.0,0.0,1.0,0.3,1.0,1.0,0.25,1.0,0.25
rho_0.3,1.067414671759386,0.051783242693066125,1.0,1.0,1.301862692511779,53,123,400,5,2,100,0.0,0,0.3,0.0,0.0,1.0,0.3,1.0,1.0,0.25,1.0,0.25
rho_0.3,1.0490854656284678,0.056710893215277884,1.0,1.0,0.8655385737293277,54,124,400,5,2,100,0.0,0,0.3,0.0,0.0,1.0,0.3,1.0,1.0,0.25,1.0,0.25
rho_0.3,0.9307470662035655,0.05390089781126505,1.0,1.0,-1.2848196710734738,55,125,400,5,2,100,0.0,0,0.3,0.0,0.0,1.0,0.3,1.0,1.0,0.25,1.0,0.25
rho_0.3,0.9299575507019734,0.056239862682253575,1.0,1.0,-1.2454235475956883,56,126,400,5,2,100,0.0,0,0.3,0.0,0.0,1.0,0.3,1.0,1.0,0.25,1.0,0.25
rho_0.3,0.9469348368783169,0.050651491072891,1.0,1.0,-1.047652536927662,57,127,400,5,2,100,0.0,0,0.3,0.0,0.0,1.0,0.3,1.0,1.0,0.25,1.0,0.25
rho_0.3,1.0420169770824779,0.05715965288454138,1.0,1.0,0.7350810398962588,58,128,400,5,2,100,0.0,0,0.3,0.0,0.0,1.0,0.3,1.0,1.0,0.25,1.0,0.25
rho_0.3,0.9690977717163487,0.048001862202397584,1.0,1.0,-0.6437714468941541,59,129,400,5,2,100,0.0,0,0.3,0.0,0.0,1.0,0.3,1.0,1.0,0.25,1.0,0.25
rho_0.3,1.0455629657163716,0.053025871892295975,1.0,1.0,0.8592591520025792,60,130,400,5,2,100,0.0,0,0.3,0.0,0.0,1.0,0.3,1.0,1.0,0.25,1.0,0.25
rho_0.3,1.0063318981937308,0.0527248827334119,1.0,1.0,0.12009316788329755,61,131,400,5,2,100,0.0,0,0.3,0.0,0.0,1.0,0.3,1.0,1.0,0.25,1.0,0.25
rho_0.3,0.9610665078608089,0.054003290510752956,1.0,1.0,-0.7209466640081637,62,132,400,5,2,100,0.0,0,0.3,0.0,0.0,1.0,0.3,1.0,1.0,0.25,1.0,0.25
rho_0.3,1.032953206081976,0.04699896946450167,1.0,1.0,0.7011474178570128,63,133,400,5,2,100,0.0,0,0.3,0.0,0.0,1.0,0.3,1.0,1.0,0.25,1.0,0.25
rho_0.3,0.9922119753936218,0.048775707980414085,1.0,1.0,-0.1596701499341734,64,134,400,5,2,100,0.0,0,0.3,0.0,0.0,1.0,0.3,1.0,1.0,0.25,1.0,0.25
rho_0.3,1.004726652965308,0.05574855705069856,1.0,1.0,0.08478520728365338,65,135,400,5,2,100,0.0,0,0.3,0.0,0.0,1.0,0.3,1.0,1.0,0.25,1.0,0.25
rho_0.3,0.9859697093880044,0.04751665542655798,1.0,1.0,-0.2952710052095494,66,136,400,5,2,100,0.0,0,0.3,0.0,0.0,1.0,0.3,1.0,1.0,0.25,1.0,0.25
rho_0.3,0.8985046198040695,0.05002288677745812,1.0,1.0,-2.0289788681621532,67,137,400,5,2,100,0.0,0,0.3,0.0,0.0,1.0,0.3,1.0,1.0,0.25,1.0,0.25
rho_0.3,1.0381300252096786,0.04686261797068586,1.0,1.0,0.8136554648639172,68,138,400,5,2,100,0.0,0,0.3,0.0,0.0,1.0,0.3,1.0,1.0,0.25,1.0,0.25
rho_0.3,0.8566189032370779,0.051208889055424894,1.0,1.0,-2.7999259387903632,69,139,400,5,2,100,0.0,0,0.3,0.0,0.0,1.0,0.3,1.0,1.0,0.25,1.0,0.25
rho_0.3,0.9956859333948017,0.047973670971810954,1.0,1.0,-0.08992571378857385,70,140,400,5,2,100,0.0,0,0.3,0.0,0.0,1.0,0.3,1.0,1.0,0.25,1.0,0.25
rho_0.3,0.9849747652126979,0.0493543782242042,1.0,1.0,-0.3044357021183885,71,141,400,5,2,100,0.0,0,0.3,0.0,0.0,1.0,0.3,1.0,1.0,0.25,1.0,0.25
rho_0.3,1.0157630359609502,0.05223632476048172,1.0,1.0,0.30176387855057096,72,142,400,5,2,100,0.0,0,0.3,0.0,0.0,1.0,0.3,1.0,1.0,0.25,1.0,0.25
rho_0.3,0.9763250698806865,0.056255119161381394,1.0,1.0,-0.42084934619721076,73,143,400,5,2,100,0.0,0,0.3,0.0,0.0,1.0,0.3,1.0,1.0,0.25,1.0,0.25
rho_0.3,0.9400370186227399,0.05452142965952197,1.0,1.0,-1.09980574155373,74,144,400,5,2,100,0.0,0,0.3,0.0,0.0,1.0,0.3,1.0,1.0,0.25,1.0,0.25
rho_0.3,0.9671469694416802,0.05545550385986948,1.0,1.0,-0.5924214599390552,75,145,400,5,2,100,0.0,0,0.3,0.0,0.0,1.0,0.3,1.0,1.0,0.25,1.0,0.25
rho_0.3,0.9856015886662269,0.05225449918963922,1.0,1.0,-0.2755439542443824,76,146,400,5,2,100,0.0,0,0.3,0.0,0.0,1.0,0.3,1.0,1.0,0.25,1.0,0.25
rho_0.3,0.9286896573547823,0.050583375524837944,1.0,1.0,-1.4097584810290535,77,147,400,5,2,100,0.0,0,0.3,0.0,0.0,1.0,0.3,1.0,1.0,0.25,1.0,0.25
rho_0.3,1.0184833131983992,0.04571770456838424,1.0,1.0,0.40429224023599053,78,148,400,5,2,100,0.0,0,0.3,0.0,0.0,1.0,0.3,1.0,1.0,0.25,1.0,0.25
rho_0.3,0.9824356752711405,0.04691321001788076,1.0,1.0,-0.3744004028324842,79,149,400,5,2,100,0.0,0,0.3,0.0,0.0,1.0,0.3,1.0,1.0,0.25,1.0,0.25
rho_0.3,0.9084175528105007,0.048089682617568165,1.0,1.0,-1.9044094742276856,80,150,400,5,2,100,0.0,0,0.3,0.0,0.0,1.0,0.3,1.0,1.0,0.25,1.0,0.25
rho_0.3,0.9797209258597391,0.04238088378380767,1.0,1.0,-0.4784957822896753,81,151,400,5,2,100,0.0,0,0.3,0.0,0.0,1.0,0.3,1.0,1.0,0.25,1.0,0.25
rho_0.3,1.024139992247295,0.050227414486503474,1.0,1.0,0.48061387379956666,82,152,400,5,2,100,0.0,0,0.3,0.0,0.0,1.0,0.3,1.0,1.0,0.25,1.0,0.25
rho_0.3,0.9620923087570564,0.048533572691345915,1.0,1.0,-0.7810612147599624,83,153,400,5,2,100,0.0,0,0.3,0.0,0.0,1.0,0.3,1.0,1.0,0.25,1.0,0.25
rho_0.3,0.9086257777220735,0.05140784770388755,1.0,1.0,-1.7774372271768262,84,154,400,5,2,100,0.0,0,0.3,0.0,0.0,1.0,0.3,1.0,1.0,0.25,1.0,0.25
rho_0.3,1.0143095915000522,0.05063784619151797,1.0,1.0,0.2825868905626774,85,155,400,5,2,100,0.0,0,0.3,0.0,0.0,1.0,0.3,1.0,1.0,0.25,1.0,0.25
rho_0.3,1.0077365513971517,0.049615222196329835,1.0,1.0,0.15593100372578747,86,156,400,5,2,100,0.0,0,0.3,0.0,0.0,1.0,0.3,1.0,1.0,0.25,1.0,0.25
rho_0.3,0.9157555422727507,0.055280412518833956,1.0,1.0,-1.5239477038733629,87,157,400,5,2,100,0.0,0,0.3,0.0,0.0,1.0,0.3,1.0,1.0,0.25,1.0,0.25
rho_0.3,0.935783742803892,0.05355192601064796,1.0,1.0,-1.1991400119454083,88,158,400,5,2,100,0.0,0,0.3,0.0,0.0,1.0,0.3,1.0,1.0,0.25,1.0,0.25
rho_0.3,1.027116932658039,0.052406424184845944,1.0,1.0,0.5174352778276405,89,159,400,5,2,100,0.0,0,0.3,0.0,0.0,1.0,0.3,1.0,1.0,0.25,1.0,0.25
rho_0.3,0.9674313226408179,0.04647105681953188,1.0,1.0,-0.7008378889608863,90,160,400,5,2,100,0.0,0,0.3,0.0,0.0,1.0,0.3,1.0,1.0,0.25,1.0,0.25
rho_0.3,0.8895364284014469,0.05118737416386501,1.0,1.0,-2.158023797917989,91,161,400,5,2,100,0.0,0,0.3,0.0,0.0,1.0,0.3,1.0,1.0,0.25,1.0,0.25
rho_0.3,0.9066278366284297,0.055837518872109075,1.0,1.0,-1.6722118972626812,92,162,400,5,2,100,0.0,0,0.3,0.0,0.0,1.0,0.3,1.0,1.0,0.25,1.0,0.25
rho_0.3,0.9563244549858569,0.047369759099362224,1.0,1.0,-0.9220132389216878,93,163,400,5,2,100,0.0,0,0.3,0.0,0.0,1.0,0.3,1.0,1.0,0.25,1.0,0.25
rho_0.3,0.8271957347121166,0.04918913490866553,1.0,1.0,-3.513057621540746,94,164,400,5,2,100,0.0,0,0.3,0.0,0.0,1.0,0.3,1.0,1.0,0.25,1.0,0.25
rho_0.3,0.9776213499672639,0.05202041160229297,1.0,1.0,-0.43018979172686284,95,165,400,5,2,100,0.0,0,0.3,0.0,0.0,1.0,0.3,1.0,1.0,0.25,1.0,0.25
rho_0.3,0.9691064291924351,0.04805886741834053,1.0,1.0,-0.6428276916857834,96,166,400,5,2,100,0.0,0,0.3,0.0,0.0,1.0,0.3,1.0,1.0,0.25,1.0,0.25
rho_0.3,0.9507669887310957,0.051315092204335284,1.0,1.0,-0.9594255637865726,97,167,400,5,2,100,0.0,0,0.3,0.0,0.0,1.0,0.3,1.0,1.0,0.25,1.0,0.25
rho_0.3,0.9176564935298996,0.054159227767049775,1.0,1.0,-1.5203966131917002,98,168,400,5,2,100,0.0,0,0.3,0.0,0.0,1.0,0.3,1.0,1.0,0.25,1.0,0.25
rho_0.3,1.0092486474888482,0.05780036465054584,1.0,1.0,0.16001019275162823,99,169,400,5,2,100,0.0,0,0.3,0.0,0.0,1.0,0.3,1.0,1.0,0.25,1.0,0.25
rho_0.5,1.1280373543799032,0.043752758267250544,1.0,1.0,2.9263836030136785,0,71,400,5,2,100,0.0,0,0.3,0.0,0.0,1.0,0.5,1.0,1.0,0.25,1.0,0.25
rho_0.5,0.9680937578458739,0.048657930265348114,1.0,1.0,-0.6557254281086468,1,72,400,5,2,100,0.0,0,0.3,0.0,0.0,1.0,0.5,1.0,1.0,0.25,1.0,0.25
rho_0.5,0.8929667512034588,0.04956021133669703,1.0,1.0,-2.1596608632152474,2,73,400,5,2,100,0.0,0,0.3,0.0,0.0,1.0,0.5,1.0,1.0,0.25,1.0,0.25
rho_0.5,0.9690740909408746,0.05014907425189875,1.0,1.0,-0.6166795603002478,3,74,400,5,2,100,0.0,0,0.3,0.0,0.0,1.0,0.5,1.0,1.0,0.25,1.0,0.25
rho_0.5,1.0080471288007482,0.05128321593298412,1.0,1.0,0.15691544795599463,4,75,400,5,2,100,0.0,0,0.3,0.0,0.0,1.0,0.5,1.0,1.0,0.25,1.0,0.25
rho_0.5,1.044587355361826,0.05654348832217822,1.0,1.0,0.7885497815022012,5,76,400,5,2,100,0.0,0,0.3,0.0,0.0,1.0,0.5,1.0,1.0,0.25,1.0,0.25
rho_0.5,1.0066403232103613,0.04591330632499409,1.0,1.0,0.144627423765962,6,77,400,5,2,100,0.0,0,0.3,0.0,0.0,1.0,0.5,1.0,1.0,0.25,1.0,0.25
rho_0.5,1.0522446214072652,0.051216118054166745,1.0,1.0,1.0200816343013475,7,78,400,5,2,100,0.0,0,0.3,0.0,0.0,1.0,0.5,1.0,1.0,0.25,1.0,0.25
rho_0.5,0.9397636611540304,0.04893202109538372,1.0,1.0,-1.2310208631797617,8,79,400,5,2,100,0.0,0,0.3,0.0,0.0,1.0,0.5,1.0,1.0,0.25,1.0,0.25
rho_0.5,0.8954683105001142,0.04736251205750915,1.0,1.0,-2.207055431792974,9,80,400,5,2,100,0.0,0,0.3,0.0,0.0,1.0,0.5,1.0,1.0,0.25,1.0,0.25
rho_0.5,1.089888531844886,0.05715286946334395,1.0,1.0,1.5727737327788551,10,81,400,5,2,100,0.0,0,0.3,0.0,0.0,1.0,0.5,1.0,1.0,0.25,1.0,0.25
rho_0.5,0.9414360254408176,0.049994098411797,1.0,1.0,-1.1714177556878027,11,82,400,5,2,100,0.0,0,0.3,0.0,0.0,1.0,0.5,1.0,1.0,0.25,1.0,0.25
rho_0.5,1.0071762383024803,0.050905393455026454,1.0,1.0,0.14097206239689078,12,83,400,5,2,100,0.0,0,0.3,0.0,0.0,1.0,0.5,1.0,1.0,0.25,1.0,0.25
rho_0.5,0.9317466832811027,0.04765575982475993,1.0,1.0,-1.432215475524446,13,84,400,5,2,100,0.0,0,0.3,0.0,0.0,1.0,0.5,1.0,1.0,0.25,1.0,0.25
rho_0.5,0.9560654509422358,0.04806037544495477,1.0,1.0,-0.9141532634942469,14,85,400,5,2,100,0.0,0,0.3,0.0,0.0,1.0,0.5,1.0,1.0,0.25,1.0,0.25
rho_0.5,1.0472065668869661,0.05772259472431975,1.0,1.0,0.8178178252800716,15,86,400,5,2,100,0.0,0,0.3,0.0,0.0,1.0,0.5,1.0,1.0,0.25,1.0,0.25
rho_0.5,1.0715178301079578,0.05762001733700106,1.0,1.0,1.241197649936008,16,87,400,5,2,100,0.0,0,0.3,0.0,0.0,1.0,0.5,1.0,1.0,0.25,1.0,0.25
rho_0.5,0.9949780435514791,0.05164511624952112,1.0,1.0,-0.09723971622519965,17,88,400,5,2,100,0.0,0,0.3,0.0,0.0,1.0,0.5,1.0,1.0,0.25,1.0,0.25
rho_0.5,0.9581776126387902,0.05050558864796258,1.0,1.0,-0.8280744464285524,18,89,400,5,2,100,0.0,0,0.3,0.0,0.0,1.0,0.5,1.0,1.0,0.25,1.0,0.25
rho_0.5,1.0082123268093923,0.05040163725480361,1.0,1.0,0.1629376991837628,19,90,400,5,2,100,0.0,0,0.3,0.0,0.0,1.0,0.5,1.0,1.0,0.25,1.0,0.25
rho_0.5,1.10179611695938,0.04891991924414304,1.0,1.0,2.0808725470569445,20,91,400,5,2,100,0.0,0,0.3,0.0,0.0,1.0,0.5,1.0,1.0,0.25,1.0,0.25
rho_0.5,0.9450593802877789,0.0516545646614689,1.0,1.0,-1.0636159664162919,21,92,400,5,2,100,0.0,0,0.3,0.0,0.0,1.0,0.5,1.0,1.0,0.25,1.0,0.25
rho_0.5,1.0530430721312212,0.051369104600815285,1.0,1.0,1.0325870490329574,22,93,400,5,2,100,0.0,0,0.3,0.0,0.0,1.0,0.5,1.0,1.0,0.25,1.0,0.25
rho_0.5,1.0587445786635417,0.04786857732671886,1.0,1.0,1.227205443407906,23,94,400,5,2,100,0.0,0,0.3,0.0,0.0,1.0,0.5,1.0,1.0,0.25,1.0,0.25
rho_0.5,1.0496711685807467,0.05383905649331929,1.0,1.0,0.922586163576441,24,95,400,5,2,100,0.0,0,0.3,0.0,0.0,1.0,0.5,1.0,1.0,0.25,1.0,0.25
rho_0.5,1.0499642273214522,0.0449466714251196,1.0,1.0,1.1116335367501415,25,96,400,5,2,100,0.0,0,0.3,0.0,0.0,1.0,0.5,1.0,1.0,0.25,1.0,0.25
rho_0.5,0.9789497314986787,0.04993690848935962,1.0,1.0,-0.42153727850026235,26,97,400,5,2,100,0.0,0,0.3,0.0,0.0,1.0,0.5,1.0,1.0,0.25,1.0,0.25
rho_0.5,0.991999989205036,0.04840745960563504,1.0,1.0,-0.16526400807103644,27,98,400,5,2,100,0.0,0,0.3,0.0,0.0,1.0,0.5,1.0,1.0,0.25,1.0,0.25
rho_0.5,0.9180325066820749,0.04932116444362517,1.0,1.0,-1.6619131815432937,28,99,400,5,2,100,0.0,0,0.3,0.0,0.0,1.0,0.5,1.0,1.0,0.25,1.0,0.25
rho_0.5,1.0784246749016677,0.053222594366780555,1.0,1.0,1.4735222105335268,29,100,400,5,2,100,0.0,0,0.3,0.0,0.0,1.0,0.5,1.0,1.0,0.25,1.0,0.25
rho_0.5,1.0332339050411028,0.058099198155460184,1.0,1.0,0.5720200294705696,30,101,400,5,2,100,0.0,0,0.3,0.0,0.0,1.0,0.5,1.0,1.0,0.25,1.0,0.25
rho_0.5,1.0405330812752431,0.04946620887722736,1.0,1.0,0.8194094958003392,31,102,400,5,2,100,0.0,0,0.3,0.0,0.0,1.0,0.5,1.0,1.0,0.25,1.0,0.25
rho_0.5,0.9785298210486595,0.050588120693889856,1.0,1.0,-0.4244114755963593,32,103,400,5,2,100,0.0,0,0.3,0.0,0.0,1.0,0.5,1.0,1.0,0.25,1.0,0.25
rho_0.5,1.002397086608385,0.05141404374733429,1.0,1.0,0.04662318762875318,33,104,400,5,2,100,0.0,0,0.3,0.0,0.0,1.0,0.5,1.0,1.0,0.25,1.0,0.25
rho_0.5,0.9666311591476082,0.051239883352597625,1.0,1.0,-0.6512278847859659,34,105,400,5,2,100,0.0,0,0.3,0.0,0.0,1.0,0.5,1.0,1.0,0.25,1.0,0.25
rho_0.5,1.0148875887701836,0.05754939091843429,1.0,1.0,0.25869237767058245,35,106,400,5,2,100,0.0,0,0.3,0.0,0.0,1.0,0.5,1.0,1.0,0.25,1.0,0.25
rho_0.5,1.0479922760093239,0.053966055997493795,1.0,1.0,0.8893048625149234,36,107,400,5,2,100,0.0,0,0.3,0.0,0.0,1.0,0.5,1.0,1.0,0.25,1.0,0.25
rho_0.5,0.9274018675714424,0.05132371247832945,1.0,1.0,-1.4145144402640577,37,108,400,5,2,100,0.0,0,0.3,0.0,0.0,1.0,0.5,1.0,1.0,0.25,1.0,0.25
rho_0.5,1.0601930903008832,0.04839750198420536,1.0,1.0,1.2437230814211717,38,109,400,5,2,100,0.0,0,0.3,0.0,0.0,1.0,0.5,1.0,1.0,0.25,1.0,0.25
rho_0.5,0.974343443161902,0.054288379069733834,1.0,1.0,-0.4725975849295838,39,110,400,5,2,100,0.0,0,0.3,0.0,0.0,1.0,0.5,1.0,1.0,0.25,1.0,0.25
rho_0.5,1.099855648739867,0.056686046412396385,1.0,1.0,1.7615560629049274,40,111,400,5,2,100,0.0,0,0.3,0.0,0.0,1.0,0.5,1.0,1.0,0.25,1.0,0.25
rho_0.5,0.9822025157017703,0.045121440391143575,1.0,1.0,-0.3944351985209005,41,112,400,5,2,100,0.0,0,0.3,0.0,0.0,1.0,0.5,1.0,1.0,0.25,1.0,0.25
rho_0.5,0.9493442976552828,0.048556906746595324,1.0,1.0,-1.0432234204924722,42,113,400,5,2,100,0.0,0,0.3,0.0,0.0,1.0,0.5,1.0,1.0,0.25,1.0,0.25
rho_0.5,1.0310526923796612,0.0468599419375989,1.0,1.0,0.6626703127590853,43,114,400,5,2,100,0.0,0,0.3,0.0,0.0,1.0,0.5,1.0,1.0,0.25,1.0,0.25
rho_0.5,1.0842393137059905,0.05117937841793617,1.0,1.0,1.6459620321701331,44,115,400,5,2,100,0.0,0,0.3,0.0,0.0,1.0,0.5,1.0,1.0,0.25,1.0,0.25
rho_0.5,1.004729353364793,0.04965214850569394,1.0,1.0,0.09524972246166989,45,116,400,5,2,100,0.0,0,0.3,0.0,0.0,1.0,0.5,1.0,1.0,0.25,1.0,0.25
rho_0.5,0.9069044614366346,0.052432804479299946,1.0,1.0,-1.7755208688125534,46,117,400,5,2,100,0.0,0,0.3,0.0,0.0,1.0,0.5,1.0,1.0,0.25,1.0,0.25
rho_0.5,0.977411083079333,0.04868724623794,1.0,1.0,-0.4639596334997557,47,118,400,5,2,100,0.0,0,0.3,0.0,0.0,1.0,0.5,1.0,1.0,0.25,1.0,0.25
rho_0.5,1.0064341461124102,0.04590829479684074,1.0,1.0,0.14015214768667467,48,119,400,5,2,100,0.0,0,0.3,0.0,0.0,1.0,0.5,1.0,1.0,0.25,1.0,0.25
rho_0.5,1.0400177951698717,0.052566739117956444,1.0,1.0,0.7612759673008114,49,120,400,5,2,100,0.0,0,0.3,0.0,0.0,1.0,0.5,1.0,1.0,0.25,1.0,0.25
rho_0.5,0.9898982443420389,0.05032115414826915,1.0,1.0,-0.20074570682931328,50,121,400,5,2,100,0.0,0,0.3,0.0,0.0,1.0,0.5,1.0,1.0,0.25,1.0,0.25
rho_0.5,0.9587936153313201,0.05519938368098142,1.0,1.0,-0.7465008107124439,51,122,400,5,2,100,0.0,0,0.3,0.0,0.0,1.0,0.5,1.0,1.0,0.25,1.0,0.25
rho_0.5,1.0510346326146187,0.05034674584010315,1.0,1.0,1.0136629838341535,52,123,400,5,2,100,0.0,0,0.3,0.0,0.0,1.0,0.5,1.0,1.0,0.25,1.0,0.25
rho_0.5,1.0792609755804785,0.05652944768973534,1.0,1.0,1.4021183439736804,53,124,400,5,2,100,0.0,0,0.3,0.0,0.0,1.0,0.5,1.0,1.0,0.25,1.0,0.25
rho_0.5,0.9339132079959828,0.05477512918121464,1.0,1.0,-1.2065109291733442,54,125,400,5,2,100,0.0,0,0.3,0.0,0.0,1.0,0.5,1.0,1.0,0.25,1.0,0.25
rho_0.5,0.9488241999773458,0.053924165779712784,1.0,1.0,-0.9490327626339922,55,126,400,5,2,100,0.0,0,0.3,0.0,0.0,1.0,0.5,1.0,1.0,0.25,1.0,0.25
rho_0.5,0.9542597094024432,0.051524603430273624,1.0,1.0,-0.8877368781587125,56,127,400,5,2,100,0.0,0,0.3,0.0,0.0,1.0,0.5,1.0,1.0,0.25,1.0,0.25
rho_0.5,1.0291045976282507,0.05758960917434165,1.0,1.0,0.5053793218172746,57,128,400,5,2,100,0.0,0,0.3,0.0,0.0,1.0,0.5,1.0,1.0,0.25,1.0,0.25
rho_0.5,0.9513065189038087,0.046259390244815964,1.0,1.0,-1.0526183081638896,58,129,400,5,2,100,0.0,0,0.3,0.0,0.0,1.0,0.5,1.0,1.0,0.25,1.0,0.25
rho_0.5,1.0472116412717656,0.0511014012560378,1.0,1.0,0.9238815396708396,59,130,400,5,2,100,0.0,0,0.3,0.0,0.0,1.0,0.5,1.0,1.0,0.25,1.0,0.25
rho_0.5,0.9926189271953518,0.05156898503340759,1.0,1.0,-0.14313007711644005,60,131,400,5,2,100,0.0,0,0.3,0.0,0.0,1.0,0.5,1.0,1.0,0.25,1.0,0.25
rho_0.5,0.972685202887897,0.0531664453061119,1.0,1.0,-0.513760078463681,61,132,400,5,2,100,0.0,0,0.3,0.0,0.0,1.0,0.5,1.0,1.0,0.25,1.0,0.25
rho_0.5,1.0174022401737453,0.04967006117670663,1.0,1.0,0.35035672921430266,62,133,400,5,2,100,0.0,0,0.3,0.0,0.0,1.0,0.5,1.0,1.0,0.25,1.0,0.25
rho_0.5,1.0061352522983662,0.05014513976174625,1.0,1.0,0.12234988929169449,63,134,400,5,2,100,0.0,0,0.3,0.0,0.0,1.0,0.5,1.0,1.0,0.25,1.0,0.25
rho_0.5,1.0066681812725238,0.05536981101032931,1.0,1.0,0.12042990847990828,64,135,400,5,2,100,0.0,0,0.3,0.0,0.0,1.0,0.5,1.0,1.0,0.25,1.0,0.25
rho_0.5,0.9936897137005097,0.04601500788972197,1.0,1.0,-0.13713539536086325,65,136,400,5,2,100,0.0,0,0.3,0.0,0.0,1.0,0.5,1.0,1.0,0.25,1.0,0.25
rho_0.5,0.9103443651764785,0.05057130926134951,1.0,1.0,-1.7728557186484233,66,137,400,5,2,100,0.0,0,0.3,0.0,0.0,1.0,0.5,1.0,1.0,0.25,1.0,0.25
rho_0.5,1.0352199952133434,0.0474897420585195,1.0,1.0,0.741633744187184,67,138,400,5,2,100,0.0,0,0.3,0.0,0.0,1.0,0.5,1.0,1.0,0.25,1.0,0.25
rho_0.5,0.8696696227995261,0.05030645552481636,1.0,1.0,-2.5907286816536192,68,139,400,5,2,100,0.0,0,0.3,0.0,0.0,1.0,0.5,1.0,1.0,0.25,1.0,0.25
rho_0.5,0.9931710353437763,0.048654374524305405,1.0,1.0,-0.1403566426038898,69,140,400,5,2,100,0.0,0,0.3,0.0,0.0,1.0,0.5,1.0,1.0,0.25,1.0,0.25
rho_0.5,0.9937380920069009,0.048597038961531676,1.0,1.0,-0.12885369411201986,70,141,400,5,2,100,0.0,0,0.3,0.0,0.0,1.0,0.5,1.0,1.0,0.25,1.0,0.25
rho_0.5,0.9770314905261094,0.05017045512747052,1.0,1.0,-0.45780947004633316,71,142,400,5,2,100,0.0,0,0.3,0.0,0.0,1.0,0.5,1.0,1.0,0.25,1.0,0.25
rho_0.5,1.007116019886052,0.05576222621232723,1.0,1.0,0.12761362609441365,72,143,400,5,2,100,0.0,0,0.3,0.0,0.0,1.0,0.5,1.0,1.0,0.25,1.0,0.25
rho_0.5,0.9550193465158029,0.05615723192563589,1.0,1.0,-0.800977041456763,73,144,400,5,2,100,0.0,0,0.3,0.0,0.0,1.0,0.5,1.0,1.0,0.25,1.0,0.25
rho_0.5,0.9501273639422402,0.05303570692972584,1.0,1.0,-0.9403595981824623,74,145,400,5,2,100,0.0,0,0.3,0.0,0.0,1.0,0.5,1.0,1.0,0.25,1.0,0.25
rho_0.5,0.9903896794822936,0.05292167487393717,1.0,1.0,-0.18159516947637777,75,146,400,5,2,100,0.0,0,0.3,0.0,0.0,1.0,0.5,1.0,1.0,0.25,1.0,0.25
rho_0.5,0.9360797406788908,0.049897148388610126,1.0,1.0,-1.281040327661292,76,147,400,5,2,100,0.0,0,0.3,0.0,0.0,1.0,0.5,1.0,1.0,0.25,1.0,0.25
rho_0.5,1.0207185298024664,0.044602807094013555,1.0,1.0,0.46451179090132044,77,148,400,5,2,100,0.0,0,0.3,0.0,0.0,1.0,0.5,1.0,1.0,0.25,1.0,0.25
rho_0.5,0.9787624612686917,0.05000363934925279,1.0,1.0,-0.42471986054802324,78,149,400,5,2,100,0.0,0,0.3,0.0,0.0,1.0,0.5,1.0,1.0,0.25,1.0,0.25
rho_0.5,0.9113733988950233,0.04894349794596495,1.0,1.0,-1.8107941774579133,79,150,400,5,2,100,0.0,0,0.3,0.0,0.0,1.0,0.5,1.0,1.0,0.25,1.0,0.25
rho_0.5,0.9612094187234757,0.043604696988231904,1.0,1.0,-0.8895963957046463,80,151,400,5,2,100,0.0,0,0.3,0.0,0.0,1.0,0.5,1.0,1.0,0.25,1.0,0.25
rho_0.5,1.0796028627968128,0.050147096947905874,1.0,1.0,1.5873872595158676,81,152,400,5,2,100,0.0,0,0.3,0.0,0.0,1.0,0.5,1.0,1.0,0.25,1.0,0.25
rho_0.5,0.995104493068495,0.048178749353337685,1.0,1.0,-0.1016113327392927,82,153,400,5,2,100,0.0,0,0.3,0.0,0.0,1.0,0.5,1.0,1.0,0.25,1.0,0.25
rho_0.5,0.9004121609408412,0.05305040513489469,1.0,1.0,-1.8772305094735917,83,154,400,5,2,100,0.0,0,0.3,0.0,0.0,1.0,0.5,1.0,1.0,0.25,1.0,0.25
rho_0.5,1.0258083554728505,0.048756142971116266,1.0,1.0,0.5293354621619624,84,155,400,5,2,100,0.0,0,0.3,0.0,0.0,1.0,0.5,1.0,1.0,0.25,1.0,0.25
rho_0.5,1.0092485642942852,0.04881959864391874,1.0,1.0,0.18944367735881168,85,156,400,5,2,100,0.0,0,0.3,0.0,0.0,1.0,0.5,1.0,1.0,0.25,1.0,0.25
rho_0.5,0.9322292522295584,0.05595492312873961,1.0,1.0,-1.2111668461149774,86,157,400,5,2,100,0.0,0,0.3,0.0,0.0,1.0,0.5,1.0,1.0,0.25,1.0,0.25
rho_0.5,0.9219006297006808,0.05548388452758224,1.0,1.0,-1.4076045858053494,87,158,400,5,2,100,0.0,0,0.3,0.0,0.0,1.0,0.5,1.0,1.0,0.25,1.0,0.25
rho_0.5,1.011771012452047,0.053930383853097716,1.0,1.0,0.218263094216245,88,159,400,5,2,100,0.0,0,0.3,0.0,0.0,1.0,0.5,1.0,1.0,0.25,1.0,0.25
rho_0.5,1.0183859713841392,0.04676942450265346,1.0,1.0,0.3931194702448412,89,160,400,5,2,100,0.0,0,0.3,0.0,0.0,1.0,0.5,1.0,1.0,0.25,1.0,0.25
rho_0.5,0.8714521517876233,0.05285909619162054,1.0,1.0,-2.431896446855153,90,161,400,5,2,100,0.0,0,0.3,0.0,0.0,1.0,0.5,1.0,1.0,0.25,1.0,0.25
rho_0.5,0.8809757641581706,0.055994950243589345,1.0,1.0,-2.125624459420893,91,162,400,5,2,100,0.0,0,0.3,0.0,0.0,1.0,0.5,1.0,1.0,0.25,1.0,0.25
rho_0.5,0.9489016267366794,0.04792495723324911,1.0,1.0,-1.0662163560131426,92,163,400,5,2,100,0.0,0,0.3,0.0,0.0,1.0,0.5,1.0,1.0,0.25,1.0,0.25
rho_0.5,0.8167929949547135,0.04961546667900555,1.0,1.0,-3.6925381802930684,93,164,400,5,2,100,0.0,0,0.3,0.0,0.0,1.0,0.5,1.0,1.0,0.25,1.0,0.25
rho_0.5,0.9596543712303848,0.04865302573824649,1.0,1.0,-0.8292522028676059,94,165,400,5,2,100,0.0,0,0.3,0.0,0.0,1.0,0.5,1.0,1.0,0.25,1.0,0.25
rho_0.5,0.9896991864585345,0.0476285718479784,1.0,1.0,-0.21627382770039372,95,166,400,5,2,100,0.0,0,0.3,0.0,0.0,1.0,0.5,1.0,1.0,0.25,1.0,0.25
rho_0.5,0.9256604337130263,0.05266094315382642,1.0,1.0,-1.4116641638913008,96,167,400,5,2,100,0.0,0,0.3,0.0,0.0,1.0,0.5,1.0,1.0,0.25,1.0,0.25
rho_0.5,0.9326571993488689,0.05411597561809526,1.0,1.0,-1.2444162723107783,97,168,400,5,2,100,0.0,0,0.3,0.0,0.0,1.0,0.5,1.0,1.0,0.25,1.0,0.25
rho_0.5,0.9752876228288335,0.05792271011105736,1.0,1.0,-0.4266440075712017,98,169,400,5,2,100,0.0,0,0.3,0.0,0.0,1.0,0.5,1.0,1.0,0.25,1.0,0.25
rho_0.5,1.0727393027587613,0.052519784693627385,1.0,1.0,1.3849885939762294,99,170,400,5,2,100,0.0,0,0.3,0.0,0.0,1.0,0.5,1.0,1.0,0.25,1.0,0.25
rho_0.7,0.9535141555191256,0.049491028925187905,1.0,1.0,-0.9392781983002176,0,72,400,5,2,100,0.0,0,0.3,0.0,0.0,1.0,0.7,1.0,1.0,0.25,1.0,0.25
rho_0.7,0.9004646029747967,0.049855606941377216,1.0,1.0,-1.996473478745172,1,73,400,5,2,100,0.0,0,0.3,0.0,0.0,1.0,0.7,1.0,1.0,0.25,1.0,0.25
rho_0.7,0.9691233384591987,0.05122341057709428,1.0,1.0,-0.6027841799860252,2,74,400,5,2,100,0.0,0,0.3,0.0,0.0,1.0,0.7,1.0,1.0,0.25,1.0,0.25
rho_0.7,1.0231961546750952,0.04989360685365243,1.0,1.0,0.46491236328401686,3,75,400,5,2,100,0.0,0,0.3,0.0,0.0,1.0,0.7,1.0,1.0,0.25,1.0,0.25
rho_0.7,1.0589775983718028,0.054965919918935034,1.0,1.0,1.0729848323976805,4,76,400,5,2,100,0.0,0,0.3,0.0,0.0,1.0,0.7,1.0,1.0,0.25,1.0,0.25
rho_0.7,0.9797221295845248,0.04690135829716466,1.0,1.0,-0.4323514531710504,5,77,400,5,2,100,0.0,0,0.3,0.0,0.0,1.0,0.7,1.0,1.0,0.25,1.0,0.25
rho_0.7,1.0332604816934392,0.053457436006268344,1.0,1.0,0.6221862509368973,6,78,400,5,2,100,0.0,0,0.3,0.0,0.0,1.0,0.7,1.0,1.0,0.25,1.0,0.25
rho_0.7,0.9157469728891162,0.04785848198063228,1.0,1.0,-1.7604617535712879,7,79,400,5,2,100,0.0,0,0.3,0.0,0.0,1.0,0.7,1.0,1.0,0.25,1.0,0.25
rho_0.7,0.9062547490053843,0.046811583095538636,1.0,1.0,-2.002608004161903,8,80,400,5,2,100,0.0,0,0.3,0.0,0.0,1.0,0.7,1.0,1.0,0.25,1.0,0.25
rho_0.7,1.0484009891854567,0.05624911878736118,1.0,1.0,0.8604755101751399,9,81,400,5,2,100,0.0,0,0.3,0.0,0.0,1.0,0.7,1.0,1.0,0.25,1.0,0.25
rho_0.7,0.9181300095946101,0.048564792684913434,1.0,1.0,-1.6857889404894475,10,82,400,5,2,100,0.0,0,0.3,0.0,0.0,1.0,0.7,1.0,1.0,0.25,1.0,0.25
rho_0.7,1.0187315507987849,0.05256766376590241,1.0,1.0,0.35633219087310714,11,83,400,5,2,100,0.0,0,0.3,0.0,0.0,1.0,0.7,1.0,1.0,0.25,1.0,0.25
rho_0.7,0.90333879045877,0.04770724161334442,1.0,1.0,-2.02613285263159,12,84,400,5,2,100,0.0,0,0.3,0.0,0.0,1.0,0.7,1.0,1.0,0.25,1.0,0.25
rho_0.7,0.9592987218629251,0.04683385544900985,1.0,1.0,-0.869056748517923,13,85,400,5,2,100,0.0,0,0.3,0.0,0.0,1.0,0.7,1.0,1.0,0.25,1.0,0.25
rho_0.7,1.0644406989102948,0.058610193559965204,1.0,1.0,1.099479373743482,14,86,400,5,2,100,0.0,0,0.3,0.0,0.0,1.0,0.7,1.0,1.0,0.25,1.0,0.25
rho_0.7,1.0457382705532483,0.05740542498170238,1.0,1.0,0.7967586786061961,15,87,400,5,2,100,0.0,0,0.3,0.0,0.0,1.0,0.7,1.0,1.0,0.25,1.0,0.25
rho_0.7,1.002030372006307,0.052710620784687974,1.0,1.0,0.03851922015110996,16,88,400,5,2,100,0.0,0,0.3,0.0,0.0,1.0,0.7,1.0,1.0,0.25,1.0,0.25
rho_0.7,0.921997915487589,0.051159982369014645,1.0,1.0,-1.52466988650984,17,89,400,5,2,100,0.0,0,0.3,0.0,0.0,1.0,0.7,1.0,1.0,0.25,1.0,0.25
rho_0.7,1.005475204941303,0.051671286751061515,1.0,1.0,0.10596223329372488,18,90,400,5,2,100,0.0,0,0.3,0.0,0.0,1.0,0.7,1.0,1.0,0.25,1.0,0.25
rho_0.7,1.0615745645123147,0.04975755100590648,1.0,1.0,1.2374918633958787,19,91,400,5,2,100,0.0,0,0.3,0.0,0.0,1.0,0.7,1.0,1.0,0.25,1.0,0.25
rho_0.7,0.9401944616865173,0.053052847291923104,1.0,1.0,-1.1272823489454376,20,92,400,5,2,100,0.0,0,0.3,0.0,0.0,1.0,0.7,1.0,1.0,0.25,1.0,0.25
rho_0.7,1.0772927065186781,0.0509584376584099,1.0,1.0,1.516779361188327,21,93,400,5,2,100,0.0,0,0.3,0.0,0.0,1.0,0.7,1.0,1.0,0.25,1.0,0.25
rho_0.7,1.0691127109391498,0.04815890047954123,1.0,1.0,1.4350973600094994,22,94,400,5,2,100,0.0,0,0.3,0.0,0.0,1.0,0.7,1.0,1.0,0.25,1.0,0.25
rho_0.7,1.0324143828060866,0.053994364661683114,1.0,1.0,0.6003289974646056,23,95,400,5,2,100,0.0,0,0.3,0.0,0.0,1.0,0.7,1.0,1.0,0.25,1.0,0.25
rho_0.7,1.0893250557792367,0.046385508077719274,1.0,1.0,1.9257104100179705,24,96,400,5,2,100,0.0,0,0.3,0.0,0.0,1.0,0.7,1.0,1.0,0.25,1.0,0.25
rho_0.7,0.970345751837956,0.0496132629755819,1.0,1.0,-0.5977080801284705,25,97,400,5,2,100,0.0,0,0.3,0.0,0.0,1.0,0.7,1.0,1.0,0.25,1.0,0.25
rho_0.7,1.0163231720265886,0.049097374103663,1.0,1.0,0.33246527588469943,26,98,400,5,2,100,0.0,0,0.3,0.0,0.0,1.0,0.7,1.0,1.0,0.25,1.0,0.25
rho_0.7,0.9363643761735256,0.046395888303814505,1.0,1.0,-1.371578951345188,27,99,400,5,2,100,0.0,0,0.3,0.0,0.0,1.0,0.7,1.0,1.0,0.25,1.0,0.25
rho_0.7,1.0639936509223462,0.05175583497023687,1.0,1.0,1.2364528745241365,28,100,400,5,2,100,0.0,0,0.3,0.0,0.0,1.0,0.7,1.0,1.0,0.25,1.0,0.25
rho_0.7,1.0114539696452787,0.05650618611827617,1.0,1.0,0.2027029327603839,29,101,400,5,2,100,0.0,0,0.3,0.0,0.0,1.0,0.7,1.0,1.0,0.25,1.0,0.25
rho_0.7,1.0609797346094187,0.04888170735665086,1.0,1.0,1.247496004272073,30,102,400,5,2,100,0.0,0,0.3,0.0,0.0,1.0,0.7,1.0,1.0,0.25,1.0,0.25
rho_0.7,0.9763112164021299,0.04874434819831304,1.0,1.0,-0.4859801079192584,31,103,400,5,2,100,0.0,0,0.3,0.0,0.0,1.0,0.7,1.0,1.0,0.25,1.0,0.25
rho_0.7,1.0167676148131493,0.05153204068214172,1.0,1.0,0.32538231731544887,32,104,400,5,2,100,0.0,0,0.3,0.0,0.0,1.0,0.7,1.0,1.0,0.25,1.0,0.25
rho_0.7,0.9717696011804997,0.04979380508293899,1.0,1.0,-0.5669460040757753,33,105,400,5,2,100,0.0,0,0.3,0.0,0.0,1.0,0.7,1.0,1.0,0.25,1.0,0.25
rho_0.7,1.00836873936872,0.0558079916264917,1.0,1.0,0.14995593148611658,34,106,400,5,2,100,0.0,0,0.3,0.0,0.0,1.0,0.7,1.0,1.0,0.25,1.0,0.25
rho_0.7,1.0272285908377465,0.05286814242130867,1.0,1.0,0.515028325012077,35,107,400,5,2,100,0.0,0,0.3,0.0,0.0,1.0,0.7,1.0,1.0,0.25,1.0,0.25
rho_0.7,0.9434502958864392,0.04927458242771043,1.0,1.0,-1.1476445121888852,36,108,400,5,2,100,0.0,0,0.3,0.0,0.0,1.0,0.7,1.0,1.0,0.25,1.0,0.25
rho_0.7,1.0410507274022724,0.04890752923873409,1.0,1.0,0.8393539408194195,37,109,400,5,2,100,0.0,0,0.3,0.0,0.0,1.0,0.7,1.0,1.0,0.25,1.0,0.25
rho_0.7,1.0134468761260733,0.05510879702025034,1.0,1.0,0.24400598186042985,38,110,400,5,2,100,0.0,0,0.3,0.0,0.0,1.0,0.7,1.0,1.0,0.25,1.0,0.25
rho_0.7,1.1095928520944989,0.05672799590323183,1.0,1.0,1.931900648869129,39,111,400,5,2,100,0.0,0,0.3,0.0,0.0,1.0,0.7,1.0,1.0,0.25,1.0,0.25
rho_0.7,0.9890981830364245,0.044824988817732454,1.0,1.0,-0.2432084703446222,40,112,400,5,2,100,0.0,0,0.3,0.0,0.0,1.0,0.7,1.0,1.0,0.25,1.0,0.25
rho_0.7,0.9197753212043861,0.04998245601184218,1.0,1.0,-1.605056757847324,41,113,400,5,2,100,0.0,0,0.3,0.0,0.0,1.0,0.7,1.0,1.0,0.25,1.0,0.25
rho_0.7,0.9915555570651632,0.04750429518950524,1.0,1.0,-0.1777616718898796,42,114,400,5,2,100,0.0,0,0.3,0.0,0.0,1.0,0.7,1.0,1.0,0.25,1.0,0.25
rho_0.7,1.0593766079316047,0.05120744708156921,1.0,1.0,1.1595307189796573,43,115,400,5,2,100,0.0,0,0.3,0.0,0.0,1.0,0.7,1.0,1.0,0.25,1.0,0.25
rho_0.7,1.0123840965576296,0.05102254419779646,1.0,1.0,0.24271813082508847,44,116,400,5,2,100,0.0,0,0.3,0.0,0.0,1.0,0.7,1.0,1.0,0.25,1.0,0.25
rho_0.7,0.939016950326666,0.0511000754247149,1.0,1.0,-1.1934042986527402,45,117,400,5,2,100,0.0,0,0.3,0.0,0.0,1.0,0.7,1.0,1.0,0.25,1.0,0.25
rho_0.7,0.9724815891144217,0.04740493051925636,1.0,1.0,-0.5804968087528367,46,118,400,5,2,100,0.0,0,0.3,0.0,0.0,1.0,0.7,1.0,1.0,0.25,1.0,0.25
rho_0.7,1.0020288094825276,0.044973285665689935,1.0,1.0,0.04511143565557564,47,119,400,5,2,100,0.0,0,0.3,0.0,0.0,1.0,0.7,1.0,1.0,0.25,1.0,0.25
rho_0.7,1.024248155833567,0.049722819254880604,1.0,1.0,0.4876665522377209,48,120,400,5,2,100,0.0,0,0.3,0.0,0.0,1.0,0.7,1.0,1.0,0.25,1.0,0.25
rho_0.7,0.9917770582988743,0.05284194560087307,1.0,1.0,-0.15561390875414388,49,121,400,5,2,100,0.0,0,0.3,0.0,0.0,1.0,0.7,1.0,1.0,0.25,1.0,0.25
rho_0.7,0.955548007816712,0.0547890904473556,1.0,1.0,-0.8113292595357087,50,122,400,5,2,100,0.0,0,0.3,0.0,0.0,1.0,0.7,1.0,1.0,0.25,1.0,0.25
rho_0.7,1.0280585132039566,0.05136500438141772,1.0,1.0,0.5462573894787263,51,123,400,5,2,100,0.0,0,0.3,0.0,0.0,1.0,0.7,1.0,1.0,0.25,1.0,0.25
rho_0.7,1.0713621978008991,0.05602113080651446,1.0,1.0,1.2738442936357282,52,124,400,5,2,100,0.0,0,0.3,0.0,0.0,1.0,0.7,1.0,1.0,0.25,1.0,0.25
rho_0.7,0.9438416176543223,0.05367459888104423,1.0,1.0,-1.0462748398015633,53,125,400,5,2,100,0.0,0,0.3,0.0,0.0,1.0,0.7,1.0,1.0,0.25,1.0,0.25
rho_0.7,0.9390107650503952,0.05539989468484545,1.0,1.0,-1.1008908102904453,54,126,400,5,2,100,0.0,0,0.3,0.0,0.0,1.0,0.7,1.0,1.0,0.25,1.0,0.25
rho_0.7,0.9685264204550186,0.05201727898702306,1.0,1.0,-0.6050600907600963,55,127,400,5,2,100,0.0,0,0.3,0.0,0.0,1.0,0.7,1.0,1.0,0.25,1.0,0.25
rho_0.7,1.0735151882774683,0.054527741167606676,1.0,1.0,1.3482162786002492,56,128,400,5,2,100,0.0,0,0.3,0.0,0.0,1.0,0.7,1.0,1.0,0.25,1.0,0.25
rho_0.7,0.9645963866627779,0.04707312211581816,1.0,1.0,-0.7520982621487363,57,129,400,5,2,100,0.0,0,0.3,0.0,0.0,1.0,0.7,1.0,1.0,0.25,1.0,0.25
rho_0.7,1.0537539148375379,0.050257278371702144,1.0,1.0,1.0695747278627916,58,130,400,5,2,100,0.0,0,0.3,0.0,0.0,1.0,0.7,1.0,1.0,0.25,1.0,0.25
rho_0.7,0.9775733160551595,0.054475016726948655,1.0,1.0,-0.41168750910628105,59,131,400,5,2,100,0.0,0,0.3,0.0,0.0,1.0,0.7,1.0,1.0,0.25,1.0,0.25
rho_0.7,0.9913879406058504,0.05429914446316558,1.0,1.0,-0.15860396106225275,60,132,400,5,2,100,0.0,0,0.3,0.0,0.0,1.0,0.7,1.0,1.0,0.25,1.0,0.25
rho_0.7,1.0224965078627157,0.04928192990733968,1.0,1.0,0.45648593521020514,61,133,400,5,2,100,0.0,0,0.3,0.0,0.0,1.0,0.7,1.0,1.0,0.25,1.0,0.25
rho_0.7,0.9682554795860742,0.05103477090084823,1.0,1.0,-0.6220174961811815,62,134,400,5,2,100,0.0,0,0.3,0.0,0.0,1.0,0.7,1.0,1.0,0.25,1.0,0.25
rho_0.7,0.9970119967310958,0.056898836917189194,1.0,1.0,-0.052514311905057065,63,135,400,5,2,100,0.0,0,0.3,0.0,0.0,1.0,0.7,1.0,1.0,0.25,1.0,0.25
rho_0.7,0.9740057110172936,0.04747225104742371,1.0,1.0,-0.5475680720667466,64,136,400,5,2,100,0.0,0,0.3,0.0,0.0,1.0,0.7,1.0,1.0,0.25,1.0,0.25
rho_0.7,0.9531238444869591,0.050621699175499996,1.0,1.0,-0.9260091280327497,65,137,400,5,2,100,0.0,0,0.3,0.0,0.0,1.0,0.7,1.0,1.0,0.25,1.0,0.25
rho_0.7,1.0296505455363685,0.04752254573442495,1.0,1.0,0.6239258667258194,66,138,400,5,2,100,0.0,0,0.3,0.0,0.0,1.0,0.7,1.0,1.0,0.25,1.0,0.25
rho_0.7,0.865915099996975,0.051606290262034095,1.0,1.0,-2.5982278385483766,67,139,400,5,2,100,0.0,0,0.3,0.0,0.0,1.0,0.7,1.0,1.0,0.25,1.0,0.25
rho_0.7,0.9645075891946855,0.04686744138541109,1.0,1.0,-0.7572935444340813,68,140,400,5,2,100,0.0,0,0.3,0.0,0.0,1.0,0.7,1.0,1.0,0.25,1.0,0.25
rho_0.7,0.9915086334943024,0.04904299289129565,1.0,1.0,-0.17314127880651178,69,141,400,5,2,100,0.0,0,0.3,0.0,0.0,1.0,0.7,1.0,1.0,0.25,1.0,0.25
rho_0.7,1.0048336804749505,0.05000826672044938,1.0,1.0,0.09665762866709968,70,142,400,5,2,100,0.0,0,0.3,0.0,0.0,1.0,0.7,1.0,1.0,0.25,1.0,0.25
rho_0.7,0.9809744199992171,0.055349016806162304,1.0,1.0,-0.34373835523424684,71,143,400,5,2,100,0.0,0,0.3,0.0,0.0,1.0,0.7,1.0,1.0,0.25,1.0,0.25
rho_0.7,0.9665485406052245,0.054954389206617306,1.0,1.0,-0.608713150627601,72,144,400,5,2,100,0.0,0,0.3,0.0,0.0,1.0,0.7,1.0,1.0,0.25,1.0,0.25
rho_0.7,0.9597224554529947,0.054761047441225605,1.0,1.0,-0.7355145021693512,73,145,400,5,2,100,0.0,0,0.3,0.0,0.0,1.0,0.7,1.0,1.0,0.25,1.0,0.25
rho_0.7,1.0075870528061546,0.051835773630981914,1.0,1.0,0.14636711820231882,74,146,400,5,2,100,0.0,0,0.3,0.0,0.0,1.0,0.7,1.0,1.0,0.25,1.0,0.25
rho_0.7,0.9567757955595769,0.04981320640531639,1.0,1.0,-0.867725801240731,75,147,400,5,2,100,0.0,0,0.3,0.0,0.0,1.0,0.7,1.0,1.0,0.25,1.0,0.25
rho_0.7,0.9867921174081102,0.0459487800788772,1.0,1.0,-0.28744794898181575,76,148,400,5,2,100,0.0,0,0.3,0.0,0.0,1.0,0.7,1.0,1.0,0.25,1.0,0.25
rho_0.7,0.9645556534541608,0.04978743359286819,1.0,1.0,-0.7119135088520891,77,149,400,5,2,100,0.0,0,0.3,0.0,0.0,1.0,0.7,1.0,1.0,0.25,1.0,0.25
rho_0.7,0.9451681132701202,0.04778291976866504,1.0,1.0,-1.147520641169302,78,150,400,5,2,100,0.0,0,0.3,0.0,0.0,1.0,0.7,1.0,1.0,0.25,1.0,0.25
rho_0.7,0.9692278025535994,0.04310534250488032,1.0,1.0,-0.7138836083466128,79,151,400,5,2,100,0.0,0,0.3,0.0,0.0,1.0,0.7,1.0,1.0,0.25,1.0,0.25
rho_0.7,1.0656444001198666,0.049661836743249345,1.0,1.0,1.321827874777302,80,152,400,5,2,100,0.0,0,0.3,0.0,0.0,1.0,0.7,1.0,1.0,0.25,1.0,0.25
rho_0.7,0.9877861309019539,0.051919954336948,1.0,1.0,-0.23524421879844204,81,153,400,5,2,100,0.0,0,0.3,0.0,0.0,1.0,0.7,1.0,1.0,0.25,1.0,0.25
rho_0.7,0.84728968171112,0.051190111453609605,1.0,1.0,-2.9831995663317095,82,154,400,5,2,100,0.0,0,0.3,0.0,0.0,1.0,0.7,1.0,1.0,0.25,1.0,0.25
rho_0.7,1.0453145736751355,0.047668169445655495,1.0,1.0,0.9506254215781611,83,155,400,5,2,100,0.0,0,0.3,0.0,0.0,1.0,0.7,1.0,1.0,0.25,1.0,0.25
rho_0.7,0.9611610677505477,0.05094539236100052,1.0,1.0,-0.7623639832673884,84,156,400,5,2,100,0.0,0,0.3,0.0,0.0,1.0,0.7,1.0,1.0,0.25,1.0,0.25
rho_0.7,0.9341192362235486,0.054227540673874836,1.0,1.0,-1.214894921616659,85,157,400,5,2,100,0.0,0,0.3,0.0,0.0,1.0,0.7,1.0,1.0,0.25,1.0,0.25
rho_0.7,0.9484819018417111,0.05406255350523803,1.0,1.0,-0.9529349765785182,86,158,400,5,2,100,0.0,0,0.3,0.0,0.0,1.0,0.7,1.0,1.0,0.25,1.0,0.25
rho_0.7,1.0186847526118519,0.05255679035025359,1.0,1.0,0.35551548120292925,87,159,400,5,2,100,0.0,0,0.3,0.0,0.0,1.0,0.7,1.0,1.0,0.25,1.0,0.25
rho_0.7,0.9922173541374022,0.047275404061825295,1.0,1.0,-0.16462357153880489,88,160,400,5,2,100,0.0,0,0.3,0.0,0.0,1.0,0.7,1.0,1.0,0.25,1.0,0.25
rho_0.7,0.9205606209116647,0.05329725288751767,1.0,1.0,-1.490496691377131,89,161,400,5,2,100,0.0,0,0.3,0.0,0.0,1.0,0.7,1.0,1.0,0.25,1.0,0.25
rho_0.7,0.8862761039168172,0.05710236093055113,1.0,1.0,-1.9915795814729227,90,162,400,5,2,100,0.0,0,0.3,0.0,0.0,1.0,0.7,1.0,1.0,0.25,1.0,0.25
rho_0.7,0.9765652515690206,0.04717810934429392,1.0,1.0,-0.4967292830655526,91,163,400,5,2,100,0.0,0,0.3,0.0,0.0,1.0,0.7,1.0,1.0,0.25,1.0,0.25
rho_0.7,0.8592058407895333,0.0493110246677108,1.0,1.0,-2.855226800887382,92,164,400,5,2,100,0.0,0,0.3,0.0,0.0,1.0,0.7,1.0,1.0,0.25,1.0,0.25
rho_0.7,0.9473617147910018,0.04884449987784381,1.0,1.0,-1.0776706761384045,93,165,400,5,2,100,0.0,0,0.3,0.0,0.0,1.0,0.7,1.0,1.0,0.25,1.0,0.25
rho_0.7,0.9838573283902368,0.048923833495923,1.0,1.0,-0.3299551661483858,94,166,400,5,2,100,0.0,0,0.3,0.0,0.0,1.0,0.7,1.0,1.0,0.25,1.0,0.25
rho_0.7,0.9476413897495314,0.050258229462486564,1.0,1.0,-1.0417917783902397,95,167,400,5,2,100,0.0,0,0.3,0.0,0.0,1.0,0.7,1.0,1.0,0.25,1.0,0.25
rho_0.7,0.9420561144826435,0.05511016029209082,1.0,1.0,-1.0514192883897742,96,168,400,5,2,100,0.0,0,0.3,0.0,0.0,1.0,0.7,1.0,1.0,0.25,1.0,0.25
rho_0.7,0.9721345892267177,0.05665368319024751,1.0,1.0,-0.4918552370144775,97,169,400,5,2,100,0.0,0,0.3,0.0,0.0,1.0,0.7,1.0,1.0,0.25,1.0,0.25
rho_0.7,1.082081739003309,0.05406040265747822,1.0,1.0,1.5183338445214971,98,170,400,5,2,100,0.0,0,0.3,0.0,0.0,1.0,0.7,1.0,1.0,0.25,1.0,0.25
rho_0.7,1.0847202427006146,0.045776071076943856,1.0,1.0,1.850753913725153,99,171,400,5,2,100,0.0,0,0.3,0.0,0.0,1.0,0.7,1.0,1.0,0.25,1.0,0.25
s1_0.5,0.7888071298911822,0.09632847219480639,1.0,1.0,-2.192424163872542,0,73,400,5,2,100,0.0,0,0.3,0.0,0.0,1.0,0.7,0.5,1.0,0.25,1.0,0.25
s1_0.5,0.9298993693693186,0.10044400621269174,1.0,1.0,-0.6979075534108249,1,74,400,5,2,100,0.0,0,0.3,0.0,0.0,1.0,0.7,0.5,1.0,0.25,1.0,0.25
s1_0.5,1.0386262700493385,0.09836729642078418,1.0,1.0,0.39267390133513,2,75,400,5,2,100,0.0,0,0.3,0.0,0.0,1.0,0.7,0.5,1.0,0.25,1.0,0.25
s1_0.5,1.1128618510025896,0.11537550630155577,1.0,1.0,0.9782132674469376,3,76,400,5,2,100,0.0,0,0.3,0.0,0.0,1.0,0.7,0.5,1.0,0.25,1.0,0.25
s1_0.5,1.0001794188599218,0.09051375888616865,1.0,1.0,0.0019822274771223104,4,77,400,5,2,100,0.0,0,0.3,0.0,0.0,1.0,0.7,0.5,1.0,0.25,1.0,0.25
s1_0.5,1.0319724618208403,0.10129879486396627,1.0,1.0,0.3156252931120852,5,78,400,5,2,100,0.0,0,0.3,0.0,0.0,1.0,0.7,0.5,1.0,0.25,1.0,0.25
s1_0.5,0.8395867821149888,0.09465497321821063,1.0,1.0,-1.6947151579157527,6,79,400,5,2,100,0.0,0,0.3,0.0,0.0,1.0,0.7,0.5,1.0,0.25,1.0,0.25
s1_0.5,0.8239380629855994,0.09234142817668553,1.0,1.0,-1.9066408273166926,7,80,400,5,2,100,0.0,0,0.3,0.0,0.0,1.0,0.7,0.5,1.0,0.25,1.0,0.25
s1_0.5,1.2147941823297193,0.10739769898769937,1.0,1.0,1.9999886808964165,8,81,400,5,2,100,0.0,0,0.3,0.0,0.0,1.0,0.7,0.5,1.0,0.25,1.0,0.25
s1_0.5,0.8426207409616228,0.09807500723608964,1.0,1.0,-1.6046826145985216,9,82,400,5,2,100,0.0,0,0.3,0.0,0.0,1.0,0.7,0.5,1.0,0.25,1.0,0.25
s1_0.5,1.0471595797132025,0.10034047891447737,1.0,1.0,0.46999556134666015,10,83,400,5,2,100,0.0,0,0.3,0.0,0.0,1.0,0.7,0.5,1.0,0.25,1.0,0.25
s1_0.5,0.8752922269932122,0.0953158867192264,1.0,1.0,-1.3083629319227925,11,84,400,5,2,100,0.0,0,0.3,0.0,0.0,1.0,0.7,0.5,1.0,0.25,1.0,0.25
s1_0.5,0.928202579395333,0.0927849700762005,1.0,1.0,-0.7738044270069032,12,85,400,5,2,100,0.0,0,0.3,0.0,0.0,1.0,0.7,0.5,1.0,0.25,1.0,0.25
s1_0.5,1.171721027049829,0.11922886474427995,1.0,1.0,1.4402638775277565,13,86,400,5,2,100,0.0,0,0.3,0.0,0.0,1.0,0.7,0.5,1.0,0.25,1.0,0.25
s1_0.5,1.0546303279504785,0.1157411154173288,1.0,1.0,0.4720045055164488,14,87,400,5,2,100,0.0,0,0.3,0.0,0.0,1.0,0.7,0.5,1.0,0.25,1.0,0.25
s1_0.5,1.0216052554682862,0.10567330444236181,1.0,1.0,0.20445329671762555,15,88,400,5,2,100,0.0,0,0.3,0.0,0.0,1.0,0.7,0.5,1.0,0.25,1.0,0.25
s1_0.5,0.8814160576680118,0.10125365022526361,1.0,1.0,-1.171157208339345,16,89,400,5,2,100,0.0,0,0.3,0.0,0.0,1.0,0.7,0.5,1.0,0.25,1.0,0.25
s1_0.5,1.0134636478263306,0.1016129215363988,1.0,1.0,0.13249936743042828,17,90,400,5,2,100,0.0,0,0.3,0.0,0.0,1.0,0.7,0.5,1.0,0.25,1.0,0.25
s1_0.5,1.123375945309602,0.0971119322960777,1.0,1.0,1.2704509362809273,18,91,400,5,2,100,0.0,0,0.3,0.0,0.0,1.0,0.7,0.5,1.0,0.25,1.0,0.25
s1_0.5,0.8786116575554791,0.10268153550055228,1.0,1.0,-1.1821827736873685,19,92,400,5,2,100,0.0,0,0.3,0.0,0.0,1.0,0.7,0.5,1.0,0.25,1.0,0.25
s1_0.5,1.1365558883634768,0.09827994028308415,1.0,1.0,1.3894583978189559,20,93,400,5,2,100,0.0,0,0.3,0.0,0.0,1.0,0.7,0.5,1.0,0.25,1.0,0.25
s1_0.5,1.1008563435494692,0.09600545705845562,1.0,1.0,1.0505271954286926,21,94,400,5,2,100,0.0,0,0.3,0.0,0.0,1.0,0.7,0.5,1.0,0.25,1.0,0.25
s1_0.5,1.1055494626290978,0.10386318385541078,1.0,1.0,1.016235577527014,22,95,400,5,2,100,0.0,0,0.3,0.0,0.0,1.0,0.7,0.5,1.0,0.25,1.0,0.25
s1_0.5,1.1734144016554322,0.08577716353351364,1.0,1.0,2.0216849626611655,23,96,400,5,2,100,0.0,0,0.3,0.0,0.0,1.0,0.7,0.5,1.0,0.25,1.0,0.25
s1_0.5,0.9308192710790264,0.09914970877165176,1.0,1.0,-0.697740112180272,24,97,400,5,2,100,0.0,0,0.3,0.0,0.0,1.0,0.7,0.5,1.0,0.25,1.0,0.25
s1_0.5,1.038420741233115,0.09454909433521277,1.0,1.0,0.4063575807177883,25,98,400,5,2,100,0.0,0,0.3,0.0,0.0,1.0,0.7,0.5,1.0,0.25,1.0,0.25
s1_0.5,0.8600634365432303,0.08985876021171448,1.0,1.0,-1.557294615762202,26,99,400,5,2,100,0.0,0,0.3,0.0,0.0,1.0,0.7,0.5,1.0,0.25,1.0,0.25
s1_0.5,1.1074124851866867,0.1036572836838571,1.0,1.0,1.0362270876620934,27,100,400,5,2,100,0.0,0,0.3,0.0,0.0,1.0,0.7,0.5,1.0,0.25,1.0,0.25
s1_0.5,1.0115559899577333,0.10936503905645063,1.0,1.0,0.10566438834048698,28,101,400,5,2,100,0.0,0,0.3,0.0,0.0,1.0,0.7,0.5,1.0,0.25,1.0,0.25
s1_0.5,1.0709175206791182,0.09228726632107798,1.0,1.0,0.7684431829672793,29,102,400,5,2,100,0.0,0,0.3,0.0,0.0,1.0,0.7,0.5,1.0,0.25,1.0,0.25
s1_0.5,0.956457832171893,0.0982192782536819,1.0,1.0,-0.4433159009338862,30,103,400,5,2,100,0.0,0,0.3,0.0,0.0,1.0,0.7,0.5,1.0,0.25,1.0,0.25
s1_0.5,1.0363350453187057,0.09802023085193068,1.0,1.0,0.3706892444845737,31,104,400,5,2,100,0.0,0,0.3,0.0,0.0,1.0,0.7,0.5,1.0,0.25,1.0,0.25
s1_0.5,0.9213045833890005,0.09600852361523403,1.0,1.0,-0.819671146349267,32,105,400,5,2,100,0.0,0,0.3,0.0,0.0,1.0,0.7,0.5,1.0,0.25,1.0,0.25
s1_0.5,1.0021746636016002,0.11092112821720147,1.0,1.0,0.019605494792136382,33,106,400,5,2,100,0.0,0,0.3,0.0,0.0,1.0,0.7,0.5,1.0,0.25,1.0,0.25
s1_0.5,1.0712005463601826,0.10390775337929843,1.0,1.0,0.6852284266052459,34,107,400,5,2,100,0.0,0,0.3,0.0,0.0,1.0,0.7,0.5,1.0,0.25,1.0,0.25
s1_0.5,0.8583991170202475,0.0993882683893445,1.0,1.0,-1.4247243188204457,35,108,400,5,2,100,0.0,0,0.3,0.0,0.0,1.0,0.7,0.5,1.0,0.25,1.0,0.25
s1_0.5,1.10812269377149,0.09426031941683106,1.0,1.0,1.1470647929099185,36,109,400,5,2,100,0.0,0,0.3,0.0,0.0,1.0,0.7,0.5,1.0,0.25,1.0,0.25
s1_0.5,0.9634049923456857,0.1093506791432245,1.0,1.0,-0.3346573422409495,37,110,400,5,2,100,0.0,0,0.3,0.0,0.0,1.0,0.7,0.5,1.0,0.25,1.0,0.25
s1_0.5,1.2232189703017866,0.10893195856601384,1.0,1.0,2.049159615233703,38,111,400,5,2,100,0.0,0,0.3,0.0,0.0,1.0,0.7,0.5,1.0,0.25,1.0,0.25
s1_0.5,1.009829489556016,0.08783859017398685,1.0,1.0,0.11190399955812373,39,112,400,5,2,100,0.0,0,0.3,0.0,0.0,1.0,0.7,0.5,1.0,0.25,1.0,0.25
s1_0.5,0.8778939502435819,0.09582965512786182,1.0,1.0,-1.2741989897959745,40,113,400,5,2,100,0.0,0,0.3,0.0,0.0,1.0,0.7,0.5,1.0,0.25,1.0,0.25
s1_0.5,1.0223744833551658,0.0925946906516963,1.0,1.0,0.24163894492967772,41,114,400,5,2,100,0.0,0,0.3,0.0,0.0,1.0,0.7,0.5,1.0,0.25,1.0,0.25
s1_0.5,1.1149805859651833,0.107975479678318,1.0,1.0,1.0648768248840852,42,115,400,5,2,100,0.0,0,0.3,0.0,0.0,1.0,0.7,0.5,1.0,0.25,1.0,0.25
s1_0.5,1.0437758403446336,0.10129353477298195,1.0,1.0,0.4321681580442772,43,116,400,5,2,100,0.0,0,0.3,0.0,0.0,1.0,0.7,0.5,1.0,0.25,1.0,0.25
s1_0.5,0.8755160385673961,0.10027838391042025,1.0,1.0,-1.2413838015559437,44,117,400,5,2,100,0.0,0,0.3,0.0,0.0,1.0,0.7,0.5,1.0,0.25,1.0,0.25
s1_0.5,0.9398740691803746,0.09337830818588858,1.0,1.0,-0.6438961252107119,45,118,400,5,2,100,0.0,0,0.3,0.0,0.0,1.0,0.7,0.5,1.0,0.25,1.0,0.25
s1_0.5,0.9737137488356317,0.090353387421195,1.0,1.0,-0.29092712420212075,46,119,400,5,2,100,0.0,0,0.3,0.0,0.0,1.0,0.7,0.5,1.0,0.25,1.0,0.25
s1_0.5,1.0577837840629725,0.09887643991907397,1.0,1.0,0.5844039703519459,47,120,400,5,2,100,0.0,0,0.3,0.0,0.0,1.0,0.7,0.5,1.0,0.25,1.0,0.25
s1_0.5,0.9656688746216338,0.10145152975627515,1.0,1.0,-0.3383992874315701,48,121,400,5,2,100,0.0,0,0.3,0.0,0.0,1.0,0.7,0.5,1.0,0.25,1.0,0.25
s1_0.5,0.9042347654292784,0.11068535904011334,1.0,1.0,-0.8652023664305544,49,122,400,5,2,100,0.0,0,0.3,0.0,0.0,1.0,0.7,0.5,1.0,0.25,1.0,0.25
s1_0.5,1.062622484284327,0.10040238053642833,1.0,1.0,0.6237151345391272,50,123,400,5,2,100,0.0,0,0.3,0.0,0.0,1.0,0.7,0.5,1.0,0.25,1.0,0.25
s1_0.5,1.0990426785457135,0.10783826268662032,1.0,1.0,0.9184372603769874,51,124,400,5,2,100,0.0,0,0.3,0.0,0.0,1.0,0.7,0.5,1.0,0.25,1.0,0.25
s1_0.5,0.8547379809057695,0.10218359178778416,1.0,1.0,-1.4215787148675694,52,125,400,5,2,100,0.0,0,0.3,0.0,0.0,1.0,0.7,0.5,1.0,0.25,1.0,0.25
s1_0.5,0.9161827851857783,0.107575625401036,1.0,1.0,-0.7791468978382018,53,126,400,5,2,100,0.0,0,0.3,0.0,0.0,1.0,0.7,0.5,1.0,0.25,1.0,0.25
s1_0.5,0.9038669575353561,0.10068008844066884,1.0,1.0,-0.9548366906858202,54,127,400,5,2,100,0.0,0,0.3,0.0,0.0,1.0,0.7,0.5,1.0,0.25,1.0,0.25
s1_0.5,1.1324812617797282,0.10765495223106135,1.0,1.0,1.2306100094251287,55,128,400,5,2,100,0.0,0,0.3,0.0,0.0,1.0,0.7,0.5,1.0,0.25,1.0,0.25
s1_0.5,0.9198785409887095,0.09113753019831489,1.0,1.0,-0.8791269506310581,56,129,400,5,2,100,0.0,0,0.3,0.0,0.0,1.0,0.7,0.5,1.0,0.25,1.0,0.25
s1_0.5,1.0938770351175797,0.09769407407277465,1.0,1.0,0.9609286541540736,57,130,400,5,2,100,0.0,0,0.3,0.0,0.0,1.0,0.7,0.5,1.0,0.25,1.0,0.25
s1_0.5,0.9710365614055659,0.1048143077955661,1.0,1.0,-0.2763309628579095,58,131,400,5,2,100,0.0,0,0.3,0.0,0.0,1.0,0.7,0.5,1.0,0.25,1.0,0.25
s1_0.5,0.9411491174244521,0.10651698893812185,1.0,1.0,-0.5525023112485442,59,132,400,5,2,100,0.0,0,0.3,0.0,0.0,1.0,0.7,0.5,1.0,0.25,1.0,0.25
s1_0.5,1.0579826987168204,0.09528528970868227,1.0,1.0,0.6085167909348034,60,133,400,5,2,100,0.0,0,0.3,0.0,0.0,1.0,0.7,0.5,1.0,0.25,1.0,0.25
s1_0.5,0.9639065718550092,0.0983609444925812,1.0,1.0,-0.3669487755652159,61,134,400,5,2,100,0.0,0,0.3,0.0,0.0,1.0,0.7,0.5,1.0,0.25,1.0,0.25
s1_0.5,1.0357800298458455,0.11007294721899809,1.0,1.0,0.3250574346361285,62,135,400,5,2,100,0.0,0,0.3,0.0,0.0,1.0,0.7,0.5,1.0,0.25,1.0,0.25
s1_0.5,0.9732896667291402,0.08993023446809763,1.0,1.0,-0.29701171612462757,63,136,400,5,2,100,0.0,0,0.3,0.0,0.0,1.0,0.7,0.5,1.0,0.25,1.0,0.25
s1_0.5,0.8894232374557132,0.09198685435470469,1.0,1.0,-1.2020930960189027,64,137,400,5,2,100,0.0,0,0.3,0.0,0.0,1.0,0.7,0.5,1.0,0.25,1.0,0.25
s1_0.5,1.0526841945835654,0.08845146388655133,1.0,1.0,0.5956282945315486,65,138,400,5,2,100,0.0,0,0.3,0.0,0.0,1.0,0.7,0.5,1.0,0.25,1.0,0.25
s1_0.5,0.7603780601729352,0.09958791878493421,1.0,1.0,-2.4061346270780297,66,139,400,5,2,100,0.0,0,0.3,0.0,0.0,1.0,0.7,0.5,1.0,0.25,1.0,0.25
s1_0.5,0.9568884957132295,0.09487001001571939,1.0,1.0,-0.4544271079936341,67,140,400,5,2,100,0.0,0,0.3,0.0,0.0,1.0,0.7,0.5,1.0,0.25,1.0,0.25
s1_0.5,0.9967602212625399,0.10184692364614267,1.0,1.0,-0.03181027586769693,68,141,400,5,2,100,0.0,0,0.3,0.0,0.0,1.0,0.7,0.5,1.0,0.25,1.0,0.25
s1_0.5,0.9969972345983918,0.10195260287917197,1.0,1.0,-0.02945256243400523,69,142,400,5,2,100,0.0,0,0.3,0.0,0.0,1.0,0.7,0.5,1.0,0.25,1.0,0.25
s1_0.5,0.9321907079577954,0.11004551068482617,1.0,1.0,-0.6161931697187777,70,143,400,5,2,100,0.0,0,0.3,0.0,0.0,1.0,0.7,0.5,1.0,0.25,1.0,0.25
s1_0.5,0.9486000907147695,0.10277579076980363,1.0,1.0,-0.500116894263121,71,144,400,5,2,100,0.0,0,0.3,0.0,0.0,1.0,0.7,0.5,1.0,0.25,1.0,0.25
s1_0.5,0.9091094948438952,0.10266401562348017,1.0,1.0,-0.8853199887431374,72,145,400,5,2,100,0.0,0,0.3,0.0,0.0,1.0,0.7,0.5,1.0,0.25,1.0,0.25
s1_0.5,1.0118243293339693,0.09984509907803601,1.0,1.0,0.11842673744785122,73,146,400,5,2,100,0.0,0,0.3,0.0,0.0,1.0,0.7,0.5,1.0,0.25,1.0,0.25
s1_0.5,0.9255293938240653,0.09842145823865786,1.0,1.0,-0.7566500995682691,74,147,400,5,2,100,0.0,0,0.3,0.0,0.0,1.0,0.7,0.5,1.0,0.25,1.0,0.25
s1_0.5,0.9907264677076221,0.08874922900323128,1.0,1.0,-0.10449141244979478,75,148,400,5,2,100,0.0,0,0.3,0.0,0.0,1.0,0.7,0.5,1.0,0.25,1.0,0.25
s1_0.5,0.942258108451143,0.09853911169106103,1.0,1.0,-0.5859794203330032,76,149,400,5,2,100,0.0,0,0.3,0.0,0.0,1.0,0.7,0.5,1.0,0.25,1.0,0.25
s1_0.5,0.888100683053754,0.09484032192718576,1.0,1.0,-1.1798706992175478,77,150,400,5,2,100,0.0,0,0.3,0.0,0.0,1.0,0.7,0.5,1.0,0.25,1.0,0.25
s1_0.5,0.9678981921838153,0.08111121496114887,1.0,1.0,-0.3957752060742891,78,151,400,5,2,100,0.0,0,0.3,0.0,0.0,1.0,0.7,0.5,1.0,0.25,1.0,0.25
s1_0.5,1.134629318805046,0.09544273081072362,1.0,1.0,1.4105769780627393,79,152,400,5,2,100,0.0,0,0.3,0.0,0.0,1.0,0.7,0.5,1.0,0.25,1.0,0.25
s1_0.5,0.9608872232213658,0.09637123355171949,1.0,1.0,-0.40585530907045614,80,153,400,5,2,100,0.0,0,0.3,0.0,0.0,1.0,0.7,0.5,1.0,0.25,1.0,0.25
s1_0.5,0.7888384813135018,0.10255867125364897,1.0,1.0,-2.0589338386049465,81,154,400,5,2,100,0.0,0,0.3,0.0,0.0,1.0,0.7,0.5,1.0,0.25,1.0,0.25
s1_0.5,1.066747291730008,0.09311063124858333,1.0,1.0,0.7168600495448106,82,155,400,5,2,100,0.0,0,0.3,0.0,0.0,1.0,0.7,0.5,1.0,0.25,1.0,0.25
s1_0.5,0.9777867658548156,0.10006721830769227,1.0,1.0,-0.22198312814973928,83,156,400,5,2,100,0.0,0,0.3,0.0,0.0,1.0,0.7,0.5,1.0,0.25,1.0,0.25
s1_0.5,0.8568806791347839,0.10664326410641076,1.0,1.0,-1.342038074926221,84,157,400,5,2,100,0.0,0,0.3,0.0,0.0,1.0,0.7,0.5,1.0,0.25,1.0,0.25
s1_0.5,0.9322855142566099,0.1019429246237811,1.0,1.0,-0.6642391906381876,85,158,400,5,2,100,0.0,0,0.3,0.0,0.0,1.0,0.7,0.5,1.0,0.25,1.0,0.25
s1_0.5,1.0801982177132308,0.10807756364369098,1.0,1.0,0.7420431679754315,86,159,400,5,2,100,0.0,0,0.3,0.0,0.0,1.0,0.7,0.5,1.0,0.25,1.0,0.25
s1_0.5,0.9786868627382425,0.09522372511895423,1.0,1.0,-0.22382171286759683,87,160,400,5,2,100,0.0,0,0.3,0.0,0.0,1.0,0.7,0.5,1.0,0.25,1.0,0.25
s1_0.5,0.7861131584200147,0.10504202908807989,1.0,1.0,-2.0362024937716767,88,161,400,5,2,100,0.0,0,0.3,0.0,0.0,1.0,0.7,0.5,1.0,0.25,1.0,0.25
s1_0.5,0.8194834796194246,0.11358508300229059,1.0,1.0,-1.589262565199121,89,162,400,5,2,100,0.0,0,0.3,0.0,0.0,1.0,0.7,0.5,1.0,0.25,1.0,0.25
s1_0.5,0.9548721861034845,0.09156722671634496,1.0,1.0,-0.49283805478035875,90,163,400,5,2,100,0.0,0,0.3,0.0,0.0,1.0,0.7,0.5,1.0,0.25,1.0,0.25
s1_0.5,0.7276400622917935,0.09758437447619024,1.0,1.0,-2.791019967798841,91,164,400,5,2,100,0.0,0,0.3,0.0,0.0,1.0,0.7,0.5,1.0,0.25,1.0,0.25
s1_0.5,0.9084525781589077,0.10010963078297895,1.0,1.0,-0.9144716759524558,92,165,400,5,2,100,0.0,0,0.3,0.0,0.0,1.0,0.7,0.5,1.0,0.25,1.0,0.25
s1_0.5,0.9879162534916751,0.09412363914820317,1.0,1.0,-0.12838163311236112,93,166,400,5,2,100,0.0,0,0.3,0.0,0.0,1.0,0.7,0.5,1.0,0.25,1.0,0.25
s1_0.5,0.8758001398380592,0.09759904510933687,1.0,1.0,-1.2725520011266913,94,167,400,5,2,100,0.0,0,0.3,0.0,0.0,1.0,0.7,0.5,1.0,0.25,1.0,0.25
s1_0.5,0.9166117032669435,0.10808509811265654,1.0,1.0,-0.771505954004328,95,168,400,5,2,100,0.0,0,0.3,0.0,0.0,1.0,0.7,0.5,1.0,0.25,1.0,0.25
s1_0.5,0.9906779654109841,0.11292382754666434,1.0,1.0,-0.08255152868568605,96,169,400,5,2,100,0.0,0,0.3,0.0,0.0,1.0,0.7,0.5,1.0,0.25,1.0,0.25
s1_0.5,1.2198851367617634,0.10356453589293296,1.0,1.0,2.1231702036407993,97,170,400,5,2,100,0.0,0,0.3,0.0,0.0,1.0,0.7,0.5,1.0,0.25,1.0,0.25
s1_0.5,1.1019334754487482,0.08802615770441552,1.0,1.0,1.1579907394235278,98,171,400,5,2,100,0.0,0,0.3,0.0,0.0,1.0,0.7,0.5,1.0,0.25,1.0,0.25
s1_0.5,0.9759901030817122,0.09775357977722972,1.0,1.0,-0.24561654901031632,99,172,400,5,2,100,0.0,0,0.3,0.0,0.0,1.0,0.7,0.5,1.0,0.25,1.0,0.25
s1_1.0,0.9691233384591987,0.05122341057709428,1.0,1.0,-0.6027841799860252,0,74,400,5,2,100,0.0,0,0.3,0.0,0.0,1.0,0.7,1.0,1.0,0.25,1.0,0.25
s1_1.0,1.0231961546750952,0.04989360685365243,1.0,1.0,0.46491236328401686,1,75,400,5,2,100,0.0,0,0.3,0.0,0.0,1.0,0.7,1.0,1.0,0.25,1.0,0.25
s1_1.0,1.0589775983718026,0.054965919918935034,1.0,1.0,1.0729848323976763,2,76,400,5,2,100,0.0,0,0.3,0.0,0.0,1.0,0.7,1.0,1.0,0.25,1.0,0.25
s1_1.0,0.9797221295845248,0.04690135829716466,1.0,1.0,-0.4323514531710504,3,77,400,5,2,100,0.0,0,0.3,0.0,0.0,1.0,0.7,1.0,1.0,0.25,1.0,0.25
s1_1.0,1.033260481693439,0.05345743600626823,1.0,1.0,0.6221862509368944,4,78,400,5,2,100,0.0,0,0.3,0.0,0.0,1.0,0.7,1.0,1.0,0.25,1.0,0.25
s1_1.0,0.9157469728891162,0.04785848198063228,1.0,1.0,-1.7604617535712879,5,79,400,5,2,100,0.0,0,0.3,0.0,0.0,1.0,0.7,1.0,1.0,0.25,1.0,0.25
s1_1.0,0.906254749005384,0.046811583095538636,1.0,1.0,-2.002608004161908,6,80,400,5,2,100,0.0,0,0.3,0.0,0.0,1.0,0.7,1.0,1.0,0.25,1.0,0.25
s1_1.0,1.0484009891854567,0.05624911878736118,1.0,1.0,0.8604755101751399,7,81,400,5,2,100,0.0,0,0.3,0.0,0.0,1.0,0.7,1.0,1.0,0.25,1.0,0.25
s1_1.0,0.91813000959461,0.04856479268491338,1.0,1.0,-1.6857889404894517,8,82,400,5,2,100,0.0,0,0.3,0.0,0.0,1.0,0.7,1.0,1.0,0.25,1.0,0.25
s1_1.0,1.0187315507987849,0.05256766376590241,1.0,1.0,0.35633219087310714,9,83,400,5,2,100,0.0,0,0.3,0.0,0.0,1.0,0.7,1.0,1.0,0.25,1.0,0.25
s1_1.0,0.90333879045877,0.04770724161334442,1.0,1.0,-2.02613285263159,10,84,400,5,2,100,0.0,0,0.3,0.0,0.0,1.0,0.7,1.0,1.0,0.25,1.0,0.25
s1_1.0,0.9592987218629251,0.04683385544900985,1.0,1.0,-0.869056748517923,11,85,400,5,2,100,0.0,0,0.3,0.0,0.0,1.0,0.7,1.0,1.0,0.25,1.0,0.25
s1_1.0,1.064440698910295,0.058610193559965204,1.0,1.0,1.0994793737434858,12,86,400,5,2,100,0.0,0,0.3,0.0,0.0,1.0,0.7,1.0,1.0,0.25,1.0,0.25
s1_1.0,1.0457382705532483,0.05740542498170238,1.0,1.0,0.7967586786061961,13,87,400,5,2,100,0.0,0,0.3,0.0,0.0,1.0,0.7,1.0,1.0,0.25,1.0,0.25
s1_1.0,1.0020303720063068,0.052710620784687974,1.0,1.0,0.038519220151105746,14,88,400,5,2,100,0.0,0,0.3,0.0,0.0,1.0,0.7,1.0,1.0,0.25,1.0,0.25
s1_1.0,0.921997915487589,0.051159982369014645,1.0,1.0,-1.52466988650984,15,89,400,5,2,100,0.0,0,0.3,0.0,0.0,1.0,0.7,1.0,1.0,0.25,1.0,0.25
s1_1.0,1.005475204941303,0.051671286751061515,1.0,1.0,0.10596223329372488,16,90,400,5,2,100,0.0,0,0.3,0.0,0.0,1.0,0.7,1.0,1.0,0.25,1.0,0.25
s1_1.0,1.061574564512315,0.04975755100590648,1.0,1.0,1.2374918633958831,17,91,400,5,2,100,0.0,0,0.3,0.0,0.0,1.0,0.7,1.0,1.0,0.25,1.0,0.25
s1_1.0,0.9401944616865173,0.053052847291923104,1.0,1.0,-1.1272823489454376,18,92,400,5,2,100,0.0,0,0.3,0.0,0.0,1.0,0.7,1.0,1.0,0.25,1.0,0.25
s1_1.0,1.0772927065186781,0.0509584376584099,1.0,1.0,1.516779361188327,19,93,400,5,2,100,0.0,0,0.3,0.0,0.0,1.0,0.7,1.0,1.0,0.25,1.0,0.25
s1_1.0,1.0691127109391496,0.04815890047954112,1.0,1.0,1.435097360009498,20,94,400,5,2,100,0.0,0,0.3,0.0,0.0,1.0,0.7,1.0,1.0,0.25,1.0,0.25
s1_1.0,1.0324143828060866,0.053994364661683114,1.0,1.0,0.6003289974646056,21,95,400,5,2,100,0.0,0,0.3,0.0,0.0,1.0,0.7,1.0,1.0,0.25,1.0,0.25
s1_1.0,1.0893250557792367,0.046385508077719274,1.0,1.0,1.9257104100179705,22,96,400,5,2,100,0.0,0,0.3,0.0,0.0,1.0,0.7,1.0,1.0,0.25,1.0,0.25
s1_1.0,0.9703457518379558,0.0496132629755819,1.0,1.0,-0.597708080128475,23,97,400,5,2,100,0.0,0,0.3,0.0,0.0,1.0,0.7,1.0,1.0,0.25,1.0,0.25
s1_1.0,1.0163231720265886,0.049097374103663,1.0,1.0,0.33246527588469943,24,98,400,5,2,100,0.0,0,0.3,0.0,0.0,1.0,0.7,1.0,1.0,0.25,1.0,0.25
s1_1.0,0.9363643761735256,0.046395888303814505,1.0,1.0,-1.371578951345188,25,99,400,5,2,100,0.0,0,0.3,0.0,0.0,1.0,0.7,1.0,1.0,0.25,1.0,0.25
s1_1.0,1.0639936509223462,0.05175583497023687,1.0,1.0,1.2364528745241365,26,100,400,5,2,100,0.0,0,0.3,0.0,0.0,1.0,0.7,1.0,1.0,0.25,1.0,0.25
s1_1.0,1.0114539696452787,0.05650618611827617,1.0,1.0,0.2027029327603839,27,101,400,5,2,100,0.0,0,0.3,0.0,0.0,1.0,0.7,1.0,1.0,0.25,1.0,0.25
s1_1.0,1.0609797346094187,0.04888170735665086,1.0,1.0,1.247496004272073,28,102,400,5,2,100,0.0,0,0.3,0.0,0.0,1.0,0.7,1.0,1.0,0.25,1.0,0.25
s1_1.0,0.9763112164021301,0.04874434819831304,1.0,1.0,-0.48598010791925383,29,103,400,5,2,100,0.0,0,0.3,0.0,0.0,1.0,0.7,1.0,1.0,0.25,1.0,0.25
s1_1.0,1.016767614813149,0.05153204068214172,1.0,1.0,0.32538231731544454,30,104,400,5,2,100,0.0,0,0.3,0.0,0.0,1.0,0.7,1.0,1.0,0.25,1.0,0.25
s1_1.0,0.9717696011805,0.049793805082939055,1.0,1.0,-0.5669460040757679,31,105,400,5,2,100,0.0,0,0.3,0.0,0.0,1.0,0.7,1.0,1.0,0.25,1.0,0.25
s1_1.0,1.0083687393687197,0.0558079916264917,1.0,1.0,0.1499559314861126,32,106,400,5,2,100,0.0,0,0.3,0.0,0.0,1.0,0.7,1.0,1.0,0.25,1.0,0.25
s1_1.0,1.0272285908377465,0.05286814242130867,1.0,1.0,0.515028325012077,33,107,400,5,2,100,0.0,0,0.3,0.0,0.0,1.0,0.7,1.0,1.0,0.25,1.0,0.25
s1_1.0,0.9434502958864392,0.04927458242771043,1.0,1.0,-1.1476445121888852,34,108,400,5,2,100,0.0,0,0.3,0.0,0.0,1.0,0.7,1.0,1.0,0.25,1.0,0.25
s1_1.0,1.0410507274022724,0.048907529238733975,1.0,1.0,0.8393539408194216,35,109,400,5,2,100,0.0,0,0.3,0.0,0.0,1.0,0.7,1.0,1.0,0.25,1.0,0.25
s1_1.0,1.0134468761260735,0.05510879702025034,1.0,1.0,0.2440059818604339,36,110,400,5,2,100,0.0,0,0.3,0.0,0.0,1.0,0.7,1.0,1.0,0.25,1.0,0.25
s1_1.0,1.1095928520944986,0.05672799590323183,1.0,1.0,1.931900648869125,37,111,400,5,2,100,0.0,0,0.3,0.0,0.0,1.0,0.7,1.0,1.0,0.25,1.0,0.25
s1_1.0,0.9890981830364245,0.044824988817732454,1.0,1.0,-0.2432084703446222,38,112,400,5,2,100,0.0,0,0.3,0.0,0.0,1.0,0.7,1.0,1.0,0.25,1.0,0.25
s1_1.0,0.9197753212043862,0.04998245601184224,1.0,1.0,-1.60505675784732,39,113,400,5,2,100,0.0,0,0.3,0.0,0.0,1.0,0.7,1.0,1.0,0.25,1.0,0.25
s1_1.0,0.9915555570651632,0.04750429518950524,1.0,1.0,-0.1777616718898796,40,114,400,5,2,100,0.0,0,0.3,0.0,0.0,1.0,0.7,1.0,1.0,0.25,1.0,0.25
s1_1.0,1.0593766079316047,0.05120744708156921,1.0,1.0,1.1595307189796573,41,115,400,5,2,100,0.0,0,0.3,0.0,0.0,1.0,0.7,1.0,1.0,0.25,1.0,0.25
s1_1.0,1.0123840965576296,0.05102254419779646,1.0,1.0,0.24271813082508847,42,116,400,5,2,100,0.0,0,0.3,0.0,0.0,1.0,0.7,1.0,1.0,0.25,1.0,0.25
s1_1.0,0.939016950326666,0.0511000754247149,1.0,1.0,-1.1934042986527402,43,117,400,5,2,100,0.0,0,0.3,0.0,0.0,1.0,0.7,1.0,1.0,0.25,1.0,0.25
s1_1.0,0.9724815891144217,0.04740493051925636,1.0,1.0,-0.5804968087528367,44,118,400,5,2,100,0.0,0,0.3,0.0,0.0,1.0,0.7,1.0,1.0,0.25,1.0,0.25
s1_1.0,1.0020288094825276,0.044973285665689935,1.0,1.0,0.04511143565557564,45,119,400,5,2,100,0.0,0,0.3,0.0,0.0,1.0,0.7,1.0,1.0,0.25,1.0,0.25
s1_1.0,1.0242481558335672,0.049722819254880604,1.0,1.0,0.48766655223772537,46,120,400,5,2,100,0.0,0,0.3,0.0,0.0,1.0,0.7,1.0,1.0,0.25,1.0,0.25
s1_1.0,0.9917770582988743,0.05284194560087307,1.0,1.0,-0.15561390875414388,47,121,400,5,2,100,0.0,0,0.3,0.0,0.0,1.0,0.7,1.0,1.0,0.25,1.0,0.25
s1_1.0,0.955548007816712,0.0547890904473556,1.0,1.0,-0.8113292595357087,48,122,400,5,2,100,0.0,0,0.3,0.0,0.0,1.0,0.7,1.0,1.0,0.25,1.0,0.25
s1_1.0,1.0280585132039568,0.05136500438141772,1.0,1.0,0.5462573894787306,49,123,400,5,2,100,0.0,0,0.3,0.0,0.0,1.0,0.7,1.0,1.0,0.25,1.0,0.25
s1_1.0,1.0713621978008991,0.05602113080651446,1.0,1.0,1.2738442936357282,50,124,400,5,2,100,0.0,0,0.3,0.0,0.0,1.0,0.7,1.0,1.0,0.25,1.0,0.25
s1_1.0,0.9438416176543221,0.05367459888104423,1.0,1.0,-1.0462748398015673,51,125,400,5,2,100,0.0,0,0.3,0.0,0.0,1.0,0.7,1.0,1.0,0.25,1.0,0.25
s1_1.0,0.9390107650503955,0.05539989468484551,1.0,1.0,-1.100890810290438,52,126,400,5,2,100,0.0,0,0.3,0.0,0.0,1.0,0.7,1.0,1.0,0.25,1.0,0.25
s1_1.0,0.9685264204550186,0.05201727898702306,1.0,1.0,-0.6050600907600963,53,127,400,5,2,100,0.0,0,0.3,0.0,0.0,1.0,0.7,1.0,1.0,0.25,1.0,0.25
s1_1.0,1.0735151882774683,0.054527741167606676,1.0,1.0,1.3482162786002492,54,128,400,5,2,100,0.0,0,0.3,0.0,0.0,1.0,0.7,1.0,1.0,0.25,1.0,0.25
s1_1.0,0.9645963866627776,0.047073122115818225,1.0,1.0,-0.7520982621487423,55,129,400,5,2,100,0.0,0,0.3,0.0,0.0,1.0,0.7,1.0,1.0,0.25,1.0,0.25
s1_1.0,1.0537539148375379,0.050257278371702144,1.0,1.0,1.0695747278627916,56,130,400,5,2,100,0.0,0,0.3,0.0,0.0,1.0,0.7,1.0,1.0,0.25,1.0,0.25
s1_1.0,0.9775733160551595,0.054475016726948655,1.0,1.0,-0.41168750910628105,57,131,400,5,2,100,0.0,0,0.3,0.0,0.0,1.0,0.7,1.0,1.0,0.25,1.0,0.25
s1_1.0,0.9913879406058504,0.054299144463165465,1.0,1.0,-0.1586039610622531,58,132,400,5,2,100,0.0,0,0.3,0.0,0.0,1.0,0.7,1.0,1.0,0.25,1.0,0.25
s1_1.0,1.0224965078627157,0.04928192990733968,1.0,1.0,0.45648593521020514,59,133,400,5,2,100,0.0,0,0.3,0.0,0.0,1.0,0.7,1.0,1.0,0.25,1.0,0.25
s1_1.0,0.9682554795860742,0.05103477090084823,1.0,1.0,-0.6220174961811815,60,134,400,5,2,100,0.0,0,0.3,0.0,0.0,1.0,0.7,1.0,1.0,0.25,1.0,0.25
s1_1.0,0.9970119967310958,0.056898836917189194,1.0,1.0,-0.052514311905057065,61,135,400,5,2,100,0.0,0,0.3,0.0,0.0,1.0,0.7,1.0,1.0,0.25,1.0,0.25
s1_1.0,0.9740057110172937,0.04747225104742377,1.0,1.0,-0.5475680720667435,62,136,400,5,2,100,0.0,0,0.3,0.0,0.0,1.0,0.7,1.0,1.0,0.25,1.0,0.25
s1_1.0,0.9531238444869593,0.050621699175499996,1.0,1.0,-0.9260091280327454,63,137,400,5,2,100,0.0,0,0.3,0.0,0.0,1.0,0.7,1.0,1.0,0.25,1.0,0.25
s1_1.0,1.0296505455363683,0.04752254573442495,1.0,1.0,0.6239258667258147,64,138,400,5,2,100,0.0,0,0.3,0.0,0.0,1.0,0.7,1.0,1.0,0.25,1.0,0.25
s1_1.0,0.865915099996975,0.051606290262034095,1.0,1.0,-2.5982278385483766,65,139,400,5,2,100,0.0,0,0.3,0.0,0.0,1.0,0.7,1.0,1.0,0.25,1.0,0.25
s1_1.0,0.9645075891946855,0.04686744138541109,1.0,1.0,-0.7572935444340813,66,140,400,5,2,100,0.0,0,0.3,0.0,0.0,1.0,0.7,1.0,1.0,0.25,1.0,0.25
s1_1.0,0.9915086334943024,0.04904299289129565,1.0,1.0,-0.17314127880651178,67,141,400,5,2,100,0.0,0,0.3,0.0,0.0,1.0,0.7,1.0,1.0,0.25,1.0,0.25
s1_1.0,1.0048336804749507,0.05000826672044938,1.0,1.0,0.0966576286671041,68,142,400,5,2,100,0.0,0,0.3,0.0,0.0,1.0,0.7,1.0,1.0,0.25,1.0,0.25
s1_1.0,0.9809744199992171,0.055349016806162304,1.0,1.0,-0.34373835523424684,69,143,400,5,2,100,0.0,0,0.3,0.0,0.0,1.0,0.7,1.0,1.0,0.25,1.0,0.25
s1_1.0,0.9665485406052245,0.054954389206617306,1.0,1.0,-0.608713150627601,70,144,400,5,2,100,0.0,0,0.3,0.0,0.0,1.0,0.7,1.0,1.0,0.25,1.0,0.25
s1_1.0,0.9597224554529947,0.054761047441225605,1.0,1.0,-0.7355145021693512,71,145,400,5,2,100,0.0,0,0.3,0.0,0.0,1.0,0.7,1.0,1.0,0.25,1.0,0.25
s1_1.0,1.0075870528061546,0.051835773630981914,1.0,1.0,0.14636711820231882,72,146,400,5,2,100,0.0,0,0.3,0.0,0.0,1.0,0.7,1.0,1.0,0.25,1.0,0.25
s1_1.0,0.9567757955595769,0.04981320640531639,1.0,1.0,-0.867725801240731,73,147,400,5,2,100,0.0,0,0.3,0.0,0.0,1.0,0.7,1.0,1.0,0.25,1.0,0.25
s1_1.0,0.9867921174081105,0.0459487800788772,1.0,1.0,-0.2874479489818109,74,148,400,5,2,100,0.0,0,0.3,0.0,0.0,1.0,0.7,1.0,1.0,0.25,1.0,0.25
s1_1.0,0.9645556534541608,0.04978743359286819,1.0,1.0,-0.7119135088520891,75,149,400,5,2,100,0.0,0,0.3,0.0,0.0,1.0,0.7,1.0,1.0,0.25,1.0,0.25
s1_1.0,0.9451681132701202,0.04778291976866504,1.0,1.0,-1.147520641169302,76,150,400,5,2,100,0.0,0,0.3,0.0,0.0,1.0,0.7,1.0,1.0,0.25,1.0,0.25
s1_1.0,0.9692278025535994,0.04310534250488032,1.0,1.0,-0.7138836083466128,77,151,400,5,2,100,0.0,0,0.3,0.0,0.0,1.0,0.7,1.0,1.0,0.25,1.0,0.25
s1_1.0,1.0656444001198666,0.049661836743249345,1.0,1.0,1.321827874777302,78,152,400,5,2,100,0.0,0,0.3,0.0,0.0,1.0,0.7,1.0,1.0,0.25,1.0,0.25
s1_1.0,0.9877861309019541,0.051919954336948,1.0,1.0,-0.23524421879843777,79,153,400,5,2,100,0.0,0,0.3,0.0,0.0,1.0,0.7,1.0,1.0,0.25,1.0,0.25
s1_1.0,0.84728968171112,0.051190111453609605,1.0,1.0,-2.9831995663317095,80,154,400,5,2,100,0.0,0,0.3,0.0,0.0,1.0,0.7,1.0,1.0,0.25,1.0,0.25
s1_1.0,1.0453145736751355,0.047668169445655495,1.0,1.0,0.9506254215781611,81,155,400,5,2,100,0.0,0,0.3,0.0,0.0,1.0,0.7,1.0,1.0,0.25,1.0,0.25
s1_1.0,0.9611610677505474,0.05094539236100041,1.0,1.0,-0.7623639832673945,82,156,400,5,2,100,0.0,0,0.3,0.0,0.0,1.0,0.7,1.0,1.0,0.25,1.0,0.25
s1_1.0,0.9341192362235488,0.05422754067387489,1.0,1.0,-1.2148949216166558,83,157,400,5,2,100,0.0,0,0.3,0.0,0.0,1.0,0.7,1.0,1.0,0.25,1.0,0.25
s1_1.0,0.9484819018417111,0.05406255350523803,1.0,1.0,-0.9529349765785182,84,158,400,5,2,100,0.0,0,0.3,0.0,0.0,1.0,0.7,1.0,1.0,0.25,1.0,0.25
s1_1.0,1.0186847526118519,0.05255679035025359,1.0,1.0,0.35551548120292925,85,159,400,5,2,100,0.0,0,0.3,0.0,0.0,1.0,0.7,1.0,1.0,0.25,1.0,0.25
s1_1.0,0.9922173541374022,0.047275404061825295,1.0,1.0,-0.16462357153880489,86,160,400,5,2,100,0.0,0,0.3,0.0,0.0,1.0,0.7,1.0,1.0,0.25,1.0,0.25
s1_1.0,0.9205606209116649,0.05329725288751767,1.0,1.0,-1.4904966913771267,87,161,400,5,2,100,0.0,0,0.3,0.0,0.0,1.0,0.7,1.0,1.0,0.25,1.0,0.25
s1_1.0,0.8862761039168172,0.05710236093055113,1.0,1.0,-1.9915795814729227,88,162,400,5,2,100,0.0,0,0.3,0.0,0.0,1.0,0.7,1.0,1.0,0.25,1.0,0.25
s1_1.0,0.9765652515690202,0.04717810934429392,1.0,1.0,-0.496729283065562,89,163,400,5,2,100,0.0,0,0.3,0.0,0.0,1.0,0.7,1.0,1.0,0.25,1.0,0.25
s1_1.0,0.8592058407895333,0.0493110246677108,1.0,1.0,-2.855226800887382,90,164,400,5,2,100,0.0,0,0.3,0.0,0.0,1.0,0.7,1.0,1.0,0.25,1.0,0.25
s1_1.0,0.9473617147910018,0.04884449987784381,1.0,1.0,-1.0776706761384045,91,165,400,5,2,100,0.0,0,0.3,0.0,0.0,1.0,0.7,1.0,1.0,0.25,1.0,0.25
s1_1.0,0.9838573283902368,0.048923833495923,1.0,1.0,-0.3299551661483858,92,166,400,5,2,100,0.0,0,0.3,0.0,0.0,1.0,0.7,1.0,1.0,0.25,1.0,0.25
s1_1.0,0.9476413897495314,0.050258229462486564,1.0,1.0,-1.0417917783902397,93,167,400,5,2,100,0.0,0,0.3,0.0,0.0,1.0,0.7,1.0,1.0,0.25,1.0,0.25
s1_1.0,0.9420561144826434,0.05511016029209088,1.0,1.0,-1.051419288389775,94,168,400,5,2,100,0.0,0,0.3,0.0,0.0,1.0,0.7,1.0,1.0,0.25,1.0,0.25
s1_1.0,0.9721345892267178,0.056653683190247564,1.0,1.0,-0.49185523701447503,95,169,400,5,2,100,0.0,0,0.3,0.0,0.0,1.0,0.7,1.0,1.0,0.25,1.0,0.25
s1_1.0,1.082081739003309,0.05406040265747822,1.0,1.0,1.5183338445214971,96,170,400,5,2,100,0.0,0,0.3,0.0,0.0,1.0,0.7,1.0,1.0,0.25,1.0,0.25
s1_1.0,1.0847202427006146,0.045776071076943856,1.0,1.0,1.850753913725153,97,171,400,5,2,100,0.0,0,0.3,0.0,0.0,1.0,0.7,1.0,1.0,0.25,1.0,0.25
s1_1.0,0.9963587917323845,0.04955621924462685,1.0,1.0,-0.07347631282445526,98,172,400,5,2,100,0.0,0,0.3,0.0,0.0,1.0,0.7,1.0,1.0,0.25,1.0,0.25
s1_1.0,0.9194805591674879,0.04823361009616239,1.0,1.0,-1.6693637625709967,99,173,400,5,2,100,0.0,0,0.3,0.0,0.0,1.0,0.7,1.0,1.0,0.25,1.0,0.25
s1_2.0,1.01348077746093,0.02468921077121133,1.0,1.0,0.546018971033662,0,75,400,5,2,100,0.0,0,0.3,0.0,0.0,1.0,0.7,2.0,1.0,0.25,1.0,0.25
s1_2.0,1.0024846962964242,0.028255005907350847,1.0,1.0,0.08793826851679426,1,76,400,5,2,100,0.0,0,0.3,0.0,0.0,1.0,0.7,2.0,1.0,0.25,1.0,0.25
s1_2.0,0.9930768483983223,0.023661714421857265,1.0,1.0,-0.29258875659840095,2,77,400,5,2,100,0.0,0,0.3,0.0,0.0,1.0,0.7,2.0,1.0,0.25,1.0,0.25
s1_2.0,1.0077390507934074,0.026284474713184524,1.0,1.0,0.2944342954483867,3,78,400,5,2,100,0.0,0,0.3,0.0,0.0,1.0,0.7,2.0,1.0,0.25,1.0,0.25
s1_2.0,0.9521530622300409,0.02459236776883855,1.0,1.0,-1.945601099483671,4,79,400,5,2,100,0.0,0,0.3,0.0,0.0,1.0,0.7,2.0,1.0,0.25,1.0,0.25
s1_2.0,0.9503367808840597,0.023562091104558636,1.0,1.0,-2.1077594045263575,5,80,400,5,2,100,0.0,0,0.3,0.0,0.0,1.0,0.7,2.0,1.0,0.25,1.0,0.25
s1_2.0,1.017375100501741,0.028133346827850368,1.0,1.0,0.6175980628277307,6,81,400,5,2,100,0.0,0,0.3,0.0,0.0,1.0,0.7,2.0,1.0,0.25,1.0,0.25
s1_2.0,0.9617574895046785,0.02418155007657453,1.0,1.0,-1.5814747348379559,7,82,400,5,2,100,0.0,0,0.3,0.0,0.0,1.0,0.7,2.0,1.0,0.25,1.0,0.25
s1_2.0,0.9994516820749229,0.027957987302192944,1.0,1.0,-0.01961221024784348,8,83,400,5,2,100,0.0,0,0.3,0.0,0.0,1.0,0.7,2.0,1.0,0.25,1.0,0.25
s1_2.0,0.9581317294960099,0.023775671277530303,1.0,1.0,-1.760971121078655,9,84,400,5,2,100,0.0,0,0.3,0.0,0.0,1.0,0.7,2.0,1.0,0.25,1.0,0.25
s1_2.0,0.9649251224449401,0.0236531662346037,1.0,1.0,-1.482882976730052,10,85,400,5,2,100,0.0,0,0.3,0.0,0.0,1.0,0.7,2.0,1.0,0.25,1.0,0.25
s1_2.0,1.0347642723452866,0.029650388239380213,1.0,1.0,1.172472753632087,11,86,400,5,2,100,0.0,0,0.3,0.0,0.0,1.0,0.7,2.0,1.0,0.25,1.0,0.25
s1_2.0,1.0374621469758105,0.029264504912966248,1.0,1.0,1.280122355981226,12,87,400,5,2,100,0.0,0,0.3,0.0,0.0,1.0,0.7,2.0,1.0,0.25,1.0,0.25
s1_2.0,1.0150150259771427,0.02654471198339118,1.0,1.0,0.5656503633016415,13,88,400,5,2,100,0.0,0,0.3,0.0,0.0,1.0,0.7,2.0,1.0,0.25,1.0,0.25
s1_2.0,0.9600426336355524,0.02633498059038352,1.0,1.0,-1.5172734313325602,14,89,400,5,2,100,0.0,0,0.3,0.0,0.0,1.0,0.7,2.0,1.0,0.25,1.0,0.25
s1_2.0,0.999291613210576,0.02426620819969467,1.0,1.0,-0.02919231482703957,15,90,400,5,2,100,0.0,0,0.3,0.0,0.0,1.0,0.7,2.0,1.0,0.25,1.0,0.25
s1_2.0,1.0470448174033904,0.025134199079028332,1.0,1.0,1.8717452366582077,16,91,400,5,2,100,0.0,0,0.3,0.0,0.0,1.0,0.7,2.0,1.0,0.25,1.0,0.25
s1_2.0,0.9788268060975257,0.027412731428523376,1.0,1.0,-0.772385413605419,17,92,400,5,2,100,0.0,0,0.3,0.0,0.0,1.0,0.7,2.0,1.0,0.25,1.0,0.25
s1_2.0,1.0440906920955215,0.02664800264902916,1.0,1.0,1.65455898050685,18,93,400,5,2,100,0.0,0,0.3,0.0,0.0,1.0,0.7,2.0,1.0,0.25,1.0,0.25
s1_2.0,1.0295034218207835,0.024584132514964933,1.0,1.0,1.20010017855314,19,94,400,5,2,100,0.0,0,0.3,0.0,0.0,1.0,0.7,2.0,1.0,0.25,1.0,0.25
s1_2.0,1.020015360453379,0.027956832645531844,1.0,1.0,0.7159380573313251,20,95,400,5,2,100,0.0,0,0.3,0.0,0.0,1.0,0.7,2.0,1.0,0.25,1.0,0.25
s1_2.0,1.0399628100807974,0.023389670786325315,1.0,1.0,1.7085665910339145,21,96,400,5,2,100,0.0,0,0.3,0.0,0.0,1.0,0.7,2.0,1.0,0.25,1.0,0.25
s1_2.0,0.976486051789055,0.026666002571593524,1.0,1.0,-0.8817950177501925,22,97,400,5,2,100,0.0,0,0.3,0.0,0.0,1.0,0.7,2.0,1.0,0.25,1.0,0.25
s1_2.0,1.0171523623631578,0.02491808093724723,1.0,1.0,0.6883500541776725,23,98,400,5,2,100,0.0,0,0.3,0.0,0.0,1.0,0.7,2.0,1.0,0.25,1.0,0.25
s1_2.0,0.9410507056913064,0.023722236486206017,1.0,1.0,-2.484980467291578,24,99,400,5,2,100,0.0,0,0.3,0.0,0.0,1.0,0.7,2.0,1.0,0.25,1.0,0.25
s1_2.0,1.051131017431893,0.02751213733036641,1.0,1.0,1.8584894665910752,25,100,400,5,2,100,0.0,0,0.3,0.0,0.0,1.0,0.7,2.0,1.0,0.25,1.0,0.25
s1_2.0,0.9994723541668015,0.02803649055375209,1.0,1.0,-0.018819967220466437,26,101,400,5,2,100,0.0,0,0.3,0.0,0.0,1.0,0.7,2.0,1.0,0.25,1.0,0.25
s1_2.0,1.0280855045230262,0.024936154540126508,1.0,1.0,1.1262965377372767,27,102,400,5,2,100,0.0,0,0.3,0.0,0.0,1.0,0.7,2.0,1.0,0.25,1.0,0.25
s1_2.0,0.9799584347699217,0.02459733816471427,1.0,1.0,-0.8147859372372491,28,103,400,5,2,100,0.0,0,0.3,0.0,0.0,1.0,0.7,2.0,1.0,0.25,1.0,0.25
s1_2.0,0.9922231744575357,0.025586610520572706,1.0,1.0,-0.30394121707568067,29,104,400,5,2,100,0.0,0,0.3,0.0,0.0,1.0,0.7,2.0,1.0,0.25,1.0,0.25
s1_2.0,0.9941718849223373,0.025260627793705647,1.0,1.0,-0.2307193283262305,30,105,400,5,2,100,0.0,0,0.3,0.0,0.0,1.0,0.7,2.0,1.0,0.25,1.0,0.25
s1_2.0,1.001980986368673,0.030475283499953095,1.0,1.0,0.06500304972310113,31,106,400,5,2,100,0.0,0,0.3,0.0,0.0,1.0,0.7,2.0,1.0,0.25,1.0,0.25
s1_2.0,1.0152939714751683,0.026793317290003466,1.0,1.0,0.5708129124001552,32,107,400,5,2,100,0.0,0,0.3,0.0,0.0,1.0,0.7,2.0,1.0,0.25,1.0,0.25
s1_2.0,0.9748489023248195,0.02544781976742626,1.0,1.0,-0.9883399798113338,33,108,400,5,2,100,0.0,0,0.3,0.0,0.0,1.0,0.7,2.0,1.0,0.25,1.0,0.25
s1_2.0,1.0446752096346095,0.025363968203148395,1.0,1.0,1.7613651490488778,34,109,400,5,2,100,0.0,0,0.3,0.0,0.0,1.0,0.7,2.0,1.0,0.25,1.0,0.25
s1_2.0,0.97733144933512,0.027781440775142767,1.0,1.0,-0.8159602249701378,35,110,400,5,2,100,0.0,0,0.3,0.0,0.0,1.0,0.7,2.0,1.0,0.25,1.0,0.25
s1_2.0,1.0475511740694554,0.028299578915230716,1.0,1.0,1.680278502089781,36,111,400,5,2,100,0.0,0,0.3,0.0,0.0,1.0,0.7,2.0,1.0,0.25,1.0,0.25
s1_2.0,0.995960236045755,0.024737337036132352,1.0,1.0,-0.16330633925326515,37,112,400,5,2,100,0.0,0,0.3,0.0,0.0,1.0,0.7,2.0,1.0,0.25,1.0,0.25
s1_2.0,0.975300400683563,0.026160320203693847,1.0,1.0,-0.9441627290536511,38,113,400,5,2,100,0.0,0,0.3,0.0,0.0,1.0,0.7,2.0,1.0,0.25,1.0,0.25
s1_2.0,1.00370964921116,0.02285251828662741,1.0,1.0,0.16232999639828213,39,114,400,5,2,100,0.0,0,0.3,0.0,0.0,1.0,0.7,2.0,1.0,0.25,1.0,0.25
s1_2.0,1.0270208936273986,0.026058017621365597,1.0,1.0,1.0369512378118697,40,115,400,5,2,100,0.0,0,0.3,0.0,0.0,1.0,0.7,2.0,1.0,0.25,1.0,0.25
s1_2.0,1.0025669664453452,0.0244997452050578,1.0,1.0,0.10477523026709769,41,116,400,5,2,100,0.0,0,0.3,0.0,0.0,1.0,0.7,2.0,1.0,0.25,1.0,0.25
s1_2.0,0.9552315672701225,0.02627328480374959,1.0,1.0,-1.7039526296113683,42,117,400,5,2,100,0.0,0,0.3,0.0,0.0,1.0,0.7,2.0,1.0,0.25,1.0,0.25
s1_2.0,0.9861944209721981,0.024232973491390725,1.0,1.0,-0.569702229596653,43,118,400,5,2,100,0.0,0,0.3,0.0,0.0,1.0,0.7,2.0,1.0,0.25,1.0,0.25
s1_2.0,0.9997015153196025,0.022946077486126464,1.0,1.0,-0.013008091713190287,44,119,400,5,2,100,0.0,0,0.3,0.0,0.0,1.0,0.7,2.0,1.0,0.25,1.0,0.25
s1_2.0,1.002298663125299,0.025361068813964667,1.0,1.0,0.09063747045366263,45,120,400,5,2,100,0.0,0,0.3,0.0,0.0,1.0,0.7,2.0,1.0,0.25,1.0,0.25
s1_2.0,1.0071700801301497,0.02818958485398475,1.0,1.0,0.25435210086594157,46,121,400,5,2,100,0.0,0,0.3,0.0,0.0,1.0,0.7,2.0,1.0,0.25,1.0,0.25
s1_2.0,0.9834553153860373,0.026925957273441332,1.0,1.0,-0.6144511203797293,47,122,400,5,2,100,0.0,0,0.3,0.0,0.0,1.0,0.7,2.0,1.0,0.25,1.0,0.25
s1_2.0,1.0230423586166035,0.0260505217472784,1.0,1.0,0.8845258010623476,48,123,400,5,2,100,0.0,0,0.3,0.0,0.0,1.0,0.7,2.0,1.0,0.25,1.0,0.25
s1_2.0,1.035972993638486,0.02905641397920543,1.0,1.0,1.2380396859788187,49,124,400,5,2,100,0.0,0,0.3,0.0,0.0,1.0,0.7,2.0,1.0,0.25,1.0,0.25
s1_2.0,0.9688037406334469,0.027419671606189664,1.0,1.0,-1.1377327859576167,50,125,400,5,2,100,0.0,0,0.3,0.0,0.0,1.0,0.7,2.0,1.0,0.25,1.0,0.25
s1_2.0,0.9535266753929557,0.028375945047791368,1.0,1.0,-1.6377718708142754,51,126,400,5,2,100,0.0,0,0.3,0.0,0.0,1.0,0.7,2.0,1.0,0.25,1.0,0.25
s1_2.0,0.9681959222916259,0.026348205319748012,1.0,1.0,-1.207068083856813,52,127,400,5,2,100,0.0,0,0.3,0.0,0.0,1.0,0.7,2.0,1.0,0.25,1.0,0.25
s1_2.0,1.026973078875821,0.029025230871705977,1.0,1.0,0.9292976512415778,53,128,400,5,2,100,0.0,0,0.3,0.0,0.0,1.0,0.7,2.0,1.0,0.25,1.0,0.25
s1_2.0,0.9752431917082589,0.023019924896014964,1.0,1.0,-1.0754513059261461,54,129,400,5,2,100,0.0,0,0.3,0.0,0.0,1.0,0.7,2.0,1.0,0.25,1.0,0.25
s1_2.0,1.0147718221984792,0.027245613423843924,1.0,1.0,0.5421724946574941,55,130,400,5,2,100,0.0,0,0.3,0.0,0.0,1.0,0.7,2.0,1.0,0.25,1.0,0.25
s1_2.0,0.9978036329331337,0.026800861178191072,1.0,1.0,-0.08195136164705014,56,131,400,5,2,100,0.0,0,0.3,0.0,0.0,1.0,0.7,2.0,1.0,0.25,1.0,0.25
s1_2.0,1.009027097466004,0.02788723484974455,1.0,1.0,0.32369998368937397,57,132,400,5,2,100,0.0,0,0.3,0.0,0.0,1.0,0.7,2.0,1.0,0.25,1.0,0.25
s1_2.0,1.0096899017170604,0.025371722195186415,1.0,1.0,0.38191738197806707,58,133,400,5,2,100,0.0,0,0.3,0.0,0.0,1.0,0.7,2.0,1.0,0.25,1.0,0.25
s1_2.0,0.9858727082670936,0.025921889358620203,1.0,1.0,-0.5449946775661406,59,134,400,5,2,100,0.0,0,0.3,0.0,0.0,1.0,0.7,2.0,1.0,0.25,1.0,0.25
s1_2.0,0.999211861059517,0.02939384971672256,1.0,1.0,-0.02681305606712127,60,135,400,5,2,100,0.0,0,0.3,0.0,0.0,1.0,0.7,2.0,1.0,0.25,1.0,0.25
s1_2.0,0.9907897967362989,0.024207557052544695,1.0,1.0,-0.38046810108552315,61,136,400,5,2,100,0.0,0,0.3,0.0,0.0,1.0,0.7,2.0,1.0,0.25,1.0,0.25
s1_2.0,0.978406916989316,0.026280386966377432,1.0,1.0,-0.8216425061894902,62,137,400,5,2,100,0.0,0,0.3,0.0,0.0,1.0,0.7,2.0,1.0,0.25,1.0,0.25
s1_2.0,1.0096283089738107,0.024233305700934443,1.0,1.0,0.3973171919933094,63,138,400,5,2,100,0.0,0,0.3,0.0,0.0,1.0,0.7,2.0,1.0,0.25,1.0,0.25
s1_2.0,0.9448406021425717,0.026480563886682174,1.0,1.0,-2.0830144740675074,64,139,400,5,2,100,0.0,0,0.3,0.0,0.0,1.0,0.7,2.0,1.0,0.25,1.0,0.25
s1_2.0,0.9749880836327993,0.024064907865204842,1.0,1.0,-1.0393522596180436,65,140,400,5,2,100,0.0,0,0.3,0.0,0.0,1.0,0.7,2.0,1.0,0.25,1.0,0.25
s1_2.0,0.9912195312441512,0.024914671681917147,1.0,1.0,-0.352421611970171,66,141,400,5,2,100,0.0,0,0.3,0.0,0.0,1.0,0.7,2.0,1.0,0.25,1.0,0.25
s1_2.0,0.9983384275063271,0.024930254406782877,1.0,1.0,-0.06664883825737715,67,142,400,5,2,100,0.0,0,0.3,0.0,0.0,1.0,0.7,2.0,1.0,0.25,1.0,0.25
s1_2.0,0.9701032303033483,0.028517668996308476,1.0,1.0,-1.0483595170601676,68,143,400,5,2,100,0.0,0,0.3,0.0,0.0,1.0,0.7,2.0,1.0,0.25,1.0,0.25
s1_2.0,0.9720831363610536,0.029895979257702668,1.0,1.0,-0.9337999400622965,69,144,400,5,2,100,0.0,0,0.3,0.0,0.0,1.0,0.7,2.0,1.0,0.25,1.0,0.25
s1_2.0,0.9775678937505509,0.0284520596662243,1.0,1.0,-0.7884176580748035,70,145,400,5,2,100,0.0,0,0.3,0.0,0.0,1.0,0.7,2.0,1.0,0.25,1.0,0.25
s1_2.0,0.9905327544369116,0.02731676909410169,1.0,1.0,-0.34657266862253544,71,146,400,5,2,100,0.0,0,0.3,0.0,0.0,1.0,0.7,2.0,1.0,0.25,1.0,0.25
s1_2.0,0.9744908743951324,0.0257158079588584,1.0,1.0,-0.9919628286880412,72,147,400,5,2,100,0.0,0,0.3,0.0,0.0,1.0,0.7,2.0,1.0,0.25,1.0,0.25
s1_2.0,0.9934690685122514,0.025418422547632213,1.0,1.0,-0.25693693129501494,73,148,400,5,2,100,0.0,0,0.3,0.0,0.0,1.0,0.7,2.0,1.0,0.25,1.0,0.25
s1_2.0,0.9838404350783286,0.025314620889443522,1.0,1.0,-0.638349078670583,74,149,400,5,2,100,0.0,0,0.3,0.0,0.0,1.0,0.7,2.0,1.0,0.25,1.0,0.25
s1_2.0,0.9619530572715342,0.02533961527965111,1.0,1.0,-1.501480677925652,75,150,400,5,2,100,0.0,0,0.3,0.0,0.0,1.0,0.7,2.0,1.0,0.25,1.0,0.25
s1_2.0,0.9758232226264667,0.022649149374235865,1.0,1.0,-1.067447477786303,76,151,400,5,2,100,0.0,0,0.3,0.0,0.0,1.0,0.7,2.0,1.0,0.25,1.0,0.25
s1_2.0,1.0389187035472234,0.024382873955398645,1.0,1.0,1.596149150359133,77,152,400,5,2,100,0.0,0,0.3,0.0,0.0,1.0,0.7,2.0,1.0,0.25,1.0,0.25
s1_2.0,1.0062279717297458,0.02587052893463674,1.0,1.0,0.24073615755909214,78,153,400,5,2,100,0.0,0,0.3,0.0,0.0,1.0,0.7,2.0,1.0,0.25,1.0,0.25
s1_2.0,0.9129833556234639,0.02594144461454327,1.0,1.0,-3.354348443947216,79,154,400,5,2,100,0.0,0,0.3,0.0,0.0,1.0,0.7,2.0,1.0,0.25,1.0,0.25
s1_2.0,1.019166341888249,0.026059344235254973,1.0,1.0,0.7354882653692967,80,155,400,5,2,100,0.0,0,0.3,0.0,0.0,1.0,0.7,2.0,1.0,0.25,1.0,0.25
s1_2.0,0.9803133166380635,0.024580419870415204,1.0,1.0,-0.8009091571959354,81,156,400,5,2,100,0.0,0,0.3,0.0,0.0,1.0,0.7,2.0,1.0,0.25,1.0,0.25
s1_2.0,0.9619479709019523,0.028300397717413234,1.0,1.0,-1.3445757716201392,82,157,400,5,2,100,0.0,0,0.3,0.0,0.0,1.0,0.7,2.0,1.0,0.25,1.0,0.25
s1_2.0,0.9817028888032748,0.028963659787049362,1.0,1.0,-0.6317264921371031,83,158,400,5,2,100,0.0,0,0.3,0.0,0.0,1.0,0.7,2.0,1.0,0.25,1.0,0.25
s1_2.0,1.0186179828136421,0.027604407433807335,1.0,1.0,0.6744568909253433,84,159,400,5,2,100,0.0,0,0.3,0.0,0.0,1.0,0.7,2.0,1.0,0.25,1.0,0.25
s1_2.0,0.9941436092140007,0.024402593445362195,1.0,1.0,-0.23999050752994205,85,160,400,5,2,100,0.0,0,0.3,0.0,0.0,1.0,0.7,2.0,1.0,0.25,1.0,0.25
s1_2.0,0.9491026019353016,0.02711919049136123,1.0,1.0,-1.8768037372248139,86,161,400,5,2,100,0.0,0,0.3,0.0,0.0,1.0,0.7,2.0,1.0,0.25,1.0,0.25
s1_2.0,0.944188406162913,0.02971475535346154,1.0,1.0,-1.8782451066212593,87,162,400,5,2,100,0.0,0,0.3,0.0,0.0,1.0,0.7,2.0,1.0,0.25,1.0,0.25
s1_2.0,1.0038331540957384,0.024044205719962883,1.0,1.0,0.1594211154397112,88,163,400,5,2,100,0.0,0,0.3,0.0,0.0,1.0,0.7,2.0,1.0,0.25,1.0,0.25
s1_2.0,0.917008533026167,0.025525026564083526,1.0,1.0,-3.251376321410413,89,164,400,5,2,100,0.0,0,0.3,0.0,0.0,1.0,0.7,2.0,1.0,0.25,1.0,0.25
s1_2.0,0.9716124365754992,0.024973273907361773,1.0,1.0,-1.1367177379227205,90,165,400,5,2,100,0.0,0,0.3,0.0,0.0,1.0,0.7,2.0,1.0,0.25,1.0,0.25
s1_2.0,1.0001433684879542,0.024934837188474935,1.0,1.0,0.0057497262512875,91,166,400,5,2,100,0.0,0,0.3,0.0,0.0,1.0,0.7,2.0,1.0,0.25,1.0,0.25
s1_2.0,0.9800037935276347,0.027164120215441047,1.0,1.0,-0.7361256802640264,92,167,400,5,2,100,0.0,0,0.3,0.0,0.0,1.0,0.7,2.0,1.0,0.25,1.0,0.25
s1_2.0,0.9756006859020385,0.028237733005092684,1.0,1.0,-0.8640677384959002,93,168,400,5,2,100,0.0,0,0.3,0.0,0.0,1.0,0.7,2.0,1.0,0.25,1.0,0.25
s1_2.0,0.9958702605697266,0.030018658645737238,1.0,1.0,-0.1375724171759364,94,169,400,5,2,100,0.0,0,0.3,0.0,0.0,1.0,0.7,2.0,1.0,0.25,1.0,0.25
s1_2.0,1.055585111120228,0.02735942551383838,1.0,1.0,2.0316622179114465,95,170,400,5,2,100,0.0,0,0.3,0.0,0.0,1.0,0.7,2.0,1.0,0.25,1.0,0.25
s1_2.0,1.0321511140713733,0.023834492960872818,1.0,1.0,1.3489321599646862,96,171,400,5,2,100,0.0,0,0.3,0.0,0.0,1.0,0.7,2.0,1.0,0.25,1.0,0.25
s1_2.0,0.9975397419656329,0.025777429994925678,1.0,1.0,-0.09544233210414764,97,172,400,5,2,100,0.0,0,0.3,0.0,0.0,1.0,0.7,2.0,1.0,0.25,1.0,0.25
s1_2.0,0.9600445090377172,0.02587495007209208,1.0,1.0,-1.544176543373413,98,173,400,5,2,100,0.0,0,0.3,0.0,0.0,1.0,0.7,2.0,1.0,0.25,1.0,0.25
s1_2.0,1.011641390768136,0.025100823771613403,1.0,1.0,0.463785207770805,99,174,400,5,2,100,0.0,0,0.3,0.0,0.0,1.0,0.7,2.0,1.0,0.25,1.0,0.25
