config_name,nonlinearity,interaction,sparse_beta,skewness_level,heterogeneous,true_effect,noise_std,bias,rmse,variance,coverage_rate,rejection_rate,mean_estimate
0_基准,False,False,False,0.3,False,1.0,1.0,0.00197245882160324,0.11554742228410936,0.013347316202699373,0.9,1.0,1.0019724588216032
1_非线性,True,False,False,0.3,False,1.0,1.0,-0.03463747556940244,0.11070320787212035,0.011055445519356933,0.9,1.0,0.9653625244305976
2_交互,False,True,False,0.3,False,1.0,1.0,0.011656173929769587,0.11469514137775937,0.013019109064983169,0.92,1.0,1.0116561739297696
3_稀疏性,False,False,True,0.3,False,1.0,1.0,0.00533657878111371,0.11623131029977163,0.013481238420914763,0.88,1.0,1.0053365787811137
4_偏态,False,False,False,2.0,False,1.0,1.0,0.003157483863170274,0.1163173683941548,0.013519760485795338,0.88,1.0,1.0031574838631703
5_异质性,False,False,False,0.3,True,1.0,1.0,0.008359996440160167,0.11378315028954004,0.012876715749332563,0.9,1.0,1.0083599964401602
