config_name,nonlinearity,interaction,sparse_beta,skewness_level,heterogeneous,true_effect,noise_std,bias,rmse,variance,coverage_rate,rejection_rate,mean_estimate
0_基准,False,False,False,0.3,False,1.0,1.0,-0.1616062609562524,0.39289759578580574,0.12825193719400604,0.65,0.95,0.8383937390437476
1_非线性,True,False,False,0.3,False,1.0,1.0,-0.07839138670994106,0.5189108799781129,0.26312329184935196,1.0,0.55,0.9216086132900589
2_交互,False,True,False,0.3,False,1.0,1.0,-0.20525130557260984,0.3964488022486311,0.11504355436511329,0.6,0.95,0.7947486944273902
3_稀疏性,False,False,True,0.3,False,1.0,1.0,-0.007070704801286132,0.06602468713572023,0.004309264444982809,0.95,1.0,0.9929292951987139
4_偏态,False,False,False,2.0,False,1.0,1.0,-0.3275284006424857,0.7095006973879745,0.39611638636659735,0.55,0.65,0.6724715993575143
5_异质性,False,False,False,0.3,True,1.0,1.0,-0.1868287758754612,0.37748732796733353,0.1075916912807939,0.7,0.95,0.8131712241245388
