config_name,theta_hat,se,true_effect,true_theta,z,run_id,seed_used,n_samples,d_dim,dgp_num,n_runs,nonlinearity,sparse_k,skewness,interaction,heterogeneous,noise_std,rho,s1,a0,a1,b0,b1
0_base,0.9604507858715884,0.02190454574826435,1.0,1.0,-1.805525418464584,0,60,2000,100,2,100,0.0,0,0.3,0.0,0.0,1.0,0.7,1.0,1.0,0.25,1.0,0.25
0_base,0.9709393527034456,0.02227036128641912,1.0,1.0,-1.3049023732846294,1,61,2000,100,2,100,0.0,0,0.3,0.0,0.0,1.0,0.7,1.0,1.0,0.25,1.0,0.25
0_base,0.9557934645386712,0.021983162095201004,1.0,1.0,-2.010927057258029,2,62,2000,100,2,100,0.0,0,0.3,0.0,0.0,1.0,0.7,1.0,1.0,0.25,1.0,0.25
0_base,0.9726059741407617,0.022485932311606865,1.0,1.0,-1.2182739625653856,3,63,2000,100,2,100,0.0,0,0.3,0.0,0.0,1.0,0.7,1.0,1.0,0.25,1.0,0.25
0_base,0.9829357531358022,0.024692956306823326,1.0,1.0,-0.6910572655685833,4,64,2000,100,2,100,0.0,0,0.3,0.0,0.0,1.0,0.7,1.0,1.0,0.25,1.0,0.25
0_base,1.0234064038067923,0.021947018259626062,1.0,1.0,1.0664958460371312,5,65,2000,100,2,100,0.0,0,0.3,0.0,0.0,1.0,0.7,1.0,1.0,0.25,1.0,0.25
0_base,0.980962864995017,0.022792021492613238,1.0,1.0,-0.8352543459628132,6,66,2000,100,2,100,0.0,0,0.3,0.0,0.0,1.0,0.7,1.0,1.0,0.25,1.0,0.25
0_base,0.9722756005698658,0.022845347993410075,1.0,1.0,-1.213568707210391,7,67,2000,100,2,100,0.0,0,0.3,0.0,0.0,1.0,0.7,1.0,1.0,0.25,1.0,0.25
0_base,1.0133310170798773,0.023353087306563672,1.0,1.0,0.5708460258327569,8,68,2000,100,2,100,0.0,0,0.3,0.0,0.0,1.0,0.7,1.0,1.0,0.25,1.0,0.25
0_base,0.993354139132258,0.02208023536470058,1.0,1.0,-0.30098686712219813,9,69,2000,100,2,100,0.0,0,0.3,0.0,0.0,1.0,0.7,1.0,1.0,0.25,1.0,0.25
0_base,1.0037253596658684,0.0227846597268749,1.0,1.0,0.16350297570932226,10,70,2000,100,2,100,0.0,0,0.3,0.0,0.0,1.0,0.7,1.0,1.0,0.25,1.0,0.25
0_base,1.011407711433095,0.023628545759907364,1.0,1.0,0.48279363228741384,11,71,2000,100,2,100,0.0,0,0.3,0.0,0.0,1.0,0.7,1.0,1.0,0.25,1.0,0.25
0_base,1.018941529275994,0.022471060079965365,1.0,1.0,0.8429299378217502,12,72,2000,100,2,100,0.0,0,0.3,0.0,0.0,1.0,0.7,1.0,1.0,0.25,1.0,0.25
0_base,0.9753281693151082,0.02295652542846887,1.0,1.0,-1.074719724540531,13,73,2000,100,2,100,0.0,0,0.3,0.0,0.0,1.0,0.7,1.0,1.0,0.25,1.0,0.25
0_base,0.9646262912528468,0.02170176204028302,1.0,1.0,-1.6299924716477934,14,74,2000,100,2,100,0.0,0,0.3,0.0,0.0,1.0,0.7,1.0,1.0,0.25,1.0,0.25
0_base,1.0151664981150448,0.022427378566238935,1.0,1.0,0.6762492580330219,15,75,2000,100,2,100,0.0,0,0.3,0.0,0.0,1.0,0.7,1.0,1.0,0.25,1.0,0.25
0_base,1.0175239384538937,0.02196571344661571,1.0,1.0,0.7977859902653697,16,76,2000,100,2,100,0.0,0,0.3,0.0,0.0,1.0,0.7,1.0,1.0,0.25,1.0,0.25
0_base,1.0044510284076247,0.02373324535516582,1.0,1.0,0.18754402699738074,17,77,2000,100,2,100,0.0,0,0.3,0.0,0.0,1.0,0.7,1.0,1.0,0.25,1.0,0.25
0_base,0.9691110710291481,0.021513086219872444,1.0,1.0,-1.4358204422719543,18,78,2000,100,2,100,0.0,0,0.3,0.0,0.0,1.0,0.7,1.0,1.0,0.25,1.0,0.25
0_base,1.0099022873293317,0.02217120421176538,1.0,1.0,0.4466283037561391,19,79,2000,100,2,100,0.0,0,0.3,0.0,0.0,1.0,0.7,1.0,1.0,0.25,1.0,0.25
0_base,0.9983615610824276,0.021848147761152625,1.0,1.0,-0.07499211994921023,20,80,2000,100,2,100,0.0,0,0.3,0.0,0.0,1.0,0.7,1.0,1.0,0.25,1.0,0.25
0_base,0.97778689452457,0.022835571150871686,1.0,1.0,-0.9727414010655064,21,81,2000,100,2,100,0.0,0,0.3,0.0,0.0,1.0,0.7,1.0,1.0,0.25,1.0,0.25
0_base,0.9893550607338572,0.021544793890904645,1.0,1.0,-0.49408406133032073,22,82,2000,100,2,100,0.0,0,0.3,0.0,0.0,1.0,0.7,1.0,1.0,0.25,1.0,0.25
0_base,0.973426594153827,0.022817542115739463,1.0,1.0,-1.1646042203574027,23,83,2000,100,2,100,0.0,0,0.3,0.0,0.0,1.0,0.7,1.0,1.0,0.25,1.0,0.25
0_base,0.9774372510236083,0.022734533448897237,1.0,1.0,-0.9924438971711596,24,84,2000,100,2,100,0.0,0,0.3,0.0,0.0,1.0,0.7,1.0,1.0,0.25,1.0,0.25
0_base,0.9859487249386804,0.0238785545510389,1.0,1.0,-0.5884474720312712,25,85,2000,100,2,100,0.0,0,0.3,0.0,0.0,1.0,0.7,1.0,1.0,0.25,1.0,0.25
0_base,0.9861543411218042,0.022707313573845787,1.0,1.0,-0.6097444699113665,26,86,2000,100,2,100,0.0,0,0.3,0.0,0.0,1.0,0.7,1.0,1.0,0.25,1.0,0.25
0_base,0.9621237215062053,0.022245443730022442,1.0,1.0,-1.7026533142459597,27,87,2000,100,2,100,0.0,0,0.3,0.0,0.0,1.0,0.7,1.0,1.0,0.25,1.0,0.25
0_base,0.9684885204266077,0.02288305685829938,1.0,1.0,-1.377065999902172,28,88,2000,100,2,100,0.0,0,0.3,0.0,0.0,1.0,0.7,1.0,1.0,0.25,1.0,0.25
0_base,0.9906710085144561,0.02212366399545836,1.0,1.0,-0.4216747952535795,29,89,2000,100,2,100,0.0,0,0.3,0.0,0.0,1.0,0.7,1.0,1.0,0.25,1.0,0.25
0_base,1.003321728880737,0.02258321969692964,1.0,1.0,0.14708836584486762,30,90,2000,100,2,100,0.0,0,0.3,0.0,0.0,1.0,0.7,1.0,1.0,0.25,1.0,0.25
0_base,0.9444849835697384,0.023881932407863023,1.0,1.0,-2.3245613245259626,31,91,2000,100,2,100,0.0,0,0.3,0.0,0.0,1.0,0.7,1.0,1.0,0.25,1.0,0.25
0_base,1.0121343908661513,0.021998387623463317,1.0,1.0,0.5516036481332324,32,92,2000,100,2,100,0.0,0,0.3,0.0,0.0,1.0,0.7,1.0,1.0,0.25,1.0,0.25
0_base,0.9914726509632547,0.023546412422039913,1.0,1.0,-0.3621506700852474,33,93,2000,100,2,100,0.0,0,0.3,0.0,0.0,1.0,0.7,1.0,1.0,0.25,1.0,0.25
0_base,1.0036521068389277,0.02237854390626696,1.0,1.0,0.16319680378779897,34,94,2000,100,2,100,0.0,0,0.3,0.0,0.0,1.0,0.7,1.0,1.0,0.25,1.0,0.25
0_base,1.0142226987560554,0.023214534387287114,1.0,1.0,0.612663537367527,35,95,2000,100,2,100,0.0,0,0.3,0.0,0.0,1.0,0.7,1.0,1.0,0.25,1.0,0.25
0_base,0.9431736674876738,0.02253238831920496,1.0,1.0,-2.5219844300256242,36,96,2000,100,2,100,0.0,0,0.3,0.0,0.0,1.0,0.7,1.0,1.0,0.25,1.0,0.25
0_base,1.0081537010036392,0.022220583575868362,1.0,1.0,0.3669436032496538,37,97,2000,100,2,100,0.0,0,0.3,0.0,0.0,1.0,0.7,1.0,1.0,0.25,1.0,0.25
0_base,0.9895069168828737,0.02343198872687396,1.0,1.0,-0.4478101811773165,38,98,2000,100,2,100,0.0,0,0.3,0.0,0.0,1.0,0.7,1.0,1.0,0.25,1.0,0.25
0_base,1.0513540611936507,0.023054165776876145,1.0,1.0,2.2275393389059435,39,99,2000,100,2,100,0.0,0,0.3,0.0,0.0,1.0,0.7,1.0,1.0,0.25,1.0,0.25
0_base,0.9577895067953763,0.021335676530150373,1.0,1.0,-1.9783995667994958,40,100,2000,100,2,100,0.0,0,0.3,0.0,0.0,1.0,0.7,1.0,1.0,0.25,1.0,0.25
0_base,0.9878761627584685,0.023804715703061842,1.0,1.0,-0.5093040132368452,41,101,2000,100,2,100,0.0,0,0.3,0.0,0.0,1.0,0.7,1.0,1.0,0.25,1.0,0.25
0_base,0.9239181693291002,0.021920585547490302,1.0,1.0,-3.470793720636283,42,102,2000,100,2,100,0.0,0,0.3,0.0,0.0,1.0,0.7,1.0,1.0,0.25,1.0,0.25
0_base,0.9677112030291674,0.02233180764845626,1.0,1.0,-1.4458658017800312,43,103,2000,100,2,100,0.0,0,0.3,0.0,0.0,1.0,0.7,1.0,1.0,0.25,1.0,0.25
0_base,1.0020675033775384,0.022051508768990914,1.0,1.0,0.09375791013654844,44,104,2000,100,2,100,0.0,0,0.3,0.0,0.0,1.0,0.7,1.0,1.0,0.25,1.0,0.25
0_base,1.036779705824931,0.02462613769918203,1.0,1.0,1.4935231124835593,45,105,2000,100,2,100,0.0,0,0.3,0.0,0.0,1.0,0.7,1.0,1.0,0.25,1.0,0.25
0_base,0.9678766875521819,0.024316327554356674,1.0,1.0,-1.321059373624972,46,106,2000,100,2,100,0.0,0,0.3,0.0,0.0,1.0,0.7,1.0,1.0,0.25,1.0,0.25
0_base,0.9770875289865395,0.022266826160540584,1.0,1.0,-1.0289958186346322,47,107,2000,100,2,100,0.0,0,0.3,0.0,0.0,1.0,0.7,1.0,1.0,0.25,1.0,0.25
0_base,0.9858465978880393,0.023152014087272937,1.0,1.0,-0.6113248747434492,48,108,2000,100,2,100,0.0,0,0.3,0.0,0.0,1.0,0.7,1.0,1.0,0.25,1.0,0.25
0_base,1.0062289226032057,0.023508310134273906,1.0,1.0,0.26496683800867016,49,109,2000,100,2,100,0.0,0,0.3,0.0,0.0,1.0,0.7,1.0,1.0,0.25,1.0,0.25
0_base,0.9782395190999262,0.022898368206315092,1.0,1.0,-0.950307056992493,50,110,2000,100,2,100,0.0,0,0.3,0.0,0.0,1.0,0.7,1.0,1.0,0.25,1.0,0.25
0_base,1.0027272876474438,0.023119539241016597,1.0,1.0,0.11796461940752179,51,111,2000,100,2,100,0.0,0,0.3,0.0,0.0,1.0,0.7,1.0,1.0,0.25,1.0,0.25
0_base,1.0338646927604322,0.023569860555447124,1.0,1.0,1.4367795125799305,52,112,2000,100,2,100,0.0,0,0.3,0.0,0.0,1.0,0.7,1.0,1.0,0.25,1.0,0.25
0_base,0.944465753791362,0.02296749375655915,1.0,1.0,-2.4179497683667948,53,113,2000,100,2,100,0.0,0,0.3,0.0,0.0,1.0,0.7,1.0,1.0,0.25,1.0,0.25
0_base,0.9715173112116814,0.022408214203702065,1.0,1.0,-1.2710824936515013,54,114,2000,100,2,100,0.0,0,0.3,0.0,0.0,1.0,0.7,1.0,1.0,0.25,1.0,0.25
0_base,0.9683017694573345,0.022760718002089942,1.0,1.0,-1.3926726977485908,55,115,2000,100,2,100,0.0,0,0.3,0.0,0.0,1.0,0.7,1.0,1.0,0.25,1.0,0.25
0_base,1.0536981802981735,0.021915294442274205,1.0,1.0,2.450260499105625,56,116,2000,100,2,100,0.0,0,0.3,0.0,0.0,1.0,0.7,1.0,1.0,0.25,1.0,0.25
0_base,1.0174607584616482,0.022979300599620094,1.0,1.0,0.7598472540951423,57,117,2000,100,2,100,0.0,0,0.3,0.0,0.0,1.0,0.7,1.0,1.0,0.25,1.0,0.25
0_base,0.9604928505722012,0.024055828339325628,1.0,1.0,-1.642310914033829,58,118,2000,100,2,100,0.0,0,0.3,0.0,0.0,1.0,0.7,1.0,1.0,0.25,1.0,0.25
0_base,0.9782875160536443,0.024142302423621476,1.0,1.0,-0.8993543186300096,59,119,2000,100,2,100,0.0,0,0.3,0.0,0.0,1.0,0.7,1.0,1.0,0.25,1.0,0.25
0_base,0.9928605473538482,0.023005977761372358,1.0,1.0,-0.31033032893473095,60,120,2000,100,2,100,0.0,0,0.3,0.0,0.0,1.0,0.7,1.0,1.0,0.25,1.0,0.25
0_base,0.980576563536428,0.022227885038021106,1.0,1.0,-0.8738319651351432,61,121,2000,100,2,100,0.0,0,0.3,0.0,0.0,1.0,0.7,1.0,1.0,0.25,1.0,0.25
0_base,0.9587707972029065,0.02350318498217108,1.0,1.0,-1.7541964133103216,62,122,2000,100,2,100,0.0,0,0.3,0.0,0.0,1.0,0.7,1.0,1.0,0.25,1.0,0.25
0_base,0.9652463194170122,0.022647236315036377,1.0,1.0,-1.534566076829139,63,123,2000,100,2,100,0.0,0,0.3,0.0,0.0,1.0,0.7,1.0,1.0,0.25,1.0,0.25
0_base,1.0134212955527897,0.022540495982777218,1.0,1.0,0.595430356237266,64,124,2000,100,2,100,0.0,0,0.3,0.0,0.0,1.0,0.7,1.0,1.0,0.25,1.0,0.25
0_base,0.9694258503733828,0.022124091982791916,1.0,1.0,-1.381939184233989,65,125,2000,100,2,100,0.0,0,0.3,0.0,0.0,1.0,0.7,1.0,1.0,0.25,1.0,0.25
0_base,0.9592730940472525,0.023310810526583348,1.0,1.0,-1.7471252621740925,66,126,2000,100,2,100,0.0,0,0.3,0.0,0.0,1.0,0.7,1.0,1.0,0.25,1.0,0.25
0_base,1.0165261966479853,0.02229137553517146,1.0,1.0,0.7413717750127237,67,127,2000,100,2,100,0.0,0,0.3,0.0,0.0,1.0,0.7,1.0,1.0,0.25,1.0,0.25
0_base,0.9925172238562794,0.023103588598103644,1.0,1.0,-0.32387938834466634,68,128,2000,100,2,100,0.0,0,0.3,0.0,0.0,1.0,0.7,1.0,1.0,0.25,1.0,0.25
0_base,0.9967348946729593,0.022621930866288692,1.0,1.0,-0.14433362679515538,69,129,2000,100,2,100,0.0,0,0.3,0.0,0.0,1.0,0.7,1.0,1.0,0.25,1.0,0.25
0_base,0.973809183056853,0.022866200543899755,1.0,1.0,-1.145394351495537,70,130,2000,100,2,100,0.0,0,0.3,0.0,0.0,1.0,0.7,1.0,1.0,0.25,1.0,0.25
0_base,0.9685031534434112,0.02401670215611472,1.0,1.0,-1.311455933951765,71,131,2000,100,2,100,0.0,0,0.3,0.0,0.0,1.0,0.7,1.0,1.0,0.25,1.0,0.25
0_base,0.9553295466496549,0.021734286682262294,1.0,1.0,-2.055298800618169,72,132,2000,100,2,100,0.0,0,0.3,0.0,0.0,1.0,0.7,1.0,1.0,0.25,1.0,0.25
0_base,0.9618994694401379,0.023177403861589597,1.0,1.0,-1.6438653262198877,73,133,2000,100,2,100,0.0,0,0.3,0.0,0.0,1.0,0.7,1.0,1.0,0.25,1.0,0.25
0_base,0.9743256576141485,0.023082888178993455,1.0,1.0,-1.1122673292338014,74,134,2000,100,2,100,0.0,0,0.3,0.0,0.0,1.0,0.7,1.0,1.0,0.25,1.0,0.25
0_base,1.0115122650033272,0.022691267979581462,1.0,1.0,0.5073433980721773,75,135,2000,100,2,100,0.0,0,0.3,0.0,0.0,1.0,0.7,1.0,1.0,0.25,1.0,0.25
0_base,0.9897342501600721,0.022913687157080247,1.0,1.0,-0.44801824209054963,76,136,2000,100,2,100,0.0,0,0.3,0.0,0.0,1.0,0.7,1.0,1.0,0.25,1.0,0.25
0_base,0.9818144272999767,0.022878502273201474,1.0,1.0,-0.7948760142977019,77,137,2000,100,2,100,0.0,0,0.3,0.0,0.0,1.0,0.7,1.0,1.0,0.25,1.0,0.25
0_base,1.0168943142501992,0.022275314197338046,1.0,1.0,0.7584321415416027,78,138,2000,100,2,100,0.0,0,0.3,0.0,0.0,1.0,0.7,1.0,1.0,0.25,1.0,0.25
0_base,1.0125604739848026,0.022940410300439633,1.0,1.0,0.5475261261810097,79,139,2000,100,2,100,0.0,0,0.3,0.0,0.0,1.0,0.7,1.0,1.0,0.25,1.0,0.25
0_base,0.9554246326644523,0.02255397516874863,1.0,1.0,-1.976386291198567,80,140,2000,100,2,100,0.0,0,0.3,0.0,0.0,1.0,0.7,1.0,1.0,0.25,1.0,0.25
0_base,0.9326032802027483,0.022699829829468752,1.0,1.0,-2.969040750682535,81,141,2000,100,2,100,0.0,0,0.3,0.0,0.0,1.0,0.7,1.0,1.0,0.25,1.0,0.25
0_base,0.9781804483868917,0.022962748331228685,1.0,1.0,-0.950215161459326,82,142,2000,100,2,100,0.0,0,0.3,0.0,0.0,1.0,0.7,1.0,1.0,0.25,1.0,0.25
0_base,0.9753369452827311,0.02267135935455452,1.0,1.0,-1.0878507252947005,83,143,2000,100,2,100,0.0,0,0.3,0.0,0.0,1.0,0.7,1.0,1.0,0.25,1.0,0.25
0_base,1.0139461053601788,0.023349811120582663,1.0,1.0,0.597268444192486,84,144,2000,100,2,100,0.0,0,0.3,0.0,0.0,1.0,0.7,1.0,1.0,0.25,1.0,0.25
0_base,0.9726573267426406,0.021969093824123216,1.0,1.0,-1.2445972271890298,85,145,2000,100,2,100,0.0,0,0.3,0.0,0.0,1.0,0.7,1.0,1.0,0.25,1.0,0.25
0_base,0.955338345191544,0.022998521315052842,1.0,1.0,-1.9419359269512821,86,146,2000,100,2,100,0.0,0,0.3,0.0,0.0,1.0,0.7,1.0,1.0,0.25,1.0,0.25
0_base,0.9647766413783031,0.023899078228389596,1.0,1.0,-1.4738375382133042,87,147,2000,100,2,100,0.0,0,0.3,0.0,0.0,1.0,0.7,1.0,1.0,0.25,1.0,0.25
0_base,0.9888111600126688,0.02283334921466863,1.0,1.0,-0.49002184839985163,88,148,2000,100,2,100,0.0,0,0.3,0.0,0.0,1.0,0.7,1.0,1.0,0.25,1.0,0.25
0_base,0.9701498050903943,0.02216318534172574,1.0,1.0,-1.3468368580308696,89,149,2000,100,2,100,0.0,0,0.3,0.0,0.0,1.0,0.7,1.0,1.0,0.25,1.0,0.25
0_base,0.934164634250121,0.021785518266089755,1.0,1.0,-3.0219784053682606,90,150,2000,100,2,100,0.0,0,0.3,0.0,0.0,1.0,0.7,1.0,1.0,0.25,1.0,0.25
0_base,0.9850650803699241,0.021540159659476508,1.0,1.0,-0.6933523180040735,91,151,2000,100,2,100,0.0,0,0.3,0.0,0.0,1.0,0.7,1.0,1.0,0.25,1.0,0.25
0_base,0.9929438546125275,0.023002379572710424,1.0,1.0,-0.3067571928881536,92,152,2000,100,2,100,0.0,0,0.3,0.0,0.0,1.0,0.7,1.0,1.0,0.25,1.0,0.25
0_base,1.0082789561215417,0.023773221117632998,1.0,1.0,0.34824713405795416,93,153,2000,100,2,100,0.0,0,0.3,0.0,0.0,1.0,0.7,1.0,1.0,0.25,1.0,0.25
0_base,0.9927789803364376,0.024349977795917913,1.0,1.0,-0.296551385963601,94,154,2000,100,2,100,0.0,0,0.3,0.0,0.0,1.0,0.7,1.0,1.0,0.25,1.0,0.25
0_base,0.9813775386780395,0.022729645511847394,1.0,1.0,-0.8193027608923309,95,155,2000,100,2,100,0.0,0,0.3,0.0,0.0,1.0,0.7,1.0,1.0,0.25,1.0,0.25
0_base,1.0241799788008004,0.02278273049334109,1.0,1.0,1.0613292734102988,96,156,2000,100,2,100,0.0,0,0.3,0.0,0.0,1.0,0.7,1.0,1.0,0.25,1.0,0.25
0_base,1.0110123210450042,0.02352451952921301,1.0,1.0,0.46812097612998793,97,157,2000,100,2,100,0.0,0,0.3,0.0,0.0,1.0,0.7,1.0,1.0,0.25,1.0,0.25
0_base,0.9704910684176502,0.02297610178551919,1.0,1.0,-1.2843315135793816,98,158,2000,100,2,100,0.0,0,0.3,0.0,0.0,1.0,0.7,1.0,1.0,0.25,1.0,0.25
0_base,1.0024463013056792,0.022619329160327366,1.0,1.0,0.10815092208702085,99,159,2000,100,2,100,0.0,0,0.3,0.0,0.0,1.0,0.7,1.0,1.0,0.25,1.0,0.25
inter_0.25,0.987942996563276,0.02521399042839486,1.0,1.006935471625588,-0.7532514584015858,0,61,2000,100,2,100,0.0,0,0.3,0.25,0.0,1.0,0.7,1.0,1.0,0.25,1.0,0.25
inter_0.25,0.9403895887367453,0.024230198714292838,1.0,0.9960653628427831,-2.2977844615527645,1,62,2000,100,2,100,0.0,0,0.3,0.25,0.0,1.0,0.7,1.0,1.0,0.25,1.0,0.25
inter_0.25,0.9731320684766759,0.02497567572934327,1.0,0.9945328536727427,-0.8568651125992793,2,63,2000,100,2,100,0.0,0,0.3,0.25,0.0,1.0,0.7,1.0,1.0,0.25,1.0,0.25
inter_0.25,1.0037356848479329,0.026661597941529103,1.0,1.0039176948810449,-0.0068266738366989516,3,64,2000,100,2,100,0.0,0,0.3,0.25,0.0,1.0,0.7,1.0,1.0,0.25,1.0,0.25
inter_0.25,1.0072909217043502,0.024091843912924925,1.0,1.0030422220061834,0.17635427630707018,4,65,2000,100,2,100,0.0,0,0.3,0.25,0.0,1.0,0.7,1.0,1.0,0.25,1.0,0.25
inter_0.25,0.9775766993577889,0.02517317377695308,1.0,0.9959059161908063,-0.7281249871559063,5,66,2000,100,2,100,0.0,0,0.3,0.25,0.0,1.0,0.7,1.0,1.0,0.25,1.0,0.25
inter_0.25,0.9711483746750924,0.026583630440971173,1.0,1.0021976298164743,-1.1679840046801218,6,67,2000,100,2,100,0.0,0,0.3,0.25,0.0,1.0,0.7,1.0,1.0,0.25,1.0,0.25
inter_0.25,0.9899473784349674,0.02623997073261862,1.0,0.9964294694308171,-0.24703118238588262,7,68,2000,100,2,100,0.0,0,0.3,0.25,0.0,1.0,0.7,1.0,1.0,0.25,1.0,0.25
inter_0.25,0.9826482252590514,0.024374205977619225,1.0,0.9991577904409243,-0.6773375590996608,8,69,2000,100,2,100,0.0,0,0.3,0.25,0.0,1.0,0.7,1.0,1.0,0.25,1.0,0.25
inter_0.25,0.9855338671225853,0.02531974684859573,1.0,1.0016204394956567,-0.6353370145943467,9,70,2000,100,2,100,0.0,0,0.3,0.25,0.0,1.0,0.7,1.0,1.0,0.25,1.0,0.25
inter_0.25,1.0111849838623452,0.025960678559342545,1.0,1.011978478571813,-0.030565253048137286,10,71,2000,100,2,100,0.0,0,0.3,0.25,0.0,1.0,0.7,1.0,1.0,0.25,1.0,0.25
inter_0.25,1.010633053379623,0.024759787704132015,1.0,1.0049645511215297,0.2289398570710427,11,72,2000,100,2,100,0.0,0,0.3,0.25,0.0,1.0,0.7,1.0,1.0,0.25,1.0,0.25
inter_0.25,0.9887884057025151,0.024603134509642566,1.0,0.9998329900518635,-0.4489096438106196,12,73,2000,100,2,100,0.0,0,0.3,0.25,0.0,1.0,0.7,1.0,1.0,0.25,1.0,0.25
inter_0.25,0.9666216762559302,0.02426766724810743,1.0,1.0009972767711668,-1.4165185373520992,13,74,2000,100,2,100,0.0,0,0.3,0.25,0.0,1.0,0.7,1.0,1.0,0.25,1.0,0.25
inter_0.25,1.014486629324953,0.024096040913986694,1.0,1.0043334639906798,0.4213623877265154,14,75,2000,100,2,100,0.0,0,0.3,0.25,0.0,1.0,0.7,1.0,1.0,0.25,1.0,0.25
inter_0.25,1.0255209264875151,0.024435196685468456,1.0,1.0072560970450108,0.7474803529355807,15,76,2000,100,2,100,0.0,0,0.3,0.25,0.0,1.0,0.7,1.0,1.0,0.25,1.0,0.25
inter_0.25,1.010705050149752,0.0258928398830978,1.0,1.0057437416115123,0.19160928506256503,16,77,2000,100,2,100,0.0,0,0.3,0.25,0.0,1.0,0.7,1.0,1.0,0.25,1.0,0.25
inter_0.25,0.9696110760372199,0.024234487578419325,1.0,0.9976956535173847,-1.1588682198988995,17,78,2000,100,2,100,0.0,0,0.3,0.25,0.0,1.0,0.7,1.0,1.0,0.25,1.0,0.25
inter_0.25,0.9954736844931832,0.024659726105625574,1.0,1.0009394935427554,-0.22164921970991655,18,79,2000,100,2,100,0.0,0,0.3,0.25,0.0,1.0,0.7,1.0,1.0,0.25,1.0,0.25
inter_0.25,1.012386086568281,0.02399187644691138,1.0,1.0091378358493288,0.13538960681711706,19,80,2000,100,2,100,0.0,0,0.3,0.25,0.0,1.0,0.7,1.0,1.0,0.25,1.0,0.25
inter_0.25,0.9835043498875723,0.025778870497842797,1.0,0.9953440107204575,-0.4592777186989628,20,81,2000,100,2,100,0.0,0,0.3,0.25,0.0,1.0,0.7,1.0,1.0,0.25,1.0,0.25
inter_0.25,0.9958574050251192,0.024370308223868854,1.0,1.0017646519099008,-0.24239524713913618,21,82,2000,100,2,100,0.0,0,0.3,0.25,0.0,1.0,0.7,1.0,1.0,0.25,1.0,0.25
inter_0.25,0.9755405408081066,0.02476991353453305,1.0,0.9994960519210263,-0.9671213054305605,22,83,2000,100,2,100,0.0,0,0.3,0.25,0.0,1.0,0.7,1.0,1.0,0.25,1.0,0.25
inter_0.25,0.9788151092861108,0.02550532742733948,1.0,1.0029783334040732,-0.9473794910808117,23,84,2000,100,2,100,0.0,0,0.3,0.25,0.0,1.0,0.7,1.0,1.0,0.25,1.0,0.25
inter_0.25,0.9815990559391743,0.02574738947222998,1.0,1.0073669228926865,-1.000795322621126,24,85,2000,100,2,100,0.0,0,0.3,0.25,0.0,1.0,0.7,1.0,1.0,0.25,1.0,0.25
inter_0.25,0.9771214590331545,0.02475082300467623,1.0,1.0049226189485794,-1.1232418376622195,25,86,2000,100,2,100,0.0,0,0.3,0.25,0.0,1.0,0.7,1.0,1.0,0.25,1.0,0.25
inter_0.25,0.9629856897770371,0.02531312944047081,1.0,1.0012949191529383,-1.513413403348388,26,87,2000,100,2,100,0.0,0,0.3,0.25,0.0,1.0,0.7,1.0,1.0,0.25,1.0,0.25
inter_0.25,0.9664114419898343,0.024446010929838346,1.0,1.0080767878823194,-1.704382200108939,27,88,2000,100,2,100,0.0,0,0.3,0.25,0.0,1.0,0.7,1.0,1.0,0.25,1.0,0.25
inter_0.25,0.9579961292838265,0.02456255406059278,1.0,0.9908681206998294,-1.3382969594656895,28,89,2000,100,2,100,0.0,0,0.3,0.25,0.0,1.0,0.7,1.0,1.0,0.25,1.0,0.25
inter_0.25,1.0023261437326967,0.026600211166631894,1.0,1.0015755262348083,0.02821847891305477,29,90,2000,100,2,100,0.0,0,0.3,0.25,0.0,1.0,0.7,1.0,1.0,0.25,1.0,0.25
inter_0.25,0.9164091203958593,0.02611035422267075,1.0,1.0020522457936545,-3.2800445626828805,30,91,2000,100,2,100,0.0,0,0.3,0.25,0.0,1.0,0.7,1.0,1.0,0.25,1.0,0.25
inter_0.25,1.0205452944355355,0.023634105901801657,1.0,1.0097423289221563,0.4570922021871664,31,92,2000,100,2,100,0.0,0,0.3,0.25,0.0,1.0,0.7,1.0,1.0,0.25,1.0,0.25
inter_0.25,0.9680741113428244,0.02715200626128527,1.0,0.9943079689709019,-0.9661848695682975,32,93,2000,100,2,100,0.0,0,0.3,0.25,0.0,1.0,0.7,1.0,1.0,0.25,1.0,0.25
inter_0.25,1.0097032298967124,0.024027756075728716,1.0,0.9995792759728134,0.42134412768263196,33,94,2000,100,2,100,0.0,0,0.3,0.25,0.0,1.0,0.7,1.0,1.0,0.25,1.0,0.25
inter_0.25,1.027648956871261,0.02664536897660219,1.0,1.0003199997333045,1.025655045796309,34,95,2000,100,2,100,0.0,0,0.3,0.25,0.0,1.0,0.7,1.0,1.0,0.25,1.0,0.25
inter_0.25,0.9388018063053065,0.025309453200423847,1.0,0.9937911762765311,-2.1726810743704146,35,96,2000,100,2,100,0.0,0,0.3,0.25,0.0,1.0,0.7,1.0,1.0,0.25,1.0,0.25
inter_0.25,0.9773666735151972,0.02356144510347959,1.0,0.995846394602706,-0.7843203592287136,36,97,2000,100,2,100,0.0,0,0.3,0.25,0.0,1.0,0.7,1.0,1.0,0.25,1.0,0.25
inter_0.25,1.0019935606516301,0.02539784295728857,1.0,1.0070477711201378,-0.19900156391262305,37,98,2000,100,2,100,0.0,0,0.3,0.25,0.0,1.0,0.7,1.0,1.0,0.25,1.0,0.25
inter_0.25,1.0295418289797136,0.025383835614287652,1.0,1.0004382888928107,1.1465383139544725,38,99,2000,100,2,100,0.0,0,0.3,0.25,0.0,1.0,0.7,1.0,1.0,0.25,1.0,0.25
inter_0.25,0.9734186944826498,0.02435869227053308,1.0,0.9946860907524037,-0.8730926945319301,39,100,2000,100,2,100,0.0,0,0.3,0.25,0.0,1.0,0.7,1.0,1.0,0.25,1.0,0.25
inter_0.25,0.9914906572857627,0.027267099871624102,1.0,0.9956474819420689,-0.1524483599604239,40,101,2000,100,2,100,0.0,0,0.3,0.25,0.0,1.0,0.7,1.0,1.0,0.25,1.0,0.25
inter_0.25,0.9424968822380245,0.024016597759218206,1.0,1.001080695170791,-2.4393052471506027,41,102,2000,100,2,100,0.0,0,0.3,0.25,0.0,1.0,0.7,1.0,1.0,0.25,1.0,0.25
inter_0.25,0.9723681372679043,0.024996490662130347,1.0,0.99558379923312,-0.9287568514722524,42,103,2000,100,2,100,0.0,0,0.3,0.25,0.0,1.0,0.7,1.0,1.0,0.25,1.0,0.25
inter_0.25,1.0094441428719487,0.02446319190611296,1.0,1.0015212113486087,0.3238715353968257,43,104,2000,100,2,100,0.0,0,0.3,0.25,0.0,1.0,0.7,1.0,1.0,0.25,1.0,0.25
inter_0.25,1.0298633905314332,0.026933102972883583,1.0,1.002759852865886,1.006328074891151,44,105,2000,100,2,100,0.0,0,0.3,0.25,0.0,1.0,0.7,1.0,1.0,0.25,1.0,0.25
inter_0.25,0.9640159993938096,0.026404351559107163,1.0,0.9965407008711243,-1.2317932294041376,45,106,2000,100,2,100,0.0,0,0.3,0.25,0.0,1.0,0.7,1.0,1.0,0.25,1.0,0.25
inter_0.25,0.9687297737700319,0.025710648826661152,1.0,0.9986615851134758,-1.1641795407514395,46,107,2000,100,2,100,0.0,0,0.3,0.25,0.0,1.0,0.7,1.0,1.0,0.25,1.0,0.25
inter_0.25,0.9920241718690461,0.025451153320919143,1.0,1.0016553410215696,-0.37841778842325835,47,108,2000,100,2,100,0.0,0,0.3,0.25,0.0,1.0,0.7,1.0,1.0,0.25,1.0,0.25
inter_0.25,1.0175221723909724,0.024942910979198672,1.0,0.9996100483406931,0.7181248437769457,48,109,2000,100,2,100,0.0,0,0.3,0.25,0.0,1.0,0.7,1.0,1.0,0.25,1.0,0.25
inter_0.25,0.981679804329947,0.025289315876046686,1.0,0.9990833883382909,-0.6881793123090427,49,110,2000,100,2,100,0.0,0,0.3,0.25,0.0,1.0,0.7,1.0,1.0,0.25,1.0,0.25
inter_0.25,1.0120426224168877,0.026409213612536758,1.0,1.001990026671452,0.3806472957855707,50,111,2000,100,2,100,0.0,0,0.3,0.25,0.0,1.0,0.7,1.0,1.0,0.25,1.0,0.25
inter_0.25,1.011900267733468,0.025987076966793587,1.0,0.9942818539060065,0.6779682782320781,51,112,2000,100,2,100,0.0,0,0.3,0.25,0.0,1.0,0.7,1.0,1.0,0.25,1.0,0.25
inter_0.25,0.9419118600867245,0.025283011861379375,1.0,1.000160121225463,-2.3038497730452203,52,113,2000,100,2,100,0.0,0,0.3,0.25,0.0,1.0,0.7,1.0,1.0,0.25,1.0,0.25
inter_0.25,0.9816380378559003,0.025180916343404885,1.0,1.0042959128980011,-0.8998034357885917,53,114,2000,100,2,100,0.0,0,0.3,0.25,0.0,1.0,0.7,1.0,1.0,0.25,1.0,0.25
inter_0.25,0.9625372844826683,0.024244246494566506,1.0,1.0071127946289826,-1.8386015897134342,54,115,2000,100,2,100,0.0,0,0.3,0.25,0.0,1.0,0.7,1.0,1.0,0.25,1.0,0.25
inter_0.25,1.059008717057795,0.02483479054767743,1.0,1.0038244927292757,2.222053140435296,55,116,2000,100,2,100,0.0,0,0.3,0.25,0.0,1.0,0.7,1.0,1.0,0.25,1.0,0.25
inter_0.25,1.0018905657060238,0.02459400989157441,1.0,0.9920369915373924,0.4006493537276739,56,117,2000,100,2,100,0.0,0,0.3,0.25,0.0,1.0,0.7,1.0,1.0,0.25,1.0,0.25
inter_0.25,0.9566680691526357,0.027263376064786956,1.0,0.9999549764130556,-1.587730996981287,57,118,2000,100,2,100,0.0,0,0.3,0.25,0.0,1.0,0.7,1.0,1.0,0.25,1.0,0.25
inter_0.25,0.9627209115495121,0.026129737239560462,1.0,0.9895429093645528,-1.0264932084518685,58,119,2000,100,2,100,0.0,0,0.3,0.25,0.0,1.0,0.7,1.0,1.0,0.25,1.0,0.25
inter_0.25,0.9764427942331569,0.02637570243015879,1.0,0.999296786630428,-0.8664790049776676,59,120,2000,100,2,100,0.0,0,0.3,0.25,0.0,1.0,0.7,1.0,1.0,0.25,1.0,0.25
inter_0.25,0.9849502941896507,0.02403361750931942,1.0,0.997289044289558,-0.5133954593028998,60,121,2000,100,2,100,0.0,0,0.3,0.25,0.0,1.0,0.7,1.0,1.0,0.25,1.0,0.25
inter_0.25,0.954027458281979,0.025845656564542834,1.0,0.9906640023149573,-1.4175126076402065,61,122,2000,100,2,100,0.0,0,0.3,0.25,0.0,1.0,0.7,1.0,1.0,0.25,1.0,0.25
inter_0.25,0.9715726714588595,0.024862635710310114,1.0,1.0096960174121148,-1.5333589888640076,62,123,2000,100,2,100,0.0,0,0.3,0.25,0.0,1.0,0.7,1.0,1.0,0.25,1.0,0.25
inter_0.25,1.024600664244494,0.0258024453247344,1.0,1.0003813409710405,0.9386444954593798,63,124,2000,100,2,100,0.0,0,0.3,0.25,0.0,1.0,0.7,1.0,1.0,0.25,1.0,0.25
inter_0.25,0.9566295889361377,0.024512334933820986,1.0,1.0028114575549738,-1.884025685171122,64,125,2000,100,2,100,0.0,0,0.3,0.25,0.0,1.0,0.7,1.0,1.0,0.25,1.0,0.25
inter_0.25,0.9387489157721011,0.026070731341097806,1.0,0.9990676666958861,-2.3136578001821824,65,126,2000,100,2,100,0.0,0,0.3,0.25,0.0,1.0,0.7,1.0,1.0,0.25,1.0,0.25
inter_0.25,0.9963097709898137,0.023442435064790594,1.0,0.9917787232179931,0.19328400651628452,66,127,2000,100,2,100,0.0,0,0.3,0.25,0.0,1.0,0.7,1.0,1.0,0.25,1.0,0.25
inter_0.25,1.0035437986864586,0.026601123974567254,1.0,1.0035714856488014,-0.0010408192664813213,67,128,2000,100,2,100,0.0,0,0.3,0.25,0.0,1.0,0.7,1.0,1.0,0.25,1.0,0.25
inter_0.25,1.0069462893827121,0.02390436192953633,1.0,1.003095617714613,0.16108656986744926,68,129,2000,100,2,100,0.0,0,0.3,0.25,0.0,1.0,0.7,1.0,1.0,0.25,1.0,0.25
inter_0.25,0.9610585603488594,0.024289576487782186,1.0,1.0008982227824301,-1.6401958450617835,69,130,2000,100,2,100,0.0,0,0.3,0.25,0.0,1.0,0.7,1.0,1.0,0.25,1.0,0.25
inter_0.25,0.9848347078405062,0.024921114482301162,1.0,1.0113015680675992,-1.0620255464854755,70,131,2000,100,2,100,0.0,0,0.3,0.25,0.0,1.0,0.7,1.0,1.0,0.25,1.0,0.25
inter_0.25,0.9409284289344229,0.024671532463074176,1.0,0.9929554325539636,-2.1087868658912616,71,132,2000,100,2,100,0.0,0,0.3,0.25,0.0,1.0,0.7,1.0,1.0,0.25,1.0,0.25
inter_0.25,0.941874937513378,0.02488270572375607,1.0,0.9895037727174822,-1.9141340870591863,72,133,2000,100,2,100,0.0,0,0.3,0.25,0.0,1.0,0.7,1.0,1.0,0.25,1.0,0.25
inter_0.25,0.9757146929199333,0.024876155098479902,1.0,1.002824135462557,-1.0897762309047665,73,134,2000,100,2,100,0.0,0,0.3,0.25,0.0,1.0,0.7,1.0,1.0,0.25,1.0,0.25
inter_0.25,1.0052953679587548,0.025088143754693277,1.0,0.9973843641011263,0.3153283851918549,74,135,2000,100,2,100,0.0,0,0.3,0.25,0.0,1.0,0.7,1.0,1.0,0.25,1.0,0.25
inter_0.25,1.0023459343861378,0.026252053813265147,1.0,1.0016142909124202,0.027869951772991612,75,136,2000,100,2,100,0.0,0,0.3,0.25,0.0,1.0,0.7,1.0,1.0,0.25,1.0,0.25
inter_0.25,0.9664348883589656,0.025449969909771213,1.0,0.9997537352732497,-1.309190031752915,76,137,2000,100,2,100,0.0,0,0.3,0.25,0.0,1.0,0.7,1.0,1.0,0.25,1.0,0.25
inter_0.25,1.0118440355442484,0.0244085187513282,1.0,0.9940935424976646,0.7272253276581122,77,138,2000,100,2,100,0.0,0,0.3,0.25,0.0,1.0,0.7,1.0,1.0,0.25,1.0,0.25
inter_0.25,1.0254470638362378,0.02529615245433628,1.0,1.0105823838859103,0.5876261212910059,78,139,2000,100,2,100,0.0,0,0.3,0.25,0.0,1.0,0.7,1.0,1.0,0.25,1.0,0.25
inter_0.25,0.9575091710549329,0.025456174010194184,1.0,1.0099133161934735,-2.0586025660240517,79,140,2000,100,2,100,0.0,0,0.3,0.25,0.0,1.0,0.7,1.0,1.0,0.25,1.0,0.25
inter_0.25,0.9200233121528579,0.0245511235287038,1.0,0.996321932920779,-3.1077445673195756,80,141,2000,100,2,100,0.0,0,0.3,0.25,0.0,1.0,0.7,1.0,1.0,0.25,1.0,0.25
inter_0.25,0.9903036591450329,0.024703752554957537,1.0,0.9941445926691058,-0.15547976023189602,81,142,2000,100,2,100,0.0,0,0.3,0.25,0.0,1.0,0.7,1.0,1.0,0.25,1.0,0.25
inter_0.25,0.996492484490471,0.025081282078675653,1.0,1.0051678315785038,-0.3458892994712025,82,143,2000,100,2,100,0.0,0,0.3,0.25,0.0,1.0,0.7,1.0,1.0,0.25,1.0,0.25
inter_0.25,1.018575676572408,0.025928696214246465,1.0,0.9959767052330963,0.8715814768540044,83,144,2000,100,2,100,0.0,0,0.3,0.25,0.0,1.0,0.7,1.0,1.0,0.25,1.0,0.25
inter_0.25,0.976169881558076,0.02472023397205773,1.0,0.9974538890666227,-0.8609953907638903,84,145,2000,100,2,100,0.0,0,0.3,0.25,0.0,1.0,0.7,1.0,1.0,0.25,1.0,0.25
inter_0.25,0.969466823807459,0.02584328468258153,1.0,1.0006732861124066,-1.2075269335240844,85,146,2000,100,2,100,0.0,0,0.3,0.25,0.0,1.0,0.7,1.0,1.0,0.25,1.0,0.25
inter_0.25,0.9889930194412444,0.026101324947670843,1.0,1.0075843814948084,-0.7122765641528495,86,147,2000,100,2,100,0.0,0,0.3,0.25,0.0,1.0,0.7,1.0,1.0,0.25,1.0,0.25
inter_0.25,0.973798154505635,0.024928587124852786,1.0,0.9946578280606914,-0.8367772088559368,87,148,2000,100,2,100,0.0,0,0.3,0.25,0.0,1.0,0.7,1.0,1.0,0.25,1.0,0.25
inter_0.25,0.9636464924537431,0.02438933321414443,1.0,0.991947028949297,-1.1603653222934835,88,149,2000,100,2,100,0.0,0,0.3,0.25,0.0,1.0,0.7,1.0,1.0,0.25,1.0,0.25
inter_0.25,0.9325379700608302,0.024144272052816197,1.0,0.9944483598277789,-2.564185394843059,89,150,2000,100,2,100,0.0,0,0.3,0.25,0.0,1.0,0.7,1.0,1.0,0.25,1.0,0.25
inter_0.25,0.9825711744487214,0.024201889852398174,1.0,1.0030367918999739,-0.8456206344243183,90,151,2000,100,2,100,0.0,0,0.3,0.25,0.0,1.0,0.7,1.0,1.0,0.25,1.0,0.25
inter_0.25,1.0159288525900303,0.024567787552347203,1.0,1.009553066416564,0.2595181255080987,91,152,2000,100,2,100,0.0,0,0.3,0.25,0.0,1.0,0.7,1.0,1.0,0.25,1.0,0.25
inter_0.25,0.9838585088209422,0.02613353134586171,1.0,0.9838360027972064,0.0008611933625775641,92,153,2000,100,2,100,0.0,0,0.3,0.25,0.0,1.0,0.7,1.0,1.0,0.25,1.0,0.25
inter_0.25,1.0089311008176431,0.026500783002004213,1.0,1.0078462416112022,0.04093687369006881,93,154,2000,100,2,100,0.0,0,0.3,0.25,0.0,1.0,0.7,1.0,1.0,0.25,1.0,0.25
inter_0.25,0.9768048079240853,0.026014978456145695,1.0,0.9953728696599112,-0.7137450360424752,94,155,2000,100,2,100,0.0,0,0.3,0.25,0.0,1.0,0.7,1.0,1.0,0.25,1.0,0.25
inter_0.25,0.9823348577784744,0.02504418920956817,1.0,0.9842979323335082,-0.07838443235701777,95,156,2000,100,2,100,0.0,0,0.3,0.25,0.0,1.0,0.7,1.0,1.0,0.25,1.0,0.25
inter_0.25,1.0173747177603378,0.025686642195170105,1.0,1.0120759533090835,0.2062848234889439,96,157,2000,100,2,100,0.0,0,0.3,0.25,0.0,1.0,0.7,1.0,1.0,0.25,1.0,0.25
inter_0.25,0.9758165345588917,0.024916229468598033,1.0,1.0019194612252296,-1.0476274790788633,97,158,2000,100,2,100,0.0,0,0.3,0.25,0.0,1.0,0.7,1.0,1.0,0.25,1.0,0.25
inter_0.25,1.0207345265284826,0.024515130073602127,1.0,0.990703538612047,1.2249981063234496,98,159,2000,100,2,100,0.0,0,0.3,0.25,0.0,1.0,0.7,1.0,1.0,0.25,1.0,0.25
inter_0.25,0.9924205665466043,0.02546450995018439,1.0,0.9985014505060668,-0.2387983892624825,99,160,2000,100,2,100,0.0,0,0.3,0.25,0.0,1.0,0.7,1.0,1.0,0.25,1.0,0.25
inter_0.5,0.929965322475645,0.03003247785479589,1.0,0.9921307256855664,-2.0699392008373416,0,62,2000,100,2,100,0.0,0,0.3,0.5,0.0,1.0,0.7,1.0,1.0,0.25,1.0,0.25
inter_0.5,0.9761890879903816,0.02989369890863414,1.0,0.9890657073454854,-0.43074694083389686,1,63,2000,100,2,100,0.0,0,0.3,0.5,0.0,1.0,0.7,1.0,1.0,0.25,1.0,0.25
inter_0.5,0.9961611478734982,0.032224748510801045,1.0,1.0078353897620898,-0.36227565545402496,2,64,2000,100,2,100,0.0,0,0.3,0.5,0.0,1.0,0.7,1.0,1.0,0.25,1.0,0.25
inter_0.5,0.9908385377015174,0.02954955406572281,1.0,1.006084444012367,-0.515943701787864,3,65,2000,100,2,100,0.0,0,0.3,0.5,0.0,1.0,0.7,1.0,1.0,0.25,1.0,0.25
inter_0.5,0.9779401687248827,0.030902112606807947,1.0,0.9918118323816129,-0.4488904636789843,4,66,2000,100,2,100,0.0,0,0.3,0.5,0.0,1.0,0.7,1.0,1.0,0.25,1.0,0.25
inter_0.5,0.9792834000159429,0.03482412904018044,1.0,1.0043952596329484,-0.7211051736004981,5,67,2000,100,2,100,0.0,0,0.3,0.5,0.0,1.0,0.7,1.0,1.0,0.25,1.0,0.25
inter_0.5,0.9822505091973994,0.036245892034846613,1.0,0.992858938861634,-0.2926795029361037,6,68,2000,100,2,100,0.0,0,0.3,0.5,0.0,1.0,0.7,1.0,1.0,0.25,1.0,0.25
inter_0.5,0.9657802978798199,0.03013899044333587,1.0,0.9983155808818488,-1.0795080566218132,7,69,2000,100,2,100,0.0,0,0.3,0.5,0.0,1.0,0.7,1.0,1.0,0.25,1.0,0.25
inter_0.5,0.9817977593194703,0.03062955456217395,1.0,1.0032408789913136,-0.7000793834045681,8,70,2000,100,2,100,0.0,0,0.3,0.5,0.0,1.0,0.7,1.0,1.0,0.25,1.0,0.25
inter_0.5,1.0206599530393485,0.03312486573722558,1.0,1.0239569571436262,-0.09953260280154225,9,71,2000,100,2,100,0.0,0,0.3,0.5,0.0,1.0,0.7,1.0,1.0,0.25,1.0,0.25
inter_0.5,1.0172986745086756,0.030995316062213805,1.0,1.0099291022430597,0.23776406250621085,10,72,2000,100,2,100,0.0,0,0.3,0.5,0.0,1.0,0.7,1.0,1.0,0.25,1.0,0.25
inter_0.5,0.9921544456395492,0.03013485165275685,1.0,0.9996659801037272,-0.24926402660723823,11,73,2000,100,2,100,0.0,0,0.3,0.5,0.0,1.0,0.7,1.0,1.0,0.25,1.0,0.25
inter_0.5,0.963258206911588,0.03094638545625394,1.0,1.0019945535423334,-1.2517244278981574,12,74,2000,100,2,100,0.0,0,0.3,0.5,0.0,1.0,0.7,1.0,1.0,0.25,1.0,0.25
inter_0.5,1.0224072725447357,0.02894078146106511,1.0,1.0086669279813596,0.47477448326201666,13,75,2000,100,2,100,0.0,0,0.3,0.5,0.0,1.0,0.7,1.0,1.0,0.25,1.0,0.25
inter_0.5,1.0408094044326621,0.03122249010275806,1.0,1.0145121940900217,0.8422521796337266,14,76,2000,100,2,100,0.0,0,0.3,0.5,0.0,1.0,0.7,1.0,1.0,0.25,1.0,0.25
inter_0.5,1.02842952977649,0.03132196478807157,1.0,1.011487483223024,0.540899865895963,15,77,2000,100,2,100,0.0,0,0.3,0.5,0.0,1.0,0.7,1.0,1.0,0.25,1.0,0.25
inter_0.5,0.969831041819277,0.02909368824671154,1.0,0.9953913070347695,-0.8785501858253245,16,78,2000,100,2,100,0.0,0,0.3,0.5,0.0,1.0,0.7,1.0,1.0,0.25,1.0,0.25
inter_0.5,1.0003545076867848,0.030010180951025294,1.0,1.0018789870855107,-0.050798740641176475,17,79,2000,100,2,100,0.0,0,0.3,0.5,0.0,1.0,0.7,1.0,1.0,0.25,1.0,0.25
inter_0.5,1.0130311883452723,0.02933675428365344,1.0,1.0182756716986578,-0.1787683566722244,18,80,2000,100,2,100,0.0,0,0.3,0.5,0.0,1.0,0.7,1.0,1.0,0.25,1.0,0.25
inter_0.5,0.9808378512708598,0.033126374689798455,1.0,0.9906880214409153,-0.2973512876761899,19,81,2000,100,2,100,0.0,0,0.3,0.5,0.0,1.0,0.7,1.0,1.0,0.25,1.0,0.25
inter_0.5,1.0011759472769206,0.029987255103081995,1.0,1.0035293038198017,-0.07847855813382452,20,82,2000,100,2,100,0.0,0,0.3,0.5,0.0,1.0,0.7,1.0,1.0,0.25,1.0,0.25
inter_0.5,0.9798560526643231,0.030070148219691294,1.0,0.9989921038420527,-0.636380340992084,21,83,2000,100,2,100,0.0,0,0.3,0.5,0.0,1.0,0.7,1.0,1.0,0.25,1.0,0.25
inter_0.5,0.9735926644164179,0.03140573827081421,1.0,1.005956666808146,-1.030512389571957,22,84,2000,100,2,100,0.0,0,0.3,0.5,0.0,1.0,0.7,1.0,1.0,0.25,1.0,0.25
inter_0.5,0.9806183108193912,0.031063842714284348,1.0,1.0147338457853732,-1.0982393672207955,23,85,2000,100,2,100,0.0,0,0.3,0.5,0.0,1.0,0.7,1.0,1.0,0.25,1.0,0.25
inter_0.5,0.9723783390263999,0.0305819185091524,1.0,1.0098452378971585,-1.225132388589215,24,86,2000,100,2,100,0.0,0,0.3,0.5,0.0,1.0,0.7,1.0,1.0,0.25,1.0,0.25
inter_0.5,0.9729289055631833,0.03254983189103086,1.0,1.0025898383058764,-0.9112468796149513,25,87,2000,100,2,100,0.0,0,0.3,0.5,0.0,1.0,0.7,1.0,1.0,0.25,1.0,0.25
inter_0.5,0.9719171484923508,0.029300017488751055,1.0,1.0161535757646392,-1.509774773659154,26,88,2000,100,2,100,0.0,0,0.3,0.5,0.0,1.0,0.7,1.0,1.0,0.25,1.0,0.25
inter_0.5,0.9326861957722717,0.030166113629306993,1.0,0.9817362413996591,-1.625998172324533,27,89,2000,100,2,100,0.0,0,0.3,0.5,0.0,1.0,0.7,1.0,1.0,0.25,1.0,0.25
inter_0.5,1.0086896497254545,0.032356674848596216,1.0,1.0031510524696163,0.1711732519411973,28,90,2000,100,2,100,0.0,0,0.3,0.5,0.0,1.0,0.7,1.0,1.0,0.25,1.0,0.25
inter_0.5,0.8982941428163147,0.03338124487091064,1.0,1.0041044915873087,-3.169754428876922,29,91,2000,100,2,100,0.0,0,0.3,0.5,0.0,1.0,0.7,1.0,1.0,0.25,1.0,0.25
inter_0.5,1.0274770884125444,0.029385991563388225,1.0,1.0194846578443124,0.2719809726682717,30,92,2000,100,2,100,0.0,0,0.3,0.5,0.0,1.0,0.7,1.0,1.0,0.25,1.0,0.25
inter_0.5,0.9440053983559664,0.036229214959459966,1.0,0.9886159379418038,-1.2313416019573158,31,93,2000,100,2,100,0.0,0,0.3,0.5,0.0,1.0,0.7,1.0,1.0,0.25,1.0,0.25
inter_0.5,1.0139615473377006,0.028529229692721234,1.0,0.9991585519456264,0.5188711911086381,32,94,2000,100,2,100,0.0,0,0.3,0.5,0.0,1.0,0.7,1.0,1.0,0.25,1.0,0.25
inter_0.5,1.0436963300510984,0.03461888694654748,1.0,1.000639999466609,1.2437237121739209,33,95,2000,100,2,100,0.0,0,0.3,0.5,0.0,1.0,0.7,1.0,1.0,0.25,1.0,0.25
inter_0.5,0.9246642484998827,0.030567746310903435,1.0,0.9875823525530623,-2.058316743839791,34,96,2000,100,2,100,0.0,0,0.3,0.5,0.0,1.0,0.7,1.0,1.0,0.25,1.0,0.25
inter_0.5,0.9293330850189043,0.02989010478915665,1.0,0.991692789205412,-2.0862992828693656,35,97,2000,100,2,100,0.0,0,0.3,0.5,0.0,1.0,0.7,1.0,1.0,0.25,1.0,0.25
inter_0.5,1.0103998199898174,0.030088243465775204,1.0,1.0140955422402753,-0.12282944515061844,36,98,2000,100,2,100,0.0,0,0.3,0.5,0.0,1.0,0.7,1.0,1.0,0.25,1.0,0.25
inter_0.5,1.0069332599700647,0.03221322530022268,1.0,1.0008765777856214,0.1880184963782981,37,99,2000,100,2,100,0.0,0,0.3,0.5,0.0,1.0,0.7,1.0,1.0,0.25,1.0,0.25
inter_0.5,0.9853435030523728,0.03233622667896459,1.0,0.989372181504807,-0.12458715398154033,38,100,2000,100,2,100,0.0,0,0.3,0.5,0.0,1.0,0.7,1.0,1.0,0.25,1.0,0.25
inter_0.5,0.9977813724248581,0.03334971402898523,1.0,0.9912949638841381,0.19449667649571123,39,101,2000,100,2,100,0.0,0,0.3,0.5,0.0,1.0,0.7,1.0,1.0,0.25,1.0,0.25
inter_0.5,0.9555715340463684,0.03005007834397026,1.0,1.0021613903415816,-1.550407149090236,40,102,2000,100,2,100,0.0,0,0.3,0.5,0.0,1.0,0.7,1.0,1.0,0.25,1.0,0.25
inter_0.5,0.9802407353837538,0.030356251016713007,1.0,0.9911675984662399,-0.35995429990581573,41,103,2000,100,2,100,0.0,0,0.3,0.5,0.0,1.0,0.7,1.0,1.0,0.25,1.0,0.25
inter_0.5,1.0067314534587237,0.03127496652858184,1.0,1.0030424226972174,0.11795474691027794,42,104,2000,100,2,100,0.0,0,0.3,0.5,0.0,1.0,0.7,1.0,1.0,0.25,1.0,0.25
inter_0.5,1.036375394512647,0.03223161600982311,1.0,1.0055197057317722,0.9573112552430223,43,105,2000,100,2,100,0.0,0,0.3,0.5,0.0,1.0,0.7,1.0,1.0,0.25,1.0,0.25
inter_0.5,0.9721943306273679,0.031352806121784885,1.0,0.9930814017422489,-0.6661946313114219,44,106,2000,100,2,100,0.0,0,0.3,0.5,0.0,1.0,0.7,1.0,1.0,0.25,1.0,0.25
inter_0.5,0.9718294809506861,0.03217203185023491,1.0,0.9973231702269516,-0.7924177557370954,45,107,2000,100,2,100,0.0,0,0.3,0.5,0.0,1.0,0.7,1.0,1.0,0.25,1.0,0.25
inter_0.5,0.9948697748020919,0.031094521208239315,1.0,1.0033106820431394,-0.2714596306056281,46,108,2000,100,2,100,0.0,0,0.3,0.5,0.0,1.0,0.7,1.0,1.0,0.25,1.0,0.25
inter_0.5,1.0304403839615857,0.03022304510130135,1.0,0.9992200966813861,1.0329960854558382,47,109,2000,100,2,100,0.0,0,0.3,0.5,0.0,1.0,0.7,1.0,1.0,0.25,1.0,0.25
inter_0.5,0.9844012992414581,0.030810071912648108,1.0,0.9981667766765818,-0.44678498233146613,48,110,2000,100,2,100,0.0,0,0.3,0.5,0.0,1.0,0.7,1.0,1.0,0.25,1.0,0.25
inter_0.5,1.0344465458024206,0.03260499611449114,1.0,1.0039800533429042,0.9344117801006481,49,111,2000,100,2,100,0.0,0,0.3,0.5,0.0,1.0,0.7,1.0,1.0,0.25,1.0,0.25
inter_0.5,1.0042558916864086,0.03205724483446332,1.0,0.9885637078120135,0.4895050699280654,50,112,2000,100,2,100,0.0,0,0.3,0.5,0.0,1.0,0.7,1.0,1.0,0.25,1.0,0.25
inter_0.5,0.948201971454821,0.0312208788729582,1.0,1.000320242450926,-1.6693402901366456,51,113,2000,100,2,100,0.0,0,0.3,0.5,0.0,1.0,0.7,1.0,1.0,0.25,1.0,0.25
inter_0.5,0.9828923578615745,0.0326061443417407,1.0,1.008591825796002,-0.788178683903096,52,114,2000,100,2,100,0.0,0,0.3,0.5,0.0,1.0,0.7,1.0,1.0,0.25,1.0,0.25
inter_0.5,0.9616171866510571,0.02978122241940793,1.0,1.0142255892579652,-1.7664957423851113,53,115,2000,100,2,100,0.0,0,0.3,0.5,0.0,1.0,0.7,1.0,1.0,0.25,1.0,0.25
inter_0.5,1.0798552087980218,0.030433229245233458,1.0,1.007648985458551,2.3726112913495645,54,116,2000,100,2,100,0.0,0,0.3,0.5,0.0,1.0,0.7,1.0,1.0,0.25,1.0,0.25
inter_0.5,0.9913229304913926,0.0302486861560307,1.0,0.9840739830747849,0.23964503381124627,55,117,2000,100,2,100,0.0,0,0.3,0.5,0.0,1.0,0.7,1.0,1.0,0.25,1.0,0.25
inter_0.5,0.9510657228766667,0.0329643939753698,1.0,0.9999099528261113,-1.4817269198378051,56,118,2000,100,2,100,0.0,0,0.3,0.5,0.0,1.0,0.7,1.0,1.0,0.25,1.0,0.25
inter_0.5,0.9437735805589651,0.031060756771678303,1.0,0.9790858187291055,-1.1368762979509457,57,119,2000,100,2,100,0.0,0,0.3,0.5,0.0,1.0,0.7,1.0,1.0,0.25,1.0,0.25
inter_0.5,0.9716382220191969,0.032951833169359866,1.0,0.998593573260856,-0.8180228123612671,58,120,2000,100,2,100,0.0,0,0.3,0.5,0.0,1.0,0.7,1.0,1.0,0.25,1.0,0.25
inter_0.5,0.9972737886819527,0.029145587333270603,1.0,0.9945780885791159,0.09249084851206932,59,121,2000,100,2,100,0.0,0,0.3,0.5,0.0,1.0,0.7,1.0,1.0,0.25,1.0,0.25
inter_0.5,0.9420232548620924,0.03198092671512238,1.0,0.9813280046299147,-1.2290059671484375,60,122,2000,100,2,100,0.0,0,0.3,0.5,0.0,1.0,0.7,1.0,1.0,0.25,1.0,0.25
inter_0.5,0.9886669075335163,0.030542289000379422,1.0,1.0193920348242296,-1.0059863977559642,61,123,2000,100,2,100,0.0,0,0.3,0.5,0.0,1.0,0.7,1.0,1.0,0.25,1.0,0.25
inter_0.5,1.0381113649989446,0.03213665696562947,1.0,1.000762681942081,1.1621832070712435,62,124,2000,100,2,100,0.0,0,0.3,0.5,0.0,1.0,0.7,1.0,1.0,0.25,1.0,0.25
inter_0.5,0.9570883896183885,0.029598789047753565,1.0,1.0056229151099474,-1.6397469982050663,63,125,2000,100,2,100,0.0,0,0.3,0.5,0.0,1.0,0.7,1.0,1.0,0.25,1.0,0.25
inter_0.5,0.9193535294895708,0.03207519102774691,1.0,0.9981353333917723,-2.45616008441074,64,126,2000,100,2,100,0.0,0,0.3,0.5,0.0,1.0,0.7,1.0,1.0,0.25,1.0,0.25
inter_0.5,0.9858408447453071,0.028061533816227703,1.0,0.9835574464359862,0.0813711155019056,65,127,2000,100,2,100,0.0,0,0.3,0.5,0.0,1.0,0.7,1.0,1.0,0.25,1.0,0.25
inter_0.5,1.0205504881863767,0.033423554604496114,1.0,1.0071429712976026,0.4011397664738688,66,128,2000,100,2,100,0.0,0,0.3,0.5,0.0,1.0,0.7,1.0,1.0,0.25,1.0,0.25
inter_0.5,1.0105214639451119,0.028771184290607828,1.0,1.0061912354292266,0.1505057446418306,67,129,2000,100,2,100,0.0,0,0.3,0.5,0.0,1.0,0.7,1.0,1.0,0.25,1.0,0.25
inter_0.5,0.9623235329971658,0.02943531784464538,1.0,1.00179644556486,-1.341005141375595,68,130,2000,100,2,100,0.0,0,0.3,0.5,0.0,1.0,0.7,1.0,1.0,0.25,1.0,0.25
inter_0.5,1.0044547498411258,0.030313921282365767,1.0,1.0226031361351986,-0.5986815801567075,69,131,2000,100,2,100,0.0,0,0.3,0.5,0.0,1.0,0.7,1.0,1.0,0.25,1.0,0.25
inter_0.5,0.9244400231883407,0.03255682938566403,1.0,0.985910865107927,-1.8881089798828556,70,132,2000,100,2,100,0.0,0,0.3,0.5,0.0,1.0,0.7,1.0,1.0,0.25,1.0,0.25
inter_0.5,0.9308815751240205,0.030042000986336262,1.0,0.9790075454349643,-1.601956218989291,71,133,2000,100,2,100,0.0,0,0.3,0.5,0.0,1.0,0.7,1.0,1.0,0.25,1.0,0.25
inter_0.5,0.9840701016121737,0.029953210885644854,1.0,1.0056482709251142,-0.720395866584104,72,134,2000,100,2,100,0.0,0,0.3,0.5,0.0,1.0,0.7,1.0,1.0,0.25,1.0,0.25
inter_0.5,1.0135885789305716,0.030977845384415253,1.0,0.9947687282022524,0.6075261366559537,73,135,2000,100,2,100,0.0,0,0.3,0.5,0.0,1.0,0.7,1.0,1.0,0.25,1.0,0.25
inter_0.5,1.0079343520751674,0.032649885147023376,1.0,1.00322858182484,0.1441282328907755,74,136,2000,100,2,100,0.0,0,0.3,0.5,0.0,1.0,0.7,1.0,1.0,0.25,1.0,0.25
inter_0.5,0.962840871503255,0.032306357672826816,1.0,0.9995074705464996,-1.1349654273804182,75,137,2000,100,2,100,0.0,0,0.3,0.5,0.0,1.0,0.7,1.0,1.0,0.25,1.0,0.25
inter_0.5,1.0167869863033414,0.03009222952102774,1.0,0.9881870849953294,0.9504081872041786,76,138,2000,100,2,100,0.0,0,0.3,0.5,0.0,1.0,0.7,1.0,1.0,0.25,1.0,0.25
inter_0.5,1.0395033632276685,0.03084447768170207,1.0,1.0211647677718205,0.5945503647392599,77,139,2000,100,2,100,0.0,0,0.3,0.5,0.0,1.0,0.7,1.0,1.0,0.25,1.0,0.25
inter_0.5,0.9556046415635653,0.030919242402861504,1.0,1.019826632386947,-2.0770881118820057,78,140,2000,100,2,100,0.0,0,0.3,0.5,0.0,1.0,0.7,1.0,1.0,0.25,1.0,0.25
inter_0.5,0.8989807918680632,0.030044047303152712,1.0,0.992643865841558,-3.1175251798936574,79,141,2000,100,2,100,0.0,0,0.3,0.5,0.0,1.0,0.7,1.0,1.0,0.25,1.0,0.25
inter_0.5,0.9997558127865681,0.029978963569423294,1.0,0.9882891853382118,0.38248912180711997,80,142,2000,100,2,100,0.0,0,0.3,0.5,0.0,1.0,0.7,1.0,1.0,0.25,1.0,0.25
inter_0.5,1.0246852243355744,0.03232537094360514,1.0,1.0103356631570075,0.44391017828074264,81,143,2000,100,2,100,0.0,0,0.3,0.5,0.0,1.0,0.7,1.0,1.0,0.25,1.0,0.25
inter_0.5,1.0299112061020779,0.03143756890429434,1.0,0.9919534104661928,1.207402383798834,82,144,2000,100,2,100,0.0,0,0.3,0.5,0.0,1.0,0.7,1.0,1.0,0.25,1.0,0.25
inter_0.5,0.9820370021773939,0.031068466477410295,1.0,0.9949077781332455,-0.4142713630622834,83,145,2000,100,2,100,0.0,0,0.3,0.5,0.0,1.0,0.7,1.0,1.0,0.25,1.0,0.25
inter_0.5,0.9781233539018582,0.032781928166650154,1.0,1.0013465722248132,-0.7084152648037485,84,146,2000,100,2,100,0.0,0,0.3,0.5,0.0,1.0,0.7,1.0,1.0,0.25,1.0,0.25
inter_0.5,0.9992809750726664,0.03191540658841463,1.0,1.015168762989617,-0.49780935338977483,85,147,2000,100,2,100,0.0,0,0.3,0.5,0.0,1.0,0.7,1.0,1.0,0.25,1.0,0.25
inter_0.5,0.9787392309000723,0.029883664546475213,1.0,0.9893156561213826,-0.3539199553274933,86,148,2000,100,2,100,0.0,0,0.3,0.5,0.0,1.0,0.7,1.0,1.0,0.25,1.0,0.25
inter_0.5,0.9613594893640481,0.02970712776404103,1.0,0.983894057898594,-0.7585576334923493,87,149,2000,100,2,100,0.0,0,0.3,0.5,0.0,1.0,0.7,1.0,1.0,0.25,1.0,0.25
inter_0.5,0.9273931889454753,0.03119641594569671,1.0,0.9888967196555577,-1.971493482364801,88,150,2000,100,2,100,0.0,0,0.3,0.5,0.0,1.0,0.7,1.0,1.0,0.25,1.0,0.25
inter_0.5,0.9925928621877887,0.030552867324442727,1.0,1.0060735837999477,-0.44122607115745877,89,151,2000,100,2,100,0.0,0,0.3,0.5,0.0,1.0,0.7,1.0,1.0,0.25,1.0,0.25
inter_0.5,1.035069793617606,0.02944587320813952,1.0,1.019106132833128,0.542135757755877,90,152,2000,100,2,100,0.0,0,0.3,0.5,0.0,1.0,0.7,1.0,1.0,0.25,1.0,0.25
inter_0.5,0.9595942583118866,0.031140496788245597,1.0,0.9676720055944128,-0.2593968663202332,91,153,2000,100,2,100,0.0,0,0.3,0.5,0.0,1.0,0.7,1.0,1.0,0.25,1.0,0.25
inter_0.5,1.0223417865243523,0.03197629830899134,1.0,1.0156924832224041,0.20794474825369097,92,154,2000,100,2,100,0.0,0,0.3,0.5,0.0,1.0,0.7,1.0,1.0,0.25,1.0,0.25
inter_0.5,0.9796771284835271,0.032547715246411424,1.0,0.9907457393198227,-0.34007335852909065,93,155,2000,100,2,100,0.0,0,0.3,0.5,0.0,1.0,0.7,1.0,1.0,0.25,1.0,0.25
inter_0.5,0.9533423090906442,0.02978683057461539,1.0,0.9685958646670164,-0.5120905877569741,94,156,2000,100,2,100,0.0,0,0.3,0.5,0.0,1.0,0.7,1.0,1.0,0.25,1.0,0.25
inter_0.5,1.025588122778248,0.03163359704407457,1.0,1.0241519066181675,0.04540160760344258,95,157,2000,100,2,100,0.0,0,0.3,0.5,0.0,1.0,0.7,1.0,1.0,0.25,1.0,0.25
inter_0.5,0.9765445188837008,0.029921979656553598,1.0,1.0038389224504591,-0.9121857537517671,96,158,2000,100,2,100,0.0,0,0.3,0.5,0.0,1.0,0.7,1.0,1.0,0.25,1.0,0.25
inter_0.5,1.0294376294769478,0.029379548352953193,1.0,0.981407077224094,1.6348294968947619,97,159,2000,100,2,100,0.0,0,0.3,0.5,0.0,1.0,0.7,1.0,1.0,0.25,1.0,0.25
inter_0.5,1.0027155463423303,0.031251285518472526,1.0,0.9970029010121332,0.18279713091547492,98,160,2000,100,2,100,0.0,0,0.3,0.5,0.0,1.0,0.7,1.0,1.0,0.25,1.0,0.25
inter_0.5,1.0344936363692503,0.03053203612533108,1.0,0.9954498738971229,1.2787801741048803,99,161,2000,100,2,100,0.0,0,0.3,0.5,0.0,1.0,0.7,1.0,1.0,0.25,1.0,0.25
inter_1.0,0.9809539497645836,0.045014173594369065,1.0,0.9781314146909706,0.06270325207005559,0,63,2000,100,2,100,0.0,0,0.3,1.0,0.0,1.0,0.7,1.0,1.0,0.25,1.0,0.25
inter_1.0,1.0066169309037494,0.04699024799829609,1.0,1.0156707795241793,-0.1926750550615993,1,64,2000,100,2,100,0.0,0,0.3,1.0,0.0,1.0,0.7,1.0,1.0,0.25,1.0,0.25
inter_1.0,0.9934325924643554,0.045163050337424696,1.0,1.0121688880247341,-0.41485894819758734,2,65,2000,100,2,100,0.0,0,0.3,1.0,0.0,1.0,0.7,1.0,1.0,0.25,1.0,0.25
inter_1.0,0.9832269347812863,0.04695378863831772,1.0,0.9836236647632254,-0.00844937104000399,3,66,2000,100,2,100,0.0,0,0.3,1.0,0.0,1.0,0.7,1.0,1.0,0.25,1.0,0.25
inter_1.0,0.9976503532547386,0.05348968140558132,1.0,1.0087905192658968,-0.20826757083649003,4,67,2000,100,2,100,0.0,0,0.3,1.0,0.0,1.0,0.7,1.0,1.0,0.25,1.0,0.25
inter_1.0,0.9718477991850514,0.06014637321437022,1.0,0.985717877723268,-0.2306054014060285,5,68,2000,100,2,100,0.0,0,0.3,1.0,0.0,1.0,0.7,1.0,1.0,0.25,1.0,0.25
inter_1.0,0.9651283908787546,0.04409757298190628,1.0,0.9966311617636975,-0.7143878620682559,6,69,2000,100,2,100,0.0,0,0.3,1.0,0.0,1.0,0.7,1.0,1.0,0.25,1.0,0.25
inter_1.0,0.9725262861701801,0.04520694737891893,1.0,1.0064817579826273,-0.7511118042949616,7,70,2000,100,2,100,0.0,0,0.3,1.0,0.0,1.0,0.7,1.0,1.0,0.25,1.0,0.25
inter_1.0,1.0424163174443115,0.049944394564592515,1.0,1.0479139142872522,-0.11007435150366537,8,71,2000,100,2,100,0.0,0,0.3,1.0,0.0,1.0,0.7,1.0,1.0,0.25,1.0,0.25
inter_1.0,1.0073095772215759,0.04662747871396257,1.0,1.019858204486119,-0.26912515131952697,9,72,2000,100,2,100,0.0,0,0.3,1.0,0.0,1.0,0.7,1.0,1.0,0.25,1.0,0.25
inter_1.0,1.0125530140912724,0.0462419030958725,1.0,0.9993319602074542,0.28591067838205647,10,73,2000,100,2,100,0.0,0,0.3,1.0,0.0,1.0,0.7,1.0,1.0,0.25,1.0,0.25
inter_1.0,0.9582448394235752,0.04699585540057227,1.0,1.0039891070846667,-0.9733681251503401,11,74,2000,100,2,100,0.0,0,0.3,1.0,0.0,1.0,0.7,1.0,1.0,0.25,1.0,0.25
inter_1.0,1.0517875511962549,0.04373004920175275,1.0,1.0173338559627192,0.7878723180616671,12,75,2000,100,2,100,0.0,0,0.3,1.0,0.0,1.0,0.7,1.0,1.0,0.25,1.0,0.25
inter_1.0,1.0702390982768748,0.04863459645965322,1.0,1.0290243881800432,0.8474360454706961,13,76,2000,100,2,100,0.0,0,0.3,1.0,0.0,1.0,0.7,1.0,1.0,0.25,1.0,0.25
inter_1.0,1.052746084092488,0.047985943866165094,1.0,1.0229749664460486,0.6204132970578307,14,77,2000,100,2,100,0.0,0,0.3,1.0,0.0,1.0,0.7,1.0,1.0,0.25,1.0,0.25
inter_1.0,0.975077553300168,0.04397859925552866,1.0,0.990782614069539,-0.3571068891512441,15,78,2000,100,2,100,0.0,0,0.3,1.0,0.0,1.0,0.7,1.0,1.0,0.25,1.0,0.25
inter_1.0,0.9929905509205498,0.0451232261737189,1.0,1.0037579741710214,-0.23862263768593095,16,79,2000,100,2,100,0.0,0,0.3,1.0,0.0,1.0,0.7,1.0,1.0,0.25,1.0,0.25
inter_1.0,1.0345208166562654,0.04378662863253341,1.0,1.0365513433973155,-0.04637321493944405,17,80,2000,100,2,100,0.0,0,0.3,1.0,0.0,1.0,0.7,1.0,1.0,0.25,1.0,0.25
inter_1.0,1.0006371238907006,0.05217372151239397,1.0,0.9813760428818302,0.3691720745719635,18,81,2000,100,2,100,0.0,0,0.3,1.0,0.0,1.0,0.7,1.0,1.0,0.25,1.0,0.25
inter_1.0,1.0172870865169363,0.04608689357380662,1.0,1.0070586076396033,0.22193899575705744,19,82,2000,100,2,100,0.0,0,0.3,1.0,0.0,1.0,0.7,1.0,1.0,0.25,1.0,0.25
inter_1.0,0.9896048357369679,0.04557814585631255,1.0,0.9979842076841055,-0.18384626644431656,20,83,2000,100,2,100,0.0,0,0.3,1.0,0.0,1.0,0.7,1.0,1.0,0.25,1.0,0.25
inter_1.0,0.9883465048850425,0.04871608496880134,1.0,1.0119133336162924,-0.4837586753193028,21,84,2000,100,2,100,0.0,0,0.3,1.0,0.0,1.0,0.7,1.0,1.0,0.25,1.0,0.25
inter_1.0,0.9952176375248223,0.0459718870392528,1.0,1.029467691570746,-0.7450217133066441,22,85,2000,100,2,100,0.0,0,0.3,1.0,0.0,1.0,0.7,1.0,1.0,0.25,1.0,0.25
inter_1.0,0.9783832121980992,0.045763128344263646,1.0,1.019690475794317,-0.9026319897860665,23,86,2000,100,2,100,0.0,0,0.3,1.0,0.0,1.0,0.7,1.0,1.0,0.25,1.0,0.25
inter_1.0,0.9823688113768344,0.05208804047650511,1.0,1.0051796766117531,-0.4379290337329507,24,87,2000,100,2,100,0.0,0,0.3,1.0,0.0,1.0,0.7,1.0,1.0,0.25,1.0,0.25
inter_1.0,0.9774775141059944,0.04388357009978065,1.0,1.0323071515292779,-1.2494342939422234,25,88,2000,100,2,100,0.0,0,0.3,1.0,0.0,1.0,0.7,1.0,1.0,0.25,1.0,0.25
inter_1.0,0.8788649001832192,0.04635441360464841,1.0,0.963472482799318,-1.8252325083369054,26,89,2000,100,2,100,0.0,0,0.3,1.0,0.0,1.0,0.7,1.0,1.0,0.25,1.0,0.25
inter_1.0,1.0123191697295135,0.04725605581003137,1.0,1.0063021049392324,0.12732896741254895,27,90,2000,100,2,100,0.0,0,0.3,1.0,0.0,1.0,0.7,1.0,1.0,0.25,1.0,0.25
inter_1.0,0.8651030742904255,0.05220499506983058,1.0,1.0082089831746177,-2.7412301963206867,28,91,2000,100,2,100,0.0,0,0.3,1.0,0.0,1.0,0.7,1.0,1.0,0.25,1.0,0.25
inter_1.0,1.0548619854179373,0.044182356607708764,1.0,1.0389693156886246,0.3597062481393263,29,92,2000,100,2,100,0.0,0,0.3,1.0,0.0,1.0,0.7,1.0,1.0,0.25,1.0,0.25
inter_1.0,0.9278585897403443,0.05546914749572516,1.0,0.9772318758836078,-0.8901035687824224,30,93,2000,100,2,100,0.0,0,0.3,1.0,0.0,1.0,0.7,1.0,1.0,0.25,1.0,0.25
inter_1.0,1.0470550826334593,0.042791159233126194,1.0,0.9983171038912529,1.138973087330536,31,94,2000,100,2,100,0.0,0,0.3,1.0,0.0,1.0,0.7,1.0,1.0,0.25,1.0,0.25
inter_1.0,1.0890508302167892,0.054288159844316536,1.0,1.0012799989332182,1.6167582680141217,32,95,2000,100,2,100,0.0,0,0.3,1.0,0.0,1.0,0.7,1.0,1.0,0.25,1.0,0.25
inter_1.0,0.9204598111162955,0.04506566569209915,1.0,0.9751647051061245,-1.2138929526435425,33,96,2000,100,2,100,0.0,0,0.3,1.0,0.0,1.0,0.7,1.0,1.0,0.25,1.0,0.25
inter_1.0,0.861026067510622,0.0476914167216306,1.0,0.9833855784108243,-2.5656505784762245,34,97,2000,100,2,100,0.0,0,0.3,1.0,0.0,1.0,0.7,1.0,1.0,0.25,1.0,0.25
inter_1.0,1.0436025368326802,0.043493420687404756,1.0,1.0281910844805504,0.3543398543631408,35,98,2000,100,2,100,0.0,0,0.3,1.0,0.0,1.0,0.7,1.0,1.0,0.25,1.0,0.25
inter_1.0,0.971859278045297,0.04815589714430755,1.0,1.0017531555712431,-0.6207729332996094,36,99,2000,100,2,100,0.0,0,0.3,1.0,0.0,1.0,0.7,1.0,1.0,0.25,1.0,0.25
inter_1.0,1.0208070375589804,0.05158124715662372,1.0,0.9787443630096143,0.8154644733898154,37,100,2000,100,2,100,0.0,0,0.3,1.0,0.0,1.0,0.7,1.0,1.0,0.25,1.0,0.25
inter_1.0,1.009436243439555,0.049036798811832816,1.0,0.9825899277682758,0.5474728432884777,38,101,2000,100,2,100,0.0,0,0.3,1.0,0.0,1.0,0.7,1.0,1.0,0.25,1.0,0.25
inter_1.0,0.9798081804006561,0.045623040810129675,1.0,1.0043227806831636,-0.5373293811022027,39,102,2000,100,2,100,0.0,0,0.3,1.0,0.0,1.0,0.7,1.0,1.0,0.25,1.0,0.25
inter_1.0,0.9769178856940047,0.04580627173943979,1.0,0.98233519693248,-0.11826570975456283,40,103,2000,100,2,100,0.0,0,0.3,1.0,0.0,1.0,0.7,1.0,1.0,0.25,1.0,0.25
inter_1.0,1.0171328748234738,0.0484268546431128,1.0,1.0060848453944347,0.22813848866416908,41,104,2000,100,2,100,0.0,0,0.3,1.0,0.0,1.0,0.7,1.0,1.0,0.25,1.0,0.25
inter_1.0,1.0444524580894121,0.048442220384532296,1.0,1.0110394114635441,0.6897505184658469,42,105,2000,100,2,100,0.0,0,0.3,1.0,0.0,1.0,0.7,1.0,1.0,0.25,1.0,0.25
inter_1.0,0.9661594668157171,0.04567514139677361,1.0,0.9861628034844978,-0.4379479965921622,43,106,2000,100,2,100,0.0,0,0.3,1.0,0.0,1.0,0.7,1.0,1.0,0.25,1.0,0.25
inter_1.0,0.9676462882161427,0.04800910768372712,1.0,0.9946463404539031,-0.5623943776591402,44,107,2000,100,2,100,0.0,0,0.3,1.0,0.0,1.0,0.7,1.0,1.0,0.25,1.0,0.25
inter_1.0,1.0208566681790063,0.04578499202683694,1.0,1.0066213640862787,0.31091638247711434,45,108,2000,100,2,100,0.0,0,0.3,1.0,0.0,1.0,0.7,1.0,1.0,0.25,1.0,0.25
inter_1.0,1.071013783507805,0.04573949032890273,1.0,0.9984401933627723,1.5866724710566693,46,109,2000,100,2,100,0.0,0,0.3,1.0,0.0,1.0,0.7,1.0,1.0,0.25,1.0,0.25
inter_1.0,0.9886584951928233,0.045333487095031384,1.0,0.9963335533531633,-0.1693021792974133,47,110,2000,100,2,100,0.0,0,0.3,1.0,0.0,1.0,0.7,1.0,1.0,0.25,1.0,0.25
inter_1.0,1.0602320591119683,0.05150541065191212,1.0,1.0079601066858084,1.0148827426972338,48,111,2000,100,2,100,0.0,0,0.3,1.0,0.0,1.0,0.7,1.0,1.0,0.25,1.0,0.25
inter_1.0,0.9779287385437418,0.04767676620520576,1.0,0.9771274156240267,0.016807409216182016,49,112,2000,100,2,100,0.0,0,0.3,1.0,0.0,1.0,0.7,1.0,1.0,0.25,1.0,0.25
inter_1.0,0.9398753987396401,0.047716951269561964,1.0,1.000640484901852,-1.2734486287470161,50,113,2000,100,2,100,0.0,0,0.3,1.0,0.0,1.0,0.7,1.0,1.0,0.25,1.0,0.25
inter_1.0,1.0183085799231377,0.05248698932305976,1.0,1.0171836515920043,0.02143251776567788,51,114,2000,100,2,100,0.0,0,0.3,1.0,0.0,1.0,0.7,1.0,1.0,0.25,1.0,0.25
inter_1.0,0.9704179665063496,0.04456267220056582,1.0,1.0284511785159305,-1.3022830351911445,52,115,2000,100,2,100,0.0,0,0.3,1.0,0.0,1.0,0.7,1.0,1.0,0.25,1.0,0.25
inter_1.0,1.1003821729641647,0.0454373230571359,1.0,1.0152979709171022,1.8725619451672375,53,116,2000,100,2,100,0.0,0,0.3,1.0,0.0,1.0,0.7,1.0,1.0,0.25,1.0,0.25
inter_1.0,0.977252632099868,0.045971319864231565,1.0,0.9681479661495698,0.19805100173732917,54,117,2000,100,2,100,0.0,0,0.3,1.0,0.0,1.0,0.7,1.0,1.0,0.25,1.0,0.25
inter_1.0,0.946809208355851,0.05004066341332989,1.0,0.9998199056522226,-1.0593524082306727,55,118,2000,100,2,100,0.0,0,0.3,1.0,0.0,1.0,0.7,1.0,1.0,0.25,1.0,0.25
inter_1.0,0.9155735053523623,0.04564232064325434,1.0,0.9581716374582111,-0.9333033795279774,56,119,2000,100,2,100,0.0,0,0.3,1.0,0.0,1.0,0.7,1.0,1.0,0.25,1.0,0.25
inter_1.0,0.9701066084824097,0.05096709346971559,1.0,0.9971871465217118,-0.5313337723563388,57,120,2000,100,2,100,0.0,0,0.3,1.0,0.0,1.0,0.7,1.0,1.0,0.25,1.0,0.25
inter_1.0,1.011867663337185,0.0451071761671454,1.0,0.9891561771582317,0.5035005094266056,58,121,2000,100,2,100,0.0,0,0.3,1.0,0.0,1.0,0.7,1.0,1.0,0.25,1.0,0.25
inter_1.0,0.9363188812847703,0.04853482531921758,1.0,0.9626560092598293,-0.5426439222112693,59,122,2000,100,2,100,0.0,0,0.3,1.0,0.0,1.0,0.7,1.0,1.0,0.25,1.0,0.25
inter_1.0,1.0119719195811319,0.04764109186346,1.0,1.0387840696484592,-0.5627946173897791,60,123,2000,100,2,100,0.0,0,0.3,1.0,0.0,1.0,0.7,1.0,1.0,0.25,1.0,0.25
inter_1.0,1.0507349156000059,0.05143712357361765,1.0,1.0015253638841621,0.9566933043099548,61,124,2000,100,2,100,0.0,0,0.3,1.0,0.0,1.0,0.7,1.0,1.0,0.25,1.0,0.25
inter_1.0,0.9453495681725946,0.04462152959277617,1.0,1.011245830219895,-1.4767817833382473,62,125,2000,100,2,100,0.0,0,0.3,1.0,0.0,1.0,0.7,1.0,1.0,0.25,1.0,0.25
inter_1.0,0.9030360913700418,0.04790255832997206,1.0,0.9962706667835446,-1.9463381218862168,63,126,2000,100,2,100,0.0,0,0.3,1.0,0.0,1.0,0.7,1.0,1.0,0.25,1.0,0.25
inter_1.0,0.971345695051224,0.041308909669793795,1.0,0.9671148928719722,0.1024186359086003,64,127,2000,100,2,100,0.0,0,0.3,1.0,0.0,1.0,0.7,1.0,1.0,0.25,1.0,0.25
inter_1.0,1.0517500998614078,0.049701151619683547,1.0,1.014285942595205,0.7537885148593909,65,128,2000,100,2,100,0.0,0,0.3,1.0,0.0,1.0,0.7,1.0,1.0,0.25,1.0,0.25
inter_1.0,1.047270851189981,0.043568394535630536,1.0,1.012382470858453,0.8007726863333493,66,129,2000,100,2,100,0.0,0,0.3,1.0,0.0,1.0,0.7,1.0,1.0,0.25,1.0,0.25
inter_1.0,0.9561341429355401,0.04446207496954609,1.0,1.0035928911297203,-1.0673984114930897,67,130,2000,100,2,100,0.0,0,0.3,1.0,0.0,1.0,0.7,1.0,1.0,0.25,1.0,0.25
inter_1.0,1.0558100313423682,0.04566194146333316,1.0,1.0452062722703972,0.23222313226619729,68,131,2000,100,2,100,0.0,0,0.3,1.0,0.0,1.0,0.7,1.0,1.0,0.25,1.0,0.25
inter_1.0,0.8981766813535698,0.05292552128909656,1.0,0.9718217302158542,-1.3914846196792467,69,132,2000,100,2,100,0.0,0,0.3,1.0,0.0,1.0,0.7,1.0,1.0,0.25,1.0,0.25
inter_1.0,0.8985172238422597,0.04509827803991773,1.0,0.9580150908699288,-1.3192935432037076,70,133,2000,100,2,100,0.0,0,0.3,1.0,0.0,1.0,0.7,1.0,1.0,0.25,1.0,0.25
inter_1.0,1.0080922133725232,0.04423361640245967,1.0,1.0112965418502287,-0.07244102423258532,71,134,2000,100,2,100,0.0,0,0.3,1.0,0.0,1.0,0.7,1.0,1.0,0.25,1.0,0.25
inter_1.0,1.0212558143976571,0.04589810667074027,1.0,0.9895374564045049,0.6910602701041805,72,135,2000,100,2,100,0.0,0,0.3,1.0,0.0,1.0,0.7,1.0,1.0,0.25,1.0,0.25
inter_1.0,1.0258218223445785,0.04931439321589167,1.0,1.0064571636496802,0.39267762274033285,73,136,2000,100,2,100,0.0,0,0.3,1.0,0.0,1.0,0.7,1.0,1.0,0.25,1.0,0.25
inter_1.0,0.9486246336164911,0.050703254699688054,1.0,0.999014941092999,-0.9938278671648664,74,137,2000,100,2,100,0.0,0,0.3,1.0,0.0,1.0,0.7,1.0,1.0,0.25,1.0,0.25
inter_1.0,1.0179270976818464,0.04575621758930958,1.0,0.9763741699906584,0.9081372954414917,75,138,2000,100,2,100,0.0,0,0.3,1.0,0.0,1.0,0.7,1.0,1.0,0.25,1.0,0.25
inter_1.0,1.0738701828718091,0.047028665196702804,1.0,1.0423295355436413,0.6706685634441351,76,139,2000,100,2,100,0.0,0,0.3,1.0,0.0,1.0,0.7,1.0,1.0,0.25,1.0,0.25
inter_1.0,0.9544173026661827,0.045381120726594545,1.0,1.039653264773894,-1.8782251461181037,77,140,2000,100,2,100,0.0,0,0.3,1.0,0.0,1.0,0.7,1.0,1.0,0.25,1.0,0.25
inter_1.0,0.8801186283898164,0.04469142087429765,1.0,0.9852877316831159,-2.353228007431355,78,141,2000,100,2,100,0.0,0,0.3,1.0,0.0,1.0,0.7,1.0,1.0,0.25,1.0,0.25
inter_1.0,1.013598153124444,0.046232483623074826,1.0,0.9765783706764233,0.8007309914352947,79,142,2000,100,2,100,0.0,0,0.3,1.0,0.0,1.0,0.7,1.0,1.0,0.25,1.0,0.25
inter_1.0,1.0843402017620838,0.05080176248242389,1.0,1.020671326314015,1.2532808378468476,80,143,2000,100,2,100,0.0,0,0.3,1.0,0.0,1.0,0.7,1.0,1.0,0.25,1.0,0.25
inter_1.0,1.0624138633165103,0.0469940839342986,1.0,0.9839068209323857,1.670572885171751,81,144,2000,100,2,100,0.0,0,0.3,1.0,0.0,1.0,0.7,1.0,1.0,0.25,1.0,0.25
inter_1.0,0.9966491329701611,0.04850694996051085,1.0,0.9898155562664911,0.14087830113485147,82,145,2000,100,2,100,0.0,0,0.3,1.0,0.0,1.0,0.7,1.0,1.0,0.25,1.0,0.25
inter_1.0,1.0041366350833347,0.05225510744732216,1.0,1.0026931444496263,0.02762391475634375,83,146,2000,100,2,100,0.0,0,0.3,1.0,0.0,1.0,0.7,1.0,1.0,0.25,1.0,0.25
inter_1.0,1.0306346613926347,0.04811642459763956,1.0,1.0303375259792336,0.00617534274181559,84,147,2000,100,2,100,0.0,0,0.3,1.0,0.0,1.0,0.7,1.0,1.0,0.25,1.0,0.25
inter_1.0,0.9538114495774033,0.04412544691112542,1.0,0.9786313122427652,-0.5624841084409298,85,148,2000,100,2,100,0.0,0,0.3,1.0,0.0,1.0,0.7,1.0,1.0,0.25,1.0,0.25
inter_1.0,0.9528677261115828,0.04422374932243396,1.0,0.9677881157971878,-0.33738409597117064,86,149,2000,100,2,100,0.0,0,0.3,1.0,0.0,1.0,0.7,1.0,1.0,0.25,1.0,0.25
inter_1.0,0.9192114506386293,0.049404493449280815,1.0,0.9777934393111152,-1.185762358491273,87,150,2000,100,2,100,0.0,0,0.3,1.0,0.0,1.0,0.7,1.0,1.0,0.25,1.0,0.25
inter_1.0,0.9975196693830523,0.04625253853194328,1.0,1.0121471675998952,-0.31625287348803127,88,151,2000,100,2,100,0.0,0,0.3,1.0,0.0,1.0,0.7,1.0,1.0,0.25,1.0,0.25
inter_1.0,1.0939574662867702,0.04274190627581448,1.0,1.0382122656662562,1.3042282265275882,89,152,2000,100,2,100,0.0,0,0.3,1.0,0.0,1.0,0.7,1.0,1.0,0.25,1.0,0.25
inter_1.0,0.9022097937028599,0.047646482722514004,1.0,0.9353440111888257,-0.6954179110960723,90,153,2000,100,2,100,0.0,0,0.3,1.0,0.0,1.0,0.7,1.0,1.0,0.25,1.0,0.25
inter_1.0,1.0622238268753166,0.04597786182248208,1.0,1.0313849664448085,0.6707328094023857,91,154,2000,100,2,100,0.0,0,0.3,1.0,0.0,1.0,0.7,1.0,1.0,0.25,1.0,0.25
inter_1.0,0.9678082381094155,0.04852686477184199,1.0,0.981491478639645,-0.28197248255298984,92,155,2000,100,2,100,0.0,0,0.3,1.0,0.0,1.0,0.7,1.0,1.0,0.25,1.0,0.25
inter_1.0,0.8933026852097208,0.0441344301256019,1.0,0.9371917293340327,-0.9944400324057291,93,156,2000,100,2,100,0.0,0,0.3,1.0,0.0,1.0,0.7,1.0,1.0,0.25,1.0,0.25
inter_1.0,1.0421685999542178,0.04770036108739124,1.0,1.048303813236335,-0.12861984987654146,94,157,2000,100,2,100,0.0,0,0.3,1.0,0.0,1.0,0.7,1.0,1.0,0.25,1.0,0.25
inter_1.0,0.9942314677610945,0.044812461824932294,1.0,1.0076778449009183,-0.3000588807719244,95,158,2000,100,2,100,0.0,0,0.3,1.0,0.0,1.0,0.7,1.0,1.0,0.25,1.0,0.25
inter_1.0,1.0520142305010214,0.043205497720101654,1.0,0.962814154448188,2.0645538359654743,96,159,2000,100,2,100,0.0,0,0.3,1.0,0.0,1.0,0.7,1.0,1.0,0.25,1.0,0.25
inter_1.0,1.0034690845333805,0.04763251648350965,1.0,0.9940058020242664,0.1986727388713608,97,160,2000,100,2,100,0.0,0,0.3,1.0,0.0,1.0,0.7,1.0,1.0,0.25,1.0,0.25
inter_1.0,1.0743734014436748,0.047638594392959754,1.0,0.9908997477942457,1.7522274683605097,98,161,2000,100,2,100,0.0,0,0.3,1.0,0.0,1.0,0.7,1.0,1.0,0.25,1.0,0.25
inter_1.0,0.9855438304064241,0.044744813933665785,1.0,0.9824383357120198,0.06940457276251616,99,162,2000,100,2,100,0.0,0,0.3,1.0,0.0,1.0,0.7,1.0,1.0,0.25,1.0,0.25
hete_0.15,0.9913721672267047,0.025376481063415772,1.0,1.002350616928627,-0.432623013194267,0,64,2000,100,2,100,0.0,0,0.3,0.0,0.15,1.0,0.7,1.0,1.0,0.25,1.0,0.25
hete_0.15,1.0124959165815182,0.022632099435356868,1.0,1.0018253332037101,0.4714800501953416,1,65,2000,100,2,100,0.0,0,0.3,0.0,0.15,1.0,0.7,1.0,1.0,0.25,1.0,0.25
hete_0.15,0.9741391464496084,0.02358779352191929,1.0,0.9975435497144838,-0.9922252050886613,2,66,2000,100,2,100,0.0,0,0.3,0.0,0.15,1.0,0.7,1.0,1.0,0.25,1.0,0.25
hete_0.15,0.9755887152484873,0.0245972743740605,1.0,1.0013185778898845,-1.046045275184274,3,67,2000,100,2,100,0.0,0,0.3,0.0,0.15,1.0,0.7,1.0,1.0,0.25,1.0,0.25
hete_0.15,1.0008291732802395,0.023618107333754777,1.0,0.9978576816584903,0.1258141298012613,4,68,2000,100,2,100,0.0,0,0.3,0.0,0.15,1.0,0.7,1.0,1.0,0.25,1.0,0.25
hete_0.15,0.988252958939396,0.023197869733356056,1.0,0.9994946742645547,-0.4846011920221422,5,69,2000,100,2,100,0.0,0,0.3,0.0,0.15,1.0,0.7,1.0,1.0,0.25,1.0,0.25
hete_0.15,0.9969024682647194,0.023879082725731148,1.0,1.0009722636973941,-0.17043349107749717,6,70,2000,100,2,100,0.0,0,0.3,0.0,0.15,1.0,0.7,1.0,1.0,0.25,1.0,0.25
hete_0.15,1.013654918218932,0.024372909898842835,1.0,1.007187087143088,0.2653696707815434,7,71,2000,100,2,100,0.0,0,0.3,0.0,0.15,1.0,0.7,1.0,1.0,0.25,1.0,0.25
hete_0.15,1.0169491163868056,0.023454453260874714,1.0,1.0029787306729179,0.5956389415050787,8,72,2000,100,2,100,0.0,0,0.3,0.0,0.15,1.0,0.7,1.0,1.0,0.25,1.0,0.25
hete_0.15,0.9839649865590341,0.023424030146995227,1.0,0.9998997940311181,-0.6802760828126775,9,73,2000,100,2,100,0.0,0,0.3,0.0,0.15,1.0,0.7,1.0,1.0,0.25,1.0,0.25
hete_0.15,0.9639679785375744,0.022617305320392328,1.0,1.0005983660627,-1.619573464045636,10,74,2000,100,2,100,0.0,0,0.3,0.0,0.15,1.0,0.7,1.0,1.0,0.25,1.0,0.25
hete_0.15,1.012065573797558,0.02304155058756687,1.0,1.0026000783944078,0.4108011467013708,11,75,2000,100,2,100,0.0,0,0.3,0.0,0.15,1.0,0.7,1.0,1.0,0.25,1.0,0.25
hete_0.15,1.024862203577804,0.022976351944477027,1.0,1.0043536582270065,0.8925936284557728,12,76,2000,100,2,100,0.0,0,0.3,0.0,0.15,1.0,0.7,1.0,1.0,0.25,1.0,0.25
hete_0.15,1.0127973724242751,0.02453832752171703,1.0,1.0034462449669073,0.3810825105782739,13,77,2000,100,2,100,0.0,0,0.3,0.0,0.15,1.0,0.7,1.0,1.0,0.25,1.0,0.25
hete_0.15,0.9698823282835326,0.02275284068460728,1.0,0.9986173921104309,-1.262922033569992,14,78,2000,100,2,100,0.0,0,0.3,0.0,0.15,1.0,0.7,1.0,1.0,0.25,1.0,0.25
hete_0.15,0.9963745207438414,0.02299433549370871,1.0,1.0005636961256532,-0.1821829286155286,15,79,2000,100,2,100,0.0,0,0.3,0.0,0.15,1.0,0.7,1.0,1.0,0.25,1.0,0.25
hete_0.15,1.0071797019511204,0.022592845014436053,1.0,1.0054827015095975,0.07511229508450808,16,80,2000,100,2,100,0.0,0,0.3,0.0,0.15,1.0,0.7,1.0,1.0,0.25,1.0,0.25
hete_0.15,0.9845997619576051,0.02400615502685184,1.0,0.9972064064322744,-0.5251421754366024,17,81,2000,100,2,100,0.0,0,0.3,0.0,0.15,1.0,0.7,1.0,1.0,0.25,1.0,0.25
hete_0.15,0.9925655097830475,0.02291495421544052,1.0,1.0010587911459403,-0.3706436104144566,18,82,2000,100,2,100,0.0,0,0.3,0.0,0.15,1.0,0.7,1.0,1.0,0.25,1.0,0.25
hete_0.15,0.9778388332016262,0.023441400488313665,1.0,0.9996976311526158,-0.9324868606671732,19,83,2000,100,2,100,0.0,0,0.3,0.0,0.15,1.0,0.7,1.0,1.0,0.25,1.0,0.25
hete_0.15,0.9803757737454906,0.023751492318119353,1.0,1.0017870000424438,-0.9014686744806858,20,84,2000,100,2,100,0.0,0,0.3,0.0,0.15,1.0,0.7,1.0,1.0,0.25,1.0,0.25
hete_0.15,0.9864874796092292,0.024563527783005235,1.0,1.0044201537356119,-0.7300528769645922,21,85,2000,100,2,100,0.0,0,0.3,0.0,0.15,1.0,0.7,1.0,1.0,0.25,1.0,0.25
hete_0.15,0.9817772875329278,0.02370558367263998,1.0,1.0029535713691475,-0.8933036253674077,22,86,2000,100,2,100,0.0,0,0.3,0.0,0.15,1.0,0.7,1.0,1.0,0.25,1.0,0.25
hete_0.15,0.958691018028711,0.023848301213494124,1.0,1.0007769514917628,-1.7647350679736564,23,87,2000,100,2,100,0.0,0,0.3,0.0,0.15,1.0,0.7,1.0,1.0,0.25,1.0,0.25
hete_0.15,0.9613317202287529,0.02326870587589927,1.0,1.0048460727293915,-1.8700804734357368,24,88,2000,100,2,100,0.0,0,0.3,0.0,0.15,1.0,0.7,1.0,1.0,0.25,1.0,0.25
hete_0.15,0.9706379606845877,0.02326221510473258,1.0,0.9945208724198976,-1.0266826107394655,25,89,2000,100,2,100,0.0,0,0.3,0.0,0.15,1.0,0.7,1.0,1.0,0.25,1.0,0.25
hete_0.15,1.0010684338686604,0.02455735479274042,1.0,1.000945315740885,0.00501349305796691,26,90,2000,100,2,100,0.0,0,0.3,0.0,0.15,1.0,0.7,1.0,1.0,0.25,1.0,0.25
hete_0.15,0.9303735953063268,0.024418990509718495,1.0,1.0012313474761927,-2.901747807374153,27,91,2000,100,2,100,0.0,0,0.3,0.0,0.15,1.0,0.7,1.0,1.0,0.25,1.0,0.25
hete_0.15,1.0166471714710363,0.022688343834838566,1.0,1.0058453973532937,0.47609354813973764,28,92,2000,100,2,100,0.0,0,0.3,0.0,0.15,1.0,0.7,1.0,1.0,0.25,1.0,0.25
hete_0.15,0.9742003315927513,0.02473573641538711,1.0,0.9965847813825413,-0.9049437386414523,29,93,2000,100,2,100,0.0,0,0.3,0.0,0.15,1.0,0.7,1.0,1.0,0.25,1.0,0.25
hete_0.15,1.0090105677626415,0.022799222362174357,1.0,0.9997475655836879,0.4062858825536795,30,94,2000,100,2,100,0.0,0,0.3,0.0,0.15,1.0,0.7,1.0,1.0,0.25,1.0,0.25
hete_0.15,1.0212260814694116,0.024475367944865385,1.0,1.0001919998399826,0.8593979741923213,31,95,2000,100,2,100,0.0,0,0.3,0.0,0.15,1.0,0.7,1.0,1.0,0.25,1.0,0.25
hete_0.15,0.9355483652702943,0.02353701186368113,1.0,0.9962747057659187,-2.580036108548189,32,96,2000,100,2,100,0.0,0,0.3,0.0,0.15,1.0,0.7,1.0,1.0,0.25,1.0,0.25
hete_0.15,0.9905209001641329,0.022517851271111895,1.0,0.9975078367616236,-0.3102843390059268,33,97,2000,100,2,100,0.0,0,0.3,0.0,0.15,1.0,0.7,1.0,1.0,0.25,1.0,0.25
hete_0.15,0.9914079712136639,0.02438913500888712,1.0,1.0042286626720827,-0.5256722492924446,34,98,2000,100,2,100,0.0,0,0.3,0.0,0.15,1.0,0.7,1.0,1.0,0.25,1.0,0.25
hete_0.15,1.0413084340370224,0.023936052025810894,1.0,1.0002629733356865,1.7147966029266453,35,99,2000,100,2,100,0.0,0,0.3,0.0,0.15,1.0,0.7,1.0,1.0,0.25,1.0,0.25
hete_0.15,0.9621919660883652,0.02236249905489478,1.0,0.9968116544514422,-1.5481135752356472,36,100,2000,100,2,100,0.0,0,0.3,0.0,0.15,1.0,0.7,1.0,1.0,0.25,1.0,0.25
hete_0.15,0.988598816931549,0.025411416350187278,1.0,0.9973884891652415,-0.3458946212428512,37,101,2000,100,2,100,0.0,0,0.3,0.0,0.15,1.0,0.7,1.0,1.0,0.25,1.0,0.25
hete_0.15,0.9378654350262067,0.02262545367542193,1.0,1.0006484171024745,-2.7748827924926487,38,102,2000,100,2,100,0.0,0,0.3,0.0,0.15,1.0,0.7,1.0,1.0,0.25,1.0,0.25
hete_0.15,0.9669712154154952,0.02358368792658433,1.0,0.997350279539872,-1.2881388279452441,39,103,2000,100,2,100,0.0,0,0.3,0.0,0.15,1.0,0.7,1.0,1.0,0.25,1.0,0.25
hete_0.15,1.001638493622681,0.02294575414634068,1.0,1.000912726809165,0.031629677930268656,40,104,2000,100,2,100,0.0,0,0.3,0.0,0.15,1.0,0.7,1.0,1.0,0.25,1.0,0.25
hete_0.15,1.0412541817686756,0.025419504435331707,1.0,1.0016559117195316,1.5577907960355257,41,105,2000,100,2,100,0.0,0,0.3,0.0,0.15,1.0,0.7,1.0,1.0,0.25,1.0,0.25
hete_0.15,0.9673787318269494,0.025156318664299075,1.0,0.9979244205226746,-1.2142352425784175,42,106,2000,100,2,100,0.0,0,0.3,0.0,0.15,1.0,0.7,1.0,1.0,0.25,1.0,0.25
hete_0.15,0.9756422995980001,0.02371336348182925,1.0,0.9991969510680856,-0.9933070645222741,43,107,2000,100,2,100,0.0,0,0.3,0.0,0.15,1.0,0.7,1.0,1.0,0.25,1.0,0.25
hete_0.15,0.987111936600596,0.024101008658945284,1.0,1.0009932046129417,-0.5759621187967806,44,108,2000,100,2,100,0.0,0,0.3,0.0,0.15,1.0,0.7,1.0,1.0,0.25,1.0,0.25
hete_0.15,1.0132122773987915,0.023920974766023406,1.0,0.9997660290044157,0.5621112235557569,45,109,2000,100,2,100,0.0,0,0.3,0.0,0.15,1.0,0.7,1.0,1.0,0.25,1.0,0.25
hete_0.15,0.9756236832694262,0.02366669812528844,1.0,0.9994500330029745,-1.0067458336357165,46,110,2000,100,2,100,0.0,0,0.3,0.0,0.15,1.0,0.7,1.0,1.0,0.25,1.0,0.25
hete_0.15,1.0095765248030109,0.02461346410727696,1.0,1.0011940160028714,0.34056599118289815,47,111,2000,100,2,100,0.0,0,0.3,0.0,0.15,1.0,0.7,1.0,1.0,0.25,1.0,0.25
hete_0.15,1.020150494546337,0.02475032066018324,1.0,0.996569112343604,0.952770775235625,48,112,2000,100,2,100,0.0,0,0.3,0.0,0.15,1.0,0.7,1.0,1.0,0.25,1.0,0.25
hete_0.15,0.9446623562787504,0.02387343492268533,1.0,1.0000960727352777,-2.321983268685493,49,113,2000,100,2,100,0.0,0,0.3,0.0,0.15,1.0,0.7,1.0,1.0,0.25,1.0,0.25
hete_0.15,0.9739231022977992,0.023558649183055325,1.0,1.0025775477388006,-1.2163025654973132,50,114,2000,100,2,100,0.0,0,0.3,0.0,0.15,1.0,0.7,1.0,1.0,0.25,1.0,0.25
hete_0.15,0.9622521589423068,0.023347272726625956,1.0,1.0042676767773897,-1.799589970402288,51,115,2000,100,2,100,0.0,0,0.3,0.0,0.15,1.0,0.7,1.0,1.0,0.25,1.0,0.25
hete_0.15,1.0596598421272536,0.02324107462597675,1.0,1.0022946956375653,2.468265663824802,52,116,2000,100,2,100,0.0,0,0.3,0.0,0.15,1.0,0.7,1.0,1.0,0.25,1.0,0.25
hete_0.15,1.003741257632039,0.023398711050401762,1.0,0.9952221949224354,0.3640825638323954,53,117,2000,100,2,100,0.0,0,0.3,0.0,0.15,1.0,0.7,1.0,1.0,0.25,1.0,0.25
hete_0.15,0.9538454237906926,0.025291132007348553,1.0,0.9999729858478333,-1.823863085437931,54,118,2000,100,2,100,0.0,0,0.3,0.0,0.15,1.0,0.7,1.0,1.0,0.25,1.0,0.25
hete_0.15,0.9661052879464456,0.024683300096762353,1.0,0.9937257456187317,-1.1189937149412637,55,119,2000,100,2,100,0.0,0,0.3,0.0,0.15,1.0,0.7,1.0,1.0,0.25,1.0,0.25
hete_0.15,0.9829113889340644,0.024274887538416775,1.0,0.9995780719782568,-0.6865812670734787,56,120,2000,100,2,100,0.0,0,0.3,0.0,0.15,1.0,0.7,1.0,1.0,0.25,1.0,0.25
hete_0.15,0.9834789266613442,0.02274172850078888,1.0,0.9983734265737348,-0.6549414180137626,57,121,2000,100,2,100,0.0,0,0.3,0.0,0.15,1.0,0.7,1.0,1.0,0.25,1.0,0.25
hete_0.15,0.9531620996163763,0.024461207584646864,1.0,0.9943984013889744,-1.685783566894716,58,122,2000,100,2,100,0.0,0,0.3,0.0,0.15,1.0,0.7,1.0,1.0,0.25,1.0,0.25
hete_0.15,0.9718898566130347,0.023444738961459953,1.0,1.0058176104472687,-1.4471371973902845,59,123,2000,100,2,100,0.0,0,0.3,0.0,0.15,1.0,0.7,1.0,1.0,0.25,1.0,0.25
hete_0.15,1.0185399612079642,0.02390279404287943,1.0,1.0002288045826244,0.7660676234121933,60,124,2000,100,2,100,0.0,0,0.3,0.0,0.15,1.0,0.7,1.0,1.0,0.25,1.0,0.25
hete_0.15,0.9603005374049547,0.02317182669917675,1.0,1.0016868745329843,-1.7860627763757622,61,125,2000,100,2,100,0.0,0,0.3,0.0,0.15,1.0,0.7,1.0,1.0,0.25,1.0,0.25
hete_0.15,0.9382046766045021,0.02431448511424016,1.0,0.9994406000175318,-2.5184955850521327,62,126,2000,100,2,100,0.0,0,0.3,0.0,0.15,1.0,0.7,1.0,1.0,0.25,1.0,0.25
hete_0.15,1.004539184215825,0.022439577935209842,1.0,0.9950672339307959,0.42210911062488543,63,127,2000,100,2,100,0.0,0,0.3,0.0,0.15,1.0,0.7,1.0,1.0,0.25,1.0,0.25
hete_0.15,0.9959549707378869,0.02466504504319691,1.0,1.0021428913892807,-0.2508781411327926,64,128,2000,100,2,100,0.0,0,0.3,0.0,0.15,1.0,0.7,1.0,1.0,0.25,1.0,0.25
hete_0.15,1.0009152571776647,0.02300382084814072,1.0,1.001857370628768,-0.040954650852244104,65,129,2000,100,2,100,0.0,0,0.3,0.0,0.15,1.0,0.7,1.0,1.0,0.25,1.0,0.25
hete_0.15,0.9674681332045015,0.023357281106267273,1.0,1.0005389336694581,-1.415866868857564,66,130,2000,100,2,100,0.0,0,0.3,0.0,0.15,1.0,0.7,1.0,1.0,0.25,1.0,0.25
hete_0.15,0.9750501816113532,0.0239820362244647,1.0,1.0067809408405595,-1.323105299825915,67,131,2000,100,2,100,0.0,0,0.3,0.0,0.15,1.0,0.7,1.0,1.0,0.25,1.0,0.25
hete_0.15,0.9448725569488463,0.022848294482109135,1.0,0.9957732595323783,-2.2277681436305308,68,132,2000,100,2,100,0.0,0,0.3,0.0,0.15,1.0,0.7,1.0,1.0,0.25,1.0,0.25
hete_0.15,0.9467524764637187,0.02373552527540816,1.0,0.9937022636304894,-1.978038683450342,69,133,2000,100,2,100,0.0,0,0.3,0.0,0.15,1.0,0.7,1.0,1.0,0.25,1.0,0.25
hete_0.15,0.9777819444313941,0.023521186416537748,1.0,1.0016944812775344,-1.0166382095984472,70,134,2000,100,2,100,0.0,0,0.3,0.0,0.15,1.0,0.7,1.0,1.0,0.25,1.0,0.25
hete_0.15,1.0101797781433366,0.02374826407957552,1.0,0.9984306184606757,0.4947376213811619,71,135,2000,100,2,100,0.0,0,0.3,0.0,0.15,1.0,0.7,1.0,1.0,0.25,1.0,0.25
hete_0.15,0.9964069452433155,0.024401135930554766,1.0,1.000968574547452,-0.18694331760286556,72,136,2000,100,2,100,0.0,0,0.3,0.0,0.15,1.0,0.7,1.0,1.0,0.25,1.0,0.25
hete_0.15,0.9732786175437798,0.023748535704764075,1.0,0.9998522411639499,-1.1189584044476193,73,137,2000,100,2,100,0.0,0,0.3,0.0,0.15,1.0,0.7,1.0,1.0,0.25,1.0,0.25
hete_0.15,1.0177624215073051,0.022800351330357356,1.0,0.9964561254985987,0.9344722675539768,74,138,2000,100,2,100,0.0,0,0.3,0.0,0.15,1.0,0.7,1.0,1.0,0.25,1.0,0.25
hete_0.15,1.0224625808842058,0.023914032736695946,1.0,1.0063494303315463,0.6737947852657221,75,139,2000,100,2,100,0.0,0,0.3,0.0,0.15,1.0,0.7,1.0,1.0,0.25,1.0,0.25
hete_0.15,0.9568171083282687,0.023895950388995873,1.0,1.0059479897160841,-2.056033787651328,76,140,2000,100,2,100,0.0,0,0.3,0.0,0.15,1.0,0.7,1.0,1.0,0.25,1.0,0.25
hete_0.15,0.9287605847851687,0.023334233726030617,1.0,0.9977931597524673,-2.9584247667104244,77,141,2000,100,2,100,0.0,0,0.3,0.0,0.15,1.0,0.7,1.0,1.0,0.25,1.0,0.25
hete_0.15,0.9825499243380537,0.02334514490248951,1.0,0.9964867556014635,-0.5969905657738547,78,142,2000,100,2,100,0.0,0,0.3,0.0,0.15,1.0,0.7,1.0,1.0,0.25,1.0,0.25
hete_0.15,0.9885371022592233,0.023481341469721008,1.0,1.0031006989471023,-0.6202199608850552,79,143,2000,100,2,100,0.0,0,0.3,0.0,0.15,1.0,0.7,1.0,1.0,0.25,1.0,0.25
hete_0.15,1.0170276448059608,0.024155513749302703,1.0,0.9975860231398579,0.8048523359046371,80,144,2000,100,2,100,0.0,0,0.3,0.0,0.15,1.0,0.7,1.0,1.0,0.25,1.0,0.25
hete_0.15,0.9732131840168684,0.0232460740694486,1.0,0.9984723334399737,-1.0865985089629546,81,145,2000,100,2,100,0.0,0,0.3,0.0,0.15,1.0,0.7,1.0,1.0,0.25,1.0,0.25
hete_0.15,0.961768135782538,0.02394427337777207,1.0,1.000403971667444,-1.6135731193568996,82,146,2000,100,2,100,0.0,0,0.3,0.0,0.15,1.0,0.7,1.0,1.0,0.25,1.0,0.25
hete_0.15,0.9764002914776989,0.024937318467690078,1.0,1.004550628896885,-1.1288438031402217,83,147,2000,100,2,100,0.0,0,0.3,0.0,0.15,1.0,0.7,1.0,1.0,0.25,1.0,0.25
hete_0.15,0.9782684993325738,0.023375087329462963,1.0,0.9967946968364146,-0.7925616380688197,84,148,2000,100,2,100,0.0,0,0.3,0.0,0.15,1.0,0.7,1.0,1.0,0.25,1.0,0.25
hete_0.15,0.9721394017249609,0.023095905218015585,1.0,0.9951682173695782,-0.9970951745443594,85,149,2000,100,2,100,0.0,0,0.3,0.0,0.15,1.0,0.7,1.0,1.0,0.25,1.0,0.25
hete_0.15,0.932070751914148,0.022784536668548898,1.0,0.9966690158966673,-2.8351800575207164,86,150,2000,100,2,100,0.0,0,0.3,0.0,0.15,1.0,0.7,1.0,1.0,0.25,1.0,0.25
hete_0.15,0.9856404389052071,0.022783062793140445,1.0,1.0018220751399842,-0.7102485026573808,87,151,2000,100,2,100,0.0,0,0.3,0.0,0.15,1.0,0.7,1.0,1.0,0.25,1.0,0.25
hete_0.15,1.0084585810007936,0.02353615958021454,1.0,1.0057318398499384,0.11585327425921045,88,152,2000,100,2,100,0.0,0,0.3,0.0,0.15,1.0,0.7,1.0,1.0,0.25,1.0,0.25
hete_0.15,0.9934929197897779,0.024579093733610866,1.0,0.9903016016783238,0.12983872172187252,89,153,2000,100,2,100,0.0,0,0.3,0.0,0.15,1.0,0.7,1.0,1.0,0.25,1.0,0.25
hete_0.15,1.0055844388117559,0.024864203777918755,1.0,1.0047077449667212,0.03525927686504911,90,154,2000,100,2,100,0.0,0,0.3,0.0,0.15,1.0,0.7,1.0,1.0,0.25,1.0,0.25
hete_0.15,0.977046306820141,0.023930735673984384,1.0,0.9972237217959469,-0.8431589922971374,91,155,2000,100,2,100,0.0,0,0.3,0.0,0.15,1.0,0.7,1.0,1.0,0.25,1.0,0.25
hete_0.15,0.9966513673643445,0.02354685157253349,1.0,0.9905787594001049,0.25789468904297386,92,156,2000,100,2,100,0.0,0,0.3,0.0,0.15,1.0,0.7,1.0,1.0,0.25,1.0,0.25
hete_0.15,1.0087735916786877,0.024582219030292406,1.0,1.00724557198545,0.062159550826339914,93,157,2000,100,2,100,0.0,0,0.3,0.0,0.15,1.0,0.7,1.0,1.0,0.25,1.0,0.25
hete_0.15,0.9696113782653863,0.023524691813046016,1.0,1.0011516767351376,-1.3407316329755297,94,158,2000,100,2,100,0.0,0,0.3,0.0,0.15,1.0,0.7,1.0,1.0,0.25,1.0,0.25
hete_0.15,1.0078528958896997,0.02316977711804869,1.0,0.9944221231672281,0.5796677565797287,95,159,2000,100,2,100,0.0,0,0.3,0.0,0.15,1.0,0.7,1.0,1.0,0.25,1.0,0.25
hete_0.15,1.000280241445433,0.023951589731765522,1.0,0.9991008703036399,0.049239785542459835,96,160,2000,100,2,100,0.0,0,0.3,0.0,0.15,1.0,0.7,1.0,1.0,0.25,1.0,0.25
hete_0.15,1.0147444254678248,0.023564034132776947,1.0,0.9986349621691367,0.6836462384970103,97,161,2000,100,2,100,0.0,0,0.3,0.0,0.15,1.0,0.7,1.0,1.0,0.25,1.0,0.25
hete_0.15,0.9778434793637185,0.022560326231509647,1.0,0.9973657503568029,-0.8653363782398634,98,162,2000,100,2,100,0.0,0,0.3,0.0,0.15,1.0,0.7,1.0,1.0,0.25,1.0,0.25
hete_0.15,1.002270315985796,0.0242042984539509,1.0,1.0019006468075686,0.01527287307792212,99,163,2000,100,2,100,0.0,0,0.3,0.0,0.15,1.0,0.7,1.0,1.0,0.25,1.0,0.25
hete_0.3,1.0095887147544143,0.024732473692178437,1.0,1.0036506664074203,0.24009116196378896,0,65,2000,100,2,100,0.0,0,0.3,0.0,0.3,1.0,0.7,1.0,1.0,0.25,1.0,0.25
hete_0.3,0.9742371809266945,0.025992667513591985,1.0,0.9950870994289677,-0.8021461626195301,1,66,2000,100,2,100,0.0,0,0.3,0.0,0.3,1.0,0.7,1.0,1.0,0.25,1.0,0.25
hete_0.3,0.9681584039826897,0.027971656319447025,1.0,1.002637155779769,-1.2326317542057155,2,67,2000,100,2,100,0.0,0,0.3,0.0,0.3,1.0,0.7,1.0,1.0,0.25,1.0,0.25
hete_0.3,0.9901101414378066,0.028290247553604236,1.0,0.9957153633169804,-0.19813265573420782,3,68,2000,100,2,100,0.0,0,0.3,0.0,0.3,1.0,0.7,1.0,1.0,0.25,1.0,0.25
hete_0.3,0.9758858458589509,0.02538821234639608,1.0,0.9989893485291093,-0.9100090370655015,4,69,2000,100,2,100,0.0,0,0.3,0.0,0.3,1.0,0.7,1.0,1.0,0.25,1.0,0.25
hete_0.3,0.9814397253661921,0.026121597588757033,1.0,1.001944527394788,-0.7849750368033155,5,70,2000,100,2,100,0.0,0,0.3,0.0,0.3,1.0,0.7,1.0,1.0,0.25,1.0,0.25
hete_0.3,1.012843371165056,0.027246461178188314,1.0,1.0143741742861756,-0.05618355760435771,6,71,2000,100,2,100,0.0,0,0.3,0.0,0.3,1.0,0.7,1.0,1.0,0.25,1.0,0.25
hete_0.3,1.0109085663930948,0.025772195587936534,1.0,1.0059574613458357,0.19211033186386953,7,72,2000,100,2,100,0.0,0,0.3,0.0,0.3,1.0,0.7,1.0,1.0,0.25,1.0,0.25
hete_0.3,0.9855237794244707,0.025587668124796348,1.0,0.9997995880622361,-0.5579175315288357,8,73,2000,100,2,100,0.0,0,0.3,0.0,0.3,1.0,0.7,1.0,1.0,0.25,1.0,0.25
hete_0.3,0.9720167119912011,0.025357688581290175,1.0,1.0011967321254,-1.1507365918094379,9,74,2000,100,2,100,0.0,0,0.3,0.0,0.3,1.0,0.7,1.0,1.0,0.25,1.0,0.25
hete_0.3,1.0145809243082065,0.024667638677112656,1.0,1.0052001567888158,0.380286400420418,10,75,2000,100,2,100,0.0,0,0.3,0.0,0.3,1.0,0.7,1.0,1.0,0.25,1.0,0.25
hete_0.3,1.0285094953423444,0.025496733930064023,1.0,1.008707316454013,0.7766555097859796,11,76,2000,100,2,100,0.0,0,0.3,0.0,0.3,1.0,0.7,1.0,1.0,0.25,1.0,0.25
hete_0.3,1.0193420754591382,0.026616484293847144,1.0,1.0068924899338145,0.4677396679396027,12,77,2000,100,2,100,0.0,0,0.3,0.0,0.3,1.0,0.7,1.0,1.0,0.25,1.0,0.25
hete_0.3,0.9740731758994584,0.025261672872343845,1.0,0.9972347842208616,-0.9168675581560661,13,78,2000,100,2,100,0.0,0,0.3,0.0,0.3,1.0,0.7,1.0,1.0,0.25,1.0,0.25
hete_0.3,0.9967309924289032,0.025401602839680397,1.0,1.0011273922513064,-0.17307568542625743,14,79,2000,100,2,100,0.0,0,0.3,0.0,0.3,1.0,0.7,1.0,1.0,0.25,1.0,0.25
hete_0.3,1.0103069257034987,0.024717954646562092,1.0,1.0109654030191946,-0.026639636050448418,15,80,2000,100,2,100,0.0,0,0.3,0.0,0.3,1.0,0.7,1.0,1.0,0.25,1.0,0.25
hete_0.3,0.9866397683313195,0.027029056120654225,1.0,0.9944128128645491,-0.28758105716055005,16,81,2000,100,2,100,0.0,0,0.3,0.0,0.3,1.0,0.7,1.0,1.0,0.25,1.0,0.25
hete_0.3,0.995259899553826,0.02519311585034485,1.0,1.002117582291881,-0.2722046283910223,17,82,2000,100,2,100,0.0,0,0.3,0.0,0.3,1.0,0.7,1.0,1.0,0.25,1.0,0.25
hete_0.3,0.974547109639582,0.025675957898973523,1.0,0.9993952623052317,-0.9677595189795447,18,83,2000,100,2,100,0.0,0,0.3,0.0,0.3,1.0,0.7,1.0,1.0,0.25,1.0,0.25
hete_0.3,0.9786682178219196,0.026629663600779268,1.0,1.0035740000848876,-0.9352646220524995,19,84,2000,100,2,100,0.0,0,0.3,0.0,0.3,1.0,0.7,1.0,1.0,0.25,1.0,0.25
hete_0.3,0.9807900193874295,0.026422669725437675,1.0,1.0088403074712238,-1.0615993151059095,20,85,2000,100,2,100,0.0,0,0.3,0.0,0.3,1.0,0.7,1.0,1.0,0.25,1.0,0.25
hete_0.3,0.97407959334435,0.025907949414137516,1.0,1.005907142738295,-1.228485855255581,21,86,2000,100,2,100,0.0,0,0.3,0.0,0.3,1.0,0.7,1.0,1.0,0.25,1.0,0.25
hete_0.3,0.9636811598201879,0.026735963044067404,1.0,1.0015539029835259,-1.4165468100368952,22,87,2000,100,2,100,0.0,0,0.3,0.0,0.3,1.0,0.7,1.0,1.0,0.25,1.0,0.25
hete_0.3,0.9681896214928669,0.025445236312637277,1.0,1.0096921454587833,-1.6310528012390395,23,88,2000,100,2,100,0.0,0,0.3,0.0,0.3,1.0,0.7,1.0,1.0,0.25,1.0,0.25
hete_0.3,0.9533983663717208,0.025540001394230568,1.0,0.9890417448397953,-1.3955903101918503,24,89,2000,100,2,100,0.0,0,0.3,0.0,0.3,1.0,0.7,1.0,1.0,0.25,1.0,0.25
hete_0.3,1.0045112051935694,0.02731441112381033,1.0,1.0018906314817697,0.09594106568584601,25,90,2000,100,2,100,0.0,0,0.3,0.0,0.3,1.0,0.7,1.0,1.0,0.25,1.0,0.25
hete_0.3,0.9104155671334079,0.027386279347890615,1.0,1.0024626949523854,-3.361067293942844,26,91,2000,100,2,100,0.0,0,0.3,0.0,0.3,1.0,0.7,1.0,1.0,0.25,1.0,0.25
hete_0.3,1.0238867308925932,0.024662029009454488,1.0,1.0116907947065874,0.4945228221623746,27,92,2000,100,2,100,0.0,0,0.3,0.0,0.3,1.0,0.7,1.0,1.0,0.25,1.0,0.25
hete_0.3,0.9633582233979542,0.028569591128806335,1.0,0.9931695627650823,-1.0434639835314172,28,93,2000,100,2,100,0.0,0,0.3,0.0,0.3,1.0,0.7,1.0,1.0,0.25,1.0,0.25
hete_0.3,1.018331727783936,0.024819585083190703,1.0,0.9994951311673759,0.7589408345636484,29,94,2000,100,2,100,0.0,0,0.3,0.0,0.3,1.0,0.7,1.0,1.0,0.25,1.0,0.25
hete_0.3,1.0318838297061481,0.027968171932649735,1.0,1.0003839996799655,1.126274184170402,30,95,2000,100,2,100,0.0,0,0.3,0.0,0.3,1.0,0.7,1.0,1.0,0.25,1.0,0.25
hete_0.3,0.9370122090278913,0.026258169321468332,1.0,0.9925494115318374,-2.11504472471124,31,96,2000,100,2,100,0.0,0,0.3,0.0,0.3,1.0,0.7,1.0,1.0,0.25,1.0,0.25
hete_0.3,0.9624229589877251,0.0245105740418259,1.0,0.9950156735232472,-1.3297409713825725,32,97,2000,100,2,100,0.0,0,0.3,0.0,0.3,1.0,0.7,1.0,1.0,0.25,1.0,0.25
hete_0.3,1.007936688137555,0.026378039745523683,1.0,1.008457325344165,-0.01973752453301041,33,98,2000,100,2,100,0.0,0,0.3,0.0,0.3,1.0,0.7,1.0,1.0,0.25,1.0,0.25
hete_0.3,1.0254805219443948,0.026480609222522017,1.0,1.000525946671373,0.9423716449770233,34,99,2000,100,2,100,0.0,0,0.3,0.0,0.3,1.0,0.7,1.0,1.0,0.25,1.0,0.25
hete_0.3,0.967599640313204,0.025351985437220417,1.0,0.9936233089028843,-1.0264943017628023,35,100,2000,100,2,100,0.0,0,0.3,0.0,0.3,1.0,0.7,1.0,1.0,0.25,1.0,0.25
hete_0.3,0.9913147845018132,0.02822983975292714,1.0,0.9947769783304828,-0.1226430563889631,36,101,2000,100,2,100,0.0,0,0.3,0.0,0.3,1.0,0.7,1.0,1.0,0.25,1.0,0.25
hete_0.3,0.9520061193328656,0.025147485678075558,1.0,1.001296834204949,-1.960065332299078,37,102,2000,100,2,100,0.0,0,0.3,0.0,0.3,1.0,0.7,1.0,1.0,0.25,1.0,0.25
hete_0.3,0.9736317296027702,0.02581608441683304,1.0,0.994700559079744,-0.8161125109753706,38,103,2000,100,2,100,0.0,0,0.3,0.0,0.3,1.0,0.7,1.0,1.0,0.25,1.0,0.25
hete_0.3,1.0053731702148705,0.025743042595626188,1.0,1.0018254536183304,0.13781263746744685,39,104,2000,100,2,100,0.0,0,0.3,0.0,0.3,1.0,0.7,1.0,1.0,0.25,1.0,0.25
hete_0.3,1.0323949564747097,0.027845784163539698,1.0,1.0033118234390632,1.0444357704146436,40,105,2000,100,2,100,0.0,0,0.3,0.0,0.3,1.0,0.7,1.0,1.0,0.25,1.0,0.25
hete_0.3,0.9633355853723945,0.027109655963183932,1.0,0.9958488410453493,-1.199323802452868,41,106,2000,100,2,100,0.0,0,0.3,0.0,0.3,1.0,0.7,1.0,1.0,0.25,1.0,0.25
hete_0.3,0.9718616626002579,0.026715393469845427,1.0,0.998393902136171,-0.9931442546732822,42,107,2000,100,2,100,0.0,0,0.3,0.0,0.3,1.0,0.7,1.0,1.0,0.25,1.0,0.25
hete_0.3,0.9917971543548282,0.026292699690259737,1.0,1.0019864092258837,-0.3875317099837468,43,108,2000,100,2,100,0.0,0,0.3,0.0,0.3,1.0,0.7,1.0,1.0,0.25,1.0,0.25
hete_0.3,1.0212934714334128,0.025893688622836832,1.0,0.9995320580088317,0.8404138066829403,44,109,2000,100,2,100,0.0,0,0.3,0.0,0.3,1.0,0.7,1.0,1.0,0.25,1.0,0.25
hete_0.3,0.9803648282469445,0.0265242721669575,1.0,0.9989000660059489,-0.6988028792018899,45,110,2000,100,2,100,0.0,0,0.3,0.0,0.3,1.0,0.7,1.0,1.0,0.25,1.0,0.25
hete_0.3,1.012940044598844,0.027228873342360224,1.0,1.0023880320057426,0.3875302683451642,46,111,2000,100,2,100,0.0,0,0.3,0.0,0.3,1.0,0.7,1.0,1.0,0.25,1.0,0.25
hete_0.3,1.0078438976172195,0.027016082528298936,1.0,0.9931382246872081,0.5443303230439639,47,112,2000,100,2,100,0.0,0,0.3,0.0,0.3,1.0,0.7,1.0,1.0,0.25,1.0,0.25
hete_0.3,0.9407355070409625,0.026041013188368937,1.0,1.0001921454705558,-2.2831922091322165,48,113,2000,100,2,100,0.0,0,0.3,0.0,0.3,1.0,0.7,1.0,1.0,0.25,1.0,0.25
hete_0.3,0.9815365794539375,0.026311288826139034,1.0,1.0051550954776012,-0.897657130356907,49,114,2000,100,2,100,0.0,0,0.3,0.0,0.3,1.0,0.7,1.0,1.0,0.25,1.0,0.25
hete_0.3,0.9611893476741854,0.02540926405207362,1.0,1.0085353535547792,-1.8633363714731415,50,115,2000,100,2,100,0.0,0,0.3,0.0,0.3,1.0,0.7,1.0,1.0,0.25,1.0,0.25
hete_0.3,1.0612606995595948,0.025874349534284503,1.0,1.0045893912751307,2.19025054946299,51,116,2000,100,2,100,0.0,0,0.3,0.0,0.3,1.0,0.7,1.0,1.0,0.25,1.0,0.25
hete_0.3,1.0014473623672595,0.02520391442821994,1.0,0.990444389844871,0.43655808123474754,52,117,2000,100,2,100,0.0,0,0.3,0.0,0.3,1.0,0.7,1.0,1.0,0.25,1.0,0.25
hete_0.3,0.9497526187351271,0.02816331382115714,1.0,0.9999459716956667,-1.7822246799250179,53,118,2000,100,2,100,0.0,0,0.3,0.0,0.3,1.0,0.7,1.0,1.0,0.25,1.0,0.25
hete_0.3,0.9549428705245452,0.027097459430341638,1.0,0.9874514912374635,-1.199692568836089,54,119,2000,100,2,100,0.0,0,0.3,0.0,0.3,1.0,0.7,1.0,1.0,0.25,1.0,0.25
hete_0.3,0.9739576363369756,0.02753133694060328,1.0,0.9991561439565136,-0.9152663989366675,55,120,2000,100,2,100,0.0,0,0.3,0.0,0.3,1.0,0.7,1.0,1.0,0.25,1.0,0.25
hete_0.3,0.9867314220808832,0.024829286259784946,1.0,0.9967468531474696,-0.4033716862336086,56,121,2000,100,2,100,0.0,0,0.3,0.0,0.3,1.0,0.7,1.0,1.0,0.25,1.0,0.25
hete_0.3,0.9534404311314714,0.026853189632732515,1.0,0.9887968027779489,-1.3166544507390707,57,122,2000,100,2,100,0.0,0,0.3,0.0,0.3,1.0,0.7,1.0,1.0,0.25,1.0,0.25
hete_0.3,0.9757360559399815,0.025431791174536113,1.0,1.0116352208945378,-1.4115861799974527,58,123,2000,100,2,100,0.0,0,0.3,0.0,0.3,1.0,0.7,1.0,1.0,0.25,1.0,0.25
hete_0.3,1.0226270440814593,0.02687800485074715,1.0,1.0004576091652486,0.8248169847173178,59,124,2000,100,2,100,0.0,0,0.3,0.0,0.3,1.0,0.7,1.0,1.0,0.25,1.0,0.25
hete_0.3,0.9583512124657707,0.025375708794205913,1.0,1.0033737490659684,-1.7742375972756204,60,125,2000,100,2,100,0.0,0,0.3,0.0,0.3,1.0,0.7,1.0,1.0,0.25,1.0,0.25
hete_0.3,0.9359180306067565,0.02690414401060666,1.0,0.9988812000350634,-2.340277743216227,61,126,2000,100,2,100,0.0,0,0.3,0.0,0.3,1.0,0.7,1.0,1.0,0.25,1.0,0.25
hete_0.3,0.99115109600509,0.023970556866906245,1.0,0.9901344678615916,0.04241153633363857,62,127,2000,100,2,100,0.0,0,0.3,0.0,0.3,1.0,0.7,1.0,1.0,0.25,1.0,0.25
hete_0.3,1.0101352384399653,0.027972055408521906,1.0,1.0042857827785614,0.20911783478098833,63,128,2000,100,2,100,0.0,0,0.3,0.0,0.3,1.0,0.7,1.0,1.0,0.25,1.0,0.25
hete_0.3,1.003534519989259,0.024640216413901687,1.0,1.003714741257536,-0.007314110608842895,64,129,2000,100,2,100,0.0,0,0.3,0.0,0.3,1.0,0.7,1.0,1.0,0.25,1.0,0.25
hete_0.3,0.9647685579660944,0.025169537233108,1.0,1.001077867338916,-1.4425894698238777,65,130,2000,100,2,100,0.0,0,0.3,0.0,0.3,1.0,0.7,1.0,1.0,0.25,1.0,0.25
hete_0.3,0.9916073090845162,0.02571730254236711,1.0,1.0135618816811192,-0.8536887786125552,66,131,2000,100,2,100,0.0,0,0.3,0.0,0.3,1.0,0.7,1.0,1.0,0.25,1.0,0.25
hete_0.3,0.9394198588285017,0.02594256718520521,1.0,0.9915465190647562,-2.0093100217923645,67,132,2000,100,2,100,0.0,0,0.3,0.0,0.3,1.0,0.7,1.0,1.0,0.25,1.0,0.25
hete_0.3,0.9384680351242154,0.02559701286506932,1.0,0.9874045272609787,-1.9118048029558934,68,133,2000,100,2,100,0.0,0,0.3,0.0,0.3,1.0,0.7,1.0,1.0,0.25,1.0,0.25
hete_0.3,0.9756981256201993,0.025960540332259703,1.0,1.0033889625550687,-1.066651024226162,69,134,2000,100,2,100,0.0,0,0.3,0.0,0.3,1.0,0.7,1.0,1.0,0.25,1.0,0.25
hete_0.3,1.0054642815131247,0.025814186163986914,1.0,0.9968612369213515,0.3332680928665186,70,135,2000,100,2,100,0.0,0,0.3,0.0,0.3,1.0,0.7,1.0,1.0,0.25,1.0,0.25
hete_0.3,1.0096227623944842,0.027482824755810688,1.0,1.001937149094904,0.2796515048168477,71,136,2000,100,2,100,0.0,0,0.3,0.0,0.3,1.0,0.7,1.0,1.0,0.25,1.0,0.25
hete_0.3,0.9632203668591233,0.02668292133104024,1.0,0.9997044823278998,-1.3673208797544418,72,137,2000,100,2,100,0.0,0,0.3,0.0,0.3,1.0,0.7,1.0,1.0,0.25,1.0,0.25
hete_0.3,1.0197880315083598,0.025516115157195714,1.0,0.9929122509971976,1.053286534630766,73,138,2000,100,2,100,0.0,0,0.3,0.0,0.3,1.0,0.7,1.0,1.0,0.25,1.0,0.25
hete_0.3,1.0322445867310777,0.02606084646569343,1.0,1.0126988606630922,0.7500035002207424,74,139,2000,100,2,100,0.0,0,0.3,0.0,0.3,1.0,0.7,1.0,1.0,0.25,1.0,0.25
hete_0.3,0.9615252372962478,0.026225687803290584,1.0,1.011895979432168,-1.9206642934870932,75,140,2000,100,2,100,0.0,0,0.3,0.0,0.3,1.0,0.7,1.0,1.0,0.25,1.0,0.25
hete_0.3,0.9111463428156971,0.025643785595746756,1.0,0.9955863195049346,-3.2928046592014337,76,141,2000,100,2,100,0.0,0,0.3,0.0,0.3,1.0,0.7,1.0,1.0,0.25,1.0,0.25
hete_0.3,0.9880745914857018,0.02550977455968366,1.0,0.9929735112029271,-0.19204088635764432,77,142,2000,100,2,100,0.0,0,0.3,0.0,0.3,1.0,0.7,1.0,1.0,0.25,1.0,0.25
hete_0.3,0.9977827130603105,0.026321674736643895,1.0,1.0062013978942046,-0.31983849500935996,78,143,2000,100,2,100,0.0,0,0.3,0.0,0.3,1.0,0.7,1.0,1.0,0.25,1.0,0.25
hete_0.3,1.0196472211779255,0.026962443106461943,1.0,0.9951720462797157,0.9077506367493825,79,144,2000,100,2,100,0.0,0,0.3,0.0,0.3,1.0,0.7,1.0,1.0,0.25,1.0,0.25
hete_0.3,0.9772162018087648,0.02577580627944677,1.0,0.9969446668799473,-0.765386923586313,80,145,2000,100,2,100,0.0,0,0.3,0.0,0.3,1.0,0.7,1.0,1.0,0.25,1.0,0.25
hete_0.3,0.9718107814709203,0.0269405961920999,1.0,1.000807943334888,-1.0763370512368577,81,146,2000,100,2,100,0.0,0,0.3,0.0,0.3,1.0,0.7,1.0,1.0,0.25,1.0,0.25
hete_0.3,0.9913271535628845,0.027095659306618593,1.0,1.00910125779377,-0.6559760746085185,82,147,2000,100,2,100,0.0,0,0.3,0.0,0.3,1.0,0.7,1.0,1.0,0.25,1.0,0.25
hete_0.3,0.9702392506918233,0.02582470815071049,1.0,0.9935893936728296,-0.9041783877957954,83,148,2000,100,2,100,0.0,0,0.3,0.0,0.3,1.0,0.7,1.0,1.0,0.25,1.0,0.25
hete_0.3,0.9653658562972297,0.025265100082185278,1.0,0.9903364347391564,-0.9883427479289421,84,149,2000,100,2,100,0.0,0,0.3,0.0,0.3,1.0,0.7,1.0,1.0,0.25,1.0,0.25
hete_0.3,0.9289577524180849,0.02515636089797402,1.0,0.9933380317933345,-2.5592047926309758,85,150,2000,100,2,100,0.0,0,0.3,0.0,0.3,1.0,0.7,1.0,1.0,0.25,1.0,0.25
hete_0.3,0.9848267537612221,0.025141812298257182,1.0,1.0036441502799687,-0.7484502825618103,86,151,2000,100,2,100,0.0,0,0.3,0.0,0.3,1.0,0.7,1.0,1.0,0.25,1.0,0.25
hete_0.3,1.0206268588263052,0.025189711752667075,1.0,1.0114636796998768,0.3637667320849035,87,152,2000,100,2,100,0.0,0,0.3,0.0,0.3,1.0,0.7,1.0,1.0,0.25,1.0,0.25
hete_0.3,0.9738562149052287,0.026737537947160377,1.0,0.9806032033566476,-0.2523414259290662,88,153,2000,100,2,100,0.0,0,0.3,0.0,0.3,1.0,0.7,1.0,1.0,0.25,1.0,0.25
hete_0.3,1.013012886078784,0.027538645445610757,1.0,1.0094154899334427,0.13063083122393154,89,154,2000,100,2,100,0.0,0,0.3,0.0,0.3,1.0,0.7,1.0,1.0,0.25,1.0,0.25
hete_0.3,0.9779911875464091,0.02711748186830702,1.0,0.9944474435918935,-0.6068504489245108,90,155,2000,100,2,100,0.0,0,0.3,0.0,0.3,1.0,0.7,1.0,1.0,0.25,1.0,0.25
hete_0.3,0.9790538744214874,0.02553293018456678,1.0,0.9811575188002098,-0.08238946190335775,91,156,2000,100,2,100,0.0,0,0.3,0.0,0.3,1.0,0.7,1.0,1.0,0.25,1.0,0.25
hete_0.3,1.0182883698469,0.02669014785888032,1.0,1.0144911439709003,0.14227069464271713,92,157,2000,100,2,100,0.0,0,0.3,0.0,0.3,1.0,0.7,1.0,1.0,0.25,1.0,0.25
hete_0.3,0.9743486395755822,0.02589249647368867,1.0,1.0023033534702754,-1.0796453684217044,93,158,2000,100,2,100,0.0,0,0.3,0.0,0.3,1.0,0.7,1.0,1.0,0.25,1.0,0.25
hete_0.3,1.0235536356765873,0.025353693904840345,1.0,0.9888442463344563,1.3690071936817263,94,159,2000,100,2,100,0.0,0,0.3,0.0,0.3,1.0,0.7,1.0,1.0,0.25,1.0,0.25
hete_0.3,0.9996526160660868,0.02674812263358596,1.0,0.99820174060728,0.05424214172642792,95,160,2000,100,2,100,0.0,0,0.3,0.0,0.3,1.0,0.7,1.0,1.0,0.25,1.0,0.25
hete_0.3,1.0153148391435975,0.025926781689207166,1.0,0.9972699243382738,0.6959951690739747,96,161,2000,100,2,100,0.0,0,0.3,0.0,0.3,1.0,0.7,1.0,1.0,0.25,1.0,0.25
hete_0.3,0.9840842859875031,0.024743597106959826,1.0,0.994731500713606,-0.4303018142462458,97,162,2000,100,2,100,0.0,0,0.3,0.0,0.3,1.0,0.7,1.0,1.0,0.25,1.0,0.25
hete_0.3,1.007682972994223,0.025489848674678912,1.0,1.0038012936151375,0.15228334340570002,98,163,2000,100,2,100,0.0,0,0.3,0.0,0.3,1.0,0.7,1.0,1.0,0.25,1.0,0.25
hete_0.3,0.9710877708998882,0.029391050563207517,1.0,1.0010993872116327,-1.0211141057105955,99,164,2000,100,2,100,0.0,0,0.3,0.0,0.3,1.0,0.7,1.0,1.0,0.25,1.0,0.25
hete_0.5,0.9779582376127597,0.030844972540707373,1.0,0.9918118323816129,-0.4491362328356758,0,66,2000,100,2,100,0.0,0,0.3,0.0,0.5,1.0,0.7,1.0,1.0,0.25,1.0,0.25
hete_0.5,0.9762951977702552,0.03461609088374838,1.0,1.0043952596329484,-0.8117630022714571,1,67,2000,100,2,100,0.0,0,0.3,0.0,0.5,1.0,0.7,1.0,1.0,0.25,1.0,0.25
hete_0.5,0.9829668562488282,0.036182630929139176,1.0,0.992858938861634,-0.273393127000043,2,68,2000,100,2,100,0.0,0,0.3,0.0,0.5,1.0,0.7,1.0,1.0,0.25,1.0,0.25
hete_0.5,0.9651930096368071,0.030101650620057215,1.0,0.9983155808818488,-1.100357308079697,3,69,2000,100,2,100,0.0,0,0.3,0.0,0.5,1.0,0.7,1.0,1.0,0.25,1.0,0.25
hete_0.5,0.9830836541901057,0.03063213259342954,1.0,1.0032408789913136,-0.6580418369412386,4,70,2000,100,2,100,0.0,0,0.3,0.0,0.5,1.0,0.7,1.0,1.0,0.25,1.0,0.25
hete_0.5,1.019886970042116,0.03309781934130225,1.0,1.0239569571436262,-0.12296843666770858,5,71,2000,100,2,100,0.0,0,0.3,0.0,0.5,1.0,0.7,1.0,1.0,0.25,1.0,0.25
hete_0.5,1.016488520128574,0.03099656528096005,1.0,1.0099291022430597,0.21161757201348963,6,72,2000,100,2,100,0.0,0,0.3,0.0,0.5,1.0,0.7,1.0,1.0,0.25,1.0,0.25
hete_0.5,0.9925461158544417,0.03008221911516296,1.0,0.9996659801037272,-0.2366801538818885,7,73,2000,100,2,100,0.0,0,0.3,0.0,0.5,1.0,0.7,1.0,1.0,0.25,1.0,0.25
hete_0.5,0.9650256119656474,0.03102268331777277,1.0,1.0019945535423334,-1.1916745304719207,8,74,2000,100,2,100,0.0,0,0.3,0.0,0.5,1.0,0.7,1.0,1.0,0.25,1.0,0.25
hete_0.5,1.0226568827727431,0.02891109574235628,1.0,1.0086669279813596,0.48389569582751996,9,75,2000,100,2,100,0.0,0,0.3,0.0,0.5,1.0,0.7,1.0,1.0,0.25,1.0,0.25
hete_0.5,1.0406627372179278,0.031263598853001964,1.0,1.0145121940900217,0.8364533862804185,10,76,2000,100,2,100,0.0,0,0.3,0.0,0.5,1.0,0.7,1.0,1.0,0.25,1.0,0.25
hete_0.5,1.0271958029022392,0.031297162224832635,1.0,1.011487483223024,0.5019087534636427,11,77,2000,100,2,100,0.0,0,0.3,0.0,0.5,1.0,0.7,1.0,1.0,0.25,1.0,0.25
hete_0.5,0.9705731054126864,0.029062518818827408,1.0,0.9953913070347695,-0.8539590727423568,12,78,2000,100,2,100,0.0,0,0.3,0.0,0.5,1.0,0.7,1.0,1.0,0.25,1.0,0.25
hete_0.5,0.9997173788771269,0.03006358897971677,1.0,1.0018789870855107,-0.07190120280856141,13,79,2000,100,2,100,0.0,0,0.3,0.0,0.5,1.0,0.7,1.0,1.0,0.25,1.0,0.25
hete_0.5,1.0128404959345696,0.02934732935066044,1.0,1.0182756716986578,-0.1852017162838,14,80,2000,100,2,100,0.0,0,0.3,0.0,0.5,1.0,0.7,1.0,1.0,0.25,1.0,0.25
hete_0.5,0.9810287213252937,0.03306027795655081,1.0,0.9906880214409153,-0.29217238065318757,15,81,2000,100,2,100,0.0,0,0.3,0.0,0.5,1.0,0.7,1.0,1.0,0.25,1.0,0.25
hete_0.5,0.9988858916455644,0.029924651392531008,1.0,1.0035293038198017,-0.1551701342591484,16,82,2000,100,2,100,0.0,0,0.3,0.0,0.5,1.0,0.7,1.0,1.0,0.25,1.0,0.25
hete_0.5,0.9797358534478937,0.03008417132682467,1.0,0.9989921038420527,-0.640079136133263,17,83,2000,100,2,100,0.0,0,0.3,0.0,0.5,1.0,0.7,1.0,1.0,0.25,1.0,0.25
hete_0.5,0.973887890940333,0.03141422405067214,1.0,1.005956666808146,-1.0208361605903473,18,84,2000,100,2,100,0.0,0,0.3,0.0,0.5,1.0,0.7,1.0,1.0,0.25,1.0,0.25
hete_0.5,0.9809490896251117,0.0310158447912795,1.0,1.0147338457853732,-1.0892740916010921,19,85,2000,100,2,100,0.0,0,0.3,0.0,0.5,1.0,0.7,1.0,1.0,0.25,1.0,0.25
hete_0.5,0.9740232016836405,0.03061413110010901,1.0,1.0098452378971585,-1.1701144186120778,20,86,2000,100,2,100,0.0,0,0.3,0.0,0.5,1.0,0.7,1.0,1.0,0.25,1.0,0.25
hete_0.5,0.9742023446728223,0.03257774304910033,1.0,1.0025898383058764,-0.8713769271944117,21,87,2000,100,2,100,0.0,0,0.3,0.0,0.5,1.0,0.7,1.0,1.0,0.25,1.0,0.25
hete_0.5,0.9728772343455274,0.029321618208558674,1.0,1.0161535757646392,-1.4759192726436847,22,88,2000,100,2,100,0.0,0,0.3,0.0,0.5,1.0,0.7,1.0,1.0,0.25,1.0,0.25
hete_0.5,0.9325325731529385,0.030263061883751285,1.0,0.9817362413996591,-1.6258655001838676,23,89,2000,100,2,100,0.0,0,0.3,0.0,0.5,1.0,0.7,1.0,1.0,0.25,1.0,0.25
hete_0.5,1.0108055916281693,0.03234319267280411,1.0,1.0031510524696163,0.23666615834711058,24,90,2000,100,2,100,0.0,0,0.3,0.0,0.5,1.0,0.7,1.0,1.0,0.25,1.0,0.25
hete_0.5,0.8968126581985407,0.03351200044423008,1.0,1.0041044915873087,-3.2015944129423333,25,91,2000,100,2,100,0.0,0,0.3,0.0,0.5,1.0,0.7,1.0,1.0,0.25,1.0,0.25
hete_0.5,1.0259610564043251,0.029380251650852816,1.0,1.0194846578443124,0.22043373341305972,26,92,2000,100,2,100,0.0,0,0.3,0.0,0.5,1.0,0.7,1.0,1.0,0.25,1.0,0.25
hete_0.5,0.9437797150366903,0.036241067841675766,1.0,0.9886159379418038,-1.2371661646667491,27,93,2000,100,2,100,0.0,0,0.3,0.0,0.5,1.0,0.7,1.0,1.0,0.25,1.0,0.25
hete_0.5,1.0124598126582376,0.028500901257936546,1.0,0.9991585519456264,0.46669614382482794,28,94,2000,100,2,100,0.0,0,0.3,0.0,0.5,1.0,0.7,1.0,1.0,0.25,1.0,0.25
hete_0.5,1.0438389112825992,0.03481167275588378,1.0,1.000639999466609,1.2409318023561147,29,95,2000,100,2,100,0.0,0,0.3,0.0,0.5,1.0,0.7,1.0,1.0,0.25,1.0,0.25
hete_0.5,0.9253058130655053,0.03060916640117173,1.0,0.9875823525530623,-2.0345715617127356,30,96,2000,100,2,100,0.0,0,0.3,0.0,0.5,1.0,0.7,1.0,1.0,0.25,1.0,0.25
hete_0.5,0.9303321850793461,0.02984359094968525,1.0,0.991692789205412,-2.056073085491512,31,97,2000,100,2,100,0.0,0,0.3,0.0,0.5,1.0,0.7,1.0,1.0,0.25,1.0,0.25
hete_0.5,1.0101417480579495,0.030065589948395446,1.0,1.0140955422402753,-0.13150562450668904,32,98,2000,100,2,100,0.0,0,0.3,0.0,0.5,1.0,0.7,1.0,1.0,0.25,1.0,0.25
hete_0.5,1.0065538009176513,0.03215614216010587,1.0,1.0008765777856214,0.17655174876895754,33,99,2000,100,2,100,0.0,0,0.3,0.0,0.5,1.0,0.7,1.0,1.0,0.25,1.0,0.25
hete_0.5,0.9855773441634846,0.0322955050561014,1.0,0.989372181504807,-0.1175035762633295,34,100,2000,100,2,100,0.0,0,0.3,0.0,0.5,1.0,0.7,1.0,1.0,0.25,1.0,0.25
hete_0.5,0.9956651829723848,0.0333069204690174,1.0,0.9912949638841381,0.13121054203471005,35,101,2000,100,2,100,0.0,0,0.3,0.0,0.5,1.0,0.7,1.0,1.0,0.25,1.0,0.25
hete_0.5,0.9564525737086883,0.030070137311381893,1.0,1.0021613903415816,-1.520073425657154,36,102,2000,100,2,100,0.0,0,0.3,0.0,0.5,1.0,0.7,1.0,1.0,0.25,1.0,0.25
hete_0.5,0.98176029398457,0.03032701674872911,1.0,0.9911675984662399,-0.31019551179771604,37,103,2000,100,2,100,0.0,0,0.3,0.0,0.5,1.0,0.7,1.0,1.0,0.25,1.0,0.25
hete_0.5,1.0091347946267875,0.031235404298183913,1.0,1.0030424226972174,0.1950470008779185,38,104,2000,100,2,100,0.0,0,0.3,0.0,0.5,1.0,0.7,1.0,1.0,0.25,1.0,0.25
hete_0.5,1.0368568520520478,0.03228433295132388,1.0,1.0055197057317722,0.9706611057296317,39,105,2000,100,2,100,0.0,0,0.3,0.0,0.5,1.0,0.7,1.0,1.0,0.25,1.0,0.25
hete_0.5,0.9708091815414486,0.031293889532048855,1.0,0.9930814017422489,-0.7117114725541162,40,106,2000,100,2,100,0.0,0,0.3,0.0,0.5,1.0,0.7,1.0,1.0,0.25,1.0,0.25
hete_0.5,0.970742149808379,0.03209869309727222,1.0,0.9973231702269516,-0.8281028868689815,41,107,2000,100,2,100,0.0,0,0.3,0.0,0.5,1.0,0.7,1.0,1.0,0.25,1.0,0.25
hete_0.5,0.991391735025425,0.031041537655328952,1.0,1.0033106820431394,-0.38396767421952466,42,108,2000,100,2,100,0.0,0,0.3,0.0,0.5,1.0,0.7,1.0,1.0,0.25,1.0,0.25
hete_0.5,1.0331028066162982,0.03033164559725241,1.0,0.9992200966813861,1.117074569075847,43,109,2000,100,2,100,0.0,0,0.3,0.0,0.5,1.0,0.7,1.0,1.0,0.25,1.0,0.25
hete_0.5,0.9830073771992529,0.0307665748389687,1.0,0.9981667766765818,-0.4927230137469882,44,110,2000,100,2,100,0.0,0,0.3,0.0,0.5,1.0,0.7,1.0,1.0,0.25,1.0,0.25
hete_0.5,1.0339893394621347,0.03261541266733399,1.0,1.0039800533429042,0.9200952453159155,45,111,2000,100,2,100,0.0,0,0.3,0.0,0.5,1.0,0.7,1.0,1.0,0.25,1.0,0.25
hete_0.5,1.0026807749461695,0.03218440737363852,1.0,0.9885637078120135,0.4386306378199432,46,112,2000,100,2,100,0.0,0,0.3,0.0,0.5,1.0,0.7,1.0,1.0,0.25,1.0,0.25
hete_0.5,0.9480254656283644,0.031041401592295945,1.0,1.000320242450926,-1.6846783373190382,47,113,2000,100,2,100,0.0,0,0.3,0.0,0.5,1.0,0.7,1.0,1.0,0.25,1.0,0.25
hete_0.5,0.9833761296369591,0.032693194144935524,1.0,1.008591825796002,-0.7712827338698289,48,114,2000,100,2,100,0.0,0,0.3,0.0,0.5,1.0,0.7,1.0,1.0,0.25,1.0,0.25
hete_0.5,0.962463169365064,0.029743428423878338,1.0,1.0142255892579652,-1.7402976938376675,49,115,2000,100,2,100,0.0,0,0.3,0.0,0.5,1.0,0.7,1.0,1.0,0.25,1.0,0.25
hete_0.5,1.0806592072329433,0.030515863824277647,1.0,1.007648985458551,2.392533345764478,50,116,2000,100,2,100,0.0,0,0.3,0.0,0.5,1.0,0.7,1.0,1.0,0.25,1.0,0.25
hete_0.5,0.990590518994545,0.030261713454742697,1.0,0.9840739830747849,0.21533929099902974,51,117,2000,100,2,100,0.0,0,0.3,0.0,0.5,1.0,0.7,1.0,1.0,0.25,1.0,0.25
hete_0.5,0.9524852000992184,0.03311579332052045,1.0,0.9999099528261113,-1.4320886794973966,52,118,2000,100,2,100,0.0,0,0.3,0.0,0.5,1.0,0.7,1.0,1.0,0.25,1.0,0.25
hete_0.5,0.9438848926847695,0.031136482447883602,1.0,0.9790858187291055,-1.130536376524082,53,119,2000,100,2,100,0.0,0,0.3,0.0,0.5,1.0,0.7,1.0,1.0,0.25,1.0,0.25
hete_0.5,0.9718160102532392,0.03295813152549746,1.0,0.998593573260856,-0.8124721204811269,54,120,2000,100,2,100,0.0,0,0.3,0.0,0.5,1.0,0.7,1.0,1.0,0.25,1.0,0.25
hete_0.5,0.9942584990401669,0.029185416362292372,1.0,0.9945780885791159,-0.010950316246365445,55,121,2000,100,2,100,0.0,0,0.3,0.0,0.5,1.0,0.7,1.0,1.0,0.25,1.0,0.25
hete_0.5,0.9427217570579796,0.03195423293114832,1.0,0.9813280046299147,-1.2081731911737594,56,122,2000,100,2,100,0.0,0,0.3,0.0,0.5,1.0,0.7,1.0,1.0,0.25,1.0,0.25
hete_0.5,0.9876458470810886,0.030640265520594942,1.0,1.0193920348242296,-1.0360937545336442,57,123,2000,100,2,100,0.0,0,0.3,0.0,0.5,1.0,0.7,1.0,1.0,0.25,1.0,0.25
hete_0.5,1.0383576788698945,0.0321419805528614,1.0,1.000762681942081,1.1696540250836125,58,124,2000,100,2,100,0.0,0,0.3,0.0,0.5,1.0,0.7,1.0,1.0,0.25,1.0,0.25
hete_0.5,0.9567172431398024,0.029547273499890996,1.0,1.0056229151099474,-1.6551669977375534,59,125,2000,100,2,100,0.0,0,0.3,0.0,0.5,1.0,0.7,1.0,1.0,0.25,1.0,0.25
hete_0.5,0.9179381702602764,0.03199519777743176,1.0,0.9981353333917723,-2.506537502576842,60,126,2000,100,2,100,0.0,0,0.3,0.0,0.5,1.0,0.7,1.0,1.0,0.25,1.0,0.25
hete_0.5,0.9871791922753496,0.02797187002928823,1.0,0.9835574464359862,0.12947814484949274,61,127,2000,100,2,100,0.0,0,0.3,0.0,0.5,1.0,0.7,1.0,1.0,0.25,1.0,0.25
hete_0.5,1.020504728013594,0.0335276520406422,1.0,1.0071429712976026,0.3985294496552954,62,128,2000,100,2,100,0.0,0,0.3,0.0,0.5,1.0,0.7,1.0,1.0,0.25,1.0,0.25
hete_0.5,1.011729686097411,0.02884277292513536,1.0,1.0061912354292266,0.19202212916767875,63,129,2000,100,2,100,0.0,0,0.3,0.0,0.5,1.0,0.7,1.0,1.0,0.25,1.0,0.25
hete_0.5,0.9620472814529193,0.029301394858192345,1.0,1.00179644556486,-1.3565621808897372,64,130,2000,100,2,100,0.0,0,0.3,0.0,0.5,1.0,0.7,1.0,1.0,0.25,1.0,0.25
hete_0.5,1.0049867468726017,0.030346817898805743,1.0,1.0226031361351986,-0.5805020256601654,65,131,2000,100,2,100,0.0,0,0.3,0.0,0.5,1.0,0.7,1.0,1.0,0.25,1.0,0.25
hete_0.5,0.922722720278942,0.03240130047007177,1.0,0.985910865107927,-1.9501731076303646,66,132,2000,100,2,100,0.0,0,0.3,0.0,0.5,1.0,0.7,1.0,1.0,0.25,1.0,0.25
hete_0.5,0.9307051298951646,0.029968194699347746,1.0,0.9790075454349643,-1.6117892994352085,67,133,2000,100,2,100,0.0,0,0.3,0.0,0.5,1.0,0.7,1.0,1.0,0.25,1.0,0.25
hete_0.5,0.984648596084876,0.02999879241954445,1.0,1.0056482709251142,-0.7000173389165085,68,134,2000,100,2,100,0.0,0,0.3,0.0,0.5,1.0,0.7,1.0,1.0,0.25,1.0,0.25
hete_0.5,1.0127845200538537,0.030918418888952057,1.0,0.9947687282022524,0.5826880060169829,69,135,2000,100,2,100,0.0,0,0.3,0.0,0.5,1.0,0.7,1.0,1.0,0.25,1.0,0.25
hete_0.5,1.0080290778785237,0.03260676731994488,1.0,1.00322858182484,0.14722391847618815,70,136,2000,100,2,100,0.0,0,0.3,0.0,0.5,1.0,0.7,1.0,1.0,0.25,1.0,0.25
hete_0.5,0.9631352741313397,0.03224937059484422,1.0,0.9995074705464996,-1.127842055341532,71,137,2000,100,2,100,0.0,0,0.3,0.0,0.5,1.0,0.7,1.0,1.0,0.25,1.0,0.25
hete_0.5,1.01547924382154,0.030073735433230036,1.0,0.9881870849953294,0.9075081107501596,72,138,2000,100,2,100,0.0,0,0.3,0.0,0.5,1.0,0.7,1.0,1.0,0.25,1.0,0.25
hete_0.5,1.039943813569298,0.030859047412361427,1.0,1.0211647677718205,0.608542627597604,73,139,2000,100,2,100,0.0,0,0.3,0.0,0.5,1.0,0.7,1.0,1.0,0.25,1.0,0.25
hete_0.5,0.9555778955931783,0.030843593931695053,1.0,1.019826632386947,-2.083049625671095,74,140,2000,100,2,100,0.0,0,0.3,0.0,0.5,1.0,0.7,1.0,1.0,0.25,1.0,0.25
hete_0.5,0.9009062724282217,0.03009014135287336,1.0,0.992643865841558,-3.048759138001724,75,141,2000,100,2,100,0.0,0,0.3,0.0,0.5,1.0,0.7,1.0,1.0,0.25,1.0,0.25
hete_0.5,1.002835460345652,0.029989504528007915,1.0,0.9882891853382118,0.4850455263058814,76,142,2000,100,2,100,0.0,0,0.3,0.0,0.5,1.0,0.7,1.0,1.0,0.25,1.0,0.25
hete_0.5,1.02372499821239,0.03222896824982444,1.0,1.0103356631570075,0.41544411076378024,77,143,2000,100,2,100,0.0,0,0.3,0.0,0.5,1.0,0.7,1.0,1.0,0.25,1.0,0.25
hete_0.5,1.0303147077201191,0.0313842052822731,1.0,0.9919534104661928,1.2223122079689603,78,144,2000,100,2,100,0.0,0,0.3,0.0,0.5,1.0,0.7,1.0,1.0,0.25,1.0,0.25
hete_0.5,0.9814832655582052,0.03110186122528722,1.0,0.9949077781332455,-0.43163052133116575,79,145,2000,100,2,100,0.0,0,0.3,0.0,0.5,1.0,0.7,1.0,1.0,0.25,1.0,0.25
hete_0.5,0.978525601210298,0.03285337913867225,1.0,1.0013465722248132,-0.6946308602895661,80,146,2000,100,2,100,0.0,0,0.3,0.0,0.5,1.0,0.7,1.0,1.0,0.25,1.0,0.25
hete_0.5,0.9990984162263585,0.03186099616192414,1.0,1.015168762989617,-0.5043893380353065,81,147,2000,100,2,100,0.0,0,0.3,0.0,0.5,1.0,0.7,1.0,1.0,0.25,1.0,0.25
hete_0.5,0.979543245543095,0.0298236595547853,1.0,0.9893156561213826,-0.32767308654177485,82,148,2000,100,2,100,0.0,0,0.3,0.0,0.5,1.0,0.7,1.0,1.0,0.25,1.0,0.25
hete_0.5,0.9603010667758064,0.029713748813126106,1.0,0.983894057898594,-0.7940092403407986,83,149,2000,100,2,100,0.0,0,0.3,0.0,0.5,1.0,0.7,1.0,1.0,0.25,1.0,0.25
hete_0.5,0.9270760756499844,0.031219013591612037,1.0,0.9888967196555577,-1.9802241292525444,84,150,2000,100,2,100,0.0,0,0.3,0.0,0.5,1.0,0.7,1.0,1.0,0.25,1.0,0.25
hete_0.5,0.9901096685338912,0.030402396509497522,1.0,1.0060735837999477,-0.5250873976684546,85,151,2000,100,2,100,0.0,0,0.3,0.0,0.5,1.0,0.7,1.0,1.0,0.25,1.0,0.25
hete_0.5,1.0367569284229574,0.02950264250740812,1.0,1.019106132833128,0.5982784621885106,86,152,2000,100,2,100,0.0,0,0.3,0.0,0.5,1.0,0.7,1.0,1.0,0.25,1.0,0.25
hete_0.5,0.9603934464672473,0.03120871175293491,1.0,0.9676720055944128,-0.23322203059153754,87,153,2000,100,2,100,0.0,0,0.3,0.0,0.5,1.0,0.7,1.0,1.0,0.25,1.0,0.25
hete_0.5,1.0217263513568278,0.03198475716550873,1.0,1.0156924832224041,0.18864823963492067,88,154,2000,100,2,100,0.0,0,0.3,0.0,0.5,1.0,0.7,1.0,1.0,0.25,1.0,0.25
hete_0.5,0.9812315599048607,0.032507914631851986,1.0,0.9907457393198227,-0.29267270825301767,89,155,2000,100,2,100,0.0,0,0.3,0.0,0.5,1.0,0.7,1.0,1.0,0.25,1.0,0.25
hete_0.5,0.9531123358761371,0.02972504026202892,1.0,0.9685958646670164,-0.5208917685019304,90,156,2000,100,2,100,0.0,0,0.3,0.0,0.5,1.0,0.7,1.0,1.0,0.25,1.0,0.25
hete_0.5,1.0249846364830264,0.031704393218775204,1.0,1.0241519066181675,0.026265440852714372,91,157,2000,100,2,100,0.0,0,0.3,0.0,0.5,1.0,0.7,1.0,1.0,0.25,1.0,0.25
hete_0.5,0.9797505732675484,0.02996357207424373,1.0,1.0038389224504591,-0.8039211454236694,92,158,2000,100,2,100,0.0,0,0.3,0.0,0.5,1.0,0.7,1.0,1.0,0.25,1.0,0.25
hete_0.5,1.0300463607791641,0.02944849544266258,1.0,0.981407077224094,1.6516729572745998,93,159,2000,100,2,100,0.0,0,0.3,0.0,0.5,1.0,0.7,1.0,1.0,0.25,1.0,0.25
hete_0.5,1.0005605762898582,0.03125566532120696,1.0,0.9970029010121332,0.11382497352603499,94,160,2000,100,2,100,0.0,0,0.3,0.0,0.5,1.0,0.7,1.0,1.0,0.25,1.0,0.25
hete_0.5,1.0341250323123223,0.03051434676078785,1.0,0.9954498738971229,1.2674417944577643,95,161,2000,100,2,100,0.0,0,0.3,0.0,0.5,1.0,0.7,1.0,1.0,0.25,1.0,0.25
hete_0.5,0.9819685953782248,0.029229730613985587,1.0,0.9912191678560098,-0.31647819817261374,96,162,2000,100,2,100,0.0,0,0.3,0.0,0.5,1.0,0.7,1.0,1.0,0.25,1.0,0.25
hete_0.5,1.0254688439330382,0.02988147449756751,1.0,1.006335489358562,0.6403082477082452,97,163,2000,100,2,100,0.0,0,0.3,0.0,0.5,1.0,0.7,1.0,1.0,0.25,1.0,0.25
hete_0.5,0.9860614112235261,0.036495317495196966,1.0,1.0018323120193882,-0.432134911497554,98,164,2000,100,2,100,0.0,0,0.3,0.0,0.5,1.0,0.7,1.0,1.0,0.25,1.0,0.25
hete_0.5,0.997440203955616,0.031706710475664694,1.0,1.0163717531305905,-0.5970833584109816,99,165,2000,100,2,100,0.0,0,0.3,0.0,0.5,1.0,0.7,1.0,1.0,0.25,1.0,0.25
noise_0.5,0.9812444047146444,0.011877755234628907,1.0,1.0,-1.5790521790409344,0,67,2000,100,2,100,0.0,0,0.3,0.0,0.0,0.5,0.7,1.0,1.0,0.25,1.0,0.25
noise_0.5,0.9997486292493313,0.012199923281131123,1.0,1.0,-0.020604289459549487,1,68,2000,100,2,100,0.0,0,0.3,0.0,0.0,0.5,0.7,1.0,1.0,0.25,1.0,0.25
noise_0.5,0.9921203004673916,0.011759893065641298,1.0,1.0,-0.6700485700529338,2,69,2000,100,2,100,0.0,0,0.3,0.0,0.0,0.5,0.7,1.0,1.0,0.25,1.0,0.25
noise_0.5,0.9939576324088311,0.012102548753060003,1.0,1.0,-0.49926405705584875,3,70,2000,100,2,100,0.0,0,0.3,0.0,0.0,0.5,0.7,1.0,1.0,0.25,1.0,0.25
noise_0.5,1.0007189480862104,0.012536539888766527,1.0,1.0,0.05734820712808039,4,71,2000,100,2,100,0.0,0,0.3,0.0,0.0,0.5,0.7,1.0,1.0,0.25,1.0,0.25
noise_0.5,1.008443424806672,0.01164963604534199,1.0,1.0,0.7247801368050526,5,72,2000,100,2,100,0.0,0,0.3,0.0,0.0,0.5,0.7,1.0,1.0,0.25,1.0,0.25
noise_0.5,0.9819141495936602,0.012066445314859,1.0,1.0,-1.4988548768433338,6,73,2000,100,2,100,0.0,0,0.3,0.0,0.0,0.5,0.7,1.0,1.0,0.25,1.0,0.25
noise_0.5,0.9794373467857321,0.01155275310014505,1.0,1.0,-1.7798920340476847,7,74,2000,100,2,100,0.0,0,0.3,0.0,0.0,0.5,0.7,1.0,1.0,0.25,1.0,0.25
noise_0.5,1.0048166286657694,0.01179769544262912,1.0,1.0,0.4082686054401135,8,75,2000,100,2,100,0.0,0,0.3,0.0,0.0,0.5,0.7,1.0,1.0,0.25,1.0,0.25
noise_0.5,1.008619065118201,0.012026412144752469,1.0,1.0,0.7166780095726035,9,76,2000,100,2,100,0.0,0,0.3,0.0,0.0,0.5,0.7,1.0,1.0,0.25,1.0,0.25
noise_0.5,1.0051690075056543,0.012365370550701131,1.0,1.0,0.41802285539766626,10,77,2000,100,2,100,0.0,0,0.3,0.0,0.0,0.5,0.7,1.0,1.0,0.25,1.0,0.25
noise_0.5,0.9819064714543193,0.011411479404109328,1.0,1.0,-1.585555027962906,11,78,2000,100,2,100,0.0,0,0.3,0.0,0.0,0.5,0.7,1.0,1.0,0.25,1.0,0.25
noise_0.5,0.9993107506703213,0.011822794384760858,1.0,1.0,-0.058298343627387145,12,79,2000,100,2,100,0.0,0,0.3,0.0,0.0,0.5,0.7,1.0,1.0,0.25,1.0,0.25
noise_0.5,1.0005396161584872,0.01148024521768742,1.0,1.0,0.047003887831229496,13,80,2000,100,2,100,0.0,0,0.3,0.0,0.0,0.5,0.7,1.0,1.0,0.25,1.0,0.25
noise_0.5,0.982974705749123,0.011884290353345947,1.0,1.0,-1.432588210543307,14,81,2000,100,2,100,0.0,0,0.3,0.0,0.0,0.5,0.7,1.0,1.0,0.25,1.0,0.25
noise_0.5,0.9929204883358151,0.011533522492496626,1.0,1.0,-0.6138204237942555,15,82,2000,100,2,100,0.0,0,0.3,0.0,0.0,0.5,0.7,1.0,1.0,0.25,1.0,0.25
noise_0.5,0.9835539705834991,0.011905429359234087,1.0,1.0,-1.3813890217865175,16,83,2000,100,2,100,0.0,0,0.3,0.0,0.0,0.5,0.7,1.0,1.0,0.25,1.0,0.25
noise_0.5,0.9881658197271319,0.01195864894867791,1.0,1.0,-0.9895917443229587,17,84,2000,100,2,100,0.0,0,0.3,0.0,0.0,0.5,0.7,1.0,1.0,0.25,1.0,0.25
noise_0.5,0.9872556652353737,0.012333269278951264,1.0,1.0,-1.0333298070752917,18,85,2000,100,2,100,0.0,0,0.3,0.0,0.0,0.5,0.7,1.0,1.0,0.25,1.0,0.25
noise_0.5,0.9850915878182513,0.011739985696243401,1.0,1.0,-1.2698833343995553,19,86,2000,100,2,100,0.0,0,0.3,0.0,0.0,0.5,0.7,1.0,1.0,0.25,1.0,0.25
noise_0.5,0.9746042931456355,0.011705697766084149,1.0,1.0,-2.1695167056119926,20,87,2000,100,2,100,0.0,0,0.3,0.0,0.0,0.5,0.7,1.0,1.0,0.25,1.0,0.25
noise_0.5,0.9789917358060262,0.012057457162946117,1.0,1.0,-1.742346160559834,21,88,2000,100,2,100,0.0,0,0.3,0.0,0.0,0.5,0.7,1.0,1.0,0.25,1.0,0.25
noise_0.5,0.9890196411991887,0.011804412987459037,1.0,1.0,-0.9301910067427127,22,89,2000,100,2,100,0.0,0,0.3,0.0,0.0,0.5,0.7,1.0,1.0,0.25,1.0,0.25
noise_0.5,1.000237018085823,0.011917816097019845,1.0,1.0,0.01988771129656654,23,90,2000,100,2,100,0.0,0,0.3,0.0,0.0,0.5,0.7,1.0,1.0,0.25,1.0,0.25
noise_0.5,0.9648355112635523,0.012320353929338066,1.0,1.0,-2.8541784544607647,24,91,2000,100,2,100,0.0,0,0.3,0.0,0.0,0.5,0.7,1.0,1.0,0.25,1.0,0.25
noise_0.5,0.9986331692891,0.011569585591130284,1.0,1.0,-0.11813998869137671,25,92,2000,100,2,100,0.0,0,0.3,0.0,0.0,0.5,0.7,1.0,1.0,0.25,1.0,0.25
noise_0.5,0.9898295730503959,0.012412830448857267,1.0,1.0,-0.8193479312802846,26,93,2000,100,2,100,0.0,0,0.3,0.0,0.0,0.5,0.7,1.0,1.0,0.25,1.0,0.25
noise_0.5,1.004560948066419,0.011809460013592451,1.0,1.0,0.38621139841868185,27,94,2000,100,2,100,0.0,0,0.3,0.0,0.0,0.5,0.7,1.0,1.0,0.25,1.0,0.25
noise_0.5,1.004222551929124,0.012386225504261807,1.0,1.0,0.3409070767903449,28,95,2000,100,2,100,0.0,0,0.3,0.0,0.0,0.5,0.7,1.0,1.0,0.25,1.0,0.25
noise_0.5,0.968406326451591,0.012078750814549935,1.0,1.0,-2.6156408086796215,29,96,2000,100,2,100,0.0,0,0.3,0.0,0.0,0.5,0.7,1.0,1.0,0.25,1.0,0.25
noise_0.5,1.0051015764636295,0.011698088473480365,1.0,1.0,0.4361034262302618,30,97,2000,100,2,100,0.0,0,0.3,0.0,0.0,0.5,0.7,1.0,1.0,0.25,1.0,0.25
noise_0.5,0.9905449199212119,0.012513233398923539,1.0,1.0,-0.7556064669585344,31,98,2000,100,2,100,0.0,0,0.3,0.0,0.0,0.5,0.7,1.0,1.0,0.25,1.0,0.25
noise_0.5,1.0184757181395139,0.012216265686751212,1.0,1.0,1.5123867320232864,32,99,2000,100,2,100,0.0,0,0.3,0.0,0.0,0.5,0.7,1.0,1.0,0.25,1.0,0.25
noise_0.5,0.9760460013416128,0.011236782868641809,1.0,1.0,-2.131748823342934,33,100,2000,100,2,100,0.0,0,0.3,0.0,0.0,0.5,0.7,1.0,1.0,0.25,1.0,0.25
noise_0.5,0.9937512229787651,0.012470098949065634,1.0,1.0,-0.5011008370309005,34,101,2000,100,2,100,0.0,0,0.3,0.0,0.0,0.5,0.7,1.0,1.0,0.25,1.0,0.25
noise_0.5,0.9601838636680059,0.01150049825016964,1.0,1.0,-3.4621227242399506,35,102,2000,100,2,100,0.0,0,0.3,0.0,0.0,0.5,0.7,1.0,1.0,0.25,1.0,0.25
noise_0.5,0.9825647758738625,0.011765790106477611,1.0,1.0,-1.4818574841428303,36,103,2000,100,2,100,0.0,0,0.3,0.0,0.0,0.5,0.7,1.0,1.0,0.25,1.0,0.25
noise_0.5,0.9990390266748449,0.011611415724573564,1.0,1.0,-0.08276108167597224,37,104,2000,100,2,100,0.0,0,0.3,0.0,0.0,0.5,0.7,1.0,1.0,0.25,1.0,0.25
noise_0.5,1.0089790230354831,0.012626503315024174,1.0,1.0,0.7111250685531504,38,105,2000,100,2,100,0.0,0,0.3,0.0,0.0,0.5,0.7,1.0,1.0,0.25,1.0,0.25
noise_0.5,0.9818872936838106,0.012464099538531512,1.0,1.0,-1.453190120970699,39,106,2000,100,2,100,0.0,0,0.3,0.0,0.0,0.5,0.7,1.0,1.0,0.25,1.0,0.25
noise_0.5,0.9845376045425878,0.011651303197209226,1.0,1.0,-1.3270957931225977,40,107,2000,100,2,100,0.0,0,0.3,0.0,0.0,0.5,0.7,1.0,1.0,0.25,1.0,0.25
noise_0.5,0.9925344929129624,0.012316021088392285,1.0,1.0,-0.6061622526835226,41,108,2000,100,2,100,0.0,0,0.3,0.0,0.0,0.5,0.7,1.0,1.0,0.25,1.0,0.25
noise_0.5,1.00081427546288,0.011968587595036415,1.0,1.0,0.06803438220376366,42,109,2000,100,2,100,0.0,0,0.3,0.0,0.0,0.5,0.7,1.0,1.0,0.25,1.0,0.25
noise_0.5,0.9868914478106073,0.012122312744111628,1.0,1.0,-1.0813573668737508,43,110,2000,100,2,100,0.0,0,0.3,0.0,0.0,0.5,0.7,1.0,1.0,0.25,1.0,0.25
noise_0.5,1.0029180882588165,0.012103853642313683,1.0,1.0,0.2410875366680866,44,111,2000,100,2,100,0.0,0,0.3,0.0,0.0,0.5,0.7,1.0,1.0,0.25,1.0,0.25
noise_0.5,1.0160997757433503,0.012127471992897133,1.0,1.0,1.3275459017987994,45,112,2000,100,2,100,0.0,0,0.3,0.0,0.0,0.5,0.7,1.0,1.0,0.25,1.0,0.25
noise_0.5,0.970098226068508,0.011886704181308343,1.0,1.0,-2.5155647415296185,46,113,2000,100,2,100,0.0,0,0.3,0.0,0.0,0.5,0.7,1.0,1.0,0.25,1.0,0.25
noise_0.5,0.9817884550492882,0.011960658550336064,1.0,1.0,-1.5226205876598708,47,114,2000,100,2,100,0.0,0,0.3,0.0,0.0,0.5,0.7,1.0,1.0,0.25,1.0,0.25
noise_0.5,0.9753215495657588,0.011815100281757895,1.0,1.0,-2.088721199628232,48,115,2000,100,2,100,0.0,0,0.3,0.0,0.0,0.5,0.7,1.0,1.0,0.25,1.0,0.25
noise_0.5,1.0234365184911882,0.011725935766183207,1.0,1.0,1.998690676677381,49,116,2000,100,2,100,0.0,0,0.3,0.0,0.0,0.5,0.7,1.0,1.0,0.25,1.0,0.25
noise_0.5,1.002485322110857,0.012271049056905797,1.0,1.0,0.20253542295622054,50,117,2000,100,2,100,0.0,0,0.3,0.0,0.0,0.5,0.7,1.0,1.0,0.25,1.0,0.25
noise_0.5,0.9772659786566592,0.012494727840603799,1.0,1.0,-1.819489118399412,51,118,2000,100,2,100,0.0,0,0.3,0.0,0.0,0.5,0.7,1.0,1.0,0.25,1.0,0.25
noise_0.5,0.9871189663017985,0.012760969405747155,1.0,1.0,-1.0094087125073943,52,119,2000,100,2,100,0.0,0,0.3,0.0,0.0,0.5,0.7,1.0,1.0,0.25,1.0,0.25
noise_0.5,0.9986845042265456,0.0120420906799067,1.0,1.0,-0.1092414771173728,53,120,2000,100,2,100,0.0,0,0.3,0.0,0.0,0.5,0.7,1.0,1.0,0.25,1.0,0.25
noise_0.5,0.9852781584047144,0.011847700001843599,1.0,1.0,-1.2425906794563264,54,121,2000,100,2,100,0.0,0,0.3,0.0,0.0,0.5,0.7,1.0,1.0,0.25,1.0,0.25
noise_0.5,0.9705953827364348,0.01243436308892123,1.0,1.0,-2.364786764974249,55,122,2000,100,2,100,0.0,0,0.3,0.0,0.0,0.5,0.7,1.0,1.0,0.25,1.0,0.25
noise_0.5,0.979102127266958,0.011962831986329433,1.0,1.0,-1.746900128407982,56,123,2000,100,2,100,0.0,0,0.3,0.0,0.0,0.5,0.7,1.0,1.0,0.25,1.0,0.25
noise_0.5,1.0064194197470255,0.01176093521375236,1.0,1.0,0.5458256193367296,57,124,2000,100,2,100,0.0,0,0.3,0.0,0.0,0.5,0.7,1.0,1.0,0.25,1.0,0.25
noise_0.5,0.9862128235217192,0.011641913436555806,1.0,1.0,-1.1842706573464798,58,125,2000,100,2,100,0.0,0,0.3,0.0,0.0,0.5,0.7,1.0,1.0,0.25,1.0,0.25
noise_0.5,0.9740538991433011,0.012146044197227918,1.0,1.0,-2.136177049530296,59,126,2000,100,2,100,0.0,0,0.3,0.0,0.0,0.5,0.7,1.0,1.0,0.25,1.0,0.25
noise_0.5,1.0091092033727875,0.011676102098759073,1.0,1.0,0.7801579067860028,60,127,2000,100,2,100,0.0,0,0.3,0.0,0.0,0.5,0.7,1.0,1.0,0.25,1.0,0.25
noise_0.5,0.9898332134832657,0.012247426007876858,1.0,1.0,-0.8301161819794296,61,128,2000,100,2,100,0.0,0,0.3,0.0,0.0,0.5,0.7,1.0,1.0,0.25,1.0,0.25
noise_0.5,1.0010113511751024,0.011831550773597493,1.0,1.0,0.08547917297192273,62,129,2000,100,2,100,0.0,0,0.3,0.0,0.0,0.5,0.7,1.0,1.0,0.25,1.0,0.25
noise_0.5,0.9827696739010036,0.012071980182001275,1.0,1.0,-1.42729907100792,63,130,2000,100,2,100,0.0,0,0.3,0.0,0.0,0.5,0.7,1.0,1.0,0.25,1.0,0.25
noise_0.5,0.9824579599188012,0.012486196144697412,1.0,1.0,-1.4049146655964102,64,131,2000,100,2,100,0.0,0,0.3,0.0,0.0,0.5,0.7,1.0,1.0,0.25,1.0,0.25
noise_0.5,0.973991264204684,0.011446792110294354,1.0,1.0,-2.2721418843560377,65,132,2000,100,2,100,0.0,0,0.3,0.0,0.0,0.5,0.7,1.0,1.0,0.25,1.0,0.25
noise_0.5,0.9715488374109027,0.012156075074800304,1.0,1.0,-2.340489213338022,66,133,2000,100,2,100,0.0,0,0.3,0.0,0.0,0.5,0.7,1.0,1.0,0.25,1.0,0.25
noise_0.5,0.983954690530201,0.012046817088850345,1.0,1.0,-1.3319127659578522,67,134,2000,100,2,100,0.0,0,0.3,0.0,0.0,0.5,0.7,1.0,1.0,0.25,1.0,0.25
noise_0.5,1.006945954355128,0.012169054421989674,1.0,1.0,0.57078833853981,68,135,2000,100,2,100,0.0,0,0.3,0.0,0.0,0.5,0.7,1.0,1.0,0.25,1.0,0.25
noise_0.5,0.9934917256860424,0.012107573715342953,1.0,1.0,-0.5375374511005625,69,136,2000,100,2,100,0.0,0,0.3,0.0,0.0,0.5,0.7,1.0,1.0,0.25,1.0,0.25
noise_0.5,0.986556680445574,0.011894404110358433,1.0,1.0,-1.130222197740758,70,137,2000,100,2,100,0.0,0,0.3,0.0,0.0,0.5,0.7,1.0,1.0,0.25,1.0,0.25
noise_0.5,1.0011232846948508,0.0118230740564576,1.0,1.0,0.09500783717389198,71,138,2000,100,2,100,0.0,0,0.3,0.0,0.0,0.5,0.7,1.0,1.0,0.25,1.0,0.25
noise_0.5,1.0027719500290382,0.011848024880695028,1.0,1.0,0.23395882916778413,72,139,2000,100,2,100,0.0,0,0.3,0.0,0.0,0.5,0.7,1.0,1.0,0.25,1.0,0.25
noise_0.5,0.9772081664887907,0.011555544901522542,1.0,1.0,-1.972372026195516,73,140,2000,100,2,100,0.0,0,0.3,0.0,0.0,0.5,0.7,1.0,1.0,0.25,1.0,0.25
noise_0.5,0.9638783978219176,0.011782244855340516,1.0,1.0,-3.0657657026801295,74,141,2000,100,2,100,0.0,0,0.3,0.0,0.0,0.5,0.7,1.0,1.0,0.25,1.0,0.25
noise_0.5,0.9914615544589127,0.012069585629308693,1.0,1.0,-0.7074348534678192,75,142,2000,100,2,100,0.0,0,0.3,0.0,0.0,0.5,0.7,1.0,1.0,0.25,1.0,0.25
noise_0.5,0.9829399541019683,0.011838242292159535,1.0,1.0,-1.4410961929145965,76,143,2000,100,2,100,0.0,0,0.3,0.0,0.0,0.5,0.7,1.0,1.0,0.25,1.0,0.25
noise_0.5,1.0027971264101811,0.012492000376422025,1.0,1.0,0.22391341065443568,77,144,2000,100,2,100,0.0,0,0.3,0.0,0.0,0.5,0.7,1.0,1.0,0.25,1.0,0.25
noise_0.5,0.9809416118173405,0.011467863528617188,1.0,1.0,-1.6618952723932152,78,145,2000,100,2,100,0.0,0,0.3,0.0,0.0,0.5,0.7,1.0,1.0,0.25,1.0,0.25
noise_0.5,0.9722252933624909,0.012163170680041484,1.0,1.0,-2.28350874686685,79,146,2000,100,2,100,0.0,0,0.3,0.0,0.0,0.5,0.7,1.0,1.0,0.25,1.0,0.25
noise_0.5,0.9779555015218815,0.012572774929075934,1.0,1.0,-1.7533518735898286,80,147,2000,100,2,100,0.0,0,0.3,0.0,0.0,0.5,0.7,1.0,1.0,0.25,1.0,0.25
noise_0.5,0.9962876166732925,0.01190661558694527,1.0,1.0,-0.31179165058271396,81,148,2000,100,2,100,0.0,0,0.3,0.0,0.0,0.5,0.7,1.0,1.0,0.25,1.0,0.25
noise_0.5,0.9839168890388358,0.011724871374707851,1.0,1.0,-1.3717089464928103,82,149,2000,100,2,100,0.0,0,0.3,0.0,0.0,0.5,0.7,1.0,1.0,0.25,1.0,0.25
noise_0.5,0.9596461571870438,0.01155521144518415,1.0,1.0,-3.492263469551169,83,150,2000,100,2,100,0.0,0,0.3,0.0,0.0,0.5,0.7,1.0,1.0,0.25,1.0,0.25
noise_0.5,0.9889529416791116,0.011497072123988976,1.0,1.0,-0.9608583995779553,84,151,2000,100,2,100,0.0,0,0.3,0.0,0.0,0.5,0.7,1.0,1.0,0.25,1.0,0.25
noise_0.5,0.993664251117034,0.012295009041935773,1.0,1.0,-0.5153106322537871,85,152,2000,100,2,100,0.0,0,0.3,0.0,0.0,0.5,0.7,1.0,1.0,0.25,1.0,0.25
noise_0.5,1.0018865469850329,0.012479147641647256,1.0,1.0,0.15117594880733795,86,153,2000,100,2,100,0.0,0,0.3,0.0,0.0,0.5,0.7,1.0,1.0,0.25,1.0,0.25
noise_0.5,0.9925821739539754,0.013154548060466143,1.0,1.0,-0.563898205542892,87,154,2000,100,2,100,0.0,0,0.3,0.0,0.0,0.5,0.7,1.0,1.0,0.25,1.0,0.25
noise_0.5,0.985835804348352,0.012232338648980233,1.0,1.0,-1.1579303073683924,88,155,2000,100,2,100,0.0,0,0.3,0.0,0.0,0.5,0.7,1.0,1.0,0.25,1.0,0.25
noise_0.5,1.0071754753675222,0.011953572391351246,1.0,1.0,0.600278739493294,89,156,2000,100,2,100,0.0,0,0.3,0.0,0.0,0.5,0.7,1.0,1.0,0.25,1.0,0.25
noise_0.5,0.9981231098603509,0.012425367619083055,1.0,1.0,-0.15105308729590708,90,157,2000,100,2,100,0.0,0,0.3,0.0,0.0,0.5,0.7,1.0,1.0,0.25,1.0,0.25
noise_0.5,0.9866995357355721,0.011910447357851793,1.0,1.0,-1.1167056840782508,91,158,2000,100,2,100,0.0,0,0.3,0.0,0.0,0.5,0.7,1.0,1.0,0.25,1.0,0.25
noise_0.5,1.0009966068866247,0.011790707730033266,1.0,1.0,0.08452477234137304,92,159,2000,100,2,100,0.0,0,0.3,0.0,0.0,0.5,0.7,1.0,1.0,0.25,1.0,0.25
noise_0.5,1.0007041557138314,0.01201220502478198,1.0,1.0,0.05862002125161053,93,160,2000,100,2,100,0.0,0,0.3,0.0,0.0,0.5,0.7,1.0,1.0,0.25,1.0,0.25
noise_0.5,0.9958777674139633,0.012172599855722045,1.0,1.0,-0.3386484920966954,94,161,2000,100,2,100,0.0,0,0.3,0.0,0.0,0.5,0.7,1.0,1.0,0.25,1.0,0.25
noise_0.5,0.9845300360687519,0.011636728915032543,1.0,1.0,-1.3294082937056066,95,162,2000,100,2,100,0.0,0,0.3,0.0,0.0,0.5,0.7,1.0,1.0,0.25,1.0,0.25
noise_0.5,0.9875037144105359,0.012350456413971783,1.0,1.0,-1.0118075940357463,96,163,2000,100,2,100,0.0,0,0.3,0.0,0.0,0.5,0.7,1.0,1.0,0.25,1.0,0.25
noise_0.5,0.987402270690179,0.012343181833824449,1.0,1.0,-1.0206225169023238,97,164,2000,100,2,100,0.0,0,0.3,0.0,0.0,0.5,0.7,1.0,1.0,0.25,1.0,0.25
noise_0.5,0.9932401279653081,0.012014635487784208,1.0,1.0,-0.5626364646322322,98,165,2000,100,2,100,0.0,0,0.3,0.0,0.0,0.5,0.7,1.0,1.0,0.25,1.0,0.25
noise_0.5,0.9918083636916145,0.011589264251015289,1.0,1.0,-0.7068297116158905,99,166,2000,100,2,100,0.0,0,0.3,0.0,0.0,0.5,0.7,1.0,1.0,0.25,1.0,0.25
noise_1.0,1.0133310170798773,0.023353087306563672,1.0,1.0,0.5708460258327569,0,68,2000,100,2,100,0.0,0,0.3,0.0,0.0,1.0,0.7,1.0,1.0,0.25,1.0,0.25
noise_1.0,0.993354139132258,0.02208023536470058,1.0,1.0,-0.30098686712219813,1,69,2000,100,2,100,0.0,0,0.3,0.0,0.0,1.0,0.7,1.0,1.0,0.25,1.0,0.25
noise_1.0,1.0037253596658684,0.0227846597268749,1.0,1.0,0.16350297570932226,2,70,2000,100,2,100,0.0,0,0.3,0.0,0.0,1.0,0.7,1.0,1.0,0.25,1.0,0.25
noise_1.0,1.011407711433095,0.023628545759907364,1.0,1.0,0.48279363228741384,3,71,2000,100,2,100,0.0,0,0.3,0.0,0.0,1.0,0.7,1.0,1.0,0.25,1.0,0.25
noise_1.0,1.018941529275994,0.022471060079965365,1.0,1.0,0.8429299378217502,4,72,2000,100,2,100,0.0,0,0.3,0.0,0.0,1.0,0.7,1.0,1.0,0.25,1.0,0.25
noise_1.0,0.9753281693151082,0.02295652542846887,1.0,1.0,-1.074719724540531,5,73,2000,100,2,100,0.0,0,0.3,0.0,0.0,1.0,0.7,1.0,1.0,0.25,1.0,0.25
noise_1.0,0.9646262912528467,0.021701762040282964,1.0,1.0,-1.6299924716478025,6,74,2000,100,2,100,0.0,0,0.3,0.0,0.0,1.0,0.7,1.0,1.0,0.25,1.0,0.25
noise_1.0,1.0151664981150448,0.022427378566238935,1.0,1.0,0.6762492580330219,7,75,2000,100,2,100,0.0,0,0.3,0.0,0.0,1.0,0.7,1.0,1.0,0.25,1.0,0.25
noise_1.0,1.0175239384538937,0.02196571344661571,1.0,1.0,0.7977859902653697,8,76,2000,100,2,100,0.0,0,0.3,0.0,0.0,1.0,0.7,1.0,1.0,0.25,1.0,0.25
noise_1.0,1.0044510284076247,0.02373324535516582,1.0,1.0,0.18754402699738074,9,77,2000,100,2,100,0.0,0,0.3,0.0,0.0,1.0,0.7,1.0,1.0,0.25,1.0,0.25
noise_1.0,0.9691110710291481,0.021513086219872444,1.0,1.0,-1.4358204422719543,10,78,2000,100,2,100,0.0,0,0.3,0.0,0.0,1.0,0.7,1.0,1.0,0.25,1.0,0.25
noise_1.0,1.0099022873293315,0.02217120421176538,1.0,1.0,0.44662830375612905,11,79,2000,100,2,100,0.0,0,0.3,0.0,0.0,1.0,0.7,1.0,1.0,0.25,1.0,0.25
noise_1.0,0.9983615610824274,0.021848147761152625,1.0,1.0,-0.0749921199492204,12,80,2000,100,2,100,0.0,0,0.3,0.0,0.0,1.0,0.7,1.0,1.0,0.25,1.0,0.25
noise_1.0,0.97778689452457,0.022835571150871686,1.0,1.0,-0.9727414010655064,13,81,2000,100,2,100,0.0,0,0.3,0.0,0.0,1.0,0.7,1.0,1.0,0.25,1.0,0.25
noise_1.0,0.9893550607338572,0.021544793890904645,1.0,1.0,-0.49408406133032073,14,82,2000,100,2,100,0.0,0,0.3,0.0,0.0,1.0,0.7,1.0,1.0,0.25,1.0,0.25
noise_1.0,0.973426594153827,0.022817542115739463,1.0,1.0,-1.1646042203574027,15,83,2000,100,2,100,0.0,0,0.3,0.0,0.0,1.0,0.7,1.0,1.0,0.25,1.0,0.25
noise_1.0,0.9774372510236083,0.022734533448897237,1.0,1.0,-0.9924438971711596,16,84,2000,100,2,100,0.0,0,0.3,0.0,0.0,1.0,0.7,1.0,1.0,0.25,1.0,0.25
noise_1.0,0.9859487249386804,0.0238785545510389,1.0,1.0,-0.5884474720312712,17,85,2000,100,2,100,0.0,0,0.3,0.0,0.0,1.0,0.7,1.0,1.0,0.25,1.0,0.25
noise_1.0,0.986154341121804,0.022707313573845787,1.0,1.0,-0.6097444699113763,18,86,2000,100,2,100,0.0,0,0.3,0.0,0.0,1.0,0.7,1.0,1.0,0.25,1.0,0.25
noise_1.0,0.9621237215062051,0.022245443730022442,1.0,1.0,-1.7026533142459697,19,87,2000,100,2,100,0.0,0,0.3,0.0,0.0,1.0,0.7,1.0,1.0,0.25,1.0,0.25
noise_1.0,0.9684885204266077,0.02288305685829938,1.0,1.0,-1.377065999902172,20,88,2000,100,2,100,0.0,0,0.3,0.0,0.0,1.0,0.7,1.0,1.0,0.25,1.0,0.25
noise_1.0,0.9906710085144561,0.02212366399545836,1.0,1.0,-0.4216747952535795,21,89,2000,100,2,100,0.0,0,0.3,0.0,0.0,1.0,0.7,1.0,1.0,0.25,1.0,0.25
noise_1.0,1.0033217288807372,0.02258321969692964,1.0,1.0,0.14708836584487744,22,90,2000,100,2,100,0.0,0,0.3,0.0,0.0,1.0,0.7,1.0,1.0,0.25,1.0,0.25
noise_1.0,0.9444849835697384,0.023881932407863023,1.0,1.0,-2.3245613245259626,23,91,2000,100,2,100,0.0,0,0.3,0.0,0.0,1.0,0.7,1.0,1.0,0.25,1.0,0.25
noise_1.0,1.0121343908661513,0.021998387623463317,1.0,1.0,0.5516036481332324,24,92,2000,100,2,100,0.0,0,0.3,0.0,0.0,1.0,0.7,1.0,1.0,0.25,1.0,0.25
noise_1.0,0.9914726509632548,0.023546412422039857,1.0,1.0,-0.3621506700852435,25,93,2000,100,2,100,0.0,0,0.3,0.0,0.0,1.0,0.7,1.0,1.0,0.25,1.0,0.25
noise_1.0,1.0036521068389277,0.02237854390626696,1.0,1.0,0.16319680378779897,26,94,2000,100,2,100,0.0,0,0.3,0.0,0.0,1.0,0.7,1.0,1.0,0.25,1.0,0.25
noise_1.0,1.0142226987560552,0.023214534387287114,1.0,1.0,0.6126635373675174,27,95,2000,100,2,100,0.0,0,0.3,0.0,0.0,1.0,0.7,1.0,1.0,0.25,1.0,0.25
noise_1.0,0.943173667487674,0.02253238831920496,1.0,1.0,-2.5219844300256193,28,96,2000,100,2,100,0.0,0,0.3,0.0,0.0,1.0,0.7,1.0,1.0,0.25,1.0,0.25
noise_1.0,1.0081537010036392,0.022220583575868362,1.0,1.0,0.3669436032496538,29,97,2000,100,2,100,0.0,0,0.3,0.0,0.0,1.0,0.7,1.0,1.0,0.25,1.0,0.25
noise_1.0,0.9895069168828737,0.02343198872687396,1.0,1.0,-0.4478101811773165,30,98,2000,100,2,100,0.0,0,0.3,0.0,0.0,1.0,0.7,1.0,1.0,0.25,1.0,0.25
noise_1.0,1.0513540611936507,0.023054165776876145,1.0,1.0,2.2275393389059435,31,99,2000,100,2,100,0.0,0,0.3,0.0,0.0,1.0,0.7,1.0,1.0,0.25,1.0,0.25
noise_1.0,0.9577895067953763,0.021335676530150373,1.0,1.0,-1.9783995667994958,32,100,2000,100,2,100,0.0,0,0.3,0.0,0.0,1.0,0.7,1.0,1.0,0.25,1.0,0.25
noise_1.0,0.9878761627584685,0.023804715703061842,1.0,1.0,-0.5093040132368452,33,101,2000,100,2,100,0.0,0,0.3,0.0,0.0,1.0,0.7,1.0,1.0,0.25,1.0,0.25
noise_1.0,0.9239181693290999,0.021920585547490302,1.0,1.0,-3.470793720636298,34,102,2000,100,2,100,0.0,0,0.3,0.0,0.0,1.0,0.7,1.0,1.0,0.25,1.0,0.25
noise_1.0,0.9677112030291676,0.02233180764845626,1.0,1.0,-1.4458658017800214,35,103,2000,100,2,100,0.0,0,0.3,0.0,0.0,1.0,0.7,1.0,1.0,0.25,1.0,0.25
noise_1.0,1.0020675033775384,0.022051508768990914,1.0,1.0,0.09375791013654844,36,104,2000,100,2,100,0.0,0,0.3,0.0,0.0,1.0,0.7,1.0,1.0,0.25,1.0,0.25
noise_1.0,1.036779705824931,0.02462613769918203,1.0,1.0,1.4935231124835593,37,105,2000,100,2,100,0.0,0,0.3,0.0,0.0,1.0,0.7,1.0,1.0,0.25,1.0,0.25
noise_1.0,0.9678766875521819,0.024316327554356674,1.0,1.0,-1.321059373624972,38,106,2000,100,2,100,0.0,0,0.3,0.0,0.0,1.0,0.7,1.0,1.0,0.25,1.0,0.25
noise_1.0,0.9770875289865395,0.022266826160540584,1.0,1.0,-1.0289958186346322,39,107,2000,100,2,100,0.0,0,0.3,0.0,0.0,1.0,0.7,1.0,1.0,0.25,1.0,0.25
noise_1.0,0.9858465978880397,0.023152014087272937,1.0,1.0,-0.61132487474343,40,108,2000,100,2,100,0.0,0,0.3,0.0,0.0,1.0,0.7,1.0,1.0,0.25,1.0,0.25
noise_1.0,1.0062289226032057,0.023508310134273906,1.0,1.0,0.26496683800867016,41,109,2000,100,2,100,0.0,0,0.3,0.0,0.0,1.0,0.7,1.0,1.0,0.25,1.0,0.25
noise_1.0,0.9782395190999262,0.022898368206315092,1.0,1.0,-0.950307056992493,42,110,2000,100,2,100,0.0,0,0.3,0.0,0.0,1.0,0.7,1.0,1.0,0.25,1.0,0.25
noise_1.0,1.0027272876474436,0.023119539241016597,1.0,1.0,0.11796461940751218,43,111,2000,100,2,100,0.0,0,0.3,0.0,0.0,1.0,0.7,1.0,1.0,0.25,1.0,0.25
noise_1.0,1.0338646927604322,0.023569860555447124,1.0,1.0,1.4367795125799305,44,112,2000,100,2,100,0.0,0,0.3,0.0,0.0,1.0,0.7,1.0,1.0,0.25,1.0,0.25
noise_1.0,0.944465753791362,0.02296749375655915,1.0,1.0,-2.4179497683667948,45,113,2000,100,2,100,0.0,0,0.3,0.0,0.0,1.0,0.7,1.0,1.0,0.25,1.0,0.25
noise_1.0,0.9715173112116814,0.022408214203702065,1.0,1.0,-1.2710824936515013,46,114,2000,100,2,100,0.0,0,0.3,0.0,0.0,1.0,0.7,1.0,1.0,0.25,1.0,0.25
noise_1.0,0.9683017694573345,0.022760718002089942,1.0,1.0,-1.3926726977485908,47,115,2000,100,2,100,0.0,0,0.3,0.0,0.0,1.0,0.7,1.0,1.0,0.25,1.0,0.25
noise_1.0,1.0536981802981735,0.021915294442274205,1.0,1.0,2.450260499105625,48,116,2000,100,2,100,0.0,0,0.3,0.0,0.0,1.0,0.7,1.0,1.0,0.25,1.0,0.25
noise_1.0,1.0174607584616482,0.022979300599620094,1.0,1.0,0.7598472540951423,49,117,2000,100,2,100,0.0,0,0.3,0.0,0.0,1.0,0.7,1.0,1.0,0.25,1.0,0.25
noise_1.0,0.9604928505722011,0.02405582833932557,1.0,1.0,-1.6423109140338377,50,118,2000,100,2,100,0.0,0,0.3,0.0,0.0,1.0,0.7,1.0,1.0,0.25,1.0,0.25
noise_1.0,0.9782875160536442,0.02414230242362153,1.0,1.0,-0.8993543186300121,51,119,2000,100,2,100,0.0,0,0.3,0.0,0.0,1.0,0.7,1.0,1.0,0.25,1.0,0.25
noise_1.0,0.9928605473538482,0.023005977761372358,1.0,1.0,-0.31033032893473095,52,120,2000,100,2,100,0.0,0,0.3,0.0,0.0,1.0,0.7,1.0,1.0,0.25,1.0,0.25
noise_1.0,0.9805765635364282,0.022227885038021106,1.0,1.0,-0.8738319651351332,53,121,2000,100,2,100,0.0,0,0.3,0.0,0.0,1.0,0.7,1.0,1.0,0.25,1.0,0.25
noise_1.0,0.9587707972029067,0.02350318498217108,1.0,1.0,-1.754196413310312,54,122,2000,100,2,100,0.0,0,0.3,0.0,0.0,1.0,0.7,1.0,1.0,0.25,1.0,0.25
noise_1.0,0.9652463194170121,0.022647236315036432,1.0,1.0,-1.53456607682914,55,123,2000,100,2,100,0.0,0,0.3,0.0,0.0,1.0,0.7,1.0,1.0,0.25,1.0,0.25
noise_1.0,1.0134212955527897,0.022540495982777218,1.0,1.0,0.595430356237266,56,124,2000,100,2,100,0.0,0,0.3,0.0,0.0,1.0,0.7,1.0,1.0,0.25,1.0,0.25
noise_1.0,0.9694258503733826,0.022124091982791916,1.0,1.0,-1.3819391842339992,57,125,2000,100,2,100,0.0,0,0.3,0.0,0.0,1.0,0.7,1.0,1.0,0.25,1.0,0.25
noise_1.0,0.9592730940472525,0.023310810526583348,1.0,1.0,-1.7471252621740925,58,126,2000,100,2,100,0.0,0,0.3,0.0,0.0,1.0,0.7,1.0,1.0,0.25,1.0,0.25
noise_1.0,1.0165261966479853,0.02229137553517146,1.0,1.0,0.7413717750127237,59,127,2000,100,2,100,0.0,0,0.3,0.0,0.0,1.0,0.7,1.0,1.0,0.25,1.0,0.25
noise_1.0,0.9925172238562794,0.023103588598103644,1.0,1.0,-0.32387938834466634,60,128,2000,100,2,100,0.0,0,0.3,0.0,0.0,1.0,0.7,1.0,1.0,0.25,1.0,0.25
noise_1.0,0.9967348946729591,0.022621930866288692,1.0,1.0,-0.1443336267951652,61,129,2000,100,2,100,0.0,0,0.3,0.0,0.0,1.0,0.7,1.0,1.0,0.25,1.0,0.25
noise_1.0,0.973809183056853,0.022866200543899755,1.0,1.0,-1.145394351495537,62,130,2000,100,2,100,0.0,0,0.3,0.0,0.0,1.0,0.7,1.0,1.0,0.25,1.0,0.25
noise_1.0,0.968503153443411,0.02401670215611472,1.0,1.0,-1.3114559339517742,63,131,2000,100,2,100,0.0,0,0.3,0.0,0.0,1.0,0.7,1.0,1.0,0.25,1.0,0.25
noise_1.0,0.9553295466496549,0.021734286682262294,1.0,1.0,-2.055298800618169,64,132,2000,100,2,100,0.0,0,0.3,0.0,0.0,1.0,0.7,1.0,1.0,0.25,1.0,0.25
noise_1.0,0.9618994694401379,0.023177403861589597,1.0,1.0,-1.6438653262198877,65,133,2000,100,2,100,0.0,0,0.3,0.0,0.0,1.0,0.7,1.0,1.0,0.25,1.0,0.25
noise_1.0,0.9743256576141485,0.023082888178993455,1.0,1.0,-1.1122673292338014,66,134,2000,100,2,100,0.0,0,0.3,0.0,0.0,1.0,0.7,1.0,1.0,0.25,1.0,0.25
noise_1.0,1.0115122650033272,0.022691267979581462,1.0,1.0,0.5073433980721773,67,135,2000,100,2,100,0.0,0,0.3,0.0,0.0,1.0,0.7,1.0,1.0,0.25,1.0,0.25
noise_1.0,0.9897342501600721,0.022913687157080247,1.0,1.0,-0.44801824209054963,68,136,2000,100,2,100,0.0,0,0.3,0.0,0.0,1.0,0.7,1.0,1.0,0.25,1.0,0.25
noise_1.0,0.9818144272999767,0.022878502273201474,1.0,1.0,-0.7948760142977019,69,137,2000,100,2,100,0.0,0,0.3,0.0,0.0,1.0,0.7,1.0,1.0,0.25,1.0,0.25
noise_1.0,1.016894314250199,0.022275314197338046,1.0,1.0,0.7584321415415927,70,138,2000,100,2,100,0.0,0,0.3,0.0,0.0,1.0,0.7,1.0,1.0,0.25,1.0,0.25
noise_1.0,1.0125604739848029,0.022940410300439633,1.0,1.0,0.5475261261810194,71,139,2000,100,2,100,0.0,0,0.3,0.0,0.0,1.0,0.7,1.0,1.0,0.25,1.0,0.25
noise_1.0,0.9554246326644521,0.02255397516874863,1.0,1.0,-1.9763862911985768,72,140,2000,100,2,100,0.0,0,0.3,0.0,0.0,1.0,0.7,1.0,1.0,0.25,1.0,0.25
noise_1.0,0.9326032802027485,0.022699829829468752,1.0,1.0,-2.969040750682525,73,141,2000,100,2,100,0.0,0,0.3,0.0,0.0,1.0,0.7,1.0,1.0,0.25,1.0,0.25
noise_1.0,0.9781804483868919,0.022962748331228685,1.0,1.0,-0.9502151614593164,74,142,2000,100,2,100,0.0,0,0.3,0.0,0.0,1.0,0.7,1.0,1.0,0.25,1.0,0.25
noise_1.0,0.9753369452827311,0.02267135935455452,1.0,1.0,-1.0878507252947005,75,143,2000,100,2,100,0.0,0,0.3,0.0,0.0,1.0,0.7,1.0,1.0,0.25,1.0,0.25
noise_1.0,1.0139461053601788,0.023349811120582663,1.0,1.0,0.597268444192486,76,144,2000,100,2,100,0.0,0,0.3,0.0,0.0,1.0,0.7,1.0,1.0,0.25,1.0,0.25
noise_1.0,0.9726573267426406,0.021969093824123216,1.0,1.0,-1.2445972271890298,77,145,2000,100,2,100,0.0,0,0.3,0.0,0.0,1.0,0.7,1.0,1.0,0.25,1.0,0.25
noise_1.0,0.955338345191544,0.022998521315052842,1.0,1.0,-1.9419359269512821,78,146,2000,100,2,100,0.0,0,0.3,0.0,0.0,1.0,0.7,1.0,1.0,0.25,1.0,0.25
noise_1.0,0.9647766413783029,0.023899078228389596,1.0,1.0,-1.4738375382133135,79,147,2000,100,2,100,0.0,0,0.3,0.0,0.0,1.0,0.7,1.0,1.0,0.25,1.0,0.25
noise_1.0,0.988811160012669,0.02283334921466863,1.0,1.0,-0.4900218483998419,80,148,2000,100,2,100,0.0,0,0.3,0.0,0.0,1.0,0.7,1.0,1.0,0.25,1.0,0.25
noise_1.0,0.9701498050903943,0.02216318534172574,1.0,1.0,-1.3468368580308696,81,149,2000,100,2,100,0.0,0,0.3,0.0,0.0,1.0,0.7,1.0,1.0,0.25,1.0,0.25
noise_1.0,0.934164634250121,0.021785518266089755,1.0,1.0,-3.0219784053682606,82,150,2000,100,2,100,0.0,0,0.3,0.0,0.0,1.0,0.7,1.0,1.0,0.25,1.0,0.25
noise_1.0,0.9850650803699239,0.021540159659476508,1.0,1.0,-0.6933523180040838,83,151,2000,100,2,100,0.0,0,0.3,0.0,0.0,1.0,0.7,1.0,1.0,0.25,1.0,0.25
noise_1.0,0.9929438546125275,0.023002379572710424,1.0,1.0,-0.3067571928881536,84,152,2000,100,2,100,0.0,0,0.3,0.0,0.0,1.0,0.7,1.0,1.0,0.25,1.0,0.25
noise_1.0,1.0082789561215417,0.023773221117632998,1.0,1.0,0.34824713405795416,85,153,2000,100,2,100,0.0,0,0.3,0.0,0.0,1.0,0.7,1.0,1.0,0.25,1.0,0.25
noise_1.0,0.9927789803364376,0.024349977795917913,1.0,1.0,-0.296551385963601,86,154,2000,100,2,100,0.0,0,0.3,0.0,0.0,1.0,0.7,1.0,1.0,0.25,1.0,0.25
noise_1.0,0.9813775386780392,0.022729645511847394,1.0,1.0,-0.8193027608923407,87,155,2000,100,2,100,0.0,0,0.3,0.0,0.0,1.0,0.7,1.0,1.0,0.25,1.0,0.25
noise_1.0,1.0241799788008004,0.02278273049334109,1.0,1.0,1.0613292734102988,88,156,2000,100,2,100,0.0,0,0.3,0.0,0.0,1.0,0.7,1.0,1.0,0.25,1.0,0.25
noise_1.0,1.0110123210450042,0.02352451952921301,1.0,1.0,0.46812097612998793,89,157,2000,100,2,100,0.0,0,0.3,0.0,0.0,1.0,0.7,1.0,1.0,0.25,1.0,0.25
noise_1.0,0.9704910684176506,0.02297610178551919,1.0,1.0,-1.2843315135793623,90,158,2000,100,2,100,0.0,0,0.3,0.0,0.0,1.0,0.7,1.0,1.0,0.25,1.0,0.25
noise_1.0,1.0024463013056792,0.022619329160327366,1.0,1.0,0.10815092208702085,91,159,2000,100,2,100,0.0,0,0.3,0.0,0.0,1.0,0.7,1.0,1.0,0.25,1.0,0.25
noise_1.0,1.0040307830006676,0.02294824988170157,1.0,1.0,0.17564664065653532,92,160,2000,100,2,100,0.0,0,0.3,0.0,0.0,1.0,0.7,1.0,1.0,0.25,1.0,0.25
noise_1.0,1.0033044497904569,0.02316752172035888,1.0,1.0,0.14263285604489187,93,161,2000,100,2,100,0.0,0,0.3,0.0,0.0,1.0,0.7,1.0,1.0,0.25,1.0,0.25
noise_1.0,0.9819630052390454,0.02209362008953274,1.0,1.0,-0.81638928739885,94,162,2000,100,2,100,0.0,0,0.3,0.0,0.0,1.0,0.7,1.0,1.0,0.25,1.0,0.25
noise_1.0,0.9951593258525934,0.023433280662741546,1.0,1.0,-0.20657261853664424,95,163,2000,100,2,100,0.0,0,0.3,0.0,0.0,1.0,0.7,1.0,1.0,0.25,1.0,0.25
noise_1.0,0.9742406343246371,0.023981157380409457,1.0,1.0,-1.0741502283124185,96,164,2000,100,2,100,0.0,0,0.3,0.0,0.0,1.0,0.7,1.0,1.0,0.25,1.0,0.25
noise_1.0,0.9912623865688319,0.02307192571445296,1.0,1.0,-0.3787119263172112,97,165,2000,100,2,100,0.0,0,0.3,0.0,0.0,1.0,0.7,1.0,1.0,0.25,1.0,0.25
noise_1.0,0.9964868273399454,0.022036420467421193,1.0,1.0,-0.15942574091143685,98,166,2000,100,2,100,0.0,0,0.3,0.0,0.0,1.0,0.7,1.0,1.0,0.25,1.0,0.25
noise_1.0,1.0385094093110985,0.021431025839441117,1.0,1.0,1.796899952415098,99,167,2000,100,2,100,0.0,0,0.3,0.0,0.0,1.0,0.7,1.0,1.0,0.25,1.0,0.25
noise_2.0,1.0082706548179512,0.04384343340327686,1.0,1.0,0.188640673778369,0,69,2000,100,2,100,0.0,0,0.3,0.0,0.0,2.0,0.7,1.0,1.0,0.25,1.0,0.25
noise_2.0,1.0017625607963416,0.04497429621393083,1.0,1.0,0.039190403068401394,1,70,2000,100,2,100,0.0,0,0.3,0.0,0.0,2.0,0.7,1.0,1.0,0.25,1.0,0.25
noise_2.0,1.0295015228156839,0.04624638767843778,1.0,1.0,0.6379205878914266,2,71,2000,100,2,100,0.0,0,0.3,0.0,0.0,2.0,0.7,1.0,1.0,0.25,1.0,0.25
noise_2.0,1.033551917043061,0.04454925017380511,1.0,1.0,0.7531421272448129,3,72,2000,100,2,100,0.0,0,0.3,0.0,0.0,2.0,0.7,1.0,1.0,0.25,1.0,0.25
noise_2.0,0.9576150201880096,0.0445487018663347,1.0,1.0,-0.9514301884522608,4,73,2000,100,2,100,0.0,0,0.3,0.0,0.0,2.0,0.7,1.0,1.0,0.25,1.0,0.25
noise_2.0,0.944167722319699,0.04249361257608937,1.0,1.0,-1.313898120107517,5,74,2000,100,2,100,0.0,0,0.3,0.0,0.0,2.0,0.7,1.0,1.0,0.25,1.0,0.25
noise_2.0,1.017013156204251,0.04374977272339849,1.0,1.0,0.3888741619714053,6,75,2000,100,2,100,0.0,0,0.3,0.0,0.0,2.0,0.7,1.0,1.0,0.25,1.0,0.25
noise_2.0,1.0346971743235922,0.043305325264090214,1.0,1.0,0.8012218846526922,7,76,2000,100,2,100,0.0,0,0.3,0.0,0.0,2.0,0.7,1.0,1.0,0.25,1.0,0.25
noise_2.0,1.028013722693981,0.04647455748606126,1.0,1.0,0.6027754584297629,8,77,2000,100,2,100,0.0,0,0.3,0.0,0.0,2.0,0.7,1.0,1.0,0.25,1.0,0.25
noise_2.0,0.9475469102134533,0.04304485819205633,1.0,1.0,-1.218568070372378,9,78,2000,100,2,100,0.0,0,0.3,0.0,0.0,2.0,0.7,1.0,1.0,0.25,1.0,0.25
noise_2.0,1.0257243465324482,0.043383750757119525,1.0,1.0,0.5929488825542968,10,79,2000,100,2,100,0.0,0,0.3,0.0,0.0,2.0,0.7,1.0,1.0,0.25,1.0,0.25
noise_2.0,1.0004375663870417,0.04288446392455292,1.0,1.0,0.010203377796946406,11,80,2000,100,2,100,0.0,0,0.3,0.0,0.0,2.0,0.7,1.0,1.0,0.25,1.0,0.25
noise_2.0,0.9758976191382412,0.044810164631123646,1.0,1.0,-0.5378775342641353,12,81,2000,100,2,100,0.0,0,0.3,0.0,0.0,2.0,0.7,1.0,1.0,0.25,1.0,0.25
noise_2.0,1.0038134902418085,0.04247042000381802,1.0,1.0,0.0897916771594376,13,82,2000,100,2,100,0.0,0,0.3,0.0,0.0,2.0,0.7,1.0,1.0,0.25,1.0,0.25
noise_2.0,0.9529366040886351,0.04474246658400533,1.0,1.0,-1.051873075057271,14,83,2000,100,2,100,0.0,0,0.3,0.0,0.0,2.0,0.7,1.0,1.0,0.25,1.0,0.25
noise_2.0,0.9583642606395885,0.044969890450793346,1.0,1.0,-0.9258581451509187,15,84,2000,100,2,100,0.0,0,0.3,0.0,0.0,2.0,0.7,1.0,1.0,0.25,1.0,0.25
noise_2.0,0.9877773930635957,0.04680156086793463,1.0,1.0,-0.2611581047669383,16,85,2000,100,2,100,0.0,0,0.3,0.0,0.0,2.0,0.7,1.0,1.0,0.25,1.0,0.25
noise_2.0,0.9821635211145383,0.044741349330352356,1.0,1.0,-0.39865759867375067,17,86,2000,100,2,100,0.0,0,0.3,0.0,0.0,2.0,0.7,1.0,1.0,0.25,1.0,0.25
noise_2.0,0.9506944813548046,0.04426047345199625,1.0,1.0,-1.113985341767093,18,87,2000,100,2,100,0.0,0,0.3,0.0,0.0,2.0,0.7,1.0,1.0,0.25,1.0,0.25
noise_2.0,0.9492787391789582,0.044833304075137824,1.0,1.0,-1.1313299759490425,19,88,2000,100,2,100,0.0,0,0.3,0.0,0.0,2.0,0.7,1.0,1.0,0.25,1.0,0.25
noise_2.0,0.9921042926616201,0.04369309652944666,1.0,1.0,-0.18070834904224736,20,89,2000,100,2,100,0.0,0,0.3,0.0,0.0,2.0,0.7,1.0,1.0,0.25,1.0,0.25
noise_2.0,1.0223154762678572,0.044796124731958105,1.0,1.0,0.49815640083565316,21,90,2000,100,2,100,0.0,0,0.3,0.0,0.0,2.0,0.7,1.0,1.0,0.25,1.0,0.25
noise_2.0,0.878945303017106,0.04635875470375213,1.0,1.0,-2.611258601670251,22,91,2000,100,2,100,0.0,0,0.3,0.0,0.0,2.0,0.7,1.0,1.0,0.25,1.0,0.25
noise_2.0,1.023069768992818,0.04292269104272962,1.0,1.0,0.5374725682938215,23,92,2000,100,2,100,0.0,0,0.3,0.0,0.0,2.0,0.7,1.0,1.0,0.25,1.0,0.25
noise_2.0,0.9908422233830976,0.04669542872799392,1.0,1.0,-0.19611719747231565,24,93,2000,100,2,100,0.0,0,0.3,0.0,0.0,2.0,0.7,1.0,1.0,0.25,1.0,0.25
noise_2.0,1.0097692088227486,0.04416376392301057,1.0,1.0,0.2212041718133207,25,94,2000,100,2,100,0.0,0,0.3,0.0,0.0,2.0,0.7,1.0,1.0,0.25,1.0,0.25
noise_2.0,1.0374108157759692,0.04486525124148923,1.0,1.0,0.8338483512463525,26,95,2000,100,2,100,0.0,0,0.3,0.0,0.0,2.0,0.7,1.0,1.0,0.25,1.0,0.25
noise_2.0,0.898454054744911,0.04422272833782322,1.0,1.0,-2.2962388136563217,27,96,2000,100,2,100,0.0,0,0.3,0.0,0.0,2.0,0.7,1.0,1.0,0.25,1.0,0.25
noise_2.0,1.0320050554656004,0.04394295505825039,1.0,1.0,0.7283318889950569,28,97,2000,100,2,100,0.0,0,0.3,0.0,0.0,2.0,0.7,1.0,1.0,0.25,1.0,0.25
noise_2.0,1.0009052650146557,0.0460979079424358,1.0,1.0,0.019637876317210496,29,98,2000,100,2,100,0.0,0,0.3,0.0,0.0,2.0,0.7,1.0,1.0,0.25,1.0,0.25
noise_2.0,1.1097696276135876,0.04531369250824293,1.0,1.0,2.422438374308595,30,99,2000,100,2,100,0.0,0,0.3,0.0,0.0,2.0,0.7,1.0,1.0,0.25,1.0,0.25
noise_2.0,0.9273623361937902,0.04240970109629978,1.0,1.0,-1.7127605695987191,31,100,2000,100,2,100,0.0,0,0.3,0.0,0.0,2.0,0.7,1.0,1.0,0.25,1.0,0.25
noise_2.0,0.9867474321423912,0.047393507101672214,1.0,1.0,-0.2796283429537789,32,101,2000,100,2,100,0.0,0,0.3,0.0,0.0,2.0,0.7,1.0,1.0,0.25,1.0,0.25
noise_2.0,0.8731933974846973,0.042871774916144,1.0,1.0,-2.9578108852113756,33,102,2000,100,2,100,0.0,0,0.3,0.0,0.0,2.0,0.7,1.0,1.0,0.25,1.0,0.25
noise_2.0,0.9421945221461634,0.04369413912472582,1.0,1.0,-1.322957243506496,34,103,2000,100,2,100,0.0,0,0.3,0.0,0.0,2.0,0.7,1.0,1.0,0.25,1.0,0.25
noise_2.0,1.0234430055746124,0.04313941628000421,1.0,1.0,0.543424264771024,35,104,2000,100,2,100,0.0,0,0.3,0.0,0.0,2.0,0.7,1.0,1.0,0.25,1.0,0.25
noise_2.0,1.079392655097313,0.04753520182993997,1.0,1.0,1.6701865573505914,36,105,2000,100,2,100,0.0,0,0.3,0.0,0.0,2.0,0.7,1.0,1.0,0.25,1.0,0.25
noise_2.0,0.9430902089487312,0.04717178715012767,1.0,1.0,-1.2064370355557916,37,106,2000,100,2,100,0.0,0,0.3,0.0,0.0,2.0,0.7,1.0,1.0,0.25,1.0,0.25
noise_2.0,0.9583742705466076,0.04355693946739836,1.0,1.0,-0.9556624033364085,38,107,2000,100,2,100,0.0,0,0.3,0.0,0.0,2.0,0.7,1.0,1.0,0.25,1.0,0.25
noise_2.0,0.969462815461298,0.045050956695887864,1.0,1.0,-0.6778365384078376,39,108,2000,100,2,100,0.0,0,0.3,0.0,0.0,2.0,0.7,1.0,1.0,0.25,1.0,0.25
noise_2.0,1.0133837755941741,0.04576822873566397,1.0,1.0,0.29242502853830354,40,109,2000,100,2,100,0.0,0,0.3,0.0,0.0,2.0,0.7,1.0,1.0,0.25,1.0,0.25
noise_2.0,0.9695197818022092,0.04472920472015221,1.0,1.0,-0.6814388583139348,41,110,2000,100,2,100,0.0,0,0.3,0.0,0.0,2.0,0.7,1.0,1.0,0.25,1.0,0.25
noise_2.0,1.0253952019972585,0.04572978170466565,1.0,1.0,0.5553318002099177,42,111,2000,100,2,100,0.0,0,0.3,0.0,0.0,2.0,0.7,1.0,1.0,0.25,1.0,0.25
noise_2.0,1.0745236303769645,0.046160438275320535,1.0,1.0,1.6144480676824127,43,112,2000,100,2,100,0.0,0,0.3,0.0,0.0,2.0,0.7,1.0,1.0,0.25,1.0,0.25
noise_2.0,0.9255285888081235,0.04521365699454229,1.0,1.0,-1.6470999282554362,44,113,2000,100,2,100,0.0,0,0.3,0.0,0.0,2.0,0.7,1.0,1.0,0.25,1.0,0.25
noise_2.0,0.959168906183622,0.044415229241214424,1.0,1.0,-0.9193039080048104,45,114,2000,100,2,100,0.0,0,0.3,0.0,0.0,2.0,0.7,1.0,1.0,0.25,1.0,0.25
noise_2.0,0.9297130418582806,0.04471057613568311,1.0,1.0,-1.5720432214610622,46,115,2000,100,2,100,0.0,0,0.3,0.0,0.0,2.0,0.7,1.0,1.0,0.25,1.0,0.25
noise_2.0,1.115288934182082,0.04275604864444904,1.0,1.0,2.696435658514711,47,116,2000,100,2,100,0.0,0,0.3,0.0,0.0,2.0,0.7,1.0,1.0,0.25,1.0,0.25
noise_2.0,1.0325452355872347,0.044804942159751567,1.0,1.0,0.726376020555834,48,117,2000,100,2,100,0.0,0,0.3,0.0,0.0,2.0,0.7,1.0,1.0,0.25,1.0,0.25
noise_2.0,0.9387026296541676,0.0468525739701778,1.0,1.0,-1.3083031550166029,49,118,2000,100,2,100,0.0,0,0.3,0.0,0.0,2.0,0.7,1.0,1.0,0.25,1.0,0.25
noise_2.0,0.963580110792233,0.047959070586173554,1.0,1.0,-0.7593952251915969,50,119,2000,100,2,100,0.0,0,0.3,0.0,0.0,2.0,0.7,1.0,1.0,0.25,1.0,0.25
noise_2.0,0.9934467909676645,0.04530766392283631,1.0,1.0,-0.14463798097152553,51,120,2000,100,2,100,0.0,0,0.3,0.0,0.0,2.0,0.7,1.0,1.0,0.25,1.0,0.25
noise_2.0,0.9652586693299123,0.04335664165746804,1.0,1.0,-0.8012920129874401,52,121,2000,100,2,100,0.0,0,0.3,0.0,0.0,2.0,0.7,1.0,1.0,0.25,1.0,0.25
noise_2.0,0.9396149403732937,0.04632119271575381,1.0,1.0,-1.3036162517933036,53,122,2000,100,2,100,0.0,0,0.3,0.0,0.0,2.0,0.7,1.0,1.0,0.25,1.0,0.25
noise_2.0,0.9517833609871104,0.04475284729805825,1.0,1.0,-1.0773982422115447,54,123,2000,100,2,100,0.0,0,0.3,0.0,0.0,2.0,0.7,1.0,1.0,0.25,1.0,0.25
noise_2.0,1.0369630691244591,0.04409216881029284,1.0,1.0,0.8383136988224198,55,124,2000,100,2,100,0.0,0,0.3,0.0,0.0,2.0,0.7,1.0,1.0,0.25,1.0,0.25
noise_2.0,0.9471909172296046,0.04343651218293919,1.0,1.0,-1.2157763162010404,56,125,2000,100,2,100,0.0,0,0.3,0.0,0.0,2.0,0.7,1.0,1.0,0.25,1.0,0.25
noise_2.0,0.8987864770734736,0.04622401646230066,1.0,1.0,-2.189630643825035,57,126,2000,100,2,100,0.0,0,0.3,0.0,0.0,2.0,0.7,1.0,1.0,0.25,1.0,0.25
noise_2.0,1.041688592420361,0.04427323680411498,1.0,1.0,0.9416206139345606,58,127,2000,100,2,100,0.0,0,0.3,0.0,0.0,2.0,0.7,1.0,1.0,0.25,1.0,0.25
noise_2.0,1.000344145073673,0.04527495865720104,1.0,1.0,0.007601223366732723,59,128,2000,100,2,100,0.0,0,0.3,0.0,0.0,2.0,0.7,1.0,1.0,0.25,1.0,0.25
noise_2.0,0.9956233193774261,0.044023366170760046,1.0,1.0,-0.09941721870148262,60,129,2000,100,2,100,0.0,0,0.3,0.0,0.0,2.0,0.7,1.0,1.0,0.25,1.0,0.25
noise_2.0,0.949657693104014,0.04437379863199703,1.0,1.0,-1.1345052361526957,61,130,2000,100,2,100,0.0,0,0.3,0.0,0.0,2.0,0.7,1.0,1.0,0.25,1.0,0.25
noise_2.0,0.9461213493098622,0.04677941399895147,1.0,1.0,-1.1517598465715155,62,131,2000,100,2,100,0.0,0,0.3,0.0,0.0,2.0,0.7,1.0,1.0,0.25,1.0,0.25
noise_2.0,0.9011977947698526,0.04257376506691317,1.0,1.0,-2.3207297986179984,63,132,2000,100,2,100,0.0,0,0.3,0.0,0.0,2.0,0.7,1.0,1.0,0.25,1.0,0.25
noise_2.0,0.9291442418230861,0.04553568874296426,1.0,1.0,-1.5560488955569356,64,133,2000,100,2,100,0.0,0,0.3,0.0,0.0,2.0,0.7,1.0,1.0,0.25,1.0,0.25
noise_2.0,0.9616069362177906,0.04519317539532112,1.0,1.0,-0.8495323341715058,65,134,2000,100,2,100,0.0,0,0.3,0.0,0.0,2.0,0.7,1.0,1.0,0.25,1.0,0.25
noise_2.0,1.0451911545818606,0.04450514118690912,1.0,1.0,1.0154142505035642,66,135,2000,100,2,100,0.0,0,0.3,0.0,0.0,2.0,0.7,1.0,1.0,0.25,1.0,0.25
noise_2.0,1.0074495583649552,0.04498797092376969,1.0,1.0,0.1655900057723914,67,136,2000,100,2,100,0.0,0,0.3,0.0,0.0,2.0,0.7,1.0,1.0,0.25,1.0,0.25
noise_2.0,0.968254830139534,0.04500214328464877,1.0,1.0,-0.7054146212474958,68,137,2000,100,2,100,0.0,0,0.3,0.0,0.0,2.0,0.7,1.0,1.0,0.25,1.0,0.25
noise_2.0,1.049137452542816,0.043946945534789617,1.0,1.0,1.1181084815989664,69,138,2000,100,2,100,0.0,0,0.3,0.0,0.0,2.0,0.7,1.0,1.0,0.25,1.0,0.25
noise_2.0,1.0251804616319258,0.04474796073127817,1.0,1.0,0.5627175232216783,70,139,2000,100,2,100,0.0,0,0.3,0.0,0.0,2.0,0.7,1.0,1.0,0.25,1.0,0.25
noise_2.0,0.9312947935210952,0.04470811110729167,1.0,1.0,-1.5367503743118167,71,140,2000,100,2,100,0.0,0,0.3,0.0,0.0,2.0,0.7,1.0,1.0,0.25,1.0,0.25
noise_2.0,0.8813302668800401,0.04427531823419996,1.0,1.0,-2.6802683267512872,72,141,2000,100,2,100,0.0,0,0.3,0.0,0.0,2.0,0.7,1.0,1.0,0.25,1.0,0.25
noise_2.0,0.9696158715598128,0.04443721468193782,1.0,1.0,-0.6837541159513159,73,142,2000,100,2,100,0.0,0,0.3,0.0,0.0,2.0,0.7,1.0,1.0,0.25,1.0,0.25
noise_2.0,0.942996015259034,0.044368216730582305,1.0,1.0,-1.2847932358226621,74,143,2000,100,2,100,0.0,0,0.3,0.0,0.0,2.0,0.7,1.0,1.0,0.25,1.0,0.25
noise_2.0,1.0417228142700024,0.04559804092997051,1.0,1.0,0.9150133080076898,75,144,2000,100,2,100,0.0,0,0.3,0.0,0.0,2.0,0.7,1.0,1.0,0.25,1.0,0.25
noise_2.0,0.9556902499981356,0.04310495080237729,1.0,1.0,-1.027950367117011,76,145,2000,100,2,100,0.0,0,0.3,0.0,0.0,2.0,0.7,1.0,1.0,0.25,1.0,0.25
noise_2.0,0.9201583858365354,0.04488683650444122,1.0,1.0,-1.778731146614996,77,146,2000,100,2,100,0.0,0,0.3,0.0,0.0,2.0,0.7,1.0,1.0,0.25,1.0,0.25
noise_2.0,0.9421664256956713,0.047035328077178896,1.0,1.0,-1.2295773553323843,78,147,2000,100,2,100,0.0,0,0.3,0.0,0.0,2.0,0.7,1.0,1.0,0.25,1.0,0.25
noise_2.0,0.9935288997788624,0.04450627391033647,1.0,1.0,-0.1453974833789606,79,148,2000,100,2,100,0.0,0,0.3,0.0,0.0,2.0,0.7,1.0,1.0,0.25,1.0,0.25
noise_2.0,0.9649888603307183,0.043768346403275774,1.0,1.0,-0.7999191778161707,80,149,2000,100,2,100,0.0,0,0.3,0.0,0.0,2.0,0.7,1.0,1.0,0.25,1.0,0.25
noise_2.0,0.8803348811329111,0.042211572886633984,1.0,1.0,-2.834888886715236,81,150,2000,100,2,100,0.0,0,0.3,0.0,0.0,2.0,0.7,1.0,1.0,0.25,1.0,0.25
noise_2.0,0.9712946492170582,0.042254238703541475,1.0,1.0,-0.6793484313926567,82,151,2000,100,2,100,0.0,0,0.3,0.0,0.0,2.0,0.7,1.0,1.0,0.25,1.0,0.25
noise_2.0,0.9894025718564546,0.044713590185201074,1.0,1.0,-0.2370068719521612,83,152,2000,100,2,100,0.0,0,0.3,0.0,0.0,2.0,0.7,1.0,1.0,0.25,1.0,0.25
noise_2.0,1.0154612922594421,0.04644158212539042,1.0,1.0,0.3329191545993691,84,153,2000,100,2,100,0.0,0,0.3,0.0,0.0,2.0,0.7,1.0,1.0,0.25,1.0,0.25
noise_2.0,0.9984699877143074,0.04746013958071662,1.0,1.0,-0.032237837882682085,85,154,2000,100,2,100,0.0,0,0.3,0.0,0.0,2.0,0.7,1.0,1.0,0.25,1.0,0.25
noise_2.0,0.970799674094703,0.04528946448332811,1.0,1.0,-0.6447487564364148,86,155,2000,100,2,100,0.0,0,0.3,0.0,0.0,2.0,0.7,1.0,1.0,0.25,1.0,0.25
noise_2.0,1.0381410021065178,0.04461921625067751,1.0,1.0,0.8548111175291808,87,156,2000,100,2,100,0.0,0,0.3,0.0,0.0,2.0,0.7,1.0,1.0,0.25,1.0,0.25
noise_2.0,1.0297074923931342,0.04584270471141566,1.0,1.0,0.6480309698161525,88,157,2000,100,2,100,0.0,0,0.3,0.0,0.0,2.0,0.7,1.0,1.0,0.25,1.0,0.25
noise_2.0,0.9539231694388145,0.04544966771624291,1.0,1.0,-1.0137990633695755,89,158,2000,100,2,100,0.0,0,0.3,0.0,0.0,2.0,0.7,1.0,1.0,0.25,1.0,0.25
noise_2.0,1.0127374017312731,0.04529684590526579,1.0,1.0,0.281198425115785,90,159,2000,100,2,100,0.0,0,0.3,0.0,0.0,2.0,0.7,1.0,1.0,0.25,1.0,0.25
noise_2.0,1.0017556352135202,0.044971387829320586,1.0,1.0,0.039038937828277,91,160,2000,100,2,100,0.0,0,0.3,0.0,0.0,2.0,0.7,1.0,1.0,0.25,1.0,0.25
noise_2.0,1.0268323270224509,0.04544891422603283,1.0,1.0,0.5903843354541898,92,161,2000,100,2,100,0.0,0,0.3,0.0,0.0,2.0,0.7,1.0,1.0,0.25,1.0,0.25
noise_2.0,0.9780879907876359,0.04318809976862104,1.0,1.0,-0.5073621976830903,93,162,2000,100,2,100,0.0,0,0.3,0.0,0.0,2.0,0.7,1.0,1.0,0.25,1.0,0.25
noise_2.0,0.9984209870770949,0.04706224929073696,1.0,1.0,-0.03355158214284216,94,163,2000,100,2,100,0.0,0,0.3,0.0,0.0,2.0,0.7,1.0,1.0,0.25,1.0,0.25
noise_2.0,0.965522632465691,0.04718497895990198,1.0,1.0,-0.7306852370032421,95,164,2000,100,2,100,0.0,0,0.3,0.0,0.0,2.0,0.7,1.0,1.0,0.25,1.0,0.25
noise_2.0,0.9850850640671781,0.0455932128421783,1.0,1.0,-0.32713061885878064,96,165,2000,100,2,100,0.0,0,0.3,0.0,0.0,2.0,0.7,1.0,1.0,0.25,1.0,0.25
noise_2.0,0.9966242256877189,0.04315320080806969,1.0,1.0,-0.07822766907361864,97,166,2000,100,2,100,0.0,0,0.3,0.0,0.0,2.0,0.7,1.0,1.0,0.25,1.0,0.25
noise_2.0,1.0811227473510692,0.042115147026760884,1.0,1.0,1.9262130866959102,98,167,2000,100,2,100,0.0,0,0.3,0.0,0.0,2.0,0.7,1.0,1.0,0.25,1.0,0.25
noise_2.0,0.9994278540589536,0.048578850025365994,1.0,1.0,-0.011777675691121205,99,168,2000,100,2,100,0.0,0,0.3,0.0,0.0,2.0,0.7,1.0,1.0,0.25,1.0,0.25
s1_0.5,0.9891770680418467,0.04557641359604512,1.0,1.0,-0.2374678282955654,0,70,2000,100,2,100,0.0,0,0.3,0.0,0.0,1.0,0.7,0.5,1.0,0.25,1.0,0.25
s1_0.5,1.0440506187209362,0.046113170377494433,1.0,1.0,0.9552719615746724,1,71,2000,100,2,100,0.0,0,0.3,0.0,0.0,1.0,0.7,0.5,1.0,0.25,1.0,0.25
s1_0.5,1.041319587053093,0.04405667591823468,1.0,1.0,0.937873459399852,2,72,2000,100,2,100,0.0,0,0.3,0.0,0.0,1.0,0.7,0.5,1.0,0.25,1.0,0.25
s1_0.5,0.9460935729524922,0.045018372644052305,1.0,1.0,-1.1974317124639504,3,73,2000,100,2,100,0.0,0,0.3,0.0,0.0,1.0,0.7,0.5,1.0,0.25,1.0,0.25
s1_0.5,0.9439186473927055,0.041989899125358734,1.0,1.0,-1.3355915059444763,4,74,2000,100,2,100,0.0,0,0.3,0.0,0.0,1.0,0.7,0.5,1.0,0.25,1.0,0.25
s1_0.5,1.0042060025552264,0.04340301561928117,1.0,1.0,0.09690576784157712,5,75,2000,100,2,100,0.0,0,0.3,0.0,0.0,1.0,0.7,0.5,1.0,0.25,1.0,0.25
s1_0.5,1.020672226991045,0.04264950995335975,1.0,1.0,0.4847002231362479,6,76,2000,100,2,100,0.0,0,0.3,0.0,0.0,1.0,0.7,0.5,1.0,0.25,1.0,0.25
s1_0.5,1.0359001090843067,0.04642635699718871,1.0,1.0,0.7732700001958075,7,77,2000,100,2,100,0.0,0,0.3,0.0,0.0,1.0,0.7,0.5,1.0,0.25,1.0,0.25
s1_0.5,0.9566543249332587,0.04312310185736479,1.0,1.0,-1.0051613450746808,8,78,2000,100,2,100,0.0,0,0.3,0.0,0.0,1.0,0.7,0.5,1.0,0.25,1.0,0.25
s1_0.5,1.0285309310894706,0.04404136489202679,1.0,1.0,0.6478212280527162,9,79,2000,100,2,100,0.0,0,0.3,0.0,0.0,1.0,0.7,0.5,1.0,0.25,1.0,0.25
s1_0.5,1.0126192457107974,0.042738974951399306,1.0,1.0,0.2952631813268198,10,80,2000,100,2,100,0.0,0,0.3,0.0,0.0,1.0,0.7,0.5,1.0,0.25,1.0,0.25
s1_0.5,0.9551629173392848,0.04435196496835733,1.0,1.0,-1.0109379075471392,11,81,2000,100,2,100,0.0,0,0.3,0.0,0.0,1.0,0.7,0.5,1.0,0.25,1.0,0.25
s1_0.5,1.00406779765165,0.04298630873618873,1.0,1.0,0.09463007574375804,12,82,2000,100,2,100,0.0,0,0.3,0.0,0.0,1.0,0.7,0.5,1.0,0.25,1.0,0.25
s1_0.5,0.9494952864430699,0.04453239223506843,1.0,1.0,-1.1341118458297996,13,83,2000,100,2,100,0.0,0,0.3,0.0,0.0,1.0,0.7,0.5,1.0,0.25,1.0,0.25
s1_0.5,0.9440407050949317,0.04465592913429135,1.0,1.0,-1.2531212761643586,14,84,2000,100,2,100,0.0,0,0.3,0.0,0.0,1.0,0.7,0.5,1.0,0.25,1.0,0.25
s1_0.5,0.9772942837252555,0.04733731778657604,1.0,1.0,-0.4796578542348971,15,85,2000,100,2,100,0.0,0,0.3,0.0,0.0,1.0,0.7,0.5,1.0,0.25,1.0,0.25
s1_0.5,0.9896978139540213,0.04436144929869498,1.0,1.0,-0.23223285552759712,16,86,2000,100,2,100,0.0,0,0.3,0.0,0.0,1.0,0.7,0.5,1.0,0.25,1.0,0.25
s1_0.5,0.9301389699623789,0.044238274440983334,1.0,1.0,-1.5791988028561144,17,87,2000,100,2,100,0.0,0,0.3,0.0,0.0,1.0,0.7,0.5,1.0,0.25,1.0,0.25
s1_0.5,0.9559509183013225,0.04540850832220396,1.0,1.0,-0.9700622928663409,18,88,2000,100,2,100,0.0,0,0.3,0.0,0.0,1.0,0.7,0.5,1.0,0.25,1.0,0.25
s1_0.5,0.9842595344381142,0.04376008888078442,1.0,1.0,-0.35969912229309076,19,89,2000,100,2,100,0.0,0,0.3,0.0,0.0,1.0,0.7,0.5,1.0,0.25,1.0,0.25
s1_0.5,1.0205302216306424,0.04499571118548097,1.0,1.0,0.4562706331279646,20,90,2000,100,2,100,0.0,0,0.3,0.0,0.0,1.0,0.7,0.5,1.0,0.25,1.0,0.25
s1_0.5,0.8711254293835009,0.04606417855893014,1.0,1.0,-2.797717763524844,21,91,2000,100,2,100,0.0,0,0.3,0.0,0.0,1.0,0.7,0.5,1.0,0.25,1.0,0.25
s1_0.5,1.0122611039192952,0.04311592162665553,1.0,1.0,0.28437531790379433,22,92,2000,100,2,100,0.0,0,0.3,0.0,0.0,1.0,0.7,0.5,1.0,0.25,1.0,0.25
s1_0.5,0.9859323340644139,0.046976364119807254,1.0,1.0,-0.2994626382686464,23,93,2000,100,2,100,0.0,0,0.3,0.0,0.0,1.0,0.7,0.5,1.0,0.25,1.0,0.25
s1_0.5,1.0127398674566235,0.04333445642726693,1.0,1.0,0.2939893218230676,24,94,2000,100,2,100,0.0,0,0.3,0.0,0.0,1.0,0.7,0.5,1.0,0.25,1.0,0.25
s1_0.5,1.0554112632612251,0.04484069041541267,1.0,1.0,1.235736175065207,25,95,2000,100,2,100,0.0,0,0.3,0.0,0.0,1.0,0.7,0.5,1.0,0.25,1.0,0.25
s1_0.5,0.9009895640814041,0.043809914440743405,1.0,1.0,-2.260000668399293,26,96,2000,100,2,100,0.0,0,0.3,0.0,0.0,1.0,0.7,0.5,1.0,0.25,1.0,0.25
s1_0.5,1.041663800519592,0.0442934020568009,1.0,1.0,0.9406322067147427,27,97,2000,100,2,100,0.0,0,0.3,0.0,0.0,1.0,0.7,0.5,1.0,0.25,1.0,0.25
s1_0.5,0.9885865204947641,0.04657112390897527,1.0,1.0,-0.24507631655065623,28,98,2000,100,2,100,0.0,0,0.3,0.0,0.0,1.0,0.7,0.5,1.0,0.25,1.0,0.25
s1_0.5,1.118752217506487,0.04558013043562143,1.0,1.0,2.6053505413771414,29,99,2000,100,2,100,0.0,0,0.3,0.0,0.0,1.0,0.7,0.5,1.0,0.25,1.0,0.25
s1_0.5,0.9537146107131189,0.04209722963434998,1.0,1.0,-1.0994877736351967,30,100,2000,100,2,100,0.0,0,0.3,0.0,0.0,1.0,0.7,0.5,1.0,0.25,1.0,0.25
s1_0.5,0.9881667877548512,0.04656289827851846,1.0,1.0,-0.25413392814098,31,101,2000,100,2,100,0.0,0,0.3,0.0,0.0,1.0,0.7,0.5,1.0,0.25,1.0,0.25
s1_0.5,0.8865170180433377,0.04270489224451573,1.0,1.0,-2.657376614063136,32,102,2000,100,2,100,0.0,0,0.3,0.0,0.0,1.0,0.7,0.5,1.0,0.25,1.0,0.25
s1_0.5,0.9293229274861634,0.0430330569904327,1.0,1.0,-1.6423902333861577,33,103,2000,100,2,100,0.0,0,0.3,0.0,0.0,1.0,0.7,0.5,1.0,0.25,1.0,0.25
s1_0.5,1.025984493510759,0.043598453921296035,1.0,1.0,0.5959957561262645,34,104,2000,100,2,100,0.0,0,0.3,0.0,0.0,1.0,0.7,0.5,1.0,0.25,1.0,0.25
s1_0.5,1.0679181399856068,0.04792955256241268,1.0,1.0,1.4170409769038732,35,105,2000,100,2,100,0.0,0,0.3,0.0,0.0,1.0,0.7,0.5,1.0,0.25,1.0,0.25
s1_0.5,0.9568140835867758,0.04739077542130765,1.0,1.0,-0.9112726269890732,36,106,2000,100,2,100,0.0,0,0.3,0.0,0.0,1.0,0.7,0.5,1.0,0.25,1.0,0.25
s1_0.5,0.9993860729662982,0.04339912948259197,1.0,1.0,-0.014146067928575224,37,107,2000,100,2,100,0.0,0,0.3,0.0,0.0,1.0,0.7,0.5,1.0,0.25,1.0,0.25
s1_0.5,0.9643722364608986,0.044846024631931505,1.0,1.0,-0.7944464159646714,38,108,2000,100,2,100,0.0,0,0.3,0.0,0.0,1.0,0.7,0.5,1.0,0.25,1.0,0.25
s1_0.5,1.021418253997253,0.04503041631909585,1.0,1.0,0.47563970640374026,39,109,2000,100,2,100,0.0,0,0.3,0.0,0.0,1.0,0.7,0.5,1.0,0.25,1.0,0.25
s1_0.5,0.9672759580006063,0.04495790823792931,1.0,1.0,-0.7278817739074804,40,110,2000,100,2,100,0.0,0,0.3,0.0,0.0,1.0,0.7,0.5,1.0,0.25,1.0,0.25
s1_0.5,0.9953450738935736,0.046056700502153776,1.0,1.0,-0.10106946558641756,41,111,2000,100,2,100,0.0,0,0.3,0.0,0.0,1.0,0.7,0.5,1.0,0.25,1.0,0.25
s1_0.5,1.0780397518032587,0.045698282620492005,1.0,1.0,1.7077173873545999,42,112,2000,100,2,100,0.0,0,0.3,0.0,0.0,1.0,0.7,0.5,1.0,0.25,1.0,0.25
s1_0.5,0.9176483639632027,0.04479531074063195,1.0,1.0,-1.8383985884955492,43,113,2000,100,2,100,0.0,0,0.3,0.0,0.0,1.0,0.7,0.5,1.0,0.25,1.0,0.25
s1_0.5,0.9436190497512413,0.044462740503089335,1.0,1.0,-1.268049373718681,44,114,2000,100,2,100,0.0,0,0.3,0.0,0.0,1.0,0.7,0.5,1.0,0.25,1.0,0.25
s1_0.5,0.92711964230045,0.04424460146995703,1.0,1.0,-1.6472146946342652,45,115,2000,100,2,100,0.0,0,0.3,0.0,0.0,1.0,0.7,0.5,1.0,0.25,1.0,0.25
s1_0.5,1.1137619310641569,0.04292552615731988,1.0,1.0,2.6502163455661596,46,116,2000,100,2,100,0.0,0,0.3,0.0,0.0,1.0,0.7,0.5,1.0,0.25,1.0,0.25
s1_0.5,1.0107209116088613,0.044404353630473584,1.0,1.0,0.24143829900282254,47,117,2000,100,2,100,0.0,0,0.3,0.0,0.0,1.0,0.7,0.5,1.0,0.25,1.0,0.25
s1_0.5,0.9315226183660377,0.046693830555352756,1.0,1.0,-1.4665188274238172,48,118,2000,100,2,100,0.0,0,0.3,0.0,0.0,1.0,0.7,0.5,1.0,0.25,1.0,0.25
s1_0.5,0.9684899765336911,0.04746978158346352,1.0,1.0,-0.6637912039031943,49,119,2000,100,2,100,0.0,0,0.3,0.0,0.0,1.0,0.7,0.5,1.0,0.25,1.0,0.25
s1_0.5,0.9754798969585213,0.044763979534715004,1.0,1.0,-0.5477641464486649,50,120,2000,100,2,100,0.0,0,0.3,0.0,0.0,1.0,0.7,0.5,1.0,0.25,1.0,0.25
s1_0.5,0.9799936066667341,0.0434147912022902,1.0,1.0,-0.46081975242139495,51,121,2000,100,2,100,0.0,0,0.3,0.0,0.0,1.0,0.7,0.5,1.0,0.25,1.0,0.25
s1_0.5,0.9391466437635324,0.04706275891340291,1.0,1.0,-1.293025688282318,52,122,2000,100,2,100,0.0,0,0.3,0.0,0.0,1.0,0.7,0.5,1.0,0.25,1.0,0.25
s1_0.5,0.9553140159746096,0.043929542607267884,1.0,1.0,-1.017219423950873,53,123,2000,100,2,100,0.0,0,0.3,0.0,0.0,1.0,0.7,0.5,1.0,0.25,1.0,0.25
s1_0.5,1.0167916263444081,0.04341326678525463,1.0,1.0,0.38678559776366367,54,124,2000,100,2,100,0.0,0,0.3,0.0,0.0,1.0,0.7,0.5,1.0,0.25,1.0,0.25
s1_0.5,0.9425942729847728,0.04377681010407403,1.0,1.0,-1.3113273187048586,55,125,2000,100,2,100,0.0,0,0.3,0.0,0.0,1.0,0.7,0.5,1.0,0.25,1.0,0.25
s1_0.5,0.897378530898343,0.045077156660493306,1.0,1.0,-2.276573695066196,56,126,2000,100,2,100,0.0,0,0.3,0.0,0.0,1.0,0.7,0.5,1.0,0.25,1.0,0.25
s1_0.5,1.0418788942458455,0.043222312651076136,1.0,1.0,0.9689184052673028,57,127,2000,100,2,100,0.0,0,0.3,0.0,0.0,1.0,0.7,0.5,1.0,0.25,1.0,0.25
s1_0.5,1.0070775499771754,0.04458677559214853,1.0,1.0,0.15873652855986456,58,128,2000,100,2,100,0.0,0,0.3,0.0,0.0,1.0,0.7,0.5,1.0,0.25,1.0,0.25
s1_0.5,0.9973616442874756,0.04535082004308407,1.0,1.0,-0.058176582254033556,59,129,2000,100,2,100,0.0,0,0.3,0.0,0.0,1.0,0.7,0.5,1.0,0.25,1.0,0.25
s1_0.5,0.9400163586668275,0.04399498031470462,1.0,1.0,-1.3634201198431697,60,130,2000,100,2,100,0.0,0,0.3,0.0,0.0,1.0,0.7,0.5,1.0,0.25,1.0,0.25
s1_0.5,0.9503572993915239,0.046490468045848166,1.0,1.0,-1.0678038465760173,61,131,2000,100,2,100,0.0,0,0.3,0.0,0.0,1.0,0.7,0.5,1.0,0.25,1.0,0.25
s1_0.5,0.9092908871773658,0.04197749972304799,1.0,1.0,-2.1608984198939747,62,132,2000,100,2,100,0.0,0,0.3,0.0,0.0,1.0,0.7,0.5,1.0,0.25,1.0,0.25
s1_0.5,0.946329200056952,0.04570013934360122,1.0,1.0,-1.1744121727839507,63,133,2000,100,2,100,0.0,0,0.3,0.0,0.0,1.0,0.7,0.5,1.0,0.25,1.0,0.25
s1_0.5,0.9608136498044781,0.04445171877801919,1.0,1.0,-0.8815485941321802,64,134,2000,100,2,100,0.0,0,0.3,0.0,0.0,1.0,0.7,0.5,1.0,0.25,1.0,0.25
s1_0.5,1.0417876872093204,0.044303556458128855,1.0,1.0,0.9432129280369119,65,135,2000,100,2,100,0.0,0,0.3,0.0,0.0,1.0,0.7,0.5,1.0,0.25,1.0,0.25
s1_0.5,1.0062945500959652,0.04506630926664173,1.0,1.0,0.13967307725872502,66,136,2000,100,2,100,0.0,0,0.3,0.0,0.0,1.0,0.7,0.5,1.0,0.25,1.0,0.25
s1_0.5,0.9611654579432186,0.044419818384177905,1.0,1.0,-0.8742616127087551,67,137,2000,100,2,100,0.0,0,0.3,0.0,0.0,1.0,0.7,0.5,1.0,0.25,1.0,0.25
s1_0.5,1.032841221290539,0.044766958243125037,1.0,1.0,0.733604036981503,68,138,2000,100,2,100,0.0,0,0.3,0.0,0.0,1.0,0.7,0.5,1.0,0.25,1.0,0.25
s1_0.5,1.0137981332310362,0.045074599680894334,1.0,1.0,0.3061177099457361,69,139,2000,100,2,100,0.0,0,0.3,0.0,0.0,1.0,0.7,0.5,1.0,0.25,1.0,0.25
s1_0.5,0.9252561091704778,0.04517520914346266,1.0,1.0,-1.6545333656820136,70,140,2000,100,2,100,0.0,0,0.3,0.0,0.0,1.0,0.7,0.5,1.0,0.25,1.0,0.25
s1_0.5,0.8879308881317111,0.04473278542794207,1.0,1.0,-2.50530144269276,71,141,2000,100,2,100,0.0,0,0.3,0.0,0.0,1.0,0.7,0.5,1.0,0.25,1.0,0.25
s1_0.5,0.9969061950063519,0.04476837536698473,1.0,1.0,-0.06910693024455093,72,142,2000,100,2,100,0.0,0,0.3,0.0,0.0,1.0,0.7,0.5,1.0,0.25,1.0,0.25
s1_0.5,0.9399601168954276,0.04443754705914623,1.0,1.0,-1.3511070497356557,73,143,2000,100,2,100,0.0,0,0.3,0.0,0.0,1.0,0.7,0.5,1.0,0.25,1.0,0.25
s1_0.5,1.0379638604958001,0.04602969273798663,1.0,1.0,0.8247689314786573,74,144,2000,100,2,100,0.0,0,0.3,0.0,0.0,1.0,0.7,0.5,1.0,0.25,1.0,0.25
s1_0.5,0.9538465153306795,0.043368437900843854,1.0,1.0,-1.0642182864608645,75,145,2000,100,2,100,0.0,0,0.3,0.0,0.0,1.0,0.7,0.5,1.0,0.25,1.0,0.25
s1_0.5,0.9313277728357278,0.04514606087524118,1.0,1.0,-1.5211122705487952,76,146,2000,100,2,100,0.0,0,0.3,0.0,0.0,1.0,0.7,0.5,1.0,0.25,1.0,0.25
s1_0.5,0.950721700219052,0.04647430244871163,1.0,1.0,-1.060334360807907,77,147,2000,100,2,100,0.0,0,0.3,0.0,0.0,1.0,0.7,0.5,1.0,0.25,1.0,0.25
s1_0.5,0.9972437289177022,0.044111752945740476,1.0,1.0,-0.062483825698066334,78,148,2000,100,2,100,0.0,0,0.3,0.0,0.0,1.0,0.7,0.5,1.0,0.25,1.0,0.25
s1_0.5,0.947081334898954,0.044473728666877495,1.0,1.0,-1.189885954861663,79,149,2000,100,2,100,0.0,0,0.3,0.0,0.0,1.0,0.7,0.5,1.0,0.25,1.0,0.25
s1_0.5,0.8938150902422533,0.042786139578661765,1.0,1.0,-2.481759532488954,80,150,2000,100,2,100,0.0,0,0.3,0.0,0.0,1.0,0.7,0.5,1.0,0.25,1.0,0.25
s1_0.5,0.9807646631777592,0.04252335482233663,1.0,1.0,-0.4523475841124569,81,151,2000,100,2,100,0.0,0,0.3,0.0,0.0,1.0,0.7,0.5,1.0,0.25,1.0,0.25
s1_0.5,0.9896810547256184,0.04508630052049763,1.0,1.0,-0.22887096868128015,82,152,2000,100,2,100,0.0,0,0.3,0.0,0.0,1.0,0.7,0.5,1.0,0.25,1.0,0.25
s1_0.5,1.0130519645728917,0.04675822485075188,1.0,1.0,0.27913729861542913,83,153,2000,100,2,100,0.0,0,0.3,0.0,0.0,1.0,0.7,0.5,1.0,0.25,1.0,0.25
s1_0.5,0.9918758304961895,0.04812950441057667,1.0,1.0,-0.16879811257780436,84,154,2000,100,2,100,0.0,0,0.3,0.0,0.0,1.0,0.7,0.5,1.0,0.25,1.0,0.25
s1_0.5,0.9863714279585216,0.04504480343036202,1.0,1.0,-0.3025559221841819,85,155,2000,100,2,100,0.0,0,0.3,0.0,0.0,1.0,0.7,0.5,1.0,0.25,1.0,0.25
s1_0.5,1.061362679803503,0.045025104872058214,1.0,1.0,1.3628547890753178,86,156,2000,100,2,100,0.0,0,0.3,0.0,0.0,1.0,0.7,0.5,1.0,0.25,1.0,0.25
s1_0.5,1.0160744400758208,0.04626777423455351,1.0,1.0,0.3474219441447903,87,157,2000,100,2,100,0.0,0,0.3,0.0,0.0,1.0,0.7,0.5,1.0,0.25,1.0,0.25
s1_0.5,0.9404758829461668,0.045225926527997395,1.0,1.0,-1.3161503063289244,88,158,2000,100,2,100,0.0,0,0.3,0.0,0.0,1.0,0.7,0.5,1.0,0.25,1.0,0.25
s1_0.5,1.0215483068945908,0.044372910178444636,1.0,1.0,0.4856185183242373,89,159,2000,100,2,100,0.0,0,0.3,0.0,0.0,1.0,0.7,0.5,1.0,0.25,1.0,0.25
s1_0.5,1.0220167600688326,0.044900985671050775,1.0,1.0,0.4903402395245756,90,160,2000,100,2,100,0.0,0,0.3,0.0,0.0,1.0,0.7,0.5,1.0,0.25,1.0,0.25
s1_0.5,1.0263962021293518,0.044889107240764,1.0,1.0,0.5880313455060492,91,161,2000,100,2,100,0.0,0,0.3,0.0,0.0,1.0,0.7,0.5,1.0,0.25,1.0,0.25
s1_0.5,0.9958725270098793,0.04305191122162062,1.0,1.0,-0.09587200365794483,92,162,2000,100,2,100,0.0,0,0.3,0.0,0.0,1.0,0.7,0.5,1.0,0.25,1.0,0.25
s1_0.5,1.0034222492855749,0.04676396993115218,1.0,1.0,0.07318132508025431,93,163,2000,100,2,100,0.0,0,0.3,0.0,0.0,1.0,0.7,0.5,1.0,0.25,1.0,0.25
s1_0.5,0.9793666984763998,0.046324825141022145,1.0,1.0,-0.44540484417994597,94,164,2000,100,2,100,0.0,0,0.3,0.0,0.0,1.0,0.7,0.5,1.0,0.25,1.0,0.25
s1_0.5,1.0122652044063598,0.04554233614515163,1.0,1.0,0.26931434450943387,95,165,2000,100,2,100,0.0,0,0.3,0.0,0.0,1.0,0.7,0.5,1.0,0.25,1.0,0.25
s1_0.5,0.9833191856899014,0.043944805607781405,1.0,1.0,-0.37958557511845936,96,166,2000,100,2,100,0.0,0,0.3,0.0,0.0,1.0,0.7,0.5,1.0,0.25,1.0,0.25
s1_0.5,1.0833308001021136,0.041761784282906896,1.0,1.0,1.9953840941662275,97,167,2000,100,2,100,0.0,0,0.3,0.0,0.0,1.0,0.7,0.5,1.0,0.25,1.0,0.25
s1_0.5,0.9823497202381085,0.04795995790510815,1.0,1.0,-0.3680211687594408,98,168,2000,100,2,100,0.0,0,0.3,0.0,0.0,1.0,0.7,0.5,1.0,0.25,1.0,0.25
s1_0.5,0.9623217490750643,0.04669668092427568,1.0,1.0,-0.8068721412135383,99,169,2000,100,2,100,0.0,0,0.3,0.0,0.0,1.0,0.7,0.5,1.0,0.25,1.0,0.25
s1_1.0,1.0114077114330948,0.023628545759907364,1.0,1.0,0.4827936322874044,0,71,2000,100,2,100,0.0,0,0.3,0.0,0.0,1.0,0.7,1.0,1.0,0.25,1.0,0.25
s1_1.0,1.018941529275994,0.022471060079965365,1.0,1.0,0.8429299378217502,1,72,2000,100,2,100,0.0,0,0.3,0.0,0.0,1.0,0.7,1.0,1.0,0.25,1.0,0.25
s1_1.0,0.9753281693151082,0.02295652542846887,1.0,1.0,-1.074719724540531,2,73,2000,100,2,100,0.0,0,0.3,0.0,0.0,1.0,0.7,1.0,1.0,0.25,1.0,0.25
s1_1.0,0.9646262912528468,0.02170176204028302,1.0,1.0,-1.6299924716477934,3,74,2000,100,2,100,0.0,0,0.3,0.0,0.0,1.0,0.7,1.0,1.0,0.25,1.0,0.25
s1_1.0,1.015166498115045,0.022427378566238935,1.0,1.0,0.6762492580330318,4,75,2000,100,2,100,0.0,0,0.3,0.0,0.0,1.0,0.7,1.0,1.0,0.25,1.0,0.25
s1_1.0,1.0175239384538937,0.02196571344661571,1.0,1.0,0.7977859902653697,5,76,2000,100,2,100,0.0,0,0.3,0.0,0.0,1.0,0.7,1.0,1.0,0.25,1.0,0.25
s1_1.0,1.0044510284076247,0.02373324535516582,1.0,1.0,0.18754402699738074,6,77,2000,100,2,100,0.0,0,0.3,0.0,0.0,1.0,0.7,1.0,1.0,0.25,1.0,0.25
s1_1.0,0.969111071029148,0.02151308621987239,1.0,1.0,-1.4358204422719631,7,78,2000,100,2,100,0.0,0,0.3,0.0,0.0,1.0,0.7,1.0,1.0,0.25,1.0,0.25
s1_1.0,1.0099022873293317,0.02217120421176538,1.0,1.0,0.4466283037561391,8,79,2000,100,2,100,0.0,0,0.3,0.0,0.0,1.0,0.7,1.0,1.0,0.25,1.0,0.25
s1_1.0,0.9983615610824274,0.021848147761152625,1.0,1.0,-0.0749921199492204,9,80,2000,100,2,100,0.0,0,0.3,0.0,0.0,1.0,0.7,1.0,1.0,0.25,1.0,0.25
s1_1.0,0.97778689452457,0.022835571150871686,1.0,1.0,-0.9727414010655064,10,81,2000,100,2,100,0.0,0,0.3,0.0,0.0,1.0,0.7,1.0,1.0,0.25,1.0,0.25
s1_1.0,0.9893550607338572,0.021544793890904645,1.0,1.0,-0.49408406133032073,11,82,2000,100,2,100,0.0,0,0.3,0.0,0.0,1.0,0.7,1.0,1.0,0.25,1.0,0.25
s1_1.0,0.9734265941538273,0.022817542115739463,1.0,1.0,-1.164604220357393,12,83,2000,100,2,100,0.0,0,0.3,0.0,0.0,1.0,0.7,1.0,1.0,0.25,1.0,0.25
s1_1.0,0.9774372510236083,0.022734533448897237,1.0,1.0,-0.9924438971711596,13,84,2000,100,2,100,0.0,0,0.3,0.0,0.0,1.0,0.7,1.0,1.0,0.25,1.0,0.25
s1_1.0,0.9859487249386804,0.0238785545510389,1.0,1.0,-0.5884474720312712,14,85,2000,100,2,100,0.0,0,0.3,0.0,0.0,1.0,0.7,1.0,1.0,0.25,1.0,0.25
s1_1.0,0.986154341121804,0.022707313573845787,1.0,1.0,-0.6097444699113763,15,86,2000,100,2,100,0.0,0,0.3,0.0,0.0,1.0,0.7,1.0,1.0,0.25,1.0,0.25
s1_1.0,0.9621237215062053,0.022245443730022442,1.0,1.0,-1.7026533142459597,16,87,2000,100,2,100,0.0,0,0.3,0.0,0.0,1.0,0.7,1.0,1.0,0.25,1.0,0.25
s1_1.0,0.9684885204266077,0.02288305685829938,1.0,1.0,-1.377065999902172,17,88,2000,100,2,100,0.0,0,0.3,0.0,0.0,1.0,0.7,1.0,1.0,0.25,1.0,0.25
s1_1.0,0.9906710085144559,0.02212366399545836,1.0,1.0,-0.4216747952535895,18,89,2000,100,2,100,0.0,0,0.3,0.0,0.0,1.0,0.7,1.0,1.0,0.25,1.0,0.25
s1_1.0,1.0033217288807372,0.02258321969692964,1.0,1.0,0.14708836584487744,19,90,2000,100,2,100,0.0,0,0.3,0.0,0.0,1.0,0.7,1.0,1.0,0.25,1.0,0.25
s1_1.0,0.9444849835697385,0.023881932407863023,1.0,1.0,-2.3245613245259578,20,91,2000,100,2,100,0.0,0,0.3,0.0,0.0,1.0,0.7,1.0,1.0,0.25,1.0,0.25
s1_1.0,1.0121343908661513,0.021998387623463317,1.0,1.0,0.5516036481332324,21,92,2000,100,2,100,0.0,0,0.3,0.0,0.0,1.0,0.7,1.0,1.0,0.25,1.0,0.25
s1_1.0,0.9914726509632547,0.023546412422039913,1.0,1.0,-0.3621506700852474,22,93,2000,100,2,100,0.0,0,0.3,0.0,0.0,1.0,0.7,1.0,1.0,0.25,1.0,0.25
s1_1.0,1.0036521068389277,0.02237854390626696,1.0,1.0,0.16319680378779897,23,94,2000,100,2,100,0.0,0,0.3,0.0,0.0,1.0,0.7,1.0,1.0,0.25,1.0,0.25
s1_1.0,1.0142226987560554,0.023214534387287114,1.0,1.0,0.612663537367527,24,95,2000,100,2,100,0.0,0,0.3,0.0,0.0,1.0,0.7,1.0,1.0,0.25,1.0,0.25
s1_1.0,0.943173667487674,0.02253238831920496,1.0,1.0,-2.5219844300256193,25,96,2000,100,2,100,0.0,0,0.3,0.0,0.0,1.0,0.7,1.0,1.0,0.25,1.0,0.25
s1_1.0,1.0081537010036392,0.022220583575868362,1.0,1.0,0.3669436032496538,26,97,2000,100,2,100,0.0,0,0.3,0.0,0.0,1.0,0.7,1.0,1.0,0.25,1.0,0.25
s1_1.0,0.9895069168828735,0.02343198872687396,1.0,1.0,-0.447810181177326,27,98,2000,100,2,100,0.0,0,0.3,0.0,0.0,1.0,0.7,1.0,1.0,0.25,1.0,0.25
s1_1.0,1.0513540611936505,0.023054165776876145,1.0,1.0,2.2275393389059337,28,99,2000,100,2,100,0.0,0,0.3,0.0,0.0,1.0,0.7,1.0,1.0,0.25,1.0,0.25
s1_1.0,0.9577895067953763,0.021335676530150373,1.0,1.0,-1.9783995667994958,29,100,2000,100,2,100,0.0,0,0.3,0.0,0.0,1.0,0.7,1.0,1.0,0.25,1.0,0.25
s1_1.0,0.9878761627584685,0.023804715703061842,1.0,1.0,-0.5093040132368452,30,101,2000,100,2,100,0.0,0,0.3,0.0,0.0,1.0,0.7,1.0,1.0,0.25,1.0,0.25
s1_1.0,0.9239181693291002,0.021920585547490302,1.0,1.0,-3.470793720636283,31,102,2000,100,2,100,0.0,0,0.3,0.0,0.0,1.0,0.7,1.0,1.0,0.25,1.0,0.25
s1_1.0,0.9677112030291674,0.02233180764845626,1.0,1.0,-1.4458658017800312,32,103,2000,100,2,100,0.0,0,0.3,0.0,0.0,1.0,0.7,1.0,1.0,0.25,1.0,0.25
s1_1.0,1.0020675033775384,0.022051508768990914,1.0,1.0,0.09375791013654844,33,104,2000,100,2,100,0.0,0,0.3,0.0,0.0,1.0,0.7,1.0,1.0,0.25,1.0,0.25
s1_1.0,1.036779705824931,0.02462613769918203,1.0,1.0,1.4935231124835593,34,105,2000,100,2,100,0.0,0,0.3,0.0,0.0,1.0,0.7,1.0,1.0,0.25,1.0,0.25
s1_1.0,0.9678766875521821,0.024316327554356674,1.0,1.0,-1.321059373624963,35,106,2000,100,2,100,0.0,0,0.3,0.0,0.0,1.0,0.7,1.0,1.0,0.25,1.0,0.25
s1_1.0,0.9770875289865395,0.022266826160540584,1.0,1.0,-1.0289958186346322,36,107,2000,100,2,100,0.0,0,0.3,0.0,0.0,1.0,0.7,1.0,1.0,0.25,1.0,0.25
s1_1.0,0.9858465978880395,0.023152014087272937,1.0,1.0,-0.6113248747434397,37,108,2000,100,2,100,0.0,0,0.3,0.0,0.0,1.0,0.7,1.0,1.0,0.25,1.0,0.25
s1_1.0,1.0062289226032057,0.023508310134273906,1.0,1.0,0.26496683800867016,38,109,2000,100,2,100,0.0,0,0.3,0.0,0.0,1.0,0.7,1.0,1.0,0.25,1.0,0.25
s1_1.0,0.9782395190999262,0.022898368206315092,1.0,1.0,-0.950307056992493,39,110,2000,100,2,100,0.0,0,0.3,0.0,0.0,1.0,0.7,1.0,1.0,0.25,1.0,0.25
s1_1.0,1.0027272876474438,0.023119539241016597,1.0,1.0,0.11796461940752179,40,111,2000,100,2,100,0.0,0,0.3,0.0,0.0,1.0,0.7,1.0,1.0,0.25,1.0,0.25
s1_1.0,1.0338646927604322,0.023569860555447124,1.0,1.0,1.4367795125799305,41,112,2000,100,2,100,0.0,0,0.3,0.0,0.0,1.0,0.7,1.0,1.0,0.25,1.0,0.25
s1_1.0,0.944465753791362,0.02296749375655915,1.0,1.0,-2.4179497683667948,42,113,2000,100,2,100,0.0,0,0.3,0.0,0.0,1.0,0.7,1.0,1.0,0.25,1.0,0.25
s1_1.0,0.9715173112116814,0.022408214203702065,1.0,1.0,-1.2710824936515013,43,114,2000,100,2,100,0.0,0,0.3,0.0,0.0,1.0,0.7,1.0,1.0,0.25,1.0,0.25
s1_1.0,0.9683017694573345,0.022760718002089942,1.0,1.0,-1.3926726977485908,44,115,2000,100,2,100,0.0,0,0.3,0.0,0.0,1.0,0.7,1.0,1.0,0.25,1.0,0.25
s1_1.0,1.0536981802981735,0.021915294442274205,1.0,1.0,2.450260499105625,45,116,2000,100,2,100,0.0,0,0.3,0.0,0.0,1.0,0.7,1.0,1.0,0.25,1.0,0.25
s1_1.0,1.017460758461648,0.022979300599620094,1.0,1.0,0.7598472540951327,46,117,2000,100,2,100,0.0,0,0.3,0.0,0.0,1.0,0.7,1.0,1.0,0.25,1.0,0.25
s1_1.0,0.9604928505722012,0.024055828339325628,1.0,1.0,-1.642310914033829,47,118,2000,100,2,100,0.0,0,0.3,0.0,0.0,1.0,0.7,1.0,1.0,0.25,1.0,0.25
s1_1.0,0.9782875160536442,0.02414230242362153,1.0,1.0,-0.8993543186300121,48,119,2000,100,2,100,0.0,0,0.3,0.0,0.0,1.0,0.7,1.0,1.0,0.25,1.0,0.25
s1_1.0,0.9928605473538484,0.023005977761372358,1.0,1.0,-0.3103303289347213,49,120,2000,100,2,100,0.0,0,0.3,0.0,0.0,1.0,0.7,1.0,1.0,0.25,1.0,0.25
s1_1.0,0.9805765635364282,0.022227885038021106,1.0,1.0,-0.8738319651351332,50,121,2000,100,2,100,0.0,0,0.3,0.0,0.0,1.0,0.7,1.0,1.0,0.25,1.0,0.25
s1_1.0,0.9587707972029067,0.02350318498217108,1.0,1.0,-1.754196413310312,51,122,2000,100,2,100,0.0,0,0.3,0.0,0.0,1.0,0.7,1.0,1.0,0.25,1.0,0.25
s1_1.0,0.9652463194170123,0.022647236315036432,1.0,1.0,-1.5345660768291303,52,123,2000,100,2,100,0.0,0,0.3,0.0,0.0,1.0,0.7,1.0,1.0,0.25,1.0,0.25
s1_1.0,1.0134212955527897,0.022540495982777218,1.0,1.0,0.595430356237266,53,124,2000,100,2,100,0.0,0,0.3,0.0,0.0,1.0,0.7,1.0,1.0,0.25,1.0,0.25
s1_1.0,0.9694258503733828,0.022124091982791916,1.0,1.0,-1.381939184233989,54,125,2000,100,2,100,0.0,0,0.3,0.0,0.0,1.0,0.7,1.0,1.0,0.25,1.0,0.25
s1_1.0,0.9592730940472525,0.023310810526583348,1.0,1.0,-1.7471252621740925,55,126,2000,100,2,100,0.0,0,0.3,0.0,0.0,1.0,0.7,1.0,1.0,0.25,1.0,0.25
s1_1.0,1.0165261966479853,0.02229137553517146,1.0,1.0,0.7413717750127237,56,127,2000,100,2,100,0.0,0,0.3,0.0,0.0,1.0,0.7,1.0,1.0,0.25,1.0,0.25
s1_1.0,0.9925172238562794,0.023103588598103644,1.0,1.0,-0.32387938834466634,57,128,2000,100,2,100,0.0,0,0.3,0.0,0.0,1.0,0.7,1.0,1.0,0.25,1.0,0.25
s1_1.0,0.9967348946729593,0.022621930866288692,1.0,1.0,-0.14433362679515538,58,129,2000,100,2,100,0.0,0,0.3,0.0,0.0,1.0,0.7,1.0,1.0,0.25,1.0,0.25
s1_1.0,0.973809183056853,0.022866200543899755,1.0,1.0,-1.145394351495537,59,130,2000,100,2,100,0.0,0,0.3,0.0,0.0,1.0,0.7,1.0,1.0,0.25,1.0,0.25
s1_1.0,0.9685031534434108,0.02401670215611472,1.0,1.0,-1.3114559339517835,60,131,2000,100,2,100,0.0,0,0.3,0.0,0.0,1.0,0.7,1.0,1.0,0.25,1.0,0.25
s1_1.0,0.9553295466496551,0.021734286682262294,1.0,1.0,-2.055298800618159,61,132,2000,100,2,100,0.0,0,0.3,0.0,0.0,1.0,0.7,1.0,1.0,0.25,1.0,0.25
s1_1.0,0.9618994694401377,0.023177403861589597,1.0,1.0,-1.6438653262198972,62,133,2000,100,2,100,0.0,0,0.3,0.0,0.0,1.0,0.7,1.0,1.0,0.25,1.0,0.25
s1_1.0,0.9743256576141485,0.023082888178993455,1.0,1.0,-1.1122673292338014,63,134,2000,100,2,100,0.0,0,0.3,0.0,0.0,1.0,0.7,1.0,1.0,0.25,1.0,0.25
s1_1.0,1.0115122650033272,0.022691267979581462,1.0,1.0,0.5073433980721773,64,135,2000,100,2,100,0.0,0,0.3,0.0,0.0,1.0,0.7,1.0,1.0,0.25,1.0,0.25
s1_1.0,0.9897342501600721,0.022913687157080247,1.0,1.0,-0.44801824209054963,65,136,2000,100,2,100,0.0,0,0.3,0.0,0.0,1.0,0.7,1.0,1.0,0.25,1.0,0.25
s1_1.0,0.9818144272999767,0.022878502273201474,1.0,1.0,-0.7948760142977019,66,137,2000,100,2,100,0.0,0,0.3,0.0,0.0,1.0,0.7,1.0,1.0,0.25,1.0,0.25
s1_1.0,1.016894314250199,0.022275314197338046,1.0,1.0,0.7584321415415927,67,138,2000,100,2,100,0.0,0,0.3,0.0,0.0,1.0,0.7,1.0,1.0,0.25,1.0,0.25
s1_1.0,1.0125604739848029,0.022940410300439633,1.0,1.0,0.5475261261810194,68,139,2000,100,2,100,0.0,0,0.3,0.0,0.0,1.0,0.7,1.0,1.0,0.25,1.0,0.25
s1_1.0,0.9554246326644523,0.02255397516874863,1.0,1.0,-1.976386291198567,69,140,2000,100,2,100,0.0,0,0.3,0.0,0.0,1.0,0.7,1.0,1.0,0.25,1.0,0.25
s1_1.0,0.9326032802027483,0.022699829829468752,1.0,1.0,-2.969040750682535,70,141,2000,100,2,100,0.0,0,0.3,0.0,0.0,1.0,0.7,1.0,1.0,0.25,1.0,0.25
s1_1.0,0.9781804483868919,0.022962748331228685,1.0,1.0,-0.9502151614593164,71,142,2000,100,2,100,0.0,0,0.3,0.0,0.0,1.0,0.7,1.0,1.0,0.25,1.0,0.25
s1_1.0,0.9753369452827311,0.02267135935455452,1.0,1.0,-1.0878507252947005,72,143,2000,100,2,100,0.0,0,0.3,0.0,0.0,1.0,0.7,1.0,1.0,0.25,1.0,0.25
s1_1.0,1.0139461053601788,0.023349811120582663,1.0,1.0,0.597268444192486,73,144,2000,100,2,100,0.0,0,0.3,0.0,0.0,1.0,0.7,1.0,1.0,0.25,1.0,0.25
s1_1.0,0.9726573267426406,0.021969093824123216,1.0,1.0,-1.2445972271890298,74,145,2000,100,2,100,0.0,0,0.3,0.0,0.0,1.0,0.7,1.0,1.0,0.25,1.0,0.25
s1_1.0,0.9553383451915443,0.022998521315052842,1.0,1.0,-1.9419359269512726,75,146,2000,100,2,100,0.0,0,0.3,0.0,0.0,1.0,0.7,1.0,1.0,0.25,1.0,0.25
s1_1.0,0.9647766413783031,0.023899078228389596,1.0,1.0,-1.4738375382133042,76,147,2000,100,2,100,0.0,0,0.3,0.0,0.0,1.0,0.7,1.0,1.0,0.25,1.0,0.25
s1_1.0,0.988811160012669,0.02283334921466863,1.0,1.0,-0.4900218483998419,77,148,2000,100,2,100,0.0,0,0.3,0.0,0.0,1.0,0.7,1.0,1.0,0.25,1.0,0.25
s1_1.0,0.9701498050903943,0.02216318534172574,1.0,1.0,-1.3468368580308696,78,149,2000,100,2,100,0.0,0,0.3,0.0,0.0,1.0,0.7,1.0,1.0,0.25,1.0,0.25
s1_1.0,0.934164634250121,0.021785518266089755,1.0,1.0,-3.0219784053682606,79,150,2000,100,2,100,0.0,0,0.3,0.0,0.0,1.0,0.7,1.0,1.0,0.25,1.0,0.25
s1_1.0,0.9850650803699239,0.021540159659476508,1.0,1.0,-0.6933523180040838,80,151,2000,100,2,100,0.0,0,0.3,0.0,0.0,1.0,0.7,1.0,1.0,0.25,1.0,0.25
s1_1.0,0.9929438546125277,0.02300237957271048,1.0,1.0,-0.30675719288814807,81,152,2000,100,2,100,0.0,0,0.3,0.0,0.0,1.0,0.7,1.0,1.0,0.25,1.0,0.25
s1_1.0,1.008278956121542,0.023773221117632998,1.0,1.0,0.3482471340579635,82,153,2000,100,2,100,0.0,0,0.3,0.0,0.0,1.0,0.7,1.0,1.0,0.25,1.0,0.25
s1_1.0,0.9927789803364377,0.02434997779591797,1.0,1.0,-0.29655138596359576,83,154,2000,100,2,100,0.0,0,0.3,0.0,0.0,1.0,0.7,1.0,1.0,0.25,1.0,0.25
s1_1.0,0.9813775386780392,0.022729645511847394,1.0,1.0,-0.8193027608923407,84,155,2000,100,2,100,0.0,0,0.3,0.0,0.0,1.0,0.7,1.0,1.0,0.25,1.0,0.25
s1_1.0,1.0241799788008001,0.02278273049334109,1.0,1.0,1.0613292734102893,85,156,2000,100,2,100,0.0,0,0.3,0.0,0.0,1.0,0.7,1.0,1.0,0.25,1.0,0.25
s1_1.0,1.0110123210450042,0.02352451952921301,1.0,1.0,0.46812097612998793,86,157,2000,100,2,100,0.0,0,0.3,0.0,0.0,1.0,0.7,1.0,1.0,0.25,1.0,0.25
s1_1.0,0.9704910684176506,0.02297610178551919,1.0,1.0,-1.2843315135793623,87,158,2000,100,2,100,0.0,0,0.3,0.0,0.0,1.0,0.7,1.0,1.0,0.25,1.0,0.25
s1_1.0,1.0024463013056792,0.022619329160327366,1.0,1.0,0.10815092208702085,88,159,2000,100,2,100,0.0,0,0.3,0.0,0.0,1.0,0.7,1.0,1.0,0.25,1.0,0.25
s1_1.0,1.0040307830006678,0.02294824988170157,1.0,1.0,0.175646640656545,89,160,2000,100,2,100,0.0,0,0.3,0.0,0.0,1.0,0.7,1.0,1.0,0.25,1.0,0.25
s1_1.0,1.0033044497904569,0.02316752172035888,1.0,1.0,0.14263285604489187,90,161,2000,100,2,100,0.0,0,0.3,0.0,0.0,1.0,0.7,1.0,1.0,0.25,1.0,0.25
s1_1.0,0.9819630052390454,0.02209362008953274,1.0,1.0,-0.81638928739885,91,162,2000,100,2,100,0.0,0,0.3,0.0,0.0,1.0,0.7,1.0,1.0,0.25,1.0,0.25
s1_1.0,0.9951593258525934,0.023433280662741546,1.0,1.0,-0.20657261853664424,92,163,2000,100,2,100,0.0,0,0.3,0.0,0.0,1.0,0.7,1.0,1.0,0.25,1.0,0.25
s1_1.0,0.9742406343246371,0.023981157380409457,1.0,1.0,-1.0741502283124185,93,164,2000,100,2,100,0.0,0,0.3,0.0,0.0,1.0,0.7,1.0,1.0,0.25,1.0,0.25
s1_1.0,0.9912623865688319,0.02307192571445296,1.0,1.0,-0.3787119263172112,94,165,2000,100,2,100,0.0,0,0.3,0.0,0.0,1.0,0.7,1.0,1.0,0.25,1.0,0.25
s1_1.0,0.9964868273399454,0.022036420467421193,1.0,1.0,-0.15942574091143685,95,166,2000,100,2,100,0.0,0,0.3,0.0,0.0,1.0,0.7,1.0,1.0,0.25,1.0,0.25
s1_1.0,1.0385094093110985,0.021431025839441117,1.0,1.0,1.796899952415098,96,167,2000,100,2,100,0.0,0,0.3,0.0,0.0,1.0,0.7,1.0,1.0,0.25,1.0,0.25
s1_1.0,0.9952287914765338,0.024401300905496352,1.0,1.0,-0.19553090804234682,97,168,2000,100,2,100,0.0,0,0.3,0.0,0.0,1.0,0.7,1.0,1.0,0.25,1.0,0.25
s1_1.0,0.9714962749440994,0.023050972481119866,1.0,1.0,-1.2365519536864167,98,169,2000,100,2,100,0.0,0,0.3,0.0,0.0,1.0,0.7,1.0,1.0,0.25,1.0,0.25
s1_1.0,0.9991599554038222,0.023222227121451645,1.0,1.0,-0.036174161581677855,99,170,2000,100,2,100,0.0,0,0.3,0.0,0.0,1.0,0.7,1.0,1.0,0.25,1.0,0.25
s1_2.0,0.999505280760648,0.01171690862363381,1.0,1.0,-0.04222267624022234,0,72,2000,100,2,100,0.0,0,0.3,0.0,0.0,1.0,0.7,2.0,1.0,0.25,1.0,0.25
s1_2.0,0.9937730481523368,0.01166104236644867,1.0,1.0,-0.5339961602042952,1,73,2000,100,2,100,0.0,0,0.3,0.0,0.0,1.0,0.7,2.0,1.0,0.25,1.0,0.25
s1_2.0,0.9789290624758843,0.011379174075676516,1.0,1.0,-1.8517106236344307,2,74,2000,100,2,100,0.0,0,0.3,0.0,0.0,1.0,0.7,2.0,1.0,0.25,1.0,0.25
s1_2.0,0.9969415241995506,0.011916913889237156,1.0,1.0,-0.25664998747802165,3,75,2000,100,2,100,0.0,0,0.3,0.0,0.0,1.0,0.7,2.0,1.0,0.25,1.0,0.25
s1_2.0,1.0033528084332868,0.011466643157604837,1.0,1.0,0.2923966837725434,4,76,2000,100,2,100,0.0,0,0.3,0.0,0.0,1.0,0.7,2.0,1.0,0.25,1.0,0.25
s1_2.0,0.993208899495716,0.011912210575996979,1.0,1.0,-0.5700957400776661,5,77,2000,100,2,100,0.0,0,0.3,0.0,0.0,1.0,0.7,2.0,1.0,0.25,1.0,0.25
s1_2.0,0.9852564282218559,0.011176767441977018,1.0,1.0,-1.3191266486203437,6,78,2000,100,2,100,0.0,0,0.3,0.0,0.0,1.0,0.7,2.0,1.0,0.25,1.0,0.25
s1_2.0,1.0056616361705466,0.0116682558341896,1.0,1.0,0.48521700680895485,7,79,2000,100,2,100,0.0,0,0.3,0.0,0.0,1.0,0.7,2.0,1.0,0.25,1.0,0.25
s1_2.0,0.9958461609053942,0.011158415458499861,1.0,1.0,-0.3722606592355903,8,80,2000,100,2,100,0.0,0,0.3,0.0,0.0,1.0,0.7,2.0,1.0,0.25,1.0,0.25
s1_2.0,0.9777819597241918,0.011489375243454407,1.0,1.0,-1.9337901152167527,9,81,2000,100,2,100,0.0,0,0.3,0.0,0.0,1.0,0.7,2.0,1.0,0.25,1.0,0.25
s1_2.0,0.9980530716516072,0.011339273337210356,1.0,1.0,-0.1716978055378463,10,82,2000,100,2,100,0.0,0,0.3,0.0,0.0,1.0,0.7,2.0,1.0,0.25,1.0,0.25
s1_2.0,0.9847297117498583,0.01170098027457283,1.0,1.0,-1.3050434999301053,11,83,2000,100,2,100,0.0,0,0.3,0.0,0.0,1.0,0.7,2.0,1.0,0.25,1.0,0.25
s1_2.0,0.982511495399162,0.011947670672840301,1.0,1.0,-1.4637585082248032,12,84,2000,100,2,100,0.0,0,0.3,0.0,0.0,1.0,0.7,2.0,1.0,0.25,1.0,0.25
s1_2.0,0.9896618733231324,0.012280715933504431,1.0,1.0,-0.8418179145942941,13,85,2000,100,2,100,0.0,0,0.3,0.0,0.0,1.0,0.7,2.0,1.0,0.25,1.0,0.25
s1_2.0,0.9930404221380327,0.011790763369485383,1.0,1.0,-0.5902567665787259,14,86,2000,100,2,100,0.0,0,0.3,0.0,0.0,1.0,0.7,2.0,1.0,0.25,1.0,0.25
s1_2.0,0.9742820708397418,0.011416248922366087,1.0,1.0,-2.2527477576170414,15,87,2000,100,2,100,0.0,0,0.3,0.0,0.0,1.0,0.7,2.0,1.0,0.25,1.0,0.25
s1_2.0,0.982844581582236,0.011986787527468746,1.0,1.0,-1.4311940024340064,16,88,2000,100,2,100,0.0,0,0.3,0.0,0.0,1.0,0.7,2.0,1.0,0.25,1.0,0.25
s1_2.0,0.9866867700438454,0.011228610054145102,1.0,1.0,-1.185652533301745,17,89,2000,100,2,100,0.0,0,0.3,0.0,0.0,1.0,0.7,2.0,1.0,0.25,1.0,0.25
s1_2.0,0.9876646978514716,0.011512261401075871,1.0,1.0,-1.0714925346792088,18,90,2000,100,2,100,0.0,0,0.3,0.0,0.0,1.0,0.7,2.0,1.0,0.25,1.0,0.25
s1_2.0,0.9707548919278176,0.012160439368050054,1.0,1.0,-2.40493843906825,19,91,2000,100,2,100,0.0,0,0.3,0.0,0.0,1.0,0.7,2.0,1.0,0.25,1.0,0.25
s1_2.0,1.0020076782887612,0.01137176809790709,1.0,1.0,0.17654935199837146,20,92,2000,100,2,100,0.0,0,0.3,0.0,0.0,1.0,0.7,2.0,1.0,0.25,1.0,0.25
s1_2.0,0.9891918629522569,0.012200205403608035,1.0,1.0,-0.8858979574677269,21,93,2000,100,2,100,0.0,0,0.3,0.0,0.0,1.0,0.7,2.0,1.0,0.25,1.0,0.25
s1_2.0,1.000719793784453,0.011464506459965494,1.0,1.0,0.06278454174774285,22,94,2000,100,2,100,0.0,0,0.3,0.0,0.0,1.0,0.7,2.0,1.0,0.25,1.0,0.25
s1_2.0,1.002486337518488,0.01195147964267825,1.0,1.0,0.2080359581260068,23,95,2000,100,2,100,0.0,0,0.3,0.0,0.0,1.0,0.7,2.0,1.0,0.25,1.0,0.25
s1_2.0,0.9667568084021017,0.0119479082224292,1.0,1.0,-2.782344070528814,24,96,2000,100,2,100,0.0,0,0.3,0.0,0.0,1.0,0.7,2.0,1.0,0.25,1.0,0.25
s1_2.0,0.9921461598778694,0.011154323424922738,1.0,1.0,-0.704107261636538,25,97,2000,100,2,100,0.0,0,0.3,0.0,0.0,1.0,0.7,2.0,1.0,0.25,1.0,0.25
s1_2.0,0.9927517723768746,0.012040216691422412,1.0,1.0,-0.6020014264601318,26,98,2000,100,2,100,0.0,0,0.3,0.0,0.0,1.0,0.7,2.0,1.0,0.25,1.0,0.25
s1_2.0,1.016317705037782,0.011964757744397977,1.0,1.0,1.3638140768393066,27,99,2000,100,2,100,0.0,0,0.3,0.0,0.0,1.0,0.7,2.0,1.0,0.25,1.0,0.25
s1_2.0,0.9744251464974877,0.011011393707565813,1.0,1.0,-2.322580972192476,28,100,2000,100,2,100,0.0,0,0.3,0.0,0.0,1.0,0.7,2.0,1.0,0.25,1.0,0.25
s1_2.0,0.9931546008623721,0.012322728236381444,1.0,1.0,-0.5555100304344683,29,101,2000,100,2,100,0.0,0,0.3,0.0,0.0,1.0,0.7,2.0,1.0,0.25,1.0,0.25
s1_2.0,0.9658198015188694,0.011247309799331766,1.0,1.0,-3.038966569869123,30,102,2000,100,2,100,0.0,0,0.3,0.0,0.0,1.0,0.7,2.0,1.0,0.25,1.0,0.25
s1_2.0,0.9823195956449037,0.011389832582392853,1.0,1.0,-1.5522971235264553,31,103,2000,100,2,100,0.0,0,0.3,0.0,0.0,1.0,0.7,2.0,1.0,0.25,1.0,0.25
s1_2.0,0.9994436305211737,0.011535328809002918,1.0,1.0,-0.04823178324939348,32,104,2000,100,2,100,0.0,0,0.3,0.0,0.0,1.0,0.7,2.0,1.0,0.25,1.0,0.25
s1_2.0,1.013273328152741,0.012321308210592368,1.0,1.0,1.077266141376958,33,105,2000,100,2,100,0.0,0,0.3,0.0,0.0,1.0,0.7,2.0,1.0,0.25,1.0,0.25
s1_2.0,0.9818830483891581,0.012291310082624305,1.0,1.0,-1.473964247021404,34,106,2000,100,2,100,0.0,0,0.3,0.0,0.0,1.0,0.7,2.0,1.0,0.25,1.0,0.25
s1_2.0,0.9800749141125302,0.011269047907663922,1.0,1.0,-1.7681250493148584,35,107,2000,100,2,100,0.0,0,0.3,0.0,0.0,1.0,0.7,2.0,1.0,0.25,1.0,0.25
s1_2.0,0.9889571676144405,0.01162252133774584,1.0,1.0,-0.9501236491342253,36,108,2000,100,2,100,0.0,0,0.3,0.0,0.0,1.0,0.7,2.0,1.0,0.25,1.0,0.25
s1_2.0,1.001323036984004,0.012172891220964351,1.0,1.0,0.10868716067432597,37,109,2000,100,2,100,0.0,0,0.3,0.0,0.0,1.0,0.7,2.0,1.0,0.25,1.0,0.25
s1_2.0,0.9871502146933698,0.011910497880748374,1.0,1.0,-1.0788621462583876,38,110,2000,100,2,100,0.0,0,0.3,0.0,0.0,1.0,0.7,2.0,1.0,0.25,1.0,0.25
s1_2.0,0.9941384014295817,0.011902653061185261,1.0,1.0,-0.49246151595673343,39,111,2000,100,2,100,0.0,0,0.3,0.0,0.0,1.0,0.7,2.0,1.0,0.25,1.0,0.25
s1_2.0,1.0074415321673043,0.012157789472770093,1.0,1.0,0.6120793738015549,40,112,2000,100,2,100,0.0,0,0.3,0.0,0.0,1.0,0.7,2.0,1.0,0.25,1.0,0.25
s1_2.0,0.9703753892675606,0.011768610684275807,1.0,1.0,-2.5172564143039593,41,113,2000,100,2,100,0.0,0,0.3,0.0,0.0,1.0,0.7,2.0,1.0,0.25,1.0,0.25
s1_2.0,0.9822079169365943,0.011484441283966551,1.0,1.0,-1.5492336652236882,42,114,2000,100,2,100,0.0,0,0.3,0.0,0.0,1.0,0.7,2.0,1.0,0.25,1.0,0.25
s1_2.0,0.9773812022356806,0.011748974993571058,1.0,1.0,-1.925172006638556,43,115,2000,100,2,100,0.0,0,0.3,0.0,0.0,1.0,0.7,2.0,1.0,0.25,1.0,0.25
s1_2.0,1.0169738937267412,0.011274364113672893,1.0,1.0,1.5055300286209699,44,116,2000,100,2,100,0.0,0,0.3,0.0,0.0,1.0,0.7,2.0,1.0,0.25,1.0,0.25
s1_2.0,0.9997312037620986,0.011877597930355218,1.0,1.0,-0.022630521716388626,45,117,2000,100,2,100,0.0,0,0.3,0.0,0.0,1.0,0.7,2.0,1.0,0.25,1.0,0.25
s1_2.0,0.9772161437657249,0.012502087140212286,1.0,1.0,-1.8224042096932844,46,118,2000,100,2,100,0.0,0,0.3,0.0,0.0,1.0,0.7,2.0,1.0,0.25,1.0,0.25
s1_2.0,0.9817451112957655,0.012607009207029268,1.0,1.0,-1.4479951909653705,47,119,2000,100,2,100,0.0,0,0.3,0.0,0.0,1.0,0.7,2.0,1.0,0.25,1.0,0.25
s1_2.0,0.9857987598121402,0.011922645417929627,1.0,1.0,-1.1911148650368815,48,120,2000,100,2,100,0.0,0,0.3,0.0,0.0,1.0,0.7,2.0,1.0,0.25,1.0,0.25
s1_2.0,0.9902328051207662,0.011399850660376468,1.0,1.0,-0.8567827044596811,49,121,2000,100,2,100,0.0,0,0.3,0.0,0.0,1.0,0.7,2.0,1.0,0.25,1.0,0.25
s1_2.0,0.9890152487871823,0.01203009312435721,1.0,1.0,-0.9131060831588249,50,122,2000,100,2,100,0.0,0,0.3,0.0,0.0,1.0,0.7,2.0,1.0,0.25,1.0,0.25
s1_2.0,0.9792641553227489,0.011822480504215494,1.0,1.0,-1.7539335057357377,51,123,2000,100,2,100,0.0,0,0.3,0.0,0.0,1.0,0.7,2.0,1.0,0.25,1.0,0.25
s1_2.0,1.0049351324965072,0.01160746182018095,1.0,1.0,0.42516896225554834,52,124,2000,100,2,100,0.0,0,0.3,0.0,0.0,1.0,0.7,2.0,1.0,0.25,1.0,0.25
s1_2.0,0.9775993512007907,0.011434738355331996,1.0,1.0,-1.9589996817691901,53,125,2000,100,2,100,0.0,0,0.3,0.0,0.0,1.0,0.7,2.0,1.0,0.25,1.0,0.25
s1_2.0,0.9771950200979554,0.011924004831256772,1.0,1.0,-1.9125268921616951,54,126,2000,100,2,100,0.0,0,0.3,0.0,0.0,1.0,0.7,2.0,1.0,0.25,1.0,0.25
s1_2.0,1.0074142265339363,0.011582563716304025,1.0,1.0,0.6401196415176875,55,127,2000,100,2,100,0.0,0,0.3,0.0,0.0,1.0,0.7,2.0,1.0,0.25,1.0,0.25
s1_2.0,0.9887985417816434,0.011692229947700672,1.0,1.0,-0.958025823000464,56,128,2000,100,2,100,0.0,0,0.3,0.0,0.0,1.0,0.7,2.0,1.0,0.25,1.0,0.25
s1_2.0,0.9893880645293578,0.011807649346313414,1.0,1.0,-0.8987339612990344,57,129,2000,100,2,100,0.0,0,0.3,0.0,0.0,1.0,0.7,2.0,1.0,0.25,1.0,0.25
s1_2.0,0.9857349002841908,0.011708828895768703,1.0,1.0,-1.2183199398331221,58,130,2000,100,2,100,0.0,0,0.3,0.0,0.0,1.0,0.7,2.0,1.0,0.25,1.0,0.25
s1_2.0,0.984032999423214,0.012768992611506672,1.0,1.0,-1.2504510780590072,59,131,2000,100,2,100,0.0,0,0.3,0.0,0.0,1.0,0.7,2.0,1.0,0.25,1.0,0.25
s1_2.0,0.9754496557436221,0.011145993482478361,1.0,1.0,-2.2026160606473852,60,132,2000,100,2,100,0.0,0,0.3,0.0,0.0,1.0,0.7,2.0,1.0,0.25,1.0,0.25
s1_2.0,0.9787591099380228,0.011929126199322513,1.0,1.0,-1.7805906071463544,61,133,2000,100,2,100,0.0,0,0.3,0.0,0.0,1.0,0.7,2.0,1.0,0.25,1.0,0.25
s1_2.0,0.9874103988420537,0.011876116526984214,1.0,1.0,-1.0600772676270833,62,134,2000,100,2,100,0.0,0,0.3,0.0,0.0,1.0,0.7,2.0,1.0,0.25,1.0,0.25
s1_2.0,1.0034100351905713,0.011687545614128162,1.0,1.0,0.291766578129897,63,135,2000,100,2,100,0.0,0,0.3,0.0,0.0,1.0,0.7,2.0,1.0,0.25,1.0,0.25
s1_2.0,0.9936125606088149,0.011772946268291418,1.0,1.0,-0.5425523268027392,64,136,2000,100,2,100,0.0,0,0.3,0.0,0.0,1.0,0.7,2.0,1.0,0.25,1.0,0.25
s1_2.0,0.9840145608431986,0.011858625692535787,1.0,1.0,-1.34800098858531,65,137,2000,100,2,100,0.0,0,0.3,0.0,0.0,1.0,0.7,2.0,1.0,0.25,1.0,0.25
s1_2.0,1.0095561528482482,0.011400118189310452,1.0,1.0,0.8382503312297845,66,138,2000,100,2,100,0.0,0,0.3,0.0,0.0,1.0,0.7,2.0,1.0,0.25,1.0,0.25
s1_2.0,1.001676369830656,0.01190105254794467,1.0,1.0,0.14085895544975324,67,139,2000,100,2,100,0.0,0,0.3,0.0,0.0,1.0,0.7,2.0,1.0,0.25,1.0,0.25
s1_2.0,0.9732169914759511,0.011639988511750425,1.0,1.0,-2.3009480204393498,68,140,2000,100,2,100,0.0,0,0.3,0.0,0.0,1.0,0.7,2.0,1.0,0.25,1.0,0.25
s1_2.0,0.9650126385145734,0.01193379317264743,1.0,1.0,-2.9317888268432992,69,141,2000,100,2,100,0.0,0,0.3,0.0,0.0,1.0,0.7,2.0,1.0,0.25,1.0,0.25
s1_2.0,0.9811304749600765,0.011754314079488199,1.0,1.0,-1.605327619486671,70,142,2000,100,2,100,0.0,0,0.3,0.0,0.0,1.0,0.7,2.0,1.0,0.25,1.0,0.25
s1_2.0,0.9869523748409531,0.011581397032369246,1.0,1.0,-1.1266020085987585,71,143,2000,100,2,100,0.0,0,0.3,0.0,0.0,1.0,0.7,2.0,1.0,0.25,1.0,0.25
s1_2.0,1.0002463423341519,0.01202463746480378,1.0,1.0,0.02048646662927922,72,144,2000,100,2,100,0.0,0,0.3,0.0,0.0,1.0,0.7,2.0,1.0,0.25,1.0,0.25
s1_2.0,0.9800815428004439,0.01156866191027456,1.0,1.0,-1.7217598157887015,73,145,2000,100,2,100,0.0,0,0.3,0.0,0.0,1.0,0.7,2.0,1.0,0.25,1.0,0.25
s1_2.0,0.9697128165034123,0.011686385567721325,1.0,1.0,-2.5916638913782832,74,146,2000,100,2,100,0.0,0,0.3,0.0,0.0,1.0,0.7,2.0,1.0,0.25,1.0,0.25
s1_2.0,0.9795185093763865,0.012240475370920049,1.0,1.0,-1.673259412152553,75,147,2000,100,2,100,0.0,0,0.3,0.0,0.0,1.0,0.7,2.0,1.0,0.25,1.0,0.25
s1_2.0,0.9918113476364752,0.011715458692770173,1.0,1.0,-0.6989613107148941,76,148,2000,100,2,100,0.0,0,0.3,0.0,0.0,1.0,0.7,2.0,1.0,0.25,1.0,0.25
s1_2.0,0.9850503945167381,0.011566590393883145,1.0,1.0,-1.2924816194033961,77,149,2000,100,2,100,0.0,0,0.3,0.0,0.0,1.0,0.7,2.0,1.0,0.25,1.0,0.25
s1_2.0,0.9706481325248081,0.011329653981359319,1.0,1.0,-2.5907117307805296,78,150,2000,100,2,100,0.0,0,0.3,0.0,0.0,1.0,0.7,2.0,1.0,0.25,1.0,0.25
s1_2.0,0.9904425326243235,0.011379717731715524,1.0,1.0,-0.8398685803110616,79,151,2000,100,2,100,0.0,0,0.3,0.0,0.0,1.0,0.7,2.0,1.0,0.25,1.0,0.25
s1_2.0,0.9962447314033143,0.01181038311656497,1.0,1.0,-0.3179633174997246,80,152,2000,100,2,100,0.0,0,0.3,0.0,0.0,1.0,0.7,2.0,1.0,0.25,1.0,0.25
s1_2.0,0.9930671164851206,0.012373374465888333,1.0,1.0,-0.5603066111021218,81,153,2000,100,2,100,0.0,0,0.3,0.0,0.0,1.0,0.7,2.0,1.0,0.25,1.0,0.25
s1_2.0,0.9924768903361255,0.01246011760939005,1.0,1.0,-0.6037751728928308,82,154,2000,100,2,100,0.0,0,0.3,0.0,0.0,1.0,0.7,2.0,1.0,0.25,1.0,0.25
s1_2.0,0.984487493862514,0.01178397060705648,1.0,1.0,-1.3164074024587946,83,155,2000,100,2,100,0.0,0,0.3,0.0,0.0,1.0,0.7,2.0,1.0,0.25,1.0,0.25
s1_2.0,1.0072762818339667,0.011562557606215391,1.0,1.0,0.6292969152478292,84,156,2000,100,2,100,0.0,0,0.3,0.0,0.0,1.0,0.7,2.0,1.0,0.25,1.0,0.25
s1_2.0,0.9936955328186093,0.012482817563228566,1.0,1.0,-0.5050516159077845,85,157,2000,100,2,100,0.0,0,0.3,0.0,0.0,1.0,0.7,2.0,1.0,0.25,1.0,0.25
s1_2.0,0.9882253720061384,0.01167836582839258,1.0,1.0,-1.008242777018941,86,158,2000,100,2,100,0.0,0,0.3,0.0,0.0,1.0,0.7,2.0,1.0,0.25,1.0,0.25
s1_2.0,0.9989051485363625,0.011976000919309804,1.0,1.0,-0.09142045587790612,87,159,2000,100,2,100,0.0,0,0.3,0.0,0.0,1.0,0.7,2.0,1.0,0.25,1.0,0.25
s1_2.0,0.9985465729314159,0.011736276107402363,1.0,1.0,-0.12384056537894308,88,160,2000,100,2,100,0.0,0,0.3,0.0,0.0,1.0,0.7,2.0,1.0,0.25,1.0,0.25
s1_2.0,0.9977633752881915,0.012155604375226881,1.0,1.0,-0.18399946582390933,89,161,2000,100,2,100,0.0,0,0.3,0.0,0.0,1.0,0.7,2.0,1.0,0.25,1.0,0.25
s1_2.0,0.9859413769744709,0.011417406264476102,1.0,1.0,-1.2313324672759347,90,162,2000,100,2,100,0.0,0,0.3,0.0,0.0,1.0,0.7,2.0,1.0,0.25,1.0,0.25
s1_2.0,0.9850511109347071,0.012372951215883334,1.0,1.0,-1.2081910616525184,91,163,2000,100,2,100,0.0,0,0.3,0.0,0.0,1.0,0.7,2.0,1.0,0.25,1.0,0.25
s1_2.0,0.9816192454376671,0.012370522033896932,1.0,1.0,-1.4858511639175054,92,164,2000,100,2,100,0.0,0,0.3,0.0,0.0,1.0,0.7,2.0,1.0,0.25,1.0,0.25
s1_2.0,0.9873997779186452,0.012261202777545808,1.0,1.0,-1.0276497591598315,93,165,2000,100,2,100,0.0,0,0.3,0.0,0.0,1.0,0.7,2.0,1.0,0.25,1.0,0.25
s1_2.0,0.9887166217673277,0.01133706822407875,1.0,1.0,-0.995264208493305,94,166,2000,100,2,100,0.0,0,0.3,0.0,0.0,1.0,0.7,2.0,1.0,0.25,1.0,0.25
s1_2.0,1.0145092270254286,0.011200693540151598,1.0,1.0,1.2953864841866018,95,167,2000,100,2,100,0.0,0,0.3,0.0,0.0,1.0,0.7,2.0,1.0,0.25,1.0,0.25
s1_2.0,0.9968679476076867,0.012574986727553184,1.0,1.0,-0.24907003563277064,96,168,2000,100,2,100,0.0,0,0.3,0.0,0.0,1.0,0.7,2.0,1.0,0.25,1.0,0.25
s1_2.0,0.9789850505878623,0.011728745004134539,1.0,1.0,-1.7917474891584404,97,169,2000,100,2,100,0.0,0,0.3,0.0,0.0,1.0,0.7,2.0,1.0,0.25,1.0,0.25
s1_2.0,0.9976388233380863,0.012097023913344407,1.0,1.0,-0.19518657471686585,98,170,2000,100,2,100,0.0,0,0.3,0.0,0.0,1.0,0.7,2.0,1.0,0.25,1.0,0.25
s1_2.0,0.9915322957932432,0.011527946933673885,1.0,1.0,-0.7345370563792311,99,171,2000,100,2,100,0.0,0,0.3,0.0,0.0,1.0,0.7,2.0,1.0,0.25,1.0,0.25
ind_nl_mD,0.9823594445606632,0.022769890356286352,1.0,1.0,-0.7747316813261075,0,73,2000,100,2,100,0.0,0,0.3,0.0,0.0,1.0,0.7,1.0,0.0,2.0,1.0,0.25
ind_nl_mD,0.9713387416621507,0.02182708805710622,1.0,1.0,-1.3131049942558901,1,74,2000,100,2,100,0.0,0,0.3,0.0,0.0,1.0,0.7,1.0,0.0,2.0,1.0,0.25
ind_nl_mD,0.9983894750464709,0.022804504397039464,1.0,1.0,-0.07062310697434729,2,75,2000,100,2,100,0.0,0,0.3,0.0,0.0,1.0,0.7,1.0,0.0,2.0,1.0,0.25
ind_nl_mD,1.0161009648534312,0.021864676052711102,1.0,1.0,0.7363916490056902,3,76,2000,100,2,100,0.0,0,0.3,0.0,0.0,1.0,0.7,1.0,0.0,2.0,1.0,0.25
ind_nl_mD,1.0009502848354457,0.023472619816621843,1.0,1.0,0.04048482201261353,4,77,2000,100,2,100,0.0,0,0.3,0.0,0.0,1.0,0.7,1.0,0.0,2.0,1.0,0.25
ind_nl_mD,0.9882537097058909,0.021692060308833746,1.0,1.0,-0.5415018272526944,5,78,2000,100,2,100,0.0,0,0.3,0.0,0.0,1.0,0.7,1.0,0.0,2.0,1.0,0.25
ind_nl_mD,1.0142462807879447,0.021868646067276152,1.0,1.0,0.6514477734066276,6,79,2000,100,2,100,0.0,0,0.3,0.0,0.0,1.0,0.7,1.0,0.0,2.0,1.0,0.25
ind_nl_mD,0.9789665651227389,0.021656918816664476,1.0,1.0,-0.9712108659278132,7,80,2000,100,2,100,0.0,0,0.3,0.0,0.0,1.0,0.7,1.0,0.0,2.0,1.0,0.25
ind_nl_mD,0.964307739548138,0.022962949455439,1.0,1.0,-1.5543412888281196,8,81,2000,100,2,100,0.0,0,0.3,0.0,0.0,1.0,0.7,1.0,0.0,2.0,1.0,0.25
ind_nl_mD,1.0121774597002393,0.021654380934516788,1.0,1.0,0.5623554761073132,9,82,2000,100,2,100,0.0,0,0.3,0.0,0.0,1.0,0.7,1.0,0.0,2.0,1.0,0.25
ind_nl_mD,0.9687309064569564,0.022857743389420083,1.0,1.0,-1.367986900995521,10,83,2000,100,2,100,0.0,0,0.3,0.0,0.0,1.0,0.7,1.0,0.0,2.0,1.0,0.25
ind_nl_mD,0.981090606018968,0.022851920700227037,1.0,1.0,-0.827475039367002,11,84,2000,100,2,100,0.0,0,0.3,0.0,0.0,1.0,0.7,1.0,0.0,2.0,1.0,0.25
ind_nl_mD,0.9800637972199413,0.023628361627744784,1.0,1.0,-0.84374037837009,12,85,2000,100,2,100,0.0,0,0.3,0.0,0.0,1.0,0.7,1.0,0.0,2.0,1.0,0.25
ind_nl_mD,0.9833360616405475,0.022541748212472776,1.0,1.0,-0.7392478259619626,13,86,2000,100,2,100,0.0,0,0.3,0.0,0.0,1.0,0.7,1.0,0.0,2.0,1.0,0.25
ind_nl_mD,0.9606774726929557,0.022445799272149562,1.0,1.0,-1.7518880406203747,14,87,2000,100,2,100,0.0,0,0.3,0.0,0.0,1.0,0.7,1.0,0.0,2.0,1.0,0.25
ind_nl_mD,0.9861280749625783,0.022881993961738532,1.0,1.0,-0.6062375971524719,15,88,2000,100,2,100,0.0,0,0.3,0.0,0.0,1.0,0.7,1.0,0.0,2.0,1.0,0.25
ind_nl_mD,0.9900495574124768,0.022338668137016553,1.0,1.0,-0.44543580335636496,16,89,2000,100,2,100,0.0,0,0.3,0.0,0.0,1.0,0.7,1.0,0.0,2.0,1.0,0.25
ind_nl_mD,0.9935177226439378,0.022472512199079774,1.0,1.0,-0.28845361384775037,17,90,2000,100,2,100,0.0,0,0.3,0.0,0.0,1.0,0.7,1.0,0.0,2.0,1.0,0.25
ind_nl_mD,0.9447078320410379,0.023884556378441144,1.0,1.0,-2.3149757141342726,18,91,2000,100,2,100,0.0,0,0.3,0.0,0.0,1.0,0.7,1.0,0.0,2.0,1.0,0.25
ind_nl_mD,1.008296136621119,0.02202419322412884,1.0,1.0,0.37668288398550837,19,92,2000,100,2,100,0.0,0,0.3,0.0,0.0,1.0,0.7,1.0,0.0,2.0,1.0,0.25
ind_nl_mD,0.9627261686586123,0.024677017022553878,1.0,1.0,-1.5104674648204373,20,93,2000,100,2,100,0.0,0,0.3,0.0,0.0,1.0,0.7,1.0,0.0,2.0,1.0,0.25
ind_nl_mD,1.011300066500237,0.022357394918607287,1.0,1.0,0.5054285859947084,21,94,2000,100,2,100,0.0,0,0.3,0.0,0.0,1.0,0.7,1.0,0.0,2.0,1.0,0.25
ind_nl_mD,1.0153943354044088,0.023534692085658962,1.0,1.0,0.6541124629282689,22,95,2000,100,2,100,0.0,0,0.3,0.0,0.0,1.0,0.7,1.0,0.0,2.0,1.0,0.25
ind_nl_mD,0.9355430988228353,0.023137683913250183,1.0,1.0,-2.785797464380279,23,96,2000,100,2,100,0.0,0,0.3,0.0,0.0,1.0,0.7,1.0,0.0,2.0,1.0,0.25
ind_nl_mD,1.0165433940800312,0.021653848646746576,1.0,1.0,0.7639932443379687,24,97,2000,100,2,100,0.0,0,0.3,0.0,0.0,1.0,0.7,1.0,0.0,2.0,1.0,0.25
ind_nl_mD,1.0000601970565857,0.023737431032822904,1.0,1.0,0.002535954986132545,25,98,2000,100,2,100,0.0,0,0.3,0.0,0.0,1.0,0.7,1.0,0.0,2.0,1.0,0.25
ind_nl_mD,1.0501008435554293,0.022393485746943154,1.0,1.0,2.2372954403611947,26,99,2000,100,2,100,0.0,0,0.3,0.0,0.0,1.0,0.7,1.0,0.0,2.0,1.0,0.25
ind_nl_mD,0.9765000628604102,0.021717855700372532,1.0,1.0,-1.0820560493542029,27,100,2000,100,2,100,0.0,0,0.3,0.0,0.0,1.0,0.7,1.0,0.0,2.0,1.0,0.25
ind_nl_mD,0.9917155784614401,0.02397048670191491,1.0,1.0,-0.3456092336205295,28,101,2000,100,2,100,0.0,0,0.3,0.0,0.0,1.0,0.7,1.0,0.0,2.0,1.0,0.25
ind_nl_mD,0.9436451913342092,0.022103654335685088,1.0,1.0,-2.549569759368213,29,102,2000,100,2,100,0.0,0,0.3,0.0,0.0,1.0,0.7,1.0,0.0,2.0,1.0,0.25
ind_nl_mD,0.9585984438237074,0.021913259570479897,1.0,1.0,-1.8893380988406696,30,103,2000,100,2,100,0.0,0,0.3,0.0,0.0,1.0,0.7,1.0,0.0,2.0,1.0,0.25
ind_nl_mD,1.020435226861832,0.02330712073560005,1.0,1.0,0.8767804094573785,31,104,2000,100,2,100,0.0,0,0.3,0.0,0.0,1.0,0.7,1.0,0.0,2.0,1.0,0.25
ind_nl_mD,1.0473388652881621,0.023484660474566457,1.0,1.0,2.0157355623441697,32,105,2000,100,2,100,0.0,0,0.3,0.0,0.0,1.0,0.7,1.0,0.0,2.0,1.0,0.25
ind_nl_mD,0.974211869099649,0.02376168210305021,1.0,1.0,-1.0852822114407759,33,106,2000,100,2,100,0.0,0,0.3,0.0,0.0,1.0,0.7,1.0,0.0,2.0,1.0,0.25
ind_nl_mD,0.9539895997691336,0.02187455968013683,1.0,1.0,-2.103374920622797,34,107,2000,100,2,100,0.0,0,0.3,0.0,0.0,1.0,0.7,1.0,0.0,2.0,1.0,0.25
ind_nl_mD,0.9822751366588561,0.022759371975739923,1.0,1.0,-0.7787940440552347,35,108,2000,100,2,100,0.0,0,0.3,0.0,0.0,1.0,0.7,1.0,0.0,2.0,1.0,0.25
ind_nl_mD,0.9918532870188855,0.023196601966925613,1.0,1.0,-0.35120286120916705,36,109,2000,100,2,100,0.0,0,0.3,0.0,0.0,1.0,0.7,1.0,0.0,2.0,1.0,0.25
ind_nl_mD,0.9930369541998275,0.02307938925468795,1.0,1.0,-0.3016997427155977,37,110,2000,100,2,100,0.0,0,0.3,0.0,0.0,1.0,0.7,1.0,0.0,2.0,1.0,0.25
ind_nl_mD,1.0020273749889788,0.022825960593933887,1.0,1.0,0.08881882454127882,38,111,2000,100,2,100,0.0,0,0.3,0.0,0.0,1.0,0.7,1.0,0.0,2.0,1.0,0.25
ind_nl_mD,1.0378307036763426,0.02294451161839235,1.0,1.0,1.648790974745238,39,112,2000,100,2,100,0.0,0,0.3,0.0,0.0,1.0,0.7,1.0,0.0,2.0,1.0,0.25
ind_nl_mD,0.968400215318118,0.02269911694279706,1.0,1.0,-1.3921151541496102,40,113,2000,100,2,100,0.0,0,0.3,0.0,0.0,1.0,0.7,1.0,0.0,2.0,1.0,0.25
ind_nl_mD,0.9778090509972234,0.022411564604671193,1.0,1.0,-0.9901561713434062,41,114,2000,100,2,100,0.0,0,0.3,0.0,0.0,1.0,0.7,1.0,0.0,2.0,1.0,0.25
ind_nl_mD,0.9537557543909387,0.02269233546705488,1.0,1.0,-2.0378795155835525,42,115,2000,100,2,100,0.0,0,0.3,0.0,0.0,1.0,0.7,1.0,0.0,2.0,1.0,0.25
ind_nl_mD,1.0601330392088446,0.022225752376370256,1.0,1.0,2.7055569679061224,43,116,2000,100,2,100,0.0,0,0.3,0.0,0.0,1.0,0.7,1.0,0.0,2.0,1.0,0.25
ind_nl_mD,1.0070721310797248,0.022596775337243174,1.0,1.0,0.3129708099575072,44,117,2000,100,2,100,0.0,0,0.3,0.0,0.0,1.0,0.7,1.0,0.0,2.0,1.0,0.25
ind_nl_mD,0.9681218346859719,0.02409815381934202,1.0,1.0,-1.322846785401526,45,118,2000,100,2,100,0.0,0,0.3,0.0,0.0,1.0,0.7,1.0,0.0,2.0,1.0,0.25
ind_nl_mD,0.9713038064609384,0.024519729179804974,1.0,1.0,-1.1703307703209247,46,119,2000,100,2,100,0.0,0,0.3,0.0,0.0,1.0,0.7,1.0,0.0,2.0,1.0,0.25
ind_nl_mD,0.9890646860724357,0.02365486802289307,1.0,1.0,-0.46228598345935223,47,120,2000,100,2,100,0.0,0,0.3,0.0,0.0,1.0,0.7,1.0,0.0,2.0,1.0,0.25
ind_nl_mD,0.9781209325807342,0.02158041208955852,1.0,1.0,-1.0138391856683682,48,121,2000,100,2,100,0.0,0,0.3,0.0,0.0,1.0,0.7,1.0,0.0,2.0,1.0,0.25
ind_nl_mD,0.9724794194169968,0.023383085317359817,1.0,1.0,-1.1769439408653095,49,122,2000,100,2,100,0.0,0,0.3,0.0,0.0,1.0,0.7,1.0,0.0,2.0,1.0,0.25
ind_nl_mD,0.9659457235697909,0.022962634829399944,1.0,1.0,-1.4830300043184976,50,123,2000,100,2,100,0.0,0,0.3,0.0,0.0,1.0,0.7,1.0,0.0,2.0,1.0,0.25
ind_nl_mD,1.003974325659854,0.022102302547963134,1.0,1.0,0.1798150057546902,51,124,2000,100,2,100,0.0,0,0.3,0.0,0.0,1.0,0.7,1.0,0.0,2.0,1.0,0.25
ind_nl_mD,0.9877499743388365,0.02250702588564449,1.0,1.0,-0.5442756285705818,52,125,2000,100,2,100,0.0,0,0.3,0.0,0.0,1.0,0.7,1.0,0.0,2.0,1.0,0.25
ind_nl_mD,0.9671292165882025,0.02332682965828322,1.0,1.0,-1.409140628766296,53,126,2000,100,2,100,0.0,0,0.3,0.0,0.0,1.0,0.7,1.0,0.0,2.0,1.0,0.25
ind_nl_mD,1.0245608404980677,0.022474054454854904,1.0,1.0,1.092853118577455,54,127,2000,100,2,100,0.0,0,0.3,0.0,0.0,1.0,0.7,1.0,0.0,2.0,1.0,0.25
ind_nl_mD,0.9917030037837969,0.023027716621774063,1.0,1.0,-0.3603047732643087,55,128,2000,100,2,100,0.0,0,0.3,0.0,0.0,1.0,0.7,1.0,0.0,2.0,1.0,0.25
ind_nl_mD,0.9709474204869954,0.022054367323286337,1.0,1.0,-1.31731638850184,56,129,2000,100,2,100,0.0,0,0.3,0.0,0.0,1.0,0.7,1.0,0.0,2.0,1.0,0.25
ind_nl_mD,0.9753879552204259,0.022485111791097787,1.0,1.0,-1.094592947023658,57,130,2000,100,2,100,0.0,0,0.3,0.0,0.0,1.0,0.7,1.0,0.0,2.0,1.0,0.25
ind_nl_mD,0.964114002220685,0.024607522003548907,1.0,1.0,-1.458334478950766,58,131,2000,100,2,100,0.0,0,0.3,0.0,0.0,1.0,0.7,1.0,0.0,2.0,1.0,0.25
ind_nl_mD,0.9508981467813348,0.02161849447393901,1.0,1.0,-2.2712892092396753,59,132,2000,100,2,100,0.0,0,0.3,0.0,0.0,1.0,0.7,1.0,0.0,2.0,1.0,0.25
ind_nl_mD,0.9824945110235852,0.02319606905998589,1.0,1.0,-0.7546748085266066,60,133,2000,100,2,100,0.0,0,0.3,0.0,0.0,1.0,0.7,1.0,0.0,2.0,1.0,0.25
ind_nl_mD,0.9833657557857685,0.02321534854169858,1.0,1.0,-0.7165192538183826,61,134,2000,100,2,100,0.0,0,0.3,0.0,0.0,1.0,0.7,1.0,0.0,2.0,1.0,0.25
ind_nl_mD,1.0105032588410392,0.022498127757711373,1.0,1.0,0.46685035102261524,62,135,2000,100,2,100,0.0,0,0.3,0.0,0.0,1.0,0.7,1.0,0.0,2.0,1.0,0.25
ind_nl_mD,1.0132985098904044,0.02273126552039715,1.0,1.0,0.5850316551215065,63,136,2000,100,2,100,0.0,0,0.3,0.0,0.0,1.0,0.7,1.0,0.0,2.0,1.0,0.25
ind_nl_mD,0.9723281697687353,0.023001749082437566,1.0,1.0,-1.2030315665165177,64,137,2000,100,2,100,0.0,0,0.3,0.0,0.0,1.0,0.7,1.0,0.0,2.0,1.0,0.25
ind_nl_mD,1.0199093594590096,0.0221646273276001,1.0,1.0,0.898249231297377,65,138,2000,100,2,100,0.0,0,0.3,0.0,0.0,1.0,0.7,1.0,0.0,2.0,1.0,0.25
ind_nl_mD,1.0098815591929828,0.02303651087634302,1.0,1.0,0.4289520772492742,66,139,2000,100,2,100,0.0,0,0.3,0.0,0.0,1.0,0.7,1.0,0.0,2.0,1.0,0.25
ind_nl_mD,0.9766565881803103,0.022684145615331552,1.0,1.0,-1.0290628624739806,67,140,2000,100,2,100,0.0,0,0.3,0.0,0.0,1.0,0.7,1.0,0.0,2.0,1.0,0.25
ind_nl_mD,0.9550983733218419,0.022908260136083308,1.0,1.0,-1.9600627202339371,68,141,2000,100,2,100,0.0,0,0.3,0.0,0.0,1.0,0.7,1.0,0.0,2.0,1.0,0.25
ind_nl_mD,0.9759649747071512,0.022703903884423823,1.0,1.0,-1.0586296266580941,69,142,2000,100,2,100,0.0,0,0.3,0.0,0.0,1.0,0.7,1.0,0.0,2.0,1.0,0.25
ind_nl_mD,0.9539056716737243,0.02323364815973569,1.0,1.0,-1.9839470757828706,70,143,2000,100,2,100,0.0,0,0.3,0.0,0.0,1.0,0.7,1.0,0.0,2.0,1.0,0.25
ind_nl_mD,1.0050681826767596,0.023287180568725346,1.0,1.0,0.21763831228096941,71,144,2000,100,2,100,0.0,0,0.3,0.0,0.0,1.0,0.7,1.0,0.0,2.0,1.0,0.25
ind_nl_mD,0.9776804240650439,0.021641297920264896,1.0,1.0,-1.0313418362054945,72,145,2000,100,2,100,0.0,0,0.3,0.0,0.0,1.0,0.7,1.0,0.0,2.0,1.0,0.25
ind_nl_mD,0.9677087938461487,0.023022191557853178,1.0,1.0,-1.4026121741149495,73,146,2000,100,2,100,0.0,0,0.3,0.0,0.0,1.0,0.7,1.0,0.0,2.0,1.0,0.25
ind_nl_mD,0.9746741609267998,0.02402864397565073,1.0,1.0,-1.0539853642537615,74,147,2000,100,2,100,0.0,0,0.3,0.0,0.0,1.0,0.7,1.0,0.0,2.0,1.0,0.25
ind_nl_mD,0.9961984054144394,0.02307016667887108,1.0,1.0,-0.16478401038351956,75,148,2000,100,2,100,0.0,0,0.3,0.0,0.0,1.0,0.7,1.0,0.0,2.0,1.0,0.25
ind_nl_mD,0.9926544354636484,0.022297129320697495,1.0,1.0,-0.32943992164646146,76,149,2000,100,2,100,0.0,0,0.3,0.0,0.0,1.0,0.7,1.0,0.0,2.0,1.0,0.25
ind_nl_mD,0.941876661729194,0.022163039940558616,1.0,1.0,-2.6225345632500345,77,150,2000,100,2,100,0.0,0,0.3,0.0,0.0,1.0,0.7,1.0,0.0,2.0,1.0,0.25
ind_nl_mD,0.9799599410151966,0.022143277203499647,1.0,1.0,-0.905017753272591,78,151,2000,100,2,100,0.0,0,0.3,0.0,0.0,1.0,0.7,1.0,0.0,2.0,1.0,0.25
ind_nl_mD,0.9920097620278097,0.022668913636004786,1.0,1.0,-0.35247555751853643,79,152,2000,100,2,100,0.0,0,0.3,0.0,0.0,1.0,0.7,1.0,0.0,2.0,1.0,0.25
ind_nl_mD,1.0116299238756024,0.023311995719471172,1.0,1.0,0.49888152072233555,80,153,2000,100,2,100,0.0,0,0.3,0.0,0.0,1.0,0.7,1.0,0.0,2.0,1.0,0.25
ind_nl_mD,0.974560522258463,0.023993023039546053,1.0,1.0,-1.0602864715966323,81,154,2000,100,2,100,0.0,0,0.3,0.0,0.0,1.0,0.7,1.0,0.0,2.0,1.0,0.25
ind_nl_mD,0.9981250649036615,0.023074262178755377,1.0,1.0,-0.08125655684300838,82,155,2000,100,2,100,0.0,0,0.3,0.0,0.0,1.0,0.7,1.0,0.0,2.0,1.0,0.25
ind_nl_mD,1.0166343405458642,0.022644436220176995,1.0,1.0,0.7345884165154187,83,156,2000,100,2,100,0.0,0,0.3,0.0,0.0,1.0,0.7,1.0,0.0,2.0,1.0,0.25
ind_nl_mD,1.0081738263802194,0.023691689886611505,1.0,1.0,0.3450081619056854,84,157,2000,100,2,100,0.0,0,0.3,0.0,0.0,1.0,0.7,1.0,0.0,2.0,1.0,0.25
ind_nl_mD,0.9870677491018207,0.022362694650787152,1.0,1.0,-0.578295733145204,85,158,2000,100,2,100,0.0,0,0.3,0.0,0.0,1.0,0.7,1.0,0.0,2.0,1.0,0.25
ind_nl_mD,0.9965860779303948,0.023217235384212213,1.0,1.0,-0.14704257475576532,86,159,2000,100,2,100,0.0,0,0.3,0.0,0.0,1.0,0.7,1.0,0.0,2.0,1.0,0.25
ind_nl_mD,0.9871723565057041,0.02273245096037921,1.0,1.0,-0.5642877451557426,87,160,2000,100,2,100,0.0,0,0.3,0.0,0.0,1.0,0.7,1.0,0.0,2.0,1.0,0.25
ind_nl_mD,1.0096143210693242,0.02361220925656577,1.0,1.0,0.4071758370788971,88,161,2000,100,2,100,0.0,0,0.3,0.0,0.0,1.0,0.7,1.0,0.0,2.0,1.0,0.25
ind_nl_mD,0.9899002804685999,0.022283276046382163,1.0,1.0,-0.4532421314701549,89,162,2000,100,2,100,0.0,0,0.3,0.0,0.0,1.0,0.7,1.0,0.0,2.0,1.0,0.25
ind_nl_mD,1.0029489462572314,0.02365626777724835,1.0,1.0,0.1246581364820189,90,163,2000,100,2,100,0.0,0,0.3,0.0,0.0,1.0,0.7,1.0,0.0,2.0,1.0,0.25
ind_nl_mD,0.9752651607387938,0.024172970594598484,1.0,1.0,-1.023243674765124,91,164,2000,100,2,100,0.0,0,0.3,0.0,0.0,1.0,0.7,1.0,0.0,2.0,1.0,0.25
ind_nl_mD,0.9808769909779074,0.023686127726182213,1.0,1.0,-0.8073505827191164,92,165,2000,100,2,100,0.0,0,0.3,0.0,0.0,1.0,0.7,1.0,0.0,2.0,1.0,0.25
ind_nl_mD,0.9875462406738154,0.02163199515456665,1.0,1.0,-0.5757101569780806,93,166,2000,100,2,100,0.0,0,0.3,0.0,0.0,1.0,0.7,1.0,0.0,2.0,1.0,0.25
ind_nl_mD,1.036144847209766,0.022115029273467538,1.0,1.0,1.6344019608932094,94,167,2000,100,2,100,0.0,0,0.3,0.0,0.0,1.0,0.7,1.0,0.0,2.0,1.0,0.25
ind_nl_mD,0.980685631303881,0.025042226067636897,1.0,1.0,-0.7712720364376783,95,168,2000,100,2,100,0.0,0,0.3,0.0,0.0,1.0,0.7,1.0,0.0,2.0,1.0,0.25
ind_nl_mD,0.9606669831321953,0.023199435079597968,1.0,1.0,-1.6954299418434924,96,169,2000,100,2,100,0.0,0,0.3,0.0,0.0,1.0,0.7,1.0,0.0,2.0,1.0,0.25
ind_nl_mD,1.0083212715404972,0.0238712831207969,1.0,1.0,0.3485892022807792,97,170,2000,100,2,100,0.0,0,0.3,0.0,0.0,1.0,0.7,1.0,0.0,2.0,1.0,0.25
ind_nl_mD,0.9812058842748895,0.021534996986710065,1.0,1.0,-0.8727243257432968,98,171,2000,100,2,100,0.0,0,0.3,0.0,0.0,1.0,0.7,1.0,0.0,2.0,1.0,0.25
ind_nl_mD,1.0023991498301468,0.023281835832208712,1.0,1.0,0.10304813793196352,99,172,2000,100,2,100,0.0,0,0.3,0.0,0.0,1.0,0.7,1.0,0.0,2.0,1.0,0.25
ind_nl_mY,0.9621648620635301,0.0216867896967563,1.0,1.0,-1.7446168135309064,0,74,2000,100,2,100,0.0,0,0.3,0.0,0.0,1.0,0.7,1.0,1.0,0.25,2.0,0.0
ind_nl_mY,1.0011492234540205,0.022158466533554206,1.0,1.0,0.05186385313623641,1,75,2000,100,2,100,0.0,0,0.3,0.0,0.0,1.0,0.7,1.0,1.0,0.25,2.0,0.0
ind_nl_mY,1.0134387930009328,0.022165236771189343,1.0,1.0,0.6063004487459693,2,76,2000,100,2,100,0.0,0,0.3,0.0,0.0,1.0,0.7,1.0,1.0,0.25,2.0,0.0
ind_nl_mY,1.0070968628974308,0.023746055755987695,1.0,1.0,0.29886491341372856,3,77,2000,100,2,100,0.0,0,0.3,0.0,0.0,1.0,0.7,1.0,1.0,0.25,2.0,0.0
ind_nl_mY,0.9701842959955542,0.02185068503235274,1.0,1.0,-1.3645203324426582,4,78,2000,100,2,100,0.0,0,0.3,0.0,0.0,1.0,0.7,1.0,1.0,0.25,2.0,0.0
ind_nl_mY,1.0006829175417196,0.02184122882385589,1.0,1.0,0.031267358958011214,5,79,2000,100,2,100,0.0,0,0.3,0.0,0.0,1.0,0.7,1.0,1.0,0.25,2.0,0.0
ind_nl_mY,0.9963327731254717,0.021712931711178822,1.0,1.0,-0.16889597974649334,6,80,2000,100,2,100,0.0,0,0.3,0.0,0.0,1.0,0.7,1.0,1.0,0.25,2.0,0.0
ind_nl_mY,0.9843533524558817,0.022778489562010885,1.0,1.0,-0.6869045246183996,7,81,2000,100,2,100,0.0,0,0.3,0.0,0.0,1.0,0.7,1.0,1.0,0.25,2.0,0.0
ind_nl_mY,0.9888333907034059,0.02159419040687729,1.0,1.0,-0.5171117363602457,8,82,2000,100,2,100,0.0,0,0.3,0.0,0.0,1.0,0.7,1.0,1.0,0.25,2.0,0.0
ind_nl_mY,0.9701922640393121,0.02266776233916393,1.0,1.0,-1.3149836104108052,9,83,2000,100,2,100,0.0,0,0.3,0.0,0.0,1.0,0.7,1.0,1.0,0.25,2.0,0.0
ind_nl_mY,0.9724478155064843,0.0223022085942015,1.0,1.0,-1.235401614021276,10,84,2000,100,2,100,0.0,0,0.3,0.0,0.0,1.0,0.7,1.0,1.0,0.25,2.0,0.0
ind_nl_mY,0.9822701814234631,0.02383206459994449,1.0,1.0,-0.7439480747537995,11,85,2000,100,2,100,0.0,0,0.3,0.0,0.0,1.0,0.7,1.0,1.0,0.25,2.0,0.0
ind_nl_mY,0.9877903609226474,0.02290565153134406,1.0,1.0,-0.5330404621167385,12,86,2000,100,2,100,0.0,0,0.3,0.0,0.0,1.0,0.7,1.0,1.0,0.25,2.0,0.0
ind_nl_mY,0.9699706366473803,0.0223725566049625,1.0,1.0,-1.3422410269356018,13,87,2000,100,2,100,0.0,0,0.3,0.0,0.0,1.0,0.7,1.0,1.0,0.25,2.0,0.0
ind_nl_mY,0.9696925343745284,0.022921002129529782,1.0,1.0,-1.3222574411973733,14,88,2000,100,2,100,0.0,0,0.3,0.0,0.0,1.0,0.7,1.0,1.0,0.25,2.0,0.0
ind_nl_mY,0.9848484302612808,0.022087288219303072,1.0,1.0,-0.6859859656957612,15,89,2000,100,2,100,0.0,0,0.3,0.0,0.0,1.0,0.7,1.0,1.0,0.25,2.0,0.0
ind_nl_mY,1.0017020549344033,0.022550850449418125,1.0,1.0,0.0754763080098054,16,90,2000,100,2,100,0.0,0,0.3,0.0,0.0,1.0,0.7,1.0,1.0,0.25,2.0,0.0
ind_nl_mY,0.9455166406001687,0.023749356436881208,1.0,1.0,-2.294098349343992,17,91,2000,100,2,100,0.0,0,0.3,0.0,0.0,1.0,0.7,1.0,1.0,0.25,2.0,0.0
ind_nl_mY,1.0113322783515966,0.021583338547260484,1.0,1.0,0.5250475187970831,18,92,2000,100,2,100,0.0,0,0.3,0.0,0.0,1.0,0.7,1.0,1.0,0.25,2.0,0.0
ind_nl_mY,0.9850503164565477,0.0233721586053452,1.0,1.0,-0.6396364065419824,19,93,2000,100,2,100,0.0,0,0.3,0.0,0.0,1.0,0.7,1.0,1.0,0.25,2.0,0.0
ind_nl_mY,1.001306285422502,0.02231337346956853,1.0,1.0,0.058542713152883306,20,94,2000,100,2,100,0.0,0,0.3,0.0,0.0,1.0,0.7,1.0,1.0,0.25,2.0,0.0
ind_nl_mY,1.0166110980165495,0.022650578177581232,1.0,1.0,0.7333630906159637,21,95,2000,100,2,100,0.0,0,0.3,0.0,0.0,1.0,0.7,1.0,1.0,0.25,2.0,0.0
ind_nl_mY,0.9482492700397295,0.022598029520252094,1.0,1.0,-2.290054976425804,22,96,2000,100,2,100,0.0,0,0.3,0.0,0.0,1.0,0.7,1.0,1.0,0.25,2.0,0.0
ind_nl_mY,1.0051935382255073,0.022190387744561564,1.0,1.0,0.23404450094749304,23,97,2000,100,2,100,0.0,0,0.3,0.0,0.0,1.0,0.7,1.0,1.0,0.25,2.0,0.0
ind_nl_mY,0.9866988665272388,0.023646929428837987,1.0,1.0,-0.5624888217639005,24,98,2000,100,2,100,0.0,0,0.3,0.0,0.0,1.0,0.7,1.0,1.0,0.25,2.0,0.0
ind_nl_mY,1.0487568759990988,0.022753175308580426,1.0,1.0,2.142860296985106,25,99,2000,100,2,100,0.0,0,0.3,0.0,0.0,1.0,0.7,1.0,1.0,0.25,2.0,0.0
ind_nl_mY,0.9624567026734845,0.021517320143934527,1.0,1.0,-1.744794290152276,26,100,2000,100,2,100,0.0,0,0.3,0.0,0.0,1.0,0.7,1.0,1.0,0.25,2.0,0.0
ind_nl_mY,0.9971948708702023,0.023938390189945764,1.0,1.0,-0.11718119336929587,27,101,2000,100,2,100,0.0,0,0.3,0.0,0.0,1.0,0.7,1.0,1.0,0.25,2.0,0.0
ind_nl_mY,0.9327663475003732,0.021784120728067655,1.0,1.0,-3.086360626573275,28,102,2000,100,2,100,0.0,0,0.3,0.0,0.0,1.0,0.7,1.0,1.0,0.25,2.0,0.0
ind_nl_mY,0.9692266471088481,0.022164349522140792,1.0,1.0,-1.3884166941335798,29,103,2000,100,2,100,0.0,0,0.3,0.0,0.0,1.0,0.7,1.0,1.0,0.25,2.0,0.0
ind_nl_mY,1.0051079953243653,0.022168428720323034,1.0,1.0,0.23041756313935594,30,104,2000,100,2,100,0.0,0,0.3,0.0,0.0,1.0,0.7,1.0,1.0,0.25,2.0,0.0
ind_nl_mY,1.0319391211791251,0.02387295481217916,1.0,1.0,1.3378788436708673,31,105,2000,100,2,100,0.0,0,0.3,0.0,0.0,1.0,0.7,1.0,1.0,0.25,2.0,0.0
ind_nl_mY,0.9610777116122243,0.023943501634466867,1.0,1.0,-1.6255888124461595,32,106,2000,100,2,100,0.0,0,0.3,0.0,0.0,1.0,0.7,1.0,1.0,0.25,2.0,0.0
ind_nl_mY,0.9702043229605433,0.021891124875215683,1.0,1.0,-1.3610847870677625,33,107,2000,100,2,100,0.0,0,0.3,0.0,0.0,1.0,0.7,1.0,1.0,0.25,2.0,0.0
ind_nl_mY,0.9867896704149076,0.022783828467161853,1.0,1.0,-0.5798116679175462,34,108,2000,100,2,100,0.0,0,0.3,0.0,0.0,1.0,0.7,1.0,1.0,0.25,2.0,0.0
ind_nl_mY,1.0026828546758115,0.023118564173798473,1.0,1.0,0.1160476340849989,35,109,2000,100,2,100,0.0,0,0.3,0.0,0.0,1.0,0.7,1.0,1.0,0.25,2.0,0.0
ind_nl_mY,0.9817975053929355,0.022616679098475544,1.0,1.0,-0.8048261430340314,36,110,2000,100,2,100,0.0,0,0.3,0.0,0.0,1.0,0.7,1.0,1.0,0.25,2.0,0.0
ind_nl_mY,1.0002539376834296,0.02314279979084821,1.0,1.0,0.010972643142773391,37,111,2000,100,2,100,0.0,0,0.3,0.0,0.0,1.0,0.7,1.0,1.0,0.25,2.0,0.0
ind_nl_mY,1.0395016824053969,0.023470378576594376,1.0,1.0,1.6830441092581934,38,112,2000,100,2,100,0.0,0,0.3,0.0,0.0,1.0,0.7,1.0,1.0,0.25,2.0,0.0
ind_nl_mY,0.9530381600889423,0.023022278030048908,1.0,1.0,-2.039843313931083,39,113,2000,100,2,100,0.0,0,0.3,0.0,0.0,1.0,0.7,1.0,1.0,0.25,2.0,0.0
ind_nl_mY,0.9684293886987146,0.022499670244914928,1.0,1.0,-1.4031588444466434,40,114,2000,100,2,100,0.0,0,0.3,0.0,0.0,1.0,0.7,1.0,1.0,0.25,2.0,0.0
ind_nl_mY,0.9605610084156021,0.022368591697023682,1.0,1.0,-1.763141467222792,41,115,2000,100,2,100,0.0,0,0.3,0.0,0.0,1.0,0.7,1.0,1.0,0.25,2.0,0.0
ind_nl_mY,1.053222246026962,0.021529611840199657,1.0,1.0,2.4720485637175544,42,116,2000,100,2,100,0.0,0,0.3,0.0,0.0,1.0,0.7,1.0,1.0,0.25,2.0,0.0
ind_nl_mY,1.0143118082243938,0.02275869579229888,1.0,1.0,0.6288501043735849,43,117,2000,100,2,100,0.0,0,0.3,0.0,0.0,1.0,0.7,1.0,1.0,0.25,2.0,0.0
ind_nl_mY,0.9563921149245803,0.023451869646626832,1.0,1.0,-1.8594630506012542,44,118,2000,100,2,100,0.0,0,0.3,0.0,0.0,1.0,0.7,1.0,1.0,0.25,2.0,0.0
ind_nl_mY,0.9776906452935564,0.02409377182124187,1.0,1.0,-0.925938656344994,45,119,2000,100,2,100,0.0,0,0.3,0.0,0.0,1.0,0.7,1.0,1.0,0.25,2.0,0.0
ind_nl_mY,0.9950521616157519,0.022877743831798934,1.0,1.0,-0.216273004043817,46,120,2000,100,2,100,0.0,0,0.3,0.0,0.0,1.0,0.7,1.0,1.0,0.25,2.0,0.0
ind_nl_mY,0.9747534281398044,0.02227251791607533,1.0,1.0,-1.133530207735236,47,121,2000,100,2,100,0.0,0,0.3,0.0,0.0,1.0,0.7,1.0,1.0,0.25,2.0,0.0
ind_nl_mY,0.961013184667964,0.023342687347504713,1.0,1.0,-1.6701939563185546,48,122,2000,100,2,100,0.0,0,0.3,0.0,0.0,1.0,0.7,1.0,1.0,0.25,2.0,0.0
ind_nl_mY,0.9670482327975418,0.022465077152623605,1.0,1.0,-1.4667996454492425,49,123,2000,100,2,100,0.0,0,0.3,0.0,0.0,1.0,0.7,1.0,1.0,0.25,2.0,0.0
ind_nl_mY,1.0139775501255188,0.022406619655837283,1.0,1.0,0.623813423899372,50,124,2000,100,2,100,0.0,0,0.3,0.0,0.0,1.0,0.7,1.0,1.0,0.25,2.0,0.0
ind_nl_mY,0.9655759920934528,0.02192416349413437,1.0,1.0,-1.570140083828378,51,125,2000,100,2,100,0.0,0,0.3,0.0,0.0,1.0,0.7,1.0,1.0,0.25,2.0,0.0
ind_nl_mY,0.9514634910809736,0.023116065036728962,1.0,1.0,-2.0996873318147813,52,126,2000,100,2,100,0.0,0,0.3,0.0,0.0,1.0,0.7,1.0,1.0,0.25,2.0,0.0
ind_nl_mY,1.0106986140616703,0.022075210368807042,1.0,1.0,0.48464381008969903,53,127,2000,100,2,100,0.0,0,0.3,0.0,0.0,1.0,0.7,1.0,1.0,0.25,2.0,0.0
ind_nl_mY,0.9924733180513061,0.022925168767120745,1.0,1.0,-0.3283152252945959,54,128,2000,100,2,100,0.0,0,0.3,0.0,0.0,1.0,0.7,1.0,1.0,0.25,2.0,0.0
ind_nl_mY,0.9880889018862462,0.022097957885429315,1.0,1.0,-0.5390135222226842,55,129,2000,100,2,100,0.0,0,0.3,0.0,0.0,1.0,0.7,1.0,1.0,0.25,2.0,0.0
ind_nl_mY,0.9678688701496494,0.022571075662301508,1.0,1.0,-1.4235533268809344,56,130,2000,100,2,100,0.0,0,0.3,0.0,0.0,1.0,0.7,1.0,1.0,0.25,2.0,0.0
ind_nl_mY,0.958480455701188,0.023935120374994595,1.0,1.0,-1.73467037760078,57,131,2000,100,2,100,0.0,0,0.3,0.0,0.0,1.0,0.7,1.0,1.0,0.25,2.0,0.0
ind_nl_mY,0.9497191364093995,0.021662590761985036,1.0,1.0,-2.3210918833788194,58,132,2000,100,2,100,0.0,0,0.3,0.0,0.0,1.0,0.7,1.0,1.0,0.25,2.0,0.0
ind_nl_mY,0.9679783263326993,0.022873478046494578,1.0,1.0,-1.3999477299521617,59,133,2000,100,2,100,0.0,0,0.3,0.0,0.0,1.0,0.7,1.0,1.0,0.25,2.0,0.0
ind_nl_mY,0.9717134624467413,0.023258085871759232,1.0,1.0,-1.2162023009642942,60,134,2000,100,2,100,0.0,0,0.3,0.0,0.0,1.0,0.7,1.0,1.0,0.25,2.0,0.0
ind_nl_mY,1.0118438106415548,0.022496852392162377,1.0,1.0,0.5264652332288519,61,135,2000,100,2,100,0.0,0,0.3,0.0,0.0,1.0,0.7,1.0,1.0,0.25,2.0,0.0
ind_nl_mY,0.9969616122805011,0.023106025484588594,1.0,1.0,-0.13149763560701946,62,136,2000,100,2,100,0.0,0,0.3,0.0,0.0,1.0,0.7,1.0,1.0,0.25,2.0,0.0
ind_nl_mY,0.9833647542085787,0.02272855400049653,1.0,1.0,-0.7319095526736046,63,137,2000,100,2,100,0.0,0,0.3,0.0,0.0,1.0,0.7,1.0,1.0,0.25,2.0,0.0
ind_nl_mY,1.0162210684826192,0.022371761885893657,1.0,1.0,0.7250688866328066,64,138,2000,100,2,100,0.0,0,0.3,0.0,0.0,1.0,0.7,1.0,1.0,0.25,2.0,0.0
ind_nl_mY,1.0120531855760972,0.02271442487624222,1.0,1.0,0.530640139108434,65,139,2000,100,2,100,0.0,0,0.3,0.0,0.0,1.0,0.7,1.0,1.0,0.25,2.0,0.0
ind_nl_mY,0.9577415958336767,0.022871526598225785,1.0,1.0,-1.8476424817922488,66,140,2000,100,2,100,0.0,0,0.3,0.0,0.0,1.0,0.7,1.0,1.0,0.25,2.0,0.0
ind_nl_mY,0.9370637401412765,0.02236175320630169,1.0,1.0,-2.8144599968569404,67,141,2000,100,2,100,0.0,0,0.3,0.0,0.0,1.0,0.7,1.0,1.0,0.25,2.0,0.0
ind_nl_mY,0.9789483604440165,0.022831266961930538,1.0,1.0,-0.9220530595645704,68,142,2000,100,2,100,0.0,0,0.3,0.0,0.0,1.0,0.7,1.0,1.0,0.25,2.0,0.0
ind_nl_mY,0.9654612524438877,0.022255730348098034,1.0,1.0,-1.5519035779054526,69,143,2000,100,2,100,0.0,0,0.3,0.0,0.0,1.0,0.7,1.0,1.0,0.25,2.0,0.0
ind_nl_mY,1.0137419881658258,0.023238342088889103,1.0,1.0,0.5913497664016343,70,144,2000,100,2,100,0.0,0,0.3,0.0,0.0,1.0,0.7,1.0,1.0,0.25,2.0,0.0
ind_nl_mY,0.9665324630972545,0.022018456173443078,1.0,1.0,-1.5199765432742467,71,145,2000,100,2,100,0.0,0,0.3,0.0,0.0,1.0,0.7,1.0,1.0,0.25,2.0,0.0
ind_nl_mY,0.955741550598148,0.02274996657883814,1.0,1.0,-1.945429205290388,72,146,2000,100,2,100,0.0,0,0.3,0.0,0.0,1.0,0.7,1.0,1.0,0.25,2.0,0.0
ind_nl_mY,0.9715836614864788,0.023749418641377126,1.0,1.0,-1.196506699495086,73,147,2000,100,2,100,0.0,0,0.3,0.0,0.0,1.0,0.7,1.0,1.0,0.25,2.0,0.0
ind_nl_mY,0.9874145202788268,0.022857344896679465,1.0,1.0,-0.5506098708341889,74,148,2000,100,2,100,0.0,0,0.3,0.0,0.0,1.0,0.7,1.0,1.0,0.25,2.0,0.0
ind_nl_mY,0.9760186066248231,0.02195138256969507,1.0,1.0,-1.0924775830878353,75,149,2000,100,2,100,0.0,0,0.3,0.0,0.0,1.0,0.7,1.0,1.0,0.25,2.0,0.0
ind_nl_mY,0.9370245591027202,0.02128536934815962,1.0,1.0,-2.95862570515953,76,150,2000,100,2,100,0.0,0,0.3,0.0,0.0,1.0,0.7,1.0,1.0,0.25,2.0,0.0
ind_nl_mY,0.9717241619428358,0.02169302381302033,1.0,1.0,-1.3034530502009947,77,151,2000,100,2,100,0.0,0,0.3,0.0,0.0,1.0,0.7,1.0,1.0,0.25,2.0,0.0
ind_nl_mY,0.9922233997079428,0.02242111582409161,1.0,1.0,-0.3468426974406501,78,152,2000,100,2,100,0.0,0,0.3,0.0,0.0,1.0,0.7,1.0,1.0,0.25,2.0,0.0
ind_nl_mY,1.0030801775539646,0.023399188486946484,1.0,1.0,0.13163608454553574,79,153,2000,100,2,100,0.0,0,0.3,0.0,0.0,1.0,0.7,1.0,1.0,0.25,2.0,0.0
ind_nl_mY,0.990866810976883,0.024092269945390012,1.0,1.0,-0.3790920923524105,80,154,2000,100,2,100,0.0,0,0.3,0.0,0.0,1.0,0.7,1.0,1.0,0.25,2.0,0.0
ind_nl_mY,0.9852430939834508,0.022909920337986472,1.0,1.0,-0.6441273386743774,81,155,2000,100,2,100,0.0,0,0.3,0.0,0.0,1.0,0.7,1.0,1.0,0.25,2.0,0.0
ind_nl_mY,1.0245008318256146,0.022724830259523536,1.0,1.0,1.0781524678428238,82,156,2000,100,2,100,0.0,0,0.3,0.0,0.0,1.0,0.7,1.0,1.0,0.25,2.0,0.0
ind_nl_mY,1.0099474028544242,0.0232445815627403,1.0,1.0,0.4279450171032244,83,157,2000,100,2,100,0.0,0,0.3,0.0,0.0,1.0,0.7,1.0,1.0,0.25,2.0,0.0
ind_nl_mY,0.9701388629107818,0.02315768620594389,1.0,1.0,-1.2894698038335868,84,158,2000,100,2,100,0.0,0,0.3,0.0,0.0,1.0,0.7,1.0,1.0,0.25,2.0,0.0
ind_nl_mY,1.0038312273815244,0.022585333207476146,1.0,1.0,0.16963342299755008,85,159,2000,100,2,100,0.0,0,0.3,0.0,0.0,1.0,0.7,1.0,1.0,0.25,2.0,0.0
ind_nl_mY,0.9917099845906189,0.022791467538995,1.0,1.0,-0.36373328725749426,86,160,2000,100,2,100,0.0,0,0.3,0.0,0.0,1.0,0.7,1.0,1.0,0.25,2.0,0.0
ind_nl_mY,1.011510267259387,0.023214001543593456,1.0,1.0,0.4958329669174831,87,161,2000,100,2,100,0.0,0,0.3,0.0,0.0,1.0,0.7,1.0,1.0,0.25,2.0,0.0
ind_nl_mY,0.9797943162828248,0.021769992987990473,1.0,1.0,-0.9281437861887143,88,162,2000,100,2,100,0.0,0,0.3,0.0,0.0,1.0,0.7,1.0,1.0,0.25,2.0,0.0
ind_nl_mY,0.9945708228193836,0.023662147726800267,1.0,1.0,-0.22944566331429048,89,163,2000,100,2,100,0.0,0,0.3,0.0,0.0,1.0,0.7,1.0,1.0,0.25,2.0,0.0
ind_nl_mY,0.9808283138657978,0.023791087252029063,1.0,1.0,-0.8058348040637395,90,164,2000,100,2,100,0.0,0,0.3,0.0,0.0,1.0,0.7,1.0,1.0,0.25,2.0,0.0
ind_nl_mY,0.9881254954005048,0.023315550342591737,1.0,1.0,-0.5092954884193087,91,165,2000,100,2,100,0.0,0,0.3,0.0,0.0,1.0,0.7,1.0,1.0,0.25,2.0,0.0
ind_nl_mY,1.0021157316768472,0.02201262336397115,1.0,1.0,0.09611447222188396,92,166,2000,100,2,100,0.0,0,0.3,0.0,0.0,1.0,0.7,1.0,1.0,0.25,2.0,0.0
ind_nl_mY,1.0362197067363816,0.021120298092741744,1.0,1.0,1.7149240307753515,93,167,2000,100,2,100,0.0,0,0.3,0.0,0.0,1.0,0.7,1.0,1.0,0.25,2.0,0.0
ind_nl_mY,0.9919292547474591,0.02455792876630575,1.0,1.0,-0.3286411215433705,94,168,2000,100,2,100,0.0,0,0.3,0.0,0.0,1.0,0.7,1.0,1.0,0.25,2.0,0.0
ind_nl_mY,0.9742484002815052,0.023027393293782245,1.0,1.0,-1.1183028573819584,95,169,2000,100,2,100,0.0,0,0.3,0.0,0.0,1.0,0.7,1.0,1.0,0.25,2.0,0.0
ind_nl_mY,1.00602756990365,0.023146988483945797,1.0,1.0,0.26040406542866834,96,170,2000,100,2,100,0.0,0,0.3,0.0,0.0,1.0,0.7,1.0,1.0,0.25,2.0,0.0
ind_nl_mY,0.9893359887144265,0.021851825741242954,1.0,1.0,-0.4880146589054257,97,171,2000,100,2,100,0.0,0,0.3,0.0,0.0,1.0,0.7,1.0,1.0,0.25,2.0,0.0
ind_nl_mY,1.0011041723910243,0.023098433791392457,1.0,1.0,0.0478029117037279,98,172,2000,100,2,100,0.0,0,0.3,0.0,0.0,1.0,0.7,1.0,1.0,0.25,2.0,0.0
ind_nl_mY,0.9636604532160646,0.024112441223515604,1.0,1.0,-1.507087003222855,99,173,2000,100,2,100,0.0,0,0.3,0.0,0.0,1.0,0.7,1.0,1.0,0.25,2.0,0.0
ind_nl_both,1.0031603404957419,0.022807569091810722,1.0,1.0,0.13856542461934826,0,75,2000,100,2,100,0.0,0,0.3,0.0,0.0,1.0,0.7,1.0,0.0,2.0,2.0,0.0
ind_nl_both,1.0127848594530633,0.021876138440775777,1.0,1.0,0.5844203028644717,1,76,2000,100,2,100,0.0,0,0.3,0.0,0.0,1.0,0.7,1.0,0.0,2.0,2.0,0.0
ind_nl_both,0.998867438528871,0.023495258355743114,1.0,1.0,-0.048203831342510245,2,77,2000,100,2,100,0.0,0,0.3,0.0,0.0,1.0,0.7,1.0,0.0,2.0,2.0,0.0
ind_nl_both,0.9762789576767713,0.021568962765107304,1.0,1.0,-1.0997766828919036,3,78,2000,100,2,100,0.0,0,0.3,0.0,0.0,1.0,0.7,1.0,0.0,2.0,2.0,0.0
ind_nl_both,1.0057955681741142,0.02218957404162309,1.0,1.0,0.2611842914714315,4,79,2000,100,2,100,0.0,0,0.3,0.0,0.0,1.0,0.7,1.0,0.0,2.0,2.0,0.0
ind_nl_both,0.9848989761029131,0.021899861812318445,1.0,1.0,-0.6895488211981652,5,80,2000,100,2,100,0.0,0,0.3,0.0,0.0,1.0,0.7,1.0,0.0,2.0,2.0,0.0
ind_nl_both,0.9653613210527828,0.022888233981336565,1.0,1.0,-1.5133836439920227,6,81,2000,100,2,100,0.0,0,0.3,0.0,0.0,1.0,0.7,1.0,0.0,2.0,2.0,0.0
ind_nl_both,1.0072562137108616,0.02177059414568977,1.0,1.0,0.333303430411807,7,82,2000,100,2,100,0.0,0,0.3,0.0,0.0,1.0,0.7,1.0,0.0,2.0,2.0,0.0
ind_nl_both,0.9590630274964971,0.022967896731253015,1.0,1.0,-1.7823561722915149,8,83,2000,100,2,100,0.0,0,0.3,0.0,0.0,1.0,0.7,1.0,0.0,2.0,2.0,0.0
ind_nl_both,0.9802785269138498,0.022666352639302268,1.0,1.0,-0.8700770432713661,9,84,2000,100,2,100,0.0,0,0.3,0.0,0.0,1.0,0.7,1.0,0.0,2.0,2.0,0.0
ind_nl_both,0.9780009887113489,0.023726186488898182,1.0,1.0,-0.9272038428486923,10,85,2000,100,2,100,0.0,0,0.3,0.0,0.0,1.0,0.7,1.0,0.0,2.0,2.0,0.0
ind_nl_both,0.9772147830325651,0.02251932947957881,1.0,1.0,-1.0118070783633748,11,86,2000,100,2,100,0.0,0,0.3,0.0,0.0,1.0,0.7,1.0,0.0,2.0,2.0,0.0
ind_nl_both,0.9556562422315378,0.02245185403706876,1.0,1.0,-1.9750599525210344,12,87,2000,100,2,100,0.0,0,0.3,0.0,0.0,1.0,0.7,1.0,0.0,2.0,2.0,0.0
ind_nl_both,0.979116483876778,0.023306351606333823,1.0,1.0,-0.896043983029358,13,88,2000,100,2,100,0.0,0,0.3,0.0,0.0,1.0,0.7,1.0,0.0,2.0,2.0,0.0
ind_nl_both,0.9813239471920582,0.022377614929614157,1.0,1.0,-0.8345863876326807,14,89,2000,100,2,100,0.0,0,0.3,0.0,0.0,1.0,0.7,1.0,0.0,2.0,2.0,0.0
ind_nl_both,0.9923256321670486,0.022669360367014113,1.0,1.0,-0.3385348200701005,15,90,2000,100,2,100,0.0,0,0.3,0.0,0.0,1.0,0.7,1.0,0.0,2.0,2.0,0.0
ind_nl_both,0.9417960568101402,0.023628091357831477,1.0,1.0,-2.4633366406283264,16,91,2000,100,2,100,0.0,0,0.3,0.0,0.0,1.0,0.7,1.0,0.0,2.0,2.0,0.0
ind_nl_both,1.0117972467954672,0.021956570997731142,1.0,1.0,0.5372991436908016,17,92,2000,100,2,100,0.0,0,0.3,0.0,0.0,1.0,0.7,1.0,0.0,2.0,2.0,0.0
ind_nl_both,0.9636777376770391,0.02446760756760599,1.0,1.0,-1.4845040416231752,18,93,2000,100,2,100,0.0,0,0.3,0.0,0.0,1.0,0.7,1.0,0.0,2.0,2.0,0.0
ind_nl_both,1.0032500321322961,0.02248959640991502,1.0,1.0,0.14451269258274846,19,94,2000,100,2,100,0.0,0,0.3,0.0,0.0,1.0,0.7,1.0,0.0,2.0,2.0,0.0
ind_nl_both,1.009126206722283,0.023275922694452403,1.0,1.0,0.39208786014993,20,95,2000,100,2,100,0.0,0,0.3,0.0,0.0,1.0,0.7,1.0,0.0,2.0,2.0,0.0
ind_nl_both,0.9367119090235916,0.023184617523735452,1.0,1.0,-2.729744879837534,21,96,2000,100,2,100,0.0,0,0.3,0.0,0.0,1.0,0.7,1.0,0.0,2.0,2.0,0.0
ind_nl_both,1.0175226537507507,0.021873214987747476,1.0,1.0,0.8011009703222042,22,97,2000,100,2,100,0.0,0,0.3,0.0,0.0,1.0,0.7,1.0,0.0,2.0,2.0,0.0
ind_nl_both,0.9906270169569282,0.023573532368186927,1.0,1.0,-0.3976062177139327,23,98,2000,100,2,100,0.0,0,0.3,0.0,0.0,1.0,0.7,1.0,0.0,2.0,2.0,0.0
ind_nl_both,1.0443361132685565,0.02255554148455522,1.0,1.0,1.9656417159798787,24,99,2000,100,2,100,0.0,0,0.3,0.0,0.0,1.0,0.7,1.0,0.0,2.0,2.0,0.0
ind_nl_both,0.966255097795405,0.021841865263761542,1.0,1.0,-1.544964305799567,25,100,2000,100,2,100,0.0,0,0.3,0.0,0.0,1.0,0.7,1.0,0.0,2.0,2.0,0.0
ind_nl_both,0.9738046755086099,0.023985677786528044,1.0,1.0,-1.0921235882732945,26,101,2000,100,2,100,0.0,0,0.3,0.0,0.0,1.0,0.7,1.0,0.0,2.0,2.0,0.0
ind_nl_both,0.9465879823574415,0.022198852797022654,1.0,1.0,-2.4060710763270725,27,102,2000,100,2,100,0.0,0,0.3,0.0,0.0,1.0,0.7,1.0,0.0,2.0,2.0,0.0
ind_nl_both,0.9606920711237955,0.022258924374626277,1.0,1.0,-1.765940178179183,28,103,2000,100,2,100,0.0,0,0.3,0.0,0.0,1.0,0.7,1.0,0.0,2.0,2.0,0.0
ind_nl_both,1.0161446302768877,0.02316970451706553,1.0,1.0,0.6967991441149576,29,104,2000,100,2,100,0.0,0,0.3,0.0,0.0,1.0,0.7,1.0,0.0,2.0,2.0,0.0
ind_nl_both,1.0380139770928676,0.024105523406249864,1.0,1.0,1.5769820240871293,30,105,2000,100,2,100,0.0,0,0.3,0.0,0.0,1.0,0.7,1.0,0.0,2.0,2.0,0.0
ind_nl_both,0.9669401078519975,0.023762949747631636,1.0,1.0,-1.3912368834301596,31,106,2000,100,2,100,0.0,0,0.3,0.0,0.0,1.0,0.7,1.0,0.0,2.0,2.0,0.0
ind_nl_both,0.962843338096965,0.022262655657244928,1.0,1.0,-1.6690130088295705,32,107,2000,100,2,100,0.0,0,0.3,0.0,0.0,1.0,0.7,1.0,0.0,2.0,2.0,0.0
ind_nl_both,0.9713859590992573,0.022608218114687915,1.0,1.0,-1.265647772663383,33,108,2000,100,2,100,0.0,0,0.3,0.0,0.0,1.0,0.7,1.0,0.0,2.0,2.0,0.0
ind_nl_both,0.9971974444504034,0.023360274219511035,1.0,1.0,-0.11997100390439218,34,109,2000,100,2,100,0.0,0,0.3,0.0,0.0,1.0,0.7,1.0,0.0,2.0,2.0,0.0
ind_nl_both,0.9879399685523108,0.023151754929477433,1.0,1.0,-0.5209121936728017,35,110,2000,100,2,100,0.0,0,0.3,0.0,0.0,1.0,0.7,1.0,0.0,2.0,2.0,0.0
ind_nl_both,1.0104619882036878,0.02296507982411202,1.0,1.0,0.45556071582661484,36,111,2000,100,2,100,0.0,0,0.3,0.0,0.0,1.0,0.7,1.0,0.0,2.0,2.0,0.0
ind_nl_both,1.0300506242343803,0.02345734246956005,1.0,1.0,1.2810753934882517,37,112,2000,100,2,100,0.0,0,0.3,0.0,0.0,1.0,0.7,1.0,0.0,2.0,2.0,0.0
ind_nl_both,0.9569801381611373,0.022778626630893545,1.0,1.0,-1.8886064790454486,38,113,2000,100,2,100,0.0,0,0.3,0.0,0.0,1.0,0.7,1.0,0.0,2.0,2.0,0.0
ind_nl_both,0.9752930255391408,0.022531838415471073,1.0,1.0,-1.096536110604035,39,114,2000,100,2,100,0.0,0,0.3,0.0,0.0,1.0,0.7,1.0,0.0,2.0,2.0,0.0
ind_nl_both,0.9510002071070752,0.0226923677335754,1.0,1.0,-2.159307193864357,40,115,2000,100,2,100,0.0,0,0.3,0.0,0.0,1.0,0.7,1.0,0.0,2.0,2.0,0.0
ind_nl_both,1.052863942489425,0.021864883016801073,1.0,1.0,2.4177555603112153,41,116,2000,100,2,100,0.0,0,0.3,0.0,0.0,1.0,0.7,1.0,0.0,2.0,2.0,0.0
ind_nl_both,0.9946647431076007,0.022727143573365662,1.0,1.0,-0.2347526373112639,42,117,2000,100,2,100,0.0,0,0.3,0.0,0.0,1.0,0.7,1.0,0.0,2.0,2.0,0.0
ind_nl_both,0.9632026447654143,0.023922068964881117,1.0,1.0,-1.5382179228981494,43,118,2000,100,2,100,0.0,0,0.3,0.0,0.0,1.0,0.7,1.0,0.0,2.0,2.0,0.0
ind_nl_both,0.9623576135400267,0.02452976081118662,1.0,1.0,-1.5345598658592208,44,119,2000,100,2,100,0.0,0,0.3,0.0,0.0,1.0,0.7,1.0,0.0,2.0,2.0,0.0
ind_nl_both,0.982276687790845,0.023398831472164292,1.0,1.0,-0.7574443292281077,45,120,2000,100,2,100,0.0,0,0.3,0.0,0.0,1.0,0.7,1.0,0.0,2.0,2.0,0.0
ind_nl_both,0.970862193461301,0.021741339634761818,1.0,1.0,-1.3402029050735738,46,121,2000,100,2,100,0.0,0,0.3,0.0,0.0,1.0,0.7,1.0,0.0,2.0,2.0,0.0
ind_nl_both,0.9606493636073251,0.023508355001005496,1.0,1.0,-1.6739000406873126,47,122,2000,100,2,100,0.0,0,0.3,0.0,0.0,1.0,0.7,1.0,0.0,2.0,2.0,0.0
ind_nl_both,0.9566235776904704,0.023052544609832904,1.0,1.0,-1.8816327240085997,48,123,2000,100,2,100,0.0,0,0.3,0.0,0.0,1.0,0.7,1.0,0.0,2.0,2.0,0.0
ind_nl_both,1.00547474373286,0.0221847615084126,1.0,1.0,0.24677947206166206,49,124,2000,100,2,100,0.0,0,0.3,0.0,0.0,1.0,0.7,1.0,0.0,2.0,2.0,0.0
ind_nl_both,0.9754557718549195,0.022511981345612598,1.0,1.0,-1.0902740086831129,50,125,2000,100,2,100,0.0,0,0.3,0.0,0.0,1.0,0.7,1.0,0.0,2.0,2.0,0.0
ind_nl_both,0.9655035268688154,0.02296790847293224,1.0,1.0,-1.5019422936067017,51,126,2000,100,2,100,0.0,0,0.3,0.0,0.0,1.0,0.7,1.0,0.0,2.0,2.0,0.0
ind_nl_both,1.0193017911593674,0.022038375092726794,1.0,1.0,0.8758264199676604,52,127,2000,100,2,100,0.0,0,0.3,0.0,0.0,1.0,0.7,1.0,0.0,2.0,2.0,0.0
ind_nl_both,0.9813146132250584,0.022839565012895607,1.0,1.0,-0.8181148268100331,53,128,2000,100,2,100,0.0,0,0.3,0.0,0.0,1.0,0.7,1.0,0.0,2.0,2.0,0.0
ind_nl_both,0.968793602598721,0.022238743425926934,1.0,1.0,-1.4032446349867556,54,129,2000,100,2,100,0.0,0,0.3,0.0,0.0,1.0,0.7,1.0,0.0,2.0,2.0,0.0
ind_nl_both,0.9805468822475819,0.022809760950613062,1.0,1.0,-0.8528418072656411,55,130,2000,100,2,100,0.0,0,0.3,0.0,0.0,1.0,0.7,1.0,0.0,2.0,2.0,0.0
ind_nl_both,0.9557998069312464,0.024562017477162374,1.0,1.0,-1.7995343057568722,56,131,2000,100,2,100,0.0,0,0.3,0.0,0.0,1.0,0.7,1.0,0.0,2.0,2.0,0.0
ind_nl_both,0.9463644866416053,0.021992739764923115,1.0,1.0,-2.438782704278599,57,132,2000,100,2,100,0.0,0,0.3,0.0,0.0,1.0,0.7,1.0,0.0,2.0,2.0,0.0
ind_nl_both,0.9706581415433969,0.02369939499103397,1.0,1.0,-1.2380847050190014,58,133,2000,100,2,100,0.0,0,0.3,0.0,0.0,1.0,0.7,1.0,0.0,2.0,2.0,0.0
ind_nl_both,0.9674299344048504,0.023414434261850973,1.0,1.0,-1.3910250929366201,59,134,2000,100,2,100,0.0,0,0.3,0.0,0.0,1.0,0.7,1.0,0.0,2.0,2.0,0.0
ind_nl_both,1.0089804838287268,0.02317115270460639,1.0,1.0,0.38757173383702836,60,135,2000,100,2,100,0.0,0,0.3,0.0,0.0,1.0,0.7,1.0,0.0,2.0,2.0,0.0
ind_nl_both,1.0024307740503444,0.023222513996264894,1.0,1.0,0.10467316547792307,61,136,2000,100,2,100,0.0,0,0.3,0.0,0.0,1.0,0.7,1.0,0.0,2.0,2.0,0.0
ind_nl_both,0.968984533080416,0.022994815981317824,1.0,1.0,-1.3488025711874616,62,137,2000,100,2,100,0.0,0,0.3,0.0,0.0,1.0,0.7,1.0,0.0,2.0,2.0,0.0
ind_nl_both,1.02148501973904,0.022299124007053153,1.0,1.0,0.9634916480236748,63,138,2000,100,2,100,0.0,0,0.3,0.0,0.0,1.0,0.7,1.0,0.0,2.0,2.0,0.0
ind_nl_both,0.9960852942083674,0.022667262514196745,1.0,1.0,-0.17270306854128215,64,139,2000,100,2,100,0.0,0,0.3,0.0,0.0,1.0,0.7,1.0,0.0,2.0,2.0,0.0
ind_nl_both,0.9699973270654563,0.02295809872897932,1.0,1.0,-1.3068448432392292,65,140,2000,100,2,100,0.0,0,0.3,0.0,0.0,1.0,0.7,1.0,0.0,2.0,2.0,0.0
ind_nl_both,0.9466131115694935,0.02304362266701407,1.0,1.0,-2.316774979436177,66,141,2000,100,2,100,0.0,0,0.3,0.0,0.0,1.0,0.7,1.0,0.0,2.0,2.0,0.0
ind_nl_both,0.9728977358557027,0.022805785225903805,1.0,1.0,-1.1883942550468882,67,142,2000,100,2,100,0.0,0,0.3,0.0,0.0,1.0,0.7,1.0,0.0,2.0,2.0,0.0
ind_nl_both,0.9596519642653321,0.023270774603511103,1.0,1.0,-1.7338501370117785,68,143,2000,100,2,100,0.0,0,0.3,0.0,0.0,1.0,0.7,1.0,0.0,2.0,2.0,0.0
ind_nl_both,1.001316998939623,0.023420837004553947,1.0,1.0,0.05623193310157173,69,144,2000,100,2,100,0.0,0,0.3,0.0,0.0,1.0,0.7,1.0,0.0,2.0,2.0,0.0
ind_nl_both,0.9745597853240028,0.02193585163096379,1.0,1.0,-1.159755048675056,70,145,2000,100,2,100,0.0,0,0.3,0.0,0.0,1.0,0.7,1.0,0.0,2.0,2.0,0.0
ind_nl_both,0.9550829292331946,0.022904696785039143,1.0,1.0,-1.9610419290136278,71,146,2000,100,2,100,0.0,0,0.3,0.0,0.0,1.0,0.7,1.0,0.0,2.0,2.0,0.0
ind_nl_both,0.9682188377114612,0.0243775884217,1.0,1.0,-1.3037041129240003,72,147,2000,100,2,100,0.0,0,0.3,0.0,0.0,1.0,0.7,1.0,0.0,2.0,2.0,0.0
ind_nl_both,0.9881851583585696,0.02306533513217389,1.0,1.0,-0.5122336863404113,73,148,2000,100,2,100,0.0,0,0.3,0.0,0.0,1.0,0.7,1.0,0.0,2.0,2.0,0.0
ind_nl_both,0.9809257697647767,0.022264219205751525,1.0,1.0,-0.8567212736701677,74,149,2000,100,2,100,0.0,0,0.3,0.0,0.0,1.0,0.7,1.0,0.0,2.0,2.0,0.0
ind_nl_both,0.9406189535550421,0.021984467972146753,1.0,1.0,-2.701045416254366,75,150,2000,100,2,100,0.0,0,0.3,0.0,0.0,1.0,0.7,1.0,0.0,2.0,2.0,0.0
ind_nl_both,0.9731785733620193,0.021654277184923403,1.0,1.0,-1.2386202692858705,76,151,2000,100,2,100,0.0,0,0.3,0.0,0.0,1.0,0.7,1.0,0.0,2.0,2.0,0.0
ind_nl_both,0.9942133553645546,0.022767771316330884,1.0,1.0,-0.2541594675669804,77,152,2000,100,2,100,0.0,0,0.3,0.0,0.0,1.0,0.7,1.0,0.0,2.0,2.0,0.0
ind_nl_both,1.001691814316935,0.023081570825503498,1.0,1.0,0.07329719150075212,78,153,2000,100,2,100,0.0,0,0.3,0.0,0.0,1.0,0.7,1.0,0.0,2.0,2.0,0.0
ind_nl_both,0.9773690587411262,0.024057757062762315,1.0,1.0,-0.9406920686676551,79,154,2000,100,2,100,0.0,0,0.3,0.0,0.0,1.0,0.7,1.0,0.0,2.0,2.0,0.0
ind_nl_both,0.9821809200696128,0.02294061965529508,1.0,1.0,-0.7767479779594482,80,155,2000,100,2,100,0.0,0,0.3,0.0,0.0,1.0,0.7,1.0,0.0,2.0,2.0,0.0
ind_nl_both,1.0084053199074239,0.022563585608229755,1.0,1.0,0.37251703046514717,81,156,2000,100,2,100,0.0,0,0.3,0.0,0.0,1.0,0.7,1.0,0.0,2.0,2.0,0.0
ind_nl_both,1.0097292493076213,0.023877911715205865,1.0,1.0,0.4074581321709787,82,157,2000,100,2,100,0.0,0,0.3,0.0,0.0,1.0,0.7,1.0,0.0,2.0,2.0,0.0
ind_nl_both,0.9759918693604043,0.02266017296556129,1.0,1.0,-1.0594857627999155,83,158,2000,100,2,100,0.0,0,0.3,0.0,0.0,1.0,0.7,1.0,0.0,2.0,2.0,0.0
ind_nl_both,0.9949398202642254,0.023332551872604475,1.0,1.0,-0.21687210912047197,84,159,2000,100,2,100,0.0,0,0.3,0.0,0.0,1.0,0.7,1.0,0.0,2.0,2.0,0.0
ind_nl_both,0.9790132716431016,0.023114683929967975,1.0,1.0,-0.9079392312039928,85,160,2000,100,2,100,0.0,0,0.3,0.0,0.0,1.0,0.7,1.0,0.0,2.0,2.0,0.0
ind_nl_both,0.997812808509564,0.023481172110958674,1.0,1.0,-0.09314660614472645,86,161,2000,100,2,100,0.0,0,0.3,0.0,0.0,1.0,0.7,1.0,0.0,2.0,2.0,0.0
ind_nl_both,0.9800252645854466,0.022270599606257248,1.0,1.0,-0.8969105353113718,87,162,2000,100,2,100,0.0,0,0.3,0.0,0.0,1.0,0.7,1.0,0.0,2.0,2.0,0.0
ind_nl_both,0.9892265770881215,0.024034407762749177,1.0,1.0,-0.44824998469803073,88,163,2000,100,2,100,0.0,0,0.3,0.0,0.0,1.0,0.7,1.0,0.0,2.0,2.0,0.0
ind_nl_both,0.9786498711680415,0.02435180837432831,1.0,1.0,-0.8767368937768845,89,164,2000,100,2,100,0.0,0,0.3,0.0,0.0,1.0,0.7,1.0,0.0,2.0,2.0,0.0
ind_nl_both,0.9711539916076931,0.023578730780742616,1.0,1.0,-1.2233910578370146,90,165,2000,100,2,100,0.0,0,0.3,0.0,0.0,1.0,0.7,1.0,0.0,2.0,2.0,0.0
ind_nl_both,0.9859082007552457,0.021901033250113965,1.0,1.0,-0.6434307954251891,91,166,2000,100,2,100,0.0,0,0.3,0.0,0.0,1.0,0.7,1.0,0.0,2.0,2.0,0.0
ind_nl_both,1.0276442393515597,0.022048105266421227,1.0,1.0,1.2538147390679073,92,167,2000,100,2,100,0.0,0,0.3,0.0,0.0,1.0,0.7,1.0,0.0,2.0,2.0,0.0
ind_nl_both,0.9836492116180945,0.025157992789874885,1.0,1.0,-0.649924201762474,93,168,2000,100,2,100,0.0,0,0.3,0.0,0.0,1.0,0.7,1.0,0.0,2.0,2.0,0.0
ind_nl_both,0.947747619410236,0.023613591801478224,1.0,1.0,-2.2128095136502264,94,169,2000,100,2,100,0.0,0,0.3,0.0,0.0,1.0,0.7,1.0,0.0,2.0,2.0,0.0
ind_nl_both,1.0130430587444426,0.024172032850951746,1.0,1.0,0.5395929595523863,95,170,2000,100,2,100,0.0,0,0.3,0.0,0.0,1.0,0.7,1.0,0.0,2.0,2.0,0.0
ind_nl_both,0.9742393367793531,0.021805959627195306,1.0,1.0,-1.1813588423102204,96,171,2000,100,2,100,0.0,0,0.3,0.0,0.0,1.0,0.7,1.0,0.0,2.0,2.0,0.0
ind_nl_both,0.9941372678928525,0.023557944216375113,1.0,1.0,-0.24886433439605113,97,172,2000,100,2,100,0.0,0,0.3,0.0,0.0,1.0,0.7,1.0,0.0,2.0,2.0,0.0
ind_nl_both,0.9507980173294344,0.023918411284283656,1.0,1.0,-2.0570757014658136,98,173,2000,100,2,100,0.0,0,0.3,0.0,0.0,1.0,0.7,1.0,0.0,2.0,2.0,0.0
ind_nl_both,0.9990366038980664,0.022746286658675896,1.0,1.0,-0.04235399458338289,99,174,2000,100,2,100,0.0,0,0.3,0.0,0.0,1.0,0.7,1.0,0.0,2.0,2.0,0.0
ind_skew_Dpos,1.0661210363111129,0.10568261712053838,1.0,1.0,0.6256566889869621,0,76,2000,100,2,100,0.0,0,0.3,0.0,0.0,1.0,0.7,0.2,0.0,4.0,1.0,0.25
ind_skew_Dpos,1.0400125748531175,0.11386720207765125,1.0,1.0,0.3513968388002639,1,77,2000,100,2,100,0.0,0,0.3,0.0,0.0,1.0,0.7,0.2,0.0,4.0,1.0,0.25
ind_skew_Dpos,0.9703843261728327,0.10744912053101775,1.0,1.0,-0.275625092888667,2,78,2000,100,2,100,0.0,0,0.3,0.0,0.0,1.0,0.7,0.2,0.0,4.0,1.0,0.25
ind_skew_Dpos,1.058111883620768,0.10669578479738068,1.0,1.0,0.544650228976942,3,79,2000,100,2,100,0.0,0,0.3,0.0,0.0,1.0,0.7,0.2,0.0,4.0,1.0,0.25
ind_skew_Dpos,0.9485734124349361,0.10538498534846516,1.0,1.0,-0.4879878039079017,4,80,2000,100,2,100,0.0,0,0.3,0.0,0.0,1.0,0.7,0.2,0.0,4.0,1.0,0.25
ind_skew_Dpos,0.854979070548836,0.11393262871320353,1.0,1.0,-1.2728656495429183,5,81,2000,100,2,100,0.0,0,0.3,0.0,0.0,1.0,0.7,0.2,0.0,4.0,1.0,0.25
ind_skew_Dpos,0.9783811404946059,0.10528231286026159,1.0,1.0,-0.20534179880801293,6,82,2000,100,2,100,0.0,0,0.3,0.0,0.0,1.0,0.7,0.2,0.0,4.0,1.0,0.25
ind_skew_Dpos,0.8609726251445537,0.10888288505514726,1.0,1.0,-1.2768524161077413,7,83,2000,100,2,100,0.0,0,0.3,0.0,0.0,1.0,0.7,0.2,0.0,4.0,1.0,0.25
ind_skew_Dpos,0.9309018334915524,0.10877955610471478,1.0,1.0,-0.6352128008495587,8,84,2000,100,2,100,0.0,0,0.3,0.0,0.0,1.0,0.7,0.2,0.0,4.0,1.0,0.25
ind_skew_Dpos,0.9229689253896771,0.11394822325776749,1.0,1.0,-0.676018216063513,9,85,2000,100,2,100,0.0,0,0.3,0.0,0.0,1.0,0.7,0.2,0.0,4.0,1.0,0.25
ind_skew_Dpos,0.9436377351242824,0.10964527387622096,1.0,1.0,-0.5140418996932345,10,86,2000,100,2,100,0.0,0,0.3,0.0,0.0,1.0,0.7,0.2,0.0,4.0,1.0,0.25
ind_skew_Dpos,0.7545198568847784,0.10821617210757607,1.0,1.0,-2.268423825518366,11,87,2000,100,2,100,0.0,0,0.3,0.0,0.0,1.0,0.7,0.2,0.0,4.0,1.0,0.25
ind_skew_Dpos,1.0118448157658289,0.11214745910995377,1.0,1.0,0.10561822675104686,12,88,2000,100,2,100,0.0,0,0.3,0.0,0.0,1.0,0.7,0.2,0.0,4.0,1.0,0.25
ind_skew_Dpos,0.9799262921727339,0.10960692534266867,1.0,1.0,-0.1831426961800897,13,89,2000,100,2,100,0.0,0,0.3,0.0,0.0,1.0,0.7,0.2,0.0,4.0,1.0,0.25
ind_skew_Dpos,0.9918740428045536,0.11025078468006906,1.0,1.0,-0.07370430259545713,14,90,2000,100,2,100,0.0,0,0.3,0.0,0.0,1.0,0.7,0.2,0.0,4.0,1.0,0.25
ind_skew_Dpos,0.7372935511367469,0.11545812272999978,1.0,1.0,-2.275339687252627,15,91,2000,100,2,100,0.0,0,0.3,0.0,0.0,1.0,0.7,0.2,0.0,4.0,1.0,0.25
ind_skew_Dpos,1.0144727117571528,0.10591156512051346,1.0,1.0,0.1366490216690195,16,92,2000,100,2,100,0.0,0,0.3,0.0,0.0,1.0,0.7,0.2,0.0,4.0,1.0,0.25
ind_skew_Dpos,0.8620236333554011,0.12091347253883651,1.0,1.0,-1.1411165666446468,17,93,2000,100,2,100,0.0,0,0.3,0.0,0.0,1.0,0.7,0.2,0.0,4.0,1.0,0.25
ind_skew_Dpos,1.108847381655209,0.10840706909250626,1.0,1.0,1.0040616591370708,18,94,2000,100,2,100,0.0,0,0.3,0.0,0.0,1.0,0.7,0.2,0.0,4.0,1.0,0.25
ind_skew_Dpos,1.0798873341896944,0.11306143165578188,1.0,1.0,0.7065834300852764,19,95,2000,100,2,100,0.0,0,0.3,0.0,0.0,1.0,0.7,0.2,0.0,4.0,1.0,0.25
ind_skew_Dpos,0.7617103156668085,0.1115362716630005,1.0,1.0,-2.1364322186881783,20,96,2000,100,2,100,0.0,0,0.3,0.0,0.0,1.0,0.7,0.2,0.0,4.0,1.0,0.25
ind_skew_Dpos,1.1549900891803164,0.1046318509856516,1.0,1.0,1.4812897575669435,21,97,2000,100,2,100,0.0,0,0.3,0.0,0.0,1.0,0.7,0.2,0.0,4.0,1.0,0.25
ind_skew_Dpos,1.0006647709076457,0.11275869935329919,1.0,1.0,0.0058955176980432875,22,98,2000,100,2,100,0.0,0,0.3,0.0,0.0,1.0,0.7,0.2,0.0,4.0,1.0,0.25
ind_skew_Dpos,1.2398514029443697,0.110684218767527,1.0,1.0,2.16698826278149,23,99,2000,100,2,100,0.0,0,0.3,0.0,0.0,1.0,0.7,0.2,0.0,4.0,1.0,0.25
ind_skew_Dpos,0.8730069290778776,0.10701812403778566,1.0,1.0,-1.1866501311243698,24,100,2000,100,2,100,0.0,0,0.3,0.0,0.0,1.0,0.7,0.2,0.0,4.0,1.0,0.25
ind_skew_Dpos,0.9121220581344207,0.1145859322853441,1.0,1.0,-0.7669173703342915,25,101,2000,100,2,100,0.0,0,0.3,0.0,0.0,1.0,0.7,0.2,0.0,4.0,1.0,0.25
ind_skew_Dpos,0.7476293329515898,0.10709396818812633,1.0,1.0,-2.356534838685629,26,102,2000,100,2,100,0.0,0,0.3,0.0,0.0,1.0,0.7,0.2,0.0,4.0,1.0,0.25
ind_skew_Dpos,0.8320055455545557,0.10860771173492277,1.0,1.0,-1.54680042293374,27,103,2000,100,2,100,0.0,0,0.3,0.0,0.0,1.0,0.7,0.2,0.0,4.0,1.0,0.25
ind_skew_Dpos,1.1081922291671669,0.11490248432402256,1.0,1.0,0.9416004345220864,28,104,2000,100,2,100,0.0,0,0.3,0.0,0.0,1.0,0.7,0.2,0.0,4.0,1.0,0.25
ind_skew_Dpos,1.2560741954908228,0.1166220723237103,1.0,1.0,2.1957609772190665,29,105,2000,100,2,100,0.0,0,0.3,0.0,0.0,1.0,0.7,0.2,0.0,4.0,1.0,0.25
ind_skew_Dpos,0.850913619931207,0.11648447887351814,1.0,1.0,-1.2798819337181815,30,106,2000,100,2,100,0.0,0,0.3,0.0,0.0,1.0,0.7,0.2,0.0,4.0,1.0,0.25
ind_skew_Dpos,0.8635454177148678,0.1071616559892487,1.0,1.0,-1.2733526840871363,31,107,2000,100,2,100,0.0,0,0.3,0.0,0.0,1.0,0.7,0.2,0.0,4.0,1.0,0.25
ind_skew_Dpos,0.8682785972918656,0.110216657901581,1.0,1.0,-1.1951133813706838,32,108,2000,100,2,100,0.0,0,0.3,0.0,0.0,1.0,0.7,0.2,0.0,4.0,1.0,0.25
ind_skew_Dpos,1.000503174687991,0.11185544061824228,1.0,1.0,0.004498437315252432,33,109,2000,100,2,100,0.0,0,0.3,0.0,0.0,1.0,0.7,0.2,0.0,4.0,1.0,0.25
ind_skew_Dpos,0.9701128735858296,0.11108430273424585,1.0,1.0,-0.2690490526431196,34,110,2000,100,2,100,0.0,0,0.3,0.0,0.0,1.0,0.7,0.2,0.0,4.0,1.0,0.25
ind_skew_Dpos,1.0432796581521193,0.11222963709714848,1.0,1.0,0.38563484006150245,35,111,2000,100,2,100,0.0,0,0.3,0.0,0.0,1.0,0.7,0.2,0.0,4.0,1.0,0.25
ind_skew_Dpos,1.2396931700103968,0.11363849682575222,1.0,1.0,2.109260300916605,36,112,2000,100,2,100,0.0,0,0.3,0.0,0.0,1.0,0.7,0.2,0.0,4.0,1.0,0.25
ind_skew_Dpos,0.9381376519731836,0.1103254402474132,1.0,1.0,-0.5607260473022851,37,113,2000,100,2,100,0.0,0,0.3,0.0,0.0,1.0,0.7,0.2,0.0,4.0,1.0,0.25
ind_skew_Dpos,0.9705491613075967,0.10907407113949241,1.0,1.0,-0.27000769646471945,38,114,2000,100,2,100,0.0,0,0.3,0.0,0.0,1.0,0.7,0.2,0.0,4.0,1.0,0.25
ind_skew_Dpos,0.8488939772974202,0.10847949305825011,1.0,1.0,-1.3929455092626637,39,115,2000,100,2,100,0.0,0,0.3,0.0,0.0,1.0,0.7,0.2,0.0,4.0,1.0,0.25
ind_skew_Dpos,1.279215340150017,0.10565261167442966,1.0,1.0,2.6427679895923815,40,116,2000,100,2,100,0.0,0,0.3,0.0,0.0,1.0,0.7,0.2,0.0,4.0,1.0,0.25
ind_skew_Dpos,1.0311320778396837,0.11101549514520184,1.0,1.0,0.280430022844692,41,117,2000,100,2,100,0.0,0,0.3,0.0,0.0,1.0,0.7,0.2,0.0,4.0,1.0,0.25
ind_skew_Dpos,0.8303522817540555,0.11749995228606598,1.0,1.0,-1.4438109543476179,42,118,2000,100,2,100,0.0,0,0.3,0.0,0.0,1.0,0.7,0.2,0.0,4.0,1.0,0.25
ind_skew_Dpos,0.9251710335710249,0.11735116973775951,1.0,1.0,-0.6376499407393442,43,119,2000,100,2,100,0.0,0,0.3,0.0,0.0,1.0,0.7,0.2,0.0,4.0,1.0,0.25
ind_skew_Dpos,0.9195151080081986,0.11371894889999011,1.0,1.0,-0.707752690033951,44,120,2000,100,2,100,0.0,0,0.3,0.0,0.0,1.0,0.7,0.2,0.0,4.0,1.0,0.25
ind_skew_Dpos,0.9170036158609398,0.10626066117422023,1.0,1.0,-0.781064066625588,45,121,2000,100,2,100,0.0,0,0.3,0.0,0.0,1.0,0.7,0.2,0.0,4.0,1.0,0.25
ind_skew_Dpos,0.8293378228549136,0.11108126284614146,1.0,1.0,-1.5363723167377954,46,122,2000,100,2,100,0.0,0,0.3,0.0,0.0,1.0,0.7,0.2,0.0,4.0,1.0,0.25
ind_skew_Dpos,0.8861197360257748,0.11093950023297973,1.0,1.0,-1.0265078149357958,47,123,2000,100,2,100,0.0,0,0.3,0.0,0.0,1.0,0.7,0.2,0.0,4.0,1.0,0.25
ind_skew_Dpos,1.031339788854732,0.1077261521435119,1.0,1.0,0.2909208973971462,48,124,2000,100,2,100,0.0,0,0.3,0.0,0.0,1.0,0.7,0.2,0.0,4.0,1.0,0.25
ind_skew_Dpos,0.9094958892966236,0.10702528795930555,1.0,1.0,-0.8456329567437273,49,125,2000,100,2,100,0.0,0,0.3,0.0,0.0,1.0,0.7,0.2,0.0,4.0,1.0,0.25
ind_skew_Dpos,0.8705715019265206,0.11418772190280756,1.0,1.0,-1.1334712341808892,50,126,2000,100,2,100,0.0,0,0.3,0.0,0.0,1.0,0.7,0.2,0.0,4.0,1.0,0.25
ind_skew_Dpos,1.1296099122119452,0.1110961597883031,1.0,1.0,1.1666461960424246,51,127,2000,100,2,100,0.0,0,0.3,0.0,0.0,1.0,0.7,0.2,0.0,4.0,1.0,0.25
ind_skew_Dpos,0.9692315344122325,0.11431901435041844,1.0,1.0,-0.2691456514264011,52,128,2000,100,2,100,0.0,0,0.3,0.0,0.0,1.0,0.7,0.2,0.0,4.0,1.0,0.25
ind_skew_Dpos,0.8878763241121054,0.10971031866229145,1.0,1.0,-1.0219975409335191,53,129,2000,100,2,100,0.0,0,0.3,0.0,0.0,1.0,0.7,0.2,0.0,4.0,1.0,0.25
ind_skew_Dpos,0.9438467734264725,0.11038057867108306,1.0,1.0,-0.508723792261095,54,130,2000,100,2,100,0.0,0,0.3,0.0,0.0,1.0,0.7,0.2,0.0,4.0,1.0,0.25
ind_skew_Dpos,0.8805516659635861,0.11836116541886788,1.0,1.0,-1.0091851800689746,55,131,2000,100,2,100,0.0,0,0.3,0.0,0.0,1.0,0.7,0.2,0.0,4.0,1.0,0.25
ind_skew_Dpos,0.8160597570223399,0.10558342775103897,1.0,1.0,-1.742131761542948,56,132,2000,100,2,100,0.0,0,0.3,0.0,0.0,1.0,0.7,0.2,0.0,4.0,1.0,0.25
ind_skew_Dpos,0.8976600381695509,0.11241742745364718,1.0,1.0,-0.9103567315899196,57,133,2000,100,2,100,0.0,0,0.3,0.0,0.0,1.0,0.7,0.2,0.0,4.0,1.0,0.25
ind_skew_Dpos,0.921833577483312,0.11274686969816368,1.0,1.0,-0.6932912880503781,58,134,2000,100,2,100,0.0,0,0.3,0.0,0.0,1.0,0.7,0.2,0.0,4.0,1.0,0.25
ind_skew_Dpos,1.0126186238502146,0.10984714183876079,1.0,1.0,0.11487439398957573,59,135,2000,100,2,100,0.0,0,0.3,0.0,0.0,1.0,0.7,0.2,0.0,4.0,1.0,0.25
ind_skew_Dpos,1.139874054233636,0.11003200663498512,1.0,1.0,1.2712124272862488,60,136,2000,100,2,100,0.0,0,0.3,0.0,0.0,1.0,0.7,0.2,0.0,4.0,1.0,0.25
ind_skew_Dpos,0.9058504112521388,0.11149969952682144,1.0,1.0,-0.8443932059674594,61,137,2000,100,2,100,0.0,0,0.3,0.0,0.0,1.0,0.7,0.2,0.0,4.0,1.0,0.25
ind_skew_Dpos,1.0739416081627553,0.10757455929411756,1.0,1.0,0.6873521829691438,62,138,2000,100,2,100,0.0,0,0.3,0.0,0.0,1.0,0.7,0.2,0.0,4.0,1.0,0.25
ind_skew_Dpos,1.1083687618668099,0.11363951803322785,1.0,1.0,0.9536186332216157,63,139,2000,100,2,100,0.0,0,0.3,0.0,0.0,1.0,0.7,0.2,0.0,4.0,1.0,0.25
ind_skew_Dpos,0.8321355495818406,0.11039004725245263,1.0,1.0,-1.520648415289358,64,140,2000,100,2,100,0.0,0,0.3,0.0,0.0,1.0,0.7,0.2,0.0,4.0,1.0,0.25
ind_skew_Dpos,0.7677478185338675,0.11079475387015661,1.0,1.0,-2.0962380740365663,65,141,2000,100,2,100,0.0,0,0.3,0.0,0.0,1.0,0.7,0.2,0.0,4.0,1.0,0.25
ind_skew_Dpos,0.9199644430053424,0.11309139797830584,1.0,1.0,-0.7077068497288422,66,142,2000,100,2,100,0.0,0,0.3,0.0,0.0,1.0,0.7,0.2,0.0,4.0,1.0,0.25
ind_skew_Dpos,0.8321283548946443,0.11164280254968102,1.0,1.0,-1.5036495078189465,67,143,2000,100,2,100,0.0,0,0.3,0.0,0.0,1.0,0.7,0.2,0.0,4.0,1.0,0.25
ind_skew_Dpos,1.0672270394015129,0.11425554147337856,1.0,1.0,0.5883919373589132,68,144,2000,100,2,100,0.0,0,0.3,0.0,0.0,1.0,0.7,0.2,0.0,4.0,1.0,0.25
ind_skew_Dpos,0.8697406670164674,0.10792338173964378,1.0,1.0,-1.2069611875003372,69,145,2000,100,2,100,0.0,0,0.3,0.0,0.0,1.0,0.7,0.2,0.0,4.0,1.0,0.25
ind_skew_Dpos,0.9415983663186107,0.1134695890808054,1.0,1.0,-0.5146897433443561,70,146,2000,100,2,100,0.0,0,0.3,0.0,0.0,1.0,0.7,0.2,0.0,4.0,1.0,0.25
ind_skew_Dpos,0.9289031537598783,0.11439940045361348,1.0,1.0,-0.6214791857143512,71,147,2000,100,2,100,0.0,0,0.3,0.0,0.0,1.0,0.7,0.2,0.0,4.0,1.0,0.25
ind_skew_Dpos,0.9906483931410954,0.11091106516955031,1.0,1.0,-0.08431626587129717,72,148,2000,100,2,100,0.0,0,0.3,0.0,0.0,1.0,0.7,0.2,0.0,4.0,1.0,0.25
ind_skew_Dpos,1.002024684117454,0.10896674488408437,1.0,1.0,0.0185807525002958,73,149,2000,100,2,100,0.0,0,0.3,0.0,0.0,1.0,0.7,0.2,0.0,4.0,1.0,0.25
ind_skew_Dpos,0.7625897104153705,0.10709473711790593,1.0,1.0,-2.2168249904124857,74,150,2000,100,2,100,0.0,0,0.3,0.0,0.0,1.0,0.7,0.2,0.0,4.0,1.0,0.25
ind_skew_Dpos,0.9760165321101,0.10665985365015997,1.0,1.0,-0.22485937369241885,75,151,2000,100,2,100,0.0,0,0.3,0.0,0.0,1.0,0.7,0.2,0.0,4.0,1.0,0.25
ind_skew_Dpos,1.0454996444641365,0.11067810770925489,1.0,1.0,0.41109886504078513,76,152,2000,100,2,100,0.0,0,0.3,0.0,0.0,1.0,0.7,0.2,0.0,4.0,1.0,0.25
ind_skew_Dpos,1.0361192129566597,0.11485852434544847,1.0,1.0,0.31446697720081723,77,153,2000,100,2,100,0.0,0,0.3,0.0,0.0,1.0,0.7,0.2,0.0,4.0,1.0,0.25
ind_skew_Dpos,0.9627819826234376,0.11597005217345223,1.0,1.0,-0.3209278316172242,78,154,2000,100,2,100,0.0,0,0.3,0.0,0.0,1.0,0.7,0.2,0.0,4.0,1.0,0.25
ind_skew_Dpos,1.0234518002869157,0.11025899386308835,1.0,1.0,0.21269739061864185,79,155,2000,100,2,100,0.0,0,0.3,0.0,0.0,1.0,0.7,0.2,0.0,4.0,1.0,0.25
ind_skew_Dpos,1.1248818416343476,0.11089560747751362,1.0,1.0,1.1261207226775862,80,156,2000,100,2,100,0.0,0,0.3,0.0,0.0,1.0,0.7,0.2,0.0,4.0,1.0,0.25
ind_skew_Dpos,1.0621411655828843,0.11551757477476216,1.0,1.0,0.5379368957844557,81,157,2000,100,2,100,0.0,0,0.3,0.0,0.0,1.0,0.7,0.2,0.0,4.0,1.0,0.25
ind_skew_Dpos,0.8933218154344335,0.11059715358226196,1.0,1.0,-0.9645653718042527,82,158,2000,100,2,100,0.0,0,0.3,0.0,0.0,1.0,0.7,0.2,0.0,4.0,1.0,0.25
ind_skew_Dpos,0.9485666386755905,0.1107880996291493,1.0,1.0,-0.46424987427870723,83,159,2000,100,2,100,0.0,0,0.3,0.0,0.0,1.0,0.7,0.2,0.0,4.0,1.0,0.25
ind_skew_Dpos,1.0096729988336826,0.11222279567961871,1.0,1.0,0.08619459865620968,84,160,2000,100,2,100,0.0,0,0.3,0.0,0.0,1.0,0.7,0.2,0.0,4.0,1.0,0.25
ind_skew_Dpos,1.052503719777378,0.11340543104937283,1.0,1.0,0.46297359210706407,85,161,2000,100,2,100,0.0,0,0.3,0.0,0.0,1.0,0.7,0.2,0.0,4.0,1.0,0.25
ind_skew_Dpos,0.9791022248021551,0.10935137471398818,1.0,1.0,-0.19110665277417518,86,162,2000,100,2,100,0.0,0,0.3,0.0,0.0,1.0,0.7,0.2,0.0,4.0,1.0,0.25
ind_skew_Dpos,1.0344501962343062,0.11547370510167258,1.0,1.0,0.2983380173345389,87,163,2000,100,2,100,0.0,0,0.3,0.0,0.0,1.0,0.7,0.2,0.0,4.0,1.0,0.25
ind_skew_Dpos,0.9008103164960697,0.118652872624192,1.0,1.0,-0.8359652936350961,88,164,2000,100,2,100,0.0,0,0.3,0.0,0.0,1.0,0.7,0.2,0.0,4.0,1.0,0.25
ind_skew_Dpos,0.9286718066345617,0.11304070709257137,1.0,1.0,-0.6309956404202792,89,165,2000,100,2,100,0.0,0,0.3,0.0,0.0,1.0,0.7,0.2,0.0,4.0,1.0,0.25
ind_skew_Dpos,1.0072779641502503,0.10811538479554363,1.0,1.0,0.06731663735011995,90,166,2000,100,2,100,0.0,0,0.3,0.0,0.0,1.0,0.7,0.2,0.0,4.0,1.0,0.25
ind_skew_Dpos,1.2576273065491594,0.10637948871036049,1.0,1.0,2.421776130646778,91,167,2000,100,2,100,0.0,0,0.3,0.0,0.0,1.0,0.7,0.2,0.0,4.0,1.0,0.25
ind_skew_Dpos,0.8974682622547805,0.11936013709445857,1.0,1.0,-0.8590115614904037,92,168,2000,100,2,100,0.0,0,0.3,0.0,0.0,1.0,0.7,0.2,0.0,4.0,1.0,0.25
ind_skew_Dpos,0.8010866090157454,0.11098828146527395,1.0,1.0,-1.7922017384014612,93,169,2000,100,2,100,0.0,0,0.3,0.0,0.0,1.0,0.7,0.2,0.0,4.0,1.0,0.25
ind_skew_Dpos,1.0315591929136336,0.11187396348992308,1.0,1.0,0.282095958068709,94,170,2000,100,2,100,0.0,0,0.3,0.0,0.0,1.0,0.7,0.2,0.0,4.0,1.0,0.25
ind_skew_Dpos,0.9637571395813717,0.10491141377539819,1.0,1.0,-0.3454615576549148,95,171,2000,100,2,100,0.0,0,0.3,0.0,0.0,1.0,0.7,0.2,0.0,4.0,1.0,0.25
ind_skew_Dpos,1.0352931956498304,0.11311484881069643,1.0,1.0,0.3120120481166478,96,172,2000,100,2,100,0.0,0,0.3,0.0,0.0,1.0,0.7,0.2,0.0,4.0,1.0,0.25
ind_skew_Dpos,0.8160476434619042,0.11752083952324366,1.0,1.0,-1.5652743571638044,97,173,2000,100,2,100,0.0,0,0.3,0.0,0.0,1.0,0.7,0.2,0.0,4.0,1.0,0.25
ind_skew_Dpos,1.0038932313998548,0.11128364631169486,1.0,1.0,0.03498475767904107,98,174,2000,100,2,100,0.0,0,0.3,0.0,0.0,1.0,0.7,0.2,0.0,4.0,1.0,0.25
ind_skew_Dpos,1.0220377859418686,0.11411150789936833,1.0,1.0,0.1931250085776016,99,175,2000,100,2,100,0.0,0,0.3,0.0,0.0,1.0,0.7,0.2,0.0,4.0,1.0,0.25
ind_skew_Dneg,1.042166121115172,0.11465747772526919,1.0,1.0,0.36775727106265405,0,77,2000,100,2,100,0.0,0,0.3,0.0,0.0,1.0,0.7,0.2,0.0,-4.0,1.0,0.25
ind_skew_Dneg,0.9170280138785414,0.10742757933437601,1.0,1.0,-0.7723527481076566,1,78,2000,100,2,100,0.0,0,0.3,0.0,0.0,1.0,0.7,0.2,0.0,-4.0,1.0,0.25
ind_skew_Dneg,1.0360724492021365,0.10743254574759445,1.0,1.0,0.33576835540029254,2,79,2000,100,2,100,0.0,0,0.3,0.0,0.0,1.0,0.7,0.2,0.0,-4.0,1.0,0.25
ind_skew_Dneg,0.9160198651068036,0.1080360465772632,1.0,1.0,-0.7773343948969578,3,80,2000,100,2,100,0.0,0,0.3,0.0,0.0,1.0,0.7,0.2,0.0,-4.0,1.0,0.25
ind_skew_Dneg,0.8167442193335926,0.11158707044299691,1.0,1.0,-1.6422671545985397,4,81,2000,100,2,100,0.0,0,0.3,0.0,0.0,1.0,0.7,0.2,0.0,-4.0,1.0,0.25
ind_skew_Dneg,0.98608341599392,0.10315153517075745,1.0,1.0,-0.13491397857571788,5,82,2000,100,2,100,0.0,0,0.3,0.0,0.0,1.0,0.7,0.2,0.0,-4.0,1.0,0.25
ind_skew_Dneg,0.8506247420224122,0.10982466939920713,1.0,1.0,-1.360124813438921,6,83,2000,100,2,100,0.0,0,0.3,0.0,0.0,1.0,0.7,0.2,0.0,-4.0,1.0,0.25
ind_skew_Dneg,0.9632713633986969,0.10942259419728487,1.0,1.0,-0.3356586166754805,7,84,2000,100,2,100,0.0,0,0.3,0.0,0.0,1.0,0.7,0.2,0.0,-4.0,1.0,0.25
ind_skew_Dneg,0.9454297233504404,0.11656119562685542,1.0,1.0,-0.46816847027079345,8,85,2000,100,2,100,0.0,0,0.3,0.0,0.0,1.0,0.7,0.2,0.0,-4.0,1.0,0.25
ind_skew_Dneg,0.9256538464467359,0.10929917675449971,1.0,1.0,-0.6802078090693706,9,86,2000,100,2,100,0.0,0,0.3,0.0,0.0,1.0,0.7,0.2,0.0,-4.0,1.0,0.25
ind_skew_Dneg,0.7893019028642567,0.10844804610060053,1.0,1.0,-1.9428482551017259,10,87,2000,100,2,100,0.0,0,0.3,0.0,0.0,1.0,0.7,0.2,0.0,-4.0,1.0,0.25
ind_skew_Dneg,0.9558808941303801,0.11237207521089793,1.0,1.0,-0.39261627754776185,11,88,2000,100,2,100,0.0,0,0.3,0.0,0.0,1.0,0.7,0.2,0.0,-4.0,1.0,0.25
ind_skew_Dneg,0.9579724220444908,0.1095390710761986,1.0,1.0,-0.38367659632856965,12,89,2000,100,2,100,0.0,0,0.3,0.0,0.0,1.0,0.7,0.2,0.0,-4.0,1.0,0.25
ind_skew_Dneg,0.979643406728734,0.10954784977983112,1.0,1.0,-0.18582375931776526,13,90,2000,100,2,100,0.0,0,0.3,0.0,0.0,1.0,0.7,0.2,0.0,-4.0,1.0,0.25
ind_skew_Dneg,0.7190141267584144,0.11571842550891843,1.0,1.0,-2.428186107837511,14,91,2000,100,2,100,0.0,0,0.3,0.0,0.0,1.0,0.7,0.2,0.0,-4.0,1.0,0.25
ind_skew_Dneg,1.0225232610438417,0.10596637818415483,1.0,1.0,0.21255101315909306,15,92,2000,100,2,100,0.0,0,0.3,0.0,0.0,1.0,0.7,0.2,0.0,-4.0,1.0,0.25
ind_skew_Dneg,0.8660883568841161,0.11777082744891074,1.0,1.0,-1.1370527491111928,16,93,2000,100,2,100,0.0,0,0.3,0.0,0.0,1.0,0.7,0.2,0.0,-4.0,1.0,0.25
ind_skew_Dneg,1.1291359481070666,0.10965685252540677,1.0,1.0,1.1776368291908312,17,94,2000,100,2,100,0.0,0,0.3,0.0,0.0,1.0,0.7,0.2,0.0,-4.0,1.0,0.25
ind_skew_Dneg,1.0812565460581443,0.11333358302041283,1.0,1.0,0.7169679444751068,18,95,2000,100,2,100,0.0,0,0.3,0.0,0.0,1.0,0.7,0.2,0.0,-4.0,1.0,0.25
ind_skew_Dneg,0.6882845606453554,0.11329321438512924,1.0,1.0,-2.751404318841183,19,96,2000,100,2,100,0.0,0,0.3,0.0,0.0,1.0,0.7,0.2,0.0,-4.0,1.0,0.25
ind_skew_Dneg,1.1291461310901139,0.10649142217584377,1.0,1.0,1.2127374059937104,20,97,2000,100,2,100,0.0,0,0.3,0.0,0.0,1.0,0.7,0.2,0.0,-4.0,1.0,0.25
ind_skew_Dneg,0.9897216614854356,0.11318855495971346,1.0,1.0,-0.09080722444263643,21,98,2000,100,2,100,0.0,0,0.3,0.0,0.0,1.0,0.7,0.2,0.0,-4.0,1.0,0.25
ind_skew_Dneg,1.2312866715600248,0.10865318203960045,1.0,1.0,2.1286691030892086,22,99,2000,100,2,100,0.0,0,0.3,0.0,0.0,1.0,0.7,0.2,0.0,-4.0,1.0,0.25
ind_skew_Dneg,0.8851543484575515,0.10544711593155767,1.0,1.0,-1.0891303240288823,23,100,2000,100,2,100,0.0,0,0.3,0.0,0.0,1.0,0.7,0.2,0.0,-4.0,1.0,0.25
ind_skew_Dneg,0.9293568353731683,0.11807864531673556,1.0,1.0,-0.5982721468165363,24,101,2000,100,2,100,0.0,0,0.3,0.0,0.0,1.0,0.7,0.2,0.0,-4.0,1.0,0.25
ind_skew_Dneg,0.7811490132604167,0.10590022794508076,1.0,1.0,-2.0665771073984667,25,102,2000,100,2,100,0.0,0,0.3,0.0,0.0,1.0,0.7,0.2,0.0,-4.0,1.0,0.25
ind_skew_Dneg,0.8671342452153656,0.10847338197404477,1.0,1.0,-1.2248696626461424,26,103,2000,100,2,100,0.0,0,0.3,0.0,0.0,1.0,0.7,0.2,0.0,-4.0,1.0,0.25
ind_skew_Dneg,1.1410223838468465,0.11531323903374574,1.0,1.0,1.2229505044566231,27,104,2000,100,2,100,0.0,0,0.3,0.0,0.0,1.0,0.7,0.2,0.0,-4.0,1.0,0.25
ind_skew_Dneg,1.2486328741883619,0.11549119931859608,1.0,1.0,2.1528296152027897,28,105,2000,100,2,100,0.0,0,0.3,0.0,0.0,1.0,0.7,0.2,0.0,-4.0,1.0,0.25
ind_skew_Dneg,0.8444623779440354,0.11579254261357215,1.0,1.0,-1.3432438613515154,29,106,2000,100,2,100,0.0,0,0.3,0.0,0.0,1.0,0.7,0.2,0.0,-4.0,1.0,0.25
ind_skew_Dneg,0.9245713651594972,0.10877890143535994,1.0,1.0,-0.6934123607170734,30,107,2000,100,2,100,0.0,0,0.3,0.0,0.0,1.0,0.7,0.2,0.0,-4.0,1.0,0.25
ind_skew_Dneg,0.9026338625677706,0.1095190871202926,1.0,1.0,-0.8890335008479873,31,108,2000,100,2,100,0.0,0,0.3,0.0,0.0,1.0,0.7,0.2,0.0,-4.0,1.0,0.25
ind_skew_Dneg,0.9922374177022228,0.11321676572520353,1.0,1.0,-0.06856389376656696,32,109,2000,100,2,100,0.0,0,0.3,0.0,0.0,1.0,0.7,0.2,0.0,-4.0,1.0,0.25
ind_skew_Dneg,0.9544447440558412,0.10898276422110634,1.0,1.0,-0.4180042254363762,33,110,2000,100,2,100,0.0,0,0.3,0.0,0.0,1.0,0.7,0.2,0.0,-4.0,1.0,0.25
ind_skew_Dneg,0.961835946481072,0.10990598035200236,1.0,1.0,-0.347242737808241,34,111,2000,100,2,100,0.0,0,0.3,0.0,0.0,1.0,0.7,0.2,0.0,-4.0,1.0,0.25
ind_skew_Dneg,1.188470287814399,0.11518346202389669,1.0,1.0,1.6362617037443938,35,112,2000,100,2,100,0.0,0,0.3,0.0,0.0,1.0,0.7,0.2,0.0,-4.0,1.0,0.25
ind_skew_Dneg,0.8689920752042497,0.10777404573605015,1.0,1.0,-1.215579538663718,36,113,2000,100,2,100,0.0,0,0.3,0.0,0.0,1.0,0.7,0.2,0.0,-4.0,1.0,0.25
ind_skew_Dneg,0.9076464181312425,0.10875035960975964,1.0,1.0,-0.8492255308410898,37,114,2000,100,2,100,0.0,0,0.3,0.0,0.0,1.0,0.7,0.2,0.0,-4.0,1.0,0.25
ind_skew_Dneg,0.8615679296057986,0.11042792422520177,1.0,1.0,-1.2535966003661283,38,115,2000,100,2,100,0.0,0,0.3,0.0,0.0,1.0,0.7,0.2,0.0,-4.0,1.0,0.25
ind_skew_Dneg,1.2095729033994407,0.10540373821309117,1.0,1.0,1.9882871988444493,39,116,2000,100,2,100,0.0,0,0.3,0.0,0.0,1.0,0.7,0.2,0.0,-4.0,1.0,0.25
ind_skew_Dneg,0.9993151278607147,0.10855881606297291,1.0,1.0,-0.006308765737533207,40,117,2000,100,2,100,0.0,0,0.3,0.0,0.0,1.0,0.7,0.2,0.0,-4.0,1.0,0.25
ind_skew_Dneg,0.8353088370110997,0.11766959263778483,1.0,1.0,-1.3996068083269322,41,118,2000,100,2,100,0.0,0,0.3,0.0,0.0,1.0,0.7,0.2,0.0,-4.0,1.0,0.25
ind_skew_Dneg,0.8812897246776695,0.11771627530042574,1.0,1.0,-1.0084440322238188,42,119,2000,100,2,100,0.0,0,0.3,0.0,0.0,1.0,0.7,0.2,0.0,-4.0,1.0,0.25
ind_skew_Dneg,0.9280185097600208,0.11365322450025649,1.0,1.0,-0.6333431414417705,43,120,2000,100,2,100,0.0,0,0.3,0.0,0.0,1.0,0.7,0.2,0.0,-4.0,1.0,0.25
ind_skew_Dneg,0.8837884855689304,0.10652197356377213,1.0,1.0,-1.090962836522143,44,121,2000,100,2,100,0.0,0,0.3,0.0,0.0,1.0,0.7,0.2,0.0,-4.0,1.0,0.25
ind_skew_Dneg,0.8405423839847562,0.11236553532971438,1.0,1.0,-1.4190971951261302,45,122,2000,100,2,100,0.0,0,0.3,0.0,0.0,1.0,0.7,0.2,0.0,-4.0,1.0,0.25
ind_skew_Dneg,0.8402420100899135,0.11041471443902093,1.0,1.0,-1.4468903961012962,46,123,2000,100,2,100,0.0,0,0.3,0.0,0.0,1.0,0.7,0.2,0.0,-4.0,1.0,0.25
ind_skew_Dneg,0.979050961170464,0.10880164983747038,1.0,1.0,-0.19254339305359827,47,124,2000,100,2,100,0.0,0,0.3,0.0,0.0,1.0,0.7,0.2,0.0,-4.0,1.0,0.25
ind_skew_Dneg,0.90214026160509,0.105811811938547,1.0,1.0,-0.9248470147335219,48,125,2000,100,2,100,0.0,0,0.3,0.0,0.0,1.0,0.7,0.2,0.0,-4.0,1.0,0.25
ind_skew_Dneg,0.8096159540464131,0.11193958754586499,1.0,1.0,-1.7007749459107209,49,126,2000,100,2,100,0.0,0,0.3,0.0,0.0,1.0,0.7,0.2,0.0,-4.0,1.0,0.25
ind_skew_Dneg,1.129008194383473,0.10810670594231163,1.0,1.0,1.1933412757235895,50,127,2000,100,2,100,0.0,0,0.3,0.0,0.0,1.0,0.7,0.2,0.0,-4.0,1.0,0.25
ind_skew_Dneg,0.9497200582704087,0.1115882536491932,1.0,1.0,-0.4505845381150904,51,128,2000,100,2,100,0.0,0,0.3,0.0,0.0,1.0,0.7,0.2,0.0,-4.0,1.0,0.25
ind_skew_Dneg,0.8854081260018993,0.108108406211853,1.0,1.0,-1.0599719116526651,52,129,2000,100,2,100,0.0,0,0.3,0.0,0.0,1.0,0.7,0.2,0.0,-4.0,1.0,0.25
ind_skew_Dneg,0.9158691149789515,0.10880330502824173,1.0,1.0,-0.7732383221190836,53,130,2000,100,2,100,0.0,0,0.3,0.0,0.0,1.0,0.7,0.2,0.0,-4.0,1.0,0.25
ind_skew_Dneg,0.8392726061837964,0.11711975408194332,1.0,1.0,-1.3723337713273374,54,131,2000,100,2,100,0.0,0,0.3,0.0,0.0,1.0,0.7,0.2,0.0,-4.0,1.0,0.25
ind_skew_Dneg,0.7905170729314416,0.10459386463239623,1.0,1.0,-2.002822324280716,55,132,2000,100,2,100,0.0,0,0.3,0.0,0.0,1.0,0.7,0.2,0.0,-4.0,1.0,0.25
ind_skew_Dneg,0.8426899431559312,0.113526236454758,1.0,1.0,-1.3856713809653982,56,133,2000,100,2,100,0.0,0,0.3,0.0,0.0,1.0,0.7,0.2,0.0,-4.0,1.0,0.25
ind_skew_Dneg,0.9473889848987058,0.11279001571128502,1.0,1.0,-0.4664509954140406,57,134,2000,100,2,100,0.0,0,0.3,0.0,0.0,1.0,0.7,0.2,0.0,-4.0,1.0,0.25
ind_skew_Dneg,1.0371533140007925,0.10753278547242574,1.0,1.0,0.34550685019053623,58,135,2000,100,2,100,0.0,0,0.3,0.0,0.0,1.0,0.7,0.2,0.0,-4.0,1.0,0.25
ind_skew_Dneg,0.999033160413061,0.11301807273106793,1.0,1.0,-0.008554734332088965,59,136,2000,100,2,100,0.0,0,0.3,0.0,0.0,1.0,0.7,0.2,0.0,-4.0,1.0,0.25
ind_skew_Dneg,0.8854286666817586,0.11338964172365905,1.0,1.0,-1.0104215127291987,60,137,2000,100,2,100,0.0,0,0.3,0.0,0.0,1.0,0.7,0.2,0.0,-4.0,1.0,0.25
ind_skew_Dneg,1.0952586046480868,0.1066948956119001,1.0,1.0,0.8928131388270669,61,138,2000,100,2,100,0.0,0,0.3,0.0,0.0,1.0,0.7,0.2,0.0,-4.0,1.0,0.25
ind_skew_Dneg,1.0607880582101246,0.11239779804832438,1.0,1.0,0.5408296182456288,62,139,2000,100,2,100,0.0,0,0.3,0.0,0.0,1.0,0.7,0.2,0.0,-4.0,1.0,0.25
ind_skew_Dneg,0.7910366528492206,0.11013290426420992,1.0,1.0,-1.8973743455404957,63,140,2000,100,2,100,0.0,0,0.3,0.0,0.0,1.0,0.7,0.2,0.0,-4.0,1.0,0.25
ind_skew_Dneg,0.732404766848768,0.11006888319806606,1.0,1.0,-2.431161517916934,64,141,2000,100,2,100,0.0,0,0.3,0.0,0.0,1.0,0.7,0.2,0.0,-4.0,1.0,0.25
ind_skew_Dneg,0.919163759891704,0.11204035753779742,1.0,1.0,-0.7214921648302086,65,142,2000,100,2,100,0.0,0,0.3,0.0,0.0,1.0,0.7,0.2,0.0,-4.0,1.0,0.25
ind_skew_Dneg,0.7960079433240862,0.1108486800311078,1.0,1.0,-1.8402750183282912,66,143,2000,100,2,100,0.0,0,0.3,0.0,0.0,1.0,0.7,0.2,0.0,-4.0,1.0,0.25
ind_skew_Dneg,1.0077840619152036,0.11097100613976994,1.0,1.0,0.07014500621360034,67,144,2000,100,2,100,0.0,0,0.3,0.0,0.0,1.0,0.7,0.2,0.0,-4.0,1.0,0.25
ind_skew_Dneg,0.8465970564783462,0.10942370316618134,1.0,1.0,-1.401916943796733,68,145,2000,100,2,100,0.0,0,0.3,0.0,0.0,1.0,0.7,0.2,0.0,-4.0,1.0,0.25
ind_skew_Dneg,0.8985282863952265,0.10921105987010812,1.0,1.0,-0.9291340430672538,69,146,2000,100,2,100,0.0,0,0.3,0.0,0.0,1.0,0.7,0.2,0.0,-4.0,1.0,0.25
ind_skew_Dneg,0.8638172326668092,0.11480601909334771,1.0,1.0,-1.1861988457457255,70,147,2000,100,2,100,0.0,0,0.3,0.0,0.0,1.0,0.7,0.2,0.0,-4.0,1.0,0.25
ind_skew_Dneg,0.9933310699875401,0.11055516683663487,1.0,1.0,-0.060322192108076524,71,148,2000,100,2,100,0.0,0,0.3,0.0,0.0,1.0,0.7,0.2,0.0,-4.0,1.0,0.25
ind_skew_Dneg,0.9841605810946796,0.10777694708772402,1.0,1.0,-0.14696481328635172,72,149,2000,100,2,100,0.0,0,0.3,0.0,0.0,1.0,0.7,0.2,0.0,-4.0,1.0,0.25
ind_skew_Dneg,0.6845443284940408,0.10603810644651591,1.0,1.0,-2.9749274301222126,73,150,2000,100,2,100,0.0,0,0.3,0.0,0.0,1.0,0.7,0.2,0.0,-4.0,1.0,0.25
ind_skew_Dneg,0.9038479813478305,0.10742283629699825,1.0,1.0,-0.8950798728338575,74,151,2000,100,2,100,0.0,0,0.3,0.0,0.0,1.0,0.7,0.2,0.0,-4.0,1.0,0.25
ind_skew_Dneg,0.9596263130036442,0.10968943887818697,1.0,1.0,-0.3680726914939536,75,152,2000,100,2,100,0.0,0,0.3,0.0,0.0,1.0,0.7,0.2,0.0,-4.0,1.0,0.25
ind_skew_Dneg,1.0601756252810677,0.11196453007603431,1.0,1.0,0.5374525775279264,76,153,2000,100,2,100,0.0,0,0.3,0.0,0.0,1.0,0.7,0.2,0.0,-4.0,1.0,0.25
ind_skew_Dneg,0.9436427178642914,0.11612340369003282,1.0,1.0,-0.4853223411031127,77,154,2000,100,2,100,0.0,0,0.3,0.0,0.0,1.0,0.7,0.2,0.0,-4.0,1.0,0.25
ind_skew_Dneg,1.0440905556181606,0.11018827978231824,1.0,1.0,0.40013834234696627,78,155,2000,100,2,100,0.0,0,0.3,0.0,0.0,1.0,0.7,0.2,0.0,-4.0,1.0,0.25
ind_skew_Dneg,1.1020836421290743,0.11073469932553612,1.0,1.0,0.9218758234848357,79,156,2000,100,2,100,0.0,0,0.3,0.0,0.0,1.0,0.7,0.2,0.0,-4.0,1.0,0.25
ind_skew_Dneg,1.039167870286702,0.11681070025610907,1.0,1.0,0.3353106367894884,80,157,2000,100,2,100,0.0,0,0.3,0.0,0.0,1.0,0.7,0.2,0.0,-4.0,1.0,0.25
ind_skew_Dneg,0.9492174685772328,0.1102029126239589,1.0,1.0,-0.4608093399132787,81,158,2000,100,2,100,0.0,0,0.3,0.0,0.0,1.0,0.7,0.2,0.0,-4.0,1.0,0.25
ind_skew_Dneg,0.9730719968116379,0.11127360647031315,1.0,1.0,-0.24199811655737288,82,159,2000,100,2,100,0.0,0,0.3,0.0,0.0,1.0,0.7,0.2,0.0,-4.0,1.0,0.25
ind_skew_Dneg,0.9290404373790677,0.1105697813904354,1.0,1.0,-0.6417627106484493,83,160,2000,100,2,100,0.0,0,0.3,0.0,0.0,1.0,0.7,0.2,0.0,-4.0,1.0,0.25
ind_skew_Dneg,1.1049575385685868,0.11234310012526422,1.0,1.0,0.9342588770610532,84,161,2000,100,2,100,0.0,0,0.3,0.0,0.0,1.0,0.7,0.2,0.0,-4.0,1.0,0.25
ind_skew_Dneg,1.0068090667760312,0.10765039375732635,1.0,1.0,0.06325166623524599,85,162,2000,100,2,100,0.0,0,0.3,0.0,0.0,1.0,0.7,0.2,0.0,-4.0,1.0,0.25
ind_skew_Dneg,1.0242507398358736,0.1148682377232748,1.0,1.0,0.21111788877875187,86,163,2000,100,2,100,0.0,0,0.3,0.0,0.0,1.0,0.7,0.2,0.0,-4.0,1.0,0.25
ind_skew_Dneg,0.8631300346141065,0.11749777430305243,1.0,1.0,-1.1648728343813213,87,164,2000,100,2,100,0.0,0,0.3,0.0,0.0,1.0,0.7,0.2,0.0,-4.0,1.0,0.25
ind_skew_Dneg,0.9538971465443398,0.11253292886179123,1.0,1.0,-0.40968322714040484,88,165,2000,100,2,100,0.0,0,0.3,0.0,0.0,1.0,0.7,0.2,0.0,-4.0,1.0,0.25
ind_skew_Dneg,0.9341949707244702,0.10587070865661097,1.0,1.0,-0.6215602985049129,89,166,2000,100,2,100,0.0,0,0.3,0.0,0.0,1.0,0.7,0.2,0.0,-4.0,1.0,0.25
ind_skew_Dneg,1.2402177384270152,0.1075417631118405,1.0,1.0,2.233715827935565,90,167,2000,100,2,100,0.0,0,0.3,0.0,0.0,1.0,0.7,0.2,0.0,-4.0,1.0,0.25
ind_skew_Dneg,0.9616932475170327,0.11899064851958922,1.0,1.0,-0.32193078161651467,91,168,2000,100,2,100,0.0,0,0.3,0.0,0.0,1.0,0.7,0.2,0.0,-4.0,1.0,0.25
ind_skew_Dneg,0.7622508098101881,0.11226119240544317,1.0,1.0,-2.1178217075332277,92,169,2000,100,2,100,0.0,0,0.3,0.0,0.0,1.0,0.7,0.2,0.0,-4.0,1.0,0.25
ind_skew_Dneg,1.0068338622688844,0.11584128523572458,1.0,1.0,0.058993322242395764,93,170,2000,100,2,100,0.0,0,0.3,0.0,0.0,1.0,0.7,0.2,0.0,-4.0,1.0,0.25
ind_skew_Dneg,0.9245270738273788,0.10416291078301833,1.0,1.0,-0.7245662165666514,94,171,2000,100,2,100,0.0,0,0.3,0.0,0.0,1.0,0.7,0.2,0.0,-4.0,1.0,0.25
ind_skew_Dneg,0.970385966287101,0.11059718970995379,1.0,1.0,-0.2677647939388253,95,172,2000,100,2,100,0.0,0,0.3,0.0,0.0,1.0,0.7,0.2,0.0,-4.0,1.0,0.25
ind_skew_Dneg,0.8580423988599674,0.11500333668857132,1.0,1.0,-1.234378107867021,96,173,2000,100,2,100,0.0,0,0.3,0.0,0.0,1.0,0.7,0.2,0.0,-4.0,1.0,0.25
ind_skew_Dneg,0.9988407625705515,0.10750513065914351,1.0,1.0,-0.010783089349697574,97,174,2000,100,2,100,0.0,0,0.3,0.0,0.0,1.0,0.7,0.2,0.0,-4.0,1.0,0.25
ind_skew_Dneg,0.9676278092089702,0.11368163381893465,1.0,1.0,-0.28476183622229007,98,175,2000,100,2,100,0.0,0,0.3,0.0,0.0,1.0,0.7,0.2,0.0,-4.0,1.0,0.25
ind_skew_Dneg,0.8968233536883344,0.11515433381575194,1.0,1.0,-0.8959857861428752,99,176,2000,100,2,100,0.0,0,0.3,0.0,0.0,1.0,0.7,0.2,0.0,-4.0,1.0,0.25
ind_skew_Y,0.9759895520586527,0.01148003201054047,1.0,1.0,-2.0914966020392596,0,78,2000,100,2,100,0.0,0,0.3,0.0,0.0,0.5,0.7,1.0,1.0,0.25,4.0,0.0
ind_skew_Y,0.9995674897991507,0.011197221366673836,1.0,1.0,-0.038626565170588614,1,79,2000,100,2,100,0.0,0,0.3,0.0,0.0,0.5,0.7,1.0,1.0,0.25,4.0,0.0
ind_skew_Y,0.9875431343314933,0.011355265631398818,1.0,1.0,-1.0970122648704745,2,80,2000,100,2,100,0.0,0,0.3,0.0,0.0,0.5,0.7,1.0,1.0,0.25,4.0,0.0
ind_skew_Y,0.9924556741725481,0.011874237904315108,1.0,1.0,-0.6353524233088078,3,81,2000,100,2,100,0.0,0,0.3,0.0,0.0,0.5,0.7,1.0,1.0,0.25,4.0,0.0
ind_skew_Y,0.9942359691041979,0.011184247302267974,1.0,1.0,-0.5153704795702508,4,82,2000,100,2,100,0.0,0,0.3,0.0,0.0,0.5,0.7,1.0,1.0,0.25,4.0,0.0
ind_skew_Y,0.9883969133660645,0.011889977026350997,1.0,1.0,-0.9758712408123514,5,83,2000,100,2,100,0.0,0,0.3,0.0,0.0,0.5,0.7,1.0,1.0,0.25,4.0,0.0
ind_skew_Y,0.9927590058789616,0.011719300553336528,1.0,1.0,-0.6178691371625301,6,84,2000,100,2,100,0.0,0,0.3,0.0,0.0,0.5,0.7,1.0,1.0,0.25,4.0,0.0
ind_skew_Y,0.9889905206761268,0.012370396527901823,1.0,1.0,-0.8899859676317541,7,85,2000,100,2,100,0.0,0,0.3,0.0,0.0,0.5,0.7,1.0,1.0,0.25,4.0,0.0
ind_skew_Y,0.9842273603535651,0.011656624822615725,1.0,1.0,-1.3531051986706721,8,86,2000,100,2,100,0.0,0,0.3,0.0,0.0,0.5,0.7,1.0,1.0,0.25,4.0,0.0
ind_skew_Y,0.9742945070536198,0.011498090614048273,1.0,1.0,-2.2356314460570945,9,87,2000,100,2,100,0.0,0,0.3,0.0,0.0,0.5,0.7,1.0,1.0,0.25,4.0,0.0
ind_skew_Y,0.9800804568961341,0.01192662634108815,1.0,1.0,-1.6701741577365876,10,88,2000,100,2,100,0.0,0,0.3,0.0,0.0,0.5,0.7,1.0,1.0,0.25,4.0,0.0
ind_skew_Y,0.9914424846027565,0.011872999111012817,1.0,1.0,-0.7207543197157271,11,89,2000,100,2,100,0.0,0,0.3,0.0,0.0,0.5,0.7,1.0,1.0,0.25,4.0,0.0
ind_skew_Y,0.998440474716725,0.01167240862771827,1.0,1.0,-0.13360783819473102,12,90,2000,100,2,100,0.0,0,0.3,0.0,0.0,0.5,0.7,1.0,1.0,0.25,4.0,0.0
ind_skew_Y,0.9713262420684499,0.0122494882447328,1.0,1.0,-2.3408127228400475,13,91,2000,100,2,100,0.0,0,0.3,0.0,0.0,0.5,0.7,1.0,1.0,0.25,4.0,0.0
ind_skew_Y,1.0014731385049314,0.011214374823096123,1.0,1.0,0.13136162542894636,14,92,2000,100,2,100,0.0,0,0.3,0.0,0.0,0.5,0.7,1.0,1.0,0.25,4.0,0.0
ind_skew_Y,0.986044508067112,0.012376067120443951,1.0,1.0,-1.1276192830139906,15,93,2000,100,2,100,0.0,0,0.3,0.0,0.0,0.5,0.7,1.0,1.0,0.25,4.0,0.0
ind_skew_Y,1.0039342257110468,0.011424748049460145,1.0,1.0,0.344359953848851,16,94,2000,100,2,100,0.0,0,0.3,0.0,0.0,0.5,0.7,1.0,1.0,0.25,4.0,0.0
ind_skew_Y,1.007498889844694,0.011902965298107917,1.0,1.0,0.6300018236536362,17,95,2000,100,2,100,0.0,0,0.3,0.0,0.0,0.5,0.7,1.0,1.0,0.25,4.0,0.0
ind_skew_Y,0.9736719450095839,0.011707269395229963,1.0,1.0,-2.248863855575348,18,96,2000,100,2,100,0.0,0,0.3,0.0,0.0,0.5,0.7,1.0,1.0,0.25,4.0,0.0
ind_skew_Y,1.006603388412843,0.011702824485001756,1.0,1.0,0.5642559555862572,19,97,2000,100,2,100,0.0,0,0.3,0.0,0.0,0.5,0.7,1.0,1.0,0.25,4.0,0.0
ind_skew_Y,0.9909012930171612,0.012057776649432759,1.0,1.0,-0.7545924300452855,20,98,2000,100,2,100,0.0,0,0.3,0.0,0.0,0.5,0.7,1.0,1.0,0.25,4.0,0.0
ind_skew_Y,1.0234044863879739,0.011806726175451324,1.0,1.0,1.9823011087219713,21,99,2000,100,2,100,0.0,0,0.3,0.0,0.0,0.5,0.7,1.0,1.0,0.25,4.0,0.0
ind_skew_Y,0.9782509228910228,0.011228539645427752,1.0,1.0,-1.9369461920930582,22,100,2000,100,2,100,0.0,0,0.3,0.0,0.0,0.5,0.7,1.0,1.0,0.25,4.0,0.0
ind_skew_Y,0.9938199977640676,0.012364488301076526,1.0,1.0,-0.4998186811656682,23,101,2000,100,2,100,0.0,0,0.3,0.0,0.0,0.5,0.7,1.0,1.0,0.25,4.0,0.0
ind_skew_Y,0.9632427151427665,0.011562005747407308,1.0,1.0,-3.1791443163290287,24,102,2000,100,2,100,0.0,0,0.3,0.0,0.0,0.5,0.7,1.0,1.0,0.25,4.0,0.0
ind_skew_Y,0.9855211857974366,0.011721302015854867,1.0,1.0,-1.2352564743215844,25,103,2000,100,2,100,0.0,0,0.3,0.0,0.0,0.5,0.7,1.0,1.0,0.25,4.0,0.0
ind_skew_Y,1.0028858286202353,0.011436216009277515,1.0,1.0,0.2523412130283516,26,104,2000,100,2,100,0.0,0,0.3,0.0,0.0,0.5,0.7,1.0,1.0,0.25,4.0,0.0
ind_skew_Y,1.0077435523773899,0.012354605942791317,1.0,1.0,0.6267745335826032,27,105,2000,100,2,100,0.0,0,0.3,0.0,0.0,0.5,0.7,1.0,1.0,0.25,4.0,0.0
ind_skew_Y,0.9772813489309887,0.012513529025400125,1.0,1.0,-1.815527100540276,28,106,2000,100,2,100,0.0,0,0.3,0.0,0.0,0.5,0.7,1.0,1.0,0.25,4.0,0.0
ind_skew_Y,0.980414152199827,0.01173097462189848,1.0,1.0,-1.6695840227641168,29,107,2000,100,2,100,0.0,0,0.3,0.0,0.0,0.5,0.7,1.0,1.0,0.25,4.0,0.0
ind_skew_Y,0.991478525801703,0.012152373729316,1.0,1.0,-0.7012189048909869,30,108,2000,100,2,100,0.0,0,0.3,0.0,0.0,0.5,0.7,1.0,1.0,0.25,4.0,0.0
ind_skew_Y,0.9999849733001246,0.012068202506218314,1.0,1.0,-0.001245148137650675,31,109,2000,100,2,100,0.0,0,0.3,0.0,0.0,0.5,0.7,1.0,1.0,0.25,4.0,0.0
ind_skew_Y,0.9903154884926014,0.01187392509627923,1.0,1.0,-0.8156116388533795,32,110,2000,100,2,100,0.0,0,0.3,0.0,0.0,0.5,0.7,1.0,1.0,0.25,4.0,0.0
ind_skew_Y,0.9987818612984155,0.01188439845827345,1.0,1.0,-0.10249897845998863,33,111,2000,100,2,100,0.0,0,0.3,0.0,0.0,0.5,0.7,1.0,1.0,0.25,4.0,0.0
ind_skew_Y,1.0173910244733961,0.012229224643978472,1.0,1.0,1.4220872524374857,34,112,2000,100,2,100,0.0,0,0.3,0.0,0.0,0.5,0.7,1.0,1.0,0.25,4.0,0.0
ind_skew_Y,0.9737891679411113,0.012046433751366254,1.0,1.0,-2.1758167271634252,35,113,2000,100,2,100,0.0,0,0.3,0.0,0.0,0.5,0.7,1.0,1.0,0.25,4.0,0.0
ind_skew_Y,0.9814905011006869,0.011852887045861318,1.0,1.0,-1.561602572242183,36,114,2000,100,2,100,0.0,0,0.3,0.0,0.0,0.5,0.7,1.0,1.0,0.25,4.0,0.0
ind_skew_Y,0.9799434405555443,0.01194463698148084,1.0,1.0,-1.6791267474726723,37,115,2000,100,2,100,0.0,0,0.3,0.0,0.0,0.5,0.7,1.0,1.0,0.25,4.0,0.0
ind_skew_Y,1.0197363085907556,0.011408421157344426,1.0,1.0,1.7299772088138508,38,116,2000,100,2,100,0.0,0,0.3,0.0,0.0,0.5,0.7,1.0,1.0,0.25,4.0,0.0
ind_skew_Y,1.0037269798082435,0.011872150062884414,1.0,1.0,0.31392627186335054,39,117,2000,100,2,100,0.0,0,0.3,0.0,0.0,0.5,0.7,1.0,1.0,0.25,4.0,0.0
ind_skew_Y,0.9736198495140319,0.012226198466053897,1.0,1.0,-2.1576739948408914,40,118,2000,100,2,100,0.0,0,0.3,0.0,0.0,0.5,0.7,1.0,1.0,0.25,4.0,0.0
ind_skew_Y,0.9887018113057443,0.012107132473237175,1.0,1.0,-0.933184527321424,41,119,2000,100,2,100,0.0,0,0.3,0.0,0.0,0.5,0.7,1.0,1.0,0.25,4.0,0.0
ind_skew_Y,1.0002832153185885,0.011808100022591344,1.0,1.0,0.02398483397385677,42,120,2000,100,2,100,0.0,0,0.3,0.0,0.0,0.5,0.7,1.0,1.0,0.25,4.0,0.0
ind_skew_Y,0.981898471720188,0.01156756262158965,1.0,1.0,-1.5648524129039445,43,121,2000,100,2,100,0.0,0,0.3,0.0,0.0,0.5,0.7,1.0,1.0,0.25,4.0,0.0
ind_skew_Y,0.9752119723985881,0.012255895374174368,1.0,1.0,-2.0225391001334105,44,122,2000,100,2,100,0.0,0,0.3,0.0,0.0,0.5,0.7,1.0,1.0,0.25,4.0,0.0
ind_skew_Y,0.9785534272213948,0.011935630390314261,1.0,1.0,-1.7968529585173,45,123,2000,100,2,100,0.0,0,0.3,0.0,0.0,0.5,0.7,1.0,1.0,0.25,4.0,0.0
ind_skew_Y,1.0065151341547645,0.011703702445196551,1.0,1.0,0.5566729148551113,46,124,2000,100,2,100,0.0,0,0.3,0.0,0.0,0.5,0.7,1.0,1.0,0.25,4.0,0.0
ind_skew_Y,0.9811139749716323,0.011608623249581167,1.0,1.0,-1.6268961979663754,47,125,2000,100,2,100,0.0,0,0.3,0.0,0.0,0.5,0.7,1.0,1.0,0.25,4.0,0.0
ind_skew_Y,0.9680076869423307,0.012160369059639374,1.0,1.0,-2.6308669499063715,48,126,2000,100,2,100,0.0,0,0.3,0.0,0.0,0.5,0.7,1.0,1.0,0.25,4.0,0.0
ind_skew_Y,1.0067745541239304,0.011674217689621385,1.0,1.0,0.5803004795732968,49,127,2000,100,2,100,0.0,0,0.3,0.0,0.0,0.5,0.7,1.0,1.0,0.25,4.0,0.0
ind_skew_Y,0.988060544382925,0.012006711346593485,1.0,1.0,-0.9943984886804516,50,128,2000,100,2,100,0.0,0,0.3,0.0,0.0,0.5,0.7,1.0,1.0,0.25,4.0,0.0
ind_skew_Y,0.9914932629493275,0.011597699811028156,1.0,1.0,-0.7334848452090063,51,129,2000,100,2,100,0.0,0,0.3,0.0,0.0,0.5,0.7,1.0,1.0,0.25,4.0,0.0
ind_skew_Y,0.9825695593674512,0.011826517676181952,1.0,1.0,-1.4738438744020923,52,130,2000,100,2,100,0.0,0,0.3,0.0,0.0,0.5,0.7,1.0,1.0,0.25,4.0,0.0
ind_skew_Y,0.9819927507282545,0.012502136850215067,1.0,1.0,-1.4403337195461665,53,131,2000,100,2,100,0.0,0,0.3,0.0,0.0,0.5,0.7,1.0,1.0,0.25,4.0,0.0
ind_skew_Y,0.9795069467713033,0.011414062815104318,1.0,1.0,-1.795421451648053,54,132,2000,100,2,100,0.0,0,0.3,0.0,0.0,0.5,0.7,1.0,1.0,0.25,4.0,0.0
ind_skew_Y,0.9774685273922668,0.012042024261709059,1.0,1.0,-1.871070188703928,55,133,2000,100,2,100,0.0,0,0.3,0.0,0.0,0.5,0.7,1.0,1.0,0.25,4.0,0.0
ind_skew_Y,0.9835088016013374,0.012294674910385963,1.0,1.0,-1.3413285441757923,56,134,2000,100,2,100,0.0,0,0.3,0.0,0.0,0.5,0.7,1.0,1.0,0.25,4.0,0.0
ind_skew_Y,1.0086678857320304,0.011898927044864891,1.0,1.0,0.7284594400275011,57,135,2000,100,2,100,0.0,0,0.3,0.0,0.0,0.5,0.7,1.0,1.0,0.25,4.0,0.0
ind_skew_Y,0.9957666075230185,0.011789633887720577,1.0,1.0,-0.3590775182078196,58,136,2000,100,2,100,0.0,0,0.3,0.0,0.0,0.5,0.7,1.0,1.0,0.25,4.0,0.0
ind_skew_Y,0.987123539640607,0.012002416836588505,1.0,1.0,-1.0728222936017424,59,137,2000,100,2,100,0.0,0,0.3,0.0,0.0,0.5,0.7,1.0,1.0,0.25,4.0,0.0
ind_skew_Y,1.0026925084600373,0.011563570766267618,1.0,1.0,0.23284403360004574,60,138,2000,100,2,100,0.0,0,0.3,0.0,0.0,0.5,0.7,1.0,1.0,0.25,4.0,0.0
ind_skew_Y,1.0033981842796502,0.011771873241410238,1.0,1.0,0.2886697987620469,61,139,2000,100,2,100,0.0,0,0.3,0.0,0.0,0.5,0.7,1.0,1.0,0.25,4.0,0.0
ind_skew_Y,0.9767335291190168,0.01205035630399222,1.0,1.0,-1.9307703684475417,62,140,2000,100,2,100,0.0,0,0.3,0.0,0.0,0.5,0.7,1.0,1.0,0.25,4.0,0.0
ind_skew_Y,0.9661635587221467,0.01161363369998727,1.0,1.0,-2.9135102890226716,63,141,2000,100,2,100,0.0,0,0.3,0.0,0.0,0.5,0.7,1.0,1.0,0.25,4.0,0.0
ind_skew_Y,0.9905213420829948,0.01209490311272986,1.0,1.0,-0.7836902725602595,64,142,2000,100,2,100,0.0,0,0.3,0.0,0.0,0.5,0.7,1.0,1.0,0.25,4.0,0.0
ind_skew_Y,0.9750076648129629,0.011420269051775045,1.0,1.0,-2.1884191233789365,65,143,2000,100,2,100,0.0,0,0.3,0.0,0.0,0.5,0.7,1.0,1.0,0.25,4.0,0.0
ind_skew_Y,1.0100996866800915,0.01205725404167229,1.0,1.0,0.8376440145645925,66,144,2000,100,2,100,0.0,0,0.3,0.0,0.0,0.5,0.7,1.0,1.0,0.25,4.0,0.0
ind_skew_Y,0.9832790474818422,0.011485653873965825,1.0,1.0,-1.4558119808971968,67,145,2000,100,2,100,0.0,0,0.3,0.0,0.0,0.5,0.7,1.0,1.0,0.25,4.0,0.0
ind_skew_Y,0.9732594642575642,0.012030297272660348,1.0,1.0,-2.2227659995738835,68,146,2000,100,2,100,0.0,0,0.3,0.0,0.0,0.5,0.7,1.0,1.0,0.25,4.0,0.0
ind_skew_Y,0.9885278649710416,0.012183937192195923,1.0,1.0,-0.9415786414515119,69,147,2000,100,2,100,0.0,0,0.3,0.0,0.0,0.5,0.7,1.0,1.0,0.25,4.0,0.0
ind_skew_Y,0.9977748883676442,0.012061585133826654,1.0,1.0,-0.18447920465408166,70,148,2000,100,2,100,0.0,0,0.3,0.0,0.0,0.5,0.7,1.0,1.0,0.25,4.0,0.0
ind_skew_Y,0.9907628803091849,0.011519291960828331,1.0,1.0,-0.8018825915886295,71,149,2000,100,2,100,0.0,0,0.3,0.0,0.0,0.5,0.7,1.0,1.0,0.25,4.0,0.0
ind_skew_Y,0.9673124087150975,0.011227020429180562,1.0,1.0,-2.911510804767308,72,150,2000,100,2,100,0.0,0,0.3,0.0,0.0,0.5,0.7,1.0,1.0,0.25,4.0,0.0
ind_skew_Y,0.9838367980544446,0.011522429606431756,1.0,1.0,-1.4027598777026347,73,151,2000,100,2,100,0.0,0,0.3,0.0,0.0,0.5,0.7,1.0,1.0,0.25,4.0,0.0
ind_skew_Y,0.9921981580309206,0.011730737620887262,1.0,1.0,-0.6650768452264902,74,152,2000,100,2,100,0.0,0,0.3,0.0,0.0,0.5,0.7,1.0,1.0,0.25,4.0,0.0
ind_skew_Y,1.0005208604586993,0.012036375230207527,1.0,1.0,0.0432738634960516,75,153,2000,100,2,100,0.0,0,0.3,0.0,0.0,0.5,0.7,1.0,1.0,0.25,4.0,0.0
ind_skew_Y,0.9883284799583891,0.012891813483117852,1.0,1.0,-0.9053435388973798,76,154,2000,100,2,100,0.0,0,0.3,0.0,0.0,0.5,0.7,1.0,1.0,0.25,4.0,0.0
ind_skew_Y,0.983886985840404,0.01210984318244048,1.0,1.0,-1.330571661155793,77,155,2000,100,2,100,0.0,0,0.3,0.0,0.0,0.5,0.7,1.0,1.0,0.25,4.0,0.0
ind_skew_Y,1.0032762245274163,0.011950441292844697,1.0,1.0,0.27415092439957883,78,156,2000,100,2,100,0.0,0,0.3,0.0,0.0,0.5,0.7,1.0,1.0,0.25,4.0,0.0
ind_skew_Y,1.0042938961062278,0.011863173549784913,1.0,1.0,0.36195172296924033,79,157,2000,100,2,100,0.0,0,0.3,0.0,0.0,0.5,0.7,1.0,1.0,0.25,4.0,0.0
ind_skew_Y,0.9845796714795969,0.012011507202085414,1.0,1.0,-1.2837963014105211,80,158,2000,100,2,100,0.0,0,0.3,0.0,0.0,0.5,0.7,1.0,1.0,0.25,4.0,0.0
ind_skew_Y,1.0066294983831514,0.011627714160880655,1.0,1.0,0.5701463152108744,81,159,2000,100,2,100,0.0,0,0.3,0.0,0.0,0.5,0.7,1.0,1.0,0.25,4.0,0.0
ind_skew_Y,0.9903456926074375,0.011881395621994612,1.0,1.0,-0.8125566810258037,82,160,2000,100,2,100,0.0,0,0.3,0.0,0.0,0.5,0.7,1.0,1.0,0.25,4.0,0.0
ind_skew_Y,0.9961646706184641,0.012052358663877548,1.0,1.0,-0.3182223072261222,83,161,2000,100,2,100,0.0,0,0.3,0.0,0.0,0.5,0.7,1.0,1.0,0.25,4.0,0.0
ind_skew_Y,0.98617155572219,0.01138768566126915,1.0,1.0,-1.2143331568100972,84,162,2000,100,2,100,0.0,0,0.3,0.0,0.0,0.5,0.7,1.0,1.0,0.25,4.0,0.0
ind_skew_Y,0.9956161592964039,0.012248035188466956,1.0,1.0,-0.3579219553291313,85,163,2000,100,2,100,0.0,0,0.3,0.0,0.0,0.5,0.7,1.0,1.0,0.25,4.0,0.0
ind_skew_Y,0.9844767472810771,0.012556586994872625,1.0,1.0,-1.236263701693911,86,164,2000,100,2,100,0.0,0,0.3,0.0,0.0,0.5,0.7,1.0,1.0,0.25,4.0,0.0
ind_skew_Y,1.0007268373092857,0.012223432604327398,1.0,1.0,0.05946261846515764,87,165,2000,100,2,100,0.0,0,0.3,0.0,0.0,0.5,0.7,1.0,1.0,0.25,4.0,0.0
ind_skew_Y,0.999541133437829,0.011277995079387723,1.0,1.0,-0.04068689150340455,88,166,2000,100,2,100,0.0,0,0.3,0.0,0.0,0.5,0.7,1.0,1.0,0.25,4.0,0.0
ind_skew_Y,1.0134946669869982,0.011039331913425418,1.0,1.0,1.2224169988572167,89,167,2000,100,2,100,0.0,0,0.3,0.0,0.0,0.5,0.7,1.0,1.0,0.25,4.0,0.0
ind_skew_Y,0.9982577114544311,0.012723613419563075,1.0,1.0,-0.1369334707143856,90,168,2000,100,2,100,0.0,0,0.3,0.0,0.0,0.5,0.7,1.0,1.0,0.25,4.0,0.0
ind_skew_Y,0.9894540439845365,0.012090135043685167,1.0,1.0,-0.8722777683919896,91,169,2000,100,2,100,0.0,0,0.3,0.0,0.0,0.5,0.7,1.0,1.0,0.25,4.0,0.0
ind_skew_Y,1.0035653264236448,0.011987965631362663,1.0,1.0,0.29740879589421654,92,170,2000,100,2,100,0.0,0,0.3,0.0,0.0,0.5,0.7,1.0,1.0,0.25,4.0,0.0
ind_skew_Y,0.9944636799075334,0.01149539060606787,1.0,1.0,-0.48161217675754914,93,171,2000,100,2,100,0.0,0,0.3,0.0,0.0,0.5,0.7,1.0,1.0,0.25,4.0,0.0
ind_skew_Y,1.0058613573879176,0.01213829968217474,1.0,1.0,0.4828812553149501,94,172,2000,100,2,100,0.0,0,0.3,0.0,0.0,0.5,0.7,1.0,1.0,0.25,4.0,0.0
ind_skew_Y,0.9868656943523207,0.012768163966857232,1.0,1.0,-1.028676141829979,95,173,2000,100,2,100,0.0,0,0.3,0.0,0.0,0.5,0.7,1.0,1.0,0.25,4.0,0.0
ind_skew_Y,1.0036425887326939,0.011692726733673008,1.0,1.0,0.31152602944220303,96,174,2000,100,2,100,0.0,0,0.3,0.0,0.0,0.5,0.7,1.0,1.0,0.25,4.0,0.0
ind_skew_Y,0.987811112536078,0.012014138311543158,1.0,1.0,-1.0145452922088416,97,175,2000,100,2,100,0.0,0,0.3,0.0,0.0,0.5,0.7,1.0,1.0,0.25,4.0,0.0
ind_skew_Y,0.9849634201218652,0.012273777544783438,1.0,1.0,-1.2250979637907466,98,176,2000,100,2,100,0.0,0,0.3,0.0,0.0,0.5,0.7,1.0,1.0,0.25,4.0,0.0
ind_skew_Y,1.00529104898887,0.012120035707292384,1.0,1.0,0.436553910949824,99,177,2000,100,2,100,0.0,0,0.3,0.0,0.0,0.5,0.7,1.0,1.0,0.25,4.0,0.0
