config_name,theta_hat,se,true_effect,z,run_id,seed_used,n_samples,d_dim,dgp_num,n_runs,nonlinearity,sparse_k,skewness,interaction,heterogeneous,noise_std,rho,s1,a0,a1,b0,b1
0_基准,1.0013874178660682,0.06484595328665574,1.0,0.02139559672960699,0,60,200,3,2,100,0.0,0,0.3,0.0,0.0,1.0,0.7,1.0,1.0,0.25,1.0,0.25
0_基准,1.0441211160316866,0.08434336099077457,1.0,0.5231130881363917,1,61,200,3,2,100,0.0,0,0.3,0.0,0.0,1.0,0.7,1.0,1.0,0.25,1.0,0.25
0_基准,1.0245214004961765,0.07748797374185043,1.0,0.3164542742835036,2,62,200,3,2,100,0.0,0,0.3,0.0,0.0,1.0,0.7,1.0,1.0,0.25,1.0,0.25
0_基准,0.9868818729344603,0.06535090095577022,1.0,-0.20073368344865095,3,63,200,3,2,100,0.0,0,0.3,0.0,0.0,1.0,0.7,1.0,1.0,0.25,1.0,0.25
0_基准,0.881522669879395,0.07156897017982511,1.0,-1.6554287398982739,4,64,200,3,2,100,0.0,0,0.3,0.0,0.0,1.0,0.7,1.0,1.0,0.25,1.0,0.25
0_基准,1.0944162401423978,0.060773870917672695,1.0,1.5535663389007872,5,65,200,3,2,100,0.0,0,0.3,0.0,0.0,1.0,0.7,1.0,1.0,0.25,1.0,0.25
0_基准,1.008824534413143,0.07447008978862309,1.0,0.11849770073046365,6,66,200,3,2,100,0.0,0,0.3,0.0,0.0,1.0,0.7,1.0,1.0,0.25,1.0,0.25
0_基准,0.82221073901169,0.06777945768995987,1.0,-2.6230552301194625,7,67,200,3,2,100,0.0,0,0.3,0.0,0.0,1.0,0.7,1.0,1.0,0.25,1.0,0.25
0_基准,1.0900638901521016,0.06922202225801592,1.0,1.3010872438311665,8,68,200,3,2,100,0.0,0,0.3,0.0,0.0,1.0,0.7,1.0,1.0,0.25,1.0,0.25
0_基准,1.0943257832623143,0.08258435830504092,1.0,1.1421749251099613,9,69,200,3,2,100,0.0,0,0.3,0.0,0.0,1.0,0.7,1.0,1.0,0.25,1.0,0.25
0_基准,0.8670661361233348,0.08245587201954109,1.0,-1.6121818934273278,10,70,200,3,2,100,0.0,0,0.3,0.0,0.0,1.0,0.7,1.0,1.0,0.25,1.0,0.25
0_基准,1.0605565133431418,0.07415629149513307,1.0,0.8166065497910746,11,71,200,3,2,100,0.0,0,0.3,0.0,0.0,1.0,0.7,1.0,1.0,0.25,1.0,0.25
0_基准,1.0443903464991167,0.06876764296406812,1.0,0.6455121127579017,12,72,200,3,2,100,0.0,0,0.3,0.0,0.0,1.0,0.7,1.0,1.0,0.25,1.0,0.25
0_基准,0.9457541090868746,0.07892214706414655,1.0,-0.6873342012481649,13,73,200,3,2,100,0.0,0,0.3,0.0,0.0,1.0,0.7,1.0,1.0,0.25,1.0,0.25
0_基准,1.0438016403823753,0.07657186941057527,1.0,0.5720330549527621,14,74,200,3,2,100,0.0,0,0.3,0.0,0.0,1.0,0.7,1.0,1.0,0.25,1.0,0.25
0_基准,0.917957612557173,0.055071637313436735,1.0,-1.4897393911840306,15,75,200,3,2,100,0.0,0,0.3,0.0,0.0,1.0,0.7,1.0,1.0,0.25,1.0,0.25
0_基准,1.0007100346235704,0.07966306853518115,1.0,0.008912971049525603,16,76,200,3,2,100,0.0,0,0.3,0.0,0.0,1.0,0.7,1.0,1.0,0.25,1.0,0.25
0_基准,0.9530250236020713,0.06097141556714835,1.0,-0.7704426075887109,17,77,200,3,2,100,0.0,0,0.3,0.0,0.0,1.0,0.7,1.0,1.0,0.25,1.0,0.25
0_基准,1.0261049378489167,0.08605036789604412,1.0,0.3033681143635964,18,78,200,3,2,100,0.0,0,0.3,0.0,0.0,1.0,0.7,1.0,1.0,0.25,1.0,0.25
0_基准,0.9207034923030564,0.07353871852610752,1.0,-1.0782960226427116,19,79,200,3,2,100,0.0,0,0.3,0.0,0.0,1.0,0.7,1.0,1.0,0.25,1.0,0.25
0_基准,0.9143747226122767,0.0802186958119735,1.0,-1.0673980238774066,20,80,200,3,2,100,0.0,0,0.3,0.0,0.0,1.0,0.7,1.0,1.0,0.25,1.0,0.25
0_基准,0.8704038408632899,0.06773084058873578,1.0,-1.91339953867726,21,81,200,3,2,100,0.0,0,0.3,0.0,0.0,1.0,0.7,1.0,1.0,0.25,1.0,0.25
0_基准,1.0540186983724076,0.08725226151473427,1.0,0.6191094354991069,22,82,200,3,2,100,0.0,0,0.3,0.0,0.0,1.0,0.7,1.0,1.0,0.25,1.0,0.25
0_基准,0.9839239790971743,0.07941163167826183,1.0,-0.2024391208577361,23,83,200,3,2,100,0.0,0,0.3,0.0,0.0,1.0,0.7,1.0,1.0,0.25,1.0,0.25
0_基准,1.103541449681739,0.06304144781154347,1.0,1.642434513738748,24,84,200,3,2,100,0.0,0,0.3,0.0,0.0,1.0,0.7,1.0,1.0,0.25,1.0,0.25
0_基准,0.9979813576837572,0.06415015049636656,1.0,-0.03146746033522025,25,85,200,3,2,100,0.0,0,0.3,0.0,0.0,1.0,0.7,1.0,1.0,0.25,1.0,0.25
0_基准,0.870279920835034,0.0673251522742401,1.0,-1.9267699334205497,26,86,200,3,2,100,0.0,0,0.3,0.0,0.0,1.0,0.7,1.0,1.0,0.25,1.0,0.25
0_基准,0.9331993382638197,0.06881203724684513,1.0,-0.9707700049128093,27,87,200,3,2,100,0.0,0,0.3,0.0,0.0,1.0,0.7,1.0,1.0,0.25,1.0,0.25
0_基准,0.9558314066029228,0.07739413989379691,1.0,-0.570696870043223,28,88,200,3,2,100,0.0,0,0.3,0.0,0.0,1.0,0.7,1.0,1.0,0.25,1.0,0.25
0_基准,0.9595952847164633,0.06953562928271442,1.0,-0.5810649260001847,29,89,200,3,2,100,0.0,0,0.3,0.0,0.0,1.0,0.7,1.0,1.0,0.25,1.0,0.25
0_基准,0.8549464198062975,0.07308825040412233,1.0,-1.984636099395823,30,90,200,3,2,100,0.0,0,0.3,0.0,0.0,1.0,0.7,1.0,1.0,0.25,1.0,0.25
0_基准,1.1214304461414881,0.07128076312148526,1.0,1.7035514327271122,31,91,200,3,2,100,0.0,0,0.3,0.0,0.0,1.0,0.7,1.0,1.0,0.25,1.0,0.25
0_基准,0.9070708786329534,0.07163513325655578,1.0,-1.297256208545435,32,92,200,3,2,100,0.0,0,0.3,0.0,0.0,1.0,0.7,1.0,1.0,0.25,1.0,0.25
0_基准,1.022554148786138,0.0622523254485532,1.0,0.3623021087746726,33,93,200,3,2,100,0.0,0,0.3,0.0,0.0,1.0,0.7,1.0,1.0,0.25,1.0,0.25
0_基准,1.150526409404728,0.0711410747199685,1.0,2.115886075621472,34,94,200,3,2,100,0.0,0,0.3,0.0,0.0,1.0,0.7,1.0,1.0,0.25,1.0,0.25
0_基准,0.8840965093643826,0.06905421657729484,1.0,-1.678441902325871,35,95,200,3,2,100,0.0,0,0.3,0.0,0.0,1.0,0.7,1.0,1.0,0.25,1.0,0.25
0_基准,0.9882081643282457,0.06672307190453838,1.0,-0.1767280092952718,36,96,200,3,2,100,0.0,0,0.3,0.0,0.0,1.0,0.7,1.0,1.0,0.25,1.0,0.25
0_基准,0.9347029957993547,0.06570453355691032,1.0,-0.9937975458586581,37,97,200,3,2,100,0.0,0,0.3,0.0,0.0,1.0,0.7,1.0,1.0,0.25,1.0,0.25
0_基准,1.0521047948500584,0.06632004735746239,1.0,0.7856567799057141,38,98,200,3,2,100,0.0,0,0.3,0.0,0.0,1.0,0.7,1.0,1.0,0.25,1.0,0.25
0_基准,1.1297676180192888,0.06748597295485796,1.0,1.9228828204950335,39,99,200,3,2,100,0.0,0,0.3,0.0,0.0,1.0,0.7,1.0,1.0,0.25,1.0,0.25
0_基准,1.0256516880994877,0.06261155900427354,1.0,0.40969572563648915,40,100,200,3,2,100,0.0,0,0.3,0.0,0.0,1.0,0.7,1.0,1.0,0.25,1.0,0.25
0_基准,1.125620473939098,0.07365557125333129,1.0,1.7055121805659266,41,101,200,3,2,100,0.0,0,0.3,0.0,0.0,1.0,0.7,1.0,1.0,0.25,1.0,0.25
0_基准,1.0160245589589645,0.05977583046145811,1.0,0.26807756304275354,42,102,200,3,2,100,0.0,0,0.3,0.0,0.0,1.0,0.7,1.0,1.0,0.25,1.0,0.25
0_基准,0.9115205495849416,0.0744773217049702,1.0,-1.188005266429362,43,103,200,3,2,100,0.0,0,0.3,0.0,0.0,1.0,0.7,1.0,1.0,0.25,1.0,0.25
0_基准,0.9205947774182366,0.06190476443487055,1.0,-1.2826996969725155,44,104,200,3,2,100,0.0,0,0.3,0.0,0.0,1.0,0.7,1.0,1.0,0.25,1.0,0.25
0_基准,0.8905082607117905,0.0698238506119238,1.0,-1.5681137366192703,45,105,200,3,2,100,0.0,0,0.3,0.0,0.0,1.0,0.7,1.0,1.0,0.25,1.0,0.25
0_基准,0.9681920087061135,0.07826363329996787,1.0,-0.40642109179844976,46,106,200,3,2,100,0.0,0,0.3,0.0,0.0,1.0,0.7,1.0,1.0,0.25,1.0,0.25
0_基准,0.9384571755087223,0.07677584626349183,1.0,-0.8015909623459572,47,107,200,3,2,100,0.0,0,0.3,0.0,0.0,1.0,0.7,1.0,1.0,0.25,1.0,0.25
0_基准,1.0124486888846493,0.07589970113742546,1.0,0.16401499212901383,48,108,200,3,2,100,0.0,0,0.3,0.0,0.0,1.0,0.7,1.0,1.0,0.25,1.0,0.25
0_基准,0.8696252327860399,0.07229265263550108,1.0,-1.803430396603491,49,109,200,3,2,100,0.0,0,0.3,0.0,0.0,1.0,0.7,1.0,1.0,0.25,1.0,0.25
0_基准,1.0144802709686163,0.05673206506118777,1.0,0.2552396242406956,50,110,200,3,2,100,0.0,0,0.3,0.0,0.0,1.0,0.7,1.0,1.0,0.25,1.0,0.25
0_基准,1.0852245525141895,0.07417973615676635,1.0,1.148892634695839,51,111,200,3,2,100,0.0,0,0.3,0.0,0.0,1.0,0.7,1.0,1.0,0.25,1.0,0.25
0_基准,0.9395456503655915,0.07586468601775018,1.0,-0.7968707551266204,52,112,200,3,2,100,0.0,0,0.3,0.0,0.0,1.0,0.7,1.0,1.0,0.25,1.0,0.25
0_基准,1.120338654867019,0.07839875116397212,1.0,1.5349562726494057,53,113,200,3,2,100,0.0,0,0.3,0.0,0.0,1.0,0.7,1.0,1.0,0.25,1.0,0.25
0_基准,0.9515173591158421,0.05796702439169494,1.0,-0.8363831228691478,54,114,200,3,2,100,0.0,0,0.3,0.0,0.0,1.0,0.7,1.0,1.0,0.25,1.0,0.25
0_基准,0.9059655818242253,0.08395351486330861,1.0,-1.1200772037821125,55,115,200,3,2,100,0.0,0,0.3,0.0,0.0,1.0,0.7,1.0,1.0,0.25,1.0,0.25
0_基准,0.9256143251649964,0.0787615774190536,1.0,-0.9444411510352582,56,116,200,3,2,100,0.0,0,0.3,0.0,0.0,1.0,0.7,1.0,1.0,0.25,1.0,0.25
0_基准,1.2464323941676583,0.06909609969850027,1.0,3.5665167099584796,57,117,200,3,2,100,0.0,0,0.3,0.0,0.0,1.0,0.7,1.0,1.0,0.25,1.0,0.25
0_基准,0.9529788538482369,0.05743353520386631,1.0,-0.8187054128717076,58,118,200,3,2,100,0.0,0,0.3,0.0,0.0,1.0,0.7,1.0,1.0,0.25,1.0,0.25
0_基准,0.9519410521600192,0.08381778748109318,1.0,-0.5733740925912826,59,119,200,3,2,100,0.0,0,0.3,0.0,0.0,1.0,0.7,1.0,1.0,0.25,1.0,0.25
0_基准,1.0702468000487795,0.06807770025087231,1.0,1.03186211916551,60,120,200,3,2,100,0.0,0,0.3,0.0,0.0,1.0,0.7,1.0,1.0,0.25,1.0,0.25
0_基准,0.9337602093318157,0.07383572760666442,1.0,-0.8971238290093791,61,121,200,3,2,100,0.0,0,0.3,0.0,0.0,1.0,0.7,1.0,1.0,0.25,1.0,0.25
0_基准,1.0025091064726677,0.06953800054637128,1.0,0.036082522548149386,62,122,200,3,2,100,0.0,0,0.3,0.0,0.0,1.0,0.7,1.0,1.0,0.25,1.0,0.25
0_基准,0.9846460242612329,0.08343389869628813,1.0,-0.18402562961438293,63,123,200,3,2,100,0.0,0,0.3,0.0,0.0,1.0,0.7,1.0,1.0,0.25,1.0,0.25
0_基准,0.8254872478655951,0.09319258094524469,1.0,-1.8726034880066242,64,124,200,3,2,100,0.0,0,0.3,0.0,0.0,1.0,0.7,1.0,1.0,0.25,1.0,0.25
0_基准,0.9839736578255001,0.05800650212370114,1.0,-0.27628527126705793,65,125,200,3,2,100,0.0,0,0.3,0.0,0.0,1.0,0.7,1.0,1.0,0.25,1.0,0.25
0_基准,0.8970416814969318,0.06288688813483459,1.0,-1.637198493306224,66,126,200,3,2,100,0.0,0,0.3,0.0,0.0,1.0,0.7,1.0,1.0,0.25,1.0,0.25
0_基准,0.9250188678096052,0.08797867058967825,1.0,-0.8522648920224953,67,127,200,3,2,100,0.0,0,0.3,0.0,0.0,1.0,0.7,1.0,1.0,0.25,1.0,0.25
0_基准,0.9069222309677268,0.06185803047546802,1.0,-1.5046998476485025,68,128,200,3,2,100,0.0,0,0.3,0.0,0.0,1.0,0.7,1.0,1.0,0.25,1.0,0.25
0_基准,0.8236576089340671,0.07687318247435494,1.0,-2.2939389965383707,69,129,200,3,2,100,0.0,0,0.3,0.0,0.0,1.0,0.7,1.0,1.0,0.25,1.0,0.25
0_基准,1.0199495356015276,0.07167054221784713,1.0,0.27835056055373064,70,130,200,3,2,100,0.0,0,0.3,0.0,0.0,1.0,0.7,1.0,1.0,0.25,1.0,0.25
0_基准,0.9215105640074625,0.08256798990990778,1.0,-0.9506036913116033,71,131,200,3,2,100,0.0,0,0.3,0.0,0.0,1.0,0.7,1.0,1.0,0.25,1.0,0.25
0_基准,1.0705977868855379,0.062480412667012826,1.0,1.1299187036709617,72,132,200,3,2,100,0.0,0,0.3,0.0,0.0,1.0,0.7,1.0,1.0,0.25,1.0,0.25
0_基准,0.9156286223368737,0.052366490552381885,1.0,-1.6111711281994374,73,133,200,3,2,100,0.0,0,0.3,0.0,0.0,1.0,0.7,1.0,1.0,0.25,1.0,0.25
0_基准,1.023016298060896,0.07201499133725622,1.0,0.3196042606338361,74,134,200,3,2,100,0.0,0,0.3,0.0,0.0,1.0,0.7,1.0,1.0,0.25,1.0,0.25
0_基准,1.0047329259479518,0.07834813222103194,1.0,0.06040891867848906,75,135,200,3,2,100,0.0,0,0.3,0.0,0.0,1.0,0.7,1.0,1.0,0.25,1.0,0.25
0_基准,0.8877929529406455,0.06467394993051358,1.0,-1.7349651162471287,76,136,200,3,2,100,0.0,0,0.3,0.0,0.0,1.0,0.7,1.0,1.0,0.25,1.0,0.25
0_基准,0.8844208572312173,0.06839013436336445,1.0,-1.6899973050893236,77,137,200,3,2,100,0.0,0,0.3,0.0,0.0,1.0,0.7,1.0,1.0,0.25,1.0,0.25
0_基准,0.9525577310252028,0.0585255516956323,1.0,-0.8106248911847125,78,138,200,3,2,100,0.0,0,0.3,0.0,0.0,1.0,0.7,1.0,1.0,0.25,1.0,0.25
0_基准,0.9550717956692969,0.07045802264439328,1.0,-0.6376591712977667,79,139,200,3,2,100,0.0,0,0.3,0.0,0.0,1.0,0.7,1.0,1.0,0.25,1.0,0.25
0_基准,1.005422036918056,0.07417573957550415,1.0,0.07309717367275918,80,140,200,3,2,100,0.0,0,0.3,0.0,0.0,1.0,0.7,1.0,1.0,0.25,1.0,0.25
0_基准,0.930035631442484,0.076272740390242,1.0,-0.917291921065772,81,141,200,3,2,100,0.0,0,0.3,0.0,0.0,1.0,0.7,1.0,1.0,0.25,1.0,0.25
0_基准,1.0467468092038743,0.07110477033843222,1.0,0.657435626068081,82,142,200,3,2,100,0.0,0,0.3,0.0,0.0,1.0,0.7,1.0,1.0,0.25,1.0,0.25
0_基准,1.0688538317766303,0.07372579283321846,1.0,0.9339178207603754,83,143,200,3,2,100,0.0,0,0.3,0.0,0.0,1.0,0.7,1.0,1.0,0.25,1.0,0.25
0_基准,1.0373799879878196,0.06471848096489298,1.0,0.5775782655976839,84,144,200,3,2,100,0.0,0,0.3,0.0,0.0,1.0,0.7,1.0,1.0,0.25,1.0,0.25
0_基准,0.9317335189496145,0.0737927023239672,1.0,-0.9251115476253962,85,145,200,3,2,100,0.0,0,0.3,0.0,0.0,1.0,0.7,1.0,1.0,0.25,1.0,0.25
0_基准,0.9206207950548669,0.0798528643790218,1.0,-0.9940683476094169,86,146,200,3,2,100,0.0,0,0.3,0.0,0.0,1.0,0.7,1.0,1.0,0.25,1.0,0.25
0_基准,0.9953431697243064,0.07217279697646509,1.0,-0.06452334495519395,87,147,200,3,2,100,0.0,0,0.3,0.0,0.0,1.0,0.7,1.0,1.0,0.25,1.0,0.25
0_基准,1.005231688676832,0.08971861955817809,1.0,0.058312184277863305,88,148,200,3,2,100,0.0,0,0.3,0.0,0.0,1.0,0.7,1.0,1.0,0.25,1.0,0.25
0_基准,0.9327985648606422,0.07017902881988115,1.0,-0.9575714607256037,89,149,200,3,2,100,0.0,0,0.3,0.0,0.0,1.0,0.7,1.0,1.0,0.25,1.0,0.25
0_基准,1.041404815390242,0.06024389367503869,1.0,0.6872865092947597,90,150,200,3,2,100,0.0,0,0.3,0.0,0.0,1.0,0.7,1.0,1.0,0.25,1.0,0.25
0_基准,0.8773080638564442,0.06678116200817291,1.0,-1.837223738762442,91,151,200,3,2,100,0.0,0,0.3,0.0,0.0,1.0,0.7,1.0,1.0,0.25,1.0,0.25
0_基准,1.0284979984373592,0.07450417856547076,1.0,0.38250201513619175,92,152,200,3,2,100,0.0,0,0.3,0.0,0.0,1.0,0.7,1.0,1.0,0.25,1.0,0.25
0_基准,0.9062188179476325,0.07279272906690185,1.0,-1.2883317228864404,93,153,200,3,2,100,0.0,0,0.3,0.0,0.0,1.0,0.7,1.0,1.0,0.25,1.0,0.25
0_基准,1.0172092842687952,0.08611793132431456,1.0,0.19983392545724477,94,154,200,3,2,100,0.0,0,0.3,0.0,0.0,1.0,0.7,1.0,1.0,0.25,1.0,0.25
0_基准,0.943517946554626,0.06692095290204256,1.0,-0.8440114940988849,95,155,200,3,2,100,0.0,0,0.3,0.0,0.0,1.0,0.7,1.0,1.0,0.25,1.0,0.25
0_基准,0.7734999730617848,0.08559012973804991,1.0,-2.64633349232467,96,156,200,3,2,100,0.0,0,0.3,0.0,0.0,1.0,0.7,1.0,1.0,0.25,1.0,0.25
0_基准,0.9555032643141833,0.07350999834622667,1.0,-0.6053154222129125,97,157,200,3,2,100,0.0,0,0.3,0.0,0.0,1.0,0.7,1.0,1.0,0.25,1.0,0.25
0_基准,0.9383443003701312,0.06521791100629909,1.0,-0.9453798608163607,98,158,200,3,2,100,0.0,0,0.3,0.0,0.0,1.0,0.7,1.0,1.0,0.25,1.0,0.25
0_基准,0.9221040033154998,0.07328403283149312,1.0,-1.0629327245624116,99,159,200,3,2,100,0.0,0,0.3,0.0,0.0,1.0,0.7,1.0,1.0,0.25,1.0,0.25
inter_0.25,1.038214379081206,0.09066672674943956,1.0,0.42148184291258944,0,61,200,3,2,100,0.0,0,0.3,0.25,0.0,1.0,0.7,1.0,1.0,0.25,1.0,0.25
inter_0.25,1.0167831061376773,0.08345070038531821,1.0,0.20111402373118992,1,62,200,3,2,100,0.0,0,0.3,0.25,0.0,1.0,0.7,1.0,1.0,0.25,1.0,0.25
inter_0.25,1.0365519676686799,0.06986691572060824,1.0,0.5231656112436395,2,63,200,3,2,100,0.0,0,0.3,0.25,0.0,1.0,0.7,1.0,1.0,0.25,1.0,0.25
inter_0.25,0.9367587731534758,0.07098901999434602,1.0,-0.8908592744562627,3,64,200,3,2,100,0.0,0,0.3,0.25,0.0,1.0,0.7,1.0,1.0,0.25,1.0,0.25
inter_0.25,1.0504073054552139,0.07259672799880733,1.0,0.6943467955751671,4,65,200,3,2,100,0.0,0,0.3,0.25,0.0,1.0,0.7,1.0,1.0,0.25,1.0,0.25
inter_0.25,0.984940439691789,0.09349138282134699,1.0,-0.16107966160890305,5,66,200,3,2,100,0.0,0,0.3,0.25,0.0,1.0,0.7,1.0,1.0,0.25,1.0,0.25
inter_0.25,0.8214491858978462,0.07025296779502968,1.0,-2.541541228878676,6,67,200,3,2,100,0.0,0,0.3,0.25,0.0,1.0,0.7,1.0,1.0,0.25,1.0,0.25
inter_0.25,1.0562964695435464,0.07514401288457674,1.0,0.7491810376166536,7,68,200,3,2,100,0.0,0,0.3,0.25,0.0,1.0,0.7,1.0,1.0,0.25,1.0,0.25
inter_0.25,1.1521206686896288,0.10132709116169376,1.0,1.5012832890552505,8,69,200,3,2,100,0.0,0,0.3,0.25,0.0,1.0,0.7,1.0,1.0,0.25,1.0,0.25
inter_0.25,0.8698031125614246,0.10456846690445269,1.0,-1.2450874655888389,9,70,200,3,2,100,0.0,0,0.3,0.25,0.0,1.0,0.7,1.0,1.0,0.25,1.0,0.25
inter_0.25,1.0636928735937012,0.09368779238443732,1.0,0.6798417592373689,10,71,200,3,2,100,0.0,0,0.3,0.25,0.0,1.0,0.7,1.0,1.0,0.25,1.0,0.25
inter_0.25,1.0350732574687491,0.06936911825778347,1.0,0.505603334014034,11,72,200,3,2,100,0.0,0,0.3,0.25,0.0,1.0,0.7,1.0,1.0,0.25,1.0,0.25
inter_0.25,0.9933675520292111,0.08595068677864422,1.0,-0.07716573560220596,12,73,200,3,2,100,0.0,0,0.3,0.25,0.0,1.0,0.7,1.0,1.0,0.25,1.0,0.25
inter_0.25,1.0519639295524328,0.08624234298570818,1.0,0.6025338337693827,13,74,200,3,2,100,0.0,0,0.3,0.25,0.0,1.0,0.7,1.0,1.0,0.25,1.0,0.25
inter_0.25,0.9137011045341851,0.0604680628820969,1.0,-1.4271814136676422,14,75,200,3,2,100,0.0,0,0.3,0.25,0.0,1.0,0.7,1.0,1.0,0.25,1.0,0.25
inter_0.25,0.9841898989576168,0.08777537935890826,1.0,-0.18011999672182188,15,76,200,3,2,100,0.0,0,0.3,0.25,0.0,1.0,0.7,1.0,1.0,0.25,1.0,0.25
inter_0.25,0.9632234471776278,0.06351680750579394,1.0,-0.5790050581339045,16,77,200,3,2,100,0.0,0,0.3,0.25,0.0,1.0,0.7,1.0,1.0,0.25,1.0,0.25
inter_0.25,1.0284313240053697,0.09342752896028692,1.0,0.3043142029096691,17,78,200,3,2,100,0.0,0,0.3,0.25,0.0,1.0,0.7,1.0,1.0,0.25,1.0,0.25
inter_0.25,0.9138295695395684,0.08105248014040028,1.0,-1.0631436608869456,18,79,200,3,2,100,0.0,0,0.3,0.25,0.0,1.0,0.7,1.0,1.0,0.25,1.0,0.25
inter_0.25,0.9430204515409529,0.08396283221086673,1.0,-0.6786282329775031,19,80,200,3,2,100,0.0,0,0.3,0.25,0.0,1.0,0.7,1.0,1.0,0.25,1.0,0.25
inter_0.25,0.8519449414533722,0.06856797227618286,1.0,-2.1592451057219737,20,81,200,3,2,100,0.0,0,0.3,0.25,0.0,1.0,0.7,1.0,1.0,0.25,1.0,0.25
inter_0.25,1.0538071092033736,0.0940848834984085,1.0,0.5718996208810079,21,82,200,3,2,100,0.0,0,0.3,0.25,0.0,1.0,0.7,1.0,1.0,0.25,1.0,0.25
inter_0.25,0.9628907495484421,0.08144102098537802,1.0,-0.45565797189871315,22,83,200,3,2,100,0.0,0,0.3,0.25,0.0,1.0,0.7,1.0,1.0,0.25,1.0,0.25
inter_0.25,1.1092239758874531,0.07187879468459776,1.0,1.5195576994122542,23,84,200,3,2,100,0.0,0,0.3,0.25,0.0,1.0,0.7,1.0,1.0,0.25,1.0,0.25
inter_0.25,0.9846900517589612,0.07371547182582404,1.0,-0.20768975442785445,24,85,200,3,2,100,0.0,0,0.3,0.25,0.0,1.0,0.7,1.0,1.0,0.25,1.0,0.25
inter_0.25,0.9013972133900132,0.08084761259756212,1.0,-1.2196128425066202,25,86,200,3,2,100,0.0,0,0.3,0.25,0.0,1.0,0.7,1.0,1.0,0.25,1.0,0.25
inter_0.25,0.982381747379692,0.07166705088330758,1.0,-0.24583476511395846,26,87,200,3,2,100,0.0,0,0.3,0.25,0.0,1.0,0.7,1.0,1.0,0.25,1.0,0.25
inter_0.25,0.9480588478090828,0.08221367335688898,1.0,-0.6317824039492925,27,88,200,3,2,100,0.0,0,0.3,0.25,0.0,1.0,0.7,1.0,1.0,0.25,1.0,0.25
inter_0.25,0.9571479345510835,0.08278653286324225,1.0,-0.5176212116493056,28,89,200,3,2,100,0.0,0,0.3,0.25,0.0,1.0,0.7,1.0,1.0,0.25,1.0,0.25
inter_0.25,0.8687075050275812,0.08110010684686451,1.0,-1.6188942293297954,29,90,200,3,2,100,0.0,0,0.3,0.25,0.0,1.0,0.7,1.0,1.0,0.25,1.0,0.25
inter_0.25,1.0805896074664887,0.06937133227354512,1.0,1.1617134171318442,30,91,200,3,2,100,0.0,0,0.3,0.25,0.0,1.0,0.7,1.0,1.0,0.25,1.0,0.25
inter_0.25,0.8552180299924792,0.07836861587748584,1.0,-1.8474483488882767,31,92,200,3,2,100,0.0,0,0.3,0.25,0.0,1.0,0.7,1.0,1.0,0.25,1.0,0.25
inter_0.25,1.00071509628761,0.07398618371951458,1.0,0.009665267914356459,32,93,200,3,2,100,0.0,0,0.3,0.25,0.0,1.0,0.7,1.0,1.0,0.25,1.0,0.25
inter_0.25,1.1827154606125296,0.0684176293264943,1.0,2.6705903494638363,33,94,200,3,2,100,0.0,0,0.3,0.25,0.0,1.0,0.7,1.0,1.0,0.25,1.0,0.25
inter_0.25,0.8416492710215334,0.07726716545275765,1.0,-2.0493922360240417,34,95,200,3,2,100,0.0,0,0.3,0.25,0.0,1.0,0.7,1.0,1.0,0.25,1.0,0.25
inter_0.25,0.9260025233462631,0.07752931880276269,1.0,-0.9544450769906683,35,96,200,3,2,100,0.0,0,0.3,0.25,0.0,1.0,0.7,1.0,1.0,0.25,1.0,0.25
inter_0.25,0.9001752193524087,0.06666860373368329,1.0,-1.4973282033377329,36,97,200,3,2,100,0.0,0,0.3,0.25,0.0,1.0,0.7,1.0,1.0,0.25,1.0,0.25
inter_0.25,1.137680220636141,0.07107171205449586,1.0,1.9372014076510704,37,98,200,3,2,100,0.0,0,0.3,0.25,0.0,1.0,0.7,1.0,1.0,0.25,1.0,0.25
inter_0.25,1.1791823375034114,0.07144253314846508,1.0,2.5080624889245136,38,99,200,3,2,100,0.0,0,0.3,0.25,0.0,1.0,0.7,1.0,1.0,0.25,1.0,0.25
inter_0.25,1.0616717440939802,0.07223412622709854,1.0,0.8537757333713571,39,100,200,3,2,100,0.0,0,0.3,0.25,0.0,1.0,0.7,1.0,1.0,0.25,1.0,0.25
inter_0.25,1.0730851382170656,0.07532369875890464,1.0,0.9702807937113634,40,101,200,3,2,100,0.0,0,0.3,0.25,0.0,1.0,0.7,1.0,1.0,0.25,1.0,0.25
inter_0.25,0.9814579967163638,0.06526089781059427,1.0,-0.2841211798441753,41,102,200,3,2,100,0.0,0,0.3,0.25,0.0,1.0,0.7,1.0,1.0,0.25,1.0,0.25
inter_0.25,0.9723051527549458,0.08067663878716075,1.0,-0.34328211563347516,42,103,200,3,2,100,0.0,0,0.3,0.25,0.0,1.0,0.7,1.0,1.0,0.25,1.0,0.25
inter_0.25,0.9380721666026689,0.06784828669550623,1.0,-0.91273982606598,43,104,200,3,2,100,0.0,0,0.3,0.25,0.0,1.0,0.7,1.0,1.0,0.25,1.0,0.25
inter_0.25,0.8885151588215727,0.0763398522617044,1.0,-1.4603753855357307,44,105,200,3,2,100,0.0,0,0.3,0.25,0.0,1.0,0.7,1.0,1.0,0.25,1.0,0.25
inter_0.25,0.9294290382380611,0.07966290528964894,1.0,-0.8858697973083914,45,106,200,3,2,100,0.0,0,0.3,0.25,0.0,1.0,0.7,1.0,1.0,0.25,1.0,0.25
inter_0.25,1.0124334703561497,0.07760344649486559,1.0,0.1602180175976121,46,107,200,3,2,100,0.0,0,0.3,0.25,0.0,1.0,0.7,1.0,1.0,0.25,1.0,0.25
inter_0.25,1.0437322375045497,0.07822161772136779,1.0,0.5590812204923672,47,108,200,3,2,100,0.0,0,0.3,0.25,0.0,1.0,0.7,1.0,1.0,0.25,1.0,0.25
inter_0.25,0.9152733148746881,0.07967580088795927,1.0,-1.0633929522020773,48,109,200,3,2,100,0.0,0,0.3,0.25,0.0,1.0,0.7,1.0,1.0,0.25,1.0,0.25
inter_0.25,1.0006770069291733,0.062436150000795755,1.0,0.010843188267768679,49,110,200,3,2,100,0.0,0,0.3,0.25,0.0,1.0,0.7,1.0,1.0,0.25,1.0,0.25
inter_0.25,1.0921621194822522,0.08151067683119953,1.0,1.1306754288534582,50,111,200,3,2,100,0.0,0,0.3,0.25,0.0,1.0,0.7,1.0,1.0,0.25,1.0,0.25
inter_0.25,0.9466217379928049,0.08193062659647761,1.0,-0.6515055996104141,51,112,200,3,2,100,0.0,0,0.3,0.25,0.0,1.0,0.7,1.0,1.0,0.25,1.0,0.25
inter_0.25,1.135644659571317,0.07685675532797838,1.0,1.764902239139126,52,113,200,3,2,100,0.0,0,0.3,0.25,0.0,1.0,0.7,1.0,1.0,0.25,1.0,0.25
inter_0.25,1.0112436671454494,0.06433605878233907,1.0,0.1747646243530222,53,114,200,3,2,100,0.0,0,0.3,0.25,0.0,1.0,0.7,1.0,1.0,0.25,1.0,0.25
inter_0.25,0.8890609148529481,0.08399851968070056,1.0,-1.3207266695741682,54,115,200,3,2,100,0.0,0,0.3,0.25,0.0,1.0,0.7,1.0,1.0,0.25,1.0,0.25
inter_0.25,0.9120031305633021,0.08740060622825055,1.0,-1.006822186185874,55,116,200,3,2,100,0.0,0,0.3,0.25,0.0,1.0,0.7,1.0,1.0,0.25,1.0,0.25
inter_0.25,1.2738476922633077,0.07189805591596761,1.0,3.8088330591771924,56,117,200,3,2,100,0.0,0,0.3,0.25,0.0,1.0,0.7,1.0,1.0,0.25,1.0,0.25
inter_0.25,0.9295784173171849,0.07133306806043191,1.0,-0.9872221200853908,57,118,200,3,2,100,0.0,0,0.3,0.25,0.0,1.0,0.7,1.0,1.0,0.25,1.0,0.25
inter_0.25,0.9522994492127851,0.07974714726530654,1.0,-0.5981474249921754,58,119,200,3,2,100,0.0,0,0.3,0.25,0.0,1.0,0.7,1.0,1.0,0.25,1.0,0.25
inter_0.25,1.1170790685437213,0.07920341559094637,1.0,1.4782073180831918,59,120,200,3,2,100,0.0,0,0.3,0.25,0.0,1.0,0.7,1.0,1.0,0.25,1.0,0.25
inter_0.25,0.9093296367187819,0.07393140345953352,1.0,-1.226412039247256,60,121,200,3,2,100,0.0,0,0.3,0.25,0.0,1.0,0.7,1.0,1.0,0.25,1.0,0.25
inter_0.25,1.0034400154376795,0.07189505539317333,1.0,0.04784773332278575,61,122,200,3,2,100,0.0,0,0.3,0.25,0.0,1.0,0.7,1.0,1.0,0.25,1.0,0.25
inter_0.25,1.040034783182229,0.08738049972392227,1.0,0.45816610466543944,62,123,200,3,2,100,0.0,0,0.3,0.25,0.0,1.0,0.7,1.0,1.0,0.25,1.0,0.25
inter_0.25,0.8487278110900467,0.09792001989358642,1.0,-1.5448545565487712,63,124,200,3,2,100,0.0,0,0.3,0.25,0.0,1.0,0.7,1.0,1.0,0.25,1.0,0.25
inter_0.25,1.023583878284356,0.0718190303354246,1.0,0.3283792356177683,64,125,200,3,2,100,0.0,0,0.3,0.25,0.0,1.0,0.7,1.0,1.0,0.25,1.0,0.25
inter_0.25,0.8667175948910265,0.08252888145295634,1.0,-1.6149789354039412,65,126,200,3,2,100,0.0,0,0.3,0.25,0.0,1.0,0.7,1.0,1.0,0.25,1.0,0.25
inter_0.25,0.8407717995638833,0.09024588031333211,1.0,-1.7643819294939473,66,127,200,3,2,100,0.0,0,0.3,0.25,0.0,1.0,0.7,1.0,1.0,0.25,1.0,0.25
inter_0.25,0.8957596201763749,0.07155054089876868,1.0,-1.4568775932959996,67,128,200,3,2,100,0.0,0,0.3,0.25,0.0,1.0,0.7,1.0,1.0,0.25,1.0,0.25
inter_0.25,0.8813835869172169,0.07035573161598441,1.0,-1.6859523788369533,68,129,200,3,2,100,0.0,0,0.3,0.25,0.0,1.0,0.7,1.0,1.0,0.25,1.0,0.25
inter_0.25,0.9862429120598949,0.07840608351469026,1.0,-0.17545944553559495,69,130,200,3,2,100,0.0,0,0.3,0.25,0.0,1.0,0.7,1.0,1.0,0.25,1.0,0.25
inter_0.25,0.8997680851340454,0.08464769213077457,1.0,-1.1841068828090853,70,131,200,3,2,100,0.0,0,0.3,0.25,0.0,1.0,0.7,1.0,1.0,0.25,1.0,0.25
inter_0.25,1.0824823930159542,0.0633989293011639,1.0,1.3010060883542385,71,132,200,3,2,100,0.0,0,0.3,0.25,0.0,1.0,0.7,1.0,1.0,0.25,1.0,0.25
inter_0.25,0.8592861809320266,0.09588535344865269,1.0,-1.467521514047781,72,133,200,3,2,100,0.0,0,0.3,0.25,0.0,1.0,0.7,1.0,1.0,0.25,1.0,0.25
inter_0.25,1.0010295684878838,0.08648702204704713,1.0,0.011904311924669593,73,134,200,3,2,100,0.0,0,0.3,0.25,0.0,1.0,0.7,1.0,1.0,0.25,1.0,0.25
inter_0.25,1.006780022817182,0.08362729314552549,1.0,0.08107428283471468,74,135,200,3,2,100,0.0,0,0.3,0.25,0.0,1.0,0.7,1.0,1.0,0.25,1.0,0.25
inter_0.25,0.8649064809436862,0.0632716847249983,1.0,-2.1351339014201893,75,136,200,3,2,100,0.0,0,0.3,0.25,0.0,1.0,0.7,1.0,1.0,0.25,1.0,0.25
inter_0.25,0.8440615259568256,0.07133039538360483,1.0,-2.1861434134012465,76,137,200,3,2,100,0.0,0,0.3,0.25,0.0,1.0,0.7,1.0,1.0,0.25,1.0,0.25
inter_0.25,0.9170321505511208,0.07042367975930776,1.0,-1.1781243146118554,77,138,200,3,2,100,0.0,0,0.3,0.25,0.0,1.0,0.7,1.0,1.0,0.25,1.0,0.25
inter_0.25,1.0002068113139677,0.0790034239545578,1.0,0.0026177512772948995,78,139,200,3,2,100,0.0,0,0.3,0.25,0.0,1.0,0.7,1.0,1.0,0.25,1.0,0.25
inter_0.25,1.0198882817301107,0.08246097573370412,1.0,0.24118416685168814,79,140,200,3,2,100,0.0,0,0.3,0.25,0.0,1.0,0.7,1.0,1.0,0.25,1.0,0.25
inter_0.25,0.9067707356517477,0.0740911482105402,1.0,-1.2583050283325141,80,141,200,3,2,100,0.0,0,0.3,0.25,0.0,1.0,0.7,1.0,1.0,0.25,1.0,0.25
inter_0.25,0.9966760274092111,0.07452012704550312,1.0,-0.04460503118518843,81,142,200,3,2,100,0.0,0,0.3,0.25,0.0,1.0,0.7,1.0,1.0,0.25,1.0,0.25
inter_0.25,1.0506777792551112,0.09106177999849367,1.0,0.5565208505253191,82,143,200,3,2,100,0.0,0,0.3,0.25,0.0,1.0,0.7,1.0,1.0,0.25,1.0,0.25
inter_0.25,1.043819400296391,0.07102818171529515,1.0,0.6169297768600339,83,144,200,3,2,100,0.0,0,0.3,0.25,0.0,1.0,0.7,1.0,1.0,0.25,1.0,0.25
inter_0.25,0.9327847728285621,0.08269320843294302,1.0,-0.8128264514726574,84,145,200,3,2,100,0.0,0,0.3,0.25,0.0,1.0,0.7,1.0,1.0,0.25,1.0,0.25
inter_0.25,0.9171536176073906,0.08458713706500331,1.0,-0.9794205746547948,85,146,200,3,2,100,0.0,0,0.3,0.25,0.0,1.0,0.7,1.0,1.0,0.25,1.0,0.25
inter_0.25,1.0164082435405641,0.07523255458671263,1.0,0.2181003108388681,86,147,200,3,2,100,0.0,0,0.3,0.25,0.0,1.0,0.7,1.0,1.0,0.25,1.0,0.25
inter_0.25,1.0592097151841704,0.08330038468076773,1.0,0.7107976200959928,87,148,200,3,2,100,0.0,0,0.3,0.25,0.0,1.0,0.7,1.0,1.0,0.25,1.0,0.25
inter_0.25,1.0091173957329438,0.0768749403139025,1.0,0.11860036177868677,88,149,200,3,2,100,0.0,0,0.3,0.25,0.0,1.0,0.7,1.0,1.0,0.25,1.0,0.25
inter_0.25,1.040181527655127,0.06503457224729171,1.0,0.617848726710127,89,150,200,3,2,100,0.0,0,0.3,0.25,0.0,1.0,0.7,1.0,1.0,0.25,1.0,0.25
inter_0.25,0.9493699254078618,0.06920951569997921,1.0,-0.7315478815314612,90,151,200,3,2,100,0.0,0,0.3,0.25,0.0,1.0,0.7,1.0,1.0,0.25,1.0,0.25
inter_0.25,1.05459248703542,0.0788335747683938,1.0,0.6925030000961895,91,152,200,3,2,100,0.0,0,0.3,0.25,0.0,1.0,0.7,1.0,1.0,0.25,1.0,0.25
inter_0.25,0.9240085595631159,0.08007147854327597,1.0,-0.9490450509892017,92,153,200,3,2,100,0.0,0,0.3,0.25,0.0,1.0,0.7,1.0,1.0,0.25,1.0,0.25
inter_0.25,0.9930253017489344,0.09823136485686336,1.0,-0.07100276231760248,93,154,200,3,2,100,0.0,0,0.3,0.25,0.0,1.0,0.7,1.0,1.0,0.25,1.0,0.25
inter_0.25,0.9486193671260459,0.07744617853374465,1.0,-0.6634366452512137,94,155,200,3,2,100,0.0,0,0.3,0.25,0.0,1.0,0.7,1.0,1.0,0.25,1.0,0.25
inter_0.25,0.9041068988041027,0.0844334080133133,1.0,-1.1357246314252423,95,156,200,3,2,100,0.0,0,0.3,0.25,0.0,1.0,0.7,1.0,1.0,0.25,1.0,0.25
inter_0.25,0.9208705255892636,0.09245115802264182,1.0,-0.8559057139268834,96,157,200,3,2,100,0.0,0,0.3,0.25,0.0,1.0,0.7,1.0,1.0,0.25,1.0,0.25
inter_0.25,0.9335529390880196,0.0716560828621861,1.0,-0.9273052371530821,97,158,200,3,2,100,0.0,0,0.3,0.25,0.0,1.0,0.7,1.0,1.0,0.25,1.0,0.25
inter_0.25,0.8848226486764671,0.0866661497039903,1.0,-1.328977365637254,98,159,200,3,2,100,0.0,0,0.3,0.25,0.0,1.0,0.7,1.0,1.0,0.25,1.0,0.25
inter_0.25,1.2030887020179402,0.09502933835103528,1.0,2.13711581646225,99,160,200,3,2,100,0.0,0,0.3,0.25,0.0,1.0,0.7,1.0,1.0,0.25,1.0,0.25
inter_0.5,1.0130850523162913,0.09106884708292891,1.0,0.14368307863144278,0,62,200,3,2,100,0.0,0,0.3,0.5,0.0,1.0,0.7,1.0,1.0,0.25,1.0,0.25
inter_0.5,1.068618276581276,0.08432355867136912,1.0,0.8137497712673543,1,63,200,3,2,100,0.0,0,0.3,0.5,0.0,1.0,0.7,1.0,1.0,0.25,1.0,0.25
inter_0.5,0.9807534877055414,0.08094448360221199,1.0,-0.23777423041009635,2,64,200,3,2,100,0.0,0,0.3,0.5,0.0,1.0,0.7,1.0,1.0,0.25,1.0,0.25
inter_0.5,1.030565445936693,0.09159335541334412,1.0,0.3337081145106738,3,65,200,3,2,100,0.0,0,0.3,0.5,0.0,1.0,0.7,1.0,1.0,0.25,1.0,0.25
inter_0.5,0.9740569081673311,0.1195280680531466,1.0,-0.21704602320798488,4,66,200,3,2,100,0.0,0,0.3,0.5,0.0,1.0,0.7,1.0,1.0,0.25,1.0,0.25
inter_0.5,0.808970306958642,0.08212809037647356,1.0,-2.325997014732494,5,67,200,3,2,100,0.0,0,0.3,0.5,0.0,1.0,0.7,1.0,1.0,0.25,1.0,0.25
inter_0.5,1.0310676461026904,0.09152657219621801,1.0,0.33943854071237867,6,68,200,3,2,100,0.0,0,0.3,0.5,0.0,1.0,0.7,1.0,1.0,0.25,1.0,0.25
inter_0.5,1.1975452783027627,0.12651634930618613,1.0,1.5614209498305809,7,69,200,3,2,100,0.0,0,0.3,0.5,0.0,1.0,0.7,1.0,1.0,0.25,1.0,0.25
inter_0.5,0.8575881107306315,0.1325481131402152,1.0,-1.0744165714280596,8,70,200,3,2,100,0.0,0,0.3,0.5,0.0,1.0,0.7,1.0,1.0,0.25,1.0,0.25
inter_0.5,1.0534619835449752,0.13022955072638678,1.0,0.4105211393787208,9,71,200,3,2,100,0.0,0,0.3,0.5,0.0,1.0,0.7,1.0,1.0,0.25,1.0,0.25
inter_0.5,1.0359326670269369,0.08705429707896224,1.0,0.41276155494477534,10,72,200,3,2,100,0.0,0,0.3,0.5,0.0,1.0,0.7,1.0,1.0,0.25,1.0,0.25
inter_0.5,1.046904459122858,0.11042596178945652,1.0,0.42475934429521495,11,73,200,3,2,100,0.0,0,0.3,0.5,0.0,1.0,0.7,1.0,1.0,0.25,1.0,0.25
inter_0.5,1.0657374419412322,0.10135236757519082,1.0,0.64860292377939,12,74,200,3,2,100,0.0,0,0.3,0.5,0.0,1.0,0.7,1.0,1.0,0.25,1.0,0.25
inter_0.5,0.9060207221993786,0.07499531332005474,1.0,-1.2531353445987954,13,75,200,3,2,100,0.0,0,0.3,0.5,0.0,1.0,0.7,1.0,1.0,0.25,1.0,0.25
inter_0.5,0.9931442918448125,0.10358763580338086,1.0,-0.0661826877504988,14,76,200,3,2,100,0.0,0,0.3,0.5,0.0,1.0,0.7,1.0,1.0,0.25,1.0,0.25
inter_0.5,0.9683189714319463,0.0807649986150248,1.0,-0.39226185985670287,15,77,200,3,2,100,0.0,0,0.3,0.5,0.0,1.0,0.7,1.0,1.0,0.25,1.0,0.25
inter_0.5,1.0312943379573194,0.11475458640462861,1.0,0.2727066423905227,16,78,200,3,2,100,0.0,0,0.3,0.5,0.0,1.0,0.7,1.0,1.0,0.25,1.0,0.25
inter_0.5,0.929115994719893,0.10917679460214366,1.0,-0.6492588973546872,17,79,200,3,2,100,0.0,0,0.3,0.5,0.0,1.0,0.7,1.0,1.0,0.25,1.0,0.25
inter_0.5,0.9726104418000964,0.09508648567434695,1.0,-0.2880489062736805,18,80,200,3,2,100,0.0,0,0.3,0.5,0.0,1.0,0.7,1.0,1.0,0.25,1.0,0.25
inter_0.5,0.826047510158272,0.07934165077730077,1.0,-2.1924485832792233,19,81,200,3,2,100,0.0,0,0.3,0.5,0.0,1.0,0.7,1.0,1.0,0.25,1.0,0.25
inter_0.5,1.0608794449997285,0.10504667734005142,1.0,0.5795466029130353,20,82,200,3,2,100,0.0,0,0.3,0.5,0.0,1.0,0.7,1.0,1.0,0.25,1.0,0.25
inter_0.5,0.9658839525619255,0.08914787756829141,1.0,-0.3826905179199586,21,83,200,3,2,100,0.0,0,0.3,0.5,0.0,1.0,0.7,1.0,1.0,0.25,1.0,0.25
inter_0.5,1.1248335825749627,0.09140015136107842,1.0,1.3657918582848372,22,84,200,3,2,100,0.0,0,0.3,0.5,0.0,1.0,0.7,1.0,1.0,0.25,1.0,0.25
inter_0.5,0.9749399914047184,0.09279119017249629,1.0,-0.27006883464578585,23,85,200,3,2,100,0.0,0,0.3,0.5,0.0,1.0,0.7,1.0,1.0,0.25,1.0,0.25
inter_0.5,0.9446611730131811,0.09932235822381817,1.0,-0.5571638448426236,24,86,200,3,2,100,0.0,0,0.3,0.5,0.0,1.0,0.7,1.0,1.0,0.25,1.0,0.25
inter_0.5,1.0285503495024535,0.0886391915655633,1.0,0.3220962307777346,25,87,200,3,2,100,0.0,0,0.3,0.5,0.0,1.0,0.7,1.0,1.0,0.25,1.0,0.25
inter_0.5,0.9298206775534943,0.09315888056764907,1.0,-0.7533293875890198,26,88,200,3,2,100,0.0,0,0.3,0.5,0.0,1.0,0.7,1.0,1.0,0.25,1.0,0.25
inter_0.5,0.9890444101144743,0.10776340345581537,1.0,-0.10166336190391068,27,89,200,3,2,100,0.0,0,0.3,0.5,0.0,1.0,0.7,1.0,1.0,0.25,1.0,0.25
inter_0.5,0.8618066779769575,0.09868134896107728,1.0,-1.4003996041597468,28,90,200,3,2,100,0.0,0,0.3,0.5,0.0,1.0,0.7,1.0,1.0,0.25,1.0,0.25
inter_0.5,1.0706873274334316,0.07131952113991565,1.0,0.9911357550306072,29,91,200,3,2,100,0.0,0,0.3,0.5,0.0,1.0,0.7,1.0,1.0,0.25,1.0,0.25
inter_0.5,0.7975126987867436,0.09952837566765886,1.0,-2.0344680585303014,30,92,200,3,2,100,0.0,0,0.3,0.5,0.0,1.0,0.7,1.0,1.0,0.25,1.0,0.25
inter_0.5,1.0046414042930585,0.09682340293024763,1.0,0.047936801977536234,31,93,200,3,2,100,0.0,0,0.3,0.5,0.0,1.0,0.7,1.0,1.0,0.25,1.0,0.25
inter_0.5,1.188005114298824,0.0746016469291105,1.0,2.5201201587074076,32,94,200,3,2,100,0.0,0,0.3,0.5,0.0,1.0,0.7,1.0,1.0,0.25,1.0,0.25
inter_0.5,0.7967682088463655,0.10133859889382413,1.0,-2.005472676473131,33,95,200,3,2,100,0.0,0,0.3,0.5,0.0,1.0,0.7,1.0,1.0,0.25,1.0,0.25
inter_0.5,0.8442843317620595,0.09483715330018824,1.0,-1.6419268484899936,34,96,200,3,2,100,0.0,0,0.3,0.5,0.0,1.0,0.7,1.0,1.0,0.25,1.0,0.25
inter_0.5,0.8633417012510097,0.08094099640172375,1.0,-1.6883693656392886,35,97,200,3,2,100,0.0,0,0.3,0.5,0.0,1.0,0.7,1.0,1.0,0.25,1.0,0.25
inter_0.5,1.2320453986955684,0.08883799881358853,1.0,2.6120061437051985,36,98,200,3,2,100,0.0,0,0.3,0.5,0.0,1.0,0.7,1.0,1.0,0.25,1.0,0.25
inter_0.5,1.2280058013285082,0.09086096736313946,1.0,2.509392183964418,37,99,200,3,2,100,0.0,0,0.3,0.5,0.0,1.0,0.7,1.0,1.0,0.25,1.0,0.25
inter_0.5,1.1081966527947589,0.09040957122590969,1.0,1.1967389218604296,38,100,200,3,2,100,0.0,0,0.3,0.5,0.0,1.0,0.7,1.0,1.0,0.25,1.0,0.25
inter_0.5,1.0280929597395716,0.08636818339553066,1.0,0.325269776844992,39,101,200,3,2,100,0.0,0,0.3,0.5,0.0,1.0,0.7,1.0,1.0,0.25,1.0,0.25
inter_0.5,0.9462891364261818,0.0831457732465405,1.0,-0.6459842933272971,40,102,200,3,2,100,0.0,0,0.3,0.5,0.0,1.0,0.7,1.0,1.0,0.25,1.0,0.25
inter_0.5,1.0238865221631013,0.10554359862950402,1.0,0.22631900440453576,41,103,200,3,2,100,0.0,0,0.3,0.5,0.0,1.0,0.7,1.0,1.0,0.25,1.0,0.25
inter_0.5,0.9662772577848259,0.08696366304678578,1.0,-0.38777968905278926,42,104,200,3,2,100,0.0,0,0.3,0.5,0.0,1.0,0.7,1.0,1.0,0.25,1.0,0.25
inter_0.5,0.9158434451027226,0.09689302411587952,1.0,-0.8685512261092198,43,105,200,3,2,100,0.0,0,0.3,0.5,0.0,1.0,0.7,1.0,1.0,0.25,1.0,0.25
inter_0.5,0.8957916728292044,0.09417188840110555,1.0,-1.106575740808573,44,106,200,3,2,100,0.0,0,0.3,0.5,0.0,1.0,0.7,1.0,1.0,0.25,1.0,0.25
inter_0.5,1.1080246514817984,0.08729601721148493,1.0,1.2374522335892588,45,107,200,3,2,100,0.0,0,0.3,0.5,0.0,1.0,0.7,1.0,1.0,0.25,1.0,0.25
inter_0.5,1.0801449540413577,0.09068719859647698,1.0,0.8837515689283973,46,108,200,3,2,100,0.0,0,0.3,0.5,0.0,1.0,0.7,1.0,1.0,0.25,1.0,0.25
inter_0.5,0.9442909986368885,0.0916666143798295,1.0,-0.6077349069779743,47,109,200,3,2,100,0.0,0,0.3,0.5,0.0,1.0,0.7,1.0,1.0,0.25,1.0,0.25
inter_0.5,1.0356060828391969,0.07717962321823724,1.0,0.4613404594955743,48,110,200,3,2,100,0.0,0,0.3,0.5,0.0,1.0,0.7,1.0,1.0,0.25,1.0,0.25
inter_0.5,1.0734720264219484,0.10148166120577061,1.0,0.7239931387501815,49,111,200,3,2,100,0.0,0,0.3,0.5,0.0,1.0,0.7,1.0,1.0,0.25,1.0,0.25
inter_0.5,0.9518768539581675,0.0969523518899757,1.0,-0.49635872780522194,50,112,200,3,2,100,0.0,0,0.3,0.5,0.0,1.0,0.7,1.0,1.0,0.25,1.0,0.25
inter_0.5,1.1342312361179863,0.0859190480708869,1.0,1.5622989212734262,51,113,200,3,2,100,0.0,0,0.3,0.5,0.0,1.0,0.7,1.0,1.0,0.25,1.0,0.25
inter_0.5,1.0775248894507818,0.07957077319550061,1.0,0.9742885023915483,52,114,200,3,2,100,0.0,0,0.3,0.5,0.0,1.0,0.7,1.0,1.0,0.25,1.0,0.25
inter_0.5,0.8576180759112573,0.09548046684556566,1.0,-1.4912152065514883,53,115,200,3,2,100,0.0,0,0.3,0.5,0.0,1.0,0.7,1.0,1.0,0.25,1.0,0.25
inter_0.5,0.8898843167030817,0.10527944548756041,1.0,-1.0459371512355597,54,116,200,3,2,100,0.0,0,0.3,0.5,0.0,1.0,0.7,1.0,1.0,0.25,1.0,0.25
inter_0.5,1.3274736342670364,0.08503828984511207,1.0,3.8508962828802615,55,117,200,3,2,100,0.0,0,0.3,0.5,0.0,1.0,0.7,1.0,1.0,0.25,1.0,0.25
inter_0.5,0.8903558305418113,0.10924107535129635,1.0,-1.0036899500082368,56,118,200,3,2,100,0.0,0,0.3,0.5,0.0,1.0,0.7,1.0,1.0,0.25,1.0,0.25
inter_0.5,0.9369908003950379,0.09666220978629199,1.0,-0.651849360202581,57,119,200,3,2,100,0.0,0,0.3,0.5,0.0,1.0,0.7,1.0,1.0,0.25,1.0,0.25
inter_0.5,1.146473997631092,0.10188924522227312,1.0,1.4375805543711362,58,120,200,3,2,100,0.0,0,0.3,0.5,0.0,1.0,0.7,1.0,1.0,0.25,1.0,0.25
inter_0.5,0.8600604130942836,0.08277885536356407,1.0,-1.690523338249881,59,121,200,3,2,100,0.0,0,0.3,0.5,0.0,1.0,0.7,1.0,1.0,0.25,1.0,0.25
inter_0.5,0.9828940150228622,0.08758400721356077,1.0,-0.1953094579861748,60,122,200,3,2,100,0.0,0,0.3,0.5,0.0,1.0,0.7,1.0,1.0,0.25,1.0,0.25
inter_0.5,1.0704398070895116,0.09949514607613555,1.0,0.707972296815462,61,123,200,3,2,100,0.0,0,0.3,0.5,0.0,1.0,0.7,1.0,1.0,0.25,1.0,0.25
inter_0.5,0.88260732932788,0.10957966277134949,1.0,-1.0712997987324824,62,124,200,3,2,100,0.0,0,0.3,0.5,0.0,1.0,0.7,1.0,1.0,0.25,1.0,0.25
inter_0.5,1.0861751606666632,0.10187551197719026,1.0,0.8458868966072794,63,125,200,3,2,100,0.0,0,0.3,0.5,0.0,1.0,0.7,1.0,1.0,0.25,1.0,0.25
inter_0.5,0.8571022910281024,0.11046917935972067,1.0,-1.2935527338949437,64,126,200,3,2,100,0.0,0,0.3,0.5,0.0,1.0,0.7,1.0,1.0,0.25,1.0,0.25
inter_0.5,0.7658262790532958,0.09793766309842485,1.0,-2.391048688913126,65,127,200,3,2,100,0.0,0,0.3,0.5,0.0,1.0,0.7,1.0,1.0,0.25,1.0,0.25
inter_0.5,0.8455927204832407,0.09849686694566522,1.0,-1.567636456923411,66,128,200,3,2,100,0.0,0,0.3,0.5,0.0,1.0,0.7,1.0,1.0,0.25,1.0,0.25
inter_0.5,0.9302771414047105,0.07573242808410066,1.0,-0.9206473416891168,67,129,200,3,2,100,0.0,0,0.3,0.5,0.0,1.0,0.7,1.0,1.0,0.25,1.0,0.25
inter_0.5,0.9554515761728938,0.0968239722388142,1.0,-0.46009704825194025,68,130,200,3,2,100,0.0,0,0.3,0.5,0.0,1.0,0.7,1.0,1.0,0.25,1.0,0.25
inter_0.5,0.8765195020229734,0.09207869508838178,1.0,-1.341032231815447,69,131,200,3,2,100,0.0,0,0.3,0.5,0.0,1.0,0.7,1.0,1.0,0.25,1.0,0.25
inter_0.5,1.0864487397895886,0.07231165989009751,1.0,1.1955020797610953,70,132,200,3,2,100,0.0,0,0.3,0.5,0.0,1.0,0.7,1.0,1.0,0.25,1.0,0.25
inter_0.5,0.8001524789524594,0.15532475050043618,1.0,-1.2866431164618504,71,133,200,3,2,100,0.0,0,0.3,0.5,0.0,1.0,0.7,1.0,1.0,0.25,1.0,0.25
inter_0.5,0.984587293197156,0.10969737984501132,1.0,-0.14050205050129946,72,134,200,3,2,100,0.0,0,0.3,0.5,0.0,1.0,0.7,1.0,1.0,0.25,1.0,0.25
inter_0.5,1.0040849429724212,0.09717963436738171,1.0,0.04203496955934569,73,135,200,3,2,100,0.0,0,0.3,0.5,0.0,1.0,0.7,1.0,1.0,0.25,1.0,0.25
inter_0.5,0.8437915321183551,0.08516250012461028,1.0,-1.8342400428954024,74,136,200,3,2,100,0.0,0,0.3,0.5,0.0,1.0,0.7,1.0,1.0,0.25,1.0,0.25
inter_0.5,0.7961320481334353,0.0832339546160734,1.0,-2.449336365272203,75,137,200,3,2,100,0.0,0,0.3,0.5,0.0,1.0,0.7,1.0,1.0,0.25,1.0,0.25
inter_0.5,0.8638523145796716,0.09160359787917363,1.0,-1.4862700655045122,76,138,200,3,2,100,0.0,0,0.3,0.5,0.0,1.0,0.7,1.0,1.0,0.25,1.0,0.25
inter_0.5,1.0433863214244445,0.09706974801227568,1.0,0.44696027663487703,77,139,200,3,2,100,0.0,0,0.3,0.5,0.0,1.0,0.7,1.0,1.0,0.25,1.0,0.25
inter_0.5,1.0470967039714398,0.1026911361093416,1.0,0.45862482153564904,78,140,200,3,2,100,0.0,0,0.3,0.5,0.0,1.0,0.7,1.0,1.0,0.25,1.0,0.25
inter_0.5,0.865802978027737,0.09894633906038124,1.0,-1.3562606079884403,79,141,200,3,2,100,0.0,0,0.3,0.5,0.0,1.0,0.7,1.0,1.0,0.25,1.0,0.25
inter_0.5,0.978210201000313,0.08871790625480284,1.0,-0.2456076785345395,80,142,200,3,2,100,0.0,0,0.3,0.5,0.0,1.0,0.7,1.0,1.0,0.25,1.0,0.25
inter_0.5,1.0584197308089622,0.1135261645378877,1.0,0.5145926584128145,81,143,200,3,2,100,0.0,0,0.3,0.5,0.0,1.0,0.7,1.0,1.0,0.25,1.0,0.25
inter_0.5,1.0788502914507627,0.09802425541268167,1.0,0.804395719394178,82,144,200,3,2,100,0.0,0,0.3,0.5,0.0,1.0,0.7,1.0,1.0,0.25,1.0,0.25
inter_0.5,0.9340425227038508,0.09711023606818017,1.0,-0.6792021105771083,83,145,200,3,2,100,0.0,0,0.3,0.5,0.0,1.0,0.7,1.0,1.0,0.25,1.0,0.25
inter_0.5,0.9231128893959628,0.0949054106156518,1.0,-0.810144649343701,84,146,200,3,2,100,0.0,0,0.3,0.5,0.0,1.0,0.7,1.0,1.0,0.25,1.0,0.25
inter_0.5,1.0260971520532005,0.08632488902711155,1.0,0.30231318391853745,85,147,200,3,2,100,0.0,0,0.3,0.5,0.0,1.0,0.7,1.0,1.0,0.25,1.0,0.25
inter_0.5,1.0712895091528996,0.0987176186157731,1.0,0.7221558841524659,86,148,200,3,2,100,0.0,0,0.3,0.5,0.0,1.0,0.7,1.0,1.0,0.25,1.0,0.25
inter_0.5,1.1124558482767655,0.0903254878633252,1.0,1.2450068185286365,87,149,200,3,2,100,0.0,0,0.3,0.5,0.0,1.0,0.7,1.0,1.0,0.25,1.0,0.25
inter_0.5,1.0611699539721138,0.08161378952371047,1.0,0.7495051305556968,88,150,200,3,2,100,0.0,0,0.3,0.5,0.0,1.0,0.7,1.0,1.0,0.25,1.0,0.25
inter_0.5,1.0264951461961334,0.08058857572842246,1.0,0.328770498257967,89,151,200,3,2,100,0.0,0,0.3,0.5,0.0,1.0,0.7,1.0,1.0,0.25,1.0,0.25
inter_0.5,1.1012595044087667,0.09562855949765806,1.0,1.0588835065663265,90,152,200,3,2,100,0.0,0,0.3,0.5,0.0,1.0,0.7,1.0,1.0,0.25,1.0,0.25
inter_0.5,0.9584988075098108,0.0979519478830408,1.0,-0.4236893026338139,91,153,200,3,2,100,0.0,0,0.3,0.5,0.0,1.0,0.7,1.0,1.0,0.25,1.0,0.25
inter_0.5,0.9887663929299636,0.12105553405621752,1.0,-0.09279713775678834,92,154,200,3,2,100,0.0,0,0.3,0.5,0.0,1.0,0.7,1.0,1.0,0.25,1.0,0.25
inter_0.5,0.9524718906862152,0.09585550815412883,1.0,-0.4958307584929079,93,155,200,3,2,100,0.0,0,0.3,0.5,0.0,1.0,0.7,1.0,1.0,0.25,1.0,0.25
inter_0.5,0.9885145639318746,0.1029059138147848,1.0,-0.11161104004962645,94,156,200,3,2,100,0.0,0,0.3,0.5,0.0,1.0,0.7,1.0,1.0,0.25,1.0,0.25
inter_0.5,0.8834987050172067,0.11911177463468212,1.0,-0.97808378172607,95,157,200,3,2,100,0.0,0,0.3,0.5,0.0,1.0,0.7,1.0,1.0,0.25,1.0,0.25
inter_0.5,0.9200033771839063,0.09622932289558601,1.0,-0.831312331927081,96,158,200,3,2,100,0.0,0,0.3,0.5,0.0,1.0,0.7,1.0,1.0,0.25,1.0,0.25
inter_0.5,0.8741640627678757,0.11134579545767716,1.0,-1.130136407170892,97,159,200,3,2,100,0.0,0,0.3,0.5,0.0,1.0,0.7,1.0,1.0,0.25,1.0,0.25
inter_0.5,1.2293678922713938,0.11914193225611226,1.0,1.925165119685447,98,160,200,3,2,100,0.0,0,0.3,0.5,0.0,1.0,0.7,1.0,1.0,0.25,1.0,0.25
inter_0.5,0.8767926159175454,0.0775214568987975,1.0,-1.5893326700928625,99,161,200,3,2,100,0.0,0,0.3,0.5,0.0,1.0,0.7,1.0,1.0,0.25,1.0,0.25
inter_1.0,1.1395383419505936,0.12568779903429786,1.0,1.1101979907573698,0,63,200,3,2,100,0.0,0,0.3,1.0,0.0,1.0,0.7,1.0,1.0,0.25,1.0,0.25
inter_1.0,1.1110841983293982,0.1146040315242756,1.0,0.9692870037112802,1,64,200,3,2,100,0.0,0,0.3,1.0,0.0,1.0,0.7,1.0,1.0,0.25,1.0,0.25
inter_1.0,0.9727409558304139,0.14164404450803758,1.0,-0.19244751351363254,2,65,200,3,2,100,0.0,0,0.3,1.0,0.0,1.0,0.7,1.0,1.0,0.25,1.0,0.25
inter_1.0,0.9205247723476491,0.20732729794194799,1.0,-0.3833321923416189,3,66,200,3,2,100,0.0,0,0.3,1.0,0.0,1.0,0.7,1.0,1.0,0.25,1.0,0.25
inter_1.0,0.8338686129938664,0.12002964949201546,1.0,-1.384086246266885,4,67,200,3,2,100,0.0,0,0.3,1.0,0.0,1.0,0.7,1.0,1.0,0.25,1.0,0.25
inter_1.0,0.94902680122064,0.1399615404148222,1.0,-0.36419432530025125,5,68,200,3,2,100,0.0,0,0.3,1.0,0.0,1.0,0.7,1.0,1.0,0.25,1.0,0.25
inter_1.0,1.3039145371090661,0.18756241059456671,1.0,1.6203381911421748,6,69,200,3,2,100,0.0,0,0.3,1.0,0.0,1.0,0.7,1.0,1.0,0.25,1.0,0.25
inter_1.0,0.8748604395758639,0.20791691485057845,1.0,-0.6018729188727568,7,70,200,3,2,100,0.0,0,0.3,1.0,0.0,1.0,0.7,1.0,1.0,0.25,1.0,0.25
inter_1.0,1.0429238945768315,0.22283237512331508,1.0,0.1926286274742507,8,71,200,3,2,100,0.0,0,0.3,1.0,0.0,1.0,0.7,1.0,1.0,0.25,1.0,0.25
inter_1.0,1.034131986205543,0.13796728561298344,1.0,0.2473918802844877,9,72,200,3,2,100,0.0,0,0.3,1.0,0.0,1.0,0.7,1.0,1.0,0.25,1.0,0.25
inter_1.0,1.1527459728501261,0.17552341895405194,1.0,0.8702312988223616,10,73,200,3,2,100,0.0,0,0.3,1.0,0.0,1.0,0.7,1.0,1.0,0.25,1.0,0.25
inter_1.0,1.0802732933288606,0.1446283082812396,1.0,0.5550316828207911,11,74,200,3,2,100,0.0,0,0.3,1.0,0.0,1.0,0.7,1.0,1.0,0.25,1.0,0.25
inter_1.0,0.873295703566712,0.11766057467813704,1.0,-1.0768628045536086,12,75,200,3,2,100,0.0,0,0.3,1.0,0.0,1.0,0.7,1.0,1.0,0.25,1.0,0.25
inter_1.0,0.9292984417163745,0.15388241820796777,1.0,-0.45945182761603265,13,76,200,3,2,100,0.0,0,0.3,1.0,0.0,1.0,0.7,1.0,1.0,0.25,1.0,0.25
inter_1.0,0.9372145776657559,0.15190348659465577,1.0,-0.4133244321230281,14,77,200,3,2,100,0.0,0,0.3,1.0,0.0,1.0,0.7,1.0,1.0,0.25,1.0,0.25
inter_1.0,1.0130008340306722,0.18073232380593082,1.0,0.07193419393330223,15,78,200,3,2,100,0.0,0,0.3,1.0,0.0,1.0,0.7,1.0,1.0,0.25,1.0,0.25
inter_1.0,0.9445951058399151,0.17767623512899255,1.0,-0.31183064026464224,16,79,200,3,2,100,0.0,0,0.3,1.0,0.0,1.0,0.7,1.0,1.0,0.25,1.0,0.25
inter_1.0,1.0534440093991675,0.13278872703585806,1.0,0.4024739945337043,17,80,200,3,2,100,0.0,0,0.3,1.0,0.0,1.0,0.7,1.0,1.0,0.25,1.0,0.25
inter_1.0,0.8132151593804021,0.1121346007604076,1.0,-1.6657199415075434,18,81,200,3,2,100,0.0,0,0.3,1.0,0.0,1.0,0.7,1.0,1.0,0.25,1.0,0.25
inter_1.0,1.055808375218529,0.13429393382853996,1.0,0.4155688468384763,19,82,200,3,2,100,0.0,0,0.3,1.0,0.0,1.0,0.7,1.0,1.0,0.25,1.0,0.25
inter_1.0,0.9200483519259669,0.12581854974100581,1.0,-0.6354519920839293,20,83,200,3,2,100,0.0,0,0.3,1.0,0.0,1.0,0.7,1.0,1.0,0.25,1.0,0.25
inter_1.0,1.1641129336367324,0.14522623164642054,1.0,1.1300502104626315,21,84,200,3,2,100,0.0,0,0.3,1.0,0.0,1.0,0.7,1.0,1.0,0.25,1.0,0.25
inter_1.0,0.9273192173453711,0.15054757453907214,1.0,-0.4827761780762915,22,85,200,3,2,100,0.0,0,0.3,1.0,0.0,1.0,0.7,1.0,1.0,0.25,1.0,0.25
inter_1.0,1.0275938325171543,0.15047938605437267,1.0,0.18337284089651876,23,86,200,3,2,100,0.0,0,0.3,1.0,0.0,1.0,0.7,1.0,1.0,0.25,1.0,0.25
inter_1.0,1.1032926221623325,0.14217767574483867,1.0,0.726503803225115,24,87,200,3,2,100,0.0,0,0.3,1.0,0.0,1.0,0.7,1.0,1.0,0.25,1.0,0.25
inter_1.0,0.8945826787361264,0.1337388517800181,1.0,-0.788232588068503,25,88,200,3,2,100,0.0,0,0.3,1.0,0.0,1.0,0.7,1.0,1.0,0.25,1.0,0.25
inter_1.0,1.0112733030606307,0.18463974508446584,1.0,0.06105566846116236,26,89,200,3,2,100,0.0,0,0.3,1.0,0.0,1.0,0.7,1.0,1.0,0.25,1.0,0.25
inter_1.0,0.9065748074000899,0.14611154033903465,1.0,-0.6394100861788736,27,90,200,3,2,100,0.0,0,0.3,1.0,0.0,1.0,0.7,1.0,1.0,0.25,1.0,0.25
inter_1.0,1.0190421812642432,0.08350816320241003,1.0,0.22802778236288188,28,91,200,3,2,100,0.0,0,0.3,1.0,0.0,1.0,0.7,1.0,1.0,0.25,1.0,0.25
inter_1.0,0.6791623210578895,0.15537589164924911,1.0,-2.0649128737834084,29,92,200,3,2,100,0.0,0,0.3,1.0,0.0,1.0,0.7,1.0,1.0,0.25,1.0,0.25
inter_1.0,0.9527345766230723,0.14913207538651763,1.0,-0.31693667009210547,30,93,200,3,2,100,0.0,0,0.3,1.0,0.0,1.0,0.7,1.0,1.0,0.25,1.0,0.25
inter_1.0,1.246792202692246,0.10608527983567105,1.0,2.326356711077482,31,94,200,3,2,100,0.0,0,0.3,1.0,0.0,1.0,0.7,1.0,1.0,0.25,1.0,0.25
inter_1.0,0.6716675429894498,0.16096473420059068,1.0,-2.0397788288296095,32,95,200,3,2,100,0.0,0,0.3,1.0,0.0,1.0,0.7,1.0,1.0,0.25,1.0,0.25
inter_1.0,0.7100692105035179,0.13765380803515614,1.0,-2.1062315211972567,33,96,200,3,2,100,0.0,0,0.3,1.0,0.0,1.0,0.7,1.0,1.0,0.25,1.0,0.25
inter_1.0,0.8027570691705237,0.12337952984403383,1.0,-1.5986681994883143,34,97,200,3,2,100,0.0,0,0.3,1.0,0.0,1.0,0.7,1.0,1.0,0.25,1.0,0.25
inter_1.0,1.4061052862490453,0.13188996291140945,1.0,3.079121999009329,35,98,200,3,2,100,0.0,0,0.3,1.0,0.0,1.0,0.7,1.0,1.0,0.25,1.0,0.25
inter_1.0,1.324186736251152,0.13681197538045584,1.0,2.3695786523777023,36,99,200,3,2,100,0.0,0,0.3,1.0,0.0,1.0,0.7,1.0,1.0,0.25,1.0,0.25
inter_1.0,1.1435817450713106,0.1365279077877631,1.0,1.0516659003850912,37,100,200,3,2,100,0.0,0,0.3,1.0,0.0,1.0,0.7,1.0,1.0,0.25,1.0,0.25
inter_1.0,0.9127284381658685,0.12346200811036219,1.0,-0.7068697745149248,38,101,200,3,2,100,0.0,0,0.3,1.0,0.0,1.0,0.7,1.0,1.0,0.25,1.0,0.25
inter_1.0,0.8778083902418626,0.12808917574701625,1.0,-0.9539573429645067,39,102,200,3,2,100,0.0,0,0.3,1.0,0.0,1.0,0.7,1.0,1.0,0.25,1.0,0.25
inter_1.0,1.14552095535176,0.16403522809571117,1.0,0.8871323376150124,40,103,200,3,2,100,0.0,0,0.3,1.0,0.0,1.0,0.7,1.0,1.0,0.25,1.0,0.25
inter_1.0,1.0123857265530538,0.14471261607978267,1.0,0.08558843650663697,41,104,200,3,2,100,0.0,0,0.3,1.0,0.0,1.0,0.7,1.0,1.0,0.25,1.0,0.25
inter_1.0,0.9581379234031736,0.15354179637238227,1.0,-0.27264287370520934,42,105,200,3,2,100,0.0,0,0.3,1.0,0.0,1.0,0.7,1.0,1.0,0.25,1.0,0.25
inter_1.0,0.8608707003767434,0.12908473088146397,1.0,-1.0778137636667218,43,106,200,3,2,100,0.0,0,0.3,1.0,0.0,1.0,0.7,1.0,1.0,0.25,1.0,0.25
inter_1.0,1.2440081979712745,0.136936929143691,1.0,1.7819020734372626,44,107,200,3,2,100,0.0,0,0.3,1.0,0.0,1.0,0.7,1.0,1.0,0.25,1.0,0.25
inter_1.0,1.1792092102058163,0.1387119489578505,1.0,1.291952218624449,45,108,200,3,2,100,0.0,0,0.3,1.0,0.0,1.0,0.7,1.0,1.0,0.25,1.0,0.25
inter_1.0,1.017173657056142,0.12162856577533705,1.0,0.14119756281483994,46,109,200,3,2,100,0.0,0,0.3,1.0,0.0,1.0,0.7,1.0,1.0,0.25,1.0,0.25
inter_1.0,1.0468957658501943,0.1174348111379973,1.0,0.39933445113721183,47,110,200,3,2,100,0.0,0,0.3,1.0,0.0,1.0,0.7,1.0,1.0,0.25,1.0,0.25
inter_1.0,1.0676511744063695,0.16322726692090458,1.0,0.4144600083217185,48,111,200,3,2,100,0.0,0,0.3,1.0,0.0,1.0,0.7,1.0,1.0,0.25,1.0,0.25
inter_1.0,0.9966210532674764,0.14436303383429688,1.0,-0.023405899992390167,49,112,200,3,2,100,0.0,0,0.3,1.0,0.0,1.0,0.7,1.0,1.0,0.25,1.0,0.25
inter_1.0,1.1678130222907677,0.12334637759990194,1.0,1.360502234083452,50,113,200,3,2,100,0.0,0,0.3,1.0,0.0,1.0,0.7,1.0,1.0,0.25,1.0,0.25
inter_1.0,1.1971652492206446,0.1130716906773178,1.0,1.7437189453840543,51,114,200,3,2,100,0.0,0,0.3,1.0,0.0,1.0,0.7,1.0,1.0,0.25,1.0,0.25
inter_1.0,0.8472698482161186,0.13547025746044805,1.0,-1.12740726006572,52,115,200,3,2,100,0.0,0,0.3,1.0,0.0,1.0,0.7,1.0,1.0,0.25,1.0,0.25
inter_1.0,0.8579144732598304,0.16266297002787194,1.0,-0.8734964492276488,53,116,200,3,2,100,0.0,0,0.3,1.0,0.0,1.0,0.7,1.0,1.0,0.25,1.0,0.25
inter_1.0,1.4042512750023446,0.13425554312188853,1.0,3.0110583563416156,54,117,200,3,2,100,0.0,0,0.3,1.0,0.0,1.0,0.7,1.0,1.0,0.25,1.0,0.25
inter_1.0,0.8109576570516349,0.19886396416861124,1.0,-0.9506113575613997,55,118,200,3,2,100,0.0,0,0.3,1.0,0.0,1.0,0.7,1.0,1.0,0.25,1.0,0.25
inter_1.0,0.8843441614421144,0.1456710109827345,1.0,-0.7939523298262385,56,119,200,3,2,100,0.0,0,0.3,1.0,0.0,1.0,0.7,1.0,1.0,0.25,1.0,0.25
inter_1.0,1.2223746020319668,0.15595635036959463,1.0,1.4258771861804296,57,120,200,3,2,100,0.0,0,0.3,1.0,0.0,1.0,0.7,1.0,1.0,0.25,1.0,0.25
inter_1.0,0.7999689717247872,0.11146497125293688,1.0,-1.7945640323299539,58,121,200,3,2,100,0.0,0,0.3,1.0,0.0,1.0,0.7,1.0,1.0,0.25,1.0,0.25
inter_1.0,0.97039865853177,0.12724609881443677,1.0,-0.23263064049922433,59,122,200,3,2,100,0.0,0,0.3,1.0,0.0,1.0,0.7,1.0,1.0,0.25,1.0,0.25
inter_1.0,1.1759624682336023,0.14769399270756262,1.0,1.1913989527117186,60,123,200,3,2,100,0.0,0,0.3,1.0,0.0,1.0,0.7,1.0,1.0,0.25,1.0,0.25
inter_1.0,0.9239850376146663,0.1473447027512867,1.0,-0.5158988478441915,61,124,200,3,2,100,0.0,0,0.3,1.0,0.0,1.0,0.7,1.0,1.0,0.25,1.0,0.25
inter_1.0,1.1852273305958971,0.17776663339482734,1.0,1.04196905267649,62,125,200,3,2,100,0.0,0,0.3,1.0,0.0,1.0,0.7,1.0,1.0,0.25,1.0,0.25
inter_1.0,0.7789971744264197,0.18216135613995263,1.0,-1.2132256273047626,63,126,200,3,2,100,0.0,0,0.3,1.0,0.0,1.0,0.7,1.0,1.0,0.25,1.0,0.25
inter_1.0,0.5940927857156476,0.14368267149109654,1.0,-2.8250255237598703,64,127,200,3,2,100,0.0,0,0.3,1.0,0.0,1.0,0.7,1.0,1.0,0.25,1.0,0.25
inter_1.0,0.7905991948940237,0.15759244519546994,1.0,-1.3287490072652008,65,128,200,3,2,100,0.0,0,0.3,1.0,0.0,1.0,0.7,1.0,1.0,0.25,1.0,0.25
inter_1.0,1.0568335295318132,0.1088298876694156,1.0,0.5222235430808506,66,129,200,3,2,100,0.0,0,0.3,1.0,0.0,1.0,0.7,1.0,1.0,0.25,1.0,0.25
inter_1.0,0.8672924437618312,0.13694885555801536,1.0,-0.9690300491919783,67,130,200,3,2,100,0.0,0,0.3,1.0,0.0,1.0,0.7,1.0,1.0,0.25,1.0,0.25
inter_1.0,0.8872415749199153,0.12069900222329481,1.0,-0.934211741630474,68,131,200,3,2,100,0.0,0,0.3,1.0,0.0,1.0,0.7,1.0,1.0,0.25,1.0,0.25
inter_1.0,1.115767146981873,0.10670010911018533,1.0,1.0849768378617546,69,132,200,3,2,100,0.0,0,0.3,1.0,0.0,1.0,0.7,1.0,1.0,0.25,1.0,0.25
inter_1.0,0.7154703769031407,0.2805724430494128,1.0,-1.0141039512093122,70,133,200,3,2,100,0.0,0,0.3,1.0,0.0,1.0,0.7,1.0,1.0,0.25,1.0,0.25
inter_1.0,0.9609763631794254,0.1704533470854389,1.0,-0.22894027889645505,71,134,200,3,2,100,0.0,0,0.3,1.0,0.0,1.0,0.7,1.0,1.0,0.25,1.0,0.25
inter_1.0,1.0359685318056397,0.13810884381958138,1.0,0.26043612277738903,72,135,200,3,2,100,0.0,0,0.3,1.0,0.0,1.0,0.7,1.0,1.0,0.25,1.0,0.25
inter_1.0,0.8000959244911608,0.14475752338360354,1.0,-1.380958107297116,73,136,200,3,2,100,0.0,0,0.3,1.0,0.0,1.0,0.7,1.0,1.0,0.25,1.0,0.25
inter_1.0,0.7335291660606172,0.1269514963516204,1.0,-2.0989971886690686,74,137,200,3,2,100,0.0,0,0.3,1.0,0.0,1.0,0.7,1.0,1.0,0.25,1.0,0.25
inter_1.0,0.7786892642439418,0.1398120838581027,1.0,-1.5829156511297668,75,138,200,3,2,100,0.0,0,0.3,1.0,0.0,1.0,0.7,1.0,1.0,0.25,1.0,0.25
inter_1.0,1.1432338105564903,0.1514032994718287,1.0,0.9460415397561499,76,139,200,3,2,100,0.0,0,0.3,1.0,0.0,1.0,0.7,1.0,1.0,0.25,1.0,0.25
inter_1.0,1.117226967678129,0.15291567821781915,1.0,0.7666118284558519,77,140,200,3,2,100,0.0,0,0.3,1.0,0.0,1.0,0.7,1.0,1.0,0.25,1.0,0.25
inter_1.0,0.8056550471344422,0.16983607784811564,1.0,-1.1443090027041274,78,141,200,3,2,100,0.0,0,0.3,1.0,0.0,1.0,0.7,1.0,1.0,0.25,1.0,0.25
inter_1.0,0.9737859472865802,0.13356486910324988,1.0,-0.196264578323777,79,142,200,3,2,100,0.0,0,0.3,1.0,0.0,1.0,0.7,1.0,1.0,0.25,1.0,0.25
inter_1.0,1.0359101381453806,0.17497194039418618,1.0,0.2052336966971978,80,143,200,3,2,100,0.0,0,0.3,1.0,0.0,1.0,0.7,1.0,1.0,0.25,1.0,0.25
inter_1.0,1.12549562984266,0.177265282338806,1.0,0.707953797759456,81,144,200,3,2,100,0.0,0,0.3,1.0,0.0,1.0,0.7,1.0,1.0,0.25,1.0,0.25
inter_1.0,0.9185175747852098,0.12823017015412683,1.0,-0.6354387981927502,82,145,200,3,2,100,0.0,0,0.3,1.0,0.0,1.0,0.7,1.0,1.0,0.25,1.0,0.25
inter_1.0,0.9744937886729956,0.1270569605577968,1.0,-0.2007462732858455,83,146,200,3,2,100,0.0,0,0.3,1.0,0.0,1.0,0.7,1.0,1.0,0.25,1.0,0.25
inter_1.0,0.9729728425599389,0.12661148030024102,1.0,-0.21346529853351437,84,147,200,3,2,100,0.0,0,0.3,1.0,0.0,1.0,0.7,1.0,1.0,0.25,1.0,0.25
inter_1.0,1.1549277855100089,0.14667818834109733,1.0,1.0562428351632436,85,148,200,3,2,100,0.0,0,0.3,1.0,0.0,1.0,0.7,1.0,1.0,0.25,1.0,0.25
inter_1.0,1.257445197234121,0.12435519601608379,1.0,2.0702407738621846,86,149,200,3,2,100,0.0,0,0.3,1.0,0.0,1.0,0.7,1.0,1.0,0.25,1.0,0.25
inter_1.0,1.094694500830427,0.1263309952042921,1.0,0.7495745654286566,87,150,200,3,2,100,0.0,0,0.3,1.0,0.0,1.0,0.7,1.0,1.0,0.25,1.0,0.25
inter_1.0,1.1595925690823068,0.11461933308213856,1.0,1.392370421209304,88,151,200,3,2,100,0.0,0,0.3,1.0,0.0,1.0,0.7,1.0,1.0,0.25,1.0,0.25
inter_1.0,1.1350821599076555,0.15520862039395128,1.0,0.8703264004588745,89,152,200,3,2,100,0.0,0,0.3,1.0,0.0,1.0,0.7,1.0,1.0,0.25,1.0,0.25
inter_1.0,1.0474197983153422,0.14462731851105937,1.0,0.32787580384902215,90,153,200,3,2,100,0.0,0,0.3,1.0,0.0,1.0,0.7,1.0,1.0,0.25,1.0,0.25
inter_1.0,0.9575506557035981,0.17030453286507777,1.0,-0.24925551646961747,91,154,200,3,2,100,0.0,0,0.3,1.0,0.0,1.0,0.7,1.0,1.0,0.25,1.0,0.25
inter_1.0,0.9378541018151433,0.14874844160341016,1.0,-0.41779192786804953,92,155,200,3,2,100,0.0,0,0.3,1.0,0.0,1.0,0.7,1.0,1.0,0.25,1.0,0.25
inter_1.0,1.1886587484315025,0.16585815956447889,1.0,1.1374704080094395,93,156,200,3,2,100,0.0,0,0.3,1.0,0.0,1.0,0.7,1.0,1.0,0.25,1.0,0.25
inter_1.0,0.7682419977594237,0.18566678726447888,1.0,-1.2482469571170063,94,157,200,3,2,100,0.0,0,0.3,1.0,0.0,1.0,0.7,1.0,1.0,0.25,1.0,0.25
inter_1.0,0.9274812866876845,0.16009830309157191,1.0,-0.45296365990110943,95,158,200,3,2,100,0.0,0,0.3,1.0,0.0,1.0,0.7,1.0,1.0,0.25,1.0,0.25
inter_1.0,0.7562746190318522,0.17800207219149378,1.0,-1.3692277734045095,96,159,200,3,2,100,0.0,0,0.3,1.0,0.0,1.0,0.7,1.0,1.0,0.25,1.0,0.25
inter_1.0,1.2389583687382741,0.18231793480628541,1.0,1.3106684703957936,97,160,200,3,2,100,0.0,0,0.3,1.0,0.0,1.0,0.7,1.0,1.0,0.25,1.0,0.25
inter_1.0,0.8293699518627551,0.12021919401358862,1.0,-1.4193245058518547,98,161,200,3,2,100,0.0,0,0.3,1.0,0.0,1.0,0.7,1.0,1.0,0.25,1.0,0.25
inter_1.0,1.347408840706828,0.14346235422736714,1.0,2.4216028140471972,99,162,200,3,2,100,0.0,0,0.3,1.0,0.0,1.0,0.7,1.0,1.0,0.25,1.0,0.25
hete_0.15,0.913195841302568,0.07021711670488291,1.0,-1.236225051254427,0,64,200,3,2,100,0.0,0,0.3,0.0,0.15,1.0,0.7,1.0,1.0,0.25,1.0,0.25
hete_0.15,1.0716132233584734,0.06888727451125433,1.0,1.0395711525322975,1,65,200,3,2,100,0.0,0,0.3,0.0,0.15,1.0,0.7,1.0,1.0,0.25,1.0,0.25
hete_0.15,0.9973122573099038,0.08604934324795087,1.0,-0.03123490068194332,2,66,200,3,2,100,0.0,0,0.3,0.0,0.15,1.0,0.7,1.0,1.0,0.25,1.0,0.25
hete_0.15,0.819923062019072,0.06681936758860614,1.0,-2.6949811780564397,3,67,200,3,2,100,0.0,0,0.3,0.0,0.15,1.0,0.7,1.0,1.0,0.25,1.0,0.25
hete_0.15,1.0736140484605667,0.07217334997426735,1.0,1.0199616407831016,4,68,200,3,2,100,0.0,0,0.3,0.0,0.15,1.0,0.7,1.0,1.0,0.25,1.0,0.25
hete_0.15,1.1290706215485247,0.0926537150312143,1.0,1.3930431338348581,5,69,200,3,2,100,0.0,0,0.3,0.0,0.15,1.0,0.7,1.0,1.0,0.25,1.0,0.25
hete_0.15,0.8667086605874769,0.09388313746097841,1.0,-1.4197580419372366,6,70,200,3,2,100,0.0,0,0.3,0.0,0.15,1.0,0.7,1.0,1.0,0.25,1.0,0.25
hete_0.15,1.0579867764052375,0.08049450515248503,1.0,0.720381798675451,7,71,200,3,2,100,0.0,0,0.3,0.0,0.15,1.0,0.7,1.0,1.0,0.25,1.0,0.25
hete_0.15,1.0319924877264137,0.06731718281960408,1.0,0.4752499493650361,8,72,200,3,2,100,0.0,0,0.3,0.0,0.15,1.0,0.7,1.0,1.0,0.25,1.0,0.25
hete_0.15,0.9761083188764265,0.08047422593269732,1.0,-0.29688612529873565,9,73,200,3,2,100,0.0,0,0.3,0.0,0.15,1.0,0.7,1.0,1.0,0.25,1.0,0.25
hete_0.15,1.0420957903615644,0.08198824798506374,1.0,0.5134368814568795,10,74,200,3,2,100,0.0,0,0.3,0.0,0.15,1.0,0.7,1.0,1.0,0.25,1.0,0.25
hete_0.15,0.9157884190574224,0.05715264452234207,1.0,-1.4734502951942618,11,75,200,3,2,100,0.0,0,0.3,0.0,0.15,1.0,0.7,1.0,1.0,0.25,1.0,0.25
hete_0.15,0.9901254769748558,0.08280321581528718,1.0,-0.11925289287280559,12,76,200,3,2,100,0.0,0,0.3,0.0,0.15,1.0,0.7,1.0,1.0,0.25,1.0,0.25
hete_0.15,0.9578408125725781,0.05979573259798943,1.0,-0.7050534477244521,13,77,200,3,2,100,0.0,0,0.3,0.0,0.15,1.0,0.7,1.0,1.0,0.25,1.0,0.25
hete_0.15,1.0168962949565012,0.08832800589188176,1.0,0.19129034767504227,14,78,200,3,2,100,0.0,0,0.3,0.0,0.15,1.0,0.7,1.0,1.0,0.25,1.0,0.25
hete_0.15,0.9217294352740784,0.0759710396907554,1.0,-1.0302684423502244,15,79,200,3,2,100,0.0,0,0.3,0.0,0.15,1.0,0.7,1.0,1.0,0.25,1.0,0.25
hete_0.15,0.9138845287848659,0.08126655651240856,1.0,-1.0596667917384335,16,80,200,3,2,100,0.0,0,0.3,0.0,0.15,1.0,0.7,1.0,1.0,0.25,1.0,0.25
hete_0.15,0.8546811539808185,0.06616450132098928,1.0,-2.196326475947945,17,81,200,3,2,100,0.0,0,0.3,0.0,0.15,1.0,0.7,1.0,1.0,0.25,1.0,0.25
hete_0.15,1.0454333497412034,0.09119027210873878,1.0,0.4982258380260881,18,82,200,3,2,100,0.0,0,0.3,0.0,0.15,1.0,0.7,1.0,1.0,0.25,1.0,0.25
hete_0.15,0.9672842240505343,0.07877214618404574,1.0,-0.4153216274319549,19,83,200,3,2,100,0.0,0,0.3,0.0,0.15,1.0,0.7,1.0,1.0,0.25,1.0,0.25
hete_0.15,1.0999384906376335,0.06609316153331876,1.0,1.5120851888323226,20,84,200,3,2,100,0.0,0,0.3,0.0,0.15,1.0,0.7,1.0,1.0,0.25,1.0,0.25
hete_0.15,0.9888747678823933,0.06938618068743664,1.0,-0.16033786565832878,21,85,200,3,2,100,0.0,0,0.3,0.0,0.15,1.0,0.7,1.0,1.0,0.25,1.0,0.25
hete_0.15,0.8911485001593453,0.0726719470451712,1.0,-1.4978475775940763,22,86,200,3,2,100,0.0,0,0.3,0.0,0.15,1.0,0.7,1.0,1.0,0.25,1.0,0.25
hete_0.15,0.9584149698687174,0.06731565210632018,1.0,-0.6177616769663321,23,87,200,3,2,100,0.0,0,0.3,0.0,0.15,1.0,0.7,1.0,1.0,0.25,1.0,0.25
hete_0.15,0.9468523138220957,0.0795771428791009,1.0,-0.6678762802360216,24,88,200,3,2,100,0.0,0,0.3,0.0,0.15,1.0,0.7,1.0,1.0,0.25,1.0,0.25
hete_0.15,0.9658891110991036,0.07430231870586551,1.0,-0.45908242831463164,25,89,200,3,2,100,0.0,0,0.3,0.0,0.15,1.0,0.7,1.0,1.0,0.25,1.0,0.25
hete_0.15,0.8647292895805319,0.07697986415337894,1.0,-1.7572219944419138,26,90,200,3,2,100,0.0,0,0.3,0.0,0.15,1.0,0.7,1.0,1.0,0.25,1.0,0.25
hete_0.15,1.1002319886966976,0.06863009387469081,1.0,1.4604670201924468,27,91,200,3,2,100,0.0,0,0.3,0.0,0.15,1.0,0.7,1.0,1.0,0.25,1.0,0.25
hete_0.15,0.8699025146123511,0.0735746073816711,1.0,-1.768238934837439,28,92,200,3,2,100,0.0,0,0.3,0.0,0.15,1.0,0.7,1.0,1.0,0.25,1.0,0.25
hete_0.15,1.0245356494111053,0.0692918024159899,1.0,0.35409166099918654,29,93,200,3,2,100,0.0,0,0.3,0.0,0.15,1.0,0.7,1.0,1.0,0.25,1.0,0.25
hete_0.15,1.163171840237199,0.06768823906178295,1.0,2.410637985252693,30,94,200,3,2,100,0.0,0,0.3,0.0,0.15,1.0,0.7,1.0,1.0,0.25,1.0,0.25
hete_0.15,0.8602825062527147,0.07310476487030085,1.0,-1.9111954466328658,31,95,200,3,2,100,0.0,0,0.3,0.0,0.15,1.0,0.7,1.0,1.0,0.25,1.0,0.25
hete_0.15,0.9441686201471847,0.07292963582853379,1.0,-0.7655513320275102,32,96,200,3,2,100,0.0,0,0.3,0.0,0.15,1.0,0.7,1.0,1.0,0.25,1.0,0.25
hete_0.15,0.9157178956349625,0.06566055080679817,1.0,-1.2836033711174917,33,97,200,3,2,100,0.0,0,0.3,0.0,0.15,1.0,0.7,1.0,1.0,0.25,1.0,0.25
hete_0.15,1.120545393507979,0.06773503731387315,1.0,1.779660841543369,34,98,200,3,2,100,0.0,0,0.3,0.0,0.15,1.0,0.7,1.0,1.0,0.25,1.0,0.25
hete_0.15,1.1548868480251628,0.06808322146906481,1.0,2.274963561992131,35,99,200,3,2,100,0.0,0,0.3,0.0,0.15,1.0,0.7,1.0,1.0,0.25,1.0,0.25
hete_0.15,1.0487898900615098,0.06728829913355312,1.0,0.7250872839670405,36,100,200,3,2,100,0.0,0,0.3,0.0,0.15,1.0,0.7,1.0,1.0,0.25,1.0,0.25
hete_0.15,1.0947187217688334,0.07406595547003747,1.0,1.2788429065382247,37,101,200,3,2,100,0.0,0,0.3,0.0,0.15,1.0,0.7,1.0,1.0,0.25,1.0,0.25
hete_0.15,0.9827607884170213,0.061687795088325746,1.0,-0.2794590333192371,38,102,200,3,2,100,0.0,0,0.3,0.0,0.15,1.0,0.7,1.0,1.0,0.25,1.0,0.25
hete_0.15,0.9585682393423759,0.07694986688084207,1.0,-0.5384253714406259,39,103,200,3,2,100,0.0,0,0.3,0.0,0.15,1.0,0.7,1.0,1.0,0.25,1.0,0.25
hete_0.15,0.9187043095386378,0.06494706880530737,1.0,-1.251722240230168,40,104,200,3,2,100,0.0,0,0.3,0.0,0.15,1.0,0.7,1.0,1.0,0.25,1.0,0.25
hete_0.15,0.8889124949527824,0.07152723055879277,1.0,-1.5530799134730622,41,105,200,3,2,100,0.0,0,0.3,0.0,0.15,1.0,0.7,1.0,1.0,0.25,1.0,0.25
hete_0.15,0.9494144610433553,0.07849785607882227,1.0,-0.6444193699487811,42,106,200,3,2,100,0.0,0,0.3,0.0,0.15,1.0,0.7,1.0,1.0,0.25,1.0,0.25
hete_0.15,0.9834607162786304,0.07493002025946999,1.0,-0.22072973774859328,43,107,200,3,2,100,0.0,0,0.3,0.0,0.15,1.0,0.7,1.0,1.0,0.25,1.0,0.25
hete_0.15,1.027244986791397,0.07568949209535618,1.0,0.3599573208533746,44,108,200,3,2,100,0.0,0,0.3,0.0,0.15,1.0,0.7,1.0,1.0,0.25,1.0,0.25
hete_0.15,0.891384531727544,0.07596698543305985,1.0,-1.4297719944167746,45,109,200,3,2,100,0.0,0,0.3,0.0,0.15,1.0,0.7,1.0,1.0,0.25,1.0,0.25
hete_0.15,1.0095599874428267,0.060062443911988984,1.0,0.15916747338545204,46,110,200,3,2,100,0.0,0,0.3,0.0,0.15,1.0,0.7,1.0,1.0,0.25,1.0,0.25
hete_0.15,1.100006785872519,0.07719587754636978,1.0,1.2954938663978182,47,111,200,3,2,100,0.0,0,0.3,0.0,0.15,1.0,0.7,1.0,1.0,0.25,1.0,0.25
hete_0.15,0.9361612007678146,0.07711875030442816,1.0,-0.8277986738656962,48,112,200,3,2,100,0.0,0,0.3,0.0,0.15,1.0,0.7,1.0,1.0,0.25,1.0,0.25
hete_0.15,1.1204780137406372,0.07638751473716728,1.0,1.5771950973293953,49,113,200,3,2,100,0.0,0,0.3,0.0,0.15,1.0,0.7,1.0,1.0,0.25,1.0,0.25
hete_0.15,0.9840258249857549,0.06111787175421376,1.0,-0.2613666764851609,50,114,200,3,2,100,0.0,0,0.3,0.0,0.15,1.0,0.7,1.0,1.0,0.25,1.0,0.25
hete_0.15,0.9048393536488999,0.08238052701359402,1.0,-1.1551351976104398,51,115,200,3,2,100,0.0,0,0.3,0.0,0.15,1.0,0.7,1.0,1.0,0.25,1.0,0.25
hete_0.15,0.9193402235596697,0.08293471698747057,1.0,-0.9725695024981641,52,116,200,3,2,100,0.0,0,0.3,0.0,0.15,1.0,0.7,1.0,1.0,0.25,1.0,0.25
hete_0.15,1.2611626304057058,0.07123643259692272,1.0,3.666138531717933,53,117,200,3,2,100,0.0,0,0.3,0.0,0.15,1.0,0.7,1.0,1.0,0.25,1.0,0.25
hete_0.15,0.9366211799065356,0.062269228275045184,1.0,-1.017819264011401,54,118,200,3,2,100,0.0,0,0.3,0.0,0.15,1.0,0.7,1.0,1.0,0.25,1.0,0.25
hete_0.15,0.9510072619212044,0.07890370406616275,1.0,-0.6209181008500426,55,119,200,3,2,100,0.0,0,0.3,0.0,0.15,1.0,0.7,1.0,1.0,0.25,1.0,0.25
hete_0.15,1.0945373799909925,0.07194196594241242,1.0,1.3140783512458796,56,120,200,3,2,100,0.0,0,0.3,0.0,0.15,1.0,0.7,1.0,1.0,0.25,1.0,0.25
hete_0.15,0.9191404746052726,0.07433652034344675,1.0,-1.0877496689533397,57,121,200,3,2,100,0.0,0,0.3,0.0,0.15,1.0,0.7,1.0,1.0,0.25,1.0,0.25
hete_0.15,0.9995926392926711,0.07005731946430797,1.0,-0.005814677330560421,58,122,200,3,2,100,0.0,0,0.3,0.0,0.15,1.0,0.7,1.0,1.0,0.25,1.0,0.25
hete_0.15,1.014031287637511,0.08455317284480561,1.0,0.16594631715671965,59,123,200,3,2,100,0.0,0,0.3,0.0,0.15,1.0,0.7,1.0,1.0,0.25,1.0,0.25
hete_0.15,0.843907005321552,0.09452849871104295,1.0,-1.6512797389874654,60,124,200,3,2,100,0.0,0,0.3,0.0,0.15,1.0,0.7,1.0,1.0,0.25,1.0,0.25
hete_0.15,1.007978968053274,0.06257790112183435,1.0,0.12750456487410133,61,125,200,3,2,100,0.0,0,0.3,0.0,0.15,1.0,0.7,1.0,1.0,0.25,1.0,0.25
hete_0.15,0.8742919346202193,0.07084728430961384,1.0,-1.7743526319289333,62,126,200,3,2,100,0.0,0,0.3,0.0,0.15,1.0,0.7,1.0,1.0,0.25,1.0,0.25
hete_0.15,0.8743440031838241,0.08968692044237508,1.0,-1.4010515267598176,63,127,200,3,2,100,0.0,0,0.3,0.0,0.15,1.0,0.7,1.0,1.0,0.25,1.0,0.25
hete_0.15,0.9004778438401516,0.06669525063149244,1.0,-1.4921925507069855,64,128,200,3,2,100,0.0,0,0.3,0.0,0.15,1.0,0.7,1.0,1.0,0.25,1.0,0.25
hete_0.15,0.8517250701540244,0.06988015850251163,1.0,-2.121845929136613,65,129,200,3,2,100,0.0,0,0.3,0.0,0.15,1.0,0.7,1.0,1.0,0.25,1.0,0.25
hete_0.15,1.0075349098224389,0.07429801192897263,1.0,0.10141468966413383,66,130,200,3,2,100,0.0,0,0.3,0.0,0.15,1.0,0.7,1.0,1.0,0.25,1.0,0.25
hete_0.15,0.8963487287646912,0.08201673247846773,1.0,-1.2637820125609236,67,131,200,3,2,100,0.0,0,0.3,0.0,0.15,1.0,0.7,1.0,1.0,0.25,1.0,0.25
hete_0.15,1.079026310950183,0.06275884978825558,1.0,1.2592058525102483,68,132,200,3,2,100,0.0,0,0.3,0.0,0.15,1.0,0.7,1.0,1.0,0.25,1.0,0.25
hete_0.15,0.8974037963272039,0.07247985121146538,1.0,-1.4155134421215076,69,133,200,3,2,100,0.0,0,0.3,0.0,0.15,1.0,0.7,1.0,1.0,0.25,1.0,0.25
hete_0.15,0.9950986396316698,0.0781493636665626,1.0,-0.06271785384258148,70,134,200,3,2,100,0.0,0,0.3,0.0,0.15,1.0,0.7,1.0,1.0,0.25,1.0,0.25
hete_0.15,1.0108977783597712,0.07954455236366172,1.0,0.13700219607684488,71,135,200,3,2,100,0.0,0,0.3,0.0,0.15,1.0,0.7,1.0,1.0,0.25,1.0,0.25
hete_0.15,0.8775441881797056,0.06015550458666571,1.0,-2.03565430398598,72,136,200,3,2,100,0.0,0,0.3,0.0,0.15,1.0,0.7,1.0,1.0,0.25,1.0,0.25
hete_0.15,0.8628625952576078,0.06915455989188514,1.0,-1.983056575832311,73,137,200,3,2,100,0.0,0,0.3,0.0,0.15,1.0,0.7,1.0,1.0,0.25,1.0,0.25
hete_0.15,0.9363421549016441,0.06314461194882195,1.0,-1.0081279009197164,74,138,200,3,2,100,0.0,0,0.3,0.0,0.15,1.0,0.7,1.0,1.0,0.25,1.0,0.25
hete_0.15,0.9736739134852503,0.07414201105560626,1.0,-0.35507650979422695,75,139,200,3,2,100,0.0,0,0.3,0.0,0.15,1.0,0.7,1.0,1.0,0.25,1.0,0.25
hete_0.15,1.0255703364678623,0.07691419499627641,1.0,0.33245276075632396,76,140,200,3,2,100,0.0,0,0.3,0.0,0.15,1.0,0.7,1.0,1.0,0.25,1.0,0.25
hete_0.15,0.914364058264514,0.07049190283146789,1.0,-1.214833736865134,77,141,200,3,2,100,0.0,0,0.3,0.0,0.15,1.0,0.7,1.0,1.0,0.25,1.0,0.25
hete_0.15,1.0265747015624618,0.07186400718983246,1.0,0.3697915354520009,78,142,200,3,2,100,0.0,0,0.3,0.0,0.15,1.0,0.7,1.0,1.0,0.25,1.0,0.25
hete_0.15,1.0624760038479295,0.08336606845170182,1.0,0.7494176588659092,79,143,200,3,2,100,0.0,0,0.3,0.0,0.15,1.0,0.7,1.0,1.0,0.25,1.0,0.25
hete_0.15,1.0425386679488169,0.0648653095484088,1.0,0.655799968349344,80,144,200,3,2,100,0.0,0,0.3,0.0,0.15,1.0,0.7,1.0,1.0,0.25,1.0,0.25
hete_0.15,0.9291102166696253,0.07839975596040315,1.0,-0.9042092346075477,81,145,200,3,2,100,0.0,0,0.3,0.0,0.15,1.0,0.7,1.0,1.0,0.25,1.0,0.25
hete_0.15,0.9073887617067246,0.0826759590765529,1.0,-1.120171320994572,82,146,200,3,2,100,0.0,0,0.3,0.0,0.15,1.0,0.7,1.0,1.0,0.25,1.0,0.25
hete_0.15,1.0205998432152599,0.0720902588225964,1.0,0.2857507179430869,83,147,200,3,2,100,0.0,0,0.3,0.0,0.15,1.0,0.7,1.0,1.0,0.25,1.0,0.25
hete_0.15,1.049030234065388,0.08485951411662768,1.0,0.5777812255441719,84,148,200,3,2,100,0.0,0,0.3,0.0,0.15,1.0,0.7,1.0,1.0,0.25,1.0,0.25
hete_0.15,0.9768892558209249,0.07317496780158836,1.0,-0.31582855276054467,85,149,200,3,2,100,0.0,0,0.3,0.0,0.15,1.0,0.7,1.0,1.0,0.25,1.0,0.25
hete_0.15,1.0411365016332954,0.06188999549902823,1.0,0.6646712655511716,86,150,200,3,2,100,0.0,0,0.3,0.0,0.15,1.0,0.7,1.0,1.0,0.25,1.0,0.25
hete_0.15,0.930796702662449,0.06622764850993798,1.0,-1.0449306127359563,87,151,200,3,2,100,0.0,0,0.3,0.0,0.15,1.0,0.7,1.0,1.0,0.25,1.0,0.25
hete_0.15,1.0447562288192676,0.07429156574113446,1.0,0.6024402416718281,88,152,200,3,2,100,0.0,0,0.3,0.0,0.15,1.0,0.7,1.0,1.0,0.25,1.0,0.25
hete_0.15,0.9102440083769269,0.07542812735581468,1.0,-1.1899538642881862,89,153,200,3,2,100,0.0,0,0.3,0.0,0.15,1.0,0.7,1.0,1.0,0.25,1.0,0.25
hete_0.15,1.0128795186349397,0.09203387172963902,1.0,0.13994324473031994,90,154,200,3,2,100,0.0,0,0.3,0.0,0.15,1.0,0.7,1.0,1.0,0.25,1.0,0.25
hete_0.15,0.938197864708221,0.0713453850911782,1.0,-0.8662387232586514,91,155,200,3,2,100,0.0,0,0.3,0.0,0.15,1.0,0.7,1.0,1.0,0.25,1.0,0.25
hete_0.15,0.847238704961561,0.08238417496928478,1.0,-1.8542553238579242,92,156,200,3,2,100,0.0,0,0.3,0.0,0.15,1.0,0.7,1.0,1.0,0.25,1.0,0.25
hete_0.15,0.9458468435842148,0.08329888987397288,1.0,-0.6501065800242509,93,157,200,3,2,100,0.0,0,0.3,0.0,0.15,1.0,0.7,1.0,1.0,0.25,1.0,0.25
hete_0.15,0.9453010591024901,0.06748076499882844,1.0,-0.8105856668705458,94,158,200,3,2,100,0.0,0,0.3,0.0,0.15,1.0,0.7,1.0,1.0,0.25,1.0,0.25
hete_0.15,0.9157276137022061,0.07945658647890555,1.0,-1.0606091959433324,95,159,200,3,2,100,0.0,0,0.3,0.0,0.15,1.0,0.7,1.0,1.0,0.25,1.0,0.25
hete_0.15,1.1734194959347286,0.08974779693957056,1.0,1.9322980824977385,96,160,200,3,2,100,0.0,0,0.3,0.0,0.15,1.0,0.7,1.0,1.0,0.25,1.0,0.25
hete_0.15,0.9075010210167244,0.0656035653788872,1.0,-1.4099687791213253,97,161,200,3,2,100,0.0,0,0.3,0.0,0.15,1.0,0.7,1.0,1.0,0.25,1.0,0.25
hete_0.15,1.3076267303583164,0.06908233377610574,1.0,4.453044845811487,98,162,200,3,2,100,0.0,0,0.3,0.0,0.15,1.0,0.7,1.0,1.0,0.25,1.0,0.25
hete_0.15,0.9904389622156982,0.07762063485410241,1.0,-0.12317649555782421,99,163,200,3,2,100,0.0,0,0.3,0.0,0.15,1.0,0.7,1.0,1.0,0.25,1.0,0.25
hete_0.3,1.0515705373298614,0.07820687722826854,1.0,0.6594117954529551,0,65,200,3,2,100,0.0,0,0.3,0.0,0.3,1.0,0.7,1.0,1.0,0.25,1.0,0.25
hete_0.3,0.9901271906375744,0.09803335308197034,1.0,-0.10070867773104224,1,66,200,3,2,100,0.0,0,0.3,0.0,0.3,1.0,0.7,1.0,1.0,0.25,1.0,0.25
hete_0.3,0.8176283325431961,0.07183971827627945,1.0,-2.5385910723569842,2,67,200,3,2,100,0.0,0,0.3,0.0,0.3,1.0,0.7,1.0,1.0,0.25,1.0,0.25
hete_0.3,1.0434426912730204,0.07762071064214503,1.0,0.5596791231827846,3,68,200,3,2,100,0.0,0,0.3,0.0,0.3,1.0,0.7,1.0,1.0,0.25,1.0,0.25
hete_0.3,1.1590138786187152,0.10677657052066555,1.0,1.4892206955451863,4,69,200,3,2,100,0.0,0,0.3,0.0,0.3,1.0,0.7,1.0,1.0,0.25,1.0,0.25
hete_0.3,0.8687292467002852,0.10744549153835867,1.0,-1.2217427778516923,5,70,200,3,2,100,0.0,0,0.3,0.0,0.3,1.0,0.7,1.0,1.0,0.25,1.0,0.25
hete_0.3,1.0620121270839478,0.09847687320428071,1.0,0.6297125920652419,6,71,200,3,2,100,0.0,0,0.3,0.0,0.3,1.0,0.7,1.0,1.0,0.25,1.0,0.25
hete_0.3,1.036078865314385,0.07270281134023411,1.0,0.4962513092587777,7,72,200,3,2,100,0.0,0,0.3,0.0,0.3,1.0,0.7,1.0,1.0,0.25,1.0,0.25
hete_0.3,0.9924168556341287,0.0909340790588738,1.0,-0.0833916661866854,8,73,200,3,2,100,0.0,0,0.3,0.0,0.3,1.0,0.7,1.0,1.0,0.25,1.0,0.25
hete_0.3,1.0568736861804433,0.08891964156205372,1.0,0.6396076860111191,9,74,200,3,2,100,0.0,0,0.3,0.0,0.3,1.0,0.7,1.0,1.0,0.25,1.0,0.25
hete_0.3,0.9091889415249654,0.062051355721448376,1.0,-1.4634822627033313,10,75,200,3,2,100,0.0,0,0.3,0.0,0.3,1.0,0.7,1.0,1.0,0.25,1.0,0.25
hete_0.3,0.9828278749401664,0.09017756165963481,1.0,-0.19042569729982103,11,76,200,3,2,100,0.0,0,0.3,0.0,0.3,1.0,0.7,1.0,1.0,0.25,1.0,0.25
hete_0.3,0.9695214680901575,0.06491801338336237,1.0,-0.46949267732295946,12,77,200,3,2,100,0.0,0,0.3,0.0,0.3,1.0,0.7,1.0,1.0,0.25,1.0,0.25
hete_0.3,1.022782761637895,0.09523456769355004,1.0,0.23922785801061672,13,78,200,3,2,100,0.0,0,0.3,0.0,0.3,1.0,0.7,1.0,1.0,0.25,1.0,0.25
hete_0.3,0.9125047331362505,0.08749153509271348,1.0,-1.0000426529381625,14,79,200,3,2,100,0.0,0,0.3,0.0,0.3,1.0,0.7,1.0,1.0,0.25,1.0,0.25
hete_0.3,0.9400233217650905,0.08668381477783979,1.0,-0.6919016933971182,15,80,200,3,2,100,0.0,0,0.3,0.0,0.3,1.0,0.7,1.0,1.0,0.25,1.0,0.25
hete_0.3,0.8376746661224665,0.07027822131546231,1.0,-2.3097530193442637,16,81,200,3,2,100,0.0,0,0.3,0.0,0.3,1.0,0.7,1.0,1.0,0.25,1.0,0.25
hete_0.3,1.0526297148768013,0.09757143356855899,1.0,0.5393967573492794,17,82,200,3,2,100,0.0,0,0.3,0.0,0.3,1.0,0.7,1.0,1.0,0.25,1.0,0.25
hete_0.3,0.956030141208924,0.08342063307039149,1.0,-0.527086131724433,18,83,200,3,2,100,0.0,0,0.3,0.0,0.3,1.0,0.7,1.0,1.0,0.25,1.0,0.25
hete_0.3,1.1169237530685971,0.07394062290300005,1.0,1.5813195572072076,19,84,200,3,2,100,0.0,0,0.3,0.0,0.3,1.0,0.7,1.0,1.0,0.25,1.0,0.25
hete_0.3,0.9789091796957933,0.07785324696898598,1.0,-0.27090482575002395,20,85,200,3,2,100,0.0,0,0.3,0.0,0.3,1.0,0.7,1.0,1.0,0.25,1.0,0.25
hete_0.3,0.9146596297330997,0.0851685931393557,1.0,-1.0020169069514107,21,86,200,3,2,100,0.0,0,0.3,0.0,0.3,1.0,0.7,1.0,1.0,0.25,1.0,0.25
hete_0.3,0.9996297573925874,0.07422012917170645,1.0,-0.004988439275766256,22,87,200,3,2,100,0.0,0,0.3,0.0,0.3,1.0,0.7,1.0,1.0,0.25,1.0,0.25
hete_0.3,0.9345731244923042,0.08404290260251279,1.0,-0.7784937630859453,23,88,200,3,2,100,0.0,0,0.3,0.0,0.3,1.0,0.7,1.0,1.0,0.25,1.0,0.25
hete_0.3,0.968833923061326,0.08595880851742839,1.0,-0.3625699038435951,24,89,200,3,2,100,0.0,0,0.3,0.0,0.3,1.0,0.7,1.0,1.0,0.25,1.0,0.25
hete_0.3,0.8597266583265646,0.08356914000533862,1.0,-1.6785303960825058,25,90,200,3,2,100,0.0,0,0.3,0.0,0.3,1.0,0.7,1.0,1.0,0.25,1.0,0.25
hete_0.3,1.0869414419687364,0.06919085388613339,1.0,1.2565452958828198,26,91,200,3,2,100,0.0,0,0.3,0.0,0.3,1.0,0.7,1.0,1.0,0.25,1.0,0.25
hete_0.3,0.8460194980294017,0.08110771469740312,1.0,-1.8984692460522306,27,92,200,3,2,100,0.0,0,0.3,0.0,0.3,1.0,0.7,1.0,1.0,0.25,1.0,0.25
hete_0.3,1.0058652805279475,0.07806129662372696,1.0,0.07513685759307229,28,93,200,3,2,100,0.0,0,0.3,0.0,0.3,1.0,0.7,1.0,1.0,0.25,1.0,0.25
hete_0.3,1.173719936426139,0.07024325579272067,1.0,2.4731190840408295,29,94,200,3,2,100,0.0,0,0.3,0.0,0.3,1.0,0.7,1.0,1.0,0.25,1.0,0.25
hete_0.3,0.8284456580203975,0.08137182036180755,1.0,-2.1082770573008194,30,95,200,3,2,100,0.0,0,0.3,0.0,0.3,1.0,0.7,1.0,1.0,0.25,1.0,0.25
hete_0.3,0.9135508781567272,0.08114463494239244,1.0,-1.065370765481245,31,96,200,3,2,100,0.0,0,0.3,0.0,0.3,1.0,0.7,1.0,1.0,0.25,1.0,0.25
hete_0.3,0.896892830785571,0.06959735490008317,1.0,-1.4814811477024359,32,97,200,3,2,100,0.0,0,0.3,0.0,0.3,1.0,0.7,1.0,1.0,0.25,1.0,0.25
hete_0.3,1.1543871685870255,0.07327873079524357,1.0,2.10684828887684,33,98,200,3,2,100,0.0,0,0.3,0.0,0.3,1.0,0.7,1.0,1.0,0.25,1.0,0.25
hete_0.3,1.1873575209312808,0.07388855990311963,1.0,2.535676986761389,34,99,200,3,2,100,0.0,0,0.3,0.0,0.3,1.0,0.7,1.0,1.0,0.25,1.0,0.25
hete_0.3,1.0680555906637532,0.07580544006715459,1.0,0.8977665798584386,35,100,200,3,2,100,0.0,0,0.3,0.0,0.3,1.0,0.7,1.0,1.0,0.25,1.0,0.25
hete_0.3,1.0692682102760829,0.07657698067246849,1.0,0.9045565608332569,36,101,200,3,2,100,0.0,0,0.3,0.0,0.3,1.0,0.7,1.0,1.0,0.25,1.0,0.25
hete_0.3,0.971550262546087,0.06912899638218768,1.0,-0.4115456457175411,37,102,200,3,2,100,0.0,0,0.3,0.0,0.3,1.0,0.7,1.0,1.0,0.25,1.0,0.25
hete_0.3,0.9775177638563409,0.0850947157579603,1.0,-0.264202494166695,38,103,200,3,2,100,0.0,0,0.3,0.0,0.3,1.0,0.7,1.0,1.0,0.25,1.0,0.25
hete_0.3,0.9410257323702321,0.06948413640185035,1.0,-0.848744341999153,39,104,200,3,2,100,0.0,0,0.3,0.0,0.3,1.0,0.7,1.0,1.0,0.25,1.0,0.25
hete_0.3,0.8776127728830374,0.07999803354328114,1.0,-1.5298779444465687,40,105,200,3,2,100,0.0,0,0.3,0.0,0.3,1.0,0.7,1.0,1.0,0.25,1.0,0.25
hete_0.3,0.9253379487166971,0.08266445068862098,1.0,-0.9031941863926328,41,106,200,3,2,100,0.0,0,0.3,0.0,0.3,1.0,0.7,1.0,1.0,0.25,1.0,0.25
hete_0.3,1.03545848210552,0.07748864513475337,1.0,0.45759584573788015,42,107,200,3,2,100,0.0,0,0.3,0.0,0.3,1.0,0.7,1.0,1.0,0.25,1.0,0.25
hete_0.3,1.0523638019771047,0.08031800557472943,1.0,0.6519559543642349,43,108,200,3,2,100,0.0,0,0.3,0.0,0.3,1.0,0.7,1.0,1.0,0.25,1.0,0.25
hete_0.3,0.9237699855673516,0.08157756508814806,1.0,-0.9344482683477819,44,109,200,3,2,100,0.0,0,0.3,0.0,0.3,1.0,0.7,1.0,1.0,0.25,1.0,0.25
hete_0.3,1.0207860365284298,0.06540937741433091,1.0,0.31778373912294233,45,110,200,3,2,100,0.0,0,0.3,0.0,0.3,1.0,0.7,1.0,1.0,0.25,1.0,0.25
hete_0.3,1.0811442063754892,0.08405988522415071,1.0,0.9653142656466086,46,111,200,3,2,100,0.0,0,0.3,0.0,0.3,1.0,0.7,1.0,1.0,0.25,1.0,0.25
hete_0.3,0.9512406566071914,0.0845036664754359,1.0,-0.577008613075769,47,112,200,3,2,100,0.0,0,0.3,0.0,0.3,1.0,0.7,1.0,1.0,0.25,1.0,0.25
hete_0.3,1.1264934669869466,0.07772360388453542,1.0,1.627478149042892,48,113,200,3,2,100,0.0,0,0.3,0.0,0.3,1.0,0.7,1.0,1.0,0.25,1.0,0.25
hete_0.3,1.0298938411207437,0.06856865827374065,1.0,0.4359694629199409,49,114,200,3,2,100,0.0,0,0.3,0.0,0.3,1.0,0.7,1.0,1.0,0.25,1.0,0.25
hete_0.3,0.8796617952235184,0.08522745661122239,1.0,-1.4119652229612116,50,115,200,3,2,100,0.0,0,0.3,0.0,0.3,1.0,0.7,1.0,1.0,0.25,1.0,0.25
hete_0.3,0.9024638649456842,0.0906229661221685,1.0,-1.0762849554364362,51,116,200,3,2,100,0.0,0,0.3,0.0,0.3,1.0,0.7,1.0,1.0,0.25,1.0,0.25
hete_0.3,1.2916810868106101,0.07250174735078317,1.0,4.023090442212071,52,117,200,3,2,100,0.0,0,0.3,0.0,0.3,1.0,0.7,1.0,1.0,0.25,1.0,0.25
hete_0.3,0.9183513189598753,0.07860338239934903,1.0,-1.038742590303606,53,118,200,3,2,100,0.0,0,0.3,0.0,0.3,1.0,0.7,1.0,1.0,0.25,1.0,0.25
hete_0.3,0.9635442771114956,0.08250963988160694,1.0,-0.441835922939607,54,119,200,3,2,100,0.0,0,0.3,0.0,0.3,1.0,0.7,1.0,1.0,0.25,1.0,0.25
hete_0.3,1.1290580044471392,0.08183324000596066,1.0,1.5770853559963989,55,120,200,3,2,100,0.0,0,0.3,0.0,0.3,1.0,0.7,1.0,1.0,0.25,1.0,0.25
hete_0.3,0.8967469047421677,0.07512004971411282,1.0,-1.374507813170871,56,121,200,3,2,100,0.0,0,0.3,0.0,0.3,1.0,0.7,1.0,1.0,0.25,1.0,0.25
hete_0.3,0.9980490600993165,0.07542031803511233,1.0,-0.025867563960354056,57,122,200,3,2,100,0.0,0,0.3,0.0,0.3,1.0,0.7,1.0,1.0,0.25,1.0,0.25
hete_0.3,1.037844565014117,0.08827694974558949,1.0,0.42870268086044555,58,123,200,3,2,100,0.0,0,0.3,0.0,0.3,1.0,0.7,1.0,1.0,0.25,1.0,0.25
hete_0.3,0.8529426356087032,0.09948482976365232,1.0,-1.4781888328166546,59,124,200,3,2,100,0.0,0,0.3,0.0,0.3,1.0,0.7,1.0,1.0,0.25,1.0,0.25
hete_0.3,1.0301745953156747,0.07616035702569467,1.0,0.39619818622297814,60,125,200,3,2,100,0.0,0,0.3,0.0,0.3,1.0,0.7,1.0,1.0,0.25,1.0,0.25
hete_0.3,0.8702805299659181,0.08600909005586752,1.0,-1.5082065157278395,61,126,200,3,2,100,0.0,0,0.3,0.0,0.3,1.0,0.7,1.0,1.0,0.25,1.0,0.25
hete_0.3,0.822336396419346,0.08982365995913308,1.0,-1.9779154363280826,62,127,200,3,2,100,0.0,0,0.3,0.0,0.3,1.0,0.7,1.0,1.0,0.25,1.0,0.25
hete_0.3,0.8865100906350842,0.07602858715191844,1.0,-1.4927267968052995,63,128,200,3,2,100,0.0,0,0.3,0.0,0.3,1.0,0.7,1.0,1.0,0.25,1.0,0.25
hete_0.3,0.8868802397363109,0.06945059042425408,1.0,-1.6287803972964428,64,129,200,3,2,100,0.0,0,0.3,0.0,0.3,1.0,0.7,1.0,1.0,0.25,1.0,0.25
hete_0.3,0.9754000025442062,0.08096488433340077,1.0,-0.3038353930636747,65,130,200,3,2,100,0.0,0,0.3,0.0,0.3,1.0,0.7,1.0,1.0,0.25,1.0,0.25
hete_0.3,0.895143551747714,0.0853486624034445,1.0,-1.2285658064168352,66,131,200,3,2,100,0.0,0,0.3,0.0,0.3,1.0,0.7,1.0,1.0,0.25,1.0,0.25
hete_0.3,1.073896536058444,0.06420323713554395,1.0,1.1509783517992387,67,132,200,3,2,100,0.0,0,0.3,0.0,0.3,1.0,0.7,1.0,1.0,0.25,1.0,0.25
hete_0.3,0.8442282439354671,0.10834732995353946,1.0,-1.4377073817262458,68,133,200,3,2,100,0.0,0,0.3,0.0,0.3,1.0,0.7,1.0,1.0,0.25,1.0,0.25
hete_0.3,0.9944200213937275,0.09031141588428467,1.0,-0.06178597192432512,69,134,200,3,2,100,0.0,0,0.3,0.0,0.3,1.0,0.7,1.0,1.0,0.25,1.0,0.25
hete_0.3,1.0093848832372505,0.08538766341194243,1.0,0.10990912342892294,70,135,200,3,2,100,0.0,0,0.3,0.0,0.3,1.0,0.7,1.0,1.0,0.25,1.0,0.25
hete_0.3,0.8625592505497883,0.06640904497177198,1.0,-2.069608883980076,71,136,200,3,2,100,0.0,0,0.3,0.0,0.3,1.0,0.7,1.0,1.0,0.25,1.0,0.25
hete_0.3,0.8225213659118784,0.07302603070457535,1.0,-2.430347540127248,72,137,200,3,2,100,0.0,0,0.3,0.0,0.3,1.0,0.7,1.0,1.0,0.25,1.0,0.25
hete_0.3,0.9029064340060085,0.07411640705597433,1.0,-1.3100144738622364,73,138,200,3,2,100,0.0,0,0.3,0.0,0.3,1.0,0.7,1.0,1.0,0.25,1.0,0.25
hete_0.3,1.0097310403669484,0.08215825814207685,1.0,0.11844263239028789,74,139,200,3,2,100,0.0,0,0.3,0.0,0.3,1.0,0.7,1.0,1.0,0.25,1.0,0.25
hete_0.3,1.0313569823572721,0.08532503840933506,1.0,0.3675003602909776,75,140,200,3,2,100,0.0,0,0.3,0.0,0.3,1.0,0.7,1.0,1.0,0.25,1.0,0.25
hete_0.3,0.885235824681631,0.07697926858975014,1.0,-1.4908452291225065,76,141,200,3,2,100,0.0,0,0.3,0.0,0.3,1.0,0.7,1.0,1.0,0.25,1.0,0.25
hete_0.3,0.9990384465458602,0.07644656028179746,1.0,-0.012578112744319176,77,142,200,3,2,100,0.0,0,0.3,0.0,0.3,1.0,0.7,1.0,1.0,0.25,1.0,0.25
hete_0.3,1.0618269760972052,0.09466789732700667,1.0,0.653093370011582,78,143,200,3,2,100,0.0,0,0.3,0.0,0.3,1.0,0.7,1.0,1.0,0.25,1.0,0.25
hete_0.3,1.0512028136830103,0.07496433232935874,1.0,0.6830290098236145,79,144,200,3,2,100,0.0,0,0.3,0.0,0.3,1.0,0.7,1.0,1.0,0.25,1.0,0.25
hete_0.3,0.9358902418404332,0.08501674645757608,1.0,-0.7540838814804324,80,145,200,3,2,100,0.0,0,0.3,0.0,0.3,1.0,0.7,1.0,1.0,0.25,1.0,0.25
hete_0.3,0.9216134356912224,0.08594109943069785,1.0,-0.9120963639985522,81,146,200,3,2,100,0.0,0,0.3,0.0,0.3,1.0,0.7,1.0,1.0,0.25,1.0,0.25
hete_0.3,1.026390350210112,0.07542112468364051,1.0,0.3499066119844833,82,147,200,3,2,100,0.0,0,0.3,0.0,0.3,1.0,0.7,1.0,1.0,0.25,1.0,0.25
hete_0.3,1.071972844760196,0.08636310001997469,1.0,0.8333749569382009,83,148,200,3,2,100,0.0,0,0.3,0.0,0.3,1.0,0.7,1.0,1.0,0.25,1.0,0.25
hete_0.3,1.0336367209781374,0.0784681155121459,1.0,0.4286673734751647,84,149,200,3,2,100,0.0,0,0.3,0.0,0.3,1.0,0.7,1.0,1.0,0.25,1.0,0.25
hete_0.3,1.0365241137650836,0.06899242252626933,1.0,0.5293931192396785,85,150,200,3,2,100,0.0,0,0.3,0.0,0.3,1.0,0.7,1.0,1.0,0.25,1.0,0.25
hete_0.3,0.9595964464327915,0.07003091244940238,1.0,-0.5769388424918812,86,151,200,3,2,100,0.0,0,0.3,0.0,0.3,1.0,0.7,1.0,1.0,0.25,1.0,0.25
hete_0.3,1.0626083409919609,0.08071895319868419,1.0,0.7756337082054908,87,152,200,3,2,100,0.0,0,0.3,0.0,0.3,1.0,0.7,1.0,1.0,0.25,1.0,0.25
hete_0.3,0.9334662382461515,0.08277929624769406,1.0,-0.803748820897978,88,153,200,3,2,100,0.0,0,0.3,0.0,0.3,1.0,0.7,1.0,1.0,0.25,1.0,0.25
hete_0.3,1.0017628271709091,0.10168482696032467,1.0,0.01733618695734184,89,154,200,3,2,100,0.0,0,0.3,0.0,0.3,1.0,0.7,1.0,1.0,0.25,1.0,0.25
hete_0.3,0.9542323032193466,0.08085647081543806,1.0,-0.5660362902200141,90,155,200,3,2,100,0.0,0,0.3,0.0,0.3,1.0,0.7,1.0,1.0,0.25,1.0,0.25
hete_0.3,0.9120744383093192,0.08663563062352464,1.0,-1.0148891519328986,91,156,200,3,2,100,0.0,0,0.3,0.0,0.3,1.0,0.7,1.0,1.0,0.25,1.0,0.25
hete_0.3,0.9170051760448196,0.09632323863120484,1.0,-0.8616282543503833,92,157,200,3,2,100,0.0,0,0.3,0.0,0.3,1.0,0.7,1.0,1.0,0.25,1.0,0.25
hete_0.3,0.9386201614342653,0.07656887468795312,1.0,-0.8016291060287951,93,158,200,3,2,100,0.0,0,0.3,0.0,0.3,1.0,0.7,1.0,1.0,0.25,1.0,0.25
hete_0.3,0.8836462388088707,0.09237695520225774,1.0,-1.2595539757331766,94,159,200,3,2,100,0.0,0,0.3,0.0,0.3,1.0,0.7,1.0,1.0,0.25,1.0,0.25
hete_0.3,1.2049666462353952,0.09879068684105485,1.0,2.0747567689772994,95,160,200,3,2,100,0.0,0,0.3,0.0,0.3,1.0,0.7,1.0,1.0,0.25,1.0,0.25
hete_0.3,0.8871664369501415,0.06916586445078256,1.0,-1.6313475432689666,96,161,200,3,2,100,0.0,0,0.3,0.0,0.3,1.0,0.7,1.0,1.0,0.25,1.0,0.25
hete_0.3,1.3095553292381068,0.07585366750297216,1.0,4.0809540188149445,97,162,200,3,2,100,0.0,0,0.3,0.0,0.3,1.0,0.7,1.0,1.0,0.25,1.0,0.25
hete_0.3,0.9364021792128828,0.08811457238418548,1.0,-0.7217628034308149,98,163,200,3,2,100,0.0,0,0.3,0.0,0.3,1.0,0.7,1.0,1.0,0.25,1.0,0.25
hete_0.3,0.8793612190205219,0.08306894287989415,1.0,-1.4522729770848846,99,164,200,3,2,100,0.0,0,0.3,0.0,0.3,1.0,0.7,1.0,1.0,0.25,1.0,0.25
hete_0.5,0.971485311353355,0.11939379721256893,1.0,-0.23882889490378942,0,66,200,3,2,100,0.0,0,0.3,0.0,0.5,1.0,0.7,1.0,1.0,0.25,1.0,0.25
hete_0.5,0.807197293910723,0.08229576750928451,1.0,-2.342802211152903,1,67,200,3,2,100,0.0,0,0.3,0.0,0.5,1.0,0.7,1.0,1.0,0.25,1.0,0.25
hete_0.5,1.032803502538041,0.09141313552275146,1.0,0.3588488935474351,2,68,200,3,2,100,0.0,0,0.3,0.0,0.5,1.0,0.7,1.0,1.0,0.25,1.0,0.25
hete_0.5,1.2001609658557464,0.12654592900504763,1.0,1.5817258400130945,3,69,200,3,2,100,0.0,0,0.3,0.0,0.5,1.0,0.7,1.0,1.0,0.25,1.0,0.25
hete_0.5,0.8584507515901305,0.1321723600454396,1.0,-1.0709443968557888,4,70,200,3,2,100,0.0,0,0.3,0.0,0.5,1.0,0.7,1.0,1.0,0.25,1.0,0.25
hete_0.5,1.0521641063165572,0.13029115493093776,1.0,0.4003656759678534,5,71,200,3,2,100,0.0,0,0.3,0.0,0.5,1.0,0.7,1.0,1.0,0.25,1.0,0.25
hete_0.5,1.0379525757464396,0.08862042468124609,1.0,0.4282599173153271,6,72,200,3,2,100,0.0,0,0.3,0.0,0.5,1.0,0.7,1.0,1.0,0.25,1.0,0.25
hete_0.5,1.0463400721209757,0.11166717848316508,1.0,0.41498381843651494,7,73,200,3,2,100,0.0,0,0.3,0.0,0.5,1.0,0.7,1.0,1.0,0.25,1.0,0.25
hete_0.5,1.0659512088998246,0.10155407236699218,1.0,0.6494196378604367,8,74,200,3,2,100,0.0,0,0.3,0.0,0.5,1.0,0.7,1.0,1.0,0.25,1.0,0.25
hete_0.5,0.9092770936643506,0.07516409004024568,1.0,-1.2069979998038016,9,75,200,3,2,100,0.0,0,0.3,0.0,0.5,1.0,0.7,1.0,1.0,0.25,1.0,0.25
hete_0.5,0.9929311866580456,0.10339935297509666,1.0,-0.06836419318462189,10,76,200,3,2,100,0.0,0,0.3,0.0,0.5,1.0,0.7,1.0,1.0,0.25,1.0,0.25
hete_0.5,0.9676010412884581,0.08074856833354926,1.0,-0.4012326085796471,11,77,200,3,2,100,0.0,0,0.3,0.0,0.5,1.0,0.7,1.0,1.0,0.25,1.0,0.25
hete_0.5,1.0336559505513485,0.11466334912265562,1.0,0.2935196888008798,12,78,200,3,2,100,0.0,0,0.3,0.0,0.5,1.0,0.7,1.0,1.0,0.25,1.0,0.25
hete_0.5,0.9293281029211505,0.10978545854006187,1.0,-0.6437273024920741,13,79,200,3,2,100,0.0,0,0.3,0.0,0.5,1.0,0.7,1.0,1.0,0.25,1.0,0.25
hete_0.5,0.9716455434897315,0.09511600685844099,1.0,-0.29810394114281696,14,80,200,3,2,100,0.0,0,0.3,0.0,0.5,1.0,0.7,1.0,1.0,0.25,1.0,0.25
hete_0.5,0.8248920978924094,0.07932425388171413,1.0,-2.2074951044444253,15,81,200,3,2,100,0.0,0,0.3,0.0,0.5,1.0,0.7,1.0,1.0,0.25,1.0,0.25
hete_0.5,1.0586470193097468,0.10496547604168834,1.0,0.5587267501788342,16,82,200,3,2,100,0.0,0,0.3,0.0,0.5,1.0,0.7,1.0,1.0,0.25,1.0,0.25
hete_0.5,0.9653844647913796,0.08896814081350364,1.0,-0.3890778754293852,17,83,200,3,2,100,0.0,0,0.3,0.0,0.5,1.0,0.7,1.0,1.0,0.25,1.0,0.25
hete_0.5,1.126066855624413,0.09116550748163854,1.0,1.382835011912855,18,84,200,3,2,100,0.0,0,0.3,0.0,0.5,1.0,0.7,1.0,1.0,0.25,1.0,0.25
hete_0.5,0.9765451927943548,0.09334832364743852,1.0,-0.2512611505936646,19,85,200,3,2,100,0.0,0,0.3,0.0,0.5,1.0,0.7,1.0,1.0,0.25,1.0,0.25
hete_0.5,0.9428313603235421,0.0991818624420835,1.0,-0.5764021593145733,20,86,200,3,2,100,0.0,0,0.3,0.0,0.5,1.0,0.7,1.0,1.0,0.25,1.0,0.25
hete_0.5,1.0270582170292766,0.08866411670443362,1.0,0.3051766377989929,21,87,200,3,2,100,0.0,0,0.3,0.0,0.5,1.0,0.7,1.0,1.0,0.25,1.0,0.25
hete_0.5,0.930190062012924,0.0931964992816963,1.0,-0.7490618051657507,22,88,200,3,2,100,0.0,0,0.3,0.0,0.5,1.0,0.7,1.0,1.0,0.25,1.0,0.25
hete_0.5,0.9870053142273801,0.10774787055530997,1.0,-0.12060271544716357,23,89,200,3,2,100,0.0,0,0.3,0.0,0.5,1.0,0.7,1.0,1.0,0.25,1.0,0.25
hete_0.5,0.8622509248416538,0.09876296201806954,1.0,-1.3947442679285362,24,90,200,3,2,100,0.0,0,0.3,0.0,0.5,1.0,0.7,1.0,1.0,0.25,1.0,0.25
hete_0.5,1.0690612894553946,0.07150391005562687,1.0,0.965839342235522,25,91,200,3,2,100,0.0,0,0.3,0.0,0.5,1.0,0.7,1.0,1.0,0.25,1.0,0.25
hete_0.5,0.7978299819433335,0.09947431476258982,1.0,-2.032384123873335,26,92,200,3,2,100,0.0,0,0.3,0.0,0.5,1.0,0.7,1.0,1.0,0.25,1.0,0.25
hete_0.5,1.0014022818758952,0.0969758868844172,1.0,0.014460108805878051,27,93,200,3,2,100,0.0,0,0.3,0.0,0.5,1.0,0.7,1.0,1.0,0.25,1.0,0.25
hete_0.5,1.1882525539036137,0.07447262136671583,1.0,2.5278088839739667,28,94,200,3,2,100,0.0,0,0.3,0.0,0.5,1.0,0.7,1.0,1.0,0.25,1.0,0.25
hete_0.5,0.7943326084732274,0.10116273475319297,1.0,-2.033035109504898,29,95,200,3,2,100,0.0,0,0.3,0.0,0.5,1.0,0.7,1.0,1.0,0.25,1.0,0.25
hete_0.5,0.8448662786892026,0.09480560660958572,1.0,-1.6363348841766912,30,96,200,3,2,100,0.0,0,0.3,0.0,0.5,1.0,0.7,1.0,1.0,0.25,1.0,0.25
hete_0.5,0.863005718326389,0.08058702792498154,1.0,-1.6999545113034695,31,97,200,3,2,100,0.0,0,0.3,0.0,0.5,1.0,0.7,1.0,1.0,0.25,1.0,0.25
hete_0.5,1.2283789146495585,0.0883233652550421,1.0,2.585713463137333,32,98,200,3,2,100,0.0,0,0.3,0.0,0.5,1.0,0.7,1.0,1.0,0.25,1.0,0.25
hete_0.5,1.2306508837477648,0.09104813663740857,1.0,2.5332850541061838,33,99,200,3,2,100,0.0,0,0.3,0.0,0.5,1.0,0.7,1.0,1.0,0.25,1.0,0.25
hete_0.5,1.1076600070847986,0.09031118893506584,1.0,1.192100429130732,34,100,200,3,2,100,0.0,0,0.3,0.0,0.5,1.0,0.7,1.0,1.0,0.25,1.0,0.25
hete_0.5,1.0275195736108726,0.08600496506673941,1.0,0.3199765686727226,35,101,200,3,2,100,0.0,0,0.3,0.0,0.5,1.0,0.7,1.0,1.0,0.25,1.0,0.25
hete_0.5,0.9440917600163317,0.08286647629845684,1.0,-0.6746786213318144,36,102,200,3,2,100,0.0,0,0.3,0.0,0.5,1.0,0.7,1.0,1.0,0.25,1.0,0.25
hete_0.5,1.0226574287189276,0.10552388772302299,1.0,0.21471374119951295,37,103,200,3,2,100,0.0,0,0.3,0.0,0.5,1.0,0.7,1.0,1.0,0.25,1.0,0.25
hete_0.5,0.9675831277054653,0.08669775398088966,1.0,-0.37390671391187597,38,104,200,3,2,100,0.0,0,0.3,0.0,0.5,1.0,0.7,1.0,1.0,0.25,1.0,0.25
hete_0.5,0.9160404868411681,0.0969930722762859,1.0,-0.8656238140356275,39,105,200,3,2,100,0.0,0,0.3,0.0,0.5,1.0,0.7,1.0,1.0,0.25,1.0,0.25
hete_0.5,0.8953577678652259,0.09441149133029082,1.0,-1.1083633004873512,40,106,200,3,2,100,0.0,0,0.3,0.0,0.5,1.0,0.7,1.0,1.0,0.25,1.0,0.25
hete_0.5,1.107424710208593,0.08734717582441329,1.0,1.2298589988134236,41,107,200,3,2,100,0.0,0,0.3,0.0,0.5,1.0,0.7,1.0,1.0,0.25,1.0,0.25
hete_0.5,1.0757722945816695,0.09016756876158982,1.0,0.8403497579270146,42,108,200,3,2,100,0.0,0,0.3,0.0,0.5,1.0,0.7,1.0,1.0,0.25,1.0,0.25
hete_0.5,0.9428933577608842,0.09136812821944294,1.0,-0.6250170967928792,43,109,200,3,2,100,0.0,0,0.3,0.0,0.5,1.0,0.7,1.0,1.0,0.25,1.0,0.25
hete_0.5,1.0399591634715948,0.07722366838424292,1.0,0.5174471027816161,44,110,200,3,2,100,0.0,0,0.3,0.0,0.5,1.0,0.7,1.0,1.0,0.25,1.0,0.25
hete_0.5,1.0803706183306985,0.10152789890041092,1.0,0.7916111650210973,45,111,200,3,2,100,0.0,0,0.3,0.0,0.5,1.0,0.7,1.0,1.0,0.25,1.0,0.25
hete_0.5,0.9520566305806855,0.09692005670924739,1.0,-0.4946692258253718,46,112,200,3,2,100,0.0,0,0.3,0.0,0.5,1.0,0.7,1.0,1.0,0.25,1.0,0.25
hete_0.5,1.1331006689133858,0.08575733737904774,1.0,1.5520615842476586,47,113,200,3,2,100,0.0,0,0.3,0.0,0.5,1.0,0.7,1.0,1.0,0.25,1.0,0.25
hete_0.5,1.077023834682668,0.07997728456621901,1.0,0.9630713908384111,48,114,200,3,2,100,0.0,0,0.3,0.0,0.5,1.0,0.7,1.0,1.0,0.25,1.0,0.25
hete_0.5,0.8601884746905744,0.09568129494640659,1.0,-1.4612210817980407,49,115,200,3,2,100,0.0,0,0.3,0.0,0.5,1.0,0.7,1.0,1.0,0.25,1.0,0.25
hete_0.5,0.8891325641713355,0.10521600978148858,1.0,-1.0537126057043293,50,116,200,3,2,100,0.0,0,0.3,0.0,0.5,1.0,0.7,1.0,1.0,0.25,1.0,0.25
hete_0.5,1.3303966074579374,0.08498433848710622,1.0,3.8877352385117994,51,117,200,3,2,100,0.0,0,0.3,0.0,0.5,1.0,0.7,1.0,1.0,0.25,1.0,0.25
hete_0.5,0.8878020911472116,0.10856286785493868,1.0,-1.0334832808829884,52,118,200,3,2,100,0.0,0,0.3,0.0,0.5,1.0,0.7,1.0,1.0,0.25,1.0,0.25
hete_0.5,0.9368796965692984,0.09713872696207825,1.0,-0.6497954565056532,53,119,200,3,2,100,0.0,0,0.3,0.0,0.5,1.0,0.7,1.0,1.0,0.25,1.0,0.25
hete_0.5,1.1475695772851044,0.10162378265928003,1.0,1.4521165560218277,54,120,200,3,2,100,0.0,0,0.3,0.0,0.5,1.0,0.7,1.0,1.0,0.25,1.0,0.25
hete_0.5,0.8611529134838443,0.0828653522251342,1.0,-1.6755746857736942,55,121,200,3,2,100,0.0,0,0.3,0.0,0.5,1.0,0.7,1.0,1.0,0.25,1.0,0.25
hete_0.5,0.9821052328214159,0.08751289474270976,1.0,-0.20448149076996208,56,122,200,3,2,100,0.0,0,0.3,0.0,0.5,1.0,0.7,1.0,1.0,0.25,1.0,0.25
hete_0.5,1.0735855883144025,0.0993511472014362,1.0,0.7406616872295039,57,123,200,3,2,100,0.0,0,0.3,0.0,0.5,1.0,0.7,1.0,1.0,0.25,1.0,0.25
hete_0.5,0.8832053673652142,0.1095526818274853,1.0,-1.0661047332342313,58,124,200,3,2,100,0.0,0,0.3,0.0,0.5,1.0,0.7,1.0,1.0,0.25,1.0,0.25
hete_0.5,1.087015135889649,0.10188693889148397,1.0,0.8540362173636952,59,125,200,3,2,100,0.0,0,0.3,0.0,0.5,1.0,0.7,1.0,1.0,0.25,1.0,0.25
hete_0.5,0.8588796845563222,0.10998306240909354,1.0,-1.283109529345218,60,126,200,3,2,100,0.0,0,0.3,0.0,0.5,1.0,0.7,1.0,1.0,0.25,1.0,0.25
hete_0.5,0.7667841684658324,0.09807575407037945,1.0,-2.3779152528035747,61,127,200,3,2,100,0.0,0,0.3,0.0,0.5,1.0,0.7,1.0,1.0,0.25,1.0,0.25
hete_0.5,0.8469923405259762,0.09828023120171193,1.0,-1.556850829542601,62,128,200,3,2,100,0.0,0,0.3,0.0,0.5,1.0,0.7,1.0,1.0,0.25,1.0,0.25
hete_0.5,0.9300410213704291,0.0759044655726582,1.0,-0.9216714471509441,63,129,200,3,2,100,0.0,0,0.3,0.0,0.5,1.0,0.7,1.0,1.0,0.25,1.0,0.25
hete_0.5,0.9563759295222115,0.09674439616392617,1.0,-0.45092090299339666,64,130,200,3,2,100,0.0,0,0.3,0.0,0.5,1.0,0.7,1.0,1.0,0.25,1.0,0.25
hete_0.5,0.8774848001780601,0.09234611595293649,1.0,-1.3266957527956984,65,131,200,3,2,100,0.0,0,0.3,0.0,0.5,1.0,0.7,1.0,1.0,0.25,1.0,0.25
hete_0.5,1.085850774238558,0.07215437271027841,1.0,1.189820810767418,66,132,200,3,2,100,0.0,0,0.3,0.0,0.5,1.0,0.7,1.0,1.0,0.25,1.0,0.25
hete_0.5,0.8006151409530472,0.15589191418292664,1.0,-1.2789942319457999,67,133,200,3,2,100,0.0,0,0.3,0.0,0.5,1.0,0.7,1.0,1.0,0.25,1.0,0.25
hete_0.5,0.9804537853783237,0.10997423258728808,1.0,-0.17773449436132385,68,134,200,3,2,100,0.0,0,0.3,0.0,0.5,1.0,0.7,1.0,1.0,0.25,1.0,0.25
hete_0.5,1.005798685541016,0.09757112778437609,1.0,0.05943034248646308,69,135,200,3,2,100,0.0,0,0.3,0.0,0.5,1.0,0.7,1.0,1.0,0.25,1.0,0.25
hete_0.5,0.8434725292518677,0.08524822779227803,1.0,-1.8361375339032084,70,136,200,3,2,100,0.0,0,0.3,0.0,0.5,1.0,0.7,1.0,1.0,0.25,1.0,0.25
hete_0.5,0.7965482102117981,0.08302630137778763,1.0,-2.450449874461494,71,137,200,3,2,100,0.0,0,0.3,0.0,0.5,1.0,0.7,1.0,1.0,0.25,1.0,0.25
hete_0.5,0.8665718436533275,0.09191593084430352,1.0,-1.451632542052874,72,138,200,3,2,100,0.0,0,0.3,0.0,0.5,1.0,0.7,1.0,1.0,0.25,1.0,0.25
hete_0.5,1.0430099051565496,0.09670708670464603,1.0,0.44474408879575184,73,139,200,3,2,100,0.0,0,0.3,0.0,0.5,1.0,0.7,1.0,1.0,0.25,1.0,0.25
hete_0.5,1.047961199121323,0.10328589361853735,1.0,0.46435381871658626,74,140,200,3,2,100,0.0,0,0.3,0.0,0.5,1.0,0.7,1.0,1.0,0.25,1.0,0.25
hete_0.5,0.8690808954539835,0.09923919421585582,1.0,-1.3192278069212606,75,141,200,3,2,100,0.0,0,0.3,0.0,0.5,1.0,0.7,1.0,1.0,0.25,1.0,0.25
hete_0.5,0.9755094744188408,0.0887985561802623,1.0,-0.27579869126974377,76,142,200,3,2,100,0.0,0,0.3,0.0,0.5,1.0,0.7,1.0,1.0,0.25,1.0,0.25
hete_0.5,1.0584426081916705,0.11369366670460862,1.0,0.5140357408254955,77,143,200,3,2,100,0.0,0,0.3,0.0,0.5,1.0,0.7,1.0,1.0,0.25,1.0,0.25
hete_0.5,1.0779487245207844,0.09826922272628348,1.0,0.7932160483033505,78,144,200,3,2,100,0.0,0,0.3,0.0,0.5,1.0,0.7,1.0,1.0,0.25,1.0,0.25
hete_0.5,0.9364916457199471,0.09680566419939965,1.0,-0.6560396522794243,79,145,200,3,2,100,0.0,0,0.3,0.0,0.5,1.0,0.7,1.0,1.0,0.25,1.0,0.25
hete_0.5,0.9221366644631166,0.0948482941334201,1.0,-0.820924996577751,80,146,200,3,2,100,0.0,0,0.3,0.0,0.5,1.0,0.7,1.0,1.0,0.25,1.0,0.25
hete_0.5,1.0263658372258935,0.08606160227341444,1.0,0.3063600552326485,81,147,200,3,2,100,0.0,0,0.3,0.0,0.5,1.0,0.7,1.0,1.0,0.25,1.0,0.25
hete_0.5,1.0712505960013878,0.09860830427654628,1.0,0.72256182198982,82,148,200,3,2,100,0.0,0,0.3,0.0,0.5,1.0,0.7,1.0,1.0,0.25,1.0,0.25
hete_0.5,1.1098871231554468,0.09004540102559702,1.0,1.2203524211548507,83,149,200,3,2,100,0.0,0,0.3,0.0,0.5,1.0,0.7,1.0,1.0,0.25,1.0,0.25
hete_0.5,1.0638949549520307,0.08138197308170952,1.0,0.7851241808536462,84,150,200,3,2,100,0.0,0,0.3,0.0,0.5,1.0,0.7,1.0,1.0,0.25,1.0,0.25
hete_0.5,1.0259682229586267,0.08083648912077983,1.0,0.32124382492449527,85,151,200,3,2,100,0.0,0,0.3,0.0,0.5,1.0,0.7,1.0,1.0,0.25,1.0,0.25
hete_0.5,1.100058107486532,0.09554548356146281,1.0,1.0472301123701613,86,152,200,3,2,100,0.0,0,0.3,0.0,0.5,1.0,0.7,1.0,1.0,0.25,1.0,0.25
hete_0.5,0.9607635265182071,0.09827405808376717,1.0,-0.39925565552964565,87,153,200,3,2,100,0.0,0,0.3,0.0,0.5,1.0,0.7,1.0,1.0,0.25,1.0,0.25
hete_0.5,0.9899501037653327,0.12095942288153723,1.0,-0.08308485602241841,88,154,200,3,2,100,0.0,0,0.3,0.0,0.5,1.0,0.7,1.0,1.0,0.25,1.0,0.25
hete_0.5,0.9555065808107219,0.09650983415731777,1.0,-0.461024719167486,89,155,200,3,2,100,0.0,0,0.3,0.0,0.5,1.0,0.7,1.0,1.0,0.25,1.0,0.25
hete_0.5,0.9876687783231622,0.10243652949142307,1.0,-0.12037914343701228,90,156,200,3,2,100,0.0,0,0.3,0.0,0.5,1.0,0.7,1.0,1.0,0.25,1.0,0.25
hete_0.5,0.8789067705511997,0.11936591109847747,1.0,-1.0144707842836116,91,157,200,3,2,100,0.0,0,0.3,0.0,0.5,1.0,0.7,1.0,1.0,0.25,1.0,0.25
hete_0.5,0.9203797917264659,0.09626628201215186,1.0,-0.8270830306241963,92,158,200,3,2,100,0.0,0,0.3,0.0,0.5,1.0,0.7,1.0,1.0,0.25,1.0,0.25
hete_0.5,0.8729573778019477,0.11143764150400678,1.0,-1.1400333000899379,93,159,200,3,2,100,0.0,0,0.3,0.0,0.5,1.0,0.7,1.0,1.0,0.25,1.0,0.25
hete_0.5,1.224995849092425,0.11977140561321561,1.0,1.8785439474511685,94,160,200,3,2,100,0.0,0,0.3,0.0,0.5,1.0,0.7,1.0,1.0,0.25,1.0,0.25
hete_0.5,0.8777279985225905,0.07752897630654396,1.0,-1.5771135813009427,95,161,200,3,2,100,0.0,0,0.3,0.0,0.5,1.0,0.7,1.0,1.0,0.25,1.0,0.25
hete_0.5,1.3302964349279984,0.09110860201283885,1.0,3.6253046104412148,96,162,200,3,2,100,0.0,0,0.3,0.0,0.5,1.0,0.7,1.0,1.0,0.25,1.0,0.25
hete_0.5,0.8897316796805458,0.11403150751533474,1.0,-0.9669987069549664,97,163,200,3,2,100,0.0,0,0.3,0.0,0.5,1.0,0.7,1.0,1.0,0.25,1.0,0.25
hete_0.5,0.8712235385671381,0.09215997598666115,1.0,-1.3973143987309686,98,164,200,3,2,100,0.0,0,0.3,0.0,0.5,1.0,0.7,1.0,1.0,0.25,1.0,0.25
hete_0.5,0.9177122190124622,0.08732968094894615,1.0,-0.9422659065437792,99,165,200,3,2,100,0.0,0,0.3,0.0,0.5,1.0,0.7,1.0,1.0,0.25,1.0,0.25
noise_0.5,0.9130441201179433,0.03518560331093686,1.0,-2.4713482703031517,0,67,200,3,2,100,0.0,0,0.3,0.0,0.0,0.5,0.7,1.0,1.0,0.25,1.0,0.25
noise_0.5,1.0461554616373188,0.03687148811552702,1.0,1.2517927535960274,1,68,200,3,2,100,0.0,0,0.3,0.0,0.0,0.5,0.7,1.0,1.0,0.25,1.0,0.25
noise_0.5,1.0610602791344752,0.044245783307333524,1.0,1.3800248197742893,2,69,200,3,2,100,0.0,0,0.3,0.0,0.0,0.5,0.7,1.0,1.0,0.25,1.0,0.25
noise_0.5,0.9402903050407685,0.04192905537444218,1.0,-1.4240648740116264,3,70,200,3,2,100,0.0,0,0.3,0.0,0.0,0.5,0.7,1.0,1.0,0.25,1.0,0.25
noise_0.5,1.0472979013219197,0.03687787288991286,1.0,1.282555028678376,4,71,200,3,2,100,0.0,0,0.3,0.0,0.0,0.5,0.7,1.0,1.0,0.25,1.0,0.25
noise_0.5,1.0198316795903353,0.03596880504929214,1.0,0.5513577546754103,5,72,200,3,2,100,0.0,0,0.3,0.0,0.0,0.5,0.7,1.0,1.0,0.25,1.0,0.25
noise_0.5,0.966391687595156,0.04129215581243877,1.0,-0.813915179374574,6,73,200,3,2,100,0.0,0,0.3,0.0,0.0,0.5,0.7,1.0,1.0,0.25,1.0,0.25
noise_0.5,1.0277586975596036,0.037709049706910525,1.0,0.7361282709417244,7,74,200,3,2,100,0.0,0,0.3,0.0,0.0,0.5,0.7,1.0,1.0,0.25,1.0,0.25
noise_0.5,0.9510233593038643,0.029209822169726684,1.0,-1.6767182084009926,8,75,200,3,2,100,0.0,0,0.3,0.0,0.0,0.5,0.7,1.0,1.0,0.25,1.0,0.25
noise_0.5,0.9975045329385693,0.04296778099339495,1.0,-0.05807763407224295,9,76,200,3,2,100,0.0,0,0.3,0.0,0.0,0.5,0.7,1.0,1.0,0.25,1.0,0.25
noise_0.5,0.9717993262452359,0.02958101577564486,1.0,-0.9533368958202831,10,77,200,3,2,100,0.0,0,0.3,0.0,0.0,0.5,0.7,1.0,1.0,0.25,1.0,0.25
noise_0.5,1.0025275874488828,0.04721589571686009,1.0,0.05353255319013791,11,78,200,3,2,100,0.0,0,0.3,0.0,0.0,0.5,0.7,1.0,1.0,0.25,1.0,0.25
noise_0.5,0.9483941956333808,0.0355095223018486,1.0,-1.4532948071771905,12,79,200,3,2,100,0.0,0,0.3,0.0,0.0,0.5,0.7,1.0,1.0,0.25,1.0,0.25
noise_0.5,0.9590152841383872,0.0428029875866633,1.0,-0.9575199810207393,13,80,200,3,2,100,0.0,0,0.3,0.0,0.0,0.5,0.7,1.0,1.0,0.25,1.0,0.25
noise_0.5,0.9282823650838821,0.03415039224817048,1.0,-2.100053035846463,14,81,200,3,2,100,0.0,0,0.3,0.0,0.0,0.5,0.7,1.0,1.0,0.25,1.0,0.25
noise_0.5,1.0333932631794294,0.044485278166042246,1.0,0.7506587472554022,15,82,200,3,2,100,0.0,0,0.3,0.0,0.0,0.5,0.7,1.0,1.0,0.25,1.0,0.25
noise_0.5,0.9787443473058391,0.040134664868237906,1.0,-0.5296083264664887,16,83,200,3,2,100,0.0,0,0.3,0.0,0.0,0.5,0.7,1.0,1.0,0.25,1.0,0.25
noise_0.5,1.0468575017427384,0.03275441820189831,1.0,1.4305704181313386,17,84,200,3,2,100,0.0,0,0.3,0.0,0.0,0.5,0.7,1.0,1.0,0.25,1.0,0.25
noise_0.5,0.9953981060686207,0.03171535434169512,1.0,-0.14509987439520342,18,85,200,3,2,100,0.0,0,0.3,0.0,0.0,0.5,0.7,1.0,1.0,0.25,1.0,0.25
noise_0.5,0.9379960044247235,0.034133303032823574,1.0,-1.8165249204172134,19,86,200,3,2,100,0.0,0,0.3,0.0,0.0,0.5,0.7,1.0,1.0,0.25,1.0,0.25
noise_0.5,0.9702935141594188,0.03622069950378609,1.0,-0.8201521850089076,20,87,200,3,2,100,0.0,0,0.3,0.0,0.0,0.5,0.7,1.0,1.0,0.25,1.0,0.25
noise_0.5,0.9903256406599938,0.04013593776117188,1.0,-0.24103982315233902,21,88,200,3,2,100,0.0,0,0.3,0.0,0.0,0.5,0.7,1.0,1.0,0.25,1.0,0.25
noise_0.5,0.9879106272510092,0.036522728661671645,1.0,-0.33100957108053797,22,89,200,3,2,100,0.0,0,0.3,0.0,0.0,0.5,0.7,1.0,1.0,0.25,1.0,0.25
noise_0.5,0.9306901012583915,0.03928493993472561,1.0,-1.7642867433874476,23,90,200,3,2,100,0.0,0,0.3,0.0,0.0,0.5,0.7,1.0,1.0,0.25,1.0,0.25
noise_0.5,1.0454899035905236,0.037094025666751136,1.0,1.226340435497624,24,91,200,3,2,100,0.0,0,0.3,0.0,0.0,0.5,0.7,1.0,1.0,0.25,1.0,0.25
noise_0.5,0.9455333180553025,0.03745507224123552,1.0,-1.4541870749546533,25,92,200,3,2,100,0.0,0,0.3,0.0,0.0,0.5,0.7,1.0,1.0,0.25,1.0,0.25
noise_0.5,1.0098345600762604,0.03345673764095429,1.0,0.2939485667072908,26,93,200,3,2,100,0.0,0,0.3,0.0,0.0,0.5,0.7,1.0,1.0,0.25,1.0,0.25
noise_0.5,1.0730617649227006,0.0359413028417579,1.0,2.0328079158503614,27,94,200,3,2,100,0.0,0,0.3,0.0,0.0,0.5,0.7,1.0,1.0,0.25,1.0,0.25
noise_0.5,0.9578053509660311,0.03651327706344875,1.0,-1.1555974272220937,28,95,200,3,2,100,0.0,0,0.3,0.0,0.0,0.5,0.7,1.0,1.0,0.25,1.0,0.25
noise_0.5,0.9928368920558117,0.03743978089468678,1.0,-0.19132344722681932,29,96,200,3,2,100,0.0,0,0.3,0.0,0.0,0.5,0.7,1.0,1.0,0.25,1.0,0.25
noise_0.5,0.9588531428013295,0.034977659900208555,1.0,-1.1763753583305088,30,97,200,3,2,100,0.0,0,0.3,0.0,0.0,0.5,0.7,1.0,1.0,0.25,1.0,0.25
noise_0.5,1.0253279710746077,0.03358104059396061,1.0,0.7542342532161683,31,98,200,3,2,100,0.0,0,0.3,0.0,0.0,0.5,0.7,1.0,1.0,0.25,1.0,0.25
noise_0.5,1.072266953906623,0.03364830579505658,1.0,2.1477144896026243,32,99,200,3,2,100,0.0,0,0.3,0.0,0.0,0.5,0.7,1.0,1.0,0.25,1.0,0.25
noise_0.5,1.0152001806121878,0.03353895406584432,1.0,0.4532097388113674,33,100,200,3,2,100,0.0,0,0.3,0.0,0.0,0.5,0.7,1.0,1.0,0.25,1.0,0.25
noise_0.5,1.0604519695886112,0.03675708393606271,1.0,1.6446345334076198,34,101,200,3,2,100,0.0,0,0.3,0.0,0.0,0.5,0.7,1.0,1.0,0.25,1.0,0.25
noise_0.5,0.9995968284060045,0.03189922342672318,1.0,-0.012638915643875748,35,102,200,3,2,100,0.0,0,0.3,0.0,0.0,0.5,0.7,1.0,1.0,0.25,1.0,0.25
noise_0.5,0.9449803401206447,0.03699141951998184,1.0,-1.4873627612380504,36,103,200,3,2,100,0.0,0,0.3,0.0,0.0,0.5,0.7,1.0,1.0,0.25,1.0,0.25
noise_0.5,0.9663012121659877,0.03242284197952089,1.0,-1.039353300839491,37,104,200,3,2,100,0.0,0,0.3,0.0,0.0,0.5,0.7,1.0,1.0,0.25,1.0,0.25
noise_0.5,0.9359434830637631,0.03474839999437904,1.0,-1.8434378833730136,38,105,200,3,2,100,0.0,0,0.3,0.0,0.0,0.5,0.7,1.0,1.0,0.25,1.0,0.25
noise_0.5,0.9589644443650416,0.03964060674718104,1.0,-1.0351898974875449,39,106,200,3,2,100,0.0,0,0.3,0.0,0.0,0.5,0.7,1.0,1.0,0.25,1.0,0.25
noise_0.5,0.9650785617622225,0.0406729644926835,1.0,-0.8585909257747705,40,107,200,3,2,100,0.0,0,0.3,0.0,0.0,0.5,0.7,1.0,1.0,0.25,1.0,0.25
noise_0.5,0.9858367228596525,0.04078580845209834,1.0,-0.3472599337336126,41,108,200,3,2,100,0.0,0,0.3,0.0,0.0,0.5,0.7,1.0,1.0,0.25,1.0,0.25
noise_0.5,0.9221203205001023,0.037757050363560654,1.0,-2.062652637057142,42,109,200,3,2,100,0.0,0,0.3,0.0,0.0,0.5,0.7,1.0,1.0,0.25,1.0,0.25
noise_0.5,1.0111390078687095,0.030575919537860968,1.0,0.36430655355815134,43,110,200,3,2,100,0.0,0,0.3,0.0,0.0,0.5,0.7,1.0,1.0,0.25,1.0,0.25
noise_0.5,1.0495395772205998,0.03843862668113628,1.0,1.2887967520679207,44,111,200,3,2,100,0.0,0,0.3,0.0,0.0,0.5,0.7,1.0,1.0,0.25,1.0,0.25
noise_0.5,0.9863212256793408,0.03999907257926049,1.0,-0.3419772869371893,45,112,200,3,2,100,0.0,0,0.3,0.0,0.0,0.5,0.7,1.0,1.0,0.25,1.0,0.25
noise_0.5,1.0642249729162125,0.03980125960192247,1.0,1.6136417178392606,46,113,200,3,2,100,0.0,0,0.3,0.0,0.0,0.5,0.7,1.0,1.0,0.25,1.0,0.25
noise_0.5,0.9768501874270801,0.03173795714636879,1.0,-0.7294046200313982,47,114,200,3,2,100,0.0,0,0.3,0.0,0.0,0.5,0.7,1.0,1.0,0.25,1.0,0.25
noise_0.5,0.9614401265403948,0.04284676593997206,1.0,-0.8999482834626831,48,115,200,3,2,100,0.0,0,0.3,0.0,0.0,0.5,0.7,1.0,1.0,0.25,1.0,0.25
noise_0.5,0.9550947798324946,0.04013189340109879,1.0,-1.1189409808976505,49,116,200,3,2,100,0.0,0,0.3,0.0,0.0,0.5,0.7,1.0,1.0,0.25,1.0,0.25
noise_0.5,1.122685260295016,0.03645129303939438,1.0,3.3657313654806433,50,117,200,3,2,100,0.0,0,0.3,0.0,0.0,0.5,0.7,1.0,1.0,0.25,1.0,0.25
noise_0.5,0.9771259490506853,0.029700041454794834,1.0,-0.7701689906436775,51,118,200,3,2,100,0.0,0,0.3,0.0,0.0,0.5,0.7,1.0,1.0,0.25,1.0,0.25
noise_0.5,0.996459211593869,0.04469511142707061,1.0,-0.07922093251537293,52,119,200,3,2,100,0.0,0,0.3,0.0,0.0,0.5,0.7,1.0,1.0,0.25,1.0,0.25
noise_0.5,1.0402005124454534,0.035732058237134844,1.0,1.125054486888603,53,120,200,3,2,100,0.0,0,0.3,0.0,0.0,0.5,0.7,1.0,1.0,0.25,1.0,0.25
noise_0.5,0.9683455439499284,0.039712406483987876,1.0,-0.7970923661560197,54,121,200,3,2,100,0.0,0,0.3,0.0,0.0,0.5,0.7,1.0,1.0,0.25,1.0,0.25
noise_0.5,1.0133828115274874,0.035068357068201085,1.0,0.3816207158339494,55,122,200,3,2,100,0.0,0,0.3,0.0,0.0,0.5,0.7,1.0,1.0,0.25,1.0,0.25
noise_0.5,1.0095459274832816,0.04233450330624169,1.0,0.22548811814863598,56,123,200,3,2,100,0.0,0,0.3,0.0,0.0,0.5,0.7,1.0,1.0,0.25,1.0,0.25
noise_0.5,0.9102831082109157,0.05014952190950916,1.0,-1.7889879778110604,57,124,200,3,2,100,0.0,0,0.3,0.0,0.0,0.5,0.7,1.0,1.0,0.25,1.0,0.25
noise_0.5,0.9839833830658405,0.031009620806667,1.0,-0.5165047658601462,58,125,200,3,2,100,0.0,0,0.3,0.0,0.0,0.5,0.7,1.0,1.0,0.25,1.0,0.25
noise_0.5,0.956081183059056,0.033289162402171876,1.0,-1.3193127664299127,59,126,200,3,2,100,0.0,0,0.3,0.0,0.0,0.5,0.7,1.0,1.0,0.25,1.0,0.25
noise_0.5,0.9802256022610979,0.04456639510854726,1.0,-0.4437064674120261,60,127,200,3,2,100,0.0,0,0.3,0.0,0.0,0.5,0.7,1.0,1.0,0.25,1.0,0.25
noise_0.5,0.9611602678034196,0.03209582977076838,1.0,-1.210117715415918,61,128,200,3,2,100,0.0,0,0.3,0.0,0.0,0.5,0.7,1.0,1.0,0.25,1.0,0.25
noise_0.5,0.9170355089064475,0.039181537296808726,1.0,-2.1174383859693493,62,129,200,3,2,100,0.0,0,0.3,0.0,0.0,0.5,0.7,1.0,1.0,0.25,1.0,0.25
noise_0.5,1.0173309211572572,0.03744578179843609,1.0,0.46282706155118986,63,130,200,3,2,100,0.0,0,0.3,0.0,0.0,0.5,0.7,1.0,1.0,0.25,1.0,0.25
noise_0.5,0.9548299814193019,0.04186980614164697,1.0,-1.0788208196590745,64,131,200,3,2,100,0.0,0,0.3,0.0,0.0,0.5,0.7,1.0,1.0,0.25,1.0,0.25
noise_0.5,1.0510217755576725,0.031738743709747275,1.0,1.607554981516273,65,132,200,3,2,100,0.0,0,0.3,0.0,0.0,0.5,0.7,1.0,1.0,0.25,1.0,0.25
noise_0.5,0.9683377211365011,0.02729318254282083,1.0,-1.1600801340709657,66,133,200,3,2,100,0.0,0,0.3,0.0,0.0,0.5,0.7,1.0,1.0,0.25,1.0,0.25
noise_0.5,1.0008510562793493,0.03801926191700455,1.0,0.022384871153132344,67,134,200,3,2,100,0.0,0,0.3,0.0,0.0,0.5,0.7,1.0,1.0,0.25,1.0,0.25
noise_0.5,1.0042023098044013,0.038645261705439256,1.0,0.10874062223803792,68,135,200,3,2,100,0.0,0,0.3,0.0,0.0,0.5,0.7,1.0,1.0,0.25,1.0,0.25
noise_0.5,0.9330442069586548,0.03212374561313756,1.0,-2.0843084068615747,69,136,200,3,2,100,0.0,0,0.3,0.0,0.0,0.5,0.7,1.0,1.0,0.25,1.0,0.25
noise_0.5,0.9284168810152612,0.03676194070872912,1.0,-1.9472072911466665,70,137,200,3,2,100,0.0,0,0.3,0.0,0.0,0.5,0.7,1.0,1.0,0.25,1.0,0.25
noise_0.5,0.9770537528380739,0.0300047266332191,1.0,-0.7647544149434644,71,138,200,3,2,100,0.0,0,0.3,0.0,0.0,0.5,0.7,1.0,1.0,0.25,1.0,0.25
noise_0.5,0.9730091514647441,0.03614121623993907,1.0,-0.7468162763551038,72,139,200,3,2,100,0.0,0,0.3,0.0,0.0,0.5,0.7,1.0,1.0,0.25,1.0,0.25
noise_0.5,1.026673417737214,0.03863172030341099,1.0,0.6904537910225802,73,140,200,3,2,100,0.0,0,0.3,0.0,0.0,0.5,0.7,1.0,1.0,0.25,1.0,0.25
noise_0.5,0.9592407127355244,0.03964114300089702,1.0,-1.0282066605282627,74,141,200,3,2,100,0.0,0,0.3,0.0,0.0,0.5,0.7,1.0,1.0,0.25,1.0,0.25
noise_0.5,1.0065850122321494,0.03602427945067194,1.0,0.18279372502554053,75,142,200,3,2,100,0.0,0,0.3,0.0,0.0,0.5,0.7,1.0,1.0,0.25,1.0,0.25
noise_0.5,1.0222175775634776,0.03723699196627433,1.0,0.5966533919710856,76,143,200,3,2,100,0.0,0,0.3,0.0,0.0,0.5,0.7,1.0,1.0,0.25,1.0,0.25
noise_0.5,1.0171359781967233,0.03531600973730844,1.0,0.4852184129573551,77,144,200,3,2,100,0.0,0,0.3,0.0,0.0,0.5,0.7,1.0,1.0,0.25,1.0,0.25
noise_0.5,0.9823255719179765,0.03670037195515704,1.0,-0.4815871649371635,78,145,200,3,2,100,0.0,0,0.3,0.0,0.0,0.5,0.7,1.0,1.0,0.25,1.0,0.25
noise_0.5,0.9542482075094251,0.040323980745195366,1.0,-1.1346050574638837,79,146,200,3,2,100,0.0,0,0.3,0.0,0.0,0.5,0.7,1.0,1.0,0.25,1.0,0.25
noise_0.5,0.9962845151193096,0.03688709894319385,1.0,-0.1007258631645782,80,147,200,3,2,100,0.0,0,0.3,0.0,0.0,0.5,0.7,1.0,1.0,0.25,1.0,0.25
noise_0.5,1.0066752615497023,0.04507624986293501,1.0,0.14808821874046837,81,148,200,3,2,100,0.0,0,0.3,0.0,0.0,0.5,0.7,1.0,1.0,0.25,1.0,0.25
noise_0.5,0.946243334879189,0.03500439854387742,1.0,-1.5357117207264093,82,149,200,3,2,100,0.0,0,0.3,0.0,0.0,0.5,0.7,1.0,1.0,0.25,1.0,0.25
noise_0.5,1.0336020924233857,0.031097219980307213,1.0,1.0805497226010807,83,150,200,3,2,100,0.0,0,0.3,0.0,0.0,0.5,0.7,1.0,1.0,0.25,1.0,0.25
noise_0.5,0.9604257638791827,0.032526261698326,1.0,-1.21668565812634,84,151,200,3,2,100,0.0,0,0.3,0.0,0.0,0.5,0.7,1.0,1.0,0.25,1.0,0.25
noise_0.5,0.9970038806151569,0.03860742511509157,1.0,-0.07760474509531441,85,152,200,3,2,100,0.0,0,0.3,0.0,0.0,0.5,0.7,1.0,1.0,0.25,1.0,0.25
noise_0.5,0.9596892284266746,0.03840564737933407,1.0,-1.0496053139053836,86,153,200,3,2,100,0.0,0,0.3,0.0,0.0,0.5,0.7,1.0,1.0,0.25,1.0,0.25
noise_0.5,1.0113183221470756,0.0443975796157717,1.0,0.2549310625720445,87,154,200,3,2,100,0.0,0,0.3,0.0,0.0,0.5,0.7,1.0,1.0,0.25,1.0,0.25
noise_0.5,0.9728674686629771,0.03512336677060029,1.0,-0.7724923272370894,88,155,200,3,2,100,0.0,0,0.3,0.0,0.0,0.5,0.7,1.0,1.0,0.25,1.0,0.25
noise_0.5,0.8967458790171416,0.043376786191653346,1.0,-2.380400441071098,89,156,200,3,2,100,0.0,0,0.3,0.0,0.0,0.5,0.7,1.0,1.0,0.25,1.0,0.25
noise_0.5,1.0053453059668387,0.036691869471573914,1.0,0.14568093814298086,90,157,200,3,2,100,0.0,0,0.3,0.0,0.0,0.5,0.7,1.0,1.0,0.25,1.0,0.25
noise_0.5,0.9847061309380087,0.03541974731986724,1.0,-0.4317893327661544,91,158,200,3,2,100,0.0,0,0.3,0.0,0.0,0.5,0.7,1.0,1.0,0.25,1.0,0.25
noise_0.5,0.9589398516068296,0.03665970014239502,1.0,-1.1200350312109206,92,159,200,3,2,100,0.0,0,0.3,0.0,0.0,0.5,0.7,1.0,1.0,0.25,1.0,0.25
noise_0.5,1.0895347147080063,0.042928754043085354,1.0,2.0856583589205737,93,160,200,3,2,100,0.0,0,0.3,0.0,0.0,0.5,0.7,1.0,1.0,0.25,1.0,0.25
noise_0.5,0.9408080408975973,0.035020718918163156,1.0,-1.690198286355092,94,161,200,3,2,100,0.0,0,0.3,0.0,0.0,0.5,0.7,1.0,1.0,0.25,1.0,0.25
noise_0.5,1.1567649511559353,0.036934218454618035,1.0,4.2444366691705175,95,162,200,3,2,100,0.0,0,0.3,0.0,0.0,0.5,0.7,1.0,1.0,0.25,1.0,0.25
noise_0.5,1.0110329090529804,0.0388628821408373,1.0,0.2838932278104753,96,163,200,3,2,100,0.0,0,0.3,0.0,0.0,0.5,0.7,1.0,1.0,0.25,1.0,0.25
noise_0.5,0.9408467917290101,0.036944536495181535,1.0,-1.6011354826093143,97,164,200,3,2,100,0.0,0,0.3,0.0,0.0,0.5,0.7,1.0,1.0,0.25,1.0,0.25
noise_0.5,0.9713598143333843,0.04081475299195639,1.0,-0.7017116010051572,98,165,200,3,2,100,0.0,0,0.3,0.0,0.0,0.5,0.7,1.0,1.0,0.25,1.0,0.25
noise_0.5,0.9058895603953618,0.03883393176495949,1.0,-2.4234074513556108,99,166,200,3,2,100,0.0,0,0.3,0.0,0.0,0.5,0.7,1.0,1.0,0.25,1.0,0.25
noise_1.0,1.0900638901521016,0.06922202225801592,1.0,1.3010872438311665,0,68,200,3,2,100,0.0,0,0.3,0.0,0.0,1.0,0.7,1.0,1.0,0.25,1.0,0.25
noise_1.0,1.0943257832623143,0.08258435830504092,1.0,1.1421749251099613,1,69,200,3,2,100,0.0,0,0.3,0.0,0.0,1.0,0.7,1.0,1.0,0.25,1.0,0.25
noise_1.0,0.8670661361233348,0.08245587201954109,1.0,-1.6121818934273278,2,70,200,3,2,100,0.0,0,0.3,0.0,0.0,1.0,0.7,1.0,1.0,0.25,1.0,0.25
noise_1.0,1.0605565133431418,0.07415629149513307,1.0,0.8166065497910746,3,71,200,3,2,100,0.0,0,0.3,0.0,0.0,1.0,0.7,1.0,1.0,0.25,1.0,0.25
noise_1.0,1.0443903464991167,0.06876764296406812,1.0,0.6455121127579017,4,72,200,3,2,100,0.0,0,0.3,0.0,0.0,1.0,0.7,1.0,1.0,0.25,1.0,0.25
noise_1.0,0.9457541090868746,0.07892214706414655,1.0,-0.6873342012481649,5,73,200,3,2,100,0.0,0,0.3,0.0,0.0,1.0,0.7,1.0,1.0,0.25,1.0,0.25
noise_1.0,1.0438016403823753,0.07657186941057527,1.0,0.5720330549527621,6,74,200,3,2,100,0.0,0,0.3,0.0,0.0,1.0,0.7,1.0,1.0,0.25,1.0,0.25
noise_1.0,0.917957612557173,0.055071637313436735,1.0,-1.4897393911840306,7,75,200,3,2,100,0.0,0,0.3,0.0,0.0,1.0,0.7,1.0,1.0,0.25,1.0,0.25
noise_1.0,1.0007100346235704,0.07966306853518115,1.0,0.008912971049525603,8,76,200,3,2,100,0.0,0,0.3,0.0,0.0,1.0,0.7,1.0,1.0,0.25,1.0,0.25
noise_1.0,0.9530250236020713,0.06097141556714835,1.0,-0.7704426075887109,9,77,200,3,2,100,0.0,0,0.3,0.0,0.0,1.0,0.7,1.0,1.0,0.25,1.0,0.25
noise_1.0,1.0261049378489167,0.08605036789604412,1.0,0.3033681143635964,10,78,200,3,2,100,0.0,0,0.3,0.0,0.0,1.0,0.7,1.0,1.0,0.25,1.0,0.25
noise_1.0,0.9207034923030564,0.07353871852610752,1.0,-1.0782960226427116,11,79,200,3,2,100,0.0,0,0.3,0.0,0.0,1.0,0.7,1.0,1.0,0.25,1.0,0.25
noise_1.0,0.9143747226122767,0.0802186958119735,1.0,-1.0673980238774066,12,80,200,3,2,100,0.0,0,0.3,0.0,0.0,1.0,0.7,1.0,1.0,0.25,1.0,0.25
noise_1.0,0.8704038408632899,0.06773084058873578,1.0,-1.91339953867726,13,81,200,3,2,100,0.0,0,0.3,0.0,0.0,1.0,0.7,1.0,1.0,0.25,1.0,0.25
noise_1.0,1.0540186983724076,0.08725226151473427,1.0,0.6191094354991069,14,82,200,3,2,100,0.0,0,0.3,0.0,0.0,1.0,0.7,1.0,1.0,0.25,1.0,0.25
noise_1.0,0.9839239790971743,0.07941163167826183,1.0,-0.2024391208577361,15,83,200,3,2,100,0.0,0,0.3,0.0,0.0,1.0,0.7,1.0,1.0,0.25,1.0,0.25
noise_1.0,1.103541449681739,0.06304144781154347,1.0,1.642434513738748,16,84,200,3,2,100,0.0,0,0.3,0.0,0.0,1.0,0.7,1.0,1.0,0.25,1.0,0.25
noise_1.0,0.9979813576837572,0.06415015049636656,1.0,-0.03146746033522025,17,85,200,3,2,100,0.0,0,0.3,0.0,0.0,1.0,0.7,1.0,1.0,0.25,1.0,0.25
noise_1.0,0.870279920835034,0.0673251522742401,1.0,-1.9267699334205497,18,86,200,3,2,100,0.0,0,0.3,0.0,0.0,1.0,0.7,1.0,1.0,0.25,1.0,0.25
noise_1.0,0.9331993382638197,0.06881203724684513,1.0,-0.9707700049128093,19,87,200,3,2,100,0.0,0,0.3,0.0,0.0,1.0,0.7,1.0,1.0,0.25,1.0,0.25
noise_1.0,0.9558314066029228,0.07739413989379691,1.0,-0.570696870043223,20,88,200,3,2,100,0.0,0,0.3,0.0,0.0,1.0,0.7,1.0,1.0,0.25,1.0,0.25
noise_1.0,0.9595952847164633,0.06953562928271442,1.0,-0.5810649260001847,21,89,200,3,2,100,0.0,0,0.3,0.0,0.0,1.0,0.7,1.0,1.0,0.25,1.0,0.25
noise_1.0,0.8549464198062975,0.07308825040412233,1.0,-1.984636099395823,22,90,200,3,2,100,0.0,0,0.3,0.0,0.0,1.0,0.7,1.0,1.0,0.25,1.0,0.25
noise_1.0,1.1214304461414881,0.07128076312148526,1.0,1.7035514327271122,23,91,200,3,2,100,0.0,0,0.3,0.0,0.0,1.0,0.7,1.0,1.0,0.25,1.0,0.25
noise_1.0,0.9070708786329534,0.07163513325655578,1.0,-1.297256208545435,24,92,200,3,2,100,0.0,0,0.3,0.0,0.0,1.0,0.7,1.0,1.0,0.25,1.0,0.25
noise_1.0,1.022554148786138,0.0622523254485532,1.0,0.3623021087746726,25,93,200,3,2,100,0.0,0,0.3,0.0,0.0,1.0,0.7,1.0,1.0,0.25,1.0,0.25
noise_1.0,1.150526409404728,0.0711410747199685,1.0,2.115886075621472,26,94,200,3,2,100,0.0,0,0.3,0.0,0.0,1.0,0.7,1.0,1.0,0.25,1.0,0.25
noise_1.0,0.8840965093643826,0.06905421657729484,1.0,-1.678441902325871,27,95,200,3,2,100,0.0,0,0.3,0.0,0.0,1.0,0.7,1.0,1.0,0.25,1.0,0.25
noise_1.0,0.9882081643282457,0.06672307190453838,1.0,-0.1767280092952718,28,96,200,3,2,100,0.0,0,0.3,0.0,0.0,1.0,0.7,1.0,1.0,0.25,1.0,0.25
noise_1.0,0.9347029957993547,0.06570453355691032,1.0,-0.9937975458586581,29,97,200,3,2,100,0.0,0,0.3,0.0,0.0,1.0,0.7,1.0,1.0,0.25,1.0,0.25
noise_1.0,1.0521047948500584,0.06632004735746239,1.0,0.7856567799057141,30,98,200,3,2,100,0.0,0,0.3,0.0,0.0,1.0,0.7,1.0,1.0,0.25,1.0,0.25
noise_1.0,1.1297676180192888,0.06748597295485796,1.0,1.9228828204950335,31,99,200,3,2,100,0.0,0,0.3,0.0,0.0,1.0,0.7,1.0,1.0,0.25,1.0,0.25
noise_1.0,1.0256516880994877,0.06261155900427354,1.0,0.40969572563648915,32,100,200,3,2,100,0.0,0,0.3,0.0,0.0,1.0,0.7,1.0,1.0,0.25,1.0,0.25
noise_1.0,1.125620473939098,0.07365557125333129,1.0,1.7055121805659266,33,101,200,3,2,100,0.0,0,0.3,0.0,0.0,1.0,0.7,1.0,1.0,0.25,1.0,0.25
noise_1.0,1.0160245589589645,0.05977583046145811,1.0,0.26807756304275354,34,102,200,3,2,100,0.0,0,0.3,0.0,0.0,1.0,0.7,1.0,1.0,0.25,1.0,0.25
noise_1.0,0.9115205495849416,0.0744773217049702,1.0,-1.188005266429362,35,103,200,3,2,100,0.0,0,0.3,0.0,0.0,1.0,0.7,1.0,1.0,0.25,1.0,0.25
noise_1.0,0.9205947774182366,0.06190476443487055,1.0,-1.2826996969725155,36,104,200,3,2,100,0.0,0,0.3,0.0,0.0,1.0,0.7,1.0,1.0,0.25,1.0,0.25
noise_1.0,0.8905082607117905,0.0698238506119238,1.0,-1.5681137366192703,37,105,200,3,2,100,0.0,0,0.3,0.0,0.0,1.0,0.7,1.0,1.0,0.25,1.0,0.25
noise_1.0,0.9681920087061135,0.07826363329996787,1.0,-0.40642109179844976,38,106,200,3,2,100,0.0,0,0.3,0.0,0.0,1.0,0.7,1.0,1.0,0.25,1.0,0.25
noise_1.0,0.9384571755087223,0.07677584626349183,1.0,-0.8015909623459572,39,107,200,3,2,100,0.0,0,0.3,0.0,0.0,1.0,0.7,1.0,1.0,0.25,1.0,0.25
noise_1.0,1.0124486888846493,0.07589970113742546,1.0,0.16401499212901383,40,108,200,3,2,100,0.0,0,0.3,0.0,0.0,1.0,0.7,1.0,1.0,0.25,1.0,0.25
noise_1.0,0.8696252327860399,0.07229265263550108,1.0,-1.803430396603491,41,109,200,3,2,100,0.0,0,0.3,0.0,0.0,1.0,0.7,1.0,1.0,0.25,1.0,0.25
noise_1.0,1.0144802709686163,0.05673206506118777,1.0,0.2552396242406956,42,110,200,3,2,100,0.0,0,0.3,0.0,0.0,1.0,0.7,1.0,1.0,0.25,1.0,0.25
noise_1.0,1.0852245525141895,0.07417973615676635,1.0,1.148892634695839,43,111,200,3,2,100,0.0,0,0.3,0.0,0.0,1.0,0.7,1.0,1.0,0.25,1.0,0.25
noise_1.0,0.9395456503655915,0.07586468601775018,1.0,-0.7968707551266204,44,112,200,3,2,100,0.0,0,0.3,0.0,0.0,1.0,0.7,1.0,1.0,0.25,1.0,0.25
noise_1.0,1.120338654867019,0.07839875116397212,1.0,1.5349562726494057,45,113,200,3,2,100,0.0,0,0.3,0.0,0.0,1.0,0.7,1.0,1.0,0.25,1.0,0.25
noise_1.0,0.9515173591158421,0.05796702439169494,1.0,-0.8363831228691478,46,114,200,3,2,100,0.0,0,0.3,0.0,0.0,1.0,0.7,1.0,1.0,0.25,1.0,0.25
noise_1.0,0.9059655818242253,0.08395351486330861,1.0,-1.1200772037821125,47,115,200,3,2,100,0.0,0,0.3,0.0,0.0,1.0,0.7,1.0,1.0,0.25,1.0,0.25
noise_1.0,0.9256143251649964,0.0787615774190536,1.0,-0.9444411510352582,48,116,200,3,2,100,0.0,0,0.3,0.0,0.0,1.0,0.7,1.0,1.0,0.25,1.0,0.25
noise_1.0,1.2464323941676583,0.06909609969850027,1.0,3.5665167099584796,49,117,200,3,2,100,0.0,0,0.3,0.0,0.0,1.0,0.7,1.0,1.0,0.25,1.0,0.25
noise_1.0,0.9529788538482369,0.05743353520386631,1.0,-0.8187054128717076,50,118,200,3,2,100,0.0,0,0.3,0.0,0.0,1.0,0.7,1.0,1.0,0.25,1.0,0.25
noise_1.0,0.9519410521600192,0.08381778748109318,1.0,-0.5733740925912826,51,119,200,3,2,100,0.0,0,0.3,0.0,0.0,1.0,0.7,1.0,1.0,0.25,1.0,0.25
noise_1.0,1.0702468000487795,0.06807770025087231,1.0,1.03186211916551,52,120,200,3,2,100,0.0,0,0.3,0.0,0.0,1.0,0.7,1.0,1.0,0.25,1.0,0.25
noise_1.0,0.9337602093318157,0.07383572760666442,1.0,-0.8971238290093791,53,121,200,3,2,100,0.0,0,0.3,0.0,0.0,1.0,0.7,1.0,1.0,0.25,1.0,0.25
noise_1.0,1.0025091064726677,0.06953800054637128,1.0,0.036082522548149386,54,122,200,3,2,100,0.0,0,0.3,0.0,0.0,1.0,0.7,1.0,1.0,0.25,1.0,0.25
noise_1.0,0.9846460242612329,0.08343389869628813,1.0,-0.18402562961438293,55,123,200,3,2,100,0.0,0,0.3,0.0,0.0,1.0,0.7,1.0,1.0,0.25,1.0,0.25
noise_1.0,0.8254872478655951,0.09319258094524469,1.0,-1.8726034880066242,56,124,200,3,2,100,0.0,0,0.3,0.0,0.0,1.0,0.7,1.0,1.0,0.25,1.0,0.25
noise_1.0,0.9839736578255001,0.05800650212370114,1.0,-0.27628527126705793,57,125,200,3,2,100,0.0,0,0.3,0.0,0.0,1.0,0.7,1.0,1.0,0.25,1.0,0.25
noise_1.0,0.8970416814969318,0.06288688813483459,1.0,-1.637198493306224,58,126,200,3,2,100,0.0,0,0.3,0.0,0.0,1.0,0.7,1.0,1.0,0.25,1.0,0.25
noise_1.0,0.9250188678096052,0.08797867058967825,1.0,-0.8522648920224953,59,127,200,3,2,100,0.0,0,0.3,0.0,0.0,1.0,0.7,1.0,1.0,0.25,1.0,0.25
noise_1.0,0.9069222309677268,0.06185803047546802,1.0,-1.5046998476485025,60,128,200,3,2,100,0.0,0,0.3,0.0,0.0,1.0,0.7,1.0,1.0,0.25,1.0,0.25
noise_1.0,0.8236576089340671,0.07687318247435494,1.0,-2.2939389965383707,61,129,200,3,2,100,0.0,0,0.3,0.0,0.0,1.0,0.7,1.0,1.0,0.25,1.0,0.25
noise_1.0,1.0199495356015276,0.07167054221784713,1.0,0.27835056055373064,62,130,200,3,2,100,0.0,0,0.3,0.0,0.0,1.0,0.7,1.0,1.0,0.25,1.0,0.25
noise_1.0,0.9215105640074625,0.08256798990990778,1.0,-0.9506036913116033,63,131,200,3,2,100,0.0,0,0.3,0.0,0.0,1.0,0.7,1.0,1.0,0.25,1.0,0.25
noise_1.0,1.0705977868855379,0.062480412667012826,1.0,1.1299187036709617,64,132,200,3,2,100,0.0,0,0.3,0.0,0.0,1.0,0.7,1.0,1.0,0.25,1.0,0.25
noise_1.0,0.9156286223368737,0.052366490552381885,1.0,-1.6111711281994374,65,133,200,3,2,100,0.0,0,0.3,0.0,0.0,1.0,0.7,1.0,1.0,0.25,1.0,0.25
noise_1.0,1.023016298060896,0.07201499133725622,1.0,0.3196042606338361,66,134,200,3,2,100,0.0,0,0.3,0.0,0.0,1.0,0.7,1.0,1.0,0.25,1.0,0.25
noise_1.0,1.0047329259479518,0.07834813222103194,1.0,0.06040891867848906,67,135,200,3,2,100,0.0,0,0.3,0.0,0.0,1.0,0.7,1.0,1.0,0.25,1.0,0.25
noise_1.0,0.8877929529406455,0.06467394993051358,1.0,-1.7349651162471287,68,136,200,3,2,100,0.0,0,0.3,0.0,0.0,1.0,0.7,1.0,1.0,0.25,1.0,0.25
noise_1.0,0.8844208572312173,0.06839013436336445,1.0,-1.6899973050893236,69,137,200,3,2,100,0.0,0,0.3,0.0,0.0,1.0,0.7,1.0,1.0,0.25,1.0,0.25
noise_1.0,0.9525577310252028,0.0585255516956323,1.0,-0.8106248911847125,70,138,200,3,2,100,0.0,0,0.3,0.0,0.0,1.0,0.7,1.0,1.0,0.25,1.0,0.25
noise_1.0,0.9550717956692969,0.07045802264439328,1.0,-0.6376591712977667,71,139,200,3,2,100,0.0,0,0.3,0.0,0.0,1.0,0.7,1.0,1.0,0.25,1.0,0.25
noise_1.0,1.005422036918056,0.07417573957550415,1.0,0.07309717367275918,72,140,200,3,2,100,0.0,0,0.3,0.0,0.0,1.0,0.7,1.0,1.0,0.25,1.0,0.25
noise_1.0,0.930035631442484,0.076272740390242,1.0,-0.917291921065772,73,141,200,3,2,100,0.0,0,0.3,0.0,0.0,1.0,0.7,1.0,1.0,0.25,1.0,0.25
noise_1.0,1.0467468092038743,0.07110477033843222,1.0,0.657435626068081,74,142,200,3,2,100,0.0,0,0.3,0.0,0.0,1.0,0.7,1.0,1.0,0.25,1.0,0.25
noise_1.0,1.0688538317766303,0.07372579283321846,1.0,0.9339178207603754,75,143,200,3,2,100,0.0,0,0.3,0.0,0.0,1.0,0.7,1.0,1.0,0.25,1.0,0.25
noise_1.0,1.0373799879878196,0.06471848096489298,1.0,0.5775782655976839,76,144,200,3,2,100,0.0,0,0.3,0.0,0.0,1.0,0.7,1.0,1.0,0.25,1.0,0.25
noise_1.0,0.9317335189496145,0.0737927023239672,1.0,-0.9251115476253962,77,145,200,3,2,100,0.0,0,0.3,0.0,0.0,1.0,0.7,1.0,1.0,0.25,1.0,0.25
noise_1.0,0.9206207950548669,0.0798528643790218,1.0,-0.9940683476094169,78,146,200,3,2,100,0.0,0,0.3,0.0,0.0,1.0,0.7,1.0,1.0,0.25,1.0,0.25
noise_1.0,0.9953431697243064,0.07217279697646509,1.0,-0.06452334495519395,79,147,200,3,2,100,0.0,0,0.3,0.0,0.0,1.0,0.7,1.0,1.0,0.25,1.0,0.25
noise_1.0,1.005231688676832,0.08971861955817809,1.0,0.058312184277863305,80,148,200,3,2,100,0.0,0,0.3,0.0,0.0,1.0,0.7,1.0,1.0,0.25,1.0,0.25
noise_1.0,0.9327985648606422,0.07017902881988115,1.0,-0.9575714607256037,81,149,200,3,2,100,0.0,0,0.3,0.0,0.0,1.0,0.7,1.0,1.0,0.25,1.0,0.25
noise_1.0,1.041404815390242,0.06024389367503869,1.0,0.6872865092947597,82,150,200,3,2,100,0.0,0,0.3,0.0,0.0,1.0,0.7,1.0,1.0,0.25,1.0,0.25
noise_1.0,0.8773080638564442,0.06678116200817291,1.0,-1.837223738762442,83,151,200,3,2,100,0.0,0,0.3,0.0,0.0,1.0,0.7,1.0,1.0,0.25,1.0,0.25
noise_1.0,1.0284979984373592,0.07450417856547076,1.0,0.38250201513619175,84,152,200,3,2,100,0.0,0,0.3,0.0,0.0,1.0,0.7,1.0,1.0,0.25,1.0,0.25
noise_1.0,0.9062188179476325,0.07279272906690185,1.0,-1.2883317228864404,85,153,200,3,2,100,0.0,0,0.3,0.0,0.0,1.0,0.7,1.0,1.0,0.25,1.0,0.25
noise_1.0,1.0172092842687952,0.08611793132431456,1.0,0.19983392545724477,86,154,200,3,2,100,0.0,0,0.3,0.0,0.0,1.0,0.7,1.0,1.0,0.25,1.0,0.25
noise_1.0,0.943517946554626,0.06692095290204256,1.0,-0.8440114940988849,87,155,200,3,2,100,0.0,0,0.3,0.0,0.0,1.0,0.7,1.0,1.0,0.25,1.0,0.25
noise_1.0,0.7734999730617848,0.08559012973804991,1.0,-2.64633349232467,88,156,200,3,2,100,0.0,0,0.3,0.0,0.0,1.0,0.7,1.0,1.0,0.25,1.0,0.25
noise_1.0,0.9555032643141833,0.07350999834622667,1.0,-0.6053154222129125,89,157,200,3,2,100,0.0,0,0.3,0.0,0.0,1.0,0.7,1.0,1.0,0.25,1.0,0.25
noise_1.0,0.9383443003701312,0.06521791100629909,1.0,-0.9453798608163607,90,158,200,3,2,100,0.0,0,0.3,0.0,0.0,1.0,0.7,1.0,1.0,0.25,1.0,0.25
noise_1.0,0.9221040033154998,0.07328403283149312,1.0,-1.0629327245624116,91,159,200,3,2,100,0.0,0,0.3,0.0,0.0,1.0,0.7,1.0,1.0,0.25,1.0,0.25
noise_1.0,1.1766136465742043,0.08363043906551791,1.0,2.1118345012614523,92,160,200,3,2,100,0.0,0,0.3,0.0,0.0,1.0,0.7,1.0,1.0,0.25,1.0,0.25
noise_1.0,0.9122713252598841,0.06695993645451716,1.0,-1.3101666367277098,93,161,200,3,2,100,0.0,0,0.3,0.0,0.0,1.0,0.7,1.0,1.0,0.25,1.0,0.25
noise_1.0,1.2967460183687607,0.06834859079573471,1.0,4.341655254540801,94,162,200,3,2,100,0.0,0,0.3,0.0,0.0,1.0,0.7,1.0,1.0,0.25,1.0,0.25
noise_1.0,1.0233364896841186,0.07664185647706724,1.0,0.3044875314457101,95,163,200,3,2,100,0.0,0,0.3,0.0,0.0,1.0,0.7,1.0,1.0,0.25,1.0,0.25
noise_1.0,0.8969222563173057,0.07343315173395047,1.0,-1.403694942253693,96,164,200,3,2,100,0.0,0,0.3,0.0,0.0,1.0,0.7,1.0,1.0,0.25,1.0,0.25
noise_1.0,0.9424879612261013,0.08220474618892432,1.0,-0.699619443404442,97,165,200,3,2,100,0.0,0,0.3,0.0,0.0,1.0,0.7,1.0,1.0,0.25,1.0,0.25
noise_1.0,0.8111442876228219,0.07644191575022848,1.0,-2.470577961366878,98,166,200,3,2,100,0.0,0,0.3,0.0,0.0,1.0,0.7,1.0,1.0,0.25,1.0,0.25
noise_1.0,0.9766013408639924,0.08294973865710188,1.0,-0.2820823731914708,99,167,200,3,2,100,0.0,0,0.3,0.0,0.0,1.0,0.7,1.0,1.0,0.25,1.0,0.25
noise_2.0,1.1657161609143687,0.16009346435907051,1.0,1.0351213372626327,0,69,200,3,2,100,0.0,0,0.3,0.0,0.0,2.0,0.7,1.0,1.0,0.25,1.0,0.25
noise_2.0,0.6771266521549815,0.1593459620534004,1.0,-2.0262411653507506,1,70,200,3,2,100,0.0,0,0.3,0.0,0.0,2.0,0.7,1.0,1.0,0.25,1.0,0.25
noise_2.0,1.1024137194569301,0.14860522547761568,1.0,0.6891663407378407,2,71,200,3,2,100,0.0,0,0.3,0.0,0.0,2.0,0.7,1.0,1.0,0.25,1.0,0.25
noise_2.0,1.0229927996592807,0.13550499956623252,1.0,0.1696822975748744,3,72,200,3,2,100,0.0,0,0.3,0.0,0.0,2.0,0.7,1.0,1.0,0.25,1.0,0.25
noise_2.0,0.8665954508771334,0.15010992850726357,1.0,-0.8887123619968373,4,73,200,3,2,100,0.0,0,0.3,0.0,0.0,2.0,0.7,1.0,1.0,0.25,1.0,0.25
noise_2.0,1.0872295916235895,0.14435637028455564,1.0,0.604265620226127,5,74,200,3,2,100,0.0,0,0.3,0.0,0.0,2.0,0.7,1.0,1.0,0.25,1.0,0.25
noise_2.0,0.8696228423797976,0.10896345077727856,1.0,-1.1965219226279231,6,75,200,3,2,100,0.0,0,0.3,0.0,0.0,2.0,0.7,1.0,1.0,0.25,1.0,0.25
noise_2.0,1.0312873746878468,0.15238460622359035,1.0,0.2053184731923616,7,76,200,3,2,100,0.0,0,0.3,0.0,0.0,2.0,0.7,1.0,1.0,0.25,1.0,0.25
noise_2.0,0.962748713070549,0.11901494062114837,1.0,-0.31299672742794815,8,77,200,3,2,100,0.0,0,0.3,0.0,0.0,2.0,0.7,1.0,1.0,0.25,1.0,0.25
noise_2.0,1.0957593495838924,0.16947757113268783,1.0,0.5650266813708362,9,78,200,3,2,100,0.0,0,0.3,0.0,0.0,2.0,0.7,1.0,1.0,0.25,1.0,0.25
noise_2.0,0.8770199473705955,0.14960883301326636,1.0,-0.8220106403643921,10,79,200,3,2,100,0.0,0,0.3,0.0,0.0,2.0,0.7,1.0,1.0,0.25,1.0,0.25
noise_2.0,0.8733410642884448,0.15544663341482837,1.0,-0.8148065540509347,11,80,200,3,2,100,0.0,0,0.3,0.0,0.0,2.0,0.7,1.0,1.0,0.25,1.0,0.25
noise_2.0,0.7545858561391685,0.13161768075813826,1.0,-1.8645986044367895,12,81,200,3,2,100,0.0,0,0.3,0.0,0.0,2.0,0.7,1.0,1.0,0.25,1.0,0.25
noise_2.0,1.1163226243651456,0.1703402074293236,1.0,0.6828841300631233,13,82,200,3,2,100,0.0,0,0.3,0.0,0.0,2.0,0.7,1.0,1.0,0.25,1.0,0.25
noise_2.0,0.9751451753615438,0.15509478721520756,1.0,-0.1602557061055056,14,83,200,3,2,100,0.0,0,0.3,0.0,0.0,2.0,0.7,1.0,1.0,0.25,1.0,0.25
noise_2.0,1.17826304569295,0.12558931349922703,1.0,1.419412533806446,15,84,200,3,2,100,0.0,0,0.3,0.0,0.0,2.0,0.7,1.0,1.0,0.25,1.0,0.25
noise_2.0,1.0583530994866206,0.12703537020569053,1.0,0.4593452940872894,16,85,200,3,2,100,0.0,0,0.3,0.0,0.0,2.0,0.7,1.0,1.0,0.25,1.0,0.25
noise_2.0,0.7682955247928369,0.13028727225730413,1.0,-1.7784122055266478,17,86,200,3,2,100,0.0,0,0.3,0.0,0.0,2.0,0.7,1.0,1.0,0.25,1.0,0.25
noise_2.0,0.9221359334497921,0.12907127138036104,1.0,-0.6032641169292412,18,87,200,3,2,100,0.0,0,0.3,0.0,0.0,2.0,0.7,1.0,1.0,0.25,1.0,0.25
noise_2.0,0.9259709084653924,0.1489615337451009,1.0,-0.4969678391019001,19,88,200,3,2,100,0.0,0,0.3,0.0,0.0,2.0,0.7,1.0,1.0,0.25,1.0,0.25
noise_2.0,0.9047783849111327,0.13741435016374023,1.0,-0.6929524825857204,20,89,200,3,2,100,0.0,0,0.3,0.0,0.0,2.0,0.7,1.0,1.0,0.25,1.0,0.25
noise_2.0,0.6764808725126908,0.1447495155794034,1.0,-2.235027358760592,21,90,200,3,2,100,0.0,0,0.3,0.0,0.0,2.0,0.7,1.0,1.0,0.25,1.0,0.25
noise_2.0,1.279720673265969,0.14157907572080214,1.0,1.975720436384158,22,91,200,3,2,100,0.0,0,0.3,0.0,0.0,2.0,0.7,1.0,1.0,0.25,1.0,0.25
noise_2.0,0.8914570381738858,0.1418614285498009,1.0,-0.7651337148914292,23,92,200,3,2,100,0.0,0,0.3,0.0,0.0,2.0,0.7,1.0,1.0,0.25,1.0,0.25
noise_2.0,1.0535836963911145,0.12124882516753055,1.0,0.44193167494264324,24,93,200,3,2,100,0.0,0,0.3,0.0,0.0,2.0,0.7,1.0,1.0,0.25,1.0,0.25
noise_2.0,1.3144549749394516,0.13981433844220023,1.0,2.2490896029912446,25,94,200,3,2,100,0.0,0,0.3,0.0,0.0,2.0,0.7,1.0,1.0,0.25,1.0,0.25
noise_2.0,0.8128064848479424,0.13832446267496715,1.0,-1.3532929138638499,26,95,200,3,2,100,0.0,0,0.3,0.0,0.0,2.0,0.7,1.0,1.0,0.25,1.0,0.25
noise_2.0,1.009035695193994,0.13660809264898402,1.0,0.06614319121789783,27,96,200,3,2,100,0.0,0,0.3,0.0,0.0,2.0,0.7,1.0,1.0,0.25,1.0,0.25
noise_2.0,0.9548801444872528,0.12865111765013218,1.0,-0.35071483510505563,28,97,200,3,2,100,0.0,0,0.3,0.0,0.0,2.0,0.7,1.0,1.0,0.25,1.0,0.25
noise_2.0,1.1039120062951115,0.13168116664087712,1.0,0.7891182083653766,29,98,200,3,2,100,0.0,0,0.3,0.0,0.0,2.0,0.7,1.0,1.0,0.25,1.0,0.25
noise_2.0,1.315609200572853,0.13474487473234167,1.0,2.3422723958872775,30,99,200,3,2,100,0.0,0,0.3,0.0,0.0,2.0,0.7,1.0,1.0,0.25,1.0,0.25
noise_2.0,1.0942730276756194,0.12022251469704869,1.0,0.7841545147610666,31,100,200,3,2,100,0.0,0,0.3,0.0,0.0,2.0,0.7,1.0,1.0,0.25,1.0,0.25
noise_2.0,1.272359039158825,0.1435604186813511,1.0,1.8971736197242317,32,101,200,3,2,100,0.0,0,0.3,0.0,0.0,2.0,0.7,1.0,1.0,0.25,1.0,0.25
noise_2.0,1.0431168969710143,0.12245164303042343,1.0,0.35211366629275676,33,102,200,3,2,100,0.0,0,0.3,0.0,0.0,2.0,0.7,1.0,1.0,0.25,1.0,0.25
noise_2.0,0.8830164875968726,0.14465957814755284,1.0,-0.8086814153695664,34,103,200,3,2,100,0.0,0,0.3,0.0,0.0,2.0,0.7,1.0,1.0,0.25,1.0,0.25
noise_2.0,0.8045522784697483,0.1278607014276464,1.0,-1.5285988528762398,35,104,200,3,2,100,0.0,0,0.3,0.0,0.0,2.0,0.7,1.0,1.0,0.25,1.0,0.25
noise_2.0,0.7672069002439271,0.14076755432958835,1.0,-1.653741168302314,36,105,200,3,2,100,0.0,0,0.3,0.0,0.0,2.0,0.7,1.0,1.0,0.25,1.0,0.25
noise_2.0,0.9229326895011175,0.14749606217905156,1.0,-0.5225041900123903,37,106,200,3,2,100,0.0,0,0.3,0.0,0.0,2.0,0.7,1.0,1.0,0.25,1.0,0.25
noise_2.0,0.8789099165114689,0.15528616423802608,1.0,-0.7797866866163399,38,107,200,3,2,100,0.0,0,0.3,0.0,0.0,2.0,0.7,1.0,1.0,0.25,1.0,0.25
noise_2.0,1.0148657874586375,0.15524582993975763,1.0,0.09575643651366436,39,108,200,3,2,100,0.0,0,0.3,0.0,0.0,2.0,0.7,1.0,1.0,0.25,1.0,0.25
noise_2.0,0.7757230860700794,0.1424810237321091,1.0,-1.574082695753246,40,109,200,3,2,100,0.0,0,0.3,0.0,0.0,2.0,0.7,1.0,1.0,0.25,1.0,0.25
noise_2.0,1.0321543549520973,0.10716290319149493,1.0,0.3000511743755113,41,110,200,3,2,100,0.0,0,0.3,0.0,0.0,2.0,0.7,1.0,1.0,0.25,1.0,0.25
noise_2.0,1.1463423986567722,0.14806879104181467,1.0,0.9883406059244794,42,111,200,3,2,100,0.0,0,0.3,0.0,0.0,2.0,0.7,1.0,1.0,0.25,1.0,0.25
noise_2.0,0.8512770429866413,0.14440548645542514,1.0,-1.0298982446159777,43,112,200,3,2,100,0.0,0,0.3,0.0,0.0,2.0,0.7,1.0,1.0,0.25,1.0,0.25
noise_2.0,1.193385619099549,0.1611563530090606,1.0,1.1999875616983993,44,113,200,3,2,100,0.0,0,0.3,0.0,0.0,2.0,0.7,1.0,1.0,0.25,1.0,0.25
noise_2.0,0.922754550540583,0.11437568873437996,1.0,-0.6753659830526377,45,114,200,3,2,100,0.0,0,0.3,0.0,0.0,2.0,0.7,1.0,1.0,0.25,1.0,0.25
noise_2.0,0.8172976223352912,0.16482216135798022,1.0,-1.1084818701527288,46,115,200,3,2,100,0.0,0,0.3,0.0,0.0,2.0,0.7,1.0,1.0,0.25,1.0,0.25
noise_2.0,0.8514366823187106,0.14793204460743611,1.0,-1.004267317980553,47,116,200,3,2,100,0.0,0,0.3,0.0,0.0,2.0,0.7,1.0,1.0,0.25,1.0,0.25
noise_2.0,1.4965478832383587,0.13619744662847924,1.0,3.6457943634791263,48,117,200,3,2,100,0.0,0,0.3,0.0,0.0,2.0,0.7,1.0,1.0,0.25,1.0,0.25
noise_2.0,0.9617778378880111,0.11488059438545183,1.0,-0.33271208524343493,49,118,200,3,2,100,0.0,0,0.3,0.0,0.0,2.0,0.7,1.0,1.0,0.25,1.0,0.25
noise_2.0,0.8922790049245176,0.16145198160054702,1.0,-0.6672014428537519,50,119,200,3,2,100,0.0,0,0.3,0.0,0.0,2.0,0.7,1.0,1.0,0.25,1.0,0.25
noise_2.0,1.1109799304400414,0.1358715463145239,1.0,0.8168003783745728,51,120,200,3,2,100,0.0,0,0.3,0.0,0.0,2.0,0.7,1.0,1.0,0.25,1.0,0.25
noise_2.0,0.8875107796538607,0.14151877660831638,1.0,-0.7948713452878227,52,121,200,3,2,100,0.0,0,0.3,0.0,0.0,2.0,0.7,1.0,1.0,0.25,1.0,0.25
noise_2.0,1.0004811522380688,0.13703112616163265,1.0,0.003511262379185565,53,122,200,3,2,100,0.0,0,0.3,0.0,0.0,2.0,0.7,1.0,1.0,0.25,1.0,0.25
noise_2.0,0.9831223824911012,0.16344622599404607,1.0,-0.10326098021690408,54,123,200,3,2,100,0.0,0,0.3,0.0,0.0,2.0,0.7,1.0,1.0,0.25,1.0,0.25
noise_2.0,0.6722224301299996,0.17484966757724055,1.0,-1.8746250674180054,55,124,200,3,2,100,0.0,0,0.3,0.0,0.0,2.0,0.7,1.0,1.0,0.25,1.0,0.25
noise_2.0,0.9897535227825547,0.11352135146358827,1.0,-0.090260352659137,56,125,200,3,2,100,0.0,0,0.3,0.0,0.0,2.0,0.7,1.0,1.0,0.25,1.0,0.25
noise_2.0,0.8043001275113533,0.12444670652264418,1.0,-1.5725596760010472,57,126,200,3,2,100,0.0,0,0.3,0.0,0.0,2.0,0.7,1.0,1.0,0.25,1.0,0.25
noise_2.0,0.8478532201227238,0.17548736667775394,1.0,-0.8669956291307404,58,127,200,3,2,100,0.0,0,0.3,0.0,0.0,2.0,0.7,1.0,1.0,0.25,1.0,0.25
noise_2.0,0.818833201974432,0.12027409416256803,1.0,-1.5062827892155612,59,128,200,3,2,100,0.0,0,0.3,0.0,0.0,2.0,0.7,1.0,1.0,0.25,1.0,0.25
noise_2.0,0.6803249648481663,0.14814912071071917,1.0,-2.157792321805552,60,129,200,3,2,100,0.0,0,0.3,0.0,0.0,2.0,0.7,1.0,1.0,0.25,1.0,0.25
noise_2.0,1.071681016882364,0.13390606008377806,1.0,0.535308236516831,61,130,200,3,2,100,0.0,0,0.3,0.0,0.0,2.0,0.7,1.0,1.0,0.25,1.0,0.25
noise_2.0,0.857304935881854,0.16526638984947983,1.0,-0.8634245852898998,62,131,200,3,2,100,0.0,0,0.3,0.0,0.0,2.0,0.7,1.0,1.0,0.25,1.0,0.25
noise_2.0,1.1075211714196278,0.12251891393848785,1.0,0.8775883491230599,63,132,200,3,2,100,0.0,0,0.3,0.0,0.0,2.0,0.7,1.0,1.0,0.25,1.0,0.25
noise_2.0,0.8600939542012562,0.10768029400971807,1.0,-1.299272509286772,64,133,200,3,2,100,0.0,0,0.3,0.0,0.0,2.0,0.7,1.0,1.0,0.25,1.0,0.25
noise_2.0,1.0073541339189604,0.13825535474864378,1.0,0.053192398459580015,65,134,200,3,2,100,0.0,0,0.3,0.0,0.0,2.0,0.7,1.0,1.0,0.25,1.0,0.25
noise_2.0,1.0218840343110778,0.15782101501690785,1.0,0.13866362669593316,66,135,200,3,2,100,0.0,0,0.3,0.0,0.0,2.0,0.7,1.0,1.0,0.25,1.0,0.25
noise_2.0,0.7880315390552102,0.12292382229470926,1.0,-1.724388788013738,67,136,200,3,2,100,0.0,0,0.3,0.0,0.0,2.0,0.7,1.0,1.0,0.25,1.0,0.25
noise_2.0,0.7795355752031319,0.13676664868252533,1.0,-1.6119750459677444,68,137,200,3,2,100,0.0,0,0.3,0.0,0.0,2.0,0.7,1.0,1.0,0.25,1.0,0.25
noise_2.0,0.9240772277448406,0.11655000083468602,1.0,-0.6514180327021012,69,138,200,3,2,100,0.0,0,0.3,0.0,0.0,2.0,0.7,1.0,1.0,0.25,1.0,0.25
noise_2.0,0.94062111368932,0.13729008666983203,1.0,-0.4325067290071706,70,139,200,3,2,100,0.0,0,0.3,0.0,0.0,2.0,0.7,1.0,1.0,0.25,1.0,0.25
noise_2.0,0.9840744998301036,0.14918047747597374,1.0,-0.10675324572855881,71,140,200,3,2,100,0.0,0,0.3,0.0,0.0,2.0,0.7,1.0,1.0,0.25,1.0,0.25
noise_2.0,0.8949127234336689,0.15082247677038202,1.0,-0.6967613767961127,72,141,200,3,2,100,0.0,0,0.3,0.0,0.0,2.0,0.7,1.0,1.0,0.25,1.0,0.25
noise_2.0,1.0589735554157629,0.14551102242691938,1.0,0.4052858294317973,73,142,200,3,2,100,0.0,0,0.3,0.0,0.0,2.0,0.7,1.0,1.0,0.25,1.0,0.25
noise_2.0,1.1086168319499872,0.15321831620610843,1.0,0.7089023991353385,74,143,200,3,2,100,0.0,0,0.3,0.0,0.0,2.0,0.7,1.0,1.0,0.25,1.0,0.25
noise_2.0,1.062676846320086,0.12688004049713383,1.0,0.49398507499295613,75,144,200,3,2,100,0.0,0,0.3,0.0,0.0,2.0,0.7,1.0,1.0,0.25,1.0,0.25
noise_2.0,0.8922530511941533,0.14675594550352683,1.0,-0.7341913708242731,76,145,200,3,2,100,0.0,0,0.3,0.0,0.0,2.0,0.7,1.0,1.0,0.25,1.0,0.25
noise_2.0,0.8421795962906106,0.15566189598886765,1.0,-1.0138666415875863,77,146,200,3,2,100,0.0,0,0.3,0.0,0.0,2.0,0.7,1.0,1.0,0.25,1.0,0.25
noise_2.0,1.0100211337696308,0.1377509251580404,1.0,0.07274821390951534,78,147,200,3,2,100,0.0,0,0.3,0.0,0.0,2.0,0.7,1.0,1.0,0.25,1.0,0.25
noise_2.0,0.9747595648451252,0.17570512169841007,1.0,-0.1436522448002336,79,148,200,3,2,100,0.0,0,0.3,0.0,0.0,2.0,0.7,1.0,1.0,0.25,1.0,0.25
noise_2.0,0.9208943498280455,0.14135251179946748,1.0,-0.5596338484892244,80,149,200,3,2,100,0.0,0,0.3,0.0,0.0,2.0,0.7,1.0,1.0,0.25,1.0,0.25
noise_2.0,1.0794611068713822,0.1187159365158629,1.0,0.6693381630423691,81,150,200,3,2,100,0.0,0,0.3,0.0,0.0,2.0,0.7,1.0,1.0,0.25,1.0,0.25
noise_2.0,0.7570029298916873,0.1347575168060096,1.0,-1.8032171849687582,82,151,200,3,2,100,0.0,0,0.3,0.0,0.0,2.0,0.7,1.0,1.0,0.25,1.0,0.25
noise_2.0,1.08312146530647,0.14969849386107972,1.0,0.5552591957512063,83,152,200,3,2,100,0.0,0,0.3,0.0,0.0,2.0,0.7,1.0,1.0,0.25,1.0,0.25
noise_2.0,0.8146285844735807,0.1385437134487257,1.0,-1.337999472599847,84,153,200,3,2,100,0.0,0,0.3,0.0,0.0,2.0,0.7,1.0,1.0,0.25,1.0,0.25
noise_2.0,1.05497311267875,0.16484248262914783,1.0,0.33348874514602567,85,154,200,3,2,100,0.0,0,0.3,0.0,0.0,2.0,0.7,1.0,1.0,0.25,1.0,0.25
noise_2.0,0.9479626466787615,0.13046291574403543,1.0,-0.3988670115524193,86,155,200,3,2,100,0.0,0,0.3,0.0,0.0,2.0,0.7,1.0,1.0,0.25,1.0,0.25
noise_2.0,0.6193334796750617,0.16161600877304746,1.0,-2.3553763220294406,87,156,200,3,2,100,0.0,0,0.3,0.0,0.0,2.0,0.7,1.0,1.0,0.25,1.0,0.25
noise_2.0,0.8404807317680286,0.14904377266461416,1.0,-1.0702846914035764,88,157,200,3,2,100,0.0,0,0.3,0.0,0.0,2.0,0.7,1.0,1.0,0.25,1.0,0.25
noise_2.0,0.8329606025563181,0.12574406886949488,1.0,-1.328407764640143,89,158,200,3,2,100,0.0,0,0.3,0.0,0.0,2.0,0.7,1.0,1.0,0.25,1.0,0.25
noise_2.0,0.843010938674337,0.14790825914601768,1.0,-1.0613948283353172,90,159,200,3,2,100,0.0,0,0.3,0.0,0.0,2.0,0.7,1.0,1.0,0.25,1.0,0.25
noise_2.0,1.2977321495693688,0.1626983991040915,1.0,1.8299636087930105,91,160,200,3,2,100,0.0,0,0.3,0.0,0.0,2.0,0.7,1.0,1.0,0.25,1.0,0.25
noise_2.0,0.825119985525425,0.13379398697982617,1.0,-1.307084260079221,92,161,200,3,2,100,0.0,0,0.3,0.0,0.0,2.0,0.7,1.0,1.0,0.25,1.0,0.25
noise_2.0,1.5781984735005672,0.1267597102546733,1.0,4.561374212191768,93,162,200,3,2,100,0.0,0,0.3,0.0,0.0,2.0,0.7,1.0,1.0,0.25,1.0,0.25
noise_2.0,1.0517413695116624,0.14834481506732025,1.0,0.34879122326035933,94,163,200,3,2,100,0.0,0,0.3,0.0,0.0,2.0,0.7,1.0,1.0,0.25,1.0,0.25
noise_2.0,0.8679728926861434,0.14134240162791706,1.0,-0.934094127404295,95,164,200,3,2,100,0.0,0,0.3,0.0,0.0,2.0,0.7,1.0,1.0,0.25,1.0,0.25
noise_2.0,0.8934216704794234,0.1660005625113017,1.0,-0.6420359540246765,96,165,200,3,2,100,0.0,0,0.3,0.0,0.0,2.0,0.7,1.0,1.0,0.25,1.0,0.25
noise_2.0,0.667050097537796,0.14802100747657668,1.0,-2.2493422260680878,97,166,200,3,2,100,0.0,0,0.3,0.0,0.0,2.0,0.7,1.0,1.0,0.25,1.0,0.25
noise_2.0,0.9310907557958276,0.16555683879500102,1.0,-0.4162271078967542,98,167,200,3,2,100,0.0,0,0.3,0.0,0.0,2.0,0.7,1.0,1.0,0.25,1.0,0.25
noise_2.0,0.7763258867575015,0.11917565275771987,1.0,-1.8768440370720734,99,168,200,3,2,100,0.0,0,0.3,0.0,0.0,2.0,0.7,1.0,1.0,0.25,1.0,0.25
rho_0.3,0.8617968090479288,0.08208151859223073,1.0,-1.6837309216785445,0,70,200,3,2,100,0.0,0,0.3,0.0,0.0,1.0,0.3,1.0,1.0,0.25,1.0,0.25
rho_0.3,1.0612564177364334,0.0740373969813996,1.0,0.827371304691099,1,71,200,3,2,100,0.0,0,0.3,0.0,0.0,1.0,0.3,1.0,1.0,0.25,1.0,0.25
rho_0.3,1.0217609538628458,0.06529685604031127,1.0,0.3332618931822937,2,72,200,3,2,100,0.0,0,0.3,0.0,0.0,1.0,0.3,1.0,1.0,0.25,1.0,0.25
rho_0.3,0.9282297025860826,0.08329229939206069,1.0,-0.8616678605076238,3,73,200,3,2,100,0.0,0,0.3,0.0,0.0,1.0,0.3,1.0,1.0,0.25,1.0,0.25
rho_0.3,1.0594311434447883,0.07388797024183057,1.0,0.8043412648943256,4,74,200,3,2,100,0.0,0,0.3,0.0,0.0,1.0,0.3,1.0,1.0,0.25,1.0,0.25
rho_0.3,0.9210934744009825,0.05635630008776199,1.0,-1.400136727857199,5,75,200,3,2,100,0.0,0,0.3,0.0,0.0,1.0,0.3,1.0,1.0,0.25,1.0,0.25
rho_0.3,1.052006620073453,0.07448851940724646,1.0,0.6981830285700868,6,76,200,3,2,100,0.0,0,0.3,0.0,0.0,1.0,0.3,1.0,1.0,0.25,1.0,0.25
rho_0.3,0.939086613564345,0.05667576696591552,1.0,-1.074769512555304,7,77,200,3,2,100,0.0,0,0.3,0.0,0.0,1.0,0.3,1.0,1.0,0.25,1.0,0.25
rho_0.3,1.0700734126766247,0.08479368704656398,1.0,0.8263989350780828,8,78,200,3,2,100,0.0,0,0.3,0.0,0.0,1.0,0.3,1.0,1.0,0.25,1.0,0.25
rho_0.3,0.9017799964129632,0.07304032026982643,1.0,-1.344736759425359,9,79,200,3,2,100,0.0,0,0.3,0.0,0.0,1.0,0.3,1.0,1.0,0.25,1.0,0.25
rho_0.3,0.9436151924007352,0.07147297920655697,1.0,-0.7888968422081951,10,80,200,3,2,100,0.0,0,0.3,0.0,0.0,1.0,0.3,1.0,1.0,0.25,1.0,0.25
rho_0.3,0.8687598275947824,0.06578483671674507,1.0,-1.994991231342698,11,81,200,3,2,100,0.0,0,0.3,0.0,0.0,1.0,0.3,1.0,1.0,0.25,1.0,0.25
rho_0.3,1.0547084861503238,0.08064357191686078,1.0,0.67839859830025,12,82,200,3,2,100,0.0,0,0.3,0.0,0.0,1.0,0.3,1.0,1.0,0.25,1.0,0.25
rho_0.3,0.9865532335960576,0.07631880693728722,1.0,-0.1761920415631218,13,83,200,3,2,100,0.0,0,0.3,0.0,0.0,1.0,0.3,1.0,1.0,0.25,1.0,0.25
rho_0.3,1.0576663031557052,0.06564922168464665,1.0,0.8784004086554401,14,84,200,3,2,100,0.0,0,0.3,0.0,0.0,1.0,0.3,1.0,1.0,0.25,1.0,0.25
rho_0.3,1.0338121305836763,0.06197223055473827,1.0,0.5456013166060079,15,85,200,3,2,100,0.0,0,0.3,0.0,0.0,1.0,0.3,1.0,1.0,0.25,1.0,0.25
rho_0.3,0.8630222879980297,0.06935895607653407,1.0,-1.9749102315038072,16,86,200,3,2,100,0.0,0,0.3,0.0,0.0,1.0,0.3,1.0,1.0,0.25,1.0,0.25
rho_0.3,0.9154237572870909,0.07182041238993037,1.0,-1.1776073110486227,17,87,200,3,2,100,0.0,0,0.3,0.0,0.0,1.0,0.3,1.0,1.0,0.25,1.0,0.25
rho_0.3,0.9843935796644756,0.0790695297518417,1.0,-0.19737590933580693,18,88,200,3,2,100,0.0,0,0.3,0.0,0.0,1.0,0.3,1.0,1.0,0.25,1.0,0.25
rho_0.3,0.9372379594056166,0.06895027220344362,1.0,-0.9102508023347418,19,89,200,3,2,100,0.0,0,0.3,0.0,0.0,1.0,0.3,1.0,1.0,0.25,1.0,0.25
rho_0.3,0.8502634544063177,0.07878454449122886,1.0,-1.9005827419660033,20,90,200,3,2,100,0.0,0,0.3,0.0,0.0,1.0,0.3,1.0,1.0,0.25,1.0,0.25
rho_0.3,1.1361421942191798,0.07621680137664535,1.0,1.7862491177817525,21,91,200,3,2,100,0.0,0,0.3,0.0,0.0,1.0,0.3,1.0,1.0,0.25,1.0,0.25
rho_0.3,0.9090397875833751,0.07079755411264681,1.0,-1.2847931479652113,22,92,200,3,2,100,0.0,0,0.3,0.0,0.0,1.0,0.3,1.0,1.0,0.25,1.0,0.25
rho_0.3,1.0473910309515053,0.06519329924609663,1.0,0.7269310113085403,23,93,200,3,2,100,0.0,0,0.3,0.0,0.0,1.0,0.3,1.0,1.0,0.25,1.0,0.25
rho_0.3,1.1396057502336783,0.06933564579057858,1.0,2.0134773195210953,24,94,200,3,2,100,0.0,0,0.3,0.0,0.0,1.0,0.3,1.0,1.0,0.25,1.0,0.25
rho_0.3,0.9066813820731692,0.06732770945808324,1.0,-1.3860358339522743,25,95,200,3,2,100,0.0,0,0.3,0.0,0.0,1.0,0.3,1.0,1.0,0.25,1.0,0.25
rho_0.3,1.0701346558735514,0.0711106022315332,1.0,0.9862756561278418,26,96,200,3,2,100,0.0,0,0.3,0.0,0.0,1.0,0.3,1.0,1.0,0.25,1.0,0.25
rho_0.3,0.9395639451788401,0.06747258695966182,1.0,-0.8957127263742133,27,97,200,3,2,100,0.0,0,0.3,0.0,0.0,1.0,0.3,1.0,1.0,0.25,1.0,0.25
rho_0.3,1.1276024573296497,0.06603432302012432,1.0,1.9323656470402846,28,98,200,3,2,100,0.0,0,0.3,0.0,0.0,1.0,0.3,1.0,1.0,0.25,1.0,0.25
rho_0.3,1.1123257221304879,0.0687235120071887,1.0,1.6344584094994772,29,99,200,3,2,100,0.0,0,0.3,0.0,0.0,1.0,0.3,1.0,1.0,0.25,1.0,0.25
rho_0.3,1.0122705138176216,0.06182351289119173,1.0,0.19847648966854162,30,100,200,3,2,100,0.0,0,0.3,0.0,0.0,1.0,0.3,1.0,1.0,0.25,1.0,0.25
rho_0.3,1.1486605952660018,0.07283129598118612,1.0,2.0411636682176306,31,101,200,3,2,100,0.0,0,0.3,0.0,0.0,1.0,0.3,1.0,1.0,0.25,1.0,0.25
rho_0.3,0.9916692216513641,0.06302533022586843,1.0,-0.13218143116077813,32,102,200,3,2,100,0.0,0,0.3,0.0,0.0,1.0,0.3,1.0,1.0,0.25,1.0,0.25
rho_0.3,0.9278414774859549,0.07656031435554796,1.0,-0.942505567296121,33,103,200,3,2,100,0.0,0,0.3,0.0,0.0,1.0,0.3,1.0,1.0,0.25,1.0,0.25
rho_0.3,0.921062649878779,0.0637514147019438,1.0,-1.2382054655614447,34,104,200,3,2,100,0.0,0,0.3,0.0,0.0,1.0,0.3,1.0,1.0,0.25,1.0,0.25
rho_0.3,0.8631098030905232,0.0768008994836451,1.0,-1.7824035633674813,35,105,200,3,2,100,0.0,0,0.3,0.0,0.0,1.0,0.3,1.0,1.0,0.25,1.0,0.25
rho_0.3,0.9507681299320878,0.06750886594657841,1.0,-0.7292652509800815,36,106,200,3,2,100,0.0,0,0.3,0.0,0.0,1.0,0.3,1.0,1.0,0.25,1.0,0.25
rho_0.3,0.9036244785337495,0.0749985597056644,1.0,-1.2850316305337204,37,107,200,3,2,100,0.0,0,0.3,0.0,0.0,1.0,0.3,1.0,1.0,0.25,1.0,0.25
rho_0.3,1.0049905022042513,0.07856798383312032,1.0,0.06351826737531224,38,108,200,3,2,100,0.0,0,0.3,0.0,0.0,1.0,0.3,1.0,1.0,0.25,1.0,0.25
rho_0.3,0.8606592262686544,0.0757877120485342,1.0,-1.8385668331313683,39,109,200,3,2,100,0.0,0,0.3,0.0,0.0,1.0,0.3,1.0,1.0,0.25,1.0,0.25
rho_0.3,1.0549514482461868,0.059336443521832385,1.0,0.9260994590275342,40,110,200,3,2,100,0.0,0,0.3,0.0,0.0,1.0,0.3,1.0,1.0,0.25,1.0,0.25
rho_0.3,1.0918947798281178,0.07696769726670141,1.0,1.193939575841699,41,111,200,3,2,100,0.0,0,0.3,0.0,0.0,1.0,0.3,1.0,1.0,0.25,1.0,0.25
rho_0.3,0.9036779186721167,0.0782668612350669,1.0,-1.2306879285549646,42,112,200,3,2,100,0.0,0,0.3,0.0,0.0,1.0,0.3,1.0,1.0,0.25,1.0,0.25
rho_0.3,1.0814265154264653,0.0724005421890685,1.0,1.124667205030401,43,113,200,3,2,100,0.0,0,0.3,0.0,0.0,1.0,0.3,1.0,1.0,0.25,1.0,0.25
rho_0.3,0.9719740024371804,0.06091024909903331,1.0,-0.46011956899490736,44,114,200,3,2,100,0.0,0,0.3,0.0,0.0,1.0,0.3,1.0,1.0,0.25,1.0,0.25
rho_0.3,0.9363048473204107,0.0812550519360734,1.0,-0.7838916001149169,45,115,200,3,2,100,0.0,0,0.3,0.0,0.0,1.0,0.3,1.0,1.0,0.25,1.0,0.25
rho_0.3,0.9409563000852254,0.07834623999412237,1.0,-0.7536251888948874,46,116,200,3,2,100,0.0,0,0.3,0.0,0.0,1.0,0.3,1.0,1.0,0.25,1.0,0.25
rho_0.3,1.2645375232229485,0.06911980462267792,1.0,3.8272319296480606,47,117,200,3,2,100,0.0,0,0.3,0.0,0.0,1.0,0.3,1.0,1.0,0.25,1.0,0.25
rho_0.3,0.9684481366995333,0.058311021223382754,1.0,-0.5410960507722055,48,118,200,3,2,100,0.0,0,0.3,0.0,0.0,1.0,0.3,1.0,1.0,0.25,1.0,0.25
rho_0.3,1.0340105947693612,0.08205377404990452,1.0,0.41449153513251186,49,119,200,3,2,100,0.0,0,0.3,0.0,0.0,1.0,0.3,1.0,1.0,0.25,1.0,0.25
rho_0.3,1.0268401550246218,0.06643736040566543,1.0,0.4039918934276774,50,120,200,3,2,100,0.0,0,0.3,0.0,0.0,1.0,0.3,1.0,1.0,0.25,1.0,0.25
rho_0.3,0.9216899529102267,0.0714023366252055,1.0,-1.0967434791500834,51,121,200,3,2,100,0.0,0,0.3,0.0,0.0,1.0,0.3,1.0,1.0,0.25,1.0,0.25
rho_0.3,1.001853683698525,0.06622295322511021,1.0,0.027991558942166546,52,122,200,3,2,100,0.0,0,0.3,0.0,0.0,1.0,0.3,1.0,1.0,0.25,1.0,0.25
rho_0.3,0.9978185612733026,0.07431017968531209,1.0,-0.02935585320793647,53,123,200,3,2,100,0.0,0,0.3,0.0,0.0,1.0,0.3,1.0,1.0,0.25,1.0,0.25
rho_0.3,0.8724640217219904,0.086210434499865,1.0,-1.4793566349350584,54,124,200,3,2,100,0.0,0,0.3,0.0,0.0,1.0,0.3,1.0,1.0,0.25,1.0,0.25
rho_0.3,0.9767527170452553,0.0650368995649084,1.0,-0.35744758914196556,55,125,200,3,2,100,0.0,0,0.3,0.0,0.0,1.0,0.3,1.0,1.0,0.25,1.0,0.25
rho_0.3,0.8878324673387136,0.06552510754193806,1.0,-1.711825235685356,56,126,200,3,2,100,0.0,0,0.3,0.0,0.0,1.0,0.3,1.0,1.0,0.25,1.0,0.25
rho_0.3,0.9035291688514905,0.0891809195739648,1.0,-1.0817429514000314,57,127,200,3,2,100,0.0,0,0.3,0.0,0.0,1.0,0.3,1.0,1.0,0.25,1.0,0.25
rho_0.3,0.9155516477437711,0.06345246517341929,1.0,-1.3308915898764004,58,128,200,3,2,100,0.0,0,0.3,0.0,0.0,1.0,0.3,1.0,1.0,0.25,1.0,0.25
rho_0.3,0.8154895578409892,0.08086530678908901,1.0,-2.2817008861444945,59,129,200,3,2,100,0.0,0,0.3,0.0,0.0,1.0,0.3,1.0,1.0,0.25,1.0,0.25
rho_0.3,1.0467734924458254,0.07318869766217485,1.0,0.639080813566638,60,130,200,3,2,100,0.0,0,0.3,0.0,0.0,1.0,0.3,1.0,1.0,0.25,1.0,0.25
rho_0.3,0.8903840929955309,0.08155415167396263,1.0,-1.3440873916841392,61,131,200,3,2,100,0.0,0,0.3,0.0,0.0,1.0,0.3,1.0,1.0,0.25,1.0,0.25
rho_0.3,1.0543996232785111,0.0653176719945344,1.0,0.8328469404583667,62,132,200,3,2,100,0.0,0,0.3,0.0,0.0,1.0,0.3,1.0,1.0,0.25,1.0,0.25
rho_0.3,0.9614610090208142,0.05648696182094628,1.0,-0.6822634770364814,63,133,200,3,2,100,0.0,0,0.3,0.0,0.0,1.0,0.3,1.0,1.0,0.25,1.0,0.25
rho_0.3,1.0170423729208005,0.07020309955679295,1.0,0.24275812647009287,64,134,200,3,2,100,0.0,0,0.3,0.0,0.0,1.0,0.3,1.0,1.0,0.25,1.0,0.25
rho_0.3,0.9872437944836245,0.07381881328107773,1.0,-0.1728042615343061,65,135,200,3,2,100,0.0,0,0.3,0.0,0.0,1.0,0.3,1.0,1.0,0.25,1.0,0.25
rho_0.3,0.8725251011554384,0.06209695545109617,1.0,-2.0528365347147046,66,136,200,3,2,100,0.0,0,0.3,0.0,0.0,1.0,0.3,1.0,1.0,0.25,1.0,0.25
rho_0.3,0.8964460787005128,0.07066108005443449,1.0,-1.4655015352116516,67,137,200,3,2,100,0.0,0,0.3,0.0,0.0,1.0,0.3,1.0,1.0,0.25,1.0,0.25
rho_0.3,0.9907491932436248,0.05969546787519287,1.0,-0.15496665133299872,68,138,200,3,2,100,0.0,0,0.3,0.0,0.0,1.0,0.3,1.0,1.0,0.25,1.0,0.25
rho_0.3,0.9114828074005124,0.06958088504974838,1.0,-1.272148127121412,69,139,200,3,2,100,0.0,0,0.3,0.0,0.0,1.0,0.3,1.0,1.0,0.25,1.0,0.25
rho_0.3,1.0513798333398252,0.07204346073437036,1.0,0.7131783067621711,70,140,200,3,2,100,0.0,0,0.3,0.0,0.0,1.0,0.3,1.0,1.0,0.25,1.0,0.25
rho_0.3,0.948807809462447,0.08093599111092384,1.0,-0.6325021765334709,71,141,200,3,2,100,0.0,0,0.3,0.0,0.0,1.0,0.3,1.0,1.0,0.25,1.0,0.25
rho_0.3,1.0452112242749123,0.06932233627471919,1.0,0.6521884100348788,72,142,200,3,2,100,0.0,0,0.3,0.0,0.0,1.0,0.3,1.0,1.0,0.25,1.0,0.25
rho_0.3,1.0690391567477204,0.07812401984833799,1.0,0.8837122933733571,73,143,200,3,2,100,0.0,0,0.3,0.0,0.0,1.0,0.3,1.0,1.0,0.25,1.0,0.25
rho_0.3,1.0216684877861746,0.0653135958410847,1.0,0.33176075374714387,74,144,200,3,2,100,0.0,0,0.3,0.0,0.0,1.0,0.3,1.0,1.0,0.25,1.0,0.25
rho_0.3,0.9393804018592301,0.062740219989839,1.0,-0.9661999615332469,75,145,200,3,2,100,0.0,0,0.3,0.0,0.0,1.0,0.3,1.0,1.0,0.25,1.0,0.25
rho_0.3,0.8598263036856354,0.07868652863820394,1.0,-1.7814192434244376,76,146,200,3,2,100,0.0,0,0.3,0.0,0.0,1.0,0.3,1.0,1.0,0.25,1.0,0.25
rho_0.3,1.0186927003175543,0.07372387821450059,1.0,0.2535501491547646,77,147,200,3,2,100,0.0,0,0.3,0.0,0.0,1.0,0.3,1.0,1.0,0.25,1.0,0.25
rho_0.3,1.0168225369635624,0.07731986871729,1.0,0.21757068710336025,78,148,200,3,2,100,0.0,0,0.3,0.0,0.0,1.0,0.3,1.0,1.0,0.25,1.0,0.25
rho_0.3,0.9377926565357939,0.06854747092965591,1.0,-0.9075074925527724,79,149,200,3,2,100,0.0,0,0.3,0.0,0.0,1.0,0.3,1.0,1.0,0.25,1.0,0.25
rho_0.3,1.0760950124906894,0.05991838780513649,1.0,1.269977635883023,80,150,200,3,2,100,0.0,0,0.3,0.0,0.0,1.0,0.3,1.0,1.0,0.25,1.0,0.25
rho_0.3,0.859764010408146,0.06311173374349102,1.0,-2.2220272091054247,81,151,200,3,2,100,0.0,0,0.3,0.0,0.0,1.0,0.3,1.0,1.0,0.25,1.0,0.25
rho_0.3,1.0312629752611697,0.07694472065380352,1.0,0.4063043571479174,82,152,200,3,2,100,0.0,0,0.3,0.0,0.0,1.0,0.3,1.0,1.0,0.25,1.0,0.25
rho_0.3,0.8899922158050719,0.07297624999088037,1.0,-1.5074463843877346,83,153,200,3,2,100,0.0,0,0.3,0.0,0.0,1.0,0.3,1.0,1.0,0.25,1.0,0.25
rho_0.3,0.9670055961132473,0.08116687406377746,1.0,-0.40650085724413987,84,154,200,3,2,100,0.0,0,0.3,0.0,0.0,1.0,0.3,1.0,1.0,0.25,1.0,0.25
rho_0.3,0.9597416951084087,0.07413669230865302,1.0,-0.5430280693395932,85,155,200,3,2,100,0.0,0,0.3,0.0,0.0,1.0,0.3,1.0,1.0,0.25,1.0,0.25
rho_0.3,0.7770594472252952,0.07348427556246544,1.0,-3.0338538560565085,86,156,200,3,2,100,0.0,0,0.3,0.0,0.0,1.0,0.3,1.0,1.0,0.25,1.0,0.25
rho_0.3,0.9887784621296019,0.06924246589729101,1.0,-0.16206149976003625,87,157,200,3,2,100,0.0,0,0.3,0.0,0.0,1.0,0.3,1.0,1.0,0.25,1.0,0.25
rho_0.3,0.8781642907101865,0.0641171590564029,1.0,-1.9002044239458025,88,158,200,3,2,100,0.0,0,0.3,0.0,0.0,1.0,0.3,1.0,1.0,0.25,1.0,0.25
rho_0.3,0.9909927007175394,0.07384525382553309,1.0,-0.12197533105839461,89,159,200,3,2,100,0.0,0,0.3,0.0,0.0,1.0,0.3,1.0,1.0,0.25,1.0,0.25
rho_0.3,1.1018194505774088,0.07718723830213176,1.0,1.3191228604249308,90,160,200,3,2,100,0.0,0,0.3,0.0,0.0,1.0,0.3,1.0,1.0,0.25,1.0,0.25
rho_0.3,0.8603183550843103,0.06868247934956691,1.0,-2.0337303812922194,91,161,200,3,2,100,0.0,0,0.3,0.0,0.0,1.0,0.3,1.0,1.0,0.25,1.0,0.25
rho_0.3,1.2663469319732925,0.06714771740613194,1.0,3.9665820710231565,92,162,200,3,2,100,0.0,0,0.3,0.0,0.0,1.0,0.3,1.0,1.0,0.25,1.0,0.25
rho_0.3,1.0045480644059521,0.0787683506095224,1.0,0.057739744081962564,93,163,200,3,2,100,0.0,0,0.3,0.0,0.0,1.0,0.3,1.0,1.0,0.25,1.0,0.25
rho_0.3,0.9612310115021903,0.07395802806015153,1.0,-0.5242025715758424,94,164,200,3,2,100,0.0,0,0.3,0.0,0.0,1.0,0.3,1.0,1.0,0.25,1.0,0.25
rho_0.3,0.9412991644870853,0.08171497146702873,1.0,-0.7183608396241071,95,165,200,3,2,100,0.0,0,0.3,0.0,0.0,1.0,0.3,1.0,1.0,0.25,1.0,0.25
rho_0.3,0.8408922033195633,0.07616579018812523,1.0,-2.088966664528122,96,166,200,3,2,100,0.0,0,0.3,0.0,0.0,1.0,0.3,1.0,1.0,0.25,1.0,0.25
rho_0.3,0.9975170687839124,0.08605071806120046,1.0,-0.02885427654795005,97,167,200,3,2,100,0.0,0,0.3,0.0,0.0,1.0,0.3,1.0,1.0,0.25,1.0,0.25
rho_0.3,0.9118180161517289,0.05863161614304648,1.0,-1.5040005657208757,98,168,200,3,2,100,0.0,0,0.3,0.0,0.0,1.0,0.3,1.0,1.0,0.25,1.0,0.25
rho_0.3,1.034232059763864,0.0726824661336216,1.0,0.4709809887426035,99,169,200,3,2,100,0.0,0,0.3,0.0,0.0,1.0,0.3,1.0,1.0,0.25,1.0,0.25
rho_0.5,1.0383743526073497,0.07548182671895082,1.0,0.508391943801689,0,71,200,3,2,100,0.0,0,0.3,0.0,0.0,1.0,0.5,1.0,1.0,0.25,1.0,0.25
rho_0.5,1.0013120237530149,0.06577660749427432,1.0,0.019946661936450227,1,72,200,3,2,100,0.0,0,0.3,0.0,0.0,1.0,0.5,1.0,1.0,0.25,1.0,0.25
rho_0.5,0.8942386869733735,0.08009775064493782,1.0,-1.3204030347300473,2,73,200,3,2,100,0.0,0,0.3,0.0,0.0,1.0,0.5,1.0,1.0,0.25,1.0,0.25
rho_0.5,1.0467508167332418,0.07328637138665597,1.0,0.6379196547552659,3,74,200,3,2,100,0.0,0,0.3,0.0,0.0,1.0,0.5,1.0,1.0,0.25,1.0,0.25
rho_0.5,0.9104824532411372,0.0565707579389083,1.0,-1.582399635789471,4,75,200,3,2,100,0.0,0,0.3,0.0,0.0,1.0,0.5,1.0,1.0,0.25,1.0,0.25
rho_0.5,0.9787869930648975,0.07489904914293562,1.0,-0.28322131158995245,5,76,200,3,2,100,0.0,0,0.3,0.0,0.0,1.0,0.5,1.0,1.0,0.25,1.0,0.25
rho_0.5,0.9460566375478929,0.0598247300686072,1.0,-0.9016900266870346,6,77,200,3,2,100,0.0,0,0.3,0.0,0.0,1.0,0.5,1.0,1.0,0.25,1.0,0.25
rho_0.5,1.058610166931695,0.08562666986984654,1.0,0.6844849510179836,7,78,200,3,2,100,0.0,0,0.3,0.0,0.0,1.0,0.5,1.0,1.0,0.25,1.0,0.25
rho_0.5,0.9426587408325094,0.07460398633103682,1.0,-0.7686085152749457,8,79,200,3,2,100,0.0,0,0.3,0.0,0.0,1.0,0.5,1.0,1.0,0.25,1.0,0.25
rho_0.5,0.914654235354597,0.07755303435770788,1.0,-1.1004825968736658,9,80,200,3,2,100,0.0,0,0.3,0.0,0.0,1.0,0.5,1.0,1.0,0.25,1.0,0.25
rho_0.5,0.8729298453320603,0.06752105828445429,1.0,-1.8819336944130167,10,81,200,3,2,100,0.0,0,0.3,0.0,0.0,1.0,0.5,1.0,1.0,0.25,1.0,0.25
rho_0.5,1.0657340401848745,0.08321260747252791,1.0,0.7899528951376287,11,82,200,3,2,100,0.0,0,0.3,0.0,0.0,1.0,0.5,1.0,1.0,0.25,1.0,0.25
rho_0.5,0.9555976695051858,0.07446903859718715,1.0,-0.5962522322195174,12,83,200,3,2,100,0.0,0,0.3,0.0,0.0,1.0,0.5,1.0,1.0,0.25,1.0,0.25
rho_0.5,1.0429305955943322,0.0687569425424051,1.0,0.6243819752144336,13,84,200,3,2,100,0.0,0,0.3,0.0,0.0,1.0,0.5,1.0,1.0,0.25,1.0,0.25
rho_0.5,0.9992559537465636,0.06603599138387789,1.0,-0.011267283762139953,14,85,200,3,2,100,0.0,0,0.3,0.0,0.0,1.0,0.5,1.0,1.0,0.25,1.0,0.25
rho_0.5,0.8765156939584976,0.0681678613165642,1.0,-1.8114739652466811,15,86,200,3,2,100,0.0,0,0.3,0.0,0.0,1.0,0.5,1.0,1.0,0.25,1.0,0.25
rho_0.5,0.9345159562461438,0.06764283733353002,1.0,-0.9680854076385154,16,87,200,3,2,100,0.0,0,0.3,0.0,0.0,1.0,0.5,1.0,1.0,0.25,1.0,0.25
rho_0.5,0.9911358409675803,0.07485802470791586,1.0,-0.11841294326167706,17,88,200,3,2,100,0.0,0,0.3,0.0,0.0,1.0,0.5,1.0,1.0,0.25,1.0,0.25
rho_0.5,0.944538681874297,0.06842718297004534,1.0,-0.810515875686154,18,89,200,3,2,100,0.0,0,0.3,0.0,0.0,1.0,0.5,1.0,1.0,0.25,1.0,0.25
rho_0.5,0.8420856211698787,0.07855829893604406,1.0,-2.010155272820796,19,90,200,3,2,100,0.0,0,0.3,0.0,0.0,1.0,0.5,1.0,1.0,0.25,1.0,0.25
rho_0.5,1.1186908397658186,0.0771857837672722,1.0,1.5377292808697904,20,91,200,3,2,100,0.0,0,0.3,0.0,0.0,1.0,0.5,1.0,1.0,0.25,1.0,0.25
rho_0.5,0.9177789879960989,0.06928538285288567,1.0,-1.1867006952748138,21,92,200,3,2,100,0.0,0,0.3,0.0,0.0,1.0,0.5,1.0,1.0,0.25,1.0,0.25
rho_0.5,1.0644979666601055,0.06377445288932967,1.0,1.011344884009141,22,93,200,3,2,100,0.0,0,0.3,0.0,0.0,1.0,0.5,1.0,1.0,0.25,1.0,0.25
rho_0.5,1.128743608679219,0.07071845514215028,1.0,1.8205093482377857,23,94,200,3,2,100,0.0,0,0.3,0.0,0.0,1.0,0.5,1.0,1.0,0.25,1.0,0.25
rho_0.5,0.8670903303772484,0.06505013961321487,1.0,-2.0431880763519708,24,95,200,3,2,100,0.0,0,0.3,0.0,0.0,1.0,0.5,1.0,1.0,0.25,1.0,0.25
rho_0.5,1.0208582416781926,0.06651402998149954,1.0,0.3135916089281345,25,96,200,3,2,100,0.0,0,0.3,0.0,0.0,1.0,0.5,1.0,1.0,0.25,1.0,0.25
rho_0.5,0.97118314534181,0.0657401825289043,1.0,-0.4383446097905175,26,97,200,3,2,100,0.0,0,0.3,0.0,0.0,1.0,0.5,1.0,1.0,0.25,1.0,0.25
rho_0.5,1.0919455857929496,0.06616791353901787,1.0,1.389579644803689,27,98,200,3,2,100,0.0,0,0.3,0.0,0.0,1.0,0.5,1.0,1.0,0.25,1.0,0.25
rho_0.5,1.1348207014730811,0.06965546783296804,1.0,1.9355365151861097,28,99,200,3,2,100,0.0,0,0.3,0.0,0.0,1.0,0.5,1.0,1.0,0.25,1.0,0.25
rho_0.5,1.0324455786247735,0.060657272075454696,1.0,0.5349000625087914,29,100,200,3,2,100,0.0,0,0.3,0.0,0.0,1.0,0.5,1.0,1.0,0.25,1.0,0.25
rho_0.5,1.1585773334803129,0.07705557145693814,1.0,2.057960644272588,30,101,200,3,2,100,0.0,0,0.3,0.0,0.0,1.0,0.5,1.0,1.0,0.25,1.0,0.25
rho_0.5,0.9804074794828304,0.06115576984409837,1.0,-0.3203707608802238,31,102,200,3,2,100,0.0,0,0.3,0.0,0.0,1.0,0.5,1.0,1.0,0.25,1.0,0.25
rho_0.5,0.9235030980548101,0.07581933179361836,1.0,-1.0089366410326048,32,103,200,3,2,100,0.0,0,0.3,0.0,0.0,1.0,0.5,1.0,1.0,0.25,1.0,0.25
rho_0.5,0.9107544864816528,0.06632821046358428,1.0,-1.3455136644662689,33,104,200,3,2,100,0.0,0,0.3,0.0,0.0,1.0,0.5,1.0,1.0,0.25,1.0,0.25
rho_0.5,0.8811789284444252,0.07227977121878938,1.0,-1.6439049204500913,34,105,200,3,2,100,0.0,0,0.3,0.0,0.0,1.0,0.5,1.0,1.0,0.25,1.0,0.25
rho_0.5,0.9808888427931058,0.07563988974541337,1.0,-0.2526597708063557,35,106,200,3,2,100,0.0,0,0.3,0.0,0.0,1.0,0.5,1.0,1.0,0.25,1.0,0.25
rho_0.5,0.934107253489343,0.07391990779972543,1.0,-0.8914073146463228,36,107,200,3,2,100,0.0,0,0.3,0.0,0.0,1.0,0.5,1.0,1.0,0.25,1.0,0.25
rho_0.5,1.016734153582913,0.0789017728161346,1.0,0.2120884358569332,37,108,200,3,2,100,0.0,0,0.3,0.0,0.0,1.0,0.5,1.0,1.0,0.25,1.0,0.25
rho_0.5,0.8308991978133214,0.07683247123293316,1.0,-2.2009028145667124,38,109,200,3,2,100,0.0,0,0.3,0.0,0.0,1.0,0.5,1.0,1.0,0.25,1.0,0.25
rho_0.5,1.0185227263761636,0.057729385431602526,1.0,0.32085438356362234,39,110,200,3,2,100,0.0,0,0.3,0.0,0.0,1.0,0.5,1.0,1.0,0.25,1.0,0.25
rho_0.5,1.0915198334212244,0.07551263533805952,1.0,1.2119803925727513,40,111,200,3,2,100,0.0,0,0.3,0.0,0.0,1.0,0.5,1.0,1.0,0.25,1.0,0.25
rho_0.5,0.9377225147206086,0.07655941527217812,1.0,-0.8134529901774623,41,112,200,3,2,100,0.0,0,0.3,0.0,0.0,1.0,0.5,1.0,1.0,0.25,1.0,0.25
rho_0.5,1.0615034338435476,0.07030418725665298,1.0,0.8748189296182706,42,113,200,3,2,100,0.0,0,0.3,0.0,0.0,1.0,0.5,1.0,1.0,0.25,1.0,0.25
rho_0.5,0.9399678946174971,0.06151085996229882,1.0,-0.975959455278267,43,114,200,3,2,100,0.0,0,0.3,0.0,0.0,1.0,0.5,1.0,1.0,0.25,1.0,0.25
rho_0.5,0.9561260159625748,0.08231731899702302,1.0,-0.5329860662616069,44,115,200,3,2,100,0.0,0,0.3,0.0,0.0,1.0,0.5,1.0,1.0,0.25,1.0,0.25
rho_0.5,0.9450474888197579,0.07742351847078772,1.0,-0.7097650980686959,45,116,200,3,2,100,0.0,0,0.3,0.0,0.0,1.0,0.5,1.0,1.0,0.25,1.0,0.25
rho_0.5,1.246744438482038,0.07323123286216993,1.0,3.3693880170833816,46,117,200,3,2,100,0.0,0,0.3,0.0,0.0,1.0,0.5,1.0,1.0,0.25,1.0,0.25
rho_0.5,0.980211627131176,0.05751378063013431,1.0,-0.34406315585617836,47,118,200,3,2,100,0.0,0,0.3,0.0,0.0,1.0,0.5,1.0,1.0,0.25,1.0,0.25
rho_0.5,1.0170647690769488,0.07794388008940775,1.0,0.2189366125650164,48,119,200,3,2,100,0.0,0,0.3,0.0,0.0,1.0,0.5,1.0,1.0,0.25,1.0,0.25
rho_0.5,1.0509035034322793,0.06764125068806523,1.0,0.7525511860658257,49,120,200,3,2,100,0.0,0,0.3,0.0,0.0,1.0,0.5,1.0,1.0,0.25,1.0,0.25
rho_0.5,0.9237800342763414,0.07118763534087594,1.0,-1.0706910737895114,50,121,200,3,2,100,0.0,0,0.3,0.0,0.0,1.0,0.5,1.0,1.0,0.25,1.0,0.25
rho_0.5,0.9895727159856997,0.06840600223097289,1.0,-0.15243229649779177,51,122,200,3,2,100,0.0,0,0.3,0.0,0.0,1.0,0.5,1.0,1.0,0.25,1.0,0.25
rho_0.5,0.9727510247778336,0.0771175775352681,1.0,-0.3533432466768638,52,123,200,3,2,100,0.0,0,0.3,0.0,0.0,1.0,0.5,1.0,1.0,0.25,1.0,0.25
rho_0.5,0.8751932751563192,0.08848380827802328,1.0,-1.4105035403938313,53,124,200,3,2,100,0.0,0,0.3,0.0,0.0,1.0,0.5,1.0,1.0,0.25,1.0,0.25
rho_0.5,0.965789956439929,0.055427226681419736,1.0,-0.6172064815131517,54,125,200,3,2,100,0.0,0,0.3,0.0,0.0,1.0,0.5,1.0,1.0,0.25,1.0,0.25
rho_0.5,0.9029140396613407,0.06391413247351883,1.0,-1.5190061506175399,55,126,200,3,2,100,0.0,0,0.3,0.0,0.0,1.0,0.5,1.0,1.0,0.25,1.0,0.25
rho_0.5,0.9400267967013493,0.08674031844867078,1.0,-0.6914109190657437,56,127,200,3,2,100,0.0,0,0.3,0.0,0.0,1.0,0.5,1.0,1.0,0.25,1.0,0.25
rho_0.5,0.9530306078686116,0.0614344654689665,1.0,-0.7645446537679228,57,128,200,3,2,100,0.0,0,0.3,0.0,0.0,1.0,0.5,1.0,1.0,0.25,1.0,0.25
rho_0.5,0.8200382598415518,0.07758477267962594,1.0,-2.3195497511035037,58,129,200,3,2,100,0.0,0,0.3,0.0,0.0,1.0,0.5,1.0,1.0,0.25,1.0,0.25
rho_0.5,1.0556847023844373,0.07302574694947385,1.0,0.7625351976607005,59,130,200,3,2,100,0.0,0,0.3,0.0,0.0,1.0,0.5,1.0,1.0,0.25,1.0,0.25
rho_0.5,0.8956549955249881,0.08553285100081315,1.0,-1.2199406807335342,60,131,200,3,2,100,0.0,0,0.3,0.0,0.0,1.0,0.5,1.0,1.0,0.25,1.0,0.25
rho_0.5,1.0775344068021335,0.06332081482341184,1.0,1.224469505301856,61,132,200,3,2,100,0.0,0,0.3,0.0,0.0,1.0,0.5,1.0,1.0,0.25,1.0,0.25
rho_0.5,0.903014777103937,0.0540520431164714,1.0,-1.7942933754988535,62,133,200,3,2,100,0.0,0,0.3,0.0,0.0,1.0,0.5,1.0,1.0,0.25,1.0,0.25
rho_0.5,1.0238664005533997,0.07240629856830164,1.0,0.32961774079483286,63,134,200,3,2,100,0.0,0,0.3,0.0,0.0,1.0,0.5,1.0,1.0,0.25,1.0,0.25
rho_0.5,0.9901619050764796,0.07943809987581946,1.0,-0.12384605043297436,64,135,200,3,2,100,0.0,0,0.3,0.0,0.0,1.0,0.5,1.0,1.0,0.25,1.0,0.25
rho_0.5,0.8888035329822919,0.0608556070577423,1.0,-1.827218105181341,65,136,200,3,2,100,0.0,0,0.3,0.0,0.0,1.0,0.5,1.0,1.0,0.25,1.0,0.25
rho_0.5,0.9078818318868606,0.06954139935801401,1.0,-1.3246522066502486,66,137,200,3,2,100,0.0,0,0.3,0.0,0.0,1.0,0.5,1.0,1.0,0.25,1.0,0.25
rho_0.5,0.9801813643588223,0.06066760857199565,1.0,-0.3266757353334352,67,138,200,3,2,100,0.0,0,0.3,0.0,0.0,1.0,0.5,1.0,1.0,0.25,1.0,0.25
rho_0.5,0.9444384329337719,0.06902195044104797,1.0,-0.8049840190141178,68,139,200,3,2,100,0.0,0,0.3,0.0,0.0,1.0,0.5,1.0,1.0,0.25,1.0,0.25
rho_0.5,1.0561560642355292,0.07597795808593165,1.0,0.73910994254434,69,140,200,3,2,100,0.0,0,0.3,0.0,0.0,1.0,0.5,1.0,1.0,0.25,1.0,0.25
rho_0.5,0.9441241008193259,0.07606908196723038,1.0,-0.7345415211497465,70,141,200,3,2,100,0.0,0,0.3,0.0,0.0,1.0,0.5,1.0,1.0,0.25,1.0,0.25
rho_0.5,1.0258613553776377,0.06446631137536675,1.0,0.40116077414535567,71,142,200,3,2,100,0.0,0,0.3,0.0,0.0,1.0,0.5,1.0,1.0,0.25,1.0,0.25
rho_0.5,1.0546024772205818,0.07379052188069467,1.0,0.7399659987344126,72,143,200,3,2,100,0.0,0,0.3,0.0,0.0,1.0,0.5,1.0,1.0,0.25,1.0,0.25
rho_0.5,1.0307324901085582,0.0640925977971939,1.0,0.47950139586795926,73,144,200,3,2,100,0.0,0,0.3,0.0,0.0,1.0,0.5,1.0,1.0,0.25,1.0,0.25
rho_0.5,0.9315166430784222,0.06847194991255966,1.0,-1.000166593897687,74,145,200,3,2,100,0.0,0,0.3,0.0,0.0,1.0,0.5,1.0,1.0,0.25,1.0,0.25
rho_0.5,0.8954546083551191,0.07842979022191743,1.0,-1.332980635917414,75,146,200,3,2,100,0.0,0,0.3,0.0,0.0,1.0,0.5,1.0,1.0,0.25,1.0,0.25
rho_0.5,1.013107402316169,0.07615767229701267,1.0,0.17210875701466483,76,147,200,3,2,100,0.0,0,0.3,0.0,0.0,1.0,0.5,1.0,1.0,0.25,1.0,0.25
rho_0.5,1.007369553642814,0.08099606464995349,1.0,0.09098656428140708,77,148,200,3,2,100,0.0,0,0.3,0.0,0.0,1.0,0.5,1.0,1.0,0.25,1.0,0.25
rho_0.5,0.9253086826430388,0.07335343726881972,1.0,-1.0182388193103826,78,149,200,3,2,100,0.0,0,0.3,0.0,0.0,1.0,0.5,1.0,1.0,0.25,1.0,0.25
rho_0.5,1.0449571768313617,0.05801275423600169,1.0,0.7749533257543918,79,150,200,3,2,100,0.0,0,0.3,0.0,0.0,1.0,0.5,1.0,1.0,0.25,1.0,0.25
rho_0.5,0.8757262456846334,0.06546951200859032,1.0,-1.8981927694689478,80,151,200,3,2,100,0.0,0,0.3,0.0,0.0,1.0,0.5,1.0,1.0,0.25,1.0,0.25
rho_0.5,1.0379027976607977,0.07376960276176142,1.0,0.5137996714338376,81,152,200,3,2,100,0.0,0,0.3,0.0,0.0,1.0,0.5,1.0,1.0,0.25,1.0,0.25
rho_0.5,0.9324302952174497,0.07272129472778466,1.0,-0.9291598153674501,82,153,200,3,2,100,0.0,0,0.3,0.0,0.0,1.0,0.5,1.0,1.0,0.25,1.0,0.25
rho_0.5,1.0022060010451201,0.08188106010795147,1.0,0.02694153009513757,83,154,200,3,2,100,0.0,0,0.3,0.0,0.0,1.0,0.5,1.0,1.0,0.25,1.0,0.25
rho_0.5,0.9202845090922313,0.0680771469557606,1.0,-1.1709581625030678,84,155,200,3,2,100,0.0,0,0.3,0.0,0.0,1.0,0.5,1.0,1.0,0.25,1.0,0.25
rho_0.5,0.8208642569943655,0.07469298384591846,1.0,-2.398294107183713,85,156,200,3,2,100,0.0,0,0.3,0.0,0.0,1.0,0.5,1.0,1.0,0.25,1.0,0.25
rho_0.5,0.9890243092669406,0.07020834050470885,1.0,-0.15633029714358848,86,157,200,3,2,100,0.0,0,0.3,0.0,0.0,1.0,0.5,1.0,1.0,0.25,1.0,0.25
rho_0.5,0.8819357785814016,0.06265855129954588,1.0,-1.8842475443484132,87,158,200,3,2,100,0.0,0,0.3,0.0,0.0,1.0,0.5,1.0,1.0,0.25,1.0,0.25
rho_0.5,0.928724403847079,0.07472592466387866,1.0,-0.9538268877035992,88,159,200,3,2,100,0.0,0,0.3,0.0,0.0,1.0,0.5,1.0,1.0,0.25,1.0,0.25
rho_0.5,1.1585813178388147,0.08171347205488377,1.0,1.9406997873288478,89,160,200,3,2,100,0.0,0,0.3,0.0,0.0,1.0,0.5,1.0,1.0,0.25,1.0,0.25
rho_0.5,0.8971346294902389,0.06507168763626175,1.0,-1.580800717583333,90,161,200,3,2,100,0.0,0,0.3,0.0,0.0,1.0,0.5,1.0,1.0,0.25,1.0,0.25
rho_0.5,1.279929685859259,0.0671361506010878,1.0,4.169582011375007,91,162,200,3,2,100,0.0,0,0.3,0.0,0.0,1.0,0.5,1.0,1.0,0.25,1.0,0.25
rho_0.5,1.073142725034435,0.0774761369828165,1.0,0.9440677850349891,92,163,200,3,2,100,0.0,0,0.3,0.0,0.0,1.0,0.5,1.0,1.0,0.25,1.0,0.25
rho_0.5,0.9584650322026307,0.07389029972335355,1.0,-0.5621166506683136,93,164,200,3,2,100,0.0,0,0.3,0.0,0.0,1.0,0.5,1.0,1.0,0.25,1.0,0.25
rho_0.5,0.9273481877020413,0.08028654483227708,1.0,-0.9049064503863287,94,165,200,3,2,100,0.0,0,0.3,0.0,0.0,1.0,0.5,1.0,1.0,0.25,1.0,0.25
rho_0.5,0.8286437462741747,0.0735461993526343,1.0,-2.329913105423953,95,166,200,3,2,100,0.0,0,0.3,0.0,0.0,1.0,0.5,1.0,1.0,0.25,1.0,0.25
rho_0.5,0.9817285039728924,0.08014918112028481,1.0,-0.22796859271321174,96,167,200,3,2,100,0.0,0,0.3,0.0,0.0,1.0,0.5,1.0,1.0,0.25,1.0,0.25
rho_0.5,0.8875020982370633,0.06159221462683495,1.0,-1.8264954823352433,97,168,200,3,2,100,0.0,0,0.3,0.0,0.0,1.0,0.5,1.0,1.0,0.25,1.0,0.25
rho_0.5,1.0815531335497512,0.07456785707950532,1.0,1.0936767763461155,98,169,200,3,2,100,0.0,0,0.3,0.0,0.0,1.0,0.5,1.0,1.0,0.25,1.0,0.25
rho_0.5,0.970449128275437,0.06214081335870186,1.0,-0.47554690914622394,99,170,200,3,2,100,0.0,0,0.3,0.0,0.0,1.0,0.5,1.0,1.0,0.25,1.0,0.25
rho_0.7,1.0443903464991167,0.06876764296406812,1.0,0.6455121127579017,0,72,200,3,2,100,0.0,0,0.3,0.0,0.0,1.0,0.7,1.0,1.0,0.25,1.0,0.25
rho_0.7,0.9457541090868746,0.07892214706414655,1.0,-0.6873342012481649,1,73,200,3,2,100,0.0,0,0.3,0.0,0.0,1.0,0.7,1.0,1.0,0.25,1.0,0.25
rho_0.7,1.0438016403823753,0.07657186941057527,1.0,0.5720330549527621,2,74,200,3,2,100,0.0,0,0.3,0.0,0.0,1.0,0.7,1.0,1.0,0.25,1.0,0.25
rho_0.7,0.917957612557173,0.055071637313436735,1.0,-1.4897393911840306,3,75,200,3,2,100,0.0,0,0.3,0.0,0.0,1.0,0.7,1.0,1.0,0.25,1.0,0.25
rho_0.7,1.0007100346235704,0.07966306853518115,1.0,0.008912971049525603,4,76,200,3,2,100,0.0,0,0.3,0.0,0.0,1.0,0.7,1.0,1.0,0.25,1.0,0.25
rho_0.7,0.9530250236020713,0.06097141556714835,1.0,-0.7704426075887109,5,77,200,3,2,100,0.0,0,0.3,0.0,0.0,1.0,0.7,1.0,1.0,0.25,1.0,0.25
rho_0.7,1.0261049378489167,0.08605036789604412,1.0,0.3033681143635964,6,78,200,3,2,100,0.0,0,0.3,0.0,0.0,1.0,0.7,1.0,1.0,0.25,1.0,0.25
rho_0.7,0.9207034923030564,0.07353871852610752,1.0,-1.0782960226427116,7,79,200,3,2,100,0.0,0,0.3,0.0,0.0,1.0,0.7,1.0,1.0,0.25,1.0,0.25
rho_0.7,0.9143747226122767,0.0802186958119735,1.0,-1.0673980238774066,8,80,200,3,2,100,0.0,0,0.3,0.0,0.0,1.0,0.7,1.0,1.0,0.25,1.0,0.25
rho_0.7,0.8704038408632899,0.06773084058873578,1.0,-1.91339953867726,9,81,200,3,2,100,0.0,0,0.3,0.0,0.0,1.0,0.7,1.0,1.0,0.25,1.0,0.25
rho_0.7,1.0540186983724076,0.08725226151473427,1.0,0.6191094354991069,10,82,200,3,2,100,0.0,0,0.3,0.0,0.0,1.0,0.7,1.0,1.0,0.25,1.0,0.25
rho_0.7,0.9839239790971743,0.07941163167826183,1.0,-0.2024391208577361,11,83,200,3,2,100,0.0,0,0.3,0.0,0.0,1.0,0.7,1.0,1.0,0.25,1.0,0.25
rho_0.7,1.103541449681739,0.06304144781154347,1.0,1.642434513738748,12,84,200,3,2,100,0.0,0,0.3,0.0,0.0,1.0,0.7,1.0,1.0,0.25,1.0,0.25
rho_0.7,0.9979813576837572,0.06415015049636656,1.0,-0.03146746033522025,13,85,200,3,2,100,0.0,0,0.3,0.0,0.0,1.0,0.7,1.0,1.0,0.25,1.0,0.25
rho_0.7,0.870279920835034,0.0673251522742401,1.0,-1.9267699334205497,14,86,200,3,2,100,0.0,0,0.3,0.0,0.0,1.0,0.7,1.0,1.0,0.25,1.0,0.25
rho_0.7,0.9331993382638197,0.06881203724684513,1.0,-0.9707700049128093,15,87,200,3,2,100,0.0,0,0.3,0.0,0.0,1.0,0.7,1.0,1.0,0.25,1.0,0.25
rho_0.7,0.9558314066029228,0.07739413989379691,1.0,-0.570696870043223,16,88,200,3,2,100,0.0,0,0.3,0.0,0.0,1.0,0.7,1.0,1.0,0.25,1.0,0.25
rho_0.7,0.9595952847164633,0.06953562928271442,1.0,-0.5810649260001847,17,89,200,3,2,100,0.0,0,0.3,0.0,0.0,1.0,0.7,1.0,1.0,0.25,1.0,0.25
rho_0.7,0.8549464198062975,0.07308825040412233,1.0,-1.984636099395823,18,90,200,3,2,100,0.0,0,0.3,0.0,0.0,1.0,0.7,1.0,1.0,0.25,1.0,0.25
rho_0.7,1.1214304461414881,0.07128076312148526,1.0,1.7035514327271122,19,91,200,3,2,100,0.0,0,0.3,0.0,0.0,1.0,0.7,1.0,1.0,0.25,1.0,0.25
rho_0.7,0.9070708786329534,0.07163513325655578,1.0,-1.297256208545435,20,92,200,3,2,100,0.0,0,0.3,0.0,0.0,1.0,0.7,1.0,1.0,0.25,1.0,0.25
rho_0.7,1.022554148786138,0.0622523254485532,1.0,0.3623021087746726,21,93,200,3,2,100,0.0,0,0.3,0.0,0.0,1.0,0.7,1.0,1.0,0.25,1.0,0.25
rho_0.7,1.150526409404728,0.0711410747199685,1.0,2.115886075621472,22,94,200,3,2,100,0.0,0,0.3,0.0,0.0,1.0,0.7,1.0,1.0,0.25,1.0,0.25
rho_0.7,0.8840965093643826,0.06905421657729484,1.0,-1.678441902325871,23,95,200,3,2,100,0.0,0,0.3,0.0,0.0,1.0,0.7,1.0,1.0,0.25,1.0,0.25
rho_0.7,0.9882081643282457,0.06672307190453838,1.0,-0.1767280092952718,24,96,200,3,2,100,0.0,0,0.3,0.0,0.0,1.0,0.7,1.0,1.0,0.25,1.0,0.25
rho_0.7,0.9347029957993547,0.06570453355691032,1.0,-0.9937975458586581,25,97,200,3,2,100,0.0,0,0.3,0.0,0.0,1.0,0.7,1.0,1.0,0.25,1.0,0.25
rho_0.7,1.0521047948500584,0.06632004735746239,1.0,0.7856567799057141,26,98,200,3,2,100,0.0,0,0.3,0.0,0.0,1.0,0.7,1.0,1.0,0.25,1.0,0.25
rho_0.7,1.1297676180192888,0.06748597295485796,1.0,1.9228828204950335,27,99,200,3,2,100,0.0,0,0.3,0.0,0.0,1.0,0.7,1.0,1.0,0.25,1.0,0.25
rho_0.7,1.0256516880994877,0.06261155900427354,1.0,0.40969572563648915,28,100,200,3,2,100,0.0,0,0.3,0.0,0.0,1.0,0.7,1.0,1.0,0.25,1.0,0.25
rho_0.7,1.125620473939098,0.07365557125333129,1.0,1.7055121805659266,29,101,200,3,2,100,0.0,0,0.3,0.0,0.0,1.0,0.7,1.0,1.0,0.25,1.0,0.25
rho_0.7,1.0160245589589645,0.05977583046145811,1.0,0.26807756304275354,30,102,200,3,2,100,0.0,0,0.3,0.0,0.0,1.0,0.7,1.0,1.0,0.25,1.0,0.25
rho_0.7,0.9115205495849416,0.0744773217049702,1.0,-1.188005266429362,31,103,200,3,2,100,0.0,0,0.3,0.0,0.0,1.0,0.7,1.0,1.0,0.25,1.0,0.25
rho_0.7,0.9205947774182366,0.06190476443487055,1.0,-1.2826996969725155,32,104,200,3,2,100,0.0,0,0.3,0.0,0.0,1.0,0.7,1.0,1.0,0.25,1.0,0.25
rho_0.7,0.8905082607117905,0.0698238506119238,1.0,-1.5681137366192703,33,105,200,3,2,100,0.0,0,0.3,0.0,0.0,1.0,0.7,1.0,1.0,0.25,1.0,0.25
rho_0.7,0.9681920087061135,0.07826363329996787,1.0,-0.40642109179844976,34,106,200,3,2,100,0.0,0,0.3,0.0,0.0,1.0,0.7,1.0,1.0,0.25,1.0,0.25
rho_0.7,0.9384571755087223,0.07677584626349183,1.0,-0.8015909623459572,35,107,200,3,2,100,0.0,0,0.3,0.0,0.0,1.0,0.7,1.0,1.0,0.25,1.0,0.25
rho_0.7,1.0124486888846493,0.07589970113742546,1.0,0.16401499212901383,36,108,200,3,2,100,0.0,0,0.3,0.0,0.0,1.0,0.7,1.0,1.0,0.25,1.0,0.25
rho_0.7,0.8696252327860399,0.07229265263550108,1.0,-1.803430396603491,37,109,200,3,2,100,0.0,0,0.3,0.0,0.0,1.0,0.7,1.0,1.0,0.25,1.0,0.25
rho_0.7,1.0144802709686163,0.05673206506118777,1.0,0.2552396242406956,38,110,200,3,2,100,0.0,0,0.3,0.0,0.0,1.0,0.7,1.0,1.0,0.25,1.0,0.25
rho_0.7,1.0852245525141895,0.07417973615676635,1.0,1.148892634695839,39,111,200,3,2,100,0.0,0,0.3,0.0,0.0,1.0,0.7,1.0,1.0,0.25,1.0,0.25
rho_0.7,0.9395456503655915,0.07586468601775018,1.0,-0.7968707551266204,40,112,200,3,2,100,0.0,0,0.3,0.0,0.0,1.0,0.7,1.0,1.0,0.25,1.0,0.25
rho_0.7,1.120338654867019,0.07839875116397212,1.0,1.5349562726494057,41,113,200,3,2,100,0.0,0,0.3,0.0,0.0,1.0,0.7,1.0,1.0,0.25,1.0,0.25
rho_0.7,0.9515173591158421,0.05796702439169494,1.0,-0.8363831228691478,42,114,200,3,2,100,0.0,0,0.3,0.0,0.0,1.0,0.7,1.0,1.0,0.25,1.0,0.25
rho_0.7,0.9059655818242253,0.08395351486330861,1.0,-1.1200772037821125,43,115,200,3,2,100,0.0,0,0.3,0.0,0.0,1.0,0.7,1.0,1.0,0.25,1.0,0.25
rho_0.7,0.9256143251649964,0.0787615774190536,1.0,-0.9444411510352582,44,116,200,3,2,100,0.0,0,0.3,0.0,0.0,1.0,0.7,1.0,1.0,0.25,1.0,0.25
rho_0.7,1.2464323941676583,0.06909609969850027,1.0,3.5665167099584796,45,117,200,3,2,100,0.0,0,0.3,0.0,0.0,1.0,0.7,1.0,1.0,0.25,1.0,0.25
rho_0.7,0.9529788538482369,0.05743353520386631,1.0,-0.8187054128717076,46,118,200,3,2,100,0.0,0,0.3,0.0,0.0,1.0,0.7,1.0,1.0,0.25,1.0,0.25
rho_0.7,0.9519410521600192,0.08381778748109318,1.0,-0.5733740925912826,47,119,200,3,2,100,0.0,0,0.3,0.0,0.0,1.0,0.7,1.0,1.0,0.25,1.0,0.25
rho_0.7,1.0702468000487795,0.06807770025087231,1.0,1.03186211916551,48,120,200,3,2,100,0.0,0,0.3,0.0,0.0,1.0,0.7,1.0,1.0,0.25,1.0,0.25
rho_0.7,0.9337602093318157,0.07383572760666442,1.0,-0.8971238290093791,49,121,200,3,2,100,0.0,0,0.3,0.0,0.0,1.0,0.7,1.0,1.0,0.25,1.0,0.25
rho_0.7,1.0025091064726677,0.06953800054637128,1.0,0.036082522548149386,50,122,200,3,2,100,0.0,0,0.3,0.0,0.0,1.0,0.7,1.0,1.0,0.25,1.0,0.25
rho_0.7,0.9846460242612329,0.08343389869628813,1.0,-0.18402562961438293,51,123,200,3,2,100,0.0,0,0.3,0.0,0.0,1.0,0.7,1.0,1.0,0.25,1.0,0.25
rho_0.7,0.8254872478655951,0.09319258094524469,1.0,-1.8726034880066242,52,124,200,3,2,100,0.0,0,0.3,0.0,0.0,1.0,0.7,1.0,1.0,0.25,1.0,0.25
rho_0.7,0.9839736578255001,0.05800650212370114,1.0,-0.27628527126705793,53,125,200,3,2,100,0.0,0,0.3,0.0,0.0,1.0,0.7,1.0,1.0,0.25,1.0,0.25
rho_0.7,0.8970416814969318,0.06288688813483459,1.0,-1.637198493306224,54,126,200,3,2,100,0.0,0,0.3,0.0,0.0,1.0,0.7,1.0,1.0,0.25,1.0,0.25
rho_0.7,0.9250188678096052,0.08797867058967825,1.0,-0.8522648920224953,55,127,200,3,2,100,0.0,0,0.3,0.0,0.0,1.0,0.7,1.0,1.0,0.25,1.0,0.25
rho_0.7,0.9069222309677268,0.06185803047546802,1.0,-1.5046998476485025,56,128,200,3,2,100,0.0,0,0.3,0.0,0.0,1.0,0.7,1.0,1.0,0.25,1.0,0.25
rho_0.7,0.8236576089340671,0.07687318247435494,1.0,-2.2939389965383707,57,129,200,3,2,100,0.0,0,0.3,0.0,0.0,1.0,0.7,1.0,1.0,0.25,1.0,0.25
rho_0.7,1.0199495356015276,0.07167054221784713,1.0,0.27835056055373064,58,130,200,3,2,100,0.0,0,0.3,0.0,0.0,1.0,0.7,1.0,1.0,0.25,1.0,0.25
rho_0.7,0.9215105640074625,0.08256798990990778,1.0,-0.9506036913116033,59,131,200,3,2,100,0.0,0,0.3,0.0,0.0,1.0,0.7,1.0,1.0,0.25,1.0,0.25
rho_0.7,1.0705977868855379,0.062480412667012826,1.0,1.1299187036709617,60,132,200,3,2,100,0.0,0,0.3,0.0,0.0,1.0,0.7,1.0,1.0,0.25,1.0,0.25
rho_0.7,0.9156286223368737,0.052366490552381885,1.0,-1.6111711281994374,61,133,200,3,2,100,0.0,0,0.3,0.0,0.0,1.0,0.7,1.0,1.0,0.25,1.0,0.25
rho_0.7,1.023016298060896,0.07201499133725622,1.0,0.3196042606338361,62,134,200,3,2,100,0.0,0,0.3,0.0,0.0,1.0,0.7,1.0,1.0,0.25,1.0,0.25
rho_0.7,1.0047329259479518,0.07834813222103194,1.0,0.06040891867848906,63,135,200,3,2,100,0.0,0,0.3,0.0,0.0,1.0,0.7,1.0,1.0,0.25,1.0,0.25
rho_0.7,0.8877929529406455,0.06467394993051358,1.0,-1.7349651162471287,64,136,200,3,2,100,0.0,0,0.3,0.0,0.0,1.0,0.7,1.0,1.0,0.25,1.0,0.25
rho_0.7,0.8844208572312173,0.06839013436336445,1.0,-1.6899973050893236,65,137,200,3,2,100,0.0,0,0.3,0.0,0.0,1.0,0.7,1.0,1.0,0.25,1.0,0.25
rho_0.7,0.9525577310252028,0.0585255516956323,1.0,-0.8106248911847125,66,138,200,3,2,100,0.0,0,0.3,0.0,0.0,1.0,0.7,1.0,1.0,0.25,1.0,0.25
rho_0.7,0.9550717956692969,0.07045802264439328,1.0,-0.6376591712977667,67,139,200,3,2,100,0.0,0,0.3,0.0,0.0,1.0,0.7,1.0,1.0,0.25,1.0,0.25
rho_0.7,1.005422036918056,0.07417573957550415,1.0,0.07309717367275918,68,140,200,3,2,100,0.0,0,0.3,0.0,0.0,1.0,0.7,1.0,1.0,0.25,1.0,0.25
rho_0.7,0.930035631442484,0.076272740390242,1.0,-0.917291921065772,69,141,200,3,2,100,0.0,0,0.3,0.0,0.0,1.0,0.7,1.0,1.0,0.25,1.0,0.25
rho_0.7,1.0467468092038743,0.07110477033843222,1.0,0.657435626068081,70,142,200,3,2,100,0.0,0,0.3,0.0,0.0,1.0,0.7,1.0,1.0,0.25,1.0,0.25
rho_0.7,1.0688538317766303,0.07372579283321846,1.0,0.9339178207603754,71,143,200,3,2,100,0.0,0,0.3,0.0,0.0,1.0,0.7,1.0,1.0,0.25,1.0,0.25
rho_0.7,1.0373799879878196,0.06471848096489298,1.0,0.5775782655976839,72,144,200,3,2,100,0.0,0,0.3,0.0,0.0,1.0,0.7,1.0,1.0,0.25,1.0,0.25
rho_0.7,0.9317335189496145,0.0737927023239672,1.0,-0.9251115476253962,73,145,200,3,2,100,0.0,0,0.3,0.0,0.0,1.0,0.7,1.0,1.0,0.25,1.0,0.25
rho_0.7,0.9206207950548669,0.0798528643790218,1.0,-0.9940683476094169,74,146,200,3,2,100,0.0,0,0.3,0.0,0.0,1.0,0.7,1.0,1.0,0.25,1.0,0.25
rho_0.7,0.9953431697243064,0.07217279697646509,1.0,-0.06452334495519395,75,147,200,3,2,100,0.0,0,0.3,0.0,0.0,1.0,0.7,1.0,1.0,0.25,1.0,0.25
rho_0.7,1.005231688676832,0.08971861955817809,1.0,0.058312184277863305,76,148,200,3,2,100,0.0,0,0.3,0.0,0.0,1.0,0.7,1.0,1.0,0.25,1.0,0.25
rho_0.7,0.9327985648606422,0.07017902881988115,1.0,-0.9575714607256037,77,149,200,3,2,100,0.0,0,0.3,0.0,0.0,1.0,0.7,1.0,1.0,0.25,1.0,0.25
rho_0.7,1.041404815390242,0.06024389367503869,1.0,0.6872865092947597,78,150,200,3,2,100,0.0,0,0.3,0.0,0.0,1.0,0.7,1.0,1.0,0.25,1.0,0.25
rho_0.7,0.8773080638564442,0.06678116200817291,1.0,-1.837223738762442,79,151,200,3,2,100,0.0,0,0.3,0.0,0.0,1.0,0.7,1.0,1.0,0.25,1.0,0.25
rho_0.7,1.0284979984373592,0.07450417856547076,1.0,0.38250201513619175,80,152,200,3,2,100,0.0,0,0.3,0.0,0.0,1.0,0.7,1.0,1.0,0.25,1.0,0.25
rho_0.7,0.9062188179476325,0.07279272906690185,1.0,-1.2883317228864404,81,153,200,3,2,100,0.0,0,0.3,0.0,0.0,1.0,0.7,1.0,1.0,0.25,1.0,0.25
rho_0.7,1.0172092842687952,0.08611793132431456,1.0,0.19983392545724477,82,154,200,3,2,100,0.0,0,0.3,0.0,0.0,1.0,0.7,1.0,1.0,0.25,1.0,0.25
rho_0.7,0.943517946554626,0.06692095290204256,1.0,-0.8440114940988849,83,155,200,3,2,100,0.0,0,0.3,0.0,0.0,1.0,0.7,1.0,1.0,0.25,1.0,0.25
rho_0.7,0.7734999730617848,0.08559012973804991,1.0,-2.64633349232467,84,156,200,3,2,100,0.0,0,0.3,0.0,0.0,1.0,0.7,1.0,1.0,0.25,1.0,0.25
rho_0.7,0.9555032643141833,0.07350999834622667,1.0,-0.6053154222129125,85,157,200,3,2,100,0.0,0,0.3,0.0,0.0,1.0,0.7,1.0,1.0,0.25,1.0,0.25
rho_0.7,0.9383443003701312,0.06521791100629909,1.0,-0.9453798608163607,86,158,200,3,2,100,0.0,0,0.3,0.0,0.0,1.0,0.7,1.0,1.0,0.25,1.0,0.25
rho_0.7,0.9221040033154998,0.07328403283149312,1.0,-1.0629327245624116,87,159,200,3,2,100,0.0,0,0.3,0.0,0.0,1.0,0.7,1.0,1.0,0.25,1.0,0.25
rho_0.7,1.1766136465742043,0.08363043906551791,1.0,2.1118345012614523,88,160,200,3,2,100,0.0,0,0.3,0.0,0.0,1.0,0.7,1.0,1.0,0.25,1.0,0.25
rho_0.7,0.9122713252598841,0.06695993645451716,1.0,-1.3101666367277098,89,161,200,3,2,100,0.0,0,0.3,0.0,0.0,1.0,0.7,1.0,1.0,0.25,1.0,0.25
rho_0.7,1.2967460183687607,0.06834859079573471,1.0,4.341655254540801,90,162,200,3,2,100,0.0,0,0.3,0.0,0.0,1.0,0.7,1.0,1.0,0.25,1.0,0.25
rho_0.7,1.0233364896841186,0.07664185647706724,1.0,0.3044875314457101,91,163,200,3,2,100,0.0,0,0.3,0.0,0.0,1.0,0.7,1.0,1.0,0.25,1.0,0.25
rho_0.7,0.8969222563173057,0.07343315173395047,1.0,-1.403694942253693,92,164,200,3,2,100,0.0,0,0.3,0.0,0.0,1.0,0.7,1.0,1.0,0.25,1.0,0.25
rho_0.7,0.9424879612261013,0.08220474618892432,1.0,-0.699619443404442,93,165,200,3,2,100,0.0,0,0.3,0.0,0.0,1.0,0.7,1.0,1.0,0.25,1.0,0.25
rho_0.7,0.8111442876228219,0.07644191575022848,1.0,-2.470577961366878,94,166,200,3,2,100,0.0,0,0.3,0.0,0.0,1.0,0.7,1.0,1.0,0.25,1.0,0.25
rho_0.7,0.9766013408639924,0.08294973865710188,1.0,-0.2820823731914708,95,167,200,3,2,100,0.0,0,0.3,0.0,0.0,1.0,0.7,1.0,1.0,0.25,1.0,0.25
rho_0.7,0.8868715220909112,0.06192906597539145,1.0,-1.826742840817949,96,168,200,3,2,100,0.0,0,0.3,0.0,0.0,1.0,0.7,1.0,1.0,0.25,1.0,0.25
rho_0.7,1.0557340145882974,0.07478071160676583,1.0,0.7452993344242907,97,169,200,3,2,100,0.0,0,0.3,0.0,0.0,1.0,0.7,1.0,1.0,0.25,1.0,0.25
rho_0.7,0.9843981856141647,0.06359481836019365,1.0,-0.24533153467737637,98,170,200,3,2,100,0.0,0,0.3,0.0,0.0,1.0,0.7,1.0,1.0,0.25,1.0,0.25
rho_0.7,0.9665560727321462,0.07032043043202378,1.0,-0.47559332419307176,99,171,200,3,2,100,0.0,0,0.3,0.0,0.0,1.0,0.7,1.0,1.0,0.25,1.0,0.25
s1_0.5,0.8451639450471973,0.15180902723179926,1.0,-1.0199397083045758,0,73,200,3,2,100,0.0,0,0.3,0.0,0.0,1.0,0.7,0.5,1.0,0.25,1.0,0.25
s1_0.5,1.07405441132231,0.14586176753342192,1.0,0.5077026871029905,1,74,200,3,2,100,0.0,0,0.3,0.0,0.0,1.0,0.7,0.5,1.0,0.25,1.0,0.25
s1_0.5,0.881769422938243,0.11135106701368039,1.0,-1.061782165475176,2,75,200,3,2,100,0.0,0,0.3,0.0,0.0,1.0,0.7,0.5,1.0,0.25,1.0,0.25
s1_0.5,1.0646230272295005,0.14742069942879135,1.0,0.43835789329377994,3,76,200,3,2,100,0.0,0,0.3,0.0,0.0,1.0,0.7,0.5,1.0,0.25,1.0,0.25
s1_0.5,0.8663170104533621,0.11672980149799694,1.0,-1.145234445969069,4,77,200,3,2,100,0.0,0,0.3,0.0,0.0,1.0,0.7,0.5,1.0,0.25,1.0,0.25
s1_0.5,1.0837022620214762,0.17021855104370623,1.0,0.4917340766223794,5,78,200,3,2,100,0.0,0,0.3,0.0,0.0,1.0,0.7,0.5,1.0,0.25,1.0,0.25
s1_0.5,0.9084971205390736,0.13791376162046273,1.0,-0.6634789624021813,6,79,200,3,2,100,0.0,0,0.3,0.0,0.0,1.0,0.7,0.5,1.0,0.25,1.0,0.25
s1_0.5,0.8517132353046994,0.15603578714423466,1.0,-0.9503381718338041,7,80,200,3,2,100,0.0,0,0.3,0.0,0.0,1.0,0.7,0.5,1.0,0.25,1.0,0.25
s1_0.5,0.7866997409995898,0.13227079485543672,1.0,-1.6126028367300078,8,81,200,3,2,100,0.0,0,0.3,0.0,0.0,1.0,0.7,0.5,1.0,0.25,1.0,0.25
s1_0.5,1.1541142412288383,0.16385554977753206,1.0,0.9405494134198105,9,82,200,3,2,100,0.0,0,0.3,0.0,0.0,1.0,0.7,0.5,1.0,0.25,1.0,0.25
s1_0.5,0.945824713295275,0.16019755040289613,1.0,-0.33817799690740863,10,83,200,3,2,100,0.0,0,0.3,0.0,0.0,1.0,0.7,0.5,1.0,0.25,1.0,0.25
s1_0.5,1.1745495378363793,0.12959077785832193,1.0,1.3469286991024125,11,84,200,3,2,100,0.0,0,0.3,0.0,0.0,1.0,0.7,0.5,1.0,0.25,1.0,0.25
s1_0.5,1.0206048889134254,0.12295925110661637,1.0,0.16757493826600445,12,85,200,3,2,100,0.0,0,0.3,0.0,0.0,1.0,0.7,0.5,1.0,0.25,1.0,0.25
s1_0.5,0.7282726280853051,0.13201392184806568,1.0,-2.058323607925419,13,86,200,3,2,100,0.0,0,0.3,0.0,0.0,1.0,0.7,0.5,1.0,0.25,1.0,0.25
s1_0.5,0.9837261706724613,0.12650554578687268,1.0,-0.12864123249549628,14,87,200,3,2,100,0.0,0,0.3,0.0,0.0,1.0,0.7,0.5,1.0,0.25,1.0,0.25
s1_0.5,0.8466464840521524,0.14476935792531312,1.0,-1.0592954071604235,15,88,200,3,2,100,0.0,0,0.3,0.0,0.0,1.0,0.7,0.5,1.0,0.25,1.0,0.25
s1_0.5,0.9114944017898688,0.13322475685854068,1.0,-0.6643329685645982,16,89,200,3,2,100,0.0,0,0.3,0.0,0.0,1.0,0.7,0.5,1.0,0.25,1.0,0.25
s1_0.5,0.6934108008594302,0.14375611290752266,1.0,-2.132703736485951,17,90,200,3,2,100,0.0,0,0.3,0.0,0.0,1.0,0.7,0.5,1.0,0.25,1.0,0.25
s1_0.5,1.3030541560353381,0.1452463644026686,1.0,2.086483591390809,18,91,200,3,2,100,0.0,0,0.3,0.0,0.0,1.0,0.7,0.5,1.0,0.25,1.0,0.25
s1_0.5,0.8464280966918807,0.13877427526172126,1.0,-1.1066309156973833,19,92,200,3,2,100,0.0,0,0.3,0.0,0.0,1.0,0.7,0.5,1.0,0.25,1.0,0.25
s1_0.5,1.0749583666893257,0.12007661048863236,1.0,0.6242545187134672,20,93,200,3,2,100,0.0,0,0.3,0.0,0.0,1.0,0.7,0.5,1.0,0.25,1.0,0.25
s1_0.5,1.2822020970927617,0.14014987578076102,1.0,2.0135736512119036,21,94,200,3,2,100,0.0,0,0.3,0.0,0.0,1.0,0.7,0.5,1.0,0.25,1.0,0.25
s1_0.5,0.7933866248381297,0.1295884233202075,1.0,-1.5943814259653224,22,95,200,3,2,100,0.0,0,0.3,0.0,0.0,1.0,0.7,0.5,1.0,0.25,1.0,0.25
s1_0.5,1.0750502622410263,0.13619652839575697,1.0,0.5510438711253112,23,96,200,3,2,100,0.0,0,0.3,0.0,0.0,1.0,0.7,0.5,1.0,0.25,1.0,0.25
s1_0.5,0.9134869889990076,0.1298133886304929,1.0,-0.666441357965373,24,97,200,3,2,100,0.0,0,0.3,0.0,0.0,1.0,0.7,0.5,1.0,0.25,1.0,0.25
s1_0.5,1.1098669357512236,0.12729222436286847,1.0,0.8631079887333021,25,98,200,3,2,100,0.0,0,0.3,0.0,0.0,1.0,0.7,0.5,1.0,0.25,1.0,0.25
s1_0.5,1.3034954543105353,0.128316243887543,1.0,2.3652146066286055,26,99,200,3,2,100,0.0,0,0.3,0.0,0.0,1.0,0.7,0.5,1.0,0.25,1.0,0.25
s1_0.5,1.0798809945361758,0.13173706480708783,1.0,0.6063668919081457,27,100,200,3,2,100,0.0,0,0.3,0.0,0.0,1.0,0.7,0.5,1.0,0.25,1.0,0.25
s1_0.5,1.2540560765541027,0.14549542055180564,1.0,1.7461448311608028,28,101,200,3,2,100,0.0,0,0.3,0.0,0.0,1.0,0.7,0.5,1.0,0.25,1.0,0.25
s1_0.5,1.0159162611003727,0.11859414961834412,1.0,0.13420781001081333,29,102,200,3,2,100,0.0,0,0.3,0.0,0.0,1.0,0.7,0.5,1.0,0.25,1.0,0.25
s1_0.5,0.9279168536667676,0.15005448035886548,1.0,-0.48037983378330784,30,103,200,3,2,100,0.0,0,0.3,0.0,0.0,1.0,0.7,0.5,1.0,0.25,1.0,0.25
s1_0.5,0.7658595126494274,0.12450975918054459,1.0,-1.8804990780767525,31,104,200,3,2,100,0.0,0,0.3,0.0,0.0,1.0,0.7,0.5,1.0,0.25,1.0,0.25
s1_0.5,0.7843140774435899,0.15016087860223948,1.0,-1.4363656137610887,32,105,200,3,2,100,0.0,0,0.3,0.0,0.0,1.0,0.7,0.5,1.0,0.25,1.0,0.25
s1_0.5,0.9056535460511523,0.140888846558588,1.0,-0.6696516882165978,33,106,200,3,2,100,0.0,0,0.3,0.0,0.0,1.0,0.7,0.5,1.0,0.25,1.0,0.25
s1_0.5,0.8836160338819816,0.15551175339583406,1.0,-0.7483933759127439,34,107,200,3,2,100,0.0,0,0.3,0.0,0.0,1.0,0.7,0.5,1.0,0.25,1.0,0.25
s1_0.5,1.0148645222839014,0.15505654776615468,1.0,0.09586516982384433,35,108,200,3,2,100,0.0,0,0.3,0.0,0.0,1.0,0.7,0.5,1.0,0.25,1.0,0.25
s1_0.5,0.7473247591703372,0.14450460264119205,1.0,-1.7485618880739782,36,109,200,3,2,100,0.0,0,0.3,0.0,0.0,1.0,0.7,0.5,1.0,0.25,1.0,0.25
s1_0.5,1.040845935762303,0.11198262555929386,1.0,0.3647524386778681,37,110,200,3,2,100,0.0,0,0.3,0.0,0.0,1.0,0.7,0.5,1.0,0.25,1.0,0.25
s1_0.5,1.1394226258098412,0.1479182986597079,1.0,0.9425650989306513,38,111,200,3,2,100,0.0,0,0.3,0.0,0.0,1.0,0.7,0.5,1.0,0.25,1.0,0.25
s1_0.5,0.8456600702238728,0.14685094426040135,1.0,-1.0509971900653639,39,112,200,3,2,100,0.0,0,0.3,0.0,0.0,1.0,0.7,0.5,1.0,0.25,1.0,0.25
s1_0.5,1.1567802848469004,0.15683469879202733,1.0,0.9996530490666542,40,113,200,3,2,100,0.0,0,0.3,0.0,0.0,1.0,0.7,0.5,1.0,0.25,1.0,0.25
s1_0.5,0.9100433441890569,0.11510378594712362,1.0,-0.7815264725720441,41,114,200,3,2,100,0.0,0,0.3,0.0,0.0,1.0,0.7,0.5,1.0,0.25,1.0,0.25
s1_0.5,0.8153481778015859,0.1574985714633779,1.0,-1.1724031556778278,42,115,200,3,2,100,0.0,0,0.3,0.0,0.0,1.0,0.7,0.5,1.0,0.25,1.0,0.25
s1_0.5,0.8442572244088098,0.14763115465087884,1.0,-1.0549451838908521,43,116,200,3,2,100,0.0,0,0.3,0.0,0.0,1.0,0.7,0.5,1.0,0.25,1.0,0.25
s1_0.5,1.4508473516344371,0.14290932999271447,1.0,3.154778989289372,44,117,200,3,2,100,0.0,0,0.3,0.0,0.0,1.0,0.7,0.5,1.0,0.25,1.0,0.25
s1_0.5,0.9769231329714355,0.11057135808722639,1.0,-0.20870564880246695,45,118,200,3,2,100,0.0,0,0.3,0.0,0.0,1.0,0.7,0.5,1.0,0.25,1.0,0.25
s1_0.5,0.9504170439491237,0.15142689453565877,1.0,-0.32743824142282874,46,119,200,3,2,100,0.0,0,0.3,0.0,0.0,1.0,0.7,0.5,1.0,0.25,1.0,0.25
s1_0.5,1.042118552260116,0.14002785698256626,1.0,0.3007869517374661,47,120,200,3,2,100,0.0,0,0.3,0.0,0.0,1.0,0.7,0.5,1.0,0.25,1.0,0.25
s1_0.5,0.8812843820947999,0.1501737484869562,1.0,-0.7905217729549552,48,121,200,3,2,100,0.0,0,0.3,0.0,0.0,1.0,0.7,0.5,1.0,0.25,1.0,0.25
s1_0.5,1.043705807634459,0.12975568164845977,1.0,0.33683155203075277,49,122,200,3,2,100,0.0,0,0.3,0.0,0.0,1.0,0.7,0.5,1.0,0.25,1.0,0.25
s1_0.5,0.9347956311766299,0.15830582625797154,1.0,-0.41188862320906977,50,123,200,3,2,100,0.0,0,0.3,0.0,0.0,1.0,0.7,0.5,1.0,0.25,1.0,0.25
s1_0.5,0.685670665446116,0.1692484995938666,1.0,-1.8572060331888165,51,124,200,3,2,100,0.0,0,0.3,0.0,0.0,1.0,0.7,0.5,1.0,0.25,1.0,0.25
s1_0.5,0.9755378153987648,0.1090503231861444,1.0,-0.22432014767603423,52,125,200,3,2,100,0.0,0,0.3,0.0,0.0,1.0,0.7,0.5,1.0,0.25,1.0,0.25
s1_0.5,0.8258798011621371,0.12518176376286344,1.0,-1.3909390122326875,53,126,200,3,2,100,0.0,0,0.3,0.0,0.0,1.0,0.7,0.5,1.0,0.25,1.0,0.25
s1_0.5,0.7566586461020466,0.16886445073810147,1.0,-1.4410454825412669,54,127,200,3,2,100,0.0,0,0.3,0.0,0.0,1.0,0.7,0.5,1.0,0.25,1.0,0.25
s1_0.5,0.8268473414426458,0.12614755764882624,1.0,-1.3726199839665727,55,128,200,3,2,100,0.0,0,0.3,0.0,0.0,1.0,0.7,0.5,1.0,0.25,1.0,0.25
s1_0.5,0.6494714788235392,0.14945725817389463,1.0,-2.3453429124774807,56,129,200,3,2,100,0.0,0,0.3,0.0,0.0,1.0,0.7,0.5,1.0,0.25,1.0,0.25
s1_0.5,1.0528282265440103,0.13853945096551923,1.0,0.3813226209273676,57,130,200,3,2,100,0.0,0,0.3,0.0,0.0,1.0,0.7,0.5,1.0,0.25,1.0,0.25
s1_0.5,0.9062141806526096,0.17057456044892602,1.0,-0.549823016401511,58,131,200,3,2,100,0.0,0,0.3,0.0,0.0,1.0,0.7,0.5,1.0,0.25,1.0,0.25
s1_0.5,1.1311192578939826,0.1261916922190553,1.0,1.0390482573636748,59,132,200,3,2,100,0.0,0,0.3,0.0,0.0,1.0,0.7,0.5,1.0,0.25,1.0,0.25
s1_0.5,0.9000677618897582,0.10779582247623852,1.0,-0.9270511214130759,60,133,200,3,2,100,0.0,0,0.3,0.0,0.0,1.0,0.7,0.5,1.0,0.25,1.0,0.25
s1_0.5,1.008680209583121,0.14040993021004988,1.0,0.061820482142080094,61,134,200,3,2,100,0.0,0,0.3,0.0,0.0,1.0,0.7,0.5,1.0,0.25,1.0,0.25
s1_0.5,1.0298994298478117,0.15819896893903534,1.0,0.18899889201764608,62,135,200,3,2,100,0.0,0,0.3,0.0,0.0,1.0,0.7,0.5,1.0,0.25,1.0,0.25
s1_0.5,0.75387116548747,0.12161826038407024,1.0,-2.0237819035994726,63,136,200,3,2,100,0.0,0,0.3,0.0,0.0,1.0,0.7,0.5,1.0,0.25,1.0,0.25
s1_0.5,0.7777265171588891,0.13178850322438118,1.0,-1.6865923612674418,64,137,200,3,2,100,0.0,0,0.3,0.0,0.0,1.0,0.7,0.5,1.0,0.25,1.0,0.25
s1_0.5,0.9251075779643145,0.11778309115213402,1.0,-0.6358503695488089,65,138,200,3,2,100,0.0,0,0.3,0.0,0.0,1.0,0.7,0.5,1.0,0.25,1.0,0.25
s1_0.5,0.915390344065757,0.13742341232386468,1.0,-0.6156858900784974,66,139,200,3,2,100,0.0,0,0.3,0.0,0.0,1.0,0.7,0.5,1.0,0.25,1.0,0.25
s1_0.5,1.027170995291685,0.13831960916510036,1.0,0.19643632204927125,67,140,200,3,2,100,0.0,0,0.3,0.0,0.0,1.0,0.7,0.5,1.0,0.25,1.0,0.25
s1_0.5,0.8351125225581585,0.15195421057309377,1.0,-1.0851129219780753,68,141,200,3,2,100,0.0,0,0.3,0.0,0.0,1.0,0.7,0.5,1.0,0.25,1.0,0.25
s1_0.5,1.0816428325837117,0.14041205653393452,1.0,0.5814517257211489,69,142,200,3,2,100,0.0,0,0.3,0.0,0.0,1.0,0.7,0.5,1.0,0.25,1.0,0.25
s1_0.5,1.127211391605556,0.14459841124101083,1.0,0.8797564960345595,70,143,200,3,2,100,0.0,0,0.3,0.0,0.0,1.0,0.7,0.5,1.0,0.25,1.0,0.25
s1_0.5,1.0326735773803135,0.11982041706184024,1.0,0.27268789561507223,71,144,200,3,2,100,0.0,0,0.3,0.0,0.0,1.0,0.7,0.5,1.0,0.25,1.0,0.25
s1_0.5,0.8596198211169734,0.13680893564355906,1.0,-1.0261038741560857,72,145,200,3,2,100,0.0,0,0.3,0.0,0.0,1.0,0.7,0.5,1.0,0.25,1.0,0.25
s1_0.5,0.7943159979390738,0.1532205322668117,1.0,-1.3424049572074115,73,146,200,3,2,100,0.0,0,0.3,0.0,0.0,1.0,0.7,0.5,1.0,0.25,1.0,0.25
s1_0.5,1.0374024053893496,0.1340709355566891,1.0,0.2789747474651935,74,147,200,3,2,100,0.0,0,0.3,0.0,0.0,1.0,0.7,0.5,1.0,0.25,1.0,0.25
s1_0.5,1.0064798709413687,0.1719790439826333,1.0,0.03767825888148937,75,148,200,3,2,100,0.0,0,0.3,0.0,0.0,1.0,0.7,0.5,1.0,0.25,1.0,0.25
s1_0.5,0.9373223343778256,0.12879069924681505,1.0,-0.48666298101277183,76,149,200,3,2,100,0.0,0,0.3,0.0,0.0,1.0,0.7,0.5,1.0,0.25,1.0,0.25
s1_0.5,1.0844363830037114,0.1178099509785432,1.0,0.7167169012665986,77,150,200,3,2,100,0.0,0,0.3,0.0,0.0,1.0,0.7,0.5,1.0,0.25,1.0,0.25
s1_0.5,0.7695309947337569,0.12427168100293341,1.0,-1.8545577190736076,78,151,200,3,2,100,0.0,0,0.3,0.0,0.0,1.0,0.7,0.5,1.0,0.25,1.0,0.25
s1_0.5,1.1111546225555646,0.14904776135334555,1.0,0.7457651262003986,79,152,200,3,2,100,0.0,0,0.3,0.0,0.0,1.0,0.7,0.5,1.0,0.25,1.0,0.25
s1_0.5,0.8630264702798792,0.14162647241140328,1.0,-0.9671463772834332,80,153,200,3,2,100,0.0,0,0.3,0.0,0.0,1.0,0.7,0.5,1.0,0.25,1.0,0.25
s1_0.5,1.0048585520818356,0.1599759873714443,1.0,0.03037050848484315,81,154,200,3,2,100,0.0,0,0.3,0.0,0.0,1.0,0.7,0.5,1.0,0.25,1.0,0.25
s1_0.5,0.9062430314852041,0.1395475786413953,1.0,-0.6718638146759206,82,155,200,3,2,100,0.0,0,0.3,0.0,0.0,1.0,0.7,0.5,1.0,0.25,1.0,0.25
s1_0.5,0.616132091091401,0.15690996579252123,1.0,-2.4464214683226655,83,156,200,3,2,100,0.0,0,0.3,0.0,0.0,1.0,0.7,0.5,1.0,0.25,1.0,0.25
s1_0.5,0.8630348883124708,0.14058923429619236,1.0,-0.9742219052062845,84,157,200,3,2,100,0.0,0,0.3,0.0,0.0,1.0,0.7,0.5,1.0,0.25,1.0,0.25
s1_0.5,0.7990650243037658,0.11889732922023442,1.0,-1.6899872941976755,85,158,200,3,2,100,0.0,0,0.3,0.0,0.0,1.0,0.7,0.5,1.0,0.25,1.0,0.25
s1_0.5,0.8384286237116151,0.14566960106025376,1.0,-1.109163305949837,86,159,200,3,2,100,0.0,0,0.3,0.0,0.0,1.0,0.7,0.5,1.0,0.25,1.0,0.25
s1_0.5,1.3248482965693251,0.16433229914518868,1.0,1.976776922486306,87,160,200,3,2,100,0.0,0,0.3,0.0,0.0,1.0,0.7,0.5,1.0,0.25,1.0,0.25
s1_0.5,0.8014820555619527,0.13072851699341606,1.0,-1.5185511853396556,88,161,200,3,2,100,0.0,0,0.3,0.0,0.0,1.0,0.7,0.5,1.0,0.25,1.0,0.25
s1_0.5,1.5496191937893367,0.13248230956103382,1.0,4.148623281179517,89,162,200,3,2,100,0.0,0,0.3,0.0,0.0,1.0,0.7,0.5,1.0,0.25,1.0,0.25
s1_0.5,1.0639042282633073,0.1456598258168084,1.0,0.43872239929544876,90,163,200,3,2,100,0.0,0,0.3,0.0,0.0,1.0,0.7,0.5,1.0,0.25,1.0,0.25
s1_0.5,0.9138333247638517,0.14311619204093728,1.0,-0.6020749574688306,91,164,200,3,2,100,0.0,0,0.3,0.0,0.0,1.0,0.7,0.5,1.0,0.25,1.0,0.25
s1_0.5,0.8756754032554309,0.16381760903625572,1.0,-0.7589208356535948,92,165,200,3,2,100,0.0,0,0.3,0.0,0.0,1.0,0.7,0.5,1.0,0.25,1.0,0.25
s1_0.5,0.6558811196558756,0.14184720594263725,1.0,-2.425982789419803,93,166,200,3,2,100,0.0,0,0.3,0.0,0.0,1.0,0.7,0.5,1.0,0.25,1.0,0.25
s1_0.5,0.9384676596724458,0.15794058043234369,1.0,-0.3895917069515425,94,167,200,3,2,100,0.0,0,0.3,0.0,0.0,1.0,0.7,0.5,1.0,0.25,1.0,0.25
s1_0.5,0.8504637563471187,0.11913848694421753,1.0,-1.2551464055683073,95,168,200,3,2,100,0.0,0,0.3,0.0,0.0,1.0,0.7,0.5,1.0,0.25,1.0,0.25
s1_0.5,1.0188225594015963,0.1405625036008723,1.0,0.1339088229037453,96,169,200,3,2,100,0.0,0,0.3,0.0,0.0,1.0,0.7,0.5,1.0,0.25,1.0,0.25
s1_0.5,0.9660724545497545,0.12658505607519702,1.0,-0.26802172785775774,97,170,200,3,2,100,0.0,0,0.3,0.0,0.0,1.0,0.7,0.5,1.0,0.25,1.0,0.25
s1_0.5,0.9451490301487482,0.1374347251750555,1.0,-0.39910561018247886,98,171,200,3,2,100,0.0,0,0.3,0.0,0.0,1.0,0.7,0.5,1.0,0.25,1.0,0.25
s1_0.5,1.026392725880205,0.1567967723958543,1.0,0.1683244206938972,99,172,200,3,2,100,0.0,0,0.3,0.0,0.0,1.0,0.7,0.5,1.0,0.25,1.0,0.25
s1_1.0,1.0438016403823753,0.07657186941057527,1.0,0.5720330549527621,0,74,200,3,2,100,0.0,0,0.3,0.0,0.0,1.0,0.7,1.0,1.0,0.25,1.0,0.25
s1_1.0,0.917957612557173,0.055071637313436735,1.0,-1.4897393911840306,1,75,200,3,2,100,0.0,0,0.3,0.0,0.0,1.0,0.7,1.0,1.0,0.25,1.0,0.25
s1_1.0,1.0007100346235704,0.07966306853518115,1.0,0.008912971049525603,2,76,200,3,2,100,0.0,0,0.3,0.0,0.0,1.0,0.7,1.0,1.0,0.25,1.0,0.25
s1_1.0,0.9530250236020713,0.06097141556714835,1.0,-0.7704426075887109,3,77,200,3,2,100,0.0,0,0.3,0.0,0.0,1.0,0.7,1.0,1.0,0.25,1.0,0.25
s1_1.0,1.0261049378489167,0.08605036789604412,1.0,0.3033681143635964,4,78,200,3,2,100,0.0,0,0.3,0.0,0.0,1.0,0.7,1.0,1.0,0.25,1.0,0.25
s1_1.0,0.9207034923030564,0.07353871852610752,1.0,-1.0782960226427116,5,79,200,3,2,100,0.0,0,0.3,0.0,0.0,1.0,0.7,1.0,1.0,0.25,1.0,0.25
s1_1.0,0.9143747226122767,0.0802186958119735,1.0,-1.0673980238774066,6,80,200,3,2,100,0.0,0,0.3,0.0,0.0,1.0,0.7,1.0,1.0,0.25,1.0,0.25
s1_1.0,0.8704038408632899,0.06773084058873578,1.0,-1.91339953867726,7,81,200,3,2,100,0.0,0,0.3,0.0,0.0,1.0,0.7,1.0,1.0,0.25,1.0,0.25
s1_1.0,1.0540186983724076,0.08725226151473427,1.0,0.6191094354991069,8,82,200,3,2,100,0.0,0,0.3,0.0,0.0,1.0,0.7,1.0,1.0,0.25,1.0,0.25
s1_1.0,0.9839239790971743,0.07941163167826183,1.0,-0.2024391208577361,9,83,200,3,2,100,0.0,0,0.3,0.0,0.0,1.0,0.7,1.0,1.0,0.25,1.0,0.25
s1_1.0,1.103541449681739,0.06304144781154347,1.0,1.642434513738748,10,84,200,3,2,100,0.0,0,0.3,0.0,0.0,1.0,0.7,1.0,1.0,0.25,1.0,0.25
s1_1.0,0.9979813576837572,0.06415015049636656,1.0,-0.03146746033522025,11,85,200,3,2,100,0.0,0,0.3,0.0,0.0,1.0,0.7,1.0,1.0,0.25,1.0,0.25
s1_1.0,0.870279920835034,0.0673251522742401,1.0,-1.9267699334205497,12,86,200,3,2,100,0.0,0,0.3,0.0,0.0,1.0,0.7,1.0,1.0,0.25,1.0,0.25
s1_1.0,0.9331993382638197,0.06881203724684513,1.0,-0.9707700049128093,13,87,200,3,2,100,0.0,0,0.3,0.0,0.0,1.0,0.7,1.0,1.0,0.25,1.0,0.25
s1_1.0,0.9558314066029228,0.07739413989379691,1.0,-0.570696870043223,14,88,200,3,2,100,0.0,0,0.3,0.0,0.0,1.0,0.7,1.0,1.0,0.25,1.0,0.25
s1_1.0,0.9595952847164633,0.06953562928271442,1.0,-0.5810649260001847,15,89,200,3,2,100,0.0,0,0.3,0.0,0.0,1.0,0.7,1.0,1.0,0.25,1.0,0.25
s1_1.0,0.8549464198062975,0.07308825040412233,1.0,-1.984636099395823,16,90,200,3,2,100,0.0,0,0.3,0.0,0.0,1.0,0.7,1.0,1.0,0.25,1.0,0.25
s1_1.0,1.1214304461414881,0.07128076312148526,1.0,1.7035514327271122,17,91,200,3,2,100,0.0,0,0.3,0.0,0.0,1.0,0.7,1.0,1.0,0.25,1.0,0.25
s1_1.0,0.9070708786329534,0.07163513325655578,1.0,-1.297256208545435,18,92,200,3,2,100,0.0,0,0.3,0.0,0.0,1.0,0.7,1.0,1.0,0.25,1.0,0.25
s1_1.0,1.022554148786138,0.0622523254485532,1.0,0.3623021087746726,19,93,200,3,2,100,0.0,0,0.3,0.0,0.0,1.0,0.7,1.0,1.0,0.25,1.0,0.25
s1_1.0,1.150526409404728,0.0711410747199685,1.0,2.115886075621472,20,94,200,3,2,100,0.0,0,0.3,0.0,0.0,1.0,0.7,1.0,1.0,0.25,1.0,0.25
s1_1.0,0.8840965093643826,0.06905421657729484,1.0,-1.678441902325871,21,95,200,3,2,100,0.0,0,0.3,0.0,0.0,1.0,0.7,1.0,1.0,0.25,1.0,0.25
s1_1.0,0.9882081643282457,0.06672307190453838,1.0,-0.1767280092952718,22,96,200,3,2,100,0.0,0,0.3,0.0,0.0,1.0,0.7,1.0,1.0,0.25,1.0,0.25
s1_1.0,0.9347029957993547,0.06570453355691032,1.0,-0.9937975458586581,23,97,200,3,2,100,0.0,0,0.3,0.0,0.0,1.0,0.7,1.0,1.0,0.25,1.0,0.25
s1_1.0,1.0521047948500584,0.06632004735746239,1.0,0.7856567799057141,24,98,200,3,2,100,0.0,0,0.3,0.0,0.0,1.0,0.7,1.0,1.0,0.25,1.0,0.25
s1_1.0,1.1297676180192888,0.06748597295485796,1.0,1.9228828204950335,25,99,200,3,2,100,0.0,0,0.3,0.0,0.0,1.0,0.7,1.0,1.0,0.25,1.0,0.25
s1_1.0,1.0256516880994877,0.06261155900427354,1.0,0.40969572563648915,26,100,200,3,2,100,0.0,0,0.3,0.0,0.0,1.0,0.7,1.0,1.0,0.25,1.0,0.25
s1_1.0,1.125620473939098,0.07365557125333129,1.0,1.7055121805659266,27,101,200,3,2,100,0.0,0,0.3,0.0,0.0,1.0,0.7,1.0,1.0,0.25,1.0,0.25
s1_1.0,1.0160245589589645,0.05977583046145811,1.0,0.26807756304275354,28,102,200,3,2,100,0.0,0,0.3,0.0,0.0,1.0,0.7,1.0,1.0,0.25,1.0,0.25
s1_1.0,0.9115205495849416,0.0744773217049702,1.0,-1.188005266429362,29,103,200,3,2,100,0.0,0,0.3,0.0,0.0,1.0,0.7,1.0,1.0,0.25,1.0,0.25
s1_1.0,0.9205947774182366,0.06190476443487055,1.0,-1.2826996969725155,30,104,200,3,2,100,0.0,0,0.3,0.0,0.0,1.0,0.7,1.0,1.0,0.25,1.0,0.25
s1_1.0,0.8905082607117905,0.0698238506119238,1.0,-1.5681137366192703,31,105,200,3,2,100,0.0,0,0.3,0.0,0.0,1.0,0.7,1.0,1.0,0.25,1.0,0.25
s1_1.0,0.9681920087061135,0.07826363329996787,1.0,-0.40642109179844976,32,106,200,3,2,100,0.0,0,0.3,0.0,0.0,1.0,0.7,1.0,1.0,0.25,1.0,0.25
s1_1.0,0.9384571755087223,0.07677584626349183,1.0,-0.8015909623459572,33,107,200,3,2,100,0.0,0,0.3,0.0,0.0,1.0,0.7,1.0,1.0,0.25,1.0,0.25
s1_1.0,1.0124486888846493,0.07589970113742546,1.0,0.16401499212901383,34,108,200,3,2,100,0.0,0,0.3,0.0,0.0,1.0,0.7,1.0,1.0,0.25,1.0,0.25
s1_1.0,0.8696252327860399,0.07229265263550108,1.0,-1.803430396603491,35,109,200,3,2,100,0.0,0,0.3,0.0,0.0,1.0,0.7,1.0,1.0,0.25,1.0,0.25
s1_1.0,1.0144802709686163,0.05673206506118777,1.0,0.2552396242406956,36,110,200,3,2,100,0.0,0,0.3,0.0,0.0,1.0,0.7,1.0,1.0,0.25,1.0,0.25
s1_1.0,1.0852245525141895,0.07417973615676635,1.0,1.148892634695839,37,111,200,3,2,100,0.0,0,0.3,0.0,0.0,1.0,0.7,1.0,1.0,0.25,1.0,0.25
s1_1.0,0.9395456503655915,0.07586468601775018,1.0,-0.7968707551266204,38,112,200,3,2,100,0.0,0,0.3,0.0,0.0,1.0,0.7,1.0,1.0,0.25,1.0,0.25
s1_1.0,1.120338654867019,0.07839875116397212,1.0,1.5349562726494057,39,113,200,3,2,100,0.0,0,0.3,0.0,0.0,1.0,0.7,1.0,1.0,0.25,1.0,0.25
s1_1.0,0.9515173591158421,0.05796702439169494,1.0,-0.8363831228691478,40,114,200,3,2,100,0.0,0,0.3,0.0,0.0,1.0,0.7,1.0,1.0,0.25,1.0,0.25
s1_1.0,0.9059655818242253,0.08395351486330861,1.0,-1.1200772037821125,41,115,200,3,2,100,0.0,0,0.3,0.0,0.0,1.0,0.7,1.0,1.0,0.25,1.0,0.25
s1_1.0,0.9256143251649964,0.0787615774190536,1.0,-0.9444411510352582,42,116,200,3,2,100,0.0,0,0.3,0.0,0.0,1.0,0.7,1.0,1.0,0.25,1.0,0.25
s1_1.0,1.2464323941676583,0.06909609969850027,1.0,3.5665167099584796,43,117,200,3,2,100,0.0,0,0.3,0.0,0.0,1.0,0.7,1.0,1.0,0.25,1.0,0.25
s1_1.0,0.9529788538482369,0.05743353520386631,1.0,-0.8187054128717076,44,118,200,3,2,100,0.0,0,0.3,0.0,0.0,1.0,0.7,1.0,1.0,0.25,1.0,0.25
s1_1.0,0.9519410521600192,0.08381778748109318,1.0,-0.5733740925912826,45,119,200,3,2,100,0.0,0,0.3,0.0,0.0,1.0,0.7,1.0,1.0,0.25,1.0,0.25
s1_1.0,1.0702468000487795,0.06807770025087231,1.0,1.03186211916551,46,120,200,3,2,100,0.0,0,0.3,0.0,0.0,1.0,0.7,1.0,1.0,0.25,1.0,0.25
s1_1.0,0.9337602093318157,0.07383572760666442,1.0,-0.8971238290093791,47,121,200,3,2,100,0.0,0,0.3,0.0,0.0,1.0,0.7,1.0,1.0,0.25,1.0,0.25
s1_1.0,1.0025091064726677,0.06953800054637128,1.0,0.036082522548149386,48,122,200,3,2,100,0.0,0,0.3,0.0,0.0,1.0,0.7,1.0,1.0,0.25,1.0,0.25
s1_1.0,0.9846460242612329,0.08343389869628813,1.0,-0.18402562961438293,49,123,200,3,2,100,0.0,0,0.3,0.0,0.0,1.0,0.7,1.0,1.0,0.25,1.0,0.25
s1_1.0,0.8254872478655951,0.09319258094524469,1.0,-1.8726034880066242,50,124,200,3,2,100,0.0,0,0.3,0.0,0.0,1.0,0.7,1.0,1.0,0.25,1.0,0.25
s1_1.0,0.9839736578255001,0.05800650212370114,1.0,-0.27628527126705793,51,125,200,3,2,100,0.0,0,0.3,0.0,0.0,1.0,0.7,1.0,1.0,0.25,1.0,0.25
s1_1.0,0.8970416814969318,0.06288688813483459,1.0,-1.637198493306224,52,126,200,3,2,100,0.0,0,0.3,0.0,0.0,1.0,0.7,1.0,1.0,0.25,1.0,0.25
s1_1.0,0.9250188678096052,0.08797867058967825,1.0,-0.8522648920224953,53,127,200,3,2,100,0.0,0,0.3,0.0,0.0,1.0,0.7,1.0,1.0,0.25,1.0,0.25
s1_1.0,0.9069222309677268,0.06185803047546802,1.0,-1.5046998476485025,54,128,200,3,2,100,0.0,0,0.3,0.0,0.0,1.0,0.7,1.0,1.0,0.25,1.0,0.25
s1_1.0,0.8236576089340671,0.07687318247435494,1.0,-2.2939389965383707,55,129,200,3,2,100,0.0,0,0.3,0.0,0.0,1.0,0.7,1.0,1.0,0.25,1.0,0.25
s1_1.0,1.0199495356015276,0.07167054221784713,1.0,0.27835056055373064,56,130,200,3,2,100,0.0,0,0.3,0.0,0.0,1.0,0.7,1.0,1.0,0.25,1.0,0.25
s1_1.0,0.9215105640074625,0.08256798990990778,1.0,-0.9506036913116033,57,131,200,3,2,100,0.0,0,0.3,0.0,0.0,1.0,0.7,1.0,1.0,0.25,1.0,0.25
s1_1.0,1.0705977868855379,0.062480412667012826,1.0,1.1299187036709617,58,132,200,3,2,100,0.0,0,0.3,0.0,0.0,1.0,0.7,1.0,1.0,0.25,1.0,0.25
s1_1.0,0.9156286223368737,0.052366490552381885,1.0,-1.6111711281994374,59,133,200,3,2,100,0.0,0,0.3,0.0,0.0,1.0,0.7,1.0,1.0,0.25,1.0,0.25
s1_1.0,1.023016298060896,0.07201499133725622,1.0,0.3196042606338361,60,134,200,3,2,100,0.0,0,0.3,0.0,0.0,1.0,0.7,1.0,1.0,0.25,1.0,0.25
s1_1.0,1.0047329259479518,0.07834813222103194,1.0,0.06040891867848906,61,135,200,3,2,100,0.0,0,0.3,0.0,0.0,1.0,0.7,1.0,1.0,0.25,1.0,0.25
s1_1.0,0.8877929529406455,0.06467394993051358,1.0,-1.7349651162471287,62,136,200,3,2,100,0.0,0,0.3,0.0,0.0,1.0,0.7,1.0,1.0,0.25,1.0,0.25
s1_1.0,0.8844208572312173,0.06839013436336445,1.0,-1.6899973050893236,63,137,200,3,2,100,0.0,0,0.3,0.0,0.0,1.0,0.7,1.0,1.0,0.25,1.0,0.25
s1_1.0,0.9525577310252028,0.0585255516956323,1.0,-0.8106248911847125,64,138,200,3,2,100,0.0,0,0.3,0.0,0.0,1.0,0.7,1.0,1.0,0.25,1.0,0.25
s1_1.0,0.9550717956692969,0.07045802264439328,1.0,-0.6376591712977667,65,139,200,3,2,100,0.0,0,0.3,0.0,0.0,1.0,0.7,1.0,1.0,0.25,1.0,0.25
s1_1.0,1.005422036918056,0.07417573957550415,1.0,0.07309717367275918,66,140,200,3,2,100,0.0,0,0.3,0.0,0.0,1.0,0.7,1.0,1.0,0.25,1.0,0.25
s1_1.0,0.930035631442484,0.076272740390242,1.0,-0.917291921065772,67,141,200,3,2,100,0.0,0,0.3,0.0,0.0,1.0,0.7,1.0,1.0,0.25,1.0,0.25
s1_1.0,1.0467468092038743,0.07110477033843222,1.0,0.657435626068081,68,142,200,3,2,100,0.0,0,0.3,0.0,0.0,1.0,0.7,1.0,1.0,0.25,1.0,0.25
s1_1.0,1.0688538317766303,0.07372579283321846,1.0,0.9339178207603754,69,143,200,3,2,100,0.0,0,0.3,0.0,0.0,1.0,0.7,1.0,1.0,0.25,1.0,0.25
s1_1.0,1.0373799879878196,0.06471848096489298,1.0,0.5775782655976839,70,144,200,3,2,100,0.0,0,0.3,0.0,0.0,1.0,0.7,1.0,1.0,0.25,1.0,0.25
s1_1.0,0.9317335189496145,0.0737927023239672,1.0,-0.9251115476253962,71,145,200,3,2,100,0.0,0,0.3,0.0,0.0,1.0,0.7,1.0,1.0,0.25,1.0,0.25
s1_1.0,0.9206207950548669,0.0798528643790218,1.0,-0.9940683476094169,72,146,200,3,2,100,0.0,0,0.3,0.0,0.0,1.0,0.7,1.0,1.0,0.25,1.0,0.25
s1_1.0,0.9953431697243064,0.07217279697646509,1.0,-0.06452334495519395,73,147,200,3,2,100,0.0,0,0.3,0.0,0.0,1.0,0.7,1.0,1.0,0.25,1.0,0.25
s1_1.0,1.005231688676832,0.08971861955817809,1.0,0.058312184277863305,74,148,200,3,2,100,0.0,0,0.3,0.0,0.0,1.0,0.7,1.0,1.0,0.25,1.0,0.25
s1_1.0,0.9327985648606422,0.07017902881988115,1.0,-0.9575714607256037,75,149,200,3,2,100,0.0,0,0.3,0.0,0.0,1.0,0.7,1.0,1.0,0.25,1.0,0.25
s1_1.0,1.041404815390242,0.06024389367503869,1.0,0.6872865092947597,76,150,200,3,2,100,0.0,0,0.3,0.0,0.0,1.0,0.7,1.0,1.0,0.25,1.0,0.25
s1_1.0,0.8773080638564442,0.06678116200817291,1.0,-1.837223738762442,77,151,200,3,2,100,0.0,0,0.3,0.0,0.0,1.0,0.7,1.0,1.0,0.25,1.0,0.25
s1_1.0,1.0284979984373592,0.07450417856547076,1.0,0.38250201513619175,78,152,200,3,2,100,0.0,0,0.3,0.0,0.0,1.0,0.7,1.0,1.0,0.25,1.0,0.25
s1_1.0,0.9062188179476325,0.07279272906690185,1.0,-1.2883317228864404,79,153,200,3,2,100,0.0,0,0.3,0.0,0.0,1.0,0.7,1.0,1.0,0.25,1.0,0.25
s1_1.0,1.0172092842687952,0.08611793132431456,1.0,0.19983392545724477,80,154,200,3,2,100,0.0,0,0.3,0.0,0.0,1.0,0.7,1.0,1.0,0.25,1.0,0.25
s1_1.0,0.943517946554626,0.06692095290204256,1.0,-0.8440114940988849,81,155,200,3,2,100,0.0,0,0.3,0.0,0.0,1.0,0.7,1.0,1.0,0.25,1.0,0.25
s1_1.0,0.7734999730617848,0.08559012973804991,1.0,-2.64633349232467,82,156,200,3,2,100,0.0,0,0.3,0.0,0.0,1.0,0.7,1.0,1.0,0.25,1.0,0.25
s1_1.0,0.9555032643141833,0.07350999834622667,1.0,-0.6053154222129125,83,157,200,3,2,100,0.0,0,0.3,0.0,0.0,1.0,0.7,1.0,1.0,0.25,1.0,0.25
s1_1.0,0.9383443003701312,0.06521791100629909,1.0,-0.9453798608163607,84,158,200,3,2,100,0.0,0,0.3,0.0,0.0,1.0,0.7,1.0,1.0,0.25,1.0,0.25
s1_1.0,0.9221040033154998,0.07328403283149312,1.0,-1.0629327245624116,85,159,200,3,2,100,0.0,0,0.3,0.0,0.0,1.0,0.7,1.0,1.0,0.25,1.0,0.25
s1_1.0,1.1766136465742043,0.08363043906551791,1.0,2.1118345012614523,86,160,200,3,2,100,0.0,0,0.3,0.0,0.0,1.0,0.7,1.0,1.0,0.25,1.0,0.25
s1_1.0,0.9122713252598841,0.06695993645451716,1.0,-1.3101666367277098,87,161,200,3,2,100,0.0,0,0.3,0.0,0.0,1.0,0.7,1.0,1.0,0.25,1.0,0.25
s1_1.0,1.2967460183687607,0.06834859079573471,1.0,4.341655254540801,88,162,200,3,2,100,0.0,0,0.3,0.0,0.0,1.0,0.7,1.0,1.0,0.25,1.0,0.25
s1_1.0,1.0233364896841186,0.07664185647706724,1.0,0.3044875314457101,89,163,200,3,2,100,0.0,0,0.3,0.0,0.0,1.0,0.7,1.0,1.0,0.25,1.0,0.25
s1_1.0,0.8969222563173057,0.07343315173395047,1.0,-1.403694942253693,90,164,200,3,2,100,0.0,0,0.3,0.0,0.0,1.0,0.7,1.0,1.0,0.25,1.0,0.25
s1_1.0,0.9424879612261013,0.08220474618892432,1.0,-0.699619443404442,91,165,200,3,2,100,0.0,0,0.3,0.0,0.0,1.0,0.7,1.0,1.0,0.25,1.0,0.25
s1_1.0,0.8111442876228219,0.07644191575022848,1.0,-2.470577961366878,92,166,200,3,2,100,0.0,0,0.3,0.0,0.0,1.0,0.7,1.0,1.0,0.25,1.0,0.25
s1_1.0,0.9766013408639924,0.08294973865710188,1.0,-0.2820823731914708,93,167,200,3,2,100,0.0,0,0.3,0.0,0.0,1.0,0.7,1.0,1.0,0.25,1.0,0.25
s1_1.0,0.8868715220909112,0.06192906597539145,1.0,-1.826742840817949,94,168,200,3,2,100,0.0,0,0.3,0.0,0.0,1.0,0.7,1.0,1.0,0.25,1.0,0.25
s1_1.0,1.0557340145882974,0.07478071160676583,1.0,0.7452993344242907,95,169,200,3,2,100,0.0,0,0.3,0.0,0.0,1.0,0.7,1.0,1.0,0.25,1.0,0.25
s1_1.0,0.9843981856141647,0.06359481836019365,1.0,-0.24533153467737637,96,170,200,3,2,100,0.0,0,0.3,0.0,0.0,1.0,0.7,1.0,1.0,0.25,1.0,0.25
s1_1.0,0.9665560727321462,0.07032043043202378,1.0,-0.47559332419307176,97,171,200,3,2,100,0.0,0,0.3,0.0,0.0,1.0,0.7,1.0,1.0,0.25,1.0,0.25
s1_1.0,0.9825557000021043,0.08592296008778315,1.0,-0.20302256789190795,98,172,200,3,2,100,0.0,0,0.3,0.0,0.0,1.0,0.7,1.0,1.0,0.25,1.0,0.25
s1_1.0,0.9939710612709824,0.07614702308612076,1.0,-0.07917497604862299,99,173,200,3,2,100,0.0,0,0.3,0.0,0.0,1.0,0.7,1.0,1.0,0.25,1.0,0.25
s1_2.0,0.9639511044824063,0.029280284993202402,1.0,-1.231166142199869,0,75,200,3,2,100,0.0,0,0.3,0.0,0.0,1.0,0.7,2.0,1.0,0.25,1.0,0.25
s1_2.0,1.0003044877317835,0.04071174411035074,1.0,0.007479112930120642,1,76,200,3,2,100,0.0,0,0.3,0.0,0.0,1.0,0.7,2.0,1.0,0.25,1.0,0.25
s1_2.0,0.9861351448408505,0.031173703702613118,1.0,-0.4447612414429687,2,77,200,3,2,100,0.0,0,0.3,0.0,0.0,1.0,0.7,2.0,1.0,0.25,1.0,0.25
s1_2.0,0.9913328571365729,0.043273619989080844,1.0,-0.20028698467135483,3,78,200,3,2,100,0.0,0,0.3,0.0,0.0,1.0,0.7,2.0,1.0,0.25,1.0,0.25
s1_2.0,0.9554580077515719,0.040514967569506205,1.0,-1.0993959743892994,4,79,200,3,2,100,0.0,0,0.3,0.0,0.0,1.0,0.7,2.0,1.0,0.25,1.0,0.25
s1_2.0,0.9645385268625339,0.03706030682736656,1.0,-0.9568585954415286,5,80,200,3,2,100,0.0,0,0.3,0.0,0.0,1.0,0.7,2.0,1.0,0.25,1.0,0.25
s1_2.0,0.9476546184003715,0.03471852995096494,1.0,-1.50770731576363,6,81,200,3,2,100,0.0,0,0.3,0.0,0.0,1.0,0.7,2.0,1.0,0.25,1.0,0.25
s1_2.0,1.0123126859861669,0.043802035643196825,1.0,0.2810984878982268,7,82,200,3,2,100,0.0,0,0.3,0.0,0.0,1.0,0.7,2.0,1.0,0.25,1.0,0.25
s1_2.0,0.9967228792932862,0.03952736826069317,1.0,-0.08290763718698312,8,83,200,3,2,100,0.0,0,0.3,0.0,0.0,1.0,0.7,2.0,1.0,0.25,1.0,0.25
s1_2.0,1.0318518590147232,0.0334134223742873,1.0,0.9532653871228178,9,84,200,3,2,100,0.0,0,0.3,0.0,0.0,1.0,0.7,2.0,1.0,0.25,1.0,0.25
s1_2.0,1.0156575244105501,0.032289636359520944,1.0,0.4849086634552123,10,85,200,3,2,100,0.0,0,0.3,0.0,0.0,1.0,0.7,2.0,1.0,0.25,1.0,0.25
s1_2.0,0.9468389480471274,0.03573334579026534,1.0,-1.4877154875140457,11,86,200,3,2,100,0.0,0,0.3,0.0,0.0,1.0,0.7,2.0,1.0,0.25,1.0,0.25
s1_2.0,0.9681615186102686,0.03648663284216606,1.0,-0.8726067304554631,12,87,200,3,2,100,0.0,0,0.3,0.0,0.0,1.0,0.7,2.0,1.0,0.25,1.0,0.25
s1_2.0,0.9906607719836084,0.039813598804378694,1.0,-0.23457382142918756,13,88,200,3,2,100,0.0,0,0.3,0.0,0.0,1.0,0.7,2.0,1.0,0.25,1.0,0.25
s1_2.0,0.9898299804127619,0.03657365219448114,1.0,-0.2780695658491742,14,89,200,3,2,100,0.0,0,0.3,0.0,0.0,1.0,0.7,2.0,1.0,0.25,1.0,0.25
s1_2.0,0.9234202299630758,0.03599049297453832,1.0,-2.1277777465038055,15,90,200,3,2,100,0.0,0,0.3,0.0,0.0,1.0,0.7,2.0,1.0,0.25,1.0,0.25
s1_2.0,1.0507981574307368,0.0381686790367862,1.0,1.3308859177908292,16,91,200,3,2,100,0.0,0,0.3,0.0,0.0,1.0,0.7,2.0,1.0,0.25,1.0,0.25
s1_2.0,0.9703005252811143,0.037445008038068744,1.0,-0.7931491078514787,17,92,200,3,2,100,0.0,0,0.3,0.0,0.0,1.0,0.7,2.0,1.0,0.25,1.0,0.25
s1_2.0,1.0189447985034017,0.03455458080464147,1.0,0.5482572226967075,18,93,200,3,2,100,0.0,0,0.3,0.0,0.0,1.0,0.7,2.0,1.0,0.25,1.0,0.25
s1_2.0,1.0813536865442082,0.03690965043740999,1.0,2.2041305073361426,19,94,200,3,2,100,0.0,0,0.3,0.0,0.0,1.0,0.7,2.0,1.0,0.25,1.0,0.25
s1_2.0,0.9521178791565605,0.03398060445378295,1.0,-1.4091015040230954,20,95,200,3,2,100,0.0,0,0.3,0.0,0.0,1.0,0.7,2.0,1.0,0.25,1.0,0.25
s1_2.0,1.0032274639698253,0.0347478423717145,1.0,0.09288242807422607,21,96,200,3,2,100,0.0,0,0.3,0.0,0.0,1.0,0.7,2.0,1.0,0.25,1.0,0.25
s1_2.0,0.992392705910947,0.033032740327228846,1.0,-0.23029557989115262,22,97,200,3,2,100,0.0,0,0.3,0.0,0.0,1.0,0.7,2.0,1.0,0.25,1.0,0.25
s1_2.0,1.0209062432803724,0.03448778933851184,1.0,0.6061926171947122,23,98,200,3,2,100,0.0,0,0.3,0.0,0.0,1.0,0.7,2.0,1.0,0.25,1.0,0.25
s1_2.0,1.0432052943669448,0.03597331162009393,1.0,1.2010374475173755,24,99,200,3,2,100,0.0,0,0.3,0.0,0.0,1.0,0.7,2.0,1.0,0.25,1.0,0.25
s1_2.0,1.01231412237467,0.03071952174923319,1.0,0.40085657827590593,25,100,200,3,2,100,0.0,0,0.3,0.0,0.0,1.0,0.7,2.0,1.0,0.25,1.0,0.25
s1_2.0,1.0644609749629148,0.03431855653167071,1.0,1.8783125363512105,26,101,200,3,2,100,0.0,0,0.3,0.0,0.0,1.0,0.7,2.0,1.0,0.25,1.0,0.25
s1_2.0,1.0098077269002468,0.03195100640521017,1.0,0.30696143889375144,27,102,200,3,2,100,0.0,0,0.3,0.0,0.0,1.0,0.7,2.0,1.0,0.25,1.0,0.25
s1_2.0,0.959792757449311,0.035875962919490356,1.0,-1.120729292783541,28,103,200,3,2,100,0.0,0,0.3,0.0,0.0,1.0,0.7,2.0,1.0,0.25,1.0,0.25
s1_2.0,0.9683247121224615,0.032785899045168446,1.0,-0.9661253404672571,29,104,200,3,2,100,0.0,0,0.3,0.0,0.0,1.0,0.7,2.0,1.0,0.25,1.0,0.25
s1_2.0,0.9513453299162544,0.03650786781392007,1.0,-1.3327173838729103,30,105,200,3,2,100,0.0,0,0.3,0.0,0.0,1.0,0.7,2.0,1.0,0.25,1.0,0.25
s1_2.0,0.9694013584572667,0.04090230570887491,1.0,-0.7480908719552709,31,106,200,3,2,100,0.0,0,0.3,0.0,0.0,1.0,0.7,2.0,1.0,0.25,1.0,0.25
s1_2.0,0.9655019868223175,0.0387982626030091,1.0,-0.889163866193507,32,107,200,3,2,100,0.0,0,0.3,0.0,0.0,1.0,0.7,2.0,1.0,0.25,1.0,0.25
s1_2.0,0.9892759175884235,0.03860479612969728,1.0,-0.27779145305023045,33,108,200,3,2,100,0.0,0,0.3,0.0,0.0,1.0,0.7,2.0,1.0,0.25,1.0,0.25
s1_2.0,0.943902258250061,0.036254452439454514,1.0,-1.547333857644742,34,109,200,3,2,100,0.0,0,0.3,0.0,0.0,1.0,0.7,2.0,1.0,0.25,1.0,0.25
s1_2.0,1.0052009128691408,0.02865889627879891,1.0,0.1814763841058427,35,110,200,3,2,100,0.0,0,0.3,0.0,0.0,1.0,0.7,2.0,1.0,0.25,1.0,0.25
s1_2.0,1.0419782048407635,0.03781197562268362,1.0,1.110182796573596,36,111,200,3,2,100,0.0,0,0.3,0.0,0.0,1.0,0.7,2.0,1.0,0.25,1.0,0.25
s1_2.0,0.9845909018098977,0.03790939309845212,1.0,-0.4064717720509075,37,112,200,3,2,100,0.0,0,0.3,0.0,0.0,1.0,0.7,2.0,1.0,0.25,1.0,0.25
s1_2.0,1.0592274281134941,0.03903377162529336,1.0,1.517338080522958,38,113,200,3,2,100,0.0,0,0.3,0.0,0.0,1.0,0.7,2.0,1.0,0.25,1.0,0.25
s1_2.0,0.9702505136086592,0.0312961978997276,1.0,-0.9505782934609996,39,114,200,3,2,100,0.0,0,0.3,0.0,0.0,1.0,0.7,2.0,1.0,0.25,1.0,0.25
s1_2.0,0.9379194028802009,0.04144664572726936,1.0,-1.4978436983370607,40,115,200,3,2,100,0.0,0,0.3,0.0,0.0,1.0,0.7,2.0,1.0,0.25,1.0,0.25
s1_2.0,0.9693667074886477,0.03970875737945034,1.0,-0.7714492855725898,41,116,200,3,2,100,0.0,0,0.3,0.0,0.0,1.0,0.7,2.0,1.0,0.25,1.0,0.25
s1_2.0,1.125708477155599,0.03439286068991501,1.0,3.6550747635965144,42,117,200,3,2,100,0.0,0,0.3,0.0,0.0,1.0,0.7,2.0,1.0,0.25,1.0,0.25
s1_2.0,0.972822663008067,0.029383392495203293,1.0,-0.9249216882077048,43,118,200,3,2,100,0.0,0,0.3,0.0,0.0,1.0,0.7,2.0,1.0,0.25,1.0,0.25
s1_2.0,0.9618284459350034,0.043406270177246194,1.0,-0.8794018446903175,44,119,200,3,2,100,0.0,0,0.3,0.0,0.0,1.0,0.7,2.0,1.0,0.25,1.0,0.25
s1_2.0,1.0445583233570959,0.03399560850098468,1.0,1.310708215615709,45,120,200,3,2,100,0.0,0,0.3,0.0,0.0,1.0,0.7,2.0,1.0,0.25,1.0,0.25
s1_2.0,0.9861700434520234,0.035937329446193114,1.0,-0.38483539987809556,46,121,200,3,2,100,0.0,0,0.3,0.0,0.0,1.0,0.7,2.0,1.0,0.25,1.0,0.25
s1_2.0,0.9975428771019685,0.03631813290073263,1.0,-0.06765554013328406,47,122,200,3,2,100,0.0,0,0.3,0.0,0.0,1.0,0.7,2.0,1.0,0.25,1.0,0.25
s1_2.0,1.0136628141136437,0.04099842319353512,1.0,0.33325218506935433,48,123,200,3,2,100,0.0,0,0.3,0.0,0.0,1.0,0.7,2.0,1.0,0.25,1.0,0.25
s1_2.0,0.8963584780961179,0.051848667082878705,1.0,-1.9989235545479673,49,124,200,3,2,100,0.0,0,0.3,0.0,0.0,1.0,0.7,2.0,1.0,0.25,1.0,0.25
s1_2.0,1.0007673972017759,0.03243496214502273,1.0,0.02365956828759971,50,125,200,3,2,100,0.0,0,0.3,0.0,0.0,1.0,0.7,2.0,1.0,0.25,1.0,0.25
s1_2.0,0.9377686783336225,0.03013255372756981,1.0,-2.065252159807446,51,126,200,3,2,100,0.0,0,0.3,0.0,0.0,1.0,0.7,2.0,1.0,0.25,1.0,0.25
s1_2.0,0.9617771040920355,0.04269344284313778,1.0,-0.8952872704223271,52,127,200,3,2,100,0.0,0,0.3,0.0,0.0,1.0,0.7,2.0,1.0,0.25,1.0,0.25
s1_2.0,0.9520049186175975,0.030546644223498644,1.0,-1.5712063502373617,53,128,200,3,2,100,0.0,0,0.3,0.0,0.0,1.0,0.7,2.0,1.0,0.25,1.0,0.25
s1_2.0,0.9195648517411815,0.039891022571596185,1.0,-2.016372182850262,54,129,200,3,2,100,0.0,0,0.3,0.0,0.0,1.0,0.7,2.0,1.0,0.25,1.0,0.25
s1_2.0,1.029177452345809,0.034508302396213726,1.0,0.8455197827700273,55,130,200,3,2,100,0.0,0,0.3,0.0,0.0,1.0,0.7,2.0,1.0,0.25,1.0,0.25
s1_2.0,0.967405514376815,0.0420595253316447,1.0,-0.7749608528905961,56,131,200,3,2,100,0.0,0,0.3,0.0,0.0,1.0,0.7,2.0,1.0,0.25,1.0,0.25
s1_2.0,1.040851565812877,0.03152675723220356,1.0,1.2957744277977445,57,132,200,3,2,100,0.0,0,0.3,0.0,0.0,1.0,0.7,2.0,1.0,0.25,1.0,0.25
s1_2.0,0.9614487743862271,0.028695864849497186,1.0,-1.3434418448778132,58,133,200,3,2,100,0.0,0,0.3,0.0,0.0,1.0,0.7,2.0,1.0,0.25,1.0,0.25
s1_2.0,0.9746115232539144,0.03555477385476921,1.0,-0.7140666074769603,59,134,200,3,2,100,0.0,0,0.3,0.0,0.0,1.0,0.7,2.0,1.0,0.25,1.0,0.25
s1_2.0,1.0103934366474148,0.04152775173665563,1.0,0.2502768922652923,60,135,200,3,2,100,0.0,0,0.3,0.0,0.0,1.0,0.7,2.0,1.0,0.25,1.0,0.25
s1_2.0,0.9515707503343268,0.032277898324415535,1.0,-1.5003842313066742,61,136,200,3,2,100,0.0,0,0.3,0.0,0.0,1.0,0.7,2.0,1.0,0.25,1.0,0.25
s1_2.0,0.938992834556523,0.035472775777760056,1.0,-1.719830605467472,62,137,200,3,2,100,0.0,0,0.3,0.0,0.0,1.0,0.7,2.0,1.0,0.25,1.0,0.25
s1_2.0,0.9764370849768966,0.031939049935006576,1.0,-0.7377462720729648,63,138,200,3,2,100,0.0,0,0.3,0.0,0.0,1.0,0.7,2.0,1.0,0.25,1.0,0.25
s1_2.0,0.9733958438642367,0.03731695519607784,1.0,-0.7129240849360475,64,139,200,3,2,100,0.0,0,0.3,0.0,0.0,1.0,0.7,2.0,1.0,0.25,1.0,0.25
s1_2.0,1.0037346721241127,0.038125688709095724,1.0,0.09795684354999536,65,140,200,3,2,100,0.0,0,0.3,0.0,0.0,1.0,0.7,2.0,1.0,0.25,1.0,0.25
s1_2.0,0.9724423214507709,0.039810203876326125,1.0,-0.6922265114451415,66,141,200,3,2,100,0.0,0,0.3,0.0,0.0,1.0,0.7,2.0,1.0,0.25,1.0,0.25
s1_2.0,1.018387062400122,0.03702390814732897,1.0,0.4966267290571915,67,142,200,3,2,100,0.0,0,0.3,0.0,0.0,1.0,0.7,2.0,1.0,0.25,1.0,0.25
s1_2.0,1.0276038677554962,0.04040060459567371,1.0,0.6832538282967212,68,143,200,3,2,100,0.0,0,0.3,0.0,0.0,1.0,0.7,2.0,1.0,0.25,1.0,0.25
s1_2.0,1.0137306040200815,0.03414096929476267,1.0,0.40217381942310126,69,144,200,3,2,100,0.0,0,0.3,0.0,0.0,1.0,0.7,2.0,1.0,0.25,1.0,0.25
s1_2.0,0.982171093923519,0.0395959923377373,1.0,-0.4502704699103861,70,145,200,3,2,100,0.0,0,0.3,0.0,0.0,1.0,0.7,2.0,1.0,0.25,1.0,0.25
s1_2.0,0.9635326717765725,0.040219410920364865,1.0,-0.9067096555847973,71,146,200,3,2,100,0.0,0,0.3,0.0,0.0,1.0,0.7,2.0,1.0,0.25,1.0,0.25
s1_2.0,0.9993318924662141,0.037136255056751374,1.0,-0.017990708345924495,72,147,200,3,2,100,0.0,0,0.3,0.0,0.0,1.0,0.7,2.0,1.0,0.25,1.0,0.25
s1_2.0,1.0145864726981668,0.04448640274598536,1.0,0.3278860909805337,73,148,200,3,2,100,0.0,0,0.3,0.0,0.0,1.0,0.7,2.0,1.0,0.25,1.0,0.25
s1_2.0,0.9827401648365206,0.03654193853874618,1.0,-0.47232948917525086,74,149,200,3,2,100,0.0,0,0.3,0.0,0.0,1.0,0.7,2.0,1.0,0.25,1.0,0.25
s1_2.0,1.0180158547324385,0.03238487142333693,1.0,0.556304655248872,75,150,200,3,2,100,0.0,0,0.3,0.0,0.0,1.0,0.7,2.0,1.0,0.25,1.0,0.25
s1_2.0,0.9377579160558919,0.03703717197855886,1.0,-1.680530143611953,76,151,200,3,2,100,0.0,0,0.3,0.0,0.0,1.0,0.7,2.0,1.0,0.25,1.0,0.25
s1_2.0,1.0096899904003718,0.04089320861224529,1.0,0.23695842730888445,77,152,200,3,2,100,0.0,0,0.3,0.0,0.0,1.0,0.7,2.0,1.0,0.25,1.0,0.25
s1_2.0,0.9619471366116225,0.03657975241060776,1.0,-1.0402712123700049,78,153,200,3,2,100,0.0,0,0.3,0.0,0.0,1.0,0.7,2.0,1.0,0.25,1.0,0.25
s1_2.0,0.9998783244896247,0.044713495657314764,1.0,-0.0027212256296815776,79,154,200,3,2,100,0.0,0,0.3,0.0,0.0,1.0,0.7,2.0,1.0,0.25,1.0,0.25
s1_2.0,0.9732227127425944,0.034923179793077734,1.0,-0.7667482576346961,80,155,200,3,2,100,0.0,0,0.3,0.0,0.0,1.0,0.7,2.0,1.0,0.25,1.0,0.25
s1_2.0,0.8942032884985166,0.04409026325882713,1.0,-2.3995481923166397,81,156,200,3,2,100,0.0,0,0.3,0.0,0.0,1.0,0.7,2.0,1.0,0.25,1.0,0.25
s1_2.0,0.9644453649128785,0.039161091933284764,1.0,-0.9079071428266804,82,157,200,3,2,100,0.0,0,0.3,0.0,0.0,1.0,0.7,2.0,1.0,0.25,1.0,0.25
s1_2.0,0.9631981023641265,0.03242834170493645,1.0,-1.1348683189147248,83,158,200,3,2,100,0.0,0,0.3,0.0,0.0,1.0,0.7,2.0,1.0,0.25,1.0,0.25
s1_2.0,0.9767931369669653,0.03890623948373194,1.0,-0.5964817813538175,84,159,200,3,2,100,0.0,0,0.3,0.0,0.0,1.0,0.7,2.0,1.0,0.25,1.0,0.25
s1_2.0,1.0745618470792266,0.04559874599503897,1.0,1.6351731928623383,85,160,200,3,2,100,0.0,0,0.3,0.0,0.0,1.0,0.7,2.0,1.0,0.25,1.0,0.25
s1_2.0,0.9547939113700493,0.03243556439731447,1.0,-1.3937198094106096,86,161,200,3,2,100,0.0,0,0.3,0.0,0.0,1.0,0.7,2.0,1.0,0.25,1.0,0.25
s1_2.0,1.160670045951078,0.035833363404954285,1.0,4.483811472993457,87,162,200,3,2,100,0.0,0,0.3,0.0,0.0,1.0,0.7,2.0,1.0,0.25,1.0,0.25
s1_2.0,1.0212402294715726,0.03967825269074103,1.0,0.5353116135713555,88,163,200,3,2,100,0.0,0,0.3,0.0,0.0,1.0,0.7,2.0,1.0,0.25,1.0,0.25
s1_2.0,0.9647038483334484,0.03858414204750636,1.0,-0.9147838929032966,89,164,200,3,2,100,0.0,0,0.3,0.0,0.0,1.0,0.7,2.0,1.0,0.25,1.0,0.25
s1_2.0,0.9889683104566231,0.04218704191397818,1.0,-0.26149473968502246,90,165,200,3,2,100,0.0,0,0.3,0.0,0.0,1.0,0.7,2.0,1.0,0.25,1.0,0.25
s1_2.0,0.9084324188975406,0.039455478283235666,1.0,-2.3207824385027367,91,166,200,3,2,100,0.0,0,0.3,0.0,0.0,1.0,0.7,2.0,1.0,0.25,1.0,0.25
s1_2.0,1.0275570226152975,0.04144494854223433,1.0,0.6649066673883206,92,167,200,3,2,100,0.0,0,0.3,0.0,0.0,1.0,0.7,2.0,1.0,0.25,1.0,0.25
s1_2.0,0.9601003375322525,0.03293424675505652,1.0,-1.2114946112019858,93,168,200,3,2,100,0.0,0,0.3,0.0,0.0,1.0,0.7,2.0,1.0,0.25,1.0,0.25
s1_2.0,1.0211874834441572,0.04040431572952927,1.0,0.5243866419119299,94,169,200,3,2,100,0.0,0,0.3,0.0,0.0,1.0,0.7,2.0,1.0,0.25,1.0,0.25
s1_2.0,0.9949056781152908,0.03308544046137473,1.0,-0.1539747337097255,95,170,200,3,2,100,0.0,0,0.3,0.0,0.0,1.0,0.7,2.0,1.0,0.25,1.0,0.25
s1_2.0,0.9923708235165686,0.03782685648641109,1.0,-0.20168676945630215,96,171,200,3,2,100,0.0,0,0.3,0.0,0.0,1.0,0.7,2.0,1.0,0.25,1.0,0.25
s1_2.0,0.9926885903504522,0.044826346260916444,1.0,-0.16310518834149385,97,172,200,3,2,100,0.0,0,0.3,0.0,0.0,1.0,0.7,2.0,1.0,0.25,1.0,0.25
s1_2.0,1.009713377714334,0.037778277842465575,1.0,0.25711541841156504,98,173,200,3,2,100,0.0,0,0.3,0.0,0.0,1.0,0.7,2.0,1.0,0.25,1.0,0.25
s1_2.0,1.0405258160863757,0.03412289756645249,1.0,1.1876428725741683,99,174,200,3,2,100,0.0,0,0.3,0.0,0.0,1.0,0.7,2.0,1.0,0.25,1.0,0.25
